$GPGGA,222743.00,3725.684193,N,12204.196268,W,7,,0.38,-25.18,M,0.0,M,0.0,0000*79
$GPRMC,222743.00,A,3725.684193,N,12204.196268,W,000.0,000.0,080720,,,A*46
$GPGGA,222744.00,3725.684193,N,12204.196268,W,7,,0.38,-25.19,M,0.0,M,0.0,0000*7F
$GPRMC,222744.00,A,3725.684193,N,12204.196268,W,000.0,000.0,080720,,,A*41
$GPGGA,222745.00,3725.684193,N,12204.196268,W,7,,0.38,-25.19,M,0.0,M,0.0,0000*7E
$GPRMC,222745.00,A,3725.684193,N,12204.196268,W,000.0,000.0,080720,,,A*40
$GPGGA,222746.00,3725.684193,N,12204.196268,W,7,,0.38,-25.19,M,0.0,M,0.0,0000*7D
$GPRMC,222746.00,A,3725.684193,N,12204.196268,W,000.0,000.0,080720,,,A*43
$GPGGA,222747.00,3725.684193,N,12204.196268,W,7,,0.38,-25.19,M,0.0,M,0.0,0000*7C
$GPRMC,222747.00,A,3725.684193,N,12204.196268,W,000.0,000.0,080720,,,A*42
$GPGGA,222748.00,3725.684188,N,12204.196268,W,7,,0.38,-25.20,M,0.0,M,0.0,0000*73
$GPRMC,222748.00,A,3725.684188,N,12204.196268,W,000.0,000.0,080720,,,A*47
$GPGGA,222749.00,3725.684188,N,12204.196268,W,7,,0.38,-25.20,M,0.0,M,0.0,0000*72
$GPRMC,222749.00,A,3725.684188,N,12204.196268,W,000.0,000.0,080720,,,A*46
$GPGGA,222750.00,3725.684188,N,12204.196268,W,7,,0.38,-25.20,M,0.0,M,0.0,0000*7A
$GPRMC,222750.00,A,3725.684188,N,12204.196268,W,000.0,000.0,080720,,,A*4E
$GPGGA,222751.00,3725.684193,N,12204.196268,W,7,,0.38,-25.20,M,0.0,M,0.0,0000*71
$GPRMC,222751.00,A,3725.684193,N,12204.196268,W,000.0,000.0,080720,,,A*45
$GPGGA,222752.00,3725.684193,N,12204.196261,W,7,,0.38,-25.21,M,0.0,M,0.0,0000*7A
$GPRMC,222752.00,A,3725.684193,N,12204.196261,W,000.0,000.0,080720,,,A*4F
$GPGGA,222753.00,3725.684193,N,12204.196261,W,7,,0.38,-25.22,M,0.0,M,0.0,0000*78
$GPRMC,222753.00,A,3725.684193,N,12204.196261,W,000.0,000.0,080720,,,A*4E
$GPGGA,222754.00,3725.684193,N,12204.196261,W,7,,0.38,-25.22,M,0.0,M,0.0,0000*7F
$GPRMC,222754.00,A,3725.684193,N,12204.196261,W,000.0,000.0,080720,,,A*49
$GPGGA,222755.00,3725.684188,N,12204.196261,W,7,,0.38,-25.23,M,0.0,M,0.0,0000*75
$GPRMC,222755.00,A,3725.684188,N,12204.196261,W,000.0,000.0,080720,,,A*42
$GPGGA,222756.00,3725.684193,N,12204.196261,W,7,,0.38,-25.23,M,0.0,M,0.0,0000*7C
$GPRMC,222756.00,A,3725.684193,N,12204.196261,W,000.0,000.0,080720,,,A*4B
$GPGGA,222757.00,3725.684157,N,12204.196087,W,7,,0.38,-25.51,M,0.0,M,0.0,0000*7A
$GPRMC,222757.00,A,3725.684157,N,12204.196087,W,000.0,000.0,080720,,,A*48
$GPGGA,222758.00,3725.684074,N,12204.196435,W,7,,0.38,-25.62,M,0.0,M,0.0,0000*78
$GPRMC,222758.00,A,3725.684074,N,12204.196435,W,000.0,000.0,080720,,,A*4A
$GPGGA,222759.00,3725.684290,N,12204.196556,W,7,,0.38,-25.98,M,0.0,M,0.0,0000*70
$GPRMC,222759.00,A,3725.684290,N,12204.196556,W,000.0,000.0,080720,,,A*47
$GPGGA,222800.00,3725.684493,N,12204.196561,W,7,,0.38,-26.53,M,0.0,M,0.0,0000*76
$GPRMC,222800.00,A,3725.684493,N,12204.196561,W,000.0,000.0,080720,,,A*45
$GPGGA,222801.00,3725.684631,N,12204.196790,W,7,,0.38,-27.07,M,0.0,M,0.0,0000*71
$GPRMC,222801.00,A,3725.684631,N,12204.196790,W,000.0,000.0,080720,,,A*42
$GPGGA,222802.00,3725.684895,N,12204.197137,W,7,,0.38,-27.78,M,0.0,M,0.0,0000*70
$GPRMC,222802.00,A,3725.684895,N,12204.197137,W,000.0,000.0,080720,,,A*4B
$GPGGA,222803.00,3725.684872,N,12204.197030,W,7,,0.38,-27.97,M,0.0,M,0.0,0000*7F
$GPRMC,222803.00,A,3725.684872,N,12204.197030,W,000.0,000.0,080720,,,A*45
$GPGGA,222804.00,3725.684937,N,12204.196321,W,7,,0.38,-27.98,M,0.0,M,0.0,0000*75
$GPRMC,222804.00,A,3725.684937,N,12204.196321,W,000.3,126.3,080720,,,A*45
$GPGGA,222805.00,3725.684944,N,12204.196117,W,7,,0.38,-27.95,M,0.0,M,0.0,0000*7A
$GPRMC,222805.00,A,3725.684944,N,12204.196117,W,000.0,000.0,080720,,,A*42
$GPGGA,222806.00,3725.684650,N,12204.195914,W,7,,0.38,-28.21,M,0.0,M,0.0,0000*7B
$GPRMC,222806.00,A,3725.684650,N,12204.195914,W,000.0,000.0,080720,,,A*43
$GPGGA,222807.00,3725.684739,N,12204.195847,W,7,,0.38,-28.69,M,0.0,M,0.0,0000*7F
$GPRMC,222807.00,A,3725.684739,N,12204.195847,W,000.0,000.0,080720,,,A*4B
$GPGGA,222808.00,3725.684493,N,12204.195812,W,7,,0.38,-28.57,M,0.0,M,0.0,0000*7E
$GPRMC,222808.00,A,3725.684493,N,12204.195812,W,000.0,000.0,080720,,,A*47
$GPGGA,222809.00,3725.684554,N,12204.195871,W,7,,0.38,-28.76,M,0.0,M,0.0,0000*73
$GPRMC,222809.00,A,3725.684554,N,12204.195871,W,000.0,000.0,080720,,,A*49
$GPGGA,222810.00,3725.684440,N,12204.195745,W,7,,0.38,-28.54,M,0.0,M,0.0,0000*77
$GPRMC,222810.00,A,3725.684440,N,12204.195745,W,000.0,000.0,080720,,,A*4D
$GPGGA,222811.00,3725.684487,N,12204.195770,W,7,,0.38,-28.29,M,0.0,M,0.0,0000*71
$GPRMC,222811.00,A,3725.684487,N,12204.195770,W,000.0,000.0,080720,,,A*41
$GPGGA,222812.00,3725.684487,N,12204.195745,W,7,,0.38,-28.19,M,0.0,M,0.0,0000*77
$GPRMC,222812.00,A,3725.684487,N,12204.195745,W,000.0,000.0,080720,,,A*44
$GPGGA,222813.00,3725.684548,N,12204.195770,W,7,,0.38,-28.27,M,0.0,M,0.0,0000*7F
$GPRMC,222813.00,A,3725.684548,N,12204.195770,W,000.0,000.0,080720,,,A*41
$GPGGA,222814.00,3725.684548,N,12204.195854,W,7,,0.38,-28.27,M,0.0,M,0.0,0000*71
$GPRMC,222814.00,A,3725.684548,N,12204.195854,W,000.0,000.0,080720,,,A*4F
$GPGGA,222815.00,3725.684529,N,12204.195836,W,7,,0.38,-28.30,M,0.0,M,0.0,0000*75
$GPRMC,222815.00,A,3725.684529,N,12204.195836,W,000.0,000.0,080720,,,A*4D
$GPGGA,222816.00,3725.684565,N,12204.195842,W,7,,0.38,-28.36,M,0.0,M,0.0,0000*7B
$GPRMC,222816.00,A,3725.684565,N,12204.195842,W,000.0,000.0,080720,,,A*45
$GPGGA,222817.00,3725.684565,N,12204.195836,W,7,,0.38,-28.34,M,0.0,M,0.0,0000*7B
$GPRMC,222817.00,A,3725.684565,N,12204.195836,W,000.0,000.0,080720,,,A*47
$GPGGA,222818.00,3725.684571,N,12204.195829,W,7,,0.38,-28.35,M,0.0,M,0.0,0000*7E
$GPRMC,222818.00,A,3725.684571,N,12204.195829,W,000.0,000.0,080720,,,A*43
$GPGGA,222819.00,3725.684518,N,12204.195722,W,7,,0.38,-28.61,M,0.0,M,0.0,0000*75
$GPRMC,222819.00,A,3725.684518,N,12204.195722,W,000.0,000.0,080720,,,A*49
$GPGGA,222820.00,3725.684529,N,12204.195571,W,7,,0.38,-28.90,M,0.0,M,0.0,0000*77
$GPRMC,222820.00,A,3725.684529,N,12204.195571,W,000.8,009.4,080720,,,A*40
$GPGGA,222821.00,3725.684529,N,12204.195464,W,7,,0.38,-29.15,M,0.0,M,0.0,0000*7F
$GPRMC,222821.00,A,3725.684529,N,12204.195464,W,000.0,000.0,080720,,,A*41
$GPGGA,222822.00,3725.684559,N,12204.195373,W,7,,0.38,-29.34,M,0.0,M,0.0,0000*79
$GPRMC,222822.00,A,3725.684559,N,12204.195373,W,000.0,000.0,080720,,,A*44
$GPGGA,222823.00,3725.684571,N,12204.195338,W,7,,0.38,-29.32,M,0.0,M,0.0,0000*7B
$GPRMC,222823.00,A,3725.684571,N,12204.195338,W,000.0,000.0,080720,,,A*40
$GPGGA,222824.00,3725.684775,N,12204.195248,W,7,,0.38,-29.48,M,0.0,M,0.0,0000*71
$GPRMC,222824.00,A,3725.684775,N,12204.195248,W,000.0,000.0,080720,,,A*47
$GPGGA,222825.00,3725.684884,N,12204.195127,W,7,,0.38,-29.53,M,0.0,M,0.0,0000*71
$GPRMC,222825.00,A,3725.684884,N,12204.195127,W,000.0,000.0,080720,,,A*4D
$GPGGA,222826.00,3725.684865,N,12204.195115,W,7,,0.38,-29.78,M,0.0,M,0.0,0000*75
$GPRMC,222826.00,A,3725.684865,N,12204.195115,W,000.0,000.0,080720,,,A*40
$GPGGA,222827.00,3725.685058,N,12204.195097,W,7,,0.38,-30.02,M,0.0,M,0.0,0000*7D
$GPRMC,222827.00,A,3725.685058,N,12204.195097,W,000.0,000.0,080720,,,A*4D
$GPGGA,222828.00,3725.685579,N,12204.195253,W,7,,0.38,-30.88,M,0.0,M,0.0,0000*7C
$GPRMC,222828.00,A,3725.685579,N,12204.195253,W,000.0,000.0,080720,,,A*4E
$GPGGA,222829.00,3725.685765,N,12204.195427,W,7,,0.38,-31.29,M,0.0,M,0.0,0000*7D
$GPRMC,222829.00,A,3725.685765,N,12204.195427,W,000.0,000.0,080720,,,A*45
$GPGGA,222830.00,3725.685676,N,12204.195410,W,7,,0.38,-31.34,M,0.0,M,0.0,0000*7E
$GPRMC,222830.00,A,3725.685676,N,12204.195410,W,000.0,000.0,080720,,,A*4A
$GPGGA,222831.00,3725.685621,N,12204.195392,W,7,,0.38,-31.99,M,0.0,M,0.0,0000*77
$GPRMC,222831.00,A,3725.685621,N,12204.195392,W,000.0,000.0,080720,,,A*44
$GPGGA,222832.00,3725.685447,N,12204.195380,W,7,,0.38,-31.49,M,0.0,M,0.0,0000*78
$GPRMC,222832.00,A,3725.685447,N,12204.195380,W,000.0,000.0,080720,,,A*46
$GPGGA,222833.00,3725.685105,N,12204.195422,W,7,,0.38,-31.69,M,0.0,M,0.0,0000*77
$GPRMC,222833.00,A,3725.685105,N,12204.195422,W,000.0,000.0,080720,,,A*4B
$GPGGA,222834.00,3725.685009,N,12204.195392,W,7,,0.38,-31.77,M,0.0,M,0.0,0000*7E
$GPRMC,222834.00,A,3725.685009,N,12204.195392,W,000.0,000.0,080720,,,A*4D
$GPGGA,222835.00,3725.684878,N,12204.195373,W,7,,0.38,-31.90,M,0.0,M,0.0,0000*76
$GPRMC,222835.00,A,3725.684878,N,12204.195373,W,000.0,000.0,080720,,,A*4C
$GPGGA,222836.00,3725.684830,N,12204.195403,W,7,,0.38,-32.18,M,0.0,M,0.0,0000*7A
$GPRMC,222836.00,A,3725.684830,N,12204.195403,W,000.0,000.0,080720,,,A*43
$GPGGA,222837.00,3725.684901,N,12204.195434,W,7,,0.38,-32.31,M,0.0,M,0.0,0000*77
$GPRMC,222837.00,A,3725.684901,N,12204.195434,W,000.0,000.0,080720,,,A*45
$GPGGA,222838.00,3725.684920,N,12204.195452,W,7,,0.38,-32.44,M,0.0,M,0.0,0000*79
$GPRMC,222838.00,A,3725.684920,N,12204.195452,W,000.0,000.0,080720,,,A*49
$GPGGA,222839.00,3725.684992,N,12204.195475,W,7,,0.38,-32.36,M,0.0,M,0.0,0000*71
$GPRMC,222839.00,A,3725.684992,N,12204.195475,W,000.0,000.0,080720,,,A*44
$GPGGA,222840.00,3725.685147,N,12204.195601,W,7,,0.38,-32.71,M,0.0,M,0.0,0000*7C
$GPRMC,222840.00,A,3725.685147,N,12204.195601,W,000.9,000.6,080720,,,A*45
$GPGGA,222841.00,3725.685430,N,12204.195643,W,7,,0.38,-32.65,M,0.0,M,0.0,0000*7B
$GPRMC,222841.00,A,3725.685430,N,12204.195643,W,000.0,000.0,080720,,,A*48
$GPGGA,222842.00,3725.685399,N,12204.195643,W,7,,0.38,-32.89,M,0.0,M,0.0,0000*7E
$GPRMC,222842.00,A,3725.685399,N,12204.195643,W,000.0,000.0,080720,,,A*4F
$GPGGA,222843.00,3725.685490,N,12204.195727,W,7,,0.38,-33.01,M,0.0,M,0.0,0000*73
$GPRMC,222843.00,A,3725.685490,N,12204.195727,W,000.0,000.0,080720,,,A*43
$GPGGA,222844.00,3725.685549,N,12204.195799,W,7,,0.38,-33.27,M,0.0,M,0.0,0000*70
$GPRMC,222844.00,A,3725.685549,N,12204.195799,W,000.0,000.0,080720,,,A*44
$GPGGA,222845.00,3725.685712,N,12204.195752,W,7,,0.38,-33.20,M,0.0,M,0.0,0000*7D
$GPRMC,222845.00,A,3725.685712,N,12204.195752,W,000.0,000.0,080720,,,A*4E
$GPGGA,222846.00,3725.685915,N,12204.195680,W,7,,0.38,-32.78,M,0.0,M,0.0,0000*75
$GPRMC,222846.00,A,3725.685915,N,12204.195680,W,000.0,000.0,080720,,,A*4A
$GPGGA,222847.00,3725.686131,N,12204.195631,W,7,,0.38,-32.94,M,0.0,M,0.0,0000*71
$GPRMC,222847.00,A,3725.686131,N,12204.195631,W,000.0,000.0,080720,,,A*4C
$GPGGA,222848.00,3725.686209,N,12204.195589,W,7,,0.38,-33.01,M,0.0,M,0.0,0000*7B
$GPRMC,222848.00,A,3725.686209,N,12204.195589,W,000.0,000.0,080720,,,A*4B
$GPGGA,222849.00,3725.686203,N,12204.195631,W,7,,0.38,-33.25,M,0.0,M,0.0,0000*76
$GPRMC,222849.00,A,3725.686203,N,12204.195631,W,000.0,000.0,080720,,,A*40
$GPGGA,222850.00,3725.686203,N,12204.195698,W,7,,0.38,-33.48,M,0.0,M,0.0,0000*76
$GPRMC,222850.00,A,3725.686203,N,12204.195698,W,000.0,000.0,080720,,,A*4B
$GPGGA,222851.00,3725.686216,N,12204.195727,W,7,,0.38,-33.63,M,0.0,M,0.0,0000*7F
$GPRMC,222851.00,A,3725.686216,N,12204.195727,W,000.0,000.0,080720,,,A*4B
$GPGGA,222852.00,3725.686197,N,12204.195745,W,7,,0.38,-33.58,M,0.0,M,0.0,0000*7A
$GPRMC,222852.00,A,3725.686197,N,12204.195745,W,000.0,000.0,080720,,,A*46
$GPGGA,222853.00,3725.686192,N,12204.195727,W,7,,0.38,-33.50,M,0.0,M,0.0,0000*72
$GPRMC,222853.00,A,3725.686192,N,12204.195727,W,000.0,000.0,080720,,,A*46
$GPGGA,222854.00,3725.686173,N,12204.195745,W,7,,0.38,-33.75,M,0.0,M,0.0,0000*79
$GPRMC,222854.00,A,3725.686173,N,12204.195745,W,000.0,000.0,080720,,,A*4A
$GPGGA,222855.00,3725.686186,N,12204.195775,W,7,,0.38,-34.03,M,0.0,M,0.0,0000*77
$GPRMC,222855.00,A,3725.686186,N,12204.195775,W,000.0,000.0,080720,,,A*42
$GPGGA,222856.00,3725.686095,N,12204.195812,W,7,,0.38,-33.74,M,0.0,M,0.0,0000*7E
$GPRMC,222856.00,A,3725.686095,N,12204.195812,W,000.0,000.0,080720,,,A*4C
$GPGGA,222857.00,3725.686042,N,12204.195842,W,7,,0.38,-33.67,M,0.0,M,0.0,0000*72
$GPRMC,222857.00,A,3725.686042,N,12204.195842,W,000.0,000.0,080720,,,A*42
$GPGGA,222858.00,3725.686048,N,12204.195866,W,7,,0.38,-33.74,M,0.0,M,0.0,0000*73
$GPRMC,222858.00,A,3725.686048,N,12204.195866,W,000.0,000.0,080720,,,A*41
$GPGGA,222859.00,3725.686048,N,12204.195871,W,7,,0.38,-33.76,M,0.0,M,0.0,0000*76
$GPRMC,222859.00,A,3725.686048,N,12204.195871,W,000.0,000.0,080720,,,A*46
$GPGGA,222900.00,3725.686048,N,12204.195871,W,7,,0.38,-33.77,M,0.0,M,0.0,0000*7A
$GPRMC,222900.00,A,3725.686048,N,12204.195871,W,000.0,000.0,080720,,,A*4B
$GPGGA,222901.00,3725.686048,N,12204.195871,W,7,,0.38,-33.77,M,0.0,M,0.0,0000*7B
$GPRMC,222901.00,A,3725.686048,N,12204.195871,W,000.0,000.0,080720,,,A*4A
$GPGGA,222902.00,3725.686042,N,12204.195871,W,7,,0.38,-33.77,M,0.0,M,0.0,0000*72
$GPRMC,222902.00,A,3725.686042,N,12204.195871,W,000.0,000.0,080720,,,A*43
$GPGGA,222903.00,3725.686042,N,12204.195871,W,7,,0.38,-33.77,M,0.0,M,0.0,0000*73
$GPRMC,222903.00,A,3725.686042,N,12204.195871,W,000.0,000.0,080720,,,A*42
$GPGGA,222904.00,3725.686042,N,12204.195871,W,7,,0.38,-33.77,M,0.0,M,0.0,0000*74
$GPRMC,222904.00,A,3725.686042,N,12204.195871,W,000.0,000.0,080720,,,A*45
$GPGGA,222905.00,3725.686012,N,12204.195703,W,7,,0.38,-34.01,M,0.0,M,0.0,0000*7C
$GPRMC,222905.00,A,3725.686012,N,12204.195703,W,000.3,000.2,080720,,,A*4A
$GPGGA,222906.00,3725.685718,N,12204.195583,W,7,,0.38,-34.15,M,0.0,M,0.0,0000*7E
$GPRMC,222906.00,A,3725.685718,N,12204.195583,W,000.0,000.0,080720,,,A*4C
$GPGGA,222907.00,3725.685754,N,12204.195583,W,7,,0.38,-34.65,M,0.0,M,0.0,0000*70
$GPRMC,222907.00,A,3725.685754,N,12204.195583,W,000.0,000.0,080720,,,A*45
$GPGGA,222908.00,3725.685843,N,12204.195499,W,7,,0.38,-34.77,M,0.0,M,0.0,0000*7F
$GPRMC,222908.00,A,3725.685843,N,12204.195499,W,000.0,000.0,080720,,,A*49
$GPGGA,222909.00,3725.685964,N,12204.195392,W,7,,0.38,-34.97,M,0.0,M,0.0,0000*78
$GPRMC,222909.00,A,3725.685964,N,12204.195392,W,000.0,000.0,080720,,,A*40
$GPGGA,222910.00,3725.685981,N,12204.195338,W,7,,0.38,-35.44,M,0.0,M,0.0,0000*74
$GPRMC,222910.00,A,3725.685981,N,12204.195338,W,000.0,000.0,080720,,,A*43
$GPGGA,222911.00,3725.685693,N,12204.195271,W,7,,0.38,-35.77,M,0.0,M,0.0,0000*75
$GPRMC,222911.00,A,3725.685693,N,12204.195271,W,000.0,000.0,080720,,,A*42
$GPGGA,222912.00,3725.685687,N,12204.195343,W,7,,0.38,-35.86,M,0.0,M,0.0,0000*7D
$GPRMC,222912.00,A,3725.685687,N,12204.195343,W,000.0,000.0,080720,,,A*44
$GPGGA,222913.00,3725.685676,N,12204.195380,W,7,,0.38,-36.47,M,0.0,M,0.0,0000*73
$GPRMC,222913.00,A,3725.685676,N,12204.195380,W,000.0,000.0,080720,,,A*44
$GPGGA,222914.00,3725.685646,N,12204.195325,W,7,,0.38,-36.44,M,0.0,M,0.0,0000*7B
$GPRMC,222914.00,A,3725.685646,N,12204.195325,W,000.0,000.0,080720,,,A*4F
$GPGGA,222915.00,3725.685615,N,12204.195278,W,7,,0.38,-36.29,M,0.0,M,0.0,0000*7E
$GPRMC,222915.00,A,3725.685615,N,12204.195278,W,000.0,000.0,080720,,,A*41
$GPGGA,222916.00,3725.685538,N,12204.195248,W,7,,0.38,-36.22,M,0.0,M,0.0,0000*79
$GPRMC,222916.00,A,3725.685538,N,12204.195248,W,000.0,000.0,080720,,,A*4D
$GPGGA,222917.00,3725.685496,N,12204.195236,W,7,,0.38,-36.19,M,0.0,M,0.0,0000*7C
$GPRMC,222917.00,A,3725.685496,N,12204.195236,W,000.0,000.0,080720,,,A*40
$GPGGA,222918.00,3725.685460,N,12204.195194,W,7,,0.38,-36.21,M,0.0,M,0.0,0000*7A
$GPRMC,222918.00,A,3725.685460,N,12204.195194,W,000.0,000.0,080720,,,A*4D
$GPGGA,222919.00,3725.685447,N,12204.195176,W,7,,0.38,-36.21,M,0.0,M,0.0,0000*72
$GPRMC,222919.00,A,3725.685447,N,12204.195176,W,000.0,000.0,080720,,,A*45
$GPGGA,222920.00,3725.685447,N,12204.195176,W,7,,0.38,-36.24,M,0.0,M,0.0,0000*7D
$GPRMC,222920.00,A,3725.685447,N,12204.195176,W,000.0,000.0,080720,,,A*4F
$GPGGA,222921.00,3725.685447,N,12204.195169,W,7,,0.38,-36.27,M,0.0,M,0.0,0000*71
$GPRMC,222921.00,A,3725.685447,N,12204.195169,W,000.0,000.0,080720,,,A*40
$GPGGA,222922.00,3725.685447,N,12204.195169,W,7,,0.38,-36.27,M,0.0,M,0.0,0000*72
$GPRMC,222922.00,A,3725.685447,N,12204.195169,W,000.0,000.0,080720,,,A*43
$GPGGA,222923.00,3725.685447,N,12204.195169,W,7,,0.38,-36.27,M,0.0,M,0.0,0000*73
$GPRMC,222923.00,A,3725.685447,N,12204.195169,W,000.0,000.0,080720,,,A*42
$GPGGA,222924.00,3725.685447,N,12204.195169,W,7,,0.38,-36.27,M,0.0,M,0.0,0000*74
$GPRMC,222924.00,A,3725.685447,N,12204.195169,W,000.0,000.0,080720,,,A*45
$GPGGA,222925.00,3725.685399,N,12204.195134,W,7,,0.38,-36.08,M,0.0,M,0.0,0000*74
$GPRMC,222925.00,A,3725.685399,N,12204.195134,W,000.0,000.0,080720,,,A*48
$GPGGA,222926.00,3725.685280,N,12204.195085,W,7,,0.38,-36.17,M,0.0,M,0.0,0000*7B
$GPRMC,222926.00,A,3725.685280,N,12204.195085,W,000.0,000.0,080720,,,A*49
$GPGGA,222927.00,3725.685202,N,12204.194971,W,7,,0.38,-36.23,M,0.0,M,0.0,0000*74
$GPRMC,222927.00,A,3725.685202,N,12204.194971,W,000.0,000.0,080720,,,A*41
$GPGGA,222928.00,3725.685153,N,12204.194929,W,7,,0.38,-36.26,M,0.0,M,0.0,0000*74
$GPRMC,222928.00,A,3725.685153,N,12204.194929,W,000.0,000.0,080720,,,A*44
$GPGGA,222929.00,3725.685177,N,12204.194923,W,7,,0.38,-36.59,M,0.0,M,0.0,0000*71
$GPRMC,222929.00,A,3725.685177,N,12204.194923,W,000.0,000.0,080720,,,A*49
$GPGGA,222930.00,3725.685069,N,12204.194960,W,7,,0.38,-36.68,M,0.0,M,0.0,0000*72
$GPRMC,222930.00,A,3725.685069,N,12204.194960,W,000.0,000.0,080720,,,A*48
$GPGGA,222931.00,3725.685003,N,12204.194971,W,7,,0.38,-36.73,M,0.0,M,0.0,0000*75
$GPRMC,222931.00,A,3725.685003,N,12204.194971,W,000.0,000.0,080720,,,A*45
$GPGGA,222932.00,3725.684997,N,12204.194978,W,7,,0.38,-36.88,M,0.0,M,0.0,0000*7E
$GPRMC,222932.00,A,3725.684997,N,12204.194978,W,000.0,000.0,080720,,,A*4A
$GPGGA,222933.00,3725.685124,N,12204.194960,W,7,,0.38,-36.71,M,0.0,M,0.0,0000*71
$GPRMC,222933.00,A,3725.685124,N,12204.194960,W,000.0,000.0,080720,,,A*43
$GPGGA,222934.00,3725.685202,N,12204.194941,W,7,,0.38,-36.85,M,0.0,M,0.0,0000*79
$GPRMC,222934.00,A,3725.685202,N,12204.194941,W,000.0,000.0,080720,,,A*40
$GPGGA,222935.00,3725.685369,N,12204.195043,W,7,,0.38,-36.79,M,0.0,M,0.0,0000*7D
$GPRMC,222935.00,A,3725.685369,N,12204.195043,W,000.8,330.8,080720,,,A*47
$GPGGA,222936.00,3725.685748,N,12204.195415,W,7,,0.38,-36.61,M,0.0,M,0.0,0000*77
$GPRMC,222936.00,A,3725.685748,N,12204.195415,W,002.2,327.6,080720,,,A*44
$GPGGA,222937.00,3725.686546,N,12204.195998,W,7,,0.38,-35.70,M,0.0,M,0.0,0000*72
$GPRMC,222937.00,A,3725.686546,N,12204.195998,W,003.4,330.6,080720,,,A*43
$GPGGA,222938.00,3725.687788,N,12204.196333,W,7,,0.38,-35.31,M,0.0,M,0.0,0000*71
$GPRMC,222938.00,A,3725.687788,N,12204.196333,W,004.9,346.4,080720,,,A*4C
$GPGGA,222939.00,3725.689497,N,12204.196591,W,7,,0.38,-35.33,M,0.0,M,0.0,0000*7F
$GPRMC,222939.00,A,3725.689497,N,12204.196591,W,006.8,354.5,080720,,,A*41
$GPGGA,222940.00,3725.691742,N,12204.196681,W,7,,0.38,-34.87,M,0.0,M,0.0,0000*7F
$GPRMC,222940.00,A,3725.691742,N,12204.196681,W,008.4,000.8,080720,,,A*42
$GPGGA,222941.00,3725.694297,N,12204.196628,W,7,,0.38,-34.81,M,0.0,M,0.0,0000*73
$GPRMC,222941.00,A,3725.694297,N,12204.196628,W,009.4,001.9,080720,,,A*49
$GPGGA,222942.00,3725.696914,N,12204.196735,W,7,,0.38,-34.35,M,0.0,M,0.0,0000*70
$GPRMC,222942.00,A,3725.696914,N,12204.196735,W,009.4,357.1,080720,,,A*4D
$GPGGA,222943.00,3725.699170,N,12204.197780,W,7,,0.38,-33.99,M,0.0,M,0.0,0000*7A
$GPRMC,222943.00,A,3725.699170,N,12204.197780,W,009.0,336.6,080720,,,A*42
$GPGGA,222944.00,3725.700670,N,12204.200209,W,7,,0.38,-34.05,M,0.0,M,0.0,0000*70
$GPRMC,222944.00,A,3725.700670,N,12204.200209,W,008.8,307.7,080720,,,A*40
$GPGGA,222945.00,3725.701138,N,12204.203473,W,7,,0.38,-33.75,M,0.0,M,0.0,0000*73
$GPRMC,222945.00,A,3725.701138,N,12204.203473,W,009.2,283.1,080720,,,A*43
$GPGGA,222946.00,3725.700543,N,12204.206714,W,7,,0.38,-33.67,M,0.0,M,0.0,0000*7D
$GPRMC,222946.00,A,3725.700543,N,12204.206714,W,008.7,255.8,080720,,,A*48
$GPGGA,222947.00,3725.698768,N,12204.209156,W,7,,0.38,-33.31,M,0.0,M,0.0,0000*7B
$GPRMC,222947.00,A,3725.698768,N,12204.209156,W,008.7,226.3,080720,,,A*42
$GPGGA,222948.00,3725.696097,N,12204.210344,W,7,,0.38,-33.42,M,0.0,M,0.0,0000*70
$GPRMC,222948.00,A,3725.696097,N,12204.210344,W,009.3,196.2,080720,,,A*41
$GPGGA,222949.00,3725.692479,N,12204.209828,W,7,,0.38,-33.30,M,0.0,M,0.0,0000*7D
$GPRMC,222949.00,A,3725.692479,N,12204.209828,W,009.8,181.3,080720,,,A*45
$GPGGA,222950.00,3725.689311,N,12204.209689,W,7,,0.38,-33.03,M,0.0,M,0.0,0000*73
$GPRMC,222950.00,A,3725.689311,N,12204.209689,W,011.2,177.5,080720,,,A*47
$GPGGA,222951.00,3725.685615,N,12204.209570,W,7,,0.38,-32.97,M,0.0,M,0.0,0000*76
$GPRMC,222951.00,A,3725.685615,N,12204.209570,W,012.9,177.7,080720,,,A*44
$GPGGA,222952.00,3725.681554,N,12204.209473,W,7,,0.38,-33.09,M,0.0,M,0.0,0000*73
$GPRMC,222952.00,A,3725.681554,N,12204.209473,W,013.6,178.0,080720,,,A*41
$GPGGA,222953.00,3725.677828,N,12204.209210,W,7,,0.38,-33.04,M,0.0,M,0.0,0000*73
$GPRMC,222953.00,A,3725.677828,N,12204.209210,W,013.5,178.2,080720,,,A*4D
$GPGGA,222954.00,3725.674072,N,12204.209119,W,7,,0.38,-32.84,M,0.0,M,0.0,0000*73
$GPRMC,222954.00,A,3725.674072,N,12204.209119,W,013.3,178.1,080720,,,A*41
$GPGGA,222955.00,3725.670028,N,12204.208862,W,7,,0.38,-32.81,M,0.0,M,0.0,0000*78
$GPRMC,222955.00,A,3725.670028,N,12204.208862,W,013.9,178.0,080720,,,A*44
$GPGGA,222956.00,3725.665912,N,12204.208934,W,7,,0.38,-32.31,M,0.0,M,0.0,0000*76
$GPRMC,222956.00,A,3725.665912,N,12204.208934,W,014.6,179.1,080720,,,A*49
$GPGGA,222957.00,3725.661255,N,12204.208897,W,7,,0.38,-32.26,M,0.0,M,0.0,0000*75
$GPRMC,222957.00,A,3725.661255,N,12204.208897,W,016.0,179.9,080720,,,A*40
$GPGGA,222958.00,3725.656653,N,12204.208945,W,7,,0.38,-32.03,M,0.0,M,0.0,0000*75
$GPRMC,222958.00,A,3725.656653,N,12204.208945,W,016.7,179.8,080720,,,A*41
$GPGGA,222959.00,3725.651824,N,12204.209024,W,7,,0.38,-31.82,M,0.0,M,0.0,0000*78
$GPRMC,222959.00,A,3725.651824,N,12204.209024,W,016.5,178.8,080720,,,A*45
$GPGGA,223000.00,3725.647708,N,12204.208825,W,7,,0.38,-31.39,M,0.0,M,0.0,0000*72
$GPRMC,223000.00,A,3725.647708,N,12204.208825,W,015.1,178.2,080720,,,A*42
$GPGGA,223001.00,3725.643862,N,12204.208862,W,7,,0.38,-31.04,M,0.0,M,0.0,0000*79
$GPRMC,223001.00,A,3725.643862,N,12204.208862,W,013.4,180.8,080720,,,A*49
$GPGGA,223002.00,3725.640861,N,12204.209738,W,7,,0.38,-31.32,M,0.0,M,0.0,0000*7E
$GPRMC,223002.00,A,3725.640861,N,12204.209738,W,010.9,194.8,080720,,,A*40
$GPGGA,223003.00,3725.639056,N,12204.212036,W,7,,0.38,-31.22,M,0.0,M,0.0,0000*7F
$GPRMC,223003.00,A,3725.639056,N,12204.212036,W,009.1,231.7,080720,,,A*43
$GPGGA,223004.00,3725.638677,N,12204.215059,W,7,,0.38,-31.01,M,0.0,M,0.0,0000*73
$GPRMC,223004.00,A,3725.638677,N,12204.215059,W,008.3,255.2,080720,,,A*4A
$GPGGA,223005.00,3725.638671,N,12204.218251,W,7,,0.38,-30.83,M,0.0,M,0.0,0000*78
$GPRMC,223005.00,A,3725.638671,N,12204.218251,W,008.5,263.5,080720,,,A*4E
$GPGGA,223006.00,3725.637507,N,12204.220772,W,7,,0.38,-30.50,M,0.0,M,0.0,0000*77
$GPRMC,223006.00,A,3725.637507,N,12204.220772,W,008.0,246.6,080720,,,A*4E
$GPGGA,223007.00,3725.635618,N,12204.222176,W,7,,0.38,-30.35,M,0.0,M,0.0,0000*7A
$GPRMC,223007.00,A,3725.635618,N,12204.222176,W,007.9,216.4,080720,,,A*41
$GPGGA,223008.00,3725.633044,N,12204.223142,W,7,,0.38,-30.28,M,0.0,M,0.0,0000*76
$GPRMC,223008.00,A,3725.633044,N,12204.223142,W,009.4,193.4,080720,,,A*4C
$GPGGA,223009.00,3725.629623,N,12204.223184,W,7,,0.38,-30.23,M,0.0,M,0.0,0000*7A
$GPRMC,223009.00,A,3725.629623,N,12204.223184,W,011.3,182.8,080720,,,A*49
$GPGGA,223010.00,3725.625903,N,12204.223274,W,7,,0.38,-30.70,M,0.0,M,0.0,0000*79
$GPRMC,223010.00,A,3725.625903,N,12204.223274,W,013.3,181.7,080720,,,A*42
$GPGGA,223011.00,3725.621914,N,12204.223237,W,7,,0.38,-30.82,M,0.0,M,0.0,0000*70
$GPRMC,223011.00,A,3725.621914,N,12204.223237,W,014.6,181.0,080720,,,A*43
$GPGGA,223012.00,3725.617888,N,12204.223063,W,7,,0.38,-30.61,M,0.0,M,0.0,0000*7C
$GPRMC,223012.00,A,3725.617888,N,12204.223063,W,014.6,179.1,080720,,,A*44
$GPGGA,223013.00,3725.614521,N,12204.222656,W,7,,0.38,-30.32,M,0.0,M,0.0,0000*77
$GPRMC,223013.00,A,3725.614521,N,12204.222656,W,013.0,172.3,080720,,,A*41
$GPGGA,223014.00,3725.611827,N,12204.221114,W,7,,0.38,-30.07,M,0.0,M,0.0,0000*7A
$GPRMC,223014.00,A,3725.611827,N,12204.221114,W,011.4,148.8,080720,,,A*4E
$GPGGA,223015.00,3725.610615,N,12204.218126,W,7,,0.38,-29.93,M,0.0,M,0.0,0000*7B
$GPRMC,223015.00,A,3725.610615,N,12204.218126,W,010.5,119.9,080720,,,A*4F
$GPGGA,223016.00,3725.610088,N,12204.214694,W,7,,0.38,-30.16,M,0.0,M,0.0,0000*7D
$GPRMC,223016.00,A,3725.610088,N,12204.214694,W,010.0,101.0,080720,,,A*49
$GPGGA,223017.00,3725.609074,N,12204.211712,W,7,,0.38,-29.95,M,0.0,M,0.0,0000*7E
$GPRMC,223017.00,A,3725.609074,N,12204.211712,W,009.7,112.2,080720,,,A*46
$GPGGA,223018.00,3725.607069,N,12204.209768,W,7,,0.38,-30.17,M,0.0,M,0.0,0000*75
$GPRMC,223018.00,A,3725.607069,N,12204.209768,W,009.0,142.1,080720,,,A*4E
$GPGGA,223019.00,3725.604220,N,12204.208808,W,7,,0.38,-30.12,M,0.0,M,0.0,0000*75
$GPRMC,223019.00,A,3725.604220,N,12204.208808,W,010.3,174.2,080720,,,A*46
$GPGGA,223020.00,3725.600733,N,12204.208573,W,7,,0.38,-30.42,M,0.0,M,0.0,0000*78
$GPRMC,223020.00,A,3725.600733,N,12204.208573,W,012.2,181.8,080720,,,A*4D
$GPGGA,223021.00,3725.596599,N,12204.208687,W,7,,0.38,-30.53,M,0.0,M,0.0,0000*7F
$GPRMC,223021.00,A,3725.596599,N,12204.208687,W,014.4,183.8,080720,,,A*48
$GPGGA,223022.00,3725.592472,N,12204.208862,W,7,,0.38,-30.25,M,0.0,M,0.0,0000*78
$GPRMC,223022.00,A,3725.592472,N,12204.208862,W,014.9,183.1,080720,,,A*4A
$GPGGA,223023.00,3725.588547,N,12204.208987,W,7,,0.38,-30.07,M,0.0,M,0.0,0000*7F
$GPRMC,223023.00,A,3725.588547,N,12204.208987,W,014.1,183.3,080720,,,A*47
$GPGGA,223024.00,3725.585343,N,12204.209156,W,7,,0.38,-30.55,M,0.0,M,0.0,0000*75
$GPRMC,223024.00,A,3725.585343,N,12204.209156,W,012.0,187.1,080720,,,A*4B
$GPGGA,223025.00,3725.582715,N,12204.210302,W,7,,0.38,-31.38,M,0.0,M,0.0,0000*75
$GPRMC,223025.00,A,3725.582715,N,12204.210302,W,010.4,207.4,080720,,,A*49
$GPGGA,223026.00,3725.581023,N,12204.213091,W,7,,0.38,-31.55,M,0.0,M,0.0,0000*76
$GPRMC,223026.00,A,3725.581023,N,12204.213091,W,009.8,244.2,080720,,,A*44
$GPGGA,223027.00,3725.580904,N,12204.216613,W,7,,0.38,-31.30,M,0.0,M,0.0,0000*70
$GPRMC,223027.00,A,3725.580904,N,12204.216613,W,009.6,263.7,080720,,,A*4F
$GPGGA,223028.00,3725.581444,N,12204.219812,W,7,,0.38,-31.04,M,0.0,M,0.0,0000*70
$GPRMC,223028.00,A,3725.581444,N,12204.219812,W,009.7,286.7,080720,,,A*42
$GPGGA,223029.00,3725.583321,N,12204.221785,W,7,,0.38,-30.68,M,0.0,M,0.0,0000*76
$GPRMC,223029.00,A,3725.583321,N,12204.221785,W,008.7,319.3,080720,,,A*4D
$GPGGA,223030.00,3725.586021,N,12204.222217,W,7,,0.38,-30.58,M,0.0,M,0.0,0000*76
$GPRMC,223030.00,A,3725.586021,N,12204.222217,W,009.6,348.8,080720,,,A*41
$GPGGA,223031.00,3725.588991,N,12204.222122,W,7,,0.38,-30.78,M,0.0,M,0.0,0000*7C
$GPRMC,223031.00,A,3725.588991,N,12204.222122,W,010.8,001.2,080720,,,A*4B
$GPGGA,223032.00,3725.592195,N,12204.221887,W,7,,0.38,-30.67,M,0.0,M,0.0,0000*73
$GPRMC,223032.00,A,3725.592195,N,12204.221887,W,011.9,002.7,080720,,,A*4C
$GPGGA,223033.00,3725.595723,N,12204.221671,W,7,,0.38,-30.17,M,0.0,M,0.0,0000*7E
$GPRMC,223033.00,A,3725.595723,N,12204.221671,W,012.4,002.8,080720,,,A*47
$GPGGA,223034.00,3725.599059,N,12204.221618,W,7,,0.38,-29.93,M,0.0,M,0.0,0000*74
$GPRMC,223034.00,A,3725.599059,N,12204.221618,W,012.4,002.2,080720,,,A*43
$GPGGA,223035.00,3725.602492,N,12204.221827,W,7,,0.38,-29.48,M,0.0,M,0.0,0000*73
$GPRMC,223035.00,A,3725.602492,N,12204.221827,W,012.8,359.8,080720,,,A*49
$GPGGA,223036.00,3725.606415,N,12204.221911,W,7,,0.38,-29.81,M,0.0,M,0.0,0000*7A
$GPRMC,223036.00,A,3725.606415,N,12204.221911,W,013.3,358.3,080720,,,A*45
$GPGGA,223037.00,3725.609859,N,12204.221960,W,7,,0.38,-29.54,M,0.0,M,0.0,0000*7E
$GPRMC,223037.00,A,3725.609859,N,12204.221960,W,013.1,357.5,080720,,,A*42
$GPGGA,223038.00,3725.613874,N,12204.222266,W,7,,0.38,-29.23,M,0.0,M,0.0,0000*7B
$GPRMC,223038.00,A,3725.613874,N,12204.222266,W,013.2,357.5,080720,,,A*44
$GPGGA,223039.00,3725.618074,N,12204.222289,W,7,,0.38,-29.26,M,0.0,M,0.0,0000*7D
$GPRMC,223039.00,A,3725.618074,N,12204.222289,W,014.1,358.3,080720,,,A*4A
$GPGGA,223040.00,3725.622568,N,12204.222392,W,7,,0.38,-29.30,M,0.0,M,0.0,0000*7E
$GPRMC,223040.00,A,3725.622568,N,12204.222392,W,015.1,359.0,080720,,,A*4D
$GPGGA,223041.00,3725.627391,N,12204.222668,W,7,,0.38,-29.48,M,0.0,M,0.0,0000*75
$GPRMC,223041.00,A,3725.627391,N,12204.222668,W,016.4,358.4,080720,,,A*4A
$GPGGA,223042.00,3725.631993,N,12204.222835,W,7,,0.38,-29.76,M,0.0,M,0.0,0000*72
$GPRMC,223042.00,A,3725.631993,N,12204.222835,W,016.6,358.8,080720,,,A*4E
$GPGGA,223043.00,3725.636170,N,12204.222589,W,7,,0.38,-29.75,M,0.0,M,0.0,0000*78
$GPRMC,223043.00,A,3725.636170,N,12204.222589,W,015.9,359.7,080720,,,A*45
$GPGGA,223044.00,3725.640429,N,12204.222517,W,7,,0.38,-29.94,M,0.0,M,0.0,0000*7F
$GPRMC,223044.00,A,3725.640429,N,12204.222517,W,015.6,000.2,080720,,,A*48
$GPGGA,223045.00,3725.644930,N,12204.222361,W,7,,0.38,-29.80,M,0.0,M,0.0,0000*7D
$GPRMC,223045.00,A,3725.644930,N,12204.222361,W,016.6,000.1,080720,,,A*4F
$GPGGA,223046.00,3725.650114,N,12204.222469,W,7,,0.38,-29.90,M,0.0,M,0.0,0000*7B
$GPRMC,223046.00,A,3725.650114,N,12204.222469,W,017.8,359.3,080720,,,A*4A
$GPGGA,223047.00,3725.655303,N,12204.222854,W,7,,0.38,-29.67,M,0.0,M,0.0,0000*71
$GPRMC,223047.00,A,3725.655303,N,12204.222854,W,018.5,359.2,080720,,,A*4B
$GPGGA,223048.00,3725.660415,N,12204.222847,W,7,,0.38,-29.78,M,0.0,M,0.0,0000*74
$GPRMC,223048.00,A,3725.660415,N,12204.222847,W,019.1,359.1,080720,,,A*46
$GPGGA,223049.00,3725.665618,N,12204.222566,W,7,,0.38,-29.96,M,0.0,M,0.0,0000*71
$GPRMC,223049.00,A,3725.665618,N,12204.222566,W,019.8,359.6,080720,,,A*4D
$GPGGA,223050.00,3725.670976,N,12204.222566,W,7,,0.38,-29.85,M,0.0,M,0.0,0000*78
$GPRMC,223050.00,A,3725.670976,N,12204.222566,W,019.5,359.8,080720,,,A*45
$GPGGA,223051.00,3725.676717,N,12204.222487,W,7,,0.38,-29.97,M,0.0,M,0.0,0000*7B
$GPRMC,223051.00,A,3725.676717,N,12204.222487,W,019.3,000.2,080720,,,A*46
$GPGGA,223052.00,3725.681823,N,12204.222224,W,7,,0.38,-29.59,M,0.0,M,0.0,0000*75
$GPRMC,223052.00,A,3725.681823,N,12204.222224,W,018.7,000.4,080720,,,A*49
$GPGGA,223053.00,3725.686480,N,12204.222217,W,7,,0.38,-28.93,M,0.0,M,0.0,0000*71
$GPRMC,223053.00,A,3725.686480,N,12204.222217,W,016.8,001.2,080720,,,A*4C
$GPGGA,223054.00,3725.690847,N,12204.222217,W,7,,0.38,-28.76,M,0.0,M,0.0,0000*7D
$GPRMC,223054.00,A,3725.690847,N,12204.222217,W,014.4,001.9,080720,,,A*4E
$GPGGA,223055.00,3725.694172,N,12204.222176,W,7,,0.38,-29.13,M,0.0,M,0.0,0000*71
$GPRMC,223055.00,A,3725.694172,N,12204.222176,W,011.5,358.5,080720,,,A*47
$GPGGA,223056.00,3725.696872,N,12204.223058,W,7,,0.38,-29.75,M,0.0,M,0.0,0000*75
$GPRMC,223056.00,A,3725.696872,N,12204.223058,W,010.1,341.0,080720,,,A*4B
$GPGGA,223057.00,3725.698708,N,12204.224780,W,7,,0.38,-29.41,M,0.0,M,0.0,0000*7A
$GPRMC,223057.00,A,3725.698708,N,12204.224780,W,009.0,322.2,080720,,,A*4D
$GPGGA,223058.00,3725.699692,N,12204.227798,W,7,,0.38,-29.09,M,0.0,M,0.0,0000*70
$GPRMC,223058.00,A,3725.699692,N,12204.227798,W,009.5,294.9,080720,,,A*49
$GPGGA,223059.00,3725.700099,N,12204.231818,W,7,,0.38,-28.72,M,0.0,M,0.0,0000*70
$GPRMC,223059.00,A,3725.700099,N,12204.231818,W,010.7,275.7,080720,,,A*4F
$GPGGA,223100.00,3725.700268,N,12204.236066,W,7,,0.38,-28.13,M,0.0,M,0.0,0000*70
$GPRMC,223100.00,A,3725.700268,N,12204.236066,W,012.1,270.5,080720,,,A*4B
$GPGGA,223101.00,3725.700154,N,12204.240104,W,7,,0.38,-28.14,M,0.0,M,0.0,0000*7E
$GPRMC,223101.00,A,3725.700154,N,12204.240104,W,011.6,271.0,080720,,,A*42
$GPGGA,223102.00,3725.700213,N,12204.243943,W,7,,0.38,-28.48,M,0.0,M,0.0,0000*7C
$GPRMC,223102.00,A,3725.700213,N,12204.243943,W,011.1,271.6,080720,,,A*48
$GPGGA,223103.00,3725.700255,N,12204.248192,W,7,,0.38,-28.56,M,0.0,M,0.0,0000*7F
$GPRMC,223103.00,A,3725.700255,N,12204.248192,W,012.1,270.3,080720,,,A*43
$GPGGA,223104.00,3725.700249,N,12204.253262,W,7,,0.38,-28.39,M,0.0,M,0.0,0000*7A
$GPRMC,223104.00,A,3725.700249,N,12204.253262,W,014.4,269.4,080720,,,A*43
$GPGGA,223105.00,3725.700135,N,12204.258590,W,7,,0.38,-28.39,M,0.0,M,0.0,0000*72
$GPRMC,223105.00,A,3725.700135,N,12204.258590,W,015.9,268.7,080720,,,A*45
$GPGGA,223106.00,3725.700027,N,12204.264548,W,7,,0.38,-28.42,M,0.0,M,0.0,0000*75
$GPRMC,223106.00,A,3725.700027,N,12204.264548,W,017.1,268.1,080720,,,A*42
$GPGGA,223107.00,3725.699878,N,12204.270541,W,7,,0.38,-28.36,M,0.0,M,0.0,0000*78
$GPRMC,223107.00,A,3725.699878,N,12204.270541,W,017.1,268.2,080720,,,A*4F
$GPGGA,223108.00,3725.699800,N,12204.275966,W,7,,0.38,-28.27,M,0.0,M,0.0,0000*74
$GPRMC,223108.00,A,3725.699800,N,12204.275966,W,016.0,268.2,080720,,,A*43
$GPGGA,223109.00,3725.699800,N,12204.281048,W,7,,0.38,-28.20,M,0.0,M,0.0,0000*7C
$GPRMC,223109.00,A,3725.699800,N,12204.281048,W,014.6,270.6,080720,,,A*45
$GPGGA,223110.00,3725.699860,N,12204.285704,W,7,,0.38,-28.54,M,0.0,M,0.0,0000*7A
$GPRMC,223110.00,A,3725.699860,N,12204.285704,W,013.9,270.9,080720,,,A*47
$GPGGA,223111.00,3725.700183,N,12204.290689,W,7,,0.38,-28.25,M,0.0,M,0.0,0000*78
$GPRMC,223111.00,A,3725.700183,N,12204.290689,W,014.5,272.0,080720,,,A*43
$GPGGA,223112.00,3725.699836,N,12204.295958,W,7,,0.38,-28.67,M,0.0,M,0.0,0000*7D
$GPRMC,223112.00,A,3725.699836,N,12204.295958,W,015.0,273.4,080720,,,A*41
$GPGGA,223113.00,3725.700039,N,12204.301244,W,7,,0.38,-28.28,M,0.0,M,0.0,0000*7B
$GPRMC,223113.00,A,3725.700039,N,12204.301244,W,015.0,273.4,080720,,,A*4C
$GPGGA,223114.00,3725.700003,N,12204.306368,W,7,,0.38,-28.19,M,0.0,M,0.0,0000*7F
$GPRMC,223114.00,A,3725.700003,N,12204.306368,W,014.3,271.8,080720,,,A*46
$GPGGA,223115.00,3725.699601,N,12204.310820,W,7,,0.38,-28.40,M,0.0,M,0.0,0000*77
$GPRMC,223115.00,A,3725.699601,N,12204.310820,W,013.3,258.8,080720,,,A*4E
$GPGGA,223116.00,3725.697724,N,12204.314893,W,7,,0.38,-28.42,M,0.0,M,0.0,0000*72
$GPRMC,223116.00,A,3725.697724,N,12204.314893,W,012.2,236.5,080720,,,A*4C
$GPGGA,223117.00,3725.694921,N,12204.316915,W,7,,0.38,-28.61,M,0.0,M,0.0,0000*77
$GPRMC,223117.00,A,3725.694921,N,12204.316915,W,011.2,208.6,080720,,,A*45
$GPGGA,223118.00,3725.691351,N,12204.317449,W,7,,0.38,-29.12,M,0.0,M,0.0,0000*70
$GPRMC,223118.00,A,3725.691351,N,12204.317449,W,011.9,186.1,080720,,,A*4E
$GPGGA,223119.00,3725.687536,N,12204.316975,W,7,,0.38,-28.28,M,0.0,M,0.0,0000*7A
$GPRMC,223119.00,A,3725.687536,N,12204.316975,W,013.4,176.0,080720,,,A*4D
$GPGGA,223120.00,3725.683264,N,12204.316796,W,7,,0.38,-28.66,M,0.0,M,0.0,0000*7D
$GPRMC,223120.00,A,3725.683264,N,12204.316796,W,014.9,176.0,080720,,,A*4A
$GPGGA,223121.00,3725.678721,N,12204.316573,W,7,,0.38,-29.01,M,0.0,M,0.0,0000*75
$GPRMC,223121.00,A,3725.678721,N,12204.316573,W,016.2,176.4,080720,,,A*4F
$GPGGA,223122.00,3725.674017,N,12204.316220,W,7,,0.38,-29.51,M,0.0,M,0.0,0000*7C
$GPRMC,223122.00,A,3725.674017,N,12204.316220,W,016.7,176.0,080720,,,A*42
$GPGGA,223123.00,3725.669613,N,12204.315866,W,7,,0.38,-29.67,M,0.0,M,0.0,0000*7D
$GPRMC,223123.00,A,3725.669613,N,12204.315866,W,016.1,176.8,080720,,,A*48
$GPGGA,223124.00,3725.665540,N,12204.315734,W,7,,0.38,-30.38,M,0.0,M,0.0,0000*79
$GPRMC,223124.00,A,3725.665540,N,12204.315734,W,014.6,177.9,080720,,,A*4B
$GPGGA,223125.00,3725.662347,N,12204.315709,W,7,,0.38,-30.79,M,0.0,M,0.0,0000*75
$GPRMC,223125.00,A,3725.662347,N,12204.315709,W,012.2,181.8,080720,,,A*48
$GPGGA,223126.00,3725.659755,N,12204.316178,W,7,,0.38,-30.09,M,0.0,M,0.0,0000*7D
$GPRMC,223126.00,A,3725.659755,N,12204.316178,W,009.5,193.5,080720,,,A*44
$GPGGA,223127.00,3725.658183,N,12204.317509,W,7,,0.38,-30.08,M,0.0,M,0.0,0000*72
$GPRMC,223127.00,A,3725.658183,N,12204.317509,W,007.8,210.8,080720,,,A*4C
$GPGGA,223128.00,3725.657205,N,12204.320054,W,7,,0.38,-30.44,M,0.0,M,0.0,0000*7E
$GPRMC,223128.00,A,3725.657205,N,12204.320054,W,007.7,241.9,080720,,,A*42
$GPGGA,223129.00,3725.657434,N,12204.322688,W,7,,0.38,-29.79,M,0.0,M,0.0,0000*78
$GPRMC,223129.00,A,3725.657434,N,12204.322688,W,007.6,269.6,080720,,,A*46
$GPGGA,223130.00,3725.658244,N,12204.325537,W,7,,0.38,-29.69,M,0.0,M,0.0,0000*7F
$GPRMC,223130.00,A,3725.658244,N,12204.325537,W,008.3,290.5,080720,,,A*4F
$GPGGA,223131.00,3725.659306,N,12204.328442,W,7,,0.38,-29.52,M,0.0,M,0.0,0000*7E
$GPRMC,223131.00,A,3725.659306,N,12204.328442,W,009.0,292.4,080720,,,A*47
$GPGGA,223132.00,3725.661609,N,12204.331112,W,7,,0.38,-29.28,M,0.0,M,0.0,0000*79
$GPRMC,223132.00,A,3725.661609,N,12204.331112,W,010.3,318.7,080720,,,A*46
$GPGGA,223133.00,3725.664700,N,12204.331837,W,7,,0.38,-28.82,M,0.0,M,0.0,0000*7A
$GPRMC,223133.00,A,3725.664700,N,12204.331837,W,011.1,350.0,080720,,,A*4C
$GPGGA,223134.00,3725.668251,N,12204.331669,W,7,,0.38,-29.31,M,0.0,M,0.0,0000*7C
$GPRMC,223134.00,A,3725.668251,N,12204.331669,W,012.7,357.2,080720,,,A*43
$GPGGA,223135.00,3725.671977,N,12204.331448,W,7,,0.38,-29.18,M,0.0,M,0.0,0000*70
$GPRMC,223135.00,A,3725.671977,N,12204.331448,W,013.7,359.5,080720,,,A*4C
$GPGGA,223136.00,3725.676171,N,12204.331118,W,7,,0.38,-29.89,M,0.0,M,0.0,0000*72
$GPRMC,223136.00,A,3725.676171,N,12204.331118,W,014.5,003.0,080720,,,A*4A
$GPGGA,223137.00,3725.680581,N,12204.331058,W,7,,0.38,-30.11,M,0.0,M,0.0,0000*7D
$GPRMC,223137.00,A,3725.680581,N,12204.331058,W,014.9,002.8,080720,,,A*49
$GPGGA,223138.00,3725.684559,N,12204.330884,W,7,,0.38,-29.83,M,0.0,M,0.0,0000*78
$GPRMC,223138.00,A,3725.684559,N,12204.330884,W,014.4,002.8,080720,,,A*42
$GPGGA,223139.00,3725.688111,N,12204.330751,W,7,,0.38,-30.68,M,0.0,M,0.0,0000*77
$GPRMC,223139.00,A,3725.688111,N,12204.330751,W,013.6,003.3,080720,,,A*4F
$GPGGA,223140.00,3725.691592,N,12204.330745,W,7,,0.38,-30.66,M,0.0,M,0.0,0000*75
$GPRMC,223140.00,A,3725.691592,N,12204.330745,W,012.1,002.0,080720,,,A*47
$GPGGA,223141.00,3725.694339,N,12204.330907,W,7,,0.38,-31.24,M,0.0,M,0.0,0000*79
$GPRMC,223141.00,A,3725.694339,N,12204.330907,W,010.0,354.5,080720,,,A*4A
$GPGGA,223142.00,3725.697346,N,12204.331771,W,7,,0.38,-30.61,M,0.0,M,0.0,0000*7F
$GPRMC,223142.00,A,3725.697346,N,12204.331771,W,010.6,341.3,080720,,,A*48
$GPGGA,223143.00,3725.700135,N,12204.333962,W,7,,0.38,-29.54,M,0.0,M,0.0,0000*77
$GPRMC,223143.00,A,3725.700135,N,12204.333962,W,011.3,317.0,080720,,,A*4A
$GPGGA,223144.00,3725.701762,N,12204.336632,W,7,,0.38,-29.34,M,0.0,M,0.0,0000*7C
$GPRMC,223144.00,A,3725.701762,N,12204.336632,W,010.0,292.4,080720,,,A*4D
$GPGGA,223145.00,3725.700549,N,12204.340292,W,7,,0.38,-29.25,M,0.0,M,0.0,0000*78
$GPRMC,223145.00,A,3725.700549,N,12204.340292,W,009.1,271.8,080720,,,A*41
$GPGGA,223146.00,3725.699914,N,12204.343910,W,7,,0.38,-29.87,M,0.0,M,0.0,0000*74
$GPRMC,223146.00,A,3725.699914,N,12204.343910,W,010.3,267.2,080720,,,A*42
$GPGGA,223147.00,3725.699265,N,12204.347437,W,7,,0.38,-30.31,M,0.0,M,0.0,0000*71
$GPRMC,223147.00,A,3725.699265,N,12204.347437,W,009.7,259.9,080720,,,A*48
$GPGGA,223148.00,3725.698306,N,12204.350390,W,7,,0.38,-30.57,M,0.0,M,0.0,0000*77
$GPRMC,223148.00,A,3725.698306,N,12204.350390,W,008.2,251.0,080720,,,A*4B
$GPGGA,223149.00,3725.697280,N,12204.352165,W,7,,0.38,-30.20,M,0.0,M,0.0,0000*7C
$GPRMC,223149.00,A,3725.697280,N,12204.352165,W,005.9,241.0,080720,,,A*47
$GPGGA,223150.00,3725.696776,N,12204.352958,W,7,,0.38,-30.23,M,0.0,M,0.0,0000*7C
$GPRMC,223150.00,A,3725.696776,N,12204.352958,W,003.0,236.8,080720,,,A*43
$GPGGA,223151.00,3725.696728,N,12204.352897,W,7,,0.38,-30.44,M,0.0,M,0.0,0000*75
$GPRMC,223151.00,A,3725.696728,N,12204.352897,W,000.6,236.3,080720,,,A*45
$GPGGA,223152.00,3725.696895,N,12204.352760,W,7,,0.38,-30.61,M,0.0,M,0.0,0000*7F
$GPRMC,223152.00,A,3725.696895,N,12204.352760,W,000.0,000.0,080720,,,A*4A
$GPGGA,223153.00,3725.696865,N,12204.352658,W,7,,0.38,-30.75,M,0.0,M,0.0,0000*7E
$GPRMC,223153.00,A,3725.696865,N,12204.352658,W,000.0,000.0,080720,,,A*4E
$GPGGA,223154.00,3725.696823,N,12204.352621,W,7,,0.38,-30.87,M,0.0,M,0.0,0000*78
$GPRMC,223154.00,A,3725.696823,N,12204.352621,W,000.0,000.0,080720,,,A*45
$GPGGA,223155.00,3725.696512,N,12204.352393,W,7,,0.38,-31.22,M,0.0,M,0.0,0000*74
$GPRMC,223155.00,A,3725.696512,N,12204.352393,W,000.0,000.0,080720,,,A*47
$GPGGA,223156.00,3725.696391,N,12204.352388,W,7,,0.38,-31.17,M,0.0,M,0.0,0000*76
$GPRMC,223156.00,A,3725.696391,N,12204.352388,W,000.0,000.0,080720,,,A*43
$GPGGA,223157.00,3725.696355,N,12204.352375,W,7,,0.38,-31.25,M,0.0,M,0.0,0000*7C
$GPRMC,223157.00,A,3725.696355,N,12204.352375,W,000.0,000.0,080720,,,A*48
$GPGGA,223158.00,3725.696379,N,12204.352375,W,7,,0.38,-31.72,M,0.0,M,0.0,0000*7F
$GPRMC,223158.00,A,3725.696379,N,12204.352375,W,000.0,000.0,080720,,,A*49
$GPGGA,223159.00,3725.696332,N,12204.352418,W,7,,0.38,-31.77,M,0.0,M,0.0,0000*78
$GPRMC,223159.00,A,3725.696332,N,12204.352418,W,000.0,000.0,080720,,,A*4B
$GPGGA,223200.00,3725.696307,N,12204.352430,W,7,,0.38,-31.65,M,0.0,M,0.0,0000*78
$GPRMC,223200.00,A,3725.696307,N,12204.352430,W,000.0,000.0,080720,,,A*48
$GPGGA,223201.00,3725.696326,N,12204.352375,W,7,,0.38,-31.83,M,0.0,M,0.0,0000*74
$GPRMC,223201.00,A,3725.696326,N,12204.352375,W,000.0,000.0,080720,,,A*4C
$GPGGA,223202.00,3725.696343,N,12204.352340,W,7,,0.38,-31.97,M,0.0,M,0.0,0000*77
$GPRMC,223202.00,A,3725.696343,N,12204.352340,W,000.0,000.0,080720,,,A*4A
$GPGGA,223203.00,3725.696271,N,12204.352586,W,7,,0.38,-31.86,M,0.0,M,0.0,0000*7A
$GPRMC,223203.00,A,3725.696271,N,12204.352586,W,000.3,235.6,080720,,,A*46
$GPGGA,223204.00,3725.696283,N,12204.352760,W,7,,0.38,-31.88,M,0.0,M,0.0,0000*74
$GPRMC,223204.00,A,3725.696283,N,12204.352760,W,000.0,000.0,080720,,,A*47
$GPGGA,223205.00,3725.696260,N,12204.352730,W,7,,0.38,-32.03,M,0.0,M,0.0,0000*7D
$GPRMC,223205.00,A,3725.696260,N,12204.352730,W,000.0,000.0,080720,,,A*4E
$GPGGA,223206.00,3725.696169,N,12204.352765,W,7,,0.38,-31.94,M,0.0,M,0.0,0000*79
$GPRMC,223206.00,A,3725.696169,N,12204.352765,W,000.0,000.0,080720,,,A*47
$GPGGA,223207.00,3725.696068,N,12204.352844,W,7,,0.38,-31.71,M,0.0,M,0.0,0000*7F
$GPRMC,223207.00,A,3725.696068,N,12204.352844,W,000.0,000.0,080720,,,A*4A
$GPGGA,223208.00,3725.695900,N,12204.352928,W,7,,0.38,-31.59,M,0.0,M,0.0,0000*75
$GPRMC,223208.00,A,3725.695900,N,12204.352928,W,000.0,000.0,080720,,,A*4A
$GPGGA,223209.00,3725.695786,N,12204.352976,W,7,,0.38,-31.47,M,0.0,M,0.0,0000*70
$GPRMC,223209.00,A,3725.695786,N,12204.352976,W,000.0,000.0,080720,,,A*40
$GPGGA,223210.00,3725.695647,N,12204.353120,W,7,,0.38,-31.23,M,0.0,M,0.0,0000*7C
$GPRMC,223210.00,A,3725.695647,N,12204.353120,W,000.3,235.8,080720,,,A*41
$GPGGA,223211.00,3725.695462,N,12204.353246,W,7,,0.38,-30.88,M,0.0,M,0.0,0000*7B
$GPRMC,223211.00,A,3725.695462,N,12204.353246,W,000.0,000.0,080720,,,A*49
$GPGGA,223212.00,3725.695365,N,12204.353365,W,7,,0.38,-30.63,M,0.0,M,0.0,0000*7D
$GPRMC,223212.00,A,3725.695365,N,12204.353365,W,000.0,000.0,080720,,,A*4A
$GPGGA,223213.00,3725.695323,N,12204.353353,W,7,,0.38,-30.74,M,0.0,M,0.0,0000*7D
$GPRMC,223213.00,A,3725.695323,N,12204.353353,W,000.0,000.0,080720,,,A*4C
$GPGGA,223214.00,3725.695281,N,12204.353365,W,7,,0.38,-30.70,M,0.0,M,0.0,0000*72
$GPRMC,223214.00,A,3725.695281,N,12204.353365,W,000.0,000.0,080720,,,A*47
$GPGGA,223215.00,3725.695293,N,12204.353348,W,7,,0.38,-30.68,M,0.0,M,0.0,0000*76
$GPRMC,223215.00,A,3725.695293,N,12204.353348,W,000.0,000.0,080720,,,A*4A
$GPGGA,223216.00,3725.695293,N,12204.353276,W,7,,0.38,-30.77,M,0.0,M,0.0,0000*77
$GPRMC,223216.00,A,3725.695293,N,12204.353276,W,000.0,000.0,080720,,,A*45
$GPGGA,223217.00,3725.695287,N,12204.353294,W,7,,0.38,-30.68,M,0.0,M,0.0,0000*71
$GPRMC,223217.00,A,3725.695287,N,12204.353294,W,000.0,000.0,080720,,,A*4D
$GPGGA,223218.00,3725.695306,N,12204.353353,W,7,,0.38,-30.38,M,0.0,M,0.0,0000*79
$GPRMC,223218.00,A,3725.695306,N,12204.353353,W,000.0,000.0,080720,,,A*40
$GPGGA,223219.00,3725.695342,N,12204.353455,W,7,,0.38,-30.14,M,0.0,M,0.0,0000*77
$GPRMC,223219.00,A,3725.695342,N,12204.353455,W,000.0,000.0,080720,,,A*40
$GPGGA,223220.00,3725.695365,N,12204.353546,W,7,,0.38,-29.67,M,0.0,M,0.0,0000*77
$GPRMC,223220.00,A,3725.695365,N,12204.353546,W,000.0,000.0,080720,,,A*4C
$GPGGA,223221.00,3725.695437,N,12204.353636,W,7,,0.38,-29.24,M,0.0,M,0.0,0000*75
$GPRMC,223221.00,A,3725.695437,N,12204.353636,W,000.0,000.0,080720,,,A*49
$GPGGA,223222.00,3725.695492,N,12204.353738,W,7,,0.38,-28.79,M,0.0,M,0.0,0000*7F
$GPRMC,223222.00,A,3725.695492,N,12204.353738,W,000.0,000.0,080720,,,A*4A
$GPGGA,223223.00,3725.695551,N,12204.353792,W,7,,0.38,-28.55,M,0.0,M,0.0,0000*7E
$GPRMC,223223.00,A,3725.695551,N,12204.353792,W,000.0,000.0,080720,,,A*45
$GPGGA,223224.00,3725.695509,N,12204.353911,W,7,,0.38,-28.23,M,0.0,M,0.0,0000*70
$GPRMC,223224.00,A,3725.695509,N,12204.353911,W,000.0,000.0,080720,,,A*4A
$GPGGA,223225.00,3725.695450,N,12204.353941,W,7,,0.38,-28.24,M,0.0,M,0.0,0000*7E
$GPRMC,223225.00,A,3725.695450,N,12204.353941,W,000.0,000.0,080720,,,A*43
$GPGGA,223226.00,3725.695371,N,12204.353959,W,7,,0.38,-28.31,M,0.0,M,0.0,0000*74
$GPRMC,223226.00,A,3725.695371,N,12204.353959,W,000.0,000.0,080720,,,A*4D
$GPGGA,223227.00,3725.695378,N,12204.353936,W,7,,0.38,-28.53,M,0.0,M,0.0,0000*71
$GPRMC,223227.00,A,3725.695378,N,12204.353936,W,000.0,000.0,080720,,,A*4C
$GPGGA,223228.00,3725.695420,N,12204.353804,W,7,,0.38,-28.76,M,0.0,M,0.0,0000*73
$GPRMC,223228.00,A,3725.695420,N,12204.353804,W,000.0,000.0,080720,,,A*49
$GPGGA,223229.00,3725.695473,N,12204.353780,W,7,,0.38,-28.95,M,0.0,M,0.0,0000*7A
$GPRMC,223229.00,A,3725.695473,N,12204.353780,W,000.0,000.0,080720,,,A*4D
$GPGGA,223230.00,3725.695503,N,12204.353701,W,7,,0.38,-29.01,M,0.0,M,0.0,0000*71
$GPRMC,223230.00,A,3725.695503,N,12204.353701,W,000.0,000.0,080720,,,A*4A
$GPGGA,223231.00,3725.695534,N,12204.353636,W,7,,0.38,-29.10,M,0.0,M,0.0,0000*71
$GPRMC,223231.00,A,3725.695534,N,12204.353636,W,000.0,000.0,080720,,,A*4A
$GPGGA,223232.00,3725.695564,N,12204.353599,W,7,,0.38,-29.17,M,0.0,M,0.0,0000*76
$GPRMC,223232.00,A,3725.695564,N,12204.353599,W,000.0,000.0,080720,,,A*4A
$GPGGA,223233.00,3725.695611,N,12204.353618,W,7,,0.38,-29.12,M,0.0,M,0.0,0000*79
$GPRMC,223233.00,A,3725.695611,N,12204.353618,W,000.5,236.1,080720,,,A*43
$GPGGA,223234.00,3725.695564,N,12204.353678,W,7,,0.38,-28.92,M,0.0,M,0.0,0000*70
$GPRMC,223234.00,A,3725.695564,N,12204.353678,W,000.0,000.0,080720,,,A*40
$GPGGA,223235.00,3725.695498,N,12204.353773,W,7,,0.38,-29.18,M,0.0,M,0.0,0000*7A
$GPRMC,223235.00,A,3725.695498,N,12204.353773,W,000.0,000.0,080720,,,A*49
$GPGGA,223236.00,3725.695558,N,12204.353720,W,7,,0.38,-28.86,M,0.0,M,0.0,0000*74
$GPRMC,223236.00,A,3725.695558,N,12204.353720,W,000.0,000.0,080720,,,A*41
$GPGGA,223237.00,3725.695558,N,12204.353701,W,7,,0.38,-28.96,M,0.0,M,0.0,0000*77
$GPRMC,223237.00,A,3725.695558,N,12204.353701,W,000.0,000.0,080720,,,A*43
$GPGGA,223238.00,3725.695498,N,12204.353678,W,7,,0.38,-29.23,M,0.0,M,0.0,0000*75
$GPRMC,223238.00,A,3725.695498,N,12204.353678,W,000.0,000.0,080720,,,A*4E
$GPGGA,223239.00,3725.695473,N,12204.353653,W,7,,0.38,-29.02,M,0.0,M,0.0,0000*7B
$GPRMC,223239.00,A,3725.695473,N,12204.353653,W,000.0,000.0,080720,,,A*43
$GPGGA,223240.00,3725.695450,N,12204.353666,W,7,,0.38,-28.93,M,0.0,M,0.0,0000*7B
$GPRMC,223240.00,A,3725.695450,N,12204.353666,W,000.0,000.0,080720,,,A*4A
$GPGGA,223241.00,3725.695503,N,12204.353671,W,7,,0.38,-28.88,M,0.0,M,0.0,0000*71
$GPRMC,223241.00,A,3725.695503,N,12204.353671,W,000.0,000.0,080720,,,A*4A
$GPGGA,223242.00,3725.695522,N,12204.353648,W,7,,0.38,-28.89,M,0.0,M,0.0,0000*7A
$GPRMC,223242.00,A,3725.695522,N,12204.353648,W,000.0,000.0,080720,,,A*40
$GPGGA,223243.00,3725.695528,N,12204.353678,W,7,,0.38,-29.04,M,0.0,M,0.0,0000*76
$GPRMC,223243.00,A,3725.695528,N,12204.353678,W,000.0,000.0,080720,,,A*48
$GPGGA,223244.00,3725.695558,N,12204.353636,W,7,,0.38,-29.29,M,0.0,M,0.0,0000*73
$GPRMC,223244.00,A,3725.695558,N,12204.353636,W,000.0,000.0,080720,,,A*42
$GPGGA,223245.00,3725.695498,N,12204.353648,W,7,,0.38,-29.26,M,0.0,M,0.0,0000*79
$GPRMC,223245.00,A,3725.695498,N,12204.353648,W,000.0,000.0,080720,,,A*47
$GPGGA,223246.00,3725.695390,N,12204.353666,W,7,,0.38,-29.36,M,0.0,M,0.0,0000*78
$GPRMC,223246.00,A,3725.695390,N,12204.353666,W,000.0,000.0,080720,,,A*47
$GPGGA,223247.00,3725.695534,N,12204.353552,W,7,,0.38,-29.67,M,0.0,M,0.0,0000*71
$GPRMC,223247.00,A,3725.695534,N,12204.353552,W,000.0,000.0,080720,,,A*4A
$GPGGA,223248.00,3725.695750,N,12204.353348,W,7,,0.38,-30.09,M,0.0,M,0.0,0000*73
$GPRMC,223248.00,A,3725.695750,N,12204.353348,W,000.0,000.0,080720,,,A*48
$GPGGA,223249.00,3725.695911,N,12204.353341,W,7,,0.38,-29.99,M,0.0,M,0.0,0000*71
$GPRMC,223249.00,A,3725.695911,N,12204.353341,W,000.0,000.0,080720,,,A*4B
$GPGGA,223250.00,3725.695864,N,12204.353395,W,7,,0.38,-30.37,M,0.0,M,0.0,0000*7F
$GPRMC,223250.00,A,3725.695864,N,12204.353395,W,001.0,234.9,080720,,,A*44
$GPGGA,223251.00,3725.695966,N,12204.353083,W,7,,0.38,-30.75,M,0.0,M,0.0,0000*7F
$GPRMC,223251.00,A,3725.695966,N,12204.353083,W,000.0,000.0,080720,,,A*4F
$GPGGA,223252.00,3725.695930,N,12204.352874,W,7,,0.38,-30.82,M,0.0,M,0.0,0000*76
$GPRMC,223252.00,A,3725.695930,N,12204.352874,W,000.0,000.0,080720,,,A*4E
$GPGGA,223253.00,3725.695822,N,12204.352795,W,7,,0.38,-31.21,M,0.0,M,0.0,0000*7D
$GPRMC,223253.00,A,3725.695822,N,12204.352795,W,000.0,000.0,080720,,,A*4D
$GPGGA,223254.00,3725.695858,N,12204.352616,W,7,,0.38,-31.49,M,0.0,M,0.0,0000*73
$GPRMC,223254.00,A,3725.695858,N,12204.352616,W,000.0,000.0,080720,,,A*4D
$GPGGA,223255.00,3725.695924,N,12204.352537,W,7,,0.38,-31.73,M,0.0,M,0.0,0000*71
$GPRMC,223255.00,A,3725.695924,N,12204.352537,W,000.0,000.0,080720,,,A*46
$GPGGA,223256.00,3725.696032,N,12204.352460,W,7,,0.38,-31.90,M,0.0,M,0.0,0000*71
$GPRMC,223256.00,A,3725.696032,N,12204.352460,W,000.0,000.0,080720,,,A*4B
$GPGGA,223257.00,3725.696085,N,12204.352400,W,7,,0.38,-31.71,M,0.0,M,0.0,0000*75
$GPRMC,223257.00,A,3725.696085,N,12204.352400,W,000.0,000.0,080720,,,A*40
$GPGGA,223258.00,3725.696104,N,12204.352363,W,7,,0.38,-31.70,M,0.0,M,0.0,0000*71
$GPRMC,223258.00,A,3725.696104,N,12204.352363,W,000.0,000.0,080720,,,A*45
$GPGGA,223259.00,3725.696152,N,12204.352321,W,7,,0.38,-31.71,M,0.0,M,0.0,0000*74
$GPRMC,223259.00,A,3725.696152,N,12204.352321,W,000.0,000.0,080720,,,A*41
$GPGGA,223300.00,3725.696188,N,12204.352328,W,7,,0.38,-31.65,M,0.0,M,0.0,0000*72
$GPRMC,223300.00,A,3725.696188,N,12204.352328,W,000.0,000.0,080720,,,A*42
$GPGGA,223301.00,3725.696290,N,12204.352202,W,7,,0.38,-31.93,M,0.0,M,0.0,0000*79
$GPRMC,223301.00,A,3725.696290,N,12204.352202,W,000.0,000.0,080720,,,A*40
$GPGGA,223302.00,3725.696302,N,12204.352142,W,7,,0.38,-32.05,M,0.0,M,0.0,0000*7B
$GPRMC,223302.00,A,3725.696302,N,12204.352142,W,000.0,000.0,080720,,,A*4E
$GPGGA,223303.00,3725.696254,N,12204.352207,W,7,,0.38,-32.34,M,0.0,M,0.0,0000*78
$GPRMC,223303.00,A,3725.696254,N,12204.352207,W,000.4,234.8,080720,,,A*46
$GPGGA,223304.00,3725.696296,N,12204.352130,W,7,,0.38,-32.42,M,0.0,M,0.0,0000*77
$GPRMC,223304.00,A,3725.696296,N,12204.352130,W,000.0,000.0,080720,,,A*41
$GPGGA,223305.00,3725.696391,N,12204.352045,W,7,,0.38,-32.54,M,0.0,M,0.0,0000*74
$GPRMC,223305.00,A,3725.696391,N,12204.352045,W,000.0,000.0,080720,,,A*45
$GPGGA,223306.00,3725.696398,N,12204.352040,W,7,,0.38,-32.60,M,0.0,M,0.0,0000*7C
$GPRMC,223306.00,A,3725.696398,N,12204.352040,W,000.0,000.0,080720,,,A*4A
$GPGGA,223307.00,3725.696506,N,12204.351961,W,7,,0.38,-32.47,M,0.0,M,0.0,0000*70
$GPRMC,223307.00,A,3725.696506,N,12204.351961,W,000.0,000.0,080720,,,A*43
$GPGGA,223308.00,3725.696512,N,12204.351907,W,7,,0.38,-32.69,M,0.0,M,0.0,0000*76
$GPRMC,223308.00,A,3725.696512,N,12204.351907,W,000.0,000.0,080720,,,A*49
$GPGGA,223309.00,3725.696535,N,12204.351835,W,7,,0.38,-32.82,M,0.0,M,0.0,0000*77
$GPRMC,223309.00,A,3725.696535,N,12204.351835,W,000.0,000.0,080720,,,A*4D
$GPGGA,223310.00,3725.696679,N,12204.351847,W,7,,0.38,-32.52,M,0.0,M,0.0,0000*7C
$GPRMC,223310.00,A,3725.696679,N,12204.351847,W,000.0,000.0,080720,,,A*4B
$GPGGA,223311.00,3725.696728,N,12204.351877,W,7,,0.38,-32.14,M,0.0,M,0.0,0000*79
$GPRMC,223311.00,A,3725.696728,N,12204.351877,W,000.0,000.0,080720,,,A*4C
$GPGGA,223312.00,3725.696842,N,12204.351835,W,7,,0.38,-32.18,M,0.0,M,0.0,0000*73
$GPRMC,223312.00,A,3725.696842,N,12204.351835,W,000.0,000.0,080720,,,A*4A
$GPGGA,223313.00,3725.696842,N,12204.351842,W,7,,0.38,-32.11,M,0.0,M,0.0,0000*7B
$GPRMC,223313.00,A,3725.696842,N,12204.351842,W,000.0,000.0,080720,,,A*4B
$GPGGA,223314.00,3725.696812,N,12204.351842,W,7,,0.38,-31.89,M,0.0,M,0.0,0000*7B
$GPRMC,223314.00,A,3725.696812,N,12204.351842,W,000.0,000.0,080720,,,A*49
$GPGGA,223315.00,3725.696787,N,12204.351877,W,7,,0.38,-31.78,M,0.0,M,0.0,0000*71
$GPRMC,223315.00,A,3725.696787,N,12204.351877,W,000.0,000.0,080720,,,A*4D
$GPGGA,223316.00,3725.696734,N,12204.351914,W,7,,0.38,-31.66,M,0.0,M,0.0,0000*71
$GPRMC,223316.00,A,3725.696734,N,12204.351914,W,000.0,000.0,080720,,,A*42
$GPGGA,223317.00,3725.696692,N,12204.351926,W,7,,0.38,-31.59,M,0.0,M,0.0,0000*70
$GPRMC,223317.00,A,3725.696692,N,12204.351926,W,000.0,000.0,080720,,,A*4F
$GPGGA,223318.00,3725.696685,N,12204.351931,W,7,,0.38,-31.55,M,0.0,M,0.0,0000*73
$GPRMC,223318.00,A,3725.696685,N,12204.351931,W,000.0,000.0,080720,,,A*40
$GPGGA,223319.00,3725.696679,N,12204.351931,W,7,,0.38,-31.51,M,0.0,M,0.0,0000*75
$GPRMC,223319.00,A,3725.696679,N,12204.351931,W,000.0,000.0,080720,,,A*42
$GPGGA,223320.00,3725.696679,N,12204.351938,W,7,,0.38,-31.51,M,0.0,M,0.0,0000*76
$GPRMC,223320.00,A,3725.696679,N,12204.351938,W,000.0,000.0,080720,,,A*41
$GPGGA,223321.00,3725.696601,N,12204.351980,W,7,,0.38,-31.52,M,0.0,M,0.0,0000*78
$GPRMC,223321.00,A,3725.696601,N,12204.351980,W,000.0,000.0,080720,,,A*4C
$GPGGA,223322.00,3725.696374,N,12204.352015,W,7,,0.38,-31.66,M,0.0,M,0.0,0000*7D
$GPRMC,223322.00,A,3725.696374,N,12204.352015,W,000.0,000.0,080720,,,A*4E
$GPGGA,223323.00,3725.696338,N,12204.352021,W,7,,0.38,-31.06,M,0.0,M,0.0,0000*75
$GPRMC,223323.00,A,3725.696338,N,12204.352021,W,000.0,000.0,080720,,,A*40
$GPGGA,223324.00,3725.696313,N,12204.351973,W,7,,0.38,-30.85,M,0.0,M,0.0,0000*7C
$GPRMC,223324.00,A,3725.696313,N,12204.351973,W,000.0,000.0,080720,,,A*43
$GPGGA,223325.00,3725.696368,N,12204.351944,W,7,,0.38,-30.64,M,0.0,M,0.0,0000*7A
$GPRMC,223325.00,A,3725.696368,N,12204.351944,W,000.0,000.0,080720,,,A*4A
$GPGGA,223326.00,3725.696451,N,12204.351872,W,7,,0.38,-30.41,M,0.0,M,0.0,0000*77
$GPRMC,223326.00,A,3725.696451,N,12204.351872,W,000.0,000.0,080720,,,A*40
$GPGGA,223327.00,3725.696440,N,12204.351854,W,7,,0.38,-30.21,M,0.0,M,0.0,0000*74
$GPRMC,223327.00,A,3725.696440,N,12204.351854,W,000.0,000.0,080720,,,A*45
$GPGGA,223328.00,3725.696463,N,12204.351866,W,7,,0.38,-30.11,M,0.0,M,0.0,0000*78
$GPRMC,223328.00,A,3725.696463,N,12204.351866,W,000.0,000.0,080720,,,A*4A
$GPGGA,223329.00,3725.696446,N,12204.351896,W,7,,0.38,-29.99,M,0.0,M,0.0,0000*79
$GPRMC,223329.00,A,3725.696446,N,12204.351896,W,000.0,000.0,080720,,,A*43
$GPGGA,223330.00,3725.696410,N,12204.352063,W,7,,0.38,-29.96,M,0.0,M,0.0,0000*7C
$GPRMC,223330.00,A,3725.696410,N,12204.352063,W,000.4,236.1,080720,,,A*4B
$GPGGA,223331.00,3725.696374,N,12204.352075,W,7,,0.38,-30.15,M,0.0,M,0.0,0000*7C
$GPRMC,223331.00,A,3725.696374,N,12204.352075,W,000.0,000.0,080720,,,A*4A
$GPGGA,223332.00,3725.696355,N,12204.352165,W,7,,0.38,-30.27,M,0.0,M,0.0,0000*7D
$GPRMC,223332.00,A,3725.696355,N,12204.352165,W,000.0,000.0,080720,,,A*4A
$GPGGA,223333.00,3725.696404,N,12204.352249,W,7,,0.38,-30.28,M,0.0,M,0.0,0000*7D
$GPRMC,223333.00,A,3725.696404,N,12204.352249,W,000.0,000.0,080720,,,A*45
$GPGGA,223334.00,3725.696343,N,12204.352303,W,7,,0.38,-30.28,M,0.0,M,0.0,0000*71
$GPRMC,223334.00,A,3725.696343,N,12204.352303,W,000.0,000.0,080720,,,A*49
$GPGGA,223335.00,3725.696266,N,12204.352412,W,7,,0.38,-30.39,M,0.0,M,0.0,0000*71
$GPRMC,223335.00,A,3725.696266,N,12204.352412,W,000.0,000.0,080720,,,A*49
$GPGGA,223336.00,3725.696205,N,12204.352628,W,7,,0.38,-30.06,M,0.0,M,0.0,0000*70
$GPRMC,223336.00,A,3725.696205,N,12204.352628,W,000.0,000.0,080720,,,A*44
$GPGGA,223337.00,3725.696224,N,12204.352676,W,7,,0.38,-30.03,M,0.0,M,0.0,0000*7C
$GPRMC,223337.00,A,3725.696224,N,12204.352676,W,000.0,000.0,080720,,,A*4D
$GPGGA,223338.00,3725.696193,N,12204.352718,W,7,,0.38,-30.41,M,0.0,M,0.0,0000*73
$GPRMC,223338.00,A,3725.696193,N,12204.352718,W,000.0,000.0,080720,,,A*44
$GPGGA,223339.00,3725.696205,N,12204.352748,W,7,,0.38,-30.57,M,0.0,M,0.0,0000*7C
$GPRMC,223339.00,A,3725.696205,N,12204.352748,W,000.0,000.0,080720,,,A*4C
$GPGGA,223340.00,3725.696235,N,12204.352742,W,7,,0.38,-31.11,M,0.0,M,0.0,0000*78
$GPRMC,223340.00,A,3725.696235,N,12204.352742,W,000.0,000.0,080720,,,A*4B
$GPGGA,223341.00,3725.696271,N,12204.352748,W,7,,0.38,-31.06,M,0.0,M,0.0,0000*75
$GPRMC,223341.00,A,3725.696271,N,12204.352748,W,000.0,000.0,080720,,,A*40
$GPGGA,223342.00,3725.696283,N,12204.352802,W,7,,0.38,-31.08,M,0.0,M,0.0,0000*74
$GPRMC,223342.00,A,3725.696283,N,12204.352802,W,000.0,000.0,080720,,,A*4F
$GPGGA,223343.00,3725.696343,N,12204.352795,W,7,,0.38,-31.31,M,0.0,M,0.0,0000*73
$GPRMC,223343.00,A,3725.696343,N,12204.352795,W,000.0,000.0,080720,,,A*42
$GPGGA,223344.00,3725.696410,N,12204.352772,W,7,,0.38,-31.29,M,0.0,M,0.0,0000*75
$GPRMC,223344.00,A,3725.696410,N,12204.352772,W,000.0,000.0,080720,,,A*4D
$GPGGA,223345.00,3725.696398,N,12204.352742,W,7,,0.38,-31.10,M,0.0,M,0.0,0000*7A
$GPRMC,223345.00,A,3725.696398,N,12204.352742,W,000.0,000.0,080720,,,A*48
$GPGGA,223346.00,3725.696398,N,12204.352681,W,7,,0.38,-30.96,M,0.0,M,0.0,0000*78
$GPRMC,223346.00,A,3725.696398,N,12204.352681,W,000.0,000.0,080720,,,A*45
$GPGGA,223347.00,3725.696355,N,12204.352658,W,7,,0.38,-31.19,M,0.0,M,0.0,0000*7A
$GPRMC,223347.00,A,3725.696355,N,12204.352658,W,000.0,000.0,080720,,,A*41
$GPGGA,223348.00,3725.696349,N,12204.352460,W,7,,0.38,-31.24,M,0.0,M,0.0,0000*7F
$GPRMC,223348.00,A,3725.696349,N,12204.352460,W,000.0,000.0,080720,,,A*4A
$GPGGA,223349.00,3725.696332,N,12204.352465,W,7,,0.38,-31.08,M,0.0,M,0.0,0000*79
$GPRMC,223349.00,A,3725.696332,N,12204.352465,W,000.0,000.0,080720,,,A*42
$GPGGA,223350.00,3725.696374,N,12204.352519,W,7,,0.38,-31.02,M,0.0,M,0.0,0000*73
$GPRMC,223350.00,A,3725.696374,N,12204.352519,W,000.0,000.0,080720,,,A*42
$GPGGA,223351.00,3725.696404,N,12204.352502,W,7,,0.38,-30.91,M,0.0,M,0.0,0000*73
$GPRMC,223351.00,A,3725.696404,N,12204.352502,W,000.0,000.0,080720,,,A*49
$GPGGA,223352.00,3725.696410,N,12204.352502,W,7,,0.38,-30.84,M,0.0,M,0.0,0000*71
$GPRMC,223352.00,A,3725.696410,N,12204.352502,W,000.0,000.0,080720,,,A*4F
$GPGGA,223353.00,3725.696410,N,12204.352477,W,7,,0.38,-30.85,M,0.0,M,0.0,0000*72
$GPRMC,223353.00,A,3725.696410,N,12204.352477,W,000.0,000.0,080720,,,A*4D
$GPGGA,223354.00,3725.696415,N,12204.352484,W,7,,0.38,-30.60,M,0.0,M,0.0,0000*77
$GPRMC,223354.00,A,3725.696415,N,12204.352484,W,000.0,000.0,080720,,,A*43
$GPGGA,223355.00,3725.696451,N,12204.352507,W,7,,0.38,-30.44,M,0.0,M,0.0,0000*7A
$GPRMC,223355.00,A,3725.696451,N,12204.352507,W,000.0,000.0,080720,,,A*48
$GPGGA,223356.00,3725.696451,N,12204.352514,W,7,,0.38,-30.53,M,0.0,M,0.0,0000*7D
$GPRMC,223356.00,A,3725.696451,N,12204.352514,W,000.0,000.0,080720,,,A*49
$GPGGA,223357.00,3725.696434,N,12204.352495,W,7,,0.38,-30.56,M,0.0,M,0.0,0000*72
$GPRMC,223357.00,A,3725.696434,N,12204.352495,W,000.0,000.0,080720,,,A*43
$GPGGA,223358.00,3725.696410,N,12204.352477,W,7,,0.38,-30.64,M,0.0,M,0.0,0000*76
$GPRMC,223358.00,A,3725.696410,N,12204.352477,W,000.0,000.0,080720,,,A*46
$GPGGA,223359.00,3725.696296,N,12204.352556,W,7,,0.38,-30.66,M,0.0,M,0.0,0000*7F
$GPRMC,223359.00,A,3725.696296,N,12204.352556,W,000.0,000.0,080720,,,A*4D
$GPGGA,223400.00,3725.696266,N,12204.352711,W,7,,0.38,-31.43,M,0.0,M,0.0,0000*7C
$GPRMC,223400.00,A,3725.696266,N,12204.352711,W,000.0,000.0,080720,,,A*48
$GPGGA,223401.00,3725.696271,N,12204.352832,W,7,,0.38,-31.90,M,0.0,M,0.0,0000*7B
$GPRMC,223401.00,A,3725.696271,N,12204.352832,W,000.0,000.0,080720,,,A*41
$GPGGA,223402.00,3725.696302,N,12204.352928,W,7,,0.38,-31.85,M,0.0,M,0.0,0000*73
$GPRMC,223402.00,A,3725.696302,N,12204.352928,W,000.0,000.0,080720,,,A*4D
$GPGGA,223403.00,3725.696332,N,12204.352916,W,7,,0.38,-32.17,M,0.0,M,0.0,0000*74
$GPRMC,223403.00,A,3725.696332,N,12204.352916,W,000.0,000.0,080720,,,A*42
$GPGGA,223404.00,3725.696307,N,12204.352951,W,7,,0.38,-32.15,M,0.0,M,0.0,0000*74
$GPRMC,223404.00,A,3725.696307,N,12204.352951,W,000.0,000.0,080720,,,A*40
$GPGGA,223405.00,3725.696302,N,12204.352939,W,7,,0.38,-32.35,M,0.0,M,0.0,0000*7C
$GPRMC,223405.00,A,3725.696302,N,12204.352939,W,000.0,000.0,080720,,,A*4A
$GPGGA,223406.00,3725.696254,N,12204.352916,W,7,,0.38,-32.45,M,0.0,M,0.0,0000*77
$GPRMC,223406.00,A,3725.696254,N,12204.352916,W,000.0,000.0,080720,,,A*46
$GPGGA,223407.00,3725.696110,N,12204.352963,W,7,,0.38,-32.24,M,0.0,M,0.0,0000*70
$GPRMC,223407.00,A,3725.696110,N,12204.352963,W,000.5,235.6,080720,,,A*41
$GPGGA,223408.00,3725.695852,N,12204.353378,W,7,,0.38,-32.45,M,0.0,M,0.0,0000*75
$GPRMC,223408.00,A,3725.695852,N,12204.353378,W,001.7,233.0,080720,,,A*40
$GPGGA,223409.00,3725.695354,N,12204.354236,W,7,,0.38,-31.97,M,0.0,M,0.0,0000*79
$GPRMC,223409.00,A,3725.695354,N,12204.354236,W,003.0,235.5,080720,,,A*46
$GPGGA,223410.00,3725.694916,N,12204.355621,W,7,,0.38,-31.20,M,0.0,M,0.0,0000*73
$GPRMC,223410.00,A,3725.694916,N,12204.355621,W,004.1,251.0,080720,,,A*41
$GPGGA,223411.00,3725.695090,N,12204.357674,W,7,,0.38,-31.03,M,0.0,M,0.0,0000*77
$GPRMC,223411.00,A,3725.695090,N,12204.357674,W,005.7,281.3,080720,,,A*4D
$GPGGA,223412.00,3725.696302,N,12204.360175,W,7,,0.38,-30.66,M,0.0,M,0.0,0000*7F
$GPRMC,223412.00,A,3725.696302,N,12204.360175,W,008.2,305.0,080720,,,A*41
$GPGGA,223413.00,3725.698653,N,12204.363542,W,7,,0.38,-30.98,M,0.0,M,0.0,0000*73
$GPRMC,223413.00,A,3725.698653,N,12204.363542,W,011.2,305.0,080720,,,A*44
$GPGGA,223414.00,3725.700526,N,12204.368084,W,7,,0.38,-30.57,M,0.0,M,0.0,0000*72
$GPRMC,223414.00,A,3725.700526,N,12204.368084,W,014.6,293.8,080720,,,A*41
$GPGGA,223415.00,3725.701665,N,12204.373693,W,7,,0.38,-30.54,M,0.0,M,0.0,0000*7F
$GPRMC,223415.00,A,3725.701665,N,12204.373693,W,017.0,281.0,080720,,,A*41
$GPGGA,223416.00,3725.702128,N,12204.380162,W,7,,0.38,-30.34,M,0.0,M,0.0,0000*72
$GPRMC,223416.00,A,3725.702128,N,12204.380162,W,018.8,271.7,080720,,,A*45
$GPGGA,223417.00,3725.701959,N,12204.387110,W,7,,0.38,-30.07,M,0.0,M,0.0,0000*7C
$GPRMC,223417.00,A,3725.701959,N,12204.387110,W,020.1,268.0,080720,,,A*46
$GPGGA,223418.00,3725.701791,N,12204.394663,W,7,,0.38,-30.18,M,0.0,M,0.0,0000*76
$GPRMC,223418.00,A,3725.701791,N,12204.394663,W,021.7,267.0,080720,,,A*4A
$GPGGA,223419.00,3725.701588,N,12204.402782,W,7,,0.38,-29.97,M,0.0,M,0.0,0000*74
$GPRMC,223419.00,A,3725.701588,N,12204.402782,W,023.1,267.9,080720,,,A*4A
$GPGGA,223420.00,3725.701480,N,12204.411319,W,7,,0.38,-29.91,M,0.0,M,0.0,0000*75
$GPRMC,223420.00,A,3725.701480,N,12204.411319,W,024.3,269.0,080720,,,A*4F
$GPGGA,223421.00,3725.701425,N,12204.420151,W,7,,0.38,-29.82,M,0.0,M,0.0,0000*75
$GPRMC,223421.00,A,3725.701425,N,12204.420151,W,025.2,270.4,080720,,,A*41
$GPGGA,223422.00,3725.701684,N,12204.429464,W,7,,0.38,-29.75,M,0.0,M,0.0,0000*7D
$GPRMC,223422.00,A,3725.701684,N,12204.429464,W,026.4,270.6,080720,,,A*46
$GPGGA,223423.00,3725.701815,N,12204.439123,W,7,,0.38,-29.93,M,0.0,M,0.0,0000*75
$GPRMC,223423.00,A,3725.701815,N,12204.439123,W,027.1,270.2,080720,,,A*46
$GPGGA,223424.00,3725.702073,N,12204.448459,W,7,,0.38,-29.84,M,0.0,M,0.0,0000*71
$GPRMC,223424.00,A,3725.702073,N,12204.448459,W,027.0,269.9,080720,,,A*46
$GPGGA,223425.00,3725.702272,N,12204.457783,W,7,,0.38,-30.06,M,0.0,M,0.0,0000*7B
$GPRMC,223425.00,A,3725.702272,N,12204.457783,W,026.7,268.8,080720,,,A*48
$GPGGA,223426.00,3725.702073,N,12204.467113,W,7,,0.38,-30.15,M,0.0,M,0.0,0000*75
$GPRMC,223426.00,A,3725.702073,N,12204.467113,W,026.5,269.2,080720,,,A*4D
$GPGGA,223427.00,3725.701912,N,12204.476311,W,7,,0.38,-30.42,M,0.0,M,0.0,0000*7B
$GPRMC,223427.00,A,3725.701912,N,12204.476311,W,026.3,268.8,080720,,,A*4C
$GPGGA,223428.00,3725.701791,N,12204.485522,W,7,,0.38,-30.90,M,0.0,M,0.0,0000*74
$GPRMC,223428.00,A,3725.701791,N,12204.485522,W,026.1,269.5,080720,,,A*42
$GPGGA,223429.00,3725.702001,N,12204.494623,W,7,,0.38,-31.02,M,0.0,M,0.0,0000*70
$GPRMC,223429.00,A,3725.702001,N,12204.494623,W,026.2,270.2,080720,,,A*40
$GPGGA,223430.00,3725.702331,N,12204.503755,W,7,,0.38,-30.87,M,0.0,M,0.0,0000*7B
$GPRMC,223430.00,A,3725.702331,N,12204.503755,W,026.3,271.2,080720,,,A*47
$GPGGA,223431.00,3725.702452,N,12204.512629,W,7,,0.38,-31.22,M,0.0,M,0.0,0000*7C
$GPRMC,223431.00,A,3725.702452,N,12204.512629,W,026.4,269.8,080720,,,A*4A
$GPGGA,223432.00,3725.702541,N,12204.521575,W,7,,0.38,-31.14,M,0.0,M,0.0,0000*73
$GPRMC,223432.00,A,3725.702541,N,12204.521575,W,026.1,269.9,080720,,,A*44
$GPGGA,223433.00,3725.702301,N,12204.531031,W,7,,0.38,-31.63,M,0.0,M,0.0,0000*74
$GPRMC,223433.00,A,3725.702301,N,12204.531031,W,027.0,269.6,080720,,,A*4C
$GPGGA,223434.00,3725.702314,N,12204.540883,W,7,,0.38,-31.80,M,0.0,M,0.0,0000*7D
$GPRMC,223434.00,A,3725.702314,N,12204.540883,W,027.7,269.7,080720,,,A*4E
$GPGGA,223435.00,3725.702200,N,12204.550424,W,7,,0.38,-31.87,M,0.0,M,0.0,0000*7F
$GPRMC,223435.00,A,3725.702200,N,12204.550424,W,027.9,270.0,080720,,,A*4A
$GPGGA,223436.00,3725.701918,N,12204.559964,W,7,,0.38,-31.66,M,0.0,M,0.0,0000*72
$GPRMC,223436.00,A,3725.701918,N,12204.559964,W,027.7,270.0,080720,,,A*46
$GPGGA,223437.00,3725.701954,N,12204.569396,W,7,,0.38,-31.68,M,0.0,M,0.0,0000*71
$GPRMC,223437.00,A,3725.701954,N,12204.569396,W,027.3,270.1,080720,,,A*4E
$GPGGA,223438.00,3725.701851,N,12204.578918,W,7,,0.38,-31.80,M,0.0,M,0.0,0000*70
$GPRMC,223438.00,A,3725.701851,N,12204.578918,W,027.1,268.4,080720,,,A*47
$GPGGA,223439.00,3725.701239,N,12204.588326,W,7,,0.38,-31.51,M,0.0,M,0.0,0000*71
$GPRMC,223439.00,A,3725.701239,N,12204.588326,W,026.8,263.7,080720,,,A*4A
$GPGGA,223440.00,3725.699860,N,12204.597374,W,7,,0.38,-31.85,M,0.0,M,0.0,0000*79
$GPRMC,223440.00,A,3725.699860,N,12204.597374,W,026.3,258.9,080720,,,A*46
$GPGGA,223441.00,3725.697945,N,12204.606271,W,7,,0.38,-32.26,M,0.0,M,0.0,0000*75
$GPRMC,223441.00,A,3725.697945,N,12204.606271,W,025.9,254.0,080720,,,A*4C
$GPGGA,223442.00,3725.696074,N,12204.614905,W,7,,0.38,-32.06,M,0.0,M,0.0,0000*75
$GPRMC,223442.00,A,3725.696074,N,12204.614905,W,025.9,252.0,080720,,,A*48
$GPGGA,223443.00,3725.693757,N,12204.623660,W,7,,0.38,-32.19,M,0.0,M,0.0,0000*71
$GPRMC,223443.00,A,3725.693757,N,12204.623660,W,026.0,250.7,080720,,,A*4D
$GPGGA,223444.00,3725.691753,N,12204.632281,W,7,,0.38,-32.28,M,0.0,M,0.0,0000*79
$GPRMC,223444.00,A,3725.691753,N,12204.632281,W,026.3,252.0,080720,,,A*41
$GPGGA,223445.00,3725.689762,N,12204.640904,W,7,,0.38,-32.05,M,0.0,M,0.0,0000*7F
$GPRMC,223445.00,A,3725.689762,N,12204.640904,W,026.3,256.0,080720,,,A*4C
$GPGGA,223446.00,3725.688183,N,12204.649724,W,7,,0.38,-31.86,M,0.0,M,0.0,0000*79
$GPRMC,223446.00,A,3725.688183,N,12204.649724,W,025.4,259.9,080720,,,A*40
$GPGGA,223447.00,3725.687163,N,12204.657824,W,7,,0.38,-31.58,M,0.0,M,0.0,0000*7A
$GPRMC,223447.00,A,3725.687163,N,12204.657824,W,023.4,261.7,080720,,,A*43
$GPGGA,223448.00,3725.686683,N,12204.664885,W,7,,0.38,-31.88,M,0.0,M,0.0,0000*7B
$GPRMC,223448.00,A,3725.686683,N,12204.664885,W,020.5,265.8,080720,,,A*46
$GPGGA,223449.00,3725.686599,N,12204.670724,W,7,,0.38,-31.97,M,0.0,M,0.0,0000*7D
$GPRMC,223449.00,A,3725.686599,N,12204.670724,W,016.7,269.1,080720,,,A*4C
$GPGGA,223450.00,3725.686503,N,12204.674972,W,7,,0.38,-31.94,M,0.0,M,0.0,0000*7C
$GPRMC,223450.00,A,3725.686503,N,12204.674972,W,012.4,270.0,080720,,,A*40
$GPGGA,223451.00,3725.686491,N,12204.677653,W,7,,0.38,-32.12,M,0.0,M,0.0,0000*75
$GPRMC,223451.00,A,3725.686491,N,12204.677653,W,008.0,268.9,080720,,,A*4B
$GPGGA,223452.00,3725.686647,N,12204.680023,W,7,,0.38,-31.95,M,0.0,M,0.0,0000*7A
$GPRMC,223452.00,A,3725.686647,N,12204.680023,W,007.4,268.3,080720,,,A*49
$GPGGA,223453.00,3725.686311,N,12204.682981,W,7,,0.38,-31.86,M,0.0,M,0.0,0000*7C
$GPRMC,223453.00,A,3725.686311,N,12204.682981,W,008.2,260.7,080720,,,A*48
$GPGGA,223454.00,3725.685310,N,12204.686383,W,7,,0.38,-31.25,M,0.0,M,0.0,0000*7C
$GPRMC,223454.00,A,3725.685310,N,12204.686383,W,009.5,244.3,080720,,,A*45
$GPGGA,223455.00,3725.683192,N,12204.689174,W,7,,0.38,-30.97,M,0.0,M,0.0,0000*7E
$GPRMC,223455.00,A,3725.683192,N,12204.689174,W,010.8,224.7,080720,,,A*48
$GPGGA,223456.00,3725.679861,N,12204.691291,W,7,,0.38,-30.61,M,0.0,M,0.0,0000*75
$GPRMC,223456.00,A,3725.679861,N,12204.691291,W,012.8,207.8,080720,,,A*46
$GPGGA,223457.00,3725.675830,N,12204.692083,W,7,,0.38,-30.49,M,0.0,M,0.0,0000*74
$GPRMC,223457.00,A,3725.675830,N,12204.692083,W,014.4,189.2,080720,,,A*48
$GPGGA,223458.00,3725.671467,N,12204.692857,W,7,,0.38,-31.08,M,0.0,M,0.0,0000*74
$GPRMC,223458.00,A,3725.671467,N,12204.692857,W,015.6,180.1,080720,,,A*45
$GPGGA,223459.00,3725.666086,N,12204.692515,W,7,,0.38,-30.30,M,0.0,M,0.0,0000*79
$GPRMC,223459.00,A,3725.666086,N,12204.692515,W,018.7,178.4,080720,,,A*4C
$GPGGA,223500.00,3725.660206,N,12204.692185,W,7,,0.38,-29.92,M,0.0,M,0.0,0000*75
$GPRMC,223500.00,A,3725.660206,N,12204.692185,W,021.3,177.1,080720,,,A*44
$GPGGA,223501.00,3725.653762,N,12204.691651,W,7,,0.38,-29.72,M,0.0,M,0.0,0000*70
$GPRMC,223501.00,A,3725.653762,N,12204.691651,W,023.0,175.8,080720,,,A*45
$GPGGA,223502.00,3725.646993,N,12204.690733,W,7,,0.38,-29.99,M,0.0,M,0.0,0000*76
$GPRMC,223502.00,A,3725.646993,N,12204.690733,W,024.4,174.7,080720,,,A*4B
$GPGGA,223503.00,3725.640027,N,12204.689726,W,7,,0.38,-30.42,M,0.0,M,0.0,0000*75
$GPRMC,223503.00,A,3725.640027,N,12204.689726,W,025.3,173.7,080720,,,A*47
$GPGGA,223504.00,3725.632372,N,12204.688850,W,7,,0.38,-30.69,M,0.0,M,0.0,0000*72
$GPRMC,223504.00,A,3725.632372,N,12204.688850,W,026.7,175.6,080720,,,A*49
$GPGGA,223505.00,3725.624733,N,12204.688207,W,7,,0.38,-30.53,M,0.0,M,0.0,0000*74
$GPRMC,223505.00,A,3725.624733,N,12204.688207,W,027.8,177.0,080720,,,A*4C
$GPGGA,223506.00,3725.616669,N,12204.687661,W,7,,0.38,-30.30,M,0.0,M,0.0,0000*76
$GPRMC,223506.00,A,3725.616669,N,12204.687661,W,028.8,177.5,080720,,,A*41
$GPGGA,223507.00,3725.608150,N,12204.687122,W,7,,0.38,-30.37,M,0.0,M,0.0,0000*72
$GPRMC,223507.00,A,3725.608150,N,12204.687122,W,030.1,176.7,080720,,,A*41
$GPGGA,223508.00,3725.599150,N,12204.686629,W,7,,0.38,-30.49,M,0.0,M,0.0,0000*72
$GPRMC,223508.00,A,3725.599150,N,12204.686629,W,031.7,177.3,080720,,,A*4A
$GPGGA,223509.00,3725.589969,N,12204.686162,W,7,,0.38,-30.45,M,0.0,M,0.0,0000*74
$GPRMC,223509.00,A,3725.589969,N,12204.686162,W,033.2,178.5,080720,,,A*4E
$GPGGA,223510.00,3725.580489,N,12204.685784,W,7,,0.38,-30.33,M,0.0,M,0.0,0000*7A
$GPRMC,223510.00,A,3725.580489,N,12204.685784,W,034.0,179.0,080720,,,A*40
$GPGGA,223511.00,3725.570806,N,12204.685819,W,7,,0.38,-30.48,M,0.0,M,0.0,0000*78
$GPRMC,223511.00,A,3725.570806,N,12204.685819,W,034.3,182.0,080720,,,A*49
$GPGGA,223512.00,3725.561452,N,12204.686653,W,7,,0.38,-30.75,M,0.0,M,0.0,0000*7B
$GPRMC,223512.00,A,3725.561452,N,12204.686653,W,034.0,182.7,080720,,,A*40
$GPGGA,223513.00,3725.551930,N,12204.687319,W,7,,0.38,-31.02,M,0.0,M,0.0,0000*7B
$GPRMC,223513.00,A,3725.551930,N,12204.687319,W,033.7,183.8,080720,,,A*4F
$GPGGA,223514.00,3725.542564,N,12204.688058,W,7,,0.38,-31.17,M,0.0,M,0.0,0000*7E
$GPRMC,223514.00,A,3725.542564,N,12204.688058,W,034.1,184.4,080720,,,A*44
$GPGGA,223515.00,3725.532712,N,12204.688832,W,7,,0.38,-31.09,M,0.0,M,0.0,0000*70
$GPRMC,223515.00,A,3725.532712,N,12204.688832,W,034.4,184.3,080720,,,A*47
$GPGGA,223516.00,3725.523093,N,12204.689462,W,7,,0.38,-31.20,M,0.0,M,0.0,0000*7E
$GPRMC,223516.00,A,3725.523093,N,12204.689462,W,034.6,183.1,080720,,,A*45
$GPGGA,223517.00,3725.513452,N,12204.689413,W,7,,0.38,-31.10,M,0.0,M,0.0,0000*70
$GPRMC,223517.00,A,3725.513452,N,12204.689413,W,034.6,182.0,080720,,,A*48
$GPGGA,223518.00,3725.503642,N,12204.689539,W,7,,0.38,-31.51,M,0.0,M,0.0,0000*71
$GPRMC,223518.00,A,3725.503642,N,12204.689539,W,035.0,180.7,080720,,,A*4E
$GPGGA,223519.00,3725.493981,N,12204.689720,W,7,,0.38,-31.39,M,0.0,M,0.0,0000*7C
$GPRMC,223519.00,A,3725.493981,N,12204.689720,W,034.8,179.1,080720,,,A*44
$GPGGA,223520.00,3725.484207,N,12204.689678,W,7,,0.38,-31.40,M,0.0,M,0.0,0000*77
$GPRMC,223520.00,A,3725.484207,N,12204.689678,W,035.0,178.0,080720,,,A*48
$GPGGA,223521.00,3725.474349,N,12204.689318,W,7,,0.38,-31.05,M,0.0,M,0.0,0000*70
$GPRMC,223521.00,A,3725.474349,N,12204.689318,W,035.3,177.5,080720,,,A*47
$GPGGA,223522.00,3725.464371,N,12204.688783,W,7,,0.38,-30.85,M,0.0,M,0.0,0000*77
$GPRMC,223522.00,A,3725.464371,N,12204.688783,W,035.2,176.9,080720,,,A*45
$GPGGA,223523.00,3725.454849,N,12204.688075,W,7,,0.38,-31.24,M,0.0,M,0.0,0000*71
$GPRMC,223523.00,A,3725.454849,N,12204.688075,W,034.5,175.9,080720,,,A*4C
$GPGGA,223524.00,3725.445220,N,12204.687313,W,7,,0.38,-31.26,M,0.0,M,0.0,0000*7D
$GPRMC,223524.00,A,3725.445220,N,12204.687313,W,034.4,175.2,080720,,,A*48
$GPGGA,223525.00,3725.435943,N,12204.686000,W,7,,0.38,-31.29,M,0.0,M,0.0,0000*7A
$GPRMC,223525.00,A,3725.435943,N,12204.686000,W,033.7,176.0,080720,,,A*45
$GPGGA,223526.00,3725.426806,N,12204.685256,W,7,,0.38,-31.55,M,0.0,M,0.0,0000*72
$GPRMC,223526.00,A,3725.426806,N,12204.685256,W,032.7,175.9,080720,,,A*4D
$GPGGA,223527.00,3725.419335,N,12204.684847,W,7,,0.38,-31.20,M,0.0,M,0.0,0000*7D
$GPRMC,223527.00,A,3725.419335,N,12204.684847,W,027.5,177.9,080720,,,A*44
$GPGGA,223528.00,3725.413456,N,12204.684914,W,7,,0.38,-30.64,M,0.0,M,0.0,0000*7C
$GPRMC,223528.00,A,3725.413456,N,12204.684914,W,021.7,179.5,080720,,,A*42
$GPGGA,223529.00,3725.409063,N,12204.685532,W,7,,0.38,-31.51,M,0.0,M,0.0,0000*7A
$GPRMC,223529.00,A,3725.409063,N,12204.685532,W,016.3,191.6,080720,,,A*46
$GPGGA,223530.00,3725.405625,N,12204.688267,W,7,,0.38,-31.71,M,0.0,M,0.0,0000*72
$GPRMC,223530.00,A,3725.405625,N,12204.688267,W,014.2,217.4,080720,,,A*40
$GPGGA,223531.00,3725.403820,N,12204.692534,W,7,,0.38,-31.24,M,0.0,M,0.0,0000*74
$GPRMC,223531.00,A,3725.403820,N,12204.692534,W,014.0,244.3,080720,,,A*45
$GPGGA,223532.00,3725.403627,N,12204.697801,W,7,,0.38,-30.58,M,0.0,M,0.0,0000*7A
$GPRMC,223532.00,A,3725.403627,N,12204.697801,W,015.0,264.4,080720,,,A*45
$GPGGA,223533.00,3725.403615,N,12204.703670,W,7,,0.38,-29.98,M,0.0,M,0.0,0000*7A
$GPRMC,223533.00,A,3725.403615,N,12204.703670,W,016.6,267.5,080720,,,A*46
$GPGGA,223534.00,3725.403399,N,12204.710155,W,7,,0.38,-29.65,M,0.0,M,0.0,0000*7C
$GPRMC,223534.00,A,3725.403399,N,12204.710155,W,018.3,267.2,080720,,,A*4E
$GPGGA,223535.00,3725.403117,N,12204.717217,W,7,,0.38,-29.25,M,0.0,M,0.0,0000*7F
$GPRMC,223535.00,A,3725.403117,N,12204.717217,W,020.0,265.4,080720,,,A*45
$GPGGA,223536.00,3725.402715,N,12204.724813,W,7,,0.38,-29.24,M,0.0,M,0.0,0000*76
$GPRMC,223536.00,A,3725.402715,N,12204.724813,W,021.6,264.6,080720,,,A*49
$GPGGA,223537.00,3725.402392,N,12204.733142,W,7,,0.38,-28.80,M,0.0,M,0.0,0000*78
$GPRMC,223537.00,A,3725.402392,N,12204.733142,W,023.1,266.8,080720,,,A*41
$GPGGA,223538.00,3725.402157,N,12204.741452,W,7,,0.38,-28.70,M,0.0,M,0.0,0000*72
$GPRMC,223538.00,A,3725.402157,N,12204.741452,W,024.5,267.7,080720,,,A*49
$GPGGA,223539.00,3725.401714,N,12204.750530,W,7,,0.38,-28.42,M,0.0,M,0.0,0000*75
$GPRMC,223539.00,A,3725.401714,N,12204.750530,W,025.8,267.3,080720,,,A*47
$GPGGA,223540.00,3725.401653,N,12204.760010,W,7,,0.38,-28.55,M,0.0,M,0.0,0000*7B
$GPRMC,223540.00,A,3725.401653,N,12204.760010,W,027.2,267.3,080720,,,A*47
$GPGGA,223541.00,3725.401401,N,12204.769507,W,7,,0.38,-28.63,M,0.0,M,0.0,0000*70
$GPRMC,223541.00,A,3725.401401,N,12204.769507,W,027.9,266.9,080720,,,A*49
$GPGGA,223542.00,3725.400885,N,12204.779084,W,7,,0.38,-28.65,M,0.0,M,0.0,0000*7B
$GPRMC,223542.00,A,3725.400885,N,12204.779084,W,028.3,265.8,080720,,,A*43
$GPGGA,223543.00,3725.400280,N,12204.788629,W,7,,0.38,-28.71,M,0.0,M,0.0,0000*7F
$GPRMC,223543.00,A,3725.400280,N,12204.788629,W,027.4,264.8,080720,,,A*4B
$GPGGA,223544.00,3725.399391,N,12204.797317,W,7,,0.38,-28.60,M,0.0,M,0.0,0000*78
$GPRMC,223544.00,A,3725.399391,N,12204.797317,W,025.0,264.1,080720,,,A*43
$GPGGA,223545.00,3725.398593,N,12204.805076,W,7,,0.38,-28.72,M,0.0,M,0.0,0000*7F
$GPRMC,223545.00,A,3725.398593,N,12204.805076,W,021.4,263.7,080720,,,A*46
$GPGGA,223546.00,3725.398060,N,12204.811526,W,7,,0.38,-28.19,M,0.0,M,0.0,0000*7D
$GPRMC,223546.00,A,3725.398060,N,12204.811526,W,018.7,263.6,080720,,,A*41
$GPGGA,223547.00,3725.397556,N,12204.818090,W,7,,0.38,-27.92,M,0.0,M,0.0,0000*7E
$GPRMC,223547.00,A,3725.397556,N,12204.818090,W,018.4,263.2,080720,,,A*49
$GPGGA,223548.00,3725.396733,N,12204.825109,W,7,,0.38,-27.73,M,0.0,M,0.0,0000*71
$GPRMC,223548.00,A,3725.396733,N,12204.825109,W,020.4,263.6,080720,,,A*46
$GPGGA,223549.00,3725.396050,N,12204.833072,W,7,,0.38,-27.76,M,0.0,M,0.0,0000*7D
$GPRMC,223549.00,A,3725.396050,N,12204.833072,W,023.0,263.2,080720,,,A*4C
$GPGGA,223550.00,3725.395318,N,12204.841981,W,7,,0.38,-27.70,M,0.0,M,0.0,0000*7F
$GPRMC,223550.00,A,3725.395318,N,12204.841981,W,025.2,263.1,080720,,,A*4F
$GPGGA,223551.00,3725.394579,N,12204.851342,W,7,,0.38,-28.08,M,0.0,M,0.0,0000*7A
$GPRMC,223551.00,A,3725.394579,N,12204.851342,W,027.0,263.3,080720,,,A*48
$GPGGA,223552.00,3725.393811,N,12204.861002,W,7,,0.38,-27.81,M,0.0,M,0.0,0000*77
$GPRMC,223552.00,A,3725.393811,N,12204.861002,W,028.7,263.6,080720,,,A*46
$GPGGA,223553.00,3725.392846,N,12204.871525,W,7,,0.38,-27.65,M,0.0,M,0.0,0000*7E
$GPRMC,223553.00,A,3725.392846,N,12204.871525,W,029.8,263.9,080720,,,A*44
$GPGGA,223554.00,3725.391898,N,12204.882079,W,7,,0.38,-27.81,M,0.0,M,0.0,0000*73
$GPRMC,223554.00,A,3725.391898,N,12204.882079,W,030.7,264.0,080720,,,A*4A
$GPGGA,223555.00,3725.390938,N,12204.893281,W,7,,0.38,-28.18,M,0.0,M,0.0,0000*72
$GPRMC,223555.00,A,3725.390938,N,12204.893281,W,031.3,264.3,080720,,,A*42
$GPGGA,223556.00,3725.390007,N,12204.904201,W,7,,0.38,-28.10,M,0.0,M,0.0,0000*7B
$GPRMC,223556.00,A,3725.390007,N,12204.904201,W,031.6,264.4,080720,,,A*41
$GPGGA,223557.00,3725.389311,N,12204.915529,W,7,,0.38,-28.00,M,0.0,M,0.0,0000*7A
$GPRMC,223557.00,A,3725.389311,N,12204.915529,W,032.0,263.9,080720,,,A*4E
$GPGGA,223558.00,3725.388549,N,12204.926671,W,7,,0.38,-28.33,M,0.0,M,0.0,0000*71
$GPRMC,223558.00,A,3725.388549,N,12204.926671,W,032.6,264.0,080720,,,A*4D
$GPGGA,223559.00,3725.387601,N,12204.938174,W,7,,0.38,-28.95,M,0.0,M,0.0,0000*71
$GPRMC,223559.00,A,3725.387601,N,12204.938174,W,032.9,264.3,080720,,,A*4D
$GPGGA,223600.00,3725.386587,N,12204.950155,W,7,,0.38,-29.08,M,0.0,M,0.0,0000*7A
$GPRMC,223600.00,A,3725.386587,N,12204.950155,W,034.0,264.8,080720,,,A*47
$GPGGA,223601.00,3725.385789,N,12204.962263,W,7,,0.38,-29.13,M,0.0,M,0.0,0000*79
$GPRMC,223601.00,A,3725.385789,N,12204.962263,W,034.8,266.4,080720,,,A*48
$GPGGA,223602.00,3725.385009,N,12204.974443,W,7,,0.38,-28.89,M,0.0,M,0.0,0000*74
$GPRMC,223602.00,A,3725.385009,N,12204.974443,W,035.5,267.2,080720,,,A*4C
$GPGGA,223603.00,3725.384632,N,12204.987050,W,7,,0.38,-28.66,M,0.0,M,0.0,0000*71
$GPRMC,223603.00,A,3725.384632,N,12204.987050,W,036.2,269.5,080720,,,A*45
$GPGGA,223604.00,3725.384685,N,12204.999554,W,7,,0.38,-28.82,M,0.0,M,0.0,0000*7E
$GPRMC,223604.00,A,3725.384685,N,12204.999554,W,036.6,270.7,080720,,,A*4E
$GPGGA,223605.00,3725.385028,N,12205.012538,W,7,,0.38,-29.57,M,0.0,M,0.0,0000*77
$GPRMC,223605.00,A,3725.385028,N,12205.012538,W,037.2,271.4,080720,,,A*49
$GPGGA,223606.00,3725.385442,N,12205.025827,W,7,,0.38,-29.24,M,0.0,M,0.0,0000*7F
$GPRMC,223606.00,A,3725.385442,N,12205.025827,W,038.0,272.9,080720,,,A*46
$GPGGA,223607.00,3725.386065,N,12205.039010,W,7,,0.38,-29.15,M,0.0,M,0.0,0000*7F
$GPRMC,223607.00,A,3725.386065,N,12205.039010,W,038.0,273.8,080720,,,A*44
$GPGGA,223608.00,3725.386905,N,12205.052401,W,7,,0.38,-29.35,M,0.0,M,0.0,0000*74
$GPRMC,223608.00,A,3725.386905,N,12205.052401,W,038.0,275.1,080720,,,A*42
$GPGGA,223609.00,3725.387764,N,12205.065740,W,7,,0.38,-29.45,M,0.0,M,0.0,0000*78
$GPRMC,223609.00,A,3725.387764,N,12205.065740,W,037.7,276.9,080720,,,A*4A
$GPGGA,223610.00,3725.388934,N,12205.079036,W,7,,0.38,-29.76,M,0.0,M,0.0,0000*7F
$GPRMC,223610.00,A,3725.388934,N,12205.079036,W,038.2,278.1,080720,,,A*41
$GPGGA,223611.00,3725.390277,N,12205.092332,W,7,,0.38,-29.82,M,0.0,M,0.0,0000*72
$GPRMC,223611.00,A,3725.390277,N,12205.092332,W,038.6,279.1,080720,,,A*42
$GPGGA,223612.00,3725.391748,N,12205.105657,W,7,,0.38,-29.59,M,0.0,M,0.0,0000*76
$GPRMC,223612.00,A,3725.391748,N,12205.105657,W,038.6,279.5,080720,,,A*44
$GPGGA,223613.00,3725.393727,N,12205.118960,W,7,,0.38,-28.94,M,0.0,M,0.0,0000*7B
$GPRMC,223613.00,A,3725.393727,N,12205.118960,W,038.8,281.0,080720,,,A*45
$GPGGA,223614.00,3725.395779,N,12205.132304,W,7,,0.38,-28.09,M,0.0,M,0.0,0000*75
$GPRMC,223614.00,A,3725.395779,N,12205.132304,W,038.9,282.1,080720,,,A*4C
$GPGGA,223615.00,3725.398155,N,12205.145342,W,7,,0.38,-27.74,M,0.0,M,0.0,0000*76
$GPRMC,223615.00,A,3725.398155,N,12205.145342,W,038.7,282.9,080720,,,A*4C
$GPGGA,223616.00,3725.400424,N,12205.158572,W,7,,0.38,-27.07,M,0.0,M,0.0,0000*7D
$GPRMC,223616.00,A,3725.400424,N,12205.158572,W,039.0,283.2,080720,,,A*4F
$GPGGA,223617.00,3725.402751,N,12205.171904,W,7,,0.38,-26.41,M,0.0,M,0.0,0000*7A
$GPRMC,223617.00,A,3725.402751,N,12205.171904,W,039.8,283.6,080720,,,A*47
$GPGGA,223618.00,3725.405439,N,12205.185632,W,7,,0.38,-26.08,M,0.0,M,0.0,0000*73
$GPRMC,223618.00,A,3725.405439,N,12205.185632,W,040.1,284.6,080720,,,A*43
$GPGGA,223619.00,3725.408314,N,12205.199492,W,7,,0.38,-26.29,M,0.0,M,0.0,0000*71
$GPRMC,223619.00,A,3725.408314,N,12205.199492,W,040.7,284.8,080720,,,A*4A
$GPGGA,223620.00,3725.411296,N,12205.213766,W,7,,0.38,-26.51,M,0.0,M,0.0,0000*7E
$GPRMC,223620.00,A,3725.411296,N,12205.213766,W,041.5,285.2,080720,,,A*42
$GPGGA,223621.00,3725.414343,N,12205.228105,W,7,,0.38,-26.73,M,0.0,M,0.0,0000*78
$GPRMC,223621.00,A,3725.414343,N,12205.228105,W,042.1,284.3,080720,,,A*43
$GPGGA,223622.00,3725.417193,N,12205.242320,W,7,,0.38,-27.33,M,0.0,M,0.0,0000*7B
$GPRMC,223622.00,A,3725.417193,N,12205.242320,W,042.4,283.7,080720,,,A*43
$GPGGA,223623.00,3725.420056,N,12205.256803,W,7,,0.38,-28.69,M,0.0,M,0.0,0000*79
$GPRMC,223623.00,A,3725.420056,N,12205.256803,W,042.6,284.1,080720,,,A*42
$GPGGA,223624.00,3725.422750,N,12205.271246,W,7,,0.38,-29.42,M,0.0,M,0.0,0000*7B
$GPRMC,223624.00,A,3725.422750,N,12205.271246,W,042.5,282.9,080720,,,A*45
$GPGGA,223625.00,3725.425881,N,12205.285609,W,7,,0.38,-29.70,M,0.0,M,0.0,0000*7B
$GPRMC,223625.00,A,3725.425881,N,12205.285609,W,042.3,284.3,080720,,,A*4E
$GPGGA,223626.00,3725.428857,N,12205.299775,W,7,,0.38,-29.93,M,0.0,M,0.0,0000*74
$GPRMC,223626.00,A,3725.428857,N,12205.299775,W,041.8,284.2,080720,,,A*45
$GPGGA,223627.00,3725.431738,N,12205.313426,W,7,,0.38,-30.07,M,0.0,M,0.0,0000*78
$GPRMC,223627.00,A,3725.431738,N,12205.313426,W,041.1,283.9,080720,,,A*49
$GPGGA,223628.00,3725.434714,N,12205.326782,W,7,,0.38,-29.95,M,0.0,M,0.0,0000*74
$GPRMC,223628.00,A,3725.434714,N,12205.326782,W,039.8,283.3,080720,,,A*4A
$GPGGA,223629.00,3725.436813,N,12205.339262,W,7,,0.38,-29.77,M,0.0,M,0.0,0000*76
$GPRMC,223629.00,A,3725.436813,N,12205.339262,W,037.1,280.6,080720,,,A*45
$GPGGA,223630.00,3725.438254,N,12205.350620,W,7,,0.38,-30.09,M,0.0,M,0.0,0000*75
$GPRMC,223630.00,A,3725.438254,N,12205.350620,W,033.6,276.8,080720,,,A*43
$GPGGA,223631.00,3725.438709,N,12205.360939,W,7,,0.38,-30.51,M,0.0,M,0.0,0000*70
$GPRMC,223631.00,A,3725.438709,N,12205.360939,W,029.7,270.4,080720,,,A*4B
$GPGGA,223632.00,3725.438488,N,12205.370275,W,7,,0.38,-30.65,M,0.0,M,0.0,0000*7C
$GPRMC,223632.00,A,3725.438488,N,12205.370275,W,026.7,266.1,080720,,,A*4D
$GPGGA,223633.00,3725.437930,N,12205.378214,W,7,,0.38,-30.46,M,0.0,M,0.0,0000*72
$GPRMC,223633.00,A,3725.437930,N,12205.378214,W,023.5,262.1,080720,,,A*41
$GPGGA,223634.00,3725.436825,N,12205.385192,W,7,,0.38,-30.37,M,0.0,M,0.0,0000*78
$GPRMC,223634.00,A,3725.436825,N,12205.385192,W,020.1,257.2,080720,,,A*4F
$GPGGA,223635.00,3725.435674,N,12205.390369,W,7,,0.38,-30.70,M,0.0,M,0.0,0000*71
$GPRMC,223635.00,A,3725.435674,N,12205.390369,W,015.9,253.3,080720,,,A*4E
$GPGGA,223636.00,3725.434906,N,12205.393928,W,7,,0.38,-30.55,M,0.0,M,0.0,0000*72
$GPRMC,223636.00,A,3725.434906,N,12205.393928,W,010.7,251.3,080720,,,A*43
$GPGGA,223637.00,3725.434305,N,12205.395992,W,7,,0.38,-30.65,M,0.0,M,0.0,0000*7E
$GPRMC,223637.00,A,3725.434305,N,12205.395992,W,007.4,250.7,080720,,,A*4C
$GPGGA,223638.00,3725.433550,N,12205.398811,W,7,,0.38,-30.41,M,0.0,M,0.0,0000*71
$GPRMC,223638.00,A,3725.433550,N,12205.398811,W,008.0,250.2,080720,,,A*4B
$GPGGA,223639.00,3725.432320,N,12205.403053,W,7,,0.38,-29.87,M,0.0,M,0.0,0000*79
$GPRMC,223639.00,A,3725.432320,N,12205.403053,W,012.2,249.5,080720,,,A*47
$GPGGA,223640.00,3725.430856,N,12205.408226,W,7,,0.38,-30.28,M,0.0,M,0.0,0000*79
$GPRMC,223640.00,A,3725.430856,N,12205.408226,W,016.2,248.5,080720,,,A*4F
$GPGGA,223641.00,3725.428857,N,12205.414676,W,7,,0.38,-30.58,M,0.0,M,0.0,0000*7B
$GPRMC,223641.00,A,3725.428857,N,12205.414676,W,019.3,248.1,080720,,,A*40
$GPGGA,223642.00,3725.426451,N,12205.421762,W,7,,0.38,-30.92,M,0.0,M,0.0,0000*78
$GPRMC,223642.00,A,3725.426451,N,12205.421762,W,022.2,247.7,080720,,,A*45
$GPGGA,223643.00,3725.423793,N,12205.429790,W,7,,0.38,-31.29,M,0.0,M,0.0,0000*75
$GPRMC,223643.00,A,3725.423793,N,12205.429790,W,024.3,247.0,080720,,,A*49
$GPGGA,223644.00,3725.421304,N,12205.438135,W,7,,0.38,-30.78,M,0.0,M,0.0,0000*76
$GPRMC,223644.00,A,3725.421304,N,12205.438135,W,025.9,246.1,080720,,,A*44
$GPGGA,223645.00,3725.418022,N,12205.446806,W,7,,0.38,-31.16,M,0.0,M,0.0,0000*73
$GPRMC,223645.00,A,3725.418022,N,12205.446806,W,027.3,242.4,080720,,,A*41
$GPGGA,223646.00,3725.413822,N,12205.455020,W,7,,0.38,-31.65,M,0.0,M,0.0,0000*79
$GPRMC,223646.00,A,3725.413822,N,12205.455020,W,028.1,236.4,080720,,,A*41
$GPGGA,223647.00,3725.409681,N,12205.463431,W,7,,0.38,-31.85,M,0.0,M,0.0,0000*7B
$GPRMC,223647.00,A,3725.409681,N,12205.463431,W,028.6,232.8,080720,,,A*42
$GPGGA,223648.00,3725.404042,N,12205.470878,W,7,,0.38,-32.01,M,0.0,M,0.0,0000*7C
$GPRMC,223648.00,A,3725.404042,N,12205.470878,W,028.9,226.9,080720,,,A*41
$GPGGA,223649.00,3725.398432,N,12205.477772,W,7,,0.38,-32.28,M,0.0,M,0.0,0000*75
$GPRMC,223649.00,A,3725.398432,N,12205.477772,W,028.3,222.2,080720,,,A*46
$GPGGA,223650.00,3725.391784,N,12205.484378,W,7,,0.38,-31.84,M,0.0,M,0.0,0000*7D
$GPRMC,223650.00,A,3725.391784,N,12205.484378,W,029.8,216.8,080720,,,A*4C
$GPGGA,223651.00,3725.384943,N,12205.490324,W,7,,0.38,-32.69,M,0.0,M,0.0,0000*71
$GPRMC,223651.00,A,3725.384943,N,12205.490324,W,029.5,215.1,080720,,,A*47
$GPGGA,223652.00,3725.378506,N,12205.496005,W,7,,0.38,-32.90,M,0.0,M,0.0,0000*7C
$GPRMC,223652.00,A,3725.378506,N,12205.496005,W,028.7,216.4,080720,,,A*49
$GPGGA,223653.00,3725.372283,N,12205.502072,W,7,,0.38,-32.24,M,0.0,M,0.0,0000*7E
$GPRMC,223653.00,A,3725.372283,N,12205.502072,W,027.8,227.3,080720,,,A*41
$GPGGA,223654.00,3725.367213,N,12205.509596,W,7,,0.38,-32.27,M,0.0,M,0.0,0000*73
$GPRMC,223654.00,A,3725.367213,N,12205.509596,W,027.6,236.0,080720,,,A*42
$GPGGA,223655.00,3725.363811,N,12205.517989,W,7,,0.38,-32.35,M,0.0,M,0.0,0000*70
$GPRMC,223655.00,A,3725.363811,N,12205.517989,W,026.5,245.1,080720,,,A*45
$GPGGA,223656.00,3725.360397,N,12205.527871,W,7,,0.38,-32.04,M,0.0,M,0.0,0000*72
$GPRMC,223656.00,A,3725.360397,N,12205.527871,W,029.2,247.4,080720,,,A*4A
$GPGGA,223657.00,3725.356576,N,12205.537862,W,7,,0.38,-31.47,M,0.0,M,0.0,0000*78
$GPRMC,223657.00,A,3725.356576,N,12205.537862,W,032.2,246.7,080720,,,A*4C
$GPGGA,223658.00,3725.352718,N,12205.548746,W,7,,0.38,-30.72,M,0.0,M,0.0,0000*7F
$GPRMC,223658.00,A,3725.352718,N,12205.548746,W,033.5,247.0,080720,,,A*4C
$GPGGA,223659.00,3725.349453,N,12205.559551,W,7,,0.38,-30.99,M,0.0,M,0.0,0000*79
$GPRMC,223659.00,A,3725.349453,N,12205.559551,W,033.6,247.0,080720,,,A*4C
$GPGGA,223700.00,3725.346015,N,12205.569925,W,7,,0.38,-30.84,M,0.0,M,0.0,0000*7D
$GPRMC,223700.00,A,3725.346015,N,12205.569925,W,032.4,247.7,080720,,,A*40
$GPGGA,223701.00,3725.342799,N,12205.580576,W,7,,0.38,-29.93,M,0.0,M,0.0,0000*78
$GPRMC,223701.00,A,3725.342799,N,12205.580576,W,032.8,248.8,080720,,,A*47
$GPGGA,223702.00,3725.340058,N,12205.591574,W,7,,0.38,-29.77,M,0.0,M,0.0,0000*7B
$GPRMC,223702.00,A,3725.340058,N,12205.591574,W,032.4,253.5,080720,,,A*45
$GPGGA,223703.00,3725.337892,N,12205.602781,W,7,,0.38,-30.33,M,0.0,M,0.0,0000*7D
$GPRMC,223703.00,A,3725.337892,N,12205.602781,W,031.9,261.2,080720,,,A*43
$GPGGA,223704.00,3725.337418,N,12205.613768,W,7,,0.38,-30.00,M,0.0,M,0.0,0000*73
$GPRMC,223704.00,A,3725.337418,N,12205.613768,W,031.3,270.2,080720,,,A*47
$GPGGA,223705.00,3725.338558,N,12205.624694,W,7,,0.38,-29.91,M,0.0,M,0.0,0000*7E
$GPRMC,223705.00,A,3725.338558,N,12205.624694,W,031.0,283.2,080720,,,A*45
$GPGGA,223706.00,3725.341552,N,12205.635308,W,7,,0.38,-29.60,M,0.0,M,0.0,0000*77
$GPRMC,223706.00,A,3725.341552,N,12205.635308,W,031.9,294.6,080720,,,A*49
$GPGGA,223707.00,3725.346411,N,12205.645250,W,7,,0.38,-29.46,M,0.0,M,0.0,0000*78
$GPRMC,223707.00,A,3725.346411,N,12205.645250,W,033.9,304.9,080720,,,A*47
$GPGGA,223708.00,3725.352424,N,12205.655360,W,7,,0.38,-29.20,M,0.0,M,0.0,0000*77
$GPRMC,223708.00,A,3725.352424,N,12205.655360,W,036.3,307.4,080720,,,A*49
$GPGGA,223709.00,3725.359155,N,12205.666093,W,7,,0.38,-28.15,M,0.0,M,0.0,0000*76
$GPRMC,223709.00,A,3725.359155,N,12205.666093,W,039.7,308.9,080720,,,A*46
$GPGGA,223710.00,3725.366883,N,12205.677530,W,7,,0.38,-27.64,M,0.0,M,0.0,0000*75
$GPRMC,223710.00,A,3725.366883,N,12205.677530,W,042.8,310.4,080720,,,A*4B
$GPGGA,223711.00,3725.375218,N,12205.689787,W,7,,0.38,-28.35,M,0.0,M,0.0,0000*7A
$GPRMC,223711.00,A,3725.375218,N,12205.689787,W,045.2,310.5,080720,,,A*43
$GPGGA,223712.00,3725.383767,N,12205.702327,W,7,,0.38,-27.76,M,0.0,M,0.0,0000*79
$GPRMC,223712.00,A,3725.383767,N,12205.702327,W,047.2,311.2,080720,,,A*4C
$GPGGA,223713.00,3725.392774,N,12205.715276,W,7,,0.38,-27.47,M,0.0,M,0.0,0000*7B
$GPRMC,223713.00,A,3725.392774,N,12205.715276,W,048.9,311.5,080720,,,A*4F
$GPGGA,223714.00,3725.402007,N,12205.728451,W,7,,0.38,-28.01,M,0.0,M,0.0,0000*71
$GPRMC,223714.00,A,3725.402007,N,12205.728451,W,050.2,311.5,080720,,,A*4A
$GPGGA,223715.00,3725.411571,N,12205.742053,W,7,,0.38,-27.83,M,0.0,M,0.0,0000*79
$GPRMC,223715.00,A,3725.411571,N,12205.742053,W,051.5,310.8,080720,,,A*4D
$GPGGA,223716.00,3725.420985,N,12205.756141,W,7,,0.38,-27.62,M,0.0,M,0.0,0000*77
$GPRMC,223716.00,A,3725.420985,N,12205.756141,W,052.8,310.5,080720,,,A*4F
$GPGGA,223717.00,3725.430903,N,12205.770421,W,7,,0.38,-27.90,M,0.0,M,0.0,0000*73
$GPRMC,223717.00,A,3725.430903,N,12205.770421,W,054.1,310.6,080720,,,A*4A
$GPGGA,223718.00,3725.440971,N,12205.784816,W,7,,0.38,-27.99,M,0.0,M,0.0,0000*74
$GPRMC,223718.00,A,3725.440971,N,12205.784816,W,055.1,311.7,080720,,,A*45
$GPGGA,223719.00,3725.451417,N,12205.799041,W,7,,0.38,-28.35,M,0.0,M,0.0,0000*77
$GPRMC,223719.00,A,3725.451417,N,12205.799041,W,055.6,312.5,080720,,,A*49
$GPGGA,223720.00,3725.462044,N,12205.813400,W,7,,0.38,-28.48,M,0.0,M,0.0,0000*79
$GPRMC,223720.00,A,3725.462044,N,12205.813400,W,055.7,313.7,080720,,,A*4F
$GPGGA,223721.00,3725.472958,N,12205.827535,W,7,,0.38,-28.43,M,0.0,M,0.0,0000*76
$GPRMC,223721.00,A,3725.472958,N,12205.827535,W,055.9,314.5,080720,,,A*40
$GPGGA,223722.00,3725.483949,N,12205.841330,W,7,,0.38,-28.32,M,0.0,M,0.0,0000*7E
$GPRMC,223722.00,A,3725.483949,N,12205.841330,W,055.9,315.3,080720,,,A*49
$GPGGA,223723.00,3725.495007,N,12205.855160,W,7,,0.38,-28.44,M,0.0,M,0.0,0000*78
$GPRMC,223723.00,A,3725.495007,N,12205.855160,W,055.4,315.9,080720,,,A*49
$GPGGA,223724.00,3725.506042,N,12205.868701,W,7,,0.38,-28.20,M,0.0,M,0.0,0000*78
$GPRMC,223724.00,A,3725.506042,N,12205.868701,W,055.6,316.5,080720,,,A*46
$GPGGA,223725.00,3725.517411,N,12205.882124,W,7,,0.38,-28.33,M,0.0,M,0.0,0000*7C
$GPRMC,223725.00,A,3725.517411,N,12205.882124,W,055.7,317.2,080720,,,A*47
$GPGGA,223726.00,3725.528776,N,12205.895246,W,7,,0.38,-28.42,M,0.0,M,0.0,0000*76
$GPRMC,223726.00,A,3725.528776,N,12205.895246,W,055.7,318.0,080720,,,A*46
$GPGGA,223727.00,3725.540091,N,12205.908128,W,7,,0.38,-28.33,M,0.0,M,0.0,0000*7F
$GPRMC,223727.00,A,3725.540091,N,12205.908128,W,055.6,318.7,080720,,,A*4F
$GPGGA,223728.00,3725.551822,N,12205.920974,W,7,,0.38,-28.17,M,0.0,M,0.0,0000*7D
$GPRMC,223728.00,A,3725.551822,N,12205.920974,W,055.7,319.1,080720,,,A*4D
$GPGGA,223729.00,3725.563576,N,12205.933315,W,7,,0.38,-28.38,M,0.0,M,0.0,0000*73
$GPRMC,223729.00,A,3725.563576,N,12205.933315,W,055.4,319.9,080720,,,A*45
$GPGGA,223730.00,3725.575282,N,12205.945346,W,7,,0.38,-28.17,M,0.0,M,0.0,0000*7A
$GPRMC,223730.00,A,3725.575282,N,12205.945346,W,054.9,320.4,080720,,,A*4A
$GPGGA,223731.00,3725.587047,N,12205.957315,W,7,,0.38,-28.10,M,0.0,M,0.0,0000*7F
$GPRMC,223731.00,A,3725.587047,N,12205.957315,W,054.1,321.0,080720,,,A*45
$GPGGA,223732.00,3725.598592,N,12205.969238,W,7,,0.38,-28.08,M,0.0,M,0.0,0000*75
$GPRMC,223732.00,A,3725.598592,N,12205.969238,W,053.5,320.5,080720,,,A*41
$GPGGA,223733.00,3725.609997,N,12205.981009,W,7,,0.38,-28.33,M,0.0,M,0.0,0000*78
$GPRMC,223733.00,A,3725.609997,N,12205.981009,W,052.7,320.3,080720,,,A*41
$GPGGA,223734.00,3725.621229,N,12205.992566,W,7,,0.38,-28.94,M,0.0,M,0.0,0000*78
$GPRMC,223734.00,A,3725.621229,N,12205.992566,W,052.3,319.9,080720,,,A*48
$GPGGA,223735.00,3725.632317,N,12206.004151,W,7,,0.38,-29.09,M,0.0,M,0.0,0000*77
$GPRMC,223735.00,A,3725.632317,N,12206.004151,W,052.1,319.9,080720,,,A*40
$GPGGA,223736.00,3725.643531,N,12206.015978,W,7,,0.38,-29.28,M,0.0,M,0.0,0000*70
$GPRMC,223736.00,A,3725.643531,N,12206.015978,W,052.4,319.8,080720,,,A*40
$GPGGA,223737.00,3725.654674,N,12206.027750,W,7,,0.38,-29.88,M,0.0,M,0.0,0000*7A
$GPRMC,223737.00,A,3725.654674,N,12206.027750,W,052.5,319.6,080720,,,A*4F
$GPGGA,223738.00,3725.665612,N,12206.039719,W,7,,0.38,-29.88,M,0.0,M,0.0,0000*75
$GPRMC,223738.00,A,3725.665612,N,12206.039719,W,052.6,319.7,080720,,,A*42
$GPGGA,223739.00,3725.676820,N,12206.051857,W,7,,0.38,-29.77,M,0.0,M,0.0,0000*72
$GPRMC,223739.00,A,3725.676820,N,12206.051857,W,053.1,319.7,080720,,,A*43
$GPGGA,223740.00,3725.688105,N,12206.063642,W,7,,0.38,-29.60,M,0.0,M,0.0,0000*7E
$GPRMC,223740.00,A,3725.688105,N,12206.063642,W,053.5,320.2,080720,,,A*42
$GPGGA,223741.00,3725.699578,N,12206.075666,W,7,,0.38,-29.85,M,0.0,M,0.0,0000*7B
$GPRMC,223741.00,A,3725.699578,N,12206.075666,W,053.7,320.4,080720,,,A*48
$GPGGA,223742.00,3725.711182,N,12206.087551,W,7,,0.38,-29.98,M,0.0,M,0.0,0000*7E
$GPRMC,223742.00,A,3725.711182,N,12206.087551,W,053.4,320.4,080720,,,A*42
$GPGGA,223743.00,3725.722420,N,12206.099276,W,7,,0.38,-30.22,M,0.0,M,0.0,0000*76
$GPRMC,223743.00,A,3725.722420,N,12206.099276,W,052.8,320.0,080720,,,A*4A
$GPGGA,223744.00,3725.733730,N,12206.111282,W,7,,0.38,-30.66,M,0.0,M,0.0,0000*79
$GPRMC,223744.00,A,3725.733730,N,12206.111282,W,053.4,319.8,080720,,,A*4A
$GPGGA,223745.00,3725.745172,N,12206.123179,W,7,,0.38,-30.44,M,0.0,M,0.0,0000*7F
$GPRMC,223745.00,A,3725.745172,N,12206.123179,W,053.7,319.8,080720,,,A*4F
$GPGGA,223746.00,3725.756824,N,12206.135486,W,7,,0.38,-30.48,M,0.0,M,0.0,0000*7A
$GPRMC,223746.00,A,3725.756824,N,12206.135486,W,054.0,319.9,080720,,,A*47
$GPGGA,223747.00,3725.768338,N,12206.147725,W,7,,0.38,-30.67,M,0.0,M,0.0,0000*72
$GPRMC,223747.00,A,3725.768338,N,12206.147725,W,054.5,320.3,080720,,,A*47
$GPGGA,223748.00,3725.780037,N,12206.160272,W,7,,0.38,-30.07,M,0.0,M,0.0,0000*73
$GPRMC,223748.00,A,3725.780037,N,12206.160272,W,054.7,319.8,080720,,,A*43
$GPGGA,223749.00,3725.791779,N,12206.172631,W,7,,0.38,-30.26,M,0.0,M,0.0,0000*7C
$GPRMC,223749.00,A,3725.791779,N,12206.172631,W,054.9,320.0,080720,,,A*43
$GPGGA,223750.00,3725.803432,N,12206.184800,W,7,,0.38,-30.36,M,0.0,M,0.0,0000*78
$GPRMC,223750.00,A,3725.803432,N,12206.184800,W,054.9,320.1,080720,,,A*47
$GPGGA,223751.00,3725.815072,N,12206.197159,W,7,,0.38,-30.47,M,0.0,M,0.0,0000*7F
$GPRMC,223751.00,A,3725.815072,N,12206.197159,W,054.6,320.0,080720,,,A*48
$GPGGA,223752.00,3725.826921,N,12206.209376,W,7,,0.38,-30.85,M,0.0,M,0.0,0000*76
$GPRMC,223752.00,A,3725.826921,N,12206.209376,W,054.6,320.3,080720,,,A*4C
$GPGGA,223753.00,3725.838705,N,12206.221429,W,7,,0.38,-30.77,M,0.0,M,0.0,0000*7A
$GPRMC,223753.00,A,3725.838705,N,12206.221429,W,054.8,320.4,080720,,,A*44
$GPGGA,223754.00,3725.850496,N,12206.233646,W,7,,0.38,-30.43,M,0.0,M,0.0,0000*75
$GPRMC,223754.00,A,3725.850496,N,12206.233646,W,054.4,320.0,080720,,,A*44
$GPGGA,223755.00,3725.862045,N,12206.245861,W,7,,0.38,-30.55,M,0.0,M,0.0,0000*72
$GPRMC,223755.00,A,3725.862045,N,12206.245861,W,054.5,319.7,080720,,,A*48
$GPGGA,223756.00,3725.873746,N,12206.258125,W,7,,0.38,-30.41,M,0.0,M,0.0,0000*75
$GPRMC,223756.00,A,3725.873746,N,12206.258125,W,054.9,320.1,080720,,,A*4A
$GPGGA,223757.00,3725.885499,N,12206.270474,W,7,,0.38,-29.54,M,0.0,M,0.0,0000*7B
$GPRMC,223757.00,A,3725.885499,N,12206.270474,W,055.0,320.0,080720,,,A*41
$GPGGA,223758.00,3725.897164,N,12206.282864,W,7,,0.38,-28.66,M,0.0,M,0.0,0000*70
$GPRMC,223758.00,A,3725.897164,N,12206.282864,W,055.2,319.8,080720,,,A*4A
$GPGGA,223759.00,3725.909187,N,12206.295265,W,7,,0.38,-29.00,M,0.0,M,0.0,0000*76
$GPRMC,223759.00,A,3725.909187,N,12206.295265,W,055.4,319.9,080720,,,A*4A
$GPGGA,223800.00,3725.921386,N,12206.307535,W,7,,0.38,-28.95,M,0.0,M,0.0,0000*79
$GPRMC,223800.00,A,3725.921386,N,12206.307535,W,055.7,320.0,080720,,,A*48
$GPGGA,223801.00,3725.933439,N,12206.319751,W,7,,0.38,-28.36,M,0.0,M,0.0,0000*7E
$GPRMC,223801.00,A,3725.933439,N,12206.319751,W,055.5,320.6,080720,,,A*42
$GPGGA,223802.00,3725.945164,N,12206.332214,W,7,,0.38,-28.10,M,0.0,M,0.0,0000*78
$GPRMC,223802.00,A,3725.945164,N,12206.332214,W,055.9,320.4,080720,,,A*4E
$GPGGA,223803.00,3725.957128,N,12206.344868,W,7,,0.38,-28.32,M,0.0,M,0.0,0000*72
$GPRMC,223803.00,A,3725.957128,N,12206.344868,W,056.4,320.3,080720,,,A*4D
$GPGGA,223804.00,3725.969295,N,12206.358031,W,7,,0.38,-28.90,M,0.0,M,0.0,0000*7C
$GPRMC,223804.00,A,3725.969295,N,12206.358031,W,057.7,319.9,080720,,,A*49
$GPGGA,223805.00,3725.981625,N,12206.371436,W,7,,0.38,-29.05,M,0.0,M,0.0,0000*71
$GPRMC,223805.00,A,3725.981625,N,12206.371436,W,058.8,320.1,080720,,,A*4B
$GPGGA,223806.00,3725.994255,N,12206.384762,W,7,,0.38,-29.68,M,0.0,M,0.0,0000*76
$GPRMC,223806.00,A,3725.994255,N,12206.384762,W,059.3,320.1,080720,,,A*4D
$GPGGA,223807.00,3726.007012,N,12206.398069,W,7,,0.38,-29.82,M,0.0,M,0.0,0000*73
$GPRMC,223807.00,A,3726.007012,N,12206.398069,W,059.7,320.3,080720,,,A*4A
$GPGGA,223808.00,3726.019732,N,12206.411041,W,7,,0.38,-30.14,M,0.0,M,0.0,0000*7D
$GPRMC,223808.00,A,3726.019732,N,12206.411041,W,059.8,320.3,080720,,,A*4C
$GPGGA,223809.00,3726.032667,N,12206.424367,W,7,,0.38,-29.95,M,0.0,M,0.0,0000*74
$GPRMC,223809.00,A,3726.032667,N,12206.424367,W,059.8,320.3,080720,,,A*44
$GPGGA,223810.00,3726.045291,N,12206.437544,W,7,,0.38,-30.00,M,0.0,M,0.0,0000*70
$GPRMC,223810.00,A,3726.045291,N,12206.437544,W,059.2,320.4,080720,,,A*49
$GPGGA,223811.00,3726.057585,N,12206.450203,W,7,,0.38,-30.31,M,0.0,M,0.0,0000*77
$GPRMC,223811.00,A,3726.057585,N,12206.450203,W,057.9,320.2,080720,,,A*4F
$GPGGA,223812.00,3726.069873,N,12206.463043,W,7,,0.38,-30.39,M,0.0,M,0.0,0000*73
$GPRMC,223812.00,A,3726.069873,N,12206.463043,W,057.1,320.0,080720,,,A*49
$GPGGA,223813.00,3726.081532,N,12206.475481,W,7,,0.38,-30.16,M,0.0,M,0.0,0000*7C
$GPRMC,223813.00,A,3726.081532,N,12206.475481,W,055.7,319.8,080720,,,A*4D
$GPGGA,223814.00,3726.093178,N,12206.487937,W,7,,0.38,-30.47,M,0.0,M,0.0,0000*7B
$GPRMC,223814.00,A,3726.093178,N,12206.487937,W,054.8,320.0,080720,,,A*42
$GPGGA,223815.00,3726.104721,N,12206.500082,W,7,,0.38,-29.87,M,0.0,M,0.0,0000*72
$GPRMC,223815.00,A,3726.104721,N,12206.500082,W,054.2,319.9,080720,,,A*46
$GPGGA,223816.00,3726.115900,N,12206.511937,W,7,,0.38,-29.68,M,0.0,M,0.0,0000*7A
$GPRMC,223816.00,A,3726.115900,N,12206.511937,W,052.9,319.8,080720,,,A*43
$GPGGA,223817.00,3726.127005,N,12206.523836,W,7,,0.38,-29.76,M,0.0,M,0.0,0000*78
$GPRMC,223817.00,A,3726.127005,N,12206.523836,W,052.7,320.1,080720,,,A*43
$GPGGA,223818.00,3726.138268,N,12206.535812,W,7,,0.38,-29.51,M,0.0,M,0.0,0000*74
$GPRMC,223818.00,A,3726.138268,N,12206.535812,W,053.1,319.7,080720,,,A*41
$GPGGA,223819.00,3726.149608,N,12206.547932,W,7,,0.38,-29.47,M,0.0,M,0.0,0000*70
$GPRMC,223819.00,A,3726.149608,N,12206.547932,W,054.1,319.8,080720,,,A*4A
$GPGGA,223820.00,3726.161464,N,12206.560196,W,7,,0.38,-29.28,M,0.0,M,0.0,0000*72
$GPRMC,223820.00,A,3726.161464,N,12206.560196,W,055.1,320.0,080720,,,A*42
$GPGGA,223821.00,3726.173229,N,12206.572597,W,7,,0.38,-29.55,M,0.0,M,0.0,0000*73
$GPRMC,223821.00,A,3726.173229,N,12206.572597,W,055.3,320.3,080720,,,A*48
$GPGGA,223822.00,3726.185307,N,12206.585120,W,7,,0.38,-29.78,M,0.0,M,0.0,0000*7B
$GPRMC,223822.00,A,3726.185307,N,12206.585120,W,055.9,320.3,080720,,,A*45
$GPGGA,223823.00,3726.197163,N,12206.597545,W,7,,0.38,-29.82,M,0.0,M,0.0,0000*78
$GPRMC,223823.00,A,3726.197163,N,12206.597545,W,055.4,320.4,080720,,,A*49
$GPGGA,223824.00,3726.209122,N,12206.610283,W,7,,0.38,-30.05,M,0.0,M,0.0,0000*78
$GPRMC,223824.00,A,3726.209122,N,12206.610283,W,055.9,320.1,080720,,,A*46
$GPGGA,223825.00,3726.221116,N,12206.623051,W,7,,0.38,-30.29,M,0.0,M,0.0,0000*77
$GPRMC,223825.00,A,3726.221116,N,12206.623051,W,056.4,320.0,080720,,,A*48
$GPGGA,223826.00,3726.233319,N,12206.636102,W,7,,0.38,-30.42,M,0.0,M,0.0,0000*74
$GPRMC,223826.00,A,3726.233319,N,12206.636102,W,057.4,319.9,080720,,,A*44
$GPGGA,223827.00,3726.245734,N,12206.648773,W,7,,0.38,-30.29,M,0.0,M,0.0,0000*7B
$GPRMC,223827.00,A,3726.245734,N,12206.648773,W,058.4,320.1,080720,,,A*4B
$GPGGA,223828.00,3726.258256,N,12206.661775,W,7,,0.38,-30.29,M,0.0,M,0.0,0000*74
$GPRMC,223828.00,A,3726.258256,N,12206.661775,W,058.9,320.3,080720,,,A*4B
$GPGGA,223829.00,3726.270952,N,12206.675119,W,7,,0.38,-30.32,M,0.0,M,0.0,0000*73
$GPRMC,223829.00,A,3726.270952,N,12206.675119,W,059.2,320.3,080720,,,A*4C
$GPGGA,223830.00,3726.283612,N,12206.688452,W,7,,0.38,-30.48,M,0.0,M,0.0,0000*79
$GPRMC,223830.00,A,3726.283612,N,12206.688452,W,059.5,320.3,080720,,,A*4C
$GPGGA,223831.00,3726.296188,N,12206.701855,W,7,,0.38,-30.45,M,0.0,M,0.0,0000*7E
$GPRMC,223831.00,A,3726.296188,N,12206.701855,W,059.4,320.5,080720,,,A*41
$GPGGA,223832.00,3726.308968,N,12206.714894,W,7,,0.38,-30.88,M,0.0,M,0.0,0000*75
$GPRMC,223832.00,A,3726.308968,N,12206.714894,W,058.9,320.5,080720,,,A*47
$GPGGA,223833.00,3726.321303,N,12206.727830,W,7,,0.38,-30.63,M,0.0,M,0.0,0000*73
$GPRMC,223833.00,A,3726.321303,N,12206.727830,W,058.0,320.2,080720,,,A*4A
$GPGGA,223834.00,3726.333694,N,12206.740616,W,7,,0.38,-30.53,M,0.0,M,0.0,0000*74
$GPRMC,223834.00,A,3726.333694,N,12206.740616,W,057.7,319.9,080720,,,A*47
$GPGGA,223835.00,3726.346005,N,12206.753473,W,7,,0.38,-30.58,M,0.0,M,0.0,0000*71
$GPRMC,223835.00,A,3726.346005,N,12206.753473,W,057.7,320.0,080720,,,A*4A
$GPGGA,223836.00,3726.358216,N,12206.766457,W,7,,0.38,-29.99,M,0.0,M,0.0,0000*78
$GPRMC,223836.00,A,3726.358216,N,12206.766457,W,058.2,319.9,080720,,,A*4F
$GPGGA,223837.00,3726.370845,N,12206.779694,W,7,,0.38,-29.83,M,0.0,M,0.0,0000*77
$GPRMC,223837.00,A,3726.370845,N,12206.779694,W,058.7,320.2,080720,,,A*4F
$GPGGA,223838.00,3726.383481,N,12206.792804,W,7,,0.38,-29.76,M,0.0,M,0.0,0000*78
$GPRMC,223838.00,A,3726.383481,N,12206.792804,W,058.8,320.1,080720,,,A*46
$GPGGA,223839.00,3726.395974,N,12206.805985,W,7,,0.38,-29.20,M,0.0,M,0.0,0000*73
$GPRMC,223839.00,A,3726.395974,N,12206.805985,W,058.8,320.2,080720,,,A*4D
$GPGGA,223840.00,3726.408603,N,12206.818909,W,7,,0.38,-29.02,M,0.0,M,0.0,0000*79
$GPRMC,223840.00,A,3726.408603,N,12206.818909,W,058.4,320.1,080720,,,A*48
$GPGGA,223841.00,3726.421108,N,12206.832176,W,7,,0.38,-29.27,M,0.0,M,0.0,0000*70
$GPRMC,223841.00,A,3726.421108,N,12206.832176,W,058.3,320.0,080720,,,A*40
$GPGGA,223842.00,3726.433557,N,12206.845430,W,7,,0.38,-29.09,M,0.0,M,0.0,0000*75
$GPRMC,223842.00,A,3726.433557,N,12206.845430,W,058.5,320.3,080720,,,A*4C
$GPGGA,223843.00,3726.445996,N,12206.858791,W,7,,0.38,-29.20,M,0.0,M,0.0,0000*7B
$GPRMC,223843.00,A,3726.445996,N,12206.858791,W,058.7,320.4,080720,,,A*4C
$GPGGA,223844.00,3726.458722,N,12206.872046,W,7,,0.38,-29.54,M,0.0,M,0.0,0000*77
$GPRMC,223844.00,A,3726.458722,N,12206.872046,W,059.0,320.3,080720,,,A*42
$GPGGA,223845.00,3726.471460,N,12206.885389,W,7,,0.38,-29.59,M,0.0,M,0.0,0000*7D
$GPRMC,223845.00,A,3726.471460,N,12206.885389,W,059.3,320.1,080720,,,A*44
$GPGGA,223846.00,3726.484125,N,12206.898782,W,7,,0.38,-29.67,M,0.0,M,0.0,0000*7E
$GPRMC,223846.00,A,3726.484125,N,12206.898782,W,059.8,320.1,080720,,,A*41
$GPGGA,223847.00,3726.496798,N,12206.912149,W,7,,0.38,-29.81,M,0.0,M,0.0,0000*76
$GPRMC,223847.00,A,3726.496798,N,12206.912149,W,060.1,320.1,080720,,,A*42
$GPGGA,223848.00,3726.509530,N,12206.925512,W,7,,0.38,-30.18,M,0.0,M,0.0,0000*78
$GPRMC,223848.00,A,3726.509530,N,12206.925512,W,060.0,320.3,080720,,,A*47
$GPGGA,223849.00,3726.522243,N,12206.938844,W,7,,0.38,-30.19,M,0.0,M,0.0,0000*70
$GPRMC,223849.00,A,3726.522243,N,12206.938844,W,059.9,320.0,080720,,,A*4E
$GPGGA,223850.00,3726.535053,N,12206.952133,W,7,,0.38,-30.46,M,0.0,M,0.0,0000*72
$GPRMC,223850.00,A,3726.535053,N,12206.952133,W,059.6,320.2,080720,,,A*4B
$GPGGA,223851.00,3726.547599,N,12206.965424,W,7,,0.38,-30.50,M,0.0,M,0.0,0000*75
$GPRMC,223851.00,A,3726.547599,N,12206.965424,W,059.6,320.0,080720,,,A*49
$GPGGA,223852.00,3726.560403,N,12206.979026,W,7,,0.38,-30.78,M,0.0,M,0.0,0000*70
$GPRMC,223852.00,A,3726.560403,N,12206.979026,W,059.5,319.9,080720,,,A*46
$GPGGA,223853.00,3726.572902,N,12206.992435,W,7,,0.38,-31.12,M,0.0,M,0.0,0000*70
$GPRMC,223853.00,A,3726.572902,N,12206.992435,W,059.2,319.9,080720,,,A*4C
$GPGGA,223854.00,3726.585363,N,12207.005473,W,7,,0.38,-31.06,M,0.0,M,0.0,0000*73
$GPRMC,223854.00,A,3726.585363,N,12207.005473,W,058.8,319.8,080720,,,A*40
$GPGGA,223855.00,3726.597742,N,12207.018571,W,7,,0.38,-30.92,M,0.0,M,0.0,0000*75
$GPRMC,223855.00,A,3726.597742,N,12207.018571,W,058.7,319.6,080720,,,A*4B
$GPGGA,223856.00,3726.610300,N,12207.031957,W,7,,0.38,-30.62,M,0.0,M,0.0,0000*74
$GPRMC,223856.00,A,3726.610300,N,12207.031957,W,058.8,319.8,080720,,,A*44
$GPGGA,223857.00,3726.622755,N,12207.045176,W,7,,0.38,-30.48,M,0.0,M,0.0,0000*70
$GPRMC,223857.00,A,3726.622755,N,12207.045176,W,058.8,320.0,080720,,,A*4A
$GPGGA,223858.00,3726.635349,N,12207.058357,W,7,,0.38,-30.25,M,0.0,M,0.0,0000*76
$GPRMC,223858.00,A,3726.635349,N,12207.058357,W,058.6,320.1,080720,,,A*48
$GPGGA,223859.00,3726.647950,N,12207.071492,W,7,,0.38,-29.71,M,0.0,M,0.0,0000*7C
$GPRMC,223859.00,A,3726.647950,N,12207.071492,W,058.8,320.1,080720,,,A*45
$GPGGA,223900.00,3726.660543,N,12207.084962,W,7,,0.38,-30.08,M,0.0,M,0.0,0000*74
$GPRMC,223900.00,A,3726.660543,N,12207.084962,W,058.6,320.2,080720,,,A*46
$GPGGA,223901.00,3726.672885,N,12207.098048,W,7,,0.38,-30.39,M,0.0,M,0.0,0000*7F
$GPRMC,223901.00,A,3726.672885,N,12207.098048,W,058.8,319.9,080720,,,A*40
$GPGGA,223902.00,3726.685642,N,12207.111163,W,7,,0.38,-30.78,M,0.0,M,0.0,0000*7C
$GPRMC,223902.00,A,3726.685642,N,12207.111163,W,058.8,320.1,080720,,,A*44
$GPGGA,223903.00,3726.698199,N,12207.124310,W,7,,0.38,-30.40,M,0.0,M,0.0,0000*7B
$GPRMC,223903.00,A,3726.698199,N,12207.124310,W,059.1,320.1,080720,,,A*40
$GPGGA,223904.00,3726.711123,N,12207.137540,W,7,,0.38,-30.37,M,0.0,M,0.0,0000*7C
$GPRMC,223904.00,A,3726.711123,N,12207.137540,W,059.9,320.0,080720,,,A*4E
$GPGGA,223905.00,3726.723999,N,12207.151070,W,7,,0.38,-30.28,M,0.0,M,0.0,0000*7D
$GPRMC,223905.00,A,3726.723999,N,12207.151070,W,060.4,319.9,080720,,,A*45
$GPGGA,223906.00,3726.736947,N,12207.164677,W,7,,0.38,-29.88,M,0.0,M,0.0,0000*7C
$GPRMC,223906.00,A,3726.736947,N,12207.164677,W,061.2,319.8,080720,,,A*40
$GPGGA,223907.00,3726.750009,N,12207.178502,W,7,,0.38,-29.99,M,0.0,M,0.0,0000*72
$GPRMC,223907.00,A,3726.750009,N,12207.178502,W,061.3,320.1,080720,,,A*4C
$GPGGA,223908.00,3726.762982,N,12207.192518,W,7,,0.38,-29.90,M,0.0,M,0.0,0000*70
$GPRMC,223908.00,A,3726.762982,N,12207.192518,W,061.8,320.1,080720,,,A*4C
$GPGGA,223909.00,3726.776326,N,12207.206360,W,7,,0.38,-30.06,M,0.0,M,0.0,0000*70
$GPRMC,223909.00,A,3726.776326,N,12207.206360,W,062.6,320.0,080720,,,A*47
$GPGGA,223910.00,3726.789856,N,12207.220550,W,7,,0.38,-30.36,M,0.0,M,0.0,0000*76
$GPRMC,223910.00,A,3726.789856,N,12207.220550,W,063.0,320.6,080720,,,A*43
$GPGGA,223911.00,3726.803673,N,12207.234842,W,7,,0.38,-31.30,M,0.0,M,0.0,0000*7F
$GPRMC,223911.00,A,3726.803673,N,12207.234842,W,063.6,320.7,080720,,,A*4A
$GPGGA,223912.00,3726.817197,N,12207.248948,W,7,,0.38,-31.02,M,0.0,M,0.0,0000*75
$GPRMC,223912.00,A,3726.817197,N,12207.248948,W,063.6,320.4,080720,,,A*42
$GPGGA,223913.00,3726.831016,N,12207.262753,W,7,,0.38,-31.56,M,0.0,M,0.0,0000*75
$GPRMC,223913.00,A,3726.831016,N,12207.262753,W,063.0,320.1,080720,,,A*40
$GPGGA,223914.00,3726.844432,N,12207.276769,W,7,,0.38,-31.61,M,0.0,M,0.0,0000*7A
$GPRMC,223914.00,A,3726.844432,N,12207.276769,W,062.5,320.1,080720,,,A*4F
$GPGGA,223915.00,3726.857602,N,12207.290816,W,7,,0.38,-31.84,M,0.0,M,0.0,0000*7C
$GPRMC,223915.00,A,3726.857602,N,12207.290816,W,062.5,319.9,080720,,,A*40
$GPGGA,223916.00,3726.870928,N,12207.304807,W,7,,0.38,-31.41,M,0.0,M,0.0,0000*78
$GPRMC,223916.00,A,3726.870928,N,12207.304807,W,062.6,320.1,080720,,,A*4C
$GPGGA,223917.00,3726.884494,N,12207.318781,W,7,,0.38,-31.81,M,0.0,M,0.0,0000*78
$GPRMC,223917.00,A,3726.884494,N,12207.318781,W,062.8,320.1,080720,,,A*4E
$GPGGA,223918.00,3726.897892,N,12207.332978,W,7,,0.38,-31.71,M,0.0,M,0.0,0000*70
$GPRMC,223918.00,A,3726.897892,N,12207.332978,W,063.1,320.2,080720,,,A*42
$GPGGA,223919.00,3726.911469,N,12207.347293,W,7,,0.38,-31.18,M,0.0,M,0.0,0000*75
$GPRMC,223919.00,A,3726.911469,N,12207.347293,W,063.3,320.1,080720,,,A*49
$GPGGA,223920.00,3726.924963,N,12207.361363,W,7,,0.38,-31.13,M,0.0,M,0.0,0000*7F
$GPRMC,223920.00,A,3726.924963,N,12207.361363,W,063.2,320.2,080720,,,A*4A
$GPGGA,223921.00,3726.938727,N,12207.375158,W,7,,0.38,-30.93,M,0.0,M,0.0,0000*7B
$GPRMC,223921.00,A,3726.938727,N,12207.375158,W,063.2,320.3,080720,,,A*46
$GPGGA,223922.00,3726.952047,N,12207.389264,W,7,,0.38,-30.44,M,0.0,M,0.0,0000*70
$GPRMC,223922.00,A,3726.952047,N,12207.389264,W,062.9,320.5,080720,,,A*4B
$GPGGA,223923.00,3726.965200,N,12207.403189,W,7,,0.38,-30.04,M,0.0,M,0.0,0000*75
$GPRMC,223923.00,A,3726.965200,N,12207.403189,W,062.0,320.3,080720,,,A*45
$GPGGA,223924.00,3726.978400,N,12207.417086,W,7,,0.38,-30.14,M,0.0,M,0.0,0000*72
$GPRMC,223924.00,A,3726.978400,N,12207.417086,W,061.5,319.9,080720,,,A*45
$GPGGA,223925.00,3726.991456,N,12207.430784,W,7,,0.38,-29.90,M,0.0,M,0.0,0000*73
$GPRMC,223925.00,A,3726.991456,N,12207.430784,W,060.9,319.6,080720,,,A*42
$GPGGA,223926.00,3727.004158,N,12207.444295,W,7,,0.38,-29.57,M,0.0,M,0.0,0000*72
$GPRMC,223926.00,A,3727.004158,N,12207.444295,W,060.2,319.6,080720,,,A*43
$GPGGA,223927.00,3727.016596,N,12207.457772,W,7,,0.38,-29.29,M,0.0,M,0.0,0000*71
$GPRMC,223927.00,A,3727.016596,N,12207.457772,W,059.2,319.7,080720,,,A*42
$GPGGA,223928.00,3727.028920,N,12207.471014,W,7,,0.38,-29.12,M,0.0,M,0.0,0000*79
$GPRMC,223928.00,A,3727.028920,N,12207.471014,W,058.4,319.7,080720,,,A*45
$GPGGA,223929.00,3727.040932,N,12207.483901,W,7,,0.38,-28.74,M,0.0,M,0.0,0000*74
$GPRMC,223929.00,A,3727.040932,N,12207.483901,W,057.4,318.7,080720,,,A*47
$GPGGA,223930.00,3727.052769,N,12207.496922,W,7,,0.38,-28.60,M,0.0,M,0.0,0000*7F
$GPRMC,223930.00,A,3727.052769,N,12207.496922,W,056.8,318.0,080720,,,A*43
$GPGGA,223931.00,3727.064295,N,12207.509894,W,7,,0.38,-28.76,M,0.0,M,0.0,0000*71
$GPRMC,223931.00,A,3727.064295,N,12207.509894,W,056.0,316.9,080720,,,A*45
$GPGGA,223932.00,3727.075474,N,12207.523004,W,7,,0.38,-28.69,M,0.0,M,0.0,0000*7C
$GPRMC,223932.00,A,3727.075474,N,12207.523004,W,055.4,315.9,080720,,,A*42
$GPGGA,223933.00,3727.086141,N,12207.536407,W,7,,0.38,-28.60,M,0.0,M,0.0,0000*78
$GPRMC,223933.00,A,3727.086141,N,12207.536407,W,054.5,314.7,080720,,,A*40
$GPGGA,223934.00,3727.096329,N,12207.549769,W,7,,0.38,-28.80,M,0.0,M,0.0,0000*7F
$GPRMC,223934.00,A,3727.096329,N,12207.549769,W,053.5,313.8,080720,,,A*46
$GPGGA,223935.00,3727.106266,N,12207.563192,W,7,,0.38,-28.81,M,0.0,M,0.0,0000*77
$GPRMC,223935.00,A,3727.106266,N,12207.563192,W,052.8,313.1,080720,,,A*4A
$GPGGA,223936.00,3727.116070,N,12207.577034,W,7,,0.38,-28.53,M,0.0,M,0.0,0000*77
$GPRMC,223936.00,A,3727.116070,N,12207.577034,W,052.5,312.1,080720,,,A*49
$GPGGA,223937.00,3727.125609,N,12207.591217,W,7,,0.38,-28.13,M,0.0,M,0.0,0000*71
$GPRMC,223937.00,A,3727.125609,N,12207.591217,W,053.2,310.7,080720,,,A*49
$GPGGA,223938.00,3727.135342,N,12207.605593,W,7,,0.38,-27.38,M,0.0,M,0.0,0000*76
$GPRMC,223938.00,A,3727.135342,N,12207.605593,W,054.8,309.8,080720,,,A*42
$GPGGA,223939.00,3727.144972,N,12207.620815,W,7,,0.38,-26.94,M,0.0,M,0.0,0000*7B
$GPRMC,223939.00,A,3727.144972,N,12207.620815,W,055.5,308.6,080720,,,A*4B
$GPGGA,223940.00,3727.154373,N,12207.635732,W,7,,0.38,-26.25,M,0.0,M,0.0,0000*7B
$GPRMC,223940.00,A,3727.154373,N,12207.635732,W,055.3,307.6,080720,,,A*48
$GPGGA,223941.00,3727.163457,N,12207.650773,W,7,,0.38,-25.80,M,0.0,M,0.0,0000*75
$GPRMC,223941.00,A,3727.163457,N,12207.650773,W,055.0,307.1,080720,,,A*4E
$GPGGA,223942.00,3727.172487,N,12207.665966,W,7,,0.38,-25.50,M,0.0,M,0.0,0000*7A
$GPRMC,223942.00,A,3727.172487,N,12207.665966,W,054.6,306.5,080720,,,A*4E
$GPGGA,223943.00,3727.181403,N,12207.681260,W,7,,0.38,-25.25,M,0.0,M,0.0,0000*7E
$GPRMC,223943.00,A,3727.181403,N,12207.681260,W,054.0,306.2,080720,,,A*49
$GPGGA,223944.00,3727.190223,N,12207.696217,W,7,,0.38,-25.53,M,0.0,M,0.0,0000*7A
$GPRMC,223944.00,A,3727.190223,N,12207.696217,W,053.4,306.6,080720,,,A*4B
$GPGGA,223945.00,3727.198827,N,12207.711050,W,7,,0.38,-25.60,M,0.0,M,0.0,0000*72
$GPRMC,223945.00,A,3727.198827,N,12207.711050,W,052.8,306.4,080720,,,A*4C
$GPGGA,223946.00,3727.207629,N,12207.725617,W,7,,0.38,-25.65,M,0.0,M,0.0,0000*73
$GPRMC,223946.00,A,3727.207629,N,12207.725617,W,052.2,306.5,080720,,,A*43
$GPGGA,223947.00,3727.216017,N,12207.740167,W,7,,0.38,-25.86,M,0.0,M,0.0,0000*77
$GPRMC,223947.00,A,3727.216017,N,12207.740167,W,051.5,306.4,080720,,,A*4F
$GPGGA,223948.00,3727.224303,N,12207.754592,W,7,,0.38,-25.58,M,0.0,M,0.0,0000*77
$GPRMC,223948.00,A,3727.224303,N,12207.754592,W,051.4,306.3,080720,,,A*4A
$GPGGA,223949.00,3727.232608,N,12207.769244,W,7,,0.38,-25.53,M,0.0,M,0.0,0000*76
$GPRMC,223949.00,A,3727.232608,N,12207.769244,W,051.4,306.3,080720,,,A*40
$GPGGA,223950.00,3727.240761,N,12207.783727,W,7,,0.38,-24.81,M,0.0,M,0.0,0000*7F
$GPRMC,223950.00,A,3727.240761,N,12207.783727,W,051.0,306.5,080720,,,A*45
$GPGGA,223951.00,3727.249029,N,12207.797624,W,7,,0.38,-24.80,M,0.0,M,0.0,0000*7A
$GPRMC,223951.00,A,3727.249029,N,12207.797624,W,050.2,306.6,080720,,,A*41
$GPGGA,223952.00,3727.257292,N,12207.811784,W,7,,0.38,-26.12,M,0.0,M,0.0,0000*77
$GPRMC,223952.00,A,3727.257292,N,12207.811784,W,049.9,306.3,080720,,,A*43
$GPGGA,223953.00,3727.265506,N,12207.825967,W,7,,0.38,-25.58,M,0.0,M,0.0,0000*74
$GPRMC,223953.00,A,3727.265506,N,12207.825967,W,049.8,306.4,080720,,,A*4B
$GPGGA,223954.00,3727.273725,N,12207.840164,W,7,,0.38,-25.08,M,0.0,M,0.0,0000*7A
$GPRMC,223954.00,A,3727.273725,N,12207.840164,W,050.6,306.2,080720,,,A*40
$GPGGA,223955.00,3727.282383,N,12207.854768,W,7,,0.38,-24.91,M,0.0,M,0.0,0000*73
$GPRMC,223955.00,A,3727.282383,N,12207.854768,W,051.0,306.2,080720,,,A*4F
$GPGGA,223956.00,3727.290729,N,12207.868705,W,7,,0.38,-24.96,M,0.0,M,0.0,0000*74
$GPRMC,223956.00,A,3727.290729,N,12207.868705,W,050.6,306.3,080720,,,A*49
$GPGGA,223957.00,3727.298985,N,12207.882974,W,7,,0.38,-25.29,M,0.0,M,0.0,0000*7C
$GPRMC,223957.00,A,3727.298985,N,12207.882974,W,050.0,306.3,080720,,,A*42
$GPGGA,223958.00,3727.307085,N,12207.897097,W,7,,0.38,-25.54,M,0.0,M,0.0,0000*77
$GPRMC,223958.00,A,3727.307085,N,12207.897097,W,049.7,306.2,080720,,,A*4D
$GPGGA,223959.00,3727.315120,N,12207.911228,W,7,,0.38,-25.49,M,0.0,M,0.0,0000*7E
$GPRMC,223959.00,A,3727.315120,N,12207.911228,W,049.9,306.0,080720,,,A*44
$GPGGA,224000.00,3727.323123,N,12207.925021,W,7,,0.38,-25.35,M,0.0,M,0.0,0000*7D
$GPRMC,224000.00,A,3727.323123,N,12207.925021,W,049.5,306.3,080720,,,A*43
$GPGGA,224001.00,3727.331223,N,12207.938846,W,7,,0.38,-25.47,M,0.0,M,0.0,0000*7C
$GPRMC,224001.00,A,3727.331223,N,12207.938846,W,049.0,306.2,080720,,,A*43
$GPGGA,224002.00,3727.339329,N,12207.952699,W,7,,0.38,-25.42,M,0.0,M,0.0,0000*79
$GPRMC,224002.00,A,3727.339329,N,12207.952699,W,048.9,306.4,080720,,,A*4D
$GPGGA,224003.00,3727.347567,N,12207.966710,W,7,,0.38,-25.58,M,0.0,M,0.0,0000*71
$GPRMC,224003.00,A,3727.347567,N,12207.966710,W,049.3,306.4,080720,,,A*45
$GPGGA,224004.00,3727.355559,N,12207.980575,W,7,,0.38,-25.43,M,0.0,M,0.0,0000*7B
$GPRMC,224004.00,A,3727.355559,N,12207.980575,W,048.9,306.6,080720,,,A*4C
$GPGGA,224005.00,3727.363515,N,12207.994117,W,7,,0.38,-25.42,M,0.0,M,0.0,0000*73
$GPRMC,224005.00,A,3727.363515,N,12207.994117,W,048.5,306.6,080720,,,A*49
$GPGGA,224006.00,3727.371615,N,12208.007840,W,7,,0.38,-25.24,M,0.0,M,0.0,0000*77
$GPRMC,224006.00,A,3727.371615,N,12208.007840,W,049.1,306.4,080720,,,A*4A
$GPGGA,224007.00,3727.379823,N,12208.021946,W,7,,0.38,-24.79,M,0.0,M,0.0,0000*7F
$GPRMC,224007.00,A,3727.379823,N,12208.021946,W,049.7,305.7,080720,,,A*4D
$GPGGA,224008.00,3727.387923,N,12208.036778,W,7,,0.38,-24.68,M,0.0,M,0.0,0000*75
$GPRMC,224008.00,A,3727.387923,N,12208.036778,W,050.7,304.5,080720,,,A*4C
$GPGGA,224009.00,3727.396360,N,12208.052060,W,7,,0.38,-24.60,M,0.0,M,0.0,0000*7D
$GPRMC,224009.00,A,3727.396360,N,12208.052060,W,052.5,304.2,080720,,,A*4B
$GPGGA,224010.00,3727.404982,N,12208.067672,W,7,,0.38,-24.32,M,0.0,M,0.0,0000*7B
$GPRMC,224010.00,A,3727.404982,N,12208.067672,W,054.1,305.2,080720,,,A*49
$GPGGA,224011.00,3727.413999,N,12208.083379,W,7,,0.38,-24.06,M,0.0,M,0.0,0000*75
$GPRMC,224011.00,A,3727.413999,N,12208.083379,W,055.6,306.2,080720,,,A*45
$GPGGA,224012.00,3727.423347,N,12208.099219,W,7,,0.38,-23.81,M,0.0,M,0.0,0000*78
$GPRMC,224012.00,A,3727.423347,N,12208.099219,W,056.7,306.5,080720,,,A*45
$GPGGA,224013.00,3727.433032,N,12208.115870,W,7,,0.38,-23.76,M,0.0,M,0.0,0000*71
$GPRMC,224013.00,A,3727.433032,N,12208.115870,W,058.4,306.8,080720,,,A*44
$GPGGA,224014.00,3727.442914,N,12208.132339,W,7,,0.38,-23.66,M,0.0,M,0.0,0000*7F
$GPRMC,224014.00,A,3727.442914,N,12208.132339,W,059.1,307.0,080720,,,A*46
$GPGGA,224015.00,3727.453024,N,12208.148953,W,7,,0.38,-26.04,M,0.0,M,0.0,0000*7E
$GPRMC,224015.00,A,3727.453024,N,12208.148953,W,059.3,306.6,080720,,,A*43
$GPGGA,224016.00,3727.463139,N,12208.165424,W,7,,0.38,-26.41,M,0.0,M,0.0,0000*70
$GPRMC,224016.00,A,3727.463139,N,12208.165424,W,059.5,306.4,080720,,,A*48
$GPGGA,224017.00,3727.472961,N,12208.182584,W,7,,0.38,-25.94,M,0.0,M,0.0,0000*7D
$GPRMC,224017.00,A,3727.472961,N,12208.182584,W,060.0,306.3,080720,,,A*46
$GPGGA,224018.00,3727.482760,N,12208.199491,W,7,,0.38,-25.51,M,0.0,M,0.0,0000*74
$GPRMC,224018.00,A,3727.482760,N,12208.199491,W,059.9,306.3,080720,,,A*45
$GPGGA,224019.00,3727.492462,N,12208.216237,W,7,,0.38,-25.30,M,0.0,M,0.0,0000*7C
$GPRMC,224019.00,A,3727.492462,N,12208.216237,W,060.2,306.4,080720,,,A*4C
$GPGGA,224020.00,3727.502367,N,12208.233055,W,7,,0.38,-24.88,M,0.0,M,0.0,0000*7F
$GPRMC,224020.00,A,3727.502367,N,12208.233055,W,060.1,306.5,080720,,,A*4F
$GPGGA,224021.00,3727.512279,N,12208.250000,W,7,,0.38,-24.54,M,0.0,M,0.0,0000*75
$GPRMC,224021.00,A,3727.512279,N,12208.250000,W,059.9,306.5,080720,,,A*46
$GPGGA,224022.00,3727.522012,N,12208.266439,W,7,,0.38,-24.23,M,0.0,M,0.0,0000*71
$GPRMC,224022.00,A,3727.522012,N,12208.266439,W,059.5,306.6,080720,,,A*4D
$GPGGA,224023.00,3727.531600,N,12208.283107,W,7,,0.38,-24.05,M,0.0,M,0.0,0000*70
$GPRMC,224023.00,A,3727.531600,N,12208.283107,W,059.1,306.5,080720,,,A*4F
$GPGGA,224024.00,3727.541319,N,12208.299548,W,7,,0.38,-24.22,M,0.0,M,0.0,0000*7C
$GPRMC,224024.00,A,3727.541319,N,12208.299548,W,058.5,306.6,080720,,,A*40
$GPGGA,224025.00,3727.550896,N,12208.315801,W,7,,0.38,-23.63,M,0.0,M,0.0,0000*76
$GPRMC,224025.00,A,3727.550896,N,12208.315801,W,058.2,306.4,080720,,,A*4D
$GPGGA,224026.00,3727.560466,N,12208.332271,W,7,,0.38,-23.93,M,0.0,M,0.0,0000*72
$GPRMC,224026.00,A,3727.560466,N,12208.332271,W,057.9,306.3,080720,,,A*45
$GPGGA,224027.00,3727.570060,N,12208.348471,W,7,,0.38,-24.14,M,0.0,M,0.0,0000*73
$GPRMC,224027.00,A,3727.570060,N,12208.348471,W,057.6,306.5,080720,,,A*45
$GPGGA,224028.00,3727.579671,N,12208.364617,W,7,,0.38,-24.33,M,0.0,M,0.0,0000*7A
$GPRMC,224028.00,A,3727.579671,N,12208.364617,W,057.3,306.4,080720,,,A*4D
$GPGGA,224029.00,3727.589098,N,12208.380434,W,7,,0.38,-24.06,M,0.0,M,0.0,0000*7A
$GPRMC,224029.00,A,3727.589098,N,12208.380434,W,057.0,306.7,080720,,,A*4B
$GPGGA,224030.00,3727.598559,N,12208.396208,W,7,,0.38,-23.93,M,0.0,M,0.0,0000*7F
$GPRMC,224030.00,A,3727.598559,N,12208.396208,W,056.6,306.6,080720,,,A*43
$GPGGA,224031.00,3727.607926,N,12208.412048,W,7,,0.38,-23.93,M,0.0,M,0.0,0000*72
$GPRMC,224031.00,A,3727.607926,N,12208.412048,W,056.7,305.9,080720,,,A*43
$GPGGA,224032.00,3727.617171,N,12208.428343,W,7,,0.38,-23.85,M,0.0,M,0.0,0000*7C
$GPRMC,224032.00,A,3727.617171,N,12208.428343,W,057.1,305.9,080720,,,A*4D
$GPGGA,224033.00,3727.626562,N,12208.444922,W,7,,0.38,-23.34,M,0.0,M,0.0,0000*74
$GPRMC,224033.00,A,3727.626562,N,12208.444922,W,057.9,306.1,080720,,,A*4C
$GPGGA,224034.00,3727.636198,N,12208.461464,W,7,,0.38,-23.29,M,0.0,M,0.0,0000*77
$GPRMC,224034.00,A,3727.636198,N,12208.461464,W,058.9,306.1,080720,,,A*4C
$GPGGA,224035.00,3727.645750,N,12208.478084,W,7,,0.38,-22.99,M,0.0,M,0.0,0000*78
$GPRMC,224035.00,A,3727.645750,N,12208.478084,W,058.7,306.2,080720,,,A*44
$GPGGA,224036.00,3727.655422,N,12208.494614,W,7,,0.38,-22.64,M,0.0,M,0.0,0000*73
$GPRMC,224036.00,A,3727.655422,N,12208.494614,W,058.7,306.1,080720,,,A*4E
$GPGGA,224037.00,3727.664991,N,12208.511114,W,7,,0.38,-23.09,M,0.0,M,0.0,0000*74
$GPRMC,224037.00,A,3727.664991,N,12208.511114,W,059.0,306.3,080720,,,A*47
$GPGGA,224038.00,3727.674784,N,12208.527908,W,7,,0.38,-22.98,M,0.0,M,0.0,0000*79
$GPRMC,224038.00,A,3727.674784,N,12208.527908,W,059.3,306.3,080720,,,A*40
$GPGGA,224039.00,3727.684744,N,12208.544750,W,7,,0.38,-23.22,M,0.0,M,0.0,0000*7D
$GPRMC,224039.00,A,3727.684744,N,12208.544750,W,059.5,306.2,080720,,,A*43
$GPGGA,224040.00,3727.694505,N,12208.561135,W,7,,0.38,-22.58,M,0.0,M,0.0,0000*7B
$GPRMC,224040.00,A,3727.694505,N,12208.561135,W,059.2,306.4,080720,,,A*48
$GPGGA,224041.00,3727.704351,N,12208.577774,W,7,,0.38,-22.78,M,0.0,M,0.0,0000*73
$GPRMC,224041.00,A,3727.704351,N,12208.577774,W,059.0,306.6,080720,,,A*42
$GPGGA,224042.00,3727.714006,N,12208.594448,W,7,,0.38,-23.25,M,0.0,M,0.0,0000*78
$GPRMC,224042.00,A,3727.714006,N,12208.594448,W,058.9,306.5,080720,,,A*4B
$GPGGA,224043.00,3727.723767,N,12208.611181,W,7,,0.38,-22.63,M,0.0,M,0.0,0000*70
$GPRMC,224043.00,A,3727.723767,N,12208.611181,W,059.0,306.2,080720,,,A*4F
$GPGGA,224044.00,3727.733505,N,12208.627550,W,7,,0.38,-22.67,M,0.0,M,0.0,0000*79
$GPRMC,224044.00,A,3727.733505,N,12208.627550,W,059.1,305.8,080720,,,A*4A
$GPGGA,224045.00,3727.743160,N,12208.644380,W,7,,0.38,-22.96,M,0.0,M,0.0,0000*78
$GPRMC,224045.00,A,3727.743160,N,12208.644380,W,059.2,305.9,080720,,,A*47
$GPGGA,224046.00,3727.752981,N,12208.660928,W,7,,0.38,-23.07,M,0.0,M,0.0,0000*7B
$GPRMC,224046.00,A,3727.752981,N,12208.660928,W,059.4,306.2,080720,,,A*43
$GPGGA,224047.00,3727.762701,N,12208.677751,W,7,,0.38,-23.31,M,0.0,M,0.0,0000*7C
$GPRMC,224047.00,A,3727.762701,N,12208.677751,W,059.6,306.4,080720,,,A*45
$GPGGA,224048.00,3727.772403,N,12208.694348,W,7,,0.38,-23.29,M,0.0,M,0.0,0000*7B
$GPRMC,224048.00,A,3727.772403,N,12208.694348,W,059.7,306.2,080720,,,A*4C
$GPGGA,224049.00,3727.782004,N,12208.711003,W,7,,0.38,-22.93,M,0.0,M,0.0,0000*76
$GPRMC,224049.00,A,3727.782004,N,12208.711003,W,059.7,306.2,080720,,,A*41
$GPGGA,224050.00,3727.791807,N,12208.727875,W,7,,0.38,-22.79,M,0.0,M,0.0,0000*7F
$GPRMC,224050.00,A,3727.791807,N,12208.727875,W,059.8,306.2,080720,,,A*43
$GPGGA,224051.00,3727.801653,N,12208.744430,W,7,,0.38,-22.75,M,0.0,M,0.0,0000*73
$GPRMC,224051.00,A,3727.801653,N,12208.744430,W,059.9,306.0,080720,,,A*40
$GPGGA,224052.00,3727.811505,N,12208.761536,W,7,,0.38,-22.38,M,0.0,M,0.0,0000*78
$GPRMC,224052.00,A,3727.811505,N,12208.761536,W,060.5,306.3,080720,,,A*47
$GPGGA,224053.00,3727.821700,N,12208.778545,W,7,,0.38,-22.78,M,0.0,M,0.0,0000*75
$GPRMC,224053.00,A,3727.821700,N,12208.778545,W,060.9,306.6,080720,,,A*47
$GPGGA,224054.00,3727.831924,N,12208.795574,W,7,,0.38,-22.55,M,0.0,M,0.0,0000*75
$GPRMC,224054.00,A,3727.831924,N,12208.795574,W,061.1,306.5,080720,,,A*42
$GPGGA,224055.00,3727.841920,N,12208.812824,W,7,,0.38,-22.39,M,0.0,M,0.0,0000*75
$GPRMC,224055.00,A,3727.841920,N,12208.812824,W,061.0,306.3,080720,,,A*4F
$GPGGA,224056.00,3727.852329,N,12208.830091,W,7,,0.38,-22.11,M,0.0,M,0.0,0000*7B
$GPRMC,224056.00,A,3727.852329,N,12208.830091,W,061.4,306.5,080720,,,A*49
$GPGGA,224057.00,3727.862403,N,12208.847269,W,7,,0.38,-21.37,M,0.0,M,0.0,0000*74
$GPRMC,224057.00,A,3727.862403,N,12208.847269,W,061.8,306.3,080720,,,A*4B
$GPGGA,224058.00,3727.872435,N,12208.864513,W,7,,0.38,-21.12,M,0.0,M,0.0,0000*73
$GPRMC,224058.00,A,3727.872435,N,12208.864513,W,061.6,306.1,080720,,,A*47
$GPGGA,224059.00,3727.882539,N,12208.882004,W,7,,0.38,-20.88,M,0.0,M,0.0,0000*79
$GPRMC,224059.00,A,3727.882539,N,12208.882004,W,061.8,306.2,080720,,,A*42
$GPGGA,224100.00,3727.892620,N,12208.899589,W,7,,0.38,-20.58,M,0.0,M,0.0,0000*79
$GPRMC,224100.00,A,3727.892620,N,12208.899589,W,062.0,306.2,080720,,,A*44
$GPGGA,224101.00,3727.902747,N,12208.917230,W,7,,0.38,-20.50,M,0.0,M,0.0,0000*7A
$GPRMC,224101.00,A,3727.902747,N,12208.917230,W,062.4,306.2,080720,,,A*4B
$GPGGA,224102.00,3727.913061,N,12208.935140,W,7,,0.38,-20.66,M,0.0,M,0.0,0000*7B
$GPRMC,224102.00,A,3727.913061,N,12208.935140,W,062.6,306.2,080720,,,A*4D
$GPGGA,224103.00,3727.923387,N,12208.952815,W,7,,0.38,-20.79,M,0.0,M,0.0,0000*74
$GPRMC,224103.00,A,3727.923387,N,12208.952815,W,062.7,306.3,080720,,,A*4C
$GPGGA,224104.00,3727.933888,N,12208.970750,W,7,,0.38,-20.85,M,0.0,M,0.0,0000*7B
$GPRMC,224104.00,A,3727.933888,N,12208.970750,W,063.0,306.5,080720,,,A*40
$GPGGA,224105.00,3727.944496,N,12208.988593,W,7,,0.38,-20.88,M,0.0,M,0.0,0000*7E
$GPRMC,224105.00,A,3727.944496,N,12208.988593,W,063.7,306.5,080720,,,A*4F
$GPGGA,224106.00,3727.954966,N,12209.006318,W,7,,0.38,-21.22,M,0.0,M,0.0,0000*74
$GPRMC,224106.00,A,3727.954966,N,12209.006318,W,063.7,306.7,080720,,,A*46
$GPGGA,224107.00,3727.965484,N,12209.024288,W,7,,0.38,-21.59,M,0.0,M,0.0,0000*72
$GPRMC,224107.00,A,3727.965484,N,12209.024288,W,063.8,306.4,080720,,,A*40
$GPGGA,224108.00,3727.976007,N,12209.042114,W,7,,0.38,-21.92,M,0.0,M,0.0,0000*71
$GPRMC,224108.00,A,3727.976007,N,12209.042114,W,063.9,306.4,080720,,,A*45
$GPGGA,224109.00,3727.986706,N,12209.060053,W,7,,0.38,-22.31,M,0.0,M,0.0,0000*71
$GPRMC,224109.00,A,3727.986706,N,12209.060053,W,064.2,306.2,080720,,,A*45
$GPGGA,224110.00,3727.997248,N,12209.078083,W,7,,0.38,-22.52,M,0.0,M,0.0,0000*77
$GPRMC,224110.00,A,3727.997248,N,12209.078083,W,064.0,306.2,080720,,,A*44
$GPGGA,224111.00,3728.007813,N,12209.096293,W,7,,0.38,-22.82,M,0.0,M,0.0,0000*73
$GPRMC,224111.00,A,3728.007813,N,12209.096293,W,064.3,306.3,080720,,,A*4F
$GPGGA,224112.00,3728.018236,N,12209.114257,W,7,,0.38,-23.00,M,0.0,M,0.0,0000*7B
$GPRMC,224112.00,A,3728.018236,N,12209.114257,W,064.3,306.3,080720,,,A*4C
$GPGGA,224113.00,3728.029005,N,12209.132306,W,7,,0.38,-23.07,M,0.0,M,0.0,0000*7C
$GPRMC,224113.00,A,3728.029005,N,12209.132306,W,064.2,306.6,080720,,,A*48
$GPGGA,224114.00,3728.039566,N,12209.150383,W,7,,0.38,-23.40,M,0.0,M,0.0,0000*70
$GPRMC,224114.00,A,3728.039566,N,12209.150383,W,064.2,306.6,080720,,,A*47
$GPGGA,224115.00,3728.050353,N,12209.168294,W,7,,0.38,-23.60,M,0.0,M,0.0,0000*70
$GPRMC,224115.00,A,3728.050353,N,12209.168294,W,064.0,306.7,080720,,,A*46
$GPGGA,224116.00,3728.060842,N,12209.186095,W,7,,0.38,-23.48,M,0.0,M,0.0,0000*72
$GPRMC,224116.00,A,3728.060842,N,12209.186095,W,063.7,306.7,080720,,,A*4E
$GPGGA,224117.00,3728.071426,N,12209.203777,W,7,,0.38,-23.46,M,0.0,M,0.0,0000*76
$GPRMC,224117.00,A,3728.071426,N,12209.203777,W,063.0,306.7,080720,,,A*43
$GPGGA,224118.00,3728.081715,N,12209.221268,W,7,,0.38,-23.36,M,0.0,M,0.0,0000*79
$GPRMC,224118.00,A,3728.081715,N,12209.221268,W,062.7,306.8,080720,,,A*42
$GPGGA,224119.00,3728.092144,N,12209.238877,W,7,,0.38,-23.52,M,0.0,M,0.0,0000*76
$GPRMC,224119.00,A,3728.092144,N,12209.238877,W,062.7,306.6,080720,,,A*41
$GPGGA,224120.00,3728.102458,N,12209.256187,W,7,,0.38,-23.49,M,0.0,M,0.0,0000*78
$GPRMC,224120.00,A,3728.102458,N,12209.256187,W,062.8,306.5,080720,,,A*49
$GPGGA,224121.00,3728.113012,N,12209.274206,W,7,,0.38,-23.95,M,0.0,M,0.0,0000*78
$GPRMC,224121.00,A,3728.113012,N,12209.274206,W,063.2,306.2,080720,,,A*44
$GPGGA,224122.00,3728.123434,N,12209.292079,W,7,,0.38,-24.31,M,0.0,M,0.0,0000*73
$GPRMC,224122.00,A,3728.123434,N,12209.292079,W,062.9,306.4,080720,,,A*4A
$GPGGA,224123.00,3728.133783,N,12209.309323,W,7,,0.38,-23.52,M,0.0,M,0.0,0000*71
$GPRMC,224123.00,A,3728.133783,N,12209.309323,W,062.0,306.7,080720,,,A*40
$GPGGA,224124.00,3728.144103,N,12209.326724,W,7,,0.38,-22.89,M,0.0,M,0.0,0000*71
$GPRMC,224124.00,A,3728.144103,N,12209.326724,W,062.2,306.5,080720,,,A*47
$GPGGA,224125.00,3728.154238,N,12209.344111,W,7,,0.38,-22.53,M,0.0,M,0.0,0000*79
$GPRMC,224125.00,A,3728.154238,N,12209.344111,W,061.6,306.3,080720,,,A*49
$GPGGA,224126.00,3728.164107,N,12209.361038,W,7,,0.38,-22.43,M,0.0,M,0.0,0000*7A
$GPRMC,224126.00,A,3728.164107,N,12209.361038,W,060.1,306.1,080720,,,A*4F
$GPGGA,224127.00,3728.173623,N,12209.377603,W,7,,0.38,-22.07,M,0.0,M,0.0,0000*75
$GPRMC,224127.00,A,3728.173623,N,12209.377603,W,059.3,306.1,080720,,,A*48
$GPGGA,224128.00,3728.183331,N,12209.394158,W,7,,0.38,-21.43,M,0.0,M,0.0,0000*74
$GPRMC,224128.00,A,3728.183331,N,12209.394158,W,058.3,306.1,080720,,,A*4B
$GPGGA,224129.00,3728.192674,N,12209.410303,W,7,,0.38,-21.36,M,0.0,M,0.0,0000*74
$GPRMC,224129.00,A,3728.192674,N,12209.410303,W,057.6,306.2,080720,,,A*40
$GPGGA,224130.00,3728.202009,N,12209.426635,W,7,,0.38,-21.67,M,0.0,M,0.0,0000*7B
$GPRMC,224130.00,A,3728.202009,N,12209.426635,W,057.3,306.2,080720,,,A*4E
$GPGGA,224131.00,3728.211616,N,12209.442770,W,7,,0.38,-21.97,M,0.0,M,0.0,0000*7D
$GPRMC,224131.00,A,3728.211616,N,12209.442770,W,056.8,306.6,080720,,,A*49
$GPGGA,224132.00,3728.221066,N,12209.458603,W,7,,0.38,-22.12,M,0.0,M,0.0,0000*7C
$GPRMC,224132.00,A,3728.221066,N,12209.458603,W,056.3,306.6,080720,,,A*4D
$GPGGA,224133.00,3728.230311,N,12209.474714,W,7,,0.38,-22.15,M,0.0,M,0.0,0000*70
$GPRMC,224133.00,A,3728.230311,N,12209.474714,W,056.8,306.4,080720,,,A*4F
$GPGGA,224134.00,3728.239780,N,12209.490619,W,7,,0.38,-22.21,M,0.0,M,0.0,0000*73
$GPRMC,224134.00,A,3728.239780,N,12209.490619,W,057.6,306.4,080720,,,A*44
$GPGGA,224135.00,3728.249325,N,12209.507035,W,7,,0.38,-22.18,M,0.0,M,0.0,0000*73
$GPRMC,224135.00,A,3728.249325,N,12209.507035,W,058.2,306.3,080720,,,A*42
$GPGGA,224136.00,3728.258854,N,12209.523614,W,7,,0.38,-22.13,M,0.0,M,0.0,0000*75
$GPRMC,224136.00,A,3728.258854,N,12209.523614,W,059.2,306.3,080720,,,A*4E
$GPGGA,224137.00,3728.268934,N,12209.540576,W,7,,0.38,-22.08,M,0.0,M,0.0,0000*78
$GPRMC,224137.00,A,3728.268934,N,12209.540576,W,060.0,306.5,080720,,,A*47
$GPGGA,224138.00,3728.278744,N,12209.557496,W,7,,0.38,-21.55,M,0.0,M,0.0,0000*7D
$GPRMC,224138.00,A,3728.278744,N,12209.557496,W,060.2,306.6,080720,,,A*48
$GPGGA,224139.00,3728.288884,N,12209.574451,W,7,,0.38,-21.88,M,0.0,M,0.0,0000*7A
$GPRMC,224139.00,A,3728.288884,N,12209.574451,W,060.8,306.2,080720,,,A*41
$GPGGA,224140.00,3728.299113,N,12209.591845,W,7,,0.38,-21.65,M,0.0,M,0.0,0000*72
$GPRMC,224140.00,A,3728.299113,N,12209.591845,W,061.2,306.1,080720,,,A*42
$GPGGA,224141.00,3728.309122,N,12209.609072,W,7,,0.38,-21.77,M,0.0,M,0.0,0000*74
$GPRMC,224141.00,A,3728.309122,N,12209.609072,W,061.8,306.2,080720,,,A*4E
$GPGGA,224142.00,3728.319285,N,12209.626736,W,7,,0.38,-22.07,M,0.0,M,0.0,0000*76
$GPRMC,224142.00,A,3728.319285,N,12209.626736,W,062.3,306.2,080720,,,A*40
$GPGGA,224143.00,3728.329647,N,12209.644532,W,7,,0.38,-22.65,M,0.0,M,0.0,0000*78
$GPRMC,224143.00,A,3728.329647,N,12209.644532,W,062.7,306.3,080720,,,A*4F
$GPGGA,224144.00,3728.340064,N,12209.661757,W,7,,0.38,-22.88,M,0.0,M,0.0,0000*72
$GPRMC,224144.00,A,3728.340064,N,12209.661757,W,062.7,306.4,080720,,,A*41
$GPGGA,224145.00,3728.350240,N,12209.679109,W,7,,0.38,-23.10,M,0.0,M,0.0,0000*72
$GPRMC,224145.00,A,3728.350240,N,12209.679109,W,062.0,306.7,080720,,,A*45
$GPGGA,224146.00,3728.360589,N,12209.696557,W,7,,0.38,-23.05,M,0.0,M,0.0,0000*7A
$GPRMC,224146.00,A,3728.360589,N,12209.696557,W,061.6,306.5,080720,,,A*4E
$GPGGA,224147.00,3728.370778,N,12209.713243,W,7,,0.38,-22.99,M,0.0,M,0.0,0000*7C
$GPRMC,224147.00,A,3728.370778,N,12209.713243,W,061.2,306.5,080720,,,A*48
$GPGGA,224148.00,3728.381133,N,12209.730302,W,7,,0.38,-23.00,M,0.0,M,0.0,0000*70
$GPRMC,224148.00,A,3728.381133,N,12209.730302,W,061.4,307.8,080720,,,A*4F
$GPGGA,224149.00,3728.391826,N,12209.747144,W,7,,0.38,-23.56,M,0.0,M,0.0,0000*7E
$GPRMC,224149.00,A,3728.391826,N,12209.747144,W,061.6,308.6,080720,,,A*41
$GPGGA,224150.00,3728.402488,N,12209.764315,W,7,,0.38,-23.50,M,0.0,M,0.0,0000*72
$GPRMC,224150.00,A,3728.402488,N,12209.764315,W,062.4,308.4,080720,,,A*48
$GPGGA,224151.00,3728.412988,N,12209.781602,W,7,,0.38,-23.65,M,0.0,M,0.0,0000*71
$GPRMC,224151.00,A,3728.412988,N,12209.781602,W,063.2,307.1,080720,,,A*40
$GPGGA,224152.00,3728.423638,N,12209.799566,W,7,,0.38,-23.44,M,0.0,M,0.0,0000*7F
$GPRMC,224152.00,A,3728.423638,N,12209.799566,W,064.0,306.6,080720,,,A*4E
$GPGGA,224153.00,3728.434192,N,12209.817764,W,7,,0.38,-23.55,M,0.0,M,0.0,0000*76
$GPRMC,224153.00,A,3728.434192,N,12209.817764,W,064.4,306.4,080720,,,A*41
$GPGGA,224154.00,3728.445003,N,12209.836178,W,7,,0.38,-23.89,M,0.0,M,0.0,0000*77
$GPRMC,224154.00,A,3728.445003,N,12209.836178,W,064.8,306.3,080720,,,A*4A
$GPGGA,224155.00,3728.455593,N,12209.854609,W,7,,0.38,-23.80,M,0.0,M,0.0,0000*77
$GPRMC,224155.00,A,3728.455593,N,12209.854609,W,065.0,306.1,080720,,,A*48
$GPGGA,224156.00,3728.466394,N,12209.873042,W,7,,0.38,-24.12,M,0.0,M,0.0,0000*75
$GPRMC,224156.00,A,3728.466394,N,12209.873042,W,065.1,306.1,080720,,,A*47
$GPGGA,224157.00,3728.477098,N,12209.891432,W,7,,0.38,-24.56,M,0.0,M,0.0,0000*74
$GPRMC,224157.00,A,3728.477098,N,12209.891432,W,065.1,306.4,080720,,,A*43
$GPGGA,224158.00,3728.487729,N,12209.909666,W,7,,0.38,-24.61,M,0.0,M,0.0,0000*7E
$GPRMC,224158.00,A,3728.487729,N,12209.909666,W,065.2,306.5,080720,,,A*4F
$GPGGA,224159.00,3728.498428,N,12209.928055,W,7,,0.38,-25.04,M,0.0,M,0.0,0000*74
$GPRMC,224159.00,A,3728.498428,N,12209.928055,W,065.2,306.4,080720,,,A*46
$GPGGA,224200.00,3728.509042,N,12209.946625,W,7,,0.38,-25.52,M,0.0,M,0.0,0000*70
$GPRMC,224200.00,A,3728.509042,N,12209.946625,W,065.2,306.2,080720,,,A*47
$GPGGA,224201.00,3728.519920,N,12209.965022,W,7,,0.38,-25.35,M,0.0,M,0.0,0000*7C
$GPRMC,224201.00,A,3728.519920,N,12209.965022,W,065.1,306.4,080720,,,A*4F
$GPGGA,224202.00,3728.530720,N,12209.983214,W,7,,0.38,-24.97,M,0.0,M,0.0,0000*7C
$GPRMC,224202.00,A,3728.530720,N,12209.983214,W,064.6,306.4,080720,,,A*40
$GPGGA,224203.00,3728.541256,N,12210.001231,W,7,,0.38,-25.11,M,0.0,M,0.0,0000*7C
$GPRMC,224203.00,A,3728.541256,N,12210.001231,W,064.0,306.3,080720,,,A*4E
$GPGGA,224204.00,3728.551749,N,12210.019082,W,7,,0.38,-25.49,M,0.0,M,0.0,0000*7F
$GPRMC,224204.00,A,3728.551749,N,12210.019082,W,063.2,306.3,080720,,,A*45
$GPGGA,224205.00,3728.561883,N,12210.036607,W,7,,0.38,-25.22,M,0.0,M,0.0,0000*7F
$GPRMC,224205.00,A,3728.561883,N,12210.036607,W,062.5,306.3,080720,,,A*4E
$GPGGA,224206.00,3728.572353,N,12210.053876,W,7,,0.38,-25.41,M,0.0,M,0.0,0000*76
$GPRMC,224206.00,A,3728.572353,N,12210.053876,W,061.9,306.5,080720,,,A*4B
$GPGGA,224207.00,3728.582427,N,12210.070987,W,7,,0.38,-25.13,M,0.0,M,0.0,0000*75
$GPRMC,224207.00,A,3728.582427,N,12210.070987,W,061.3,306.5,080720,,,A*45
$GPGGA,224208.00,3728.592423,N,12210.087800,W,7,,0.38,-24.95,M,0.0,M,0.0,0000*76
$GPRMC,224208.00,A,3728.592423,N,12210.087800,W,060.6,307.0,080720,,,A*49
$GPGGA,224209.00,3728.602474,N,12210.104335,W,7,,0.38,-24.65,M,0.0,M,0.0,0000*77
$GPRMC,224209.00,A,3728.602474,N,12210.104335,W,059.8,307.5,080720,,,A*46
$GPGGA,224210.00,3728.612692,N,12210.120818,W,7,,0.38,-24.38,M,0.0,M,0.0,0000*7E
$GPRMC,224210.00,A,3728.612692,N,12210.120818,W,059.4,308.1,080720,,,A*40
$GPGGA,224211.00,3728.622081,N,12210.136411,W,7,,0.38,-24.27,M,0.0,M,0.0,0000*74
$GPRMC,224211.00,A,3728.622081,N,12210.136411,W,056.3,307.2,080720,,,A*40
$GPGGA,224212.00,3728.630871,N,12210.151231,W,7,,0.38,-24.39,M,0.0,M,0.0,0000*79
$GPRMC,224212.00,A,3728.630871,N,12210.151231,W,053.3,306.4,080720,,,A*40
$GPGGA,224213.00,3728.639176,N,12210.165602,W,7,,0.38,-24.14,M,0.0,M,0.0,0000*73
$GPRMC,224213.00,A,3728.639176,N,12210.165602,W,051.3,305.9,080720,,,A*49
$GPGGA,224214.00,3728.647191,N,12210.180283,W,7,,0.38,-24.14,M,0.0,M,0.0,0000*72
$GPRMC,224214.00,A,3728.647191,N,12210.180283,W,050.8,304.3,080720,,,A*49
$GPGGA,224215.00,3728.655310,N,12210.195260,W,7,,0.38,-24.44,M,0.0,M,0.0,0000*77
$GPRMC,224215.00,A,3728.655310,N,12210.195260,W,051.7,303.3,080720,,,A*40
$GPGGA,224216.00,3728.663686,N,12210.210529,W,7,,0.38,-24.22,M,0.0,M,0.0,0000*7F
$GPRMC,224216.00,A,3728.663686,N,12210.210529,W,053.3,304.1,080720,,,A*4B
$GPGGA,224217.00,3728.672475,N,12210.226261,W,7,,0.38,-24.58,M,0.0,M,0.0,0000*73
$GPRMC,224217.00,A,3728.672475,N,12210.226261,W,055.2,305.4,080720,,,A*49
$GPGGA,224218.00,3728.681536,N,12210.242125,W,7,,0.38,-24.82,M,0.0,M,0.0,0000*70
$GPRMC,224218.00,A,3728.681536,N,12210.242125,W,056.6,306.0,080720,,,A*4D
$GPGGA,224219.00,3728.690997,N,12210.258554,W,7,,0.38,-25.51,M,0.0,M,0.0,0000*70
$GPRMC,224219.00,A,3728.690997,N,12210.258554,W,057.6,306.3,080720,,,A*40
$GPGGA,224220.00,3728.700466,N,12210.275035,W,7,,0.38,-26.25,M,0.0,M,0.0,0000*7C
$GPRMC,224220.00,A,3728.700466,N,12210.275035,W,057.9,306.1,080720,,,A*41
$GPGGA,224221.00,3728.710119,N,12210.291853,W,7,,0.38,-27.12,M,0.0,M,0.0,0000*76
$GPRMC,224221.00,A,3728.710119,N,12210.291853,W,058.6,306.4,080720,,,A*4B
$GPGGA,224222.00,3728.720248,N,12210.308414,W,7,,0.38,-28.22,M,0.0,M,0.0,0000*73
$GPRMC,224222.00,A,3728.720248,N,12210.308414,W,059.2,307.4,080720,,,A*46
$GPGGA,224223.00,3728.730405,N,12210.324793,W,7,,0.38,-27.43,M,0.0,M,0.0,0000*76
$GPRMC,224223.00,A,3728.730405,N,12210.324793,W,059.5,308.6,080720,,,A*41
$GPGGA,224224.00,3728.740558,N,12210.341041,W,7,,0.38,-27.97,M,0.0,M,0.0,0000*7D
$GPRMC,224224.00,A,3728.740558,N,12210.341041,W,059.2,307.8,080720,,,A*45
$GPGGA,224225.00,3728.750848,N,12210.358070,W,7,,0.38,-28.70,M,0.0,M,0.0,0000*7D
$GPRMC,224225.00,A,3728.750848,N,12210.358070,W,060.6,307.5,080720,,,A*40
$GPGGA,224226.00,3728.761125,N,12210.375530,W,7,,0.38,-28.15,M,0.0,M,0.0,0000*73
$GPRMC,224226.00,A,3728.761125,N,12210.375530,W,061.9,306.3,080720,,,A*44
$GPGGA,224227.00,3728.771422,N,12210.393103,W,7,,0.38,-27.30,M,0.0,M,0.0,0000*75
$GPRMC,224227.00,A,3728.771422,N,12210.393103,W,062.4,306.0,080720,,,A*47
$GPGGA,224228.00,3728.781687,N,12210.410671,W,7,,0.38,-26.67,M,0.0,M,0.0,0000*75
$GPRMC,224228.00,A,3728.781687,N,12210.410671,W,062.4,306.0,080720,,,A*44
$GPGGA,224229.00,3728.791882,N,12210.428161,W,7,,0.38,-26.33,M,0.0,M,0.0,0000*72
$GPRMC,224229.00,A,3728.791882,N,12210.428161,W,062.4,306.0,080720,,,A*42
$GPGGA,224230.00,3728.802148,N,12210.445400,W,7,,0.38,-25.62,M,0.0,M,0.0,0000*7E
$GPRMC,224230.00,A,3728.802148,N,12210.445400,W,062.6,306.0,080720,,,A*4B
$GPGGA,224231.00,3728.812324,N,12210.462854,W,7,,0.38,-24.88,M,0.0,M,0.0,0000*7B
$GPRMC,224231.00,A,3728.812324,N,12210.462854,W,062.5,306.2,080720,,,A*4A
$GPGGA,224232.00,3728.822578,N,12210.480632,W,7,,0.38,-25.19,M,0.0,M,0.0,0000*7F
$GPRMC,224232.00,A,3728.822578,N,12210.480632,W,062.9,306.0,080720,,,A*49
$GPGGA,224233.00,3728.832909,N,12210.498517,W,7,,0.38,-25.63,M,0.0,M,0.0,0000*75
$GPRMC,224233.00,A,3728.832909,N,12210.498517,W,063.4,306.3,080720,,,A*41
$GPGGA,224234.00,3728.843271,N,12210.516536,W,7,,0.38,-25.98,M,0.0,M,0.0,0000*70
$GPRMC,224234.00,A,3728.843271,N,12210.516536,W,063.6,306.5,080720,,,A*44
$GPGGA,224235.00,3728.853844,N,12210.534278,W,7,,0.38,-26.06,M,0.0,M,0.0,0000*75
$GPRMC,224235.00,A,3728.853844,N,12210.534278,W,063.7,306.3,080720,,,A*42
$GPGGA,224236.00,3728.864386,N,12210.551863,W,7,,0.38,-25.87,M,0.0,M,0.0,0000*7E
$GPRMC,224236.00,A,3728.864386,N,12210.551863,W,063.7,306.5,080720,,,A*45
$GPGGA,224237.00,3728.874765,N,12210.569845,W,7,,0.38,-25.97,M,0.0,M,0.0,0000*79
$GPRMC,224237.00,A,3728.874765,N,12210.569845,W,063.6,306.4,080720,,,A*43
$GPGGA,224238.00,3728.885235,N,12210.587744,W,7,,0.38,-26.24,M,0.0,M,0.0,0000*7D
$GPRMC,224238.00,A,3728.885235,N,12210.587744,W,063.3,306.2,080720,,,A*4F
$GPGGA,224239.00,3728.895183,N,12210.605156,W,7,,0.38,-25.76,M,0.0,M,0.0,0000*7B
$GPRMC,224239.00,A,3728.895183,N,12210.605156,W,062.4,305.8,080720,,,A*42
$GPGGA,224240.00,3728.905263,N,12210.622591,W,7,,0.38,-25.99,M,0.0,M,0.0,0000*7B
$GPRMC,224240.00,A,3728.905263,N,12210.622591,W,061.8,305.3,080720,,,A*47
$GPGGA,224241.00,3728.915230,N,12210.640424,W,7,,0.38,-26.33,M,0.0,M,0.0,0000*75
$GPRMC,224241.00,A,3728.915230,N,12210.640424,W,062.5,304.8,080720,,,A*4E
$GPGGA,224242.00,3728.925202,N,12210.658652,W,7,,0.38,-26.46,M,0.0,M,0.0,0000*7C
$GPRMC,224242.00,A,3728.925202,N,12210.658652,W,063.3,304.1,080720,,,A*4B
$GPGGA,224243.00,3728.935222,N,12210.677210,W,7,,0.38,-26.36,M,0.0,M,0.0,0000*76
$GPRMC,224243.00,A,3728.935222,N,12210.677210,W,063.7,303.2,080720,,,A*46
$GPGGA,224244.00,3728.944936,N,12210.695966,W,7,,0.38,-26.37,M,0.0,M,0.0,0000*7E
$GPRMC,224244.00,A,3728.944936,N,12210.695966,W,063.8,302.3,080720,,,A*40
$GPGGA,224245.00,3728.954446,N,12210.715261,W,7,,0.38,-26.01,M,0.0,M,0.0,0000*74
$GPRMC,224245.00,A,3728.954446,N,12210.715261,W,064.6,301.3,080720,,,A*45
$GPGGA,224246.00,3728.963439,N,12210.735079,W,7,,0.38,-25.52,M,0.0,M,0.0,0000*77
$GPRMC,224246.00,A,3728.963439,N,12210.735079,W,065.0,300.0,080720,,,A*46
$GPGGA,224247.00,3728.972614,N,12210.755018,W,7,,0.38,-24.71,M,0.0,M,0.0,0000*7A
$GPRMC,224247.00,A,3728.972614,N,12210.755018,W,065.6,299.1,080720,,,A*4D
$GPGGA,224248.00,3728.981313,N,12210.774931,W,7,,0.38,-24.39,M,0.0,M,0.0,0000*76
$GPRMC,224248.00,A,3728.981313,N,12210.774931,W,064.9,298.0,080720,,,A*43
$GPGGA,224249.00,3728.989288,N,12210.794990,W,7,,0.38,-24.32,M,0.0,M,0.0,0000*72
$GPRMC,224249.00,A,3728.989288,N,12210.794990,W,063.9,297.1,080720,,,A*45
$GPGGA,224250.00,3728.997094,N,12210.814796,W,7,,0.38,-23.80,M,0.0,M,0.0,0000*7B
$GPRMC,224250.00,A,3728.997094,N,12210.814796,W,063.5,296.3,080720,,,A*4D
$GPGGA,224251.00,3729.004576,N,12210.835004,W,7,,0.38,-23.75,M,0.0,M,0.0,0000*74
$GPRMC,224251.00,A,3729.004576,N,12210.835004,W,063.3,295.8,080720,,,A*46
$GPGGA,224252.00,3729.011853,N,12210.854185,W,7,,0.38,-22.84,M,0.0,M,0.0,0000*79
$GPRMC,224252.00,A,3729.011853,N,12210.854185,W,061.3,295.1,080720,,,A*4F
$GPGGA,224253.00,3729.018939,N,12210.874147,W,7,,0.38,-23.06,M,0.0,M,0.0,0000*7B
$GPRMC,224253.00,A,3729.018939,N,12210.874147,W,061.2,294.3,080720,,,A*44
$GPGGA,224254.00,3729.025977,N,12210.893096,W,7,,0.38,-23.01,M,0.0,M,0.0,0000*7B
$GPRMC,224254.00,A,3729.025977,N,12210.893096,W,059.9,294.0,080720,,,A*40
$GPGGA,224255.00,3729.032655,N,12210.911264,W,7,,0.38,-22.88,M,0.0,M,0.0,0000*77
$GPRMC,224255.00,A,3729.032655,N,12210.911264,W,058.8,292.7,080720,,,A*4D
$GPGGA,224256.00,3729.038716,N,12210.929954,W,7,,0.38,-22.77,M,0.0,M,0.0,0000*7B
$GPRMC,224256.00,A,3729.038716,N,12210.929954,W,057.6,292.0,080720,,,A*47
$GPGGA,224257.00,3729.044524,N,12210.948085,W,7,,0.38,-22.88,M,0.0,M,0.0,0000*70
$GPRMC,224257.00,A,3729.044524,N,12210.948085,W,056.9,291.6,080720,,,A*47
$GPGGA,224258.00,3729.050332,N,12210.966560,W,7,,0.38,-22.54,M,0.0,M,0.0,0000*78
$GPRMC,224258.00,A,3729.050332,N,12210.966560,W,056.0,290.8,080720,,,A*48
$GPGGA,224259.00,3729.055773,N,12210.984565,W,7,,0.38,-22.92,M,0.0,M,0.0,0000*7E
$GPRMC,224259.00,A,3729.055773,N,12210.984565,W,055.9,290.3,080720,,,A*45
$GPGGA,224300.00,3729.061006,N,12211.002715,W,7,,0.38,-23.56,M,0.0,M,0.0,0000*7B
$GPRMC,224300.00,A,3729.061006,N,12211.002715,W,056.5,289.4,080720,,,A*49
$GPGGA,224301.00,3729.066243,N,12211.021454,W,7,,0.38,-24.03,M,0.0,M,0.0,0000*7E
$GPRMC,224301.00,A,3729.066243,N,12211.021454,W,057.0,289.0,080720,,,A*4B
$GPGGA,224302.00,3729.071368,N,12211.040396,W,7,,0.38,-24.19,M,0.0,M,0.0,0000*76
$GPRMC,224302.00,A,3729.071368,N,12211.040396,W,057.1,288.7,080720,,,A*4F
$GPGGA,224303.00,3729.076444,N,12211.059440,W,7,,0.38,-24.48,M,0.0,M,0.0,0000*79
$GPRMC,224303.00,A,3729.076444,N,12211.059440,W,057.0,288.2,080720,,,A*40
$GPGGA,224304.00,3729.081273,N,12211.078417,W,7,,0.38,-24.57,M,0.0,M,0.0,0000*7B
$GPRMC,224304.00,A,3729.081273,N,12211.078417,W,056.8,287.8,080720,,,A*40
$GPGGA,224305.00,3729.085809,N,12211.097179,W,7,,0.38,-24.49,M,0.0,M,0.0,0000*7A
$GPRMC,224305.00,A,3729.085809,N,12211.097179,W,056.2,287.4,080720,,,A*48
$GPGGA,224306.00,3729.090399,N,12211.116140,W,7,,0.38,-24.96,M,0.0,M,0.0,0000*7F
$GPRMC,224306.00,A,3729.090399,N,12211.116140,W,056.4,286.7,080720,,,A*4B
$GPGGA,224307.00,3729.094737,N,12211.134949,W,7,,0.38,-25.02,M,0.0,M,0.0,0000*77
$GPRMC,224307.00,A,3729.094737,N,12211.134949,W,056.6,286.2,080720,,,A*48
$GPGGA,224308.00,3729.099087,N,12211.153909,W,7,,0.38,-25.51,M,0.0,M,0.0,0000*7A
$GPRMC,224308.00,A,3729.099087,N,12211.153909,W,056.4,285.5,080720,,,A*45
$GPGGA,224309.00,3729.103366,N,12211.172737,W,7,,0.38,-25.71,M,0.0,M,0.0,0000*77
$GPRMC,224309.00,A,3729.103366,N,12211.172737,W,055.7,284.7,080720,,,A*49
$GPGGA,224310.00,3729.107098,N,12211.191482,W,7,,0.38,-25.10,M,0.0,M,0.0,0000*7E
$GPRMC,224310.00,A,3729.107098,N,12211.191482,W,055.3,284.4,080720,,,A*40
$GPGGA,224311.00,3729.110878,N,12211.209824,W,7,,0.38,-25.44,M,0.0,M,0.0,0000*7C
$GPRMC,224311.00,A,3729.110878,N,12211.209824,W,055.1,284.3,080720,,,A*46
$GPGGA,224312.00,3729.114399,N,12211.228417,W,7,,0.38,-25.36,M,0.0,M,0.0,0000*75
$GPRMC,224312.00,A,3729.114399,N,12211.228417,W,054.9,283.2,080720,,,A*45
$GPGGA,224313.00,3729.117687,N,12211.247336,W,7,,0.38,-25.27,M,0.0,M,0.0,0000*70
$GPRMC,224313.00,A,3729.117687,N,12211.247336,W,055.2,281.3,080720,,,A*49
$GPGGA,224314.00,3729.120364,N,12211.266368,W,7,,0.38,-25.55,M,0.0,M,0.0,0000*76
$GPRMC,224314.00,A,3729.120364,N,12211.266368,W,056.2,280.0,080720,,,A*4B
$GPGGA,224315.00,3729.123076,N,12211.286318,W,7,,0.38,-25.80,M,0.0,M,0.0,0000*75
$GPRMC,224315.00,A,3729.123076,N,12211.286318,W,058.2,279.9,080720,,,A*41
$GPGGA,224316.00,3729.126009,N,12211.307258,W,7,,0.38,-25.81,M,0.0,M,0.0,0000*77
$GPRMC,224316.00,A,3729.126009,N,12211.307258,W,060.3,280.1,080720,,,A*46
$GPGGA,224317.00,3729.128931,N,12211.328479,W,7,,0.38,-26.26,M,0.0,M,0.0,0000*7C
$GPRMC,224317.00,A,3729.128931,N,12211.328479,W,061.9,280.1,080720,,,A*48
$GPGGA,224318.00,3729.131938,N,12211.349965,W,7,,0.38,-26.45,M,0.0,M,0.0,0000*70
$GPRMC,224318.00,A,3729.131938,N,12211.349965,W,062.9,279.7,080720,,,A*42
$GPGGA,224319.00,3729.134932,N,12211.371974,W,7,,0.38,-26.60,M,0.0,M,0.0,0000*72
$GPRMC,224319.00,A,3729.134932,N,12211.371974,W,064.0,279.6,080720,,,A*49
$GPGGA,224320.00,3729.138136,N,12211.394396,W,7,,0.38,-26.79,M,0.0,M,0.0,0000*7D
$GPRMC,224320.00,A,3729.138136,N,12211.394396,W,064.8,280.0,080720,,,A*46
$GPGGA,224321.00,3729.141429,N,12211.417058,W,7,,0.38,-26.48,M,0.0,M,0.0,0000*76
$GPRMC,224321.00,A,3729.141429,N,12211.417058,W,065.5,280.7,080720,,,A*44
$GPGGA,224322.00,3729.144670,N,12211.439695,W,7,,0.38,-26.30,M,0.0,M,0.0,0000*7A
$GPRMC,224322.00,A,3729.144670,N,12211.439695,W,065.8,280.1,080720,,,A*4C
$GPGGA,224323.00,3729.147783,N,12211.462238,W,7,,0.38,-26.50,M,0.0,M,0.0,0000*7E
$GPRMC,224323.00,A,3729.147783,N,12211.462238,W,065.4,279.2,080720,,,A*47
$GPGGA,224324.00,3729.150705,N,12211.484539,W,7,,0.38,-26.49,M,0.0,M,0.0,0000*77
$GPRMC,224324.00,A,3729.150705,N,12211.484539,W,065.1,279.0,080720,,,A*41
$GPGGA,224325.00,3729.153471,N,12211.507004,W,7,,0.38,-26.73,M,0.0,M,0.0,0000*7D
$GPRMC,224325.00,A,3729.153471,N,12211.507004,W,065.0,279.0,080720,,,A*43
$GPGGA,224326.00,3729.156393,N,12211.529282,W,7,,0.38,-26.89,M,0.0,M,0.0,0000*75
$GPRMC,224326.00,A,3729.156393,N,12211.529282,W,064.7,279.0,080720,,,A*48
$GPGGA,224327.00,3729.159195,N,12211.551614,W,7,,0.38,-26.97,M,0.0,M,0.0,0000*74
$GPRMC,224327.00,A,3729.159195,N,12211.551614,W,064.5,278.9,080720,,,A*4C
$GPGGA,224328.00,3729.161937,N,12211.573790,W,7,,0.38,-26.87,M,0.0,M,0.0,0000*7C
$GPRMC,224328.00,A,3729.161937,N,12211.573790,W,064.2,278.9,080720,,,A*42
$GPGGA,224329.00,3729.164643,N,12211.595929,W,7,,0.38,-26.90,M,0.0,M,0.0,0000*76
$GPRMC,224329.00,A,3729.164643,N,12211.595929,W,063.7,278.7,080720,,,A*42
$GPGGA,224330.00,3729.167290,N,12211.617775,W,7,,0.38,-27.00,M,0.0,M,0.0,0000*71
$GPRMC,224330.00,A,3729.167290,N,12211.617775,W,063.0,278.8,080720,,,A*45
$GPGGA,224331.00,3729.169923,N,12211.639154,W,7,,0.38,-26.98,M,0.0,M,0.0,0000*74
$GPRMC,224331.00,A,3729.169923,N,12211.639154,W,062.2,278.7,080720,,,A*4C
$GPGGA,224332.00,3729.172593,N,12211.660526,W,7,,0.38,-27.07,M,0.0,M,0.0,0000*70
$GPRMC,224332.00,A,3729.172593,N,12211.660526,W,061.5,278.7,080720,,,A*4B
$GPGGA,224333.00,3729.175209,N,12211.681639,W,7,,0.38,-26.92,M,0.0,M,0.0,0000*7D
$GPRMC,224333.00,A,3729.175209,N,12211.681639,W,060.7,279.1,080720,,,A*4F
$GPGGA,224334.00,3729.177682,N,12211.702334,W,7,,0.38,-26.98,M,0.0,M,0.0,0000*77
$GPRMC,224334.00,A,3729.177682,N,12211.702334,W,060.0,279.2,080720,,,A*4B
$GPGGA,224335.00,3729.180249,N,12211.722757,W,7,,0.38,-26.49,M,0.0,M,0.0,0000*72
$GPRMC,224335.00,A,3729.180249,N,12211.722757,W,059.2,279.0,080720,,,A*48
$GPGGA,224336.00,3729.182907,N,12211.743025,W,7,,0.38,-26.36,M,0.0,M,0.0,0000*7F
$GPRMC,224336.00,A,3729.182907,N,12211.743025,W,058.6,278.9,080720,,,A*40
$GPGGA,224337.00,3729.185541,N,12211.762675,W,7,,0.38,-26.49,M,0.0,M,0.0,0000*7F
$GPRMC,224337.00,A,3729.185541,N,12211.762675,W,057.3,279.0,080720,,,A*4A
$GPGGA,224338.00,3729.187852,N,12211.781917,W,7,,0.38,-26.40,M,0.0,M,0.0,0000*72
$GPRMC,224338.00,A,3729.187852,N,12211.781917,W,055.8,278.9,080720,,,A*4F
$GPGGA,224339.00,3729.189993,N,12211.800529,W,7,,0.38,-26.49,M,0.0,M,0.0,0000*7F
$GPRMC,224339.00,A,3729.189993,N,12211.800529,W,054.1,278.6,080720,,,A*4C
$GPGGA,224340.00,3729.192346,N,12211.818938,W,7,,0.38,-26.89,M,0.0,M,0.0,0000*70
$GPRMC,224340.00,A,3729.192346,N,12211.818938,W,053.1,278.6,080720,,,A*48
$GPGGA,224341.00,3729.194481,N,12211.836979,W,7,,0.38,-26.78,M,0.0,M,0.0,0000*7C
$GPRMC,224341.00,A,3729.194481,N,12211.836979,W,052.4,278.9,080720,,,A*41
$GPGGA,224342.00,3729.196648,N,12211.854133,W,7,,0.38,-26.98,M,0.0,M,0.0,0000*76
$GPRMC,224342.00,A,3729.196648,N,12211.854133,W,051.1,279.0,080720,,,A*4B
$GPGGA,224343.00,3729.198688,N,12211.871474,W,7,,0.38,-27.00,M,0.0,M,0.0,0000*74
$GPRMC,224343.00,A,3729.198688,N,12211.871474,W,050.2,278.9,080720,,,A*43
$GPGGA,224344.00,3729.200818,N,12211.888478,W,7,,0.38,-27.37,M,0.0,M,0.0,0000*78
$GPRMC,224344.00,A,3729.200818,N,12211.888478,W,049.8,278.8,080720,,,A*48
$GPGGA,224345.00,3729.202791,N,12211.906040,W,7,,0.38,-27.60,M,0.0,M,0.0,0000*7F
$GPRMC,224345.00,A,3729.202791,N,12211.906040,W,050.1,278.7,080720,,,A*43
$GPGGA,224346.00,3729.205042,N,12211.923553,W,7,,0.38,-27.57,M,0.0,M,0.0,0000*76
$GPRMC,224346.00,A,3729.205042,N,12211.923553,W,050.5,279.0,080720,,,A*4C
$GPGGA,224347.00,3729.207249,N,12211.940917,W,7,,0.38,-26.89,M,0.0,M,0.0,0000*77
$GPRMC,224347.00,A,3729.207249,N,12211.940917,W,050.4,279.0,080720,,,A*4E
$GPGGA,224348.00,3729.209553,N,12211.958108,W,7,,0.38,-27.18,M,0.0,M,0.0,0000*7C
$GPRMC,224348.00,A,3729.209553,N,12211.958108,W,049.9,278.6,080720,,,A*4E
$GPGGA,224349.00,3729.211606,N,12211.975057,W,7,,0.38,-27.33,M,0.0,M,0.0,0000*7A
$GPRMC,224349.00,A,3729.211606,N,12211.975057,W,049.7,279.4,080720,,,A*4C
$GPGGA,224350.00,3729.213802,N,12211.992284,W,7,,0.38,-27.57,M,0.0,M,0.0,0000*7D
$GPRMC,224350.00,A,3729.213802,N,12211.992284,W,049.5,279.0,080720,,,A*4F
$GPGGA,224351.00,3729.215776,N,12212.009197,W,7,,0.38,-27.42,M,0.0,M,0.0,0000*7B
$GPRMC,224351.00,A,3729.215776,N,12212.009197,W,049.4,278.8,080720,,,A*45
$GPGGA,224352.00,3729.217833,N,12212.026238,W,7,,0.38,-27.88,M,0.0,M,0.0,0000*79
$GPRMC,224352.00,A,3729.217833,N,12212.026238,W,049.8,278.8,080720,,,A*4D
$GPGGA,224353.00,3729.219886,N,12212.043620,W,7,,0.38,-28.15,M,0.0,M,0.0,0000*7D
$GPRMC,224353.00,A,3729.219886,N,12212.043620,W,050.4,277.4,080720,,,A*45
$GPGGA,224354.00,3729.221553,N,12212.061470,W,7,,0.38,-28.56,M,0.0,M,0.0,0000*74
$GPRMC,224354.00,A,3729.221553,N,12212.061470,W,051.1,276.8,080720,,,A*42
$GPGGA,224355.00,3729.223354,N,12212.079181,W,7,,0.38,-28.42,M,0.0,M,0.0,0000*71
$GPRMC,224355.00,A,3729.223354,N,12212.079181,W,051.9,277.3,080720,,,A*40
$GPGGA,224356.00,3729.225423,N,12212.097128,W,7,,0.38,-28.41,M,0.0,M,0.0,0000*73
$GPRMC,224356.00,A,3729.225423,N,12212.097128,W,052.3,278.1,080720,,,A*45
$GPGGA,224357.00,3729.227781,N,12212.115200,W,7,,0.38,-28.16,M,0.0,M,0.0,0000*7B
$GPRMC,224357.00,A,3729.227781,N,12212.115200,W,052.7,278.7,080720,,,A*4D
$GPGGA,224358.00,3729.230091,N,12212.133482,W,7,,0.38,-28.01,M,0.0,M,0.0,0000*7A
$GPRMC,224358.00,A,3729.230091,N,12212.133482,W,053.2,278.8,080720,,,A*41
$GPGGA,224359.00,3729.232245,N,12212.151920,W,7,,0.38,-27.68,M,0.0,M,0.0,0000*73
$GPRMC,224359.00,A,3729.232245,N,12212.151920,W,053.5,278.9,080720,,,A*4E
$GPGGA,224400.00,3729.234759,N,12212.170232,W,7,,0.38,-28.01,M,0.0,M,0.0,0000*7D
$GPRMC,224400.00,A,3729.234759,N,12212.170232,W,053.7,278.9,080720,,,A*42
$GPGGA,224401.00,3729.237009,N,12212.188718,W,7,,0.38,-27.62,M,0.0,M,0.0,0000*7D
$GPRMC,224401.00,A,3729.237009,N,12212.188718,W,053.7,279.2,080720,,,A*42
$GPGGA,224402.00,3729.239457,N,12212.207005,W,7,,0.38,-27.73,M,0.0,M,0.0,0000*70
$GPRMC,224402.00,A,3729.239457,N,12212.207005,W,053.7,278.9,080720,,,A*45
$GPGGA,224403.00,3729.241545,N,12212.225803,W,7,,0.38,-27.80,M,0.0,M,0.0,0000*7E
$GPRMC,224403.00,A,3729.241545,N,12212.225803,W,053.9,278.6,080720,,,A*46
$GPGGA,224404.00,3729.243892,N,12212.244512,W,7,,0.38,-28.08,M,0.0,M,0.0,0000*79
$GPRMC,224404.00,A,3729.243892,N,12212.244512,W,054.8,278.8,080720,,,A*46
$GPGGA,224405.00,3729.246255,N,12212.263981,W,7,,0.38,-28.06,M,0.0,M,0.0,0000*71
$GPRMC,224405.00,A,3729.246255,N,12212.263981,W,056.1,278.8,080720,,,A*4B
$GPGGA,224406.00,3729.248746,N,12212.284201,W,7,,0.38,-28.01,M,0.0,M,0.0,0000*76
$GPRMC,224406.00,A,3729.248746,N,12212.284201,W,057.9,278.8,080720,,,A*42
$GPGGA,224407.00,3729.251302,N,12212.304583,W,7,,0.38,-27.92,M,0.0,M,0.0,0000*7A
$GPRMC,224407.00,A,3729.251302,N,12212.304583,W,059.0,279.2,080720,,,A*47
$GPGGA,224408.00,3729.254049,N,12212.324989,W,7,,0.38,-28.06,M,0.0,M,0.0,0000*7A
$GPRMC,224408.00,A,3729.254049,N,12212.324989,W,059.4,280.1,080720,,,A*44
$GPGGA,224409.00,3729.257068,N,12212.345431,W,7,,0.38,-28.10,M,0.0,M,0.0,0000*75
$GPRMC,224409.00,A,3729.257068,N,12212.345431,W,059.5,280.6,080720,,,A*4A
$GPGGA,224410.00,3729.260115,N,12212.366113,W,7,,0.38,-28.08,M,0.0,M,0.0,0000*7F
$GPRMC,224410.00,A,3729.260115,N,12212.366113,W,059.8,280.6,080720,,,A*44
$GPGGA,224411.00,3729.263103,N,12212.386928,W,7,,0.38,-27.82,M,0.0,M,0.0,0000*79
$GPRMC,224411.00,A,3729.263103,N,12212.386928,W,060.0,280.2,080720,,,A*49
$GPGGA,224412.00,3729.265900,N,12212.407592,W,7,,0.38,-27.70,M,0.0,M,0.0,0000*79
$GPRMC,224412.00,A,3729.265900,N,12212.407592,W,059.9,279.9,080720,,,A*4A
$GPGGA,224413.00,3729.268605,N,12212.428267,W,7,,0.38,-27.27,M,0.0,M,0.0,0000*7D
$GPRMC,224413.00,A,3729.268605,N,12212.428267,W,060.3,279.9,080720,,,A*4C
$GPGGA,224414.00,3729.271576,N,12212.449249,W,7,,0.38,-27.29,M,0.0,M,0.0,0000*70
$GPRMC,224414.00,A,3729.271576,N,12212.449249,W,060.8,280.7,080720,,,A*4C
$GPGGA,224415.00,3729.274912,N,12212.470442,W,7,,0.38,-26.97,M,0.0,M,0.0,0000*79
$GPRMC,224415.00,A,3729.274912,N,12212.470442,W,061.5,281.3,080720,,,A*48
$GPGGA,224416.00,3729.278266,N,12212.491640,W,7,,0.38,-27.01,M,0.0,M,0.0,0000*7F
$GPRMC,224416.00,A,3729.278266,N,12212.491640,W,061.8,281.9,080720,,,A*47
$GPGGA,224417.00,3729.282063,N,12212.512729,W,7,,0.38,-26.92,M,0.0,M,0.0,0000*73
$GPRMC,224417.00,A,3729.282063,N,12212.512729,W,061.8,282.7,080720,,,A*4D
$GPGGA,224418.00,3729.285801,N,12212.533759,W,7,,0.38,-26.70,M,0.0,M,0.0,0000*7F
$GPRMC,224418.00,A,3729.285801,N,12212.533759,W,061.9,283.0,080720,,,A*4A
$GPGGA,224419.00,3729.289834,N,12212.554880,W,7,,0.38,-26.67,M,0.0,M,0.0,0000*78
$GPRMC,224419.00,A,3729.289834,N,12212.554880,W,062.1,283.4,080720,,,A*44
$GPGGA,224420.00,3729.294105,N,12212.575850,W,7,,0.38,-26.93,M,0.0,M,0.0,0000*70
$GPRMC,224420.00,A,3729.294105,N,12212.575850,W,062.3,284.4,080720,,,A*42
$GPGGA,224421.00,3729.298612,N,12212.596651,W,7,,0.38,-27.19,M,0.0,M,0.0,0000*7D
$GPRMC,224421.00,A,3729.298612,N,12212.596651,W,062.3,284.9,080720,,,A*41
$GPGGA,224422.00,3729.303159,N,12212.617735,W,7,,0.38,-27.02,M,0.0,M,0.0,0000*76
$GPRMC,224422.00,A,3729.303159,N,12212.617735,W,062.4,285.2,080720,,,A*4D
$GPGGA,224423.00,3729.307971,N,12212.638484,W,7,,0.38,-26.92,M,0.0,M,0.0,0000*7D
$GPRMC,224423.00,A,3729.307971,N,12212.638484,W,062.2,286.0,080720,,,A*49
$GPGGA,224424.00,3729.312783,N,12212.659153,W,7,,0.38,-26.57,M,0.0,M,0.0,0000*7C
$GPRMC,224424.00,A,3729.312783,N,12212.659153,W,061.6,286.8,080720,,,A*4E
$GPGGA,224425.00,3729.318022,N,12212.679631,W,7,,0.38,-25.87,M,0.0,M,0.0,0000*74
$GPRMC,224425.00,A,3729.318022,N,12212.679631,W,060.8,287.5,080720,,,A*4B
$GPGGA,224426.00,3729.323187,N,12212.699497,W,7,,0.38,-24.62,M,0.0,M,0.0,0000*7B
$GPRMC,224426.00,A,3729.323187,N,12212.699497,W,060.3,288.3,080720,,,A*4C
$GPGGA,224427.00,3729.328600,N,12212.719099,W,7,,0.38,-23.86,M,0.0,M,0.0,0000*77
$GPRMC,224427.00,A,3729.328600,N,12212.719099,W,059.8,288.9,080720,,,A*46
$GPGGA,224428.00,3729.334108,N,12212.738972,W,7,,0.38,-23.17,M,0.0,M,0.0,0000*7D
$GPRMC,224428.00,A,3729.334108,N,12212.738972,W,059.9,289.4,080720,,,A*49
$GPGGA,224429.00,3729.339753,N,12212.758711,W,7,,0.38,-22.30,M,0.0,M,0.0,0000*70
$GPRMC,224429.00,A,3729.339753,N,12212.758711,W,060.1,290.3,080720,,,A*4D
$GPGGA,224430.00,3729.345490,N,12212.778157,W,7,,0.38,-21.43,M,0.0,M,0.0,0000*7E
$GPRMC,224430.00,A,3729.345490,N,12212.778157,W,059.6,290.9,080720,,,A*43
$GPGGA,224431.00,3729.351249,N,12212.797352,W,7,,0.38,-20.79,M,0.0,M,0.0,0000*76
$GPRMC,224431.00,A,3729.351249,N,12212.797352,W,059.4,291.6,080720,,,A*4F
$GPGGA,224432.00,3729.357238,N,12212.816582,W,7,,0.38,-20.21,M,0.0,M,0.0,0000*75
$GPRMC,224432.00,A,3729.357238,N,12212.816582,W,059.2,292.2,080720,,,A*40
$GPGGA,224433.00,3729.363573,N,12212.835607,W,7,,0.38,-20.61,M,0.0,M,0.0,0000*70
$GPRMC,224433.00,A,3729.363573,N,12212.835607,W,059.4,292.8,080720,,,A*4D
$GPGGA,224434.00,3729.370137,N,12212.854363,W,7,,0.38,-20.96,M,0.0,M,0.0,0000*79
$GPRMC,224434.00,A,3729.370137,N,12212.854363,W,060.0,292.9,080720,,,A*43
$GPGGA,224435.00,3729.376870,N,12212.874079,W,7,,0.38,-20.97,M,0.0,M,0.0,0000*7F
$GPRMC,224435.00,A,3729.376870,N,12212.874079,W,060.7,293.2,080720,,,A*49
$GPGGA,224436.00,3729.383758,N,12212.893712,W,7,,0.38,-21.23,M,0.0,M,0.0,0000*7E
$GPRMC,224436.00,A,3729.383758,N,12212.893712,W,060.9,294.7,080720,,,A*4A
$GPGGA,224437.00,3729.390760,N,12212.913056,W,7,,0.38,-21.94,M,0.0,M,0.0,0000*74
$GPRMC,224437.00,A,3729.390760,N,12212.913056,W,060.9,295.4,080720,,,A*4E
$GPGGA,224438.00,3729.397960,N,12212.932189,W,7,,0.38,-22.34,M,0.0,M,0.0,0000*7B
$GPRMC,224438.00,A,3729.397960,N,12212.932189,W,060.8,295.7,080720,,,A*4A
$GPGGA,224439.00,3729.405544,N,12212.951132,W,7,,0.38,-23.02,M,0.0,M,0.0,0000*7D
$GPRMC,224439.00,A,3729.405544,N,12212.951132,W,060.8,296.5,080720,,,A*49
$GPGGA,224440.00,3729.413272,N,12212.970481,W,7,,0.38,-23.82,M,0.0,M,0.0,0000*70
$GPRMC,224440.00,A,3729.413272,N,12212.970481,W,061.8,297.4,080720,,,A*4D
$GPGGA,224441.00,3729.421162,N,12212.989832,W,7,,0.38,-24.92,M,0.0,M,0.0,0000*76
$GPRMC,224441.00,A,3729.421162,N,12212.989832,W,062.5,298.0,080720,,,A*48
$GPGGA,224442.00,3729.429861,N,12213.009536,W,7,,0.38,-25.76,M,0.0,M,0.0,0000*75
$GPRMC,224442.00,A,3729.429861,N,12213.009536,W,063.8,298.9,080720,,,A*45
$GPGGA,224443.00,3729.438393,N,12213.028531,W,7,,0.38,-26.08,M,0.0,M,0.0,0000*7C
$GPRMC,224443.00,A,3729.438393,N,12213.028531,W,062.7,299.0,080720,,,A*40
$GPGGA,224444.00,3729.446656,N,12213.047438,W,7,,0.38,-26.64,M,0.0,M,0.0,0000*75
$GPRMC,224444.00,A,3729.446656,N,12213.047438,W,061.8,299.3,080720,,,A*4C
$GPGGA,224445.00,3729.454929,N,12213.065852,W,7,,0.38,-26.80,M,0.0,M,0.0,0000*7A
$GPRMC,224445.00,A,3729.454929,N,12213.065852,W,060.9,299.3,080720,,,A*49
$GPGGA,224446.00,3729.463125,N,12213.084241,W,7,,0.38,-26.76,M,0.0,M,0.0,0000*77
$GPRMC,224446.00,A,3729.463125,N,12213.084241,W,060.2,298.9,080720,,,A*4D
$GPGGA,224447.00,3729.471045,N,12213.102332,W,7,,0.38,-26.34,M,0.0,M,0.0,0000*7E
$GPRMC,224447.00,A,3729.471045,N,12213.102332,W,059.2,298.9,080720,,,A*48
$GPGGA,224448.00,3729.478809,N,12213.120284,W,7,,0.38,-26.74,M,0.0,M,0.0,0000*70
$GPRMC,224448.00,A,3729.478809,N,12213.120284,W,058.2,298.8,080720,,,A*42
$GPGGA,224449.00,3729.486640,N,12213.137857,W,7,,0.38,-26.77,M,0.0,M,0.0,0000*72
$GPRMC,224449.00,A,3729.486640,N,12213.137857,W,057.2,298.9,080720,,,A*4D
$GPGGA,224450.00,3729.494080,N,12213.155017,W,7,,0.38,-26.78,M,0.0,M,0.0,0000*74
$GPRMC,224450.00,A,3729.494080,N,12213.155017,W,055.9,299.3,080720,,,A*46
$GPGGA,224451.00,3729.501304,N,12213.171500,W,7,,0.38,-26.42,M,0.0,M,0.0,0000*7B
$GPRMC,224451.00,A,3729.501304,N,12213.171500,W,055.1,298.9,080720,,,A*43
$GPGGA,224452.00,3729.508750,N,12213.187633,W,7,,0.38,-25.70,M,0.0,M,0.0,0000*7C
$GPRMC,224452.00,A,3729.508750,N,12213.187633,W,054.2,299.1,080720,,,A*4D
$GPGGA,224453.00,3729.516141,N,12213.204092,W,7,,0.38,-25.78,M,0.0,M,0.0,0000*79
$GPRMC,224453.00,A,3729.516141,N,12213.204092,W,054.1,299.0,080720,,,A*42
$GPGGA,224454.00,3729.523522,N,12213.220904,W,7,,0.38,-25.60,M,0.0,M,0.0,0000*70
$GPRMC,224454.00,A,3729.523522,N,12213.220904,W,055.1,299.0,080720,,,A*43
$GPGGA,224455.00,3729.530907,N,12213.237836,W,7,,0.38,-25.89,M,0.0,M,0.0,0000*79
$GPRMC,224455.00,A,3729.530907,N,12213.237836,W,055.2,299.0,080720,,,A*4E
$GPGGA,224456.00,3729.538419,N,12213.254617,W,7,,0.38,-26.49,M,0.0,M,0.0,0000*77
$GPRMC,224456.00,A,3729.538419,N,12213.254617,W,055.9,299.3,080720,,,A*47
$GPGGA,224457.00,3729.546129,N,12213.271525,W,7,,0.38,-26.64,M,0.0,M,0.0,0000*73
$GPRMC,224457.00,A,3729.546129,N,12213.271525,W,056.3,298.9,080720,,,A*4E
$GPGGA,224458.00,3729.553546,N,12213.288727,W,7,,0.38,-26.64,M,0.0,M,0.0,0000*73
$GPRMC,224458.00,A,3729.553546,N,12213.288727,W,056.2,298.9,080720,,,A*4F
$GPGGA,224459.00,3729.561250,N,12213.305858,W,7,,0.38,-26.53,M,0.0,M,0.0,0000*74
$GPRMC,224459.00,A,3729.561250,N,12213.305858,W,056.3,299.4,080720,,,A*41
$GPGGA,224500.00,3729.568876,N,12213.323294,W,7,,0.38,-26.79,M,0.0,M,0.0,0000*78
$GPRMC,224500.00,A,3729.568876,N,12213.323294,W,056.7,299.0,080720,,,A*45
$GPGGA,224501.00,3729.576706,N,12213.340886,W,7,,0.38,-27.00,M,0.0,M,0.0,0000*7D
$GPRMC,224501.00,A,3729.576706,N,12213.340886,W,057.6,299.1,080720,,,A*4E
$GPGGA,224502.00,3729.584554,N,12213.359000,W,7,,0.38,-27.02,M,0.0,M,0.0,0000*7A
$GPRMC,224502.00,A,3729.584554,N,12213.359000,W,058.4,299.0,080720,,,A*47
$GPGGA,224503.00,3729.592557,N,12213.377138,W,7,,0.38,-27.12,M,0.0,M,0.0,0000*78
$GPRMC,224503.00,A,3729.592557,N,12213.377138,W,058.8,298.9,080720,,,A*40
$GPGGA,224504.00,3729.600388,N,12213.395072,W,7,,0.38,-26.96,M,0.0,M,0.0,0000*7D
$GPRMC,224504.00,A,3729.600388,N,12213.395072,W,058.7,298.6,080720,,,A*48
$GPGGA,224505.00,3729.608134,N,12213.413114,W,7,,0.38,-27.05,M,0.0,M,0.0,0000*72
$GPRMC,224505.00,A,3729.608134,N,12213.413114,W,058.9,298.0,080720,,,A*44
$GPGGA,224506.00,3729.615657,N,12213.431113,W,7,,0.38,-26.84,M,0.0,M,0.0,0000*70
$GPRMC,224506.00,A,3729.615657,N,12213.431113,W,058.8,297.3,080720,,,A*43
$GPGGA,224507.00,3729.622834,N,12213.449708,W,7,,0.38,-26.65,M,0.0,M,0.0,0000*72
$GPRMC,224507.00,A,3729.622834,N,12213.449708,W,058.4,296.3,080720,,,A*43
$GPGGA,224508.00,3729.629805,N,12213.467660,W,7,,0.38,-26.22,M,0.0,M,0.0,0000*74
$GPRMC,224508.00,A,3729.629805,N,12213.467660,W,057.7,296.1,080720,,,A*48
$GPGGA,224509.00,3729.636688,N,12213.485660,W,7,,0.38,-25.85,M,0.0,M,0.0,0000*72
$GPRMC,224509.00,A,3729.636688,N,12213.485660,W,057.2,294.9,080720,,,A*4F
$GPGGA,224510.00,3729.643419,N,12213.504044,W,7,,0.38,-25.50,M,0.0,M,0.0,0000*72
$GPRMC,224510.00,A,3729.643419,N,12213.504044,W,057.2,294.3,080720,,,A*4D
$GPGGA,224511.00,3729.649869,N,12213.522247,W,7,,0.38,-25.17,M,0.0,M,0.0,0000*74
$GPRMC,224511.00,A,3729.649869,N,12213.522247,W,056.9,293.7,080720,,,A*41
$GPGGA,224512.00,3729.656115,N,12213.540566,W,7,,0.38,-24.68,M,0.0,M,0.0,0000*72
$GPRMC,224512.00,A,3729.656115,N,12213.540566,W,057.0,293.2,080720,,,A*43
$GPGGA,224513.00,3729.662163,N,12213.558800,W,7,,0.38,-25.12,M,0.0,M,0.0,0000*7D
$GPRMC,224513.00,A,3729.662163,N,12213.558800,W,057.1,292.6,080720,,,A*44
$GPGGA,224514.00,3729.668398,N,12213.577472,W,7,,0.38,-25.64,M,0.0,M,0.0,0000*73
$GPRMC,224514.00,A,3729.668398,N,12213.577472,W,057.3,291.9,080720,,,A*45
$GPGGA,224515.00,3729.674397,N,12213.596534,W,7,,0.38,-25.84,M,0.0,M,0.0,0000*72
$GPRMC,224515.00,A,3729.674397,N,12213.596534,W,057.8,290.7,080720,,,A*4E
$GPGGA,224516.00,3729.679947,N,12213.615446,W,7,,0.38,-25.70,M,0.0,M,0.0,0000*7C
$GPRMC,224516.00,A,3729.679947,N,12213.615446,W,057.9,290.5,080720,,,A*48
$GPGGA,224517.00,3729.685474,N,12213.634508,W,7,,0.38,-25.80,M,0.0,M,0.0,0000*74
$GPRMC,224517.00,A,3729.685474,N,12213.634508,W,058.1,290.7,080720,,,A*4A
$GPGGA,224518.00,3729.690999,N,12213.653390,W,7,,0.38,-26.11,M,0.0,M,0.0,0000*7C
$GPRMC,224518.00,A,3729.690999,N,12213.653390,W,058.3,290.1,080720,,,A*4D
$GPGGA,224519.00,3729.696562,N,12213.672608,W,7,,0.38,-26.67,M,0.0,M,0.0,0000*75
$GPRMC,224519.00,A,3729.696562,N,12213.672608,W,058.3,289.6,080720,,,A*4A
$GPGGA,224520.00,3729.701998,N,12213.691598,W,7,,0.38,-27.31,M,0.0,M,0.0,0000*7C
$GPRMC,224520.00,A,3729.701998,N,12213.691598,W,058.7,289.6,080720,,,A*45
$GPGGA,224521.00,3729.707566,N,12213.711277,W,7,,0.38,-27.88,M,0.0,M,0.0,0000*7B
$GPRMC,224521.00,A,3729.707566,N,12213.711277,W,059.1,289.7,080720,,,A*46
$GPGGA,224522.00,3729.713325,N,12213.730706,W,7,,0.38,-28.10,M,0.0,M,0.0,0000*72
$GPRMC,224522.00,A,3729.713325,N,12213.730706,W,059.3,289.8,080720,,,A*4C
$GPGGA,224523.00,3729.719020,N,12213.750145,W,7,,0.38,-28.04,M,0.0,M,0.0,0000*7D
$GPRMC,224523.00,A,3729.719020,N,12213.750145,W,059.3,289.3,080720,,,A*4D
$GPGGA,224524.00,3729.724420,N,12213.769645,W,7,,0.38,-28.08,M,0.0,M,0.0,0000*71
$GPRMC,224524.00,A,3729.724420,N,12213.769645,W,059.2,289.1,080720,,,A*4E
$GPGGA,224525.00,3729.729807,N,12213.789007,W,7,,0.38,-28.36,M,0.0,M,0.0,0000*77
$GPRMC,224525.00,A,3729.729807,N,12213.789007,W,058.9,289.1,080720,,,A*4F
$GPGGA,224526.00,3729.735082,N,12213.808442,W,7,,0.38,-28.44,M,0.0,M,0.0,0000*7A
$GPRMC,224526.00,A,3729.735082,N,12213.808442,W,058.5,288.8,080720,,,A*43
$GPGGA,224527.00,3729.740632,N,12213.827372,W,7,,0.38,-28.58,M,0.0,M,0.0,0000*70
$GPRMC,224527.00,A,3729.740632,N,12213.827372,W,058.5,289.0,080720,,,A*4D
$GPGGA,224528.00,3729.745821,N,12213.846416,W,7,,0.38,-28.52,M,0.0,M,0.0,0000*7E
$GPRMC,224528.00,A,3729.745821,N,12213.846416,W,058.5,289.4,080720,,,A*4D
$GPGGA,224529.00,3729.751426,N,12213.865520,W,7,,0.38,-29.01,M,0.0,M,0.0,0000*73
$GPRMC,224529.00,A,3729.751426,N,12213.865520,W,058.4,289.8,080720,,,A*4A
$GPGGA,224530.00,3729.756790,N,12213.884648,W,7,,0.38,-28.81,M,0.0,M,0.0,0000*79
$GPRMC,224530.00,A,3729.756790,N,12213.884648,W,058.3,289.7,080720,,,A*41
$GPGGA,224531.00,3729.762063,N,12213.903968,W,7,,0.38,-28.82,M,0.0,M,0.0,0000*74
$GPRMC,224531.00,A,3729.762063,N,12213.903968,W,058.4,289.8,080720,,,A*47
$GPGGA,224532.00,3729.767542,N,12213.923317,W,7,,0.38,-28.87,M,0.0,M,0.0,0000*71
$GPRMC,224532.00,A,3729.767542,N,12213.923317,W,058.4,289.7,080720,,,A*48
$GPGGA,224533.00,3729.772707,N,12213.942614,W,7,,0.38,-28.91,M,0.0,M,0.0,0000*71
$GPRMC,224533.00,A,3729.772707,N,12213.942614,W,058.1,289.2,080720,,,A*4F
$GPGGA,224534.00,3729.778246,N,12213.961442,W,7,,0.38,-28.52,M,0.0,M,0.0,0000*73
$GPRMC,224534.00,A,3729.778246,N,12213.961442,W,057.7,290.0,080720,,,A*41
$GPGGA,224535.00,3729.783369,N,12213.980156,W,7,,0.38,-28.37,M,0.0,M,0.0,0000*76
$GPRMC,224535.00,A,3729.783369,N,12213.980156,W,056.5,289.7,080720,,,A*4B
$GPGGA,224536.00,3729.788907,N,12213.999230,W,7,,0.38,-28.55,M,0.0,M,0.0,0000*73
$GPRMC,224536.00,A,3729.788907,N,12213.999230,W,057.0,289.7,080720,,,A*4E
$GPGGA,224537.00,3729.794356,N,12214.018657,W,7,,0.38,-28.74,M,0.0,M,0.0,0000*70
$GPRMC,224537.00,A,3729.794356,N,12214.018657,W,058.3,289.2,080720,,,A*47
$GPGGA,224538.00,3729.799912,N,12214.037815,W,7,,0.38,-28.90,M,0.0,M,0.0,0000*77
$GPRMC,224538.00,A,3729.799912,N,12214.037815,W,058.7,289.3,080720,,,A*4F
$GPGGA,224539.00,3729.805479,N,12214.057549,W,7,,0.38,-28.87,M,0.0,M,0.0,0000*78
$GPRMC,224539.00,A,3729.805479,N,12214.057549,W,059.3,289.5,080720,,,A*45
$GPGGA,224540.00,3729.811222,N,12214.077260,W,7,,0.38,-29.11,M,0.0,M,0.0,0000*7B
$GPRMC,224540.00,A,3729.811222,N,12214.077260,W,059.9,290.9,080720,,,A*46
$GPGGA,224541.00,3729.817570,N,12214.096759,W,7,,0.38,-29.28,M,0.0,M,0.0,0000*76
$GPRMC,224541.00,A,3729.817570,N,12214.096759,W,060.4,292.7,080720,,,A*4A
$GPGGA,224542.00,3729.824265,N,12214.116224,W,7,,0.38,-29.01,M,0.0,M,0.0,0000*7B
$GPRMC,224542.00,A,3729.824265,N,12214.116224,W,060.4,293.4,080720,,,A*4E
$GPGGA,224543.00,3729.831489,N,12214.135405,W,7,,0.38,-29.07,M,0.0,M,0.0,0000*78
$GPRMC,224543.00,A,3729.831489,N,12214.135405,W,060.4,294.7,080720,,,A*4F
$GPGGA,224544.00,3729.838857,N,12214.154972,W,7,,0.38,-28.61,M,0.0,M,0.0,0000*72
$GPRMC,224544.00,A,3729.838857,N,12214.154972,W,062.2,296.3,080720,,,A*46
$GPGGA,224545.00,3729.846693,N,12214.174520,W,7,,0.38,-28.73,M,0.0,M,0.0,0000*76
$GPRMC,224545.00,A,3729.846693,N,12214.174520,W,062.2,297.4,080720,,,A*47
$GPGGA,224546.00,3729.854865,N,12214.193852,W,7,,0.38,-28.42,M,0.0,M,0.0,0000*72
$GPRMC,224546.00,A,3729.854865,N,12214.193852,W,062.9,298.9,080720,,,A*48
$GPGGA,224547.00,3729.863572,N,12214.212866,W,7,,0.38,-27.97,M,0.0,M,0.0,0000*76
$GPRMC,224547.00,A,3729.863572,N,12214.212866,W,062.9,300.2,080720,,,A*40
$GPGGA,224548.00,3729.872517,N,12214.231670,W,7,,0.38,-27.46,M,0.0,M,0.0,0000*7E
$GPRMC,224548.00,A,3729.872517,N,12214.231670,W,062.8,302.2,080720,,,A*47
$GPGGA,224549.00,3729.881992,N,12214.250143,W,7,,0.38,-27.16,M,0.0,M,0.0,0000*77
$GPRMC,224549.00,A,3729.881992,N,12214.250143,W,062.7,303.8,080720,,,A*4F
$GPGGA,224550.00,3729.891969,N,12214.267988,W,7,,0.38,-27.31,M,0.0,M,0.0,0000*74
$GPRMC,224550.00,A,3729.891969,N,12214.267988,W,062.6,305.1,080720,,,A*47
$GPGGA,224551.00,3729.902409,N,12214.285292,W,7,,0.38,-27.50,M,0.0,M,0.0,0000*7E
$GPRMC,224551.00,A,3729.902409,N,12214.285292,W,062.4,307.5,080720,,,A*4E
$GPGGA,224552.00,3729.913197,N,12214.302518,W,7,,0.38,-27.69,M,0.0,M,0.0,0000*7E
$GPRMC,224552.00,A,3729.913197,N,12214.302518,W,062.2,309.6,080720,,,A*4F
$GPGGA,224553.00,3729.924543,N,12214.318939,W,7,,0.38,-27.47,M,0.0,M,0.0,0000*7E
$GPRMC,224553.00,A,3729.924543,N,12214.318939,W,062.5,310.9,080720,,,A*43
$GPGGA,224554.00,3729.936333,N,12214.335446,W,7,,0.38,-27.72,M,0.0,M,0.0,0000*77
$GPRMC,224554.00,A,3729.936333,N,12214.335446,W,063.1,312.7,080720,,,A*45
$GPGGA,224555.00,3729.948466,N,12214.351585,W,7,,0.38,-27.69,M,0.0,M,0.0,0000*7E
$GPRMC,224555.00,A,3729.948466,N,12214.351585,W,064.0,314.6,080720,,,A*47
$GPGGA,224556.00,3729.961408,N,12214.367179,W,7,,0.38,-27.81,M,0.0,M,0.0,0000*7A
$GPRMC,224556.00,A,3729.961408,N,12214.367179,W,064.3,316.2,080720,,,A*40
$GPGGA,224557.00,3729.974373,N,12214.382642,W,7,,0.38,-27.86,M,0.0,M,0.0,0000*77
$GPRMC,224557.00,A,3729.974373,N,12214.382642,W,064.5,316.9,080720,,,A*47
$GPGGA,224558.00,3729.987741,N,12214.397827,W,7,,0.38,-27.81,M,0.0,M,0.0,0000*7F
$GPRMC,224558.00,A,3729.987741,N,12214.397827,W,064.7,317.6,080720,,,A*44
$GPGGA,224559.00,3730.001235,N,12214.412983,W,7,,0.38,-28.18,M,0.0,M,0.0,0000*7D
$GPRMC,224559.00,A,3730.001235,N,12214.412983,W,065.2,317.5,080720,,,A*4E
$GPGGA,224600.00,3730.014670,N,12214.428398,W,7,,0.38,-27.87,M,0.0,M,0.0,0000*73
$GPRMC,224600.00,A,3730.014670,N,12214.428398,W,065.5,317.9,080720,,,A*42
$GPGGA,224601.00,3730.028326,N,12214.443710,W,7,,0.38,-28.16,M,0.0,M,0.0,0000*75
$GPRMC,224601.00,A,3730.028326,N,12214.443710,W,066.1,318.1,080720,,,A*43
$GPGGA,224602.00,3730.042042,N,12214.459382,W,7,,0.38,-27.96,M,0.0,M,0.0,0000*78
$GPRMC,224602.00,A,3730.042042,N,12214.459382,W,066.4,318.1,080720,,,A*4C
$GPGGA,224603.00,3730.055961,N,12214.475192,W,7,,0.38,-27.72,M,0.0,M,0.0,0000*70
$GPRMC,224603.00,A,3730.055961,N,12214.475192,W,066.6,318.1,080720,,,A*4C
$GPGGA,224604.00,3730.069612,N,12214.490642,W,7,,0.38,-27.30,M,0.0,M,0.0,0000*74
$GPRMC,224604.00,A,3730.069612,N,12214.490642,W,066.1,317.9,080720,,,A*4E
$GPGGA,224605.00,3730.083190,N,12214.506073,W,7,,0.38,-27.51,M,0.0,M,0.0,0000*71
$GPRMC,224605.00,A,3730.083190,N,12214.506073,W,065.7,317.9,080720,,,A*49
$GPGGA,224606.00,3730.096612,N,12214.521278,W,7,,0.38,-27.35,M,0.0,M,0.0,0000*75
$GPRMC,224606.00,A,3730.096612,N,12214.521278,W,065.2,317.8,080720,,,A*4B
$GPGGA,224607.00,3730.110087,N,12214.536590,W,7,,0.38,-26.63,M,0.0,M,0.0,0000*74
$GPRMC,224607.00,A,3730.110087,N,12214.536590,W,064.6,317.9,080720,,,A*4C
$GPGGA,224608.00,3730.123324,N,12214.551512,W,7,,0.38,-26.59,M,0.0,M,0.0,0000*73
$GPRMC,224608.00,A,3730.123324,N,12214.551512,W,064.1,317.8,080720,,,A*44
$GPGGA,224609.00,3730.136583,N,12214.566439,W,7,,0.38,-26.58,M,0.0,M,0.0,0000*70
$GPRMC,224609.00,A,3730.136583,N,12214.566439,W,064.0,317.9,080720,,,A*46
$GPGGA,224610.00,3730.149808,N,12214.581373,W,7,,0.38,-26.38,M,0.0,M,0.0,0000*78
$GPRMC,224610.00,A,3730.149808,N,12214.581373,W,063.8,317.8,080720,,,A*46
$GPGGA,224611.00,3730.162761,N,12214.596241,W,7,,0.38,-26.35,M,0.0,M,0.0,0000*7B
$GPRMC,224611.00,A,3730.162761,N,12214.596241,W,062.9,317.9,080720,,,A*49
$GPGGA,224612.00,3730.175799,N,12214.610635,W,7,,0.38,-26.45,M,0.0,M,0.0,0000*74
$GPRMC,224612.00,A,3730.175799,N,12214.610635,W,062.2,318.0,080720,,,A*4C
$GPGGA,224613.00,3730.188489,N,12214.624832,W,7,,0.38,-26.50,M,0.0,M,0.0,0000*7F
$GPRMC,224613.00,A,3730.188489,N,12214.624832,W,061.4,317.8,080720,,,A*41
$GPGGA,224614.00,3730.201060,N,12214.639088,W,7,,0.38,-26.72,M,0.0,M,0.0,0000*7C
$GPRMC,224614.00,A,3730.201060,N,12214.639088,W,060.5,318.0,080720,,,A*45
$GPGGA,224615.00,3730.213384,N,12214.653217,W,7,,0.38,-25.84,M,0.0,M,0.0,0000*75
$GPRMC,224615.00,A,3730.213384,N,12214.653217,W,059.9,317.8,080720,,,A*47
$GPGGA,224616.00,3730.225684,N,12214.667342,W,7,,0.38,-25.99,M,0.0,M,0.0,0000*7C
$GPRMC,224616.00,A,3730.225684,N,12214.667342,W,059.1,317.9,080720,,,A*4B
$GPGGA,224617.00,3730.237438,N,12214.680998,W,7,,0.38,-25.91,M,0.0,M,0.0,0000*77
$GPRMC,224617.00,A,3730.237438,N,12214.680998,W,058.0,317.7,080720,,,A*46
$GPGGA,224618.00,3730.249252,N,12214.694467,W,7,,0.38,-26.27,M,0.0,M,0.0,0000*7D
$GPRMC,224618.00,A,3730.249252,N,12214.694467,W,057.2,317.4,080720,,,A*4C
$GPGGA,224619.00,3730.260909,N,12214.707445,W,7,,0.38,-26.34,M,0.0,M,0.0,0000*7B
$GPRMC,224619.00,A,3730.260909,N,12214.707445,W,056.2,318.1,080720,,,A*43
$GPGGA,224620.00,3730.272424,N,12214.720148,W,7,,0.38,-26.55,M,0.0,M,0.0,0000*7A
$GPRMC,224620.00,A,3730.272424,N,12214.720148,W,055.9,318.1,080720,,,A*4D
$GPGGA,224621.00,3730.284177,N,12214.733185,W,7,,0.38,-26.47,M,0.0,M,0.0,0000*71
$GPRMC,224621.00,A,3730.284177,N,12214.733185,W,056.2,317.9,080720,,,A*4A
$GPGGA,224622.00,3730.295806,N,12214.746553,W,7,,0.38,-26.42,M,0.0,M,0.0,0000*75
$GPRMC,224622.00,A,3730.295806,N,12214.746553,W,056.5,317.7,080720,,,A*42
$GPGGA,224623.00,3730.307218,N,12214.759676,W,7,,0.38,-26.08,M,0.0,M,0.0,0000*7F
$GPRMC,224623.00,A,3730.307218,N,12214.759676,W,056.0,318.2,080720,,,A*49
$GPGGA,224624.00,3730.318653,N,12214.772588,W,7,,0.38,-26.03,M,0.0,M,0.0,0000*7D
$GPRMC,224624.00,A,3730.318653,N,12214.772588,W,055.3,318.1,080720,,,A*43
$GPGGA,224625.00,3730.329681,N,12214.785338,W,7,,0.38,-25.70,M,0.0,M,0.0,0000*73
$GPRMC,224625.00,A,3730.329681,N,12214.785338,W,054.6,318.0,080720,,,A*4F
$GPGGA,224626.00,3730.340871,N,12214.797980,W,7,,0.38,-26.12,M,0.0,M,0.0,0000*73
$GPRMC,224626.00,A,3730.340871,N,12214.797980,W,054.2,318.5,080720,,,A*49
$GPGGA,224627.00,3730.352242,N,12214.810760,W,7,,0.38,-26.50,M,0.0,M,0.0,0000*7D
$GPRMC,224627.00,A,3730.352242,N,12214.810760,W,053.9,317.9,080720,,,A*4E
$GPGGA,224628.00,3730.363119,N,12214.822993,W,7,,0.38,-26.09,M,0.0,M,0.0,0000*72
$GPRMC,224628.00,A,3730.363119,N,12214.822993,W,053.6,318.0,080720,,,A*44
$GPGGA,224629.00,3730.374118,N,12214.835462,W,7,,0.38,-25.98,M,0.0,M,0.0,0000*7A
$GPRMC,224629.00,A,3730.374118,N,12214.835462,W,053.5,317.8,080720,,,A*43
$GPGGA,224630.00,3730.385049,N,12214.847828,W,7,,0.38,-25.83,M,0.0,M,0.0,0000*74
$GPRMC,224630.00,A,3730.385049,N,12214.847828,W,053.3,317.9,080720,,,A*40
$GPGGA,224631.00,3730.395982,N,12214.859924,W,7,,0.38,-25.39,M,0.0,M,0.0,0000*79
$GPRMC,224631.00,A,3730.395982,N,12214.859924,W,053.3,317.7,080720,,,A*42
$GPGGA,224632.00,3730.406818,N,12214.872386,W,7,,0.38,-25.50,M,0.0,M,0.0,0000*71
$GPRMC,224632.00,A,3730.406818,N,12214.872386,W,053.5,317.7,080720,,,A*43
$GPGGA,224633.00,3730.418037,N,12214.885351,W,7,,0.38,-25.09,M,0.0,M,0.0,0000*74
$GPRMC,224633.00,A,3730.418037,N,12214.885351,W,054.0,317.7,080720,,,A*48
$GPGGA,224634.00,3730.429252,N,12214.897963,W,7,,0.38,-25.13,M,0.0,M,0.0,0000*73
$GPRMC,224634.00,A,3730.429252,N,12214.897963,W,053.6,318.1,080720,,,A*4C
$GPGGA,224635.00,3730.440105,N,12214.910671,W,7,,0.38,-25.80,M,0.0,M,0.0,0000*74
$GPRMC,224635.00,A,3730.440105,N,12214.910671,W,053.1,318.1,080720,,,A*46
$GPGGA,224636.00,3730.451043,N,12214.923104,W,7,,0.38,-25.63,M,0.0,M,0.0,0000*7C
$GPRMC,224636.00,A,3730.451043,N,12214.923104,W,052.9,318.2,080720,,,A*49
$GPGGA,224637.00,3730.461976,N,12214.935482,W,7,,0.38,-24.79,M,0.0,M,0.0,0000*77
$GPRMC,224637.00,A,3730.461976,N,12214.935482,W,053.0,318.1,080720,,,A*43
$GPGGA,224638.00,3730.472757,N,12214.947746,W,7,,0.38,-24.40,M,0.0,M,0.0,0000*73
$GPRMC,224638.00,A,3730.472757,N,12214.947746,W,053.2,317.8,080720,,,A*49
$GPGGA,224639.00,3730.483881,N,12214.960651,W,7,,0.38,-24.17,M,0.0,M,0.0,0000*78
$GPRMC,224639.00,A,3730.483881,N,12214.960651,W,053.9,317.7,080720,,,A*44
$GPGGA,224640.00,3730.495252,N,12214.973503,W,7,,0.38,-24.07,M,0.0,M,0.0,0000*72
$GPRMC,224640.00,A,3730.495252,N,12214.973503,W,054.5,318.2,080720,,,A*4E
$GPGGA,224641.00,3730.506939,N,12214.986505,W,7,,0.38,-24.47,M,0.0,M,0.0,0000*76
$GPRMC,224641.00,A,3730.506939,N,12214.986505,W,055.2,318.3,080720,,,A*49
$GPGGA,224642.00,3730.518628,N,12214.999334,W,7,,0.38,-24.79,M,0.0,M,0.0,0000*72
$GPRMC,224642.00,A,3730.518628,N,12214.999334,W,055.6,318.7,080720,,,A*40
$GPGGA,224643.00,3730.529985,N,12215.012162,W,7,,0.38,-24.69,M,0.0,M,0.0,0000*72
$GPRMC,224643.00,A,3730.529985,N,12215.012162,W,055.7,318.4,080720,,,A*43
$GPGGA,224644.00,3730.541500,N,12215.025121,W,7,,0.38,-24.52,M,0.0,M,0.0,0000*71
$GPRMC,224644.00,A,3730.541500,N,12215.025121,W,055.2,318.0,080720,,,A*49
$GPGGA,224645.00,3730.552630,N,12215.037673,W,7,,0.38,-24.42,M,0.0,M,0.0,0000*70
$GPRMC,224645.00,A,3730.552630,N,12215.037673,W,054.3,317.6,080720,,,A*40
$GPGGA,224646.00,3730.563621,N,12215.050262,W,7,,0.38,-24.70,M,0.0,M,0.0,0000*75
$GPRMC,224646.00,A,3730.563621,N,12215.050262,W,053.2,318.0,080720,,,A*4B
$GPGGA,224647.00,3730.574704,N,12215.062639,W,7,,0.38,-24.41,M,0.0,M,0.0,0000*7D
$GPRMC,224647.00,A,3730.574704,N,12215.062639,W,052.6,317.7,080720,,,A*4C
$GPGGA,224648.00,3730.585449,N,12215.074957,W,7,,0.38,-24.57,M,0.0,M,0.0,0000*71
$GPRMC,224648.00,A,3730.585449,N,12215.074957,W,052.0,317.4,080720,,,A*42
$GPGGA,224649.00,3730.596021,N,12215.087144,W,7,,0.38,-24.34,M,0.0,M,0.0,0000*7B
$GPRMC,224649.00,A,3730.596021,N,12215.087144,W,051.8,317.6,080720,,,A*44
$GPGGA,224650.00,3730.606749,N,12215.099456,W,7,,0.38,-24.57,M,0.0,M,0.0,0000*7C
$GPRMC,224650.00,A,3730.606749,N,12215.099456,W,052.2,317.5,080720,,,A*4C
$GPGGA,224651.00,3730.617729,N,12215.111599,W,7,,0.38,-24.80,M,0.0,M,0.0,0000*72
$GPRMC,224651.00,A,3730.617729,N,12215.111599,W,052.5,317.4,080720,,,A*4E
$GPGGA,224652.00,3730.628548,N,12215.123719,W,7,,0.38,-25.02,M,0.0,M,0.0,0000*78
$GPRMC,224652.00,A,3730.628548,N,12215.123719,W,052.7,317.7,080720,,,A*4E
$GPGGA,224653.00,3730.639666,N,12215.136404,W,7,,0.38,-25.34,M,0.0,M,0.0,0000*78
$GPRMC,224653.00,A,3730.639666,N,12215.136404,W,052.7,317.3,080720,,,A*4F
$GPGGA,224654.00,3730.650597,N,12215.148637,W,7,,0.38,-25.53,M,0.0,M,0.0,0000*77
$GPRMC,224654.00,A,3730.650597,N,12215.148637,W,052.3,317.5,080720,,,A*43
$GPGGA,224655.00,3730.661338,N,12215.161003,W,7,,0.38,-25.75,M,0.0,M,0.0,0000*79
$GPRMC,224655.00,A,3730.661338,N,12215.161003,W,052.1,317.6,080720,,,A*48
$GPGGA,224656.00,3730.671753,N,12215.173123,W,7,,0.38,-25.28,M,0.0,M,0.0,0000*7A
$GPRMC,224656.00,A,3730.671753,N,12215.173123,W,052.0,318.2,080720,,,A*49
$GPGGA,224657.00,3730.682373,N,12215.185087,W,7,,0.38,-24.99,M,0.0,M,0.0,0000*7C
$GPRMC,224657.00,A,3730.682373,N,12215.185087,W,051.8,318.4,080720,,,A*49
$GPGGA,224658.00,3730.692910,N,12215.196781,W,7,,0.38,-25.34,M,0.0,M,0.0,0000*78
$GPRMC,224658.00,A,3730.692910,N,12215.196781,W,050.8,318.0,080720,,,A*4E
$GPGGA,224659.00,3730.703152,N,12215.208560,W,7,,0.38,-25.20,M,0.0,M,0.0,0000*72
$GPRMC,224659.00,A,3730.703152,N,12215.208560,W,050.0,317.5,080720,,,A*43
$GPGGA,224700.00,3730.713508,N,12215.220698,W,7,,0.38,-25.91,M,0.0,M,0.0,0000*71
$GPRMC,224700.00,A,3730.713508,N,12215.220698,W,050.2,317.2,080720,,,A*4F
$GPGGA,224701.00,3730.723629,N,12215.232206,W,7,,0.38,-25.78,M,0.0,M,0.0,0000*74
$GPRMC,224701.00,A,3730.723629,N,12215.232206,W,049.9,317.7,080720,,,A*4B
$GPGGA,224702.00,3730.733584,N,12215.243948,W,7,,0.38,-25.73,M,0.0,M,0.0,0000*7E
$GPRMC,224702.00,A,3730.733584,N,12215.243948,W,049.6,316.3,080720,,,A*40
$GPGGA,224703.00,3730.743724,N,12215.256002,W,7,,0.38,-25.18,M,0.0,M,0.0,0000*7E
$GPRMC,224703.00,A,3730.743724,N,12215.256002,W,049.8,315.4,080720,,,A*47
$GPGGA,224704.00,3730.753786,N,12215.268470,W,7,,0.38,-25.46,M,0.0,M,0.0,0000*77
$GPRMC,224704.00,A,3730.753786,N,12215.268470,W,050.4,315.9,080720,,,A*4C
$GPGGA,224705.00,3730.764262,N,12215.281195,W,7,,0.38,-25.42,M,0.0,M,0.0,0000*70
$GPRMC,224705.00,A,3730.764262,N,12215.281195,W,052.3,316.4,080720,,,A*44
$GPGGA,224706.00,3730.775314,N,12215.294174,W,7,,0.38,-25.18,M,0.0,M,0.0,0000*77
$GPRMC,224706.00,A,3730.775314,N,12215.294174,W,053.8,317.3,080720,,,A*40
$GPGGA,224707.00,3730.786444,N,12215.307158,W,7,,0.38,-24.90,M,0.0,M,0.0,0000*7C
$GPRMC,224707.00,A,3730.786444,N,12215.307158,W,054.8,317.7,080720,,,A*49
$GPGGA,224708.00,3730.798137,N,12215.320525,W,7,,0.38,-24.81,M,0.0,M,0.0,0000*76
$GPRMC,224708.00,A,3730.798137,N,12215.320525,W,055.9,317.6,080720,,,A*42
$GPGGA,224709.00,3730.809657,N,12215.333545,W,7,,0.38,-25.43,M,0.0,M,0.0,0000*7A
$GPRMC,224709.00,A,3730.809657,N,12215.333545,W,055.8,318.1,080720,,,A*48
$GPGGA,224710.00,3730.821058,N,12215.346512,W,7,,0.38,-25.41,M,0.0,M,0.0,0000*73
$GPRMC,224710.00,A,3730.821058,N,12215.346512,W,055.2,318.0,080720,,,A*48
$GPGGA,224711.00,3730.832457,N,12215.359225,W,7,,0.38,-24.99,M,0.0,M,0.0,0000*72
$GPRMC,224711.00,A,3730.832457,N,12215.359225,W,054.4,317.9,080720,,,A*4C
$GPGGA,224712.00,3730.843911,N,12215.371477,W,7,,0.38,-24.30,M,0.0,M,0.0,0000*70
$GPRMC,224712.00,A,3730.843911,N,12215.371477,W,054.3,317.9,080720,,,A*4A
$GPGGA,224713.00,3730.855401,N,12215.384305,W,7,,0.38,-24.72,M,0.0,M,0.0,0000*74
$GPRMC,224713.00,A,3730.855401,N,12215.384305,W,055.1,317.5,080720,,,A*47
$GPGGA,224714.00,3730.866141,N,12215.396959,W,7,,0.38,-24.68,M,0.0,M,0.0,0000*79
$GPRMC,224714.00,A,3730.866141,N,12215.396959,W,054.3,317.5,080720,,,A*42
$GPGGA,224715.00,3730.877674,N,12215.409583,W,7,,0.38,-24.93,M,0.0,M,0.0,0000*77
$GPRMC,224715.00,A,3730.877674,N,12215.409583,W,054.9,318.3,080720,,,A*4B
$GPGGA,224716.00,3730.889037,N,12215.422274,W,7,,0.38,-25.45,M,0.0,M,0.0,0000*78
$GPRMC,224716.00,A,3730.889037,N,12215.422274,W,054.5,318.0,080720,,,A*41
$GPGGA,224717.00,3730.900366,N,12215.435156,W,7,,0.38,-25.79,M,0.0,M,0.0,0000*74
$GPRMC,224717.00,A,3730.900366,N,12215.435156,W,054.6,318.1,080720,,,A*40
$GPGGA,224718.00,3730.911483,N,12215.448043,W,7,,0.38,-25.89,M,0.0,M,0.0,0000*77
$GPRMC,224718.00,A,3730.911483,N,12215.448043,W,055.1,318.3,080720,,,A*48
$GPGGA,224719.00,3730.922800,N,12215.460865,W,7,,0.38,-26.37,M,0.0,M,0.0,0000*71
$GPRMC,224719.00,A,3730.922800,N,12215.460865,W,055.1,318.3,080720,,,A*48
$GPGGA,224720.00,3730.934397,N,12215.473711,W,7,,0.38,-26.58,M,0.0,M,0.0,0000*7E
$GPRMC,224720.00,A,3730.934397,N,12215.473711,W,055.3,318.3,080720,,,A*4C
$GPGGA,224721.00,3730.945767,N,12215.486858,W,7,,0.38,-26.47,M,0.0,M,0.0,0000*74
$GPRMC,224721.00,A,3730.945767,N,12215.486858,W,055.6,317.9,080720,,,A*48
$GPGGA,224722.00,3730.957210,N,12215.499938,W,7,,0.38,-25.77,M,0.0,M,0.0,0000*78
$GPRMC,224722.00,A,3730.957210,N,12215.499938,W,055.9,318.1,080720,,,A*4C
$GPGGA,224723.00,3730.968700,N,12215.512592,W,7,,0.38,-25.97,M,0.0,M,0.0,0000*71
$GPRMC,224723.00,A,3730.968700,N,12215.512592,W,055.8,318.0,080720,,,A*4B
$GPGGA,224724.00,3730.980148,N,12215.525618,W,7,,0.38,-25.58,M,0.0,M,0.0,0000*7C
$GPRMC,224724.00,A,3730.980148,N,12215.525618,W,055.6,317.9,080720,,,A*4D
$GPGGA,224725.00,3730.991229,N,12215.538488,W,7,,0.38,-25.21,M,0.0,M,0.0,0000*70
$GPRMC,224725.00,A,3730.991229,N,12215.538488,W,054.7,317.7,080720,,,A*41
$GPGGA,224726.00,3731.002215,N,12215.550889,W,7,,0.38,-24.95,M,0.0,M,0.0,0000*73
$GPRMC,224726.00,A,3731.002215,N,12215.550889,W,054.0,317.8,080720,,,A*44
$GPGGA,224727.00,3731.013322,N,12215.563441,W,7,,0.38,-24.65,M,0.0,M,0.0,0000*70
$GPRMC,224727.00,A,3731.013322,N,12215.563441,W,054.3,317.8,080720,,,A*4B
$GPGGA,224728.00,3731.024266,N,12215.576023,W,7,,0.38,-24.27,M,0.0,M,0.0,0000*78
$GPRMC,224728.00,A,3731.024266,N,12215.576023,W,053.6,317.9,080720,,,A*46
$GPGGA,224729.00,3731.035263,N,12215.588552,W,7,,0.38,-23.78,M,0.0,M,0.0,0000*73
$GPRMC,224729.00,A,3731.035263,N,12215.588552,W,053.4,318.4,080720,,,A*40
$GPGGA,224730.00,3731.046334,N,12215.600569,W,7,,0.38,-24.20,M,0.0,M,0.0,0000*7D
$GPRMC,224730.00,A,3731.046334,N,12215.600569,W,053.4,318.4,080720,,,A*44
$GPGGA,224731.00,3731.057488,N,12215.612954,W,7,,0.38,-24.94,M,0.0,M,0.0,0000*72
$GPRMC,224731.00,A,3731.057488,N,12215.612954,W,054.1,318.2,080720,,,A*40
$GPGGA,224732.00,3731.068491,N,12215.625343,W,7,,0.38,-25.15,M,0.0,M,0.0,0000*75
$GPRMC,224732.00,A,3731.068491,N,12215.625343,W,054.0,317.9,080720,,,A*4A
$GPGGA,224733.00,3731.079513,N,12215.638093,W,7,,0.38,-24.62,M,0.0,M,0.0,0000*7C
$GPRMC,224733.00,A,3731.079513,N,12215.638093,W,054.0,318.0,080720,,,A*44
$GPGGA,224734.00,3731.090410,N,12215.650754,W,7,,0.38,-24.69,M,0.0,M,0.0,0000*77
$GPRMC,224734.00,A,3731.090410,N,12215.650754,W,054.0,317.9,080720,,,A*42
$GPGGA,224735.00,3731.101545,N,12215.663587,W,7,,0.38,-24.73,M,0.0,M,0.0,0000*79
$GPRMC,224735.00,A,3731.101545,N,12215.663587,W,054.2,317.9,080720,,,A*45
$GPGGA,224736.00,3731.113306,N,12215.676571,W,7,,0.38,-25.48,M,0.0,M,0.0,0000*7C
$GPRMC,224736.00,A,3731.113306,N,12215.676571,W,054.5,318.1,080720,,,A*49
$GPGGA,224737.00,3731.124520,N,12215.689346,W,7,,0.38,-25.35,M,0.0,M,0.0,0000*73
$GPRMC,224737.00,A,3731.124520,N,12215.689346,W,054.8,317.8,080720,,,A*47
$GPGGA,224738.00,3731.136040,N,12215.702564,W,7,,0.38,-25.55,M,0.0,M,0.0,0000*7E
$GPRMC,224738.00,A,3731.136040,N,12215.702564,W,055.4,317.7,080720,,,A*4E
$GPGGA,224739.00,3731.147559,N,12215.715734,W,7,,0.38,-25.30,M,0.0,M,0.0,0000*76
$GPRMC,224739.00,A,3731.147559,N,12215.715734,W,056.1,318.0,080720,,,A*4B
$GPGGA,224740.00,3731.159337,N,12215.728790,W,7,,0.38,-24.86,M,0.0,M,0.0,0000*75
$GPRMC,224740.00,A,3731.159337,N,12215.728790,W,056.9,318.1,080720,,,A*4D
$GPGGA,224741.00,3731.171098,N,12215.742044,W,7,,0.38,-24.55,M,0.0,M,0.0,0000*74
$GPRMC,224741.00,A,3731.171098,N,12215.742044,W,057.2,318.0,080720,,,A*49
$GPGGA,224742.00,3731.182935,N,12215.755201,W,7,,0.38,-24.51,M,0.0,M,0.0,0000*74
$GPRMC,224742.00,A,3731.182935,N,12215.755201,W,056.9,318.4,080720,,,A*43
$GPGGA,224743.00,3731.194816,N,12215.768533,W,7,,0.38,-25.76,M,0.0,M,0.0,0000*7E
$GPRMC,224743.00,A,3731.194816,N,12215.768533,W,056.3,318.2,080720,,,A*41
$GPGGA,224744.00,3731.206450,N,12215.781224,W,7,,0.38,-26.33,M,0.0,M,0.0,0000*7B
$GPRMC,224744.00,A,3731.206450,N,12215.781224,W,056.4,318.0,080720,,,A*43
$GPGGA,224745.00,3731.217970,N,12215.794478,W,7,,0.38,-26.46,M,0.0,M,0.0,0000*7C
$GPRMC,224745.00,A,3731.217970,N,12215.794478,W,056.4,317.9,080720,,,A*40
$GPGGA,224746.00,3731.229735,N,12215.807564,W,7,,0.38,-26.73,M,0.0,M,0.0,0000*72
$GPRMC,224746.00,A,3731.229735,N,12215.807564,W,056.5,318.0,080720,,,A*4F
$GPGGA,224747.00,3731.241483,N,12215.820818,W,7,,0.38,-26.75,M,0.0,M,0.0,0000*76
$GPRMC,224747.00,A,3731.241483,N,12215.820818,W,056.7,318.0,080720,,,A*4F
$GPGGA,224748.00,3731.253135,N,12215.833921,W,7,,0.38,-26.94,M,0.0,M,0.0,0000*74
$GPRMC,224748.00,A,3731.253135,N,12215.833921,W,056.5,318.0,080720,,,A*40
$GPGGA,224749.00,3731.264938,N,12215.847283,W,7,,0.38,-27.11,M,0.0,M,0.0,0000*78
$GPRMC,224749.00,A,3731.264938,N,12215.847283,W,056.5,318.0,080720,,,A*40
$GPGGA,224750.00,3731.276572,N,12215.860639,W,7,,0.38,-26.70,M,0.0,M,0.0,0000*77
$GPRMC,224750.00,A,3731.276572,N,12215.860639,W,056.3,317.9,080720,,,A*49
$GPGGA,224751.00,3731.288295,N,12215.873900,W,7,,0.38,-26.29,M,0.0,M,0.0,0000*72
$GPRMC,224751.00,A,3731.288295,N,12215.873900,W,056.2,318.0,080720,,,A*47
$GPGGA,224752.00,3731.299899,N,12215.887177,W,7,,0.38,-26.40,M,0.0,M,0.0,0000*7B
$GPRMC,224752.00,A,3731.299899,N,12215.887177,W,056.3,318.2,080720,,,A*42
$GPGGA,224753.00,3731.311383,N,12215.900407,W,7,,0.38,-26.39,M,0.0,M,0.0,0000*79
$GPRMC,224753.00,A,3731.311383,N,12215.900407,W,056.5,317.8,080720,,,A*4D
$GPGGA,224754.00,3731.323023,N,12215.913812,W,7,,0.38,-25.85,M,0.0,M,0.0,0000*78
$GPRMC,224754.00,A,3731.323023,N,12215.913812,W,056.8,317.8,080720,,,A*45
$GPGGA,224755.00,3731.334724,N,12215.927000,W,7,,0.38,-25.62,M,0.0,M,0.0,0000*7A
$GPRMC,224755.00,A,3731.334724,N,12215.927000,W,056.9,318.1,080720,,,A*49
$GPGGA,224756.00,3731.346502,N,12215.940242,W,7,,0.38,-24.90,M,0.0,M,0.0,0000*73
$GPRMC,224756.00,A,3731.346502,N,12215.940242,W,057.1,318.2,080720,,,A*46
$GPGGA,224757.00,3731.358309,N,12215.953471,W,7,,0.38,-25.19,M,0.0,M,0.0,0000*74
$GPRMC,224757.00,A,3731.358309,N,12215.953471,W,056.8,317.6,080720,,,A*42
$GPGGA,224758.00,3731.370045,N,12215.966899,W,7,,0.38,-25.20,M,0.0,M,0.0,0000*7C
$GPRMC,224758.00,A,3731.370045,N,12215.966899,W,056.8,317.7,080720,,,A*41
$GPGGA,224759.00,3731.381613,N,12215.980484,W,7,,0.38,-25.42,M,0.0,M,0.0,0000*7A
$GPRMC,224759.00,A,3731.381613,N,12215.980484,W,056.4,317.6,080720,,,A*4E
$GPGGA,224800.00,3731.392881,N,12215.993684,W,7,,0.38,-26.03,M,0.0,M,0.0,0000*78
$GPRMC,224800.00,A,3731.392881,N,12215.993684,W,055.8,317.9,080720,,,A*4A
$GPGGA,224801.00,3731.404461,N,12216.006650,W,7,,0.38,-26.13,M,0.0,M,0.0,0000*7D
$GPRMC,224801.00,A,3731.404461,N,12216.006650,W,055.8,318.2,080720,,,A*4A
$GPGGA,224802.00,3731.415981,N,12216.019609,W,7,,0.38,-25.83,M,0.0,M,0.0,0000*75
$GPRMC,224802.00,A,3731.415981,N,12216.019609,W,055.7,318.5,080720,,,A*40
$GPGGA,224803.00,3731.427501,N,12216.032384,W,7,,0.38,-25.71,M,0.0,M,0.0,0000*75
$GPRMC,224803.00,A,3731.427501,N,12216.032384,W,055.7,317.8,080720,,,A*4F
$GPGGA,224804.00,3731.438992,N,12216.045224,W,7,,0.38,-25.74,M,0.0,M,0.0,0000*74
$GPRMC,224804.00,A,3731.438992,N,12216.045224,W,055.8,318.1,080720,,,A*42
$GPGGA,224805.00,3731.450518,N,12216.058184,W,7,,0.38,-25.81,M,0.0,M,0.0,0000*7A
$GPRMC,224805.00,A,3731.450518,N,12216.058184,W,055.9,318.0,080720,,,A*46
$GPGGA,224806.00,3731.462121,N,12216.071287,W,7,,0.38,-25.71,M,0.0,M,0.0,0000*72
$GPRMC,224806.00,A,3731.462121,N,12216.071287,W,056.0,318.3,080720,,,A*48
$GPGGA,224807.00,3731.473828,N,12216.083570,W,7,,0.38,-25.97,M,0.0,M,0.0,0000*79
$GPRMC,224807.00,A,3731.473828,N,12216.083570,W,056.1,319.0,080720,,,A*48
$GPGGA,224808.00,3731.485576,N,12216.096344,W,7,,0.38,-25.93,M,0.0,M,0.0,0000*78
$GPRMC,224808.00,A,3731.485576,N,12216.096344,W,055.8,318.9,080720,,,A*4F
$GPGGA,224809.00,3731.497102,N,12216.109045,W,7,,0.38,-26.37,M,0.0,M,0.0,0000*75
$GPRMC,224809.00,A,3731.497102,N,12216.109045,W,055.7,318.8,080720,,,A*41
$GPGGA,224810.00,3731.508459,N,12216.121880,W,7,,0.38,-26.41,M,0.0,M,0.0,0000*7B
$GPRMC,224810.00,A,3731.508459,N,12216.121880,W,055.5,317.8,080720,,,A*43
$GPGGA,224811.00,3731.519614,N,12216.134888,W,7,,0.38,-26.28,M,0.0,M,0.0,0000*72
$GPRMC,224811.00,A,3731.519614,N,12216.134888,W,055.2,317.7,080720,,,A*4D
$GPGGA,224812.00,3731.530762,N,12216.147967,W,7,,0.38,-26.05,M,0.0,M,0.0,0000*71
$GPRMC,224812.00,A,3731.530762,N,12216.147967,W,055.0,317.7,080720,,,A*43
$GPGGA,224813.00,3731.541868,N,12216.160975,W,7,,0.38,-25.92,M,0.0,M,0.0,0000*78
$GPRMC,224813.00,A,3731.541868,N,12216.160975,W,054.8,317.8,080720,,,A*41
$GPGGA,224814.00,3731.553411,N,12216.173761,W,7,,0.38,-26.30,M,0.0,M,0.0,0000*7C
$GPRMC,224814.00,A,3731.553411,N,12216.173761,W,054.5,318.3,080720,,,A*47
$GPGGA,224815.00,3731.564637,N,12216.186337,W,7,,0.38,-26.09,M,0.0,M,0.0,0000*78
$GPRMC,224815.00,A,3731.564637,N,12216.186337,W,054.0,317.9,080720,,,A*49
$GPGGA,224816.00,3731.576025,N,12216.198860,W,7,,0.38,-26.27,M,0.0,M,0.0,0000*77
$GPRMC,224816.00,A,3731.576025,N,12216.198860,W,054.2,318.0,080720,,,A*4E
$GPGGA,224817.00,3731.587773,N,12216.211729,W,7,,0.38,-26.32,M,0.0,M,0.0,0000*78
$GPRMC,224817.00,A,3731.587773,N,12216.211729,W,055.4,318.1,080720,,,A*43
$GPGGA,224818.00,3731.599318,N,12216.224473,W,7,,0.38,-26.81,M,0.0,M,0.0,0000*73
$GPRMC,224818.00,A,3731.599318,N,12216.224473,W,055.3,318.4,080720,,,A*42
$GPGGA,224819.00,3731.610819,N,12216.237121,W,7,,0.38,-26.33,M,0.0,M,0.0,0000*73
$GPRMC,224819.00,A,3731.610819,N,12216.237121,W,055.6,319.3,080720,,,A*48
$GPGGA,224820.00,3731.622531,N,12216.250225,W,7,,0.38,-27.09,M,0.0,M,0.0,0000*71
$GPRMC,224820.00,A,3731.622531,N,12216.250225,W,055.6,318.8,080720,,,A*48
$GPGGA,224821.00,3731.634166,N,12216.263323,W,7,,0.38,-26.95,M,0.0,M,0.0,0000*72
$GPRMC,224821.00,A,3731.634166,N,12216.263323,W,056.0,318.6,080720,,,A*44
$GPGGA,224822.00,3731.645800,N,12216.276277,W,7,,0.38,-26.88,M,0.0,M,0.0,0000*76
$GPRMC,224822.00,A,3731.645800,N,12216.276277,W,055.9,318.3,080720,,,A*43
$GPGGA,224823.00,3731.657470,N,12216.289340,W,7,,0.38,-26.84,M,0.0,M,0.0,0000*76
$GPRMC,224823.00,A,3731.657470,N,12216.289340,W,056.3,318.2,080720,,,A*47
$GPGGA,224824.00,3731.669068,N,12216.302713,W,7,,0.38,-27.04,M,0.0,M,0.0,0000*78
$GPRMC,224824.00,A,3731.669068,N,12216.302713,W,056.4,317.6,080720,,,A*4C
$GPGGA,224825.00,3731.680647,N,12216.316022,W,7,,0.38,-26.46,M,0.0,M,0.0,0000*72
$GPRMC,224825.00,A,3731.680647,N,12216.316022,W,056.8,317.8,080720,,,A*43
$GPGGA,224826.00,3731.692401,N,12216.329503,W,7,,0.38,-26.88,M,0.0,M,0.0,0000*7A
$GPRMC,224826.00,A,3731.692401,N,12216.329503,W,056.7,317.8,080720,,,A*46
$GPGGA,224827.00,3731.703969,N,12216.342722,W,7,,0.38,-26.72,M,0.0,M,0.0,0000*78
$GPRMC,224827.00,A,3731.703969,N,12216.342722,W,057.0,317.9,080720,,,A*46
$GPGGA,224828.00,3731.715969,N,12216.356282,W,7,,0.38,-26.47,M,0.0,M,0.0,0000*7C
$GPRMC,224828.00,A,3731.715969,N,12216.356282,W,058.0,317.5,080720,,,A*47
$GPGGA,224829.00,3731.727717,N,12216.370022,W,7,,0.38,-25.92,M,0.0,M,0.0,0000*7C
$GPRMC,224829.00,A,3731.727717,N,12216.370022,W,058.5,317.6,080720,,,A*4A
$GPGGA,224830.00,3731.739664,N,12216.383972,W,7,,0.38,-25.91,M,0.0,M,0.0,0000*7D
$GPRMC,224830.00,A,3731.739664,N,12216.383972,W,058.9,317.8,080720,,,A*4A
$GPGGA,224831.00,3731.751670,N,12216.397832,W,7,,0.38,-26.26,M,0.0,M,0.0,0000*78
$GPRMC,224831.00,A,3731.751670,N,12216.397832,W,059.3,317.9,080720,,,A*4A
$GPGGA,224832.00,3731.763837,N,12216.411469,W,7,,0.38,-26.43,M,0.0,M,0.0,0000*7F
$GPRMC,224832.00,A,3731.763837,N,12216.411469,W,059.2,318.1,080720,,,A*48
$GPGGA,224833.00,3731.776078,N,12216.425341,W,7,,0.38,-26.84,M,0.0,M,0.0,0000*78
$GPRMC,224833.00,A,3731.776078,N,12216.425341,W,059.1,318.2,080720,,,A*44
$GPGGA,224834.00,3731.788546,N,12216.439250,W,7,,0.38,-27.28,M,0.0,M,0.0,0000*7D
$GPRMC,224834.00,A,3731.788546,N,12216.439250,W,059.1,318.2,080720,,,A*46
$GPGGA,224835.00,3731.800762,N,12216.452906,W,7,,0.38,-27.63,M,0.0,M,0.0,0000*7D
$GPRMC,224835.00,A,3731.800762,N,12216.452906,W,059.3,318.2,080720,,,A*4B
$GPGGA,224836.00,3731.813229,N,12216.466519,W,7,,0.38,-27.46,M,0.0,M,0.0,0000*74
$GPRMC,224836.00,A,3731.813229,N,12216.466519,W,059.5,319.2,080720,,,A*42
$GPGGA,224837.00,3731.825980,N,12216.479815,W,7,,0.38,-27.24,M,0.0,M,0.0,0000*73
$GPRMC,224837.00,A,3731.825980,N,12216.479815,W,059.7,320.5,080720,,,A*4E
$GPGGA,224838.00,3731.838814,N,12216.493034,W,7,,0.38,-27.52,M,0.0,M,0.0,0000*72
$GPRMC,224838.00,A,3731.838814,N,12216.493034,W,059.8,320.7,080720,,,A*43
$GPGGA,224839.00,3731.851719,N,12216.506083,W,7,,0.38,-27.45,M,0.0,M,0.0,0000*79
$GPRMC,224839.00,A,3731.851719,N,12216.506083,W,060.1,321.2,080720,,,A*49
$GPGGA,224840.00,3731.864764,N,12216.519116,W,7,,0.38,-27.21,M,0.0,M,0.0,0000*7A
$GPRMC,224840.00,A,3731.864764,N,12216.519116,W,060.6,321.8,080720,,,A*45
$GPGGA,224841.00,3731.878216,N,12216.532249,W,7,,0.38,-27.33,M,0.0,M,0.0,0000*75
$GPRMC,224841.00,A,3731.878216,N,12216.532249,W,061.0,322.1,080720,,,A*44
$GPGGA,224842.00,3731.891763,N,12216.545191,W,7,,0.38,-27.24,M,0.0,M,0.0,0000*76
$GPRMC,224842.00,A,3731.891763,N,12216.545191,W,061.7,322.7,080720,,,A*40
$GPGGA,224843.00,3731.905468,N,12216.558379,W,7,,0.38,-26.61,M,0.0,M,0.0,0000*7B
$GPRMC,224843.00,A,3731.905468,N,12216.558379,W,061.8,323.4,080720,,,A*40
$GPGGA,224844.00,3731.919472,N,12216.571075,W,7,,0.38,-26.97,M,0.0,M,0.0,0000*77
$GPRMC,224844.00,A,3731.919472,N,12216.571075,W,062.0,323.8,080720,,,A*42
$GPGGA,224845.00,3731.933427,N,12216.583850,W,7,,0.38,-27.20,M,0.0,M,0.0,0000*71
$GPRMC,224845.00,A,3731.933427,N,12216.583850,W,062.0,323.9,080720,,,A*48
$GPGGA,224846.00,3731.947432,N,12216.596653,W,7,,0.38,-27.24,M,0.0,M,0.0,0000*78
$GPRMC,224846.00,A,3731.947432,N,12216.596653,W,062.1,324.0,080720,,,A*4A
$GPGGA,224847.00,3731.961400,N,12216.609403,W,7,,0.38,-26.94,M,0.0,M,0.0,0000*74
$GPRMC,224847.00,A,3731.961400,N,12216.609403,W,062.0,323.7,080720,,,A*4D
$GPGGA,224848.00,3731.975091,N,12216.622094,W,7,,0.38,-26.71,M,0.0,M,0.0,0000*7A
$GPRMC,224848.00,A,3731.975091,N,12216.622094,W,061.3,323.7,080720,,,A*48
$GPGGA,224849.00,3731.988843,N,12216.634825,W,7,,0.38,-26.83,M,0.0,M,0.0,0000*76
$GPRMC,224849.00,A,3731.988843,N,12216.634825,W,060.5,323.8,080720,,,A*41
$GPGGA,224850.00,3732.002182,N,12216.647114,W,7,,0.38,-26.34,M,0.0,M,0.0,0000*71
$GPRMC,224850.00,A,3732.002182,N,12216.647114,W,059.6,323.9,080720,,,A*42
$GPGGA,224851.00,3732.015411,N,12216.659378,W,7,,0.38,-26.46,M,0.0,M,0.0,0000*7B
$GPRMC,224851.00,A,3732.015411,N,12216.659378,W,059.3,323.5,080720,,,A*44
$GPGGA,224852.00,3732.028569,N,12216.671335,W,7,,0.38,-26.72,M,0.0,M,0.0,0000*7C
$GPRMC,224852.00,A,3732.028569,N,12216.671335,W,059.1,323.5,080720,,,A*46
$GPGGA,224853.00,3732.041679,N,12216.683671,W,7,,0.38,-26.69,M,0.0,M,0.0,0000*72
$GPRMC,224853.00,A,3732.041679,N,12216.683671,W,058.6,323.5,080720,,,A*44
$GPGGA,224854.00,3732.054591,N,12216.695551,W,7,,0.38,-27.13,M,0.0,M,0.0,0000*7E
$GPRMC,224854.00,A,3732.054591,N,12216.695551,W,058.3,323.9,080720,,,A*4D
$GPGGA,224855.00,3732.067630,N,12216.707527,W,7,,0.38,-27.27,M,0.0,M,0.0,0000*7B
$GPRMC,224855.00,A,3732.067630,N,12216.707527,W,058.1,323.3,080720,,,A*47
$GPGGA,224856.00,3732.080662,N,12216.719389,W,7,,0.38,-27.75,M,0.0,M,0.0,0000*7C
$GPRMC,224856.00,A,3732.080662,N,12216.719389,W,058.0,323.7,080720,,,A*42
$GPGGA,224857.00,3732.093507,N,12216.731318,W,7,,0.38,-28.02,M,0.0,M,0.0,0000*72
$GPRMC,224857.00,A,3732.093507,N,12216.731318,W,057.4,323.7,080720,,,A*48
$GPGGA,224858.00,3732.106065,N,12216.743180,W,7,,0.38,-28.21,M,0.0,M,0.0,0000*76
$GPRMC,224858.00,A,3732.106065,N,12216.743180,W,056.6,323.5,080720,,,A*4C
$GPGGA,224859.00,3732.118594,N,12216.754663,W,7,,0.38,-28.19,M,0.0,M,0.0,0000*74
$GPRMC,224859.00,A,3732.118594,N,12216.754663,W,055.9,323.5,080720,,,A*49
$GPGGA,224900.00,3732.131025,N,12216.766106,W,7,,0.38,-27.87,M,0.0,M,0.0,0000*70
$GPRMC,224900.00,A,3732.131025,N,12216.766106,W,055.2,323.8,080720,,,A*43
$GPGGA,224901.00,3732.143163,N,12216.777415,W,7,,0.38,-28.08,M,0.0,M,0.0,0000*78
$GPRMC,224901.00,A,3732.143163,N,12216.777415,W,054.8,323.6,080720,,,A*46
$GPGGA,224902.00,3732.155374,N,12216.788720,W,7,,0.38,-28.03,M,0.0,M,0.0,0000*76
$GPRMC,224902.00,A,3732.155374,N,12216.788720,W,054.7,323.8,080720,,,A*42
$GPGGA,224903.00,3732.167632,N,12216.800144,W,7,,0.38,-28.31,M,0.0,M,0.0,0000*7B
$GPRMC,224903.00,A,3732.167632,N,12216.800144,W,054.9,323.3,080720,,,A*4B
$GPGGA,224904.00,3732.180070,N,12216.811730,W,7,,0.38,-28.68,M,0.0,M,0.0,0000*7C
$GPRMC,224904.00,A,3732.180070,N,12216.811730,W,055.2,323.3,080720,,,A*4A
$GPGGA,224905.00,3732.192544,N,12216.823339,W,7,,0.38,-29.30,M,0.0,M,0.0,0000*7C
$GPRMC,224905.00,A,3732.192544,N,12216.823339,W,055.7,323.4,080720,,,A*44
$GPGGA,224906.00,3732.205018,N,12216.834752,W,7,,0.38,-28.92,M,0.0,M,0.0,0000*78
$GPRMC,224906.00,A,3732.205018,N,12216.834752,W,055.6,323.3,080720,,,A*4F
$GPGGA,224907.00,3732.217413,N,12216.846091,W,7,,0.38,-29.29,M,0.0,M,0.0,0000*79
$GPRMC,224907.00,A,3732.217413,N,12216.846091,W,055.1,323.6,080720,,,A*4D
$GPGGA,224908.00,3732.229648,N,12216.857437,W,7,,0.38,-29.43,M,0.0,M,0.0,0000*73
$GPRMC,224908.00,A,3732.229648,N,12216.857437,W,054.7,323.7,080720,,,A*4D
$GPGGA,224909.00,3732.242056,N,12216.868964,W,7,,0.38,-29.59,M,0.0,M,0.0,0000*7A
$GPRMC,224909.00,A,3732.242056,N,12216.868964,W,054.6,323.8,080720,,,A*41
$GPGGA,224910.00,3732.254361,N,12216.880454,W,7,,0.38,-30.01,M,0.0,M,0.0,0000*7F
$GPRMC,224910.00,A,3732.254361,N,12216.880454,W,054.6,323.6,080720,,,A*4F
$GPGGA,224911.00,3732.266530,N,12216.891637,W,7,,0.38,-29.91,M,0.0,M,0.0,0000*7B
$GPRMC,224911.00,A,3732.266530,N,12216.891637,W,054.3,323.7,080720,,,A*4E
$GPGGA,224912.00,3732.278638,N,12216.902749,W,7,,0.38,-30.45,M,0.0,M,0.0,0000*7E
$GPRMC,224912.00,A,3732.278638,N,12216.902749,W,053.8,323.6,080720,,,A*47
$GPGGA,224913.00,3732.290500,N,12216.913742,W,7,,0.38,-30.33,M,0.0,M,0.0,0000*7B
$GPRMC,224913.00,A,3732.290500,N,12216.913742,W,053.4,323.5,080720,,,A*4C
$GPGGA,224914.00,3732.302259,N,12216.924871,W,7,,0.38,-30.40,M,0.0,M,0.0,0000*72
$GPRMC,224914.00,A,3732.302259,N,12216.924871,W,053.4,323.6,080720,,,A*42
$GPGGA,224915.00,3732.314164,N,12216.935887,W,7,,0.38,-30.61,M,0.0,M,0.0,0000*73
$GPRMC,224915.00,A,3732.314164,N,12216.935887,W,053.6,323.2,080720,,,A*46
$GPGGA,224916.00,3732.326151,N,12216.947096,W,7,,0.38,-30.01,M,0.0,M,0.0,0000*7C
$GPRMC,224916.00,A,3732.326151,N,12216.947096,W,053.9,323.6,080720,,,A*44
$GPGGA,224917.00,3732.338415,N,12216.958375,W,7,,0.38,-30.04,M,0.0,M,0.0,0000*72
$GPRMC,224917.00,A,3732.338415,N,12216.958375,W,054.1,323.4,080720,,,A*42
$GPGGA,224918.00,3732.350440,N,12216.969679,W,7,,0.38,-29.94,M,0.0,M,0.0,0000*79
$GPRMC,224918.00,A,3732.350440,N,12216.969679,W,054.5,323.8,080720,,,A*40
$GPGGA,224919.00,3732.362764,N,12216.981097,W,7,,0.38,-29.80,M,0.0,M,0.0,0000*79
$GPRMC,224919.00,A,3732.362764,N,12216.981097,W,054.8,323.7,080720,,,A*47
$GPGGA,224920.00,3732.375100,N,12216.992462,W,7,,0.38,-29.50,M,0.0,M,0.0,0000*70
$GPRMC,224920.00,A,3732.375100,N,12216.992462,W,055.0,323.5,080720,,,A*48
$GPGGA,224921.00,3732.387436,N,12217.004012,W,7,,0.38,-29.50,M,0.0,M,0.0,0000*78
$GPRMC,224921.00,A,3732.387436,N,12217.004012,W,055.4,323.7,080720,,,A*46
$GPGGA,224922.00,3732.399910,N,12217.015321,W,7,,0.38,-29.45,M,0.0,M,0.0,0000*7A
$GPRMC,224922.00,A,3732.399910,N,12217.015321,W,055.2,323.8,080720,,,A*49
$GPGGA,224923.00,3732.412312,N,12217.026764,W,7,,0.38,-29.53,M,0.0,M,0.0,0000*75
$GPRMC,224923.00,A,3732.412312,N,12217.026764,W,055.1,323.8,080720,,,A*42
$GPGGA,224924.00,3732.424852,N,12217.038301,W,7,,0.38,-29.90,M,0.0,M,0.0,0000*7F
$GPRMC,224924.00,A,3732.424852,N,12217.038301,W,055.3,323.3,080720,,,A*4E
$GPGGA,224925.00,3732.437332,N,12217.049719,W,7,,0.38,-29.83,M,0.0,M,0.0,0000*78
$GPRMC,224925.00,A,3732.437332,N,12217.049719,W,055.3,323.7,080720,,,A*4F
$GPGGA,224926.00,3732.449565,N,12217.061047,W,7,,0.38,-29.83,M,0.0,M,0.0,0000*70
$GPRMC,224926.00,A,3732.449565,N,12217.061047,W,054.5,323.5,080720,,,A*42
$GPGGA,224927.00,3732.461073,N,12217.071907,W,7,,0.38,-29.67,M,0.0,M,0.0,0000*7F
$GPRMC,224927.00,A,3732.461073,N,12217.071907,W,052.4,323.7,080720,,,A*42
$GPGGA,224928.00,3732.472527,N,12217.082342,W,7,,0.38,-29.58,M,0.0,M,0.0,0000*7D
$GPRMC,224928.00,A,3732.472527,N,12217.082342,W,051.4,323.1,080720,,,A*49
$GPGGA,224929.00,3732.483903,N,12217.092931,W,7,,0.38,-29.56,M,0.0,M,0.0,0000*79
$GPRMC,224929.00,A,3732.483903,N,12217.092931,W,050.9,322.8,080720,,,A*47
$GPGGA,224930.00,3732.495135,N,12217.103696,W,7,,0.38,-29.32,M,0.0,M,0.0,0000*72
$GPRMC,224930.00,A,3732.495135,N,12217.103696,W,050.6,323.0,080720,,,A*48
$GPGGA,224931.00,3732.506326,N,12217.114208,W,7,,0.38,-29.44,M,0.0,M,0.0,0000*7C
$GPRMC,224931.00,A,3732.506326,N,12217.114208,W,050.7,323.1,080720,,,A*47
$GPGGA,224932.00,3732.517431,N,12217.124852,W,7,,0.38,-29.61,M,0.0,M,0.0,0000*7F
$GPRMC,224932.00,A,3732.517431,N,12217.124852,W,050.4,322.8,080720,,,A*48
$GPGGA,224933.00,3732.528460,N,12217.135183,W,7,,0.38,-29.79,M,0.0,M,0.0,0000*7A
$GPRMC,224933.00,A,3732.528460,N,12217.135183,W,049.6,323.2,080720,,,A*45
$GPGGA,224934.00,3732.539175,N,12217.145395,W,7,,0.38,-29.83,M,0.0,M,0.0,0000*7B
$GPRMC,224934.00,A,3732.539175,N,12217.145395,W,048.6,323.4,080720,,,A*46
$GPGGA,224935.00,3732.549508,N,12217.154779,W,7,,0.38,-29.91,M,0.0,M,0.0,0000*76
$GPRMC,224935.00,A,3732.549508,N,12217.154779,W,045.6,323.6,080720,,,A*47
$GPGGA,224936.00,3732.558609,N,12217.163161,W,7,,0.38,-29.44,M,0.0,M,0.0,0000*74
$GPRMC,224936.00,A,3732.558609,N,12217.163161,W,040.8,323.9,080720,,,A*49
$GPGGA,224937.00,3732.566734,N,12217.170619,W,7,,0.38,-29.22,M,0.0,M,0.0,0000*7D
$GPRMC,224937.00,A,3732.566734,N,12217.170619,W,036.7,323.9,080720,,,A*4E
$GPGGA,224938.00,3732.573994,N,12217.177100,W,7,,0.38,-29.50,M,0.0,M,0.0,0000*7F
$GPRMC,224938.00,A,3732.573994,N,12217.177100,W,032.3,323.8,080720,,,A*48
$GPGGA,224939.00,3732.580786,N,12217.183231,W,7,,0.38,-29.78,M,0.0,M,0.0,0000*7F
$GPRMC,224939.00,A,3732.580786,N,12217.183231,W,030.2,323.7,080720,,,A*4E
$GPGGA,224940.00,3732.587433,N,12217.189375,W,7,,0.38,-30.23,M,0.0,M,0.0,0000*76
$GPRMC,224940.00,A,3732.587433,N,12217.189375,W,029.3,323.4,080720,,,A*4B
$GPGGA,224941.00,3732.594081,N,12217.195525,W,7,,0.38,-29.73,M,0.0,M,0.0,0000*7B
$GPRMC,224941.00,A,3732.594081,N,12217.195525,W,029.0,323.4,080720,,,A*48
$GPGGA,224942.00,3732.600687,N,12217.201862,W,7,,0.38,-30.04,M,0.0,M,0.0,0000*7E
$GPRMC,224942.00,A,3732.600687,N,12217.201862,W,030.0,322.8,080720,,,A*40
$GPGGA,224943.00,3732.607461,N,12217.208221,W,7,,0.38,-30.23,M,0.0,M,0.0,0000*73
$GPRMC,224943.00,A,3732.607461,N,12217.208221,W,030.6,323.4,080720,,,A*43
$GPGGA,224944.00,3732.614338,N,12217.214744,W,7,,0.38,-30.25,M,0.0,M,0.0,0000*70
$GPRMC,224944.00,A,3732.614338,N,12217.214744,W,031.2,323.2,080720,,,A*45
$GPGGA,224945.00,3732.621429,N,12217.221247,W,7,,0.38,-30.23,M,0.0,M,0.0,0000*76
$GPRMC,224945.00,A,3732.621429,N,12217.221247,W,031.8,323.3,080720,,,A*4E
$GPGGA,224946.00,3732.628612,N,12217.227914,W,7,,0.38,-30.44,M,0.0,M,0.0,0000*7C
$GPRMC,224946.00,A,3732.628612,N,12217.227914,W,032.5,323.6,080720,,,A*4E
$GPGGA,224947.00,3732.635997,N,12217.234754,W,7,,0.38,-30.67,M,0.0,M,0.0,0000*7A
$GPRMC,224947.00,A,3732.635997,N,12217.234754,W,033.0,324.1,080720,,,A*4D
$GPGGA,224948.00,3732.643101,N,12217.241516,W,7,,0.38,-30.74,M,0.0,M,0.0,0000*77
$GPRMC,224948.00,A,3732.643101,N,12217.241516,W,032.5,323.8,080720,,,A*48
$GPGGA,224949.00,3732.650181,N,12217.248050,W,7,,0.38,-30.95,M,0.0,M,0.0,0000*7D
$GPRMC,224949.00,A,3732.650181,N,12217.248050,W,031.9,323.8,080720,,,A*42
$GPGGA,224950.00,3732.657094,N,12217.254470,W,7,,0.38,-31.15,M,0.0,M,0.0,0000*75
$GPRMC,224950.00,A,3732.657094,N,12217.254470,W,031.0,323.9,080720,,,A*4B
$GPGGA,224951.00,3732.664030,N,12217.260704,W,7,,0.38,-30.71,M,0.0,M,0.0,0000*7E
$GPRMC,224951.00,A,3732.664030,N,12217.260704,W,030.6,323.7,080720,,,A*4A
$GPGGA,224952.00,3732.670780,N,12217.266782,W,7,,0.38,-30.79,M,0.0,M,0.0,0000*74
$GPRMC,224952.00,A,3732.670780,N,12217.266782,W,029.9,324.0,080720,,,A*4F
$GPGGA,224953.00,3732.677295,N,12217.272842,W,7,,0.38,-30.89,M,0.0,M,0.0,0000*7A
$GPRMC,224953.00,A,3732.677295,N,12217.272842,W,028.5,323.6,080720,,,A*42
$GPGGA,224954.00,3732.683848,N,12217.279088,W,7,,0.38,-32.06,M,0.0,M,0.0,0000*7C
$GPRMC,224954.00,A,3732.683848,N,12217.279088,W,028.9,323.2,080720,,,A*49
$GPGGA,224955.00,3732.690609,N,12217.285322,W,7,,0.38,-31.82,M,0.0,M,0.0,0000*7B
$GPRMC,224955.00,A,3732.690609,N,12217.285322,W,030.7,323.3,080720,,,A*47
$GPGGA,224956.00,3732.697738,N,12217.291735,W,7,,0.38,-31.77,M,0.0,M,0.0,0000*71
$GPRMC,224956.00,A,3732.697738,N,12217.291735,W,031.7,323.4,080720,,,A*41
$GPGGA,224957.00,3732.705034,N,12217.298443,W,7,,0.38,-31.62,M,0.0,M,0.0,0000*7E
$GPRMC,224957.00,A,3732.705034,N,12217.298443,W,032.1,323.3,080720,,,A*48
$GPGGA,224958.00,3732.712228,N,12217.305056,W,7,,0.38,-31.27,M,0.0,M,0.0,0000*7C
$GPRMC,224958.00,A,3732.712228,N,12217.305056,W,032.0,323.6,080720,,,A*4F
$GPGGA,224959.00,3732.719158,N,12217.311583,W,7,,0.38,-31.30,M,0.0,M,0.0,0000*7C
$GPRMC,224959.00,A,3732.719158,N,12217.311583,W,031.7,323.2,080720,,,A*49
$GPGGA,225000.00,3732.726057,N,12217.318154,W,7,,0.38,-30.92,M,0.0,M,0.0,0000*74
$GPRMC,225000.00,A,3732.726057,N,12217.318154,W,031.0,323.2,080720,,,A*4F
$GPGGA,225001.00,3732.732934,N,12217.324472,W,7,,0.38,-31.27,M,0.0,M,0.0,0000*7D
$GPRMC,225001.00,A,3732.732934,N,12217.324472,W,030.4,323.8,080720,,,A*46
$GPGGA,225002.00,3732.739654,N,12217.330651,W,7,,0.38,-31.30,M,0.0,M,0.0,0000*7C
$GPRMC,225002.00,A,3732.739654,N,12217.330651,W,030.3,323.6,080720,,,A*48
$GPGGA,225003.00,3732.746362,N,12217.336915,W,7,,0.38,-31.39,M,0.0,M,0.0,0000*75
$GPRMC,225003.00,A,3732.746362,N,12217.336915,W,030.1,323.7,080720,,,A*4B
$GPGGA,225004.00,3732.752794,N,12217.343035,W,7,,0.38,-31.47,M,0.0,M,0.0,0000*7A
$GPRMC,225004.00,A,3732.752794,N,12217.343035,W,029.3,323.1,080720,,,A*41
$GPGGA,225005.00,3732.759028,N,12217.348705,W,7,,0.38,-31.21,M,0.0,M,0.0,0000*7F
$GPRMC,225005.00,A,3732.759028,N,12217.348705,W,027.3,323.4,080720,,,A*4F
$GPGGA,225006.00,3732.764913,N,12217.354130,W,7,,0.38,-31.18,M,0.0,M,0.0,0000*74
$GPRMC,225006.00,A,3732.764913,N,12217.354130,W,026.3,323.6,080720,,,A*4D
$GPGGA,225007.00,3732.770715,N,12217.359356,W,7,,0.38,-30.86,M,0.0,M,0.0,0000*71
$GPRMC,225007.00,A,3732.770715,N,12217.359356,W,025.7,323.3,080720,,,A*4C
$GPGGA,225008.00,3732.776536,N,12217.364983,W,7,,0.38,-30.52,M,0.0,M,0.0,0000*7E
$GPRMC,225008.00,A,3732.776536,N,12217.364983,W,026.0,323.1,080720,,,A*4C
$GPGGA,225009.00,3732.782577,N,12217.370641,W,7,,0.38,-30.56,M,0.0,M,0.0,0000*71
$GPRMC,225009.00,A,3732.782577,N,12217.370641,W,026.7,323.5,080720,,,A*44
$GPGGA,225010.00,3732.788895,N,12217.376690,W,7,,0.38,-30.67,M,0.0,M,0.0,0000*7A
$GPRMC,225010.00,A,3732.788895,N,12217.376690,W,028.1,323.3,080720,,,A*43
$GPGGA,225011.00,3732.795375,N,12217.382917,W,7,,0.38,-31.25,M,0.0,M,0.0,0000*7E
$GPRMC,225011.00,A,3732.795375,N,12217.382917,W,029.1,323.1,080720,,,A*43
$GPGGA,225012.00,3732.802059,N,12217.389211,W,7,,0.38,-31.47,M,0.0,M,0.0,0000*73
$GPRMC,225012.00,A,3732.802059,N,12217.389211,W,030.0,323.4,080720,,,A*46
$GPGGA,225013.00,3732.808720,N,12217.395817,W,7,,0.38,-31.40,M,0.0,M,0.0,0000*77
$GPRMC,225013.00,A,3732.808720,N,12217.395817,W,030.5,323.8,080720,,,A*4C
$GPGGA,225014.00,3732.815758,N,12217.402423,W,7,,0.38,-31.33,M,0.0,M,0.0,0000*75
$GPRMC,225014.00,A,3732.815758,N,12217.402423,W,030.8,323.7,080720,,,A*48
$GPGGA,225015.00,3732.822843,N,12217.409017,W,7,,0.38,-31.67,M,0.0,M,0.0,0000*7C
$GPRMC,225015.00,A,3732.822843,N,12217.409017,W,031.4,323.3,080720,,,A*49
$GPGGA,225016.00,3732.829995,N,12217.415474,W,7,,0.38,-31.94,M,0.0,M,0.0,0000*7E
$GPRMC,225016.00,A,3732.829995,N,12217.415474,W,031.6,323.6,080720,,,A*40
$GPGGA,225017.00,3732.836956,N,12217.421990,W,7,,0.38,-31.86,M,0.0,M,0.0,0000*7D
$GPRMC,225017.00,A,3732.836956,N,12217.421990,W,031.8,323.7,080720,,,A*4F
$GPGGA,225018.00,3732.844515,N,12217.428919,W,7,,0.38,-31.93,M,0.0,M,0.0,0000*70
$GPRMC,225018.00,A,3732.844515,N,12217.428919,W,033.5,323.4,080720,,,A*4A
$GPGGA,225019.00,3732.852460,N,12217.436203,W,7,,0.38,-31.47,M,0.0,M,0.0,0000*73
$GPRMC,225019.00,A,3732.852460,N,12217.436203,W,034.4,323.8,080720,,,A*4A
$GPGGA,225020.00,3732.860391,N,12217.443506,W,7,,0.38,-31.31,M,0.0,M,0.0,0000*70
$GPRMC,225020.00,A,3732.860391,N,12217.443506,W,035.6,323.9,080720,,,A*4A
$GPGGA,225021.00,3732.868893,N,12217.451090,W,7,,0.38,-31.34,M,0.0,M,0.0,0000*7C
$GPRMC,225021.00,A,3732.868893,N,12217.451090,W,037.3,324.0,080720,,,A*4A
$GPGGA,225022.00,3732.877941,N,12217.459249,W,7,,0.38,-31.18,M,0.0,M,0.0,0000*7F
$GPRMC,225022.00,A,3732.877941,N,12217.459249,W,040.3,323.8,080720,,,A*48
$GPGGA,225023.00,3732.887961,N,12217.468436,W,7,,0.38,-31.70,M,0.0,M,0.0,0000*71
$GPRMC,225023.00,A,3732.887961,N,12217.468436,W,044.6,323.9,080720,,,A*48
$GPGGA,225024.00,3732.898936,N,12217.478492,W,7,,0.38,-31.81,M,0.0,M,0.0,0000*7B
$GPRMC,225024.00,A,3732.898936,N,12217.478492,W,048.7,324.3,080720,,,A*4C
$GPGGA,225025.00,3732.910612,N,12217.489166,W,7,,0.38,-31.97,M,0.0,M,0.0,0000*75
$GPRMC,225025.00,A,3732.910612,N,12217.489166,W,051.8,324.2,080720,,,A*43
$GPGGA,225026.00,3732.922803,N,12217.500020,W,7,,0.38,-31.83,M,0.0,M,0.0,0000*7F
$GPRMC,225026.00,A,3732.922803,N,12217.500020,W,054.2,324.5,080720,,,A*44
$GPGGA,225027.00,3732.935733,N,12217.511287,W,7,,0.38,-31.65,M,0.0,M,0.0,0000*73
$GPRMC,225027.00,A,3732.935733,N,12217.511287,W,056.6,325.5,080720,,,A*47
$GPGGA,225028.00,3732.949504,N,12217.523102,W,7,,0.38,-32.00,M,0.0,M,0.0,0000*7E
$GPRMC,225028.00,A,3732.949504,N,12217.523102,W,058.6,325.5,080720,,,A*44
$GPGGA,225029.00,3732.963076,N,12217.534909,W,7,,0.38,-31.35,M,0.0,M,0.0,0000*77
$GPRMC,225029.00,A,3732.963076,N,12217.534909,W,060.2,325.0,080720,,,A*42
$GPGGA,225030.00,3732.976900,N,12217.547305,W,7,,0.38,-31.59,M,0.0,M,0.0,0000*7B
$GPRMC,225030.00,A,3732.976900,N,12217.547305,W,061.6,323.9,080720,,,A*4E
$GPGGA,225031.00,3732.991054,N,12217.560421,W,7,,0.38,-31.46,M,0.0,M,0.0,0000*71
$GPRMC,225031.00,A,3732.991054,N,12217.560421,W,062.7,323.8,080720,,,A*49
$GPGGA,225032.00,3733.005502,N,12217.573543,W,7,,0.38,-31.01,M,0.0,M,0.0,0000*75
$GPRMC,225032.00,A,3733.005502,N,12217.573543,W,063.5,323.7,080720,,,A*42
$GPGGA,225033.00,3733.019637,N,12217.586696,W,7,,0.38,-31.12,M,0.0,M,0.0,0000*7F
$GPRMC,225033.00,A,3733.019637,N,12217.586696,W,063.5,323.5,080720,,,A*48
$GPGGA,225034.00,3733.033857,N,12217.599980,W,7,,0.38,-31.07,M,0.0,M,0.0,0000*7A
$GPRMC,225034.00,A,3733.033857,N,12217.599980,W,063.4,323.8,080720,,,A*45
$GPGGA,225035.00,3733.048023,N,12217.613138,W,7,,0.38,-31.29,M,0.0,M,0.0,0000*7A
$GPRMC,225035.00,A,3733.048023,N,12217.613138,W,063.2,323.2,080720,,,A*45
$GPGGA,225036.00,3733.062292,N,12217.626181,W,7,,0.38,-31.33,M,0.0,M,0.0,0000*76
$GPRMC,225036.00,A,3733.062292,N,12217.626181,W,063.1,323.6,080720,,,A*45
$GPGGA,225037.00,3733.076482,N,12217.639063,W,7,,0.38,-31.74,M,0.0,M,0.0,0000*75
$GPRMC,225037.00,A,3733.076482,N,12217.639063,W,062.9,323.4,080720,,,A*4E
$GPGGA,225038.00,3733.090276,N,12217.652228,W,7,,0.38,-31.76,M,0.0,M,0.0,0000*7D
$GPRMC,225038.00,A,3733.090276,N,12217.652228,W,062.7,323.4,080720,,,A*4A
$GPGGA,225039.00,3733.104303,N,12217.665128,W,7,,0.38,-32.01,M,0.0,M,0.0,0000*77
$GPRMC,225039.00,A,3733.104303,N,12217.665128,W,062.4,323.5,080720,,,A*41
$GPGGA,225040.00,3733.118158,N,12217.678094,W,7,,0.38,-32.20,M,0.0,M,0.0,0000*71
$GPRMC,225040.00,A,3733.118158,N,12217.678094,W,062.3,323.5,080720,,,A*43
$GPGGA,225041.00,3733.132035,N,12217.691252,W,7,,0.38,-32.15,M,0.0,M,0.0,0000*7B
$GPRMC,225041.00,A,3733.132035,N,12217.691252,W,062.4,323.4,080720,,,A*49
$GPGGA,225042.00,3733.145595,N,12217.704134,W,7,,0.38,-33.12,M,0.0,M,0.0,0000*7F
$GPRMC,225042.00,A,3733.145595,N,12217.704134,W,061.8,323.2,080720,,,A*42
$GPGGA,225043.00,3733.159545,N,12217.716907,W,7,,0.38,-33.17,M,0.0,M,0.0,0000*70
$GPRMC,225043.00,A,3733.159545,N,12217.716907,W,062.9,323.5,080720,,,A*4D
$GPGGA,225044.00,3733.173634,N,12217.729868,W,7,,0.38,-32.95,M,0.0,M,0.0,0000*75
$GPRMC,225044.00,A,3733.173634,N,12217.729868,W,062.3,323.3,080720,,,A*4F
$GPGGA,225045.00,3733.187343,N,12217.742924,W,7,,0.38,-32.90,M,0.0,M,0.0,0000*7B
$GPRMC,225045.00,A,3733.187343,N,12217.742924,W,062.0,322.6,080720,,,A*43
$GPGGA,225046.00,3733.201336,N,12217.755847,W,7,,0.38,-32.84,M,0.0,M,0.0,0000*70
$GPRMC,225046.00,A,3733.201336,N,12217.755847,W,062.3,322.6,080720,,,A*4E
$GPGGA,225047.00,3733.215285,N,12217.769275,W,7,,0.38,-32.48,M,0.0,M,0.0,0000*79
$GPRMC,225047.00,A,3733.215285,N,12217.769275,W,062.7,322.7,080720,,,A*42
$GPGGA,225048.00,3733.228468,N,12217.782187,W,7,,0.38,-33.33,M,0.0,M,0.0,0000*7B
$GPRMC,225048.00,A,3733.228468,N,12217.782187,W,061.6,322.5,080720,,,A*4D
$GPGGA,225049.00,3733.242514,N,12217.795429,W,7,,0.38,-33.08,M,0.0,M,0.0,0000*73
$GPRMC,225049.00,A,3733.242514,N,12217.795429,W,062.4,322.8,080720,,,A*41
$GPGGA,225050.00,3733.256253,N,12217.808558,W,7,,0.38,-32.77,M,0.0,M,0.0,0000*7F
$GPRMC,225050.00,A,3733.256253,N,12217.808558,W,062.1,322.7,080720,,,A*4E
$GPGGA,225051.00,3733.269808,N,12217.821481,W,7,,0.38,-32.17,M,0.0,M,0.0,0000*7E
$GPRMC,225051.00,A,3733.269808,N,12217.821481,W,061.7,322.8,080720,,,A*43
$GPGGA,225052.00,3733.283566,N,12217.834891,W,7,,0.38,-32.29,M,0.0,M,0.0,0000*78
$GPRMC,225052.00,A,3733.283566,N,12217.834891,W,061.7,323.0,080720,,,A*41
$GPGGA,225053.00,3733.297312,N,12217.848103,W,7,,0.38,-32.31,M,0.0,M,0.0,0000*79
$GPRMC,225053.00,A,3733.297312,N,12217.848103,W,061.8,322.8,080720,,,A*4F
$GPGGA,225054.00,3733.311189,N,12217.861177,W,7,,0.38,-32.36,M,0.0,M,0.0,0000*7E
$GPRMC,225054.00,A,3733.311189,N,12217.861177,W,061.9,323.1,080720,,,A*46
$GPGGA,225055.00,3733.325038,N,12217.874012,W,7,,0.38,-32.43,M,0.0,M,0.0,0000*77
$GPRMC,225055.00,A,3733.325038,N,12217.874012,W,061.9,323.3,080720,,,A*4F
$GPGGA,225056.00,3733.339071,N,12217.887211,W,7,,0.38,-32.28,M,0.0,M,0.0,0000*74
$GPRMC,225056.00,A,3733.339071,N,12217.887211,W,061.9,323.4,080720,,,A*46
$GPGGA,225057.00,3733.352991,N,12217.899902,W,7,,0.38,-32.55,M,0.0,M,0.0,0000*73
$GPRMC,225057.00,A,3733.352991,N,12217.899902,W,061.9,323.4,080720,,,A*4B
$GPGGA,225058.00,3733.366912,N,12217.912886,W,7,,0.38,-32.52,M,0.0,M,0.0,0000*78
$GPRMC,225058.00,A,3733.366912,N,12217.912886,W,062.0,323.8,080720,,,A*41
$GPGGA,225059.00,3733.380867,N,12217.925738,W,7,,0.38,-32.08,M,0.0,M,0.0,0000*73
$GPRMC,225059.00,A,3733.380867,N,12217.925738,W,062.4,323.6,080720,,,A*4F
$GPGGA,225100.00,3733.394805,N,12217.938608,W,7,,0.38,-32.20,M,0.0,M,0.0,0000*7B
$GPRMC,225100.00,A,3733.394805,N,12217.938608,W,062.7,323.7,080720,,,A*4F
$GPGGA,225101.00,3733.409014,N,12217.951568,W,7,,0.38,-32.25,M,0.0,M,0.0,0000*7E
$GPRMC,225101.00,A,3733.409014,N,12217.951568,W,063.0,323.8,080720,,,A*46
$GPGGA,225102.00,3733.423060,N,12217.964966,W,7,,0.38,-32.15,M,0.0,M,0.0,0000*71
$GPRMC,225102.00,A,3733.423060,N,12217.964966,W,063.3,323.6,080720,,,A*47
$GPGGA,225103.00,3733.437400,N,12217.977967,W,7,,0.38,-32.25,M,0.0,M,0.0,0000*77
$GPRMC,225103.00,A,3733.437400,N,12217.977967,W,063.6,324.0,080720,,,A*46
$GPGGA,225104.00,3733.451709,N,12217.991102,W,7,,0.38,-31.93,M,0.0,M,0.0,0000*77
$GPRMC,225104.00,A,3733.451709,N,12217.991102,W,063.8,323.9,080720,,,A*48
$GPGGA,225105.00,3733.466260,N,12218.004181,W,7,,0.38,-31.83,M,0.0,M,0.0,0000*78
$GPRMC,225105.00,A,3733.466260,N,12218.004181,W,064.3,324.4,080720,,,A*40
$GPGGA,225106.00,3733.480894,N,12218.017286,W,7,,0.38,-31.95,M,0.0,M,0.0,0000*73
$GPRMC,225106.00,A,3733.480894,N,12218.017286,W,064.5,324.8,080720,,,A*46
$GPGGA,225107.00,3733.495588,N,12218.030438,W,7,,0.38,-31.91,M,0.0,M,0.0,0000*74
$GPRMC,225107.00,A,3733.495588,N,12218.030438,W,065.1,324.9,080720,,,A*41
$GPGGA,225108.00,3733.510510,N,12218.043872,W,7,,0.38,-32.05,M,0.0,M,0.0,0000*7E
$GPRMC,225108.00,A,3733.510510,N,12218.043872,W,065.5,324.4,080720,,,A*4C
$GPGGA,225109.00,3733.525449,N,12218.057173,W,7,,0.38,-31.84,M,0.0,M,0.0,0000*73
$GPRMC,225109.00,A,3733.525449,N,12218.057173,W,066.1,324.4,080720,,,A*4C
$GPGGA,225110.00,3733.540371,N,12218.070512,W,7,,0.38,-31.64,M,0.0,M,0.0,0000*7C
$GPRMC,225110.00,A,3733.540371,N,12218.070512,W,066.2,324.1,080720,,,A*4B
$GPGGA,225111.00,3733.555587,N,12218.084101,W,7,,0.38,-31.79,M,0.0,M,0.0,0000*77
$GPRMC,225111.00,A,3733.555587,N,12218.084101,W,066.3,324.1,080720,,,A*4D
$GPGGA,225112.00,3733.570209,N,12218.097656,W,7,,0.38,-31.64,M,0.0,M,0.0,0000*79
$GPRMC,225112.00,A,3733.570209,N,12218.097656,W,066.0,323.2,080720,,,A*48
$GPGGA,225113.00,3733.584754,N,12218.111456,W,7,,0.38,-31.53,M,0.0,M,0.0,0000*77
$GPRMC,225113.00,A,3733.584754,N,12218.111456,W,065.6,322.4,080720,,,A*40
$GPGGA,225114.00,3733.598739,N,12218.125363,W,7,,0.38,-31.12,M,0.0,M,0.0,0000*75
$GPRMC,225114.00,A,3733.598739,N,12218.125363,W,064.8,321.5,080720,,,A*4A
$GPGGA,225115.00,3733.612641,N,12218.139536,W,7,,0.38,-30.80,M,0.0,M,0.0,0000*7A
$GPRMC,225115.00,A,3733.612641,N,12218.139536,W,064.1,321.3,080720,,,A*40
$GPGGA,225116.00,3733.626232,N,12218.153150,W,7,,0.38,-30.90,M,0.0,M,0.0,0000*77
$GPRMC,225116.00,A,3733.626232,N,12218.153150,W,063.5,321.0,080720,,,A*4C
$GPGGA,225117.00,3733.640086,N,12218.167040,W,7,,0.38,-30.75,M,0.0,M,0.0,0000*77
$GPRMC,225117.00,A,3733.640086,N,12218.167040,W,063.7,320.5,080720,,,A*41
$GPGGA,225118.00,3733.653946,N,12218.181523,W,7,,0.38,-30.90,M,0.0,M,0.0,0000*7C
$GPRMC,225118.00,A,3733.653946,N,12218.181523,W,064.5,320.0,080720,,,A*41
$GPGGA,225119.00,3733.667884,N,12218.196457,W,7,,0.38,-31.10,M,0.0,M,0.0,0000*78
$GPRMC,225119.00,A,3733.667884,N,12218.196457,W,065.4,319.5,080720,,,A*43
$GPGGA,225120.00,3733.681750,N,12218.211488,W,7,,0.38,-31.06,M,0.0,M,0.0,0000*75
$GPRMC,225120.00,A,3733.681750,N,12218.211488,W,065.6,319.1,080720,,,A*4F
$GPGGA,225121.00,3733.695442,N,12218.226631,W,7,,0.38,-30.95,M,0.0,M,0.0,0000*7E
$GPRMC,225121.00,A,3733.695442,N,12218.226631,W,066.0,319.0,080720,,,A*4B
$GPGGA,225122.00,3733.709487,N,12218.242117,W,7,,0.38,-30.67,M,0.0,M,0.0,0000*7C
$GPRMC,225122.00,A,3733.709487,N,12218.242117,W,066.8,318.9,080720,,,A*44
$GPGGA,225123.00,3733.723786,N,12218.257478,W,7,,0.38,-30.55,M,0.0,M,0.0,0000*7E
$GPRMC,225123.00,A,3733.723786,N,12218.257478,W,067.0,319.2,080720,,,A*44
$GPGGA,225124.00,3733.737898,N,12218.272760,W,7,,0.38,-29.68,M,0.0,M,0.0,0000*77
$GPRMC,225124.00,A,3733.737898,N,12218.272760,W,066.7,320.1,080720,,,A*44
$GPGGA,225125.00,3733.751944,N,12218.287627,W,7,,0.38,-29.79,M,0.0,M,0.0,0000*7E
$GPRMC,225125.00,A,3733.751944,N,12218.287627,W,066.2,320.2,080720,,,A*4B
$GPGGA,225126.00,3733.766308,N,12218.302256,W,7,,0.38,-30.18,M,0.0,M,0.0,0000*7A
$GPRMC,225126.00,A,3733.766308,N,12218.302256,W,066.7,320.6,080720,,,A*41
$GPGGA,225127.00,3733.780701,N,12218.317405,W,7,,0.38,-30.46,M,0.0,M,0.0,0000*71
$GPRMC,225127.00,A,3733.780701,N,12218.317405,W,067.6,320.3,080720,,,A*44
$GPGGA,225128.00,3733.795335,N,12218.333108,W,7,,0.38,-30.31,M,0.0,M,0.0,0000*77
$GPRMC,225128.00,A,3733.795335,N,12218.333108,W,068.3,320.0,080720,,,A*4B
$GPGGA,225129.00,3733.809988,N,12218.348690,W,7,,0.38,-30.50,M,0.0,M,0.0,0000*7D
$GPRMC,225129.00,A,3733.809988,N,12218.348690,W,068.8,319.6,080720,,,A*41
$GPGGA,225130.00,3733.824591,N,12218.364349,W,7,,0.38,-30.35,M,0.0,M,0.0,0000*72
$GPRMC,225130.00,A,3733.824591,N,12218.364349,W,069.1,319.6,080720,,,A*45
$GPGGA,225131.00,3733.839172,N,12218.380051,W,7,,0.38,-30.07,M,0.0,M,0.0,0000*77
$GPRMC,225131.00,A,3733.839172,N,12218.380051,W,069.2,319.4,080720,,,A*40
$GPGGA,225132.00,3733.853517,N,12218.395772,W,7,,0.38,-30.12,M,0.0,M,0.0,0000*79
$GPRMC,225132.00,A,3733.853517,N,12218.395772,W,068.5,319.0,080720,,,A*48
$GPGGA,225133.00,3733.867965,N,12218.411515,W,7,,0.38,-30.08,M,0.0,M,0.0,0000*75
$GPRMC,225133.00,A,3733.867965,N,12218.411515,W,067.9,319.0,080720,,,A*4C
$GPGGA,225134.00,3733.882017,N,12218.426809,W,7,,0.38,-29.40,M,0.0,M,0.0,0000*75
$GPRMC,225134.00,A,3733.882017,N,12218.426809,W,066.9,319.0,080720,,,A*49
$GPGGA,225135.00,3733.895727,N,12218.442146,W,7,,0.38,-29.51,M,0.0,M,0.0,0000*76
$GPRMC,225135.00,A,3733.895727,N,12218.442146,W,065.9,318.8,080720,,,A*40
$GPGGA,225136.00,3733.909432,N,12218.457217,W,7,,0.38,-29.26,M,0.0,M,0.0,0000*75
$GPRMC,225136.00,A,3733.909432,N,12218.457217,W,065.7,318.6,080720,,,A*43
$GPGGA,225137.00,3733.923021,N,12218.472188,W,7,,0.38,-29.36,M,0.0,M,0.0,0000*79
$GPRMC,225137.00,A,3733.923021,N,12218.472188,W,065.3,318.8,080720,,,A*44
$GPGGA,225138.00,3733.936582,N,12218.487091,W,7,,0.38,-29.41,M,0.0,M,0.0,0000*7D
$GPRMC,225138.00,A,3733.936582,N,12218.487091,W,065.1,319.0,080720,,,A*4B
$GPGGA,225139.00,3733.950154,N,12218.501941,W,7,,0.38,-29.44,M,0.0,M,0.0,0000*7D
$GPRMC,225139.00,A,3733.950154,N,12218.501941,W,064.6,319.1,080720,,,A*49
$GPGGA,225140.00,3733.963942,N,12218.516684,W,7,,0.38,-29.85,M,0.0,M,0.0,0000*71
$GPRMC,225140.00,A,3733.963942,N,12218.516684,W,064.4,319.4,080720,,,A*4F
$GPGGA,225141.00,3733.977381,N,12218.531306,W,7,,0.38,-29.75,M,0.0,M,0.0,0000*75
$GPRMC,225141.00,A,3733.977381,N,12218.531306,W,064.3,318.9,080720,,,A*4F
$GPGGA,225142.00,3733.990822,N,12218.546168,W,7,,0.38,-29.75,M,0.0,M,0.0,0000*77
$GPRMC,225142.00,A,3733.990822,N,12218.546168,W,064.0,318.4,080720,,,A*43
$GPGGA,225143.00,3734.004034,N,12218.561138,W,7,,0.38,-29.70,M,0.0,M,0.0,0000*7F
$GPRMC,225143.00,A,3734.004034,N,12218.561138,W,063.5,318.0,080720,,,A*48
$GPGGA,225144.00,3734.016969,N,12218.575916,W,7,,0.38,-29.35,M,0.0,M,0.0,0000*7A
$GPRMC,225144.00,A,3734.016969,N,12218.575916,W,062.8,318.1,080720,,,A*41
$GPGGA,225145.00,3734.029737,N,12218.590669,W,7,,0.38,-29.17,M,0.0,M,0.0,0000*7E
$GPRMC,225145.00,A,3734.029737,N,12218.590669,W,062.4,317.9,080720,,,A*4E
$GPGGA,225146.00,3734.042709,N,12218.605310,W,7,,0.38,-28.74,M,0.0,M,0.0,0000*7D
$GPRMC,225146.00,A,3734.042709,N,12218.605310,W,062.6,318.1,080720,,,A*4C
$GPGGA,225147.00,3734.055639,N,12218.619758,W,7,,0.38,-28.79,M,0.0,M,0.0,0000*70
$GPRMC,225147.00,A,3734.055639,N,12218.619758,W,062.5,319.0,080720,,,A*4F
$GPGGA,225148.00,3734.068714,N,12218.634157,W,7,,0.38,-28.84,M,0.0,M,0.0,0000*7B
$GPRMC,225148.00,A,3734.068714,N,12218.634157,W,062.2,319.2,080720,,,A*43
$GPGGA,225149.00,3734.081781,N,12218.648498,W,7,,0.38,-28.59,M,0.0,M,0.0,0000*7C
$GPRMC,225149.00,A,3734.081781,N,12218.648498,W,062.1,319.0,080720,,,A*45
$GPGGA,225150.00,3734.094891,N,12218.662741,W,7,,0.38,-28.63,M,0.0,M,0.0,0000*78
$GPRMC,225150.00,A,3734.094891,N,12218.662741,W,062.2,319.5,080720,,,A*4E
$GPGGA,225151.00,3734.107894,N,12218.676704,W,7,,0.38,-28.26,M,0.0,M,0.0,0000*72
$GPRMC,225151.00,A,3734.107894,N,12218.676704,W,062.0,319.5,080720,,,A*47
$GPGGA,225152.00,3734.120961,N,12218.690689,W,7,,0.38,-27.45,M,0.0,M,0.0,0000*79
$GPRMC,225152.00,A,3734.120961,N,12218.690689,W,061.9,319.4,080720,,,A*4D
$GPGGA,225153.00,3734.133760,N,12218.704675,W,7,,0.38,-27.24,M,0.0,M,0.0,0000*7D
$GPRMC,225153.00,A,3734.133760,N,12218.704675,W,061.4,319.5,080720,,,A*42
$GPGGA,225154.00,3734.146774,N,12218.718356,W,7,,0.38,-27.82,M,0.0,M,0.0,0000*78
$GPRMC,225154.00,A,3734.146774,N,12218.718356,W,061.4,319.4,080720,,,A*4A
$GPGGA,225155.00,3734.159601,N,12218.732323,W,7,,0.38,-27.48,M,0.0,M,0.0,0000*78
$GPRMC,225155.00,A,3734.159601,N,12218.732323,W,061.4,319.3,080720,,,A*4B
$GPGGA,225156.00,3734.172921,N,12218.746315,W,7,,0.38,-28.15,M,0.0,M,0.0,0000*7E
$GPRMC,225156.00,A,3734.172921,N,12218.746315,W,061.8,319.1,080720,,,A*44
$GPGGA,225157.00,3734.185869,N,12218.760680,W,7,,0.38,-28.19,M,0.0,M,0.0,0000*7B
$GPRMC,225157.00,A,3734.185869,N,12218.760680,W,062.0,319.0,080720,,,A*47
$GPGGA,225158.00,3734.198836,N,12218.774702,W,7,,0.38,-27.68,M,0.0,M,0.0,0000*75
$GPRMC,225158.00,A,3734.198836,N,12218.774702,W,062.1,319.1,080720,,,A*40
$GPGGA,225159.00,3734.211705,N,12218.789036,W,7,,0.38,-27.71,M,0.0,M,0.0,0000*73
$GPRMC,225159.00,A,3734.211705,N,12218.789036,W,061.9,319.0,080720,,,A*44
$GPGGA,225200.00,3734.224503,N,12218.803310,W,7,,0.38,-27.94,M,0.0,M,0.0,0000*7F
$GPRMC,225200.00,A,3734.224503,N,12218.803310,W,061.6,319.2,080720,,,A*4E
$GPGGA,225201.00,3734.237535,N,12218.817517,W,7,,0.38,-27.38,M,0.0,M,0.0,0000*7B
$GPRMC,225201.00,A,3734.237535,N,12218.817517,W,061.8,319.2,080720,,,A*42
$GPGGA,225202.00,3734.250663,N,12218.831881,W,7,,0.38,-27.42,M,0.0,M,0.0,0000*72
$GPRMC,225202.00,A,3734.250663,N,12218.831881,W,062.2,319.3,080720,,,A*4E
$GPGGA,225203.00,3734.264110,N,12218.845753,W,7,,0.38,-27.37,M,0.0,M,0.0,0000*76
$GPRMC,225203.00,A,3734.264110,N,12218.845753,W,062.4,319.2,080720,,,A*4F
$GPGGA,225204.00,3734.277856,N,12218.860472,W,7,,0.38,-27.41,M,0.0,M,0.0,0000*7E
$GPRMC,225204.00,A,3734.277856,N,12218.860472,W,064.1,319.1,080720,,,A*46
$GPGGA,225205.00,3734.291278,N,12218.875160,W,7,,0.38,-26.89,M,0.0,M,0.0,0000*76
$GPRMC,225205.00,A,3734.291278,N,12218.875160,W,064.1,318.9,080720,,,A*42
$GPGGA,225206.00,3734.304670,N,12218.889691,W,7,,0.38,-26.38,M,0.0,M,0.0,0000*74
$GPRMC,225206.00,A,3734.304670,N,12218.889691,W,064.0,318.9,080720,,,A*4B
$GPGGA,225207.00,3734.317647,N,12218.904158,W,7,,0.38,-26.48,M,0.0,M,0.0,0000*72
$GPRMC,225207.00,A,3734.317647,N,12218.904158,W,062.2,318.6,080720,,,A*41
$GPGGA,225208.00,3734.330409,N,12218.918125,W,7,,0.38,-26.42,M,0.0,M,0.0,0000*7D
$GPRMC,225208.00,A,3734.330409,N,12218.918125,W,061.3,318.6,080720,,,A*46
$GPGGA,225209.00,3734.342925,N,12218.932412,W,7,,0.38,-26.34,M,0.0,M,0.0,0000*72
$GPRMC,225209.00,A,3734.342925,N,12218.932412,W,060.7,318.0,080720,,,A*4B
$GPGGA,225210.00,3734.355448,N,12218.946949,W,7,,0.38,-26.22,M,0.0,M,0.0,0000*7D
$GPRMC,225210.00,A,3734.355448,N,12218.946949,W,060.9,317.3,080720,,,A*41
$GPGGA,225211.00,3734.367976,N,12218.961650,W,7,,0.38,-26.01,M,0.0,M,0.0,0000*7E
$GPRMC,225211.00,A,3734.367976,N,12218.961650,W,061.6,317.5,080720,,,A*4B
$GPGGA,225212.00,3734.380827,N,12218.976247,W,7,,0.38,-25.88,M,0.0,M,0.0,0000*77
$GPRMC,225212.00,A,3734.380827,N,12218.976247,W,061.6,318.0,080720,,,A*4A
$GPGGA,225213.00,3734.393445,N,12218.990497,W,7,,0.38,-25.28,M,0.0,M,0.0,0000*75
$GPRMC,225213.00,A,3734.393445,N,12218.990497,W,061.3,318.9,080720,,,A*4E
$GPGGA,225214.00,3734.406454,N,12219.004490,W,7,,0.38,-26.15,M,0.0,M,0.0,0000*76
$GPRMC,225214.00,A,3734.406454,N,12219.004490,W,061.7,318.9,080720,,,A*44
$GPGGA,225215.00,3734.419438,N,12219.018968,W,7,,0.38,-25.33,M,0.0,M,0.0,0000*73
$GPRMC,225215.00,A,3734.419438,N,12219.018968,W,062.1,319.1,080720,,,A*4A
$GPGGA,225216.00,3734.432343,N,12219.033097,W,7,,0.38,-24.97,M,0.0,M,0.0,0000*7D
$GPRMC,225216.00,A,3734.432343,N,12219.033097,W,061.9,319.2,080720,,,A*43
$GPGGA,225217.00,3734.445771,N,12219.046946,W,7,,0.38,-25.06,M,0.0,M,0.0,0000*77
$GPRMC,225217.00,A,3734.445771,N,12219.046946,W,062.2,319.2,080720,,,A*48
$GPGGA,225218.00,3734.459085,N,12219.061136,W,7,,0.38,-25.88,M,0.0,M,0.0,0000*75
$GPRMC,225218.00,A,3734.459085,N,12219.061136,W,062.4,319.4,080720,,,A*4C
$GPGGA,225219.00,3734.472262,N,12219.075326,W,7,,0.38,-25.99,M,0.0,M,0.0,0000*70
$GPRMC,225219.00,A,3734.472262,N,12219.075326,W,062.8,319.4,080720,,,A*45
$GPGGA,225220.00,3734.485552,N,12219.089732,W,7,,0.38,-26.18,M,0.0,M,0.0,0000*7E
$GPRMC,225220.00,A,3734.485552,N,12219.089732,W,063.2,319.3,080720,,,A*4D
$GPGGA,225221.00,3734.498860,N,12219.104269,W,7,,0.38,-26.12,M,0.0,M,0.0,0000*7A
$GPRMC,225221.00,A,3734.498860,N,12219.104269,W,063.9,319.4,080720,,,A*4F
$GPGGA,225222.00,3734.512402,N,12219.118867,W,7,,0.38,-25.75,M,0.0,M,0.0,0000*79
$GPRMC,225222.00,A,3734.512402,N,12219.118867,W,064.3,319.4,080720,,,A*43
$GPGGA,225223.00,3734.525860,N,12219.133573,W,7,,0.38,-25.34,M,0.0,M,0.0,0000*70
$GPRMC,225223.00,A,3734.525860,N,12219.133573,W,064.5,319.1,080720,,,A*4C
$GPGGA,225224.00,3734.539360,N,12219.148490,W,7,,0.38,-25.18,M,0.0,M,0.0,0000*7F
$GPRMC,225224.00,A,3734.539360,N,12219.148490,W,064.7,319.3,080720,,,A*4D
$GPGGA,225225.00,3734.552974,N,12219.163178,W,7,,0.38,-25.40,M,0.0,M,0.0,0000*7B
$GPRMC,225225.00,A,3734.552974,N,12219.163178,W,064.7,319.3,080720,,,A*44
$GPGGA,225226.00,3734.566462,N,12219.177818,W,7,,0.38,-25.65,M,0.0,M,0.0,0000*78
$GPRMC,225226.00,A,3734.566462,N,12219.177818,W,064.8,319.2,080720,,,A*4E
$GPGGA,225227.00,3734.579962,N,12219.192499,W,7,,0.38,-26.25,M,0.0,M,0.0,0000*73
$GPRMC,225227.00,A,3734.579962,N,12219.192499,W,064.6,319.4,080720,,,A*4A
$GPGGA,225228.00,3734.593816,N,12219.207542,W,7,,0.38,-26.34,M,0.0,M,0.0,0000*72
$GPRMC,225228.00,A,3734.593816,N,12219.207542,W,065.3,319.1,080720,,,A*4A
$GPGGA,225229.00,3734.607292,N,12219.222685,W,7,,0.38,-26.17,M,0.0,M,0.0,0000*75
$GPRMC,225229.00,A,3734.607292,N,12219.222685,W,065.3,318.9,080720,,,A*45
$GPGGA,225230.00,3734.621338,N,12219.237794,W,7,,0.38,-26.71,M,0.0,M,0.0,0000*7D
$GPRMC,225230.00,A,3734.621338,N,12219.237794,W,065.7,319.2,080720,,,A*43
$GPGGA,225231.00,3734.635186,N,12219.252991,W,7,,0.38,-26.75,M,0.0,M,0.0,0000*72
$GPRMC,225231.00,A,3734.635186,N,12219.252991,W,065.8,319.2,080720,,,A*47
$GPGGA,225232.00,3734.649069,N,12219.268154,W,7,,0.38,-25.82,M,0.0,M,0.0,0000*79
$GPRMC,225232.00,A,3734.649069,N,12219.268154,W,066.2,319.3,080720,,,A*4F
$GPGGA,225233.00,3734.663026,N,12219.283123,W,7,,0.38,-25.87,M,0.0,M,0.0,0000*7B
$GPRMC,225233.00,A,3734.663026,N,12219.283123,W,066.2,319.5,080720,,,A*4E
$GPGGA,225234.00,3734.676879,N,12219.298003,W,7,,0.38,-25.76,M,0.0,M,0.0,0000*7D
$GPRMC,225234.00,A,3734.676879,N,12219.298003,W,066.2,319.5,080720,,,A*46
$GPGGA,225235.00,3734.690902,N,12219.313225,W,7,,0.38,-26.39,M,0.0,M,0.0,0000*75
$GPRMC,225235.00,A,3734.690902,N,12219.313225,W,066.4,319.3,080720,,,A*46
$GPGGA,225236.00,3734.704959,N,12219.328418,W,7,,0.38,-26.64,M,0.0,M,0.0,0000*7C
$GPRMC,225236.00,A,3734.704959,N,12219.328418,W,066.7,319.1,080720,,,A*46
$GPGGA,225237.00,3734.718994,N,12219.343861,W,7,,0.38,-27.12,M,0.0,M,0.0,0000*7E
$GPRMC,225237.00,A,3734.718994,N,12219.343861,W,067.2,318.9,080720,,,A*49
$GPGGA,225238.00,3734.733231,N,12219.359185,W,7,,0.38,-27.04,M,0.0,M,0.0,0000*73
$GPRMC,225238.00,A,3734.733231,N,12219.359185,W,067.4,319.4,080720,,,A*49
$GPGGA,225239.00,3734.747691,N,12219.374725,W,7,,0.38,-27.06,M,0.0,M,0.0,0000*7E
$GPRMC,225239.00,A,3734.747691,N,12219.374725,W,067.5,319.4,080720,,,A*47
$GPGGA,225240.00,3734.762188,N,12219.390386,W,7,,0.38,-26.58,M,0.0,M,0.0,0000*75
$GPRMC,225240.00,A,3734.762188,N,12219.390386,W,068.1,319.6,080720,,,A*4F
$GPGGA,225241.00,3734.776264,N,12219.405721,W,7,,0.38,-26.17,M,0.0,M,0.0,0000*79
$GPRMC,225241.00,A,3734.776264,N,12219.405721,W,067.1,319.3,080720,,,A*42
$GPGGA,225242.00,3734.790225,N,12219.420908,W,7,,0.38,-26.16,M,0.0,M,0.0,0000*74
$GPRMC,225242.00,A,3734.790225,N,12219.420908,W,066.1,319.2,080720,,,A*4E
$GPGGA,225243.00,3734.803983,N,12219.435649,W,7,,0.38,-26.37,M,0.0,M,0.0,0000*7A
$GPRMC,225243.00,A,3734.803983,N,12219.435649,W,064.6,319.5,080720,,,A*41
$GPGGA,225244.00,3734.817196,N,12219.450002,W,7,,0.38,-26.73,M,0.0,M,0.0,0000*7E
$GPRMC,225244.00,A,3734.817196,N,12219.450002,W,063.0,319.3,080720,,,A*42
$GPGGA,225245.00,3734.830017,N,12219.464078,W,7,,0.38,-27.11,M,0.0,M,0.0,0000*7D
$GPRMC,225245.00,A,3734.830017,N,12219.464078,W,061.5,319.4,080720,,,A*44
$GPGGA,225246.00,3734.842732,N,12219.477770,W,7,,0.38,-27.48,M,0.0,M,0.0,0000*7A
$GPRMC,225246.00,A,3734.842732,N,12219.477770,W,060.3,319.2,080720,,,A*4E
$GPGGA,225247.00,3734.854719,N,12219.491017,W,7,,0.38,-27.38,M,0.0,M,0.0,0000*7C
$GPRMC,225247.00,A,3734.854719,N,12219.491017,W,058.7,318.7,080720,,,A*44
$GPGGA,225248.00,3734.866780,N,12219.504457,W,7,,0.38,-27.49,M,0.0,M,0.0,0000*79
$GPRMC,225248.00,A,3734.866780,N,12219.504457,W,057.6,318.8,080720,,,A*46
$GPGGA,225249.00,3734.878708,N,12219.517604,W,7,,0.38,-27.31,M,0.0,M,0.0,0000*7E
$GPRMC,225249.00,A,3734.878708,N,12219.517604,W,056.8,318.4,080720,,,A*4D
$GPGGA,225250.00,3734.890467,N,12219.530323,W,7,,0.38,-27.51,M,0.0,M,0.0,0000*79
$GPRMC,225250.00,A,3734.890467,N,12219.530323,W,056.1,319.1,080720,,,A*41
$GPGGA,225251.00,3734.902270,N,12219.542912,W,7,,0.38,-27.49,M,0.0,M,0.0,0000*76
$GPRMC,225251.00,A,3734.902270,N,12219.542912,W,056.1,319.0,080720,,,A*46
$GPGGA,225252.00,3734.914126,N,12219.555529,W,7,,0.38,-27.49,M,0.0,M,0.0,0000*70
$GPRMC,225252.00,A,3734.914126,N,12219.555529,W,056.2,319.4,080720,,,A*47
$GPGGA,225253.00,3734.926047,N,12219.568280,W,7,,0.38,-27.51,M,0.0,M,0.0,0000*75
$GPRMC,225253.00,A,3734.926047,N,12219.568280,W,056.4,318.9,080720,,,A*41
$GPGGA,225254.00,3734.937609,N,12219.580879,W,7,,0.38,-27.15,M,0.0,M,0.0,0000*74
$GPRMC,225254.00,A,3734.937609,N,12219.580879,W,056.2,319.3,080720,,,A*4D
$GPGGA,225255.00,3734.949292,N,12219.593342,W,7,,0.38,-27.11,M,0.0,M,0.0,0000*7F
$GPRMC,225255.00,A,3734.949292,N,12219.593342,W,056.2,319.2,080720,,,A*43
$GPGGA,225256.00,3734.960902,N,12219.606055,W,7,,0.38,-26.74,M,0.0,M,0.0,0000*7D
$GPRMC,225256.00,A,3734.960902,N,12219.606055,W,055.7,319.5,080720,,,A*42
$GPGGA,225257.00,3734.972445,N,12219.618932,W,7,,0.38,-26.73,M,0.0,M,0.0,0000*71
$GPRMC,225257.00,A,3734.972445,N,12219.618932,W,055.7,319.1,080720,,,A*4D
$GPGGA,225258.00,3734.984295,N,12219.631712,W,7,,0.38,-26.70,M,0.0,M,0.0,0000*78
$GPRMC,225258.00,A,3734.984295,N,12219.631712,W,056.3,318.9,080720,,,A*49
$GPGGA,225259.00,3734.996542,N,12219.644917,W,7,,0.38,-26.84,M,0.0,M,0.0,0000*75
$GPRMC,225259.00,A,3734.996542,N,12219.644917,W,057.2,319.2,080720,,,A*45
$GPGGA,225300.00,3735.008554,N,12219.658351,W,7,,0.38,-26.79,M,0.0,M,0.0,0000*77
$GPRMC,225300.00,A,3735.008554,N,12219.658351,W,057.8,318.9,080720,,,A*45
$GPGGA,225301.00,3735.020686,N,12219.671528,W,7,,0.38,-26.14,M,0.0,M,0.0,0000*78
$GPRMC,225301.00,A,3735.020686,N,12219.671528,W,058.4,318.9,080720,,,A*42
$GPGGA,225302.00,3735.033123,N,12219.685052,W,7,,0.38,-25.64,M,0.0,M,0.0,0000*76
$GPRMC,225302.00,A,3735.033123,N,12219.685052,W,058.7,319.5,080720,,,A*46
$GPGGA,225303.00,3735.045466,N,12219.698654,W,7,,0.38,-25.19,M,0.0,M,0.0,0000*74
$GPRMC,225303.00,A,3735.045466,N,12219.698654,W,059.0,319.3,080720,,,A*4E
$GPGGA,225304.00,3735.057963,N,12219.712268,W,7,,0.38,-24.18,M,0.0,M,0.0,0000*70
$GPRMC,225304.00,A,3735.057963,N,12219.712268,W,058.8,319.0,080720,,,A*40
$GPGGA,225305.00,3735.070911,N,12219.726344,W,7,,0.38,-25.14,M,0.0,M,0.0,0000*74
$GPRMC,225305.00,A,3735.070911,N,12219.726344,W,059.7,318.5,080720,,,A*43
$GPGGA,225306.00,3735.083097,N,12219.739628,W,7,,0.38,-25.39,M,0.0,M,0.0,0000*72
$GPRMC,225306.00,A,3735.083097,N,12219.739628,W,058.4,318.6,080720,,,A*4B
$GPGGA,225307.00,3735.095476,N,12219.752419,W,7,,0.38,-25.64,M,0.0,M,0.0,0000*7A
$GPRMC,225307.00,A,3735.095476,N,12219.752419,W,058.3,318.4,080720,,,A*4E
$GPGGA,225308.00,3735.107505,N,12219.765770,W,7,,0.38,-25.39,M,0.0,M,0.0,0000*7A
$GPRMC,225308.00,A,3735.107505,N,12219.765770,W,058.5,317.4,080720,,,A*4F
$GPGGA,225309.00,3735.118803,N,12219.779533,W,7,,0.38,-24.61,M,0.0,M,0.0,0000*7A
$GPRMC,225309.00,A,3735.118803,N,12219.779533,W,057.9,314.1,080720,,,A*46
$GPGGA,225310.00,3735.129766,N,12219.794510,W,7,,0.38,-24.43,M,0.0,M,0.0,0000*7E
$GPRMC,225310.00,A,3735.129766,N,12219.794510,W,058.0,311.4,080720,,,A*44
$GPGGA,225311.00,3735.140109,N,12219.810050,W,7,,0.38,-25.23,M,0.0,M,0.0,0000*7A
$GPRMC,225311.00,A,3735.140109,N,12219.810050,W,057.7,307.5,080720,,,A*49
$GPGGA,225312.00,3735.149499,N,12219.826148,W,7,,0.38,-25.90,M,0.0,M,0.0,0000*79
$GPRMC,225312.00,A,3735.149499,N,12219.826148,W,056.9,304.9,080720,,,A*42
$GPGGA,225313.00,3735.158230,N,12219.842576,W,7,,0.38,-26.40,M,0.0,M,0.0,0000*78
$GPRMC,225313.00,A,3735.158230,N,12219.842576,W,056.4,303.1,080720,,,A*4F
$GPGGA,225314.00,3735.166366,N,12219.859243,W,7,,0.38,-26.71,M,0.0,M,0.0,0000*79
$GPRMC,225314.00,A,3735.166366,N,12219.859243,W,055.6,300.8,080720,,,A*47
$GPGGA,225315.00,3735.173715,N,12219.876470,W,7,,0.38,-27.25,M,0.0,M,0.0,0000*77
$GPRMC,225315.00,A,3735.173715,N,12219.876470,W,055.8,296.7,080720,,,A*46
$GPGGA,225316.00,3735.180184,N,12219.894482,W,7,,0.38,-27.56,M,0.0,M,0.0,0000*73
$GPRMC,225316.00,A,3735.180184,N,12219.894482,W,056.2,293.1,080720,,,A*4C
$GPGGA,225317.00,3735.186166,N,12219.912896,W,7,,0.38,-27.85,M,0.0,M,0.0,0000*70
$GPRMC,225317.00,A,3735.186166,N,12219.912896,W,056.5,291.3,080720,,,A*46
$GPGGA,225318.00,3735.191572,N,12219.931736,W,7,,0.38,-28.01,M,0.0,M,0.0,0000*7F
$GPRMC,225318.00,A,3735.191572,N,12219.931736,W,056.7,288.9,080720,,,A*4A
$GPGGA,225319.00,3735.195988,N,12219.950900,W,7,,0.38,-28.29,M,0.0,M,0.0,0000*75
$GPRMC,225319.00,A,3735.195988,N,12219.950900,W,056.9,286.3,080720,,,A*40
$GPGGA,225320.00,3735.199858,N,12219.970135,W,7,,0.38,-28.18,M,0.0,M,0.0,0000*71
$GPRMC,225320.00,A,3735.199858,N,12219.970135,W,056.5,283.6,080720,,,A*4A
$GPGGA,225321.00,3735.203049,N,12219.989161,W,7,,0.38,-28.56,M,0.0,M,0.0,0000*75
$GPRMC,225321.00,A,3735.203049,N,12219.989161,W,056.3,280.8,080720,,,A*4F
$GPGGA,225322.00,3735.205552,N,12220.008211,W,7,,0.38,-29.00,M,0.0,M,0.0,0000*73
$GPRMC,225322.00,A,3735.205552,N,12220.008211,W,055.9,278.2,080720,,,A*4F
$GPGGA,225323.00,3735.207304,N,12220.027448,W,7,,0.38,-28.94,M,0.0,M,0.0,0000*7E
$GPRMC,225323.00,A,3735.207304,N,12220.027448,W,055.4,275.8,080720,,,A*44
$GPGGA,225324.00,3735.208426,N,12220.046732,W,7,,0.38,-29.06,M,0.0,M,0.0,0000*72
$GPRMC,225324.00,A,3735.208426,N,12220.046732,W,055.0,273.9,080720,,,A*41
$GPGGA,225325.00,3735.209020,N,12220.065625,W,7,,0.38,-28.82,M,0.0,M,0.0,0000*7B
$GPRMC,225325.00,A,3735.209020,N,12220.065625,W,054.2,272.0,080720,,,A*4E
$GPGGA,225326.00,3735.209289,N,12220.084255,W,7,,0.38,-29.22,M,0.0,M,0.0,0000*7E
$GPRMC,225326.00,A,3735.209289,N,12220.084255,W,053.7,271.5,080720,,,A*44
$GPGGA,225327.00,3735.210123,N,12220.102952,W,7,,0.38,-29.72,M,0.0,M,0.0,0000*72
$GPRMC,225327.00,A,3735.210123,N,12220.102952,W,053.9,272.1,080720,,,A*44
$GPGGA,225328.00,3735.210694,N,12220.122013,W,7,,0.38,-29.64,M,0.0,M,0.0,0000*7F
$GPRMC,225328.00,A,3735.210694,N,12220.122013,W,054.7,272.0,080720,,,A*46
$GPGGA,225329.00,3735.211293,N,12220.141466,W,7,,0.38,-29.33,M,0.0,M,0.0,0000*7D
$GPRMC,225329.00,A,3735.211293,N,12220.141466,W,055.7,272.6,080720,,,A*41
$GPGGA,225330.00,3735.212032,N,12220.161506,W,7,,0.38,-29.24,M,0.0,M,0.0,0000*7C
$GPRMC,225330.00,A,3735.212032,N,12220.161506,W,056.9,272.1,080720,,,A*4C
$GPGGA,225331.00,3735.212649,N,12220.181701,W,7,,0.38,-29.28,M,0.0,M,0.0,0000*70
$GPRMC,225331.00,A,3735.212649,N,12220.181701,W,057.6,271.8,080720,,,A*48
$GPGGA,225332.00,3735.213100,N,12220.202102,W,7,,0.38,-28.39,M,0.0,M,0.0,0000*74
$GPRMC,225332.00,A,3735.213100,N,12220.202102,W,058.3,272.0,080720,,,A*4C
$GPGGA,225333.00,3735.213748,N,12220.222435,W,7,,0.38,-28.22,M,0.0,M,0.0,0000*76
$GPRMC,225333.00,A,3735.213748,N,12220.222435,W,058.8,272.4,080720,,,A*4B
$GPGGA,225334.00,3735.214167,N,12220.242853,W,7,,0.38,-28.00,M,0.0,M,0.0,0000*77
$GPRMC,225334.00,A,3735.214167,N,12220.242853,W,058.9,272.3,080720,,,A*4C
$GPGGA,225335.00,3735.214924,N,12220.263416,W,7,,0.38,-27.89,M,0.0,M,0.0,0000*79
$GPRMC,225335.00,A,3735.214924,N,12220.263416,W,058.8,271.9,080720,,,A*44
$GPGGA,225336.00,3735.215199,N,12220.283828,W,7,,0.38,-27.86,M,0.0,M,0.0,0000*75
$GPRMC,225336.00,A,3735.215199,N,12220.283828,W,058.7,271.5,080720,,,A*44
$GPGGA,225337.00,3735.215512,N,12220.304467,W,7,,0.38,-27.93,M,0.0,M,0.0,0000*7E
$GPRMC,225337.00,A,3735.215512,N,12220.304467,W,059.1,271.4,080720,,,A*4D
$GPGGA,225338.00,3735.216135,N,12220.325060,W,7,,0.38,-27.85,M,0.0,M,0.0,0000*74
$GPRMC,225338.00,A,3735.216135,N,12220.325060,W,059.2,271.7,080720,,,A*40
$GPGGA,225339.00,3735.216837,N,12220.345682,W,7,,0.38,-27.67,M,0.0,M,0.0,0000*7E
$GPRMC,225339.00,A,3735.216837,N,12220.345682,W,059.3,272.0,080720,,,A*43
$GPGGA,225340.00,3735.217474,N,12220.366064,W,7,,0.38,-27.78,M,0.0,M,0.0,0000*7B
$GPRMC,225340.00,A,3735.217474,N,12220.366064,W,058.8,272.0,080720,,,A*42
$GPGGA,225341.00,3735.218104,N,12220.386433,W,7,,0.38,-27.75,M,0.0,M,0.0,0000*72
$GPRMC,225341.00,A,3735.218104,N,12220.386433,W,058.3,272.1,080720,,,A*4C
$GPGGA,225342.00,3735.218722,N,12220.406666,W,7,,0.38,-27.74,M,0.0,M,0.0,0000*7F
$GPRMC,225342.00,A,3735.218722,N,12220.406666,W,057.8,272.1,080720,,,A*44
$GPGGA,225343.00,3735.219213,N,12220.427132,W,7,,0.38,-27.42,M,0.0,M,0.0,0000*78
$GPRMC,225343.00,A,3735.219213,N,12220.427132,W,057.7,271.9,080720,,,A*42
$GPGGA,225344.00,3735.219717,N,12220.447213,W,7,,0.38,-27.14,M,0.0,M,0.0,0000*7B
$GPRMC,225344.00,A,3735.219717,N,12220.447213,W,057.6,271.6,080720,,,A*4C
$GPGGA,225345.00,3735.220174,N,12220.466924,W,7,,0.38,-27.00,M,0.0,M,0.0,0000*7A
$GPRMC,225345.00,A,3735.220174,N,12220.466924,W,056.5,271.8,080720,,,A*44
$GPGGA,225346.00,3735.220612,N,12220.485631,W,7,,0.38,-26.55,M,0.0,M,0.0,0000*79
$GPRMC,225346.00,A,3735.220612,N,12220.485631,W,054.2,271.8,080720,,,A*43
$GPGGA,225347.00,3735.221241,N,12220.504298,W,7,,0.38,-26.71,M,0.0,M,0.0,0000*72
$GPRMC,225347.00,A,3735.221241,N,12220.504298,W,052.9,271.8,080720,,,A*43
$GPGGA,225348.00,3735.221607,N,12220.522615,W,7,,0.38,-26.16,M,0.0,M,0.0,0000*7F
$GPRMC,225348.00,A,3735.221607,N,12220.522615,W,052.5,271.6,080720,,,A*4D
$GPGGA,225349.00,3735.222148,N,12220.540483,W,7,,0.38,-26.28,M,0.0,M,0.0,0000*75
$GPRMC,225349.00,A,3735.222148,N,12220.540483,W,051.4,271.7,080720,,,A*49
$GPGGA,225350.00,3735.222591,N,12220.558201,W,7,,0.38,-25.81,M,0.0,M,0.0,0000*78
$GPRMC,225350.00,A,3735.222591,N,12220.558201,W,050.4,271.2,080720,,,A*40
$GPGGA,225351.00,3735.222933,N,12220.575794,W,7,,0.38,-25.60,M,0.0,M,0.0,0000*74
$GPRMC,225351.00,A,3735.222933,N,12220.575794,W,050.5,270.5,080720,,,A*44
$GPGGA,225352.00,3735.223168,N,12220.593758,W,7,,0.38,-25.20,M,0.0,M,0.0,0000*7C
$GPRMC,225352.00,A,3735.223168,N,12220.593758,W,051.5,270.2,080720,,,A*4E
$GPGGA,225353.00,3735.223323,N,12220.612303,W,7,,0.38,-25.29,M,0.0,M,0.0,0000*79
$GPRMC,225353.00,A,3735.223323,N,12220.612303,W,052.4,270.0,080720,,,A*42
$GPGGA,225354.00,3735.223443,N,12220.630796,W,7,,0.38,-25.74,M,0.0,M,0.0,0000*7F
$GPRMC,225354.00,A,3735.223443,N,12220.630796,W,053.3,270.8,080720,,,A*42
$GPGGA,225355.00,3735.223648,N,12220.649503,W,7,,0.38,-25.45,M,0.0,M,0.0,0000*75
$GPRMC,225355.00,A,3735.223648,N,12220.649503,W,053.4,271.3,080720,,,A*47
$GPGGA,225356.00,3735.224067,N,12220.668361,W,7,,0.38,-25.70,M,0.0,M,0.0,0000*7D
$GPRMC,225356.00,A,3735.224067,N,12220.668361,W,053.4,271.3,080720,,,A*49
$GPGGA,225357.00,3735.224283,N,12220.686968,W,7,,0.38,-26.03,M,0.0,M,0.0,0000*70
$GPRMC,225357.00,A,3735.224283,N,12220.686968,W,053.6,271.7,080720,,,A*45
$GPGGA,225358.00,3735.224476,N,12220.705508,W,7,,0.38,-26.08,M,0.0,M,0.0,0000*78
$GPRMC,225358.00,A,3735.224476,N,12220.705508,W,053.6,271.5,080720,,,A*44
$GPGGA,225359.00,3735.224679,N,12220.724786,W,7,,0.38,-26.27,M,0.0,M,0.0,0000*7E
$GPRMC,225359.00,A,3735.224679,N,12220.724786,W,054.1,271.6,080720,,,A*4C
$GPGGA,225400.00,3735.225136,N,12220.743805,W,7,,0.38,-26.18,M,0.0,M,0.0,0000*71
$GPRMC,225400.00,A,3735.225136,N,12220.743805,W,055.0,271.7,080720,,,A*4E
$GPGGA,225401.00,3735.225538,N,12220.763407,W,7,,0.38,-26.44,M,0.0,M,0.0,0000*7F
$GPRMC,225401.00,A,3735.225538,N,12220.763407,W,056.3,271.8,080720,,,A*46
$GPGGA,225402.00,3735.226215,N,12220.783436,W,7,,0.38,-26.77,M,0.0,M,0.0,0000*7B
$GPRMC,225402.00,A,3735.226215,N,12220.783436,W,057.9,272.3,080720,,,A*41
$GPGGA,225403.00,3735.226666,N,12220.804064,W,7,,0.38,-26.76,M,0.0,M,0.0,0000*78
$GPRMC,225403.00,A,3735.226666,N,12220.804064,W,059.7,272.2,080720,,,A*42
$GPGGA,225404.00,3735.227320,N,12220.825225,W,7,,0.38,-26.90,M,0.0,M,0.0,0000*75
$GPRMC,225404.00,A,3735.227320,N,12220.825225,W,061.1,271.5,080720,,,A*4E
$GPGGA,225405.00,3735.227584,N,12220.847162,W,7,,0.38,-26.98,M,0.0,M,0.0,0000*70
$GPRMC,225405.00,A,3735.227584,N,12220.847162,W,062.6,271.1,080720,,,A*43
$GPGGA,225406.00,3735.228027,N,12220.869589,W,7,,0.38,-27.06,M,0.0,M,0.0,0000*7B
$GPRMC,225406.00,A,3735.228027,N,12220.869589,W,064.1,271.2,080720,,,A*4C
$GPGGA,225407.00,3735.228549,N,12220.893008,W,7,,0.38,-27.24,M,0.0,M,0.0,0000*7E
$GPRMC,225407.00,A,3735.228549,N,12220.893008,W,066.3,271.8,080720,,,A*43
$GPGGA,225408.00,3735.229108,N,12220.916737,W,7,,0.38,-27.19,M,0.0,M,0.0,0000*78
$GPRMC,225408.00,A,3735.229108,N,12220.916737,W,067.6,271.7,080720,,,A*40
$GPGGA,225409.00,3735.229726,N,12220.940762,W,7,,0.38,-27.31,M,0.0,M,0.0,0000*7A
$GPRMC,225409.00,A,3735.229726,N,12220.940762,W,068.6,272.2,080720,,,A*41
$GPGGA,225410.00,3735.230367,N,12220.964971,W,7,,0.38,-27.11,M,0.0,M,0.0,0000*73
$GPRMC,225410.00,A,3735.230367,N,12220.964971,W,069.2,272.5,080720,,,A*48
$GPGGA,225411.00,3735.231160,N,12220.989050,W,7,,0.38,-26.89,M,0.0,M,0.0,0000*7F
$GPRMC,225411.00,A,3735.231160,N,12220.989050,W,069.2,273.4,080720,,,A*44
$GPGGA,225412.00,3735.232438,N,12221.013079,W,7,,0.38,-26.98,M,0.0,M,0.0,0000*77
$GPRMC,225412.00,A,3735.232438,N,12221.013079,W,069.0,273.8,080720,,,A*42
$GPGGA,225413.00,3735.233763,N,12221.036779,W,7,,0.38,-27.29,M,0.0,M,0.0,0000*71
$GPRMC,225413.00,A,3735.233763,N,12221.036779,W,068.8,273.5,080720,,,A*4B
$GPGGA,225414.00,3735.234849,N,12221.060677,W,7,,0.38,-27.22,M,0.0,M,0.0,0000*71
$GPRMC,225414.00,A,3735.234849,N,12221.060677,W,068.6,272.7,080720,,,A*4D
$GPGGA,225415.00,3735.235936,N,12221.084498,W,7,,0.38,-27.33,M,0.0,M,0.0,0000*71
$GPRMC,225415.00,A,3735.235936,N,12221.084498,W,068.3,271.9,080720,,,A*45
$GPGGA,225416.00,3735.236643,N,12221.108533,W,7,,0.38,-27.82,M,0.0,M,0.0,0000*73
$GPRMC,225416.00,A,3735.236643,N,12221.108533,W,068.3,271.6,080720,,,A*42
$GPGGA,225417.00,3735.237123,N,12221.132468,W,7,,0.38,-27.41,M,0.0,M,0.0,0000*7B
$GPRMC,225417.00,A,3735.237123,N,12221.132468,W,068.4,271.9,080720,,,A*4D
$GPGGA,225418.00,3735.237783,N,12221.156647,W,7,,0.38,-27.33,M,0.0,M,0.0,0000*70
$GPRMC,225418.00,A,3735.237783,N,12221.156647,W,068.5,272.3,080720,,,A*4B
$GPGGA,225419.00,3735.238611,N,12221.180606,W,7,,0.38,-27.37,M,0.0,M,0.0,0000*7E
$GPRMC,225419.00,A,3735.238611,N,12221.180606,W,068.3,273.1,080720,,,A*44
$GPGGA,225420.00,3735.240141,N,12221.204671,W,7,,0.38,-28.06,M,0.0,M,0.0,0000*7B
$GPRMC,225420.00,A,3735.240141,N,12221.204671,W,068.1,274.8,080720,,,A*40
$GPGGA,225421.00,3735.242428,N,12221.228485,W,7,,0.38,-28.36,M,0.0,M,0.0,0000*76
$GPRMC,225421.00,A,3735.242428,N,12221.228485,W,068.1,277.2,080720,,,A*47
$GPGGA,225422.00,3735.245422,N,12221.252042,W,7,,0.38,-28.53,M,0.0,M,0.0,0000*79
$GPRMC,225422.00,A,3735.245422,N,12221.252042,W,068.4,279.1,080720,,,A*43
$GPGGA,225423.00,3735.248505,N,12221.275591,W,7,,0.38,-29.01,M,0.0,M,0.0,0000*79
$GPRMC,225423.00,A,3735.248505,N,12221.275591,W,068.7,280.1,080720,,,A*40
$GPGGA,225424.00,3735.252177,N,12221.299273,W,7,,0.38,-29.24,M,0.0,M,0.0,0000*7A
$GPRMC,225424.00,A,3735.252177,N,12221.299273,W,068.7,281.7,080720,,,A*43
$GPGGA,225425.00,3735.256360,N,12221.322578,W,7,,0.38,-28.99,M,0.0,M,0.0,0000*71
$GPRMC,225425.00,A,3735.256360,N,12221.322578,W,068.6,283.4,080720,,,A*4F
$GPGGA,225426.00,3735.261159,N,12221.345635,W,7,,0.38,-28.84,M,0.0,M,0.0,0000*79
$GPRMC,225426.00,A,3735.261159,N,12221.345635,W,068.3,285.3,080720,,,A*4F
$GPGGA,225427.00,3735.266589,N,12221.368580,W,7,,0.38,-28.70,M,0.0,M,0.0,0000*7F
$GPRMC,225427.00,A,3735.266589,N,12221.368580,W,068.4,287.3,080720,,,A*47
$GPGGA,225428.00,3735.272685,N,12221.391391,W,7,,0.38,-29.00,M,0.0,M,0.0,0000*7C
$GPRMC,225428.00,A,3735.272685,N,12221.391391,W,068.5,289.2,080720,,,A*4C
$GPGGA,225429.00,3735.279105,N,12221.413904,W,7,,0.38,-28.74,M,0.0,M,0.0,0000*70
$GPRMC,225429.00,A,3735.279105,N,12221.413904,W,068.3,290.8,080720,,,A*46
$GPGGA,225430.00,3735.286035,N,12221.436056,W,7,,0.38,-28.83,M,0.0,M,0.0,0000*7B
$GPRMC,225430.00,A,3735.286035,N,12221.436056,W,068.0,292.6,080720,,,A*4A
$GPGGA,225431.00,3735.293758,N,12221.458082,W,7,,0.38,-28.88,M,0.0,M,0.0,0000*78
$GPRMC,225431.00,A,3735.293758,N,12221.458082,W,068.0,294.4,080720,,,A*46
$GPGGA,225432.00,3735.302061,N,12221.479658,W,7,,0.38,-29.05,M,0.0,M,0.0,0000*79
$GPRMC,225432.00,A,3735.302061,N,12221.479658,W,068.0,296.7,080720,,,A*42
$GPGGA,225433.00,3735.310912,N,12221.500573,W,7,,0.38,-29.28,M,0.0,M,0.0,0000*7C
$GPRMC,225433.00,A,3735.310912,N,12221.500573,W,068.1,299.3,080720,,,A*42
$GPGGA,225434.00,3735.320631,N,12221.520535,W,7,,0.38,-29.22,M,0.0,M,0.0,0000*7C
$GPRMC,225434.00,A,3735.320631,N,12221.520535,W,068.5,302.4,080720,,,A*48
$GPGGA,225435.00,3735.331144,N,12221.540473,W,7,,0.38,-29.54,M,0.0,M,0.0,0000*7C
$GPRMC,225435.00,A,3735.331144,N,12221.540473,W,068.9,302.9,080720,,,A*48
$GPGGA,225436.00,3735.341853,N,12221.560747,W,7,,0.38,-29.81,M,0.0,M,0.0,0000*79
$GPRMC,225436.00,A,3735.341853,N,12221.560747,W,069.3,304.0,080720,,,A*41
$GPGGA,225437.00,3735.352936,N,12221.580650,W,7,,0.38,-29.89,M,0.0,M,0.0,0000*79
$GPRMC,225437.00,A,3735.352936,N,12221.580650,W,069.5,304.7,080720,,,A*48
$GPGGA,225438.00,3735.364240,N,12221.600210,W,7,,0.38,-29.90,M,0.0,M,0.0,0000*7A
$GPRMC,225438.00,A,3735.364240,N,12221.600210,W,069.4,306.4,080720,,,A*43
$GPGGA,225439.00,3735.375741,N,12221.619512,W,7,,0.38,-29.70,M,0.0,M,0.0,0000*7C
$GPRMC,225439.00,A,3735.375741,N,12221.619512,W,069.3,307.7,080720,,,A*4E
$GPGGA,225440.00,3735.387675,N,12221.638249,W,7,,0.38,-30.04,M,0.0,M,0.0,0000*78
$GPRMC,225440.00,A,3735.387675,N,12221.638249,W,069.1,309.5,080720,,,A*4F
$GPGGA,225441.00,3735.400072,N,12221.656988,W,7,,0.38,-30.32,M,0.0,M,0.0,0000*7B
$GPRMC,225441.00,A,3735.400072,N,12221.656988,W,069.8,309.1,080720,,,A*44
$GPGGA,225442.00,3735.412252,N,12221.675960,W,7,,0.38,-29.88,M,0.0,M,0.0,0000*75
$GPRMC,225442.00,A,3735.412252,N,12221.675960,W,070.0,309.0,080720,,,A*42
$GPGGA,225443.00,3735.424521,N,12221.694649,W,7,,0.38,-30.15,M,0.0,M,0.0,0000*75
$GPRMC,225443.00,A,3735.424521,N,12221.694649,W,069.6,309.5,080720,,,A*45
$GPGGA,225444.00,3735.436918,N,12221.713519,W,7,,0.38,-30.07,M,0.0,M,0.0,0000*7C
$GPRMC,225444.00,A,3735.436918,N,12221.713519,W,070.3,309.5,080720,,,A*42
$GPGGA,225445.00,3735.448654,N,12221.731928,W,7,,0.38,-29.83,M,0.0,M,0.0,0000*79
$GPRMC,225445.00,A,3735.448654,N,12221.731928,W,067.9,309.1,080720,,,A*4B
$GPGGA,225446.00,3735.460125,N,12221.750113,W,7,,0.38,-29.82,M,0.0,M,0.0,0000*77
$GPRMC,225446.00,A,3735.460125,N,12221.750113,W,067.0,309.3,080720,,,A*4F
$GPGGA,225447.00,3735.471549,N,12221.768041,W,7,,0.38,-29.81,M,0.0,M,0.0,0000*76
$GPRMC,225447.00,A,3735.471549,N,12221.768041,W,065.7,309.3,080720,,,A*48
$GPGGA,225448.00,3735.482740,N,12221.785154,W,7,,0.38,-29.55,M,0.0,M,0.0,0000*71
$GPRMC,225448.00,A,3735.482740,N,12221.785154,W,063.9,309.3,080720,,,A*4E
$GPGGA,225449.00,3735.493509,N,12221.802086,W,7,,0.38,-29.76,M,0.0,M,0.0,0000*70
$GPRMC,225449.00,A,3735.493509,N,12221.802086,W,062.0,309.3,080720,,,A*46
$GPGGA,225450.00,3735.504021,N,12221.818351,W,7,,0.38,-29.37,M,0.0,M,0.0,0000*7F
$GPRMC,225450.00,A,3735.504021,N,12221.818351,W,060.1,308.8,080720,,,A*45
$GPGGA,225451.00,3735.514078,N,12221.834096,W,7,,0.38,-29.18,M,0.0,M,0.0,0000*78
$GPRMC,225451.00,A,3735.514078,N,12221.834096,W,058.5,307.7,080720,,,A*40
$GPGGA,225452.00,3735.524032,N,12221.850547,W,7,,0.38,-29.61,M,0.0,M,0.0,0000*73
$GPRMC,225452.00,A,3735.524032,N,12221.850547,W,057.9,307.1,080720,,,A*40
$GPGGA,225453.00,3735.533967,N,12221.866819,W,7,,0.38,-30.19,M,0.0,M,0.0,0000*79
$GPRMC,225453.00,A,3735.533967,N,12221.866819,W,058.5,307.4,080720,,,A*4B
$GPGGA,225454.00,3735.543868,N,12221.882551,W,7,,0.38,-30.07,M,0.0,M,0.0,0000*73
$GPRMC,225454.00,A,3735.543868,N,12221.882551,W,058.7,308.6,080720,,,A*41
$GPGGA,225455.00,3735.554403,N,12221.898638,W,7,,0.38,-29.73,M,0.0,M,0.0,0000*79
$GPRMC,225455.00,A,3735.554403,N,12221.898638,W,059.4,309.0,080720,,,A*45
$GPGGA,225456.00,3735.564820,N,12221.914844,W,7,,0.38,-29.69,M,0.0,M,0.0,0000*7F
$GPRMC,225456.00,A,3735.564820,N,12221.914844,W,060.5,309.4,080720,,,A*47
$GPGGA,225457.00,3735.575686,N,12221.931212,W,7,,0.38,-30.04,M,0.0,M,0.0,0000*71
$GPRMC,225457.00,A,3735.575686,N,12221.931212,W,061.3,309.4,080720,,,A*4D
$GPGGA,225458.00,3735.586414,N,12221.947586,W,7,,0.38,-30.02,M,0.0,M,0.0,0000*76
$GPRMC,225458.00,A,3735.586414,N,12221.947586,W,061.6,309.5,080720,,,A*48
$GPGGA,225459.00,3735.597460,N,12221.964397,W,7,,0.38,-29.90,M,0.0,M,0.0,0000*70
$GPRMC,225459.00,A,3735.597460,N,12221.964397,W,061.9,309.5,080720,,,A*42
$GPGGA,225500.00,3735.608463,N,12221.981347,W,7,,0.38,-29.81,M,0.0,M,0.0,0000*7D
$GPRMC,225500.00,A,3735.608463,N,12221.981347,W,062.3,309.2,080720,,,A*41
$GPGGA,225501.00,3735.619365,N,12221.998298,W,7,,0.38,-30.06,M,0.0,M,0.0,0000*71
$GPRMC,225501.00,A,3735.619365,N,12221.998298,W,062.5,309.2,080720,,,A*4C
$GPGGA,225502.00,3735.630309,N,12222.015271,W,7,,0.38,-30.09,M,0.0,M,0.0,0000*74
$GPRMC,225502.00,A,3735.630309,N,12222.015271,W,062.4,309.4,080720,,,A*41
$GPGGA,225503.00,3735.641200,N,12222.032173,W,7,,0.38,-30.16,M,0.0,M,0.0,0000*71
$GPRMC,225503.00,A,3735.641200,N,12222.032173,W,062.3,309.3,080720,,,A*4A
$GPGGA,225504.00,3735.652233,N,12222.049202,W,7,,0.38,-29.94,M,0.0,M,0.0,0000*7F
$GPRMC,225504.00,A,3735.652233,N,12222.049202,W,062.5,309.2,080720,,,A*41
$GPGGA,225505.00,3735.663322,N,12222.066032,W,7,,0.38,-29.88,M,0.0,M,0.0,0000*7C
$GPRMC,225505.00,A,3735.663322,N,12222.066032,W,062.7,309.1,080720,,,A*4E
$GPGGA,225506.00,3735.674290,N,12222.082808,W,7,,0.38,-29.68,M,0.0,M,0.0,0000*74
$GPRMC,225506.00,A,3735.674290,N,12222.082808,W,062.5,309.1,080720,,,A*4A
$GPGGA,225507.00,3735.685426,N,12222.099355,W,7,,0.38,-29.66,M,0.0,M,0.0,0000*77
$GPRMC,225507.00,A,3735.685426,N,12222.099355,W,061.8,309.3,080720,,,A*4B
$GPGGA,225508.00,3735.696123,N,12222.115742,W,7,,0.38,-29.51,M,0.0,M,0.0,0000*79
$GPRMC,225508.00,A,3735.696123,N,12222.115742,W,060.9,309.4,080720,,,A*46
$GPGGA,225509.00,3735.706846,N,12222.132049,W,7,,0.38,-29.58,M,0.0,M,0.0,0000*7A
$GPRMC,225509.00,A,3735.706846,N,12222.132049,W,060.1,309.3,080720,,,A*43
$GPGGA,225510.00,3735.717238,N,12222.148003,W,7,,0.38,-29.69,M,0.0,M,0.0,0000*70
$GPRMC,225510.00,A,3735.717238,N,12222.148003,W,059.3,309.5,080720,,,A*45
$GPGGA,225511.00,3735.727786,N,12222.163771,W,7,,0.38,-29.82,M,0.0,M,0.0,0000*7C
$GPRMC,225511.00,A,3735.727786,N,12222.163771,W,058.8,309.4,080720,,,A*47
$GPGGA,225512.00,3735.738286,N,12222.179768,W,7,,0.38,-30.14,M,0.0,M,0.0,0000*70
$GPRMC,225512.00,A,3735.738286,N,12222.179768,W,058.8,309.2,080720,,,A*4A
$GPGGA,225513.00,3735.748659,N,12222.195859,W,7,,0.38,-30.15,M,0.0,M,0.0,0000*7E
$GPRMC,225513.00,A,3735.748659,N,12222.195859,W,059.3,309.2,080720,,,A*4F
$GPGGA,225514.00,3735.759160,N,12222.212131,W,7,,0.38,-29.87,M,0.0,M,0.0,0000*7C
$GPRMC,225514.00,A,3735.759160,N,12222.212131,W,059.9,309.3,080720,,,A*45
$GPGGA,225515.00,3735.769599,N,12222.228589,W,7,,0.38,-29.57,M,0.0,M,0.0,0000*7F
$GPRMC,225515.00,A,3735.769599,N,12222.228589,W,060.1,309.4,080720,,,A*4E
$GPGGA,225516.00,3735.780213,N,12222.244603,W,7,,0.38,-28.76,M,0.0,M,0.0,0000*77
$GPRMC,225516.00,A,3735.780213,N,12222.244603,W,059.8,309.4,080720,,,A*47
$GPGGA,225517.00,3735.790702,N,12222.260791,W,7,,0.38,-28.58,M,0.0,M,0.0,0000*72
$GPRMC,225517.00,A,3735.790702,N,12222.260791,W,059.7,309.4,080720,,,A*41
$GPGGA,225518.00,3735.801267,N,12222.276727,W,7,,0.38,-28.68,M,0.0,M,0.0,0000*75
$GPRMC,225518.00,A,3735.801267,N,12222.276727,W,059.7,309.4,080720,,,A*45
$GPGGA,225519.00,3735.811942,N,12222.293029,W,7,,0.38,-28.73,M,0.0,M,0.0,0000*71
$GPRMC,225519.00,A,3735.811942,N,12222.293029,W,059.4,309.8,080720,,,A*44
$GPGGA,225520.00,3735.822429,N,12222.309001,W,7,,0.38,-28.78,M,0.0,M,0.0,0000*78
$GPRMC,225520.00,A,3735.822429,N,12222.309001,W,059.3,309.6,080720,,,A*4F
$GPGGA,225521.00,3735.832941,N,12222.324992,W,7,,0.38,-28.32,M,0.0,M,0.0,0000*79
$GPRMC,225521.00,A,3735.832941,N,12222.324992,W,059.1,309.7,080720,,,A*43
$GPGGA,225522.00,3735.843346,N,12222.341054,W,7,,0.38,-27.91,M,0.0,M,0.0,0000*77
$GPRMC,225522.00,A,3735.843346,N,12222.341054,W,059.0,309.4,080720,,,A*49
$GPGGA,225523.00,3735.853653,N,12222.357050,W,7,,0.38,-27.52,M,0.0,M,0.0,0000*7A
$GPRMC,225523.00,A,3735.853653,N,12222.357050,W,058.9,309.4,080720,,,A*43
$GPGGA,225524.00,3735.864021,N,12222.372920,W,7,,0.38,-27.29,M,0.0,M,0.0,0000*7F
$GPRMC,225524.00,A,3735.864021,N,12222.372920,W,058.8,309.4,080720,,,A*4B
$GPGGA,225525.00,3735.874606,N,12222.388363,W,7,,0.38,-27.13,M,0.0,M,0.0,0000*7D
$GPRMC,225525.00,A,3735.874606,N,12222.388363,W,058.6,309.8,080720,,,A*42
$GPGGA,225526.00,3735.884991,N,12222.404095,W,7,,0.38,-26.87,M,0.0,M,0.0,0000*75
$GPRMC,225526.00,A,3735.884991,N,12222.404095,W,058.4,309.8,080720,,,A*44
$GPGGA,225527.00,3735.895323,N,12222.419719,W,7,,0.38,-26.59,M,0.0,M,0.0,0000*7B
$GPRMC,225527.00,A,3735.895323,N,12222.419719,W,058.2,309.7,080720,,,A*40
$GPGGA,225528.00,3735.905565,N,12222.435350,W,7,,0.38,-26.13,M,0.0,M,0.0,0000*71
$GPRMC,225528.00,A,3735.905565,N,12222.435350,W,058.0,309.9,080720,,,A*48
$GPGGA,225529.00,3735.915880,N,12222.450836,W,7,,0.38,-25.88,M,0.0,M,0.0,0000*7E
$GPRMC,225529.00,A,3735.915880,N,12222.450836,W,058.3,309.8,080720,,,A*44
$GPGGA,225530.00,3735.926469,N,12222.466657,W,7,,0.38,-26.04,M,0.0,M,0.0,0000*76
$GPRMC,225530.00,A,3735.926469,N,12222.466657,W,058.5,309.7,080720,,,A*42
$GPGGA,225531.00,3735.936712,N,12222.482137,W,7,,0.38,-26.26,M,0.0,M,0.0,0000*72
$GPRMC,225531.00,A,3735.936712,N,12222.482137,W,058.5,310.0,080720,,,A*49
$GPGGA,225532.00,3735.946905,N,12222.497108,W,7,,0.38,-26.13,M,0.0,M,0.0,0000*70
$GPRMC,225532.00,A,3735.946905,N,12222.497108,W,058.0,310.0,080720,,,A*48
$GPGGA,225533.00,3735.957070,N,12222.512330,W,7,,0.38,-26.56,M,0.0,M,0.0,0000*7E
$GPRMC,225533.00,A,3735.957070,N,12222.512330,W,057.2,309.7,080720,,,A*45
$GPGGA,225534.00,3735.967191,N,12222.527414,W,7,,0.38,-26.44,M,0.0,M,0.0,0000*70
$GPRMC,225534.00,A,3735.967191,N,12222.527414,W,056.3,309.4,080720,,,A*4B
$GPGGA,225535.00,3735.977139,N,12222.542401,W,7,,0.38,-26.84,M,0.0,M,0.0,0000*79
$GPRMC,225535.00,A,3735.977139,N,12222.542401,W,055.6,309.3,080720,,,A*4F
$GPGGA,225536.00,3735.986800,N,12222.557323,W,7,,0.38,-27.92,M,0.0,M,0.0,0000*72
$GPRMC,225536.00,A,3735.986800,N,12222.557323,W,055.0,309.5,080720,,,A*42
$GPGGA,225537.00,3735.996472,N,12222.572054,W,7,,0.38,-27.84,M,0.0,M,0.0,0000*78
$GPRMC,225537.00,A,3735.996472,N,12222.572054,W,054.6,309.2,080720,,,A*4F
$GPGGA,225538.00,3736.006113,N,12222.586946,W,7,,0.38,-27.55,M,0.0,M,0.0,0000*7B
$GPRMC,225538.00,A,3736.006113,N,12222.586946,W,054.8,309.2,080720,,,A*4E
$GPGGA,225539.00,3736.015870,N,12222.601880,W,7,,0.38,-27.15,M,0.0,M,0.0,0000*77
$GPRMC,225539.00,A,3736.015870,N,12222.601880,W,055.3,309.6,080720,,,A*48
$GPGGA,225540.00,3736.025889,N,12222.616849,W,7,,0.38,-26.87,M,0.0,M,0.0,0000*75
$GPRMC,225540.00,A,3736.025889,N,12222.616849,W,055.7,309.6,080720,,,A*44
$GPGGA,225541.00,3736.035790,N,12222.631717,W,7,,0.38,-27.04,M,0.0,M,0.0,0000*79
$GPRMC,225541.00,A,3736.035790,N,12222.631717,W,055.8,309.5,080720,,,A*4E
$GPGGA,225542.00,3736.045780,N,12222.646850,W,7,,0.38,-27.03,M,0.0,M,0.0,0000*77
$GPRMC,225542.00,A,3736.045780,N,12222.646850,W,055.6,309.7,080720,,,A*4B
$GPGGA,225543.00,3736.055530,N,12222.661837,W,7,,0.38,-26.73,M,0.0,M,0.0,0000*7C
$GPRMC,225543.00,A,3736.055530,N,12222.661837,W,055.7,309.7,080720,,,A*47
$GPGGA,225544.00,3736.065717,N,12222.677245,W,7,,0.38,-26.95,M,0.0,M,0.0,0000*7F
$GPRMC,225544.00,A,3736.065717,N,12222.677245,W,056.4,309.4,080720,,,A*4F
$GPGGA,225545.00,3736.075774,N,12222.692534,W,7,,0.38,-26.91,M,0.0,M,0.0,0000*74
$GPRMC,225545.00,A,3736.075774,N,12222.692534,W,057.1,309.3,080720,,,A*43
$GPGGA,225546.00,3736.085961,N,12222.708116,W,7,,0.38,-26.72,M,0.0,M,0.0,0000*79
$GPRMC,225546.00,A,3736.085961,N,12222.708116,W,057.7,309.4,080720,,,A*42
$GPGGA,225547.00,3736.096090,N,12222.723805,W,7,,0.38,-26.94,M,0.0,M,0.0,0000*77
$GPRMC,225547.00,A,3736.096090,N,12222.723805,W,057.7,309.5,080720,,,A*45
$GPGGA,225548.00,3736.106253,N,12222.739705,W,7,,0.38,-27.40,M,0.0,M,0.0,0000*71
$GPRMC,225548.00,A,3736.106253,N,12222.739705,W,058.1,309.3,080720,,,A*44
$GPGGA,225549.00,3736.116753,N,12222.755347,W,7,,0.38,-28.06,M,0.0,M,0.0,0000*71
$GPRMC,225549.00,A,3736.116753,N,12222.755347,W,058.6,309.5,080720,,,A*48
$GPGGA,225550.00,3736.127026,N,12222.771326,W,7,,0.38,-27.76,M,0.0,M,0.0,0000*77
$GPRMC,225550.00,A,3736.127026,N,12222.771326,W,058.8,309.6,080720,,,A*4B
$GPGGA,225551.00,3736.137225,N,12222.787178,W,7,,0.38,-28.03,M,0.0,M,0.0,0000*7B
$GPRMC,225551.00,A,3736.137225,N,12222.787178,W,058.7,309.4,080720,,,A*47
$GPGGA,225552.00,3736.147509,N,12222.803155,W,7,,0.38,-28.12,M,0.0,M,0.0,0000*7A
$GPRMC,225552.00,A,3736.147509,N,12222.803155,W,058.4,309.5,080720,,,A*44
$GPGGA,225553.00,3736.157824,N,12222.818648,W,7,,0.38,-27.97,M,0.0,M,0.0,0000*7B
$GPRMC,225553.00,A,3736.157824,N,12222.818648,W,057.1,309.2,080720,,,A*4A
$GPGGA,225554.00,3736.167981,N,12222.834320,W,7,,0.38,-27.65,M,0.0,M,0.0,0000*79
$GPRMC,225554.00,A,3736.167981,N,12222.834320,W,057.7,309.2,080720,,,A*43
$GPGGA,225555.00,3736.177810,N,12222.849572,W,7,,0.38,-27.67,M,0.0,M,0.0,0000*79
$GPRMC,225555.00,A,3736.177810,N,12222.849572,W,056.5,309.3,080720,,,A*43
$GPGGA,225556.00,3736.187890,N,12222.864992,W,7,,0.38,-27.99,M,0.0,M,0.0,0000*71
$GPRMC,225556.00,A,3736.187890,N,12222.864992,W,055.9,309.4,080720,,,A*42
$GPGGA,225557.00,3736.197652,N,12222.879704,W,7,,0.38,-27.98,M,0.0,M,0.0,0000*7D
$GPRMC,225557.00,A,3736.197652,N,12222.879704,W,055.1,309.7,080720,,,A*44
$GPGGA,225558.00,3736.206916,N,12222.894055,W,7,,0.38,-28.12,M,0.0,M,0.0,0000*7B
$GPRMC,225558.00,A,3736.206916,N,12222.894055,W,053.1,309.6,080720,,,A*48
$GPGGA,225559.00,3736.216036,N,12222.908029,W,7,,0.38,-28.13,M,0.0,M,0.0,0000*7E
$GPRMC,225559.00,A,3736.216036,N,12222.908029,W,051.4,309.4,080720,,,A*49
$GPGGA,225600.00,3736.225060,N,12222.921097,W,7,,0.38,-28.38,M,0.0,M,0.0,0000*75
$GPRMC,225600.00,A,3736.225060,N,12222.921097,W,050.4,309.4,080720,,,A*4A
$GPGGA,225601.00,3736.233772,N,12222.934501,W,7,,0.38,-27.85,M,0.0,M,0.0,0000*70
$GPRMC,225601.00,A,3736.233772,N,12222.934501,W,049.5,309.2,080720,,,A*49
$GPGGA,225602.00,3736.242304,N,12222.947725,W,7,,0.38,-27.43,M,0.0,M,0.0,0000*7A
$GPRMC,225602.00,A,3736.242304,N,12222.947725,W,048.7,309.0,080720,,,A*48
$GPGGA,225603.00,3736.250901,N,12222.960997,W,7,,0.38,-27.13,M,0.0,M,0.0,0000*70
$GPRMC,225603.00,A,3736.250901,N,12222.960997,W,048.7,309.8,080720,,,A*4F
$GPGGA,225604.00,3736.259638,N,12222.974132,W,7,,0.38,-27.36,M,0.0,M,0.0,0000*7E
$GPRMC,225604.00,A,3736.259638,N,12222.974132,W,048.5,309.8,080720,,,A*44
$GPGGA,225605.00,3736.268307,N,12222.987176,W,7,,0.38,-27.32,M,0.0,M,0.0,0000*7C
$GPRMC,225605.00,A,3736.268307,N,12222.987176,W,048.5,309.2,080720,,,A*48
$GPGGA,225606.00,3736.276972,N,12223.000393,W,7,,0.38,-28.15,M,0.0,M,0.0,0000*7C
$GPRMC,225606.00,A,3736.276972,N,12223.000393,W,048.4,309.1,080720,,,A*40
$GPGGA,225607.00,3736.285527,N,12223.013449,W,7,,0.38,-28.32,M,0.0,M,0.0,0000*7A
$GPRMC,225607.00,A,3736.285527,N,12223.013449,W,048.3,308.9,080720,,,A*4D
$GPGGA,225608.00,3736.294072,N,12223.026601,W,7,,0.38,-28.55,M,0.0,M,0.0,0000*79
$GPRMC,225608.00,A,3736.294072,N,12223.026601,W,048.3,309.1,080720,,,A*46
$GPGGA,225609.00,3736.302453,N,12223.039526,W,7,,0.38,-28.35,M,0.0,M,0.0,0000*7F
$GPRMC,225609.00,A,3736.302453,N,12223.039526,W,048.0,309.4,080720,,,A*40
$GPGGA,225610.00,3736.310974,N,12223.052557,W,7,,0.38,-28.74,M,0.0,M,0.0,0000*72
$GPRMC,225610.00,A,3736.310974,N,12223.052557,W,047.7,309.4,080720,,,A*40
$GPGGA,225611.00,3736.319151,N,12223.065146,W,7,,0.38,-28.91,M,0.0,M,0.0,0000*7E
$GPRMC,225611.00,A,3736.319151,N,12223.065146,W,047.6,309.6,080720,,,A*44
$GPGGA,225612.00,3736.327437,N,12223.077800,W,7,,0.38,-28.98,M,0.0,M,0.0,0000*74
$GPRMC,225612.00,A,3736.327437,N,12223.077800,W,047.8,309.7,080720,,,A*48
$GPGGA,225613.00,3736.335861,N,12223.090669,W,7,,0.38,-28.69,M,0.0,M,0.0,0000*7F
$GPRMC,225613.00,A,3736.335861,N,12223.090669,W,047.4,309.3,080720,,,A*45
$GPGGA,225614.00,3736.344136,N,12223.103144,W,7,,0.38,-28.38,M,0.0,M,0.0,0000*72
$GPRMC,225614.00,A,3736.344136,N,12223.103144,W,046.7,309.4,080720,,,A*49
$GPGGA,225615.00,3736.352380,N,12223.115540,W,7,,0.38,-27.46,M,0.0,M,0.0,0000*7A
$GPRMC,225615.00,A,3736.352380,N,12223.115540,W,046.4,309.4,080720,,,A*44
$GPGGA,225616.00,3736.360461,N,12223.128217,W,7,,0.38,-27.40,M,0.0,M,0.0,0000*7D
$GPRMC,225616.00,A,3736.360461,N,12223.128217,W,046.7,309.0,080720,,,A*42
$GPGGA,225617.00,3736.368574,N,12223.141178,W,7,,0.38,-27.20,M,0.0,M,0.0,0000*72
$GPRMC,225617.00,A,3736.368574,N,12223.141178,W,047.3,309.2,080720,,,A*4C
$GPGGA,225618.00,3736.377027,N,12223.154090,W,7,,0.38,-27.50,M,0.0,M,0.0,0000*74
$GPRMC,225618.00,A,3736.377027,N,12223.154090,W,047.2,309.3,080720,,,A*4D
$GPGGA,225619.00,3736.385193,N,12223.166833,W,7,,0.38,-27.53,M,0.0,M,0.0,0000*75
$GPRMC,225619.00,A,3736.385193,N,12223.166833,W,046.7,309.6,080720,,,A*4E
$GPGGA,225620.00,3736.393378,N,12223.179212,W,7,,0.38,-27.70,M,0.0,M,0.0,0000*79
$GPRMC,225620.00,A,3736.393378,N,12223.179212,W,046.6,309.1,080720,,,A*45
$GPGGA,225621.00,3736.401766,N,12223.192004,W,7,,0.38,-27.99,M,0.0,M,0.0,0000*78
$GPRMC,225621.00,A,3736.401766,N,12223.192004,W,046.6,309.0,080720,,,A*42
$GPGGA,225622.00,3736.410039,N,12223.204814,W,7,,0.38,-28.08,M,0.0,M,0.0,0000*74
$GPRMC,225622.00,A,3736.410039,N,12223.204814,W,046.7,308.8,080720,,,A*41
$GPGGA,225623.00,3736.418283,N,12223.217756,W,7,,0.38,-28.25,M,0.0,M,0.0,0000*7A
$GPRMC,225623.00,A,3736.418283,N,12223.217756,W,046.9,309.3,080720,,,A*44
$GPGGA,225624.00,3736.426756,N,12223.230368,W,7,,0.38,-28.48,M,0.0,M,0.0,0000*7A
$GPRMC,225624.00,A,3736.426756,N,12223.230368,W,047.4,309.5,080720,,,A*45
$GPGGA,225625.00,3736.435317,N,12223.243345,W,7,,0.38,-28.80,M,0.0,M,0.0,0000*77
$GPRMC,225625.00,A,3736.435317,N,12223.243345,W,048.2,309.8,080720,,,A*48
$GPGGA,225626.00,3736.443952,N,12223.256497,W,7,,0.38,-28.37,M,0.0,M,0.0,0000*7E
$GPRMC,225626.00,A,3736.443952,N,12223.256497,W,048.9,309.5,080720,,,A*4B
$GPGGA,225627.00,3736.452723,N,12223.270106,W,7,,0.38,-28.54,M,0.0,M,0.0,0000*7B
$GPRMC,225627.00,A,3736.452723,N,12223.270106,W,049.6,309.6,080720,,,A*46
$GPGGA,225628.00,3736.461754,N,12223.283755,W,7,,0.38,-28.81,M,0.0,M,0.0,0000*70
$GPRMC,225628.00,A,3736.461754,N,12223.283755,W,050.2,309.8,080720,,,A*47
$GPGGA,225629.00,3736.470838,N,12223.297334,W,7,,0.38,-29.03,M,0.0,M,0.0,0000*79
$GPRMC,225629.00,A,3736.470838,N,12223.297334,W,050.8,309.6,080720,,,A*41
$GPGGA,225630.00,3736.479844,N,12223.311277,W,7,,0.38,-28.87,M,0.0,M,0.0,0000*77
$GPRMC,225630.00,A,3736.479844,N,12223.311277,W,051.4,309.1,080720,,,A*48
$GPGGA,225631.00,3736.488850,N,12223.325228,W,7,,0.38,-28.72,M,0.0,M,0.0,0000*7A
$GPRMC,225631.00,A,3736.488850,N,12223.325228,W,051.8,309.3,080720,,,A*41
$GPGGA,225632.00,3736.498167,N,12223.338979,W,7,,0.38,-28.98,M,0.0,M,0.0,0000*72
$GPRMC,225632.00,A,3736.498167,N,12223.338979,W,052.1,309.6,080720,,,A*42
$GPGGA,225633.00,3736.507492,N,12223.352581,W,7,,0.38,-28.91,M,0.0,M,0.0,0000*75
$GPRMC,225633.00,A,3736.507492,N,12223.352581,W,052.0,309.5,080720,,,A*4E
$GPGGA,225634.00,3736.516677,N,12223.366579,W,7,,0.38,-29.01,M,0.0,M,0.0,0000*73
$GPRMC,225634.00,A,3736.516677,N,12223.366579,W,052.3,309.5,080720,,,A*43
$GPGGA,225635.00,3736.526085,N,12223.380692,W,7,,0.38,-28.86,M,0.0,M,0.0,0000*7A
$GPRMC,225635.00,A,3736.526085,N,12223.380692,W,052.7,309.3,080720,,,A*46
$GPGGA,225636.00,3736.535493,N,12223.395193,W,7,,0.38,-28.85,M,0.0,M,0.0,0000*79
$GPRMC,225636.00,A,3736.535493,N,12223.395193,W,053.1,309.3,080720,,,A*41
$GPGGA,225637.00,3736.544943,N,12223.409522,W,7,,0.38,-28.61,M,0.0,M,0.0,0000*78
$GPRMC,225637.00,A,3736.544943,N,12223.409522,W,053.7,309.3,080720,,,A*4C
$GPGGA,225638.00,3736.554507,N,12223.424059,W,7,,0.38,-28.82,M,0.0,M,0.0,0000*71
$GPRMC,225638.00,A,3736.554507,N,12223.424059,W,054.4,309.3,080720,,,A*4C
$GPGGA,225639.00,3736.564252,N,12223.439060,W,7,,0.38,-28.84,M,0.0,M,0.0,0000*74
$GPRMC,225639.00,A,3736.564252,N,12223.439060,W,054.9,309.5,080720,,,A*44
$GPGGA,225640.00,3736.573900,N,12223.454144,W,7,,0.38,-29.08,M,0.0,M,0.0,0000*79
$GPRMC,225640.00,A,3736.573900,N,12223.454144,W,055.1,309.2,080720,,,A*42
$GPGGA,225641.00,3736.583530,N,12223.469120,W,7,,0.38,-29.02,M,0.0,M,0.0,0000*7E
$GPRMC,225641.00,A,3736.583530,N,12223.469120,W,055.4,309.0,080720,,,A*48
$GPGGA,225642.00,3736.593249,N,12223.484288,W,7,,0.38,-29.01,M,0.0,M,0.0,0000*74
$GPRMC,225642.00,A,3736.593249,N,12223.484288,W,055.8,308.8,080720,,,A*44
$GPGGA,225643.00,3736.603209,N,12223.499833,W,7,,0.38,-28.94,M,0.0,M,0.0,0000*70
$GPRMC,225643.00,A,3736.603209,N,12223.499833,W,056.5,308.4,080720,,,A*4F
$GPGGA,225644.00,3736.612905,N,12223.515212,W,7,,0.38,-28.90,M,0.0,M,0.0,0000*78
$GPRMC,225644.00,A,3736.612905,N,12223.515212,W,056.1,308.7,080720,,,A*44
$GPGGA,225645.00,3736.622547,N,12223.530313,W,7,,0.38,-29.39,M,0.0,M,0.0,0000*75
$GPRMC,225645.00,A,3736.622547,N,12223.530313,W,055.4,308.7,080720,,,A*4D
$GPGGA,225646.00,3736.631998,N,12223.545235,W,7,,0.38,-29.47,M,0.0,M,0.0,0000*74
$GPRMC,225646.00,A,3736.631998,N,12223.545235,W,054.5,308.7,080720,,,A*45
$GPGGA,225647.00,3736.641213,N,12223.559978,W,7,,0.38,-29.69,M,0.0,M,0.0,0000*79
$GPRMC,225647.00,A,3736.641213,N,12223.559978,W,053.6,308.3,080720,,,A*44
$GPGGA,225648.00,3736.650339,N,12223.574605,W,7,,0.38,-29.90,M,0.0,M,0.0,0000*73
$GPRMC,225648.00,A,3736.650339,N,12223.574605,W,052.8,308.2,080720,,,A*46
$GPGGA,225649.00,3736.659171,N,12223.589011,W,7,,0.38,-29.90,M,0.0,M,0.0,0000*74
$GPRMC,225649.00,A,3736.659171,N,12223.589011,W,052.1,308.2,080720,,,A*48
$GPGGA,225650.00,3736.667913,N,12223.603057,W,7,,0.38,-29.56,M,0.0,M,0.0,0000*74
$GPRMC,225650.00,A,3736.667913,N,12223.603057,W,051.3,307.9,080720,,,A*47
$GPGGA,225651.00,3736.676793,N,12223.616894,W,7,,0.38,-29.37,M,0.0,M,0.0,0000*77
$GPRMC,225651.00,A,3736.676793,N,12223.616894,W,051.3,308.6,080720,,,A*43
$GPGGA,225652.00,3736.685871,N,12223.630754,W,7,,0.38,-29.06,M,0.0,M,0.0,0000*7E
$GPRMC,225652.00,A,3736.685871,N,12223.630754,W,051.6,309.3,080720,,,A*49
$GPGGA,225653.00,3736.695279,N,12223.644805,W,7,,0.38,-28.63,M,0.0,M,0.0,0000*76
$GPRMC,225653.00,A,3736.695279,N,12223.644805,W,051.9,310.0,080720,,,A*47
$GPGGA,225654.00,3736.704723,N,12223.658839,W,7,,0.38,-28.46,M,0.0,M,0.0,0000*77
$GPRMC,225654.00,A,3736.704723,N,12223.658839,W,052.5,311.1,080720,,,A*4E
$GPGGA,225655.00,3736.714725,N,12223.672741,W,7,,0.38,-28.10,M,0.0,M,0.0,0000*7A
$GPRMC,225655.00,A,3736.714725,N,12223.672741,W,053.1,313.1,080720,,,A*47
$GPGGA,225656.00,3736.725286,N,12223.686439,W,7,,0.38,-28.06,M,0.0,M,0.0,0000*77
$GPRMC,225656.00,A,3736.725286,N,12223.686439,W,054.4,315.0,080720,,,A*48
$GPGGA,225657.00,3736.736397,N,12223.700083,W,7,,0.38,-27.81,M,0.0,M,0.0,0000*7F
$GPRMC,225657.00,A,3736.736397,N,12223.700083,W,055.9,316.9,080720,,,A*46
$GPGGA,225658.00,3736.748331,N,12223.713950,W,7,,0.38,-28.47,M,0.0,M,0.0,0000*75
$GPRMC,225658.00,A,3736.748331,N,12223.713950,W,057.3,317.7,080720,,,A*4E
$GPGGA,225659.00,3736.760619,N,12223.727924,W,7,,0.38,-28.60,M,0.0,M,0.0,0000*70
$GPRMC,225659.00,A,3736.760619,N,12223.727924,W,058.8,318.3,080720,,,A*41
$GPGGA,225700.00,3736.773207,N,12223.741651,W,7,,0.38,-28.72,M,0.0,M,0.0,0000*7A
$GPRMC,225700.00,A,3736.773207,N,12223.741651,W,060.0,319.1,080720,,,A*48
$GPGGA,225701.00,3736.786197,N,12223.755481,W,7,,0.38,-28.68,M,0.0,M,0.0,0000*7A
$GPRMC,225701.00,A,3736.786197,N,12223.755481,W,061.0,320.4,080720,,,A*4D
$GPGGA,225702.00,3736.799433,N,12223.768790,W,7,,0.38,-28.90,M,0.0,M,0.0,0000*76
$GPRMC,225702.00,A,3736.799433,N,12223.768790,W,061.2,321.6,080720,,,A*47
$GPGGA,225703.00,3736.812789,N,12223.781798,W,7,,0.38,-28.72,M,0.0,M,0.0,0000*7A
$GPRMC,225703.00,A,3736.812789,N,12223.781798,W,060.4,322.9,080720,,,A*4C
$GPGGA,225704.00,3736.826577,N,12223.794482,W,7,,0.38,-27.95,M,0.0,M,0.0,0000*73
$GPRMC,225704.00,A,3736.826577,N,12223.794482,W,061.1,325.1,080720,,,A*48
$GPGGA,225705.00,3736.841091,N,12223.806284,W,7,,0.38,-27.95,M,0.0,M,0.0,0000*7A
$GPRMC,225705.00,A,3736.841091,N,12223.806284,W,061.6,326.5,080720,,,A*41
$GPGGA,225706.00,3736.855390,N,12223.817732,W,7,,0.38,-28.31,M,0.0,M,0.0,0000*77
$GPRMC,225706.00,A,3736.855390,N,12223.817732,W,061.8,328.3,080720,,,A*4B
$GPGGA,225707.00,3736.869987,N,12223.828520,W,7,,0.38,-28.08,M,0.0,M,0.0,0000*72
$GPRMC,225707.00,A,3736.869987,N,12223.828520,W,062.0,329.8,080720,,,A*45
$GPGGA,225708.00,3736.885264,N,12223.839392,W,7,,0.38,-28.42,M,0.0,M,0.0,0000*78
$GPRMC,225708.00,A,3736.885264,N,12223.839392,W,062.4,331.6,080720,,,A*42
$GPGGA,225709.00,3736.900527,N,12223.850120,W,7,,0.38,-28.64,M,0.0,M,0.0,0000*75
$GPRMC,225709.00,A,3736.900527,N,12223.850120,W,062.4,332.5,080720,,,A*4B
$GPGGA,225710.00,3736.915840,N,12223.859984,W,7,,0.38,-29.13,M,0.0,M,0.0,0000*7B
$GPRMC,225710.00,A,3736.915840,N,12223.859984,W,062.2,333.9,080720,,,A*4F
$GPGGA,225711.00,3736.931482,N,12223.869080,W,7,,0.38,-29.03,M,0.0,M,0.0,0000*71
$GPRMC,225711.00,A,3736.931482,N,12223.869080,W,062.5,335.7,080720,,,A*4B
$GPGGA,225712.00,3736.947477,N,12223.877827,W,7,,0.38,-28.93,M,0.0,M,0.0,0000*7B
$GPRMC,225712.00,A,3736.947477,N,12223.877827,W,061.7,337.0,080720,,,A*4D
$GPGGA,225713.00,3736.963743,N,12223.885520,W,7,,0.38,-29.94,M,0.0,M,0.0,0000*79
$GPRMC,225713.00,A,3736.963743,N,12223.885520,W,062.1,339.5,080720,,,A*47
$GPGGA,225714.00,3736.980099,N,12223.892186,W,7,,0.38,-30.80,M,0.0,M,0.0,0000*70
$GPRMC,225714.00,A,3736.980099,N,12223.892186,W,061.8,341.6,080720,,,A*45
$GPGGA,225715.00,3736.996647,N,12223.898474,W,7,,0.38,-30.83,M,0.0,M,0.0,0000*72
$GPRMC,225715.00,A,3736.996647,N,12223.898474,W,061.3,343.6,080720,,,A*4D
$GPGGA,225716.00,3737.013172,N,12223.903711,W,7,,0.38,-31.13,M,0.0,M,0.0,0000*7E
$GPRMC,225716.00,A,3737.013172,N,12223.903711,W,061.5,345.7,080720,,,A*48
$GPGGA,225717.00,3737.030302,N,12223.908793,W,7,,0.38,-31.30,M,0.0,M,0.0,0000*7B
$GPRMC,225717.00,A,3737.030302,N,12223.908793,W,061.6,346.7,080720,,,A*4C
$GPGGA,225718.00,3737.047041,N,12223.913630,W,7,,0.38,-30.60,M,0.0,M,0.0,0000*76
$GPRMC,225718.00,A,3737.047041,N,12223.913630,W,061.6,346.6,080720,,,A*44
$GPGGA,225719.00,3737.063493,N,12223.918814,W,7,,0.38,-30.38,M,0.0,M,0.0,0000*74
$GPRMC,225719.00,A,3737.063493,N,12223.918814,W,060.9,345.4,080720,,,A*44
$GPGGA,225720.00,3737.079909,N,12223.924021,W,7,,0.38,-30.13,M,0.0,M,0.0,0000*73
$GPRMC,225720.00,A,3737.079909,N,12223.924021,W,060.3,345.3,080720,,,A*47
$GPGGA,225721.00,3737.095965,N,12223.929235,W,7,,0.38,-30.34,M,0.0,M,0.0,0000*75
$GPRMC,225721.00,A,3737.095965,N,12223.929235,W,059.3,345.3,080720,,,A*4E
$GPGGA,225722.00,3737.111698,N,12223.934384,W,7,,0.38,-30.47,M,0.0,M,0.0,0000*75
$GPRMC,225722.00,A,3737.111698,N,12223.934384,W,058.5,345.0,080720,,,A*4E
$GPGGA,225723.00,3737.127303,N,12223.939610,W,7,,0.38,-30.39,M,0.0,M,0.0,0000*7A
$GPRMC,225723.00,A,3737.127303,N,12223.939610,W,057.6,344.8,080720,,,A*4D
$GPGGA,225724.00,3737.142663,N,12223.944734,W,7,,0.38,-30.61,M,0.0,M,0.0,0000*7D
$GPRMC,225724.00,A,3737.142663,N,12223.944734,W,056.7,345.3,080720,,,A*4D
$GPGGA,225725.00,3737.158125,N,12223.950097,W,7,,0.38,-30.35,M,0.0,M,0.0,0000*78
$GPRMC,225725.00,A,3737.158125,N,12223.950097,W,056.9,345.1,080720,,,A*45
$GPGGA,225726.00,3737.173449,N,12223.955227,W,7,,0.38,-30.52,M,0.0,M,0.0,0000*70
$GPRMC,225726.00,A,3737.173449,N,12223.955227,W,056.5,345.2,080720,,,A*43
$GPGGA,225727.00,3737.188545,N,12223.960160,W,7,,0.38,-30.12,M,0.0,M,0.0,0000*7A
$GPRMC,225727.00,A,3737.188545,N,12223.960160,W,056.5,345.0,080720,,,A*4F
$GPGGA,225728.00,3737.203941,N,12223.965590,W,7,,0.38,-30.48,M,0.0,M,0.0,0000*7C
$GPRMC,225728.00,A,3737.203941,N,12223.965590,W,056.4,344.6,080720,,,A*40
$GPGGA,225729.00,3737.219032,N,12223.970846,W,7,,0.38,-30.20,M,0.0,M,0.0,0000*77
$GPRMC,225729.00,A,3737.219032,N,12223.970846,W,056.3,344.8,080720,,,A*4C
$GPGGA,225730.00,3737.234320,N,12223.976095,W,7,,0.38,-30.32,M,0.0,M,0.0,0000*73
$GPRMC,225730.00,A,3737.234320,N,12223.976095,W,056.3,344.7,080720,,,A*44
$GPGGA,225731.00,3737.249259,N,12223.981225,W,7,,0.38,-30.11,M,0.0,M,0.0,0000*77
$GPRMC,225731.00,A,3737.249259,N,12223.981225,W,055.7,345.1,080720,,,A*41
$GPGGA,225732.00,3737.264247,N,12223.986146,W,7,,0.38,-29.74,M,0.0,M,0.0,0000*7E
$GPRMC,225732.00,A,3737.264247,N,12223.986146,W,055.0,345.3,080720,,,A*46
$GPGGA,225733.00,3737.278684,N,12223.991270,W,7,,0.38,-29.92,M,0.0,M,0.0,0000*71
$GPRMC,225733.00,A,3737.278684,N,12223.991270,W,054.6,345.0,080720,,,A*45
$GPGGA,225734.00,3737.293503,N,12223.996219,W,7,,0.38,-29.98,M,0.0,M,0.0,0000*7D
$GPRMC,225734.00,A,3737.293503,N,12223.996219,W,054.7,344.9,080720,,,A*4A
$GPGGA,225735.00,3737.308095,N,12224.001092,W,7,,0.38,-29.63,M,0.0,M,0.0,0000*70
$GPRMC,225735.00,A,3737.308095,N,12224.001092,W,055.0,344.8,080720,,,A*44
$GPGGA,225736.00,3737.322562,N,12224.006078,W,7,,0.38,-30.26,M,0.0,M,0.0,0000*7C
$GPRMC,225736.00,A,3737.322562,N,12224.006078,W,055.2,344.8,080720,,,A*43
$GPGGA,225737.00,3737.337315,N,12224.011093,W,7,,0.38,-30.37,M,0.0,M,0.0,0000*7C
$GPRMC,225737.00,A,3737.337315,N,12224.011093,W,055.3,344.8,080720,,,A*42
$GPGGA,225738.00,3737.352129,N,12224.016283,W,7,,0.38,-30.62,M,0.0,M,0.0,0000*79
$GPRMC,225738.00,A,3737.352129,N,12224.016283,W,055.6,344.6,080720,,,A*4C
$GPGGA,225739.00,3737.367201,N,12224.021335,W,7,,0.38,-30.42,M,0.0,M,0.0,0000*7D
$GPRMC,225739.00,A,3737.367201,N,12224.021335,W,055.8,345.2,080720,,,A*41
$GPGGA,225740.00,3737.382075,N,12224.026256,W,7,,0.38,-30.56,M,0.0,M,0.0,0000*7F
$GPRMC,225740.00,A,3737.382075,N,12224.026256,W,055.8,345.1,080720,,,A*45
$GPGGA,225741.00,3737.397208,N,12224.031512,W,7,,0.38,-30.57,M,0.0,M,0.0,0000*72
$GPRMC,225741.00,A,3737.397208,N,12224.031512,W,056.1,345.1,080720,,,A*43
$GPGGA,225742.00,3737.412160,N,12224.036473,W,7,,0.38,-30.61,M,0.0,M,0.0,0000*72
$GPRMC,225742.00,A,3737.412160,N,12224.036473,W,056.4,345.1,080720,,,A*43
$GPGGA,225743.00,3737.427399,N,12224.041592,W,7,,0.38,-30.36,M,0.0,M,0.0,0000*7D
$GPRMC,225743.00,A,3737.427399,N,12224.041592,W,056.4,345.1,080720,,,A*4E
$GPGGA,225744.00,3737.442429,N,12224.046859,W,7,,0.38,-30.14,M,0.0,M,0.0,0000*78
$GPRMC,225744.00,A,3737.442429,N,12224.046859,W,056.2,345.0,080720,,,A*4C
$GPGGA,225745.00,3737.457447,N,12224.051887,W,7,,0.38,-30.07,M,0.0,M,0.0,0000*72
$GPRMC,225745.00,A,3737.457447,N,12224.051887,W,055.7,345.2,080720,,,A*40
$GPGGA,225746.00,3737.472028,N,12224.056897,W,7,,0.38,-30.12,M,0.0,M,0.0,0000*79
$GPRMC,225746.00,A,3737.472028,N,12224.056897,W,054.9,345.1,080720,,,A*43
$GPGGA,225747.00,3737.487058,N,12224.062183,W,7,,0.38,-30.58,M,0.0,M,0.0,0000*70
$GPRMC,225747.00,A,3737.487058,N,12224.062183,W,055.3,344.8,080720,,,A*47
$GPGGA,225748.00,3737.502147,N,12224.067397,W,7,,0.38,-30.63,M,0.0,M,0.0,0000*76
$GPRMC,225748.00,A,3737.502147,N,12224.067397,W,056.2,344.5,080720,,,A*46
$GPGGA,225749.00,3737.517357,N,12224.072786,W,7,,0.38,-29.99,M,0.0,M,0.0,0000*7D
$GPRMC,225749.00,A,3737.517357,N,12224.072786,W,056.8,345.2,080720,,,A*4C
$GPGGA,225750.00,3737.532376,N,12224.078023,W,7,,0.38,-29.64,M,0.0,M,0.0,0000*71
$GPRMC,225750.00,A,3737.532376,N,12224.078023,W,056.2,344.6,080720,,,A*4D
$GPGGA,225751.00,3737.546985,N,12224.083004,W,7,,0.38,-29.72,M,0.0,M,0.0,0000*73
$GPRMC,225751.00,A,3737.546985,N,12224.083004,W,054.6,345.2,080720,,,A*4B
$GPGGA,225752.00,3737.561446,N,12224.087719,W,7,,0.38,-29.64,M,0.0,M,0.0,0000*7F
$GPRMC,225752.00,A,3737.561446,N,12224.087719,W,053.7,345.6,080720,,,A*42
$GPGGA,225753.00,3737.576427,N,12224.092615,W,7,,0.38,-29.53,M,0.0,M,0.0,0000*72
$GPRMC,225753.00,A,3737.576427,N,12224.092615,W,055.1,345.4,080720,,,A*49
$GPGGA,225754.00,3737.591878,N,12224.097499,W,7,,0.38,-29.40,M,0.0,M,0.0,0000*7B
$GPRMC,225754.00,A,3737.591878,N,12224.097499,W,057.1,345.3,080720,,,A*47
$GPGGA,225755.00,3737.607304,N,12224.102509,W,7,,0.38,-29.45,M,0.0,M,0.0,0000*76
$GPRMC,225755.00,A,3737.607304,N,12224.102509,W,057.8,345.8,080720,,,A*4D
$GPGGA,225756.00,3737.623071,N,12224.106914,W,7,,0.38,-28.96,M,0.0,M,0.0,0000*79
$GPRMC,225756.00,A,3737.623071,N,12224.106914,W,057.7,347.5,080720,,,A*4D
$GPGGA,225757.00,3737.638894,N,12224.110808,W,7,,0.38,-29.11,M,0.0,M,0.0,0000*74
$GPRMC,225757.00,A,3737.638894,N,12224.110808,W,057.5,348.7,080720,,,A*41
$GPGGA,225758.00,3737.654878,N,12224.114480,W,7,,0.38,-29.30,M,0.0,M,0.0,0000*78
$GPRMC,225758.00,A,3737.654878,N,12224.114480,W,057.9,349.7,080720,,,A*43
$GPGGA,225759.00,3737.671078,N,12224.117791,W,7,,0.38,-29.42,M,0.0,M,0.0,0000*73
$GPRMC,225759.00,A,3737.671078,N,12224.117791,W,058.3,351.2,080720,,,A*44
$GPGGA,225800.00,3737.687073,N,12224.120360,W,7,,0.38,-29.01,M,0.0,M,0.0,0000*7B
$GPRMC,225800.00,A,3737.687073,N,12224.120360,W,058.3,352.7,080720,,,A*4D
$GPGGA,225801.00,3737.703225,N,12224.122549,W,7,,0.38,-29.06,M,0.0,M,0.0,0000*7E
$GPRMC,225801.00,A,3737.703225,N,12224.122549,W,057.8,354.1,080720,,,A*4B
$GPGGA,225802.00,3737.719023,N,12224.124427,W,7,,0.38,-28.91,M,0.0,M,0.0,0000*72
$GPRMC,225802.00,A,3737.719023,N,12224.124427,W,057.1,354.9,080720,,,A*49
$GPGGA,225803.00,3737.734438,N,12224.126077,W,7,,0.38,-28.91,M,0.0,M,0.0,0000*71
$GPRMC,225803.00,A,3737.734438,N,12224.126077,W,056.2,355.7,080720,,,A*47
$GPGGA,225804.00,3737.749654,N,12224.127506,W,7,,0.38,-28.81,M,0.0,M,0.0,0000*77
$GPRMC,225804.00,A,3737.749654,N,12224.127506,W,055.4,356.1,080720,,,A*40
$GPGGA,225805.00,3737.764947,N,12224.128807,W,7,,0.38,-29.17,M,0.0,M,0.0,0000*79
$GPRMC,225805.00,A,3737.764947,N,12224.128807,W,054.8,356.3,080720,,,A*4F
$GPGGA,225806.00,3737.779917,N,12224.129917,W,7,,0.38,-29.22,M,0.0,M,0.0,0000*74
$GPRMC,225806.00,A,3737.779917,N,12224.129917,W,054.0,356.3,080720,,,A*4C
$GPGGA,225807.00,3737.794977,N,12224.130901,W,7,,0.38,-28.91,M,0.0,M,0.0,0000*76
$GPRMC,225807.00,A,3737.794977,N,12224.130901,W,053.4,356.5,080720,,,A*42
$GPGGA,225808.00,3737.809491,N,12224.131849,W,7,,0.38,-28.81,M,0.0,M,0.0,0000*7A
$GPRMC,225808.00,A,3737.809491,N,12224.131849,W,052.9,356.3,080720,,,A*45
$GPGGA,225809.00,3737.823820,N,12224.133019,W,7,,0.38,-28.67,M,0.0,M,0.0,0000*72
$GPRMC,225809.00,A,3737.823820,N,12224.133019,W,052.3,356.5,080720,,,A*49
$GPGGA,225810.00,3737.838279,N,12224.134723,W,7,,0.38,-28.76,M,0.0,M,0.0,0000*7F
$GPRMC,225810.00,A,3737.838279,N,12224.134723,W,051.8,355.6,080720,,,A*4C
$GPGGA,225811.00,3737.852151,N,12224.136145,W,7,,0.38,-28.80,M,0.0,M,0.0,0000*76
$GPRMC,225811.00,A,3737.852151,N,12224.136145,W,051.1,355.8,080720,,,A*4B
$GPGGA,225812.00,3737.865958,N,12224.137183,W,7,,0.38,-29.08,M,0.0,M,0.0,0000*7A
$GPRMC,225812.00,A,3737.865958,N,12224.137183,W,050.4,356.2,080720,,,A*4B
$GPGGA,225813.00,3737.879632,N,12224.138299,W,7,,0.38,-28.19,M,0.0,M,0.0,0000*73
$GPRMC,225813.00,A,3737.879632,N,12224.138299,W,049.3,355.5,080720,,,A*48
$GPGGA,225814.00,3737.893377,N,12224.139500,W,7,,0.38,-27.68,M,0.0,M,0.0,0000*7B
$GPRMC,225814.00,A,3737.893377,N,12224.139500,W,049.7,356.4,080720,,,A*4F
$GPGGA,225815.00,3737.906818,N,12224.141228,W,7,,0.38,-26.70,M,0.0,M,0.0,0000*7F
$GPRMC,225815.00,A,3737.906818,N,12224.141228,W,049.2,355.7,080720,,,A*46
$GPGGA,225816.00,3737.919808,N,12224.142181,W,7,,0.38,-25.70,M,0.0,M,0.0,0000*73
$GPRMC,225816.00,A,3737.919808,N,12224.142181,W,046.2,355.4,080720,,,A*45
$GPGGA,225817.00,3737.931802,N,12224.143657,W,7,,0.38,-25.04,M,0.0,M,0.0,0000*7C
$GPRMC,225817.00,A,3737.931802,N,12224.143657,W,045.3,353.6,080720,,,A*4F
$GPGGA,225818.00,3737.944252,N,12224.145602,W,7,,0.38,-24.13,M,0.0,M,0.0,0000*7F
$GPRMC,225818.00,A,3737.944252,N,12224.145602,W,045.1,350.1,080720,,,A*4D
$GPGGA,225819.00,3737.956587,N,12224.149387,W,7,,0.38,-22.93,M,0.0,M,0.0,0000*78
$GPRMC,225819.00,A,3737.956587,N,12224.149387,W,045.3,344.7,080720,,,A*45
$GPGGA,225820.00,3737.968479,N,12224.154368,W,7,,0.38,-22.19,M,0.0,M,0.0,0000*70
$GPRMC,225820.00,A,3737.968479,N,12224.154368,W,044.8,339.6,080720,,,A*4E
$GPGGA,225821.00,3737.979321,N,12224.160421,W,7,,0.38,-21.97,M,0.0,M,0.0,0000*73
$GPRMC,225821.00,A,3737.979321,N,12224.160421,W,044.2,333.8,080720,,,A*46
$GPGGA,225822.00,3737.990242,N,12224.168114,W,7,,0.38,-21.51,M,0.0,M,0.0,0000*72
$GPRMC,225822.00,A,3737.990242,N,12224.168114,W,044.6,329.9,080720,,,A*43
$GPGGA,225823.00,3738.000724,N,12224.176730,W,7,,0.38,-20.42,M,0.0,M,0.0,0000*75
$GPRMC,225823.00,A,3738.000724,N,12224.176730,W,045.2,324.7,080720,,,A*41
$GPGGA,225824.00,3738.010575,N,12224.186689,W,7,,0.38,-19.32,M,0.0,M,0.0,0000*74
$GPRMC,225824.00,A,3738.010575,N,12224.186689,W,046.1,320.1,080720,,,A*4F
$GPGGA,225825.00,3738.020056,N,12224.197826,W,7,,0.38,-20.99,M,0.0,M,0.0,0000*72
$GPRMC,225825.00,A,3738.020056,N,12224.197826,W,046.7,314.4,080720,,,A*46
$GPGGA,225826.00,3738.028624,N,12224.209850,W,7,,0.38,-19.46,M,0.0,M,0.0,0000*77
$GPRMC,225826.00,A,3738.028624,N,12224.209850,W,047.2,310.0,080720,,,A*4F
$GPGGA,225827.00,3738.036201,N,12224.222714,W,7,,0.38,-18.19,M,0.0,M,0.0,0000*77
$GPRMC,225827.00,A,3738.036201,N,12224.222714,W,046.5,304.5,080720,,,A*42
$GPGGA,225828.00,3738.043144,N,12224.236172,W,7,,0.38,-17.22,M,0.0,M,0.0,0000*7C
$GPRMC,225828.00,A,3738.043144,N,12224.236172,W,046.3,302.8,080720,,,A*43
$GPGGA,225829.00,3738.049659,N,12224.250092,W,7,,0.38,-16.49,M,0.0,M,0.0,0000*7F
$GPRMC,225829.00,A,3738.049659,N,12224.250092,W,046.1,298.8,080720,,,A*4C
$GPGGA,225830.00,3738.055402,N,12224.264545,W,7,,0.38,-16.18,M,0.0,M,0.0,0000*7A
$GPRMC,225830.00,A,3738.055402,N,12224.264545,W,046.1,295.0,080720,,,A*48
$GPGGA,225831.00,3738.060351,N,12224.279228,W,7,,0.38,-15.45,M,0.0,M,0.0,0000*77
$GPRMC,225831.00,A,3738.060351,N,12224.279228,W,046.1,292.3,080720,,,A*4A
$GPGGA,225832.00,3738.064384,N,12224.294096,W,7,,0.38,-14.61,M,0.0,M,0.0,0000*7B
$GPRMC,225832.00,A,3738.064384,N,12224.294096,W,046.0,288.8,080720,,,A*40
$GPGGA,225833.00,3738.068115,N,12224.309581,W,7,,0.38,-14.41,M,0.0,M,0.0,0000*78
$GPRMC,225833.00,A,3738.068115,N,12224.309581,W,045.9,285.3,080720,,,A*4D
$GPGGA,225834.00,3738.070893,N,12224.325169,W,7,,0.38,-14.70,M,0.0,M,0.0,0000*7F
$GPRMC,225834.00,A,3738.070893,N,12224.325169,W,045.7,281.8,080720,,,A*49
$GPGGA,225835.00,3738.072855,N,12224.341004,W,7,,0.38,-14.59,M,0.0,M,0.0,0000*75
$GPRMC,225835.00,A,3738.072855,N,12224.341004,W,045.7,278.4,080720,,,A*42
$GPGGA,225836.00,3738.074097,N,12224.356940,W,7,,0.38,-14.59,M,0.0,M,0.0,0000*79
$GPRMC,225836.00,A,3738.074097,N,12224.356940,W,045.8,274.4,080720,,,A*4D
$GPGGA,225837.00,3738.074463,N,12224.372744,W,7,,0.38,-15.54,M,0.0,M,0.0,0000*77
$GPRMC,225837.00,A,3738.074463,N,12224.372744,W,046.0,271.7,080720,,,A*42
$GPGGA,225838.00,3738.074247,N,12224.389172,W,7,,0.38,-15.76,M,0.0,M,0.0,0000*7F
$GPRMC,225838.00,A,3738.074247,N,12224.389172,W,046.7,268.0,080720,,,A*42
$GPGGA,225839.00,3738.073257,N,12224.405851,W,7,,0.38,-16.65,M,0.0,M,0.0,0000*72
$GPRMC,225839.00,A,3738.073257,N,12224.405851,W,047.5,264.5,080720,,,A*44
$GPGGA,225840.00,3738.071596,N,12224.422910,W,7,,0.38,-18.05,M,0.0,M,0.0,0000*7D
$GPRMC,225840.00,A,3738.071596,N,12224.422910,W,048.4,260.7,080720,,,A*4B
$GPGGA,225841.00,3738.069351,N,12224.439919,W,7,,0.38,-18.08,M,0.0,M,0.0,0000*76
$GPRMC,225841.00,A,3738.069351,N,12224.439919,W,049.0,259.5,080720,,,A*40
