<?xml version="1.0" encoding="utf-8"?>
<kml xmlns="http://www.opengis.net/kml/2.2">
   <Document>
      <name>Pixel4XLModded_chipset.kml</name>
      <Placemark>
         <Snippet maxLines="0"> </Snippet>
         <description> </description>
         <name>Line 1</name>
         <Style>
            <LineStyle>
               <color>80ffffff</color>
            </LineStyle>
         </Style>
         <LineString>
            <coordinates> -122.069930783333,37.4280516,0 -122.069930783333,37.4280515,0 -122.069930783333,37.4280515,0 -122.069930783333,37.4280515,0 -122.069930783333,37.4280514,0 -122.069930783333,37.4280514,0 -122.069930783333,37.4280514,0 -122.069930783333,37.4280514,0 -122.069930783333,37.4280514,0 -122.069930783333,37.4280512833333,0 -122.069930783333,37.4280512833333,0 -122.069930783333,37.4280512833333,0 -122.069930783333,37.4280512833333,0 -122.069929083333,37.4280489,0 -122.069929983333,37.4280468833333,0 -122.069926883333,37.4280455833333,0 -122.069923083333,37.4280422,0 -122.069925683333,37.4280461,0 -122.0699242,37.4280443833333,0 -122.0699247,37.4280444833333,0 -122.069924,37.4280383833333,0 -122.069926483333,37.4280331,0 -122.0699256,37.4280310833333,0 -122.0699208,37.4280285833333,0 -122.069918483333,37.4280265,0 -122.069919283333,37.4280278,0 -122.069918783333,37.4280253,0 -122.0699227,37.4280297,0 -122.069924783333,37.4280314,0 -122.0699252,37.4280309,0 -122.0699252,37.4280332,0 -122.0699256,37.428035,0 -122.069926183333,37.4280345,0 -122.069926383333,37.4280351,0 -122.0699263,37.4280351833333,0 -122.069926183333,37.4280351833333,0 -122.0699261,37.4280351833333,0 -122.0699261,37.4280351833333,0 -122.0699261,37.4280351833333,0 -122.0699225,37.4280382,0 -122.069925683333,37.4280381,0 -122.0699254,37.4280371833333,0 -122.0699239,37.4280365833333,0 -122.0699227,37.428037,0 -122.0699223,37.4280371833333,0 -122.069919683333,37.4280365833333,0 -122.069918283333,37.4280366833333,0 -122.069917883333,37.4280369,0 -122.0699182,37.4280362,0 -122.069917,37.4280344,0 -122.0699163,37.4280346833333,0 -122.069915483333,37.4280353833333,0 -122.069915383333,37.4280357,0 -122.0699153,37.4280358833333,0 -122.069915383333,37.4280359833333,0 -122.069915383333,37.4280359833333,0 -122.069915383333,37.4280359833333,0 -122.069915383333,37.4280359833333,0 -122.069915383333,37.4280359833333,0 -122.069915383333,37.4280359833333,0 -122.069915383333,37.4280359833333,0 -122.069915383333,37.4280359833333,0 -122.069915383333,37.4280359833333,0 -122.069915383333,37.4280359833333,0 -122.069915383333,37.4280359833333,0 -122.069915383333,37.4280360833333,0 -122.069915383333,37.4280360833333,0 -122.069915383333,37.4280360833333,0 -122.069915383333,37.4280360833333,0 -122.069915383333,37.4280360833333,0 -122.069915383333,37.4280360833333,0 -122.069915383333,37.4280359833333,0 -122.069915383333,37.4280359833333,0 -122.069915383333,37.4280359833333,0 -122.069915383333,37.4280359833333,0 -122.069915383333,37.4280359833333,0 -122.069915383333,37.4280359833333,0 -122.069915383333,37.4280359833333,0 -122.069915383333,37.4280359833333,0 -122.069915383333,37.4280359833333,0 -122.069915383333,37.4280359833333,0 -122.069915383333,37.4280358833333,0 -122.069915383333,37.4280358833333,0 -122.069915383333,37.4280358833333,0 -122.069915383333,37.4280358833333,0 -122.069915383333,37.4280358833333,0 -122.069915383333,37.4280358833333,0 -122.0699153,37.4280358833333,0 -122.0699153,37.4280358833333,0 -122.0699153,37.4280358833333,0 -122.0699153,37.4280358,0 -122.0699153,37.4280358,0 -122.0699153,37.4280358,0 -122.0699153,37.4280358,0 -122.0699153,37.4280358,0 -122.0699153,37.4280358,0 -122.0699153,37.4280358,0 -122.0699153,37.4280358,0 -122.0699153,37.4280358,0 -122.0699153,37.4280358,0 -122.0699153,37.4280358,0 -122.0699153,37.4280358,0 -122.0699153,37.4280358,0 -122.0699153,37.4280358,0 -122.0699153,37.4280358,0 -122.0699153,37.4280358,0 -122.0699153,37.4280358,0 -122.0699153,37.4280357,0 -122.0699153,37.4280357,0 -122.0699153,37.4280357,0 -122.0699153,37.4280357,0 -122.069917,37.4280399,0 -122.0699228,37.4280499833333,0 -122.069932683333,37.4280619,0 -122.069942683333,37.4280838,0 -122.0699512,37.4281152,0 -122.069952583333,37.4281556833333,0 -122.0699512,37.4282012833333,0 -122.0699527,37.4282459,0 -122.0699694,37.4282849,0 -122.0700073,37.4283119833333,0 -122.070059983333,37.4283214,0 -122.070113583333,37.4283125833333,0 -122.0701552,37.4282875,0 -122.070175,37.4282451833333,0 -122.070170883333,37.4281947833333,0 -122.070169383333,37.4281448833333,0 -122.070166483333,37.4280812,0 -122.0701647,37.4280157,0 -122.0701628,37.4279543833333,0 -122.070159,37.4278923,0 -122.070155083333,37.4278272833333,0 -122.0701544,37.4277585,0 -122.070151883333,37.4276849833333,0 -122.070150483333,37.4276053833333,0 -122.0701442,37.4275309,0 -122.0701442,37.4274631833333,0 -122.070143983333,37.427402,0 -122.070158,37.4273544833333,0 -122.070200083333,37.4273246833333,0 -122.070251783333,37.4273175,0 -122.0703002,37.4273124833333,0 -122.0703438,37.4272944,0 -122.0703716,37.4272613833333,0 -122.070386483333,37.4272188833333,0 -122.070387283333,37.4271643,0 -122.070389383333,37.4271071,0 -122.0703922,37.4270387833333,0 -122.0703883,37.4269715,0 -122.070380783333,37.4269127833333,0 -122.070353983333,37.4268647833333,0 -122.0703034,37.4268375833333,0 -122.0702428,37.4268292,0 -122.0701911,37.4268142,0 -122.0701631,37.4267837,0 -122.070153583333,37.4267387,0 -122.070153,37.4266813833333,0 -122.070153883333,37.4266184,0 -122.070155083333,37.4265491833333,0 -122.0701535,37.4264855833333,0 -122.0701525,37.4264306,0 -122.0701748,37.4263850833333,0 -122.070215583333,37.4263503833333,0 -122.070279783333,37.4263531,0 -122.070336483333,37.4263601833333,0 -122.070369483333,37.4263900833333,0 -122.0703761,37.4264305,0 -122.070378383333,37.4264811833333,0 -122.0703761,37.42654,0 -122.0703687,37.4265972833333,0 -122.070366383333,37.4266576833333,0 -122.0703625,37.4267167,0 -122.0703622,37.426774,0 -122.0703642,37.4268371,0 -122.070368583333,37.4268971833333,0 -122.0703675,37.4269602,0 -122.070367083333,37.4270283833333,0 -122.0703684,37.4271045833333,0 -122.070365683333,37.4271811833333,0 -122.070360383333,37.4272574,0 -122.0703586,37.4273288833333,0 -122.070356783333,37.4274077,0 -122.0703538,37.4274904833333,0 -122.070348983333,37.4275729,0 -122.070346083333,37.4276576833333,0 -122.070338,37.427754,0 -122.0703392,37.4278426833333,0 -122.070339383333,37.4279323,0 -122.0703381,37.4280152833333,0 -122.0703364,37.4280946,0 -122.0703376,37.4281629833333,0 -122.070336483333,37.4282151833333,0 -122.0703553,37.4282596833333,0 -122.0703866,37.4282909,0 -122.0704352,37.4283150833333,0 -122.0705008,37.4283195,0 -122.0705779,37.428325,0 -122.0706524,37.4283264833333,0 -122.070720683333,37.4283283833333,0 -122.070792683333,37.428325,0 -122.0708771,37.4283264,0 -122.070971783333,37.4283276833333,0 -122.071072783333,37.4283245,0 -122.0711761,37.4283242833333,0 -122.071269983333,37.4283241833333,0 -122.0713575,37.4283234833333,0 -122.071438283333,37.4283225,0 -122.071519383333,37.4283282833333,0 -122.0716062,37.4283343,0 -122.071692483333,37.428336,0 -122.0717724,37.4283393833333,0 -122.0718492,37.4283308833333,0 -122.071912483333,37.4282980833333,0 -122.071942383333,37.4282492833333,0 -122.0719547,37.4281938833333,0 -122.0719457,37.4281307833333,0 -122.071939483333,37.4280620833333,0 -122.0719358,37.4279843833333,0 -122.071928283333,37.4279075,0 -122.0719239,37.4278345833333,0 -122.0719196,37.4277684833333,0 -122.071915583333,37.4277118833333,0 -122.0719296,37.4276748833333,0 -122.0719468,37.4276313,0 -122.071993683333,37.427638,0 -122.072036983333,37.4276405,0 -122.072080783333,37.4276588833333,0 -122.072127883333,37.4276769,0 -122.072169083333,37.4277094833333,0 -122.072181983333,37.4277616833333,0 -122.072182983333,37.4278179,0 -122.072182483333,37.4278812,0 -122.072178883333,37.4279468,0 -122.072176983333,37.4280146833333,0 -122.072174783333,37.4280807833333,0 -122.072171283333,37.4281459833333,0 -122.0721671,37.4282007833333,0 -122.072171983333,37.4282463833333,0 -122.072194683333,37.4282825,0 -122.0722286,37.4283083833333,0 -122.0722793,37.4283171,0 -122.072336,37.4283179833333,0 -122.072400083333,37.4283149833333,0 -122.072453183333,37.4283034833333,0 -122.0725062,37.4282942,0 -122.072536983333,37.4282814,0 -122.0725501,37.4282758,0 -122.0725558,37.4282766833333,0 -122.072558483333,37.4282792833333,0 -122.0725587,37.4282802,0 -122.0725592,37.4282798833333,0 -122.0725594,37.4282791833333,0 -122.0725603,37.4282786833333,0 -122.0725615,37.428277,0 -122.072559983333,37.4282761833333,0 -122.072559683333,37.4282754833333,0 -122.0725584,37.4282729833333,0 -122.0725587,37.4282716,0 -122.072559283333,37.4282709,0 -122.072559783333,37.4282711,0 -122.0725599,37.4282703,0 -122.0725606,37.4282698,0 -122.0725613,37.428269,0 -122.072563083333,37.4282684,0 -122.072563283333,37.4282661,0 -122.072563283333,37.4282654,0 -122.0725623,37.4282649,0 -122.072561683333,37.4282655,0 -122.0725613,37.4282637,0 -122.072562883333,37.4282624,0 -122.072565283333,37.4282595,0 -122.072565483333,37.4282572833333,0 -122.0725647,37.4282571833333,0 -122.0725649,37.428257,0 -122.072564983333,37.4282579833333,0 -122.0725658,37.4282572833333,0 -122.072566183333,37.4282554833333,0 -122.0725661,37.4282557,0 -122.0725658,37.4282554833333,0 -122.072565283333,37.4282540833333,0 -122.0725654,37.4282539,0 -122.072561683333,37.4282558,0 -122.072560983333,37.4282583833333,0 -122.072560183333,37.4282625833333,0 -122.0725601,37.4282631,0 -122.0725616,37.4282626833333,0 -122.072562383333,37.4282619833333,0 -122.0725627,37.4282620833333,0 -122.0725628,37.4282611,0 -122.072561383333,37.4282605,0 -122.0725616,37.4282583833333,0 -122.0725618,37.4282567833333,0 -122.072561383333,37.4282551,0 -122.0725618,37.4282546,0 -122.072563083333,37.4282546833333,0 -122.0725637,37.4282546833333,0 -122.072565683333,37.4282541833333,0 -122.0725658,37.4282535833333,0 -122.0725654,37.4282546,0 -122.072565983333,37.4282544,0 -122.072563783333,37.4282541833333,0 -122.072563783333,37.4282541833333,0 -122.072562883333,37.4282534,0 -122.072563583333,37.4282527,0 -122.072564783333,37.4282524833333,0 -122.072563083333,37.4282539,0 -122.0725616,37.4282540833333,0 -122.0725604,37.4282530833333,0 -122.0725592,37.4282530833333,0 -122.072557783333,37.4282534833333,0 -122.0725579,37.4282524833333,0 -122.072558583333,37.4282517833333,0 -122.0725582,37.4282521,0 -122.072557583333,37.4282524833333,0 -122.072557083333,37.4282515,0 -122.0725572,37.4282514,0 -122.0725577,37.4282509,0 -122.0725579,37.4282504,0 -122.0725584,37.4282504,0 -122.0725596,37.4282499833333,0 -122.0725603,37.4282504,0 -122.0725601,37.4282503,0 -122.0725608,37.4282509,0 -122.072560683333,37.4282511833333,0 -122.0725615,37.4282522,0 -122.0725634,37.4282518833333,0 -122.0725635,37.4282524833333,0 -122.0725637,37.4282535833333,0 -122.0725632,37.4282546,0 -122.0725634,37.4282551,0 -122.072563283333,37.4282548833333,0 -122.072562883333,37.4282552,0 -122.072562,37.4282545,0 -122.0725608,37.428254,0 -122.072560183333,37.4282536833333,0 -122.072559983333,37.4282534833333,0 -122.0725599,37.4282534,0 -122.072559483333,37.4282546833333,0 -122.072558,37.4282587,0 -122.0725599,37.4282588,0 -122.0725599,37.4282589,0 -122.0725589,37.4282593,0 -122.0725594,37.4282594,0 -122.072559683333,37.4282591833333,0 -122.0725594,37.4282595833333,0 -122.072559283333,37.4282584833333,0 -122.072557583333,37.428257,0 -122.072557083333,37.4282567833333,0 -122.072557,37.4282565,0 -122.072557383333,37.4282558,0 -122.072557583333,37.4282560833333,0 -122.072556883333,37.4282558,0 -122.072557283333,37.4282552,0 -122.072558583333,37.4282547833333,0 -122.072559783333,37.4282559,0 -122.0725606,37.4282557,0 -122.0725611,37.4282544,0 -122.0725608,37.4282535833333,0 -122.072560883333,37.4282529833333,0 -122.072559683333,37.4282526,0 -122.072559783333,37.4282522833333,0 -122.0725603,37.4282516,0 -122.0725604,37.428251,0 -122.0725606,37.4282509,0 -122.072560683333,37.4282509,0 -122.072560683333,37.428251,0 -122.072561383333,37.4282511833333,0 -122.072561883333,37.428252,0 -122.072562,37.4282529833333,0 -122.072559783333,37.4282558,0 -122.072561383333,37.4282565833333,0 -122.0725613,37.4282569,0 -122.072561883333,37.4282582,0 -122.072562883333,37.4282590833333,0 -122.0725637,37.4282593,0 -122.0725642,37.4282589833333,0 -122.0725651,37.4282582,0 -122.0725654,37.4282576,0 -122.072565683333,37.4282564,0 -122.0725661,37.4282565,0 -122.072566383333,37.4282565833333,0 -122.072566383333,37.4282565833333,0 -122.072566483333,37.4282565833333,0 -122.072566483333,37.4282565833333,0 -122.072575783333,37.4282522833333,0 -122.072587983333,37.4282453,0 -122.072609483333,37.42824,0 -122.0726393,37.4282447,0 -122.0726793,37.4282672,0 -122.072732083333,37.4283150833333,0 -122.0728105,37.4283441833333,0 -122.072904183333,37.4283655833333,0 -122.073010683333,37.4283697833333,0 -122.0731234,37.42837,0 -122.073251283333,37.4283667833333,0 -122.073389383333,37.4283677,0 -122.073532783333,37.4283683,0 -122.073676583333,37.4283713,0 -122.073831283333,37.4283749,0 -122.073991183333,37.4283745833333,0 -122.0741471,37.4283779,0 -122.0743032,37.4283756833333,0 -122.074458583333,37.4283762,0 -122.074611,37.4283783833333,0 -122.074763383333,37.4283771833333,0 -122.0749155,37.4283776833333,0 -122.0750718,37.4283811833333,0 -122.0752224,37.4283850833333,0 -122.075372983333,37.428384,0 -122.0755309,37.428384,0 -122.075691383333,37.4283827,0 -122.0758533,37.4283803,0 -122.076013083333,37.4283785,0 -122.0761727,37.4283793,0 -122.0763297,37.4283791,0 -122.076482283333,37.4283688,0 -122.076637,37.4283446833333,0 -122.0767849,37.4283111,0 -122.0769302,37.4282741833333,0 -122.0770736,37.4282369,0 -122.077224783333,37.4281988833333,0 -122.077370983333,37.4281649833333,0 -122.077517,37.4281433,0 -122.077649683333,37.4281265833333,0 -122.077764783333,37.4281158,0 -122.077859583333,37.4281130833333,0 -122.0779318,37.4281135,0 -122.077974483333,37.428114,0 -122.0780141,37.4281122,0 -122.078058983333,37.4281022833333,0 -122.0781113,37.4280803833333,0 -122.078160183333,37.4280462833333,0 -122.0781963,37.4279928833333,0 -122.0782171,37.4279246833333,0 -122.078216283333,37.427849,0 -122.078213383333,37.4277587833333,0 -122.0782054,37.4276586,0 -122.0781929,37.4275529,0 -122.0781788,37.4274417,0 -122.078161483333,37.4273220833333,0 -122.0781508,37.4271980833333,0 -122.078136783333,37.4270707,0 -122.078129583333,37.4269358833333,0 -122.0781201,37.4267966,0 -122.078112583333,37.4266509833333,0 -122.078106583333,37.4264981,0 -122.0781029,37.4263423,0 -122.0781034,37.4261874833333,0 -122.0781058,37.4260331833333,0 -122.078119283333,37.4258779833333,0 -122.078132683333,37.4257199833333,0 -122.078148483333,37.4255594833333,0 -122.078160983333,37.4254007833333,0 -122.078169583333,37.4252382833333,0 -122.078172683333,37.4250759,0 -122.0781716,37.4249094833333,0 -122.078169383333,37.4247463,0 -122.078167383333,37.4245799833333,0 -122.0781577,37.4244181833333,0 -122.078144683333,37.4242592,0 -122.078132483333,37.4241051833333,0 -122.078118283333,37.4239488833333,0 -122.0781091,37.4238019,0 -122.0781039,37.4236782833333,0 -122.078100883333,37.4235743833333,0 -122.078114783333,37.4235024833333,0 -122.0781596,37.423448,0 -122.078233483333,37.4234166,0 -122.0783164,37.4234069833333,0 -122.078413483333,37.4234051833333,0 -122.078516183333,37.4234063,0 -122.0786345,37.4233996,0 -122.0787586,37.4233904833333,0 -122.078888683333,37.4233848,0 -122.079032283333,37.4233807833333,0 -122.0791806,37.4233785833333,0 -122.0793414,37.4233728,0 -122.079500483333,37.4233651833333,0 -122.079667783333,37.4233563,0 -122.079828583333,37.4233455,0 -122.079972683333,37.4233339833333,0 -122.0800942,37.4233206833333,0 -122.0801998,37.4233086833333,0 -122.0803041,37.4233001833333,0 -122.080419583333,37.4232872833333,0 -122.080552283333,37.4232743833333,0 -122.0806967,37.4232616833333,0 -122.080853783333,37.4232466833333,0 -122.081019283333,37.4232299,0 -122.0811908,37.4232165,0 -122.081367583333,37.423202,0 -122.0815467,37.4231869833333,0 -122.081729983333,37.4231703,0 -122.081914683333,37.4231578833333,0 -122.082104483333,37.4231405,0 -122.082300383333,37.4231229833333,0 -122.0824982,37.4231071833333,0 -122.082699,37.423095,0 -122.0829042,37.4230885833333,0 -122.0831174,37.4230857,0 -122.083331983333,37.4230838,0 -122.0835476,37.4230828833333,0 -122.083763883333,37.4230895,0 -122.0839818,37.4230978,0 -122.084199983333,37.4231108833333,0 -122.0844165,37.4231261833333,0 -122.084641583333,37.4231486833333,0 -122.084864983333,37.4231712833333,0 -122.085088783333,37.4232014,0 -122.0853098,37.4232338833333,0 -122.0855332,37.4232708833333,0 -122.085750583333,37.4233102833333,0 -122.0859729,37.4233484,0 -122.086199383333,37.4233912833333,0 -122.0864258,37.4234368833333,0 -122.0866548,37.4234811833333,0 -122.0868896,37.4235286833333,0 -122.087127383333,37.4235728,0 -122.0873684,37.4236207,0 -122.087609583333,37.4236661833333,0 -122.087848883333,37.4237110833333,0 -122.0880855,37.4237613833333,0 -122.088323,37.4238100833333,0 -122.0885537,37.4238578,0 -122.0887775,37.4239,0 -122.0889908,37.4239371,0 -122.089181883333,37.4239614,0 -122.089349483333,37.4239701833333,0 -122.089504583333,37.4239699833333,0 -122.0896385,37.4239616833333,0 -122.0897518,37.4239439833333,0 -122.0898422,37.4239262833333,0 -122.0899011,37.4239097833333,0 -122.0899418,37.4239032833333,0 -122.089983783333,37.4238915833333,0 -122.090046783333,37.4238738833333,0 -122.0901304,37.4238481,0 -122.090237583333,37.4238113833333,0 -122.090360783333,37.4237716,0 -122.090491783333,37.4237269833333,0 -122.090626083333,37.4236791,0 -122.090773783333,37.4236277833333,0 -122.0909134,37.4235583,0 -122.0910456,37.4234829833333,0 -122.091175,37.4233934,0 -122.091288583333,37.423296,0 -122.091391083333,37.4231905833333,0 -122.0914896,37.4230789,0 -122.091584283333,37.4229725,0 -122.091694083333,37.4228714833333,0 -122.0918211,37.4227901,0 -122.091959283333,37.4227210833333,0 -122.0921237,37.4226668,0 -122.0922908,37.4226089,0 -122.092467083333,37.4225457,0 -122.0926501,37.4224886,0 -122.0928248,37.4224251833333,0 -122.093003483333,37.4223667833333,0 -122.0931889,37.4223185833333,0 -122.0933725,37.4222832833333,0 -122.093555383333,37.4222784,0 -122.093737083333,37.4223026,0 -122.0939106,37.422359,0 -122.094073483333,37.4224438833333,0 -122.094240483333,37.4225522833333,0 -122.094420283333,37.4226656,0 -122.0946098,37.4227964,0 -122.0948044,37.4229349,0 -122.095010783333,37.4230791,0 -122.0952187,37.4232325833333,0 -122.0954365,37.4233868,0 -122.0956635,37.4235455833333,0 -122.095896983333,37.4237064,0 -122.096138683333,37.4238679833333,0 -122.0963773,37.4240380833333,0 -122.096618,37.4242164833333,0 -122.096856583333,37.4243966,0 -122.097092583333,37.4245771,0 -122.0973244,37.4247611833333,0 -122.0975513,37.4249465833333,0 -122.097775483333,37.425133,0 -122.097997,37.4253225,0 -122.098211883333,37.4255156833333,0 -122.0984255,37.4257078833333,0 -122.0986383,37.4259023833333,0 -122.098847583333,37.4260964833333,0 -122.099052783333,37.4262934833333,0 -122.099253883333,37.4264876,0 -122.099450383333,37.4266752833333,0 -122.0996473,37.4268627,0 -122.0998419,37.4270483833333,0 -122.100034383333,37.4272302833333,0 -122.100228783333,37.4274145833333,0 -122.100427183333,37.4275986833333,0 -122.1006244,37.4277822833333,0 -122.100824783333,37.4279675,0 -122.1010284,37.4281582833333,0 -122.101227383333,37.4283490833333,0 -122.1014222,37.4285409,0 -122.1016221,37.4287338,0 -122.101819883333,37.4289174,0 -122.1020208,37.4291089833333,0 -122.1022207,37.4292997,0 -122.102424983333,37.4294974833333,0 -122.1026314,37.429695,0 -122.1028376,37.4298898833333,0 -122.1030441,37.4300838833333,0 -122.103244583333,37.4302788833333,0 -122.103446883333,37.4304758833333,0 -122.103648683333,37.4306685833333,0 -122.103853283333,37.4308639833333,0 -122.1040586,37.4310569,0 -122.104263783333,37.4312475833333,0 -122.104469383333,37.4314425,0 -122.1046795,37.4316382,0 -122.1048894,37.431829,0 -122.1050982,37.4320243,0 -122.105303383333,37.432219,0 -122.1055103,37.432419,0 -122.105719683333,37.4326225,0 -122.105936283333,37.4328277833333,0 -122.106157183333,37.4330359,0 -122.106375483333,37.4332467833333,0 -122.106599283333,37.4334613833333,0 -122.106822183333,37.4336752833333,0 -122.107042383333,37.4338885,0 -122.1072596,37.434099,0 -122.107478,37.4343081,0 -122.1076948,37.43451,0 -122.1079021,37.4347044,0 -122.108103083333,37.4349023833333,0 -122.108304783333,37.4350901833333,0 -122.1085015,37.4352778,0 -122.1086951,37.4354645,0 -122.108894383333,37.4356506,0 -122.1090963,37.4358446,0 -122.109301583333,37.4360369833333,0 -122.109506983333,37.4362380833333,0 -122.109713483333,37.4364345833333,0 -122.109922683333,37.4366320833333,0 -122.1101294,37.4368303833333,0 -122.110341883333,37.4370343,0 -122.110557783333,37.4372378833333,0 -122.1107748,37.4374418,0 -122.1109955,37.437654,0 -122.111216283333,37.4378652833333,0 -122.111437883333,37.4380767833333,0 -122.11166,37.4382913,0 -122.1118795,37.4384984,0 -122.112096383333,37.4387054833333,0 -122.112312383333,37.4389125,0 -122.1125284,37.4391164,0 -122.1127455,37.4393231,0 -122.1129643,37.4395307833333,0 -122.113185783333,37.4397394,0 -122.1134025,37.4399463833333,0 -122.113619083333,37.4401514833333,0 -122.1138373,37.4403582833333,0 -122.114055683333,37.4405633,0 -122.1142724,37.4407747833333,0 -122.1144931,37.4409843833333,0 -122.114715,37.441197,0 -122.114939183333,37.4414068,0 -122.1151638,37.4416235833333,0 -122.115385583333,37.4418367,0 -122.1156062,37.4420513,0 -122.1158319,37.4422630833333,0 -122.116054883333,37.4424769,0 -122.1162807,37.4426872,0 -122.1165019,37.4429005,0 -122.1167233,37.4431097,0 -122.116945083333,37.4433227833333,0 -122.117168883333,37.4435341,0 -122.1173883,37.4437416,0 -122.1176094,37.443949,0 -122.117827583333,37.4441558833333,0 -122.1180468,37.4443631833333,0 -122.118267583333,37.4445752833333,0 -122.118487083333,37.4447845833333,0 -122.1187089,37.4449952,0 -122.118931283333,37.4452057,0 -122.119158483333,37.4454214,0 -122.1193875,37.4456387833333,0 -122.1196151,37.4458549,0 -122.119844983333,37.4460736833333,0 -122.120077683333,37.4462948833333,0 -122.120311283333,37.4465192833333,0 -122.120546583333,37.4467487,0 -122.1207864,37.4469753833333,0 -122.1210245,37.4472002833333,0 -122.1212555,37.4474279,0 -122.121485883333,37.4476486,0 -122.121722183333,37.4478679833333,0 -122.1219552,37.4480908,0 -122.122188483333,37.4483147833333,0 -122.122421283333,37.4485345,0 -122.122655183333,37.4487578833333,0 -122.122889083333,37.4489842833333,0 -122.123118083333,37.4492065833333,0 -122.1233514,37.4494332,0 -122.123579,37.4496473,0 -122.123805383333,37.4498662,0 -122.1240291,37.4500783,0 -122.124254883333,37.4502924,0 -122.12448,37.4504961,0 -122.1246979,37.4506987833333,0 -122.1249169,37.4508973,0 -122.125137383333,37.451089,0 -122.1253583,37.4512731,0 -122.125581183333,37.4514516833333,0 -122.125805483333,37.4516265833333,0 -122.1260283,37.4517971,0 -122.126254583333,37.4519607,0 -122.1264895,37.452123,0 -122.126734083333,37.4522868833333,0 -122.1269896,37.4524444833333,0 -122.1272455,37.4526011,0 -122.127500983333,37.4527540833333,0 -122.127755883333,37.4529038,0 -122.128010583333,37.4530523833333,0 -122.128264283333,37.4531970833333,0 -122.128511583333,37.4533411833333,0 -122.1287544,37.4534865833333,0 -122.1289964,37.4536297,0 -122.129237383333,37.4537717833333,0 -122.129476983333,37.4539152833333,0 -122.129716283333,37.4540529,0 -122.129950883333,37.4541917,0 -122.1301801,37.4543268833333,0 -122.130414783333,37.4544629,0 -122.130653483333,37.4546007,0 -122.130891,37.4547420833333,0 -122.131129083333,37.45488,0 -122.131362483333,37.455018,0 -122.131595083333,37.4551542833333,0 -122.131830383333,37.4552887833333,0 -122.1320618,37.4554231833333,0 -122.132293783333,37.4555559,0 -122.132521183333,37.4556911833333,0 -122.132748883333,37.4558281833333,0 -122.132974,37.4559653833333,0 -122.133201483333,37.4560979833333,0 -122.133430783333,37.456234,0 -122.133661783333,37.4563686833333,0 -122.133907183333,37.4565021,0 -122.134161,37.45664,0 -122.1344215,37.4567832833333,0 -122.134686083333,37.4569387,0 -122.134951283333,37.4570921833333,0 -122.135220883333,37.4572505,0 -122.1354962,37.4574134,0 -122.1357763,37.4575785833333,0 -122.1360544,37.4577416833333,0 -122.1363335,37.4579051833333,0 -122.136617083333,37.4580663833333,0 -122.1368956,37.4582322833333,0 -122.137176683333,37.4583974833333,0 -122.1374559,37.4585616,0 -122.1377339,37.4587239,0 -122.138009983333,37.4588844,0 -122.1382837,37.4590470833333,0 -122.138554283333,37.4592066,0 -122.1388258,37.4593671,0 -122.1390946,37.4595254833333,0 -122.1393644,37.4596847833333,0 -122.1396273,37.4598397833333,0 -122.1398906,37.4599978833333,0 -122.1401579,37.4601535833333,0 -122.1404306,37.4603073833333,0 -122.1407027,37.4604636833333,0 -122.140962283333,37.4606147,0 -122.141240983333,37.4607748833333,0 -122.1415219,37.4609359833333,0 -122.1417997,37.4611009833333,0 -122.142081383333,37.461266,0 -122.1423611,37.4614309833333,0 -122.142638083333,37.4615977833333,0 -122.142915283333,37.4617602,0 -122.1431876,37.461922,0 -122.1434651,37.4620857833333,0 -122.143744483333,37.4622457833333,0 -122.144023883333,37.4624068833333,0 -122.144302883333,37.4625715833333,0 -122.144587083333,37.4627362,0 -122.1448654,37.4629025833333,0 -122.1451444,37.4630669,0 -122.1454264,37.4632318,0 -122.145709983333,37.4633932833333,0 -122.1459947,37.4635582,0 -122.146280083333,37.4637261,0 -122.146564983333,37.4638925,0 -122.1468535,37.4640608833333,0 -122.1471384,37.4642332833333,0 -122.147425283333,37.4644009,0 -122.1477136,37.4645682,0 -122.148004083333,37.4647373,0 -122.148295,37.4649071833333,0 -122.148585283333,37.4650776,0 -122.1488783,37.4652476833333,0 -122.1491718,37.4654231,0 -122.1494641,37.4655977833333,0 -122.149764383333,37.4657703833333,0 -122.150062,37.4659454833333,0 -122.1503603,37.4661226833333,0 -122.1506573,37.4662987833333,0 -122.1509577,37.4664748,0 -122.1512582,37.4666503833333,0 -122.1515593,37.4668272833333,0 -122.151859083333,37.4670040833333,0 -122.152162783333,37.4671810833333,0 -122.1524641,37.4673574833333,0 -122.152759583333,37.4675329,0 -122.153054283333,37.4677085,0 -122.1533471,37.4678834833333,0 -122.153640683333,37.4680576,0 -122.1539376,37.4682322,0 -122.1542299,37.4684054,0 -122.154525683333,37.4685777833333,0 -122.1548211,37.4687516833333,0 -122.1551127,37.4689227,0 -122.155400583333,37.4690903833333,0 -122.155694283333,37.4692567833333,0 -122.1559742,37.469425,0 -122.156253683333,37.4695870833333,0 -122.1565274,37.4697438833333,0 -122.156794083333,37.4699007833333,0 -122.157062683333,37.4700544,0 -122.157328383333,37.4702095833333,0 -122.1575918,37.4703657,0 -122.1578568,37.4705216833333,0 -122.158125483333,37.4706802833333,0 -122.158399383333,37.4708423,0 -122.158678183333,37.4710030833333,0 -122.158960383333,37.471167,0 -122.1592413,37.4713321833333,0 -122.1595247,37.4715011833333,0 -122.1598093,37.4716677833333,0 -122.160099583333,37.4718372833333,0 -122.1603939,37.4720081833333,0 -122.1606902,37.4721788,0 -122.1609811,37.4723511833333,0 -122.1612697,37.4725229,0 -122.1615572,37.4726938,0 -122.161840983333,37.4728645,0 -122.162129683333,37.4730352833333,0 -122.1624146,37.4732106,0 -122.162699583333,37.4733945833333,0 -122.162989683333,37.4735743833333,0 -122.163283683333,37.4737517,0 -122.1635842,37.4739292,0 -122.163887583333,37.4741077833333,0 -122.1641931,37.4742840833333,0 -122.1644979,37.4744614,0 -122.164803683333,37.474642,0 -122.1651087,37.4748201,0 -122.165413583333,37.4749993,0 -122.1657215,37.4751776,0 -122.1660284,37.4753577833333,0 -122.1663319,37.4755347833333,0 -122.1666321,37.4757138,0 -122.1669284,37.4758848833333,0 -122.167221483333,37.4760559833333,0 -122.1675129,37.4762247833333,0 -122.167798583333,37.4763949,0 -122.168081483333,37.4765611833333,0 -122.168358783333,37.47673,0 -122.168629183333,37.4768996833333,0 -122.1688879,37.4770585833333,0 -122.169137383333,37.4772056833333,0 -122.1693793,37.4773435,0 -122.169620683333,37.4774772833333,0 -122.169872283333,37.4776102,0 -122.1701352,37.4777478,0 -122.170400583333,37.4778937,0 -122.170668183333,37.4780492,0 -122.170940583333,37.4782036,0 -122.171210583333,37.4783643,0 -122.1714877,37.4785234,0 -122.1717589,37.4786912,0 -122.172034483333,37.4788646,0 -122.1723049,37.4790425833333,0 -122.1725861,37.4792141,0 -122.1728731,37.4793866833333,0 -122.173162383333,37.4795591,0 -122.173456283333,37.4797324,0 -122.1737504,37.4799051,0 -122.174047583333,37.4800796,0 -122.1743438,37.4802467,0 -122.1746392,37.4804196833333,0 -122.1749384,37.4805903,0 -122.175238683333,37.4807654833333,0 -122.1755346,37.4809424,0 -122.175831783333,37.481116,0 -122.1761276,37.4812889833333,0 -122.1764251,37.4814604833333,0 -122.176720283333,37.4816272833333,0 -122.177013083333,37.4817962833333,0 -122.177311283333,37.4819638833333,0 -122.1776124,37.4821251833333,0 -122.177922183333,37.4822843,0 -122.1782347,37.4824479833333,0 -122.178554383333,37.4826025833333,0 -122.178876783333,37.4827499,0 -122.179205183333,37.4828990833333,0 -122.179536783333,37.4830427833333,0 -122.179868983333,37.4831751833333,0 -122.1802049,37.4833039833333,0 -122.1805393,37.483432,0 -122.1808773,37.4835609,0 -122.181196783333,37.4836785833333,0 -122.181516983333,37.4837892833333,0 -122.1818338,37.4838942,0 -122.1821445,37.4839918833333,0 -122.1824517,37.4840876,0 -122.1827583,37.4841809833333,0 -122.1830599,37.4842717,0 -122.183362283333,37.4843608833333,0 -122.1836713,37.4844465833333,0 -122.183983783333,37.4845293833333,0 -122.184301583333,37.4846101833333,0 -122.184619683333,37.4846884,0 -122.184935183333,37.4847685,0 -122.1852504,37.4848445,0 -122.1855685,37.4849148833333,0 -122.185884083333,37.4849833,0 -122.186200983333,37.4850501,0 -122.186513383333,37.4851140833333,0 -122.1868249,37.4851783,0 -122.1871375,37.4852375833333,0 -122.187451883333,37.4852893833333,0 -122.1877766,37.4853369,0 -122.188109983333,37.4853841833333,0 -122.1884567,37.4854421,0 -122.188810583333,37.4854932,0 -122.1891698,37.4855439,0 -122.189538283333,37.485593,0 -122.189914,37.4856442,0 -122.190287283333,37.4856995833333,0 -122.190658983333,37.4857544833333,0 -122.1910318,37.4858064,0 -122.1914062,37.4858546833333,0 -122.1917774,37.4859002833333,0 -122.192149983333,37.4859494,0 -122.192519883333,37.4859956833333,0 -122.192888683333,37.4860423,0 -122.193255883333,37.4860881833333,0 -122.193618483333,37.4861290833333,0 -122.1939763,37.4861733833333,0 -122.194331083333,37.4862181,0 -122.1946788,37.4862599,0 -122.195021683333,37.4863065833333,0 -122.195361183333,37.4863487,0 -122.195697183333,37.4863880833333,0 -122.196026083333,37.4864296,0 -122.1963503,37.4864663833333,0 -122.196661883333,37.4865064833333,0 -122.196965183333,37.4865463,0 -122.197264383333,37.4865856833333,0 -122.1975544,37.4866233833333,0 -122.1978399,37.4866577,0 -122.198124583333,37.486693,0 -122.1984159,37.4867307,0 -122.1987012,37.4867635,0 -122.198987983333,37.4867988,0 -122.1992737,37.4868341833333,0 -122.1995588,37.4868682833333,0 -122.199847,37.4869054833333,0 -122.2001281,37.4869388833333,0 -122.200413983333,37.4869727,0 -122.2007049,37.4870018,0 -122.201003983333,37.4870337833333,0 -122.2013033,37.4870637,0 -122.201604383333,37.4870968833333,0 -122.2019128,37.4871324,0 -122.202221483333,37.4871708,0 -122.202528583333,37.4872104,0 -122.2028374,37.4872446833333,0 -122.2031424,37.4872827,0 -122.203449,37.4873217,0 -122.2037583,37.4873576833333,0 -122.204074083333,37.4873959833333,0 -122.204397983333,37.4874360833333,0 -122.2047314,37.4874778,0 -122.2050715,37.4875194833333,0 -122.2054128,37.4875686833333,0 -122.2057535,37.4876173833333,0 -122.2060953,37.4876685833333,0 -122.2064364,37.4877188,0 -122.206777283333,37.4877669833333,0 -122.207124383333,37.487813,0 -122.207472483333,37.4878663,0 -122.207825283333,37.4879172833333,0 -122.208177383333,37.4879733,0 -122.208533,37.4880347,0 -122.208885883333,37.4880988833333,0 -122.209241,37.4881683833333,0 -122.209594183333,37.488233,0 -122.2099429,37.4883073,0 -122.210293183333,37.4883804833333,0 -122.210639583333,37.4884575833333,0 -122.210977283333,37.4885355833333,0 -122.211314283333,37.4886187,0 -122.211649483333,37.4887014833333,0 -122.2119799,37.4887934833333,0 -122.212308883333,37.4888888833333,0 -122.2126341,37.4889823,0 -122.2129594,37.48908,0 -122.213278983333,37.4891804,0 -122.2135992,37.4892826,0 -122.213919783333,37.4893927,0 -122.214235583333,37.489505,0 -122.214556583333,37.4896182833333,0 -122.214875883333,37.4897357833333,0 -122.2151996,37.4898571,0 -122.2155244,37.4899778833333,0 -122.2158442,37.4901055833333,0 -122.216166783333,37.4902342833333,0 -122.216487583333,37.4903687833333,0 -122.2168084,37.4905107,0 -122.217127183333,37.4906527833333,0 -122.2174403,37.4907913833333,0 -122.217746183333,37.4909330833333,0 -122.218051283333,37.4910703833333,0 -122.218350283333,37.491204,0 -122.2186448,37.4913335,0 -122.2189362,37.4914636,0 -122.219218983333,37.4915888,0 -122.2194977,37.4917109,0 -122.2197735,37.49183,0 -122.220049283333,37.4919583,0 -122.220331583333,37.4920826833333,0 -122.2206146,37.492207,0 -122.2208992,37.492333,0 -122.221181783333,37.4924608833333,0 -122.221465683333,37.4925859,0 -122.2217511,37.4927125833333,0 -122.222037783333,37.492842,0 -122.2223299,37.4929704833333,0 -122.2226292,37.4930996,0 -122.222928483333,37.4932317833333,0 -122.223228383333,37.4933626833333,0 -122.223528783333,37.4934920833333,0 -122.2238334,37.4936173833333,0 -122.224135383333,37.4937413,0 -122.2244395,37.4938550833333,0 -122.224742883333,37.4939698,0 -122.2250479,37.4940774,0 -122.225355883333,37.4941851833333,0 -122.2256615,37.4942927833333,0 -122.2259686,37.4943967,0 -122.226276483333,37.4944960833333,0 -122.226585783333,37.4945949,0 -122.226900083333,37.4946900833333,0 -122.227218683333,37.4947871833333,0 -122.2275359,37.4948793,0 -122.227855883333,37.4949684833333,0 -122.2281767,37.4950597833333,0 -122.228503,37.4951527833333,0 -122.228828183333,37.4952465,0 -122.2291534,37.4953353,0 -122.229476,37.4954253,0 -122.229801483333,37.4955114833333,0 -122.230124283333,37.4956005,0 -122.230443683333,37.4956858833333,0 -122.2307662,37.4957729833333,0 -122.231087583333,37.4958641833333,0 -122.231405883333,37.4959563833333,0 -122.2317256,37.4960505,0 -122.232046283333,37.4961412833333,0 -122.232363383333,37.4962303,0 -122.232681483333,37.4963205,0 -122.232994583333,37.4964100833333,0 -122.233315383333,37.4965021,0 -122.2336339,37.4965931833333,0 -122.233955683333,37.4966841,0 -122.2342849,37.4967766833333,0 -122.234611483333,37.4968758833333,0 -122.234936083333,37.4969808,0 -122.235257583333,37.4970921,0 -122.2355759,37.4972081,0 -122.235899383333,37.4973349833333,0 -122.236224383333,37.4974650833333,0 -122.2365467,37.4976035833333,0 -122.236859483333,37.4977475,0 -122.237171283333,37.4978977833333,0 -122.2374747,37.4980560833333,0 -122.2377725,37.4982204,0 -122.2380636,37.4983903833333,0 -122.238347783333,37.4985704833333,0 -122.238621683333,37.4987629833333,0 -122.238895483333,37.4989597,0 -122.2391604,37.4991661833333,0 -122.2394204,37.4993791833333,0 -122.239679183333,37.4995992833333,0 -122.2399316,37.4998209833333,0 -122.2401877,37.5000463,0 -122.2404424,37.5002694,0 -122.240698683333,37.5005007,0 -122.240953583333,37.5007318833333,0 -122.241210683333,37.5009624833333,0 -122.2414688,37.5011940833333,0 -122.2417243,37.5014193,0 -122.241979583333,37.5016466,0 -122.2422324,37.5018716,0 -122.2424802,37.5020953,0 -122.2427294,37.502315,0 -122.2429865,37.5025375833333,0 -122.2432287,37.5027534,0 -122.2434728,37.5029667,0 -122.243708283333,37.5031779833333,0 -122.243945983333,37.5033861,0 -122.244176183333,37.5035912833333,0 -122.244407883333,37.5037936,0 -122.2446319,37.5039923,0 -122.244853583333,37.5041847833333,0 -122.245074383333,37.5043762833333,0 -122.245288283333,37.5045712,0 -122.245508083333,37.5047666,0 -122.245728983333,37.5049629,0 -122.245947483333,37.505152,0 -122.2461648,37.5053421,0 -122.2463745,37.5055331,0 -122.2465832,37.5057191,0 -122.246791583333,37.5059042833333,0 -122.2470028,37.5060891833333,0 -122.2472079,37.506273,0 -122.2474184,37.5064538,0 -122.247626283333,37.5066389833333,0 -122.2478387,37.5068216,0 -122.248050383333,37.5070083,0 -122.2482588,37.5071945833333,0 -122.2484661,37.5073804,0 -122.2486703,37.5075624833333,0 -122.2488742,37.5077463,0 -122.249082083333,37.5079319,0 -122.249293383333,37.5081193833333,0 -122.249505283333,37.5083077,0 -122.249719983333,37.5084970833333,0 -122.2499348,37.5086903833333,0 -122.2501503,37.508878,0 -122.250365783333,37.5090703833333,0 -122.250577183333,37.5092554,0 -122.250783683333,37.5094379,0 -122.250987383333,37.5096197,0 -122.251192083333,37.5098010833333,0 -122.2513954,37.5099785833333,0 -122.251599783333,37.5101589,0 -122.2518033,37.5103342833333,0 -122.2520116,37.5105186833333,0 -122.252216783333,37.5106964,0 -122.2524231,37.5108765,0 -122.252627583333,37.5110535833333,0 -122.252827883333,37.5112357,0 -122.2530277,37.5114115,0 -122.2532237,37.5115882833333,0 -122.2534179,37.5117612,0 -122.253617583333,37.5119303,0 -122.2538145,37.5121041,0 -122.2540091,37.5122707,0 -122.2542124,37.5124362,0 -122.2544191,37.5126030833333,0 -122.254631583333,37.5127798833333,0 -122.2548438,37.5129633,0 -122.255063183333,37.5131494833333,0 -122.255283583333,37.513339,0 -122.2554975,37.5135308833333,0 -122.255711383333,37.5137211833333,0 -122.2559234,37.5139088833333,0 -122.256135283333,37.5140906833333,0 -122.256344983333,37.5142718833333,0 -122.2565598,37.514459,0 -122.256772683333,37.5146502833333,0 -122.2569823,37.5148366,0 -122.2571968,37.5150249,0 -122.2574093,37.5152154833333,0 -122.257621783333,37.5154039,0 -122.2578352,37.5155942833333,0 -122.258052383333,37.51579,0 -122.258270683333,37.5159801,0 -122.2584868,37.5161725833333,0 -122.2587017,37.5163593833333,0 -122.258914883333,37.5165426,0 -122.259128,37.5167283833333,0 -122.2593391,37.5169094,0 -122.2595472,37.5170948,0 -122.2597542,37.5172789,0 -122.259961083333,37.5174609833333,0 -122.2601721,37.5176435833333,0 -122.260381683333,37.5178240833333,0 -122.2605889,37.5180087833333,0 -122.260803983333,37.5182002833333,0 -122.2610123,37.5183863833333,0 -122.2612232,37.5185747,0 -122.261437783333,37.5187640833333,0 -122.2616526,37.5189550833333,0 -122.2618716,37.5191501833333,0 -122.2620902,37.5193437,0 -122.262310983333,37.5195402,0 -122.2625325,37.519736,0 -122.2627496,37.5199290833333,0 -122.262969483333,37.5201177,0 -122.2631867,37.5203112,0 -122.2634101,37.5204979,0 -122.2636303,37.5206932833333,0 -122.2638515,37.52089,0 -122.264071,37.5210782833333,0 -122.264292683333,37.5212761,0 -122.264511683333,37.5214726833333,0 -122.264732683333,37.5216643833333,0 -122.2649535,37.5218609,0 -122.2651757,37.5220546833333,0 -122.2653992,37.5222478,0 -122.265618083333,37.5224448,0 -122.2658413,37.5226419833333,0 -122.266064783333,37.5228413833333,0 -122.266287,37.5230334833333,0 -122.2665039,37.5232267,0 -122.266718983333,37.5234223,0 -122.2669336,37.5236160833333,0 -122.267148,37.5238061,0 -122.2673639,37.5239986833333,0 -122.267580683333,37.5241951,0 -122.267799983333,37.5243900833333,0 -122.2680124,37.5245833,0 -122.268226483333,37.5247791833333,0 -122.2684423,37.5249744833333,0 -122.268654983333,37.5251581833333,0 -122.268869383333,37.5253482833333,0 -122.269090883333,37.5255397833333,0 -122.269307483333,37.525727,0 -122.2695144,37.5259088,0 -122.2697227,37.5260965,0 -122.269937683333,37.5262776,0 -122.270150983333,37.5264725833333,0 -122.270370283333,37.5266658833333,0 -122.270582083333,37.5268556833333,0 -122.270793283333,37.5270411833333,0 -122.271006983333,37.5272264833333,0 -122.271220783333,37.5274136,0 -122.2714428,37.5276106833333,0 -122.2716628,37.5278041833333,0 -122.2718835,37.5280014,0 -122.272103983333,37.5282014,0 -122.272326583333,37.5284029,0 -122.272555183333,37.5286039,0 -122.272790083333,37.528807,0</coordinates>
         </LineString>
      </Placemark>
      <Placemark>
         <Snippet maxLines="0"> </Snippet>
         <description>1, UTC 22:27:44
37.4280516,-122.0699308,EA3.8m
Alt -38.8 m, EA 1.0 m
Vel 0.0,0.0, EA 0.00 m/s</description>
         <Style>
            <IconStyle>
               <Icon>
                  <href>http://maps.google.com/mapfiles/kml/shapes/shaded_dot.png</href>
               </Icon>
               <scale>0.6</scale>
               <color>bfed8548</color>
            </IconStyle>
         </Style>
         <Point>
            <coordinates>-122.069930783333,37.4280516,0</coordinates>
         </Point>
      </Placemark>
      <Placemark>
         <Snippet maxLines="0"> </Snippet>
         <description>2, UTC 22:27:45
37.4280515,-122.0699308,EA3.8m
Alt -38.8 m, EA 1.0 m
Vel 0.0,0.0, EA 0.00 m/s</description>
         <Style>
            <IconStyle>
               <Icon>
                  <href>http://maps.google.com/mapfiles/kml/shapes/shaded_dot.png</href>
               </Icon>
               <scale>0.6</scale>
               <color>bfed8548</color>
            </IconStyle>
         </Style>
         <Point>
            <coordinates>-122.069930783333,37.4280515,0</coordinates>
         </Point>
      </Placemark>
      <Placemark>
         <Snippet maxLines="0"> </Snippet>
         <description>3, UTC 22:27:46
37.4280515,-122.0699308,EA3.8m
Alt -38.8 m, EA 1.0 m
Vel 0.0,0.0, EA 0.00 m/s</description>
         <Style>
            <IconStyle>
               <Icon>
                  <href>http://maps.google.com/mapfiles/kml/shapes/shaded_dot.png</href>
               </Icon>
               <scale>0.6</scale>
               <color>bfed8548</color>
            </IconStyle>
         </Style>
         <Point>
            <coordinates>-122.069930783333,37.4280515,0</coordinates>
         </Point>
      </Placemark>
      <Placemark>
         <Snippet maxLines="0"> </Snippet>
         <description>4, UTC 22:27:47
37.4280515,-122.0699308,EA3.8m
Alt -38.8 m, EA 1.0 m
Vel 0.0,0.0, EA 0.00 m/s</description>
         <Style>
            <IconStyle>
               <Icon>
                  <href>http://maps.google.com/mapfiles/kml/shapes/shaded_dot.png</href>
               </Icon>
               <scale>0.6</scale>
               <color>bfed8548</color>
            </IconStyle>
         </Style>
         <Point>
            <coordinates>-122.069930783333,37.4280515,0</coordinates>
         </Point>
      </Placemark>
      <Placemark>
         <Snippet maxLines="0"> </Snippet>
         <description>5, UTC 22:27:48
37.4280514,-122.0699308,EA3.8m
Alt -38.8 m, EA 1.0 m
Vel 0.0,0.0, EA 0.00 m/s</description>
         <Style>
            <IconStyle>
               <Icon>
                  <href>http://maps.google.com/mapfiles/kml/shapes/shaded_dot.png</href>
               </Icon>
               <scale>0.6</scale>
               <color>bfed8548</color>
            </IconStyle>
         </Style>
         <Point>
            <coordinates>-122.069930783333,37.4280514,0</coordinates>
         </Point>
      </Placemark>
      <Placemark>
         <Snippet maxLines="0"> </Snippet>
         <description>6, UTC 22:27:49
37.4280514,-122.0699308,EA3.8m
Alt -38.8 m, EA 1.0 m
Vel 0.0,0.0, EA 0.00 m/s</description>
         <Style>
            <IconStyle>
               <Icon>
                  <href>http://maps.google.com/mapfiles/kml/shapes/shaded_dot.png</href>
               </Icon>
               <scale>0.6</scale>
               <color>bfed8548</color>
            </IconStyle>
         </Style>
         <Point>
            <coordinates>-122.069930783333,37.4280514,0</coordinates>
         </Point>
      </Placemark>
      <Placemark>
         <Snippet maxLines="0"> </Snippet>
         <description>7, UTC 22:27:50
37.4280514,-122.0699308,EA3.8m
Alt -38.8 m, EA 1.0 m
Vel 0.0,0.0, EA 0.00 m/s</description>
         <Style>
            <IconStyle>
               <Icon>
                  <href>http://maps.google.com/mapfiles/kml/shapes/shaded_dot.png</href>
               </Icon>
               <scale>0.6</scale>
               <color>bfed8548</color>
            </IconStyle>
         </Style>
         <Point>
            <coordinates>-122.069930783333,37.4280514,0</coordinates>
         </Point>
      </Placemark>
      <Placemark>
         <Snippet maxLines="0"> </Snippet>
         <description>8, UTC 22:27:51
37.4280514,-122.0699308,EA3.8m
Alt -38.8 m, EA 1.0 m
Vel 0.0,0.0, EA 0.00 m/s</description>
         <Style>
            <IconStyle>
               <Icon>
                  <href>http://maps.google.com/mapfiles/kml/shapes/shaded_dot.png</href>
               </Icon>
               <scale>0.6</scale>
               <color>bfed8548</color>
            </IconStyle>
         </Style>
         <Point>
            <coordinates>-122.069930783333,37.4280514,0</coordinates>
         </Point>
      </Placemark>
      <Placemark>
         <Snippet maxLines="0"> </Snippet>
         <description>9, UTC 22:27:52
37.4280514,-122.0699308,EA3.8m
Alt -38.8 m, EA 1.0 m
Vel 0.0,0.0, EA 0.00 m/s</description>
         <Style>
            <IconStyle>
               <Icon>
                  <href>http://maps.google.com/mapfiles/kml/shapes/shaded_dot.png</href>
               </Icon>
               <scale>0.6</scale>
               <color>bfed8548</color>
            </IconStyle>
         </Style>
         <Point>
            <coordinates>-122.069930783333,37.4280514,0</coordinates>
         </Point>
      </Placemark>
      <Placemark>
         <Snippet maxLines="0"> </Snippet>
         <description>10, UTC 22:27:53
37.4280513,-122.0699308,EA3.8m
Alt -38.8 m, EA 1.0 m
Vel 0.0,0.0, EA 0.00 m/s</description>
         <Style>
            <IconStyle>
               <Icon>
                  <href>http://maps.google.com/mapfiles/kml/shapes/shaded_dot.png</href>
               </Icon>
               <scale>0.6</scale>
               <color>bfed8548</color>
            </IconStyle>
         </Style>
         <Point>
            <coordinates>-122.069930783333,37.4280512833333,0</coordinates>
         </Point>
      </Placemark>
      <Placemark>
         <Snippet maxLines="0"> </Snippet>
         <description>11, UTC 22:27:54
37.4280513,-122.0699308,EA3.8m
Alt -38.8 m, EA 1.0 m
Vel 0.0,0.0, EA 0.00 m/s</description>
         <Style>
            <IconStyle>
               <Icon>
                  <href>http://maps.google.com/mapfiles/kml/shapes/shaded_dot.png</href>
               </Icon>
               <scale>0.6</scale>
               <color>bfed8548</color>
            </IconStyle>
         </Style>
         <Point>
            <coordinates>-122.069930783333,37.4280512833333,0</coordinates>
         </Point>
      </Placemark>
      <Placemark>
         <Snippet maxLines="0"> </Snippet>
         <description>12, UTC 22:27:55
37.4280513,-122.0699308,EA3.8m
Alt -38.9 m, EA 1.0 m
Vel 0.0,0.0, EA 0.00 m/s</description>
         <Style>
            <IconStyle>
               <Icon>
                  <href>http://maps.google.com/mapfiles/kml/shapes/shaded_dot.png</href>
               </Icon>
               <scale>0.6</scale>
               <color>bfed8548</color>
            </IconStyle>
         </Style>
         <Point>
            <coordinates>-122.069930783333,37.4280512833333,0</coordinates>
         </Point>
      </Placemark>
      <Placemark>
         <Snippet maxLines="0"> </Snippet>
         <description>13, UTC 22:27:56
37.4280513,-122.0699308,EA3.8m
Alt -38.9 m, EA 1.0 m
Vel 0.0,0.0, EA 0.00 m/s</description>
         <Style>
            <IconStyle>
               <Icon>
                  <href>http://maps.google.com/mapfiles/kml/shapes/shaded_dot.png</href>
               </Icon>
               <scale>0.6</scale>
               <color>bfed8548</color>
            </IconStyle>
         </Style>
         <Point>
            <coordinates>-122.069930783333,37.4280512833333,0</coordinates>
         </Point>
      </Placemark>
      <Placemark>
         <Snippet maxLines="0"> </Snippet>
         <description>14, UTC 22:27:57
37.4280489,-122.0699291,EA3.8m
Alt -38.7 m, EA 1.0 m
Vel 0.0,0.0, EA 0.00 m/s</description>
         <Style>
            <IconStyle>
               <Icon>
                  <href>http://maps.google.com/mapfiles/kml/shapes/shaded_dot.png</href>
               </Icon>
               <scale>0.6</scale>
               <color>bfed8548</color>
            </IconStyle>
         </Style>
         <Point>
            <coordinates>-122.069929083333,37.4280489,0</coordinates>
         </Point>
      </Placemark>
      <Placemark>
         <Snippet maxLines="0"> </Snippet>
         <description>15, UTC 22:27:58
37.4280469,-122.0699300,EA3.8m
Alt -38.7 m, EA 1.0 m
Vel 0.0,0.0, EA 0.00 m/s</description>
         <Style>
            <IconStyle>
               <Icon>
                  <href>http://maps.google.com/mapfiles/kml/shapes/shaded_dot.png</href>
               </Icon>
               <scale>0.6</scale>
               <color>bfed8548</color>
            </IconStyle>
         </Style>
         <Point>
            <coordinates>-122.069929983333,37.4280468833333,0</coordinates>
         </Point>
      </Placemark>
      <Placemark>
         <Snippet maxLines="0"> </Snippet>
         <description>16, UTC 22:27:59
37.4280456,-122.0699269,EA3.8m
Alt -38.6 m, EA 1.0 m
Vel 0.0,0.0, EA 0.00 m/s</description>
         <Style>
            <IconStyle>
               <Icon>
                  <href>http://maps.google.com/mapfiles/kml/shapes/shaded_dot.png</href>
               </Icon>
               <scale>0.6</scale>
               <color>bfed8548</color>
            </IconStyle>
         </Style>
         <Point>
            <coordinates>-122.069926883333,37.4280455833333,0</coordinates>
         </Point>
      </Placemark>
      <Placemark>
         <Snippet maxLines="0"> </Snippet>
         <description>17, UTC 22:28:00
37.4280422,-122.0699231,EA3.8m
Alt -38.4 m, EA 1.0 m
Vel 0.0,0.0, EA 0.00 m/s</description>
         <Style>
            <IconStyle>
               <Icon>
                  <href>http://maps.google.com/mapfiles/kml/shapes/shaded_dot.png</href>
               </Icon>
               <scale>0.6</scale>
               <color>bfed8548</color>
            </IconStyle>
         </Style>
         <Point>
            <coordinates>-122.069923083333,37.4280422,0</coordinates>
         </Point>
      </Placemark>
      <Placemark>
         <Snippet maxLines="0"> </Snippet>
         <description>18, UTC 22:28:01
37.4280461,-122.0699257,EA3.8m
Alt -38.0 m, EA 1.0 m
Vel 0.0,0.0, EA 0.00 m/s</description>
         <Style>
            <IconStyle>
               <Icon>
                  <href>http://maps.google.com/mapfiles/kml/shapes/shaded_dot.png</href>
               </Icon>
               <scale>0.6</scale>
               <color>bfed8548</color>
            </IconStyle>
         </Style>
         <Point>
            <coordinates>-122.069925683333,37.4280461,0</coordinates>
         </Point>
      </Placemark>
      <Placemark>
         <Snippet maxLines="0"> </Snippet>
         <description>19, UTC 22:28:02
37.4280444,-122.0699242,EA3.8m
Alt -37.8 m, EA 1.0 m
Vel 0.0,0.0, EA 0.00 m/s</description>
         <Style>
            <IconStyle>
               <Icon>
                  <href>http://maps.google.com/mapfiles/kml/shapes/shaded_dot.png</href>
               </Icon>
               <scale>0.6</scale>
               <color>bfed8548</color>
            </IconStyle>
         </Style>
         <Point>
            <coordinates>-122.0699242,37.4280443833333,0</coordinates>
         </Point>
      </Placemark>
      <Placemark>
         <Snippet maxLines="0"> </Snippet>
         <description>20, UTC 22:28:03
37.4280445,-122.0699247,EA3.8m
Alt -37.7 m, EA 1.0 m
Vel 0.0,0.0, EA 0.00 m/s</description>
         <Style>
            <IconStyle>
               <Icon>
                  <href>http://maps.google.com/mapfiles/kml/shapes/shaded_dot.png</href>
               </Icon>
               <scale>0.6</scale>
               <color>bfed8548</color>
            </IconStyle>
         </Style>
         <Point>
            <coordinates>-122.0699247,37.4280444833333,0</coordinates>
         </Point>
      </Placemark>
      <Placemark>
         <Snippet maxLines="0"> </Snippet>
         <description>21, UTC 22:28:04
37.4280384,-122.0699240,EA3.8m
Alt -37.7 m, EA 1.0 m
Vel 0.0,0.0, EA 0.00 m/s</description>
         <Style>
            <IconStyle>
               <Icon>
                  <href>http://maps.google.com/mapfiles/kml/shapes/shaded_dot.png</href>
               </Icon>
               <scale>0.6</scale>
               <color>bfed8548</color>
            </IconStyle>
         </Style>
         <Point>
            <coordinates>-122.069924,37.4280383833333,0</coordinates>
         </Point>
      </Placemark>
      <Placemark>
         <Snippet maxLines="0"> </Snippet>
         <description>22, UTC 22:28:05
37.4280331,-122.0699265,EA3.8m
Alt -37.7 m, EA 1.0 m
Vel 0.0,0.0, EA 0.00 m/s</description>
         <Style>
            <IconStyle>
               <Icon>
                  <href>http://maps.google.com/mapfiles/kml/shapes/shaded_dot.png</href>
               </Icon>
               <scale>0.6</scale>
               <color>bfed8548</color>
            </IconStyle>
         </Style>
         <Point>
            <coordinates>-122.069926483333,37.4280331,0</coordinates>
         </Point>
      </Placemark>
      <Placemark>
         <Snippet maxLines="0"> </Snippet>
         <description>23, UTC 22:28:06
37.4280311,-122.0699256,EA3.8m
Alt -37.7 m, EA 1.0 m
Vel 0.0,0.0, EA 0.00 m/s</description>
         <Style>
            <IconStyle>
               <Icon>
                  <href>http://maps.google.com/mapfiles/kml/shapes/shaded_dot.png</href>
               </Icon>
               <scale>0.6</scale>
               <color>bfed8548</color>
            </IconStyle>
         </Style>
         <Point>
            <coordinates>-122.0699256,37.4280310833333,0</coordinates>
         </Point>
      </Placemark>
      <Placemark>
         <Snippet maxLines="0"> </Snippet>
         <description>24, UTC 22:28:07
37.4280286,-122.0699208,EA3.8m
Alt -37.7 m, EA 1.0 m
Vel 0.0,0.0, EA 0.00 m/s</description>
         <Style>
            <IconStyle>
               <Icon>
                  <href>http://maps.google.com/mapfiles/kml/shapes/shaded_dot.png</href>
               </Icon>
               <scale>0.6</scale>
               <color>bfed8548</color>
            </IconStyle>
         </Style>
         <Point>
            <coordinates>-122.0699208,37.4280285833333,0</coordinates>
         </Point>
      </Placemark>
      <Placemark>
         <Snippet maxLines="0"> </Snippet>
         <description>25, UTC 22:28:08
37.4280265,-122.0699185,EA3.8m
Alt -37.6 m, EA 1.0 m
Vel 0.0,0.0, EA 0.00 m/s</description>
         <Style>
            <IconStyle>
               <Icon>
                  <href>http://maps.google.com/mapfiles/kml/shapes/shaded_dot.png</href>
               </Icon>
               <scale>0.6</scale>
               <color>bfed8548</color>
            </IconStyle>
         </Style>
         <Point>
            <coordinates>-122.069918483333,37.4280265,0</coordinates>
         </Point>
      </Placemark>
      <Placemark>
         <Snippet maxLines="0"> </Snippet>
         <description>26, UTC 22:28:09
37.4280278,-122.0699193,EA3.8m
Alt -37.6 m, EA 1.0 m
Vel 0.0,0.0, EA 0.00 m/s</description>
         <Style>
            <IconStyle>
               <Icon>
                  <href>http://maps.google.com/mapfiles/kml/shapes/shaded_dot.png</href>
               </Icon>
               <scale>0.6</scale>
               <color>bfed8548</color>
            </IconStyle>
         </Style>
         <Point>
            <coordinates>-122.069919283333,37.4280278,0</coordinates>
         </Point>
      </Placemark>
      <Placemark>
         <Snippet maxLines="0"> </Snippet>
         <description>27, UTC 22:28:10
37.4280253,-122.0699188,EA3.8m
Alt -37.6 m, EA 1.0 m
Vel 0.0,0.0, EA 0.00 m/s</description>
         <Style>
            <IconStyle>
               <Icon>
                  <href>http://maps.google.com/mapfiles/kml/shapes/shaded_dot.png</href>
               </Icon>
               <scale>0.6</scale>
               <color>bfed8548</color>
            </IconStyle>
         </Style>
         <Point>
            <coordinates>-122.069918783333,37.4280253,0</coordinates>
         </Point>
      </Placemark>
      <Placemark>
         <Snippet maxLines="0"> </Snippet>
         <description>28, UTC 22:28:11
37.4280297,-122.0699227,EA3.8m
Alt -37.6 m, EA 1.0 m
Vel 0.0,0.0, EA 0.00 m/s</description>
         <Style>
            <IconStyle>
               <Icon>
                  <href>http://maps.google.com/mapfiles/kml/shapes/shaded_dot.png</href>
               </Icon>
               <scale>0.6</scale>
               <color>bfed8548</color>
            </IconStyle>
         </Style>
         <Point>
            <coordinates>-122.0699227,37.4280297,0</coordinates>
         </Point>
      </Placemark>
      <Placemark>
         <Snippet maxLines="0"> </Snippet>
         <description>29, UTC 22:28:12
37.4280314,-122.0699248,EA3.8m
Alt -37.5 m, EA 1.0 m
Vel 0.0,0.0, EA 0.00 m/s</description>
         <Style>
            <IconStyle>
               <Icon>
                  <href>http://maps.google.com/mapfiles/kml/shapes/shaded_dot.png</href>
               </Icon>
               <scale>0.6</scale>
               <color>bfed8548</color>
            </IconStyle>
         </Style>
         <Point>
            <coordinates>-122.069924783333,37.4280314,0</coordinates>
         </Point>
      </Placemark>
      <Placemark>
         <Snippet maxLines="0"> </Snippet>
         <description>30, UTC 22:28:13
37.4280309,-122.0699252,EA3.8m
Alt -37.2 m, EA 1.0 m
Vel 0.0,0.0, EA 0.00 m/s</description>
         <Style>
            <IconStyle>
               <Icon>
                  <href>http://maps.google.com/mapfiles/kml/shapes/shaded_dot.png</href>
               </Icon>
               <scale>0.6</scale>
               <color>bfed8548</color>
            </IconStyle>
         </Style>
         <Point>
            <coordinates>-122.0699252,37.4280309,0</coordinates>
         </Point>
      </Placemark>
      <Placemark>
         <Snippet maxLines="0"> </Snippet>
         <description>31, UTC 22:28:14
37.4280332,-122.0699252,EA3.8m
Alt -36.9 m, EA 1.0 m
Vel 0.0,0.0, EA 0.00 m/s</description>
         <Style>
            <IconStyle>
               <Icon>
                  <href>http://maps.google.com/mapfiles/kml/shapes/shaded_dot.png</href>
               </Icon>
               <scale>0.6</scale>
               <color>bfed8548</color>
            </IconStyle>
         </Style>
         <Point>
            <coordinates>-122.0699252,37.4280332,0</coordinates>
         </Point>
      </Placemark>
      <Placemark>
         <Snippet maxLines="0"> </Snippet>
         <description>32, UTC 22:28:15
37.4280350,-122.0699256,EA3.8m
Alt -36.7 m, EA 1.0 m
Vel 0.0,0.0, EA 0.00 m/s</description>
         <Style>
            <IconStyle>
               <Icon>
                  <href>http://maps.google.com/mapfiles/kml/shapes/shaded_dot.png</href>
               </Icon>
               <scale>0.6</scale>
               <color>bfed8548</color>
            </IconStyle>
         </Style>
         <Point>
            <coordinates>-122.0699256,37.428035,0</coordinates>
         </Point>
      </Placemark>
      <Placemark>
         <Snippet maxLines="0"> </Snippet>
         <description>33, UTC 22:28:16
37.4280345,-122.0699262,EA3.8m
Alt -36.6 m, EA 1.0 m
Vel 0.0,0.0, EA 0.00 m/s</description>
         <Style>
            <IconStyle>
               <Icon>
                  <href>http://maps.google.com/mapfiles/kml/shapes/shaded_dot.png</href>
               </Icon>
               <scale>0.6</scale>
               <color>bfed8548</color>
            </IconStyle>
         </Style>
         <Point>
            <coordinates>-122.069926183333,37.4280345,0</coordinates>
         </Point>
      </Placemark>
      <Placemark>
         <Snippet maxLines="0"> </Snippet>
         <description>34, UTC 22:28:17
37.4280351,-122.0699264,EA3.8m
Alt -36.5 m, EA 1.0 m
Vel 0.0,0.0, EA 0.00 m/s</description>
         <Style>
            <IconStyle>
               <Icon>
                  <href>http://maps.google.com/mapfiles/kml/shapes/shaded_dot.png</href>
               </Icon>
               <scale>0.6</scale>
               <color>bfed8548</color>
            </IconStyle>
         </Style>
         <Point>
            <coordinates>-122.069926383333,37.4280351,0</coordinates>
         </Point>
      </Placemark>
      <Placemark>
         <Snippet maxLines="0"> </Snippet>
         <description>35, UTC 22:28:18
37.4280352,-122.0699263,EA3.8m
Alt -36.5 m, EA 1.0 m
Vel 0.0,0.0, EA 0.00 m/s</description>
         <Style>
            <IconStyle>
               <Icon>
                  <href>http://maps.google.com/mapfiles/kml/shapes/shaded_dot.png</href>
               </Icon>
               <scale>0.6</scale>
               <color>bfed8548</color>
            </IconStyle>
         </Style>
         <Point>
            <coordinates>-122.0699263,37.4280351833333,0</coordinates>
         </Point>
      </Placemark>
      <Placemark>
         <Snippet maxLines="0"> </Snippet>
         <description>36, UTC 22:28:19
37.4280352,-122.0699262,EA3.8m
Alt -36.5 m, EA 1.0 m
Vel 0.0,0.0, EA 0.00 m/s</description>
         <Style>
            <IconStyle>
               <Icon>
                  <href>http://maps.google.com/mapfiles/kml/shapes/shaded_dot.png</href>
               </Icon>
               <scale>0.6</scale>
               <color>bfed8548</color>
            </IconStyle>
         </Style>
         <Point>
            <coordinates>-122.069926183333,37.4280351833333,0</coordinates>
         </Point>
      </Placemark>
      <Placemark>
         <Snippet maxLines="0"> </Snippet>
         <description>37, UTC 22:28:20
37.4280352,-122.0699261,EA3.8m
Alt -36.5 m, EA 1.0 m
Vel 0.0,0.0, EA 0.00 m/s</description>
         <Style>
            <IconStyle>
               <Icon>
                  <href>http://maps.google.com/mapfiles/kml/shapes/shaded_dot.png</href>
               </Icon>
               <scale>0.6</scale>
               <color>bfed8548</color>
            </IconStyle>
         </Style>
         <Point>
            <coordinates>-122.0699261,37.4280351833333,0</coordinates>
         </Point>
      </Placemark>
      <Placemark>
         <Snippet maxLines="0"> </Snippet>
         <description>38, UTC 22:28:21
37.4280352,-122.0699261,EA3.8m
Alt -36.5 m, EA 1.0 m
Vel 0.0,0.0, EA 0.00 m/s</description>
         <Style>
            <IconStyle>
               <Icon>
                  <href>http://maps.google.com/mapfiles/kml/shapes/shaded_dot.png</href>
               </Icon>
               <scale>0.6</scale>
               <color>bfed8548</color>
            </IconStyle>
         </Style>
         <Point>
            <coordinates>-122.0699261,37.4280351833333,0</coordinates>
         </Point>
      </Placemark>
      <Placemark>
         <Snippet maxLines="0"> </Snippet>
         <description>39, UTC 22:28:22
37.4280352,-122.0699261,EA3.8m
Alt -36.5 m, EA 1.0 m
Vel 0.0,0.0, EA 0.00 m/s</description>
         <Style>
            <IconStyle>
               <Icon>
                  <href>http://maps.google.com/mapfiles/kml/shapes/shaded_dot.png</href>
               </Icon>
               <scale>0.6</scale>
               <color>bfed8548</color>
            </IconStyle>
         </Style>
         <Point>
            <coordinates>-122.0699261,37.4280351833333,0</coordinates>
         </Point>
      </Placemark>
      <Placemark>
         <Snippet maxLines="0"> </Snippet>
         <description>40, UTC 22:28:23
37.4280382,-122.0699225,EA3.8m
Alt -35.6 m, EA 1.0 m
Vel 0.0,0.0, EA 0.00 m/s</description>
         <Style>
            <IconStyle>
               <Icon>
                  <href>http://maps.google.com/mapfiles/kml/shapes/shaded_dot.png</href>
               </Icon>
               <scale>0.6</scale>
               <color>bfed8548</color>
            </IconStyle>
         </Style>
         <Point>
            <coordinates>-122.0699225,37.4280382,0</coordinates>
         </Point>
      </Placemark>
      <Placemark>
         <Snippet maxLines="0"> </Snippet>
         <description>41, UTC 22:28:24
37.4280381,-122.0699257,EA3.8m
Alt -35.7 m, EA 1.0 m
Vel 0.0,0.0, EA 0.00 m/s</description>
         <Style>
            <IconStyle>
               <Icon>
                  <href>http://maps.google.com/mapfiles/kml/shapes/shaded_dot.png</href>
               </Icon>
               <scale>0.6</scale>
               <color>bfed8548</color>
            </IconStyle>
         </Style>
         <Point>
            <coordinates>-122.069925683333,37.4280381,0</coordinates>
         </Point>
      </Placemark>
      <Placemark>
         <Snippet maxLines="0"> </Snippet>
         <description>42, UTC 22:28:25
37.4280372,-122.0699254,EA3.8m
Alt -35.7 m, EA 1.0 m
Vel 0.0,0.0, EA 0.00 m/s</description>
         <Style>
            <IconStyle>
               <Icon>
                  <href>http://maps.google.com/mapfiles/kml/shapes/shaded_dot.png</href>
               </Icon>
               <scale>0.6</scale>
               <color>bfed8548</color>
            </IconStyle>
         </Style>
         <Point>
            <coordinates>-122.0699254,37.4280371833333,0</coordinates>
         </Point>
      </Placemark>
      <Placemark>
         <Snippet maxLines="0"> </Snippet>
         <description>43, UTC 22:28:26
37.4280366,-122.0699239,EA3.8m
Alt -35.1 m, EA 1.0 m
Vel 0.0,0.0, EA 0.00 m/s</description>
         <Style>
            <IconStyle>
               <Icon>
                  <href>http://maps.google.com/mapfiles/kml/shapes/shaded_dot.png</href>
               </Icon>
               <scale>0.6</scale>
               <color>bfed8548</color>
            </IconStyle>
         </Style>
         <Point>
            <coordinates>-122.0699239,37.4280365833333,0</coordinates>
         </Point>
      </Placemark>
      <Placemark>
         <Snippet maxLines="0"> </Snippet>
         <description>44, UTC 22:28:27
37.4280370,-122.0699227,EA3.8m
Alt -34.7 m, EA 1.0 m
Vel 0.0,0.0, EA 0.00 m/s</description>
         <Style>
            <IconStyle>
               <Icon>
                  <href>http://maps.google.com/mapfiles/kml/shapes/shaded_dot.png</href>
               </Icon>
               <scale>0.6</scale>
               <color>bfed8548</color>
            </IconStyle>
         </Style>
         <Point>
            <coordinates>-122.0699227,37.428037,0</coordinates>
         </Point>
      </Placemark>
      <Placemark>
         <Snippet maxLines="0"> </Snippet>
         <description>45, UTC 22:28:28
37.4280372,-122.0699223,EA3.8m
Alt -34.0 m, EA 1.0 m
Vel 0.0,0.0, EA 0.00 m/s</description>
         <Style>
            <IconStyle>
               <Icon>
                  <href>http://maps.google.com/mapfiles/kml/shapes/shaded_dot.png</href>
               </Icon>
               <scale>0.6</scale>
               <color>bfed8548</color>
            </IconStyle>
         </Style>
         <Point>
            <coordinates>-122.0699223,37.4280371833333,0</coordinates>
         </Point>
      </Placemark>
      <Placemark>
         <Snippet maxLines="0"> </Snippet>
         <description>46, UTC 22:28:29
37.4280366,-122.0699197,EA3.8m
Alt -33.6 m, EA 1.0 m
Vel 0.0,0.0, EA 0.00 m/s</description>
         <Style>
            <IconStyle>
               <Icon>
                  <href>http://maps.google.com/mapfiles/kml/shapes/shaded_dot.png</href>
               </Icon>
               <scale>0.6</scale>
               <color>bfed8548</color>
            </IconStyle>
         </Style>
         <Point>
            <coordinates>-122.069919683333,37.4280365833333,0</coordinates>
         </Point>
      </Placemark>
      <Placemark>
         <Snippet maxLines="0"> </Snippet>
         <description>47, UTC 22:28:30
37.4280367,-122.0699183,EA3.8m
Alt -33.7 m, EA 1.0 m
Vel 0.0,0.0, EA 0.00 m/s</description>
         <Style>
            <IconStyle>
               <Icon>
                  <href>http://maps.google.com/mapfiles/kml/shapes/shaded_dot.png</href>
               </Icon>
               <scale>0.6</scale>
               <color>bfed8548</color>
            </IconStyle>
         </Style>
         <Point>
            <coordinates>-122.069918283333,37.4280366833333,0</coordinates>
         </Point>
      </Placemark>
      <Placemark>
         <Snippet maxLines="0"> </Snippet>
         <description>48, UTC 22:28:31
37.4280369,-122.0699179,EA3.8m
Alt -33.5 m, EA 1.0 m
Vel 0.0,0.0, EA 0.00 m/s</description>
         <Style>
            <IconStyle>
               <Icon>
                  <href>http://maps.google.com/mapfiles/kml/shapes/shaded_dot.png</href>
               </Icon>
               <scale>0.6</scale>
               <color>bfed8548</color>
            </IconStyle>
         </Style>
         <Point>
            <coordinates>-122.069917883333,37.4280369,0</coordinates>
         </Point>
      </Placemark>
      <Placemark>
         <Snippet maxLines="0"> </Snippet>
         <description>49, UTC 22:28:32
37.4280362,-122.0699182,EA3.8m
Alt -33.4 m, EA 1.0 m
Vel 0.0,0.0, EA 0.00 m/s</description>
         <Style>
            <IconStyle>
               <Icon>
                  <href>http://maps.google.com/mapfiles/kml/shapes/shaded_dot.png</href>
               </Icon>
               <scale>0.6</scale>
               <color>bfed8548</color>
            </IconStyle>
         </Style>
         <Point>
            <coordinates>-122.0699182,37.4280362,0</coordinates>
         </Point>
      </Placemark>
      <Placemark>
         <Snippet maxLines="0"> </Snippet>
         <description>50, UTC 22:28:33
37.4280344,-122.0699170,EA3.8m
Alt -33.5 m, EA 1.0 m
Vel 0.0,0.0, EA 0.00 m/s</description>
         <Style>
            <IconStyle>
               <Icon>
                  <href>http://maps.google.com/mapfiles/kml/shapes/shaded_dot.png</href>
               </Icon>
               <scale>0.6</scale>
               <color>bfed8548</color>
            </IconStyle>
         </Style>
         <Point>
            <coordinates>-122.069917,37.4280344,0</coordinates>
         </Point>
      </Placemark>
      <Placemark>
         <Snippet maxLines="0"> </Snippet>
         <description>51, UTC 22:28:34
37.4280347,-122.0699163,EA3.8m
Alt -33.2 m, EA 1.0 m
Vel 0.0,0.0, EA 0.00 m/s</description>
         <Style>
            <IconStyle>
               <Icon>
                  <href>http://maps.google.com/mapfiles/kml/shapes/shaded_dot.png</href>
               </Icon>
               <scale>0.6</scale>
               <color>bfed8548</color>
            </IconStyle>
         </Style>
         <Point>
            <coordinates>-122.0699163,37.4280346833333,0</coordinates>
         </Point>
      </Placemark>
      <Placemark>
         <Snippet maxLines="0"> </Snippet>
         <description>52, UTC 22:28:35
37.4280354,-122.0699155,EA3.8m
Alt -33.2 m, EA 1.0 m
Vel 0.0,0.0, EA 0.00 m/s</description>
         <Style>
            <IconStyle>
               <Icon>
                  <href>http://maps.google.com/mapfiles/kml/shapes/shaded_dot.png</href>
               </Icon>
               <scale>0.6</scale>
               <color>bfed8548</color>
            </IconStyle>
         </Style>
         <Point>
            <coordinates>-122.069915483333,37.4280353833333,0</coordinates>
         </Point>
      </Placemark>
      <Placemark>
         <Snippet maxLines="0"> </Snippet>
         <description>53, UTC 22:28:36
37.4280357,-122.0699154,EA3.8m
Alt -33.2 m, EA 1.0 m
Vel 0.0,0.0, EA 0.00 m/s</description>
         <Style>
            <IconStyle>
               <Icon>
                  <href>http://maps.google.com/mapfiles/kml/shapes/shaded_dot.png</href>
               </Icon>
               <scale>0.6</scale>
               <color>bfed8548</color>
            </IconStyle>
         </Style>
         <Point>
            <coordinates>-122.069915383333,37.4280357,0</coordinates>
         </Point>
      </Placemark>
      <Placemark>
         <Snippet maxLines="0"> </Snippet>
         <description>54, UTC 22:28:37
37.4280359,-122.0699153,EA3.8m
Alt -33.2 m, EA 1.0 m
Vel 0.0,0.0, EA 0.00 m/s</description>
         <Style>
            <IconStyle>
               <Icon>
                  <href>http://maps.google.com/mapfiles/kml/shapes/shaded_dot.png</href>
               </Icon>
               <scale>0.6</scale>
               <color>bfed8548</color>
            </IconStyle>
         </Style>
         <Point>
            <coordinates>-122.0699153,37.4280358833333,0</coordinates>
         </Point>
      </Placemark>
      <Placemark>
         <Snippet maxLines="0"> </Snippet>
         <description>55, UTC 22:28:38
37.4280360,-122.0699154,EA3.8m
Alt -33.2 m, EA 1.0 m
Vel 0.0,0.0, EA 0.00 m/s</description>
         <Style>
            <IconStyle>
               <Icon>
                  <href>http://maps.google.com/mapfiles/kml/shapes/shaded_dot.png</href>
               </Icon>
               <scale>0.6</scale>
               <color>bfed8548</color>
            </IconStyle>
         </Style>
         <Point>
            <coordinates>-122.069915383333,37.4280359833333,0</coordinates>
         </Point>
      </Placemark>
      <Placemark>
         <Snippet maxLines="0"> </Snippet>
         <description>56, UTC 22:28:39
37.4280360,-122.0699154,EA3.8m
Alt -33.2 m, EA 1.0 m
Vel 0.0,0.0, EA 0.00 m/s</description>
         <Style>
            <IconStyle>
               <Icon>
                  <href>http://maps.google.com/mapfiles/kml/shapes/shaded_dot.png</href>
               </Icon>
               <scale>0.6</scale>
               <color>bfed8548</color>
            </IconStyle>
         </Style>
         <Point>
            <coordinates>-122.069915383333,37.4280359833333,0</coordinates>
         </Point>
      </Placemark>
      <Placemark>
         <Snippet maxLines="0"> </Snippet>
         <description>57, UTC 22:28:40
37.4280360,-122.0699154,EA3.8m
Alt -33.2 m, EA 1.0 m
Vel 0.0,0.0, EA 0.00 m/s</description>
         <Style>
            <IconStyle>
               <Icon>
                  <href>http://maps.google.com/mapfiles/kml/shapes/shaded_dot.png</href>
               </Icon>
               <scale>0.6</scale>
               <color>bfed8548</color>
            </IconStyle>
         </Style>
         <Point>
            <coordinates>-122.069915383333,37.4280359833333,0</coordinates>
         </Point>
      </Placemark>
      <Placemark>
         <Snippet maxLines="0"> </Snippet>
         <description>58, UTC 22:28:41
37.4280360,-122.0699154,EA3.8m
Alt -33.2 m, EA 1.0 m
Vel 0.0,0.0, EA 0.00 m/s</description>
         <Style>
            <IconStyle>
               <Icon>
                  <href>http://maps.google.com/mapfiles/kml/shapes/shaded_dot.png</href>
               </Icon>
               <scale>0.6</scale>
               <color>bfed8548</color>
            </IconStyle>
         </Style>
         <Point>
            <coordinates>-122.069915383333,37.4280359833333,0</coordinates>
         </Point>
      </Placemark>
      <Placemark>
         <Snippet maxLines="0"> </Snippet>
         <description>59, UTC 22:28:42
37.4280360,-122.0699154,EA3.8m
Alt -33.2 m, EA 1.0 m
Vel 0.0,0.0, EA 0.00 m/s</description>
         <Style>
            <IconStyle>
               <Icon>
                  <href>http://maps.google.com/mapfiles/kml/shapes/shaded_dot.png</href>
               </Icon>
               <scale>0.6</scale>
               <color>bfed8548</color>
            </IconStyle>
         </Style>
         <Point>
            <coordinates>-122.069915383333,37.4280359833333,0</coordinates>
         </Point>
      </Placemark>
      <Placemark>
         <Snippet maxLines="0"> </Snippet>
         <description>60, UTC 22:28:43
37.4280360,-122.0699154,EA3.8m
Alt -33.2 m, EA 1.0 m
Vel 0.0,0.0, EA 0.00 m/s</description>
         <Style>
            <IconStyle>
               <Icon>
                  <href>http://maps.google.com/mapfiles/kml/shapes/shaded_dot.png</href>
               </Icon>
               <scale>0.6</scale>
               <color>bfed8548</color>
            </IconStyle>
         </Style>
         <Point>
            <coordinates>-122.069915383333,37.4280359833333,0</coordinates>
         </Point>
      </Placemark>
      <Placemark>
         <Snippet maxLines="0"> </Snippet>
         <description>61, UTC 22:28:44
37.4280360,-122.0699154,EA3.8m
Alt -33.2 m, EA 1.0 m
Vel 0.0,0.0, EA 0.00 m/s</description>
         <Style>
            <IconStyle>
               <Icon>
                  <href>http://maps.google.com/mapfiles/kml/shapes/shaded_dot.png</href>
               </Icon>
               <scale>0.6</scale>
               <color>bfed8548</color>
            </IconStyle>
         </Style>
         <Point>
            <coordinates>-122.069915383333,37.4280359833333,0</coordinates>
         </Point>
      </Placemark>
      <Placemark>
         <Snippet maxLines="0"> </Snippet>
         <description>62, UTC 22:28:45
37.4280360,-122.0699154,EA3.8m
Alt -33.2 m, EA 1.0 m
Vel 0.0,0.0, EA 0.00 m/s</description>
         <Style>
            <IconStyle>
               <Icon>
                  <href>http://maps.google.com/mapfiles/kml/shapes/shaded_dot.png</href>
               </Icon>
               <scale>0.6</scale>
               <color>bfed8548</color>
            </IconStyle>
         </Style>
         <Point>
            <coordinates>-122.069915383333,37.4280359833333,0</coordinates>
         </Point>
      </Placemark>
      <Placemark>
         <Snippet maxLines="0"> </Snippet>
         <description>63, UTC 22:28:46
37.4280360,-122.0699154,EA3.8m
Alt -33.2 m, EA 1.0 m
Vel 0.0,0.0, EA 0.00 m/s</description>
         <Style>
            <IconStyle>
               <Icon>
                  <href>http://maps.google.com/mapfiles/kml/shapes/shaded_dot.png</href>
               </Icon>
               <scale>0.6</scale>
               <color>bfed8548</color>
            </IconStyle>
         </Style>
         <Point>
            <coordinates>-122.069915383333,37.4280359833333,0</coordinates>
         </Point>
      </Placemark>
      <Placemark>
         <Snippet maxLines="0"> </Snippet>
         <description>64, UTC 22:28:47
37.4280360,-122.0699154,EA3.8m
Alt -33.2 m, EA 1.0 m
Vel 0.0,0.0, EA 0.00 m/s</description>
         <Style>
            <IconStyle>
               <Icon>
                  <href>http://maps.google.com/mapfiles/kml/shapes/shaded_dot.png</href>
               </Icon>
               <scale>0.6</scale>
               <color>bfed8548</color>
            </IconStyle>
         </Style>
         <Point>
            <coordinates>-122.069915383333,37.4280359833333,0</coordinates>
         </Point>
      </Placemark>
      <Placemark>
         <Snippet maxLines="0"> </Snippet>
         <description>65, UTC 22:28:48
37.4280360,-122.0699154,EA3.8m
Alt -33.2 m, EA 1.0 m
Vel 0.0,0.0, EA 0.00 m/s</description>
         <Style>
            <IconStyle>
               <Icon>
                  <href>http://maps.google.com/mapfiles/kml/shapes/shaded_dot.png</href>
               </Icon>
               <scale>0.6</scale>
               <color>bfed8548</color>
            </IconStyle>
         </Style>
         <Point>
            <coordinates>-122.069915383333,37.4280359833333,0</coordinates>
         </Point>
      </Placemark>
      <Placemark>
         <Snippet maxLines="0"> </Snippet>
         <description>66, UTC 22:28:49
37.4280361,-122.0699154,EA3.8m
Alt -33.2 m, EA 1.0 m
Vel 0.0,0.0, EA 0.00 m/s</description>
         <Style>
            <IconStyle>
               <Icon>
                  <href>http://maps.google.com/mapfiles/kml/shapes/shaded_dot.png</href>
               </Icon>
               <scale>0.6</scale>
               <color>bfed8548</color>
            </IconStyle>
         </Style>
         <Point>
            <coordinates>-122.069915383333,37.4280360833333,0</coordinates>
         </Point>
      </Placemark>
      <Placemark>
         <Snippet maxLines="0"> </Snippet>
         <description>67, UTC 22:28:50
37.4280361,-122.0699154,EA3.8m
Alt -33.2 m, EA 1.0 m
Vel 0.0,0.0, EA 0.00 m/s</description>
         <Style>
            <IconStyle>
               <Icon>
                  <href>http://maps.google.com/mapfiles/kml/shapes/shaded_dot.png</href>
               </Icon>
               <scale>0.6</scale>
               <color>bfed8548</color>
            </IconStyle>
         </Style>
         <Point>
            <coordinates>-122.069915383333,37.4280360833333,0</coordinates>
         </Point>
      </Placemark>
      <Placemark>
         <Snippet maxLines="0"> </Snippet>
         <description>68, UTC 22:28:51
37.4280361,-122.0699154,EA3.8m
Alt -33.2 m, EA 1.0 m
Vel 0.0,0.0, EA 0.00 m/s</description>
         <Style>
            <IconStyle>
               <Icon>
                  <href>http://maps.google.com/mapfiles/kml/shapes/shaded_dot.png</href>
               </Icon>
               <scale>0.6</scale>
               <color>bfed8548</color>
            </IconStyle>
         </Style>
         <Point>
            <coordinates>-122.069915383333,37.4280360833333,0</coordinates>
         </Point>
      </Placemark>
      <Placemark>
         <Snippet maxLines="0"> </Snippet>
         <description>69, UTC 22:28:52
37.4280361,-122.0699154,EA3.8m
Alt -33.2 m, EA 1.0 m
Vel 0.0,0.0, EA 0.00 m/s</description>
         <Style>
            <IconStyle>
               <Icon>
                  <href>http://maps.google.com/mapfiles/kml/shapes/shaded_dot.png</href>
               </Icon>
               <scale>0.6</scale>
               <color>bfed8548</color>
            </IconStyle>
         </Style>
         <Point>
            <coordinates>-122.069915383333,37.4280360833333,0</coordinates>
         </Point>
      </Placemark>
      <Placemark>
         <Snippet maxLines="0"> </Snippet>
         <description>70, UTC 22:28:53
37.4280361,-122.0699154,EA3.8m
Alt -33.2 m, EA 1.0 m
Vel 0.0,0.0, EA 0.00 m/s</description>
         <Style>
            <IconStyle>
               <Icon>
                  <href>http://maps.google.com/mapfiles/kml/shapes/shaded_dot.png</href>
               </Icon>
               <scale>0.6</scale>
               <color>bfed8548</color>
            </IconStyle>
         </Style>
         <Point>
            <coordinates>-122.069915383333,37.4280360833333,0</coordinates>
         </Point>
      </Placemark>
      <Placemark>
         <Snippet maxLines="0"> </Snippet>
         <description>71, UTC 22:28:54
37.4280361,-122.0699154,EA3.8m
Alt -33.2 m, EA 1.0 m
Vel 0.0,0.0, EA 0.00 m/s</description>
         <Style>
            <IconStyle>
               <Icon>
                  <href>http://maps.google.com/mapfiles/kml/shapes/shaded_dot.png</href>
               </Icon>
               <scale>0.6</scale>
               <color>bfed8548</color>
            </IconStyle>
         </Style>
         <Point>
            <coordinates>-122.069915383333,37.4280360833333,0</coordinates>
         </Point>
      </Placemark>
      <Placemark>
         <Snippet maxLines="0"> </Snippet>
         <description>72, UTC 22:28:55
37.4280360,-122.0699154,EA3.8m
Alt -33.2 m, EA 1.0 m
Vel 0.0,0.0, EA 0.00 m/s</description>
         <Style>
            <IconStyle>
               <Icon>
                  <href>http://maps.google.com/mapfiles/kml/shapes/shaded_dot.png</href>
               </Icon>
               <scale>0.6</scale>
               <color>bfed8548</color>
            </IconStyle>
         </Style>
         <Point>
            <coordinates>-122.069915383333,37.4280359833333,0</coordinates>
         </Point>
      </Placemark>
      <Placemark>
         <Snippet maxLines="0"> </Snippet>
         <description>73, UTC 22:28:56
37.4280360,-122.0699154,EA3.8m
Alt -33.2 m, EA 1.0 m
Vel 0.0,0.0, EA 0.00 m/s</description>
         <Style>
            <IconStyle>
               <Icon>
                  <href>http://maps.google.com/mapfiles/kml/shapes/shaded_dot.png</href>
               </Icon>
               <scale>0.6</scale>
               <color>bfed8548</color>
            </IconStyle>
         </Style>
         <Point>
            <coordinates>-122.069915383333,37.4280359833333,0</coordinates>
         </Point>
      </Placemark>
      <Placemark>
         <Snippet maxLines="0"> </Snippet>
         <description>74, UTC 22:28:57
37.4280360,-122.0699154,EA3.8m
Alt -33.2 m, EA 1.0 m
Vel 0.0,0.0, EA 0.00 m/s</description>
         <Style>
            <IconStyle>
               <Icon>
                  <href>http://maps.google.com/mapfiles/kml/shapes/shaded_dot.png</href>
               </Icon>
               <scale>0.6</scale>
               <color>bfed8548</color>
            </IconStyle>
         </Style>
         <Point>
            <coordinates>-122.069915383333,37.4280359833333,0</coordinates>
         </Point>
      </Placemark>
      <Placemark>
         <Snippet maxLines="0"> </Snippet>
         <description>75, UTC 22:28:58
37.4280360,-122.0699154,EA3.8m
Alt -33.2 m, EA 1.0 m
Vel 0.0,0.0, EA 0.00 m/s</description>
         <Style>
            <IconStyle>
               <Icon>
                  <href>http://maps.google.com/mapfiles/kml/shapes/shaded_dot.png</href>
               </Icon>
               <scale>0.6</scale>
               <color>bfed8548</color>
            </IconStyle>
         </Style>
         <Point>
            <coordinates>-122.069915383333,37.4280359833333,0</coordinates>
         </Point>
      </Placemark>
      <Placemark>
         <Snippet maxLines="0"> </Snippet>
         <description>76, UTC 22:28:59
37.4280360,-122.0699154,EA3.8m
Alt -33.1 m, EA 1.0 m
Vel 0.0,0.0, EA 0.00 m/s</description>
         <Style>
            <IconStyle>
               <Icon>
                  <href>http://maps.google.com/mapfiles/kml/shapes/shaded_dot.png</href>
               </Icon>
               <scale>0.6</scale>
               <color>bfed8548</color>
            </IconStyle>
         </Style>
         <Point>
            <coordinates>-122.069915383333,37.4280359833333,0</coordinates>
         </Point>
      </Placemark>
      <Placemark>
         <Snippet maxLines="0"> </Snippet>
         <description>77, UTC 22:29:00
37.4280360,-122.0699154,EA3.8m
Alt -33.1 m, EA 1.0 m
Vel 0.0,0.0, EA 0.00 m/s</description>
         <Style>
            <IconStyle>
               <Icon>
                  <href>http://maps.google.com/mapfiles/kml/shapes/shaded_dot.png</href>
               </Icon>
               <scale>0.6</scale>
               <color>bfed8548</color>
            </IconStyle>
         </Style>
         <Point>
            <coordinates>-122.069915383333,37.4280359833333,0</coordinates>
         </Point>
      </Placemark>
      <Placemark>
         <Snippet maxLines="0"> </Snippet>
         <description>78, UTC 22:29:01
37.4280360,-122.0699154,EA3.8m
Alt -33.1 m, EA 1.0 m
Vel 0.0,0.0, EA 0.00 m/s</description>
         <Style>
            <IconStyle>
               <Icon>
                  <href>http://maps.google.com/mapfiles/kml/shapes/shaded_dot.png</href>
               </Icon>
               <scale>0.6</scale>
               <color>bfed8548</color>
            </IconStyle>
         </Style>
         <Point>
            <coordinates>-122.069915383333,37.4280359833333,0</coordinates>
         </Point>
      </Placemark>
      <Placemark>
         <Snippet maxLines="0"> </Snippet>
         <description>79, UTC 22:29:02
37.4280360,-122.0699154,EA3.8m
Alt -33.2 m, EA 1.0 m
Vel 0.0,0.0, EA 0.00 m/s</description>
         <Style>
            <IconStyle>
               <Icon>
                  <href>http://maps.google.com/mapfiles/kml/shapes/shaded_dot.png</href>
               </Icon>
               <scale>0.6</scale>
               <color>bfed8548</color>
            </IconStyle>
         </Style>
         <Point>
            <coordinates>-122.069915383333,37.4280359833333,0</coordinates>
         </Point>
      </Placemark>
      <Placemark>
         <Snippet maxLines="0"> </Snippet>
         <description>80, UTC 22:29:03
37.4280360,-122.0699154,EA3.8m
Alt -33.1 m, EA 1.0 m
Vel 0.0,0.0, EA 0.00 m/s</description>
         <Style>
            <IconStyle>
               <Icon>
                  <href>http://maps.google.com/mapfiles/kml/shapes/shaded_dot.png</href>
               </Icon>
               <scale>0.6</scale>
               <color>bfed8548</color>
            </IconStyle>
         </Style>
         <Point>
            <coordinates>-122.069915383333,37.4280359833333,0</coordinates>
         </Point>
      </Placemark>
      <Placemark>
         <Snippet maxLines="0"> </Snippet>
         <description>81, UTC 22:29:04
37.4280360,-122.0699154,EA3.8m
Alt -33.1 m, EA 1.0 m
Vel 0.0,0.0, EA 0.00 m/s</description>
         <Style>
            <IconStyle>
               <Icon>
                  <href>http://maps.google.com/mapfiles/kml/shapes/shaded_dot.png</href>
               </Icon>
               <scale>0.6</scale>
               <color>bfed8548</color>
            </IconStyle>
         </Style>
         <Point>
            <coordinates>-122.069915383333,37.4280359833333,0</coordinates>
         </Point>
      </Placemark>
      <Placemark>
         <Snippet maxLines="0"> </Snippet>
         <description>82, UTC 22:29:05
37.4280359,-122.0699154,EA3.8m
Alt -33.1 m, EA 1.0 m
Vel 0.0,0.0, EA 0.00 m/s</description>
         <Style>
            <IconStyle>
               <Icon>
                  <href>http://maps.google.com/mapfiles/kml/shapes/shaded_dot.png</href>
               </Icon>
               <scale>0.6</scale>
               <color>bfed8548</color>
            </IconStyle>
         </Style>
         <Point>
            <coordinates>-122.069915383333,37.4280358833333,0</coordinates>
         </Point>
      </Placemark>
      <Placemark>
         <Snippet maxLines="0"> </Snippet>
         <description>83, UTC 22:29:06
37.4280359,-122.0699154,EA3.8m
Alt -33.1 m, EA 1.0 m
Vel 0.0,0.0, EA 0.00 m/s</description>
         <Style>
            <IconStyle>
               <Icon>
                  <href>http://maps.google.com/mapfiles/kml/shapes/shaded_dot.png</href>
               </Icon>
               <scale>0.6</scale>
               <color>bfed8548</color>
            </IconStyle>
         </Style>
         <Point>
            <coordinates>-122.069915383333,37.4280358833333,0</coordinates>
         </Point>
      </Placemark>
      <Placemark>
         <Snippet maxLines="0"> </Snippet>
         <description>84, UTC 22:29:07
37.4280359,-122.0699154,EA3.8m
Alt -33.1 m, EA 1.0 m
Vel 0.0,0.0, EA 0.00 m/s</description>
         <Style>
            <IconStyle>
               <Icon>
                  <href>http://maps.google.com/mapfiles/kml/shapes/shaded_dot.png</href>
               </Icon>
               <scale>0.6</scale>
               <color>bfed8548</color>
            </IconStyle>
         </Style>
         <Point>
            <coordinates>-122.069915383333,37.4280358833333,0</coordinates>
         </Point>
      </Placemark>
      <Placemark>
         <Snippet maxLines="0"> </Snippet>
         <description>85, UTC 22:29:08
37.4280359,-122.0699154,EA3.8m
Alt -33.1 m, EA 1.0 m
Vel 0.0,0.0, EA 0.00 m/s</description>
         <Style>
            <IconStyle>
               <Icon>
                  <href>http://maps.google.com/mapfiles/kml/shapes/shaded_dot.png</href>
               </Icon>
               <scale>0.6</scale>
               <color>bfed8548</color>
            </IconStyle>
         </Style>
         <Point>
            <coordinates>-122.069915383333,37.4280358833333,0</coordinates>
         </Point>
      </Placemark>
      <Placemark>
         <Snippet maxLines="0"> </Snippet>
         <description>86, UTC 22:29:09
37.4280359,-122.0699154,EA3.8m
Alt -33.1 m, EA 1.0 m
Vel 0.0,0.0, EA 0.00 m/s</description>
         <Style>
            <IconStyle>
               <Icon>
                  <href>http://maps.google.com/mapfiles/kml/shapes/shaded_dot.png</href>
               </Icon>
               <scale>0.6</scale>
               <color>bfed8548</color>
            </IconStyle>
         </Style>
         <Point>
            <coordinates>-122.069915383333,37.4280358833333,0</coordinates>
         </Point>
      </Placemark>
      <Placemark>
         <Snippet maxLines="0"> </Snippet>
         <description>87, UTC 22:29:10
37.4280359,-122.0699154,EA3.8m
Alt -33.1 m, EA 1.0 m
Vel 0.0,0.0, EA 0.00 m/s</description>
         <Style>
            <IconStyle>
               <Icon>
                  <href>http://maps.google.com/mapfiles/kml/shapes/shaded_dot.png</href>
               </Icon>
               <scale>0.6</scale>
               <color>bfed8548</color>
            </IconStyle>
         </Style>
         <Point>
            <coordinates>-122.069915383333,37.4280358833333,0</coordinates>
         </Point>
      </Placemark>
      <Placemark>
         <Snippet maxLines="0"> </Snippet>
         <description>88, UTC 22:29:11
37.4280359,-122.0699153,EA3.8m
Alt -33.1 m, EA 1.0 m
Vel 0.0,0.0, EA 0.00 m/s</description>
         <Style>
            <IconStyle>
               <Icon>
                  <href>http://maps.google.com/mapfiles/kml/shapes/shaded_dot.png</href>
               </Icon>
               <scale>0.6</scale>
               <color>bfed8548</color>
            </IconStyle>
         </Style>
         <Point>
            <coordinates>-122.0699153,37.4280358833333,0</coordinates>
         </Point>
      </Placemark>
      <Placemark>
         <Snippet maxLines="0"> </Snippet>
         <description>89, UTC 22:29:12
37.4280359,-122.0699153,EA3.8m
Alt -33.1 m, EA 1.0 m
Vel 0.0,0.0, EA 0.00 m/s</description>
         <Style>
            <IconStyle>
               <Icon>
                  <href>http://maps.google.com/mapfiles/kml/shapes/shaded_dot.png</href>
               </Icon>
               <scale>0.6</scale>
               <color>bfed8548</color>
            </IconStyle>
         </Style>
         <Point>
            <coordinates>-122.0699153,37.4280358833333,0</coordinates>
         </Point>
      </Placemark>
      <Placemark>
         <Snippet maxLines="0"> </Snippet>
         <description>90, UTC 22:29:13
37.4280359,-122.0699153,EA3.8m
Alt -33.1 m, EA 1.0 m
Vel 0.0,0.0, EA 0.00 m/s</description>
         <Style>
            <IconStyle>
               <Icon>
                  <href>http://maps.google.com/mapfiles/kml/shapes/shaded_dot.png</href>
               </Icon>
               <scale>0.6</scale>
               <color>bfed8548</color>
            </IconStyle>
         </Style>
         <Point>
            <coordinates>-122.0699153,37.4280358833333,0</coordinates>
         </Point>
      </Placemark>
      <Placemark>
         <Snippet maxLines="0"> </Snippet>
         <description>91, UTC 22:29:14
37.4280358,-122.0699153,EA3.8m
Alt -33.1 m, EA 1.0 m
Vel 0.0,0.0, EA 0.00 m/s</description>
         <Style>
            <IconStyle>
               <Icon>
                  <href>http://maps.google.com/mapfiles/kml/shapes/shaded_dot.png</href>
               </Icon>
               <scale>0.6</scale>
               <color>bfed8548</color>
            </IconStyle>
         </Style>
         <Point>
            <coordinates>-122.0699153,37.4280358,0</coordinates>
         </Point>
      </Placemark>
      <Placemark>
         <Snippet maxLines="0"> </Snippet>
         <description>92, UTC 22:29:15
37.4280358,-122.0699153,EA3.8m
Alt -33.1 m, EA 1.0 m
Vel 0.0,0.0, EA 0.00 m/s</description>
         <Style>
            <IconStyle>
               <Icon>
                  <href>http://maps.google.com/mapfiles/kml/shapes/shaded_dot.png</href>
               </Icon>
               <scale>0.6</scale>
               <color>bfed8548</color>
            </IconStyle>
         </Style>
         <Point>
            <coordinates>-122.0699153,37.4280358,0</coordinates>
         </Point>
      </Placemark>
      <Placemark>
         <Snippet maxLines="0"> </Snippet>
         <description>93, UTC 22:29:16
37.4280358,-122.0699153,EA3.8m
Alt -33.1 m, EA 1.0 m
Vel 0.0,0.0, EA 0.00 m/s</description>
         <Style>
            <IconStyle>
               <Icon>
                  <href>http://maps.google.com/mapfiles/kml/shapes/shaded_dot.png</href>
               </Icon>
               <scale>0.6</scale>
               <color>bfed8548</color>
            </IconStyle>
         </Style>
         <Point>
            <coordinates>-122.0699153,37.4280358,0</coordinates>
         </Point>
      </Placemark>
      <Placemark>
         <Snippet maxLines="0"> </Snippet>
         <description>94, UTC 22:29:17
37.4280358,-122.0699153,EA3.8m
Alt -33.1 m, EA 1.0 m
Vel 0.0,0.0, EA 0.00 m/s</description>
         <Style>
            <IconStyle>
               <Icon>
                  <href>http://maps.google.com/mapfiles/kml/shapes/shaded_dot.png</href>
               </Icon>
               <scale>0.6</scale>
               <color>bfed8548</color>
            </IconStyle>
         </Style>
         <Point>
            <coordinates>-122.0699153,37.4280358,0</coordinates>
         </Point>
      </Placemark>
      <Placemark>
         <Snippet maxLines="0"> </Snippet>
         <description>95, UTC 22:29:18
37.4280358,-122.0699153,EA3.8m
Alt -33.1 m, EA 1.0 m
Vel 0.0,0.0, EA 0.00 m/s</description>
         <Style>
            <IconStyle>
               <Icon>
                  <href>http://maps.google.com/mapfiles/kml/shapes/shaded_dot.png</href>
               </Icon>
               <scale>0.6</scale>
               <color>bfed8548</color>
            </IconStyle>
         </Style>
         <Point>
            <coordinates>-122.0699153,37.4280358,0</coordinates>
         </Point>
      </Placemark>
      <Placemark>
         <Snippet maxLines="0"> </Snippet>
         <description>96, UTC 22:29:19
37.4280358,-122.0699153,EA3.8m
Alt -33.1 m, EA 1.0 m
Vel 0.0,0.0, EA 0.00 m/s</description>
         <Style>
            <IconStyle>
               <Icon>
                  <href>http://maps.google.com/mapfiles/kml/shapes/shaded_dot.png</href>
               </Icon>
               <scale>0.6</scale>
               <color>bfed8548</color>
            </IconStyle>
         </Style>
         <Point>
            <coordinates>-122.0699153,37.4280358,0</coordinates>
         </Point>
      </Placemark>
      <Placemark>
         <Snippet maxLines="0"> </Snippet>
         <description>97, UTC 22:29:20
37.4280358,-122.0699153,EA3.8m
Alt -33.1 m, EA 1.0 m
Vel 0.0,0.0, EA 0.00 m/s</description>
         <Style>
            <IconStyle>
               <Icon>
                  <href>http://maps.google.com/mapfiles/kml/shapes/shaded_dot.png</href>
               </Icon>
               <scale>0.6</scale>
               <color>bfed8548</color>
            </IconStyle>
         </Style>
         <Point>
            <coordinates>-122.0699153,37.4280358,0</coordinates>
         </Point>
      </Placemark>
      <Placemark>
         <Snippet maxLines="0"> </Snippet>
         <description>98, UTC 22:29:21
37.4280358,-122.0699153,EA3.8m
Alt -33.1 m, EA 1.0 m
Vel 0.0,0.0, EA 0.00 m/s</description>
         <Style>
            <IconStyle>
               <Icon>
                  <href>http://maps.google.com/mapfiles/kml/shapes/shaded_dot.png</href>
               </Icon>
               <scale>0.6</scale>
               <color>bfed8548</color>
            </IconStyle>
         </Style>
         <Point>
            <coordinates>-122.0699153,37.4280358,0</coordinates>
         </Point>
      </Placemark>
      <Placemark>
         <Snippet maxLines="0"> </Snippet>
         <description>99, UTC 22:29:22
37.4280358,-122.0699153,EA3.8m
Alt -33.1 m, EA 1.0 m
Vel 0.0,0.0, EA 0.00 m/s</description>
         <Style>
            <IconStyle>
               <Icon>
                  <href>http://maps.google.com/mapfiles/kml/shapes/shaded_dot.png</href>
               </Icon>
               <scale>0.6</scale>
               <color>bfed8548</color>
            </IconStyle>
         </Style>
         <Point>
            <coordinates>-122.0699153,37.4280358,0</coordinates>
         </Point>
      </Placemark>
      <Placemark>
         <Snippet maxLines="0"> </Snippet>
         <description>100, UTC 22:29:23
37.4280358,-122.0699153,EA3.8m
Alt -33.1 m, EA 1.0 m
Vel 0.0,0.0, EA 0.00 m/s</description>
         <Style>
            <IconStyle>
               <Icon>
                  <href>http://maps.google.com/mapfiles/kml/shapes/shaded_dot.png</href>
               </Icon>
               <scale>0.6</scale>
               <color>bfed8548</color>
            </IconStyle>
         </Style>
         <Point>
            <coordinates>-122.0699153,37.4280358,0</coordinates>
         </Point>
      </Placemark>
      <Placemark>
         <Snippet maxLines="0"> </Snippet>
         <description>101, UTC 22:29:24
37.4280358,-122.0699153,EA3.8m
Alt -33.1 m, EA 1.0 m
Vel 0.0,0.0, EA 0.00 m/s</description>
         <Style>
            <IconStyle>
               <Icon>
                  <href>http://maps.google.com/mapfiles/kml/shapes/shaded_dot.png</href>
               </Icon>
               <scale>0.6</scale>
               <color>bfed8548</color>
            </IconStyle>
         </Style>
         <Point>
            <coordinates>-122.0699153,37.4280358,0</coordinates>
         </Point>
      </Placemark>
      <Placemark>
         <Snippet maxLines="0"> </Snippet>
         <description>102, UTC 22:29:25
37.4280358,-122.0699153,EA3.8m
Alt -33.1 m, EA 1.0 m
Vel 0.0,0.0, EA 0.00 m/s</description>
         <Style>
            <IconStyle>
               <Icon>
                  <href>http://maps.google.com/mapfiles/kml/shapes/shaded_dot.png</href>
               </Icon>
               <scale>0.6</scale>
               <color>bfed8548</color>
            </IconStyle>
         </Style>
         <Point>
            <coordinates>-122.0699153,37.4280358,0</coordinates>
         </Point>
      </Placemark>
      <Placemark>
         <Snippet maxLines="0"> </Snippet>
         <description>103, UTC 22:29:26
37.4280358,-122.0699153,EA3.8m
Alt -33.1 m, EA 1.0 m
Vel 0.0,0.0, EA 0.00 m/s</description>
         <Style>
            <IconStyle>
               <Icon>
                  <href>http://maps.google.com/mapfiles/kml/shapes/shaded_dot.png</href>
               </Icon>
               <scale>0.6</scale>
               <color>bfed8548</color>
            </IconStyle>
         </Style>
         <Point>
            <coordinates>-122.0699153,37.4280358,0</coordinates>
         </Point>
      </Placemark>
      <Placemark>
         <Snippet maxLines="0"> </Snippet>
         <description>104, UTC 22:29:27
37.4280358,-122.0699153,EA3.8m
Alt -33.1 m, EA 1.0 m
Vel 0.0,0.0, EA 0.00 m/s</description>
         <Style>
            <IconStyle>
               <Icon>
                  <href>http://maps.google.com/mapfiles/kml/shapes/shaded_dot.png</href>
               </Icon>
               <scale>0.6</scale>
               <color>bfed8548</color>
            </IconStyle>
         </Style>
         <Point>
            <coordinates>-122.0699153,37.4280358,0</coordinates>
         </Point>
      </Placemark>
      <Placemark>
         <Snippet maxLines="0"> </Snippet>
         <description>105, UTC 22:29:28
37.4280358,-122.0699153,EA3.8m
Alt -33.1 m, EA 1.0 m
Vel 0.0,0.0, EA 0.00 m/s</description>
         <Style>
            <IconStyle>
               <Icon>
                  <href>http://maps.google.com/mapfiles/kml/shapes/shaded_dot.png</href>
               </Icon>
               <scale>0.6</scale>
               <color>bfed8548</color>
            </IconStyle>
         </Style>
         <Point>
            <coordinates>-122.0699153,37.4280358,0</coordinates>
         </Point>
      </Placemark>
      <Placemark>
         <Snippet maxLines="0"> </Snippet>
         <description>106, UTC 22:29:29
37.4280358,-122.0699153,EA3.8m
Alt -33.1 m, EA 1.0 m
Vel 0.0,0.0, EA 0.00 m/s</description>
         <Style>
            <IconStyle>
               <Icon>
                  <href>http://maps.google.com/mapfiles/kml/shapes/shaded_dot.png</href>
               </Icon>
               <scale>0.6</scale>
               <color>bfed8548</color>
            </IconStyle>
         </Style>
         <Point>
            <coordinates>-122.0699153,37.4280358,0</coordinates>
         </Point>
      </Placemark>
      <Placemark>
         <Snippet maxLines="0"> </Snippet>
         <description>107, UTC 22:29:30
37.4280358,-122.0699153,EA3.8m
Alt -33.1 m, EA 1.0 m
Vel 0.0,0.0, EA 0.00 m/s</description>
         <Style>
            <IconStyle>
               <Icon>
                  <href>http://maps.google.com/mapfiles/kml/shapes/shaded_dot.png</href>
               </Icon>
               <scale>0.6</scale>
               <color>bfed8548</color>
            </IconStyle>
         </Style>
         <Point>
            <coordinates>-122.0699153,37.4280358,0</coordinates>
         </Point>
      </Placemark>
      <Placemark>
         <Snippet maxLines="0"> </Snippet>
         <description>108, UTC 22:29:31
37.4280357,-122.0699153,EA3.8m
Alt -33.1 m, EA 1.0 m
Vel 0.0,0.0, EA 0.00 m/s</description>
         <Style>
            <IconStyle>
               <Icon>
                  <href>http://maps.google.com/mapfiles/kml/shapes/shaded_dot.png</href>
               </Icon>
               <scale>0.6</scale>
               <color>bfed8548</color>
            </IconStyle>
         </Style>
         <Point>
            <coordinates>-122.0699153,37.4280357,0</coordinates>
         </Point>
      </Placemark>
      <Placemark>
         <Snippet maxLines="0"> </Snippet>
         <description>109, UTC 22:29:32
37.4280357,-122.0699153,EA3.8m
Alt -33.1 m, EA 1.0 m
Vel 0.0,0.0, EA 0.00 m/s</description>
         <Style>
            <IconStyle>
               <Icon>
                  <href>http://maps.google.com/mapfiles/kml/shapes/shaded_dot.png</href>
               </Icon>
               <scale>0.6</scale>
               <color>bfed8548</color>
            </IconStyle>
         </Style>
         <Point>
            <coordinates>-122.0699153,37.4280357,0</coordinates>
         </Point>
      </Placemark>
      <Placemark>
         <Snippet maxLines="0"> </Snippet>
         <description>110, UTC 22:29:33
37.4280357,-122.0699153,EA3.8m
Alt -33.1 m, EA 1.0 m
Vel 0.0,0.0, EA 0.00 m/s</description>
         <Style>
            <IconStyle>
               <Icon>
                  <href>http://maps.google.com/mapfiles/kml/shapes/shaded_dot.png</href>
               </Icon>
               <scale>0.6</scale>
               <color>bfed8548</color>
            </IconStyle>
         </Style>
         <Point>
            <coordinates>-122.0699153,37.4280357,0</coordinates>
         </Point>
      </Placemark>
      <Placemark>
         <Snippet maxLines="0"> </Snippet>
         <description>111, UTC 22:29:34
37.4280357,-122.0699153,EA3.8m
Alt -33.1 m, EA 1.0 m
Vel 0.0,0.0, EA 0.00 m/s</description>
         <Style>
            <IconStyle>
               <Icon>
                  <href>http://maps.google.com/mapfiles/kml/shapes/shaded_dot.png</href>
               </Icon>
               <scale>0.6</scale>
               <color>bfed8548</color>
            </IconStyle>
         </Style>
         <Point>
            <coordinates>-122.0699153,37.4280357,0</coordinates>
         </Point>
      </Placemark>
      <Placemark>
         <Snippet maxLines="0"> </Snippet>
         <description>112, UTC 22:29:35
37.4280399,-122.0699170,EA3.8m
Alt -33.0 m, EA 1.0 m
Vel 0.4,-0.3, EA 0.00 m/s</description>
         <Style>
            <IconStyle>
               <Icon>
                  <href>http://maps.google.com/mapfiles/kml/shapes/shaded_dot.png</href>
               </Icon>
               <scale>0.6</scale>
               <color>bfed8548</color>
            </IconStyle>
         </Style>
         <Point>
            <coordinates>-122.069917,37.4280399,0</coordinates>
         </Point>
      </Placemark>
      <Placemark>
         <Snippet maxLines="0"> </Snippet>
         <description>113, UTC 22:29:36
37.4280500,-122.0699228,EA3.8m
Alt -32.8 m, EA 1.0 m
Vel 0.9,-0.7, EA 0.00 m/s</description>
         <Style>
            <IconStyle>
               <Icon>
                  <href>http://maps.google.com/mapfiles/kml/shapes/shaded_dot.png</href>
               </Icon>
               <scale>0.6</scale>
               <color>bfed8548</color>
            </IconStyle>
         </Style>
         <Point>
            <coordinates>-122.0699228,37.4280499833333,0</coordinates>
         </Point>
      </Placemark>
      <Placemark>
         <Snippet maxLines="0"> </Snippet>
         <description>114, UTC 22:29:37
37.4280619,-122.0699327,EA3.8m
Alt -32.2 m, EA 1.0 m
Vel 1.2,-1.0, EA 0.00 m/s</description>
         <Style>
            <IconStyle>
               <Icon>
                  <href>http://maps.google.com/mapfiles/kml/shapes/shaded_dot.png</href>
               </Icon>
               <scale>0.6</scale>
               <color>bfed8548</color>
            </IconStyle>
         </Style>
         <Point>
            <coordinates>-122.069932683333,37.4280619,0</coordinates>
         </Point>
      </Placemark>
      <Placemark>
         <Snippet maxLines="0"> </Snippet>
         <description>115, UTC 22:29:38
37.4280838,-122.0699427,EA3.8m
Alt -31.8 m, EA 1.0 m
Vel 2.2,-1.2, EA 0.00 m/s</description>
         <Style>
            <IconStyle>
               <Icon>
                  <href>http://maps.google.com/mapfiles/kml/shapes/shaded_dot.png</href>
               </Icon>
               <scale>0.6</scale>
               <color>bfed8548</color>
            </IconStyle>
         </Style>
         <Point>
            <coordinates>-122.069942683333,37.4280838,0</coordinates>
         </Point>
      </Placemark>
      <Placemark>
         <Snippet maxLines="0"> </Snippet>
         <description>116, UTC 22:29:39
37.4281152,-122.0699512,EA3.8m
Alt -31.9 m, EA 1.0 m
Vel 3.1,-1.0, EA 0.00 m/s</description>
         <Style>
            <IconStyle>
               <Icon>
                  <href>http://maps.google.com/mapfiles/kml/shapes/shaded_dot.png</href>
               </Icon>
               <scale>0.6</scale>
               <color>bfed8548</color>
            </IconStyle>
         </Style>
         <Point>
            <coordinates>-122.0699512,37.4281152,0</coordinates>
         </Point>
      </Placemark>
      <Placemark>
         <Snippet maxLines="0"> </Snippet>
         <description>117, UTC 22:29:40
37.4281557,-122.0699526,EA3.8m
Alt -32.2 m, EA 1.0 m
Vel 4.1,-0.5, EA 0.00 m/s</description>
         <Style>
            <IconStyle>
               <Icon>
                  <href>http://maps.google.com/mapfiles/kml/shapes/shaded_dot.png</href>
               </Icon>
               <scale>0.6</scale>
               <color>bfed8548</color>
            </IconStyle>
         </Style>
         <Point>
            <coordinates>-122.069952583333,37.4281556833333,0</coordinates>
         </Point>
      </Placemark>
      <Placemark>
         <Snippet maxLines="0"> </Snippet>
         <description>118, UTC 22:29:41
37.4282013,-122.0699512,EA3.8m
Alt -32.7 m, EA 1.0 m
Vel 4.8,-0.2, EA 0.00 m/s</description>
         <Style>
            <IconStyle>
               <Icon>
                  <href>http://maps.google.com/mapfiles/kml/shapes/shaded_dot.png</href>
               </Icon>
               <scale>0.6</scale>
               <color>bfed8548</color>
            </IconStyle>
         </Style>
         <Point>
            <coordinates>-122.0699512,37.4282012833333,0</coordinates>
         </Point>
      </Placemark>
      <Placemark>
         <Snippet maxLines="0"> </Snippet>
         <description>119, UTC 22:29:42
37.4282459,-122.0699527,EA3.8m
Alt -32.6 m, EA 1.0 m
Vel 4.7,-0.6, EA 0.00 m/s</description>
         <Style>
            <IconStyle>
               <Icon>
                  <href>http://maps.google.com/mapfiles/kml/shapes/shaded_dot.png</href>
               </Icon>
               <scale>0.6</scale>
               <color>bfed8548</color>
            </IconStyle>
         </Style>
         <Point>
            <coordinates>-122.0699527,37.4282459,0</coordinates>
         </Point>
      </Placemark>
      <Placemark>
         <Snippet maxLines="0"> </Snippet>
         <description>120, UTC 22:29:43
37.4282849,-122.0699694,EA3.8m
Alt -32.5 m, EA 1.0 m
Vel 3.9,-2.3, EA 0.00 m/s</description>
         <Style>
            <IconStyle>
               <Icon>
                  <href>http://maps.google.com/mapfiles/kml/shapes/shaded_dot.png</href>
               </Icon>
               <scale>0.6</scale>
               <color>bfed8548</color>
            </IconStyle>
         </Style>
         <Point>
            <coordinates>-122.0699694,37.4282849,0</coordinates>
         </Point>
      </Placemark>
      <Placemark>
         <Snippet maxLines="0"> </Snippet>
         <description>121, UTC 22:29:44
37.4283120,-122.0700073,EA3.8m
Alt -32.4 m, EA 1.0 m
Vel 2.5,-3.8, EA 0.00 m/s</description>
         <Style>
            <IconStyle>
               <Icon>
                  <href>http://maps.google.com/mapfiles/kml/shapes/shaded_dot.png</href>
               </Icon>
               <scale>0.6</scale>
               <color>bfed8548</color>
            </IconStyle>
         </Style>
         <Point>
            <coordinates>-122.0700073,37.4283119833333,0</coordinates>
         </Point>
      </Placemark>
      <Placemark>
         <Snippet maxLines="0"> </Snippet>
         <description>122, UTC 22:29:45
37.4283214,-122.0700600,EA3.8m
Alt -32.6 m, EA 1.0 m
Vel 0.7,-4.7, EA 0.00 m/s</description>
         <Style>
            <IconStyle>
               <Icon>
                  <href>http://maps.google.com/mapfiles/kml/shapes/shaded_dot.png</href>
               </Icon>
               <scale>0.6</scale>
               <color>bfed8548</color>
            </IconStyle>
         </Style>
         <Point>
            <coordinates>-122.070059983333,37.4283214,0</coordinates>
         </Point>
      </Placemark>
      <Placemark>
         <Snippet maxLines="0"> </Snippet>
         <description>123, UTC 22:29:46
37.4283126,-122.0701136,EA3.8m
Alt -32.8 m, EA 1.0 m
Vel -1.4,-4.4, EA 0.00 m/s</description>
         <Style>
            <IconStyle>
               <Icon>
                  <href>http://maps.google.com/mapfiles/kml/shapes/shaded_dot.png</href>
               </Icon>
               <scale>0.6</scale>
               <color>bfed8548</color>
            </IconStyle>
         </Style>
         <Point>
            <coordinates>-122.070113583333,37.4283125833333,0</coordinates>
         </Point>
      </Placemark>
      <Placemark>
         <Snippet maxLines="0"> </Snippet>
         <description>124, UTC 22:29:47
37.4282875,-122.0701552,EA3.8m
Alt -32.8 m, EA 1.0 m
Vel -3.3,-2.9, EA 0.00 m/s</description>
         <Style>
            <IconStyle>
               <Icon>
                  <href>http://maps.google.com/mapfiles/kml/shapes/shaded_dot.png</href>
               </Icon>
               <scale>0.6</scale>
               <color>bfed8548</color>
            </IconStyle>
         </Style>
         <Point>
            <coordinates>-122.0701552,37.4282875,0</coordinates>
         </Point>
      </Placemark>
      <Placemark>
         <Snippet maxLines="0"> </Snippet>
         <description>125, UTC 22:29:48
37.4282452,-122.0701750,EA3.8m
Alt -33.2 m, EA 1.0 m
Vel -4.7,-1.2, EA 0.00 m/s</description>
         <Style>
            <IconStyle>
               <Icon>
                  <href>http://maps.google.com/mapfiles/kml/shapes/shaded_dot.png</href>
               </Icon>
               <scale>0.6</scale>
               <color>bfed8548</color>
            </IconStyle>
         </Style>
         <Point>
            <coordinates>-122.070175,37.4282451833333,0</coordinates>
         </Point>
      </Placemark>
      <Placemark>
         <Snippet maxLines="0"> </Snippet>
         <description>126, UTC 22:29:49
37.4281948,-122.0701709,EA3.8m
Alt -32.8 m, EA 1.0 m
Vel -5.1,0.1, EA 0.00 m/s</description>
         <Style>
            <IconStyle>
               <Icon>
                  <href>http://maps.google.com/mapfiles/kml/shapes/shaded_dot.png</href>
               </Icon>
               <scale>0.6</scale>
               <color>bfed8548</color>
            </IconStyle>
         </Style>
         <Point>
            <coordinates>-122.070170883333,37.4281947833333,0</coordinates>
         </Point>
      </Placemark>
      <Placemark>
         <Snippet maxLines="0"> </Snippet>
         <description>127, UTC 22:29:50
37.4281449,-122.0701694,EA3.8m
Alt -32.8 m, EA 1.0 m
Vel -5.7,0.3, EA 0.00 m/s</description>
         <Style>
            <IconStyle>
               <Icon>
                  <href>http://maps.google.com/mapfiles/kml/shapes/shaded_dot.png</href>
               </Icon>
               <scale>0.6</scale>
               <color>bfed8548</color>
            </IconStyle>
         </Style>
         <Point>
            <coordinates>-122.070169383333,37.4281448833333,0</coordinates>
         </Point>
      </Placemark>
      <Placemark>
         <Snippet maxLines="0"> </Snippet>
         <description>128, UTC 22:29:51
37.4280812,-122.0701665,EA3.8m
Alt -32.3 m, EA 1.0 m
Vel -6.6,0.3, EA 0.00 m/s</description>
         <Style>
            <IconStyle>
               <Icon>
                  <href>http://maps.google.com/mapfiles/kml/shapes/shaded_dot.png</href>
               </Icon>
               <scale>0.6</scale>
               <color>bfed8548</color>
            </IconStyle>
         </Style>
         <Point>
            <coordinates>-122.070166483333,37.4280812,0</coordinates>
         </Point>
      </Placemark>
      <Placemark>
         <Snippet maxLines="0"> </Snippet>
         <description>129, UTC 22:29:52
37.4280157,-122.0701647,EA3.8m
Alt -32.1 m, EA 1.0 m
Vel -7.0,0.3, EA 0.00 m/s</description>
         <Style>
            <IconStyle>
               <Icon>
                  <href>http://maps.google.com/mapfiles/kml/shapes/shaded_dot.png</href>
               </Icon>
               <scale>0.6</scale>
               <color>bfed8548</color>
            </IconStyle>
         </Style>
         <Point>
            <coordinates>-122.0701647,37.4280157,0</coordinates>
         </Point>
      </Placemark>
      <Placemark>
         <Snippet maxLines="0"> </Snippet>
         <description>130, UTC 22:29:53
37.4279544,-122.0701628,EA3.8m
Alt -31.4 m, EA 1.0 m
Vel -6.9,0.2, EA 0.00 m/s</description>
         <Style>
            <IconStyle>
               <Icon>
                  <href>http://maps.google.com/mapfiles/kml/shapes/shaded_dot.png</href>
               </Icon>
               <scale>0.6</scale>
               <color>bfed8548</color>
            </IconStyle>
         </Style>
         <Point>
            <coordinates>-122.0701628,37.4279543833333,0</coordinates>
         </Point>
      </Placemark>
      <Placemark>
         <Snippet maxLines="0"> </Snippet>
         <description>131, UTC 22:29:54
37.4278923,-122.0701590,EA3.8m
Alt -30.8 m, EA 1.0 m
Vel -6.8,0.2, EA 0.00 m/s</description>
         <Style>
            <IconStyle>
               <Icon>
                  <href>http://maps.google.com/mapfiles/kml/shapes/shaded_dot.png</href>
               </Icon>
               <scale>0.6</scale>
               <color>bfed8548</color>
            </IconStyle>
         </Style>
         <Point>
            <coordinates>-122.070159,37.4278923,0</coordinates>
         </Point>
      </Placemark>
      <Placemark>
         <Snippet maxLines="0"> </Snippet>
         <description>132, UTC 22:29:55
37.4278273,-122.0701551,EA3.8m
Alt -30.8 m, EA 1.0 m
Vel -7.2,0.2, EA 0.00 m/s</description>
         <Style>
            <IconStyle>
               <Icon>
                  <href>http://maps.google.com/mapfiles/kml/shapes/shaded_dot.png</href>
               </Icon>
               <scale>0.6</scale>
               <color>bfed8548</color>
            </IconStyle>
         </Style>
         <Point>
            <coordinates>-122.070155083333,37.4278272833333,0</coordinates>
         </Point>
      </Placemark>
      <Placemark>
         <Snippet maxLines="0"> </Snippet>
         <description>133, UTC 22:29:56
37.4277585,-122.0701544,EA3.8m
Alt -31.1 m, EA 1.0 m
Vel -7.7,0.2, EA 0.00 m/s</description>
         <Style>
            <IconStyle>
               <Icon>
                  <href>http://maps.google.com/mapfiles/kml/shapes/shaded_dot.png</href>
               </Icon>
               <scale>0.6</scale>
               <color>bfed8548</color>
            </IconStyle>
         </Style>
         <Point>
            <coordinates>-122.0701544,37.4277585,0</coordinates>
         </Point>
      </Placemark>
      <Placemark>
         <Snippet maxLines="0"> </Snippet>
         <description>134, UTC 22:29:57
37.4276850,-122.0701519,EA3.8m
Alt -31.0 m, EA 1.0 m
Vel -8.3,0.1, EA 0.00 m/s</description>
         <Style>
            <IconStyle>
               <Icon>
                  <href>http://maps.google.com/mapfiles/kml/shapes/shaded_dot.png</href>
               </Icon>
               <scale>0.6</scale>
               <color>bfed8548</color>
            </IconStyle>
         </Style>
         <Point>
            <coordinates>-122.070151883333,37.4276849833333,0</coordinates>
         </Point>
      </Placemark>
      <Placemark>
         <Snippet maxLines="0"> </Snippet>
         <description>135, UTC 22:29:58
37.4276054,-122.0701505,EA3.8m
Alt -30.8 m, EA 1.0 m
Vel -8.6,0.0, EA 0.00 m/s</description>
         <Style>
            <IconStyle>
               <Icon>
                  <href>http://maps.google.com/mapfiles/kml/shapes/shaded_dot.png</href>
               </Icon>
               <scale>0.6</scale>
               <color>bfed8548</color>
            </IconStyle>
         </Style>
         <Point>
            <coordinates>-122.070150483333,37.4276053833333,0</coordinates>
         </Point>
      </Placemark>
      <Placemark>
         <Snippet maxLines="0"> </Snippet>
         <description>136, UTC 22:29:59
37.4275309,-122.0701442,EA3.8m
Alt -31.0 m, EA 1.0 m
Vel -8.4,0.2, EA 0.00 m/s</description>
         <Style>
            <IconStyle>
               <Icon>
                  <href>http://maps.google.com/mapfiles/kml/shapes/shaded_dot.png</href>
               </Icon>
               <scale>0.6</scale>
               <color>bfed8548</color>
            </IconStyle>
         </Style>
         <Point>
            <coordinates>-122.0701442,37.4275309,0</coordinates>
         </Point>
      </Placemark>
      <Placemark>
         <Snippet maxLines="0"> </Snippet>
         <description>137, UTC 22:30:00
37.4274632,-122.0701442,EA3.8m
Alt -31.2 m, EA 1.0 m
Vel -7.8,0.2, EA 0.00 m/s</description>
         <Style>
            <IconStyle>
               <Icon>
                  <href>http://maps.google.com/mapfiles/kml/shapes/shaded_dot.png</href>
               </Icon>
               <scale>0.6</scale>
               <color>bfed8548</color>
            </IconStyle>
         </Style>
         <Point>
            <coordinates>-122.0701442,37.4274631833333,0</coordinates>
         </Point>
      </Placemark>
      <Placemark>
         <Snippet maxLines="0"> </Snippet>
         <description>138, UTC 22:30:01
37.4274020,-122.0701440,EA3.8m
Alt -31.0 m, EA 1.0 m
Vel -6.9,-0.2, EA 0.00 m/s</description>
         <Style>
            <IconStyle>
               <Icon>
                  <href>http://maps.google.com/mapfiles/kml/shapes/shaded_dot.png</href>
               </Icon>
               <scale>0.6</scale>
               <color>bfed8548</color>
            </IconStyle>
         </Style>
         <Point>
            <coordinates>-122.070143983333,37.427402,0</coordinates>
         </Point>
      </Placemark>
      <Placemark>
         <Snippet maxLines="0"> </Snippet>
         <description>139, UTC 22:30:02
37.4273545,-122.0701580,EA3.8m
Alt -31.0 m, EA 1.0 m
Vel -5.4,-1.7, EA 0.00 m/s</description>
         <Style>
            <IconStyle>
               <Icon>
                  <href>http://maps.google.com/mapfiles/kml/shapes/shaded_dot.png</href>
               </Icon>
               <scale>0.6</scale>
               <color>bfed8548</color>
            </IconStyle>
         </Style>
         <Point>
            <coordinates>-122.070158,37.4273544833333,0</coordinates>
         </Point>
      </Placemark>
      <Placemark>
         <Snippet maxLines="0"> </Snippet>
         <description>140, UTC 22:30:03
37.4273247,-122.0702001,EA3.8m
Alt -31.1 m, EA 1.0 m
Vel -3.1,-3.3, EA 0.00 m/s</description>
         <Style>
            <IconStyle>
               <Icon>
                  <href>http://maps.google.com/mapfiles/kml/shapes/shaded_dot.png</href>
               </Icon>
               <scale>0.6</scale>
               <color>bfed8548</color>
            </IconStyle>
         </Style>
         <Point>
            <coordinates>-122.070200083333,37.4273246833333,0</coordinates>
         </Point>
      </Placemark>
      <Placemark>
         <Snippet maxLines="0"> </Snippet>
         <description>141, UTC 22:30:04
37.4273175,-122.0702518,EA3.8m
Alt -31.1 m, EA 1.0 m
Vel -0.9,-4.1, EA 0.00 m/s</description>
         <Style>
            <IconStyle>
               <Icon>
                  <href>http://maps.google.com/mapfiles/kml/shapes/shaded_dot.png</href>
               </Icon>
               <scale>0.6</scale>
               <color>bfed8548</color>
            </IconStyle>
         </Style>
         <Point>
            <coordinates>-122.070251783333,37.4273175,0</coordinates>
         </Point>
      </Placemark>
      <Placemark>
         <Snippet maxLines="0"> </Snippet>
         <description>142, UTC 22:30:05
37.4273125,-122.0703002,EA3.8m
Alt -30.6 m, EA 1.0 m
Vel -0.5,-4.3, EA 0.00 m/s</description>
         <Style>
            <IconStyle>
               <Icon>
                  <href>http://maps.google.com/mapfiles/kml/shapes/shaded_dot.png</href>
               </Icon>
               <scale>0.6</scale>
               <color>bfed8548</color>
            </IconStyle>
         </Style>
         <Point>
            <coordinates>-122.0703002,37.4273124833333,0</coordinates>
         </Point>
      </Placemark>
      <Placemark>
         <Snippet maxLines="0"> </Snippet>
         <description>143, UTC 22:30:06
37.4272944,-122.0703438,EA3.8m
Alt -30.7 m, EA 1.0 m
Vel -1.8,-3.7, EA 0.00 m/s</description>
         <Style>
            <IconStyle>
               <Icon>
                  <href>http://maps.google.com/mapfiles/kml/shapes/shaded_dot.png</href>
               </Icon>
               <scale>0.6</scale>
               <color>bfed8548</color>
            </IconStyle>
         </Style>
         <Point>
            <coordinates>-122.0703438,37.4272944,0</coordinates>
         </Point>
      </Placemark>
      <Placemark>
         <Snippet maxLines="0"> </Snippet>
         <description>144, UTC 22:30:07
37.4272614,-122.0703716,EA3.8m
Alt -30.6 m, EA 1.0 m
Vel -3.5,-2.5, EA 0.00 m/s</description>
         <Style>
            <IconStyle>
               <Icon>
                  <href>http://maps.google.com/mapfiles/kml/shapes/shaded_dot.png</href>
               </Icon>
               <scale>0.6</scale>
               <color>bfed8548</color>
            </IconStyle>
         </Style>
         <Point>
            <coordinates>-122.0703716,37.4272613833333,0</coordinates>
         </Point>
      </Placemark>
      <Placemark>
         <Snippet maxLines="0"> </Snippet>
         <description>145, UTC 22:30:08
37.4272189,-122.0703865,EA3.8m
Alt -30.9 m, EA 1.0 m
Vel -4.7,-1.0, EA 0.00 m/s</description>
         <Style>
            <IconStyle>
               <Icon>
                  <href>http://maps.google.com/mapfiles/kml/shapes/shaded_dot.png</href>
               </Icon>
               <scale>0.6</scale>
               <color>bfed8548</color>
            </IconStyle>
         </Style>
         <Point>
            <coordinates>-122.070386483333,37.4272188833333,0</coordinates>
         </Point>
      </Placemark>
      <Placemark>
         <Snippet maxLines="0"> </Snippet>
         <description>146, UTC 22:30:09
37.4271643,-122.0703873,EA3.8m
Alt -31.2 m, EA 1.0 m
Vel -5.7,-0.4, EA 0.00 m/s</description>
         <Style>
            <IconStyle>
               <Icon>
                  <href>http://maps.google.com/mapfiles/kml/shapes/shaded_dot.png</href>
               </Icon>
               <scale>0.6</scale>
               <color>bfed8548</color>
            </IconStyle>
         </Style>
         <Point>
            <coordinates>-122.070387283333,37.4271643,0</coordinates>
         </Point>
      </Placemark>
      <Placemark>
         <Snippet maxLines="0"> </Snippet>
         <description>147, UTC 22:30:10
37.4271071,-122.0703894,EA3.8m
Alt -30.7 m, EA 1.0 m
Vel -6.9,-0.3, EA 0.00 m/s</description>
         <Style>
            <IconStyle>
               <Icon>
                  <href>http://maps.google.com/mapfiles/kml/shapes/shaded_dot.png</href>
               </Icon>
               <scale>0.6</scale>
               <color>bfed8548</color>
            </IconStyle>
         </Style>
         <Point>
            <coordinates>-122.070389383333,37.4271071,0</coordinates>
         </Point>
      </Placemark>
      <Placemark>
         <Snippet maxLines="0"> </Snippet>
         <description>148, UTC 22:30:11
37.4270388,-122.0703922,EA3.8m
Alt -30.3 m, EA 1.0 m
Vel -7.6,0.0, EA 0.00 m/s</description>
         <Style>
            <IconStyle>
               <Icon>
                  <href>http://maps.google.com/mapfiles/kml/shapes/shaded_dot.png</href>
               </Icon>
               <scale>0.6</scale>
               <color>bfed8548</color>
            </IconStyle>
         </Style>
         <Point>
            <coordinates>-122.0703922,37.4270387833333,0</coordinates>
         </Point>
      </Placemark>
      <Placemark>
         <Snippet maxLines="0"> </Snippet>
         <description>149, UTC 22:30:12
37.4269715,-122.0703883,EA3.8m
Alt -29.8 m, EA 1.0 m
Vel -7.5,0.2, EA 0.00 m/s</description>
         <Style>
            <IconStyle>
               <Icon>
                  <href>http://maps.google.com/mapfiles/kml/shapes/shaded_dot.png</href>
               </Icon>
               <scale>0.6</scale>
               <color>bfed8548</color>
            </IconStyle>
         </Style>
         <Point>
            <coordinates>-122.0703883,37.4269715,0</coordinates>
         </Point>
      </Placemark>
      <Placemark>
         <Snippet maxLines="0"> </Snippet>
         <description>150, UTC 22:30:13
37.4269128,-122.0703808,EA3.8m
Alt -29.3 m, EA 1.0 m
Vel -6.6,1.0, EA 0.00 m/s</description>
         <Style>
            <IconStyle>
               <Icon>
                  <href>http://maps.google.com/mapfiles/kml/shapes/shaded_dot.png</href>
               </Icon>
               <scale>0.6</scale>
               <color>bfed8548</color>
            </IconStyle>
         </Style>
         <Point>
            <coordinates>-122.070380783333,37.4269127833333,0</coordinates>
         </Point>
      </Placemark>
      <Placemark>
         <Snippet maxLines="0"> </Snippet>
         <description>151, UTC 22:30:14
37.4268648,-122.0703540,EA3.8m
Alt -28.7 m, EA 1.0 m
Vel -5.0,3.3, EA 0.00 m/s</description>
         <Style>
            <IconStyle>
               <Icon>
                  <href>http://maps.google.com/mapfiles/kml/shapes/shaded_dot.png</href>
               </Icon>
               <scale>0.6</scale>
               <color>bfed8548</color>
            </IconStyle>
         </Style>
         <Point>
            <coordinates>-122.070353983333,37.4268647833333,0</coordinates>
         </Point>
      </Placemark>
      <Placemark>
         <Snippet maxLines="0"> </Snippet>
         <description>152, UTC 22:30:15
37.4268376,-122.0703034,EA3.8m
Alt -28.6 m, EA 1.0 m
Vel -2.6,4.9, EA 0.00 m/s</description>
         <Style>
            <IconStyle>
               <Icon>
                  <href>http://maps.google.com/mapfiles/kml/shapes/shaded_dot.png</href>
               </Icon>
               <scale>0.6</scale>
               <color>bfed8548</color>
            </IconStyle>
         </Style>
         <Point>
            <coordinates>-122.0703034,37.4268375833333,0</coordinates>
         </Point>
      </Placemark>
      <Placemark>
         <Snippet maxLines="0"> </Snippet>
         <description>153, UTC 22:30:16
37.4268292,-122.0702428,EA3.8m
Alt -28.8 m, EA 1.0 m
Vel -1.0,5.2, EA 0.00 m/s</description>
         <Style>
            <IconStyle>
               <Icon>
                  <href>http://maps.google.com/mapfiles/kml/shapes/shaded_dot.png</href>
               </Icon>
               <scale>0.6</scale>
               <color>bfed8548</color>
            </IconStyle>
         </Style>
         <Point>
            <coordinates>-122.0702428,37.4268292,0</coordinates>
         </Point>
      </Placemark>
      <Placemark>
         <Snippet maxLines="0"> </Snippet>
         <description>154, UTC 22:30:17
37.4268142,-122.0701911,EA3.8m
Alt -29.4 m, EA 1.0 m
Vel -2.1,4.4, EA 0.00 m/s</description>
         <Style>
            <IconStyle>
               <Icon>
                  <href>http://maps.google.com/mapfiles/kml/shapes/shaded_dot.png</href>
               </Icon>
               <scale>0.6</scale>
               <color>bfed8548</color>
            </IconStyle>
         </Style>
         <Point>
            <coordinates>-122.0701911,37.4268142,0</coordinates>
         </Point>
      </Placemark>
      <Placemark>
         <Snippet maxLines="0"> </Snippet>
         <description>155, UTC 22:30:18
37.4267837,-122.0701631,EA3.8m
Alt -29.9 m, EA 1.0 m
Vel -3.6,2.6, EA 0.00 m/s</description>
         <Style>
            <IconStyle>
               <Icon>
                  <href>http://maps.google.com/mapfiles/kml/shapes/shaded_dot.png</href>
               </Icon>
               <scale>0.6</scale>
               <color>bfed8548</color>
            </IconStyle>
         </Style>
         <Point>
            <coordinates>-122.0701631,37.4267837,0</coordinates>
         </Point>
      </Placemark>
      <Placemark>
         <Snippet maxLines="0"> </Snippet>
         <description>156, UTC 22:30:19
37.4267387,-122.0701536,EA3.8m
Alt -30.3 m, EA 1.0 m
Vel -5.0,1.1, EA 0.00 m/s</description>
         <Style>
            <IconStyle>
               <Icon>
                  <href>http://maps.google.com/mapfiles/kml/shapes/shaded_dot.png</href>
               </Icon>
               <scale>0.6</scale>
               <color>bfed8548</color>
            </IconStyle>
         </Style>
         <Point>
            <coordinates>-122.070153583333,37.4267387,0</coordinates>
         </Point>
      </Placemark>
      <Placemark>
         <Snippet maxLines="0"> </Snippet>
         <description>157, UTC 22:30:20
37.4266814,-122.0701530,EA3.8m
Alt -30.9 m, EA 1.0 m
Vel -6.4,0.3, EA 0.00 m/s</description>
         <Style>
            <IconStyle>
               <Icon>
                  <href>http://maps.google.com/mapfiles/kml/shapes/shaded_dot.png</href>
               </Icon>
               <scale>0.6</scale>
               <color>bfed8548</color>
            </IconStyle>
         </Style>
         <Point>
            <coordinates>-122.070153,37.4266813833333,0</coordinates>
         </Point>
      </Placemark>
      <Placemark>
         <Snippet maxLines="0"> </Snippet>
         <description>158, UTC 22:30:21
37.4266184,-122.0701539,EA3.8m
Alt -30.9 m, EA 1.0 m
Vel -7.3,0.1, EA 0.00 m/s</description>
         <Style>
            <IconStyle>
               <Icon>
                  <href>http://maps.google.com/mapfiles/kml/shapes/shaded_dot.png</href>
               </Icon>
               <scale>0.6</scale>
               <color>bfed8548</color>
            </IconStyle>
         </Style>
         <Point>
            <coordinates>-122.070153883333,37.4266184,0</coordinates>
         </Point>
      </Placemark>
      <Placemark>
         <Snippet maxLines="0"> </Snippet>
         <description>159, UTC 22:30:22
37.4265492,-122.0701551,EA3.8m
Alt -30.9 m, EA 1.0 m
Vel -7.7,0.0, EA 0.00 m/s</description>
         <Style>
            <IconStyle>
               <Icon>
                  <href>http://maps.google.com/mapfiles/kml/shapes/shaded_dot.png</href>
               </Icon>
               <scale>0.6</scale>
               <color>bfed8548</color>
            </IconStyle>
         </Style>
         <Point>
            <coordinates>-122.070155083333,37.4265491833333,0</coordinates>
         </Point>
      </Placemark>
      <Placemark>
         <Snippet maxLines="0"> </Snippet>
         <description>160, UTC 22:30:23
37.4264856,-122.0701535,EA3.8m
Alt -31.2 m, EA 1.0 m
Vel -7.3,0.0, EA 0.00 m/s</description>
         <Style>
            <IconStyle>
               <Icon>
                  <href>http://maps.google.com/mapfiles/kml/shapes/shaded_dot.png</href>
               </Icon>
               <scale>0.6</scale>
               <color>bfed8548</color>
            </IconStyle>
         </Style>
         <Point>
            <coordinates>-122.0701535,37.4264855833333,0</coordinates>
         </Point>
      </Placemark>
      <Placemark>
         <Snippet maxLines="0"> </Snippet>
         <description>161, UTC 22:30:24
37.4264306,-122.0701525,EA3.8m
Alt -31.1 m, EA 1.0 m
Vel -6.1,-0.6, EA 0.00 m/s</description>
         <Style>
            <IconStyle>
               <Icon>
                  <href>http://maps.google.com/mapfiles/kml/shapes/shaded_dot.png</href>
               </Icon>
               <scale>0.6</scale>
               <color>bfed8548</color>
            </IconStyle>
         </Style>
         <Point>
            <coordinates>-122.0701525,37.4264306,0</coordinates>
         </Point>
      </Placemark>
      <Placemark>
         <Snippet maxLines="0"> </Snippet>
         <description>162, UTC 22:30:25
37.4263851,-122.0701748,EA3.8m
Alt -31.3 m, EA 1.0 m
Vel -4.8,-2.3, EA 0.00 m/s</description>
         <Style>
            <IconStyle>
               <Icon>
                  <href>http://maps.google.com/mapfiles/kml/shapes/shaded_dot.png</href>
               </Icon>
               <scale>0.6</scale>
               <color>bfed8548</color>
            </IconStyle>
         </Style>
         <Point>
            <coordinates>-122.0701748,37.4263850833333,0</coordinates>
         </Point>
      </Placemark>
      <Placemark>
         <Snippet maxLines="0"> </Snippet>
         <description>163, UTC 22:30:26
37.4263504,-122.0702156,EA3.8m
Alt -31.5 m, EA 1.0 m
Vel -2.5,-4.3, EA 0.00 m/s</description>
         <Style>
            <IconStyle>
               <Icon>
                  <href>http://maps.google.com/mapfiles/kml/shapes/shaded_dot.png</href>
               </Icon>
               <scale>0.6</scale>
               <color>bfed8548</color>
            </IconStyle>
         </Style>
         <Point>
            <coordinates>-122.070215583333,37.4263503833333,0</coordinates>
         </Point>
      </Placemark>
      <Placemark>
         <Snippet maxLines="0"> </Snippet>
         <description>164, UTC 22:30:27
37.4263531,-122.0702798,EA3.8m
Alt -31.6 m, EA 1.0 m
Vel -0.5,-4.8, EA 0.00 m/s</description>
         <Style>
            <IconStyle>
               <Icon>
                  <href>http://maps.google.com/mapfiles/kml/shapes/shaded_dot.png</href>
               </Icon>
               <scale>0.6</scale>
               <color>bfed8548</color>
            </IconStyle>
         </Style>
         <Point>
            <coordinates>-122.070279783333,37.4263531,0</coordinates>
         </Point>
      </Placemark>
      <Placemark>
         <Snippet maxLines="0"> </Snippet>
         <description>165, UTC 22:30:28
37.4263602,-122.0703365,EA3.8m
Alt -31.5 m, EA 1.0 m
Vel 1.3,-4.7, EA 0.00 m/s</description>
         <Style>
            <IconStyle>
               <Icon>
                  <href>http://maps.google.com/mapfiles/kml/shapes/shaded_dot.png</href>
               </Icon>
               <scale>0.6</scale>
               <color>bfed8548</color>
            </IconStyle>
         </Style>
         <Point>
            <coordinates>-122.070336483333,37.4263601833333,0</coordinates>
         </Point>
      </Placemark>
      <Placemark>
         <Snippet maxLines="0"> </Snippet>
         <description>166, UTC 22:30:29
37.4263901,-122.0703695,EA3.8m
Alt -30.7 m, EA 1.0 m
Vel 3.5,-2.8, EA 0.00 m/s</description>
         <Style>
            <IconStyle>
               <Icon>
                  <href>http://maps.google.com/mapfiles/kml/shapes/shaded_dot.png</href>
               </Icon>
               <scale>0.6</scale>
               <color>bfed8548</color>
            </IconStyle>
         </Style>
         <Point>
            <coordinates>-122.070369483333,37.4263900833333,0</coordinates>
         </Point>
      </Placemark>
      <Placemark>
         <Snippet maxLines="0"> </Snippet>
         <description>167, UTC 22:30:30
37.4264305,-122.0703761,EA3.8m
Alt -30.7 m, EA 1.0 m
Vel 4.7,-0.9, EA 0.00 m/s</description>
         <Style>
            <IconStyle>
               <Icon>
                  <href>http://maps.google.com/mapfiles/kml/shapes/shaded_dot.png</href>
               </Icon>
               <scale>0.6</scale>
               <color>bfed8548</color>
            </IconStyle>
         </Style>
         <Point>
            <coordinates>-122.0703761,37.4264305,0</coordinates>
         </Point>
      </Placemark>
      <Placemark>
         <Snippet maxLines="0"> </Snippet>
         <description>168, UTC 22:30:31
37.4264812,-122.0703784,EA3.8m
Alt -31.3 m, EA 1.0 m
Vel 5.6,-0.0, EA 0.00 m/s</description>
         <Style>
            <IconStyle>
               <Icon>
                  <href>http://maps.google.com/mapfiles/kml/shapes/shaded_dot.png</href>
               </Icon>
               <scale>0.6</scale>
               <color>bfed8548</color>
            </IconStyle>
         </Style>
         <Point>
            <coordinates>-122.070378383333,37.4264811833333,0</coordinates>
         </Point>
      </Placemark>
      <Placemark>
         <Snippet maxLines="0"> </Snippet>
         <description>169, UTC 22:30:32
37.4265400,-122.0703761,EA3.8m
Alt -32.0 m, EA 1.0 m
Vel 6.2,0.1, EA 0.00 m/s</description>
         <Style>
            <IconStyle>
               <Icon>
                  <href>http://maps.google.com/mapfiles/kml/shapes/shaded_dot.png</href>
               </Icon>
               <scale>0.6</scale>
               <color>bfed8548</color>
            </IconStyle>
         </Style>
         <Point>
            <coordinates>-122.0703761,37.42654,0</coordinates>
         </Point>
      </Placemark>
      <Placemark>
         <Snippet maxLines="0"> </Snippet>
         <description>170, UTC 22:30:33
37.4265973,-122.0703687,EA3.8m
Alt -31.9 m, EA 1.0 m
Vel 6.4,0.3, EA 0.00 m/s</description>
         <Style>
            <IconStyle>
               <Icon>
                  <href>http://maps.google.com/mapfiles/kml/shapes/shaded_dot.png</href>
               </Icon>
               <scale>0.6</scale>
               <color>bfed8548</color>
            </IconStyle>
         </Style>
         <Point>
            <coordinates>-122.0703687,37.4265972833333,0</coordinates>
         </Point>
      </Placemark>
      <Placemark>
         <Snippet maxLines="0"> </Snippet>
         <description>171, UTC 22:30:34
37.4266577,-122.0703664,EA3.8m
Alt -32.1 m, EA 1.0 m
Vel 6.6,0.2, EA 0.00 m/s</description>
         <Style>
            <IconStyle>
               <Icon>
                  <href>http://maps.google.com/mapfiles/kml/shapes/shaded_dot.png</href>
               </Icon>
               <scale>0.6</scale>
               <color>bfed8548</color>
            </IconStyle>
         </Style>
         <Point>
            <coordinates>-122.070366383333,37.4266576833333,0</coordinates>
         </Point>
      </Placemark>
      <Placemark>
         <Snippet maxLines="0"> </Snippet>
         <description>172, UTC 22:30:35
37.4267167,-122.0703625,EA3.8m
Alt -32.3 m, EA 1.0 m
Vel 6.7,-0.1, EA 0.00 m/s</description>
         <Style>
            <IconStyle>
               <Icon>
                  <href>http://maps.google.com/mapfiles/kml/shapes/shaded_dot.png</href>
               </Icon>
               <scale>0.6</scale>
               <color>bfed8548</color>
            </IconStyle>
         </Style>
         <Point>
            <coordinates>-122.0703625,37.4267167,0</coordinates>
         </Point>
      </Placemark>
      <Placemark>
         <Snippet maxLines="0"> </Snippet>
         <description>173, UTC 22:30:36
37.4267740,-122.0703622,EA3.8m
Alt -31.8 m, EA 1.0 m
Vel 6.7,-0.1, EA 0.00 m/s</description>
         <Style>
            <IconStyle>
               <Icon>
                  <href>http://maps.google.com/mapfiles/kml/shapes/shaded_dot.png</href>
               </Icon>
               <scale>0.6</scale>
               <color>bfed8548</color>
            </IconStyle>
         </Style>
         <Point>
            <coordinates>-122.0703622,37.426774,0</coordinates>
         </Point>
      </Placemark>
      <Placemark>
         <Snippet maxLines="0"> </Snippet>
         <description>174, UTC 22:30:37
37.4268371,-122.0703642,EA3.8m
Alt -32.2 m, EA 1.0 m
Vel 6.7,-0.2, EA 0.00 m/s</description>
         <Style>
            <IconStyle>
               <Icon>
                  <href>http://maps.google.com/mapfiles/kml/shapes/shaded_dot.png</href>
               </Icon>
               <scale>0.6</scale>
               <color>bfed8548</color>
            </IconStyle>
         </Style>
         <Point>
            <coordinates>-122.0703642,37.4268371,0</coordinates>
         </Point>
      </Placemark>
      <Placemark>
         <Snippet maxLines="0"> </Snippet>
         <description>175, UTC 22:30:38
37.4268972,-122.0703686,EA3.8m
Alt -32.4 m, EA 1.0 m
Vel 6.7,-0.2, EA 0.00 m/s</description>
         <Style>
            <IconStyle>
               <Icon>
                  <href>http://maps.google.com/mapfiles/kml/shapes/shaded_dot.png</href>
               </Icon>
               <scale>0.6</scale>
               <color>bfed8548</color>
            </IconStyle>
         </Style>
         <Point>
            <coordinates>-122.070368583333,37.4268971833333,0</coordinates>
         </Point>
      </Placemark>
      <Placemark>
         <Snippet maxLines="0"> </Snippet>
         <description>176, UTC 22:30:39
37.4269602,-122.0703675,EA3.8m
Alt -32.4 m, EA 1.0 m
Vel 7.2,-0.1, EA 0.00 m/s</description>
         <Style>
            <IconStyle>
               <Icon>
                  <href>http://maps.google.com/mapfiles/kml/shapes/shaded_dot.png</href>
               </Icon>
               <scale>0.6</scale>
               <color>bfed8548</color>
            </IconStyle>
         </Style>
         <Point>
            <coordinates>-122.0703675,37.4269602,0</coordinates>
         </Point>
      </Placemark>
      <Placemark>
         <Snippet maxLines="0"> </Snippet>
         <description>177, UTC 22:30:40
37.4270284,-122.0703671,EA3.8m
Alt -32.3 m, EA 1.0 m
Vel 7.7,-0.0, EA 0.00 m/s</description>
         <Style>
            <IconStyle>
               <Icon>
                  <href>http://maps.google.com/mapfiles/kml/shapes/shaded_dot.png</href>
               </Icon>
               <scale>0.6</scale>
               <color>bfed8548</color>
            </IconStyle>
         </Style>
         <Point>
            <coordinates>-122.070367083333,37.4270283833333,0</coordinates>
         </Point>
      </Placemark>
      <Placemark>
         <Snippet maxLines="0"> </Snippet>
         <description>178, UTC 22:30:41
37.4271046,-122.0703684,EA3.8m
Alt -32.0 m, EA 1.0 m
Vel 8.4,-0.0, EA 0.00 m/s</description>
         <Style>
            <IconStyle>
               <Icon>
                  <href>http://maps.google.com/mapfiles/kml/shapes/shaded_dot.png</href>
               </Icon>
               <scale>0.6</scale>
               <color>bfed8548</color>
            </IconStyle>
         </Style>
         <Point>
            <coordinates>-122.0703684,37.4271045833333,0</coordinates>
         </Point>
      </Placemark>
      <Placemark>
         <Snippet maxLines="0"> </Snippet>
         <description>179, UTC 22:30:42
37.4271812,-122.0703657,EA3.8m
Alt -31.8 m, EA 1.0 m
Vel 8.4,0.0, EA 0.00 m/s</description>
         <Style>
            <IconStyle>
               <Icon>
                  <href>http://maps.google.com/mapfiles/kml/shapes/shaded_dot.png</href>
               </Icon>
               <scale>0.6</scale>
               <color>bfed8548</color>
            </IconStyle>
         </Style>
         <Point>
            <coordinates>-122.070365683333,37.4271811833333,0</coordinates>
         </Point>
      </Placemark>
      <Placemark>
         <Snippet maxLines="0"> </Snippet>
         <description>180, UTC 22:30:43
37.4272574,-122.0703604,EA3.8m
Alt -31.6 m, EA 1.0 m
Vel 8.1,0.2, EA 0.00 m/s</description>
         <Style>
            <IconStyle>
               <Icon>
                  <href>http://maps.google.com/mapfiles/kml/shapes/shaded_dot.png</href>
               </Icon>
               <scale>0.6</scale>
               <color>bfed8548</color>
            </IconStyle>
         </Style>
         <Point>
            <coordinates>-122.070360383333,37.4272574,0</coordinates>
         </Point>
      </Placemark>
      <Placemark>
         <Snippet maxLines="0"> </Snippet>
         <description>181, UTC 22:30:44
37.4273289,-122.0703586,EA3.8m
Alt -31.7 m, EA 1.0 m
Vel 8.1,0.2, EA 0.00 m/s</description>
         <Style>
            <IconStyle>
               <Icon>
                  <href>http://maps.google.com/mapfiles/kml/shapes/shaded_dot.png</href>
               </Icon>
               <scale>0.6</scale>
               <color>bfed8548</color>
            </IconStyle>
         </Style>
         <Point>
            <coordinates>-122.0703586,37.4273288833333,0</coordinates>
         </Point>
      </Placemark>
      <Placemark>
         <Snippet maxLines="0"> </Snippet>
         <description>182, UTC 22:30:45
37.4274077,-122.0703568,EA3.8m
Alt -31.9 m, EA 1.0 m
Vel 8.7,0.2, EA 0.00 m/s</description>
         <Style>
            <IconStyle>
               <Icon>
                  <href>http://maps.google.com/mapfiles/kml/shapes/shaded_dot.png</href>
               </Icon>
               <scale>0.6</scale>
               <color>bfed8548</color>
            </IconStyle>
         </Style>
         <Point>
            <coordinates>-122.070356783333,37.4274077,0</coordinates>
         </Point>
      </Placemark>
      <Placemark>
         <Snippet maxLines="0"> </Snippet>
         <description>183, UTC 22:30:46
37.4274905,-122.0703538,EA3.8m
Alt -32.0 m, EA 1.0 m
Vel 9.3,0.1, EA 0.00 m/s</description>
         <Style>
            <IconStyle>
               <Icon>
                  <href>http://maps.google.com/mapfiles/kml/shapes/shaded_dot.png</href>
               </Icon>
               <scale>0.6</scale>
               <color>bfed8548</color>
            </IconStyle>
         </Style>
         <Point>
            <coordinates>-122.0703538,37.4274904833333,0</coordinates>
         </Point>
      </Placemark>
      <Placemark>
         <Snippet maxLines="0"> </Snippet>
         <description>184, UTC 22:30:47
37.4275729,-122.0703490,EA3.8m
Alt -32.0 m, EA 1.0 m
Vel 9.6,0.1, EA 0.00 m/s</description>
         <Style>
            <IconStyle>
               <Icon>
                  <href>http://maps.google.com/mapfiles/kml/shapes/shaded_dot.png</href>
               </Icon>
               <scale>0.6</scale>
               <color>bfed8548</color>
            </IconStyle>
         </Style>
         <Point>
            <coordinates>-122.070348983333,37.4275729,0</coordinates>
         </Point>
      </Placemark>
      <Placemark>
         <Snippet maxLines="0"> </Snippet>
         <description>185, UTC 22:30:48
37.4276577,-122.0703461,EA3.8m
Alt -32.4 m, EA 1.0 m
Vel 9.8,0.1, EA 0.00 m/s</description>
         <Style>
            <IconStyle>
               <Icon>
                  <href>http://maps.google.com/mapfiles/kml/shapes/shaded_dot.png</href>
               </Icon>
               <scale>0.6</scale>
               <color>bfed8548</color>
            </IconStyle>
         </Style>
         <Point>
            <coordinates>-122.070346083333,37.4276576833333,0</coordinates>
         </Point>
      </Placemark>
      <Placemark>
         <Snippet maxLines="0"> </Snippet>
         <description>186, UTC 22:30:49
37.4277540,-122.0703380,EA3.8m
Alt -32.8 m, EA 1.0 m
Vel 10.2,0.1, EA 0.00 m/s</description>
         <Style>
            <IconStyle>
               <Icon>
                  <href>http://maps.google.com/mapfiles/kml/shapes/shaded_dot.png</href>
               </Icon>
               <scale>0.6</scale>
               <color>bfed8548</color>
            </IconStyle>
         </Style>
         <Point>
            <coordinates>-122.070338,37.427754,0</coordinates>
         </Point>
      </Placemark>
      <Placemark>
         <Snippet maxLines="0"> </Snippet>
         <description>187, UTC 22:30:50
37.4278427,-122.0703392,EA3.8m
Alt -33.5 m, EA 1.0 m
Vel 10.1,0.2, EA 0.00 m/s</description>
         <Style>
            <IconStyle>
               <Icon>
                  <href>http://maps.google.com/mapfiles/kml/shapes/shaded_dot.png</href>
               </Icon>
               <scale>0.6</scale>
               <color>bfed8548</color>
            </IconStyle>
         </Style>
         <Point>
            <coordinates>-122.0703392,37.4278426833333,0</coordinates>
         </Point>
      </Placemark>
      <Placemark>
         <Snippet maxLines="0"> </Snippet>
         <description>188, UTC 22:30:51
37.4279323,-122.0703394,EA3.8m
Alt -33.7 m, EA 1.0 m
Vel 9.9,0.2, EA 0.00 m/s</description>
         <Style>
            <IconStyle>
               <Icon>
                  <href>http://maps.google.com/mapfiles/kml/shapes/shaded_dot.png</href>
               </Icon>
               <scale>0.6</scale>
               <color>bfed8548</color>
            </IconStyle>
         </Style>
         <Point>
            <coordinates>-122.070339383333,37.4279323,0</coordinates>
         </Point>
      </Placemark>
      <Placemark>
         <Snippet maxLines="0"> </Snippet>
         <description>189, UTC 22:30:52
37.4280153,-122.0703381,EA3.8m
Alt -33.3 m, EA 1.0 m
Vel 9.8,0.2, EA 0.00 m/s</description>
         <Style>
            <IconStyle>
               <Icon>
                  <href>http://maps.google.com/mapfiles/kml/shapes/shaded_dot.png</href>
               </Icon>
               <scale>0.6</scale>
               <color>bfed8548</color>
            </IconStyle>
         </Style>
         <Point>
            <coordinates>-122.0703381,37.4280152833333,0</coordinates>
         </Point>
      </Placemark>
      <Placemark>
         <Snippet maxLines="0"> </Snippet>
         <description>190, UTC 22:30:53
37.4280946,-122.0703364,EA3.8m
Alt -33.7 m, EA 1.0 m
Vel 8.9,0.3, EA 0.00 m/s</description>
         <Style>
            <IconStyle>
               <Icon>
                  <href>http://maps.google.com/mapfiles/kml/shapes/shaded_dot.png</href>
               </Icon>
               <scale>0.6</scale>
               <color>bfed8548</color>
            </IconStyle>
         </Style>
         <Point>
            <coordinates>-122.0703364,37.4280946,0</coordinates>
         </Point>
      </Placemark>
      <Placemark>
         <Snippet maxLines="0"> </Snippet>
         <description>191, UTC 22:30:54
37.4281630,-122.0703376,EA3.8m
Alt -34.2 m, EA 1.0 m
Vel 7.5,0.3, EA 0.00 m/s</description>
         <Style>
            <IconStyle>
               <Icon>
                  <href>http://maps.google.com/mapfiles/kml/shapes/shaded_dot.png</href>
               </Icon>
               <scale>0.6</scale>
               <color>bfed8548</color>
            </IconStyle>
         </Style>
         <Point>
            <coordinates>-122.0703376,37.4281629833333,0</coordinates>
         </Point>
      </Placemark>
      <Placemark>
         <Snippet maxLines="0"> </Snippet>
         <description>192, UTC 22:30:55
37.4282152,-122.0703365,EA3.8m
Alt -34.2 m, EA 1.0 m
Vel 6.0,-0.2, EA 0.00 m/s</description>
         <Style>
            <IconStyle>
               <Icon>
                  <href>http://maps.google.com/mapfiles/kml/shapes/shaded_dot.png</href>
               </Icon>
               <scale>0.6</scale>
               <color>bfed8548</color>
            </IconStyle>
         </Style>
         <Point>
            <coordinates>-122.070336483333,37.4282151833333,0</coordinates>
         </Point>
      </Placemark>
      <Placemark>
         <Snippet maxLines="0"> </Snippet>
         <description>193, UTC 22:30:56
37.4282597,-122.0703553,EA3.8m
Alt -34.3 m, EA 1.0 m
Vel 4.9,-1.6, EA 0.00 m/s</description>
         <Style>
            <IconStyle>
               <Icon>
                  <href>http://maps.google.com/mapfiles/kml/shapes/shaded_dot.png</href>
               </Icon>
               <scale>0.6</scale>
               <color>bfed8548</color>
            </IconStyle>
         </Style>
         <Point>
            <coordinates>-122.0703553,37.4282596833333,0</coordinates>
         </Point>
      </Placemark>
      <Placemark>
         <Snippet maxLines="0"> </Snippet>
         <description>194, UTC 22:30:57
37.4282909,-122.0703866,EA3.8m
Alt -33.5 m, EA 1.0 m
Vel 3.6,-2.9, EA 0.00 m/s</description>
         <Style>
            <IconStyle>
               <Icon>
                  <href>http://maps.google.com/mapfiles/kml/shapes/shaded_dot.png</href>
               </Icon>
               <scale>0.6</scale>
               <color>bfed8548</color>
            </IconStyle>
         </Style>
         <Point>
            <coordinates>-122.0703866,37.4282909,0</coordinates>
         </Point>
      </Placemark>
      <Placemark>
         <Snippet maxLines="0"> </Snippet>
         <description>195, UTC 22:30:58
37.4283151,-122.0704352,EA3.8m
Alt -33.1 m, EA 1.0 m
Vel 2.0,-4.5, EA 0.00 m/s</description>
         <Style>
            <IconStyle>
               <Icon>
                  <href>http://maps.google.com/mapfiles/kml/shapes/shaded_dot.png</href>
               </Icon>
               <scale>0.6</scale>
               <color>bfed8548</color>
            </IconStyle>
         </Style>
         <Point>
            <coordinates>-122.0704352,37.4283150833333,0</coordinates>
         </Point>
      </Placemark>
      <Placemark>
         <Snippet maxLines="0"> </Snippet>
         <description>196, UTC 22:30:59
37.4283195,-122.0705008,EA3.8m
Alt -33.0 m, EA 1.0 m
Vel -0.4,-5.4, EA 0.00 m/s</description>
         <Style>
            <IconStyle>
               <Icon>
                  <href>http://maps.google.com/mapfiles/kml/shapes/shaded_dot.png</href>
               </Icon>
               <scale>0.6</scale>
               <color>bfed8548</color>
            </IconStyle>
         </Style>
         <Point>
            <coordinates>-122.0705008,37.4283195,0</coordinates>
         </Point>
      </Placemark>
      <Placemark>
         <Snippet maxLines="0"> </Snippet>
         <description>197, UTC 22:31:00
37.4283250,-122.0705779,EA3.8m
Alt -32.1 m, EA 1.0 m
Vel -0.7,-6.1, EA 0.00 m/s</description>
         <Style>
            <IconStyle>
               <Icon>
                  <href>http://maps.google.com/mapfiles/kml/shapes/shaded_dot.png</href>
               </Icon>
               <scale>0.6</scale>
               <color>bfed8548</color>
            </IconStyle>
         </Style>
         <Point>
            <coordinates>-122.0705779,37.428325,0</coordinates>
         </Point>
      </Placemark>
      <Placemark>
         <Snippet maxLines="0"> </Snippet>
         <description>198, UTC 22:31:01
37.4283265,-122.0706524,EA3.8m
Alt -31.4 m, EA 1.0 m
Vel -0.7,-5.9, EA 0.00 m/s</description>
         <Style>
            <IconStyle>
               <Icon>
                  <href>http://maps.google.com/mapfiles/kml/shapes/shaded_dot.png</href>
               </Icon>
               <scale>0.6</scale>
               <color>bfed8548</color>
            </IconStyle>
         </Style>
         <Point>
            <coordinates>-122.0706524,37.4283264833333,0</coordinates>
         </Point>
      </Placemark>
      <Placemark>
         <Snippet maxLines="0"> </Snippet>
         <description>199, UTC 22:31:02
37.4283284,-122.0707207,EA3.8m
Alt -31.5 m, EA 1.0 m
Vel -0.7,-5.6, EA 0.00 m/s</description>
         <Style>
            <IconStyle>
               <Icon>
                  <href>http://maps.google.com/mapfiles/kml/shapes/shaded_dot.png</href>
               </Icon>
               <scale>0.6</scale>
               <color>bfed8548</color>
            </IconStyle>
         </Style>
         <Point>
            <coordinates>-122.070720683333,37.4283283833333,0</coordinates>
         </Point>
      </Placemark>
      <Placemark>
         <Snippet maxLines="0"> </Snippet>
         <description>200, UTC 22:31:03
37.4283250,-122.0707927,EA3.8m
Alt -31.2 m, EA 1.0 m
Vel -0.8,-6.1, EA 0.00 m/s</description>
         <Style>
            <IconStyle>
               <Icon>
                  <href>http://maps.google.com/mapfiles/kml/shapes/shaded_dot.png</href>
               </Icon>
               <scale>0.6</scale>
               <color>bfed8548</color>
            </IconStyle>
         </Style>
         <Point>
            <coordinates>-122.070792683333,37.428325,0</coordinates>
         </Point>
      </Placemark>
      <Placemark>
         <Snippet maxLines="0"> </Snippet>
         <description>201, UTC 22:31:04
37.4283264,-122.0708771,EA3.8m
Alt -31.4 m, EA 1.0 m
Vel -1.0,-7.2, EA 0.00 m/s</description>
         <Style>
            <IconStyle>
               <Icon>
                  <href>http://maps.google.com/mapfiles/kml/shapes/shaded_dot.png</href>
               </Icon>
               <scale>0.6</scale>
               <color>bfed8548</color>
            </IconStyle>
         </Style>
         <Point>
            <coordinates>-122.0708771,37.4283264,0</coordinates>
         </Point>
      </Placemark>
      <Placemark>
         <Snippet maxLines="0"> </Snippet>
         <description>202, UTC 22:31:05
37.4283277,-122.0709718,EA3.8m
Alt -30.8 m, EA 1.0 m
Vel -1.0,-8.1, EA 0.00 m/s</description>
         <Style>
            <IconStyle>
               <Icon>
                  <href>http://maps.google.com/mapfiles/kml/shapes/shaded_dot.png</href>
               </Icon>
               <scale>0.6</scale>
               <color>bfed8548</color>
            </IconStyle>
         </Style>
         <Point>
            <coordinates>-122.070971783333,37.4283276833333,0</coordinates>
         </Point>
      </Placemark>
      <Placemark>
         <Snippet maxLines="0"> </Snippet>
         <description>203, UTC 22:31:06
37.4283245,-122.0710728,EA3.8m
Alt -30.9 m, EA 1.0 m
Vel -1.0,-8.7, EA 0.00 m/s</description>
         <Style>
            <IconStyle>
               <Icon>
                  <href>http://maps.google.com/mapfiles/kml/shapes/shaded_dot.png</href>
               </Icon>
               <scale>0.6</scale>
               <color>bfed8548</color>
            </IconStyle>
         </Style>
         <Point>
            <coordinates>-122.071072783333,37.4283245,0</coordinates>
         </Point>
      </Placemark>
      <Placemark>
         <Snippet maxLines="0"> </Snippet>
         <description>204, UTC 22:31:07
37.4283243,-122.0711761,EA3.8m
Alt -30.6 m, EA 1.0 m
Vel -0.9,-8.7, EA 0.00 m/s</description>
         <Style>
            <IconStyle>
               <Icon>
                  <href>http://maps.google.com/mapfiles/kml/shapes/shaded_dot.png</href>
               </Icon>
               <scale>0.6</scale>
               <color>bfed8548</color>
            </IconStyle>
         </Style>
         <Point>
            <coordinates>-122.0711761,37.4283242833333,0</coordinates>
         </Point>
      </Placemark>
      <Placemark>
         <Snippet maxLines="0"> </Snippet>
         <description>205, UTC 22:31:08
37.4283242,-122.0712700,EA3.8m
Alt -30.3 m, EA 1.0 m
Vel -0.6,-8.2, EA 0.00 m/s</description>
         <Style>
            <IconStyle>
               <Icon>
                  <href>http://maps.google.com/mapfiles/kml/shapes/shaded_dot.png</href>
               </Icon>
               <scale>0.6</scale>
               <color>bfed8548</color>
            </IconStyle>
         </Style>
         <Point>
            <coordinates>-122.071269983333,37.4283241833333,0</coordinates>
         </Point>
      </Placemark>
      <Placemark>
         <Snippet maxLines="0"> </Snippet>
         <description>206, UTC 22:31:09
37.4283235,-122.0713575,EA3.8m
Alt -29.5 m, EA 1.0 m
Vel -0.3,-7.6, EA 0.00 m/s</description>
         <Style>
            <IconStyle>
               <Icon>
                  <href>http://maps.google.com/mapfiles/kml/shapes/shaded_dot.png</href>
               </Icon>
               <scale>0.6</scale>
               <color>bfed8548</color>
            </IconStyle>
         </Style>
         <Point>
            <coordinates>-122.0713575,37.4283234833333,0</coordinates>
         </Point>
      </Placemark>
      <Placemark>
         <Snippet maxLines="0"> </Snippet>
         <description>207, UTC 22:31:10
37.4283225,-122.0714383,EA3.8m
Alt -29.4 m, EA 1.0 m
Vel -0.1,-7.2, EA 0.00 m/s</description>
         <Style>
            <IconStyle>
               <Icon>
                  <href>http://maps.google.com/mapfiles/kml/shapes/shaded_dot.png</href>
               </Icon>
               <scale>0.6</scale>
               <color>bfed8548</color>
            </IconStyle>
         </Style>
         <Point>
            <coordinates>-122.071438283333,37.4283225,0</coordinates>
         </Point>
      </Placemark>
      <Placemark>
         <Snippet maxLines="0"> </Snippet>
         <description>208, UTC 22:31:11
37.4283283,-122.0715194,EA3.8m
Alt -29.8 m, EA 1.0 m
Vel 0.2,-7.3, EA 0.00 m/s</description>
         <Style>
            <IconStyle>
               <Icon>
                  <href>http://maps.google.com/mapfiles/kml/shapes/shaded_dot.png</href>
               </Icon>
               <scale>0.6</scale>
               <color>bfed8548</color>
            </IconStyle>
         </Style>
         <Point>
            <coordinates>-122.071519383333,37.4283282833333,0</coordinates>
         </Point>
      </Placemark>
      <Placemark>
         <Snippet maxLines="0"> </Snippet>
         <description>209, UTC 22:31:12
37.4283343,-122.0716062,EA3.8m
Alt -29.8 m, EA 1.0 m
Vel 0.5,-7.8, EA 0.00 m/s</description>
         <Style>
            <IconStyle>
               <Icon>
                  <href>http://maps.google.com/mapfiles/kml/shapes/shaded_dot.png</href>
               </Icon>
               <scale>0.6</scale>
               <color>bfed8548</color>
            </IconStyle>
         </Style>
         <Point>
            <coordinates>-122.0716062,37.4283343,0</coordinates>
         </Point>
      </Placemark>
      <Placemark>
         <Snippet maxLines="0"> </Snippet>
         <description>210, UTC 22:31:13
37.4283360,-122.0716925,EA3.8m
Alt -29.7 m, EA 1.0 m
Vel 0.5,-7.6, EA 0.00 m/s</description>
         <Style>
            <IconStyle>
               <Icon>
                  <href>http://maps.google.com/mapfiles/kml/shapes/shaded_dot.png</href>
               </Icon>
               <scale>0.6</scale>
               <color>bfed8548</color>
            </IconStyle>
         </Style>
         <Point>
            <coordinates>-122.071692483333,37.428336,0</coordinates>
         </Point>
      </Placemark>
      <Placemark>
         <Snippet maxLines="0"> </Snippet>
         <description>211, UTC 22:31:14
37.4283394,-122.0717724,EA3.8m
Alt -30.0 m, EA 1.0 m
Vel 0.3,-7.2, EA 0.00 m/s</description>
         <Style>
            <IconStyle>
               <Icon>
                  <href>http://maps.google.com/mapfiles/kml/shapes/shaded_dot.png</href>
               </Icon>
               <scale>0.6</scale>
               <color>bfed8548</color>
            </IconStyle>
         </Style>
         <Point>
            <coordinates>-122.0717724,37.4283393833333,0</coordinates>
         </Point>
      </Placemark>
      <Placemark>
         <Snippet maxLines="0"> </Snippet>
         <description>212, UTC 22:31:15
37.4283309,-122.0718492,EA3.8m
Alt -30.2 m, EA 1.0 m
Vel -1.3,-6.7, EA 0.00 m/s</description>
         <Style>
            <IconStyle>
               <Icon>
                  <href>http://maps.google.com/mapfiles/kml/shapes/shaded_dot.png</href>
               </Icon>
               <scale>0.6</scale>
               <color>bfed8548</color>
            </IconStyle>
         </Style>
         <Point>
            <coordinates>-122.0718492,37.4283308833333,0</coordinates>
         </Point>
      </Placemark>
      <Placemark>
         <Snippet maxLines="0"> </Snippet>
         <description>213, UTC 22:31:16
37.4282981,-122.0719125,EA3.8m
Alt -30.6 m, EA 1.0 m
Vel -3.4,-5.3, EA 0.00 m/s</description>
         <Style>
            <IconStyle>
               <Icon>
                  <href>http://maps.google.com/mapfiles/kml/shapes/shaded_dot.png</href>
               </Icon>
               <scale>0.6</scale>
               <color>bfed8548</color>
            </IconStyle>
         </Style>
         <Point>
            <coordinates>-122.071912483333,37.4282980833333,0</coordinates>
         </Point>
      </Placemark>
      <Placemark>
         <Snippet maxLines="0"> </Snippet>
         <description>214, UTC 22:31:17
37.4282493,-122.0719424,EA3.8m
Alt -31.1 m, EA 1.0 m
Vel -5.1,-3.0, EA 0.00 m/s</description>
         <Style>
            <IconStyle>
               <Icon>
                  <href>http://maps.google.com/mapfiles/kml/shapes/shaded_dot.png</href>
               </Icon>
               <scale>0.6</scale>
               <color>bfed8548</color>
            </IconStyle>
         </Style>
         <Point>
            <coordinates>-122.071942383333,37.4282492833333,0</coordinates>
         </Point>
      </Placemark>
      <Placemark>
         <Snippet maxLines="0"> </Snippet>
         <description>215, UTC 22:31:18
37.4281939,-122.0719547,EA3.8m
Alt -31.2 m, EA 1.0 m
Vel -6.2,-0.9, EA 0.00 m/s</description>
         <Style>
            <IconStyle>
               <Icon>
                  <href>http://maps.google.com/mapfiles/kml/shapes/shaded_dot.png</href>
               </Icon>
               <scale>0.6</scale>
               <color>bfed8548</color>
            </IconStyle>
         </Style>
         <Point>
            <coordinates>-122.0719547,37.4281938833333,0</coordinates>
         </Point>
      </Placemark>
      <Placemark>
         <Snippet maxLines="0"> </Snippet>
         <description>216, UTC 22:31:19
37.4281308,-122.0719457,EA3.8m
Alt -31.4 m, EA 1.0 m
Vel -6.9,-0.1, EA 0.00 m/s</description>
         <Style>
            <IconStyle>
               <Icon>
                  <href>http://maps.google.com/mapfiles/kml/shapes/shaded_dot.png</href>
               </Icon>
               <scale>0.6</scale>
               <color>bfed8548</color>
            </IconStyle>
         </Style>
         <Point>
            <coordinates>-122.0719457,37.4281307833333,0</coordinates>
         </Point>
      </Placemark>
      <Placemark>
         <Snippet maxLines="0"> </Snippet>
         <description>217, UTC 22:31:20
37.4280621,-122.0719395,EA3.8m
Alt -31.4 m, EA 1.0 m
Vel -7.7,-0.0, EA 0.00 m/s</description>
         <Style>
            <IconStyle>
               <Icon>
                  <href>http://maps.google.com/mapfiles/kml/shapes/shaded_dot.png</href>
               </Icon>
               <scale>0.6</scale>
               <color>bfed8548</color>
            </IconStyle>
         </Style>
         <Point>
            <coordinates>-122.071939483333,37.4280620833333,0</coordinates>
         </Point>
      </Placemark>
      <Placemark>
         <Snippet maxLines="0"> </Snippet>
         <description>218, UTC 22:31:21
37.4279844,-122.0719358,EA3.8m
Alt -32.4 m, EA 1.0 m
Vel -8.4,0.1, EA 0.00 m/s</description>
         <Style>
            <IconStyle>
               <Icon>
                  <href>http://maps.google.com/mapfiles/kml/shapes/shaded_dot.png</href>
               </Icon>
               <scale>0.6</scale>
               <color>bfed8548</color>
            </IconStyle>
         </Style>
         <Point>
            <coordinates>-122.0719358,37.4279843833333,0</coordinates>
         </Point>
      </Placemark>
      <Placemark>
         <Snippet maxLines="0"> </Snippet>
         <description>219, UTC 22:31:22
37.4279075,-122.0719283,EA3.8m
Alt -32.3 m, EA 1.0 m
Vel -8.5,0.1, EA 0.00 m/s</description>
         <Style>
            <IconStyle>
               <Icon>
                  <href>http://maps.google.com/mapfiles/kml/shapes/shaded_dot.png</href>
               </Icon>
               <scale>0.6</scale>
               <color>bfed8548</color>
            </IconStyle>
         </Style>
         <Point>
            <coordinates>-122.071928283333,37.4279075,0</coordinates>
         </Point>
      </Placemark>
      <Placemark>
         <Snippet maxLines="0"> </Snippet>
         <description>220, UTC 22:31:23
37.4278346,-122.0719239,EA3.8m
Alt -32.2 m, EA 1.0 m
Vel -8.2,0.0, EA 0.00 m/s</description>
         <Style>
            <IconStyle>
               <Icon>
                  <href>http://maps.google.com/mapfiles/kml/shapes/shaded_dot.png</href>
               </Icon>
               <scale>0.6</scale>
               <color>bfed8548</color>
            </IconStyle>
         </Style>
         <Point>
            <coordinates>-122.0719239,37.4278345833333,0</coordinates>
         </Point>
      </Placemark>
      <Placemark>
         <Snippet maxLines="0"> </Snippet>
         <description>221, UTC 22:31:24
37.4277685,-122.0719196,EA3.8m
Alt -32.1 m, EA 1.0 m
Vel -7.5,-0.1, EA 0.00 m/s</description>
         <Style>
            <IconStyle>
               <Icon>
                  <href>http://maps.google.com/mapfiles/kml/shapes/shaded_dot.png</href>
               </Icon>
               <scale>0.6</scale>
               <color>bfed8548</color>
            </IconStyle>
         </Style>
         <Point>
            <coordinates>-122.0719196,37.4277684833333,0</coordinates>
         </Point>
      </Placemark>
      <Placemark>
         <Snippet maxLines="0"> </Snippet>
         <description>222, UTC 22:31:25
37.4277119,-122.0719156,EA3.8m
Alt -31.6 m, EA 1.0 m
Vel -6.2,-0.6, EA 0.00 m/s</description>
         <Style>
            <IconStyle>
               <Icon>
                  <href>http://maps.google.com/mapfiles/kml/shapes/shaded_dot.png</href>
               </Icon>
               <scale>0.6</scale>
               <color>bfed8548</color>
            </IconStyle>
         </Style>
         <Point>
            <coordinates>-122.071915583333,37.4277118833333,0</coordinates>
         </Point>
      </Placemark>
      <Placemark>
         <Snippet maxLines="0"> </Snippet>
         <description>223, UTC 22:31:26
37.4276749,-122.0719296,EA3.8m
Alt -32.2 m, EA 1.0 m
Vel -4.4,-1.2, EA 0.00 m/s</description>
         <Style>
            <IconStyle>
               <Icon>
                  <href>http://maps.google.com/mapfiles/kml/shapes/shaded_dot.png</href>
               </Icon>
               <scale>0.6</scale>
               <color>bfed8548</color>
            </IconStyle>
         </Style>
         <Point>
            <coordinates>-122.0719296,37.4276748833333,0</coordinates>
         </Point>
      </Placemark>
      <Placemark>
         <Snippet maxLines="0"> </Snippet>
         <description>224, UTC 22:31:27
37.4276313,-122.0719468,EA3.8m
Alt -32.1 m, EA 1.0 m
Vel -3.9,-3.0, EA 0.00 m/s</description>
         <Style>
            <IconStyle>
               <Icon>
                  <href>http://maps.google.com/mapfiles/kml/shapes/shaded_dot.png</href>
               </Icon>
               <scale>0.6</scale>
               <color>bfed8548</color>
            </IconStyle>
         </Style>
         <Point>
            <coordinates>-122.0719468,37.4276313,0</coordinates>
         </Point>
      </Placemark>
      <Placemark>
         <Snippet maxLines="0"> </Snippet>
         <description>225, UTC 22:31:28
37.4276380,-122.0719937,EA3.8m
Alt -32.4 m, EA 1.0 m
Vel -1.4,-3.2, EA 0.00 m/s</description>
         <Style>
            <IconStyle>
               <Icon>
                  <href>http://maps.google.com/mapfiles/kml/shapes/shaded_dot.png</href>
               </Icon>
               <scale>0.6</scale>
               <color>bfed8548</color>
            </IconStyle>
         </Style>
         <Point>
            <coordinates>-122.071993683333,37.427638,0</coordinates>
         </Point>
      </Placemark>
      <Placemark>
         <Snippet maxLines="0"> </Snippet>
         <description>226, UTC 22:31:29
37.4276405,-122.0720370,EA3.8m
Alt -32.3 m, EA 1.0 m
Vel 0.4,-3.7, EA 0.00 m/s</description>
         <Style>
            <IconStyle>
               <Icon>
                  <href>http://maps.google.com/mapfiles/kml/shapes/shaded_dot.png</href>
               </Icon>
               <scale>0.6</scale>
               <color>bfed8548</color>
            </IconStyle>
         </Style>
         <Point>
            <coordinates>-122.072036983333,37.4276405,0</coordinates>
         </Point>
      </Placemark>
      <Placemark>
         <Snippet maxLines="0"> </Snippet>
         <description>227, UTC 22:31:30
37.4276589,-122.0720808,EA3.8m
Alt -32.5 m, EA 1.0 m
Vel 1.6,-3.8, EA 0.00 m/s</description>
         <Style>
            <IconStyle>
               <Icon>
                  <href>http://maps.google.com/mapfiles/kml/shapes/shaded_dot.png</href>
               </Icon>
               <scale>0.6</scale>
               <color>bfed8548</color>
            </IconStyle>
         </Style>
         <Point>
            <coordinates>-122.072080783333,37.4276588833333,0</coordinates>
         </Point>
      </Placemark>
      <Placemark>
         <Snippet maxLines="0"> </Snippet>
         <description>228, UTC 22:31:31
37.4276769,-122.0721279,EA3.8m
Alt -32.1 m, EA 1.0 m
Vel 2.4,-4.1, EA 0.00 m/s</description>
         <Style>
            <IconStyle>
               <Icon>
                  <href>http://maps.google.com/mapfiles/kml/shapes/shaded_dot.png</href>
               </Icon>
               <scale>0.6</scale>
               <color>bfed8548</color>
            </IconStyle>
         </Style>
         <Point>
            <coordinates>-122.072127883333,37.4276769,0</coordinates>
         </Point>
      </Placemark>
      <Placemark>
         <Snippet maxLines="0"> </Snippet>
         <description>229, UTC 22:31:32
37.4277095,-122.0721691,EA3.8m
Alt -32.3 m, EA 1.0 m
Vel 4.1,-3.1, EA 0.00 m/s</description>
         <Style>
            <IconStyle>
               <Icon>
                  <href>http://maps.google.com/mapfiles/kml/shapes/shaded_dot.png</href>
               </Icon>
               <scale>0.6</scale>
               <color>bfed8548</color>
            </IconStyle>
         </Style>
         <Point>
            <coordinates>-122.072169083333,37.4277094833333,0</coordinates>
         </Point>
      </Placemark>
      <Placemark>
         <Snippet maxLines="0"> </Snippet>
         <description>230, UTC 22:31:33
37.4277617,-122.0721820,EA3.8m
Alt -32.9 m, EA 1.0 m
Vel 5.4,-0.7, EA 0.00 m/s</description>
         <Style>
            <IconStyle>
               <Icon>
                  <href>http://maps.google.com/mapfiles/kml/shapes/shaded_dot.png</href>
               </Icon>
               <scale>0.6</scale>
               <color>bfed8548</color>
            </IconStyle>
         </Style>
         <Point>
            <coordinates>-122.072181983333,37.4277616833333,0</coordinates>
         </Point>
      </Placemark>
      <Placemark>
         <Snippet maxLines="0"> </Snippet>
         <description>231, UTC 22:31:34
37.4278179,-122.0721830,EA3.8m
Alt -33.7 m, EA 1.0 m
Vel 6.4,0.1, EA 0.00 m/s</description>
         <Style>
            <IconStyle>
               <Icon>
                  <href>http://maps.google.com/mapfiles/kml/shapes/shaded_dot.png</href>
               </Icon>
               <scale>0.6</scale>
               <color>bfed8548</color>
            </IconStyle>
         </Style>
         <Point>
            <coordinates>-122.072182983333,37.4278179,0</coordinates>
         </Point>
      </Placemark>
      <Placemark>
         <Snippet maxLines="0"> </Snippet>
         <description>232, UTC 22:31:35
37.4278812,-122.0721825,EA3.8m
Alt -33.9 m, EA 1.0 m
Vel 7.1,0.3, EA 0.00 m/s</description>
         <Style>
            <IconStyle>
               <Icon>
                  <href>http://maps.google.com/mapfiles/kml/shapes/shaded_dot.png</href>
               </Icon>
               <scale>0.6</scale>
               <color>bfed8548</color>
            </IconStyle>
         </Style>
         <Point>
            <coordinates>-122.072182483333,37.4278812,0</coordinates>
         </Point>
      </Placemark>
      <Placemark>
         <Snippet maxLines="0"> </Snippet>
         <description>233, UTC 22:31:36
37.4279468,-122.0721789,EA3.8m
Alt -34.2 m, EA 1.0 m
Vel 7.4,0.4, EA 0.00 m/s</description>
         <Style>
            <IconStyle>
               <Icon>
                  <href>http://maps.google.com/mapfiles/kml/shapes/shaded_dot.png</href>
               </Icon>
               <scale>0.6</scale>
               <color>bfed8548</color>
            </IconStyle>
         </Style>
         <Point>
            <coordinates>-122.072178883333,37.4279468,0</coordinates>
         </Point>
      </Placemark>
      <Placemark>
         <Snippet maxLines="0"> </Snippet>
         <description>234, UTC 22:31:37
37.4280147,-122.0721770,EA3.8m
Alt -34.1 m, EA 1.0 m
Vel 7.7,0.4, EA 0.00 m/s</description>
         <Style>
            <IconStyle>
               <Icon>
                  <href>http://maps.google.com/mapfiles/kml/shapes/shaded_dot.png</href>
               </Icon>
               <scale>0.6</scale>
               <color>bfed8548</color>
            </IconStyle>
         </Style>
         <Point>
            <coordinates>-122.072176983333,37.4280146833333,0</coordinates>
         </Point>
      </Placemark>
      <Placemark>
         <Snippet maxLines="0"> </Snippet>
         <description>235, UTC 22:31:38
37.4280808,-122.0721748,EA3.8m
Alt -34.5 m, EA 1.0 m
Vel 7.3,0.4, EA 0.00 m/s</description>
         <Style>
            <IconStyle>
               <Icon>
                  <href>http://maps.google.com/mapfiles/kml/shapes/shaded_dot.png</href>
               </Icon>
               <scale>0.6</scale>
               <color>bfed8548</color>
            </IconStyle>
         </Style>
         <Point>
            <coordinates>-122.072174783333,37.4280807833333,0</coordinates>
         </Point>
      </Placemark>
      <Placemark>
         <Snippet maxLines="0"> </Snippet>
         <description>236, UTC 22:31:39
37.4281460,-122.0721713,EA3.8m
Alt -34.6 m, EA 1.0 m
Vel 7.0,0.4, EA 0.00 m/s</description>
         <Style>
            <IconStyle>
               <Icon>
                  <href>http://maps.google.com/mapfiles/kml/shapes/shaded_dot.png</href>
               </Icon>
               <scale>0.6</scale>
               <color>bfed8548</color>
            </IconStyle>
         </Style>
         <Point>
            <coordinates>-122.072171283333,37.4281459833333,0</coordinates>
         </Point>
      </Placemark>
      <Placemark>
         <Snippet maxLines="0"> </Snippet>
         <description>237, UTC 22:31:40
37.4282008,-122.0721671,EA3.8m
Alt -34.2 m, EA 1.0 m
Vel 6.3,0.2, EA 0.00 m/s</description>
         <Style>
            <IconStyle>
               <Icon>
                  <href>http://maps.google.com/mapfiles/kml/shapes/shaded_dot.png</href>
               </Icon>
               <scale>0.6</scale>
               <color>bfed8548</color>
            </IconStyle>
         </Style>
         <Point>
            <coordinates>-122.0721671,37.4282007833333,0</coordinates>
         </Point>
      </Placemark>
      <Placemark>
         <Snippet maxLines="0"> </Snippet>
         <description>238, UTC 22:31:41
37.4282464,-122.0721720,EA3.8m
Alt -33.9 m, EA 1.0 m
Vel 5.5,-0.5, EA 0.00 m/s</description>
         <Style>
            <IconStyle>
               <Icon>
                  <href>http://maps.google.com/mapfiles/kml/shapes/shaded_dot.png</href>
               </Icon>
               <scale>0.6</scale>
               <color>bfed8548</color>
            </IconStyle>
         </Style>
         <Point>
            <coordinates>-122.072171983333,37.4282463833333,0</coordinates>
         </Point>
      </Placemark>
      <Placemark>
         <Snippet maxLines="0"> </Snippet>
         <description>239, UTC 22:31:42
37.4282825,-122.0721947,EA3.8m
Alt -33.8 m, EA 1.0 m
Vel 4.1,-1.6, EA 0.00 m/s</description>
         <Style>
            <IconStyle>
               <Icon>
                  <href>http://maps.google.com/mapfiles/kml/shapes/shaded_dot.png</href>
               </Icon>
               <scale>0.6</scale>
               <color>bfed8548</color>
            </IconStyle>
         </Style>
         <Point>
            <coordinates>-122.072194683333,37.4282825,0</coordinates>
         </Point>
      </Placemark>
      <Placemark>
         <Snippet maxLines="0"> </Snippet>
         <description>240, UTC 22:31:43
37.4283084,-122.0722286,EA3.8m
Alt -33.4 m, EA 1.0 m
Vel 2.9,-2.9, EA 0.00 m/s</description>
         <Style>
            <IconStyle>
               <Icon>
                  <href>http://maps.google.com/mapfiles/kml/shapes/shaded_dot.png</href>
               </Icon>
               <scale>0.6</scale>
               <color>bfed8548</color>
            </IconStyle>
         </Style>
         <Point>
            <coordinates>-122.0722286,37.4283083833333,0</coordinates>
         </Point>
      </Placemark>
      <Placemark>
         <Snippet maxLines="0"> </Snippet>
         <description>241, UTC 22:31:44
37.4283171,-122.0722793,EA3.8m
Alt -33.4 m, EA 1.0 m
Vel 1.4,-4.1, EA 0.00 m/s</description>
         <Style>
            <IconStyle>
               <Icon>
                  <href>http://maps.google.com/mapfiles/kml/shapes/shaded_dot.png</href>
               </Icon>
               <scale>0.6</scale>
               <color>bfed8548</color>
            </IconStyle>
         </Style>
         <Point>
            <coordinates>-122.0722793,37.4283171,0</coordinates>
         </Point>
      </Placemark>
      <Placemark>
         <Snippet maxLines="0"> </Snippet>
         <description>242, UTC 22:31:45
37.4283180,-122.0723360,EA3.8m
Alt -33.0 m, EA 1.0 m
Vel 0.2,-4.8, EA 0.00 m/s</description>
         <Style>
            <IconStyle>
               <Icon>
                  <href>http://maps.google.com/mapfiles/kml/shapes/shaded_dot.png</href>
               </Icon>
               <scale>0.6</scale>
               <color>bfed8548</color>
            </IconStyle>
         </Style>
         <Point>
            <coordinates>-122.072336,37.4283179833333,0</coordinates>
         </Point>
      </Placemark>
      <Placemark>
         <Snippet maxLines="0"> </Snippet>
         <description>243, UTC 22:31:46
37.4283150,-122.0724001,EA3.8m
Alt -32.5 m, EA 1.0 m
Vel -0.2,-5.3, EA 0.00 m/s</description>
         <Style>
            <IconStyle>
               <Icon>
                  <href>http://maps.google.com/mapfiles/kml/shapes/shaded_dot.png</href>
               </Icon>
               <scale>0.6</scale>
               <color>bfed8548</color>
            </IconStyle>
         </Style>
         <Point>
            <coordinates>-122.072400083333,37.4283149833333,0</coordinates>
         </Point>
      </Placemark>
      <Placemark>
         <Snippet maxLines="0"> </Snippet>
         <description>244, UTC 22:31:47
37.4283035,-122.0724532,EA3.8m
Alt -32.5 m, EA 1.0 m
Vel -0.8,-5.0, EA 0.00 m/s</description>
         <Style>
            <IconStyle>
               <Icon>
                  <href>http://maps.google.com/mapfiles/kml/shapes/shaded_dot.png</href>
               </Icon>
               <scale>0.6</scale>
               <color>bfed8548</color>
            </IconStyle>
         </Style>
         <Point>
            <coordinates>-122.072453183333,37.4283034833333,0</coordinates>
         </Point>
      </Placemark>
      <Placemark>
         <Snippet maxLines="0"> </Snippet>
         <description>245, UTC 22:31:48
37.4282942,-122.0725062,EA3.8m
Alt -32.4 m, EA 1.0 m
Vel -1.4,-4.1, EA 0.00 m/s</description>
         <Style>
            <IconStyle>
               <Icon>
                  <href>http://maps.google.com/mapfiles/kml/shapes/shaded_dot.png</href>
               </Icon>
               <scale>0.6</scale>
               <color>bfed8548</color>
            </IconStyle>
         </Style>
         <Point>
            <coordinates>-122.0725062,37.4282942,0</coordinates>
         </Point>
      </Placemark>
      <Placemark>
         <Snippet maxLines="0"> </Snippet>
         <description>246, UTC 22:31:49
37.4282814,-122.0725370,EA3.8m
Alt -33.0 m, EA 1.0 m
Vel -1.5,-2.9, EA 0.00 m/s</description>
         <Style>
            <IconStyle>
               <Icon>
                  <href>http://maps.google.com/mapfiles/kml/shapes/shaded_dot.png</href>
               </Icon>
               <scale>0.6</scale>
               <color>bfed8548</color>
            </IconStyle>
         </Style>
         <Point>
            <coordinates>-122.072536983333,37.4282814,0</coordinates>
         </Point>
      </Placemark>
      <Placemark>
         <Snippet maxLines="0"> </Snippet>
         <description>247, UTC 22:31:50
37.4282758,-122.0725501,EA3.8m
Alt -32.4 m, EA 1.0 m
Vel -0.8,-1.3, EA 0.00 m/s</description>
         <Style>
            <IconStyle>
               <Icon>
                  <href>http://maps.google.com/mapfiles/kml/shapes/shaded_dot.png</href>
               </Icon>
               <scale>0.6</scale>
               <color>bfed8548</color>
            </IconStyle>
         </Style>
         <Point>
            <coordinates>-122.0725501,37.4282758,0</coordinates>
         </Point>
      </Placemark>
      <Placemark>
         <Snippet maxLines="0"> </Snippet>
         <description>248, UTC 22:31:51
37.4282767,-122.0725558,EA3.8m
Alt -31.8 m, EA 1.0 m
Vel -0.1,-0.2, EA 0.00 m/s</description>
         <Style>
            <IconStyle>
               <Icon>
                  <href>http://maps.google.com/mapfiles/kml/shapes/shaded_dot.png</href>
               </Icon>
               <scale>0.6</scale>
               <color>bfed8548</color>
            </IconStyle>
         </Style>
         <Point>
            <coordinates>-122.0725558,37.4282766833333,0</coordinates>
         </Point>
      </Placemark>
      <Placemark>
         <Snippet maxLines="0"> </Snippet>
         <description>249, UTC 22:31:52
37.4282793,-122.0725585,EA3.8m
Alt -31.5 m, EA 1.0 m
Vel 0.0,0.0, EA 0.00 m/s</description>
         <Style>
            <IconStyle>
               <Icon>
                  <href>http://maps.google.com/mapfiles/kml/shapes/shaded_dot.png</href>
               </Icon>
               <scale>0.6</scale>
               <color>bfed8548</color>
            </IconStyle>
         </Style>
         <Point>
            <coordinates>-122.072558483333,37.4282792833333,0</coordinates>
         </Point>
      </Placemark>
      <Placemark>
         <Snippet maxLines="0"> </Snippet>
         <description>250, UTC 22:31:53
37.4282802,-122.0725587,EA3.8m
Alt -31.4 m, EA 1.0 m
Vel 0.0,0.0, EA 0.00 m/s</description>
         <Style>
            <IconStyle>
               <Icon>
                  <href>http://maps.google.com/mapfiles/kml/shapes/shaded_dot.png</href>
               </Icon>
               <scale>0.6</scale>
               <color>bfed8548</color>
            </IconStyle>
         </Style>
         <Point>
            <coordinates>-122.0725587,37.4282802,0</coordinates>
         </Point>
      </Placemark>
      <Placemark>
         <Snippet maxLines="0"> </Snippet>
         <description>251, UTC 22:31:54
37.4282799,-122.0725592,EA3.8m
Alt -31.4 m, EA 1.0 m
Vel 0.0,0.0, EA 0.00 m/s</description>
         <Style>
            <IconStyle>
               <Icon>
                  <href>http://maps.google.com/mapfiles/kml/shapes/shaded_dot.png</href>
               </Icon>
               <scale>0.6</scale>
               <color>bfed8548</color>
            </IconStyle>
         </Style>
         <Point>
            <coordinates>-122.0725592,37.4282798833333,0</coordinates>
         </Point>
      </Placemark>
      <Placemark>
         <Snippet maxLines="0"> </Snippet>
         <description>252, UTC 22:31:55
37.4282792,-122.0725594,EA3.8m
Alt -31.1 m, EA 1.0 m
Vel 0.0,0.0, EA 0.00 m/s</description>
         <Style>
            <IconStyle>
               <Icon>
                  <href>http://maps.google.com/mapfiles/kml/shapes/shaded_dot.png</href>
               </Icon>
               <scale>0.6</scale>
               <color>bfed8548</color>
            </IconStyle>
         </Style>
         <Point>
            <coordinates>-122.0725594,37.4282791833333,0</coordinates>
         </Point>
      </Placemark>
      <Placemark>
         <Snippet maxLines="0"> </Snippet>
         <description>253, UTC 22:31:56
37.4282787,-122.0725603,EA3.8m
Alt -31.0 m, EA 1.0 m
Vel 0.0,0.0, EA 0.00 m/s</description>
         <Style>
            <IconStyle>
               <Icon>
                  <href>http://maps.google.com/mapfiles/kml/shapes/shaded_dot.png</href>
               </Icon>
               <scale>0.6</scale>
               <color>bfed8548</color>
            </IconStyle>
         </Style>
         <Point>
            <coordinates>-122.0725603,37.4282786833333,0</coordinates>
         </Point>
      </Placemark>
      <Placemark>
         <Snippet maxLines="0"> </Snippet>
         <description>254, UTC 22:31:57
37.4282770,-122.0725615,EA3.8m
Alt -30.7 m, EA 1.0 m
Vel 0.0,0.0, EA 0.00 m/s</description>
         <Style>
            <IconStyle>
               <Icon>
                  <href>http://maps.google.com/mapfiles/kml/shapes/shaded_dot.png</href>
               </Icon>
               <scale>0.6</scale>
               <color>bfed8548</color>
            </IconStyle>
         </Style>
         <Point>
            <coordinates>-122.0725615,37.428277,0</coordinates>
         </Point>
      </Placemark>
      <Placemark>
         <Snippet maxLines="0"> </Snippet>
         <description>255, UTC 22:31:58
37.4282762,-122.0725600,EA3.8m
Alt -30.2 m, EA 1.0 m
Vel 0.0,0.0, EA 0.00 m/s</description>
         <Style>
            <IconStyle>
               <Icon>
                  <href>http://maps.google.com/mapfiles/kml/shapes/shaded_dot.png</href>
               </Icon>
               <scale>0.6</scale>
               <color>bfed8548</color>
            </IconStyle>
         </Style>
         <Point>
            <coordinates>-122.072559983333,37.4282761833333,0</coordinates>
         </Point>
      </Placemark>
      <Placemark>
         <Snippet maxLines="0"> </Snippet>
         <description>256, UTC 22:31:59
37.4282755,-122.0725597,EA3.8m
Alt -30.1 m, EA 1.0 m
Vel 0.0,0.0, EA 0.00 m/s</description>
         <Style>
            <IconStyle>
               <Icon>
                  <href>http://maps.google.com/mapfiles/kml/shapes/shaded_dot.png</href>
               </Icon>
               <scale>0.6</scale>
               <color>bfed8548</color>
            </IconStyle>
         </Style>
         <Point>
            <coordinates>-122.072559683333,37.4282754833333,0</coordinates>
         </Point>
      </Placemark>
      <Placemark>
         <Snippet maxLines="0"> </Snippet>
         <description>257, UTC 22:32:00
37.4282730,-122.0725584,EA3.8m
Alt -30.1 m, EA 1.0 m
Vel 0.0,0.0, EA 0.00 m/s</description>
         <Style>
            <IconStyle>
               <Icon>
                  <href>http://maps.google.com/mapfiles/kml/shapes/shaded_dot.png</href>
               </Icon>
               <scale>0.6</scale>
               <color>bfed8548</color>
            </IconStyle>
         </Style>
         <Point>
            <coordinates>-122.0725584,37.4282729833333,0</coordinates>
         </Point>
      </Placemark>
      <Placemark>
         <Snippet maxLines="0"> </Snippet>
         <description>258, UTC 22:32:01
37.4282716,-122.0725587,EA3.8m
Alt -30.1 m, EA 1.0 m
Vel 0.0,0.0, EA 0.00 m/s</description>
         <Style>
            <IconStyle>
               <Icon>
                  <href>http://maps.google.com/mapfiles/kml/shapes/shaded_dot.png</href>
               </Icon>
               <scale>0.6</scale>
               <color>bfed8548</color>
            </IconStyle>
         </Style>
         <Point>
            <coordinates>-122.0725587,37.4282716,0</coordinates>
         </Point>
      </Placemark>
      <Placemark>
         <Snippet maxLines="0"> </Snippet>
         <description>259, UTC 22:32:02
37.4282709,-122.0725593,EA3.8m
Alt -30.0 m, EA 1.0 m
Vel 0.0,0.0, EA 0.00 m/s</description>
         <Style>
            <IconStyle>
               <Icon>
                  <href>http://maps.google.com/mapfiles/kml/shapes/shaded_dot.png</href>
               </Icon>
               <scale>0.6</scale>
               <color>bfed8548</color>
            </IconStyle>
         </Style>
         <Point>
            <coordinates>-122.072559283333,37.4282709,0</coordinates>
         </Point>
      </Placemark>
      <Placemark>
         <Snippet maxLines="0"> </Snippet>
         <description>260, UTC 22:32:03
37.4282711,-122.0725598,EA3.8m
Alt -29.7 m, EA 1.0 m
Vel 0.0,0.0, EA 0.00 m/s</description>
         <Style>
            <IconStyle>
               <Icon>
                  <href>http://maps.google.com/mapfiles/kml/shapes/shaded_dot.png</href>
               </Icon>
               <scale>0.6</scale>
               <color>bfed8548</color>
            </IconStyle>
         </Style>
         <Point>
            <coordinates>-122.072559783333,37.4282711,0</coordinates>
         </Point>
      </Placemark>
      <Placemark>
         <Snippet maxLines="0"> </Snippet>
         <description>261, UTC 22:32:04
37.4282703,-122.0725599,EA3.8m
Alt -29.5 m, EA 1.0 m
Vel 0.0,0.0, EA 0.00 m/s</description>
         <Style>
            <IconStyle>
               <Icon>
                  <href>http://maps.google.com/mapfiles/kml/shapes/shaded_dot.png</href>
               </Icon>
               <scale>0.6</scale>
               <color>bfed8548</color>
            </IconStyle>
         </Style>
         <Point>
            <coordinates>-122.0725599,37.4282703,0</coordinates>
         </Point>
      </Placemark>
      <Placemark>
         <Snippet maxLines="0"> </Snippet>
         <description>262, UTC 22:32:05
37.4282698,-122.0725606,EA3.8m
Alt -29.3 m, EA 1.0 m
Vel 0.0,0.0, EA 0.00 m/s</description>
         <Style>
            <IconStyle>
               <Icon>
                  <href>http://maps.google.com/mapfiles/kml/shapes/shaded_dot.png</href>
               </Icon>
               <scale>0.6</scale>
               <color>bfed8548</color>
            </IconStyle>
         </Style>
         <Point>
            <coordinates>-122.0725606,37.4282698,0</coordinates>
         </Point>
      </Placemark>
      <Placemark>
         <Snippet maxLines="0"> </Snippet>
         <description>263, UTC 22:32:06
37.4282690,-122.0725613,EA3.8m
Alt -29.2 m, EA 1.0 m
Vel 0.0,0.0, EA 0.00 m/s</description>
         <Style>
            <IconStyle>
               <Icon>
                  <href>http://maps.google.com/mapfiles/kml/shapes/shaded_dot.png</href>
               </Icon>
               <scale>0.6</scale>
               <color>bfed8548</color>
            </IconStyle>
         </Style>
         <Point>
            <coordinates>-122.0725613,37.428269,0</coordinates>
         </Point>
      </Placemark>
      <Placemark>
         <Snippet maxLines="0"> </Snippet>
         <description>264, UTC 22:32:07
37.4282684,-122.0725631,EA3.8m
Alt -29.8 m, EA 1.0 m
Vel 0.0,0.0, EA 0.00 m/s</description>
         <Style>
            <IconStyle>
               <Icon>
                  <href>http://maps.google.com/mapfiles/kml/shapes/shaded_dot.png</href>
               </Icon>
               <scale>0.6</scale>
               <color>bfed8548</color>
            </IconStyle>
         </Style>
         <Point>
            <coordinates>-122.072563083333,37.4282684,0</coordinates>
         </Point>
      </Placemark>
      <Placemark>
         <Snippet maxLines="0"> </Snippet>
         <description>265, UTC 22:32:08
37.4282661,-122.0725633,EA3.8m
Alt -29.7 m, EA 1.0 m
Vel 0.0,0.0, EA 0.00 m/s</description>
         <Style>
            <IconStyle>
               <Icon>
                  <href>http://maps.google.com/mapfiles/kml/shapes/shaded_dot.png</href>
               </Icon>
               <scale>0.6</scale>
               <color>bfed8548</color>
            </IconStyle>
         </Style>
         <Point>
            <coordinates>-122.072563283333,37.4282661,0</coordinates>
         </Point>
      </Placemark>
      <Placemark>
         <Snippet maxLines="0"> </Snippet>
         <description>266, UTC 22:32:09
37.4282654,-122.0725633,EA3.8m
Alt -29.7 m, EA 1.0 m
Vel 0.0,0.0, EA 0.00 m/s</description>
         <Style>
            <IconStyle>
               <Icon>
                  <href>http://maps.google.com/mapfiles/kml/shapes/shaded_dot.png</href>
               </Icon>
               <scale>0.6</scale>
               <color>bfed8548</color>
            </IconStyle>
         </Style>
         <Point>
            <coordinates>-122.072563283333,37.4282654,0</coordinates>
         </Point>
      </Placemark>
      <Placemark>
         <Snippet maxLines="0"> </Snippet>
         <description>267, UTC 22:32:10
37.4282649,-122.0725623,EA3.8m
Alt -29.6 m, EA 1.0 m
Vel 0.0,0.0, EA 0.00 m/s</description>
         <Style>
            <IconStyle>
               <Icon>
                  <href>http://maps.google.com/mapfiles/kml/shapes/shaded_dot.png</href>
               </Icon>
               <scale>0.6</scale>
               <color>bfed8548</color>
            </IconStyle>
         </Style>
         <Point>
            <coordinates>-122.0725623,37.4282649,0</coordinates>
         </Point>
      </Placemark>
      <Placemark>
         <Snippet maxLines="0"> </Snippet>
         <description>268, UTC 22:32:11
37.4282655,-122.0725617,EA3.8m
Alt -29.4 m, EA 1.0 m
Vel 0.0,0.0, EA 0.00 m/s</description>
         <Style>
            <IconStyle>
               <Icon>
                  <href>http://maps.google.com/mapfiles/kml/shapes/shaded_dot.png</href>
               </Icon>
               <scale>0.6</scale>
               <color>bfed8548</color>
            </IconStyle>
         </Style>
         <Point>
            <coordinates>-122.072561683333,37.4282655,0</coordinates>
         </Point>
      </Placemark>
      <Placemark>
         <Snippet maxLines="0"> </Snippet>
         <description>269, UTC 22:32:12
37.4282637,-122.0725613,EA3.8m
Alt -28.9 m, EA 1.0 m
Vel 0.0,0.0, EA 0.00 m/s</description>
         <Style>
            <IconStyle>
               <Icon>
                  <href>http://maps.google.com/mapfiles/kml/shapes/shaded_dot.png</href>
               </Icon>
               <scale>0.6</scale>
               <color>bfed8548</color>
            </IconStyle>
         </Style>
         <Point>
            <coordinates>-122.0725613,37.4282637,0</coordinates>
         </Point>
      </Placemark>
      <Placemark>
         <Snippet maxLines="0"> </Snippet>
         <description>270, UTC 22:32:13
37.4282624,-122.0725629,EA3.8m
Alt -28.5 m, EA 1.0 m
Vel 0.0,0.0, EA 0.00 m/s</description>
         <Style>
            <IconStyle>
               <Icon>
                  <href>http://maps.google.com/mapfiles/kml/shapes/shaded_dot.png</href>
               </Icon>
               <scale>0.6</scale>
               <color>bfed8548</color>
            </IconStyle>
         </Style>
         <Point>
            <coordinates>-122.072562883333,37.4282624,0</coordinates>
         </Point>
      </Placemark>
      <Placemark>
         <Snippet maxLines="0"> </Snippet>
         <description>271, UTC 22:32:14
37.4282595,-122.0725653,EA3.8m
Alt -28.5 m, EA 1.0 m
Vel 0.0,0.0, EA 0.00 m/s</description>
         <Style>
            <IconStyle>
               <Icon>
                  <href>http://maps.google.com/mapfiles/kml/shapes/shaded_dot.png</href>
               </Icon>
               <scale>0.6</scale>
               <color>bfed8548</color>
            </IconStyle>
         </Style>
         <Point>
            <coordinates>-122.072565283333,37.4282595,0</coordinates>
         </Point>
      </Placemark>
      <Placemark>
         <Snippet maxLines="0"> </Snippet>
         <description>272, UTC 22:32:15
37.4282573,-122.0725655,EA3.8m
Alt -28.3 m, EA 1.0 m
Vel 0.0,0.0, EA 0.00 m/s</description>
         <Style>
            <IconStyle>
               <Icon>
                  <href>http://maps.google.com/mapfiles/kml/shapes/shaded_dot.png</href>
               </Icon>
               <scale>0.6</scale>
               <color>bfed8548</color>
            </IconStyle>
         </Style>
         <Point>
            <coordinates>-122.072565483333,37.4282572833333,0</coordinates>
         </Point>
      </Placemark>
      <Placemark>
         <Snippet maxLines="0"> </Snippet>
         <description>273, UTC 22:32:16
37.4282572,-122.0725647,EA3.8m
Alt -28.1 m, EA 1.0 m
Vel 0.0,0.0, EA 0.00 m/s</description>
         <Style>
            <IconStyle>
               <Icon>
                  <href>http://maps.google.com/mapfiles/kml/shapes/shaded_dot.png</href>
               </Icon>
               <scale>0.6</scale>
               <color>bfed8548</color>
            </IconStyle>
         </Style>
         <Point>
            <coordinates>-122.0725647,37.4282571833333,0</coordinates>
         </Point>
      </Placemark>
      <Placemark>
         <Snippet maxLines="0"> </Snippet>
         <description>274, UTC 22:32:17
37.4282570,-122.0725649,EA3.8m
Alt -27.8 m, EA 1.0 m
Vel 0.0,0.0, EA 0.00 m/s</description>
         <Style>
            <IconStyle>
               <Icon>
                  <href>http://maps.google.com/mapfiles/kml/shapes/shaded_dot.png</href>
               </Icon>
               <scale>0.6</scale>
               <color>bfed8548</color>
            </IconStyle>
         </Style>
         <Point>
            <coordinates>-122.0725649,37.428257,0</coordinates>
         </Point>
      </Placemark>
      <Placemark>
         <Snippet maxLines="0"> </Snippet>
         <description>275, UTC 22:32:18
37.4282580,-122.0725650,EA3.8m
Alt -27.5 m, EA 1.0 m
Vel 0.0,0.0, EA 0.00 m/s</description>
         <Style>
            <IconStyle>
               <Icon>
                  <href>http://maps.google.com/mapfiles/kml/shapes/shaded_dot.png</href>
               </Icon>
               <scale>0.6</scale>
               <color>bfed8548</color>
            </IconStyle>
         </Style>
         <Point>
            <coordinates>-122.072564983333,37.4282579833333,0</coordinates>
         </Point>
      </Placemark>
      <Placemark>
         <Snippet maxLines="0"> </Snippet>
         <description>276, UTC 22:32:19
37.4282573,-122.0725658,EA3.8m
Alt -27.2 m, EA 1.0 m
Vel 0.0,0.0, EA 0.00 m/s</description>
         <Style>
            <IconStyle>
               <Icon>
                  <href>http://maps.google.com/mapfiles/kml/shapes/shaded_dot.png</href>
               </Icon>
               <scale>0.6</scale>
               <color>bfed8548</color>
            </IconStyle>
         </Style>
         <Point>
            <coordinates>-122.0725658,37.4282572833333,0</coordinates>
         </Point>
      </Placemark>
      <Placemark>
         <Snippet maxLines="0"> </Snippet>
         <description>277, UTC 22:32:20
37.4282555,-122.0725662,EA3.8m
Alt -26.9 m, EA 1.0 m
Vel 0.0,0.0, EA 0.00 m/s</description>
         <Style>
            <IconStyle>
               <Icon>
                  <href>http://maps.google.com/mapfiles/kml/shapes/shaded_dot.png</href>
               </Icon>
               <scale>0.6</scale>
               <color>bfed8548</color>
            </IconStyle>
         </Style>
         <Point>
            <coordinates>-122.072566183333,37.4282554833333,0</coordinates>
         </Point>
      </Placemark>
      <Placemark>
         <Snippet maxLines="0"> </Snippet>
         <description>278, UTC 22:32:21
37.4282557,-122.0725661,EA3.8m
Alt -26.8 m, EA 1.0 m
Vel 0.0,0.0, EA 0.00 m/s</description>
         <Style>
            <IconStyle>
               <Icon>
                  <href>http://maps.google.com/mapfiles/kml/shapes/shaded_dot.png</href>
               </Icon>
               <scale>0.6</scale>
               <color>bfed8548</color>
            </IconStyle>
         </Style>
         <Point>
            <coordinates>-122.0725661,37.4282557,0</coordinates>
         </Point>
      </Placemark>
      <Placemark>
         <Snippet maxLines="0"> </Snippet>
         <description>279, UTC 22:32:22
37.4282555,-122.0725658,EA3.8m
Alt -26.6 m, EA 1.0 m
Vel 0.0,0.0, EA 0.00 m/s</description>
         <Style>
            <IconStyle>
               <Icon>
                  <href>http://maps.google.com/mapfiles/kml/shapes/shaded_dot.png</href>
               </Icon>
               <scale>0.6</scale>
               <color>bfed8548</color>
            </IconStyle>
         </Style>
         <Point>
            <coordinates>-122.0725658,37.4282554833333,0</coordinates>
         </Point>
      </Placemark>
      <Placemark>
         <Snippet maxLines="0"> </Snippet>
         <description>280, UTC 22:32:23
37.4282541,-122.0725653,EA3.8m
Alt -26.4 m, EA 1.0 m
Vel 0.0,0.0, EA 0.00 m/s</description>
         <Style>
            <IconStyle>
               <Icon>
                  <href>http://maps.google.com/mapfiles/kml/shapes/shaded_dot.png</href>
               </Icon>
               <scale>0.6</scale>
               <color>bfed8548</color>
            </IconStyle>
         </Style>
         <Point>
            <coordinates>-122.072565283333,37.4282540833333,0</coordinates>
         </Point>
      </Placemark>
      <Placemark>
         <Snippet maxLines="0"> </Snippet>
         <description>281, UTC 22:32:24
37.4282539,-122.0725654,EA3.8m
Alt -26.4 m, EA 1.0 m
Vel 0.0,0.0, EA 0.00 m/s</description>
         <Style>
            <IconStyle>
               <Icon>
                  <href>http://maps.google.com/mapfiles/kml/shapes/shaded_dot.png</href>
               </Icon>
               <scale>0.6</scale>
               <color>bfed8548</color>
            </IconStyle>
         </Style>
         <Point>
            <coordinates>-122.0725654,37.4282539,0</coordinates>
         </Point>
      </Placemark>
      <Placemark>
         <Snippet maxLines="0"> </Snippet>
         <description>282, UTC 22:32:25
37.4282558,-122.0725617,EA3.8m
Alt -26.0 m, EA 1.0 m
Vel 0.0,0.0, EA 0.00 m/s</description>
         <Style>
            <IconStyle>
               <Icon>
                  <href>http://maps.google.com/mapfiles/kml/shapes/shaded_dot.png</href>
               </Icon>
               <scale>0.6</scale>
               <color>bfed8548</color>
            </IconStyle>
         </Style>
         <Point>
            <coordinates>-122.072561683333,37.4282558,0</coordinates>
         </Point>
      </Placemark>
      <Placemark>
         <Snippet maxLines="0"> </Snippet>
         <description>283, UTC 22:32:26
37.4282584,-122.0725610,EA3.8m
Alt -26.0 m, EA 1.0 m
Vel 0.0,0.0, EA 0.00 m/s</description>
         <Style>
            <IconStyle>
               <Icon>
                  <href>http://maps.google.com/mapfiles/kml/shapes/shaded_dot.png</href>
               </Icon>
               <scale>0.6</scale>
               <color>bfed8548</color>
            </IconStyle>
         </Style>
         <Point>
            <coordinates>-122.072560983333,37.4282583833333,0</coordinates>
         </Point>
      </Placemark>
      <Placemark>
         <Snippet maxLines="0"> </Snippet>
         <description>284, UTC 22:32:27
37.4282626,-122.0725602,EA3.8m
Alt -25.9 m, EA 1.0 m
Vel 0.0,0.0, EA 0.00 m/s</description>
         <Style>
            <IconStyle>
               <Icon>
                  <href>http://maps.google.com/mapfiles/kml/shapes/shaded_dot.png</href>
               </Icon>
               <scale>0.6</scale>
               <color>bfed8548</color>
            </IconStyle>
         </Style>
         <Point>
            <coordinates>-122.072560183333,37.4282625833333,0</coordinates>
         </Point>
      </Placemark>
      <Placemark>
         <Snippet maxLines="0"> </Snippet>
         <description>285, UTC 22:32:28
37.4282631,-122.0725601,EA3.8m
Alt -25.8 m, EA 1.0 m
Vel 0.0,0.0, EA 0.00 m/s</description>
         <Style>
            <IconStyle>
               <Icon>
                  <href>http://maps.google.com/mapfiles/kml/shapes/shaded_dot.png</href>
               </Icon>
               <scale>0.6</scale>
               <color>bfed8548</color>
            </IconStyle>
         </Style>
         <Point>
            <coordinates>-122.0725601,37.4282631,0</coordinates>
         </Point>
      </Placemark>
      <Placemark>
         <Snippet maxLines="0"> </Snippet>
         <description>286, UTC 22:32:29
37.4282627,-122.0725616,EA3.8m
Alt -25.4 m, EA 1.0 m
Vel 0.0,0.0, EA 0.00 m/s</description>
         <Style>
            <IconStyle>
               <Icon>
                  <href>http://maps.google.com/mapfiles/kml/shapes/shaded_dot.png</href>
               </Icon>
               <scale>0.6</scale>
               <color>bfed8548</color>
            </IconStyle>
         </Style>
         <Point>
            <coordinates>-122.0725616,37.4282626833333,0</coordinates>
         </Point>
      </Placemark>
      <Placemark>
         <Snippet maxLines="0"> </Snippet>
         <description>287, UTC 22:32:30
37.4282620,-122.0725624,EA3.8m
Alt -25.2 m, EA 1.0 m
Vel 0.0,0.0, EA 0.00 m/s</description>
         <Style>
            <IconStyle>
               <Icon>
                  <href>http://maps.google.com/mapfiles/kml/shapes/shaded_dot.png</href>
               </Icon>
               <scale>0.6</scale>
               <color>bfed8548</color>
            </IconStyle>
         </Style>
         <Point>
            <coordinates>-122.072562383333,37.4282619833333,0</coordinates>
         </Point>
      </Placemark>
      <Placemark>
         <Snippet maxLines="0"> </Snippet>
         <description>288, UTC 22:32:31
37.4282621,-122.0725627,EA3.8m
Alt -25.1 m, EA 1.0 m
Vel 0.0,0.0, EA 0.00 m/s</description>
         <Style>
            <IconStyle>
               <Icon>
                  <href>http://maps.google.com/mapfiles/kml/shapes/shaded_dot.png</href>
               </Icon>
               <scale>0.6</scale>
               <color>bfed8548</color>
            </IconStyle>
         </Style>
         <Point>
            <coordinates>-122.0725627,37.4282620833333,0</coordinates>
         </Point>
      </Placemark>
      <Placemark>
         <Snippet maxLines="0"> </Snippet>
         <description>289, UTC 22:32:32
37.4282611,-122.0725628,EA3.8m
Alt -25.1 m, EA 1.0 m
Vel 0.0,0.0, EA 0.00 m/s</description>
         <Style>
            <IconStyle>
               <Icon>
                  <href>http://maps.google.com/mapfiles/kml/shapes/shaded_dot.png</href>
               </Icon>
               <scale>0.6</scale>
               <color>bfed8548</color>
            </IconStyle>
         </Style>
         <Point>
            <coordinates>-122.0725628,37.4282611,0</coordinates>
         </Point>
      </Placemark>
      <Placemark>
         <Snippet maxLines="0"> </Snippet>
         <description>290, UTC 22:32:33
37.4282605,-122.0725614,EA3.8m
Alt -24.8 m, EA 1.0 m
Vel 0.0,0.0, EA 0.00 m/s</description>
         <Style>
            <IconStyle>
               <Icon>
                  <href>http://maps.google.com/mapfiles/kml/shapes/shaded_dot.png</href>
               </Icon>
               <scale>0.6</scale>
               <color>bfed8548</color>
            </IconStyle>
         </Style>
         <Point>
            <coordinates>-122.072561383333,37.4282605,0</coordinates>
         </Point>
      </Placemark>
      <Placemark>
         <Snippet maxLines="0"> </Snippet>
         <description>291, UTC 22:32:34
37.4282584,-122.0725616,EA3.8m
Alt -24.9 m, EA 1.0 m
Vel 0.0,0.0, EA 0.00 m/s</description>
         <Style>
            <IconStyle>
               <Icon>
                  <href>http://maps.google.com/mapfiles/kml/shapes/shaded_dot.png</href>
               </Icon>
               <scale>0.6</scale>
               <color>bfed8548</color>
            </IconStyle>
         </Style>
         <Point>
            <coordinates>-122.0725616,37.4282583833333,0</coordinates>
         </Point>
      </Placemark>
      <Placemark>
         <Snippet maxLines="0"> </Snippet>
         <description>292, UTC 22:32:35
37.4282568,-122.0725618,EA3.8m
Alt -25.1 m, EA 1.0 m
Vel 0.0,0.0, EA 0.00 m/s</description>
         <Style>
            <IconStyle>
               <Icon>
                  <href>http://maps.google.com/mapfiles/kml/shapes/shaded_dot.png</href>
               </Icon>
               <scale>0.6</scale>
               <color>bfed8548</color>
            </IconStyle>
         </Style>
         <Point>
            <coordinates>-122.0725618,37.4282567833333,0</coordinates>
         </Point>
      </Placemark>
      <Placemark>
         <Snippet maxLines="0"> </Snippet>
         <description>293, UTC 22:32:36
37.4282551,-122.0725614,EA3.8m
Alt -25.1 m, EA 1.0 m
Vel 0.0,0.0, EA 0.00 m/s</description>
         <Style>
            <IconStyle>
               <Icon>
                  <href>http://maps.google.com/mapfiles/kml/shapes/shaded_dot.png</href>
               </Icon>
               <scale>0.6</scale>
               <color>bfed8548</color>
            </IconStyle>
         </Style>
         <Point>
            <coordinates>-122.072561383333,37.4282551,0</coordinates>
         </Point>
      </Placemark>
      <Placemark>
         <Snippet maxLines="0"> </Snippet>
         <description>294, UTC 22:32:37
37.4282546,-122.0725618,EA3.8m
Alt -25.1 m, EA 1.0 m
Vel 0.0,0.0, EA 0.00 m/s</description>
         <Style>
            <IconStyle>
               <Icon>
                  <href>http://maps.google.com/mapfiles/kml/shapes/shaded_dot.png</href>
               </Icon>
               <scale>0.6</scale>
               <color>bfed8548</color>
            </IconStyle>
         </Style>
         <Point>
            <coordinates>-122.0725618,37.4282546,0</coordinates>
         </Point>
      </Placemark>
      <Placemark>
         <Snippet maxLines="0"> </Snippet>
         <description>295, UTC 22:32:38
37.4282547,-122.0725631,EA3.8m
Alt -25.0 m, EA 1.0 m
Vel 0.0,0.0, EA 0.00 m/s</description>
         <Style>
            <IconStyle>
               <Icon>
                  <href>http://maps.google.com/mapfiles/kml/shapes/shaded_dot.png</href>
               </Icon>
               <scale>0.6</scale>
               <color>bfed8548</color>
            </IconStyle>
         </Style>
         <Point>
            <coordinates>-122.072563083333,37.4282546833333,0</coordinates>
         </Point>
      </Placemark>
      <Placemark>
         <Snippet maxLines="0"> </Snippet>
         <description>296, UTC 22:32:39
37.4282547,-122.0725637,EA3.8m
Alt -24.5 m, EA 1.0 m
Vel 0.0,0.0, EA 0.00 m/s</description>
         <Style>
            <IconStyle>
               <Icon>
                  <href>http://maps.google.com/mapfiles/kml/shapes/shaded_dot.png</href>
               </Icon>
               <scale>0.6</scale>
               <color>bfed8548</color>
            </IconStyle>
         </Style>
         <Point>
            <coordinates>-122.0725637,37.4282546833333,0</coordinates>
         </Point>
      </Placemark>
      <Placemark>
         <Snippet maxLines="0"> </Snippet>
         <description>297, UTC 22:32:40
37.4282542,-122.0725657,EA3.8m
Alt -24.2 m, EA 1.0 m
Vel 0.0,0.0, EA 0.00 m/s</description>
         <Style>
            <IconStyle>
               <Icon>
                  <href>http://maps.google.com/mapfiles/kml/shapes/shaded_dot.png</href>
               </Icon>
               <scale>0.6</scale>
               <color>bfed8548</color>
            </IconStyle>
         </Style>
         <Point>
            <coordinates>-122.072565683333,37.4282541833333,0</coordinates>
         </Point>
      </Placemark>
      <Placemark>
         <Snippet maxLines="0"> </Snippet>
         <description>298, UTC 22:32:41
37.4282536,-122.0725658,EA3.8m
Alt -24.4 m, EA 1.0 m
Vel 0.0,0.0, EA 0.00 m/s</description>
         <Style>
            <IconStyle>
               <Icon>
                  <href>http://maps.google.com/mapfiles/kml/shapes/shaded_dot.png</href>
               </Icon>
               <scale>0.6</scale>
               <color>bfed8548</color>
            </IconStyle>
         </Style>
         <Point>
            <coordinates>-122.0725658,37.4282535833333,0</coordinates>
         </Point>
      </Placemark>
      <Placemark>
         <Snippet maxLines="0"> </Snippet>
         <description>299, UTC 22:32:42
37.4282546,-122.0725654,EA3.8m
Alt -24.3 m, EA 1.0 m
Vel 0.0,0.0, EA 0.00 m/s</description>
         <Style>
            <IconStyle>
               <Icon>
                  <href>http://maps.google.com/mapfiles/kml/shapes/shaded_dot.png</href>
               </Icon>
               <scale>0.6</scale>
               <color>bfed8548</color>
            </IconStyle>
         </Style>
         <Point>
            <coordinates>-122.0725654,37.4282546,0</coordinates>
         </Point>
      </Placemark>
      <Placemark>
         <Snippet maxLines="0"> </Snippet>
         <description>300, UTC 22:32:43
37.4282544,-122.0725660,EA3.8m
Alt -24.3 m, EA 1.0 m
Vel 0.0,0.0, EA 0.00 m/s</description>
         <Style>
            <IconStyle>
               <Icon>
                  <href>http://maps.google.com/mapfiles/kml/shapes/shaded_dot.png</href>
               </Icon>
               <scale>0.6</scale>
               <color>bfed8548</color>
            </IconStyle>
         </Style>
         <Point>
            <coordinates>-122.072565983333,37.4282544,0</coordinates>
         </Point>
      </Placemark>
      <Placemark>
         <Snippet maxLines="0"> </Snippet>
         <description>301, UTC 22:32:44
37.4282542,-122.0725638,EA3.8m
Alt -24.5 m, EA 1.0 m
Vel 0.0,0.0, EA 0.00 m/s</description>
         <Style>
            <IconStyle>
               <Icon>
                  <href>http://maps.google.com/mapfiles/kml/shapes/shaded_dot.png</href>
               </Icon>
               <scale>0.6</scale>
               <color>bfed8548</color>
            </IconStyle>
         </Style>
         <Point>
            <coordinates>-122.072563783333,37.4282541833333,0</coordinates>
         </Point>
      </Placemark>
      <Placemark>
         <Snippet maxLines="0"> </Snippet>
         <description>302, UTC 22:32:45
37.4282542,-122.0725638,EA3.8m
Alt -24.5 m, EA 1.0 m
Vel 0.0,0.0, EA 0.00 m/s</description>
         <Style>
            <IconStyle>
               <Icon>
                  <href>http://maps.google.com/mapfiles/kml/shapes/shaded_dot.png</href>
               </Icon>
               <scale>0.6</scale>
               <color>bfed8548</color>
            </IconStyle>
         </Style>
         <Point>
            <coordinates>-122.072563783333,37.4282541833333,0</coordinates>
         </Point>
      </Placemark>
      <Placemark>
         <Snippet maxLines="0"> </Snippet>
         <description>303, UTC 22:32:46
37.4282534,-122.0725629,EA3.8m
Alt -24.4 m, EA 1.0 m
Vel 0.0,0.0, EA 0.00 m/s</description>
         <Style>
            <IconStyle>
               <Icon>
                  <href>http://maps.google.com/mapfiles/kml/shapes/shaded_dot.png</href>
               </Icon>
               <scale>0.6</scale>
               <color>bfed8548</color>
            </IconStyle>
         </Style>
         <Point>
            <coordinates>-122.072562883333,37.4282534,0</coordinates>
         </Point>
      </Placemark>
      <Placemark>
         <Snippet maxLines="0"> </Snippet>
         <description>304, UTC 22:32:47
37.4282527,-122.0725636,EA3.8m
Alt -24.2 m, EA 1.0 m
Vel -0.2,-0.3, EA 0.00 m/s</description>
         <Style>
            <IconStyle>
               <Icon>
                  <href>http://maps.google.com/mapfiles/kml/shapes/shaded_dot.png</href>
               </Icon>
               <scale>0.6</scale>
               <color>bfed8548</color>
            </IconStyle>
         </Style>
         <Point>
            <coordinates>-122.072563583333,37.4282527,0</coordinates>
         </Point>
      </Placemark>
      <Placemark>
         <Snippet maxLines="0"> </Snippet>
         <description>305, UTC 22:32:48
37.4282525,-122.0725648,EA3.8m
Alt -24.0 m, EA 1.0 m
Vel -0.1,-0.2, EA 0.00 m/s</description>
         <Style>
            <IconStyle>
               <Icon>
                  <href>http://maps.google.com/mapfiles/kml/shapes/shaded_dot.png</href>
               </Icon>
               <scale>0.6</scale>
               <color>bfed8548</color>
            </IconStyle>
         </Style>
         <Point>
            <coordinates>-122.072564783333,37.4282524833333,0</coordinates>
         </Point>
      </Placemark>
      <Placemark>
         <Snippet maxLines="0"> </Snippet>
         <description>306, UTC 22:32:49
37.4282539,-122.0725631,EA3.8m
Alt -23.9 m, EA 1.0 m
Vel 0.0,0.0, EA 0.00 m/s</description>
         <Style>
            <IconStyle>
               <Icon>
                  <href>http://maps.google.com/mapfiles/kml/shapes/shaded_dot.png</href>
               </Icon>
               <scale>0.6</scale>
               <color>bfed8548</color>
            </IconStyle>
         </Style>
         <Point>
            <coordinates>-122.072563083333,37.4282539,0</coordinates>
         </Point>
      </Placemark>
      <Placemark>
         <Snippet maxLines="0"> </Snippet>
         <description>307, UTC 22:32:50
37.4282541,-122.0725616,EA3.8m
Alt -23.9 m, EA 1.0 m
Vel 0.0,0.0, EA 0.00 m/s</description>
         <Style>
            <IconStyle>
               <Icon>
                  <href>http://maps.google.com/mapfiles/kml/shapes/shaded_dot.png</href>
               </Icon>
               <scale>0.6</scale>
               <color>bfed8548</color>
            </IconStyle>
         </Style>
         <Point>
            <coordinates>-122.0725616,37.4282540833333,0</coordinates>
         </Point>
      </Placemark>
      <Placemark>
         <Snippet maxLines="0"> </Snippet>
         <description>308, UTC 22:32:51
37.4282531,-122.0725604,EA3.8m
Alt -23.9 m, EA 1.0 m
Vel 0.0,0.0, EA 0.00 m/s</description>
         <Style>
            <IconStyle>
               <Icon>
                  <href>http://maps.google.com/mapfiles/kml/shapes/shaded_dot.png</href>
               </Icon>
               <scale>0.6</scale>
               <color>bfed8548</color>
            </IconStyle>
         </Style>
         <Point>
            <coordinates>-122.0725604,37.4282530833333,0</coordinates>
         </Point>
      </Placemark>
      <Placemark>
         <Snippet maxLines="0"> </Snippet>
         <description>309, UTC 22:32:52
37.4282531,-122.0725592,EA3.8m
Alt -24.1 m, EA 1.0 m
Vel 0.0,0.0, EA 0.00 m/s</description>
         <Style>
            <IconStyle>
               <Icon>
                  <href>http://maps.google.com/mapfiles/kml/shapes/shaded_dot.png</href>
               </Icon>
               <scale>0.6</scale>
               <color>bfed8548</color>
            </IconStyle>
         </Style>
         <Point>
            <coordinates>-122.0725592,37.4282530833333,0</coordinates>
         </Point>
      </Placemark>
      <Placemark>
         <Snippet maxLines="0"> </Snippet>
         <description>310, UTC 22:32:53
37.4282535,-122.0725578,EA3.8m
Alt -24.0 m, EA 1.0 m
Vel 0.0,0.0, EA 0.00 m/s</description>
         <Style>
            <IconStyle>
               <Icon>
                  <href>http://maps.google.com/mapfiles/kml/shapes/shaded_dot.png</href>
               </Icon>
               <scale>0.6</scale>
               <color>bfed8548</color>
            </IconStyle>
         </Style>
         <Point>
            <coordinates>-122.072557783333,37.4282534833333,0</coordinates>
         </Point>
      </Placemark>
      <Placemark>
         <Snippet maxLines="0"> </Snippet>
         <description>311, UTC 22:32:54
37.4282525,-122.0725579,EA3.8m
Alt -24.0 m, EA 1.0 m
Vel 0.0,0.0, EA 0.00 m/s</description>
         <Style>
            <IconStyle>
               <Icon>
                  <href>http://maps.google.com/mapfiles/kml/shapes/shaded_dot.png</href>
               </Icon>
               <scale>0.6</scale>
               <color>bfed8548</color>
            </IconStyle>
         </Style>
         <Point>
            <coordinates>-122.0725579,37.4282524833333,0</coordinates>
         </Point>
      </Placemark>
      <Placemark>
         <Snippet maxLines="0"> </Snippet>
         <description>312, UTC 22:32:55
37.4282518,-122.0725586,EA3.8m
Alt -23.9 m, EA 1.0 m
Vel 0.0,0.0, EA 0.00 m/s</description>
         <Style>
            <IconStyle>
               <Icon>
                  <href>http://maps.google.com/mapfiles/kml/shapes/shaded_dot.png</href>
               </Icon>
               <scale>0.6</scale>
               <color>bfed8548</color>
            </IconStyle>
         </Style>
         <Point>
            <coordinates>-122.072558583333,37.4282517833333,0</coordinates>
         </Point>
      </Placemark>
      <Placemark>
         <Snippet maxLines="0"> </Snippet>
         <description>313, UTC 22:32:56
37.4282521,-122.0725582,EA3.8m
Alt -24.0 m, EA 1.0 m
Vel 0.0,0.0, EA 0.00 m/s</description>
         <Style>
            <IconStyle>
               <Icon>
                  <href>http://maps.google.com/mapfiles/kml/shapes/shaded_dot.png</href>
               </Icon>
               <scale>0.6</scale>
               <color>bfed8548</color>
            </IconStyle>
         </Style>
         <Point>
            <coordinates>-122.0725582,37.4282521,0</coordinates>
         </Point>
      </Placemark>
      <Placemark>
         <Snippet maxLines="0"> </Snippet>
         <description>314, UTC 22:32:57
37.4282525,-122.0725576,EA3.8m
Alt -23.9 m, EA 1.0 m
Vel 0.0,0.0, EA 0.00 m/s</description>
         <Style>
            <IconStyle>
               <Icon>
                  <href>http://maps.google.com/mapfiles/kml/shapes/shaded_dot.png</href>
               </Icon>
               <scale>0.6</scale>
               <color>bfed8548</color>
            </IconStyle>
         </Style>
         <Point>
            <coordinates>-122.072557583333,37.4282524833333,0</coordinates>
         </Point>
      </Placemark>
      <Placemark>
         <Snippet maxLines="0"> </Snippet>
         <description>315, UTC 22:32:58
37.4282515,-122.0725571,EA3.8m
Alt -23.8 m, EA 1.0 m
Vel 0.0,0.0, EA 0.00 m/s</description>
         <Style>
            <IconStyle>
               <Icon>
                  <href>http://maps.google.com/mapfiles/kml/shapes/shaded_dot.png</href>
               </Icon>
               <scale>0.6</scale>
               <color>bfed8548</color>
            </IconStyle>
         </Style>
         <Point>
            <coordinates>-122.072557083333,37.4282515,0</coordinates>
         </Point>
      </Placemark>
      <Placemark>
         <Snippet maxLines="0"> </Snippet>
         <description>316, UTC 22:32:59
37.4282514,-122.0725572,EA3.8m
Alt -23.8 m, EA 1.0 m
Vel 0.0,0.0, EA 0.00 m/s</description>
         <Style>
            <IconStyle>
               <Icon>
                  <href>http://maps.google.com/mapfiles/kml/shapes/shaded_dot.png</href>
               </Icon>
               <scale>0.6</scale>
               <color>bfed8548</color>
            </IconStyle>
         </Style>
         <Point>
            <coordinates>-122.0725572,37.4282514,0</coordinates>
         </Point>
      </Placemark>
      <Placemark>
         <Snippet maxLines="0"> </Snippet>
         <description>317, UTC 22:33:00
37.4282509,-122.0725577,EA3.8m
Alt -24.1 m, EA 1.0 m
Vel 0.0,0.0, EA 0.00 m/s</description>
         <Style>
            <IconStyle>
               <Icon>
                  <href>http://maps.google.com/mapfiles/kml/shapes/shaded_dot.png</href>
               </Icon>
               <scale>0.6</scale>
               <color>bfed8548</color>
            </IconStyle>
         </Style>
         <Point>
            <coordinates>-122.0725577,37.4282509,0</coordinates>
         </Point>
      </Placemark>
      <Placemark>
         <Snippet maxLines="0"> </Snippet>
         <description>318, UTC 22:33:01
37.4282504,-122.0725579,EA3.8m
Alt -24.2 m, EA 1.0 m
Vel 0.0,0.0, EA 0.00 m/s</description>
         <Style>
            <IconStyle>
               <Icon>
                  <href>http://maps.google.com/mapfiles/kml/shapes/shaded_dot.png</href>
               </Icon>
               <scale>0.6</scale>
               <color>bfed8548</color>
            </IconStyle>
         </Style>
         <Point>
            <coordinates>-122.0725579,37.4282504,0</coordinates>
         </Point>
      </Placemark>
      <Placemark>
         <Snippet maxLines="0"> </Snippet>
         <description>319, UTC 22:33:02
37.4282504,-122.0725584,EA3.8m
Alt -24.3 m, EA 1.0 m
Vel 0.0,0.0, EA 0.00 m/s</description>
         <Style>
            <IconStyle>
               <Icon>
                  <href>http://maps.google.com/mapfiles/kml/shapes/shaded_dot.png</href>
               </Icon>
               <scale>0.6</scale>
               <color>bfed8548</color>
            </IconStyle>
         </Style>
         <Point>
            <coordinates>-122.0725584,37.4282504,0</coordinates>
         </Point>
      </Placemark>
      <Placemark>
         <Snippet maxLines="0"> </Snippet>
         <description>320, UTC 22:33:03
37.4282500,-122.0725596,EA3.8m
Alt -24.2 m, EA 1.0 m
Vel 0.0,0.0, EA 0.00 m/s</description>
         <Style>
            <IconStyle>
               <Icon>
                  <href>http://maps.google.com/mapfiles/kml/shapes/shaded_dot.png</href>
               </Icon>
               <scale>0.6</scale>
               <color>bfed8548</color>
            </IconStyle>
         </Style>
         <Point>
            <coordinates>-122.0725596,37.4282499833333,0</coordinates>
         </Point>
      </Placemark>
      <Placemark>
         <Snippet maxLines="0"> </Snippet>
         <description>321, UTC 22:33:04
37.4282504,-122.0725603,EA3.8m
Alt -24.1 m, EA 1.0 m
Vel 0.0,0.0, EA 0.00 m/s</description>
         <Style>
            <IconStyle>
               <Icon>
                  <href>http://maps.google.com/mapfiles/kml/shapes/shaded_dot.png</href>
               </Icon>
               <scale>0.6</scale>
               <color>bfed8548</color>
            </IconStyle>
         </Style>
         <Point>
            <coordinates>-122.0725603,37.4282504,0</coordinates>
         </Point>
      </Placemark>
      <Placemark>
         <Snippet maxLines="0"> </Snippet>
         <description>322, UTC 22:33:05
37.4282503,-122.0725601,EA3.8m
Alt -23.9 m, EA 1.0 m
Vel 0.0,0.0, EA 0.00 m/s</description>
         <Style>
            <IconStyle>
               <Icon>
                  <href>http://maps.google.com/mapfiles/kml/shapes/shaded_dot.png</href>
               </Icon>
               <scale>0.6</scale>
               <color>bfed8548</color>
            </IconStyle>
         </Style>
         <Point>
            <coordinates>-122.0725601,37.4282503,0</coordinates>
         </Point>
      </Placemark>
      <Placemark>
         <Snippet maxLines="0"> </Snippet>
         <description>323, UTC 22:33:06
37.4282509,-122.0725608,EA3.8m
Alt -24.0 m, EA 1.0 m
Vel 0.0,0.0, EA 0.00 m/s</description>
         <Style>
            <IconStyle>
               <Icon>
                  <href>http://maps.google.com/mapfiles/kml/shapes/shaded_dot.png</href>
               </Icon>
               <scale>0.6</scale>
               <color>bfed8548</color>
            </IconStyle>
         </Style>
         <Point>
            <coordinates>-122.0725608,37.4282509,0</coordinates>
         </Point>
      </Placemark>
      <Placemark>
         <Snippet maxLines="0"> </Snippet>
         <description>324, UTC 22:33:07
37.4282512,-122.0725607,EA3.8m
Alt -24.2 m, EA 1.0 m
Vel 0.0,0.0, EA 0.00 m/s</description>
         <Style>
            <IconStyle>
               <Icon>
                  <href>http://maps.google.com/mapfiles/kml/shapes/shaded_dot.png</href>
               </Icon>
               <scale>0.6</scale>
               <color>bfed8548</color>
            </IconStyle>
         </Style>
         <Point>
            <coordinates>-122.072560683333,37.4282511833333,0</coordinates>
         </Point>
      </Placemark>
      <Placemark>
         <Snippet maxLines="0"> </Snippet>
         <description>325, UTC 22:33:08
37.4282522,-122.0725615,EA3.8m
Alt -24.2 m, EA 1.0 m
Vel 0.0,0.0, EA 0.00 m/s</description>
         <Style>
            <IconStyle>
               <Icon>
                  <href>http://maps.google.com/mapfiles/kml/shapes/shaded_dot.png</href>
               </Icon>
               <scale>0.6</scale>
               <color>bfed8548</color>
            </IconStyle>
         </Style>
         <Point>
            <coordinates>-122.0725615,37.4282522,0</coordinates>
         </Point>
      </Placemark>
      <Placemark>
         <Snippet maxLines="0"> </Snippet>
         <description>326, UTC 22:33:09
37.4282519,-122.0725634,EA3.8m
Alt -24.1 m, EA 1.0 m
Vel 0.0,0.0, EA 0.00 m/s</description>
         <Style>
            <IconStyle>
               <Icon>
                  <href>http://maps.google.com/mapfiles/kml/shapes/shaded_dot.png</href>
               </Icon>
               <scale>0.6</scale>
               <color>bfed8548</color>
            </IconStyle>
         </Style>
         <Point>
            <coordinates>-122.0725634,37.4282518833333,0</coordinates>
         </Point>
      </Placemark>
      <Placemark>
         <Snippet maxLines="0"> </Snippet>
         <description>327, UTC 22:33:10
37.4282525,-122.0725635,EA3.8m
Alt -24.2 m, EA 1.0 m
Vel 0.0,0.0, EA 0.00 m/s</description>
         <Style>
            <IconStyle>
               <Icon>
                  <href>http://maps.google.com/mapfiles/kml/shapes/shaded_dot.png</href>
               </Icon>
               <scale>0.6</scale>
               <color>bfed8548</color>
            </IconStyle>
         </Style>
         <Point>
            <coordinates>-122.0725635,37.4282524833333,0</coordinates>
         </Point>
      </Placemark>
      <Placemark>
         <Snippet maxLines="0"> </Snippet>
         <description>328, UTC 22:33:11
37.4282536,-122.0725637,EA3.8m
Alt -24.3 m, EA 1.0 m
Vel 0.0,0.0, EA 0.00 m/s</description>
         <Style>
            <IconStyle>
               <Icon>
                  <href>http://maps.google.com/mapfiles/kml/shapes/shaded_dot.png</href>
               </Icon>
               <scale>0.6</scale>
               <color>bfed8548</color>
            </IconStyle>
         </Style>
         <Point>
            <coordinates>-122.0725637,37.4282535833333,0</coordinates>
         </Point>
      </Placemark>
      <Placemark>
         <Snippet maxLines="0"> </Snippet>
         <description>329, UTC 22:33:12
37.4282546,-122.0725632,EA3.8m
Alt -24.3 m, EA 1.0 m
Vel 0.0,0.0, EA 0.00 m/s</description>
         <Style>
            <IconStyle>
               <Icon>
                  <href>http://maps.google.com/mapfiles/kml/shapes/shaded_dot.png</href>
               </Icon>
               <scale>0.6</scale>
               <color>bfed8548</color>
            </IconStyle>
         </Style>
         <Point>
            <coordinates>-122.0725632,37.4282546,0</coordinates>
         </Point>
      </Placemark>
      <Placemark>
         <Snippet maxLines="0"> </Snippet>
         <description>330, UTC 22:33:13
37.4282551,-122.0725634,EA3.8m
Alt -24.2 m, EA 1.0 m
Vel 0.0,0.0, EA 0.00 m/s</description>
         <Style>
            <IconStyle>
               <Icon>
                  <href>http://maps.google.com/mapfiles/kml/shapes/shaded_dot.png</href>
               </Icon>
               <scale>0.6</scale>
               <color>bfed8548</color>
            </IconStyle>
         </Style>
         <Point>
            <coordinates>-122.0725634,37.4282551,0</coordinates>
         </Point>
      </Placemark>
      <Placemark>
         <Snippet maxLines="0"> </Snippet>
         <description>331, UTC 22:33:14
37.4282549,-122.0725633,EA3.8m
Alt -24.2 m, EA 1.0 m
Vel 0.0,0.0, EA 0.00 m/s</description>
         <Style>
            <IconStyle>
               <Icon>
                  <href>http://maps.google.com/mapfiles/kml/shapes/shaded_dot.png</href>
               </Icon>
               <scale>0.6</scale>
               <color>bfed8548</color>
            </IconStyle>
         </Style>
         <Point>
            <coordinates>-122.072563283333,37.4282548833333,0</coordinates>
         </Point>
      </Placemark>
      <Placemark>
         <Snippet maxLines="0"> </Snippet>
         <description>332, UTC 22:33:15
37.4282552,-122.0725629,EA3.8m
Alt -24.2 m, EA 1.0 m
Vel 0.0,0.0, EA 0.00 m/s</description>
         <Style>
            <IconStyle>
               <Icon>
                  <href>http://maps.google.com/mapfiles/kml/shapes/shaded_dot.png</href>
               </Icon>
               <scale>0.6</scale>
               <color>bfed8548</color>
            </IconStyle>
         </Style>
         <Point>
            <coordinates>-122.072562883333,37.4282552,0</coordinates>
         </Point>
      </Placemark>
      <Placemark>
         <Snippet maxLines="0"> </Snippet>
         <description>333, UTC 22:33:16
37.4282545,-122.0725620,EA3.8m
Alt -24.2 m, EA 1.0 m
Vel 0.0,0.0, EA 0.00 m/s</description>
         <Style>
            <IconStyle>
               <Icon>
                  <href>http://maps.google.com/mapfiles/kml/shapes/shaded_dot.png</href>
               </Icon>
               <scale>0.6</scale>
               <color>bfed8548</color>
            </IconStyle>
         </Style>
         <Point>
            <coordinates>-122.072562,37.4282545,0</coordinates>
         </Point>
      </Placemark>
      <Placemark>
         <Snippet maxLines="0"> </Snippet>
         <description>334, UTC 22:33:17
37.4282540,-122.0725608,EA3.8m
Alt -24.4 m, EA 1.0 m
Vel 0.0,0.0, EA 0.00 m/s</description>
         <Style>
            <IconStyle>
               <Icon>
                  <href>http://maps.google.com/mapfiles/kml/shapes/shaded_dot.png</href>
               </Icon>
               <scale>0.6</scale>
               <color>bfed8548</color>
            </IconStyle>
         </Style>
         <Point>
            <coordinates>-122.0725608,37.428254,0</coordinates>
         </Point>
      </Placemark>
      <Placemark>
         <Snippet maxLines="0"> </Snippet>
         <description>335, UTC 22:33:18
37.4282537,-122.0725602,EA3.8m
Alt -24.5 m, EA 1.0 m
Vel 0.0,0.0, EA 0.00 m/s</description>
         <Style>
            <IconStyle>
               <Icon>
                  <href>http://maps.google.com/mapfiles/kml/shapes/shaded_dot.png</href>
               </Icon>
               <scale>0.6</scale>
               <color>bfed8548</color>
            </IconStyle>
         </Style>
         <Point>
            <coordinates>-122.072560183333,37.4282536833333,0</coordinates>
         </Point>
      </Placemark>
      <Placemark>
         <Snippet maxLines="0"> </Snippet>
         <description>336, UTC 22:33:19
37.4282535,-122.0725600,EA3.8m
Alt -24.5 m, EA 1.0 m
Vel 0.0,0.0, EA 0.00 m/s</description>
         <Style>
            <IconStyle>
               <Icon>
                  <href>http://maps.google.com/mapfiles/kml/shapes/shaded_dot.png</href>
               </Icon>
               <scale>0.6</scale>
               <color>bfed8548</color>
            </IconStyle>
         </Style>
         <Point>
            <coordinates>-122.072559983333,37.4282534833333,0</coordinates>
         </Point>
      </Placemark>
      <Placemark>
         <Snippet maxLines="0"> </Snippet>
         <description>337, UTC 22:33:20
37.4282534,-122.0725599,EA3.8m
Alt -24.5 m, EA 1.0 m
Vel 0.0,0.0, EA 0.00 m/s</description>
         <Style>
            <IconStyle>
               <Icon>
                  <href>http://maps.google.com/mapfiles/kml/shapes/shaded_dot.png</href>
               </Icon>
               <scale>0.6</scale>
               <color>bfed8548</color>
            </IconStyle>
         </Style>
         <Point>
            <coordinates>-122.0725599,37.4282534,0</coordinates>
         </Point>
      </Placemark>
      <Placemark>
         <Snippet maxLines="0"> </Snippet>
         <description>338, UTC 22:33:21
37.4282547,-122.0725595,EA3.8m
Alt -24.4 m, EA 1.0 m
Vel 0.0,0.0, EA 0.00 m/s</description>
         <Style>
            <IconStyle>
               <Icon>
                  <href>http://maps.google.com/mapfiles/kml/shapes/shaded_dot.png</href>
               </Icon>
               <scale>0.6</scale>
               <color>bfed8548</color>
            </IconStyle>
         </Style>
         <Point>
            <coordinates>-122.072559483333,37.4282546833333,0</coordinates>
         </Point>
      </Placemark>
      <Placemark>
         <Snippet maxLines="0"> </Snippet>
         <description>339, UTC 22:33:22
37.4282587,-122.0725580,EA3.8m
Alt -24.4 m, EA 1.0 m
Vel 0.0,0.0, EA 0.00 m/s</description>
         <Style>
            <IconStyle>
               <Icon>
                  <href>http://maps.google.com/mapfiles/kml/shapes/shaded_dot.png</href>
               </Icon>
               <scale>0.6</scale>
               <color>bfed8548</color>
            </IconStyle>
         </Style>
         <Point>
            <coordinates>-122.072558,37.4282587,0</coordinates>
         </Point>
      </Placemark>
      <Placemark>
         <Snippet maxLines="0"> </Snippet>
         <description>340, UTC 22:33:23
37.4282588,-122.0725599,EA3.8m
Alt -24.2 m, EA 1.0 m
Vel 0.0,0.0, EA 0.00 m/s</description>
         <Style>
            <IconStyle>
               <Icon>
                  <href>http://maps.google.com/mapfiles/kml/shapes/shaded_dot.png</href>
               </Icon>
               <scale>0.6</scale>
               <color>bfed8548</color>
            </IconStyle>
         </Style>
         <Point>
            <coordinates>-122.0725599,37.4282588,0</coordinates>
         </Point>
      </Placemark>
      <Placemark>
         <Snippet maxLines="0"> </Snippet>
         <description>341, UTC 22:33:24
37.4282589,-122.0725599,EA3.8m
Alt -23.9 m, EA 1.0 m
Vel 0.0,0.0, EA 0.00 m/s</description>
         <Style>
            <IconStyle>
               <Icon>
                  <href>http://maps.google.com/mapfiles/kml/shapes/shaded_dot.png</href>
               </Icon>
               <scale>0.6</scale>
               <color>bfed8548</color>
            </IconStyle>
         </Style>
         <Point>
            <coordinates>-122.0725599,37.4282589,0</coordinates>
         </Point>
      </Placemark>
      <Placemark>
         <Snippet maxLines="0"> </Snippet>
         <description>342, UTC 22:33:25
37.4282593,-122.0725589,EA3.8m
Alt -23.7 m, EA 1.0 m
Vel 0.0,0.0, EA 0.00 m/s</description>
         <Style>
            <IconStyle>
               <Icon>
                  <href>http://maps.google.com/mapfiles/kml/shapes/shaded_dot.png</href>
               </Icon>
               <scale>0.6</scale>
               <color>bfed8548</color>
            </IconStyle>
         </Style>
         <Point>
            <coordinates>-122.0725589,37.4282593,0</coordinates>
         </Point>
      </Placemark>
      <Placemark>
         <Snippet maxLines="0"> </Snippet>
         <description>343, UTC 22:33:26
37.4282594,-122.0725594,EA3.8m
Alt -23.9 m, EA 1.0 m
Vel 0.0,0.0, EA 0.00 m/s</description>
         <Style>
            <IconStyle>
               <Icon>
                  <href>http://maps.google.com/mapfiles/kml/shapes/shaded_dot.png</href>
               </Icon>
               <scale>0.6</scale>
               <color>bfed8548</color>
            </IconStyle>
         </Style>
         <Point>
            <coordinates>-122.0725594,37.4282594,0</coordinates>
         </Point>
      </Placemark>
      <Placemark>
         <Snippet maxLines="0"> </Snippet>
         <description>344, UTC 22:33:27
37.4282592,-122.0725597,EA3.8m
Alt -23.9 m, EA 1.0 m
Vel 0.0,0.0, EA 0.00 m/s</description>
         <Style>
            <IconStyle>
               <Icon>
                  <href>http://maps.google.com/mapfiles/kml/shapes/shaded_dot.png</href>
               </Icon>
               <scale>0.6</scale>
               <color>bfed8548</color>
            </IconStyle>
         </Style>
         <Point>
            <coordinates>-122.072559683333,37.4282591833333,0</coordinates>
         </Point>
      </Placemark>
      <Placemark>
         <Snippet maxLines="0"> </Snippet>
         <description>345, UTC 22:33:28
37.4282596,-122.0725594,EA3.8m
Alt -24.1 m, EA 1.0 m
Vel 0.0,0.0, EA 0.00 m/s</description>
         <Style>
            <IconStyle>
               <Icon>
                  <href>http://maps.google.com/mapfiles/kml/shapes/shaded_dot.png</href>
               </Icon>
               <scale>0.6</scale>
               <color>bfed8548</color>
            </IconStyle>
         </Style>
         <Point>
            <coordinates>-122.0725594,37.4282595833333,0</coordinates>
         </Point>
      </Placemark>
      <Placemark>
         <Snippet maxLines="0"> </Snippet>
         <description>346, UTC 22:33:29
37.4282585,-122.0725593,EA3.8m
Alt -24.4 m, EA 1.0 m
Vel 0.0,0.0, EA 0.00 m/s</description>
         <Style>
            <IconStyle>
               <Icon>
                  <href>http://maps.google.com/mapfiles/kml/shapes/shaded_dot.png</href>
               </Icon>
               <scale>0.6</scale>
               <color>bfed8548</color>
            </IconStyle>
         </Style>
         <Point>
            <coordinates>-122.072559283333,37.4282584833333,0</coordinates>
         </Point>
      </Placemark>
      <Placemark>
         <Snippet maxLines="0"> </Snippet>
         <description>347, UTC 22:33:30
37.4282570,-122.0725576,EA3.8m
Alt -24.2 m, EA 1.0 m
Vel 0.0,0.0, EA 0.00 m/s</description>
         <Style>
            <IconStyle>
               <Icon>
                  <href>http://maps.google.com/mapfiles/kml/shapes/shaded_dot.png</href>
               </Icon>
               <scale>0.6</scale>
               <color>bfed8548</color>
            </IconStyle>
         </Style>
         <Point>
            <coordinates>-122.072557583333,37.428257,0</coordinates>
         </Point>
      </Placemark>
      <Placemark>
         <Snippet maxLines="0"> </Snippet>
         <description>348, UTC 22:33:31
37.4282568,-122.0725571,EA3.8m
Alt -24.3 m, EA 1.0 m
Vel 0.0,0.0, EA 0.00 m/s</description>
         <Style>
            <IconStyle>
               <Icon>
                  <href>http://maps.google.com/mapfiles/kml/shapes/shaded_dot.png</href>
               </Icon>
               <scale>0.6</scale>
               <color>bfed8548</color>
            </IconStyle>
         </Style>
         <Point>
            <coordinates>-122.072557083333,37.4282567833333,0</coordinates>
         </Point>
      </Placemark>
      <Placemark>
         <Snippet maxLines="0"> </Snippet>
         <description>349, UTC 22:33:32
37.4282565,-122.0725570,EA3.8m
Alt -24.3 m, EA 1.0 m
Vel 0.0,0.0, EA 0.00 m/s</description>
         <Style>
            <IconStyle>
               <Icon>
                  <href>http://maps.google.com/mapfiles/kml/shapes/shaded_dot.png</href>
               </Icon>
               <scale>0.6</scale>
               <color>bfed8548</color>
            </IconStyle>
         </Style>
         <Point>
            <coordinates>-122.072557,37.4282565,0</coordinates>
         </Point>
      </Placemark>
      <Placemark>
         <Snippet maxLines="0"> </Snippet>
         <description>350, UTC 22:33:33
37.4282558,-122.0725574,EA3.8m
Alt -24.4 m, EA 1.0 m
Vel 0.0,0.0, EA 0.00 m/s</description>
         <Style>
            <IconStyle>
               <Icon>
                  <href>http://maps.google.com/mapfiles/kml/shapes/shaded_dot.png</href>
               </Icon>
               <scale>0.6</scale>
               <color>bfed8548</color>
            </IconStyle>
         </Style>
         <Point>
            <coordinates>-122.072557383333,37.4282558,0</coordinates>
         </Point>
      </Placemark>
      <Placemark>
         <Snippet maxLines="0"> </Snippet>
         <description>351, UTC 22:33:34
37.4282561,-122.0725576,EA3.8m
Alt -24.5 m, EA 1.0 m
Vel 0.0,0.0, EA 0.00 m/s</description>
         <Style>
            <IconStyle>
               <Icon>
                  <href>http://maps.google.com/mapfiles/kml/shapes/shaded_dot.png</href>
               </Icon>
               <scale>0.6</scale>
               <color>bfed8548</color>
            </IconStyle>
         </Style>
         <Point>
            <coordinates>-122.072557583333,37.4282560833333,0</coordinates>
         </Point>
      </Placemark>
      <Placemark>
         <Snippet maxLines="0"> </Snippet>
         <description>352, UTC 22:33:35
37.4282558,-122.0725569,EA3.8m
Alt -24.5 m, EA 1.0 m
Vel 0.0,0.0, EA 0.00 m/s</description>
         <Style>
            <IconStyle>
               <Icon>
                  <href>http://maps.google.com/mapfiles/kml/shapes/shaded_dot.png</href>
               </Icon>
               <scale>0.6</scale>
               <color>bfed8548</color>
            </IconStyle>
         </Style>
         <Point>
            <coordinates>-122.072556883333,37.4282558,0</coordinates>
         </Point>
      </Placemark>
      <Placemark>
         <Snippet maxLines="0"> </Snippet>
         <description>353, UTC 22:33:36
37.4282552,-122.0725573,EA3.8m
Alt -24.9 m, EA 1.0 m
Vel 0.0,0.0, EA 0.00 m/s</description>
         <Style>
            <IconStyle>
               <Icon>
                  <href>http://maps.google.com/mapfiles/kml/shapes/shaded_dot.png</href>
               </Icon>
               <scale>0.6</scale>
               <color>bfed8548</color>
            </IconStyle>
         </Style>
         <Point>
            <coordinates>-122.072557283333,37.4282552,0</coordinates>
         </Point>
      </Placemark>
      <Placemark>
         <Snippet maxLines="0"> </Snippet>
         <description>354, UTC 22:33:37
37.4282548,-122.0725586,EA3.8m
Alt -24.4 m, EA 1.0 m
Vel 0.0,0.0, EA 0.00 m/s</description>
         <Style>
            <IconStyle>
               <Icon>
                  <href>http://maps.google.com/mapfiles/kml/shapes/shaded_dot.png</href>
               </Icon>
               <scale>0.6</scale>
               <color>bfed8548</color>
            </IconStyle>
         </Style>
         <Point>
            <coordinates>-122.072558583333,37.4282547833333,0</coordinates>
         </Point>
      </Placemark>
      <Placemark>
         <Snippet maxLines="0"> </Snippet>
         <description>355, UTC 22:33:38
37.4282559,-122.0725598,EA3.8m
Alt -24.4 m, EA 1.0 m
Vel 0.0,0.0, EA 0.00 m/s</description>
         <Style>
            <IconStyle>
               <Icon>
                  <href>http://maps.google.com/mapfiles/kml/shapes/shaded_dot.png</href>
               </Icon>
               <scale>0.6</scale>
               <color>bfed8548</color>
            </IconStyle>
         </Style>
         <Point>
            <coordinates>-122.072559783333,37.4282559,0</coordinates>
         </Point>
      </Placemark>
      <Placemark>
         <Snippet maxLines="0"> </Snippet>
         <description>356, UTC 22:33:39
37.4282557,-122.0725606,EA3.8m
Alt -24.1 m, EA 1.0 m
Vel 0.0,0.0, EA 0.00 m/s</description>
         <Style>
            <IconStyle>
               <Icon>
                  <href>http://maps.google.com/mapfiles/kml/shapes/shaded_dot.png</href>
               </Icon>
               <scale>0.6</scale>
               <color>bfed8548</color>
            </IconStyle>
         </Style>
         <Point>
            <coordinates>-122.0725606,37.4282557,0</coordinates>
         </Point>
      </Placemark>
      <Placemark>
         <Snippet maxLines="0"> </Snippet>
         <description>357, UTC 22:33:40
37.4282544,-122.0725611,EA3.8m
Alt -24.0 m, EA 1.0 m
Vel 0.0,0.0, EA 0.00 m/s</description>
         <Style>
            <IconStyle>
               <Icon>
                  <href>http://maps.google.com/mapfiles/kml/shapes/shaded_dot.png</href>
               </Icon>
               <scale>0.6</scale>
               <color>bfed8548</color>
            </IconStyle>
         </Style>
         <Point>
            <coordinates>-122.0725611,37.4282544,0</coordinates>
         </Point>
      </Placemark>
      <Placemark>
         <Snippet maxLines="0"> </Snippet>
         <description>358, UTC 22:33:41
37.4282536,-122.0725608,EA3.8m
Alt -24.1 m, EA 1.0 m
Vel 0.0,0.0, EA 0.00 m/s</description>
         <Style>
            <IconStyle>
               <Icon>
                  <href>http://maps.google.com/mapfiles/kml/shapes/shaded_dot.png</href>
               </Icon>
               <scale>0.6</scale>
               <color>bfed8548</color>
            </IconStyle>
         </Style>
         <Point>
            <coordinates>-122.0725608,37.4282535833333,0</coordinates>
         </Point>
      </Placemark>
      <Placemark>
         <Snippet maxLines="0"> </Snippet>
         <description>359, UTC 22:33:42
37.4282530,-122.0725609,EA3.8m
Alt -24.1 m, EA 1.0 m
Vel 0.0,0.0, EA 0.00 m/s</description>
         <Style>
            <IconStyle>
               <Icon>
                  <href>http://maps.google.com/mapfiles/kml/shapes/shaded_dot.png</href>
               </Icon>
               <scale>0.6</scale>
               <color>bfed8548</color>
            </IconStyle>
         </Style>
         <Point>
            <coordinates>-122.072560883333,37.4282529833333,0</coordinates>
         </Point>
      </Placemark>
      <Placemark>
         <Snippet maxLines="0"> </Snippet>
         <description>360, UTC 22:33:43
37.4282526,-122.0725597,EA3.8m
Alt -23.8 m, EA 1.0 m
Vel 0.0,0.0, EA 0.00 m/s</description>
         <Style>
            <IconStyle>
               <Icon>
                  <href>http://maps.google.com/mapfiles/kml/shapes/shaded_dot.png</href>
               </Icon>
               <scale>0.6</scale>
               <color>bfed8548</color>
            </IconStyle>
         </Style>
         <Point>
            <coordinates>-122.072559683333,37.4282526,0</coordinates>
         </Point>
      </Placemark>
      <Placemark>
         <Snippet maxLines="0"> </Snippet>
         <description>361, UTC 22:33:44
37.4282523,-122.0725598,EA3.8m
Alt -23.8 m, EA 1.0 m
Vel 0.0,0.0, EA 0.00 m/s</description>
         <Style>
            <IconStyle>
               <Icon>
                  <href>http://maps.google.com/mapfiles/kml/shapes/shaded_dot.png</href>
               </Icon>
               <scale>0.6</scale>
               <color>bfed8548</color>
            </IconStyle>
         </Style>
         <Point>
            <coordinates>-122.072559783333,37.4282522833333,0</coordinates>
         </Point>
      </Placemark>
      <Placemark>
         <Snippet maxLines="0"> </Snippet>
         <description>362, UTC 22:33:45
37.4282516,-122.0725603,EA3.8m
Alt -23.6 m, EA 1.0 m
Vel 0.0,0.0, EA 0.00 m/s</description>
         <Style>
            <IconStyle>
               <Icon>
                  <href>http://maps.google.com/mapfiles/kml/shapes/shaded_dot.png</href>
               </Icon>
               <scale>0.6</scale>
               <color>bfed8548</color>
            </IconStyle>
         </Style>
         <Point>
            <coordinates>-122.0725603,37.4282516,0</coordinates>
         </Point>
      </Placemark>
      <Placemark>
         <Snippet maxLines="0"> </Snippet>
         <description>363, UTC 22:33:46
37.4282510,-122.0725604,EA3.8m
Alt -23.5 m, EA 1.0 m
Vel 0.0,0.0, EA 0.00 m/s</description>
         <Style>
            <IconStyle>
               <Icon>
                  <href>http://maps.google.com/mapfiles/kml/shapes/shaded_dot.png</href>
               </Icon>
               <scale>0.6</scale>
               <color>bfed8548</color>
            </IconStyle>
         </Style>
         <Point>
            <coordinates>-122.0725604,37.428251,0</coordinates>
         </Point>
      </Placemark>
      <Placemark>
         <Snippet maxLines="0"> </Snippet>
         <description>364, UTC 22:33:47
37.4282509,-122.0725606,EA3.8m
Alt -23.5 m, EA 1.0 m
Vel 0.0,0.0, EA 0.00 m/s</description>
         <Style>
            <IconStyle>
               <Icon>
                  <href>http://maps.google.com/mapfiles/kml/shapes/shaded_dot.png</href>
               </Icon>
               <scale>0.6</scale>
               <color>bfed8548</color>
            </IconStyle>
         </Style>
         <Point>
            <coordinates>-122.0725606,37.4282509,0</coordinates>
         </Point>
      </Placemark>
      <Placemark>
         <Snippet maxLines="0"> </Snippet>
         <description>365, UTC 22:33:48
37.4282509,-122.0725607,EA3.8m
Alt -23.5 m, EA 1.0 m
Vel 0.0,0.0, EA 0.00 m/s</description>
         <Style>
            <IconStyle>
               <Icon>
                  <href>http://maps.google.com/mapfiles/kml/shapes/shaded_dot.png</href>
               </Icon>
               <scale>0.6</scale>
               <color>bfed8548</color>
            </IconStyle>
         </Style>
         <Point>
            <coordinates>-122.072560683333,37.4282509,0</coordinates>
         </Point>
      </Placemark>
      <Placemark>
         <Snippet maxLines="0"> </Snippet>
         <description>366, UTC 22:33:49
37.4282510,-122.0725607,EA3.8m
Alt -23.5 m, EA 1.0 m
Vel 0.0,0.0, EA 0.00 m/s</description>
         <Style>
            <IconStyle>
               <Icon>
                  <href>http://maps.google.com/mapfiles/kml/shapes/shaded_dot.png</href>
               </Icon>
               <scale>0.6</scale>
               <color>bfed8548</color>
            </IconStyle>
         </Style>
         <Point>
            <coordinates>-122.072560683333,37.428251,0</coordinates>
         </Point>
      </Placemark>
      <Placemark>
         <Snippet maxLines="0"> </Snippet>
         <description>367, UTC 22:33:50
37.4282512,-122.0725614,EA3.8m
Alt -23.0 m, EA 1.0 m
Vel 0.0,0.0, EA 0.00 m/s</description>
         <Style>
            <IconStyle>
               <Icon>
                  <href>http://maps.google.com/mapfiles/kml/shapes/shaded_dot.png</href>
               </Icon>
               <scale>0.6</scale>
               <color>bfed8548</color>
            </IconStyle>
         </Style>
         <Point>
            <coordinates>-122.072561383333,37.4282511833333,0</coordinates>
         </Point>
      </Placemark>
      <Placemark>
         <Snippet maxLines="0"> </Snippet>
         <description>368, UTC 22:33:51
37.4282520,-122.0725619,EA3.8m
Alt -22.7 m, EA 1.0 m
Vel 0.0,0.0, EA 0.00 m/s</description>
         <Style>
            <IconStyle>
               <Icon>
                  <href>http://maps.google.com/mapfiles/kml/shapes/shaded_dot.png</href>
               </Icon>
               <scale>0.6</scale>
               <color>bfed8548</color>
            </IconStyle>
         </Style>
         <Point>
            <coordinates>-122.072561883333,37.428252,0</coordinates>
         </Point>
      </Placemark>
      <Placemark>
         <Snippet maxLines="0"> </Snippet>
         <description>369, UTC 22:33:52
37.4282530,-122.0725620,EA3.8m
Alt -22.8 m, EA 1.0 m
Vel 0.0,0.0, EA 0.00 m/s</description>
         <Style>
            <IconStyle>
               <Icon>
                  <href>http://maps.google.com/mapfiles/kml/shapes/shaded_dot.png</href>
               </Icon>
               <scale>0.6</scale>
               <color>bfed8548</color>
            </IconStyle>
         </Style>
         <Point>
            <coordinates>-122.072562,37.4282529833333,0</coordinates>
         </Point>
      </Placemark>
      <Placemark>
         <Snippet maxLines="0"> </Snippet>
         <description>370, UTC 22:33:53
37.4282558,-122.0725598,EA3.8m
Alt -22.8 m, EA 1.0 m
Vel 0.0,0.0, EA 0.00 m/s</description>
         <Style>
            <IconStyle>
               <Icon>
                  <href>http://maps.google.com/mapfiles/kml/shapes/shaded_dot.png</href>
               </Icon>
               <scale>0.6</scale>
               <color>bfed8548</color>
            </IconStyle>
         </Style>
         <Point>
            <coordinates>-122.072559783333,37.4282558,0</coordinates>
         </Point>
      </Placemark>
      <Placemark>
         <Snippet maxLines="0"> </Snippet>
         <description>371, UTC 22:33:54
37.4282566,-122.0725614,EA3.8m
Alt -23.3 m, EA 1.0 m
Vel 0.0,0.0, EA 0.00 m/s</description>
         <Style>
            <IconStyle>
               <Icon>
                  <href>http://maps.google.com/mapfiles/kml/shapes/shaded_dot.png</href>
               </Icon>
               <scale>0.6</scale>
               <color>bfed8548</color>
            </IconStyle>
         </Style>
         <Point>
            <coordinates>-122.072561383333,37.4282565833333,0</coordinates>
         </Point>
      </Placemark>
      <Placemark>
         <Snippet maxLines="0"> </Snippet>
         <description>372, UTC 22:33:55
37.4282569,-122.0725613,EA3.8m
Alt -23.4 m, EA 1.0 m
Vel 0.0,0.0, EA 0.00 m/s</description>
         <Style>
            <IconStyle>
               <Icon>
                  <href>http://maps.google.com/mapfiles/kml/shapes/shaded_dot.png</href>
               </Icon>
               <scale>0.6</scale>
               <color>bfed8548</color>
            </IconStyle>
         </Style>
         <Point>
            <coordinates>-122.0725613,37.4282569,0</coordinates>
         </Point>
      </Placemark>
      <Placemark>
         <Snippet maxLines="0"> </Snippet>
         <description>373, UTC 22:33:56
37.4282582,-122.0725619,EA3.8m
Alt -23.6 m, EA 1.0 m
Vel 0.0,0.0, EA 0.00 m/s</description>
         <Style>
            <IconStyle>
               <Icon>
                  <href>http://maps.google.com/mapfiles/kml/shapes/shaded_dot.png</href>
               </Icon>
               <scale>0.6</scale>
               <color>bfed8548</color>
            </IconStyle>
         </Style>
         <Point>
            <coordinates>-122.072561883333,37.4282582,0</coordinates>
         </Point>
      </Placemark>
      <Placemark>
         <Snippet maxLines="0"> </Snippet>
         <description>374, UTC 22:33:57
37.4282591,-122.0725629,EA3.8m
Alt -23.6 m, EA 1.0 m
Vel 0.0,0.0, EA 0.00 m/s</description>
         <Style>
            <IconStyle>
               <Icon>
                  <href>http://maps.google.com/mapfiles/kml/shapes/shaded_dot.png</href>
               </Icon>
               <scale>0.6</scale>
               <color>bfed8548</color>
            </IconStyle>
         </Style>
         <Point>
            <coordinates>-122.072562883333,37.4282590833333,0</coordinates>
         </Point>
      </Placemark>
      <Placemark>
         <Snippet maxLines="0"> </Snippet>
         <description>375, UTC 22:33:58
37.4282593,-122.0725637,EA3.8m
Alt -23.6 m, EA 1.0 m
Vel 0.0,0.0, EA 0.00 m/s</description>
         <Style>
            <IconStyle>
               <Icon>
                  <href>http://maps.google.com/mapfiles/kml/shapes/shaded_dot.png</href>
               </Icon>
               <scale>0.6</scale>
               <color>bfed8548</color>
            </IconStyle>
         </Style>
         <Point>
            <coordinates>-122.0725637,37.4282593,0</coordinates>
         </Point>
      </Placemark>
      <Placemark>
         <Snippet maxLines="0"> </Snippet>
         <description>376, UTC 22:33:59
37.4282590,-122.0725642,EA3.8m
Alt -23.6 m, EA 1.0 m
Vel 0.0,0.0, EA 0.00 m/s</description>
         <Style>
            <IconStyle>
               <Icon>
                  <href>http://maps.google.com/mapfiles/kml/shapes/shaded_dot.png</href>
               </Icon>
               <scale>0.6</scale>
               <color>bfed8548</color>
            </IconStyle>
         </Style>
         <Point>
            <coordinates>-122.0725642,37.4282589833333,0</coordinates>
         </Point>
      </Placemark>
      <Placemark>
         <Snippet maxLines="0"> </Snippet>
         <description>377, UTC 22:34:00
37.4282582,-122.0725651,EA3.8m
Alt -23.6 m, EA 1.0 m
Vel 0.0,0.0, EA 0.00 m/s</description>
         <Style>
            <IconStyle>
               <Icon>
                  <href>http://maps.google.com/mapfiles/kml/shapes/shaded_dot.png</href>
               </Icon>
               <scale>0.6</scale>
               <color>bfed8548</color>
            </IconStyle>
         </Style>
         <Point>
            <coordinates>-122.0725651,37.4282582,0</coordinates>
         </Point>
      </Placemark>
      <Placemark>
         <Snippet maxLines="0"> </Snippet>
         <description>378, UTC 22:34:01
37.4282576,-122.0725654,EA3.8m
Alt -23.7 m, EA 1.0 m
Vel 0.0,0.0, EA 0.00 m/s</description>
         <Style>
            <IconStyle>
               <Icon>
                  <href>http://maps.google.com/mapfiles/kml/shapes/shaded_dot.png</href>
               </Icon>
               <scale>0.6</scale>
               <color>bfed8548</color>
            </IconStyle>
         </Style>
         <Point>
            <coordinates>-122.0725654,37.4282576,0</coordinates>
         </Point>
      </Placemark>
      <Placemark>
         <Snippet maxLines="0"> </Snippet>
         <description>379, UTC 22:34:02
37.4282564,-122.0725657,EA3.8m
Alt -23.4 m, EA 1.0 m
Vel 0.0,0.0, EA 0.00 m/s</description>
         <Style>
            <IconStyle>
               <Icon>
                  <href>http://maps.google.com/mapfiles/kml/shapes/shaded_dot.png</href>
               </Icon>
               <scale>0.6</scale>
               <color>bfed8548</color>
            </IconStyle>
         </Style>
         <Point>
            <coordinates>-122.072565683333,37.4282564,0</coordinates>
         </Point>
      </Placemark>
      <Placemark>
         <Snippet maxLines="0"> </Snippet>
         <description>380, UTC 22:34:03
37.4282565,-122.0725661,EA3.8m
Alt -23.6 m, EA 1.0 m
Vel 0.0,0.0, EA 0.00 m/s</description>
         <Style>
            <IconStyle>
               <Icon>
                  <href>http://maps.google.com/mapfiles/kml/shapes/shaded_dot.png</href>
               </Icon>
               <scale>0.6</scale>
               <color>bfed8548</color>
            </IconStyle>
         </Style>
         <Point>
            <coordinates>-122.0725661,37.4282565,0</coordinates>
         </Point>
      </Placemark>
      <Placemark>
         <Snippet maxLines="0"> </Snippet>
         <description>381, UTC 22:34:04
37.4282566,-122.0725664,EA3.8m
Alt -23.6 m, EA 1.0 m
Vel 0.0,0.0, EA 0.00 m/s</description>
         <Style>
            <IconStyle>
               <Icon>
                  <href>http://maps.google.com/mapfiles/kml/shapes/shaded_dot.png</href>
               </Icon>
               <scale>0.6</scale>
               <color>bfed8548</color>
            </IconStyle>
         </Style>
         <Point>
            <coordinates>-122.072566383333,37.4282565833333,0</coordinates>
         </Point>
      </Placemark>
      <Placemark>
         <Snippet maxLines="0"> </Snippet>
         <description>382, UTC 22:34:05
37.4282566,-122.0725664,EA3.8m
Alt -23.5 m, EA 1.0 m
Vel 0.0,0.0, EA 0.00 m/s</description>
         <Style>
            <IconStyle>
               <Icon>
                  <href>http://maps.google.com/mapfiles/kml/shapes/shaded_dot.png</href>
               </Icon>
               <scale>0.6</scale>
               <color>bfed8548</color>
            </IconStyle>
         </Style>
         <Point>
            <coordinates>-122.072566383333,37.4282565833333,0</coordinates>
         </Point>
      </Placemark>
      <Placemark>
         <Snippet maxLines="0"> </Snippet>
         <description>383, UTC 22:34:06
37.4282566,-122.0725665,EA3.8m
Alt -23.5 m, EA 1.0 m
Vel 0.0,0.0, EA 0.00 m/s</description>
         <Style>
            <IconStyle>
               <Icon>
                  <href>http://maps.google.com/mapfiles/kml/shapes/shaded_dot.png</href>
               </Icon>
               <scale>0.6</scale>
               <color>bfed8548</color>
            </IconStyle>
         </Style>
         <Point>
            <coordinates>-122.072566483333,37.4282565833333,0</coordinates>
         </Point>
      </Placemark>
      <Placemark>
         <Snippet maxLines="0"> </Snippet>
         <description>384, UTC 22:34:07
37.4282566,-122.0725665,EA3.8m
Alt -23.5 m, EA 1.0 m
Vel 0.0,0.0, EA 0.00 m/s</description>
         <Style>
            <IconStyle>
               <Icon>
                  <href>http://maps.google.com/mapfiles/kml/shapes/shaded_dot.png</href>
               </Icon>
               <scale>0.6</scale>
               <color>bfed8548</color>
            </IconStyle>
         </Style>
         <Point>
            <coordinates>-122.072566483333,37.4282565833333,0</coordinates>
         </Point>
      </Placemark>
      <Placemark>
         <Snippet maxLines="0"> </Snippet>
         <description>385, UTC 22:34:08
37.4282523,-122.0725758,EA3.8m
Alt -24.3 m, EA 1.0 m
Vel -0.5,-0.7, EA 0.00 m/s</description>
         <Style>
            <IconStyle>
               <Icon>
                  <href>http://maps.google.com/mapfiles/kml/shapes/shaded_dot.png</href>
               </Icon>
               <scale>0.6</scale>
               <color>bfed8548</color>
            </IconStyle>
         </Style>
         <Point>
            <coordinates>-122.072575783333,37.4282522833333,0</coordinates>
         </Point>
      </Placemark>
      <Placemark>
         <Snippet maxLines="0"> </Snippet>
         <description>386, UTC 22:34:09
37.4282453,-122.0725880,EA3.8m
Alt -24.9 m, EA 1.0 m
Vel -0.8,-1.3, EA 0.00 m/s</description>
         <Style>
            <IconStyle>
               <Icon>
                  <href>http://maps.google.com/mapfiles/kml/shapes/shaded_dot.png</href>
               </Icon>
               <scale>0.6</scale>
               <color>bfed8548</color>
            </IconStyle>
         </Style>
         <Point>
            <coordinates>-122.072587983333,37.4282453,0</coordinates>
         </Point>
      </Placemark>
      <Placemark>
         <Snippet maxLines="0"> </Snippet>
         <description>387, UTC 22:34:10
37.4282400,-122.0726095,EA3.8m
Alt -25.5 m, EA 1.0 m
Vel -0.5,-2.0, EA 0.00 m/s</description>
         <Style>
            <IconStyle>
               <Icon>
                  <href>http://maps.google.com/mapfiles/kml/shapes/shaded_dot.png</href>
               </Icon>
               <scale>0.6</scale>
               <color>bfed8548</color>
            </IconStyle>
         </Style>
         <Point>
            <coordinates>-122.072609483333,37.42824,0</coordinates>
         </Point>
      </Placemark>
      <Placemark>
         <Snippet maxLines="0"> </Snippet>
         <description>388, UTC 22:34:11
37.4282447,-122.0726393,EA3.8m
Alt -26.1 m, EA 1.0 m
Vel 0.6,-2.6, EA 0.00 m/s</description>
         <Style>
            <IconStyle>
               <Icon>
                  <href>http://maps.google.com/mapfiles/kml/shapes/shaded_dot.png</href>
               </Icon>
               <scale>0.6</scale>
               <color>bfed8548</color>
            </IconStyle>
         </Style>
         <Point>
            <coordinates>-122.0726393,37.4282447,0</coordinates>
         </Point>
      </Placemark>
      <Placemark>
         <Snippet maxLines="0"> </Snippet>
         <description>389, UTC 22:34:12
37.4282672,-122.0726793,EA3.8m
Alt -26.1 m, EA 1.0 m
Vel 2.6,-3.4, EA 0.00 m/s</description>
         <Style>
            <IconStyle>
               <Icon>
                  <href>http://maps.google.com/mapfiles/kml/shapes/shaded_dot.png</href>
               </Icon>
               <scale>0.6</scale>
               <color>bfed8548</color>
            </IconStyle>
         </Style>
         <Point>
            <coordinates>-122.0726793,37.4282672,0</coordinates>
         </Point>
      </Placemark>
      <Placemark>
         <Snippet maxLines="0"> </Snippet>
         <description>390, UTC 22:34:13
37.4283151,-122.0727321,EA3.8m
Alt -26.4 m, EA 1.0 m
Vel 3.4,-4.9, EA 0.00 m/s</description>
         <Style>
            <IconStyle>
               <Icon>
                  <href>http://maps.google.com/mapfiles/kml/shapes/shaded_dot.png</href>
               </Icon>
               <scale>0.6</scale>
               <color>bfed8548</color>
            </IconStyle>
         </Style>
         <Point>
            <coordinates>-122.072732083333,37.4283150833333,0</coordinates>
         </Point>
      </Placemark>
      <Placemark>
         <Snippet maxLines="0"> </Snippet>
         <description>391, UTC 22:34:14
37.4283442,-122.0728105,EA3.8m
Alt -26.6 m, EA 1.0 m
Vel 2.9,-6.9, EA 0.00 m/s</description>
         <Style>
            <IconStyle>
               <Icon>
                  <href>http://maps.google.com/mapfiles/kml/shapes/shaded_dot.png</href>
               </Icon>
               <scale>0.6</scale>
               <color>bfed8548</color>
            </IconStyle>
         </Style>
         <Point>
            <coordinates>-122.0728105,37.4283441833333,0</coordinates>
         </Point>
      </Placemark>
      <Placemark>
         <Snippet maxLines="0"> </Snippet>
         <description>392, UTC 22:34:15
37.4283656,-122.0729042,EA3.8m
Alt -27.1 m, EA 1.0 m
Vel 1.6,-8.5, EA 0.00 m/s</description>
         <Style>
            <IconStyle>
               <Icon>
                  <href>http://maps.google.com/mapfiles/kml/shapes/shaded_dot.png</href>
               </Icon>
               <scale>0.6</scale>
               <color>bfed8548</color>
            </IconStyle>
         </Style>
         <Point>
            <coordinates>-122.072904183333,37.4283655833333,0</coordinates>
         </Point>
      </Placemark>
      <Placemark>
         <Snippet maxLines="0"> </Snippet>
         <description>393, UTC 22:34:16
37.4283698,-122.0730107,EA3.8m
Alt -27.6 m, EA 1.0 m
Vel 0.2,-9.6, EA 0.00 m/s</description>
         <Style>
            <IconStyle>
               <Icon>
                  <href>http://maps.google.com/mapfiles/kml/shapes/shaded_dot.png</href>
               </Icon>
               <scale>0.6</scale>
               <color>bfed8548</color>
            </IconStyle>
         </Style>
         <Point>
            <coordinates>-122.073010683333,37.4283697833333,0</coordinates>
         </Point>
      </Placemark>
      <Placemark>
         <Snippet maxLines="0"> </Snippet>
         <description>394, UTC 22:34:17
37.4283700,-122.0731234,EA3.8m
Alt -28.0 m, EA 1.0 m
Vel -0.4,-9.9, EA 0.00 m/s</description>
         <Style>
            <IconStyle>
               <Icon>
                  <href>http://maps.google.com/mapfiles/kml/shapes/shaded_dot.png</href>
               </Icon>
               <scale>0.6</scale>
               <color>bfed8548</color>
            </IconStyle>
         </Style>
         <Point>
            <coordinates>-122.0731234,37.42837,0</coordinates>
         </Point>
      </Placemark>
      <Placemark>
         <Snippet maxLines="0"> </Snippet>
         <description>395, UTC 22:34:18
37.4283668,-122.0732513,EA3.8m
Alt -27.9 m, EA 1.0 m
Vel -0.7,-11.1, EA 0.00 m/s</description>
         <Style>
            <IconStyle>
               <Icon>
                  <href>http://maps.google.com/mapfiles/kml/shapes/shaded_dot.png</href>
               </Icon>
               <scale>0.6</scale>
               <color>bfed8548</color>
            </IconStyle>
         </Style>
         <Point>
            <coordinates>-122.073251283333,37.4283667833333,0</coordinates>
         </Point>
      </Placemark>
      <Placemark>
         <Snippet maxLines="0"> </Snippet>
         <description>396, UTC 22:34:19
37.4283677,-122.0733894,EA3.8m
Alt -27.6 m, EA 1.0 m
Vel -0.4,-11.9, EA 0.00 m/s</description>
         <Style>
            <IconStyle>
               <Icon>
                  <href>http://maps.google.com/mapfiles/kml/shapes/shaded_dot.png</href>
               </Icon>
               <scale>0.6</scale>
               <color>bfed8548</color>
            </IconStyle>
         </Style>
         <Point>
            <coordinates>-122.073389383333,37.4283677,0</coordinates>
         </Point>
      </Placemark>
      <Placemark>
         <Snippet maxLines="0"> </Snippet>
         <description>397, UTC 22:34:20
37.4283683,-122.0735328,EA3.8m
Alt -27.5 m, EA 1.0 m
Vel -0.2,-12.4, EA 0.00 m/s</description>
         <Style>
            <IconStyle>
               <Icon>
                  <href>http://maps.google.com/mapfiles/kml/shapes/shaded_dot.png</href>
               </Icon>
               <scale>0.6</scale>
               <color>bfed8548</color>
            </IconStyle>
         </Style>
         <Point>
            <coordinates>-122.073532783333,37.4283683,0</coordinates>
         </Point>
      </Placemark>
      <Placemark>
         <Snippet maxLines="0"> </Snippet>
         <description>398, UTC 22:34:21
37.4283713,-122.0736766,EA3.8m
Alt -27.5 m, EA 1.0 m
Vel 0.2,-12.9, EA 0.00 m/s</description>
         <Style>
            <IconStyle>
               <Icon>
                  <href>http://maps.google.com/mapfiles/kml/shapes/shaded_dot.png</href>
               </Icon>
               <scale>0.6</scale>
               <color>bfed8548</color>
            </IconStyle>
         </Style>
         <Point>
            <coordinates>-122.073676583333,37.4283713,0</coordinates>
         </Point>
      </Placemark>
      <Placemark>
         <Snippet maxLines="0"> </Snippet>
         <description>399, UTC 22:34:22
37.4283749,-122.0738313,EA3.8m
Alt -27.5 m, EA 1.0 m
Vel 0.1,-13.5, EA 0.00 m/s</description>
         <Style>
            <IconStyle>
               <Icon>
                  <href>http://maps.google.com/mapfiles/kml/shapes/shaded_dot.png</href>
               </Icon>
               <scale>0.6</scale>
               <color>bfed8548</color>
            </IconStyle>
         </Style>
         <Point>
            <coordinates>-122.073831283333,37.4283749,0</coordinates>
         </Point>
      </Placemark>
      <Placemark>
         <Snippet maxLines="0"> </Snippet>
         <description>400, UTC 22:34:23
37.4283746,-122.0739912,EA3.8m
Alt -27.3 m, EA 1.0 m
Vel 0.0,-13.9, EA 0.00 m/s</description>
         <Style>
            <IconStyle>
               <Icon>
                  <href>http://maps.google.com/mapfiles/kml/shapes/shaded_dot.png</href>
               </Icon>
               <scale>0.6</scale>
               <color>bfed8548</color>
            </IconStyle>
         </Style>
         <Point>
            <coordinates>-122.073991183333,37.4283745833333,0</coordinates>
         </Point>
      </Placemark>
      <Placemark>
         <Snippet maxLines="0"> </Snippet>
         <description>401, UTC 22:34:24
37.4283779,-122.0741471,EA3.8m
Alt -27.6 m, EA 1.0 m
Vel 0.0,-13.9, EA 0.00 m/s</description>
         <Style>
            <IconStyle>
               <Icon>
                  <href>http://maps.google.com/mapfiles/kml/shapes/shaded_dot.png</href>
               </Icon>
               <scale>0.6</scale>
               <color>bfed8548</color>
            </IconStyle>
         </Style>
         <Point>
            <coordinates>-122.0741471,37.4283779,0</coordinates>
         </Point>
      </Placemark>
      <Placemark>
         <Snippet maxLines="0"> </Snippet>
         <description>402, UTC 22:34:25
37.4283757,-122.0743032,EA3.8m
Alt -27.9 m, EA 1.0 m
Vel -0.1,-13.7, EA 0.00 m/s</description>
         <Style>
            <IconStyle>
               <Icon>
                  <href>http://maps.google.com/mapfiles/kml/shapes/shaded_dot.png</href>
               </Icon>
               <scale>0.6</scale>
               <color>bfed8548</color>
            </IconStyle>
         </Style>
         <Point>
            <coordinates>-122.0743032,37.4283756833333,0</coordinates>
         </Point>
      </Placemark>
      <Placemark>
         <Snippet maxLines="0"> </Snippet>
         <description>403, UTC 22:34:26
37.4283762,-122.0744586,EA3.8m
Alt -28.2 m, EA 1.0 m
Vel -0.1,-13.7, EA 0.00 m/s</description>
         <Style>
            <IconStyle>
               <Icon>
                  <href>http://maps.google.com/mapfiles/kml/shapes/shaded_dot.png</href>
               </Icon>
               <scale>0.6</scale>
               <color>bfed8548</color>
            </IconStyle>
         </Style>
         <Point>
            <coordinates>-122.074458583333,37.4283762,0</coordinates>
         </Point>
      </Placemark>
      <Placemark>
         <Snippet maxLines="0"> </Snippet>
         <description>404, UTC 22:34:27
37.4283784,-122.0746110,EA3.8m
Alt -28.0 m, EA 1.0 m
Vel -0.2,-13.5, EA 0.00 m/s</description>
         <Style>
            <IconStyle>
               <Icon>
                  <href>http://maps.google.com/mapfiles/kml/shapes/shaded_dot.png</href>
               </Icon>
               <scale>0.6</scale>
               <color>bfed8548</color>
            </IconStyle>
         </Style>
         <Point>
            <coordinates>-122.074611,37.4283783833333,0</coordinates>
         </Point>
      </Placemark>
      <Placemark>
         <Snippet maxLines="0"> </Snippet>
         <description>405, UTC 22:34:28
37.4283772,-122.0747634,EA3.8m
Alt -28.2 m, EA 1.0 m
Vel -0.1,-13.4, EA 0.00 m/s</description>
         <Style>
            <IconStyle>
               <Icon>
                  <href>http://maps.google.com/mapfiles/kml/shapes/shaded_dot.png</href>
               </Icon>
               <scale>0.6</scale>
               <color>bfed8548</color>
            </IconStyle>
         </Style>
         <Point>
            <coordinates>-122.074763383333,37.4283771833333,0</coordinates>
         </Point>
      </Placemark>
      <Placemark>
         <Snippet maxLines="0"> </Snippet>
         <description>406, UTC 22:34:29
37.4283777,-122.0749155,EA3.8m
Alt -28.5 m, EA 1.0 m
Vel 0.1,-13.5, EA 0.00 m/s</description>
         <Style>
            <IconStyle>
               <Icon>
                  <href>http://maps.google.com/mapfiles/kml/shapes/shaded_dot.png</href>
               </Icon>
               <scale>0.6</scale>
               <color>bfed8548</color>
            </IconStyle>
         </Style>
         <Point>
            <coordinates>-122.0749155,37.4283776833333,0</coordinates>
         </Point>
      </Placemark>
      <Placemark>
         <Snippet maxLines="0"> </Snippet>
         <description>407, UTC 22:34:30
37.4283812,-122.0750718,EA3.8m
Alt -28.8 m, EA 1.0 m
Vel 0.1,-13.5, EA 0.00 m/s</description>
         <Style>
            <IconStyle>
               <Icon>
                  <href>http://maps.google.com/mapfiles/kml/shapes/shaded_dot.png</href>
               </Icon>
               <scale>0.6</scale>
               <color>bfed8548</color>
            </IconStyle>
         </Style>
         <Point>
            <coordinates>-122.0750718,37.4283811833333,0</coordinates>
         </Point>
      </Placemark>
      <Placemark>
         <Snippet maxLines="0"> </Snippet>
         <description>408, UTC 22:34:31
37.4283851,-122.0752224,EA3.8m
Alt -29.0 m, EA 1.0 m
Vel 0.0,-13.5, EA 0.00 m/s</description>
         <Style>
            <IconStyle>
               <Icon>
                  <href>http://maps.google.com/mapfiles/kml/shapes/shaded_dot.png</href>
               </Icon>
               <scale>0.6</scale>
               <color>bfed8548</color>
            </IconStyle>
         </Style>
         <Point>
            <coordinates>-122.0752224,37.4283850833333,0</coordinates>
         </Point>
      </Placemark>
      <Placemark>
         <Snippet maxLines="0"> </Snippet>
         <description>409, UTC 22:34:32
37.4283840,-122.0753730,EA3.8m
Alt -29.5 m, EA 1.0 m
Vel -0.0,-13.5, EA 0.00 m/s</description>
         <Style>
            <IconStyle>
               <Icon>
                  <href>http://maps.google.com/mapfiles/kml/shapes/shaded_dot.png</href>
               </Icon>
               <scale>0.6</scale>
               <color>bfed8548</color>
            </IconStyle>
         </Style>
         <Point>
            <coordinates>-122.075372983333,37.428384,0</coordinates>
         </Point>
      </Placemark>
      <Placemark>
         <Snippet maxLines="0"> </Snippet>
         <description>410, UTC 22:34:33
37.4283840,-122.0755309,EA3.8m
Alt -29.4 m, EA 1.0 m
Vel -0.1,-13.8, EA 0.00 m/s</description>
         <Style>
            <IconStyle>
               <Icon>
                  <href>http://maps.google.com/mapfiles/kml/shapes/shaded_dot.png</href>
               </Icon>
               <scale>0.6</scale>
               <color>bfed8548</color>
            </IconStyle>
         </Style>
         <Point>
            <coordinates>-122.0755309,37.428384,0</coordinates>
         </Point>
      </Placemark>
      <Placemark>
         <Snippet maxLines="0"> </Snippet>
         <description>411, UTC 22:34:34
37.4283827,-122.0756914,EA3.8m
Alt -29.1 m, EA 1.0 m
Vel -0.1,-14.2, EA 0.00 m/s</description>
         <Style>
            <IconStyle>
               <Icon>
                  <href>http://maps.google.com/mapfiles/kml/shapes/shaded_dot.png</href>
               </Icon>
               <scale>0.6</scale>
               <color>bfed8548</color>
            </IconStyle>
         </Style>
         <Point>
            <coordinates>-122.075691383333,37.4283827,0</coordinates>
         </Point>
      </Placemark>
      <Placemark>
         <Snippet maxLines="0"> </Snippet>
         <description>412, UTC 22:34:35
37.4283803,-122.0758533,EA3.8m
Alt -29.2 m, EA 1.0 m
Vel -0.1,-14.4, EA 0.00 m/s</description>
         <Style>
            <IconStyle>
               <Icon>
                  <href>http://maps.google.com/mapfiles/kml/shapes/shaded_dot.png</href>
               </Icon>
               <scale>0.6</scale>
               <color>bfed8548</color>
            </IconStyle>
         </Style>
         <Point>
            <coordinates>-122.0758533,37.4283803,0</coordinates>
         </Point>
      </Placemark>
      <Placemark>
         <Snippet maxLines="0"> </Snippet>
         <description>413, UTC 22:34:36
37.4283785,-122.0760131,EA3.8m
Alt -29.4 m, EA 1.0 m
Vel -0.0,-14.2, EA 0.00 m/s</description>
         <Style>
            <IconStyle>
               <Icon>
                  <href>http://maps.google.com/mapfiles/kml/shapes/shaded_dot.png</href>
               </Icon>
               <scale>0.6</scale>
               <color>bfed8548</color>
            </IconStyle>
         </Style>
         <Point>
            <coordinates>-122.076013083333,37.4283785,0</coordinates>
         </Point>
      </Placemark>
      <Placemark>
         <Snippet maxLines="0"> </Snippet>
         <description>414, UTC 22:34:37
37.4283793,-122.0761727,EA3.8m
Alt -29.5 m, EA 1.0 m
Vel -0.1,-14.0, EA 0.00 m/s</description>
         <Style>
            <IconStyle>
               <Icon>
                  <href>http://maps.google.com/mapfiles/kml/shapes/shaded_dot.png</href>
               </Icon>
               <scale>0.6</scale>
               <color>bfed8548</color>
            </IconStyle>
         </Style>
         <Point>
            <coordinates>-122.0761727,37.4283793,0</coordinates>
         </Point>
      </Placemark>
      <Placemark>
         <Snippet maxLines="0"> </Snippet>
         <description>415, UTC 22:34:38
37.4283791,-122.0763297,EA3.8m
Alt -29.4 m, EA 1.0 m
Vel -0.5,-13.9, EA 0.00 m/s</description>
         <Style>
            <IconStyle>
               <Icon>
                  <href>http://maps.google.com/mapfiles/kml/shapes/shaded_dot.png</href>
               </Icon>
               <scale>0.6</scale>
               <color>bfed8548</color>
            </IconStyle>
         </Style>
         <Point>
            <coordinates>-122.0763297,37.4283791,0</coordinates>
         </Point>
      </Placemark>
      <Placemark>
         <Snippet maxLines="0"> </Snippet>
         <description>416, UTC 22:34:39
37.4283688,-122.0764823,EA3.8m
Alt -29.4 m, EA 1.0 m
Vel -1.6,-13.7, EA 0.00 m/s</description>
         <Style>
            <IconStyle>
               <Icon>
                  <href>http://maps.google.com/mapfiles/kml/shapes/shaded_dot.png</href>
               </Icon>
               <scale>0.6</scale>
               <color>bfed8548</color>
            </IconStyle>
         </Style>
         <Point>
            <coordinates>-122.076482283333,37.4283688,0</coordinates>
         </Point>
      </Placemark>
      <Placemark>
         <Snippet maxLines="0"> </Snippet>
         <description>417, UTC 22:34:40
37.4283447,-122.0766370,EA3.8m
Alt -29.9 m, EA 1.0 m
Vel -2.7,-13.3, EA 0.00 m/s</description>
         <Style>
            <IconStyle>
               <Icon>
                  <href>http://maps.google.com/mapfiles/kml/shapes/shaded_dot.png</href>
               </Icon>
               <scale>0.6</scale>
               <color>bfed8548</color>
            </IconStyle>
         </Style>
         <Point>
            <coordinates>-122.076637,37.4283446833333,0</coordinates>
         </Point>
      </Placemark>
      <Placemark>
         <Snippet maxLines="0"> </Snippet>
         <description>418, UTC 22:34:41
37.4283111,-122.0767849,EA3.8m
Alt -30.4 m, EA 1.0 m
Vel -3.8,-12.8, EA 0.00 m/s</description>
         <Style>
            <IconStyle>
               <Icon>
                  <href>http://maps.google.com/mapfiles/kml/shapes/shaded_dot.png</href>
               </Icon>
               <scale>0.6</scale>
               <color>bfed8548</color>
            </IconStyle>
         </Style>
         <Point>
            <coordinates>-122.0767849,37.4283111,0</coordinates>
         </Point>
      </Placemark>
      <Placemark>
         <Snippet maxLines="0"> </Snippet>
         <description>419, UTC 22:34:42
37.4282742,-122.0769302,EA3.8m
Alt -30.1 m, EA 1.0 m
Vel -4.2,-12.6, EA 0.00 m/s</description>
         <Style>
            <IconStyle>
               <Icon>
                  <href>http://maps.google.com/mapfiles/kml/shapes/shaded_dot.png</href>
               </Icon>
               <scale>0.6</scale>
               <color>bfed8548</color>
            </IconStyle>
         </Style>
         <Point>
            <coordinates>-122.0769302,37.4282741833333,0</coordinates>
         </Point>
      </Placemark>
      <Placemark>
         <Snippet maxLines="0"> </Snippet>
         <description>420, UTC 22:34:43
37.4282369,-122.0770736,EA3.8m
Alt -30.5 m, EA 1.0 m
Vel -4.4,-12.6, EA 0.00 m/s</description>
         <Style>
            <IconStyle>
               <Icon>
                  <href>http://maps.google.com/mapfiles/kml/shapes/shaded_dot.png</href>
               </Icon>
               <scale>0.6</scale>
               <color>bfed8548</color>
            </IconStyle>
         </Style>
         <Point>
            <coordinates>-122.0770736,37.4282369,0</coordinates>
         </Point>
      </Placemark>
      <Placemark>
         <Snippet maxLines="0"> </Snippet>
         <description>421, UTC 22:34:44
37.4281989,-122.0772248,EA3.8m
Alt -29.9 m, EA 1.0 m
Vel -4.2,-12.9, EA 0.00 m/s</description>
         <Style>
            <IconStyle>
               <Icon>
                  <href>http://maps.google.com/mapfiles/kml/shapes/shaded_dot.png</href>
               </Icon>
               <scale>0.6</scale>
               <color>bfed8548</color>
            </IconStyle>
         </Style>
         <Point>
            <coordinates>-122.077224783333,37.4281988833333,0</coordinates>
         </Point>
      </Placemark>
      <Placemark>
         <Snippet maxLines="0"> </Snippet>
         <description>422, UTC 22:34:45
37.4281650,-122.0773710,EA3.8m
Alt -30.1 m, EA 1.0 m
Vel -3.3,-13.1, EA 0.00 m/s</description>
         <Style>
            <IconStyle>
               <Icon>
                  <href>http://maps.google.com/mapfiles/kml/shapes/shaded_dot.png</href>
               </Icon>
               <scale>0.6</scale>
               <color>bfed8548</color>
            </IconStyle>
         </Style>
         <Point>
            <coordinates>-122.077370983333,37.4281649833333,0</coordinates>
         </Point>
      </Placemark>
      <Placemark>
         <Snippet maxLines="0"> </Snippet>
         <description>423, UTC 22:34:46
37.4281433,-122.0775170,EA3.8m
Alt -30.4 m, EA 1.0 m
Vel -2.3,-12.8, EA 0.00 m/s</description>
         <Style>
            <IconStyle>
               <Icon>
                  <href>http://maps.google.com/mapfiles/kml/shapes/shaded_dot.png</href>
               </Icon>
               <scale>0.6</scale>
               <color>bfed8548</color>
            </IconStyle>
         </Style>
         <Point>
            <coordinates>-122.077517,37.4281433,0</coordinates>
         </Point>
      </Placemark>
      <Placemark>
         <Snippet maxLines="0"> </Snippet>
         <description>424, UTC 22:34:47
37.4281266,-122.0776497,EA3.8m
Alt -31.1 m, EA 1.0 m
Vel -1.6,-11.9, EA 0.00 m/s</description>
         <Style>
            <IconStyle>
               <Icon>
                  <href>http://maps.google.com/mapfiles/kml/shapes/shaded_dot.png</href>
               </Icon>
               <scale>0.6</scale>
               <color>bfed8548</color>
            </IconStyle>
         </Style>
         <Point>
            <coordinates>-122.077649683333,37.4281265833333,0</coordinates>
         </Point>
      </Placemark>
      <Placemark>
         <Snippet maxLines="0"> </Snippet>
         <description>425, UTC 22:34:48
37.4281158,-122.0777648,EA3.8m
Alt -30.9 m, EA 1.0 m
Vel -0.8,-10.5, EA 0.00 m/s</description>
         <Style>
            <IconStyle>
               <Icon>
                  <href>http://maps.google.com/mapfiles/kml/shapes/shaded_dot.png</href>
               </Icon>
               <scale>0.6</scale>
               <color>bfed8548</color>
            </IconStyle>
         </Style>
         <Point>
            <coordinates>-122.077764783333,37.4281158,0</coordinates>
         </Point>
      </Placemark>
      <Placemark>
         <Snippet maxLines="0"> </Snippet>
         <description>426, UTC 22:34:49
37.4281131,-122.0778596,EA3.8m
Alt -31.1 m, EA 1.0 m
Vel -0.1,-8.5, EA 0.00 m/s</description>
         <Style>
            <IconStyle>
               <Icon>
                  <href>http://maps.google.com/mapfiles/kml/shapes/shaded_dot.png</href>
               </Icon>
               <scale>0.6</scale>
               <color>bfed8548</color>
            </IconStyle>
         </Style>
         <Point>
            <coordinates>-122.077859583333,37.4281130833333,0</coordinates>
         </Point>
      </Placemark>
      <Placemark>
         <Snippet maxLines="0"> </Snippet>
         <description>427, UTC 22:34:50
37.4281135,-122.0779318,EA3.8m
Alt -30.7 m, EA 1.0 m
Vel 0.0,-6.4, EA 0.00 m/s</description>
         <Style>
            <IconStyle>
               <Icon>
                  <href>http://maps.google.com/mapfiles/kml/shapes/shaded_dot.png</href>
               </Icon>
               <scale>0.6</scale>
               <color>bfed8548</color>
            </IconStyle>
         </Style>
         <Point>
            <coordinates>-122.0779318,37.4281135,0</coordinates>
         </Point>
      </Placemark>
      <Placemark>
         <Snippet maxLines="0"> </Snippet>
         <description>428, UTC 22:34:51
37.4281140,-122.0779745,EA3.8m
Alt -31.0 m, EA 1.0 m
Vel -0.1,-4.2, EA 0.00 m/s</description>
         <Style>
            <IconStyle>
               <Icon>
                  <href>http://maps.google.com/mapfiles/kml/shapes/shaded_dot.png</href>
               </Icon>
               <scale>0.6</scale>
               <color>bfed8548</color>
            </IconStyle>
         </Style>
         <Point>
            <coordinates>-122.077974483333,37.428114,0</coordinates>
         </Point>
      </Placemark>
      <Placemark>
         <Snippet maxLines="0"> </Snippet>
         <description>429, UTC 22:34:52
37.4281122,-122.0780141,EA3.8m
Alt -30.8 m, EA 1.0 m
Vel -0.1,-3.8, EA 0.00 m/s</description>
         <Style>
            <IconStyle>
               <Icon>
                  <href>http://maps.google.com/mapfiles/kml/shapes/shaded_dot.png</href>
               </Icon>
               <scale>0.6</scale>
               <color>bfed8548</color>
            </IconStyle>
         </Style>
         <Point>
            <coordinates>-122.0780141,37.4281122,0</coordinates>
         </Point>
      </Placemark>
      <Placemark>
         <Snippet maxLines="0"> </Snippet>
         <description>430, UTC 22:34:53
37.4281023,-122.0780590,EA3.8m
Alt -30.8 m, EA 1.0 m
Vel -0.8,-4.1, EA 0.00 m/s</description>
         <Style>
            <IconStyle>
               <Icon>
                  <href>http://maps.google.com/mapfiles/kml/shapes/shaded_dot.png</href>
               </Icon>
               <scale>0.6</scale>
               <color>bfed8548</color>
            </IconStyle>
         </Style>
         <Point>
            <coordinates>-122.078058983333,37.4281022833333,0</coordinates>
         </Point>
      </Placemark>
      <Placemark>
         <Snippet maxLines="0"> </Snippet>
         <description>431, UTC 22:34:54
37.4280804,-122.0781113,EA3.8m
Alt -31.3 m, EA 1.0 m
Vel -2.3,-4.3, EA 0.00 m/s</description>
         <Style>
            <IconStyle>
               <Icon>
                  <href>http://maps.google.com/mapfiles/kml/shapes/shaded_dot.png</href>
               </Icon>
               <scale>0.6</scale>
               <color>bfed8548</color>
            </IconStyle>
         </Style>
         <Point>
            <coordinates>-122.0781113,37.4280803833333,0</coordinates>
         </Point>
      </Placemark>
      <Placemark>
         <Snippet maxLines="0"> </Snippet>
         <description>432, UTC 22:34:55
37.4280463,-122.0781602,EA3.8m
Alt -31.3 m, EA 1.0 m
Vel -4.1,-4.0, EA 0.00 m/s</description>
         <Style>
            <IconStyle>
               <Icon>
                  <href>http://maps.google.com/mapfiles/kml/shapes/shaded_dot.png</href>
               </Icon>
               <scale>0.6</scale>
               <color>bfed8548</color>
            </IconStyle>
         </Style>
         <Point>
            <coordinates>-122.078160183333,37.4280462833333,0</coordinates>
         </Point>
      </Placemark>
      <Placemark>
         <Snippet maxLines="0"> </Snippet>
         <description>433, UTC 22:34:56
37.4279929,-122.0781963,EA3.8m
Alt -31.6 m, EA 1.0 m
Vel -6.0,-3.0, EA 0.00 m/s</description>
         <Style>
            <IconStyle>
               <Icon>
                  <href>http://maps.google.com/mapfiles/kml/shapes/shaded_dot.png</href>
               </Icon>
               <scale>0.6</scale>
               <color>bfed8548</color>
            </IconStyle>
         </Style>
         <Point>
            <coordinates>-122.0781963,37.4279928833333,0</coordinates>
         </Point>
      </Placemark>
      <Placemark>
         <Snippet maxLines="0"> </Snippet>
         <description>434, UTC 22:34:57
37.4279247,-122.0782171,EA3.8m
Alt -31.4 m, EA 1.0 m
Vel -7.5,-1.1, EA 0.00 m/s</description>
         <Style>
            <IconStyle>
               <Icon>
                  <href>http://maps.google.com/mapfiles/kml/shapes/shaded_dot.png</href>
               </Icon>
               <scale>0.6</scale>
               <color>bfed8548</color>
            </IconStyle>
         </Style>
         <Point>
            <coordinates>-122.0782171,37.4279246833333,0</coordinates>
         </Point>
      </Placemark>
      <Placemark>
         <Snippet maxLines="0"> </Snippet>
         <description>435, UTC 22:34:58
37.4278490,-122.0782163,EA3.8m
Alt -31.1 m, EA 1.0 m
Vel -8.4,0.1, EA 0.00 m/s</description>
         <Style>
            <IconStyle>
               <Icon>
                  <href>http://maps.google.com/mapfiles/kml/shapes/shaded_dot.png</href>
               </Icon>
               <scale>0.6</scale>
               <color>bfed8548</color>
            </IconStyle>
         </Style>
         <Point>
            <coordinates>-122.078216283333,37.427849,0</coordinates>
         </Point>
      </Placemark>
      <Placemark>
         <Snippet maxLines="0"> </Snippet>
         <description>436, UTC 22:34:59
37.4277588,-122.0782134,EA3.8m
Alt -31.0 m, EA 1.0 m
Vel -9.7,0.3, EA 0.00 m/s</description>
         <Style>
            <IconStyle>
               <Icon>
                  <href>http://maps.google.com/mapfiles/kml/shapes/shaded_dot.png</href>
               </Icon>
               <scale>0.6</scale>
               <color>bfed8548</color>
            </IconStyle>
         </Style>
         <Point>
            <coordinates>-122.078213383333,37.4277587833333,0</coordinates>
         </Point>
      </Placemark>
      <Placemark>
         <Snippet maxLines="0"> </Snippet>
         <description>437, UTC 22:35:00
37.4276586,-122.0782054,EA3.8m
Alt -30.8 m, EA 1.0 m
Vel -10.9,0.6, EA 0.00 m/s</description>
         <Style>
            <IconStyle>
               <Icon>
                  <href>http://maps.google.com/mapfiles/kml/shapes/shaded_dot.png</href>
               </Icon>
               <scale>0.6</scale>
               <color>bfed8548</color>
            </IconStyle>
         </Style>
         <Point>
            <coordinates>-122.0782054,37.4276586,0</coordinates>
         </Point>
      </Placemark>
      <Placemark>
         <Snippet maxLines="0"> </Snippet>
         <description>438, UTC 22:35:01
37.4275529,-122.0781929,EA3.8m
Alt -31.0 m, EA 1.0 m
Vel -11.8,0.9, EA 0.00 m/s</description>
         <Style>
            <IconStyle>
               <Icon>
                  <href>http://maps.google.com/mapfiles/kml/shapes/shaded_dot.png</href>
               </Icon>
               <scale>0.6</scale>
               <color>bfed8548</color>
            </IconStyle>
         </Style>
         <Point>
            <coordinates>-122.0781929,37.4275529,0</coordinates>
         </Point>
      </Placemark>
      <Placemark>
         <Snippet maxLines="0"> </Snippet>
         <description>439, UTC 22:35:02
37.4274417,-122.0781788,EA3.8m
Alt -30.6 m, EA 1.0 m
Vel -12.6,1.2, EA 0.00 m/s</description>
         <Style>
            <IconStyle>
               <Icon>
                  <href>http://maps.google.com/mapfiles/kml/shapes/shaded_dot.png</href>
               </Icon>
               <scale>0.6</scale>
               <color>bfed8548</color>
            </IconStyle>
         </Style>
         <Point>
            <coordinates>-122.0781788,37.4274417,0</coordinates>
         </Point>
      </Placemark>
      <Placemark>
         <Snippet maxLines="0"> </Snippet>
         <description>440, UTC 22:35:03
37.4273221,-122.0781615,EA3.8m
Alt -30.5 m, EA 1.0 m
Vel -13.2,1.4, EA 0.00 m/s</description>
         <Style>
            <IconStyle>
               <Icon>
                  <href>http://maps.google.com/mapfiles/kml/shapes/shaded_dot.png</href>
               </Icon>
               <scale>0.6</scale>
               <color>bfed8548</color>
            </IconStyle>
         </Style>
         <Point>
            <coordinates>-122.078161483333,37.4273220833333,0</coordinates>
         </Point>
      </Placemark>
      <Placemark>
         <Snippet maxLines="0"> </Snippet>
         <description>441, UTC 22:35:04
37.4271981,-122.0781508,EA3.8m
Alt -31.0 m, EA 1.0 m
Vel -13.6,1.0, EA 0.00 m/s</description>
         <Style>
            <IconStyle>
               <Icon>
                  <href>http://maps.google.com/mapfiles/kml/shapes/shaded_dot.png</href>
               </Icon>
               <scale>0.6</scale>
               <color>bfed8548</color>
            </IconStyle>
         </Style>
         <Point>
            <coordinates>-122.0781508,37.4271980833333,0</coordinates>
         </Point>
      </Placemark>
      <Placemark>
         <Snippet maxLines="0"> </Snippet>
         <description>442, UTC 22:35:05
37.4270707,-122.0781368,EA3.8m
Alt -31.1 m, EA 1.0 m
Vel -14.3,0.7, EA 0.00 m/s</description>
         <Style>
            <IconStyle>
               <Icon>
                  <href>http://maps.google.com/mapfiles/kml/shapes/shaded_dot.png</href>
               </Icon>
               <scale>0.6</scale>
               <color>bfed8548</color>
            </IconStyle>
         </Style>
         <Point>
            <coordinates>-122.078136783333,37.4270707,0</coordinates>
         </Point>
      </Placemark>
      <Placemark>
         <Snippet maxLines="0"> </Snippet>
         <description>443, UTC 22:35:06
37.4269359,-122.0781296,EA3.8m
Alt -31.0 m, EA 1.0 m
Vel -14.9,0.7, EA 0.00 m/s</description>
         <Style>
            <IconStyle>
               <Icon>
                  <href>http://maps.google.com/mapfiles/kml/shapes/shaded_dot.png</href>
               </Icon>
               <scale>0.6</scale>
               <color>bfed8548</color>
            </IconStyle>
         </Style>
         <Point>
            <coordinates>-122.078129583333,37.4269358833333,0</coordinates>
         </Point>
      </Placemark>
      <Placemark>
         <Snippet maxLines="0"> </Snippet>
         <description>444, UTC 22:35:07
37.4267966,-122.0781201,EA3.8m
Alt -31.2 m, EA 1.0 m
Vel -15.4,0.9, EA 0.00 m/s</description>
         <Style>
            <IconStyle>
               <Icon>
                  <href>http://maps.google.com/mapfiles/kml/shapes/shaded_dot.png</href>
               </Icon>
               <scale>0.6</scale>
               <color>bfed8548</color>
            </IconStyle>
         </Style>
         <Point>
            <coordinates>-122.0781201,37.4267966,0</coordinates>
         </Point>
      </Placemark>
      <Placemark>
         <Snippet maxLines="0"> </Snippet>
         <description>445, UTC 22:35:08
37.4266510,-122.0781126,EA3.8m
Alt -31.0 m, EA 1.0 m
Vel -16.3,0.8, EA 0.00 m/s</description>
         <Style>
            <IconStyle>
               <Icon>
                  <href>http://maps.google.com/mapfiles/kml/shapes/shaded_dot.png</href>
               </Icon>
               <scale>0.6</scale>
               <color>bfed8548</color>
            </IconStyle>
         </Style>
         <Point>
            <coordinates>-122.078112583333,37.4266509833333,0</coordinates>
         </Point>
      </Placemark>
      <Placemark>
         <Snippet maxLines="0"> </Snippet>
         <description>446, UTC 22:35:09
37.4264981,-122.0781066,EA3.8m
Alt -31.0 m, EA 1.0 m
Vel -17.1,0.6, EA 0.00 m/s</description>
         <Style>
            <IconStyle>
               <Icon>
                  <href>http://maps.google.com/mapfiles/kml/shapes/shaded_dot.png</href>
               </Icon>
               <scale>0.6</scale>
               <color>bfed8548</color>
            </IconStyle>
         </Style>
         <Point>
            <coordinates>-122.078106583333,37.4264981,0</coordinates>
         </Point>
      </Placemark>
      <Placemark>
         <Snippet maxLines="0"> </Snippet>
         <description>447, UTC 22:35:10
37.4263423,-122.0781029,EA3.8m
Alt -30.6 m, EA 1.0 m
Vel -17.6,0.4, EA 0.00 m/s</description>
         <Style>
            <IconStyle>
               <Icon>
                  <href>http://maps.google.com/mapfiles/kml/shapes/shaded_dot.png</href>
               </Icon>
               <scale>0.6</scale>
               <color>bfed8548</color>
            </IconStyle>
         </Style>
         <Point>
            <coordinates>-122.0781029,37.4263423,0</coordinates>
         </Point>
      </Placemark>
      <Placemark>
         <Snippet maxLines="0"> </Snippet>
         <description>448, UTC 22:35:11
37.4261875,-122.0781034,EA3.8m
Alt -30.6 m, EA 1.0 m
Vel -17.6,-0.4, EA 0.00 m/s</description>
         <Style>
            <IconStyle>
               <Icon>
                  <href>http://maps.google.com/mapfiles/kml/shapes/shaded_dot.png</href>
               </Icon>
               <scale>0.6</scale>
               <color>bfed8548</color>
            </IconStyle>
         </Style>
         <Point>
            <coordinates>-122.0781034,37.4261874833333,0</coordinates>
         </Point>
      </Placemark>
      <Placemark>
         <Snippet maxLines="0"> </Snippet>
         <description>449, UTC 22:35:12
37.4260332,-122.0781058,EA3.8m
Alt -30.8 m, EA 1.0 m
Vel -17.4,-0.9, EA 0.00 m/s</description>
         <Style>
            <IconStyle>
               <Icon>
                  <href>http://maps.google.com/mapfiles/kml/shapes/shaded_dot.png</href>
               </Icon>
               <scale>0.6</scale>
               <color>bfed8548</color>
            </IconStyle>
         </Style>
         <Point>
            <coordinates>-122.0781058,37.4260331833333,0</coordinates>
         </Point>
      </Placemark>
      <Placemark>
         <Snippet maxLines="0"> </Snippet>
         <description>450, UTC 22:35:13
37.4258780,-122.0781193,EA3.8m
Alt -30.7 m, EA 1.0 m
Vel -17.4,-1.1, EA 0.00 m/s</description>
         <Style>
            <IconStyle>
               <Icon>
                  <href>http://maps.google.com/mapfiles/kml/shapes/shaded_dot.png</href>
               </Icon>
               <scale>0.6</scale>
               <color>bfed8548</color>
            </IconStyle>
         </Style>
         <Point>
            <coordinates>-122.078119283333,37.4258779833333,0</coordinates>
         </Point>
      </Placemark>
      <Placemark>
         <Snippet maxLines="0"> </Snippet>
         <description>451, UTC 22:35:14
37.4257200,-122.0781327,EA3.8m
Alt -30.4 m, EA 1.0 m
Vel -17.5,-1.3, EA 0.00 m/s</description>
         <Style>
            <IconStyle>
               <Icon>
                  <href>http://maps.google.com/mapfiles/kml/shapes/shaded_dot.png</href>
               </Icon>
               <scale>0.6</scale>
               <color>bfed8548</color>
            </IconStyle>
         </Style>
         <Point>
            <coordinates>-122.078132683333,37.4257199833333,0</coordinates>
         </Point>
      </Placemark>
      <Placemark>
         <Snippet maxLines="0"> </Snippet>
         <description>452, UTC 22:35:15
37.4255595,-122.0781485,EA3.8m
Alt -30.1 m, EA 1.0 m
Vel -17.7,-1.1, EA 0.00 m/s</description>
         <Style>
            <IconStyle>
               <Icon>
                  <href>http://maps.google.com/mapfiles/kml/shapes/shaded_dot.png</href>
               </Icon>
               <scale>0.6</scale>
               <color>bfed8548</color>
            </IconStyle>
         </Style>
         <Point>
            <coordinates>-122.078148483333,37.4255594833333,0</coordinates>
         </Point>
      </Placemark>
      <Placemark>
         <Snippet maxLines="0"> </Snippet>
         <description>453, UTC 22:35:16
37.4254008,-122.0781610,EA3.8m
Alt -30.0 m, EA 1.0 m
Vel -17.8,-0.8, EA 0.00 m/s</description>
         <Style>
            <IconStyle>
               <Icon>
                  <href>http://maps.google.com/mapfiles/kml/shapes/shaded_dot.png</href>
               </Icon>
               <scale>0.6</scale>
               <color>bfed8548</color>
            </IconStyle>
         </Style>
         <Point>
            <coordinates>-122.078160983333,37.4254007833333,0</coordinates>
         </Point>
      </Placemark>
      <Placemark>
         <Snippet maxLines="0"> </Snippet>
         <description>454, UTC 22:35:17
37.4252383,-122.0781696,EA3.8m
Alt -30.0 m, EA 1.0 m
Vel -17.8,-0.5, EA 0.00 m/s</description>
         <Style>
            <IconStyle>
               <Icon>
                  <href>http://maps.google.com/mapfiles/kml/shapes/shaded_dot.png</href>
               </Icon>
               <scale>0.6</scale>
               <color>bfed8548</color>
            </IconStyle>
         </Style>
         <Point>
            <coordinates>-122.078169583333,37.4252382833333,0</coordinates>
         </Point>
      </Placemark>
      <Placemark>
         <Snippet maxLines="0"> </Snippet>
         <description>455, UTC 22:35:18
37.4250759,-122.0781727,EA3.8m
Alt -29.8 m, EA 1.0 m
Vel -17.9,-0.2, EA 0.00 m/s</description>
         <Style>
            <IconStyle>
               <Icon>
                  <href>http://maps.google.com/mapfiles/kml/shapes/shaded_dot.png</href>
               </Icon>
               <scale>0.6</scale>
               <color>bfed8548</color>
            </IconStyle>
         </Style>
         <Point>
            <coordinates>-122.078172683333,37.4250759,0</coordinates>
         </Point>
      </Placemark>
      <Placemark>
         <Snippet maxLines="0"> </Snippet>
         <description>456, UTC 22:35:19
37.4249095,-122.0781716,EA3.8m
Alt -29.8 m, EA 1.0 m
Vel -18.2,0.2, EA 0.00 m/s</description>
         <Style>
            <IconStyle>
               <Icon>
                  <href>http://maps.google.com/mapfiles/kml/shapes/shaded_dot.png</href>
               </Icon>
               <scale>0.6</scale>
               <color>bfed8548</color>
            </IconStyle>
         </Style>
         <Point>
            <coordinates>-122.0781716,37.4249094833333,0</coordinates>
         </Point>
      </Placemark>
      <Placemark>
         <Snippet maxLines="0"> </Snippet>
         <description>457, UTC 22:35:20
37.4247463,-122.0781694,EA3.8m
Alt -30.1 m, EA 1.0 m
Vel -18.0,0.6, EA 0.00 m/s</description>
         <Style>
            <IconStyle>
               <Icon>
                  <href>http://maps.google.com/mapfiles/kml/shapes/shaded_dot.png</href>
               </Icon>
               <scale>0.6</scale>
               <color>bfed8548</color>
            </IconStyle>
         </Style>
         <Point>
            <coordinates>-122.078169383333,37.4247463,0</coordinates>
         </Point>
      </Placemark>
      <Placemark>
         <Snippet maxLines="0"> </Snippet>
         <description>458, UTC 22:35:21
37.4245800,-122.0781674,EA3.8m
Alt -29.7 m, EA 1.0 m
Vel -18.2,0.7, EA 0.00 m/s</description>
         <Style>
            <IconStyle>
               <Icon>
                  <href>http://maps.google.com/mapfiles/kml/shapes/shaded_dot.png</href>
               </Icon>
               <scale>0.6</scale>
               <color>bfed8548</color>
            </IconStyle>
         </Style>
         <Point>
            <coordinates>-122.078167383333,37.4245799833333,0</coordinates>
         </Point>
      </Placemark>
      <Placemark>
         <Snippet maxLines="0"> </Snippet>
         <description>459, UTC 22:35:22
37.4244182,-122.0781577,EA3.8m
Alt -29.8 m, EA 1.0 m
Vel -18.0,1.0, EA 0.00 m/s</description>
         <Style>
            <IconStyle>
               <Icon>
                  <href>http://maps.google.com/mapfiles/kml/shapes/shaded_dot.png</href>
               </Icon>
               <scale>0.6</scale>
               <color>bfed8548</color>
            </IconStyle>
         </Style>
         <Point>
            <coordinates>-122.0781577,37.4244181833333,0</coordinates>
         </Point>
      </Placemark>
      <Placemark>
         <Snippet maxLines="0"> </Snippet>
         <description>460, UTC 22:35:23
37.4242592,-122.0781447,EA3.8m
Alt -29.1 m, EA 1.0 m
Vel -17.8,1.1, EA 0.00 m/s</description>
         <Style>
            <IconStyle>
               <Icon>
                  <href>http://maps.google.com/mapfiles/kml/shapes/shaded_dot.png</href>
               </Icon>
               <scale>0.6</scale>
               <color>bfed8548</color>
            </IconStyle>
         </Style>
         <Point>
            <coordinates>-122.078144683333,37.4242592,0</coordinates>
         </Point>
      </Placemark>
      <Placemark>
         <Snippet maxLines="0"> </Snippet>
         <description>461, UTC 22:35:24
37.4241052,-122.0781325,EA3.8m
Alt -29.0 m, EA 1.0 m
Vel -17.3,1.2, EA 0.00 m/s</description>
         <Style>
            <IconStyle>
               <Icon>
                  <href>http://maps.google.com/mapfiles/kml/shapes/shaded_dot.png</href>
               </Icon>
               <scale>0.6</scale>
               <color>bfed8548</color>
            </IconStyle>
         </Style>
         <Point>
            <coordinates>-122.078132483333,37.4241051833333,0</coordinates>
         </Point>
      </Placemark>
      <Placemark>
         <Snippet maxLines="0"> </Snippet>
         <description>462, UTC 22:35:25
37.4239489,-122.0781183,EA3.8m
Alt -28.9 m, EA 1.0 m
Vel -17.4,1.3, EA 0.00 m/s</description>
         <Style>
            <IconStyle>
               <Icon>
                  <href>http://maps.google.com/mapfiles/kml/shapes/shaded_dot.png</href>
               </Icon>
               <scale>0.6</scale>
               <color>bfed8548</color>
            </IconStyle>
         </Style>
         <Point>
            <coordinates>-122.078118283333,37.4239488833333,0</coordinates>
         </Point>
      </Placemark>
      <Placemark>
         <Snippet maxLines="0"> </Snippet>
         <description>463, UTC 22:35:26
37.4238019,-122.0781091,EA3.8m
Alt -28.8 m, EA 1.0 m
Vel -16.7,1.0, EA 0.00 m/s</description>
         <Style>
            <IconStyle>
               <Icon>
                  <href>http://maps.google.com/mapfiles/kml/shapes/shaded_dot.png</href>
               </Icon>
               <scale>0.6</scale>
               <color>bfed8548</color>
            </IconStyle>
         </Style>
         <Point>
            <coordinates>-122.0781091,37.4238019,0</coordinates>
         </Point>
      </Placemark>
      <Placemark>
         <Snippet maxLines="0"> </Snippet>
         <description>464, UTC 22:35:27
37.4236783,-122.0781039,EA3.8m
Alt -28.8 m, EA 1.0 m
Vel -14.0,0.5, EA 0.00 m/s</description>
         <Style>
            <IconStyle>
               <Icon>
                  <href>http://maps.google.com/mapfiles/kml/shapes/shaded_dot.png</href>
               </Icon>
               <scale>0.6</scale>
               <color>bfed8548</color>
            </IconStyle>
         </Style>
         <Point>
            <coordinates>-122.0781039,37.4236782833333,0</coordinates>
         </Point>
      </Placemark>
      <Placemark>
         <Snippet maxLines="0"> </Snippet>
         <description>465, UTC 22:35:28
37.4235744,-122.0781009,EA3.8m
Alt -28.3 m, EA 1.0 m
Vel -11.1,0.0, EA 0.00 m/s</description>
         <Style>
            <IconStyle>
               <Icon>
                  <href>http://maps.google.com/mapfiles/kml/shapes/shaded_dot.png</href>
               </Icon>
               <scale>0.6</scale>
               <color>bfed8548</color>
            </IconStyle>
         </Style>
         <Point>
            <coordinates>-122.078100883333,37.4235743833333,0</coordinates>
         </Point>
      </Placemark>
      <Placemark>
         <Snippet maxLines="0"> </Snippet>
         <description>466, UTC 22:35:29
37.4235025,-122.0781148,EA3.8m
Alt -28.5 m, EA 1.0 m
Vel -8.0,-1.9, EA 0.00 m/s</description>
         <Style>
            <IconStyle>
               <Icon>
                  <href>http://maps.google.com/mapfiles/kml/shapes/shaded_dot.png</href>
               </Icon>
               <scale>0.6</scale>
               <color>bfed8548</color>
            </IconStyle>
         </Style>
         <Point>
            <coordinates>-122.078114783333,37.4235024833333,0</coordinates>
         </Point>
      </Placemark>
      <Placemark>
         <Snippet maxLines="0"> </Snippet>
         <description>467, UTC 22:35:30
37.4234480,-122.0781596,EA3.8m
Alt -28.7 m, EA 1.0 m
Vel -5.6,-4.3, EA 0.00 m/s</description>
         <Style>
            <IconStyle>
               <Icon>
                  <href>http://maps.google.com/mapfiles/kml/shapes/shaded_dot.png</href>
               </Icon>
               <scale>0.6</scale>
               <color>bfed8548</color>
            </IconStyle>
         </Style>
         <Point>
            <coordinates>-122.0781596,37.423448,0</coordinates>
         </Point>
      </Placemark>
      <Placemark>
         <Snippet maxLines="0"> </Snippet>
         <description>468, UTC 22:35:31
37.4234166,-122.0782335,EA3.8m
Alt -28.6 m, EA 1.0 m
Vel -2.8,-6.5, EA 0.00 m/s</description>
         <Style>
            <IconStyle>
               <Icon>
                  <href>http://maps.google.com/mapfiles/kml/shapes/shaded_dot.png</href>
               </Icon>
               <scale>0.6</scale>
               <color>bfed8548</color>
            </IconStyle>
         </Style>
         <Point>
            <coordinates>-122.078233483333,37.4234166,0</coordinates>
         </Point>
      </Placemark>
      <Placemark>
         <Snippet maxLines="0"> </Snippet>
         <description>469, UTC 22:35:32
37.4234070,-122.0783164,EA3.8m
Alt -28.5 m, EA 1.0 m
Vel -0.8,-7.6, EA 0.00 m/s</description>
         <Style>
            <IconStyle>
               <Icon>
                  <href>http://maps.google.com/mapfiles/kml/shapes/shaded_dot.png</href>
               </Icon>
               <scale>0.6</scale>
               <color>bfed8548</color>
            </IconStyle>
         </Style>
         <Point>
            <coordinates>-122.0783164,37.4234069833333,0</coordinates>
         </Point>
      </Placemark>
      <Placemark>
         <Snippet maxLines="0"> </Snippet>
         <description>470, UTC 22:35:33
37.4234052,-122.0784135,EA3.8m
Alt -29.1 m, EA 1.0 m
Vel -0.5,-8.5, EA 0.00 m/s</description>
         <Style>
            <IconStyle>
               <Icon>
                  <href>http://maps.google.com/mapfiles/kml/shapes/shaded_dot.png</href>
               </Icon>
               <scale>0.6</scale>
               <color>bfed8548</color>
            </IconStyle>
         </Style>
         <Point>
            <coordinates>-122.078413483333,37.4234051833333,0</coordinates>
         </Point>
      </Placemark>
      <Placemark>
         <Snippet maxLines="0"> </Snippet>
         <description>471, UTC 22:35:34
37.4234063,-122.0785162,EA3.8m
Alt -29.1 m, EA 1.0 m
Vel -0.6,-9.4, EA 0.00 m/s</description>
         <Style>
            <IconStyle>
               <Icon>
                  <href>http://maps.google.com/mapfiles/kml/shapes/shaded_dot.png</href>
               </Icon>
               <scale>0.6</scale>
               <color>bfed8548</color>
            </IconStyle>
         </Style>
         <Point>
            <coordinates>-122.078516183333,37.4234063,0</coordinates>
         </Point>
      </Placemark>
      <Placemark>
         <Snippet maxLines="0"> </Snippet>
         <description>472, UTC 22:35:35
37.4233996,-122.0786345,EA3.8m
Alt -29.1 m, EA 1.0 m
Vel -0.9,-10.3, EA 0.00 m/s</description>
         <Style>
            <IconStyle>
               <Icon>
                  <href>http://maps.google.com/mapfiles/kml/shapes/shaded_dot.png</href>
               </Icon>
               <scale>0.6</scale>
               <color>bfed8548</color>
            </IconStyle>
         </Style>
         <Point>
            <coordinates>-122.0786345,37.4233996,0</coordinates>
         </Point>
      </Placemark>
      <Placemark>
         <Snippet maxLines="0"> </Snippet>
         <description>473, UTC 22:35:36
37.4233905,-122.0787586,EA3.8m
Alt -29.3 m, EA 1.0 m
Vel -1.1,-11.0, EA 0.00 m/s</description>
         <Style>
            <IconStyle>
               <Icon>
                  <href>http://maps.google.com/mapfiles/kml/shapes/shaded_dot.png</href>
               </Icon>
               <scale>0.6</scale>
               <color>bfed8548</color>
            </IconStyle>
         </Style>
         <Point>
            <coordinates>-122.0787586,37.4233904833333,0</coordinates>
         </Point>
      </Placemark>
      <Placemark>
         <Snippet maxLines="0"> </Snippet>
         <description>474, UTC 22:35:37
37.4233848,-122.0788887,EA3.8m
Alt -28.9 m, EA 1.0 m
Vel -0.7,-11.8, EA 0.00 m/s</description>
         <Style>
            <IconStyle>
               <Icon>
                  <href>http://maps.google.com/mapfiles/kml/shapes/shaded_dot.png</href>
               </Icon>
               <scale>0.6</scale>
               <color>bfed8548</color>
            </IconStyle>
         </Style>
         <Point>
            <coordinates>-122.078888683333,37.4233848,0</coordinates>
         </Point>
      </Placemark>
      <Placemark>
         <Snippet maxLines="0"> </Snippet>
         <description>475, UTC 22:35:38
37.4233808,-122.0790323,EA3.8m
Alt -28.9 m, EA 1.0 m
Vel -0.5,-12.6, EA 0.00 m/s</description>
         <Style>
            <IconStyle>
               <Icon>
                  <href>http://maps.google.com/mapfiles/kml/shapes/shaded_dot.png</href>
               </Icon>
               <scale>0.6</scale>
               <color>bfed8548</color>
            </IconStyle>
         </Style>
         <Point>
            <coordinates>-122.079032283333,37.4233807833333,0</coordinates>
         </Point>
      </Placemark>
      <Placemark>
         <Snippet maxLines="0"> </Snippet>
         <description>476, UTC 22:35:39
37.4233786,-122.0791806,EA3.8m
Alt -28.8 m, EA 1.0 m
Vel -0.5,-13.3, EA 0.00 m/s</description>
         <Style>
            <IconStyle>
               <Icon>
                  <href>http://maps.google.com/mapfiles/kml/shapes/shaded_dot.png</href>
               </Icon>
               <scale>0.6</scale>
               <color>bfed8548</color>
            </IconStyle>
         </Style>
         <Point>
            <coordinates>-122.0791806,37.4233785833333,0</coordinates>
         </Point>
      </Placemark>
      <Placemark>
         <Snippet maxLines="0"> </Snippet>
         <description>477, UTC 22:35:40
37.4233728,-122.0793414,EA3.8m
Alt -28.7 m, EA 1.0 m
Vel -0.6,-14.0, EA 0.00 m/s</description>
         <Style>
            <IconStyle>
               <Icon>
                  <href>http://maps.google.com/mapfiles/kml/shapes/shaded_dot.png</href>
               </Icon>
               <scale>0.6</scale>
               <color>bfed8548</color>
            </IconStyle>
         </Style>
         <Point>
            <coordinates>-122.0793414,37.4233728,0</coordinates>
         </Point>
      </Placemark>
      <Placemark>
         <Snippet maxLines="0"> </Snippet>
         <description>478, UTC 22:35:41
37.4233652,-122.0795005,EA3.8m
Alt -28.7 m, EA 1.0 m
Vel -0.8,-14.3, EA 0.00 m/s</description>
         <Style>
            <IconStyle>
               <Icon>
                  <href>http://maps.google.com/mapfiles/kml/shapes/shaded_dot.png</href>
               </Icon>
               <scale>0.6</scale>
               <color>bfed8548</color>
            </IconStyle>
         </Style>
         <Point>
            <coordinates>-122.079500483333,37.4233651833333,0</coordinates>
         </Point>
      </Placemark>
      <Placemark>
         <Snippet maxLines="0"> </Snippet>
         <description>479, UTC 22:35:42
37.4233563,-122.0796678,EA3.8m
Alt -28.9 m, EA 1.0 m
Vel -1.0,-14.5, EA 0.00 m/s</description>
         <Style>
            <IconStyle>
               <Icon>
                  <href>http://maps.google.com/mapfiles/kml/shapes/shaded_dot.png</href>
               </Icon>
               <scale>0.6</scale>
               <color>bfed8548</color>
            </IconStyle>
         </Style>
         <Point>
            <coordinates>-122.079667783333,37.4233563,0</coordinates>
         </Point>
      </Placemark>
      <Placemark>
         <Snippet maxLines="0"> </Snippet>
         <description>480, UTC 22:35:43
37.4233455,-122.0798286,EA3.8m
Alt -29.2 m, EA 1.0 m
Vel -1.2,-14.0, EA 0.00 m/s</description>
         <Style>
            <IconStyle>
               <Icon>
                  <href>http://maps.google.com/mapfiles/kml/shapes/shaded_dot.png</href>
               </Icon>
               <scale>0.6</scale>
               <color>bfed8548</color>
            </IconStyle>
         </Style>
         <Point>
            <coordinates>-122.079828583333,37.4233455,0</coordinates>
         </Point>
      </Placemark>
      <Placemark>
         <Snippet maxLines="0"> </Snippet>
         <description>481, UTC 22:35:44
37.4233340,-122.0799727,EA3.8m
Alt -29.6 m, EA 1.0 m
Vel -1.3,-12.8, EA 0.00 m/s</description>
         <Style>
            <IconStyle>
               <Icon>
                  <href>http://maps.google.com/mapfiles/kml/shapes/shaded_dot.png</href>
               </Icon>
               <scale>0.6</scale>
               <color>bfed8548</color>
            </IconStyle>
         </Style>
         <Point>
            <coordinates>-122.079972683333,37.4233339833333,0</coordinates>
         </Point>
      </Placemark>
      <Placemark>
         <Snippet maxLines="0"> </Snippet>
         <description>482, UTC 22:35:45
37.4233207,-122.0800942,EA3.8m
Alt -29.8 m, EA 1.0 m
Vel -1.2,-10.9, EA 0.00 m/s</description>
         <Style>
            <IconStyle>
               <Icon>
                  <href>http://maps.google.com/mapfiles/kml/shapes/shaded_dot.png</href>
               </Icon>
               <scale>0.6</scale>
               <color>bfed8548</color>
            </IconStyle>
         </Style>
         <Point>
            <coordinates>-122.0800942,37.4233206833333,0</coordinates>
         </Point>
      </Placemark>
      <Placemark>
         <Snippet maxLines="0"> </Snippet>
         <description>483, UTC 22:35:46
37.4233087,-122.0801998,EA3.8m
Alt -30.1 m, EA 1.0 m
Vel -1.1,-9.6, EA 0.00 m/s</description>
         <Style>
            <IconStyle>
               <Icon>
                  <href>http://maps.google.com/mapfiles/kml/shapes/shaded_dot.png</href>
               </Icon>
               <scale>0.6</scale>
               <color>bfed8548</color>
            </IconStyle>
         </Style>
         <Point>
            <coordinates>-122.0801998,37.4233086833333,0</coordinates>
         </Point>
      </Placemark>
      <Placemark>
         <Snippet maxLines="0"> </Snippet>
         <description>484, UTC 22:35:47
37.4233002,-122.0803041,EA3.8m
Alt -30.4 m, EA 1.0 m
Vel -1.1,-9.4, EA 0.00 m/s</description>
         <Style>
            <IconStyle>
               <Icon>
                  <href>http://maps.google.com/mapfiles/kml/shapes/shaded_dot.png</href>
               </Icon>
               <scale>0.6</scale>
               <color>bfed8548</color>
            </IconStyle>
         </Style>
         <Point>
            <coordinates>-122.0803041,37.4233001833333,0</coordinates>
         </Point>
      </Placemark>
      <Placemark>
         <Snippet maxLines="0"> </Snippet>
         <description>485, UTC 22:35:48
37.4232873,-122.0804196,EA3.8m
Alt -30.2 m, EA 1.0 m
Vel -1.2,-10.3, EA 0.00 m/s</description>
         <Style>
            <IconStyle>
               <Icon>
                  <href>http://maps.google.com/mapfiles/kml/shapes/shaded_dot.png</href>
               </Icon>
               <scale>0.6</scale>
               <color>bfed8548</color>
            </IconStyle>
         </Style>
         <Point>
            <coordinates>-122.080419583333,37.4232872833333,0</coordinates>
         </Point>
      </Placemark>
      <Placemark>
         <Snippet maxLines="0"> </Snippet>
         <description>486, UTC 22:35:49
37.4232744,-122.0805523,EA3.8m
Alt -30.4 m, EA 1.0 m
Vel -1.4,-11.7, EA 0.00 m/s</description>
         <Style>
            <IconStyle>
               <Icon>
                  <href>http://maps.google.com/mapfiles/kml/shapes/shaded_dot.png</href>
               </Icon>
               <scale>0.6</scale>
               <color>bfed8548</color>
            </IconStyle>
         </Style>
         <Point>
            <coordinates>-122.080552283333,37.4232743833333,0</coordinates>
         </Point>
      </Placemark>
      <Placemark>
         <Snippet maxLines="0"> </Snippet>
         <description>487, UTC 22:35:50
37.4232617,-122.0806967,EA3.8m
Alt -30.5 m, EA 1.0 m
Vel -1.6,-12.9, EA 0.00 m/s</description>
         <Style>
            <IconStyle>
               <Icon>
                  <href>http://maps.google.com/mapfiles/kml/shapes/shaded_dot.png</href>
               </Icon>
               <scale>0.6</scale>
               <color>bfed8548</color>
            </IconStyle>
         </Style>
         <Point>
            <coordinates>-122.0806967,37.4232616833333,0</coordinates>
         </Point>
      </Placemark>
      <Placemark>
         <Snippet maxLines="0"> </Snippet>
         <description>488, UTC 22:35:51
37.4232467,-122.0808538,EA3.8m
Alt -30.5 m, EA 1.0 m
Vel -1.6,-13.8, EA 0.00 m/s</description>
         <Style>
            <IconStyle>
               <Icon>
                  <href>http://maps.google.com/mapfiles/kml/shapes/shaded_dot.png</href>
               </Icon>
               <scale>0.6</scale>
               <color>bfed8548</color>
            </IconStyle>
         </Style>
         <Point>
            <coordinates>-122.080853783333,37.4232466833333,0</coordinates>
         </Point>
      </Placemark>
      <Placemark>
         <Snippet maxLines="0"> </Snippet>
         <description>489, UTC 22:35:52
37.4232299,-122.0810193,EA3.8m
Alt -30.9 m, EA 1.0 m
Vel -1.6,-14.6, EA 0.00 m/s</description>
         <Style>
            <IconStyle>
               <Icon>
                  <href>http://maps.google.com/mapfiles/kml/shapes/shaded_dot.png</href>
               </Icon>
               <scale>0.6</scale>
               <color>bfed8548</color>
            </IconStyle>
         </Style>
         <Point>
            <coordinates>-122.081019283333,37.4232299,0</coordinates>
         </Point>
      </Placemark>
      <Placemark>
         <Snippet maxLines="0"> </Snippet>
         <description>490, UTC 22:35:53
37.4232165,-122.0811908,EA3.8m
Alt -31.2 m, EA 1.0 m
Vel -1.6,-15.2, EA 0.00 m/s</description>
         <Style>
            <IconStyle>
               <Icon>
                  <href>http://maps.google.com/mapfiles/kml/shapes/shaded_dot.png</href>
               </Icon>
               <scale>0.6</scale>
               <color>bfed8548</color>
            </IconStyle>
         </Style>
         <Point>
            <coordinates>-122.0811908,37.4232165,0</coordinates>
         </Point>
      </Placemark>
      <Placemark>
         <Snippet maxLines="0"> </Snippet>
         <description>491, UTC 22:35:54
37.4232020,-122.0813676,EA3.8m
Alt -31.3 m, EA 1.0 m
Vel -1.6,-15.7, EA 0.00 m/s</description>
         <Style>
            <IconStyle>
               <Icon>
                  <href>http://maps.google.com/mapfiles/kml/shapes/shaded_dot.png</href>
               </Icon>
               <scale>0.6</scale>
               <color>bfed8548</color>
            </IconStyle>
         </Style>
         <Point>
            <coordinates>-122.081367583333,37.423202,0</coordinates>
         </Point>
      </Placemark>
      <Placemark>
         <Snippet maxLines="0"> </Snippet>
         <description>492, UTC 22:35:55
37.4231870,-122.0815467,EA3.8m
Alt -31.6 m, EA 1.0 m
Vel -1.6,-16.0, EA 0.00 m/s</description>
         <Style>
            <IconStyle>
               <Icon>
                  <href>http://maps.google.com/mapfiles/kml/shapes/shaded_dot.png</href>
               </Icon>
               <scale>0.6</scale>
               <color>bfed8548</color>
            </IconStyle>
         </Style>
         <Point>
            <coordinates>-122.0815467,37.4231869833333,0</coordinates>
         </Point>
      </Placemark>
      <Placemark>
         <Snippet maxLines="0"> </Snippet>
         <description>493, UTC 22:35:56
37.4231703,-122.0817300,EA3.8m
Alt -31.6 m, EA 1.0 m
Vel -1.6,-16.2, EA 0.00 m/s</description>
         <Style>
            <IconStyle>
               <Icon>
                  <href>http://maps.google.com/mapfiles/kml/shapes/shaded_dot.png</href>
               </Icon>
               <scale>0.6</scale>
               <color>bfed8548</color>
            </IconStyle>
         </Style>
         <Point>
            <coordinates>-122.081729983333,37.4231703,0</coordinates>
         </Point>
      </Placemark>
      <Placemark>
         <Snippet maxLines="0"> </Snippet>
         <description>494, UTC 22:35:57
37.4231579,-122.0819147,EA3.8m
Alt -31.8 m, EA 1.0 m
Vel -1.7,-16.4, EA 0.00 m/s</description>
         <Style>
            <IconStyle>
               <Icon>
                  <href>http://maps.google.com/mapfiles/kml/shapes/shaded_dot.png</href>
               </Icon>
               <scale>0.6</scale>
               <color>bfed8548</color>
            </IconStyle>
         </Style>
         <Point>
            <coordinates>-122.081914683333,37.4231578833333,0</coordinates>
         </Point>
      </Placemark>
      <Placemark>
         <Snippet maxLines="0"> </Snippet>
         <description>495, UTC 22:35:58
37.4231405,-122.0821045,EA3.8m
Alt -32.2 m, EA 1.0 m
Vel -1.7,-16.6, EA 0.00 m/s</description>
         <Style>
            <IconStyle>
               <Icon>
                  <href>http://maps.google.com/mapfiles/kml/shapes/shaded_dot.png</href>
               </Icon>
               <scale>0.6</scale>
               <color>bfed8548</color>
            </IconStyle>
         </Style>
         <Point>
            <coordinates>-122.082104483333,37.4231405,0</coordinates>
         </Point>
      </Placemark>
      <Placemark>
         <Snippet maxLines="0"> </Snippet>
         <description>496, UTC 22:35:59
37.4231230,-122.0823004,EA3.8m
Alt -32.4 m, EA 1.0 m
Vel -1.7,-17.0, EA 0.00 m/s</description>
         <Style>
            <IconStyle>
               <Icon>
                  <href>http://maps.google.com/mapfiles/kml/shapes/shaded_dot.png</href>
               </Icon>
               <scale>0.6</scale>
               <color>bfed8548</color>
            </IconStyle>
         </Style>
         <Point>
            <coordinates>-122.082300383333,37.4231229833333,0</coordinates>
         </Point>
      </Placemark>
      <Placemark>
         <Snippet maxLines="0"> </Snippet>
         <description>497, UTC 22:36:00
37.4231072,-122.0824982,EA3.8m
Alt -32.2 m, EA 1.0 m
Vel -1.5,-17.4, EA 0.00 m/s</description>
         <Style>
            <IconStyle>
               <Icon>
                  <href>http://maps.google.com/mapfiles/kml/shapes/shaded_dot.png</href>
               </Icon>
               <scale>0.6</scale>
               <color>bfed8548</color>
            </IconStyle>
         </Style>
         <Point>
            <coordinates>-122.0824982,37.4231071833333,0</coordinates>
         </Point>
      </Placemark>
      <Placemark>
         <Snippet maxLines="0"> </Snippet>
         <description>498, UTC 22:36:01
37.4230950,-122.0826990,EA3.8m
Alt -31.7 m, EA 1.0 m
Vel -1.2,-17.9, EA 0.00 m/s</description>
         <Style>
            <IconStyle>
               <Icon>
                  <href>http://maps.google.com/mapfiles/kml/shapes/shaded_dot.png</href>
               </Icon>
               <scale>0.6</scale>
               <color>bfed8548</color>
            </IconStyle>
         </Style>
         <Point>
            <coordinates>-122.082699,37.423095,0</coordinates>
         </Point>
      </Placemark>
      <Placemark>
         <Snippet maxLines="0"> </Snippet>
         <description>499, UTC 22:36:02
37.4230886,-122.0829042,EA3.8m
Alt -31.9 m, EA 1.0 m
Vel -0.7,-18.2, EA 0.00 m/s</description>
         <Style>
            <IconStyle>
               <Icon>
                  <href>http://maps.google.com/mapfiles/kml/shapes/shaded_dot.png</href>
               </Icon>
               <scale>0.6</scale>
               <color>bfed8548</color>
            </IconStyle>
         </Style>
         <Point>
            <coordinates>-122.0829042,37.4230885833333,0</coordinates>
         </Point>
      </Placemark>
      <Placemark>
         <Snippet maxLines="0"> </Snippet>
         <description>500, UTC 22:36:03
37.4230857,-122.0831174,EA3.8m
Alt -32.3 m, EA 1.0 m
Vel -0.3,-18.6, EA 0.00 m/s</description>
         <Style>
            <IconStyle>
               <Icon>
                  <href>http://maps.google.com/mapfiles/kml/shapes/shaded_dot.png</href>
               </Icon>
               <scale>0.6</scale>
               <color>bfed8548</color>
            </IconStyle>
         </Style>
         <Point>
            <coordinates>-122.0831174,37.4230857,0</coordinates>
         </Point>
      </Placemark>
      <Placemark>
         <Snippet maxLines="0"> </Snippet>
         <description>501, UTC 22:36:04
37.4230838,-122.0833320,EA3.8m
Alt -32.5 m, EA 1.0 m
Vel 0.1,-18.8, EA 0.00 m/s</description>
         <Style>
            <IconStyle>
               <Icon>
                  <href>http://maps.google.com/mapfiles/kml/shapes/shaded_dot.png</href>
               </Icon>
               <scale>0.6</scale>
               <color>bfed8548</color>
            </IconStyle>
         </Style>
         <Point>
            <coordinates>-122.083331983333,37.4230838,0</coordinates>
         </Point>
      </Placemark>
      <Placemark>
         <Snippet maxLines="0"> </Snippet>
         <description>502, UTC 22:36:05
37.4230829,-122.0835476,EA3.8m
Alt -32.6 m, EA 1.0 m
Vel 0.5,-19.2, EA 0.00 m/s</description>
         <Style>
            <IconStyle>
               <Icon>
                  <href>http://maps.google.com/mapfiles/kml/shapes/shaded_dot.png</href>
               </Icon>
               <scale>0.6</scale>
               <color>bfed8548</color>
            </IconStyle>
         </Style>
         <Point>
            <coordinates>-122.0835476,37.4230828833333,0</coordinates>
         </Point>
      </Placemark>
      <Placemark>
         <Snippet maxLines="0"> </Snippet>
         <description>503, UTC 22:36:06
37.4230895,-122.0837639,EA3.8m
Alt -32.5 m, EA 1.0 m
Vel 0.9,-19.3, EA 0.00 m/s</description>
         <Style>
            <IconStyle>
               <Icon>
                  <href>http://maps.google.com/mapfiles/kml/shapes/shaded_dot.png</href>
               </Icon>
               <scale>0.6</scale>
               <color>bfed8548</color>
            </IconStyle>
         </Style>
         <Point>
            <coordinates>-122.083763883333,37.4230895,0</coordinates>
         </Point>
      </Placemark>
      <Placemark>
         <Snippet maxLines="0"> </Snippet>
         <description>504, UTC 22:36:07
37.4230978,-122.0839818,EA3.8m
Alt -32.6 m, EA 1.0 m
Vel 1.3,-19.4, EA 0.00 m/s</description>
         <Style>
            <IconStyle>
               <Icon>
                  <href>http://maps.google.com/mapfiles/kml/shapes/shaded_dot.png</href>
               </Icon>
               <scale>0.6</scale>
               <color>bfed8548</color>
            </IconStyle>
         </Style>
         <Point>
            <coordinates>-122.0839818,37.4230978,0</coordinates>
         </Point>
      </Placemark>
      <Placemark>
         <Snippet maxLines="0"> </Snippet>
         <description>505, UTC 22:36:08
37.4231109,-122.0842000,EA3.8m
Alt -32.7 m, EA 1.0 m
Vel 1.8,-19.4, EA 0.00 m/s</description>
         <Style>
            <IconStyle>
               <Icon>
                  <href>http://maps.google.com/mapfiles/kml/shapes/shaded_dot.png</href>
               </Icon>
               <scale>0.6</scale>
               <color>bfed8548</color>
            </IconStyle>
         </Style>
         <Point>
            <coordinates>-122.084199983333,37.4231108833333,0</coordinates>
         </Point>
      </Placemark>
      <Placemark>
         <Snippet maxLines="0"> </Snippet>
         <description>506, UTC 22:36:09
37.4231262,-122.0844165,EA3.8m
Alt -32.9 m, EA 1.0 m
Vel 2.3,-19.3, EA 0.00 m/s</description>
         <Style>
            <IconStyle>
               <Icon>
                  <href>http://maps.google.com/mapfiles/kml/shapes/shaded_dot.png</href>
               </Icon>
               <scale>0.6</scale>
               <color>bfed8548</color>
            </IconStyle>
         </Style>
         <Point>
            <coordinates>-122.0844165,37.4231261833333,0</coordinates>
         </Point>
      </Placemark>
      <Placemark>
         <Snippet maxLines="0"> </Snippet>
         <description>507, UTC 22:36:10
37.4231487,-122.0846416,EA3.8m
Alt -32.7 m, EA 1.0 m
Vel 2.7,-19.5, EA 0.00 m/s</description>
         <Style>
            <IconStyle>
               <Icon>
                  <href>http://maps.google.com/mapfiles/kml/shapes/shaded_dot.png</href>
               </Icon>
               <scale>0.6</scale>
               <color>bfed8548</color>
            </IconStyle>
         </Style>
         <Point>
            <coordinates>-122.084641583333,37.4231486833333,0</coordinates>
         </Point>
      </Placemark>
      <Placemark>
         <Snippet maxLines="0"> </Snippet>
         <description>508, UTC 22:36:11
37.4231713,-122.0848650,EA3.8m
Alt -32.1 m, EA 1.0 m
Vel 3.1,-19.6, EA 0.00 m/s</description>
         <Style>
            <IconStyle>
               <Icon>
                  <href>http://maps.google.com/mapfiles/kml/shapes/shaded_dot.png</href>
               </Icon>
               <scale>0.6</scale>
               <color>bfed8548</color>
            </IconStyle>
         </Style>
         <Point>
            <coordinates>-122.084864983333,37.4231712833333,0</coordinates>
         </Point>
      </Placemark>
      <Placemark>
         <Snippet maxLines="0"> </Snippet>
         <description>509, UTC 22:36:12
37.4232014,-122.0850888,EA3.8m
Alt -31.6 m, EA 1.0 m
Vel 3.3,-19.6, EA 0.00 m/s</description>
         <Style>
            <IconStyle>
               <Icon>
                  <href>http://maps.google.com/mapfiles/kml/shapes/shaded_dot.png</href>
               </Icon>
               <scale>0.6</scale>
               <color>bfed8548</color>
            </IconStyle>
         </Style>
         <Point>
            <coordinates>-122.085088783333,37.4232014,0</coordinates>
         </Point>
      </Placemark>
      <Placemark>
         <Snippet maxLines="0"> </Snippet>
         <description>510, UTC 22:36:13
37.4232339,-122.0853098,EA3.8m
Alt -30.2 m, EA 1.0 m
Vel 3.8,-19.6, EA 0.00 m/s</description>
         <Style>
            <IconStyle>
               <Icon>
                  <href>http://maps.google.com/mapfiles/kml/shapes/shaded_dot.png</href>
               </Icon>
               <scale>0.6</scale>
               <color>bfed8548</color>
            </IconStyle>
         </Style>
         <Point>
            <coordinates>-122.0853098,37.4232338833333,0</coordinates>
         </Point>
      </Placemark>
      <Placemark>
         <Snippet maxLines="0"> </Snippet>
         <description>511, UTC 22:36:14
37.4232709,-122.0855332,EA3.8m
Alt -29.0 m, EA 1.0 m
Vel 4.2,-19.5, EA 0.00 m/s</description>
         <Style>
            <IconStyle>
               <Icon>
                  <href>http://maps.google.com/mapfiles/kml/shapes/shaded_dot.png</href>
               </Icon>
               <scale>0.6</scale>
               <color>bfed8548</color>
            </IconStyle>
         </Style>
         <Point>
            <coordinates>-122.0855332,37.4232708833333,0</coordinates>
         </Point>
      </Placemark>
      <Placemark>
         <Snippet maxLines="0"> </Snippet>
         <description>512, UTC 22:36:15
37.4233103,-122.0857506,EA3.8m
Alt -27.9 m, EA 1.0 m
Vel 4.5,-19.5, EA 0.00 m/s</description>
         <Style>
            <IconStyle>
               <Icon>
                  <href>http://maps.google.com/mapfiles/kml/shapes/shaded_dot.png</href>
               </Icon>
               <scale>0.6</scale>
               <color>bfed8548</color>
            </IconStyle>
         </Style>
         <Point>
            <coordinates>-122.085750583333,37.4233102833333,0</coordinates>
         </Point>
      </Placemark>
      <Placemark>
         <Snippet maxLines="0"> </Snippet>
         <description>513, UTC 22:36:16
37.4233484,-122.0859729,EA3.8m
Alt -27.6 m, EA 1.0 m
Vel 4.5,-19.5, EA 0.00 m/s</description>
         <Style>
            <IconStyle>
               <Icon>
                  <href>http://maps.google.com/mapfiles/kml/shapes/shaded_dot.png</href>
               </Icon>
               <scale>0.6</scale>
               <color>bfed8548</color>
            </IconStyle>
         </Style>
         <Point>
            <coordinates>-122.0859729,37.4233484,0</coordinates>
         </Point>
      </Placemark>
      <Placemark>
         <Snippet maxLines="0"> </Snippet>
         <description>514, UTC 22:36:17
37.4233913,-122.0861994,EA3.8m
Alt -28.3 m, EA 1.0 m
Vel 4.8,-19.9, EA 0.00 m/s</description>
         <Style>
            <IconStyle>
               <Icon>
                  <href>http://maps.google.com/mapfiles/kml/shapes/shaded_dot.png</href>
               </Icon>
               <scale>0.6</scale>
               <color>bfed8548</color>
            </IconStyle>
         </Style>
         <Point>
            <coordinates>-122.086199383333,37.4233912833333,0</coordinates>
         </Point>
      </Placemark>
      <Placemark>
         <Snippet maxLines="0"> </Snippet>
         <description>515, UTC 22:36:18
37.4234369,-122.0864258,EA3.8m
Alt -27.7 m, EA 1.0 m
Vel 5.1,-20.0, EA 0.00 m/s</description>
         <Style>
            <IconStyle>
               <Icon>
                  <href>http://maps.google.com/mapfiles/kml/shapes/shaded_dot.png</href>
               </Icon>
               <scale>0.6</scale>
               <color>bfed8548</color>
            </IconStyle>
         </Style>
         <Point>
            <coordinates>-122.0864258,37.4234368833333,0</coordinates>
         </Point>
      </Placemark>
      <Placemark>
         <Snippet maxLines="0"> </Snippet>
         <description>516, UTC 22:36:19
37.4234812,-122.0866548,EA3.8m
Alt -27.3 m, EA 1.0 m
Vel 5.3,-20.3, EA 0.00 m/s</description>
         <Style>
            <IconStyle>
               <Icon>
                  <href>http://maps.google.com/mapfiles/kml/shapes/shaded_dot.png</href>
               </Icon>
               <scale>0.6</scale>
               <color>bfed8548</color>
            </IconStyle>
         </Style>
         <Point>
            <coordinates>-122.0866548,37.4234811833333,0</coordinates>
         </Point>
      </Placemark>
      <Placemark>
         <Snippet maxLines="0"> </Snippet>
         <description>517, UTC 22:36:20
37.4235287,-122.0868896,EA3.8m
Alt -27.0 m, EA 1.0 m
Vel 5.5,-20.6, EA 0.00 m/s</description>
         <Style>
            <IconStyle>
               <Icon>
                  <href>http://maps.google.com/mapfiles/kml/shapes/shaded_dot.png</href>
               </Icon>
               <scale>0.6</scale>
               <color>bfed8548</color>
            </IconStyle>
         </Style>
         <Point>
            <coordinates>-122.0868896,37.4235286833333,0</coordinates>
         </Point>
      </Placemark>
      <Placemark>
         <Snippet maxLines="0"> </Snippet>
         <description>518, UTC 22:36:21
37.4235728,-122.0871274,EA3.8m
Alt -27.2 m, EA 1.0 m
Vel 5.4,-21.0, EA 0.00 m/s</description>
         <Style>
            <IconStyle>
               <Icon>
                  <href>http://maps.google.com/mapfiles/kml/shapes/shaded_dot.png</href>
               </Icon>
               <scale>0.6</scale>
               <color>bfed8548</color>
            </IconStyle>
         </Style>
         <Point>
            <coordinates>-122.087127383333,37.4235728,0</coordinates>
         </Point>
      </Placemark>
      <Placemark>
         <Snippet maxLines="0"> </Snippet>
         <description>519, UTC 22:36:22
37.4236207,-122.0873684,EA3.8m
Alt -27.9 m, EA 1.0 m
Vel 5.3,-21.2, EA 0.00 m/s</description>
         <Style>
            <IconStyle>
               <Icon>
                  <href>http://maps.google.com/mapfiles/kml/shapes/shaded_dot.png</href>
               </Icon>
               <scale>0.6</scale>
               <color>bfed8548</color>
            </IconStyle>
         </Style>
         <Point>
            <coordinates>-122.0873684,37.4236207,0</coordinates>
         </Point>
      </Placemark>
      <Placemark>
         <Snippet maxLines="0"> </Snippet>
         <description>520, UTC 22:36:23
37.4236662,-122.0876096,EA3.8m
Alt -28.4 m, EA 1.0 m
Vel 5.2,-21.3, EA 0.00 m/s</description>
         <Style>
            <IconStyle>
               <Icon>
                  <href>http://maps.google.com/mapfiles/kml/shapes/shaded_dot.png</href>
               </Icon>
               <scale>0.6</scale>
               <color>bfed8548</color>
            </IconStyle>
         </Style>
         <Point>
            <coordinates>-122.087609583333,37.4236661833333,0</coordinates>
         </Point>
      </Placemark>
      <Placemark>
         <Snippet maxLines="0"> </Snippet>
         <description>521, UTC 22:36:24
37.4237111,-122.0878489,EA3.8m
Alt -29.2 m, EA 1.0 m
Vel 5.1,-21.3, EA 0.00 m/s</description>
         <Style>
            <IconStyle>
               <Icon>
                  <href>http://maps.google.com/mapfiles/kml/shapes/shaded_dot.png</href>
               </Icon>
               <scale>0.6</scale>
               <color>bfed8548</color>
            </IconStyle>
         </Style>
         <Point>
            <coordinates>-122.087848883333,37.4237110833333,0</coordinates>
         </Point>
      </Placemark>
      <Placemark>
         <Snippet maxLines="0"> </Snippet>
         <description>522, UTC 22:36:25
37.4237614,-122.0880855,EA3.8m
Alt -29.7 m, EA 1.0 m
Vel 5.5,-21.1, EA 0.00 m/s</description>
         <Style>
            <IconStyle>
               <Icon>
                  <href>http://maps.google.com/mapfiles/kml/shapes/shaded_dot.png</href>
               </Icon>
               <scale>0.6</scale>
               <color>bfed8548</color>
            </IconStyle>
         </Style>
         <Point>
            <coordinates>-122.0880855,37.4237613833333,0</coordinates>
         </Point>
      </Placemark>
      <Placemark>
         <Snippet maxLines="0"> </Snippet>
         <description>523, UTC 22:36:26
37.4238101,-122.0883230,EA3.8m
Alt -30.4 m, EA 1.0 m
Vel 5.5,-20.8, EA 0.00 m/s</description>
         <Style>
            <IconStyle>
               <Icon>
                  <href>http://maps.google.com/mapfiles/kml/shapes/shaded_dot.png</href>
               </Icon>
               <scale>0.6</scale>
               <color>bfed8548</color>
            </IconStyle>
         </Style>
         <Point>
            <coordinates>-122.088323,37.4238100833333,0</coordinates>
         </Point>
      </Placemark>
      <Placemark>
         <Snippet maxLines="0"> </Snippet>
         <description>524, UTC 22:36:27
37.4238578,-122.0885537,EA3.8m
Alt -31.1 m, EA 1.0 m
Vel 5.2,-20.4, EA 0.00 m/s</description>
         <Style>
            <IconStyle>
               <Icon>
                  <href>http://maps.google.com/mapfiles/kml/shapes/shaded_dot.png</href>
               </Icon>
               <scale>0.6</scale>
               <color>bfed8548</color>
            </IconStyle>
         </Style>
         <Point>
            <coordinates>-122.0885537,37.4238578,0</coordinates>
         </Point>
      </Placemark>
      <Placemark>
         <Snippet maxLines="0"> </Snippet>
         <description>525, UTC 22:36:28
37.4239000,-122.0887775,EA3.8m
Alt -31.1 m, EA 1.0 m
Vel 4.8,-19.9, EA 0.00 m/s</description>
         <Style>
            <IconStyle>
               <Icon>
                  <href>http://maps.google.com/mapfiles/kml/shapes/shaded_dot.png</href>
               </Icon>
               <scale>0.6</scale>
               <color>bfed8548</color>
            </IconStyle>
         </Style>
         <Point>
            <coordinates>-122.0887775,37.4239,0</coordinates>
         </Point>
      </Placemark>
      <Placemark>
         <Snippet maxLines="0"> </Snippet>
         <description>526, UTC 22:36:29
37.4239371,-122.0889908,EA3.8m
Alt -30.9 m, EA 1.0 m
Vel 3.6,-18.7, EA 0.00 m/s</description>
         <Style>
            <IconStyle>
               <Icon>
                  <href>http://maps.google.com/mapfiles/kml/shapes/shaded_dot.png</href>
               </Icon>
               <scale>0.6</scale>
               <color>bfed8548</color>
            </IconStyle>
         </Style>
         <Point>
            <coordinates>-122.0889908,37.4239371,0</coordinates>
         </Point>
      </Placemark>
      <Placemark>
         <Snippet maxLines="0"> </Snippet>
         <description>527, UTC 22:36:30
37.4239614,-122.0891819,EA3.8m
Alt -31.3 m, EA 1.0 m
Vel 2.1,-17.2, EA 0.00 m/s</description>
         <Style>
            <IconStyle>
               <Icon>
                  <href>http://maps.google.com/mapfiles/kml/shapes/shaded_dot.png</href>
               </Icon>
               <scale>0.6</scale>
               <color>bfed8548</color>
            </IconStyle>
         </Style>
         <Point>
            <coordinates>-122.089181883333,37.4239614,0</coordinates>
         </Point>
      </Placemark>
      <Placemark>
         <Snippet maxLines="0"> </Snippet>
         <description>528, UTC 22:36:31
37.4239702,-122.0893495,EA3.8m
Alt -31.3 m, EA 1.0 m
Vel 0.3,-15.3, EA 0.00 m/s</description>
         <Style>
            <IconStyle>
               <Icon>
                  <href>http://maps.google.com/mapfiles/kml/shapes/shaded_dot.png</href>
               </Icon>
               <scale>0.6</scale>
               <color>bfed8548</color>
            </IconStyle>
         </Style>
         <Point>
            <coordinates>-122.089349483333,37.4239701833333,0</coordinates>
         </Point>
      </Placemark>
      <Placemark>
         <Snippet maxLines="0"> </Snippet>
         <description>529, UTC 22:36:32
37.4239700,-122.0895046,EA3.8m
Alt -32.1 m, EA 1.0 m
Vel -0.9,-13.7, EA 0.00 m/s</description>
         <Style>
            <IconStyle>
               <Icon>
                  <href>http://maps.google.com/mapfiles/kml/shapes/shaded_dot.png</href>
               </Icon>
               <scale>0.6</scale>
               <color>bfed8548</color>
            </IconStyle>
         </Style>
         <Point>
            <coordinates>-122.089504583333,37.4239699833333,0</coordinates>
         </Point>
      </Placemark>
      <Placemark>
         <Snippet maxLines="0"> </Snippet>
         <description>530, UTC 22:36:33
37.4239617,-122.0896385,EA3.8m
Alt -32.2 m, EA 1.0 m
Vel -1.6,-12.0, EA 0.00 m/s</description>
         <Style>
            <IconStyle>
               <Icon>
                  <href>http://maps.google.com/mapfiles/kml/shapes/shaded_dot.png</href>
               </Icon>
               <scale>0.6</scale>
               <color>bfed8548</color>
            </IconStyle>
         </Style>
         <Point>
            <coordinates>-122.0896385,37.4239616833333,0</coordinates>
         </Point>
      </Placemark>
      <Placemark>
         <Snippet maxLines="0"> </Snippet>
         <description>531, UTC 22:36:34
37.4239440,-122.0897518,EA3.8m
Alt -32.4 m, EA 1.0 m
Vel -2.3,-10.2, EA 0.00 m/s</description>
         <Style>
            <IconStyle>
               <Icon>
                  <href>http://maps.google.com/mapfiles/kml/shapes/shaded_dot.png</href>
               </Icon>
               <scale>0.6</scale>
               <color>bfed8548</color>
            </IconStyle>
         </Style>
         <Point>
            <coordinates>-122.0897518,37.4239439833333,0</coordinates>
         </Point>
      </Placemark>
      <Placemark>
         <Snippet maxLines="0"> </Snippet>
         <description>532, UTC 22:36:35
37.4239263,-122.0898422,EA3.8m
Alt -32.7 m, EA 1.0 m
Vel -2.3,-7.8, EA 0.00 m/s</description>
         <Style>
            <IconStyle>
               <Icon>
                  <href>http://maps.google.com/mapfiles/kml/shapes/shaded_dot.png</href>
               </Icon>
               <scale>0.6</scale>
               <color>bfed8548</color>
            </IconStyle>
         </Style>
         <Point>
            <coordinates>-122.0898422,37.4239262833333,0</coordinates>
         </Point>
      </Placemark>
      <Placemark>
         <Snippet maxLines="0"> </Snippet>
         <description>533, UTC 22:36:36
37.4239098,-122.0899011,EA3.8m
Alt -32.7 m, EA 1.0 m
Vel -1.7,-5.2, EA 0.00 m/s</description>
         <Style>
            <IconStyle>
               <Icon>
                  <href>http://maps.google.com/mapfiles/kml/shapes/shaded_dot.png</href>
               </Icon>
               <scale>0.6</scale>
               <color>bfed8548</color>
            </IconStyle>
         </Style>
         <Point>
            <coordinates>-122.0899011,37.4239097833333,0</coordinates>
         </Point>
      </Placemark>
      <Placemark>
         <Snippet maxLines="0"> </Snippet>
         <description>534, UTC 22:36:37
37.4239033,-122.0899418,EA3.8m
Alt -33.0 m, EA 1.0 m
Vel -1.2,-3.6, EA 0.00 m/s</description>
         <Style>
            <IconStyle>
               <Icon>
                  <href>http://maps.google.com/mapfiles/kml/shapes/shaded_dot.png</href>
               </Icon>
               <scale>0.6</scale>
               <color>bfed8548</color>
            </IconStyle>
         </Style>
         <Point>
            <coordinates>-122.0899418,37.4239032833333,0</coordinates>
         </Point>
      </Placemark>
      <Placemark>
         <Snippet maxLines="0"> </Snippet>
         <description>535, UTC 22:36:38
37.4238916,-122.0899838,EA3.8m
Alt -33.7 m, EA 1.0 m
Vel -1.4,-3.9, EA 0.00 m/s</description>
         <Style>
            <IconStyle>
               <Icon>
                  <href>http://maps.google.com/mapfiles/kml/shapes/shaded_dot.png</href>
               </Icon>
               <scale>0.6</scale>
               <color>bfed8548</color>
            </IconStyle>
         </Style>
         <Point>
            <coordinates>-122.089983783333,37.4238915833333,0</coordinates>
         </Point>
      </Placemark>
      <Placemark>
         <Snippet maxLines="0"> </Snippet>
         <description>536, UTC 22:36:39
37.4238739,-122.0900468,EA3.8m
Alt -33.6 m, EA 1.0 m
Vel -2.2,-5.8, EA 0.00 m/s</description>
         <Style>
            <IconStyle>
               <Icon>
                  <href>http://maps.google.com/mapfiles/kml/shapes/shaded_dot.png</href>
               </Icon>
               <scale>0.6</scale>
               <color>bfed8548</color>
            </IconStyle>
         </Style>
         <Point>
            <coordinates>-122.090046783333,37.4238738833333,0</coordinates>
         </Point>
      </Placemark>
      <Placemark>
         <Snippet maxLines="0"> </Snippet>
         <description>537, UTC 22:36:40
37.4238481,-122.0901304,EA3.8m
Alt -34.0 m, EA 1.0 m
Vel -3.0,-7.8, EA 0.00 m/s</description>
         <Style>
            <IconStyle>
               <Icon>
                  <href>http://maps.google.com/mapfiles/kml/shapes/shaded_dot.png</href>
               </Icon>
               <scale>0.6</scale>
               <color>bfed8548</color>
            </IconStyle>
         </Style>
         <Point>
            <coordinates>-122.0901304,37.4238481,0</coordinates>
         </Point>
      </Placemark>
      <Placemark>
         <Snippet maxLines="0"> </Snippet>
         <description>538, UTC 22:36:41
37.4238114,-122.0902376,EA3.8m
Alt -34.3 m, EA 1.0 m
Vel -3.8,-9.2, EA 0.00 m/s</description>
         <Style>
            <IconStyle>
               <Icon>
                  <href>http://maps.google.com/mapfiles/kml/shapes/shaded_dot.png</href>
               </Icon>
               <scale>0.6</scale>
               <color>bfed8548</color>
            </IconStyle>
         </Style>
         <Point>
            <coordinates>-122.090237583333,37.4238113833333,0</coordinates>
         </Point>
      </Placemark>
      <Placemark>
         <Snippet maxLines="0"> </Snippet>
         <description>539, UTC 22:36:42
37.4237716,-122.0903608,EA3.8m
Alt -34.5 m, EA 1.0 m
Vel -4.4,-10.4, EA 0.00 m/s</description>
         <Style>
            <IconStyle>
               <Icon>
                  <href>http://maps.google.com/mapfiles/kml/shapes/shaded_dot.png</href>
               </Icon>
               <scale>0.6</scale>
               <color>bfed8548</color>
            </IconStyle>
         </Style>
         <Point>
            <coordinates>-122.090360783333,37.4237716,0</coordinates>
         </Point>
      </Placemark>
      <Placemark>
         <Snippet maxLines="0"> </Snippet>
         <description>540, UTC 22:36:43
37.4237270,-122.0904918,EA3.8m
Alt -34.3 m, EA 1.0 m
Vel -4.9,-11.5, EA 0.00 m/s</description>
         <Style>
            <IconStyle>
               <Icon>
                  <href>http://maps.google.com/mapfiles/kml/shapes/shaded_dot.png</href>
               </Icon>
               <scale>0.6</scale>
               <color>bfed8548</color>
            </IconStyle>
         </Style>
         <Point>
            <coordinates>-122.090491783333,37.4237269833333,0</coordinates>
         </Point>
      </Placemark>
      <Placemark>
         <Snippet maxLines="0"> </Snippet>
         <description>541, UTC 22:36:44
37.4236791,-122.0906261,EA3.8m
Alt -33.8 m, EA 1.0 m
Vel -5.5,-12.1, EA 0.00 m/s</description>
         <Style>
            <IconStyle>
               <Icon>
                  <href>http://maps.google.com/mapfiles/kml/shapes/shaded_dot.png</href>
               </Icon>
               <scale>0.6</scale>
               <color>bfed8548</color>
            </IconStyle>
         </Style>
         <Point>
            <coordinates>-122.090626083333,37.4236791,0</coordinates>
         </Point>
      </Placemark>
      <Placemark>
         <Snippet maxLines="0"> </Snippet>
         <description>542, UTC 22:36:45
37.4236278,-122.0907738,EA3.8m
Alt -33.4 m, EA 1.0 m
Vel -6.6,-12.1, EA 0.00 m/s</description>
         <Style>
            <IconStyle>
               <Icon>
                  <href>http://maps.google.com/mapfiles/kml/shapes/shaded_dot.png</href>
               </Icon>
               <scale>0.6</scale>
               <color>bfed8548</color>
            </IconStyle>
         </Style>
         <Point>
            <coordinates>-122.090773783333,37.4236277833333,0</coordinates>
         </Point>
      </Placemark>
      <Placemark>
         <Snippet maxLines="0"> </Snippet>
         <description>543, UTC 22:36:46
37.4235583,-122.0909134,EA3.8m
Alt -33.7 m, EA 1.0 m
Vel -8.1,-11.9, EA 0.00 m/s</description>
         <Style>
            <IconStyle>
               <Icon>
                  <href>http://maps.google.com/mapfiles/kml/shapes/shaded_dot.png</href>
               </Icon>
               <scale>0.6</scale>
               <color>bfed8548</color>
            </IconStyle>
         </Style>
         <Point>
            <coordinates>-122.0909134,37.4235583,0</coordinates>
         </Point>
      </Placemark>
      <Placemark>
         <Snippet maxLines="0"> </Snippet>
         <description>544, UTC 22:36:47
37.4234830,-122.0910456,EA3.8m
Alt -33.4 m, EA 1.0 m
Vel -8.8,-11.2, EA 0.00 m/s</description>
         <Style>
            <IconStyle>
               <Icon>
                  <href>http://maps.google.com/mapfiles/kml/shapes/shaded_dot.png</href>
               </Icon>
               <scale>0.6</scale>
               <color>bfed8548</color>
            </IconStyle>
         </Style>
         <Point>
            <coordinates>-122.0910456,37.4234829833333,0</coordinates>
         </Point>
      </Placemark>
      <Placemark>
         <Snippet maxLines="0"> </Snippet>
         <description>545, UTC 22:36:48
37.4233934,-122.0911750,EA3.8m
Alt -33.2 m, EA 1.0 m
Vel -10.4,-10.8, EA 0.00 m/s</description>
         <Style>
            <IconStyle>
               <Icon>
                  <href>http://maps.google.com/mapfiles/kml/shapes/shaded_dot.png</href>
               </Icon>
               <scale>0.6</scale>
               <color>bfed8548</color>
            </IconStyle>
         </Style>
         <Point>
            <coordinates>-122.091175,37.4233934,0</coordinates>
         </Point>
      </Placemark>
      <Placemark>
         <Snippet maxLines="0"> </Snippet>
         <description>546, UTC 22:36:49
37.4232960,-122.0912886,EA3.8m
Alt -33.4 m, EA 1.0 m
Vel -11.2,-9.8, EA 0.00 m/s</description>
         <Style>
            <IconStyle>
               <Icon>
                  <href>http://maps.google.com/mapfiles/kml/shapes/shaded_dot.png</href>
               </Icon>
               <scale>0.6</scale>
               <color>bfed8548</color>
            </IconStyle>
         </Style>
         <Point>
            <coordinates>-122.091288583333,37.423296,0</coordinates>
         </Point>
      </Placemark>
      <Placemark>
         <Snippet maxLines="0"> </Snippet>
         <description>547, UTC 22:36:50
37.4231906,-122.0913911,EA3.8m
Alt -34.6 m, EA 1.0 m
Vel -12.3,-8.9, EA 0.00 m/s</description>
         <Style>
            <IconStyle>
               <Icon>
                  <href>http://maps.google.com/mapfiles/kml/shapes/shaded_dot.png</href>
               </Icon>
               <scale>0.6</scale>
               <color>bfed8548</color>
            </IconStyle>
         </Style>
         <Point>
            <coordinates>-122.091391083333,37.4231905833333,0</coordinates>
         </Point>
      </Placemark>
      <Placemark>
         <Snippet maxLines="0"> </Snippet>
         <description>548, UTC 22:36:51
37.4230789,-122.0914896,EA3.8m
Alt -34.8 m, EA 1.0 m
Vel -12.5,-8.6, EA 0.00 m/s</description>
         <Style>
            <IconStyle>
               <Icon>
                  <href>http://maps.google.com/mapfiles/kml/shapes/shaded_dot.png</href>
               </Icon>
               <scale>0.6</scale>
               <color>bfed8548</color>
            </IconStyle>
         </Style>
         <Point>
            <coordinates>-122.0914896,37.4230789,0</coordinates>
         </Point>
      </Placemark>
      <Placemark>
         <Snippet maxLines="0"> </Snippet>
         <description>549, UTC 22:36:52
37.4229725,-122.0915843,EA3.8m
Alt -34.6 m, EA 1.0 m
Vel -11.9,-8.8, EA 0.00 m/s</description>
         <Style>
            <IconStyle>
               <Icon>
                  <href>http://maps.google.com/mapfiles/kml/shapes/shaded_dot.png</href>
               </Icon>
               <scale>0.6</scale>
               <color>bfed8548</color>
            </IconStyle>
         </Style>
         <Point>
            <coordinates>-122.091584283333,37.4229725,0</coordinates>
         </Point>
      </Placemark>
      <Placemark>
         <Snippet maxLines="0"> </Snippet>
         <description>550, UTC 22:36:53
37.4228715,-122.0916941,EA3.8m
Alt -34.1 m, EA 1.0 m
Vel -10.1,-10.1, EA 0.00 m/s</description>
         <Style>
            <IconStyle>
               <Icon>
                  <href>http://maps.google.com/mapfiles/kml/shapes/shaded_dot.png</href>
               </Icon>
               <scale>0.6</scale>
               <color>bfed8548</color>
            </IconStyle>
         </Style>
         <Point>
            <coordinates>-122.091694083333,37.4228714833333,0</coordinates>
         </Point>
      </Placemark>
      <Placemark>
         <Snippet maxLines="0"> </Snippet>
         <description>551, UTC 22:36:54
37.4227901,-122.0918211,EA3.8m
Alt -34.3 m, EA 1.0 m
Vel -8.0,-11.6, EA 0.00 m/s</description>
         <Style>
            <IconStyle>
               <Icon>
                  <href>http://maps.google.com/mapfiles/kml/shapes/shaded_dot.png</href>
               </Icon>
               <scale>0.6</scale>
               <color>bfed8548</color>
            </IconStyle>
         </Style>
         <Point>
            <coordinates>-122.0918211,37.4227901,0</coordinates>
         </Point>
      </Placemark>
      <Placemark>
         <Snippet maxLines="0"> </Snippet>
         <description>552, UTC 22:36:55
37.4227211,-122.0919593,EA3.8m
Alt -33.9 m, EA 1.0 m
Vel -6.4,-12.7, EA 0.00 m/s</description>
         <Style>
            <IconStyle>
               <Icon>
                  <href>http://maps.google.com/mapfiles/kml/shapes/shaded_dot.png</href>
               </Icon>
               <scale>0.6</scale>
               <color>bfed8548</color>
            </IconStyle>
         </Style>
         <Point>
            <coordinates>-122.091959283333,37.4227210833333,0</coordinates>
         </Point>
      </Placemark>
      <Placemark>
         <Snippet maxLines="0"> </Snippet>
         <description>553, UTC 22:36:56
37.4226668,-122.0921237,EA3.8m
Alt -33.7 m, EA 1.0 m
Vel -6.2,-14.0, EA 0.00 m/s</description>
         <Style>
            <IconStyle>
               <Icon>
                  <href>http://maps.google.com/mapfiles/kml/shapes/shaded_dot.png</href>
               </Icon>
               <scale>0.6</scale>
               <color>bfed8548</color>
            </IconStyle>
         </Style>
         <Point>
            <coordinates>-122.0921237,37.4226668,0</coordinates>
         </Point>
      </Placemark>
      <Placemark>
         <Snippet maxLines="0"> </Snippet>
         <description>554, UTC 22:36:57
37.4226089,-122.0922908,EA3.8m
Alt -34.0 m, EA 1.0 m
Vel -6.5,-14.8, EA 0.00 m/s</description>
         <Style>
            <IconStyle>
               <Icon>
                  <href>http://maps.google.com/mapfiles/kml/shapes/shaded_dot.png</href>
               </Icon>
               <scale>0.6</scale>
               <color>bfed8548</color>
            </IconStyle>
         </Style>
         <Point>
            <coordinates>-122.0922908,37.4226089,0</coordinates>
         </Point>
      </Placemark>
      <Placemark>
         <Snippet maxLines="0"> </Snippet>
         <description>555, UTC 22:36:58
37.4225457,-122.0924671,EA3.8m
Alt -33.5 m, EA 1.0 m
Vel -6.8,-15.5, EA 0.00 m/s</description>
         <Style>
            <IconStyle>
               <Icon>
                  <href>http://maps.google.com/mapfiles/kml/shapes/shaded_dot.png</href>
               </Icon>
               <scale>0.6</scale>
               <color>bfed8548</color>
            </IconStyle>
         </Style>
         <Point>
            <coordinates>-122.092467083333,37.4225457,0</coordinates>
         </Point>
      </Placemark>
      <Placemark>
         <Snippet maxLines="0"> </Snippet>
         <description>556, UTC 22:36:59
37.4224886,-122.0926501,EA3.8m
Alt -33.3 m, EA 1.0 m
Vel -6.8,-15.9, EA 0.00 m/s</description>
         <Style>
            <IconStyle>
               <Icon>
                  <href>http://maps.google.com/mapfiles/kml/shapes/shaded_dot.png</href>
               </Icon>
               <scale>0.6</scale>
               <color>bfed8548</color>
            </IconStyle>
         </Style>
         <Point>
            <coordinates>-122.0926501,37.4224886,0</coordinates>
         </Point>
      </Placemark>
      <Placemark>
         <Snippet maxLines="0"> </Snippet>
         <description>557, UTC 22:37:00
37.4224252,-122.0928248,EA3.8m
Alt -32.8 m, EA 1.0 m
Vel -6.6,-15.8, EA 0.00 m/s</description>
         <Style>
            <IconStyle>
               <Icon>
                  <href>http://maps.google.com/mapfiles/kml/shapes/shaded_dot.png</href>
               </Icon>
               <scale>0.6</scale>
               <color>bfed8548</color>
            </IconStyle>
         </Style>
         <Point>
            <coordinates>-122.0928248,37.4224251833333,0</coordinates>
         </Point>
      </Placemark>
      <Placemark>
         <Snippet maxLines="0"> </Snippet>
         <description>558, UTC 22:37:01
37.4223668,-122.0930035,EA3.8m
Alt -32.1 m, EA 1.0 m
Vel -6.2,-15.7, EA 0.00 m/s</description>
         <Style>
            <IconStyle>
               <Icon>
                  <href>http://maps.google.com/mapfiles/kml/shapes/shaded_dot.png</href>
               </Icon>
               <scale>0.6</scale>
               <color>bfed8548</color>
            </IconStyle>
         </Style>
         <Point>
            <coordinates>-122.093003483333,37.4223667833333,0</coordinates>
         </Point>
      </Placemark>
      <Placemark>
         <Snippet maxLines="0"> </Snippet>
         <description>559, UTC 22:37:02
37.4223186,-122.0931889,EA3.8m
Alt -31.9 m, EA 1.0 m
Vel -4.9,-16.1, EA 0.00 m/s</description>
         <Style>
            <IconStyle>
               <Icon>
                  <href>http://maps.google.com/mapfiles/kml/shapes/shaded_dot.png</href>
               </Icon>
               <scale>0.6</scale>
               <color>bfed8548</color>
            </IconStyle>
         </Style>
         <Point>
            <coordinates>-122.0931889,37.4223185833333,0</coordinates>
         </Point>
      </Placemark>
      <Placemark>
         <Snippet maxLines="0"> </Snippet>
         <description>560, UTC 22:37:03
37.4222833,-122.0933725,EA3.8m
Alt -32.1 m, EA 1.0 m
Vel -2.7,-16.3, EA 0.00 m/s</description>
         <Style>
            <IconStyle>
               <Icon>
                  <href>http://maps.google.com/mapfiles/kml/shapes/shaded_dot.png</href>
               </Icon>
               <scale>0.6</scale>
               <color>bfed8548</color>
            </IconStyle>
         </Style>
         <Point>
            <coordinates>-122.0933725,37.4222832833333,0</coordinates>
         </Point>
      </Placemark>
      <Placemark>
         <Snippet maxLines="0"> </Snippet>
         <description>561, UTC 22:37:04
37.4222784,-122.0935554,EA3.8m
Alt -32.5 m, EA 1.0 m
Vel 0.1,-16.1, EA 0.00 m/s</description>
         <Style>
            <IconStyle>
               <Icon>
                  <href>http://maps.google.com/mapfiles/kml/shapes/shaded_dot.png</href>
               </Icon>
               <scale>0.6</scale>
               <color>bfed8548</color>
            </IconStyle>
         </Style>
         <Point>
            <coordinates>-122.093555383333,37.4222784,0</coordinates>
         </Point>
      </Placemark>
      <Placemark>
         <Snippet maxLines="0"> </Snippet>
         <description>562, UTC 22:37:05
37.4223026,-122.0937371,EA3.8m
Alt -32.6 m, EA 1.0 m
Vel 3.7,-15.5, EA 0.00 m/s</description>
         <Style>
            <IconStyle>
               <Icon>
                  <href>http://maps.google.com/mapfiles/kml/shapes/shaded_dot.png</href>
               </Icon>
               <scale>0.6</scale>
               <color>bfed8548</color>
            </IconStyle>
         </Style>
         <Point>
            <coordinates>-122.093737083333,37.4223026,0</coordinates>
         </Point>
      </Placemark>
      <Placemark>
         <Snippet maxLines="0"> </Snippet>
         <description>563, UTC 22:37:06
37.4223590,-122.0939106,EA3.8m
Alt -31.8 m, EA 1.0 m
Vel 6.8,-14.9, EA 0.00 m/s</description>
         <Style>
            <IconStyle>
               <Icon>
                  <href>http://maps.google.com/mapfiles/kml/shapes/shaded_dot.png</href>
               </Icon>
               <scale>0.6</scale>
               <color>bfed8548</color>
            </IconStyle>
         </Style>
         <Point>
            <coordinates>-122.0939106,37.422359,0</coordinates>
         </Point>
      </Placemark>
      <Placemark>
         <Snippet maxLines="0"> </Snippet>
         <description>564, UTC 22:37:07
37.4224439,-122.0940735,EA3.8m
Alt -31.9 m, EA 1.0 m
Vel 9.8,-14.3, EA 0.00 m/s</description>
         <Style>
            <IconStyle>
               <Icon>
                  <href>http://maps.google.com/mapfiles/kml/shapes/shaded_dot.png</href>
               </Icon>
               <scale>0.6</scale>
               <color>bfed8548</color>
            </IconStyle>
         </Style>
         <Point>
            <coordinates>-122.094073483333,37.4224438833333,0</coordinates>
         </Point>
      </Placemark>
      <Placemark>
         <Snippet maxLines="0"> </Snippet>
         <description>565, UTC 22:37:08
37.4225523,-122.0942405,EA3.8m
Alt -32.3 m, EA 1.0 m
Vel 11.5,-14.8, EA 0.00 m/s</description>
         <Style>
            <IconStyle>
               <Icon>
                  <href>http://maps.google.com/mapfiles/kml/shapes/shaded_dot.png</href>
               </Icon>
               <scale>0.6</scale>
               <color>bfed8548</color>
            </IconStyle>
         </Style>
         <Point>
            <coordinates>-122.094240483333,37.4225522833333,0</coordinates>
         </Point>
      </Placemark>
      <Placemark>
         <Snippet maxLines="0"> </Snippet>
         <description>566, UTC 22:37:09
37.4226656,-122.0944203,EA3.8m
Alt -31.7 m, EA 1.0 m
Vel 12.9,-15.8, EA 0.00 m/s</description>
         <Style>
            <IconStyle>
               <Icon>
                  <href>http://maps.google.com/mapfiles/kml/shapes/shaded_dot.png</href>
               </Icon>
               <scale>0.6</scale>
               <color>bfed8548</color>
            </IconStyle>
         </Style>
         <Point>
            <coordinates>-122.094420283333,37.4226656,0</coordinates>
         </Point>
      </Placemark>
      <Placemark>
         <Snippet maxLines="0"> </Snippet>
         <description>567, UTC 22:37:10
37.4227964,-122.0946098,EA3.8m
Alt -32.0 m, EA 1.0 m
Vel 14.3,-16.7, EA 0.00 m/s</description>
         <Style>
            <IconStyle>
               <Icon>
                  <href>http://maps.google.com/mapfiles/kml/shapes/shaded_dot.png</href>
               </Icon>
               <scale>0.6</scale>
               <color>bfed8548</color>
            </IconStyle>
         </Style>
         <Point>
            <coordinates>-122.0946098,37.4227964,0</coordinates>
         </Point>
      </Placemark>
      <Placemark>
         <Snippet maxLines="0"> </Snippet>
         <description>568, UTC 22:37:11
37.4229349,-122.0948044,EA3.8m
Alt -31.6 m, EA 1.0 m
Vel 15.2,-17.5, EA 0.00 m/s</description>
         <Style>
            <IconStyle>
               <Icon>
                  <href>http://maps.google.com/mapfiles/kml/shapes/shaded_dot.png</href>
               </Icon>
               <scale>0.6</scale>
               <color>bfed8548</color>
            </IconStyle>
         </Style>
         <Point>
            <coordinates>-122.0948044,37.4229349,0</coordinates>
         </Point>
      </Placemark>
      <Placemark>
         <Snippet maxLines="0"> </Snippet>
         <description>569, UTC 22:37:12
37.4230791,-122.0950108,EA3.8m
Alt -31.3 m, EA 1.0 m
Vel 16.0,-18.2, EA 0.00 m/s</description>
         <Style>
            <IconStyle>
               <Icon>
                  <href>http://maps.google.com/mapfiles/kml/shapes/shaded_dot.png</href>
               </Icon>
               <scale>0.6</scale>
               <color>bfed8548</color>
            </IconStyle>
         </Style>
         <Point>
            <coordinates>-122.095010783333,37.4230791,0</coordinates>
         </Point>
      </Placemark>
      <Placemark>
         <Snippet maxLines="0"> </Snippet>
         <description>570, UTC 22:37:13
37.4232326,-122.0952187,EA3.8m
Alt -30.9 m, EA 1.0 m
Vel 16.7,-18.8, EA 0.00 m/s</description>
         <Style>
            <IconStyle>
               <Icon>
                  <href>http://maps.google.com/mapfiles/kml/shapes/shaded_dot.png</href>
               </Icon>
               <scale>0.6</scale>
               <color>bfed8548</color>
            </IconStyle>
         </Style>
         <Point>
            <coordinates>-122.0952187,37.4232325833333,0</coordinates>
         </Point>
      </Placemark>
      <Placemark>
         <Snippet maxLines="0"> </Snippet>
         <description>571, UTC 22:37:14
37.4233868,-122.0954365,EA3.8m
Alt -30.6 m, EA 1.0 m
Vel 17.1,-19.3, EA 0.00 m/s</description>
         <Style>
            <IconStyle>
               <Icon>
                  <href>http://maps.google.com/mapfiles/kml/shapes/shaded_dot.png</href>
               </Icon>
               <scale>0.6</scale>
               <color>bfed8548</color>
            </IconStyle>
         </Style>
         <Point>
            <coordinates>-122.0954365,37.4233868,0</coordinates>
         </Point>
      </Placemark>
      <Placemark>
         <Snippet maxLines="0"> </Snippet>
         <description>572, UTC 22:37:15
37.4235456,-122.0956635,EA3.8m
Alt -30.6 m, EA 1.0 m
Vel 17.5,-20.0, EA 0.00 m/s</description>
         <Style>
            <IconStyle>
               <Icon>
                  <href>http://maps.google.com/mapfiles/kml/shapes/shaded_dot.png</href>
               </Icon>
               <scale>0.6</scale>
               <color>bfed8548</color>
            </IconStyle>
         </Style>
         <Point>
            <coordinates>-122.0956635,37.4235455833333,0</coordinates>
         </Point>
      </Placemark>
      <Placemark>
         <Snippet maxLines="0"> </Snippet>
         <description>573, UTC 22:37:16
37.4237064,-122.0958970,EA3.8m
Alt -30.3 m, EA 1.0 m
Vel 17.7,-20.6, EA 0.00 m/s</description>
         <Style>
            <IconStyle>
               <Icon>
                  <href>http://maps.google.com/mapfiles/kml/shapes/shaded_dot.png</href>
               </Icon>
               <scale>0.6</scale>
               <color>bfed8548</color>
            </IconStyle>
         </Style>
         <Point>
            <coordinates>-122.095896983333,37.4237064,0</coordinates>
         </Point>
      </Placemark>
      <Placemark>
         <Snippet maxLines="0"> </Snippet>
         <description>574, UTC 22:37:17
37.4238680,-122.0961387,EA3.8m
Alt -30.4 m, EA 1.0 m
Vel 18.1,-21.1, EA 0.00 m/s</description>
         <Style>
            <IconStyle>
               <Icon>
                  <href>http://maps.google.com/mapfiles/kml/shapes/shaded_dot.png</href>
               </Icon>
               <scale>0.6</scale>
               <color>bfed8548</color>
            </IconStyle>
         </Style>
         <Point>
            <coordinates>-122.096138683333,37.4238679833333,0</coordinates>
         </Point>
      </Placemark>
      <Placemark>
         <Snippet maxLines="0"> </Snippet>
         <description>575, UTC 22:37:18
37.4240381,-122.0963773,EA3.8m
Alt -30.4 m, EA 1.0 m
Vel 18.9,-21.2, EA 0.00 m/s</description>
         <Style>
            <IconStyle>
               <Icon>
                  <href>http://maps.google.com/mapfiles/kml/shapes/shaded_dot.png</href>
               </Icon>
               <scale>0.6</scale>
               <color>bfed8548</color>
            </IconStyle>
         </Style>
         <Point>
            <coordinates>-122.0963773,37.4240380833333,0</coordinates>
         </Point>
      </Placemark>
      <Placemark>
         <Snippet maxLines="0"> </Snippet>
         <description>576, UTC 22:37:19
37.4242165,-122.0966180,EA3.8m
Alt -30.6 m, EA 1.0 m
Vel 19.4,-21.1, EA 0.00 m/s</description>
         <Style>
            <IconStyle>
               <Icon>
                  <href>http://maps.google.com/mapfiles/kml/shapes/shaded_dot.png</href>
               </Icon>
               <scale>0.6</scale>
               <color>bfed8548</color>
            </IconStyle>
         </Style>
         <Point>
            <coordinates>-122.096618,37.4242164833333,0</coordinates>
         </Point>
      </Placemark>
      <Placemark>
         <Snippet maxLines="0"> </Snippet>
         <description>577, UTC 22:37:20
37.4243966,-122.0968566,EA3.8m
Alt -30.1 m, EA 1.0 m
Vel 19.8,-20.8, EA 0.00 m/s</description>
         <Style>
            <IconStyle>
               <Icon>
                  <href>http://maps.google.com/mapfiles/kml/shapes/shaded_dot.png</href>
               </Icon>
               <scale>0.6</scale>
               <color>bfed8548</color>
            </IconStyle>
         </Style>
         <Point>
            <coordinates>-122.096856583333,37.4243966,0</coordinates>
         </Point>
      </Placemark>
      <Placemark>
         <Snippet maxLines="0"> </Snippet>
         <description>578, UTC 22:37:21
37.4245771,-122.0970926,EA3.8m
Alt -30.1 m, EA 1.0 m
Vel 20.1,-20.5, EA 0.00 m/s</description>
         <Style>
            <IconStyle>
               <Icon>
                  <href>http://maps.google.com/mapfiles/kml/shapes/shaded_dot.png</href>
               </Icon>
               <scale>0.6</scale>
               <color>bfed8548</color>
            </IconStyle>
         </Style>
         <Point>
            <coordinates>-122.097092583333,37.4245771,0</coordinates>
         </Point>
      </Placemark>
      <Placemark>
         <Snippet maxLines="0"> </Snippet>
         <description>579, UTC 22:37:22
37.4247612,-122.0973244,EA3.8m
Alt -29.9 m, EA 1.0 m
Vel 20.4,-20.2, EA 0.00 m/s</description>
         <Style>
            <IconStyle>
               <Icon>
                  <href>http://maps.google.com/mapfiles/kml/shapes/shaded_dot.png</href>
               </Icon>
               <scale>0.6</scale>
               <color>bfed8548</color>
            </IconStyle>
         </Style>
         <Point>
            <coordinates>-122.0973244,37.4247611833333,0</coordinates>
         </Point>
      </Placemark>
      <Placemark>
         <Snippet maxLines="0"> </Snippet>
         <description>580, UTC 22:37:23
37.4249466,-122.0975513,EA3.8m
Alt -30.0 m, EA 1.0 m
Vel 20.6,-19.9, EA 0.00 m/s</description>
         <Style>
            <IconStyle>
               <Icon>
                  <href>http://maps.google.com/mapfiles/kml/shapes/shaded_dot.png</href>
               </Icon>
               <scale>0.6</scale>
               <color>bfed8548</color>
            </IconStyle>
         </Style>
         <Point>
            <coordinates>-122.0975513,37.4249465833333,0</coordinates>
         </Point>
      </Placemark>
      <Placemark>
         <Snippet maxLines="0"> </Snippet>
         <description>581, UTC 22:37:24
37.4251330,-122.0977755,EA3.8m
Alt -30.0 m, EA 1.0 m
Vel 20.7,-19.6, EA 0.00 m/s</description>
         <Style>
            <IconStyle>
               <Icon>
                  <href>http://maps.google.com/mapfiles/kml/shapes/shaded_dot.png</href>
               </Icon>
               <scale>0.6</scale>
               <color>bfed8548</color>
            </IconStyle>
         </Style>
         <Point>
            <coordinates>-122.097775483333,37.425133,0</coordinates>
         </Point>
      </Placemark>
      <Placemark>
         <Snippet maxLines="0"> </Snippet>
         <description>582, UTC 22:37:25
37.4253225,-122.0979970,EA3.8m
Alt -30.1 m, EA 1.0 m
Vel 20.9,-19.4, EA 0.00 m/s</description>
         <Style>
            <IconStyle>
               <Icon>
                  <href>http://maps.google.com/mapfiles/kml/shapes/shaded_dot.png</href>
               </Icon>
               <scale>0.6</scale>
               <color>bfed8548</color>
            </IconStyle>
         </Style>
         <Point>
            <coordinates>-122.097997,37.4253225,0</coordinates>
         </Point>
      </Placemark>
      <Placemark>
         <Snippet maxLines="0"> </Snippet>
         <description>583, UTC 22:37:26
37.4255157,-122.0982119,EA3.8m
Alt -30.2 m, EA 1.0 m
Vel 21.2,-19.1, EA 0.00 m/s</description>
         <Style>
            <IconStyle>
               <Icon>
                  <href>http://maps.google.com/mapfiles/kml/shapes/shaded_dot.png</href>
               </Icon>
               <scale>0.6</scale>
               <color>bfed8548</color>
            </IconStyle>
         </Style>
         <Point>
            <coordinates>-122.098211883333,37.4255156833333,0</coordinates>
         </Point>
      </Placemark>
      <Placemark>
         <Snippet maxLines="0"> </Snippet>
         <description>584, UTC 22:37:27
37.4257079,-122.0984255,EA3.8m
Alt -30.2 m, EA 1.0 m
Vel 21.4,-19.0, EA 0.00 m/s</description>
         <Style>
            <IconStyle>
               <Icon>
                  <href>http://maps.google.com/mapfiles/kml/shapes/shaded_dot.png</href>
               </Icon>
               <scale>0.6</scale>
               <color>bfed8548</color>
            </IconStyle>
         </Style>
         <Point>
            <coordinates>-122.0984255,37.4257078833333,0</coordinates>
         </Point>
      </Placemark>
      <Placemark>
         <Snippet maxLines="0"> </Snippet>
         <description>585, UTC 22:37:28
37.4259024,-122.0986383,EA3.8m
Alt -30.0 m, EA 1.0 m
Vel 21.7,-18.7, EA 0.00 m/s</description>
         <Style>
            <IconStyle>
               <Icon>
                  <href>http://maps.google.com/mapfiles/kml/shapes/shaded_dot.png</href>
               </Icon>
               <scale>0.6</scale>
               <color>bfed8548</color>
            </IconStyle>
         </Style>
         <Point>
            <coordinates>-122.0986383,37.4259023833333,0</coordinates>
         </Point>
      </Placemark>
      <Placemark>
         <Snippet maxLines="0"> </Snippet>
         <description>586, UTC 22:37:29
37.4260965,-122.0988476,EA3.8m
Alt -30.4 m, EA 1.0 m
Vel 21.8,-18.3, EA 0.00 m/s</description>
         <Style>
            <IconStyle>
               <Icon>
                  <href>http://maps.google.com/mapfiles/kml/shapes/shaded_dot.png</href>
               </Icon>
               <scale>0.6</scale>
               <color>bfed8548</color>
            </IconStyle>
         </Style>
         <Point>
            <coordinates>-122.098847583333,37.4260964833333,0</coordinates>
         </Point>
      </Placemark>
      <Placemark>
         <Snippet maxLines="0"> </Snippet>
         <description>587, UTC 22:37:30
37.4262935,-122.0990528,EA3.8m
Alt -30.4 m, EA 1.0 m
Vel 21.8,-18.1, EA 0.00 m/s</description>
         <Style>
            <IconStyle>
               <Icon>
                  <href>http://maps.google.com/mapfiles/kml/shapes/shaded_dot.png</href>
               </Icon>
               <scale>0.6</scale>
               <color>bfed8548</color>
            </IconStyle>
         </Style>
         <Point>
            <coordinates>-122.099052783333,37.4262934833333,0</coordinates>
         </Point>
      </Placemark>
      <Placemark>
         <Snippet maxLines="0"> </Snippet>
         <description>588, UTC 22:37:31
37.4264876,-122.0992539,EA3.8m
Alt -30.5 m, EA 1.0 m
Vel 21.5,-17.6, EA 0.00 m/s</description>
         <Style>
            <IconStyle>
               <Icon>
                  <href>http://maps.google.com/mapfiles/kml/shapes/shaded_dot.png</href>
               </Icon>
               <scale>0.6</scale>
               <color>bfed8548</color>
            </IconStyle>
         </Style>
         <Point>
            <coordinates>-122.099253883333,37.4264876,0</coordinates>
         </Point>
      </Placemark>
      <Placemark>
         <Snippet maxLines="0"> </Snippet>
         <description>589, UTC 22:37:32
37.4266753,-122.0994504,EA3.8m
Alt -30.5 m, EA 1.0 m
Vel 21.2,-17.4, EA 0.00 m/s</description>
         <Style>
            <IconStyle>
               <Icon>
                  <href>http://maps.google.com/mapfiles/kml/shapes/shaded_dot.png</href>
               </Icon>
               <scale>0.6</scale>
               <color>bfed8548</color>
            </IconStyle>
         </Style>
         <Point>
            <coordinates>-122.099450383333,37.4266752833333,0</coordinates>
         </Point>
      </Placemark>
      <Placemark>
         <Snippet maxLines="0"> </Snippet>
         <description>590, UTC 22:37:33
37.4268627,-122.0996473,EA3.8m
Alt -30.3 m, EA 1.0 m
Vel 20.9,-17.3, EA 0.00 m/s</description>
         <Style>
            <IconStyle>
               <Icon>
                  <href>http://maps.google.com/mapfiles/kml/shapes/shaded_dot.png</href>
               </Icon>
               <scale>0.6</scale>
               <color>bfed8548</color>
            </IconStyle>
         </Style>
         <Point>
            <coordinates>-122.0996473,37.4268627,0</coordinates>
         </Point>
      </Placemark>
      <Placemark>
         <Snippet maxLines="0"> </Snippet>
         <description>591, UTC 22:37:34
37.4270484,-122.0998419,EA3.8m
Alt -30.6 m, EA 1.0 m
Vel 20.5,-17.3, EA 0.00 m/s</description>
         <Style>
            <IconStyle>
               <Icon>
                  <href>http://maps.google.com/mapfiles/kml/shapes/shaded_dot.png</href>
               </Icon>
               <scale>0.6</scale>
               <color>bfed8548</color>
            </IconStyle>
         </Style>
         <Point>
            <coordinates>-122.0998419,37.4270483833333,0</coordinates>
         </Point>
      </Placemark>
      <Placemark>
         <Snippet maxLines="0"> </Snippet>
         <description>592, UTC 22:37:35
37.4272303,-122.1000344,EA3.8m
Alt -30.6 m, EA 1.0 m
Vel 20.5,-17.3, EA 0.00 m/s</description>
         <Style>
            <IconStyle>
               <Icon>
                  <href>http://maps.google.com/mapfiles/kml/shapes/shaded_dot.png</href>
               </Icon>
               <scale>0.6</scale>
               <color>bfed8548</color>
            </IconStyle>
         </Style>
         <Point>
            <coordinates>-122.100034383333,37.4272302833333,0</coordinates>
         </Point>
      </Placemark>
      <Placemark>
         <Snippet maxLines="0"> </Snippet>
         <description>593, UTC 22:37:36
37.4274146,-122.1002288,EA3.8m
Alt -30.9 m, EA 1.0 m
Vel 20.5,-17.3, EA 0.00 m/s</description>
         <Style>
            <IconStyle>
               <Icon>
                  <href>http://maps.google.com/mapfiles/kml/shapes/shaded_dot.png</href>
               </Icon>
               <scale>0.6</scale>
               <color>bfed8548</color>
            </IconStyle>
         </Style>
         <Point>
            <coordinates>-122.100228783333,37.4274145833333,0</coordinates>
         </Point>
      </Placemark>
      <Placemark>
         <Snippet maxLines="0"> </Snippet>
         <description>594, UTC 22:37:37
37.4275987,-122.1004272,EA3.8m
Alt -31.4 m, EA 1.0 m
Vel 20.6,-17.4, EA 0.00 m/s</description>
         <Style>
            <IconStyle>
               <Icon>
                  <href>http://maps.google.com/mapfiles/kml/shapes/shaded_dot.png</href>
               </Icon>
               <scale>0.6</scale>
               <color>bfed8548</color>
            </IconStyle>
         </Style>
         <Point>
            <coordinates>-122.100427183333,37.4275986833333,0</coordinates>
         </Point>
      </Placemark>
      <Placemark>
         <Snippet maxLines="0"> </Snippet>
         <description>595, UTC 22:37:38
37.4277823,-122.1006244,EA3.8m
Alt -31.1 m, EA 1.0 m
Vel 20.5,-17.6, EA 0.00 m/s</description>
         <Style>
            <IconStyle>
               <Icon>
                  <href>http://maps.google.com/mapfiles/kml/shapes/shaded_dot.png</href>
               </Icon>
               <scale>0.6</scale>
               <color>bfed8548</color>
            </IconStyle>
         </Style>
         <Point>
            <coordinates>-122.1006244,37.4277822833333,0</coordinates>
         </Point>
      </Placemark>
      <Placemark>
         <Snippet maxLines="0"> </Snippet>
         <description>596, UTC 22:37:39
37.4279675,-122.1008248,EA3.8m
Alt -31.1 m, EA 1.0 m
Vel 20.8,-17.7, EA 0.00 m/s</description>
         <Style>
            <IconStyle>
               <Icon>
                  <href>http://maps.google.com/mapfiles/kml/shapes/shaded_dot.png</href>
               </Icon>
               <scale>0.6</scale>
               <color>bfed8548</color>
            </IconStyle>
         </Style>
         <Point>
            <coordinates>-122.100824783333,37.4279675,0</coordinates>
         </Point>
      </Placemark>
      <Placemark>
         <Snippet maxLines="0"> </Snippet>
         <description>597, UTC 22:37:40
37.4281583,-122.1010284,EA3.8m
Alt -31.3 m, EA 1.0 m
Vel 21.2,-17.7, EA 0.00 m/s</description>
         <Style>
            <IconStyle>
               <Icon>
                  <href>http://maps.google.com/mapfiles/kml/shapes/shaded_dot.png</href>
               </Icon>
               <scale>0.6</scale>
               <color>bfed8548</color>
            </IconStyle>
         </Style>
         <Point>
            <coordinates>-122.1010284,37.4281582833333,0</coordinates>
         </Point>
      </Placemark>
      <Placemark>
         <Snippet maxLines="0"> </Snippet>
         <description>598, UTC 22:37:41
37.4283491,-122.1012274,EA3.8m
Alt -31.3 m, EA 1.0 m
Vel 21.3,-17.6, EA 0.00 m/s</description>
         <Style>
            <IconStyle>
               <Icon>
                  <href>http://maps.google.com/mapfiles/kml/shapes/shaded_dot.png</href>
               </Icon>
               <scale>0.6</scale>
               <color>bfed8548</color>
            </IconStyle>
         </Style>
         <Point>
            <coordinates>-122.101227383333,37.4283490833333,0</coordinates>
         </Point>
      </Placemark>
      <Placemark>
         <Snippet maxLines="0"> </Snippet>
         <description>599, UTC 22:37:42
37.4285409,-122.1014222,EA3.8m
Alt -31.9 m, EA 1.0 m
Vel 21.1,-17.4, EA 0.00 m/s</description>
         <Style>
            <IconStyle>
               <Icon>
                  <href>http://maps.google.com/mapfiles/kml/shapes/shaded_dot.png</href>
               </Icon>
               <scale>0.6</scale>
               <color>bfed8548</color>
            </IconStyle>
         </Style>
         <Point>
            <coordinates>-122.1014222,37.4285409,0</coordinates>
         </Point>
      </Placemark>
      <Placemark>
         <Snippet maxLines="0"> </Snippet>
         <description>600, UTC 22:37:43
37.4287338,-122.1016221,EA3.8m
Alt -32.0 m, EA 1.0 m
Vel 21.2,-17.7, EA 0.00 m/s</description>
         <Style>
            <IconStyle>
               <Icon>
                  <href>http://maps.google.com/mapfiles/kml/shapes/shaded_dot.png</href>
               </Icon>
               <scale>0.6</scale>
               <color>bfed8548</color>
            </IconStyle>
         </Style>
         <Point>
            <coordinates>-122.1016221,37.4287338,0</coordinates>
         </Point>
      </Placemark>
      <Placemark>
         <Snippet maxLines="0"> </Snippet>
         <description>601, UTC 22:37:44
37.4289174,-122.1018199,EA3.8m
Alt -32.5 m, EA 1.0 m
Vel 20.9,-17.7, EA 0.00 m/s</description>
         <Style>
            <IconStyle>
               <Icon>
                  <href>http://maps.google.com/mapfiles/kml/shapes/shaded_dot.png</href>
               </Icon>
               <scale>0.6</scale>
               <color>bfed8548</color>
            </IconStyle>
         </Style>
         <Point>
            <coordinates>-122.101819883333,37.4289174,0</coordinates>
         </Point>
      </Placemark>
      <Placemark>
         <Snippet maxLines="0"> </Snippet>
         <description>602, UTC 22:37:45
37.4291090,-122.1020208,EA3.8m
Alt -32.5 m, EA 1.0 m
Vel 21.1,-17.8, EA 0.00 m/s</description>
         <Style>
            <IconStyle>
               <Icon>
                  <href>http://maps.google.com/mapfiles/kml/shapes/shaded_dot.png</href>
               </Icon>
               <scale>0.6</scale>
               <color>bfed8548</color>
            </IconStyle>
         </Style>
         <Point>
            <coordinates>-122.1020208,37.4291089833333,0</coordinates>
         </Point>
      </Placemark>
      <Placemark>
         <Snippet maxLines="0"> </Snippet>
         <description>603, UTC 22:37:46
37.4292997,-122.1022207,EA3.8m
Alt -32.4 m, EA 1.0 m
Vel 21.2,-17.9, EA 0.00 m/s</description>
         <Style>
            <IconStyle>
               <Icon>
                  <href>http://maps.google.com/mapfiles/kml/shapes/shaded_dot.png</href>
               </Icon>
               <scale>0.6</scale>
               <color>bfed8548</color>
            </IconStyle>
         </Style>
         <Point>
            <coordinates>-122.1022207,37.4292997,0</coordinates>
         </Point>
      </Placemark>
      <Placemark>
         <Snippet maxLines="0"> </Snippet>
         <description>604, UTC 22:37:47
37.4294975,-122.1024250,EA3.8m
Alt -32.2 m, EA 1.0 m
Vel 21.5,-17.9, EA 0.00 m/s</description>
         <Style>
            <IconStyle>
               <Icon>
                  <href>http://maps.google.com/mapfiles/kml/shapes/shaded_dot.png</href>
               </Icon>
               <scale>0.6</scale>
               <color>bfed8548</color>
            </IconStyle>
         </Style>
         <Point>
            <coordinates>-122.102424983333,37.4294974833333,0</coordinates>
         </Point>
      </Placemark>
      <Placemark>
         <Snippet maxLines="0"> </Snippet>
         <description>605, UTC 22:37:48
37.4296950,-122.1026314,EA3.8m
Alt -31.8 m, EA 1.0 m
Vel 21.5,-18.2, EA 0.00 m/s</description>
         <Style>
            <IconStyle>
               <Icon>
                  <href>http://maps.google.com/mapfiles/kml/shapes/shaded_dot.png</href>
               </Icon>
               <scale>0.6</scale>
               <color>bfed8548</color>
            </IconStyle>
         </Style>
         <Point>
            <coordinates>-122.1026314,37.429695,0</coordinates>
         </Point>
      </Placemark>
      <Placemark>
         <Snippet maxLines="0"> </Snippet>
         <description>606, UTC 22:37:49
37.4298899,-122.1028376,EA3.8m
Alt -31.5 m, EA 1.0 m
Vel 21.6,-18.2, EA 0.00 m/s</description>
         <Style>
            <IconStyle>
               <Icon>
                  <href>http://maps.google.com/mapfiles/kml/shapes/shaded_dot.png</href>
               </Icon>
               <scale>0.6</scale>
               <color>bfed8548</color>
            </IconStyle>
         </Style>
         <Point>
            <coordinates>-122.1028376,37.4298898833333,0</coordinates>
         </Point>
      </Placemark>
      <Placemark>
         <Snippet maxLines="0"> </Snippet>
         <description>607, UTC 22:37:50
37.4300839,-122.1030441,EA3.8m
Alt -31.4 m, EA 1.0 m
Vel 21.7,-18.1, EA 0.00 m/s</description>
         <Style>
            <IconStyle>
               <Icon>
                  <href>http://maps.google.com/mapfiles/kml/shapes/shaded_dot.png</href>
               </Icon>
               <scale>0.6</scale>
               <color>bfed8548</color>
            </IconStyle>
         </Style>
         <Point>
            <coordinates>-122.1030441,37.4300838833333,0</coordinates>
         </Point>
      </Placemark>
      <Placemark>
         <Snippet maxLines="0"> </Snippet>
         <description>608, UTC 22:37:51
37.4302789,-122.1032446,EA3.8m
Alt -31.5 m, EA 1.0 m
Vel 21.8,-18.1, EA 0.00 m/s</description>
         <Style>
            <IconStyle>
               <Icon>
                  <href>http://maps.google.com/mapfiles/kml/shapes/shaded_dot.png</href>
               </Icon>
               <scale>0.6</scale>
               <color>bfed8548</color>
            </IconStyle>
         </Style>
         <Point>
            <coordinates>-122.103244583333,37.4302788833333,0</coordinates>
         </Point>
      </Placemark>
      <Placemark>
         <Snippet maxLines="0"> </Snippet>
         <description>609, UTC 22:37:52
37.4304759,-122.1034469,EA3.8m
Alt -31.4 m, EA 1.0 m
Vel 21.8,-17.9, EA 0.00 m/s</description>
         <Style>
            <IconStyle>
               <Icon>
                  <href>http://maps.google.com/mapfiles/kml/shapes/shaded_dot.png</href>
               </Icon>
               <scale>0.6</scale>
               <color>bfed8548</color>
            </IconStyle>
         </Style>
         <Point>
            <coordinates>-122.103446883333,37.4304758833333,0</coordinates>
         </Point>
      </Placemark>
      <Placemark>
         <Snippet maxLines="0"> </Snippet>
         <description>610, UTC 22:37:53
37.4306686,-122.1036487,EA3.8m
Alt -31.6 m, EA 1.0 m
Vel 21.6,-17.8, EA 0.00 m/s</description>
         <Style>
            <IconStyle>
               <Icon>
                  <href>http://maps.google.com/mapfiles/kml/shapes/shaded_dot.png</href>
               </Icon>
               <scale>0.6</scale>
               <color>bfed8548</color>
            </IconStyle>
         </Style>
         <Point>
            <coordinates>-122.103648683333,37.4306685833333,0</coordinates>
         </Point>
      </Placemark>
      <Placemark>
         <Snippet maxLines="0"> </Snippet>
         <description>611, UTC 22:37:54
37.4308640,-122.1038533,EA3.8m
Alt -31.4 m, EA 1.0 m
Vel 21.4,-18.0, EA 0.00 m/s</description>
         <Style>
            <IconStyle>
               <Icon>
                  <href>http://maps.google.com/mapfiles/kml/shapes/shaded_dot.png</href>
               </Icon>
               <scale>0.6</scale>
               <color>bfed8548</color>
            </IconStyle>
         </Style>
         <Point>
            <coordinates>-122.103853283333,37.4308639833333,0</coordinates>
         </Point>
      </Placemark>
      <Placemark>
         <Snippet maxLines="0"> </Snippet>
         <description>612, UTC 22:37:55
37.4310569,-122.1040586,EA3.8m
Alt -31.3 m, EA 1.0 m
Vel 21.4,-18.2, EA 0.00 m/s</description>
         <Style>
            <IconStyle>
               <Icon>
                  <href>http://maps.google.com/mapfiles/kml/shapes/shaded_dot.png</href>
               </Icon>
               <scale>0.6</scale>
               <color>bfed8548</color>
            </IconStyle>
         </Style>
         <Point>
            <coordinates>-122.1040586,37.4310569,0</coordinates>
         </Point>
      </Placemark>
      <Placemark>
         <Snippet maxLines="0"> </Snippet>
         <description>613, UTC 22:37:56
37.4312476,-122.1042638,EA3.8m
Alt -31.1 m, EA 1.0 m
Vel 21.6,-18.1, EA 0.00 m/s</description>
         <Style>
            <IconStyle>
               <Icon>
                  <href>http://maps.google.com/mapfiles/kml/shapes/shaded_dot.png</href>
               </Icon>
               <scale>0.6</scale>
               <color>bfed8548</color>
            </IconStyle>
         </Style>
         <Point>
            <coordinates>-122.104263783333,37.4312475833333,0</coordinates>
         </Point>
      </Placemark>
      <Placemark>
         <Snippet maxLines="0"> </Snippet>
         <description>614, UTC 22:37:57
37.4314425,-122.1044694,EA3.8m
Alt -31.0 m, EA 1.0 m
Vel 21.6,-18.1, EA 0.00 m/s</description>
         <Style>
            <IconStyle>
               <Icon>
                  <href>http://maps.google.com/mapfiles/kml/shapes/shaded_dot.png</href>
               </Icon>
               <scale>0.6</scale>
               <color>bfed8548</color>
            </IconStyle>
         </Style>
         <Point>
            <coordinates>-122.104469383333,37.4314425,0</coordinates>
         </Point>
      </Placemark>
      <Placemark>
         <Snippet maxLines="0"> </Snippet>
         <description>615, UTC 22:37:58
37.4316382,-122.1046795,EA3.8m
Alt -30.8 m, EA 1.0 m
Vel 21.7,-18.3, EA 0.00 m/s</description>
         <Style>
            <IconStyle>
               <Icon>
                  <href>http://maps.google.com/mapfiles/kml/shapes/shaded_dot.png</href>
               </Icon>
               <scale>0.6</scale>
               <color>bfed8548</color>
            </IconStyle>
         </Style>
         <Point>
            <coordinates>-122.1046795,37.4316382,0</coordinates>
         </Point>
      </Placemark>
      <Placemark>
         <Snippet maxLines="0"> </Snippet>
         <description>616, UTC 22:37:59
37.4318290,-122.1048894,EA3.8m
Alt -30.9 m, EA 1.0 m
Vel 21.8,-18.4, EA 0.00 m/s</description>
         <Style>
            <IconStyle>
               <Icon>
                  <href>http://maps.google.com/mapfiles/kml/shapes/shaded_dot.png</href>
               </Icon>
               <scale>0.6</scale>
               <color>bfed8548</color>
            </IconStyle>
         </Style>
         <Point>
            <coordinates>-122.1048894,37.431829,0</coordinates>
         </Point>
      </Placemark>
      <Placemark>
         <Snippet maxLines="0"> </Snippet>
         <description>617, UTC 22:38:00
37.4320243,-122.1050982,EA3.8m
Alt -30.7 m, EA 1.0 m
Vel 21.9,-18.3, EA 0.00 m/s</description>
         <Style>
            <IconStyle>
               <Icon>
                  <href>http://maps.google.com/mapfiles/kml/shapes/shaded_dot.png</href>
               </Icon>
               <scale>0.6</scale>
               <color>bfed8548</color>
            </IconStyle>
         </Style>
         <Point>
            <coordinates>-122.1050982,37.4320243,0</coordinates>
         </Point>
      </Placemark>
      <Placemark>
         <Snippet maxLines="0"> </Snippet>
         <description>618, UTC 22:38:01
37.4322190,-122.1053034,EA3.8m
Alt -30.8 m, EA 1.0 m
Vel 21.9,-18.2, EA 0.00 m/s</description>
         <Style>
            <IconStyle>
               <Icon>
                  <href>http://maps.google.com/mapfiles/kml/shapes/shaded_dot.png</href>
               </Icon>
               <scale>0.6</scale>
               <color>bfed8548</color>
            </IconStyle>
         </Style>
         <Point>
            <coordinates>-122.105303383333,37.432219,0</coordinates>
         </Point>
      </Placemark>
      <Placemark>
         <Snippet maxLines="0"> </Snippet>
         <description>619, UTC 22:38:02
37.4324190,-122.1055103,EA3.8m
Alt -30.4 m, EA 1.0 m
Vel 22.1,-18.4, EA 0.00 m/s</description>
         <Style>
            <IconStyle>
               <Icon>
                  <href>http://maps.google.com/mapfiles/kml/shapes/shaded_dot.png</href>
               </Icon>
               <scale>0.6</scale>
               <color>bfed8548</color>
            </IconStyle>
         </Style>
         <Point>
            <coordinates>-122.1055103,37.432419,0</coordinates>
         </Point>
      </Placemark>
      <Placemark>
         <Snippet maxLines="0"> </Snippet>
         <description>620, UTC 22:38:03
37.4326225,-122.1057197,EA3.8m
Alt -30.6 m, EA 1.0 m
Vel 22.3,-18.7, EA 0.00 m/s</description>
         <Style>
            <IconStyle>
               <Icon>
                  <href>http://maps.google.com/mapfiles/kml/shapes/shaded_dot.png</href>
               </Icon>
               <scale>0.6</scale>
               <color>bfed8548</color>
            </IconStyle>
         </Style>
         <Point>
            <coordinates>-122.105719683333,37.4326225,0</coordinates>
         </Point>
      </Placemark>
      <Placemark>
         <Snippet maxLines="0"> </Snippet>
         <description>621, UTC 22:38:04
37.4328278,-122.1059363,EA3.8m
Alt -30.9 m, EA 1.0 m
Vel 22.7,-19.0, EA 0.00 m/s</description>
         <Style>
            <IconStyle>
               <Icon>
                  <href>http://maps.google.com/mapfiles/kml/shapes/shaded_dot.png</href>
               </Icon>
               <scale>0.6</scale>
               <color>bfed8548</color>
            </IconStyle>
         </Style>
         <Point>
            <coordinates>-122.105936283333,37.4328277833333,0</coordinates>
         </Point>
      </Placemark>
      <Placemark>
         <Snippet maxLines="0"> </Snippet>
         <description>622, UTC 22:38:05
37.4330359,-122.1061572,EA3.8m
Alt -31.4 m, EA 1.0 m
Vel 23.1,-19.4, EA 0.00 m/s</description>
         <Style>
            <IconStyle>
               <Icon>
                  <href>http://maps.google.com/mapfiles/kml/shapes/shaded_dot.png</href>
               </Icon>
               <scale>0.6</scale>
               <color>bfed8548</color>
            </IconStyle>
         </Style>
         <Point>
            <coordinates>-122.106157183333,37.4330359,0</coordinates>
         </Point>
      </Placemark>
      <Placemark>
         <Snippet maxLines="0"> </Snippet>
         <description>623, UTC 22:38:06
37.4332468,-122.1063755,EA3.8m
Alt -31.8 m, EA 1.0 m
Vel 23.4,-19.5, EA 0.00 m/s</description>
         <Style>
            <IconStyle>
               <Icon>
                  <href>http://maps.google.com/mapfiles/kml/shapes/shaded_dot.png</href>
               </Icon>
               <scale>0.6</scale>
               <color>bfed8548</color>
            </IconStyle>
         </Style>
         <Point>
            <coordinates>-122.106375483333,37.4332467833333,0</coordinates>
         </Point>
      </Placemark>
      <Placemark>
         <Snippet maxLines="0"> </Snippet>
         <description>624, UTC 22:38:07
37.4334614,-122.1065993,EA3.8m
Alt -31.9 m, EA 1.0 m
Vel 23.7,-19.6, EA 0.00 m/s</description>
         <Style>
            <IconStyle>
               <Icon>
                  <href>http://maps.google.com/mapfiles/kml/shapes/shaded_dot.png</href>
               </Icon>
               <scale>0.6</scale>
               <color>bfed8548</color>
            </IconStyle>
         </Style>
         <Point>
            <coordinates>-122.106599283333,37.4334613833333,0</coordinates>
         </Point>
      </Placemark>
      <Placemark>
         <Snippet maxLines="0"> </Snippet>
         <description>625, UTC 22:38:08
37.4336753,-122.1068222,EA3.8m
Alt -32.2 m, EA 1.0 m
Vel 23.7,-19.6, EA 0.00 m/s</description>
         <Style>
            <IconStyle>
               <Icon>
                  <href>http://maps.google.com/mapfiles/kml/shapes/shaded_dot.png</href>
               </Icon>
               <scale>0.6</scale>
               <color>bfed8548</color>
            </IconStyle>
         </Style>
         <Point>
            <coordinates>-122.106822183333,37.4336752833333,0</coordinates>
         </Point>
      </Placemark>
      <Placemark>
         <Snippet maxLines="0"> </Snippet>
         <description>626, UTC 22:38:09
37.4338885,-122.1070424,EA3.8m
Alt -32.1 m, EA 1.0 m
Vel 23.6,-19.7, EA 0.00 m/s</description>
         <Style>
            <IconStyle>
               <Icon>
                  <href>http://maps.google.com/mapfiles/kml/shapes/shaded_dot.png</href>
               </Icon>
               <scale>0.6</scale>
               <color>bfed8548</color>
            </IconStyle>
         </Style>
         <Point>
            <coordinates>-122.107042383333,37.4338885,0</coordinates>
         </Point>
      </Placemark>
      <Placemark>
         <Snippet maxLines="0"> </Snippet>
         <description>627, UTC 22:38:10
37.4340990,-122.1072596,EA3.8m
Alt -31.8 m, EA 1.0 m
Vel 23.4,-19.4, EA 0.00 m/s</description>
         <Style>
            <IconStyle>
               <Icon>
                  <href>http://maps.google.com/mapfiles/kml/shapes/shaded_dot.png</href>
               </Icon>
               <scale>0.6</scale>
               <color>bfed8548</color>
            </IconStyle>
         </Style>
         <Point>
            <coordinates>-122.1072596,37.434099,0</coordinates>
         </Point>
      </Placemark>
      <Placemark>
         <Snippet maxLines="0"> </Snippet>
         <description>628, UTC 22:38:11
37.4343081,-122.1074780,EA3.8m
Alt -31.8 m, EA 1.0 m
Vel 22.9,-19.1, EA 0.00 m/s</description>
         <Style>
            <IconStyle>
               <Icon>
                  <href>http://maps.google.com/mapfiles/kml/shapes/shaded_dot.png</href>
               </Icon>
               <scale>0.6</scale>
               <color>bfed8548</color>
            </IconStyle>
         </Style>
         <Point>
            <coordinates>-122.107478,37.4343081,0</coordinates>
         </Point>
      </Placemark>
      <Placemark>
         <Snippet maxLines="0"> </Snippet>
         <description>629, UTC 22:38:12
37.4345100,-122.1076948,EA3.8m
Alt -31.9 m, EA 1.0 m
Vel 22.5,-18.8, EA 0.00 m/s</description>
         <Style>
            <IconStyle>
               <Icon>
                  <href>http://maps.google.com/mapfiles/kml/shapes/shaded_dot.png</href>
               </Icon>
               <scale>0.6</scale>
               <color>bfed8548</color>
            </IconStyle>
         </Style>
         <Point>
            <coordinates>-122.1076948,37.43451,0</coordinates>
         </Point>
      </Placemark>
      <Placemark>
         <Snippet maxLines="0"> </Snippet>
         <description>630, UTC 22:38:13
37.4347044,-122.1079021,EA3.8m
Alt -32.1 m, EA 1.0 m
Vel 21.8,-18.4, EA 0.00 m/s</description>
         <Style>
            <IconStyle>
               <Icon>
                  <href>http://maps.google.com/mapfiles/kml/shapes/shaded_dot.png</href>
               </Icon>
               <scale>0.6</scale>
               <color>bfed8548</color>
            </IconStyle>
         </Style>
         <Point>
            <coordinates>-122.1079021,37.4347044,0</coordinates>
         </Point>
      </Placemark>
      <Placemark>
         <Snippet maxLines="0"> </Snippet>
         <description>631, UTC 22:38:14
37.4349024,-122.1081031,EA3.8m
Alt -32.2 m, EA 1.0 m
Vel 21.5,-18.0, EA 0.00 m/s</description>
         <Style>
            <IconStyle>
               <Icon>
                  <href>http://maps.google.com/mapfiles/kml/shapes/shaded_dot.png</href>
               </Icon>
               <scale>0.6</scale>
               <color>bfed8548</color>
            </IconStyle>
         </Style>
         <Point>
            <coordinates>-122.108103083333,37.4349023833333,0</coordinates>
         </Point>
      </Placemark>
      <Placemark>
         <Snippet maxLines="0"> </Snippet>
         <description>632, UTC 22:38:15
37.4350902,-122.1083048,EA3.8m
Alt -32.3 m, EA 1.0 m
Vel 21.2,-17.8, EA 0.00 m/s</description>
         <Style>
            <IconStyle>
               <Icon>
                  <href>http://maps.google.com/mapfiles/kml/shapes/shaded_dot.png</href>
               </Icon>
               <scale>0.6</scale>
               <color>bfed8548</color>
            </IconStyle>
         </Style>
         <Point>
            <coordinates>-122.108304783333,37.4350901833333,0</coordinates>
         </Point>
      </Placemark>
      <Placemark>
         <Snippet maxLines="0"> </Snippet>
         <description>633, UTC 22:38:16
37.4352778,-122.1085015,EA3.8m
Alt -32.3 m, EA 1.0 m
Vel 20.9,-17.5, EA 0.00 m/s</description>
         <Style>
            <IconStyle>
               <Icon>
                  <href>http://maps.google.com/mapfiles/kml/shapes/shaded_dot.png</href>
               </Icon>
               <scale>0.6</scale>
               <color>bfed8548</color>
            </IconStyle>
         </Style>
         <Point>
            <coordinates>-122.1085015,37.4352778,0</coordinates>
         </Point>
      </Placemark>
      <Placemark>
         <Snippet maxLines="0"> </Snippet>
         <description>634, UTC 22:38:17
37.4354645,-122.1086951,EA3.8m
Alt -32.2 m, EA 1.0 m
Vel 20.8,-17.4, EA 0.00 m/s</description>
         <Style>
            <IconStyle>
               <Icon>
                  <href>http://maps.google.com/mapfiles/kml/shapes/shaded_dot.png</href>
               </Icon>
               <scale>0.6</scale>
               <color>bfed8548</color>
            </IconStyle>
         </Style>
         <Point>
            <coordinates>-122.1086951,37.4354645,0</coordinates>
         </Point>
      </Placemark>
      <Placemark>
         <Snippet maxLines="0"> </Snippet>
         <description>635, UTC 22:38:18
37.4356506,-122.1088944,EA3.8m
Alt -32.4 m, EA 1.0 m
Vel 20.9,-17.6, EA 0.00 m/s</description>
         <Style>
            <IconStyle>
               <Icon>
                  <href>http://maps.google.com/mapfiles/kml/shapes/shaded_dot.png</href>
               </Icon>
               <scale>0.6</scale>
               <color>bfed8548</color>
            </IconStyle>
         </Style>
         <Point>
            <coordinates>-122.108894383333,37.4356506,0</coordinates>
         </Point>
      </Placemark>
      <Placemark>
         <Snippet maxLines="0"> </Snippet>
         <description>636, UTC 22:38:19
37.4358446,-122.1090963,EA3.8m
Alt -32.5 m, EA 1.0 m
Vel 21.3,-18.0, EA 0.00 m/s</description>
         <Style>
            <IconStyle>
               <Icon>
                  <href>http://maps.google.com/mapfiles/kml/shapes/shaded_dot.png</href>
               </Icon>
               <scale>0.6</scale>
               <color>bfed8548</color>
            </IconStyle>
         </Style>
         <Point>
            <coordinates>-122.1090963,37.4358446,0</coordinates>
         </Point>
      </Placemark>
      <Placemark>
         <Snippet maxLines="0"> </Snippet>
         <description>637, UTC 22:38:20
37.4360370,-122.1093016,EA3.8m
Alt -32.3 m, EA 1.0 m
Vel 21.6,-18.3, EA 0.00 m/s</description>
         <Style>
            <IconStyle>
               <Icon>
                  <href>http://maps.google.com/mapfiles/kml/shapes/shaded_dot.png</href>
               </Icon>
               <scale>0.6</scale>
               <color>bfed8548</color>
            </IconStyle>
         </Style>
         <Point>
            <coordinates>-122.109301583333,37.4360369833333,0</coordinates>
         </Point>
      </Placemark>
      <Placemark>
         <Snippet maxLines="0"> </Snippet>
         <description>638, UTC 22:38:21
37.4362381,-122.1095070,EA3.8m
Alt -32.5 m, EA 1.0 m
Vel 21.9,-18.2, EA 0.00 m/s</description>
         <Style>
            <IconStyle>
               <Icon>
                  <href>http://maps.google.com/mapfiles/kml/shapes/shaded_dot.png</href>
               </Icon>
               <scale>0.6</scale>
               <color>bfed8548</color>
            </IconStyle>
         </Style>
         <Point>
            <coordinates>-122.109506983333,37.4362380833333,0</coordinates>
         </Point>
      </Placemark>
      <Placemark>
         <Snippet maxLines="0"> </Snippet>
         <description>639, UTC 22:38:22
37.4364346,-122.1097135,EA3.8m
Alt -33.3 m, EA 1.0 m
Vel 22.0,-18.2, EA 0.00 m/s</description>
         <Style>
            <IconStyle>
               <Icon>
                  <href>http://maps.google.com/mapfiles/kml/shapes/shaded_dot.png</href>
               </Icon>
               <scale>0.6</scale>
               <color>bfed8548</color>
            </IconStyle>
         </Style>
         <Point>
            <coordinates>-122.109713483333,37.4364345833333,0</coordinates>
         </Point>
      </Placemark>
      <Placemark>
         <Snippet maxLines="0"> </Snippet>
         <description>640, UTC 22:38:23
37.4366321,-122.1099227,EA3.8m
Alt -33.3 m, EA 1.0 m
Vel 22.0,-18.3, EA 0.00 m/s</description>
         <Style>
            <IconStyle>
               <Icon>
                  <href>http://maps.google.com/mapfiles/kml/shapes/shaded_dot.png</href>
               </Icon>
               <scale>0.6</scale>
               <color>bfed8548</color>
            </IconStyle>
         </Style>
         <Point>
            <coordinates>-122.109922683333,37.4366320833333,0</coordinates>
         </Point>
      </Placemark>
      <Placemark>
         <Snippet maxLines="0"> </Snippet>
         <description>641, UTC 22:38:24
37.4368304,-122.1101294,EA3.8m
Alt -33.4 m, EA 1.0 m
Vel 22.1,-18.5, EA 0.00 m/s</description>
         <Style>
            <IconStyle>
               <Icon>
                  <href>http://maps.google.com/mapfiles/kml/shapes/shaded_dot.png</href>
               </Icon>
               <scale>0.6</scale>
               <color>bfed8548</color>
            </IconStyle>
         </Style>
         <Point>
            <coordinates>-122.1101294,37.4368303833333,0</coordinates>
         </Point>
      </Placemark>
      <Placemark>
         <Snippet maxLines="0"> </Snippet>
         <description>642, UTC 22:38:25
37.4370343,-122.1103419,EA3.8m
Alt -33.4 m, EA 1.0 m
Vel 22.2,-18.8, EA 0.00 m/s</description>
         <Style>
            <IconStyle>
               <Icon>
                  <href>http://maps.google.com/mapfiles/kml/shapes/shaded_dot.png</href>
               </Icon>
               <scale>0.6</scale>
               <color>bfed8548</color>
            </IconStyle>
         </Style>
         <Point>
            <coordinates>-122.110341883333,37.4370343,0</coordinates>
         </Point>
      </Placemark>
      <Placemark>
         <Snippet maxLines="0"> </Snippet>
         <description>643, UTC 22:38:26
37.4372379,-122.1105578,EA3.8m
Alt -33.2 m, EA 1.0 m
Vel 22.6,-19.1, EA 0.00 m/s</description>
         <Style>
            <IconStyle>
               <Icon>
                  <href>http://maps.google.com/mapfiles/kml/shapes/shaded_dot.png</href>
               </Icon>
               <scale>0.6</scale>
               <color>bfed8548</color>
            </IconStyle>
         </Style>
         <Point>
            <coordinates>-122.110557783333,37.4372378833333,0</coordinates>
         </Point>
      </Placemark>
      <Placemark>
         <Snippet maxLines="0"> </Snippet>
         <description>644, UTC 22:38:27
37.4374418,-122.1107748,EA3.8m
Alt -32.9 m, EA 1.0 m
Vel 23.0,-19.4, EA 0.00 m/s</description>
         <Style>
            <IconStyle>
               <Icon>
                  <href>http://maps.google.com/mapfiles/kml/shapes/shaded_dot.png</href>
               </Icon>
               <scale>0.6</scale>
               <color>bfed8548</color>
            </IconStyle>
         </Style>
         <Point>
            <coordinates>-122.1107748,37.4374418,0</coordinates>
         </Point>
      </Placemark>
      <Placemark>
         <Snippet maxLines="0"> </Snippet>
         <description>645, UTC 22:38:28
37.4376540,-122.1109955,EA3.8m
Alt -33.1 m, EA 1.0 m
Vel 23.2,-19.4, EA 0.00 m/s</description>
         <Style>
            <IconStyle>
               <Icon>
                  <href>http://maps.google.com/mapfiles/kml/shapes/shaded_dot.png</href>
               </Icon>
               <scale>0.6</scale>
               <color>bfed8548</color>
            </IconStyle>
         </Style>
         <Point>
            <coordinates>-122.1109955,37.437654,0</coordinates>
         </Point>
      </Placemark>
      <Placemark>
         <Snippet maxLines="0"> </Snippet>
         <description>646, UTC 22:38:29
37.4378653,-122.1112163,EA3.8m
Alt -33.4 m, EA 1.0 m
Vel 23.4,-19.5, EA 0.00 m/s</description>
         <Style>
            <IconStyle>
               <Icon>
                  <href>http://maps.google.com/mapfiles/kml/shapes/shaded_dot.png</href>
               </Icon>
               <scale>0.6</scale>
               <color>bfed8548</color>
            </IconStyle>
         </Style>
         <Point>
            <coordinates>-122.111216283333,37.4378652833333,0</coordinates>
         </Point>
      </Placemark>
      <Placemark>
         <Snippet maxLines="0"> </Snippet>
         <description>647, UTC 22:38:30
37.4380768,-122.1114379,EA3.8m
Alt -33.4 m, EA 1.0 m
Vel 23.6,-19.6, EA 0.00 m/s</description>
         <Style>
            <IconStyle>
               <Icon>
                  <href>http://maps.google.com/mapfiles/kml/shapes/shaded_dot.png</href>
               </Icon>
               <scale>0.6</scale>
               <color>bfed8548</color>
            </IconStyle>
         </Style>
         <Point>
            <coordinates>-122.111437883333,37.4380767833333,0</coordinates>
         </Point>
      </Placemark>
      <Placemark>
         <Snippet maxLines="0"> </Snippet>
         <description>648, UTC 22:38:31
37.4382913,-122.1116600,EA3.8m
Alt -33.5 m, EA 1.0 m
Vel 23.5,-19.4, EA 0.00 m/s</description>
         <Style>
            <IconStyle>
               <Icon>
                  <href>http://maps.google.com/mapfiles/kml/shapes/shaded_dot.png</href>
               </Icon>
               <scale>0.6</scale>
               <color>bfed8548</color>
            </IconStyle>
         </Style>
         <Point>
            <coordinates>-122.11166,37.4382913,0</coordinates>
         </Point>
      </Placemark>
      <Placemark>
         <Snippet maxLines="0"> </Snippet>
         <description>649, UTC 22:38:32
37.4384984,-122.1118795,EA3.8m
Alt -33.3 m, EA 1.0 m
Vel 23.4,-19.3, EA 0.00 m/s</description>
         <Style>
            <IconStyle>
               <Icon>
                  <href>http://maps.google.com/mapfiles/kml/shapes/shaded_dot.png</href>
               </Icon>
               <scale>0.6</scale>
               <color>bfed8548</color>
            </IconStyle>
         </Style>
         <Point>
            <coordinates>-122.1118795,37.4384984,0</coordinates>
         </Point>
      </Placemark>
      <Placemark>
         <Snippet maxLines="0"> </Snippet>
         <description>650, UTC 22:38:33
37.4387055,-122.1120964,EA3.8m
Alt -33.5 m, EA 1.0 m
Vel 22.9,-19.2, EA 0.00 m/s</description>
         <Style>
            <IconStyle>
               <Icon>
                  <href>http://maps.google.com/mapfiles/kml/shapes/shaded_dot.png</href>
               </Icon>
               <scale>0.6</scale>
               <color>bfed8548</color>
            </IconStyle>
         </Style>
         <Point>
            <coordinates>-122.112096383333,37.4387054833333,0</coordinates>
         </Point>
      </Placemark>
      <Placemark>
         <Snippet maxLines="0"> </Snippet>
         <description>651, UTC 22:38:34
37.4389125,-122.1123124,EA3.8m
Alt -33.5 m, EA 1.0 m
Vel 22.7,-19.1, EA 0.00 m/s</description>
         <Style>
            <IconStyle>
               <Icon>
                  <href>http://maps.google.com/mapfiles/kml/shapes/shaded_dot.png</href>
               </Icon>
               <scale>0.6</scale>
               <color>bfed8548</color>
            </IconStyle>
         </Style>
         <Point>
            <coordinates>-122.112312383333,37.4389125,0</coordinates>
         </Point>
      </Placemark>
      <Placemark>
         <Snippet maxLines="0"> </Snippet>
         <description>652, UTC 22:38:35
37.4391164,-122.1125284,EA3.8m
Alt -33.0 m, EA 1.0 m
Vel 22.8,-19.2, EA 0.00 m/s</description>
         <Style>
            <IconStyle>
               <Icon>
                  <href>http://maps.google.com/mapfiles/kml/shapes/shaded_dot.png</href>
               </Icon>
               <scale>0.6</scale>
               <color>bfed8548</color>
            </IconStyle>
         </Style>
         <Point>
            <coordinates>-122.1125284,37.4391164,0</coordinates>
         </Point>
      </Placemark>
      <Placemark>
         <Snippet maxLines="0"> </Snippet>
         <description>653, UTC 22:38:36
37.4393231,-122.1127455,EA3.8m
Alt -32.3 m, EA 1.0 m
Vel 23.0,-19.2, EA 0.00 m/s</description>
         <Style>
            <IconStyle>
               <Icon>
                  <href>http://maps.google.com/mapfiles/kml/shapes/shaded_dot.png</href>
               </Icon>
               <scale>0.6</scale>
               <color>bfed8548</color>
            </IconStyle>
         </Style>
         <Point>
            <coordinates>-122.1127455,37.4393231,0</coordinates>
         </Point>
      </Placemark>
      <Placemark>
         <Snippet maxLines="0"> </Snippet>
         <description>654, UTC 22:38:37
37.4395308,-122.1129643,EA3.8m
Alt -32.4 m, EA 1.0 m
Vel 23.1,-19.3, EA 0.00 m/s</description>
         <Style>
            <IconStyle>
               <Icon>
                  <href>http://maps.google.com/mapfiles/kml/shapes/shaded_dot.png</href>
               </Icon>
               <scale>0.6</scale>
               <color>bfed8548</color>
            </IconStyle>
         </Style>
         <Point>
            <coordinates>-122.1129643,37.4395307833333,0</coordinates>
         </Point>
      </Placemark>
      <Placemark>
         <Snippet maxLines="0"> </Snippet>
         <description>655, UTC 22:38:38
37.4397394,-122.1131858,EA3.8m
Alt -32.6 m, EA 1.0 m
Vel 23.2,-19.4, EA 0.00 m/s</description>
         <Style>
            <IconStyle>
               <Icon>
                  <href>http://maps.google.com/mapfiles/kml/shapes/shaded_dot.png</href>
               </Icon>
               <scale>0.6</scale>
               <color>bfed8548</color>
            </IconStyle>
         </Style>
         <Point>
            <coordinates>-122.113185783333,37.4397394,0</coordinates>
         </Point>
      </Placemark>
      <Placemark>
         <Snippet maxLines="0"> </Snippet>
         <description>656, UTC 22:38:39
37.4399464,-122.1134025,EA3.8m
Alt -32.2 m, EA 1.0 m
Vel 23.2,-19.3, EA 0.00 m/s</description>
         <Style>
            <IconStyle>
               <Icon>
                  <href>http://maps.google.com/mapfiles/kml/shapes/shaded_dot.png</href>
               </Icon>
               <scale>0.6</scale>
               <color>bfed8548</color>
            </IconStyle>
         </Style>
         <Point>
            <coordinates>-122.1134025,37.4399463833333,0</coordinates>
         </Point>
      </Placemark>
      <Placemark>
         <Snippet maxLines="0"> </Snippet>
         <description>657, UTC 22:38:40
37.4401515,-122.1136191,EA3.8m
Alt -32.4 m, EA 1.0 m
Vel 23.0,-19.2, EA 0.00 m/s</description>
         <Style>
            <IconStyle>
               <Icon>
                  <href>http://maps.google.com/mapfiles/kml/shapes/shaded_dot.png</href>
               </Icon>
               <scale>0.6</scale>
               <color>bfed8548</color>
            </IconStyle>
         </Style>
         <Point>
            <coordinates>-122.113619083333,37.4401514833333,0</coordinates>
         </Point>
      </Placemark>
      <Placemark>
         <Snippet maxLines="0"> </Snippet>
         <description>658, UTC 22:38:41
37.4403583,-122.1138373,EA3.8m
Alt -32.3 m, EA 1.0 m
Vel 23.0,-19.3, EA 0.00 m/s</description>
         <Style>
            <IconStyle>
               <Icon>
                  <href>http://maps.google.com/mapfiles/kml/shapes/shaded_dot.png</href>
               </Icon>
               <scale>0.6</scale>
               <color>bfed8548</color>
            </IconStyle>
         </Style>
         <Point>
            <coordinates>-122.1138373,37.4403582833333,0</coordinates>
         </Point>
      </Placemark>
      <Placemark>
         <Snippet maxLines="0"> </Snippet>
         <description>659, UTC 22:38:42
37.4405633,-122.1140557,EA3.8m
Alt -32.1 m, EA 1.0 m
Vel 23.1,-19.3, EA 0.00 m/s</description>
         <Style>
            <IconStyle>
               <Icon>
                  <href>http://maps.google.com/mapfiles/kml/shapes/shaded_dot.png</href>
               </Icon>
               <scale>0.6</scale>
               <color>bfed8548</color>
            </IconStyle>
         </Style>
         <Point>
            <coordinates>-122.114055683333,37.4405633,0</coordinates>
         </Point>
      </Placemark>
      <Placemark>
         <Snippet maxLines="0"> </Snippet>
         <description>660, UTC 22:38:43
37.4407748,-122.1142724,EA3.8m
Alt -32.2 m, EA 1.0 m
Vel 23.3,-19.2, EA 0.00 m/s</description>
         <Style>
            <IconStyle>
               <Icon>
                  <href>http://maps.google.com/mapfiles/kml/shapes/shaded_dot.png</href>
               </Icon>
               <scale>0.6</scale>
               <color>bfed8548</color>
            </IconStyle>
         </Style>
         <Point>
            <coordinates>-122.1142724,37.4407747833333,0</coordinates>
         </Point>
      </Placemark>
      <Placemark>
         <Snippet maxLines="0"> </Snippet>
         <description>661, UTC 22:38:44
37.4409844,-122.1144931,EA3.8m
Alt -32.5 m, EA 1.0 m
Vel 23.4,-19.4, EA 0.00 m/s</description>
         <Style>
            <IconStyle>
               <Icon>
                  <href>http://maps.google.com/mapfiles/kml/shapes/shaded_dot.png</href>
               </Icon>
               <scale>0.6</scale>
               <color>bfed8548</color>
            </IconStyle>
         </Style>
         <Point>
            <coordinates>-122.1144931,37.4409843833333,0</coordinates>
         </Point>
      </Placemark>
      <Placemark>
         <Snippet maxLines="0"> </Snippet>
         <description>662, UTC 22:38:45
37.4411970,-122.1147150,EA3.8m
Alt -32.3 m, EA 1.0 m
Vel 23.5,-19.6, EA 0.00 m/s</description>
         <Style>
            <IconStyle>
               <Icon>
                  <href>http://maps.google.com/mapfiles/kml/shapes/shaded_dot.png</href>
               </Icon>
               <scale>0.6</scale>
               <color>bfed8548</color>
            </IconStyle>
         </Style>
         <Point>
            <coordinates>-122.114715,37.441197,0</coordinates>
         </Point>
      </Placemark>
      <Placemark>
         <Snippet maxLines="0"> </Snippet>
         <description>663, UTC 22:38:46
37.4414068,-122.1149392,EA3.8m
Alt -32.4 m, EA 1.0 m
Vel 23.6,-19.7, EA 0.00 m/s</description>
         <Style>
            <IconStyle>
               <Icon>
                  <href>http://maps.google.com/mapfiles/kml/shapes/shaded_dot.png</href>
               </Icon>
               <scale>0.6</scale>
               <color>bfed8548</color>
            </IconStyle>
         </Style>
         <Point>
            <coordinates>-122.114939183333,37.4414068,0</coordinates>
         </Point>
      </Placemark>
      <Placemark>
         <Snippet maxLines="0"> </Snippet>
         <description>664, UTC 22:38:47
37.4416236,-122.1151638,EA3.8m
Alt -32.4 m, EA 1.0 m
Vel 23.6,-19.8, EA 0.00 m/s</description>
         <Style>
            <IconStyle>
               <Icon>
                  <href>http://maps.google.com/mapfiles/kml/shapes/shaded_dot.png</href>
               </Icon>
               <scale>0.6</scale>
               <color>bfed8548</color>
            </IconStyle>
         </Style>
         <Point>
            <coordinates>-122.1151638,37.4416235833333,0</coordinates>
         </Point>
      </Placemark>
      <Placemark>
         <Snippet maxLines="0"> </Snippet>
         <description>665, UTC 22:38:48
37.4418367,-122.1153856,EA3.8m
Alt -32.7 m, EA 1.0 m
Vel 23.7,-19.8, EA 0.00 m/s</description>
         <Style>
            <IconStyle>
               <Icon>
                  <href>http://maps.google.com/mapfiles/kml/shapes/shaded_dot.png</href>
               </Icon>
               <scale>0.6</scale>
               <color>bfed8548</color>
            </IconStyle>
         </Style>
         <Point>
            <coordinates>-122.115385583333,37.4418367,0</coordinates>
         </Point>
      </Placemark>
      <Placemark>
         <Snippet maxLines="0"> </Snippet>
         <description>666, UTC 22:38:49
37.4420513,-122.1156062,EA3.8m
Alt -32.5 m, EA 1.0 m
Vel 23.6,-19.8, EA 0.00 m/s</description>
         <Style>
            <IconStyle>
               <Icon>
                  <href>http://maps.google.com/mapfiles/kml/shapes/shaded_dot.png</href>
               </Icon>
               <scale>0.6</scale>
               <color>bfed8548</color>
            </IconStyle>
         </Style>
         <Point>
            <coordinates>-122.1156062,37.4420513,0</coordinates>
         </Point>
      </Placemark>
      <Placemark>
         <Snippet maxLines="0"> </Snippet>
         <description>667, UTC 22:38:50
37.4422631,-122.1158319,EA3.8m
Alt -32.3 m, EA 1.0 m
Vel 23.6,-19.7, EA 0.00 m/s</description>
         <Style>
            <IconStyle>
               <Icon>
                  <href>http://maps.google.com/mapfiles/kml/shapes/shaded_dot.png</href>
               </Icon>
               <scale>0.6</scale>
               <color>bfed8548</color>
            </IconStyle>
         </Style>
         <Point>
            <coordinates>-122.1158319,37.4422630833333,0</coordinates>
         </Point>
      </Placemark>
      <Placemark>
         <Snippet maxLines="0"> </Snippet>
         <description>668, UTC 22:38:51
37.4424769,-122.1160549,EA3.8m
Alt -32.0 m, EA 1.0 m
Vel 23.5,-19.7, EA 0.00 m/s</description>
         <Style>
            <IconStyle>
               <Icon>
                  <href>http://maps.google.com/mapfiles/kml/shapes/shaded_dot.png</href>
               </Icon>
               <scale>0.6</scale>
               <color>bfed8548</color>
            </IconStyle>
         </Style>
         <Point>
            <coordinates>-122.116054883333,37.4424769,0</coordinates>
         </Point>
      </Placemark>
      <Placemark>
         <Snippet maxLines="0"> </Snippet>
         <description>669, UTC 22:38:52
37.4426872,-122.1162807,EA3.8m
Alt -31.7 m, EA 1.0 m
Vel 23.4,-19.8, EA 0.00 m/s</description>
         <Style>
            <IconStyle>
               <Icon>
                  <href>http://maps.google.com/mapfiles/kml/shapes/shaded_dot.png</href>
               </Icon>
               <scale>0.6</scale>
               <color>bfed8548</color>
            </IconStyle>
         </Style>
         <Point>
            <coordinates>-122.1162807,37.4426872,0</coordinates>
         </Point>
      </Placemark>
      <Placemark>
         <Snippet maxLines="0"> </Snippet>
         <description>670, UTC 22:38:53
37.4429005,-122.1165019,EA3.8m
Alt -31.5 m, EA 1.0 m
Vel 23.3,-19.7, EA 0.00 m/s</description>
         <Style>
            <IconStyle>
               <Icon>
                  <href>http://maps.google.com/mapfiles/kml/shapes/shaded_dot.png</href>
               </Icon>
               <scale>0.6</scale>
               <color>bfed8548</color>
            </IconStyle>
         </Style>
         <Point>
            <coordinates>-122.1165019,37.4429005,0</coordinates>
         </Point>
      </Placemark>
      <Placemark>
         <Snippet maxLines="0"> </Snippet>
         <description>671, UTC 22:38:54
37.4431097,-122.1167233,EA3.8m
Alt -31.6 m, EA 1.0 m
Vel 23.1,-19.6, EA 0.00 m/s</description>
         <Style>
            <IconStyle>
               <Icon>
                  <href>http://maps.google.com/mapfiles/kml/shapes/shaded_dot.png</href>
               </Icon>
               <scale>0.6</scale>
               <color>bfed8548</color>
            </IconStyle>
         </Style>
         <Point>
            <coordinates>-122.1167233,37.4431097,0</coordinates>
         </Point>
      </Placemark>
      <Placemark>
         <Snippet maxLines="0"> </Snippet>
         <description>672, UTC 22:38:55
37.4433228,-122.1169451,EA3.8m
Alt -31.2 m, EA 1.0 m
Vel 23.1,-19.6, EA 0.00 m/s</description>
         <Style>
            <IconStyle>
               <Icon>
                  <href>http://maps.google.com/mapfiles/kml/shapes/shaded_dot.png</href>
               </Icon>
               <scale>0.6</scale>
               <color>bfed8548</color>
            </IconStyle>
         </Style>
         <Point>
            <coordinates>-122.116945083333,37.4433227833333,0</coordinates>
         </Point>
      </Placemark>
      <Placemark>
         <Snippet maxLines="0"> </Snippet>
         <description>673, UTC 22:38:56
37.4435341,-122.1171689,EA3.8m
Alt -31.0 m, EA 1.0 m
Vel 23.1,-19.5, EA 0.00 m/s</description>
         <Style>
            <IconStyle>
               <Icon>
                  <href>http://maps.google.com/mapfiles/kml/shapes/shaded_dot.png</href>
               </Icon>
               <scale>0.6</scale>
               <color>bfed8548</color>
            </IconStyle>
         </Style>
         <Point>
            <coordinates>-122.117168883333,37.4435341,0</coordinates>
         </Point>
      </Placemark>
      <Placemark>
         <Snippet maxLines="0"> </Snippet>
         <description>674, UTC 22:38:57
37.4437416,-122.1173883,EA3.8m
Alt -30.8 m, EA 1.0 m
Vel 23.2,-19.4, EA 0.00 m/s</description>
         <Style>
            <IconStyle>
               <Icon>
                  <href>http://maps.google.com/mapfiles/kml/shapes/shaded_dot.png</href>
               </Icon>
               <scale>0.6</scale>
               <color>bfed8548</color>
            </IconStyle>
         </Style>
         <Point>
            <coordinates>-122.1173883,37.4437416,0</coordinates>
         </Point>
      </Placemark>
      <Placemark>
         <Snippet maxLines="0"> </Snippet>
         <description>675, UTC 22:38:58
37.4439490,-122.1176094,EA3.8m
Alt -30.8 m, EA 1.0 m
Vel 23.2,-19.4, EA 0.00 m/s</description>
         <Style>
            <IconStyle>
               <Icon>
                  <href>http://maps.google.com/mapfiles/kml/shapes/shaded_dot.png</href>
               </Icon>
               <scale>0.6</scale>
               <color>bfed8548</color>
            </IconStyle>
         </Style>
         <Point>
            <coordinates>-122.1176094,37.443949,0</coordinates>
         </Point>
      </Placemark>
      <Placemark>
         <Snippet maxLines="0"> </Snippet>
         <description>676, UTC 22:38:59
37.4441559,-122.1178276,EA3.8m
Alt -30.7 m, EA 1.0 m
Vel 23.2,-19.3, EA 0.00 m/s</description>
         <Style>
            <IconStyle>
               <Icon>
                  <href>http://maps.google.com/mapfiles/kml/shapes/shaded_dot.png</href>
               </Icon>
               <scale>0.6</scale>
               <color>bfed8548</color>
            </IconStyle>
         </Style>
         <Point>
            <coordinates>-122.117827583333,37.4441558833333,0</coordinates>
         </Point>
      </Placemark>
      <Placemark>
         <Snippet maxLines="0"> </Snippet>
         <description>677, UTC 22:39:00
37.4443632,-122.1180468,EA3.8m
Alt -30.9 m, EA 1.0 m
Vel 23.2,-19.3, EA 0.00 m/s</description>
         <Style>
            <IconStyle>
               <Icon>
                  <href>http://maps.google.com/mapfiles/kml/shapes/shaded_dot.png</href>
               </Icon>
               <scale>0.6</scale>
               <color>bfed8548</color>
            </IconStyle>
         </Style>
         <Point>
            <coordinates>-122.1180468,37.4443631833333,0</coordinates>
         </Point>
      </Placemark>
      <Placemark>
         <Snippet maxLines="0"> </Snippet>
         <description>678, UTC 22:39:01
37.4445753,-122.1182676,EA3.8m
Alt -31.1 m, EA 1.0 m
Vel 23.1,-19.5, EA 0.00 m/s</description>
         <Style>
            <IconStyle>
               <Icon>
                  <href>http://maps.google.com/mapfiles/kml/shapes/shaded_dot.png</href>
               </Icon>
               <scale>0.6</scale>
               <color>bfed8548</color>
            </IconStyle>
         </Style>
         <Point>
            <coordinates>-122.118267583333,37.4445752833333,0</coordinates>
         </Point>
      </Placemark>
      <Placemark>
         <Snippet maxLines="0"> </Snippet>
         <description>679, UTC 22:39:02
37.4447846,-122.1184871,EA3.8m
Alt -31.3 m, EA 1.0 m
Vel 23.2,-19.4, EA 0.00 m/s</description>
         <Style>
            <IconStyle>
               <Icon>
                  <href>http://maps.google.com/mapfiles/kml/shapes/shaded_dot.png</href>
               </Icon>
               <scale>0.6</scale>
               <color>bfed8548</color>
            </IconStyle>
         </Style>
         <Point>
            <coordinates>-122.118487083333,37.4447845833333,0</coordinates>
         </Point>
      </Placemark>
      <Placemark>
         <Snippet maxLines="0"> </Snippet>
         <description>680, UTC 22:39:03
37.4449952,-122.1187089,EA3.8m
Alt -31.1 m, EA 1.0 m
Vel 23.4,-19.5, EA 0.00 m/s</description>
         <Style>
            <IconStyle>
               <Icon>
                  <href>http://maps.google.com/mapfiles/kml/shapes/shaded_dot.png</href>
               </Icon>
               <scale>0.6</scale>
               <color>bfed8548</color>
            </IconStyle>
         </Style>
         <Point>
            <coordinates>-122.1187089,37.4449952,0</coordinates>
         </Point>
      </Placemark>
      <Placemark>
         <Snippet maxLines="0"> </Snippet>
         <description>681, UTC 22:39:04
37.4452057,-122.1189313,EA3.8m
Alt -31.1 m, EA 1.0 m
Vel 23.6,-19.8, EA 0.00 m/s</description>
         <Style>
            <IconStyle>
               <Icon>
                  <href>http://maps.google.com/mapfiles/kml/shapes/shaded_dot.png</href>
               </Icon>
               <scale>0.6</scale>
               <color>bfed8548</color>
            </IconStyle>
         </Style>
         <Point>
            <coordinates>-122.118931283333,37.4452057,0</coordinates>
         </Point>
      </Placemark>
      <Placemark>
         <Snippet maxLines="0"> </Snippet>
         <description>682, UTC 22:39:05
37.4454214,-122.1191585,EA3.8m
Alt -30.8 m, EA 1.0 m
Vel 23.8,-20.0, EA 0.00 m/s</description>
         <Style>
            <IconStyle>
               <Icon>
                  <href>http://maps.google.com/mapfiles/kml/shapes/shaded_dot.png</href>
               </Icon>
               <scale>0.6</scale>
               <color>bfed8548</color>
            </IconStyle>
         </Style>
         <Point>
            <coordinates>-122.119158483333,37.4454214,0</coordinates>
         </Point>
      </Placemark>
      <Placemark>
         <Snippet maxLines="0"> </Snippet>
         <description>683, UTC 22:39:06
37.4456388,-122.1193875,EA3.8m
Alt -30.9 m, EA 1.0 m
Vel 24.0,-20.3, EA 0.00 m/s</description>
         <Style>
            <IconStyle>
               <Icon>
                  <href>http://maps.google.com/mapfiles/kml/shapes/shaded_dot.png</href>
               </Icon>
               <scale>0.6</scale>
               <color>bfed8548</color>
            </IconStyle>
         </Style>
         <Point>
            <coordinates>-122.1193875,37.4456387833333,0</coordinates>
         </Point>
      </Placemark>
      <Placemark>
         <Snippet maxLines="0"> </Snippet>
         <description>684, UTC 22:39:07
37.4458549,-122.1196151,EA3.8m
Alt -31.0 m, EA 1.0 m
Vel 24.2,-20.3, EA 0.00 m/s</description>
         <Style>
            <IconStyle>
               <Icon>
                  <href>http://maps.google.com/mapfiles/kml/shapes/shaded_dot.png</href>
               </Icon>
               <scale>0.6</scale>
               <color>bfed8548</color>
            </IconStyle>
         </Style>
         <Point>
            <coordinates>-122.1196151,37.4458549,0</coordinates>
         </Point>
      </Placemark>
      <Placemark>
         <Snippet maxLines="0"> </Snippet>
         <description>685, UTC 22:39:08
37.4460737,-122.1198450,EA3.8m
Alt -30.9 m, EA 1.0 m
Vel 24.4,-20.4, EA 0.00 m/s</description>
         <Style>
            <IconStyle>
               <Icon>
                  <href>http://maps.google.com/mapfiles/kml/shapes/shaded_dot.png</href>
               </Icon>
               <scale>0.6</scale>
               <color>bfed8548</color>
            </IconStyle>
         </Style>
         <Point>
            <coordinates>-122.119844983333,37.4460736833333,0</coordinates>
         </Point>
      </Placemark>
      <Placemark>
         <Snippet maxLines="0"> </Snippet>
         <description>686, UTC 22:39:09
37.4462949,-122.1200777,EA3.8m
Alt -31.2 m, EA 1.0 m
Vel 24.6,-20.6, EA 0.00 m/s</description>
         <Style>
            <IconStyle>
               <Icon>
                  <href>http://maps.google.com/mapfiles/kml/shapes/shaded_dot.png</href>
               </Icon>
               <scale>0.6</scale>
               <color>bfed8548</color>
            </IconStyle>
         </Style>
         <Point>
            <coordinates>-122.120077683333,37.4462948833333,0</coordinates>
         </Point>
      </Placemark>
      <Placemark>
         <Snippet maxLines="0"> </Snippet>
         <description>687, UTC 22:39:10
37.4465193,-122.1203113,EA3.8m
Alt -30.9 m, EA 1.0 m
Vel 25.0,-20.7, EA 0.00 m/s</description>
         <Style>
            <IconStyle>
               <Icon>
                  <href>http://maps.google.com/mapfiles/kml/shapes/shaded_dot.png</href>
               </Icon>
               <scale>0.6</scale>
               <color>bfed8548</color>
            </IconStyle>
         </Style>
         <Point>
            <coordinates>-122.120311283333,37.4465192833333,0</coordinates>
         </Point>
      </Placemark>
      <Placemark>
         <Snippet maxLines="0"> </Snippet>
         <description>688, UTC 22:39:11
37.4467487,-122.1205466,EA3.8m
Alt -30.9 m, EA 1.0 m
Vel 25.3,-20.8, EA 0.00 m/s</description>
         <Style>
            <IconStyle>
               <Icon>
                  <href>http://maps.google.com/mapfiles/kml/shapes/shaded_dot.png</href>
               </Icon>
               <scale>0.6</scale>
               <color>bfed8548</color>
            </IconStyle>
         </Style>
         <Point>
            <coordinates>-122.120546583333,37.4467487,0</coordinates>
         </Point>
      </Placemark>
      <Placemark>
         <Snippet maxLines="0"> </Snippet>
         <description>689, UTC 22:39:12
37.4469754,-122.1207864,EA3.8m
Alt -31.4 m, EA 1.0 m
Vel 25.3,-20.9, EA 0.00 m/s</description>
         <Style>
            <IconStyle>
               <Icon>
                  <href>http://maps.google.com/mapfiles/kml/shapes/shaded_dot.png</href>
               </Icon>
               <scale>0.6</scale>
               <color>bfed8548</color>
            </IconStyle>
         </Style>
         <Point>
            <coordinates>-122.1207864,37.4469753833333,0</coordinates>
         </Point>
      </Placemark>
      <Placemark>
         <Snippet maxLines="0"> </Snippet>
         <description>690, UTC 22:39:13
37.4472003,-122.1210245,EA3.8m
Alt -30.1 m, EA 1.0 m
Vel 25.2,-21.1, EA 0.00 m/s</description>
         <Style>
            <IconStyle>
               <Icon>
                  <href>http://maps.google.com/mapfiles/kml/shapes/shaded_dot.png</href>
               </Icon>
               <scale>0.6</scale>
               <color>bfed8548</color>
            </IconStyle>
         </Style>
         <Point>
            <coordinates>-122.1210245,37.4472002833333,0</coordinates>
         </Point>
      </Placemark>
      <Placemark>
         <Snippet maxLines="0"> </Snippet>
         <description>691, UTC 22:39:14
37.4474279,-122.1212555,EA3.8m
Alt -30.2 m, EA 1.0 m
Vel 24.7,-20.8, EA 0.00 m/s</description>
         <Style>
            <IconStyle>
               <Icon>
                  <href>http://maps.google.com/mapfiles/kml/shapes/shaded_dot.png</href>
               </Icon>
               <scale>0.6</scale>
               <color>bfed8548</color>
            </IconStyle>
         </Style>
         <Point>
            <coordinates>-122.1212555,37.4474279,0</coordinates>
         </Point>
      </Placemark>
      <Placemark>
         <Snippet maxLines="0"> </Snippet>
         <description>692, UTC 22:39:15
37.4476486,-122.1214859,EA3.8m
Alt -30.4 m, EA 1.0 m
Vel 24.5,-20.7, EA 0.00 m/s</description>
         <Style>
            <IconStyle>
               <Icon>
                  <href>http://maps.google.com/mapfiles/kml/shapes/shaded_dot.png</href>
               </Icon>
               <scale>0.6</scale>
               <color>bfed8548</color>
            </IconStyle>
         </Style>
         <Point>
            <coordinates>-122.121485883333,37.4476486,0</coordinates>
         </Point>
      </Placemark>
      <Placemark>
         <Snippet maxLines="0"> </Snippet>
         <description>693, UTC 22:39:16
37.4478680,-122.1217222,EA3.8m
Alt -30.3 m, EA 1.0 m
Vel 24.7,-20.8, EA 0.00 m/s</description>
         <Style>
            <IconStyle>
               <Icon>
                  <href>http://maps.google.com/mapfiles/kml/shapes/shaded_dot.png</href>
               </Icon>
               <scale>0.6</scale>
               <color>bfed8548</color>
            </IconStyle>
         </Style>
         <Point>
            <coordinates>-122.121722183333,37.4478679833333,0</coordinates>
         </Point>
      </Placemark>
      <Placemark>
         <Snippet maxLines="0"> </Snippet>
         <description>694, UTC 22:39:17
37.4480908,-122.1219552,EA3.8m
Alt -30.8 m, EA 1.0 m
Vel 24.7,-20.7, EA 0.00 m/s</description>
         <Style>
            <IconStyle>
               <Icon>
                  <href>http://maps.google.com/mapfiles/kml/shapes/shaded_dot.png</href>
               </Icon>
               <scale>0.6</scale>
               <color>bfed8548</color>
            </IconStyle>
         </Style>
         <Point>
            <coordinates>-122.1219552,37.4480908,0</coordinates>
         </Point>
      </Placemark>
      <Placemark>
         <Snippet maxLines="0"> </Snippet>
         <description>695, UTC 22:39:18
37.4483148,-122.1221885,EA3.8m
Alt -31.0 m, EA 1.0 m
Vel 24.8,-20.8, EA 0.00 m/s</description>
         <Style>
            <IconStyle>
               <Icon>
                  <href>http://maps.google.com/mapfiles/kml/shapes/shaded_dot.png</href>
               </Icon>
               <scale>0.6</scale>
               <color>bfed8548</color>
            </IconStyle>
         </Style>
         <Point>
            <coordinates>-122.122188483333,37.4483147833333,0</coordinates>
         </Point>
      </Placemark>
      <Placemark>
         <Snippet maxLines="0"> </Snippet>
         <description>696, UTC 22:39:19
37.4485345,-122.1224213,EA3.8m
Alt -31.3 m, EA 1.0 m
Vel 24.9,-20.9, EA 0.00 m/s</description>
         <Style>
            <IconStyle>
               <Icon>
                  <href>http://maps.google.com/mapfiles/kml/shapes/shaded_dot.png</href>
               </Icon>
               <scale>0.6</scale>
               <color>bfed8548</color>
            </IconStyle>
         </Style>
         <Point>
            <coordinates>-122.122421283333,37.4485345,0</coordinates>
         </Point>
      </Placemark>
      <Placemark>
         <Snippet maxLines="0"> </Snippet>
         <description>697, UTC 22:39:20
37.4487579,-122.1226552,EA3.8m
Alt -31.7 m, EA 1.0 m
Vel 24.9,-20.8, EA 0.00 m/s</description>
         <Style>
            <IconStyle>
               <Icon>
                  <href>http://maps.google.com/mapfiles/kml/shapes/shaded_dot.png</href>
               </Icon>
               <scale>0.6</scale>
               <color>bfed8548</color>
            </IconStyle>
         </Style>
         <Point>
            <coordinates>-122.122655183333,37.4487578833333,0</coordinates>
         </Point>
      </Placemark>
      <Placemark>
         <Snippet maxLines="0"> </Snippet>
         <description>698, UTC 22:39:21
37.4489843,-122.1228891,EA3.8m
Alt -32.1 m, EA 1.0 m
Vel 24.7,-20.7, EA 0.00 m/s</description>
         <Style>
            <IconStyle>
               <Icon>
                  <href>http://maps.google.com/mapfiles/kml/shapes/shaded_dot.png</href>
               </Icon>
               <scale>0.6</scale>
               <color>bfed8548</color>
            </IconStyle>
         </Style>
         <Point>
            <coordinates>-122.122889083333,37.4489842833333,0</coordinates>
         </Point>
      </Placemark>
      <Placemark>
         <Snippet maxLines="0"> </Snippet>
         <description>699, UTC 22:39:22
37.4492066,-122.1231181,EA3.8m
Alt -31.9 m, EA 1.0 m
Vel 24.5,-20.2, EA 0.00 m/s</description>
         <Style>
            <IconStyle>
               <Icon>
                  <href>http://maps.google.com/mapfiles/kml/shapes/shaded_dot.png</href>
               </Icon>
               <scale>0.6</scale>
               <color>bfed8548</color>
            </IconStyle>
         </Style>
         <Point>
            <coordinates>-122.123118083333,37.4492065833333,0</coordinates>
         </Point>
      </Placemark>
      <Placemark>
         <Snippet maxLines="0"> </Snippet>
         <description>700, UTC 22:39:23
37.4494332,-122.1233514,EA3.8m
Alt -31.4 m, EA 1.0 m
Vel 24.5,-20.5, EA 0.00 m/s</description>
         <Style>
            <IconStyle>
               <Icon>
                  <href>http://maps.google.com/mapfiles/kml/shapes/shaded_dot.png</href>
               </Icon>
               <scale>0.6</scale>
               <color>bfed8548</color>
            </IconStyle>
         </Style>
         <Point>
            <coordinates>-122.1233514,37.4494332,0</coordinates>
         </Point>
      </Placemark>
      <Placemark>
         <Snippet maxLines="0"> </Snippet>
         <description>701, UTC 22:39:24
37.4496473,-122.1235790,EA3.8m
Alt -31.2 m, EA 1.0 m
Vel 24.1,-20.5, EA 0.00 m/s</description>
         <Style>
            <IconStyle>
               <Icon>
                  <href>http://maps.google.com/mapfiles/kml/shapes/shaded_dot.png</href>
               </Icon>
               <scale>0.6</scale>
               <color>bfed8548</color>
            </IconStyle>
         </Style>
         <Point>
            <coordinates>-122.123579,37.4496473,0</coordinates>
         </Point>
      </Placemark>
      <Placemark>
         <Snippet maxLines="0"> </Snippet>
         <description>702, UTC 22:39:25
37.4498662,-122.1238054,EA3.8m
Alt -31.0 m, EA 1.0 m
Vel 23.9,-20.3, EA 0.00 m/s</description>
         <Style>
            <IconStyle>
               <Icon>
                  <href>http://maps.google.com/mapfiles/kml/shapes/shaded_dot.png</href>
               </Icon>
               <scale>0.6</scale>
               <color>bfed8548</color>
            </IconStyle>
         </Style>
         <Point>
            <coordinates>-122.123805383333,37.4498662,0</coordinates>
         </Point>
      </Placemark>
      <Placemark>
         <Snippet maxLines="0"> </Snippet>
         <description>703, UTC 22:39:26
37.4500783,-122.1240291,EA3.8m
Alt -31.0 m, EA 1.0 m
Vel 23.6,-20.0, EA 0.00 m/s</description>
         <Style>
            <IconStyle>
               <Icon>
                  <href>http://maps.google.com/mapfiles/kml/shapes/shaded_dot.png</href>
               </Icon>
               <scale>0.6</scale>
               <color>bfed8548</color>
            </IconStyle>
         </Style>
         <Point>
            <coordinates>-122.1240291,37.4500783,0</coordinates>
         </Point>
      </Placemark>
      <Placemark>
         <Snippet maxLines="0"> </Snippet>
         <description>704, UTC 22:39:27
37.4502924,-122.1242549,EA3.8m
Alt -31.5 m, EA 1.0 m
Vel 23.2,-19.6, EA 0.00 m/s</description>
         <Style>
            <IconStyle>
               <Icon>
                  <href>http://maps.google.com/mapfiles/kml/shapes/shaded_dot.png</href>
               </Icon>
               <scale>0.6</scale>
               <color>bfed8548</color>
            </IconStyle>
         </Style>
         <Point>
            <coordinates>-122.124254883333,37.4502924,0</coordinates>
         </Point>
      </Placemark>
      <Placemark>
         <Snippet maxLines="0"> </Snippet>
         <description>705, UTC 22:39:28
37.4504961,-122.1244800,EA3.8m
Alt -31.5 m, EA 1.0 m
Vel 23.0,-19.5, EA 0.00 m/s</description>
         <Style>
            <IconStyle>
               <Icon>
                  <href>http://maps.google.com/mapfiles/kml/shapes/shaded_dot.png</href>
               </Icon>
               <scale>0.6</scale>
               <color>bfed8548</color>
            </IconStyle>
         </Style>
         <Point>
            <coordinates>-122.12448,37.4504961,0</coordinates>
         </Point>
      </Placemark>
      <Placemark>
         <Snippet maxLines="0"> </Snippet>
         <description>706, UTC 22:39:29
37.4506988,-122.1246979,EA3.8m
Alt -31.1 m, EA 1.0 m
Vel 22.3,-19.4, EA 0.00 m/s</description>
         <Style>
            <IconStyle>
               <Icon>
                  <href>http://maps.google.com/mapfiles/kml/shapes/shaded_dot.png</href>
               </Icon>
               <scale>0.6</scale>
               <color>bfed8548</color>
            </IconStyle>
         </Style>
         <Point>
            <coordinates>-122.1246979,37.4506987833333,0</coordinates>
         </Point>
      </Placemark>
      <Placemark>
         <Snippet maxLines="0"> </Snippet>
         <description>707, UTC 22:39:30
37.4508973,-122.1249169,EA3.8m
Alt -31.2 m, EA 1.0 m
Vel 21.8,-19.5, EA 0.00 m/s</description>
         <Style>
            <IconStyle>
               <Icon>
                  <href>http://maps.google.com/mapfiles/kml/shapes/shaded_dot.png</href>
               </Icon>
               <scale>0.6</scale>
               <color>bfed8548</color>
            </IconStyle>
         </Style>
         <Point>
            <coordinates>-122.1249169,37.4508973,0</coordinates>
         </Point>
      </Placemark>
      <Placemark>
         <Snippet maxLines="0"> </Snippet>
         <description>708, UTC 22:39:31
37.4510890,-122.1251374,EA3.8m
Alt -30.7 m, EA 1.0 m
Vel 21.1,-19.7, EA 0.00 m/s</description>
         <Style>
            <IconStyle>
               <Icon>
                  <href>http://maps.google.com/mapfiles/kml/shapes/shaded_dot.png</href>
               </Icon>
               <scale>0.6</scale>
               <color>bfed8548</color>
            </IconStyle>
         </Style>
         <Point>
            <coordinates>-122.125137383333,37.451089,0</coordinates>
         </Point>
      </Placemark>
      <Placemark>
         <Snippet maxLines="0"> </Snippet>
         <description>709, UTC 22:39:32
37.4512731,-122.1253583,EA3.8m
Alt -30.6 m, EA 1.0 m
Vel 20.4,-19.7, EA 0.00 m/s</description>
         <Style>
            <IconStyle>
               <Icon>
                  <href>http://maps.google.com/mapfiles/kml/shapes/shaded_dot.png</href>
               </Icon>
               <scale>0.6</scale>
               <color>bfed8548</color>
            </IconStyle>
         </Style>
         <Point>
            <coordinates>-122.1253583,37.4512731,0</coordinates>
         </Point>
      </Placemark>
      <Placemark>
         <Snippet maxLines="0"> </Snippet>
         <description>710, UTC 22:39:33
37.4514517,-122.1255812,EA3.8m
Alt -30.4 m, EA 1.0 m
Vel 19.8,-19.9, EA 0.00 m/s</description>
         <Style>
            <IconStyle>
               <Icon>
                  <href>http://maps.google.com/mapfiles/kml/shapes/shaded_dot.png</href>
               </Icon>
               <scale>0.6</scale>
               <color>bfed8548</color>
            </IconStyle>
         </Style>
         <Point>
            <coordinates>-122.125581183333,37.4514516833333,0</coordinates>
         </Point>
      </Placemark>
      <Placemark>
         <Snippet maxLines="0"> </Snippet>
         <description>711, UTC 22:39:34
37.4516266,-122.1258055,EA3.8m
Alt -29.9 m, EA 1.0 m
Vel 19.2,-19.9, EA 0.00 m/s</description>
         <Style>
            <IconStyle>
               <Icon>
                  <href>http://maps.google.com/mapfiles/kml/shapes/shaded_dot.png</href>
               </Icon>
               <scale>0.6</scale>
               <color>bfed8548</color>
            </IconStyle>
         </Style>
         <Point>
            <coordinates>-122.125805483333,37.4516265833333,0</coordinates>
         </Point>
      </Placemark>
      <Placemark>
         <Snippet maxLines="0"> </Snippet>
         <description>712, UTC 22:39:35
37.4517971,-122.1260283,EA3.8m
Alt -29.4 m, EA 1.0 m
Vel 18.5,-20.0, EA 0.00 m/s</description>
         <Style>
            <IconStyle>
               <Icon>
                  <href>http://maps.google.com/mapfiles/kml/shapes/shaded_dot.png</href>
               </Icon>
               <scale>0.6</scale>
               <color>bfed8548</color>
            </IconStyle>
         </Style>
         <Point>
            <coordinates>-122.1260283,37.4517971,0</coordinates>
         </Point>
      </Placemark>
      <Placemark>
         <Snippet maxLines="0"> </Snippet>
         <description>713, UTC 22:39:36
37.4519607,-122.1262546,EA3.8m
Alt -28.8 m, EA 1.0 m
Vel 18.0,-20.1, EA 0.00 m/s</description>
         <Style>
            <IconStyle>
               <Icon>
                  <href>http://maps.google.com/mapfiles/kml/shapes/shaded_dot.png</href>
               </Icon>
               <scale>0.6</scale>
               <color>bfed8548</color>
            </IconStyle>
         </Style>
         <Point>
            <coordinates>-122.126254583333,37.4519607,0</coordinates>
         </Point>
      </Placemark>
      <Placemark>
         <Snippet maxLines="0"> </Snippet>
         <description>714, UTC 22:39:37
37.4521230,-122.1264895,EA3.8m
Alt -29.2 m, EA 1.0 m
Vel 17.8,-20.8, EA 0.00 m/s</description>
         <Style>
            <IconStyle>
               <Icon>
                  <href>http://maps.google.com/mapfiles/kml/shapes/shaded_dot.png</href>
               </Icon>
               <scale>0.6</scale>
               <color>bfed8548</color>
            </IconStyle>
         </Style>
         <Point>
            <coordinates>-122.1264895,37.452123,0</coordinates>
         </Point>
      </Placemark>
      <Placemark>
         <Snippet maxLines="0"> </Snippet>
         <description>715, UTC 22:39:38
37.4522869,-122.1267341,EA3.8m
Alt -28.4 m, EA 1.0 m
Vel 17.9,-21.9, EA 0.00 m/s</description>
         <Style>
            <IconStyle>
               <Icon>
                  <href>http://maps.google.com/mapfiles/kml/shapes/shaded_dot.png</href>
               </Icon>
               <scale>0.6</scale>
               <color>bfed8548</color>
            </IconStyle>
         </Style>
         <Point>
            <coordinates>-122.126734083333,37.4522868833333,0</coordinates>
         </Point>
      </Placemark>
      <Placemark>
         <Snippet maxLines="0"> </Snippet>
         <description>716, UTC 22:39:39
37.4524445,-122.1269896,EA3.8m
Alt -28.2 m, EA 1.0 m
Vel 17.7,-22.4, EA 0.00 m/s</description>
         <Style>
            <IconStyle>
               <Icon>
                  <href>http://maps.google.com/mapfiles/kml/shapes/shaded_dot.png</href>
               </Icon>
               <scale>0.6</scale>
               <color>bfed8548</color>
            </IconStyle>
         </Style>
         <Point>
            <coordinates>-122.1269896,37.4524444833333,0</coordinates>
         </Point>
      </Placemark>
      <Placemark>
         <Snippet maxLines="0"> </Snippet>
         <description>717, UTC 22:39:40
37.4526011,-122.1272455,EA3.8m
Alt -27.7 m, EA 1.0 m
Vel 17.4,-22.5, EA 0.00 m/s</description>
         <Style>
            <IconStyle>
               <Icon>
                  <href>http://maps.google.com/mapfiles/kml/shapes/shaded_dot.png</href>
               </Icon>
               <scale>0.6</scale>
               <color>bfed8548</color>
            </IconStyle>
         </Style>
         <Point>
            <coordinates>-122.1272455,37.4526011,0</coordinates>
         </Point>
      </Placemark>
      <Placemark>
         <Snippet maxLines="0"> </Snippet>
         <description>718, UTC 22:39:41
37.4527541,-122.1275010,EA3.8m
Alt -27.4 m, EA 1.0 m
Vel 17.0,-22.6, EA 0.00 m/s</description>
         <Style>
            <IconStyle>
               <Icon>
                  <href>http://maps.google.com/mapfiles/kml/shapes/shaded_dot.png</href>
               </Icon>
               <scale>0.6</scale>
               <color>bfed8548</color>
            </IconStyle>
         </Style>
         <Point>
            <coordinates>-122.127500983333,37.4527540833333,0</coordinates>
         </Point>
      </Placemark>
      <Placemark>
         <Snippet maxLines="0"> </Snippet>
         <description>719, UTC 22:39:42
37.4529038,-122.1277559,EA3.8m
Alt -27.2 m, EA 1.0 m
Vel 16.6,-22.6, EA 0.00 m/s</description>
         <Style>
            <IconStyle>
               <Icon>
                  <href>http://maps.google.com/mapfiles/kml/shapes/shaded_dot.png</href>
               </Icon>
               <scale>0.6</scale>
               <color>bfed8548</color>
            </IconStyle>
         </Style>
         <Point>
            <coordinates>-122.127755883333,37.4529038,0</coordinates>
         </Point>
      </Placemark>
      <Placemark>
         <Snippet maxLines="0"> </Snippet>
         <description>720, UTC 22:39:43
37.4530524,-122.1280106,EA3.8m
Alt -26.9 m, EA 1.0 m
Vel 16.3,-22.5, EA 0.00 m/s</description>
         <Style>
            <IconStyle>
               <Icon>
                  <href>http://maps.google.com/mapfiles/kml/shapes/shaded_dot.png</href>
               </Icon>
               <scale>0.6</scale>
               <color>bfed8548</color>
            </IconStyle>
         </Style>
         <Point>
            <coordinates>-122.128010583333,37.4530523833333,0</coordinates>
         </Point>
      </Placemark>
      <Placemark>
         <Snippet maxLines="0"> </Snippet>
         <description>721, UTC 22:39:44
37.4531971,-122.1282643,EA3.8m
Alt -27.2 m, EA 1.0 m
Vel 16.2,-22.2, EA 0.00 m/s</description>
         <Style>
            <IconStyle>
               <Icon>
                  <href>http://maps.google.com/mapfiles/kml/shapes/shaded_dot.png</href>
               </Icon>
               <scale>0.6</scale>
               <color>bfed8548</color>
            </IconStyle>
         </Style>
         <Point>
            <coordinates>-122.128264283333,37.4531970833333,0</coordinates>
         </Point>
      </Placemark>
      <Placemark>
         <Snippet maxLines="0"> </Snippet>
         <description>722, UTC 22:39:45
37.4533412,-122.1285116,EA3.8m
Alt -27.5 m, EA 1.0 m
Vel 16.1,-21.9, EA 0.00 m/s</description>
         <Style>
            <IconStyle>
               <Icon>
                  <href>http://maps.google.com/mapfiles/kml/shapes/shaded_dot.png</href>
               </Icon>
               <scale>0.6</scale>
               <color>bfed8548</color>
            </IconStyle>
         </Style>
         <Point>
            <coordinates>-122.128511583333,37.4533411833333,0</coordinates>
         </Point>
      </Placemark>
      <Placemark>
         <Snippet maxLines="0"> </Snippet>
         <description>723, UTC 22:39:46
37.4534866,-122.1287544,EA3.8m
Alt -28.0 m, EA 1.0 m
Vel 16.0,-21.6, EA 0.00 m/s</description>
         <Style>
            <IconStyle>
               <Icon>
                  <href>http://maps.google.com/mapfiles/kml/shapes/shaded_dot.png</href>
               </Icon>
               <scale>0.6</scale>
               <color>bfed8548</color>
            </IconStyle>
         </Style>
         <Point>
            <coordinates>-122.1287544,37.4534865833333,0</coordinates>
         </Point>
      </Placemark>
      <Placemark>
         <Snippet maxLines="0"> </Snippet>
         <description>724, UTC 22:39:47
37.4536297,-122.1289964,EA3.8m
Alt -28.4 m, EA 1.0 m
Vel 15.8,-21.3, EA 0.00 m/s</description>
         <Style>
            <IconStyle>
               <Icon>
                  <href>http://maps.google.com/mapfiles/kml/shapes/shaded_dot.png</href>
               </Icon>
               <scale>0.6</scale>
               <color>bfed8548</color>
            </IconStyle>
         </Style>
         <Point>
            <coordinates>-122.1289964,37.4536297,0</coordinates>
         </Point>
      </Placemark>
      <Placemark>
         <Snippet maxLines="0"> </Snippet>
         <description>725, UTC 22:39:48
37.4537718,-122.1292374,EA3.8m
Alt -28.4 m, EA 1.0 m
Vel 15.6,-21.3, EA 0.00 m/s</description>
         <Style>
            <IconStyle>
               <Icon>
                  <href>http://maps.google.com/mapfiles/kml/shapes/shaded_dot.png</href>
               </Icon>
               <scale>0.6</scale>
               <color>bfed8548</color>
            </IconStyle>
         </Style>
         <Point>
            <coordinates>-122.129237383333,37.4537717833333,0</coordinates>
         </Point>
      </Placemark>
      <Placemark>
         <Snippet maxLines="0"> </Snippet>
         <description>726, UTC 22:39:49
37.4539153,-122.1294770,EA3.8m
Alt -28.6 m, EA 1.0 m
Vel 15.6,-21.4, EA 0.00 m/s</description>
         <Style>
            <IconStyle>
               <Icon>
                  <href>http://maps.google.com/mapfiles/kml/shapes/shaded_dot.png</href>
               </Icon>
               <scale>0.6</scale>
               <color>bfed8548</color>
            </IconStyle>
         </Style>
         <Point>
            <coordinates>-122.129476983333,37.4539152833333,0</coordinates>
         </Point>
      </Placemark>
      <Placemark>
         <Snippet maxLines="0"> </Snippet>
         <description>727, UTC 22:39:50
37.4540529,-122.1297163,EA3.8m
Alt -29.1 m, EA 1.0 m
Vel 15.5,-21.1, EA 0.00 m/s</description>
         <Style>
            <IconStyle>
               <Icon>
                  <href>http://maps.google.com/mapfiles/kml/shapes/shaded_dot.png</href>
               </Icon>
               <scale>0.6</scale>
               <color>bfed8548</color>
            </IconStyle>
         </Style>
         <Point>
            <coordinates>-122.129716283333,37.4540529,0</coordinates>
         </Point>
      </Placemark>
      <Placemark>
         <Snippet maxLines="0"> </Snippet>
         <description>728, UTC 22:39:51
37.4541917,-122.1299509,EA3.8m
Alt -29.1 m, EA 1.0 m
Vel 15.4,-20.8, EA 0.00 m/s</description>
         <Style>
            <IconStyle>
               <Icon>
                  <href>http://maps.google.com/mapfiles/kml/shapes/shaded_dot.png</href>
               </Icon>
               <scale>0.6</scale>
               <color>bfed8548</color>
            </IconStyle>
         </Style>
         <Point>
            <coordinates>-122.129950883333,37.4541917,0</coordinates>
         </Point>
      </Placemark>
      <Placemark>
         <Snippet maxLines="0"> </Snippet>
         <description>729, UTC 22:39:52
37.4543269,-122.1301801,EA3.8m
Alt -28.8 m, EA 1.0 m
Vel 15.2,-20.7, EA 0.00 m/s</description>
         <Style>
            <IconStyle>
               <Icon>
                  <href>http://maps.google.com/mapfiles/kml/shapes/shaded_dot.png</href>
               </Icon>
               <scale>0.6</scale>
               <color>bfed8548</color>
            </IconStyle>
         </Style>
         <Point>
            <coordinates>-122.1301801,37.4543268833333,0</coordinates>
         </Point>
      </Placemark>
      <Placemark>
         <Snippet maxLines="0"> </Snippet>
         <description>730, UTC 22:39:53
37.4544629,-122.1304148,EA3.8m
Alt -29.1 m, EA 1.0 m
Vel 15.1,-20.6, EA 0.00 m/s</description>
         <Style>
            <IconStyle>
               <Icon>
                  <href>http://maps.google.com/mapfiles/kml/shapes/shaded_dot.png</href>
               </Icon>
               <scale>0.6</scale>
               <color>bfed8548</color>
            </IconStyle>
         </Style>
         <Point>
            <coordinates>-122.130414783333,37.4544629,0</coordinates>
         </Point>
      </Placemark>
      <Placemark>
         <Snippet maxLines="0"> </Snippet>
         <description>731, UTC 22:39:54
37.4546007,-122.1306535,EA3.8m
Alt -29.4 m, EA 1.0 m
Vel 15.4,-21.0, EA 0.00 m/s</description>
         <Style>
            <IconStyle>
               <Icon>
                  <href>http://maps.google.com/mapfiles/kml/shapes/shaded_dot.png</href>
               </Icon>
               <scale>0.6</scale>
               <color>bfed8548</color>
            </IconStyle>
         </Style>
         <Point>
            <coordinates>-122.130653483333,37.4546007,0</coordinates>
         </Point>
      </Placemark>
      <Placemark>
         <Snippet maxLines="0"> </Snippet>
         <description>732, UTC 22:39:55
37.4547421,-122.1308910,EA3.8m
Alt -29.3 m, EA 1.0 m
Vel 15.5,-21.2, EA 0.00 m/s</description>
         <Style>
            <IconStyle>
               <Icon>
                  <href>http://maps.google.com/mapfiles/kml/shapes/shaded_dot.png</href>
               </Icon>
               <scale>0.6</scale>
               <color>bfed8548</color>
            </IconStyle>
         </Style>
         <Point>
            <coordinates>-122.130891,37.4547420833333,0</coordinates>
         </Point>
      </Placemark>
      <Placemark>
         <Snippet maxLines="0"> </Snippet>
         <description>733, UTC 22:39:56
37.4548800,-122.1311291,EA3.8m
Alt -29.6 m, EA 1.0 m
Vel 15.4,-21.0, EA 0.00 m/s</description>
         <Style>
            <IconStyle>
               <Icon>
                  <href>http://maps.google.com/mapfiles/kml/shapes/shaded_dot.png</href>
               </Icon>
               <scale>0.6</scale>
               <color>bfed8548</color>
            </IconStyle>
         </Style>
         <Point>
            <coordinates>-122.131129083333,37.45488,0</coordinates>
         </Point>
      </Placemark>
      <Placemark>
         <Snippet maxLines="0"> </Snippet>
         <description>734, UTC 22:39:57
37.4550180,-122.1313625,EA3.8m
Alt -29.4 m, EA 1.0 m
Vel 15.2,-20.8, EA 0.00 m/s</description>
         <Style>
            <IconStyle>
               <Icon>
                  <href>http://maps.google.com/mapfiles/kml/shapes/shaded_dot.png</href>
               </Icon>
               <scale>0.6</scale>
               <color>bfed8548</color>
            </IconStyle>
         </Style>
         <Point>
            <coordinates>-122.131362483333,37.455018,0</coordinates>
         </Point>
      </Placemark>
      <Placemark>
         <Snippet maxLines="0"> </Snippet>
         <description>735, UTC 22:39:58
37.4551543,-122.1315951,EA3.8m
Alt -29.4 m, EA 1.0 m
Vel 15.1,-20.7, EA 0.00 m/s</description>
         <Style>
            <IconStyle>
               <Icon>
                  <href>http://maps.google.com/mapfiles/kml/shapes/shaded_dot.png</href>
               </Icon>
               <scale>0.6</scale>
               <color>bfed8548</color>
            </IconStyle>
         </Style>
         <Point>
            <coordinates>-122.131595083333,37.4551542833333,0</coordinates>
         </Point>
      </Placemark>
      <Placemark>
         <Snippet maxLines="0"> </Snippet>
         <description>736, UTC 22:39:59
37.4552888,-122.1318304,EA3.8m
Alt -29.5 m, EA 1.0 m
Vel 15.1,-20.8, EA 0.00 m/s</description>
         <Style>
            <IconStyle>
               <Icon>
                  <href>http://maps.google.com/mapfiles/kml/shapes/shaded_dot.png</href>
               </Icon>
               <scale>0.6</scale>
               <color>bfed8548</color>
            </IconStyle>
         </Style>
         <Point>
            <coordinates>-122.131830383333,37.4552887833333,0</coordinates>
         </Point>
      </Placemark>
      <Placemark>
         <Snippet maxLines="0"> </Snippet>
         <description>737, UTC 22:40:00
37.4554232,-122.1320618,EA3.8m
Alt -29.7 m, EA 1.0 m
Vel 15.0,-20.6, EA 0.00 m/s</description>
         <Style>
            <IconStyle>
               <Icon>
                  <href>http://maps.google.com/mapfiles/kml/shapes/shaded_dot.png</href>
               </Icon>
               <scale>0.6</scale>
               <color>bfed8548</color>
            </IconStyle>
         </Style>
         <Point>
            <coordinates>-122.1320618,37.4554231833333,0</coordinates>
         </Point>
      </Placemark>
      <Placemark>
         <Snippet maxLines="0"> </Snippet>
         <description>738, UTC 22:40:01
37.4555559,-122.1322938,EA3.8m
Alt -29.8 m, EA 1.0 m
Vel 14.9,-20.3, EA 0.00 m/s</description>
         <Style>
            <IconStyle>
               <Icon>
                  <href>http://maps.google.com/mapfiles/kml/shapes/shaded_dot.png</href>
               </Icon>
               <scale>0.6</scale>
               <color>bfed8548</color>
            </IconStyle>
         </Style>
         <Point>
            <coordinates>-122.132293783333,37.4555559,0</coordinates>
         </Point>
      </Placemark>
      <Placemark>
         <Snippet maxLines="0"> </Snippet>
         <description>739, UTC 22:40:02
37.4556912,-122.1325212,EA3.8m
Alt -30.0 m, EA 1.0 m
Vel 14.9,-20.2, EA 0.00 m/s</description>
         <Style>
            <IconStyle>
               <Icon>
                  <href>http://maps.google.com/mapfiles/kml/shapes/shaded_dot.png</href>
               </Icon>
               <scale>0.6</scale>
               <color>bfed8548</color>
            </IconStyle>
         </Style>
         <Point>
            <coordinates>-122.132521183333,37.4556911833333,0</coordinates>
         </Point>
      </Placemark>
      <Placemark>
         <Snippet maxLines="0"> </Snippet>
         <description>740, UTC 22:40:03
37.4558282,-122.1327489,EA3.8m
Alt -30.1 m, EA 1.0 m
Vel 15.0,-20.3, EA 0.00 m/s</description>
         <Style>
            <IconStyle>
               <Icon>
                  <href>http://maps.google.com/mapfiles/kml/shapes/shaded_dot.png</href>
               </Icon>
               <scale>0.6</scale>
               <color>bfed8548</color>
            </IconStyle>
         </Style>
         <Point>
            <coordinates>-122.132748883333,37.4558281833333,0</coordinates>
         </Point>
      </Placemark>
      <Placemark>
         <Snippet maxLines="0"> </Snippet>
         <description>741, UTC 22:40:04
37.4559654,-122.1329740,EA3.8m
Alt -30.0 m, EA 1.0 m
Vel 15.0,-20.1, EA 0.00 m/s</description>
         <Style>
            <IconStyle>
               <Icon>
                  <href>http://maps.google.com/mapfiles/kml/shapes/shaded_dot.png</href>
               </Icon>
               <scale>0.6</scale>
               <color>bfed8548</color>
            </IconStyle>
         </Style>
         <Point>
            <coordinates>-122.132974,37.4559653833333,0</coordinates>
         </Point>
      </Placemark>
      <Placemark>
         <Snippet maxLines="0"> </Snippet>
         <description>742, UTC 22:40:05
37.4560980,-122.1332015,EA3.8m
Alt -29.9 m, EA 1.0 m
Vel 14.9,-20.1, EA 0.00 m/s</description>
         <Style>
            <IconStyle>
               <Icon>
                  <href>http://maps.google.com/mapfiles/kml/shapes/shaded_dot.png</href>
               </Icon>
               <scale>0.6</scale>
               <color>bfed8548</color>
            </IconStyle>
         </Style>
         <Point>
            <coordinates>-122.133201483333,37.4560979833333,0</coordinates>
         </Point>
      </Placemark>
      <Placemark>
         <Snippet maxLines="0"> </Snippet>
         <description>743, UTC 22:40:06
37.4562340,-122.1334308,EA3.8m
Alt -30.0 m, EA 1.0 m
Vel 15.0,-20.3, EA 0.00 m/s</description>
         <Style>
            <IconStyle>
               <Icon>
                  <href>http://maps.google.com/mapfiles/kml/shapes/shaded_dot.png</href>
               </Icon>
               <scale>0.6</scale>
               <color>bfed8548</color>
            </IconStyle>
         </Style>
         <Point>
            <coordinates>-122.133430783333,37.456234,0</coordinates>
         </Point>
      </Placemark>
      <Placemark>
         <Snippet maxLines="0"> </Snippet>
         <description>744, UTC 22:40:07
37.4563687,-122.1336618,EA3.8m
Alt -30.2 m, EA 1.0 m
Vel 14.8,-20.8, EA 0.00 m/s</description>
         <Style>
            <IconStyle>
               <Icon>
                  <href>http://maps.google.com/mapfiles/kml/shapes/shaded_dot.png</href>
               </Icon>
               <scale>0.6</scale>
               <color>bfed8548</color>
            </IconStyle>
         </Style>
         <Point>
            <coordinates>-122.133661783333,37.4563686833333,0</coordinates>
         </Point>
      </Placemark>
      <Placemark>
         <Snippet maxLines="0"> </Snippet>
         <description>745, UTC 22:40:08
37.4565021,-122.1339072,EA3.8m
Alt -30.2 m, EA 1.0 m
Vel 14.8,-21.6, EA 0.00 m/s</description>
         <Style>
            <IconStyle>
               <Icon>
                  <href>http://maps.google.com/mapfiles/kml/shapes/shaded_dot.png</href>
               </Icon>
               <scale>0.6</scale>
               <color>bfed8548</color>
            </IconStyle>
         </Style>
         <Point>
            <coordinates>-122.133907183333,37.4565021,0</coordinates>
         </Point>
      </Placemark>
      <Placemark>
         <Snippet maxLines="0"> </Snippet>
         <description>746, UTC 22:40:09
37.4566400,-122.1341610,EA3.8m
Alt -29.9 m, EA 1.0 m
Vel 15.1,-22.4, EA 0.00 m/s</description>
         <Style>
            <IconStyle>
               <Icon>
                  <href>http://maps.google.com/mapfiles/kml/shapes/shaded_dot.png</href>
               </Icon>
               <scale>0.6</scale>
               <color>bfed8548</color>
            </IconStyle>
         </Style>
         <Point>
            <coordinates>-122.134161,37.45664,0</coordinates>
         </Point>
      </Placemark>
      <Placemark>
         <Snippet maxLines="0"> </Snippet>
         <description>747, UTC 22:40:10
37.4567833,-122.1344215,EA3.8m
Alt -30.0 m, EA 1.0 m
Vel 16.0,-22.8, EA 0.00 m/s</description>
         <Style>
            <IconStyle>
               <Icon>
                  <href>http://maps.google.com/mapfiles/kml/shapes/shaded_dot.png</href>
               </Icon>
               <scale>0.6</scale>
               <color>bfed8548</color>
            </IconStyle>
         </Style>
         <Point>
            <coordinates>-122.1344215,37.4567832833333,0</coordinates>
         </Point>
      </Placemark>
      <Placemark>
         <Snippet maxLines="0"> </Snippet>
         <description>748, UTC 22:40:11
37.4569387,-122.1346861,EA3.8m
Alt -29.6 m, EA 1.0 m
Vel 16.9,-23.1, EA 0.00 m/s</description>
         <Style>
            <IconStyle>
               <Icon>
                  <href>http://maps.google.com/mapfiles/kml/shapes/shaded_dot.png</href>
               </Icon>
               <scale>0.6</scale>
               <color>bfed8548</color>
            </IconStyle>
         </Style>
         <Point>
            <coordinates>-122.134686083333,37.4569387,0</coordinates>
         </Point>
      </Placemark>
      <Placemark>
         <Snippet maxLines="0"> </Snippet>
         <description>749, UTC 22:40:12
37.4570922,-122.1349513,EA3.8m
Alt -28.7 m, EA 1.0 m
Vel 17.5,-23.8, EA 0.00 m/s</description>
         <Style>
            <IconStyle>
               <Icon>
                  <href>http://maps.google.com/mapfiles/kml/shapes/shaded_dot.png</href>
               </Icon>
               <scale>0.6</scale>
               <color>bfed8548</color>
            </IconStyle>
         </Style>
         <Point>
            <coordinates>-122.134951283333,37.4570921833333,0</coordinates>
         </Point>
      </Placemark>
      <Placemark>
         <Snippet maxLines="0"> </Snippet>
         <description>750, UTC 22:40:13
37.4572505,-122.1352209,EA3.8m
Alt -28.7 m, EA 1.0 m
Vel 18.0,-24.0, EA 0.00 m/s</description>
         <Style>
            <IconStyle>
               <Icon>
                  <href>http://maps.google.com/mapfiles/kml/shapes/shaded_dot.png</href>
               </Icon>
               <scale>0.6</scale>
               <color>bfed8548</color>
            </IconStyle>
         </Style>
         <Point>
            <coordinates>-122.135220883333,37.4572505,0</coordinates>
         </Point>
      </Placemark>
      <Placemark>
         <Snippet maxLines="0"> </Snippet>
         <description>751, UTC 22:40:14
37.4574134,-122.1354962,EA3.8m
Alt -28.8 m, EA 1.0 m
Vel 18.3,-24.3, EA 0.00 m/s</description>
         <Style>
            <IconStyle>
               <Icon>
                  <href>http://maps.google.com/mapfiles/kml/shapes/shaded_dot.png</href>
               </Icon>
               <scale>0.6</scale>
               <color>bfed8548</color>
            </IconStyle>
         </Style>
         <Point>
            <coordinates>-122.1354962,37.4574134,0</coordinates>
         </Point>
      </Placemark>
      <Placemark>
         <Snippet maxLines="0"> </Snippet>
         <description>752, UTC 22:40:15
37.4575786,-122.1357763,EA3.8m
Alt -28.9 m, EA 1.0 m
Vel 18.2,-24.7, EA 0.00 m/s</description>
         <Style>
            <IconStyle>
               <Icon>
                  <href>http://maps.google.com/mapfiles/kml/shapes/shaded_dot.png</href>
               </Icon>
               <scale>0.6</scale>
               <color>bfed8548</color>
            </IconStyle>
         </Style>
         <Point>
            <coordinates>-122.1357763,37.4575785833333,0</coordinates>
         </Point>
      </Placemark>
      <Placemark>
         <Snippet maxLines="0"> </Snippet>
         <description>753, UTC 22:40:16
37.4577417,-122.1360544,EA3.8m
Alt -28.7 m, EA 1.0 m
Vel 18.2,-24.8, EA 0.00 m/s</description>
         <Style>
            <IconStyle>
               <Icon>
                  <href>http://maps.google.com/mapfiles/kml/shapes/shaded_dot.png</href>
               </Icon>
               <scale>0.6</scale>
               <color>bfed8548</color>
            </IconStyle>
         </Style>
         <Point>
            <coordinates>-122.1360544,37.4577416833333,0</coordinates>
         </Point>
      </Placemark>
      <Placemark>
         <Snippet maxLines="0"> </Snippet>
         <description>754, UTC 22:40:17
37.4579052,-122.1363335,EA3.8m
Alt -28.6 m, EA 1.0 m
Vel 18.2,-24.8, EA 0.00 m/s</description>
         <Style>
            <IconStyle>
               <Icon>
                  <href>http://maps.google.com/mapfiles/kml/shapes/shaded_dot.png</href>
               </Icon>
               <scale>0.6</scale>
               <color>bfed8548</color>
            </IconStyle>
         </Style>
         <Point>
            <coordinates>-122.1363335,37.4579051833333,0</coordinates>
         </Point>
      </Placemark>
      <Placemark>
         <Snippet maxLines="0"> </Snippet>
         <description>755, UTC 22:40:18
37.4580664,-122.1366171,EA3.8m
Alt -28.6 m, EA 1.0 m
Vel 18.3,-24.8, EA 0.00 m/s</description>
         <Style>
            <IconStyle>
               <Icon>
                  <href>http://maps.google.com/mapfiles/kml/shapes/shaded_dot.png</href>
               </Icon>
               <scale>0.6</scale>
               <color>bfed8548</color>
            </IconStyle>
         </Style>
         <Point>
            <coordinates>-122.136617083333,37.4580663833333,0</coordinates>
         </Point>
      </Placemark>
      <Placemark>
         <Snippet maxLines="0"> </Snippet>
         <description>756, UTC 22:40:19
37.4582323,-122.1368956,EA3.8m
Alt -28.1 m, EA 1.0 m
Vel 18.4,-24.9, EA 0.00 m/s</description>
         <Style>
            <IconStyle>
               <Icon>
                  <href>http://maps.google.com/mapfiles/kml/shapes/shaded_dot.png</href>
               </Icon>
               <scale>0.6</scale>
               <color>bfed8548</color>
            </IconStyle>
         </Style>
         <Point>
            <coordinates>-122.1368956,37.4582322833333,0</coordinates>
         </Point>
      </Placemark>
      <Placemark>
         <Snippet maxLines="0"> </Snippet>
         <description>757, UTC 22:40:20
37.4583975,-122.1371767,EA3.8m
Alt -27.9 m, EA 1.0 m
Vel 18.4,-24.9, EA 0.00 m/s</description>
         <Style>
            <IconStyle>
               <Icon>
                  <href>http://maps.google.com/mapfiles/kml/shapes/shaded_dot.png</href>
               </Icon>
               <scale>0.6</scale>
               <color>bfed8548</color>
            </IconStyle>
         </Style>
         <Point>
            <coordinates>-122.137176683333,37.4583974833333,0</coordinates>
         </Point>
      </Placemark>
      <Placemark>
         <Snippet maxLines="0"> </Snippet>
         <description>758, UTC 22:40:21
37.4585616,-122.1374559,EA3.8m
Alt -27.8 m, EA 1.0 m
Vel 18.4,-24.7, EA 0.00 m/s</description>
         <Style>
            <IconStyle>
               <Icon>
                  <href>http://maps.google.com/mapfiles/kml/shapes/shaded_dot.png</href>
               </Icon>
               <scale>0.6</scale>
               <color>bfed8548</color>
            </IconStyle>
         </Style>
         <Point>
            <coordinates>-122.1374559,37.4585616,0</coordinates>
         </Point>
      </Placemark>
      <Placemark>
         <Snippet maxLines="0"> </Snippet>
         <description>759, UTC 22:40:22
37.4587239,-122.1377339,EA3.8m
Alt -28.0 m, EA 1.0 m
Vel 18.3,-24.6, EA 0.00 m/s</description>
         <Style>
            <IconStyle>
               <Icon>
                  <href>http://maps.google.com/mapfiles/kml/shapes/shaded_dot.png</href>
               </Icon>
               <scale>0.6</scale>
               <color>bfed8548</color>
            </IconStyle>
         </Style>
         <Point>
            <coordinates>-122.1377339,37.4587239,0</coordinates>
         </Point>
      </Placemark>
      <Placemark>
         <Snippet maxLines="0"> </Snippet>
         <description>760, UTC 22:40:23
37.4588844,-122.1380100,EA3.8m
Alt -27.9 m, EA 1.0 m
Vel 18.1,-24.4, EA 0.00 m/s</description>
         <Style>
            <IconStyle>
               <Icon>
                  <href>http://maps.google.com/mapfiles/kml/shapes/shaded_dot.png</href>
               </Icon>
               <scale>0.6</scale>
               <color>bfed8548</color>
            </IconStyle>
         </Style>
         <Point>
            <coordinates>-122.138009983333,37.4588844,0</coordinates>
         </Point>
      </Placemark>
      <Placemark>
         <Snippet maxLines="0"> </Snippet>
         <description>761, UTC 22:40:24
37.4590471,-122.1382837,EA3.8m
Alt -27.6 m, EA 1.0 m
Vel 18.0,-24.3, EA 0.00 m/s</description>
         <Style>
            <IconStyle>
               <Icon>
                  <href>http://maps.google.com/mapfiles/kml/shapes/shaded_dot.png</href>
               </Icon>
               <scale>0.6</scale>
               <color>bfed8548</color>
            </IconStyle>
         </Style>
         <Point>
            <coordinates>-122.1382837,37.4590470833333,0</coordinates>
         </Point>
      </Placemark>
      <Placemark>
         <Snippet maxLines="0"> </Snippet>
         <description>762, UTC 22:40:25
37.4592066,-122.1385543,EA3.8m
Alt -27.5 m, EA 1.0 m
Vel 17.8,-24.1, EA 0.00 m/s</description>
         <Style>
            <IconStyle>
               <Icon>
                  <href>http://maps.google.com/mapfiles/kml/shapes/shaded_dot.png</href>
               </Icon>
               <scale>0.6</scale>
               <color>bfed8548</color>
            </IconStyle>
         </Style>
         <Point>
            <coordinates>-122.138554283333,37.4592066,0</coordinates>
         </Point>
      </Placemark>
      <Placemark>
         <Snippet maxLines="0"> </Snippet>
         <description>763, UTC 22:40:26
37.4593671,-122.1388258,EA3.8m
Alt -27.5 m, EA 1.0 m
Vel 17.7,-24.0, EA 0.00 m/s</description>
         <Style>
            <IconStyle>
               <Icon>
                  <href>http://maps.google.com/mapfiles/kml/shapes/shaded_dot.png</href>
               </Icon>
               <scale>0.6</scale>
               <color>bfed8548</color>
            </IconStyle>
         </Style>
         <Point>
            <coordinates>-122.1388258,37.4593671,0</coordinates>
         </Point>
      </Placemark>
      <Placemark>
         <Snippet maxLines="0"> </Snippet>
         <description>764, UTC 22:40:27
37.4595255,-122.1390946,EA3.8m
Alt -27.7 m, EA 1.0 m
Vel 17.6,-23.8, EA 0.00 m/s</description>
         <Style>
            <IconStyle>
               <Icon>
                  <href>http://maps.google.com/mapfiles/kml/shapes/shaded_dot.png</href>
               </Icon>
               <scale>0.6</scale>
               <color>bfed8548</color>
            </IconStyle>
         </Style>
         <Point>
            <coordinates>-122.1390946,37.4595254833333,0</coordinates>
         </Point>
      </Placemark>
      <Placemark>
         <Snippet maxLines="0"> </Snippet>
         <description>765, UTC 22:40:28
37.4596848,-122.1393644,EA3.8m
Alt -27.7 m, EA 1.0 m
Vel 17.6,-23.7, EA 0.00 m/s</description>
         <Style>
            <IconStyle>
               <Icon>
                  <href>http://maps.google.com/mapfiles/kml/shapes/shaded_dot.png</href>
               </Icon>
               <scale>0.6</scale>
               <color>bfed8548</color>
            </IconStyle>
         </Style>
         <Point>
            <coordinates>-122.1393644,37.4596847833333,0</coordinates>
         </Point>
      </Placemark>
      <Placemark>
         <Snippet maxLines="0"> </Snippet>
         <description>766, UTC 22:40:29
37.4598398,-122.1396273,EA3.8m
Alt -27.9 m, EA 1.0 m
Vel 17.5,-23.5, EA 0.00 m/s</description>
         <Style>
            <IconStyle>
               <Icon>
                  <href>http://maps.google.com/mapfiles/kml/shapes/shaded_dot.png</href>
               </Icon>
               <scale>0.6</scale>
               <color>bfed8548</color>
            </IconStyle>
         </Style>
         <Point>
            <coordinates>-122.1396273,37.4598397833333,0</coordinates>
         </Point>
      </Placemark>
      <Placemark>
         <Snippet maxLines="0"> </Snippet>
         <description>767, UTC 22:40:30
37.4599979,-122.1398906,EA3.8m
Alt -27.7 m, EA 1.0 m
Vel 17.4,-23.4, EA 0.00 m/s</description>
         <Style>
            <IconStyle>
               <Icon>
                  <href>http://maps.google.com/mapfiles/kml/shapes/shaded_dot.png</href>
               </Icon>
               <scale>0.6</scale>
               <color>bfed8548</color>
            </IconStyle>
         </Style>
         <Point>
            <coordinates>-122.1398906,37.4599978833333,0</coordinates>
         </Point>
      </Placemark>
      <Placemark>
         <Snippet maxLines="0"> </Snippet>
         <description>768, UTC 22:40:31
37.4601536,-122.1401579,EA3.8m
Alt -27.8 m, EA 1.0 m
Vel 17.1,-23.7, EA 0.00 m/s</description>
         <Style>
            <IconStyle>
               <Icon>
                  <href>http://maps.google.com/mapfiles/kml/shapes/shaded_dot.png</href>
               </Icon>
               <scale>0.6</scale>
               <color>bfed8548</color>
            </IconStyle>
         </Style>
         <Point>
            <coordinates>-122.1401579,37.4601535833333,0</coordinates>
         </Point>
      </Placemark>
      <Placemark>
         <Snippet maxLines="0"> </Snippet>
         <description>769, UTC 22:40:32
37.4603074,-122.1404306,EA3.8m
Alt -27.4 m, EA 1.0 m
Vel 17.2,-23.8, EA 0.00 m/s</description>
         <Style>
            <IconStyle>
               <Icon>
                  <href>http://maps.google.com/mapfiles/kml/shapes/shaded_dot.png</href>
               </Icon>
               <scale>0.6</scale>
               <color>bfed8548</color>
            </IconStyle>
         </Style>
         <Point>
            <coordinates>-122.1404306,37.4603073833333,0</coordinates>
         </Point>
      </Placemark>
      <Placemark>
         <Snippet maxLines="0"> </Snippet>
         <description>770, UTC 22:40:33
37.4604637,-122.1407027,EA3.8m
Alt -27.1 m, EA 1.0 m
Vel 17.4,-23.9, EA 0.00 m/s</description>
         <Style>
            <IconStyle>
               <Icon>
                  <href>http://maps.google.com/mapfiles/kml/shapes/shaded_dot.png</href>
               </Icon>
               <scale>0.6</scale>
               <color>bfed8548</color>
            </IconStyle>
         </Style>
         <Point>
            <coordinates>-122.1407027,37.4604636833333,0</coordinates>
         </Point>
      </Placemark>
      <Placemark>
         <Snippet maxLines="0"> </Snippet>
         <description>771, UTC 22:40:34
37.4606147,-122.1409623,EA3.8m
Alt -27.0 m, EA 1.0 m
Vel 16.8,-23.0, EA 0.00 m/s</description>
         <Style>
            <IconStyle>
               <Icon>
                  <href>http://maps.google.com/mapfiles/kml/shapes/shaded_dot.png</href>
               </Icon>
               <scale>0.6</scale>
               <color>bfed8548</color>
            </IconStyle>
         </Style>
         <Point>
            <coordinates>-122.140962283333,37.4606147,0</coordinates>
         </Point>
      </Placemark>
      <Placemark>
         <Snippet maxLines="0"> </Snippet>
         <description>772, UTC 22:40:35
37.4607749,-122.1412410,EA3.8m
Alt -27.9 m, EA 1.0 m
Vel 17.7,-24.1, EA 0.00 m/s</description>
         <Style>
            <IconStyle>
               <Icon>
                  <href>http://maps.google.com/mapfiles/kml/shapes/shaded_dot.png</href>
               </Icon>
               <scale>0.6</scale>
               <color>bfed8548</color>
            </IconStyle>
         </Style>
         <Point>
            <coordinates>-122.141240983333,37.4607748833333,0</coordinates>
         </Point>
      </Placemark>
      <Placemark>
         <Snippet maxLines="0"> </Snippet>
         <description>773, UTC 22:40:36
37.4609360,-122.1415219,EA3.8m
Alt -28.1 m, EA 1.0 m
Vel 17.7,-24.5, EA 0.00 m/s</description>
         <Style>
            <IconStyle>
               <Icon>
                  <href>http://maps.google.com/mapfiles/kml/shapes/shaded_dot.png</href>
               </Icon>
               <scale>0.6</scale>
               <color>bfed8548</color>
            </IconStyle>
         </Style>
         <Point>
            <coordinates>-122.1415219,37.4609359833333,0</coordinates>
         </Point>
      </Placemark>
      <Placemark>
         <Snippet maxLines="0"> </Snippet>
         <description>774, UTC 22:40:37
37.4611010,-122.1417997,EA3.8m
Alt -28.6 m, EA 1.0 m
Vel 17.9,-24.5, EA 0.00 m/s</description>
         <Style>
            <IconStyle>
               <Icon>
                  <href>http://maps.google.com/mapfiles/kml/shapes/shaded_dot.png</href>
               </Icon>
               <scale>0.6</scale>
               <color>bfed8548</color>
            </IconStyle>
         </Style>
         <Point>
            <coordinates>-122.1417997,37.4611009833333,0</coordinates>
         </Point>
      </Placemark>
      <Placemark>
         <Snippet maxLines="0"> </Snippet>
         <description>775, UTC 22:40:38
37.4612660,-122.1420814,EA3.8m
Alt -28.6 m, EA 1.0 m
Vel 18.0,-24.5, EA 0.00 m/s</description>
         <Style>
            <IconStyle>
               <Icon>
                  <href>http://maps.google.com/mapfiles/kml/shapes/shaded_dot.png</href>
               </Icon>
               <scale>0.6</scale>
               <color>bfed8548</color>
            </IconStyle>
         </Style>
         <Point>
            <coordinates>-122.142081383333,37.461266,0</coordinates>
         </Point>
      </Placemark>
      <Placemark>
         <Snippet maxLines="0"> </Snippet>
         <description>776, UTC 22:40:39
37.4614310,-122.1423611,EA3.8m
Alt -28.3 m, EA 1.0 m
Vel 18.0,-24.7, EA 0.00 m/s</description>
         <Style>
            <IconStyle>
               <Icon>
                  <href>http://maps.google.com/mapfiles/kml/shapes/shaded_dot.png</href>
               </Icon>
               <scale>0.6</scale>
               <color>bfed8548</color>
            </IconStyle>
         </Style>
         <Point>
            <coordinates>-122.1423611,37.4614309833333,0</coordinates>
         </Point>
      </Placemark>
      <Placemark>
         <Snippet maxLines="0"> </Snippet>
         <description>777, UTC 22:40:40
37.4615978,-122.1426381,EA3.8m
Alt -28.1 m, EA 1.0 m
Vel 18.1,-24.5, EA 0.00 m/s</description>
         <Style>
            <IconStyle>
               <Icon>
                  <href>http://maps.google.com/mapfiles/kml/shapes/shaded_dot.png</href>
               </Icon>
               <scale>0.6</scale>
               <color>bfed8548</color>
            </IconStyle>
         </Style>
         <Point>
            <coordinates>-122.142638083333,37.4615977833333,0</coordinates>
         </Point>
      </Placemark>
      <Placemark>
         <Snippet maxLines="0"> </Snippet>
         <description>778, UTC 22:40:41
37.4617602,-122.1429153,EA3.8m
Alt -27.8 m, EA 1.0 m
Vel 18.1,-24.4, EA 0.00 m/s</description>
         <Style>
            <IconStyle>
               <Icon>
                  <href>http://maps.google.com/mapfiles/kml/shapes/shaded_dot.png</href>
               </Icon>
               <scale>0.6</scale>
               <color>bfed8548</color>
            </IconStyle>
         </Style>
         <Point>
            <coordinates>-122.142915283333,37.4617602,0</coordinates>
         </Point>
      </Placemark>
      <Placemark>
         <Snippet maxLines="0"> </Snippet>
         <description>779, UTC 22:40:42
37.4619220,-122.1431876,EA3.8m
Alt -28.1 m, EA 1.0 m
Vel 17.9,-24.4, EA 0.00 m/s</description>
         <Style>
            <IconStyle>
               <Icon>
                  <href>http://maps.google.com/mapfiles/kml/shapes/shaded_dot.png</href>
               </Icon>
               <scale>0.6</scale>
               <color>bfed8548</color>
            </IconStyle>
         </Style>
         <Point>
            <coordinates>-122.1431876,37.461922,0</coordinates>
         </Point>
      </Placemark>
      <Placemark>
         <Snippet maxLines="0"> </Snippet>
         <description>780, UTC 22:40:43
37.4620858,-122.1434651,EA3.8m
Alt -27.8 m, EA 1.0 m
Vel 17.9,-24.5, EA 0.00 m/s</description>
         <Style>
            <IconStyle>
               <Icon>
                  <href>http://maps.google.com/mapfiles/kml/shapes/shaded_dot.png</href>
               </Icon>
               <scale>0.6</scale>
               <color>bfed8548</color>
            </IconStyle>
         </Style>
         <Point>
            <coordinates>-122.1434651,37.4620857833333,0</coordinates>
         </Point>
      </Placemark>
      <Placemark>
         <Snippet maxLines="0"> </Snippet>
         <description>781, UTC 22:40:44
37.4622458,-122.1437445,EA3.8m
Alt -27.9 m, EA 1.0 m
Vel 17.7,-24.6, EA 0.00 m/s</description>
         <Style>
            <IconStyle>
               <Icon>
                  <href>http://maps.google.com/mapfiles/kml/shapes/shaded_dot.png</href>
               </Icon>
               <scale>0.6</scale>
               <color>bfed8548</color>
            </IconStyle>
         </Style>
         <Point>
            <coordinates>-122.143744483333,37.4622457833333,0</coordinates>
         </Point>
      </Placemark>
      <Placemark>
         <Snippet maxLines="0"> </Snippet>
         <description>782, UTC 22:40:45
37.4624069,-122.1440239,EA3.8m
Alt -28.0 m, EA 1.0 m
Vel 17.9,-24.7, EA 0.00 m/s</description>
         <Style>
            <IconStyle>
               <Icon>
                  <href>http://maps.google.com/mapfiles/kml/shapes/shaded_dot.png</href>
               </Icon>
               <scale>0.6</scale>
               <color>bfed8548</color>
            </IconStyle>
         </Style>
         <Point>
            <coordinates>-122.144023883333,37.4624068833333,0</coordinates>
         </Point>
      </Placemark>
      <Placemark>
         <Snippet maxLines="0"> </Snippet>
         <description>783, UTC 22:40:46
37.4625716,-122.1443029,EA3.8m
Alt -28.0 m, EA 1.0 m
Vel 18.0,-24.7, EA 0.00 m/s</description>
         <Style>
            <IconStyle>
               <Icon>
                  <href>http://maps.google.com/mapfiles/kml/shapes/shaded_dot.png</href>
               </Icon>
               <scale>0.6</scale>
               <color>bfed8548</color>
            </IconStyle>
         </Style>
         <Point>
            <coordinates>-122.144302883333,37.4625715833333,0</coordinates>
         </Point>
      </Placemark>
      <Placemark>
         <Snippet maxLines="0"> </Snippet>
         <description>784, UTC 22:40:47
37.4627362,-122.1445871,EA3.8m
Alt -27.8 m, EA 1.0 m
Vel 18.2,-24.7, EA 0.00 m/s</description>
         <Style>
            <IconStyle>
               <Icon>
                  <href>http://maps.google.com/mapfiles/kml/shapes/shaded_dot.png</href>
               </Icon>
               <scale>0.6</scale>
               <color>bfed8548</color>
            </IconStyle>
         </Style>
         <Point>
            <coordinates>-122.144587083333,37.4627362,0</coordinates>
         </Point>
      </Placemark>
      <Placemark>
         <Snippet maxLines="0"> </Snippet>
         <description>785, UTC 22:40:48
37.4629026,-122.1448654,EA3.8m
Alt -27.6 m, EA 1.0 m
Vel 18.2,-24.8, EA 0.00 m/s</description>
         <Style>
            <IconStyle>
               <Icon>
                  <href>http://maps.google.com/mapfiles/kml/shapes/shaded_dot.png</href>
               </Icon>
               <scale>0.6</scale>
               <color>bfed8548</color>
            </IconStyle>
         </Style>
         <Point>
            <coordinates>-122.1448654,37.4629025833333,0</coordinates>
         </Point>
      </Placemark>
      <Placemark>
         <Snippet maxLines="0"> </Snippet>
         <description>786, UTC 22:40:49
37.4630669,-122.1451444,EA3.8m
Alt -27.7 m, EA 1.0 m
Vel 18.1,-24.8, EA 0.00 m/s</description>
         <Style>
            <IconStyle>
               <Icon>
                  <href>http://maps.google.com/mapfiles/kml/shapes/shaded_dot.png</href>
               </Icon>
               <scale>0.6</scale>
               <color>bfed8548</color>
            </IconStyle>
         </Style>
         <Point>
            <coordinates>-122.1451444,37.4630669,0</coordinates>
         </Point>
      </Placemark>
      <Placemark>
         <Snippet maxLines="0"> </Snippet>
         <description>787, UTC 22:40:50
37.4632318,-122.1454264,EA3.8m
Alt -27.6 m, EA 1.0 m
Vel 18.1,-24.9, EA 0.00 m/s</description>
         <Style>
            <IconStyle>
               <Icon>
                  <href>http://maps.google.com/mapfiles/kml/shapes/shaded_dot.png</href>
               </Icon>
               <scale>0.6</scale>
               <color>bfed8548</color>
            </IconStyle>
         </Style>
         <Point>
            <coordinates>-122.1454264,37.4632318,0</coordinates>
         </Point>
      </Placemark>
      <Placemark>
         <Snippet maxLines="0"> </Snippet>
         <description>788, UTC 22:40:51
37.4633933,-122.1457100,EA3.8m
Alt -27.6 m, EA 1.0 m
Vel 18.2,-24.9, EA 0.00 m/s</description>
         <Style>
            <IconStyle>
               <Icon>
                  <href>http://maps.google.com/mapfiles/kml/shapes/shaded_dot.png</href>
               </Icon>
               <scale>0.6</scale>
               <color>bfed8548</color>
            </IconStyle>
         </Style>
         <Point>
            <coordinates>-122.145709983333,37.4633932833333,0</coordinates>
         </Point>
      </Placemark>
      <Placemark>
         <Snippet maxLines="0"> </Snippet>
         <description>789, UTC 22:40:52
37.4635582,-122.1459947,EA3.8m
Alt -27.4 m, EA 1.0 m
Vel 18.4,-25.1, EA 0.00 m/s</description>
         <Style>
            <IconStyle>
               <Icon>
                  <href>http://maps.google.com/mapfiles/kml/shapes/shaded_dot.png</href>
               </Icon>
               <scale>0.6</scale>
               <color>bfed8548</color>
            </IconStyle>
         </Style>
         <Point>
            <coordinates>-122.1459947,37.4635582,0</coordinates>
         </Point>
      </Placemark>
      <Placemark>
         <Snippet maxLines="0"> </Snippet>
         <description>790, UTC 22:40:53
37.4637261,-122.1462801,EA3.8m
Alt -27.3 m, EA 1.0 m
Vel 18.6,-25.2, EA 0.00 m/s</description>
         <Style>
            <IconStyle>
               <Icon>
                  <href>http://maps.google.com/mapfiles/kml/shapes/shaded_dot.png</href>
               </Icon>
               <scale>0.6</scale>
               <color>bfed8548</color>
            </IconStyle>
         </Style>
         <Point>
            <coordinates>-122.146280083333,37.4637261,0</coordinates>
         </Point>
      </Placemark>
      <Placemark>
         <Snippet maxLines="0"> </Snippet>
         <description>791, UTC 22:40:54
37.4638925,-122.1465650,EA3.8m
Alt -27.0 m, EA 1.0 m
Vel 18.7,-25.2, EA 0.00 m/s</description>
         <Style>
            <IconStyle>
               <Icon>
                  <href>http://maps.google.com/mapfiles/kml/shapes/shaded_dot.png</href>
               </Icon>
               <scale>0.6</scale>
               <color>bfed8548</color>
            </IconStyle>
         </Style>
         <Point>
            <coordinates>-122.146564983333,37.4638925,0</coordinates>
         </Point>
      </Placemark>
      <Placemark>
         <Snippet maxLines="0"> </Snippet>
         <description>792, UTC 22:40:55
37.4640609,-122.1468535,EA3.8m
Alt -26.9 m, EA 1.0 m
Vel 18.7,-25.3, EA 0.00 m/s</description>
         <Style>
            <IconStyle>
               <Icon>
                  <href>http://maps.google.com/mapfiles/kml/shapes/shaded_dot.png</href>
               </Icon>
               <scale>0.6</scale>
               <color>bfed8548</color>
            </IconStyle>
         </Style>
         <Point>
            <coordinates>-122.1468535,37.4640608833333,0</coordinates>
         </Point>
      </Placemark>
      <Placemark>
         <Snippet maxLines="0"> </Snippet>
         <description>793, UTC 22:40:56
37.4642333,-122.1471384,EA3.8m
Alt -26.8 m, EA 1.0 m
Vel 18.8,-25.4, EA 0.00 m/s</description>
         <Style>
            <IconStyle>
               <Icon>
                  <href>http://maps.google.com/mapfiles/kml/shapes/shaded_dot.png</href>
               </Icon>
               <scale>0.6</scale>
               <color>bfed8548</color>
            </IconStyle>
         </Style>
         <Point>
            <coordinates>-122.1471384,37.4642332833333,0</coordinates>
         </Point>
      </Placemark>
      <Placemark>
         <Snippet maxLines="0"> </Snippet>
         <description>794, UTC 22:40:57
37.4644009,-122.1474253,EA3.8m
Alt -26.6 m, EA 1.0 m
Vel 18.8,-25.5, EA 0.00 m/s</description>
         <Style>
            <IconStyle>
               <Icon>
                  <href>http://maps.google.com/mapfiles/kml/shapes/shaded_dot.png</href>
               </Icon>
               <scale>0.6</scale>
               <color>bfed8548</color>
            </IconStyle>
         </Style>
         <Point>
            <coordinates>-122.147425283333,37.4644009,0</coordinates>
         </Point>
      </Placemark>
      <Placemark>
         <Snippet maxLines="0"> </Snippet>
         <description>795, UTC 22:40:58
37.4645682,-122.1477136,EA3.8m
Alt -26.6 m, EA 1.0 m
Vel 18.8,-25.5, EA 0.00 m/s</description>
         <Style>
            <IconStyle>
               <Icon>
                  <href>http://maps.google.com/mapfiles/kml/shapes/shaded_dot.png</href>
               </Icon>
               <scale>0.6</scale>
               <color>bfed8548</color>
            </IconStyle>
         </Style>
         <Point>
            <coordinates>-122.1477136,37.4645682,0</coordinates>
         </Point>
      </Placemark>
      <Placemark>
         <Snippet maxLines="0"> </Snippet>
         <description>796, UTC 22:40:59
37.4647373,-122.1480041,EA3.8m
Alt -26.6 m, EA 1.0 m
Vel 18.7,-25.6, EA 0.00 m/s</description>
         <Style>
            <IconStyle>
               <Icon>
                  <href>http://maps.google.com/mapfiles/kml/shapes/shaded_dot.png</href>
               </Icon>
               <scale>0.6</scale>
               <color>bfed8548</color>
            </IconStyle>
         </Style>
         <Point>
            <coordinates>-122.148004083333,37.4647373,0</coordinates>
         </Point>
      </Placemark>
      <Placemark>
         <Snippet maxLines="0"> </Snippet>
         <description>797, UTC 22:41:00
37.4649072,-122.1482950,EA3.8m
Alt -26.6 m, EA 1.0 m
Vel 18.9,-25.7, EA 0.00 m/s</description>
         <Style>
            <IconStyle>
               <Icon>
                  <href>http://maps.google.com/mapfiles/kml/shapes/shaded_dot.png</href>
               </Icon>
               <scale>0.6</scale>
               <color>bfed8548</color>
            </IconStyle>
         </Style>
         <Point>
            <coordinates>-122.148295,37.4649071833333,0</coordinates>
         </Point>
      </Placemark>
      <Placemark>
         <Snippet maxLines="0"> </Snippet>
         <description>798, UTC 22:41:01
37.4650776,-122.1485853,EA3.8m
Alt -26.5 m, EA 1.0 m
Vel 19.0,-25.8, EA 0.00 m/s</description>
         <Style>
            <IconStyle>
               <Icon>
                  <href>http://maps.google.com/mapfiles/kml/shapes/shaded_dot.png</href>
               </Icon>
               <scale>0.6</scale>
               <color>bfed8548</color>
            </IconStyle>
         </Style>
         <Point>
            <coordinates>-122.148585283333,37.4650776,0</coordinates>
         </Point>
      </Placemark>
      <Placemark>
         <Snippet maxLines="0"> </Snippet>
         <description>799, UTC 22:41:02
37.4652477,-122.1488783,EA3.8m
Alt -26.4 m, EA 1.0 m
Vel 19.1,-26.0, EA 0.00 m/s</description>
         <Style>
            <IconStyle>
               <Icon>
                  <href>http://maps.google.com/mapfiles/kml/shapes/shaded_dot.png</href>
               </Icon>
               <scale>0.6</scale>
               <color>bfed8548</color>
            </IconStyle>
         </Style>
         <Point>
            <coordinates>-122.1488783,37.4652476833333,0</coordinates>
         </Point>
      </Placemark>
      <Placemark>
         <Snippet maxLines="0"> </Snippet>
         <description>800, UTC 22:41:03
37.4654231,-122.1491718,EA3.8m
Alt -26.4 m, EA 1.0 m
Vel 19.1,-26.1, EA 0.00 m/s</description>
         <Style>
            <IconStyle>
               <Icon>
                  <href>http://maps.google.com/mapfiles/kml/shapes/shaded_dot.png</href>
               </Icon>
               <scale>0.6</scale>
               <color>bfed8548</color>
            </IconStyle>
         </Style>
         <Point>
            <coordinates>-122.1491718,37.4654231,0</coordinates>
         </Point>
      </Placemark>
      <Placemark>
         <Snippet maxLines="0"> </Snippet>
         <description>801, UTC 22:41:04
37.4655978,-122.1494641,EA3.8m
Alt -26.2 m, EA 1.0 m
Vel 19.3,-26.1, EA 0.00 m/s</description>
         <Style>
            <IconStyle>
               <Icon>
                  <href>http://maps.google.com/mapfiles/kml/shapes/shaded_dot.png</href>
               </Icon>
               <scale>0.6</scale>
               <color>bfed8548</color>
            </IconStyle>
         </Style>
         <Point>
            <coordinates>-122.1494641,37.4655977833333,0</coordinates>
         </Point>
      </Placemark>
      <Placemark>
         <Snippet maxLines="0"> </Snippet>
         <description>802, UTC 22:41:05
37.4657704,-122.1497644,EA3.8m
Alt -26.4 m, EA 1.0 m
Vel 19.4,-26.3, EA 0.00 m/s</description>
         <Style>
            <IconStyle>
               <Icon>
                  <href>http://maps.google.com/mapfiles/kml/shapes/shaded_dot.png</href>
               </Icon>
               <scale>0.6</scale>
               <color>bfed8548</color>
            </IconStyle>
         </Style>
         <Point>
            <coordinates>-122.149764383333,37.4657703833333,0</coordinates>
         </Point>
      </Placemark>
      <Placemark>
         <Snippet maxLines="0"> </Snippet>
         <description>803, UTC 22:41:06
37.4659455,-122.1500620,EA3.8m
Alt -26.7 m, EA 1.0 m
Vel 19.6,-26.3, EA 0.00 m/s</description>
         <Style>
            <IconStyle>
               <Icon>
                  <href>http://maps.google.com/mapfiles/kml/shapes/shaded_dot.png</href>
               </Icon>
               <scale>0.6</scale>
               <color>bfed8548</color>
            </IconStyle>
         </Style>
         <Point>
            <coordinates>-122.150062,37.4659454833333,0</coordinates>
         </Point>
      </Placemark>
      <Placemark>
         <Snippet maxLines="0"> </Snippet>
         <description>804, UTC 22:41:07
37.4661227,-122.1503603,EA3.8m
Alt -26.5 m, EA 1.0 m
Vel 19.5,-26.4, EA 0.00 m/s</description>
         <Style>
            <IconStyle>
               <Icon>
                  <href>http://maps.google.com/mapfiles/kml/shapes/shaded_dot.png</href>
               </Icon>
               <scale>0.6</scale>
               <color>bfed8548</color>
            </IconStyle>
         </Style>
         <Point>
            <coordinates>-122.1503603,37.4661226833333,0</coordinates>
         </Point>
      </Placemark>
      <Placemark>
         <Snippet maxLines="0"> </Snippet>
         <description>805, UTC 22:41:08
37.4662988,-122.1506573,EA3.8m
Alt -26.6 m, EA 1.0 m
Vel 19.5,-26.5, EA 0.00 m/s</description>
         <Style>
            <IconStyle>
               <Icon>
                  <href>http://maps.google.com/mapfiles/kml/shapes/shaded_dot.png</href>
               </Icon>
               <scale>0.6</scale>
               <color>bfed8548</color>
            </IconStyle>
         </Style>
         <Point>
            <coordinates>-122.1506573,37.4662987833333,0</coordinates>
         </Point>
      </Placemark>
      <Placemark>
         <Snippet maxLines="0"> </Snippet>
         <description>806, UTC 22:41:09
37.4664748,-122.1509577,EA3.8m
Alt -26.8 m, EA 1.0 m
Vel 19.5,-26.5, EA 0.00 m/s</description>
         <Style>
            <IconStyle>
               <Icon>
                  <href>http://maps.google.com/mapfiles/kml/shapes/shaded_dot.png</href>
               </Icon>
               <scale>0.6</scale>
               <color>bfed8548</color>
            </IconStyle>
         </Style>
         <Point>
            <coordinates>-122.1509577,37.4664748,0</coordinates>
         </Point>
      </Placemark>
      <Placemark>
         <Snippet maxLines="0"> </Snippet>
         <description>807, UTC 22:41:10
37.4666504,-122.1512582,EA3.8m
Alt -26.6 m, EA 1.0 m
Vel 19.5,-26.5, EA 0.00 m/s</description>
         <Style>
            <IconStyle>
               <Icon>
                  <href>http://maps.google.com/mapfiles/kml/shapes/shaded_dot.png</href>
               </Icon>
               <scale>0.6</scale>
               <color>bfed8548</color>
            </IconStyle>
         </Style>
         <Point>
            <coordinates>-122.1512582,37.4666503833333,0</coordinates>
         </Point>
      </Placemark>
      <Placemark>
         <Snippet maxLines="0"> </Snippet>
         <description>808, UTC 22:41:11
37.4668273,-122.1515593,EA3.8m
Alt -26.7 m, EA 1.0 m
Vel 19.5,-26.7, EA 0.00 m/s</description>
         <Style>
            <IconStyle>
               <Icon>
                  <href>http://maps.google.com/mapfiles/kml/shapes/shaded_dot.png</href>
               </Icon>
               <scale>0.6</scale>
               <color>bfed8548</color>
            </IconStyle>
         </Style>
         <Point>
            <coordinates>-122.1515593,37.4668272833333,0</coordinates>
         </Point>
      </Placemark>
      <Placemark>
         <Snippet maxLines="0"> </Snippet>
         <description>809, UTC 22:41:12
37.4670041,-122.1518591,EA3.8m
Alt -26.9 m, EA 1.0 m
Vel 19.5,-26.7, EA 0.00 m/s</description>
         <Style>
            <IconStyle>
               <Icon>
                  <href>http://maps.google.com/mapfiles/kml/shapes/shaded_dot.png</href>
               </Icon>
               <scale>0.6</scale>
               <color>bfed8548</color>
            </IconStyle>
         </Style>
         <Point>
            <coordinates>-122.151859083333,37.4670040833333,0</coordinates>
         </Point>
      </Placemark>
      <Placemark>
         <Snippet maxLines="0"> </Snippet>
         <description>810, UTC 22:41:13
37.4671811,-122.1521628,EA3.8m
Alt -27.1 m, EA 1.0 m
Vel 19.8,-26.6, EA 0.00 m/s</description>
         <Style>
            <IconStyle>
               <Icon>
                  <href>http://maps.google.com/mapfiles/kml/shapes/shaded_dot.png</href>
               </Icon>
               <scale>0.6</scale>
               <color>bfed8548</color>
            </IconStyle>
         </Style>
         <Point>
            <coordinates>-122.152162783333,37.4671810833333,0</coordinates>
         </Point>
      </Placemark>
      <Placemark>
         <Snippet maxLines="0"> </Snippet>
         <description>811, UTC 22:41:14
37.4673575,-122.1524641,EA3.8m
Alt -27.2 m, EA 1.0 m
Vel 19.8,-26.5, EA 0.00 m/s</description>
         <Style>
            <IconStyle>
               <Icon>
                  <href>http://maps.google.com/mapfiles/kml/shapes/shaded_dot.png</href>
               </Icon>
               <scale>0.6</scale>
               <color>bfed8548</color>
            </IconStyle>
         </Style>
         <Point>
            <coordinates>-122.1524641,37.4673574833333,0</coordinates>
         </Point>
      </Placemark>
      <Placemark>
         <Snippet maxLines="0"> </Snippet>
         <description>812, UTC 22:41:15
37.4675329,-122.1527596,EA3.8m
Alt -27.3 m, EA 1.0 m
Vel 19.7,-26.4, EA 0.00 m/s</description>
         <Style>
            <IconStyle>
               <Icon>
                  <href>http://maps.google.com/mapfiles/kml/shapes/shaded_dot.png</href>
               </Icon>
               <scale>0.6</scale>
               <color>bfed8548</color>
            </IconStyle>
         </Style>
         <Point>
            <coordinates>-122.152759583333,37.4675329,0</coordinates>
         </Point>
      </Placemark>
      <Placemark>
         <Snippet maxLines="0"> </Snippet>
         <description>813, UTC 22:41:16
37.4677085,-122.1530543,EA3.8m
Alt -27.4 m, EA 1.0 m
Vel 19.6,-26.2, EA 0.00 m/s</description>
         <Style>
            <IconStyle>
               <Icon>
                  <href>http://maps.google.com/mapfiles/kml/shapes/shaded_dot.png</href>
               </Icon>
               <scale>0.6</scale>
               <color>bfed8548</color>
            </IconStyle>
         </Style>
         <Point>
            <coordinates>-122.153054283333,37.4677085,0</coordinates>
         </Point>
      </Placemark>
      <Placemark>
         <Snippet maxLines="0"> </Snippet>
         <description>814, UTC 22:41:17
37.4678835,-122.1533471,EA3.8m
Alt -27.0 m, EA 1.0 m
Vel 19.4,-26.0, EA 0.00 m/s</description>
         <Style>
            <IconStyle>
               <Icon>
                  <href>http://maps.google.com/mapfiles/kml/shapes/shaded_dot.png</href>
               </Icon>
               <scale>0.6</scale>
               <color>bfed8548</color>
            </IconStyle>
         </Style>
         <Point>
            <coordinates>-122.1533471,37.4678834833333,0</coordinates>
         </Point>
      </Placemark>
      <Placemark>
         <Snippet maxLines="0"> </Snippet>
         <description>815, UTC 22:41:18
37.4680576,-122.1536407,EA3.8m
Alt -27.3 m, EA 1.0 m
Vel 19.3,-25.9, EA 0.00 m/s</description>
         <Style>
            <IconStyle>
               <Icon>
                  <href>http://maps.google.com/mapfiles/kml/shapes/shaded_dot.png</href>
               </Icon>
               <scale>0.6</scale>
               <color>bfed8548</color>
            </IconStyle>
         </Style>
         <Point>
            <coordinates>-122.153640683333,37.4680576,0</coordinates>
         </Point>
      </Placemark>
      <Placemark>
         <Snippet maxLines="0"> </Snippet>
         <description>816, UTC 22:41:19
37.4682322,-122.1539376,EA3.8m
Alt -27.6 m, EA 1.0 m
Vel 19.2,-25.9, EA 0.00 m/s</description>
         <Style>
            <IconStyle>
               <Icon>
                  <href>http://maps.google.com/mapfiles/kml/shapes/shaded_dot.png</href>
               </Icon>
               <scale>0.6</scale>
               <color>bfed8548</color>
            </IconStyle>
         </Style>
         <Point>
            <coordinates>-122.1539376,37.4682322,0</coordinates>
         </Point>
      </Placemark>
      <Placemark>
         <Snippet maxLines="0"> </Snippet>
         <description>817, UTC 22:41:20
37.4684054,-122.1542299,EA3.8m
Alt -27.3 m, EA 1.0 m
Vel 19.2,-26.0, EA 0.00 m/s</description>
         <Style>
            <IconStyle>
               <Icon>
                  <href>http://maps.google.com/mapfiles/kml/shapes/shaded_dot.png</href>
               </Icon>
               <scale>0.6</scale>
               <color>bfed8548</color>
            </IconStyle>
         </Style>
         <Point>
            <coordinates>-122.1542299,37.4684054,0</coordinates>
         </Point>
      </Placemark>
      <Placemark>
         <Snippet maxLines="0"> </Snippet>
         <description>818, UTC 22:41:21
37.4685778,-122.1545257,EA3.8m
Alt -27.3 m, EA 1.0 m
Vel 19.2,-26.3, EA 0.00 m/s</description>
         <Style>
            <IconStyle>
               <Icon>
                  <href>http://maps.google.com/mapfiles/kml/shapes/shaded_dot.png</href>
               </Icon>
               <scale>0.6</scale>
               <color>bfed8548</color>
            </IconStyle>
         </Style>
         <Point>
            <coordinates>-122.154525683333,37.4685777833333,0</coordinates>
         </Point>
      </Placemark>
      <Placemark>
         <Snippet maxLines="0"> </Snippet>
         <description>819, UTC 22:41:22
37.4687517,-122.1548211,EA3.8m
Alt -27.2 m, EA 1.0 m
Vel 19.2,-26.1, EA 0.00 m/s</description>
         <Style>
            <IconStyle>
               <Icon>
                  <href>http://maps.google.com/mapfiles/kml/shapes/shaded_dot.png</href>
               </Icon>
               <scale>0.6</scale>
               <color>bfed8548</color>
            </IconStyle>
         </Style>
         <Point>
            <coordinates>-122.1548211,37.4687516833333,0</coordinates>
         </Point>
      </Placemark>
      <Placemark>
         <Snippet maxLines="0"> </Snippet>
         <description>820, UTC 22:41:23
37.4689227,-122.1551127,EA3.8m
Alt -27.1 m, EA 1.0 m
Vel 18.9,-25.7, EA 0.00 m/s</description>
         <Style>
            <IconStyle>
               <Icon>
                  <href>http://maps.google.com/mapfiles/kml/shapes/shaded_dot.png</href>
               </Icon>
               <scale>0.6</scale>
               <color>bfed8548</color>
            </IconStyle>
         </Style>
         <Point>
            <coordinates>-122.1551127,37.4689227,0</coordinates>
         </Point>
      </Placemark>
      <Placemark>
         <Snippet maxLines="0"> </Snippet>
         <description>821, UTC 22:41:24
37.4690904,-122.1554006,EA3.8m
Alt -26.9 m, EA 1.0 m
Vel 18.7,-25.5, EA 0.00 m/s</description>
         <Style>
            <IconStyle>
               <Icon>
                  <href>http://maps.google.com/mapfiles/kml/shapes/shaded_dot.png</href>
               </Icon>
               <scale>0.6</scale>
               <color>bfed8548</color>
            </IconStyle>
         </Style>
         <Point>
            <coordinates>-122.155400583333,37.4690903833333,0</coordinates>
         </Point>
      </Placemark>
      <Placemark>
         <Snippet maxLines="0"> </Snippet>
         <description>822, UTC 22:41:25
37.4692568,-122.1556943,EA3.8m
Alt -26.9 m, EA 1.0 m
Vel 18.6,-25.7, EA 0.00 m/s</description>
         <Style>
            <IconStyle>
               <Icon>
                  <href>http://maps.google.com/mapfiles/kml/shapes/shaded_dot.png</href>
               </Icon>
               <scale>0.6</scale>
               <color>bfed8548</color>
            </IconStyle>
         </Style>
         <Point>
            <coordinates>-122.155694283333,37.4692567833333,0</coordinates>
         </Point>
      </Placemark>
      <Placemark>
         <Snippet maxLines="0"> </Snippet>
         <description>823, UTC 22:41:26
37.4694250,-122.1559742,EA3.8m
Alt -26.9 m, EA 1.0 m
Vel 18.2,-25.1, EA 0.00 m/s</description>
         <Style>
            <IconStyle>
               <Icon>
                  <href>http://maps.google.com/mapfiles/kml/shapes/shaded_dot.png</href>
               </Icon>
               <scale>0.6</scale>
               <color>bfed8548</color>
            </IconStyle>
         </Style>
         <Point>
            <coordinates>-122.1559742,37.469425,0</coordinates>
         </Point>
      </Placemark>
      <Placemark>
         <Snippet maxLines="0"> </Snippet>
         <description>824, UTC 22:41:27
37.4695871,-122.1562537,EA3.8m
Alt -26.9 m, EA 1.0 m
Vel 17.9,-24.7, EA 0.00 m/s</description>
         <Style>
            <IconStyle>
               <Icon>
                  <href>http://maps.google.com/mapfiles/kml/shapes/shaded_dot.png</href>
               </Icon>
               <scale>0.6</scale>
               <color>bfed8548</color>
            </IconStyle>
         </Style>
         <Point>
            <coordinates>-122.156253683333,37.4695870833333,0</coordinates>
         </Point>
      </Placemark>
      <Placemark>
         <Snippet maxLines="0"> </Snippet>
         <description>825, UTC 22:41:28
37.4697439,-122.1565274,EA3.8m
Alt -26.8 m, EA 1.0 m
Vel 17.7,-24.3, EA 0.00 m/s</description>
         <Style>
            <IconStyle>
               <Icon>
                  <href>http://maps.google.com/mapfiles/kml/shapes/shaded_dot.png</href>
               </Icon>
               <scale>0.6</scale>
               <color>bfed8548</color>
            </IconStyle>
         </Style>
         <Point>
            <coordinates>-122.1565274,37.4697438833333,0</coordinates>
         </Point>
      </Placemark>
      <Placemark>
         <Snippet maxLines="0"> </Snippet>
         <description>826, UTC 22:41:29
37.4699008,-122.1567941,EA3.8m
Alt -26.9 m, EA 1.0 m
Vel 17.5,-24.0, EA 0.00 m/s</description>
         <Style>
            <IconStyle>
               <Icon>
                  <href>http://maps.google.com/mapfiles/kml/shapes/shaded_dot.png</href>
               </Icon>
               <scale>0.6</scale>
               <color>bfed8548</color>
            </IconStyle>
         </Style>
         <Point>
            <coordinates>-122.156794083333,37.4699007833333,0</coordinates>
         </Point>
      </Placemark>
      <Placemark>
         <Snippet maxLines="0"> </Snippet>
         <description>827, UTC 22:41:30
37.4700544,-122.1570627,EA3.8m
Alt -27.1 m, EA 1.0 m
Vel 17.5,-23.8, EA 0.00 m/s</description>
         <Style>
            <IconStyle>
               <Icon>
                  <href>http://maps.google.com/mapfiles/kml/shapes/shaded_dot.png</href>
               </Icon>
               <scale>0.6</scale>
               <color>bfed8548</color>
            </IconStyle>
         </Style>
         <Point>
            <coordinates>-122.157062683333,37.4700544,0</coordinates>
         </Point>
      </Placemark>
      <Placemark>
         <Snippet maxLines="0"> </Snippet>
         <description>828, UTC 22:41:31
37.4702096,-122.1573284,EA3.8m
Alt -27.0 m, EA 1.0 m
Vel 17.3,-23.5, EA 0.00 m/s</description>
         <Style>
            <IconStyle>
               <Icon>
                  <href>http://maps.google.com/mapfiles/kml/shapes/shaded_dot.png</href>
               </Icon>
               <scale>0.6</scale>
               <color>bfed8548</color>
            </IconStyle>
         </Style>
         <Point>
            <coordinates>-122.157328383333,37.4702095833333,0</coordinates>
         </Point>
      </Placemark>
      <Placemark>
         <Snippet maxLines="0"> </Snippet>
         <description>829, UTC 22:41:32
37.4703657,-122.1575918,EA3.8m
Alt -27.7 m, EA 1.0 m
Vel 17.2,-23.3, EA 0.00 m/s</description>
         <Style>
            <IconStyle>
               <Icon>
                  <href>http://maps.google.com/mapfiles/kml/shapes/shaded_dot.png</href>
               </Icon>
               <scale>0.6</scale>
               <color>bfed8548</color>
            </IconStyle>
         </Style>
         <Point>
            <coordinates>-122.1575918,37.4703657,0</coordinates>
         </Point>
      </Placemark>
      <Placemark>
         <Snippet maxLines="0"> </Snippet>
         <description>830, UTC 22:41:33
37.4705217,-122.1578568,EA3.8m
Alt -27.8 m, EA 1.0 m
Vel 17.3,-23.5, EA 0.00 m/s</description>
         <Style>
            <IconStyle>
               <Icon>
                  <href>http://maps.google.com/mapfiles/kml/shapes/shaded_dot.png</href>
               </Icon>
               <scale>0.6</scale>
               <color>bfed8548</color>
            </IconStyle>
         </Style>
         <Point>
            <coordinates>-122.1578568,37.4705216833333,0</coordinates>
         </Point>
      </Placemark>
      <Placemark>
         <Snippet maxLines="0"> </Snippet>
         <description>831, UTC 22:41:34
37.4706803,-122.1581255,EA3.8m
Alt -27.7 m, EA 1.0 m
Vel 17.5,-23.9, EA 0.00 m/s</description>
         <Style>
            <IconStyle>
               <Icon>
                  <href>http://maps.google.com/mapfiles/kml/shapes/shaded_dot.png</href>
               </Icon>
               <scale>0.6</scale>
               <color>bfed8548</color>
            </IconStyle>
         </Style>
         <Point>
            <coordinates>-122.158125483333,37.4706802833333,0</coordinates>
         </Point>
      </Placemark>
      <Placemark>
         <Snippet maxLines="0"> </Snippet>
         <description>832, UTC 22:41:35
37.4708423,-122.1583994,EA3.8m
Alt -28.0 m, EA 1.0 m
Vel 17.7,-24.2, EA 0.00 m/s</description>
         <Style>
            <IconStyle>
               <Icon>
                  <href>http://maps.google.com/mapfiles/kml/shapes/shaded_dot.png</href>
               </Icon>
               <scale>0.6</scale>
               <color>bfed8548</color>
            </IconStyle>
         </Style>
         <Point>
            <coordinates>-122.158399383333,37.4708423,0</coordinates>
         </Point>
      </Placemark>
      <Placemark>
         <Snippet maxLines="0"> </Snippet>
         <description>833, UTC 22:41:36
37.4710031,-122.1586782,EA3.8m
Alt -28.3 m, EA 1.0 m
Vel 18.0,-24.5, EA 0.00 m/s</description>
         <Style>
            <IconStyle>
               <Icon>
                  <href>http://maps.google.com/mapfiles/kml/shapes/shaded_dot.png</href>
               </Icon>
               <scale>0.6</scale>
               <color>bfed8548</color>
            </IconStyle>
         </Style>
         <Point>
            <coordinates>-122.158678183333,37.4710030833333,0</coordinates>
         </Point>
      </Placemark>
      <Placemark>
         <Snippet maxLines="0"> </Snippet>
         <description>834, UTC 22:41:37
37.4711670,-122.1589604,EA3.8m
Alt -28.9 m, EA 1.0 m
Vel 18.2,-24.8, EA 0.00 m/s</description>
         <Style>
            <IconStyle>
               <Icon>
                  <href>http://maps.google.com/mapfiles/kml/shapes/shaded_dot.png</href>
               </Icon>
               <scale>0.6</scale>
               <color>bfed8548</color>
            </IconStyle>
         </Style>
         <Point>
            <coordinates>-122.158960383333,37.471167,0</coordinates>
         </Point>
      </Placemark>
      <Placemark>
         <Snippet maxLines="0"> </Snippet>
         <description>835, UTC 22:41:38
37.4713322,-122.1592413,EA3.8m
Alt -29.0 m, EA 1.0 m
Vel 18.4,-24.9, EA 0.00 m/s</description>
         <Style>
            <IconStyle>
               <Icon>
                  <href>http://maps.google.com/mapfiles/kml/shapes/shaded_dot.png</href>
               </Icon>
               <scale>0.6</scale>
               <color>bfed8548</color>
            </IconStyle>
         </Style>
         <Point>
            <coordinates>-122.1592413,37.4713321833333,0</coordinates>
         </Point>
      </Placemark>
      <Placemark>
         <Snippet maxLines="0"> </Snippet>
         <description>836, UTC 22:41:39
37.4715012,-122.1595247,EA3.8m
Alt -29.2 m, EA 1.0 m
Vel 18.5,-25.2, EA 0.00 m/s</description>
         <Style>
            <IconStyle>
               <Icon>
                  <href>http://maps.google.com/mapfiles/kml/shapes/shaded_dot.png</href>
               </Icon>
               <scale>0.6</scale>
               <color>bfed8548</color>
            </IconStyle>
         </Style>
         <Point>
            <coordinates>-122.1595247,37.4715011833333,0</coordinates>
         </Point>
      </Placemark>
      <Placemark>
         <Snippet maxLines="0"> </Snippet>
         <description>837, UTC 22:41:40
37.4716678,-122.1598093,EA3.8m
Alt -29.3 m, EA 1.0 m
Vel 18.6,-25.4, EA 0.00 m/s</description>
         <Style>
            <IconStyle>
               <Icon>
                  <href>http://maps.google.com/mapfiles/kml/shapes/shaded_dot.png</href>
               </Icon>
               <scale>0.6</scale>
               <color>bfed8548</color>
            </IconStyle>
         </Style>
         <Point>
            <coordinates>-122.1598093,37.4716677833333,0</coordinates>
         </Point>
      </Placemark>
      <Placemark>
         <Snippet maxLines="0"> </Snippet>
         <description>838, UTC 22:41:41
37.4718373,-122.1600996,EA3.8m
Alt -29.4 m, EA 1.0 m
Vel 18.8,-25.7, EA 0.00 m/s</description>
         <Style>
            <IconStyle>
               <Icon>
                  <href>http://maps.google.com/mapfiles/kml/shapes/shaded_dot.png</href>
               </Icon>
               <scale>0.6</scale>
               <color>bfed8548</color>
            </IconStyle>
         </Style>
         <Point>
            <coordinates>-122.160099583333,37.4718372833333,0</coordinates>
         </Point>
      </Placemark>
      <Placemark>
         <Snippet maxLines="0"> </Snippet>
         <description>839, UTC 22:41:42
37.4720082,-122.1603939,EA3.8m
Alt -29.6 m, EA 1.0 m
Vel 19.0,-25.9, EA 0.00 m/s</description>
         <Style>
            <IconStyle>
               <Icon>
                  <href>http://maps.google.com/mapfiles/kml/shapes/shaded_dot.png</href>
               </Icon>
               <scale>0.6</scale>
               <color>bfed8548</color>
            </IconStyle>
         </Style>
         <Point>
            <coordinates>-122.1603939,37.4720081833333,0</coordinates>
         </Point>
      </Placemark>
      <Placemark>
         <Snippet maxLines="0"> </Snippet>
         <description>840, UTC 22:41:43
37.4721788,-122.1606902,EA3.8m
Alt -29.5 m, EA 1.0 m
Vel 19.1,-26.0, EA 0.00 m/s</description>
         <Style>
            <IconStyle>
               <Icon>
                  <href>http://maps.google.com/mapfiles/kml/shapes/shaded_dot.png</href>
               </Icon>
               <scale>0.6</scale>
               <color>bfed8548</color>
            </IconStyle>
         </Style>
         <Point>
            <coordinates>-122.1606902,37.4721788,0</coordinates>
         </Point>
      </Placemark>
      <Placemark>
         <Snippet maxLines="0"> </Snippet>
         <description>841, UTC 22:41:44
37.4723512,-122.1609811,EA3.8m
Alt -29.4 m, EA 1.0 m
Vel 19.2,-25.9, EA 0.00 m/s</description>
         <Style>
            <IconStyle>
               <Icon>
                  <href>http://maps.google.com/mapfiles/kml/shapes/shaded_dot.png</href>
               </Icon>
               <scale>0.6</scale>
               <color>bfed8548</color>
            </IconStyle>
         </Style>
         <Point>
            <coordinates>-122.1609811,37.4723511833333,0</coordinates>
         </Point>
      </Placemark>
      <Placemark>
         <Snippet maxLines="0"> </Snippet>
         <description>842, UTC 22:41:45
37.4725229,-122.1612697,EA3.8m
Alt -29.2 m, EA 1.0 m
Vel 19.1,-25.6, EA 0.00 m/s</description>
         <Style>
            <IconStyle>
               <Icon>
                  <href>http://maps.google.com/mapfiles/kml/shapes/shaded_dot.png</href>
               </Icon>
               <scale>0.6</scale>
               <color>bfed8548</color>
            </IconStyle>
         </Style>
         <Point>
            <coordinates>-122.1612697,37.4725229,0</coordinates>
         </Point>
      </Placemark>
      <Placemark>
         <Snippet maxLines="0"> </Snippet>
         <description>843, UTC 22:41:46
37.4726938,-122.1615572,EA3.8m
Alt -29.0 m, EA 1.0 m
Vel 18.9,-25.3, EA 0.00 m/s</description>
         <Style>
            <IconStyle>
               <Icon>
                  <href>http://maps.google.com/mapfiles/kml/shapes/shaded_dot.png</href>
               </Icon>
               <scale>0.6</scale>
               <color>bfed8548</color>
            </IconStyle>
         </Style>
         <Point>
            <coordinates>-122.1615572,37.4726938,0</coordinates>
         </Point>
      </Placemark>
      <Placemark>
         <Snippet maxLines="0"> </Snippet>
         <description>844, UTC 22:41:47
37.4728645,-122.1618410,EA3.8m
Alt -29.0 m, EA 1.0 m
Vel 18.8,-25.3, EA 0.00 m/s</description>
         <Style>
            <IconStyle>
               <Icon>
                  <href>http://maps.google.com/mapfiles/kml/shapes/shaded_dot.png</href>
               </Icon>
               <scale>0.6</scale>
               <color>bfed8548</color>
            </IconStyle>
         </Style>
         <Point>
            <coordinates>-122.161840983333,37.4728645,0</coordinates>
         </Point>
      </Placemark>
      <Placemark>
         <Snippet maxLines="0"> </Snippet>
         <description>845, UTC 22:41:48
37.4730353,-122.1621297,EA3.8m
Alt -29.1 m, EA 1.0 m
Vel 19.4,-24.9, EA 0.00 m/s</description>
         <Style>
            <IconStyle>
               <Icon>
                  <href>http://maps.google.com/mapfiles/kml/shapes/shaded_dot.png</href>
               </Icon>
               <scale>0.6</scale>
               <color>bfed8548</color>
            </IconStyle>
         </Style>
         <Point>
            <coordinates>-122.162129683333,37.4730352833333,0</coordinates>
         </Point>
      </Placemark>
      <Placemark>
         <Snippet maxLines="0"> </Snippet>
         <description>846, UTC 22:41:49
37.4732106,-122.1624146,EA3.8m
Alt -28.9 m, EA 1.0 m
Vel 19.7,-24.8, EA 0.00 m/s</description>
         <Style>
            <IconStyle>
               <Icon>
                  <href>http://maps.google.com/mapfiles/kml/shapes/shaded_dot.png</href>
               </Icon>
               <scale>0.6</scale>
               <color>bfed8548</color>
            </IconStyle>
         </Style>
         <Point>
            <coordinates>-122.1624146,37.4732106,0</coordinates>
         </Point>
      </Placemark>
      <Placemark>
         <Snippet maxLines="0"> </Snippet>
         <description>847, UTC 22:41:50
37.4733946,-122.1626996,EA3.8m
Alt -28.8 m, EA 1.0 m
Vel 19.8,-25.2, EA 0.00 m/s</description>
         <Style>
            <IconStyle>
               <Icon>
                  <href>http://maps.google.com/mapfiles/kml/shapes/shaded_dot.png</href>
               </Icon>
               <scale>0.6</scale>
               <color>bfed8548</color>
            </IconStyle>
         </Style>
         <Point>
            <coordinates>-122.162699583333,37.4733945833333,0</coordinates>
         </Point>
      </Placemark>
      <Placemark>
         <Snippet maxLines="0"> </Snippet>
         <description>848, UTC 22:41:51
37.4735744,-122.1629897,EA3.8m
Alt -28.4 m, EA 1.0 m
Vel 19.6,-26.0, EA 0.00 m/s</description>
         <Style>
            <IconStyle>
               <Icon>
                  <href>http://maps.google.com/mapfiles/kml/shapes/shaded_dot.png</href>
               </Icon>
               <scale>0.6</scale>
               <color>bfed8548</color>
            </IconStyle>
         </Style>
         <Point>
            <coordinates>-122.162989683333,37.4735743833333,0</coordinates>
         </Point>
      </Placemark>
      <Placemark>
         <Snippet maxLines="0"> </Snippet>
         <description>849, UTC 22:41:52
37.4737517,-122.1632837,EA3.8m
Alt -28.4 m, EA 1.0 m
Vel 19.6,-26.4, EA 0.00 m/s</description>
         <Style>
            <IconStyle>
               <Icon>
                  <href>http://maps.google.com/mapfiles/kml/shapes/shaded_dot.png</href>
               </Icon>
               <scale>0.6</scale>
               <color>bfed8548</color>
            </IconStyle>
         </Style>
         <Point>
            <coordinates>-122.163283683333,37.4737517,0</coordinates>
         </Point>
      </Placemark>
      <Placemark>
         <Snippet maxLines="0"> </Snippet>
         <description>850, UTC 22:41:53
37.4739292,-122.1635842,EA3.8m
Alt -28.6 m, EA 1.0 m
Vel 19.7,-26.7, EA 0.00 m/s</description>
         <Style>
            <IconStyle>
               <Icon>
                  <href>http://maps.google.com/mapfiles/kml/shapes/shaded_dot.png</href>
               </Icon>
               <scale>0.6</scale>
               <color>bfed8548</color>
            </IconStyle>
         </Style>
         <Point>
            <coordinates>-122.1635842,37.4739292,0</coordinates>
         </Point>
      </Placemark>
      <Placemark>
         <Snippet maxLines="0"> </Snippet>
         <description>851, UTC 22:41:54
37.4741078,-122.1638876,EA3.8m
Alt -28.6 m, EA 1.0 m
Vel 19.7,-26.9, EA 0.00 m/s</description>
         <Style>
            <IconStyle>
               <Icon>
                  <href>http://maps.google.com/mapfiles/kml/shapes/shaded_dot.png</href>
               </Icon>
               <scale>0.6</scale>
               <color>bfed8548</color>
            </IconStyle>
         </Style>
         <Point>
            <coordinates>-122.163887583333,37.4741077833333,0</coordinates>
         </Point>
      </Placemark>
      <Placemark>
         <Snippet maxLines="0"> </Snippet>
         <description>852, UTC 22:41:55
37.4742841,-122.1641931,EA3.8m
Alt -28.6 m, EA 1.0 m
Vel 19.7,-27.1, EA 0.00 m/s</description>
         <Style>
            <IconStyle>
               <Icon>
                  <href>http://maps.google.com/mapfiles/kml/shapes/shaded_dot.png</href>
               </Icon>
               <scale>0.6</scale>
               <color>bfed8548</color>
            </IconStyle>
         </Style>
         <Point>
            <coordinates>-122.1641931,37.4742840833333,0</coordinates>
         </Point>
      </Placemark>
      <Placemark>
         <Snippet maxLines="0"> </Snippet>
         <description>853, UTC 22:41:56
37.4744614,-122.1644979,EA3.8m
Alt -28.7 m, EA 1.0 m
Vel 19.7,-27.1, EA 0.00 m/s</description>
         <Style>
            <IconStyle>
               <Icon>
                  <href>http://maps.google.com/mapfiles/kml/shapes/shaded_dot.png</href>
               </Icon>
               <scale>0.6</scale>
               <color>bfed8548</color>
            </IconStyle>
         </Style>
         <Point>
            <coordinates>-122.1644979,37.4744614,0</coordinates>
         </Point>
      </Placemark>
      <Placemark>
         <Snippet maxLines="0"> </Snippet>
         <description>854, UTC 22:41:57
37.4746420,-122.1648037,EA3.8m
Alt -28.8 m, EA 1.0 m
Vel 19.9,-27.0, EA 0.00 m/s</description>
         <Style>
            <IconStyle>
               <Icon>
                  <href>http://maps.google.com/mapfiles/kml/shapes/shaded_dot.png</href>
               </Icon>
               <scale>0.6</scale>
               <color>bfed8548</color>
            </IconStyle>
         </Style>
         <Point>
            <coordinates>-122.164803683333,37.474642,0</coordinates>
         </Point>
      </Placemark>
      <Placemark>
         <Snippet maxLines="0"> </Snippet>
         <description>855, UTC 22:41:58
37.4748201,-122.1651087,EA3.8m
Alt -28.8 m, EA 1.0 m
Vel 19.9,-27.1, EA 0.00 m/s</description>
         <Style>
            <IconStyle>
               <Icon>
                  <href>http://maps.google.com/mapfiles/kml/shapes/shaded_dot.png</href>
               </Icon>
               <scale>0.6</scale>
               <color>bfed8548</color>
            </IconStyle>
         </Style>
         <Point>
            <coordinates>-122.1651087,37.4748201,0</coordinates>
         </Point>
      </Placemark>
      <Placemark>
         <Snippet maxLines="0"> </Snippet>
         <description>856, UTC 22:41:59
37.4749993,-122.1654136,EA3.8m
Alt -29.1 m, EA 1.0 m
Vel 19.8,-27.1, EA 0.00 m/s</description>
         <Style>
            <IconStyle>
               <Icon>
                  <href>http://maps.google.com/mapfiles/kml/shapes/shaded_dot.png</href>
               </Icon>
               <scale>0.6</scale>
               <color>bfed8548</color>
            </IconStyle>
         </Style>
         <Point>
            <coordinates>-122.165413583333,37.4749993,0</coordinates>
         </Point>
      </Placemark>
      <Placemark>
         <Snippet maxLines="0"> </Snippet>
         <description>857, UTC 22:42:00
37.4751776,-122.1657215,EA3.8m
Alt -29.6 m, EA 1.0 m
Vel 19.8,-27.1, EA 0.00 m/s</description>
         <Style>
            <IconStyle>
               <Icon>
                  <href>http://maps.google.com/mapfiles/kml/shapes/shaded_dot.png</href>
               </Icon>
               <scale>0.6</scale>
               <color>bfed8548</color>
            </IconStyle>
         </Style>
         <Point>
            <coordinates>-122.1657215,37.4751776,0</coordinates>
         </Point>
      </Placemark>
      <Placemark>
         <Snippet maxLines="0"> </Snippet>
         <description>858, UTC 22:42:01
37.4753578,-122.1660284,EA3.8m
Alt -29.5 m, EA 1.0 m
Vel 19.9,-27.0, EA 0.00 m/s</description>
         <Style>
            <IconStyle>
               <Icon>
                  <href>http://maps.google.com/mapfiles/kml/shapes/shaded_dot.png</href>
               </Icon>
               <scale>0.6</scale>
               <color>bfed8548</color>
            </IconStyle>
         </Style>
         <Point>
            <coordinates>-122.1660284,37.4753577833333,0</coordinates>
         </Point>
      </Placemark>
      <Placemark>
         <Snippet maxLines="0"> </Snippet>
         <description>859, UTC 22:42:02
37.4755348,-122.1663319,EA3.8m
Alt -29.9 m, EA 1.0 m
Vel 19.8,-26.8, EA 0.00 m/s</description>
         <Style>
            <IconStyle>
               <Icon>
                  <href>http://maps.google.com/mapfiles/kml/shapes/shaded_dot.png</href>
               </Icon>
               <scale>0.6</scale>
               <color>bfed8548</color>
            </IconStyle>
         </Style>
         <Point>
            <coordinates>-122.1663319,37.4755347833333,0</coordinates>
         </Point>
      </Placemark>
      <Placemark>
         <Snippet maxLines="0"> </Snippet>
         <description>860, UTC 22:42:03
37.4757138,-122.1666321,EA3.8m
Alt -29.7 m, EA 1.0 m
Vel 19.5,-26.6, EA 0.00 m/s</description>
         <Style>
            <IconStyle>
               <Icon>
                  <href>http://maps.google.com/mapfiles/kml/shapes/shaded_dot.png</href>
               </Icon>
               <scale>0.6</scale>
               <color>bfed8548</color>
            </IconStyle>
         </Style>
         <Point>
            <coordinates>-122.1666321,37.4757138,0</coordinates>
         </Point>
      </Placemark>
      <Placemark>
         <Snippet maxLines="0"> </Snippet>
         <description>861, UTC 22:42:04
37.4758849,-122.1669284,EA3.8m
Alt -29.9 m, EA 1.0 m
Vel 19.2,-26.2, EA 0.00 m/s</description>
         <Style>
            <IconStyle>
               <Icon>
                  <href>http://maps.google.com/mapfiles/kml/shapes/shaded_dot.png</href>
               </Icon>
               <scale>0.6</scale>
               <color>bfed8548</color>
            </IconStyle>
         </Style>
         <Point>
            <coordinates>-122.1669284,37.4758848833333,0</coordinates>
         </Point>
      </Placemark>
      <Placemark>
         <Snippet maxLines="0"> </Snippet>
         <description>862, UTC 22:42:05
37.4760560,-122.1672215,EA3.8m
Alt -29.9 m, EA 1.0 m
Vel 19.0,-25.9, EA 0.00 m/s</description>
         <Style>
            <IconStyle>
               <Icon>
                  <href>http://maps.google.com/mapfiles/kml/shapes/shaded_dot.png</href>
               </Icon>
               <scale>0.6</scale>
               <color>bfed8548</color>
            </IconStyle>
         </Style>
         <Point>
            <coordinates>-122.167221483333,37.4760559833333,0</coordinates>
         </Point>
      </Placemark>
      <Placemark>
         <Snippet maxLines="0"> </Snippet>
         <description>863, UTC 22:42:06
37.4762248,-122.1675129,EA3.8m
Alt -29.8 m, EA 1.0 m
Vel 19.0,-25.6, EA 0.00 m/s</description>
         <Style>
            <IconStyle>
               <Icon>
                  <href>http://maps.google.com/mapfiles/kml/shapes/shaded_dot.png</href>
               </Icon>
               <scale>0.6</scale>
               <color>bfed8548</color>
            </IconStyle>
         </Style>
         <Point>
            <coordinates>-122.1675129,37.4762247833333,0</coordinates>
         </Point>
      </Placemark>
      <Placemark>
         <Snippet maxLines="0"> </Snippet>
         <description>864, UTC 22:42:07
37.4763949,-122.1677986,EA3.8m
Alt -29.8 m, EA 1.0 m
Vel 18.8,-25.3, EA 0.00 m/s</description>
         <Style>
            <IconStyle>
               <Icon>
                  <href>http://maps.google.com/mapfiles/kml/shapes/shaded_dot.png</href>
               </Icon>
               <scale>0.6</scale>
               <color>bfed8548</color>
            </IconStyle>
         </Style>
         <Point>
            <coordinates>-122.167798583333,37.4763949,0</coordinates>
         </Point>
      </Placemark>
      <Placemark>
         <Snippet maxLines="0"> </Snippet>
         <description>865, UTC 22:42:08
37.4765612,-122.1680815,EA3.8m
Alt -29.6 m, EA 1.0 m
Vel 18.7,-24.9, EA 0.00 m/s</description>
         <Style>
            <IconStyle>
               <Icon>
                  <href>http://maps.google.com/mapfiles/kml/shapes/shaded_dot.png</href>
               </Icon>
               <scale>0.6</scale>
               <color>bfed8548</color>
            </IconStyle>
         </Style>
         <Point>
            <coordinates>-122.168081483333,37.4765611833333,0</coordinates>
         </Point>
      </Placemark>
      <Placemark>
         <Snippet maxLines="0"> </Snippet>
         <description>866, UTC 22:42:09
37.4767300,-122.1683588,EA3.8m
Alt -29.1 m, EA 1.0 m
Vel 18.7,-24.5, EA 0.00 m/s</description>
         <Style>
            <IconStyle>
               <Icon>
                  <href>http://maps.google.com/mapfiles/kml/shapes/shaded_dot.png</href>
               </Icon>
               <scale>0.6</scale>
               <color>bfed8548</color>
            </IconStyle>
         </Style>
         <Point>
            <coordinates>-122.168358783333,37.47673,0</coordinates>
         </Point>
      </Placemark>
      <Placemark>
         <Snippet maxLines="0"> </Snippet>
         <description>867, UTC 22:42:10
37.4768997,-122.1686292,EA3.8m
Alt -29.4 m, EA 1.0 m
Vel 18.8,-24.0, EA 0.00 m/s</description>
         <Style>
            <IconStyle>
               <Icon>
                  <href>http://maps.google.com/mapfiles/kml/shapes/shaded_dot.png</href>
               </Icon>
               <scale>0.6</scale>
               <color>bfed8548</color>
            </IconStyle>
         </Style>
         <Point>
            <coordinates>-122.168629183333,37.4768996833333,0</coordinates>
         </Point>
      </Placemark>
      <Placemark>
         <Snippet maxLines="0"> </Snippet>
         <description>868, UTC 22:42:11
37.4770586,-122.1688879,EA3.8m
Alt -29.9 m, EA 1.0 m
Vel 17.5,-23.2, EA 0.00 m/s</description>
         <Style>
            <IconStyle>
               <Icon>
                  <href>http://maps.google.com/mapfiles/kml/shapes/shaded_dot.png</href>
               </Icon>
               <scale>0.6</scale>
               <color>bfed8548</color>
            </IconStyle>
         </Style>
         <Point>
            <coordinates>-122.1688879,37.4770585833333,0</coordinates>
         </Point>
      </Placemark>
      <Placemark>
         <Snippet maxLines="0"> </Snippet>
         <description>869, UTC 22:42:12
37.4772057,-122.1691374,EA3.8m
Alt -30.3 m, EA 1.0 m
Vel 16.2,-22.1, EA 0.00 m/s</description>
         <Style>
            <IconStyle>
               <Icon>
                  <href>http://maps.google.com/mapfiles/kml/shapes/shaded_dot.png</href>
               </Icon>
               <scale>0.6</scale>
               <color>bfed8548</color>
            </IconStyle>
         </Style>
         <Point>
            <coordinates>-122.169137383333,37.4772056833333,0</coordinates>
         </Point>
      </Placemark>
      <Placemark>
         <Snippet maxLines="0"> </Snippet>
         <description>870, UTC 22:42:13
37.4773435,-122.1693793,EA3.8m
Alt -30.2 m, EA 1.0 m
Vel 15.4,-21.4, EA 0.00 m/s</description>
         <Style>
            <IconStyle>
               <Icon>
                  <href>http://maps.google.com/mapfiles/kml/shapes/shaded_dot.png</href>
               </Icon>
               <scale>0.6</scale>
               <color>bfed8548</color>
            </IconStyle>
         </Style>
         <Point>
            <coordinates>-122.1693793,37.4773435,0</coordinates>
         </Point>
      </Placemark>
      <Placemark>
         <Snippet maxLines="0"> </Snippet>
         <description>871, UTC 22:42:14
37.4774773,-122.1696207,EA3.8m
Alt -30.1 m, EA 1.0 m
Vel 14.7,-21.6, EA 0.00 m/s</description>
         <Style>
            <IconStyle>
               <Icon>
                  <href>http://maps.google.com/mapfiles/kml/shapes/shaded_dot.png</href>
               </Icon>
               <scale>0.6</scale>
               <color>bfed8548</color>
            </IconStyle>
         </Style>
         <Point>
            <coordinates>-122.169620683333,37.4774772833333,0</coordinates>
         </Point>
      </Placemark>
      <Placemark>
         <Snippet maxLines="0"> </Snippet>
         <description>872, UTC 22:42:15
37.4776102,-122.1698723,EA3.8m
Alt -30.8 m, EA 1.0 m
Vel 14.6,-22.2, EA 0.00 m/s</description>
         <Style>
            <IconStyle>
               <Icon>
                  <href>http://maps.google.com/mapfiles/kml/shapes/shaded_dot.png</href>
               </Icon>
               <scale>0.6</scale>
               <color>bfed8548</color>
            </IconStyle>
         </Style>
         <Point>
            <coordinates>-122.169872283333,37.4776102,0</coordinates>
         </Point>
      </Placemark>
      <Placemark>
         <Snippet maxLines="0"> </Snippet>
         <description>873, UTC 22:42:16
37.4777478,-122.1701352,EA3.8m
Alt -31.1 m, EA 1.0 m
Vel 15.3,-22.8, EA 0.00 m/s</description>
         <Style>
            <IconStyle>
               <Icon>
                  <href>http://maps.google.com/mapfiles/kml/shapes/shaded_dot.png</href>
               </Icon>
               <scale>0.6</scale>
               <color>bfed8548</color>
            </IconStyle>
         </Style>
         <Point>
            <coordinates>-122.1701352,37.4777478,0</coordinates>
         </Point>
      </Placemark>
      <Placemark>
         <Snippet maxLines="0"> </Snippet>
         <description>874, UTC 22:42:17
37.4778937,-122.1704006,EA3.8m
Alt -32.0 m, EA 1.0 m
Vel 16.3,-23.2, EA 0.00 m/s</description>
         <Style>
            <IconStyle>
               <Icon>
                  <href>http://maps.google.com/mapfiles/kml/shapes/shaded_dot.png</href>
               </Icon>
               <scale>0.6</scale>
               <color>bfed8548</color>
            </IconStyle>
         </Style>
         <Point>
            <coordinates>-122.170400583333,37.4778937,0</coordinates>
         </Point>
      </Placemark>
      <Placemark>
         <Snippet maxLines="0"> </Snippet>
         <description>875, UTC 22:42:18
37.4780492,-122.1706682,EA3.8m
Alt -32.6 m, EA 1.0 m
Vel 17.1,-23.8, EA 0.00 m/s</description>
         <Style>
            <IconStyle>
               <Icon>
                  <href>http://maps.google.com/mapfiles/kml/shapes/shaded_dot.png</href>
               </Icon>
               <scale>0.6</scale>
               <color>bfed8548</color>
            </IconStyle>
         </Style>
         <Point>
            <coordinates>-122.170668183333,37.4780492,0</coordinates>
         </Point>
      </Placemark>
      <Placemark>
         <Snippet maxLines="0"> </Snippet>
         <description>876, UTC 22:42:19
37.4782036,-122.1709406,EA3.8m
Alt -33.0 m, EA 1.0 m
Vel 17.4,-23.9, EA 0.00 m/s</description>
         <Style>
            <IconStyle>
               <Icon>
                  <href>http://maps.google.com/mapfiles/kml/shapes/shaded_dot.png</href>
               </Icon>
               <scale>0.6</scale>
               <color>bfed8548</color>
            </IconStyle>
         </Style>
         <Point>
            <coordinates>-122.170940583333,37.4782036,0</coordinates>
         </Point>
      </Placemark>
      <Placemark>
         <Snippet maxLines="0"> </Snippet>
         <description>877, UTC 22:42:20
37.4783643,-122.1712106,EA3.8m
Alt -33.4 m, EA 1.0 m
Vel 17.5,-24.1, EA 0.00 m/s</description>
         <Style>
            <IconStyle>
               <Icon>
                  <href>http://maps.google.com/mapfiles/kml/shapes/shaded_dot.png</href>
               </Icon>
               <scale>0.6</scale>
               <color>bfed8548</color>
            </IconStyle>
         </Style>
         <Point>
            <coordinates>-122.171210583333,37.4783643,0</coordinates>
         </Point>
      </Placemark>
      <Placemark>
         <Snippet maxLines="0"> </Snippet>
         <description>878, UTC 22:42:21
37.4785234,-122.1714877,EA3.8m
Alt -33.6 m, EA 1.0 m
Vel 17.8,-24.3, EA 0.00 m/s</description>
         <Style>
            <IconStyle>
               <Icon>
                  <href>http://maps.google.com/mapfiles/kml/shapes/shaded_dot.png</href>
               </Icon>
               <scale>0.6</scale>
               <color>bfed8548</color>
            </IconStyle>
         </Style>
         <Point>
            <coordinates>-122.1714877,37.4785234,0</coordinates>
         </Point>
      </Placemark>
      <Placemark>
         <Snippet maxLines="0"> </Snippet>
         <description>879, UTC 22:42:22
37.4786912,-122.1717589,EA3.8m
Alt -34.2 m, EA 1.0 m
Vel 18.5,-24.2, EA 0.00 m/s</description>
         <Style>
            <IconStyle>
               <Icon>
                  <href>http://maps.google.com/mapfiles/kml/shapes/shaded_dot.png</href>
               </Icon>
               <scale>0.6</scale>
               <color>bfed8548</color>
            </IconStyle>
         </Style>
         <Point>
            <coordinates>-122.1717589,37.4786912,0</coordinates>
         </Point>
      </Placemark>
      <Placemark>
         <Snippet maxLines="0"> </Snippet>
         <description>880, UTC 22:42:23
37.4788646,-122.1720345,EA3.8m
Alt -34.3 m, EA 1.0 m
Vel 19.1,-24.1, EA 0.00 m/s</description>
         <Style>
            <IconStyle>
               <Icon>
                  <href>http://maps.google.com/mapfiles/kml/shapes/shaded_dot.png</href>
               </Icon>
               <scale>0.6</scale>
               <color>bfed8548</color>
            </IconStyle>
         </Style>
         <Point>
            <coordinates>-122.172034483333,37.4788646,0</coordinates>
         </Point>
      </Placemark>
      <Placemark>
         <Snippet maxLines="0"> </Snippet>
         <description>881, UTC 22:42:24
37.4790426,-122.1723049,EA3.8m
Alt -34.5 m, EA 1.0 m
Vel 19.2,-24.2, EA 0.00 m/s</description>
         <Style>
            <IconStyle>
               <Icon>
                  <href>http://maps.google.com/mapfiles/kml/shapes/shaded_dot.png</href>
               </Icon>
               <scale>0.6</scale>
               <color>bfed8548</color>
            </IconStyle>
         </Style>
         <Point>
            <coordinates>-122.1723049,37.4790425833333,0</coordinates>
         </Point>
      </Placemark>
      <Placemark>
         <Snippet maxLines="0"> </Snippet>
         <description>882, UTC 22:42:25
37.4792141,-122.1725861,EA3.8m
Alt -35.2 m, EA 1.0 m
Vel 19.1,-24.7, EA 0.00 m/s</description>
         <Style>
            <IconStyle>
               <Icon>
                  <href>http://maps.google.com/mapfiles/kml/shapes/shaded_dot.png</href>
               </Icon>
               <scale>0.6</scale>
               <color>bfed8548</color>
            </IconStyle>
         </Style>
         <Point>
            <coordinates>-122.1725861,37.4792141,0</coordinates>
         </Point>
      </Placemark>
      <Placemark>
         <Snippet maxLines="0"> </Snippet>
         <description>883, UTC 22:42:26
37.4793867,-122.1728731,EA3.8m
Alt -34.6 m, EA 1.0 m
Vel 18.9,-25.5, EA 0.00 m/s</description>
         <Style>
            <IconStyle>
               <Icon>
                  <href>http://maps.google.com/mapfiles/kml/shapes/shaded_dot.png</href>
               </Icon>
               <scale>0.6</scale>
               <color>bfed8548</color>
            </IconStyle>
         </Style>
         <Point>
            <coordinates>-122.1728731,37.4793866833333,0</coordinates>
         </Point>
      </Placemark>
      <Placemark>
         <Snippet maxLines="0"> </Snippet>
         <description>884, UTC 22:42:27
37.4795591,-122.1731624,EA3.8m
Alt -34.5 m, EA 1.0 m
Vel 18.9,-25.8, EA 0.00 m/s</description>
         <Style>
            <IconStyle>
               <Icon>
                  <href>http://maps.google.com/mapfiles/kml/shapes/shaded_dot.png</href>
               </Icon>
               <scale>0.6</scale>
               <color>bfed8548</color>
            </IconStyle>
         </Style>
         <Point>
            <coordinates>-122.173162383333,37.4795591,0</coordinates>
         </Point>
      </Placemark>
      <Placemark>
         <Snippet maxLines="0"> </Snippet>
         <description>885, UTC 22:42:28
37.4797324,-122.1734563,EA3.8m
Alt -33.9 m, EA 1.0 m
Vel 18.9,-26.0, EA 0.00 m/s</description>
         <Style>
            <IconStyle>
               <Icon>
                  <href>http://maps.google.com/mapfiles/kml/shapes/shaded_dot.png</href>
               </Icon>
               <scale>0.6</scale>
               <color>bfed8548</color>
            </IconStyle>
         </Style>
         <Point>
            <coordinates>-122.173456283333,37.4797324,0</coordinates>
         </Point>
      </Placemark>
      <Placemark>
         <Snippet maxLines="0"> </Snippet>
         <description>886, UTC 22:42:29
37.4799051,-122.1737504,EA3.8m
Alt -32.9 m, EA 1.0 m
Vel 18.9,-26.0, EA 0.00 m/s</description>
         <Style>
            <IconStyle>
               <Icon>
                  <href>http://maps.google.com/mapfiles/kml/shapes/shaded_dot.png</href>
               </Icon>
               <scale>0.6</scale>
               <color>bfed8548</color>
            </IconStyle>
         </Style>
         <Point>
            <coordinates>-122.1737504,37.4799051,0</coordinates>
         </Point>
      </Placemark>
      <Placemark>
         <Snippet maxLines="0"> </Snippet>
         <description>887, UTC 22:42:30
37.4800796,-122.1740476,EA3.8m
Alt -31.9 m, EA 1.0 m
Vel 19.0,-26.0, EA 0.00 m/s</description>
         <Style>
            <IconStyle>
               <Icon>
                  <href>http://maps.google.com/mapfiles/kml/shapes/shaded_dot.png</href>
               </Icon>
               <scale>0.6</scale>
               <color>bfed8548</color>
            </IconStyle>
         </Style>
         <Point>
            <coordinates>-122.174047583333,37.4800796,0</coordinates>
         </Point>
      </Placemark>
      <Placemark>
         <Snippet maxLines="0"> </Snippet>
         <description>888, UTC 22:42:31
37.4802467,-122.1743438,EA3.8m
Alt -31.5 m, EA 1.0 m
Vel 19.0,-26.0, EA 0.00 m/s</description>
         <Style>
            <IconStyle>
               <Icon>
                  <href>http://maps.google.com/mapfiles/kml/shapes/shaded_dot.png</href>
               </Icon>
               <scale>0.6</scale>
               <color>bfed8548</color>
            </IconStyle>
         </Style>
         <Point>
            <coordinates>-122.1743438,37.4802467,0</coordinates>
         </Point>
      </Placemark>
      <Placemark>
         <Snippet maxLines="0"> </Snippet>
         <description>889, UTC 22:42:32
37.4804197,-122.1746392,EA3.8m
Alt -31.6 m, EA 1.0 m
Vel 19.0,-26.2, EA 0.00 m/s</description>
         <Style>
            <IconStyle>
               <Icon>
                  <href>http://maps.google.com/mapfiles/kml/shapes/shaded_dot.png</href>
               </Icon>
               <scale>0.6</scale>
               <color>bfed8548</color>
            </IconStyle>
         </Style>
         <Point>
            <coordinates>-122.1746392,37.4804196833333,0</coordinates>
         </Point>
      </Placemark>
      <Placemark>
         <Snippet maxLines="0"> </Snippet>
         <description>890, UTC 22:42:33
37.4805903,-122.1749384,EA3.8m
Alt -31.7 m, EA 1.0 m
Vel 19.1,-26.4, EA 0.00 m/s</description>
         <Style>
            <IconStyle>
               <Icon>
                  <href>http://maps.google.com/mapfiles/kml/shapes/shaded_dot.png</href>
               </Icon>
               <scale>0.6</scale>
               <color>bfed8548</color>
            </IconStyle>
         </Style>
         <Point>
            <coordinates>-122.1749384,37.4805903,0</coordinates>
         </Point>
      </Placemark>
      <Placemark>
         <Snippet maxLines="0"> </Snippet>
         <description>891, UTC 22:42:34
37.4807655,-122.1752387,EA3.8m
Alt -30.9 m, EA 1.0 m
Vel 19.4,-26.4, EA 0.00 m/s</description>
         <Style>
            <IconStyle>
               <Icon>
                  <href>http://maps.google.com/mapfiles/kml/shapes/shaded_dot.png</href>
               </Icon>
               <scale>0.6</scale>
               <color>bfed8548</color>
            </IconStyle>
         </Style>
         <Point>
            <coordinates>-122.175238683333,37.4807654833333,0</coordinates>
         </Point>
      </Placemark>
      <Placemark>
         <Snippet maxLines="0"> </Snippet>
         <description>892, UTC 22:42:35
37.4809424,-122.1755346,EA3.8m
Alt -30.9 m, EA 1.0 m
Vel 19.4,-26.5, EA 0.00 m/s</description>
         <Style>
            <IconStyle>
               <Icon>
                  <href>http://maps.google.com/mapfiles/kml/shapes/shaded_dot.png</href>
               </Icon>
               <scale>0.6</scale>
               <color>bfed8548</color>
            </IconStyle>
         </Style>
         <Point>
            <coordinates>-122.1755346,37.4809424,0</coordinates>
         </Point>
      </Placemark>
      <Placemark>
         <Snippet maxLines="0"> </Snippet>
         <description>893, UTC 22:42:36
37.4811160,-122.1758318,EA3.8m
Alt -30.1 m, EA 1.0 m
Vel 19.4,-26.4, EA 0.00 m/s</description>
         <Style>
            <IconStyle>
               <Icon>
                  <href>http://maps.google.com/mapfiles/kml/shapes/shaded_dot.png</href>
               </Icon>
               <scale>0.6</scale>
               <color>bfed8548</color>
            </IconStyle>
         </Style>
         <Point>
            <coordinates>-122.175831783333,37.481116,0</coordinates>
         </Point>
      </Placemark>
      <Placemark>
         <Snippet maxLines="0"> </Snippet>
         <description>894, UTC 22:42:37
37.4812890,-122.1761276,EA3.8m
Alt -29.8 m, EA 1.0 m
Vel 19.3,-26.3, EA 0.00 m/s</description>
         <Style>
            <IconStyle>
               <Icon>
                  <href>http://maps.google.com/mapfiles/kml/shapes/shaded_dot.png</href>
               </Icon>
               <scale>0.6</scale>
               <color>bfed8548</color>
            </IconStyle>
         </Style>
         <Point>
            <coordinates>-122.1761276,37.4812889833333,0</coordinates>
         </Point>
      </Placemark>
      <Placemark>
         <Snippet maxLines="0"> </Snippet>
         <description>895, UTC 22:42:38
37.4814605,-122.1764251,EA3.8m
Alt -29.9 m, EA 1.0 m
Vel 19.2,-26.2, EA 0.00 m/s</description>
         <Style>
            <IconStyle>
               <Icon>
                  <href>http://maps.google.com/mapfiles/kml/shapes/shaded_dot.png</href>
               </Icon>
               <scale>0.6</scale>
               <color>bfed8548</color>
            </IconStyle>
         </Style>
         <Point>
            <coordinates>-122.1764251,37.4814604833333,0</coordinates>
         </Point>
      </Placemark>
      <Placemark>
         <Snippet maxLines="0"> </Snippet>
         <description>896, UTC 22:42:39
37.4816273,-122.1767203,EA3.8m
Alt -29.2 m, EA 1.0 m
Vel 18.8,-26.1, EA 0.00 m/s</description>
         <Style>
            <IconStyle>
               <Icon>
                  <href>http://maps.google.com/mapfiles/kml/shapes/shaded_dot.png</href>
               </Icon>
               <scale>0.6</scale>
               <color>bfed8548</color>
            </IconStyle>
         </Style>
         <Point>
            <coordinates>-122.176720283333,37.4816272833333,0</coordinates>
         </Point>
      </Placemark>
      <Placemark>
         <Snippet maxLines="0"> </Snippet>
         <description>897, UTC 22:42:40
37.4817963,-122.1770131,EA3.8m
Alt -29.0 m, EA 1.0 m
Vel 18.4,-26.0, EA 0.00 m/s</description>
         <Style>
            <IconStyle>
               <Icon>
                  <href>http://maps.google.com/mapfiles/kml/shapes/shaded_dot.png</href>
               </Icon>
               <scale>0.6</scale>
               <color>bfed8548</color>
            </IconStyle>
         </Style>
         <Point>
            <coordinates>-122.177013083333,37.4817962833333,0</coordinates>
         </Point>
      </Placemark>
      <Placemark>
         <Snippet maxLines="0"> </Snippet>
         <description>898, UTC 22:42:41
37.4819639,-122.1773113,EA3.8m
Alt -29.6 m, EA 1.0 m
Vel 18.4,-26.3, EA 0.00 m/s</description>
         <Style>
            <IconStyle>
               <Icon>
                  <href>http://maps.google.com/mapfiles/kml/shapes/shaded_dot.png</href>
               </Icon>
               <scale>0.6</scale>
               <color>bfed8548</color>
            </IconStyle>
         </Style>
         <Point>
            <coordinates>-122.177311283333,37.4819638833333,0</coordinates>
         </Point>
      </Placemark>
      <Placemark>
         <Snippet maxLines="0"> </Snippet>
         <description>899, UTC 22:42:42
37.4821252,-122.1776124,EA3.8m
Alt -28.2 m, EA 1.0 m
Vel 18.3,-27.0, EA 0.00 m/s</description>
         <Style>
            <IconStyle>
               <Icon>
                  <href>http://maps.google.com/mapfiles/kml/shapes/shaded_dot.png</href>
               </Icon>
               <scale>0.6</scale>
               <color>bfed8548</color>
            </IconStyle>
         </Style>
         <Point>
            <coordinates>-122.1776124,37.4821251833333,0</coordinates>
         </Point>
      </Placemark>
      <Placemark>
         <Snippet maxLines="0"> </Snippet>
         <description>900, UTC 22:42:43
37.4822843,-122.1779222,EA3.8m
Alt -27.4 m, EA 1.0 m
Vel 17.9,-27.5, EA 0.00 m/s</description>
         <Style>
            <IconStyle>
               <Icon>
                  <href>http://maps.google.com/mapfiles/kml/shapes/shaded_dot.png</href>
               </Icon>
               <scale>0.6</scale>
               <color>bfed8548</color>
            </IconStyle>
         </Style>
         <Point>
            <coordinates>-122.177922183333,37.4822843,0</coordinates>
         </Point>
      </Placemark>
      <Placemark>
         <Snippet maxLines="0"> </Snippet>
         <description>901, UTC 22:42:44
37.4824480,-122.1782347,EA3.8m
Alt -27.0 m, EA 1.0 m
Vel 17.5,-27.8, EA 0.00 m/s</description>
         <Style>
            <IconStyle>
               <Icon>
                  <href>http://maps.google.com/mapfiles/kml/shapes/shaded_dot.png</href>
               </Icon>
               <scale>0.6</scale>
               <color>bfed8548</color>
            </IconStyle>
         </Style>
         <Point>
            <coordinates>-122.1782347,37.4824479833333,0</coordinates>
         </Point>
      </Placemark>
      <Placemark>
         <Snippet maxLines="0"> </Snippet>
         <description>902, UTC 22:42:45
37.4826026,-122.1785544,EA3.8m
Alt -27.1 m, EA 1.0 m
Vel 17.0,-28.2, EA 0.00 m/s</description>
         <Style>
            <IconStyle>
               <Icon>
                  <href>http://maps.google.com/mapfiles/kml/shapes/shaded_dot.png</href>
               </Icon>
               <scale>0.6</scale>
               <color>bfed8548</color>
            </IconStyle>
         </Style>
         <Point>
            <coordinates>-122.178554383333,37.4826025833333,0</coordinates>
         </Point>
      </Placemark>
      <Placemark>
         <Snippet maxLines="0"> </Snippet>
         <description>903, UTC 22:42:46
37.4827499,-122.1788768,EA3.8m
Alt -27.3 m, EA 1.0 m
Vel 16.5,-28.6, EA 0.00 m/s</description>
         <Style>
            <IconStyle>
               <Icon>
                  <href>http://maps.google.com/mapfiles/kml/shapes/shaded_dot.png</href>
               </Icon>
               <scale>0.6</scale>
               <color>bfed8548</color>
            </IconStyle>
         </Style>
         <Point>
            <coordinates>-122.178876783333,37.4827499,0</coordinates>
         </Point>
      </Placemark>
      <Placemark>
         <Snippet maxLines="0"> </Snippet>
         <description>904, UTC 22:42:47
37.4828991,-122.1792052,EA3.8m
Alt -27.4 m, EA 1.0 m
Vel 16.0,-28.9, EA 0.00 m/s</description>
         <Style>
            <IconStyle>
               <Icon>
                  <href>http://maps.google.com/mapfiles/kml/shapes/shaded_dot.png</href>
               </Icon>
               <scale>0.6</scale>
               <color>bfed8548</color>
            </IconStyle>
         </Style>
         <Point>
            <coordinates>-122.179205183333,37.4828990833333,0</coordinates>
         </Point>
      </Placemark>
      <Placemark>
         <Snippet maxLines="0"> </Snippet>
         <description>905, UTC 22:42:48
37.4830428,-122.1795368,EA3.8m
Alt -27.4 m, EA 1.0 m
Vel 15.4,-29.1, EA 0.00 m/s</description>
         <Style>
            <IconStyle>
               <Icon>
                  <href>http://maps.google.com/mapfiles/kml/shapes/shaded_dot.png</href>
               </Icon>
               <scale>0.6</scale>
               <color>bfed8548</color>
            </IconStyle>
         </Style>
         <Point>
            <coordinates>-122.179536783333,37.4830427833333,0</coordinates>
         </Point>
      </Placemark>
      <Placemark>
         <Snippet maxLines="0"> </Snippet>
         <description>906, UTC 22:42:49
37.4831752,-122.1798690,EA3.8m
Alt -27.3 m, EA 1.0 m
Vel 14.8,-29.3, EA 0.00 m/s</description>
         <Style>
            <IconStyle>
               <Icon>
                  <href>http://maps.google.com/mapfiles/kml/shapes/shaded_dot.png</href>
               </Icon>
               <scale>0.6</scale>
               <color>bfed8548</color>
            </IconStyle>
         </Style>
         <Point>
            <coordinates>-122.179868983333,37.4831751833333,0</coordinates>
         </Point>
      </Placemark>
      <Placemark>
         <Snippet maxLines="0"> </Snippet>
         <description>907, UTC 22:42:50
37.4833040,-122.1802049,EA3.8m
Alt -27.2 m, EA 1.0 m
Vel 14.4,-29.3, EA 0.00 m/s</description>
         <Style>
            <IconStyle>
               <Icon>
                  <href>http://maps.google.com/mapfiles/kml/shapes/shaded_dot.png</href>
               </Icon>
               <scale>0.6</scale>
               <color>bfed8548</color>
            </IconStyle>
         </Style>
         <Point>
            <coordinates>-122.1802049,37.4833039833333,0</coordinates>
         </Point>
      </Placemark>
      <Placemark>
         <Snippet maxLines="0"> </Snippet>
         <description>908, UTC 22:42:51
37.4834320,-122.1805393,EA3.8m
Alt -27.1 m, EA 1.0 m
Vel 14.1,-29.4, EA 0.00 m/s</description>
         <Style>
            <IconStyle>
               <Icon>
                  <href>http://maps.google.com/mapfiles/kml/shapes/shaded_dot.png</href>
               </Icon>
               <scale>0.6</scale>
               <color>bfed8548</color>
            </IconStyle>
         </Style>
         <Point>
            <coordinates>-122.1805393,37.483432,0</coordinates>
         </Point>
      </Placemark>
      <Placemark>
         <Snippet maxLines="0"> </Snippet>
         <description>909, UTC 22:42:52
37.4835609,-122.1808773,EA3.8m
Alt -26.9 m, EA 1.0 m
Vel 13.9,-29.7, EA 0.00 m/s</description>
         <Style>
            <IconStyle>
               <Icon>
                  <href>http://maps.google.com/mapfiles/kml/shapes/shaded_dot.png</href>
               </Icon>
               <scale>0.6</scale>
               <color>bfed8548</color>
            </IconStyle>
         </Style>
         <Point>
            <coordinates>-122.1808773,37.4835609,0</coordinates>
         </Point>
      </Placemark>
      <Placemark>
         <Snippet maxLines="0"> </Snippet>
         <description>910, UTC 22:42:53
37.4836786,-122.1811968,EA3.8m
Alt -26.0 m, EA 1.0 m
Vel 13.0,-28.6, EA 0.00 m/s</description>
         <Style>
            <IconStyle>
               <Icon>
                  <href>http://maps.google.com/mapfiles/kml/shapes/shaded_dot.png</href>
               </Icon>
               <scale>0.6</scale>
               <color>bfed8548</color>
            </IconStyle>
         </Style>
         <Point>
            <coordinates>-122.181196783333,37.4836785833333,0</coordinates>
         </Point>
      </Placemark>
      <Placemark>
         <Snippet maxLines="0"> </Snippet>
         <description>911, UTC 22:42:54
37.4837893,-122.1815170,EA3.8m
Alt -26.4 m, EA 1.0 m
Vel 12.4,-28.1, EA 0.00 m/s</description>
         <Style>
            <IconStyle>
               <Icon>
                  <href>http://maps.google.com/mapfiles/kml/shapes/shaded_dot.png</href>
               </Icon>
               <scale>0.6</scale>
               <color>bfed8548</color>
            </IconStyle>
         </Style>
         <Point>
            <coordinates>-122.181516983333,37.4837892833333,0</coordinates>
         </Point>
      </Placemark>
      <Placemark>
         <Snippet maxLines="0"> </Snippet>
         <description>912, UTC 22:42:55
37.4838942,-122.1818338,EA3.8m
Alt -25.8 m, EA 1.0 m
Vel 11.6,-27.8, EA 0.00 m/s</description>
         <Style>
            <IconStyle>
               <Icon>
                  <href>http://maps.google.com/mapfiles/kml/shapes/shaded_dot.png</href>
               </Icon>
               <scale>0.6</scale>
               <color>bfed8548</color>
            </IconStyle>
         </Style>
         <Point>
            <coordinates>-122.1818338,37.4838942,0</coordinates>
         </Point>
      </Placemark>
      <Placemark>
         <Snippet maxLines="0"> </Snippet>
         <description>913, UTC 22:42:56
37.4839919,-122.1821445,EA3.8m
Alt -25.4 m, EA 1.0 m
Vel 11.1,-27.5, EA 0.00 m/s</description>
         <Style>
            <IconStyle>
               <Icon>
                  <href>http://maps.google.com/mapfiles/kml/shapes/shaded_dot.png</href>
               </Icon>
               <scale>0.6</scale>
               <color>bfed8548</color>
            </IconStyle>
         </Style>
         <Point>
            <coordinates>-122.1821445,37.4839918833333,0</coordinates>
         </Point>
      </Placemark>
      <Placemark>
         <Snippet maxLines="0"> </Snippet>
         <description>914, UTC 22:42:57
37.4840876,-122.1824517,EA3.8m
Alt -25.4 m, EA 1.0 m
Vel 10.7,-27.3, EA 0.00 m/s</description>
         <Style>
            <IconStyle>
               <Icon>
                  <href>http://maps.google.com/mapfiles/kml/shapes/shaded_dot.png</href>
               </Icon>
               <scale>0.6</scale>
               <color>bfed8548</color>
            </IconStyle>
         </Style>
         <Point>
            <coordinates>-122.1824517,37.4840876,0</coordinates>
         </Point>
      </Placemark>
      <Placemark>
         <Snippet maxLines="0"> </Snippet>
         <description>915, UTC 22:42:58
37.4841810,-122.1827583,EA3.8m
Alt -25.2 m, EA 1.0 m
Vel 10.3,-27.0, EA 0.00 m/s</description>
         <Style>
            <IconStyle>
               <Icon>
                  <href>http://maps.google.com/mapfiles/kml/shapes/shaded_dot.png</href>
               </Icon>
               <scale>0.6</scale>
               <color>bfed8548</color>
            </IconStyle>
         </Style>
         <Point>
            <coordinates>-122.1827583,37.4841809833333,0</coordinates>
         </Point>
      </Placemark>
      <Placemark>
         <Snippet maxLines="0"> </Snippet>
         <description>916, UTC 22:42:59
37.4842717,-122.1830599,EA3.8m
Alt -25.6 m, EA 1.0 m
Vel 9.9,-27.0, EA 0.00 m/s</description>
         <Style>
            <IconStyle>
               <Icon>
                  <href>http://maps.google.com/mapfiles/kml/shapes/shaded_dot.png</href>
               </Icon>
               <scale>0.6</scale>
               <color>bfed8548</color>
            </IconStyle>
         </Style>
         <Point>
            <coordinates>-122.1830599,37.4842717,0</coordinates>
         </Point>
      </Placemark>
      <Placemark>
         <Snippet maxLines="0"> </Snippet>
         <description>917, UTC 22:43:00
37.4843609,-122.1833623,EA3.8m
Alt -25.9 m, EA 1.0 m
Vel 9.7,-27.4, EA 0.00 m/s</description>
         <Style>
            <IconStyle>
               <Icon>
                  <href>http://maps.google.com/mapfiles/kml/shapes/shaded_dot.png</href>
               </Icon>
               <scale>0.6</scale>
               <color>bfed8548</color>
            </IconStyle>
         </Style>
         <Point>
            <coordinates>-122.183362283333,37.4843608833333,0</coordinates>
         </Point>
      </Placemark>
      <Placemark>
         <Snippet maxLines="0"> </Snippet>
         <description>918, UTC 22:43:01
37.4844466,-122.1836713,EA3.8m
Alt -26.3 m, EA 1.0 m
Vel 9.4,-27.7, EA 0.00 m/s</description>
         <Style>
            <IconStyle>
               <Icon>
                  <href>http://maps.google.com/mapfiles/kml/shapes/shaded_dot.png</href>
               </Icon>
               <scale>0.6</scale>
               <color>bfed8548</color>
            </IconStyle>
         </Style>
         <Point>
            <coordinates>-122.1836713,37.4844465833333,0</coordinates>
         </Point>
      </Placemark>
      <Placemark>
         <Snippet maxLines="0"> </Snippet>
         <description>919, UTC 22:43:02
37.4845294,-122.1839838,EA3.8m
Alt -26.5 m, EA 1.0 m
Vel 9.3,-27.8, EA 0.00 m/s</description>
         <Style>
            <IconStyle>
               <Icon>
                  <href>http://maps.google.com/mapfiles/kml/shapes/shaded_dot.png</href>
               </Icon>
               <scale>0.6</scale>
               <color>bfed8548</color>
            </IconStyle>
         </Style>
         <Point>
            <coordinates>-122.183983783333,37.4845293833333,0</coordinates>
         </Point>
      </Placemark>
      <Placemark>
         <Snippet maxLines="0"> </Snippet>
         <description>920, UTC 22:43:03
37.4846102,-122.1843016,EA3.8m
Alt -26.8 m, EA 1.0 m
Vel 9.0,-28.0, EA 0.00 m/s</description>
         <Style>
            <IconStyle>
               <Icon>
                  <href>http://maps.google.com/mapfiles/kml/shapes/shaded_dot.png</href>
               </Icon>
               <scale>0.6</scale>
               <color>bfed8548</color>
            </IconStyle>
         </Style>
         <Point>
            <coordinates>-122.184301583333,37.4846101833333,0</coordinates>
         </Point>
      </Placemark>
      <Placemark>
         <Snippet maxLines="0"> </Snippet>
         <description>921, UTC 22:43:04
37.4846884,-122.1846197,EA3.8m
Alt -27.0 m, EA 1.0 m
Vel 8.8,-27.9, EA 0.00 m/s</description>
         <Style>
            <IconStyle>
               <Icon>
                  <href>http://maps.google.com/mapfiles/kml/shapes/shaded_dot.png</href>
               </Icon>
               <scale>0.6</scale>
               <color>bfed8548</color>
            </IconStyle>
         </Style>
         <Point>
            <coordinates>-122.184619683333,37.4846884,0</coordinates>
         </Point>
      </Placemark>
      <Placemark>
         <Snippet maxLines="0"> </Snippet>
         <description>922, UTC 22:43:05
37.4847685,-122.1849352,EA3.8m
Alt -27.5 m, EA 1.0 m
Vel 8.5,-27.6, EA 0.00 m/s</description>
         <Style>
            <IconStyle>
               <Icon>
                  <href>http://maps.google.com/mapfiles/kml/shapes/shaded_dot.png</href>
               </Icon>
               <scale>0.6</scale>
               <color>bfed8548</color>
            </IconStyle>
         </Style>
         <Point>
            <coordinates>-122.184935183333,37.4847685,0</coordinates>
         </Point>
      </Placemark>
      <Placemark>
         <Snippet maxLines="0"> </Snippet>
         <description>923, UTC 22:43:06
37.4848445,-122.1852504,EA3.8m
Alt -27.5 m, EA 1.0 m
Vel 8.3,-27.8, EA 0.00 m/s</description>
         <Style>
            <IconStyle>
               <Icon>
                  <href>http://maps.google.com/mapfiles/kml/shapes/shaded_dot.png</href>
               </Icon>
               <scale>0.6</scale>
               <color>bfed8548</color>
            </IconStyle>
         </Style>
         <Point>
            <coordinates>-122.1852504,37.4848445,0</coordinates>
         </Point>
      </Placemark>
      <Placemark>
         <Snippet maxLines="0"> </Snippet>
         <description>924, UTC 22:43:07
37.4849149,-122.1855685,EA3.8m
Alt -27.7 m, EA 1.0 m
Vel 8.1,-27.9, EA 0.00 m/s</description>
         <Style>
            <IconStyle>
               <Icon>
                  <href>http://maps.google.com/mapfiles/kml/shapes/shaded_dot.png</href>
               </Icon>
               <scale>0.6</scale>
               <color>bfed8548</color>
            </IconStyle>
         </Style>
         <Point>
            <coordinates>-122.1855685,37.4849148833333,0</coordinates>
         </Point>
      </Placemark>
      <Placemark>
         <Snippet maxLines="0"> </Snippet>
         <description>925, UTC 22:43:08
37.4849833,-122.1858841,EA3.8m
Alt -27.4 m, EA 1.0 m
Vel 7.8,-28.0, EA 0.00 m/s</description>
         <Style>
            <IconStyle>
               <Icon>
                  <href>http://maps.google.com/mapfiles/kml/shapes/shaded_dot.png</href>
               </Icon>
               <scale>0.6</scale>
               <color>bfed8548</color>
            </IconStyle>
         </Style>
         <Point>
            <coordinates>-122.185884083333,37.4849833,0</coordinates>
         </Point>
      </Placemark>
      <Placemark>
         <Snippet maxLines="0"> </Snippet>
         <description>926, UTC 22:43:09
37.4850501,-122.1862010,EA3.8m
Alt -27.3 m, EA 1.0 m
Vel 7.5,-27.8, EA 0.00 m/s</description>
         <Style>
            <IconStyle>
               <Icon>
                  <href>http://maps.google.com/mapfiles/kml/shapes/shaded_dot.png</href>
               </Icon>
               <scale>0.6</scale>
               <color>bfed8548</color>
            </IconStyle>
         </Style>
         <Point>
            <coordinates>-122.186200983333,37.4850501,0</coordinates>
         </Point>
      </Placemark>
      <Placemark>
         <Snippet maxLines="0"> </Snippet>
         <description>927, UTC 22:43:10
37.4851141,-122.1865134,EA3.8m
Alt -27.0 m, EA 1.0 m
Vel 7.1,-27.7, EA 0.00 m/s</description>
         <Style>
            <IconStyle>
               <Icon>
                  <href>http://maps.google.com/mapfiles/kml/shapes/shaded_dot.png</href>
               </Icon>
               <scale>0.6</scale>
               <color>bfed8548</color>
            </IconStyle>
         </Style>
         <Point>
            <coordinates>-122.186513383333,37.4851140833333,0</coordinates>
         </Point>
      </Placemark>
      <Placemark>
         <Snippet maxLines="0"> </Snippet>
         <description>928, UTC 22:43:11
37.4851783,-122.1868249,EA3.8m
Alt -27.4 m, EA 1.0 m
Vel 6.9,-27.6, EA 0.00 m/s</description>
         <Style>
            <IconStyle>
               <Icon>
                  <href>http://maps.google.com/mapfiles/kml/shapes/shaded_dot.png</href>
               </Icon>
               <scale>0.6</scale>
               <color>bfed8548</color>
            </IconStyle>
         </Style>
         <Point>
            <coordinates>-122.1868249,37.4851783,0</coordinates>
         </Point>
      </Placemark>
      <Placemark>
         <Snippet maxLines="0"> </Snippet>
         <description>929, UTC 22:43:12
37.4852376,-122.1871375,EA3.8m
Alt -26.9 m, EA 1.0 m
Vel 6.4,-27.5, EA 0.00 m/s</description>
         <Style>
            <IconStyle>
               <Icon>
                  <href>http://maps.google.com/mapfiles/kml/shapes/shaded_dot.png</href>
               </Icon>
               <scale>0.6</scale>
               <color>bfed8548</color>
            </IconStyle>
         </Style>
         <Point>
            <coordinates>-122.1871375,37.4852375833333,0</coordinates>
         </Point>
      </Placemark>
      <Placemark>
         <Snippet maxLines="0"> </Snippet>
         <description>930, UTC 22:43:13
37.4852894,-122.1874519,EA3.8m
Alt -26.6 m, EA 1.0 m
Vel 5.6,-27.8, EA 0.00 m/s</description>
         <Style>
            <IconStyle>
               <Icon>
                  <href>http://maps.google.com/mapfiles/kml/shapes/shaded_dot.png</href>
               </Icon>
               <scale>0.6</scale>
               <color>bfed8548</color>
            </IconStyle>
         </Style>
         <Point>
            <coordinates>-122.187451883333,37.4852893833333,0</coordinates>
         </Point>
      </Placemark>
      <Placemark>
         <Snippet maxLines="0"> </Snippet>
         <description>931, UTC 22:43:14
37.4853369,-122.1877766,EA3.8m
Alt -26.4 m, EA 1.0 m
Vel 5.0,-28.5, EA 0.00 m/s</description>
         <Style>
            <IconStyle>
               <Icon>
                  <href>http://maps.google.com/mapfiles/kml/shapes/shaded_dot.png</href>
               </Icon>
               <scale>0.6</scale>
               <color>bfed8548</color>
            </IconStyle>
         </Style>
         <Point>
            <coordinates>-122.1877766,37.4853369,0</coordinates>
         </Point>
      </Placemark>
      <Placemark>
         <Snippet maxLines="0"> </Snippet>
         <description>932, UTC 22:43:15
37.4853842,-122.1881100,EA3.8m
Alt -26.6 m, EA 1.0 m
Vel 5.1,-29.6, EA 0.00 m/s</description>
         <Style>
            <IconStyle>
               <Icon>
                  <href>http://maps.google.com/mapfiles/kml/shapes/shaded_dot.png</href>
               </Icon>
               <scale>0.6</scale>
               <color>bfed8548</color>
            </IconStyle>
         </Style>
         <Point>
            <coordinates>-122.188109983333,37.4853841833333,0</coordinates>
         </Point>
      </Placemark>
      <Placemark>
         <Snippet maxLines="0"> </Snippet>
         <description>933, UTC 22:43:16
37.4854421,-122.1884567,EA3.8m
Alt -26.8 m, EA 1.0 m
Vel 5.4,-30.5, EA 0.00 m/s</description>
         <Style>
            <IconStyle>
               <Icon>
                  <href>http://maps.google.com/mapfiles/kml/shapes/shaded_dot.png</href>
               </Icon>
               <scale>0.6</scale>
               <color>bfed8548</color>
            </IconStyle>
         </Style>
         <Point>
            <coordinates>-122.1884567,37.4854421,0</coordinates>
         </Point>
      </Placemark>
      <Placemark>
         <Snippet maxLines="0"> </Snippet>
         <description>934, UTC 22:43:17
37.4854932,-122.1888106,EA3.8m
Alt -26.9 m, EA 1.0 m
Vel 5.5,-31.3, EA 0.00 m/s</description>
         <Style>
            <IconStyle>
               <Icon>
                  <href>http://maps.google.com/mapfiles/kml/shapes/shaded_dot.png</href>
               </Icon>
               <scale>0.6</scale>
               <color>bfed8548</color>
            </IconStyle>
         </Style>
         <Point>
            <coordinates>-122.188810583333,37.4854932,0</coordinates>
         </Point>
      </Placemark>
      <Placemark>
         <Snippet maxLines="0"> </Snippet>
         <description>935, UTC 22:43:18
37.4855439,-122.1891698,EA3.8m
Alt -26.7 m, EA 1.0 m
Vel 5.5,-31.9, EA 0.00 m/s</description>
         <Style>
            <IconStyle>
               <Icon>
                  <href>http://maps.google.com/mapfiles/kml/shapes/shaded_dot.png</href>
               </Icon>
               <scale>0.6</scale>
               <color>bfed8548</color>
            </IconStyle>
         </Style>
         <Point>
            <coordinates>-122.1891698,37.4855439,0</coordinates>
         </Point>
      </Placemark>
      <Placemark>
         <Snippet maxLines="0"> </Snippet>
         <description>936, UTC 22:43:19
37.4855930,-122.1895383,EA3.8m
Alt -26.6 m, EA 1.0 m
Vel 5.4,-32.5, EA 0.00 m/s</description>
         <Style>
            <IconStyle>
               <Icon>
                  <href>http://maps.google.com/mapfiles/kml/shapes/shaded_dot.png</href>
               </Icon>
               <scale>0.6</scale>
               <color>bfed8548</color>
            </IconStyle>
         </Style>
         <Point>
            <coordinates>-122.189538283333,37.485593,0</coordinates>
         </Point>
      </Placemark>
      <Placemark>
         <Snippet maxLines="0"> </Snippet>
         <description>937, UTC 22:43:20
37.4856442,-122.1899140,EA3.8m
Alt -26.8 m, EA 1.0 m
Vel 5.9,-32.9, EA 0.00 m/s</description>
         <Style>
            <IconStyle>
               <Icon>
                  <href>http://maps.google.com/mapfiles/kml/shapes/shaded_dot.png</href>
               </Icon>
               <scale>0.6</scale>
               <color>bfed8548</color>
            </IconStyle>
         </Style>
         <Point>
            <coordinates>-122.189914,37.4856442,0</coordinates>
         </Point>
      </Placemark>
      <Placemark>
         <Snippet maxLines="0"> </Snippet>
         <description>938, UTC 22:43:21
37.4856996,-122.1902873,EA3.8m
Alt -27.0 m, EA 1.0 m
Vel 6.2,-33.1, EA 0.00 m/s</description>
         <Style>
            <IconStyle>
               <Icon>
                  <href>http://maps.google.com/mapfiles/kml/shapes/shaded_dot.png</href>
               </Icon>
               <scale>0.6</scale>
               <color>bfed8548</color>
            </IconStyle>
         </Style>
         <Point>
            <coordinates>-122.190287283333,37.4856995833333,0</coordinates>
         </Point>
      </Placemark>
      <Placemark>
         <Snippet maxLines="0"> </Snippet>
         <description>939, UTC 22:43:22
37.4857545,-122.1906590,EA3.8m
Alt -27.2 m, EA 1.0 m
Vel 5.9,-33.2, EA 0.00 m/s</description>
         <Style>
            <IconStyle>
               <Icon>
                  <href>http://maps.google.com/mapfiles/kml/shapes/shaded_dot.png</href>
               </Icon>
               <scale>0.6</scale>
               <color>bfed8548</color>
            </IconStyle>
         </Style>
         <Point>
            <coordinates>-122.190658983333,37.4857544833333,0</coordinates>
         </Point>
      </Placemark>
      <Placemark>
         <Snippet maxLines="0"> </Snippet>
         <description>940, UTC 22:43:23
37.4858064,-122.1910318,EA3.8m
Alt -27.5 m, EA 1.0 m
Vel 5.6,-33.2, EA 0.00 m/s</description>
         <Style>
            <IconStyle>
               <Icon>
                  <href>http://maps.google.com/mapfiles/kml/shapes/shaded_dot.png</href>
               </Icon>
               <scale>0.6</scale>
               <color>bfed8548</color>
            </IconStyle>
         </Style>
         <Point>
            <coordinates>-122.1910318,37.4858064,0</coordinates>
         </Point>
      </Placemark>
      <Placemark>
         <Snippet maxLines="0"> </Snippet>
         <description>941, UTC 22:43:24
37.4858547,-122.1914062,EA3.8m
Alt -27.8 m, EA 1.0 m
Vel 5.4,-33.1, EA 0.00 m/s</description>
         <Style>
            <IconStyle>
               <Icon>
                  <href>http://maps.google.com/mapfiles/kml/shapes/shaded_dot.png</href>
               </Icon>
               <scale>0.6</scale>
               <color>bfed8548</color>
            </IconStyle>
         </Style>
         <Point>
            <coordinates>-122.1914062,37.4858546833333,0</coordinates>
         </Point>
      </Placemark>
      <Placemark>
         <Snippet maxLines="0"> </Snippet>
         <description>942, UTC 22:43:25
37.4859003,-122.1917774,EA3.8m
Alt -27.6 m, EA 1.0 m
Vel 5.2,-33.0, EA 0.00 m/s</description>
         <Style>
            <IconStyle>
               <Icon>
                  <href>http://maps.google.com/mapfiles/kml/shapes/shaded_dot.png</href>
               </Icon>
               <scale>0.6</scale>
               <color>bfed8548</color>
            </IconStyle>
         </Style>
         <Point>
            <coordinates>-122.1917774,37.4859002833333,0</coordinates>
         </Point>
      </Placemark>
      <Placemark>
         <Snippet maxLines="0"> </Snippet>
         <description>943, UTC 22:43:26
37.4859494,-122.1921500,EA3.8m
Alt -28.2 m, EA 1.0 m
Vel 5.2,-32.9, EA 0.00 m/s</description>
         <Style>
            <IconStyle>
               <Icon>
                  <href>http://maps.google.com/mapfiles/kml/shapes/shaded_dot.png</href>
               </Icon>
               <scale>0.6</scale>
               <color>bfed8548</color>
            </IconStyle>
         </Style>
         <Point>
            <coordinates>-122.192149983333,37.4859494,0</coordinates>
         </Point>
      </Placemark>
      <Placemark>
         <Snippet maxLines="0"> </Snippet>
         <description>944, UTC 22:43:27
37.4859957,-122.1925199,EA3.8m
Alt -28.5 m, EA 1.0 m
Vel 5.1,-32.7, EA 0.00 m/s</description>
         <Style>
            <IconStyle>
               <Icon>
                  <href>http://maps.google.com/mapfiles/kml/shapes/shaded_dot.png</href>
               </Icon>
               <scale>0.6</scale>
               <color>bfed8548</color>
            </IconStyle>
         </Style>
         <Point>
            <coordinates>-122.192519883333,37.4859956833333,0</coordinates>
         </Point>
      </Placemark>
      <Placemark>
         <Snippet maxLines="0"> </Snippet>
         <description>945, UTC 22:43:28
37.4860423,-122.1928887,EA3.8m
Alt -28.8 m, EA 1.0 m
Vel 5.1,-32.6, EA 0.00 m/s</description>
         <Style>
            <IconStyle>
               <Icon>
                  <href>http://maps.google.com/mapfiles/kml/shapes/shaded_dot.png</href>
               </Icon>
               <scale>0.6</scale>
               <color>bfed8548</color>
            </IconStyle>
         </Style>
         <Point>
            <coordinates>-122.192888683333,37.4860423,0</coordinates>
         </Point>
      </Placemark>
      <Placemark>
         <Snippet maxLines="0"> </Snippet>
         <description>946, UTC 22:43:29
37.4860882,-122.1932559,EA3.8m
Alt -29.0 m, EA 1.0 m
Vel 4.9,-32.4, EA 0.00 m/s</description>
         <Style>
            <IconStyle>
               <Icon>
                  <href>http://maps.google.com/mapfiles/kml/shapes/shaded_dot.png</href>
               </Icon>
               <scale>0.6</scale>
               <color>bfed8548</color>
            </IconStyle>
         </Style>
         <Point>
            <coordinates>-122.193255883333,37.4860881833333,0</coordinates>
         </Point>
      </Placemark>
      <Placemark>
         <Snippet maxLines="0"> </Snippet>
         <description>947, UTC 22:43:30
37.4861291,-122.1936185,EA3.8m
Alt -29.0 m, EA 1.0 m
Vel 5.0,-32.0, EA 0.00 m/s</description>
         <Style>
            <IconStyle>
               <Icon>
                  <href>http://maps.google.com/mapfiles/kml/shapes/shaded_dot.png</href>
               </Icon>
               <scale>0.6</scale>
               <color>bfed8548</color>
            </IconStyle>
         </Style>
         <Point>
            <coordinates>-122.193618483333,37.4861290833333,0</coordinates>
         </Point>
      </Placemark>
      <Placemark>
         <Snippet maxLines="0"> </Snippet>
         <description>948, UTC 22:43:31
37.4861734,-122.1939763,EA3.8m
Alt -28.8 m, EA 1.0 m
Vel 4.8,-31.7, EA 0.00 m/s</description>
         <Style>
            <IconStyle>
               <Icon>
                  <href>http://maps.google.com/mapfiles/kml/shapes/shaded_dot.png</href>
               </Icon>
               <scale>0.6</scale>
               <color>bfed8548</color>
            </IconStyle>
         </Style>
         <Point>
            <coordinates>-122.1939763,37.4861733833333,0</coordinates>
         </Point>
      </Placemark>
      <Placemark>
         <Snippet maxLines="0"> </Snippet>
         <description>949, UTC 22:43:32
37.4862181,-122.1943311,EA3.8m
Alt -28.8 m, EA 1.0 m
Vel 4.8,-31.3, EA 0.00 m/s</description>
         <Style>
            <IconStyle>
               <Icon>
                  <href>http://maps.google.com/mapfiles/kml/shapes/shaded_dot.png</href>
               </Icon>
               <scale>0.6</scale>
               <color>bfed8548</color>
            </IconStyle>
         </Style>
         <Point>
            <coordinates>-122.194331083333,37.4862181,0</coordinates>
         </Point>
      </Placemark>
      <Placemark>
         <Snippet maxLines="0"> </Snippet>
         <description>950, UTC 22:43:33
37.4862599,-122.1946788,EA3.8m
Alt -29.5 m, EA 1.0 m
Vel 4.9,-30.8, EA 0.00 m/s</description>
         <Style>
            <IconStyle>
               <Icon>
                  <href>http://maps.google.com/mapfiles/kml/shapes/shaded_dot.png</href>
               </Icon>
               <scale>0.6</scale>
               <color>bfed8548</color>
            </IconStyle>
         </Style>
         <Point>
            <coordinates>-122.1946788,37.4862599,0</coordinates>
         </Point>
      </Placemark>
      <Placemark>
         <Snippet maxLines="0"> </Snippet>
         <description>951, UTC 22:43:34
37.4863066,-122.1950217,EA3.8m
Alt -29.9 m, EA 1.0 m
Vel 4.8,-30.5, EA 0.00 m/s</description>
         <Style>
            <IconStyle>
               <Icon>
                  <href>http://maps.google.com/mapfiles/kml/shapes/shaded_dot.png</href>
               </Icon>
               <scale>0.6</scale>
               <color>bfed8548</color>
            </IconStyle>
         </Style>
         <Point>
            <coordinates>-122.195021683333,37.4863065833333,0</coordinates>
         </Point>
      </Placemark>
      <Placemark>
         <Snippet maxLines="0"> </Snippet>
         <description>952, UTC 22:43:35
37.4863487,-122.1953612,EA3.8m
Alt -29.9 m, EA 1.0 m
Vel 4.8,-30.1, EA 0.00 m/s</description>
         <Style>
            <IconStyle>
               <Icon>
                  <href>http://maps.google.com/mapfiles/kml/shapes/shaded_dot.png</href>
               </Icon>
               <scale>0.6</scale>
               <color>bfed8548</color>
            </IconStyle>
         </Style>
         <Point>
            <coordinates>-122.195361183333,37.4863487,0</coordinates>
         </Point>
      </Placemark>
      <Placemark>
         <Snippet maxLines="0"> </Snippet>
         <description>953, UTC 22:43:36
37.4863881,-122.1956972,EA3.8m
Alt -29.6 m, EA 1.0 m
Vel 4.7,-29.8, EA 0.00 m/s</description>
         <Style>
            <IconStyle>
               <Icon>
                  <href>http://maps.google.com/mapfiles/kml/shapes/shaded_dot.png</href>
               </Icon>
               <scale>0.6</scale>
               <color>bfed8548</color>
            </IconStyle>
         </Style>
         <Point>
            <coordinates>-122.195697183333,37.4863880833333,0</coordinates>
         </Point>
      </Placemark>
      <Placemark>
         <Snippet maxLines="0"> </Snippet>
         <description>954, UTC 22:43:37
37.4864296,-122.1960261,EA3.8m
Alt -30.0 m, EA 1.0 m
Vel 4.5,-29.2, EA 0.00 m/s</description>
         <Style>
            <IconStyle>
               <Icon>
                  <href>http://maps.google.com/mapfiles/kml/shapes/shaded_dot.png</href>
               </Icon>
               <scale>0.6</scale>
               <color>bfed8548</color>
            </IconStyle>
         </Style>
         <Point>
            <coordinates>-122.196026083333,37.4864296,0</coordinates>
         </Point>
      </Placemark>
      <Placemark>
         <Snippet maxLines="0"> </Snippet>
         <description>955, UTC 22:43:38
37.4864664,-122.1963503,EA3.8m
Alt -30.3 m, EA 1.0 m
Vel 4.3,-28.4, EA 0.00 m/s</description>
         <Style>
            <IconStyle>
               <Icon>
                  <href>http://maps.google.com/mapfiles/kml/shapes/shaded_dot.png</href>
               </Icon>
               <scale>0.6</scale>
               <color>bfed8548</color>
            </IconStyle>
         </Style>
         <Point>
            <coordinates>-122.1963503,37.4864663833333,0</coordinates>
         </Point>
      </Placemark>
      <Placemark>
         <Snippet maxLines="0"> </Snippet>
         <description>956, UTC 22:43:39
37.4865065,-122.1966619,EA3.8m
Alt -30.3 m, EA 1.0 m
Vel 4.2,-27.6, EA 0.00 m/s</description>
         <Style>
            <IconStyle>
               <Icon>
                  <href>http://maps.google.com/mapfiles/kml/shapes/shaded_dot.png</href>
               </Icon>
               <scale>0.6</scale>
               <color>bfed8548</color>
            </IconStyle>
         </Style>
         <Point>
            <coordinates>-122.196661883333,37.4865064833333,0</coordinates>
         </Point>
      </Placemark>
      <Placemark>
         <Snippet maxLines="0"> </Snippet>
         <description>957, UTC 22:43:40
37.4865463,-122.1969652,EA3.8m
Alt -30.5 m, EA 1.0 m
Vel 4.1,-27.1, EA 0.00 m/s</description>
         <Style>
            <IconStyle>
               <Icon>
                  <href>http://maps.google.com/mapfiles/kml/shapes/shaded_dot.png</href>
               </Icon>
               <scale>0.6</scale>
               <color>bfed8548</color>
            </IconStyle>
         </Style>
         <Point>
            <coordinates>-122.196965183333,37.4865463,0</coordinates>
         </Point>
      </Placemark>
      <Placemark>
         <Snippet maxLines="0"> </Snippet>
         <description>958, UTC 22:43:41
37.4865857,-122.1972644,EA3.8m
Alt -31.1 m, EA 1.0 m
Vel 4.0,-26.4, EA 0.00 m/s</description>
         <Style>
            <IconStyle>
               <Icon>
                  <href>http://maps.google.com/mapfiles/kml/shapes/shaded_dot.png</href>
               </Icon>
               <scale>0.6</scale>
               <color>bfed8548</color>
            </IconStyle>
         </Style>
         <Point>
            <coordinates>-122.197264383333,37.4865856833333,0</coordinates>
         </Point>
      </Placemark>
      <Placemark>
         <Snippet maxLines="0"> </Snippet>
         <description>959, UTC 22:43:42
37.4866234,-122.1975544,EA3.8m
Alt -31.2 m, EA 1.0 m
Vel 4.1,-26.0, EA 0.00 m/s</description>
         <Style>
            <IconStyle>
               <Icon>
                  <href>http://maps.google.com/mapfiles/kml/shapes/shaded_dot.png</href>
               </Icon>
               <scale>0.6</scale>
               <color>bfed8548</color>
            </IconStyle>
         </Style>
         <Point>
            <coordinates>-122.1975544,37.4866233833333,0</coordinates>
         </Point>
      </Placemark>
      <Placemark>
         <Snippet maxLines="0"> </Snippet>
         <description>960, UTC 22:43:43
37.4866577,-122.1978399,EA3.8m
Alt -31.3 m, EA 1.0 m
Vel 4.0,-25.5, EA 0.00 m/s</description>
         <Style>
            <IconStyle>
               <Icon>
                  <href>http://maps.google.com/mapfiles/kml/shapes/shaded_dot.png</href>
               </Icon>
               <scale>0.6</scale>
               <color>bfed8548</color>
            </IconStyle>
         </Style>
         <Point>
            <coordinates>-122.1978399,37.4866577,0</coordinates>
         </Point>
      </Placemark>
      <Placemark>
         <Snippet maxLines="0"> </Snippet>
         <description>961, UTC 22:43:44
37.4866930,-122.1981246,EA3.8m
Alt -31.6 m, EA 1.0 m
Vel 4.0,-25.3, EA 0.00 m/s</description>
         <Style>
            <IconStyle>
               <Icon>
                  <href>http://maps.google.com/mapfiles/kml/shapes/shaded_dot.png</href>
               </Icon>
               <scale>0.6</scale>
               <color>bfed8548</color>
            </IconStyle>
         </Style>
         <Point>
            <coordinates>-122.198124583333,37.486693,0</coordinates>
         </Point>
      </Placemark>
      <Placemark>
         <Snippet maxLines="0"> </Snippet>
         <description>962, UTC 22:43:45
37.4867307,-122.1984159,EA3.8m
Alt -31.8 m, EA 1.0 m
Vel 3.9,-25.5, EA 0.00 m/s</description>
         <Style>
            <IconStyle>
               <Icon>
                  <href>http://maps.google.com/mapfiles/kml/shapes/shaded_dot.png</href>
               </Icon>
               <scale>0.6</scale>
               <color>bfed8548</color>
            </IconStyle>
         </Style>
         <Point>
            <coordinates>-122.1984159,37.4867307,0</coordinates>
         </Point>
      </Placemark>
      <Placemark>
         <Snippet maxLines="0"> </Snippet>
         <description>963, UTC 22:43:46
37.4867635,-122.1987012,EA3.8m
Alt -31.9 m, EA 1.0 m
Vel 4.1,-25.7, EA 0.00 m/s</description>
         <Style>
            <IconStyle>
               <Icon>
                  <href>http://maps.google.com/mapfiles/kml/shapes/shaded_dot.png</href>
               </Icon>
               <scale>0.6</scale>
               <color>bfed8548</color>
            </IconStyle>
         </Style>
         <Point>
            <coordinates>-122.1987012,37.4867635,0</coordinates>
         </Point>
      </Placemark>
      <Placemark>
         <Snippet maxLines="0"> </Snippet>
         <description>964, UTC 22:43:47
37.4867988,-122.1989880,EA3.8m
Alt -31.9 m, EA 1.0 m
Vel 4.0,-25.6, EA 0.00 m/s</description>
         <Style>
            <IconStyle>
               <Icon>
                  <href>http://maps.google.com/mapfiles/kml/shapes/shaded_dot.png</href>
               </Icon>
               <scale>0.6</scale>
               <color>bfed8548</color>
            </IconStyle>
         </Style>
         <Point>
            <coordinates>-122.198987983333,37.4867988,0</coordinates>
         </Point>
      </Placemark>
      <Placemark>
         <Snippet maxLines="0"> </Snippet>
         <description>965, UTC 22:43:48
37.4868342,-122.1992737,EA3.8m
Alt -31.8 m, EA 1.0 m
Vel 3.8,-25.4, EA 0.00 m/s</description>
         <Style>
            <IconStyle>
               <Icon>
                  <href>http://maps.google.com/mapfiles/kml/shapes/shaded_dot.png</href>
               </Icon>
               <scale>0.6</scale>
               <color>bfed8548</color>
            </IconStyle>
         </Style>
         <Point>
            <coordinates>-122.1992737,37.4868341833333,0</coordinates>
         </Point>
      </Placemark>
      <Placemark>
         <Snippet maxLines="0"> </Snippet>
         <description>966, UTC 22:43:49
37.4868683,-122.1995588,EA3.8m
Alt -31.7 m, EA 1.0 m
Vel 4.1,-25.3, EA 0.00 m/s</description>
         <Style>
            <IconStyle>
               <Icon>
                  <href>http://maps.google.com/mapfiles/kml/shapes/shaded_dot.png</href>
               </Icon>
               <scale>0.6</scale>
               <color>bfed8548</color>
            </IconStyle>
         </Style>
         <Point>
            <coordinates>-122.1995588,37.4868682833333,0</coordinates>
         </Point>
      </Placemark>
      <Placemark>
         <Snippet maxLines="0"> </Snippet>
         <description>967, UTC 22:43:50
37.4869055,-122.1998470,EA3.8m
Alt -32.1 m, EA 1.0 m
Vel 3.9,-25.2, EA 0.00 m/s</description>
         <Style>
            <IconStyle>
               <Icon>
                  <href>http://maps.google.com/mapfiles/kml/shapes/shaded_dot.png</href>
               </Icon>
               <scale>0.6</scale>
               <color>bfed8548</color>
            </IconStyle>
         </Style>
         <Point>
            <coordinates>-122.199847,37.4869054833333,0</coordinates>
         </Point>
      </Placemark>
      <Placemark>
         <Snippet maxLines="0"> </Snippet>
         <description>968, UTC 22:43:51
37.4869389,-122.2001281,EA3.8m
Alt -32.0 m, EA 1.0 m
Vel 3.8,-25.1, EA 0.00 m/s</description>
         <Style>
            <IconStyle>
               <Icon>
                  <href>http://maps.google.com/mapfiles/kml/shapes/shaded_dot.png</href>
               </Icon>
               <scale>0.6</scale>
               <color>bfed8548</color>
            </IconStyle>
         </Style>
         <Point>
            <coordinates>-122.2001281,37.4869388833333,0</coordinates>
         </Point>
      </Placemark>
      <Placemark>
         <Snippet maxLines="0"> </Snippet>
         <description>969, UTC 22:43:52
37.4869727,-122.2004140,EA3.8m
Alt -32.0 m, EA 1.0 m
Vel 3.8,-25.3, EA 0.00 m/s</description>
         <Style>
            <IconStyle>
               <Icon>
                  <href>http://maps.google.com/mapfiles/kml/shapes/shaded_dot.png</href>
               </Icon>
               <scale>0.6</scale>
               <color>bfed8548</color>
            </IconStyle>
         </Style>
         <Point>
            <coordinates>-122.200413983333,37.4869727,0</coordinates>
         </Point>
      </Placemark>
      <Placemark>
         <Snippet maxLines="0"> </Snippet>
         <description>970, UTC 22:43:53
37.4870018,-122.2007049,EA3.8m
Alt -31.9 m, EA 1.0 m
Vel 3.2,-25.7, EA 0.00 m/s</description>
         <Style>
            <IconStyle>
               <Icon>
                  <href>http://maps.google.com/mapfiles/kml/shapes/shaded_dot.png</href>
               </Icon>
               <scale>0.6</scale>
               <color>bfed8548</color>
            </IconStyle>
         </Style>
         <Point>
            <coordinates>-122.2007049,37.4870018,0</coordinates>
         </Point>
      </Placemark>
      <Placemark>
         <Snippet maxLines="0"> </Snippet>
         <description>971, UTC 22:43:54
37.4870338,-122.2010040,EA3.8m
Alt -32.7 m, EA 1.0 m
Vel 3.1,-26.1, EA 0.00 m/s</description>
         <Style>
            <IconStyle>
               <Icon>
                  <href>http://maps.google.com/mapfiles/kml/shapes/shaded_dot.png</href>
               </Icon>
               <scale>0.6</scale>
               <color>bfed8548</color>
            </IconStyle>
         </Style>
         <Point>
            <coordinates>-122.201003983333,37.4870337833333,0</coordinates>
         </Point>
      </Placemark>
      <Placemark>
         <Snippet maxLines="0"> </Snippet>
         <description>972, UTC 22:43:55
37.4870637,-122.2013033,EA3.8m
Alt -33.0 m, EA 1.0 m
Vel 3.4,-26.4, EA 0.00 m/s</description>
         <Style>
            <IconStyle>
               <Icon>
                  <href>http://maps.google.com/mapfiles/kml/shapes/shaded_dot.png</href>
               </Icon>
               <scale>0.6</scale>
               <color>bfed8548</color>
            </IconStyle>
         </Style>
         <Point>
            <coordinates>-122.2013033,37.4870637,0</coordinates>
         </Point>
      </Placemark>
      <Placemark>
         <Snippet maxLines="0"> </Snippet>
         <description>973, UTC 22:43:56
37.4870969,-122.2016044,EA3.8m
Alt -32.8 m, EA 1.0 m
Vel 3.8,-26.6, EA 0.00 m/s</description>
         <Style>
            <IconStyle>
               <Icon>
                  <href>http://maps.google.com/mapfiles/kml/shapes/shaded_dot.png</href>
               </Icon>
               <scale>0.6</scale>
               <color>bfed8548</color>
            </IconStyle>
         </Style>
         <Point>
            <coordinates>-122.201604383333,37.4870968833333,0</coordinates>
         </Point>
      </Placemark>
      <Placemark>
         <Snippet maxLines="0"> </Snippet>
         <description>974, UTC 22:43:57
37.4871324,-122.2019128,EA3.8m
Alt -32.9 m, EA 1.0 m
Vel 4.1,-26.8, EA 0.00 m/s</description>
         <Style>
            <IconStyle>
               <Icon>
                  <href>http://maps.google.com/mapfiles/kml/shapes/shaded_dot.png</href>
               </Icon>
               <scale>0.6</scale>
               <color>bfed8548</color>
            </IconStyle>
         </Style>
         <Point>
            <coordinates>-122.2019128,37.4871324,0</coordinates>
         </Point>
      </Placemark>
      <Placemark>
         <Snippet maxLines="0"> </Snippet>
         <description>975, UTC 22:43:58
37.4871708,-122.2022215,EA3.8m
Alt -32.8 m, EA 1.0 m
Vel 4.2,-27.0, EA 0.00 m/s</description>
         <Style>
            <IconStyle>
               <Icon>
                  <href>http://maps.google.com/mapfiles/kml/shapes/shaded_dot.png</href>
               </Icon>
               <scale>0.6</scale>
               <color>bfed8548</color>
            </IconStyle>
         </Style>
         <Point>
            <coordinates>-122.202221483333,37.4871708,0</coordinates>
         </Point>
      </Placemark>
      <Placemark>
         <Snippet maxLines="0"> </Snippet>
         <description>976, UTC 22:43:59
37.4872104,-122.2025286,EA3.8m
Alt -33.0 m, EA 1.0 m
Vel 4.2,-27.2, EA 0.00 m/s</description>
         <Style>
            <IconStyle>
               <Icon>
                  <href>http://maps.google.com/mapfiles/kml/shapes/shaded_dot.png</href>
               </Icon>
               <scale>0.6</scale>
               <color>bfed8548</color>
            </IconStyle>
         </Style>
         <Point>
            <coordinates>-122.202528583333,37.4872104,0</coordinates>
         </Point>
      </Placemark>
      <Placemark>
         <Snippet maxLines="0"> </Snippet>
         <description>977, UTC 22:44:00
37.4872447,-122.2028374,EA3.8m
Alt -32.7 m, EA 1.0 m
Vel 4.3,-27.3, EA 0.00 m/s</description>
         <Style>
            <IconStyle>
               <Icon>
                  <href>http://maps.google.com/mapfiles/kml/shapes/shaded_dot.png</href>
               </Icon>
               <scale>0.6</scale>
               <color>bfed8548</color>
            </IconStyle>
         </Style>
         <Point>
            <coordinates>-122.2028374,37.4872446833333,0</coordinates>
         </Point>
      </Placemark>
      <Placemark>
         <Snippet maxLines="0"> </Snippet>
         <description>978, UTC 22:44:01
37.4872827,-122.2031424,EA3.8m
Alt -32.7 m, EA 1.0 m
Vel 4.4,-27.2, EA 0.00 m/s</description>
         <Style>
            <IconStyle>
               <Icon>
                  <href>http://maps.google.com/mapfiles/kml/shapes/shaded_dot.png</href>
               </Icon>
               <scale>0.6</scale>
               <color>bfed8548</color>
            </IconStyle>
         </Style>
         <Point>
            <coordinates>-122.2031424,37.4872827,0</coordinates>
         </Point>
      </Placemark>
      <Placemark>
         <Snippet maxLines="0"> </Snippet>
         <description>979, UTC 22:44:02
37.4873217,-122.2034490,EA3.8m
Alt -33.0 m, EA 1.0 m
Vel 4.2,-27.3, EA 0.00 m/s</description>
         <Style>
            <IconStyle>
               <Icon>
                  <href>http://maps.google.com/mapfiles/kml/shapes/shaded_dot.png</href>
               </Icon>
               <scale>0.6</scale>
               <color>bfed8548</color>
            </IconStyle>
         </Style>
         <Point>
            <coordinates>-122.203449,37.4873217,0</coordinates>
         </Point>
      </Placemark>
      <Placemark>
         <Snippet maxLines="0"> </Snippet>
         <description>980, UTC 22:44:03
37.4873577,-122.2037583,EA3.8m
Alt -33.0 m, EA 1.0 m
Vel 4.2,-27.5, EA 0.00 m/s</description>
         <Style>
            <IconStyle>
               <Icon>
                  <href>http://maps.google.com/mapfiles/kml/shapes/shaded_dot.png</href>
               </Icon>
               <scale>0.6</scale>
               <color>bfed8548</color>
            </IconStyle>
         </Style>
         <Point>
            <coordinates>-122.2037583,37.4873576833333,0</coordinates>
         </Point>
      </Placemark>
      <Placemark>
         <Snippet maxLines="0"> </Snippet>
         <description>981, UTC 22:44:04
37.4873960,-122.2040741,EA3.8m
Alt -33.2 m, EA 1.0 m
Vel 4.2,-27.9, EA 0.00 m/s</description>
         <Style>
            <IconStyle>
               <Icon>
                  <href>http://maps.google.com/mapfiles/kml/shapes/shaded_dot.png</href>
               </Icon>
               <scale>0.6</scale>
               <color>bfed8548</color>
            </IconStyle>
         </Style>
         <Point>
            <coordinates>-122.204074083333,37.4873959833333,0</coordinates>
         </Point>
      </Placemark>
      <Placemark>
         <Snippet maxLines="0"> </Snippet>
         <description>982, UTC 22:44:05
37.4874361,-122.2043980,EA3.8m
Alt -32.9 m, EA 1.0 m
Vel 4.4,-28.5, EA 0.00 m/s</description>
         <Style>
            <IconStyle>
               <Icon>
                  <href>http://maps.google.com/mapfiles/kml/shapes/shaded_dot.png</href>
               </Icon>
               <scale>0.6</scale>
               <color>bfed8548</color>
            </IconStyle>
         </Style>
         <Point>
            <coordinates>-122.204397983333,37.4874360833333,0</coordinates>
         </Point>
      </Placemark>
      <Placemark>
         <Snippet maxLines="0"> </Snippet>
         <description>983, UTC 22:44:06
37.4874778,-122.2047314,EA3.8m
Alt -32.8 m, EA 1.0 m
Vel 4.6,-29.4, EA 0.00 m/s</description>
         <Style>
            <IconStyle>
               <Icon>
                  <href>http://maps.google.com/mapfiles/kml/shapes/shaded_dot.png</href>
               </Icon>
               <scale>0.6</scale>
               <color>bfed8548</color>
            </IconStyle>
         </Style>
         <Point>
            <coordinates>-122.2047314,37.4874778,0</coordinates>
         </Point>
      </Placemark>
      <Placemark>
         <Snippet maxLines="0"> </Snippet>
         <description>984, UTC 22:44:07
37.4875195,-122.2050715,EA3.8m
Alt -31.9 m, EA 1.0 m
Vel 4.9,-30.0, EA 0.00 m/s</description>
         <Style>
            <IconStyle>
               <Icon>
                  <href>http://maps.google.com/mapfiles/kml/shapes/shaded_dot.png</href>
               </Icon>
               <scale>0.6</scale>
               <color>bfed8548</color>
            </IconStyle>
         </Style>
         <Point>
            <coordinates>-122.2050715,37.4875194833333,0</coordinates>
         </Point>
      </Placemark>
      <Placemark>
         <Snippet maxLines="0"> </Snippet>
         <description>985, UTC 22:44:08
37.4875687,-122.2054128,EA3.8m
Alt -31.8 m, EA 1.0 m
Vel 5.3,-30.1, EA 0.00 m/s</description>
         <Style>
            <IconStyle>
               <Icon>
                  <href>http://maps.google.com/mapfiles/kml/shapes/shaded_dot.png</href>
               </Icon>
               <scale>0.6</scale>
               <color>bfed8548</color>
            </IconStyle>
         </Style>
         <Point>
            <coordinates>-122.2054128,37.4875686833333,0</coordinates>
         </Point>
      </Placemark>
      <Placemark>
         <Snippet maxLines="0"> </Snippet>
         <description>986, UTC 22:44:09
37.4876174,-122.2057535,EA3.8m
Alt -30.2 m, EA 1.0 m
Vel 5.6,-30.0, EA 0.00 m/s</description>
         <Style>
            <IconStyle>
               <Icon>
                  <href>http://maps.google.com/mapfiles/kml/shapes/shaded_dot.png</href>
               </Icon>
               <scale>0.6</scale>
               <color>bfed8548</color>
            </IconStyle>
         </Style>
         <Point>
            <coordinates>-122.2057535,37.4876173833333,0</coordinates>
         </Point>
      </Placemark>
      <Placemark>
         <Snippet maxLines="0"> </Snippet>
         <description>987, UTC 22:44:10
37.4876686,-122.2060953,EA3.8m
Alt -30.6 m, EA 1.0 m
Vel 5.7,-30.2, EA 0.00 m/s</description>
         <Style>
            <IconStyle>
               <Icon>
                  <href>http://maps.google.com/mapfiles/kml/shapes/shaded_dot.png</href>
               </Icon>
               <scale>0.6</scale>
               <color>bfed8548</color>
            </IconStyle>
         </Style>
         <Point>
            <coordinates>-122.2060953,37.4876685833333,0</coordinates>
         </Point>
      </Placemark>
      <Placemark>
         <Snippet maxLines="0"> </Snippet>
         <description>988, UTC 22:44:11
37.4877188,-122.2064364,EA3.8m
Alt -30.8 m, EA 1.0 m
Vel 5.4,-30.4, EA 0.00 m/s</description>
         <Style>
            <IconStyle>
               <Icon>
                  <href>http://maps.google.com/mapfiles/kml/shapes/shaded_dot.png</href>
               </Icon>
               <scale>0.6</scale>
               <color>bfed8548</color>
            </IconStyle>
         </Style>
         <Point>
            <coordinates>-122.2064364,37.4877188,0</coordinates>
         </Point>
      </Placemark>
      <Placemark>
         <Snippet maxLines="0"> </Snippet>
         <description>989, UTC 22:44:12
37.4877670,-122.2067773,EA3.8m
Alt -30.6 m, EA 1.0 m
Vel 5.3,-30.4, EA 0.00 m/s</description>
         <Style>
            <IconStyle>
               <Icon>
                  <href>http://maps.google.com/mapfiles/kml/shapes/shaded_dot.png</href>
               </Icon>
               <scale>0.6</scale>
               <color>bfed8548</color>
            </IconStyle>
         </Style>
         <Point>
            <coordinates>-122.206777283333,37.4877669833333,0</coordinates>
         </Point>
      </Placemark>
      <Placemark>
         <Snippet maxLines="0"> </Snippet>
         <description>990, UTC 22:44:13
37.4878130,-122.2071244,EA3.8m
Alt -30.6 m, EA 1.0 m
Vel 5.2,-30.6, EA 0.00 m/s</description>
         <Style>
            <IconStyle>
               <Icon>
                  <href>http://maps.google.com/mapfiles/kml/shapes/shaded_dot.png</href>
               </Icon>
               <scale>0.6</scale>
               <color>bfed8548</color>
            </IconStyle>
         </Style>
         <Point>
            <coordinates>-122.207124383333,37.487813,0</coordinates>
         </Point>
      </Placemark>
      <Placemark>
         <Snippet maxLines="0"> </Snippet>
         <description>991, UTC 22:44:14
37.4878663,-122.2074725,EA3.8m
Alt -31.0 m, EA 1.0 m
Vel 5.8,-30.8, EA 0.00 m/s</description>
         <Style>
            <IconStyle>
               <Icon>
                  <href>http://maps.google.com/mapfiles/kml/shapes/shaded_dot.png</href>
               </Icon>
               <scale>0.6</scale>
               <color>bfed8548</color>
            </IconStyle>
         </Style>
         <Point>
            <coordinates>-122.207472483333,37.4878663,0</coordinates>
         </Point>
      </Placemark>
      <Placemark>
         <Snippet maxLines="0"> </Snippet>
         <description>992, UTC 22:44:15
37.4879173,-122.2078253,EA3.8m
Alt -30.4 m, EA 1.0 m
Vel 6.2,-31.1, EA 0.00 m/s</description>
         <Style>
            <IconStyle>
               <Icon>
                  <href>http://maps.google.com/mapfiles/kml/shapes/shaded_dot.png</href>
               </Icon>
               <scale>0.6</scale>
               <color>bfed8548</color>
            </IconStyle>
         </Style>
         <Point>
            <coordinates>-122.207825283333,37.4879172833333,0</coordinates>
         </Point>
      </Placemark>
      <Placemark>
         <Snippet maxLines="0"> </Snippet>
         <description>993, UTC 22:44:16
37.4879733,-122.2081774,EA3.8m
Alt -30.0 m, EA 1.0 m
Vel 6.7,-31.1, EA 0.00 m/s</description>
         <Style>
            <IconStyle>
               <Icon>
                  <href>http://maps.google.com/mapfiles/kml/shapes/shaded_dot.png</href>
               </Icon>
               <scale>0.6</scale>
               <color>bfed8548</color>
            </IconStyle>
         </Style>
         <Point>
            <coordinates>-122.208177383333,37.4879733,0</coordinates>
         </Point>
      </Placemark>
      <Placemark>
         <Snippet maxLines="0"> </Snippet>
         <description>994, UTC 22:44:17
37.4880347,-122.2085330,EA3.8m
Alt -30.3 m, EA 1.0 m
Vel 7.0,-31.0, EA 0.00 m/s</description>
         <Style>
            <IconStyle>
               <Icon>
                  <href>http://maps.google.com/mapfiles/kml/shapes/shaded_dot.png</href>
               </Icon>
               <scale>0.6</scale>
               <color>bfed8548</color>
            </IconStyle>
         </Style>
         <Point>
            <coordinates>-122.208533,37.4880347,0</coordinates>
         </Point>
      </Placemark>
      <Placemark>
         <Snippet maxLines="0"> </Snippet>
         <description>995, UTC 22:44:18
37.4880989,-122.2088859,EA3.8m
Alt -30.4 m, EA 1.0 m
Vel 7.2,-31.0, EA 0.00 m/s</description>
         <Style>
            <IconStyle>
               <Icon>
                  <href>http://maps.google.com/mapfiles/kml/shapes/shaded_dot.png</href>
               </Icon>
               <scale>0.6</scale>
               <color>bfed8548</color>
            </IconStyle>
         </Style>
         <Point>
            <coordinates>-122.208885883333,37.4880988833333,0</coordinates>
         </Point>
      </Placemark>
      <Placemark>
         <Snippet maxLines="0"> </Snippet>
         <description>996, UTC 22:44:19
37.4881684,-122.2092410,EA3.8m
Alt -31.0 m, EA 1.0 m
Vel 7.4,-31.1, EA 0.00 m/s</description>
         <Style>
            <IconStyle>
               <Icon>
                  <href>http://maps.google.com/mapfiles/kml/shapes/shaded_dot.png</href>
               </Icon>
               <scale>0.6</scale>
               <color>bfed8548</color>
            </IconStyle>
         </Style>
         <Point>
            <coordinates>-122.209241,37.4881683833333,0</coordinates>
         </Point>
      </Placemark>
      <Placemark>
         <Snippet maxLines="0"> </Snippet>
         <description>997, UTC 22:44:20
37.4882330,-122.2095942,EA3.8m
Alt -30.7 m, EA 1.0 m
Vel 8.0,-31.0, EA 0.00 m/s</description>
         <Style>
            <IconStyle>
               <Icon>
                  <href>http://maps.google.com/mapfiles/kml/shapes/shaded_dot.png</href>
               </Icon>
               <scale>0.6</scale>
               <color>bfed8548</color>
            </IconStyle>
         </Style>
         <Point>
            <coordinates>-122.209594183333,37.488233,0</coordinates>
         </Point>
      </Placemark>
      <Placemark>
         <Snippet maxLines="0"> </Snippet>
         <description>998, UTC 22:44:21
37.4883073,-122.2099429,EA3.8m
Alt -30.8 m, EA 1.0 m
Vel 8.3,-31.0, EA 0.00 m/s</description>
         <Style>
            <IconStyle>
               <Icon>
                  <href>http://maps.google.com/mapfiles/kml/shapes/shaded_dot.png</href>
               </Icon>
               <scale>0.6</scale>
               <color>bfed8548</color>
            </IconStyle>
         </Style>
         <Point>
            <coordinates>-122.2099429,37.4883073,0</coordinates>
         </Point>
      </Placemark>
      <Placemark>
         <Snippet maxLines="0"> </Snippet>
         <description>999, UTC 22:44:22
37.4883805,-122.2102932,EA3.8m
Alt -30.4 m, EA 1.0 m
Vel 8.5,-30.8, EA 0.00 m/s</description>
         <Style>
            <IconStyle>
               <Icon>
                  <href>http://maps.google.com/mapfiles/kml/shapes/shaded_dot.png</href>
               </Icon>
               <scale>0.6</scale>
               <color>bfed8548</color>
            </IconStyle>
         </Style>
         <Point>
            <coordinates>-122.210293183333,37.4883804833333,0</coordinates>
         </Point>
      </Placemark>
      <Placemark>
         <Snippet maxLines="0"> </Snippet>
         <description>1000, UTC 22:44:23
37.4884576,-122.2106396,EA3.8m
Alt -29.9 m, EA 1.0 m
Vel 8.9,-30.7, EA 0.00 m/s</description>
         <Style>
            <IconStyle>
               <Icon>
                  <href>http://maps.google.com/mapfiles/kml/shapes/shaded_dot.png</href>
               </Icon>
               <scale>0.6</scale>
               <color>bfed8548</color>
            </IconStyle>
         </Style>
         <Point>
            <coordinates>-122.210639583333,37.4884575833333,0</coordinates>
         </Point>
      </Placemark>
      <Placemark>
         <Snippet maxLines="0"> </Snippet>
         <description>1001, UTC 22:44:24
37.4885356,-122.2109773,EA3.8m
Alt -29.3 m, EA 1.0 m
Vel 9.2,-30.4, EA 0.00 m/s</description>
         <Style>
            <IconStyle>
               <Icon>
                  <href>http://maps.google.com/mapfiles/kml/shapes/shaded_dot.png</href>
               </Icon>
               <scale>0.6</scale>
               <color>bfed8548</color>
            </IconStyle>
         </Style>
         <Point>
            <coordinates>-122.210977283333,37.4885355833333,0</coordinates>
         </Point>
      </Placemark>
      <Placemark>
         <Snippet maxLines="0"> </Snippet>
         <description>1002, UTC 22:44:25
37.4886187,-122.2113143,EA3.8m
Alt -28.7 m, EA 1.0 m
Vel 9.4,-29.9, EA 0.00 m/s</description>
         <Style>
            <IconStyle>
               <Icon>
                  <href>http://maps.google.com/mapfiles/kml/shapes/shaded_dot.png</href>
               </Icon>
               <scale>0.6</scale>
               <color>bfed8548</color>
            </IconStyle>
         </Style>
         <Point>
            <coordinates>-122.211314283333,37.4886187,0</coordinates>
         </Point>
      </Placemark>
      <Placemark>
         <Snippet maxLines="0"> </Snippet>
         <description>1003, UTC 22:44:26
37.4887015,-122.2116495,EA3.8m
Alt -27.6 m, EA 1.0 m
Vel 9.8,-29.4, EA 0.00 m/s</description>
         <Style>
            <IconStyle>
               <Icon>
                  <href>http://maps.google.com/mapfiles/kml/shapes/shaded_dot.png</href>
               </Icon>
               <scale>0.6</scale>
               <color>bfed8548</color>
            </IconStyle>
         </Style>
         <Point>
            <coordinates>-122.211649483333,37.4887014833333,0</coordinates>
         </Point>
      </Placemark>
      <Placemark>
         <Snippet maxLines="0"> </Snippet>
         <description>1004, UTC 22:44:27
37.4887935,-122.2119799,EA3.8m
Alt -26.6 m, EA 1.0 m
Vel 10.0,-29.1, EA 0.00 m/s</description>
         <Style>
            <IconStyle>
               <Icon>
                  <href>http://maps.google.com/mapfiles/kml/shapes/shaded_dot.png</href>
               </Icon>
               <scale>0.6</scale>
               <color>bfed8548</color>
            </IconStyle>
         </Style>
         <Point>
            <coordinates>-122.2119799,37.4887934833333,0</coordinates>
         </Point>
      </Placemark>
      <Placemark>
         <Snippet maxLines="0"> </Snippet>
         <description>1005, UTC 22:44:28
37.4888889,-122.2123089,EA3.8m
Alt -25.8 m, EA 1.0 m
Vel 10.2,-29.1, EA 0.00 m/s</description>
         <Style>
            <IconStyle>
               <Icon>
                  <href>http://maps.google.com/mapfiles/kml/shapes/shaded_dot.png</href>
               </Icon>
               <scale>0.6</scale>
               <color>bfed8548</color>
            </IconStyle>
         </Style>
         <Point>
            <coordinates>-122.212308883333,37.4888888833333,0</coordinates>
         </Point>
      </Placemark>
      <Placemark>
         <Snippet maxLines="0"> </Snippet>
         <description>1006, UTC 22:44:29
37.4889823,-122.2126341,EA3.8m
Alt -24.3 m, EA 1.0 m
Vel 10.6,-28.9, EA 0.00 m/s</description>
         <Style>
            <IconStyle>
               <Icon>
                  <href>http://maps.google.com/mapfiles/kml/shapes/shaded_dot.png</href>
               </Icon>
               <scale>0.6</scale>
               <color>bfed8548</color>
            </IconStyle>
         </Style>
         <Point>
            <coordinates>-122.2126341,37.4889823,0</coordinates>
         </Point>
      </Placemark>
      <Placemark>
         <Snippet maxLines="0"> </Snippet>
         <description>1007, UTC 22:44:30
37.4890800,-122.2129594,EA3.8m
Alt -23.6 m, EA 1.0 m
Vel 10.9,-28.6, EA 0.00 m/s</description>
         <Style>
            <IconStyle>
               <Icon>
                  <href>http://maps.google.com/mapfiles/kml/shapes/shaded_dot.png</href>
               </Icon>
               <scale>0.6</scale>
               <color>bfed8548</color>
            </IconStyle>
         </Style>
         <Point>
            <coordinates>-122.2129594,37.48908,0</coordinates>
         </Point>
      </Placemark>
      <Placemark>
         <Snippet maxLines="0"> </Snippet>
         <description>1008, UTC 22:44:31
37.4891804,-122.2132790,EA3.8m
Alt -22.8 m, EA 1.0 m
Vel 11.2,-28.4, EA 0.00 m/s</description>
         <Style>
            <IconStyle>
               <Icon>
                  <href>http://maps.google.com/mapfiles/kml/shapes/shaded_dot.png</href>
               </Icon>
               <scale>0.6</scale>
               <color>bfed8548</color>
            </IconStyle>
         </Style>
         <Point>
            <coordinates>-122.213278983333,37.4891804,0</coordinates>
         </Point>
      </Placemark>
      <Placemark>
         <Snippet maxLines="0"> </Snippet>
         <description>1009, UTC 22:44:32
37.4892826,-122.2135992,EA3.8m
Alt -22.8 m, EA 1.0 m
Vel 11.7,-28.1, EA 0.00 m/s</description>
         <Style>
            <IconStyle>
               <Icon>
                  <href>http://maps.google.com/mapfiles/kml/shapes/shaded_dot.png</href>
               </Icon>
               <scale>0.6</scale>
               <color>bfed8548</color>
            </IconStyle>
         </Style>
         <Point>
            <coordinates>-122.2135992,37.4892826,0</coordinates>
         </Point>
      </Placemark>
      <Placemark>
         <Snippet maxLines="0"> </Snippet>
         <description>1010, UTC 22:44:33
37.4893927,-122.2139198,EA3.8m
Alt -22.7 m, EA 1.0 m
Vel 11.8,-28.2, EA 0.00 m/s</description>
         <Style>
            <IconStyle>
               <Icon>
                  <href>http://maps.google.com/mapfiles/kml/shapes/shaded_dot.png</href>
               </Icon>
               <scale>0.6</scale>
               <color>bfed8548</color>
            </IconStyle>
         </Style>
         <Point>
            <coordinates>-122.213919783333,37.4893927,0</coordinates>
         </Point>
      </Placemark>
      <Placemark>
         <Snippet maxLines="0"> </Snippet>
         <description>1011, UTC 22:44:34
37.4895050,-122.2142356,EA3.8m
Alt -22.3 m, EA 1.0 m
Vel 12.0,-28.4, EA 0.00 m/s</description>
         <Style>
            <IconStyle>
               <Icon>
                  <href>http://maps.google.com/mapfiles/kml/shapes/shaded_dot.png</href>
               </Icon>
               <scale>0.6</scale>
               <color>bfed8548</color>
            </IconStyle>
         </Style>
         <Point>
            <coordinates>-122.214235583333,37.489505,0</coordinates>
         </Point>
      </Placemark>
      <Placemark>
         <Snippet maxLines="0"> </Snippet>
         <description>1012, UTC 22:44:35
37.4896183,-122.2145566,EA3.8m
Alt -22.0 m, EA 1.0 m
Vel 12.5,-28.6, EA 0.00 m/s</description>
         <Style>
            <IconStyle>
               <Icon>
                  <href>http://maps.google.com/mapfiles/kml/shapes/shaded_dot.png</href>
               </Icon>
               <scale>0.6</scale>
               <color>bfed8548</color>
            </IconStyle>
         </Style>
         <Point>
            <coordinates>-122.214556583333,37.4896182833333,0</coordinates>
         </Point>
      </Placemark>
      <Placemark>
         <Snippet maxLines="0"> </Snippet>
         <description>1013, UTC 22:44:36
37.4897358,-122.2148759,EA3.8m
Alt -21.8 m, EA 1.0 m
Vel 13.0,-28.4, EA 0.00 m/s</description>
         <Style>
            <IconStyle>
               <Icon>
                  <href>http://maps.google.com/mapfiles/kml/shapes/shaded_dot.png</href>
               </Icon>
               <scale>0.6</scale>
               <color>bfed8548</color>
            </IconStyle>
         </Style>
         <Point>
            <coordinates>-122.214875883333,37.4897357833333,0</coordinates>
         </Point>
      </Placemark>
      <Placemark>
         <Snippet maxLines="0"> </Snippet>
         <description>1014, UTC 22:44:37
37.4898571,-122.2151996,EA3.8m
Alt -22.2 m, EA 1.0 m
Vel 13.4,-28.3, EA 0.00 m/s</description>
         <Style>
            <IconStyle>
               <Icon>
                  <href>http://maps.google.com/mapfiles/kml/shapes/shaded_dot.png</href>
               </Icon>
               <scale>0.6</scale>
               <color>bfed8548</color>
            </IconStyle>
         </Style>
         <Point>
            <coordinates>-122.2151996,37.4898571,0</coordinates>
         </Point>
      </Placemark>
      <Placemark>
         <Snippet maxLines="0"> </Snippet>
         <description>1015, UTC 22:44:38
37.4899779,-122.2155244,EA3.8m
Alt -22.7 m, EA 1.0 m
Vel 13.7,-28.1, EA 0.00 m/s</description>
         <Style>
            <IconStyle>
               <Icon>
                  <href>http://maps.google.com/mapfiles/kml/shapes/shaded_dot.png</href>
               </Icon>
               <scale>0.6</scale>
               <color>bfed8548</color>
            </IconStyle>
         </Style>
         <Point>
            <coordinates>-122.2155244,37.4899778833333,0</coordinates>
         </Point>
      </Placemark>
      <Placemark>
         <Snippet maxLines="0"> </Snippet>
         <description>1016, UTC 22:44:39
37.4901056,-122.2158442,EA3.8m
Alt -23.6 m, EA 1.0 m
Vel 14.1,-28.1, EA 0.00 m/s</description>
         <Style>
            <IconStyle>
               <Icon>
                  <href>http://maps.google.com/mapfiles/kml/shapes/shaded_dot.png</href>
               </Icon>
               <scale>0.6</scale>
               <color>bfed8548</color>
            </IconStyle>
         </Style>
         <Point>
            <coordinates>-122.2158442,37.4901055833333,0</coordinates>
         </Point>
      </Placemark>
      <Placemark>
         <Snippet maxLines="0"> </Snippet>
         <description>1017, UTC 22:44:40
37.4902343,-122.2161668,EA3.8m
Alt -24.6 m, EA 1.0 m
Vel 14.6,-28.3, EA 0.00 m/s</description>
         <Style>
            <IconStyle>
               <Icon>
                  <href>http://maps.google.com/mapfiles/kml/shapes/shaded_dot.png</href>
               </Icon>
               <scale>0.6</scale>
               <color>bfed8548</color>
            </IconStyle>
         </Style>
         <Point>
            <coordinates>-122.216166783333,37.4902342833333,0</coordinates>
         </Point>
      </Placemark>
      <Placemark>
         <Snippet maxLines="0"> </Snippet>
         <description>1018, UTC 22:44:41
37.4903688,-122.2164876,EA3.8m
Alt -25.8 m, EA 1.0 m
Vel 15.2,-28.3, EA 0.00 m/s</description>
         <Style>
            <IconStyle>
               <Icon>
                  <href>http://maps.google.com/mapfiles/kml/shapes/shaded_dot.png</href>
               </Icon>
               <scale>0.6</scale>
               <color>bfed8548</color>
            </IconStyle>
         </Style>
         <Point>
            <coordinates>-122.216487583333,37.4903687833333,0</coordinates>
         </Point>
      </Placemark>
      <Placemark>
         <Snippet maxLines="0"> </Snippet>
         <description>1019, UTC 22:44:42
37.4905107,-122.2168084,EA3.8m
Alt -27.5 m, EA 1.0 m
Vel 15.6,-28.3, EA 0.00 m/s</description>
         <Style>
            <IconStyle>
               <Icon>
                  <href>http://maps.google.com/mapfiles/kml/shapes/shaded_dot.png</href>
               </Icon>
               <scale>0.6</scale>
               <color>bfed8548</color>
            </IconStyle>
         </Style>
         <Point>
            <coordinates>-122.2168084,37.4905107,0</coordinates>
         </Point>
      </Placemark>
      <Placemark>
         <Snippet maxLines="0"> </Snippet>
         <description>1020, UTC 22:44:43
37.4906528,-122.2171272,EA3.8m
Alt -28.0 m, EA 1.0 m
Vel 15.7,-28.1, EA 0.00 m/s</description>
         <Style>
            <IconStyle>
               <Icon>
                  <href>http://maps.google.com/mapfiles/kml/shapes/shaded_dot.png</href>
               </Icon>
               <scale>0.6</scale>
               <color>bfed8548</color>
            </IconStyle>
         </Style>
         <Point>
            <coordinates>-122.217127183333,37.4906527833333,0</coordinates>
         </Point>
      </Placemark>
      <Placemark>
         <Snippet maxLines="0"> </Snippet>
         <description>1021, UTC 22:44:44
37.4907914,-122.2174403,EA3.8m
Alt -28.7 m, EA 1.0 m
Vel 15.6,-27.7, EA 0.00 m/s</description>
         <Style>
            <IconStyle>
               <Icon>
                  <href>http://maps.google.com/mapfiles/kml/shapes/shaded_dot.png</href>
               </Icon>
               <scale>0.6</scale>
               <color>bfed8548</color>
            </IconStyle>
         </Style>
         <Point>
            <coordinates>-122.2174403,37.4907913833333,0</coordinates>
         </Point>
      </Placemark>
      <Placemark>
         <Snippet maxLines="0"> </Snippet>
         <description>1022, UTC 22:44:45
37.4909331,-122.2177462,EA3.8m
Alt -29.0 m, EA 1.0 m
Vel 15.3,-27.3, EA 0.00 m/s</description>
         <Style>
            <IconStyle>
               <Icon>
                  <href>http://maps.google.com/mapfiles/kml/shapes/shaded_dot.png</href>
               </Icon>
               <scale>0.6</scale>
               <color>bfed8548</color>
            </IconStyle>
         </Style>
         <Point>
            <coordinates>-122.217746183333,37.4909330833333,0</coordinates>
         </Point>
      </Placemark>
      <Placemark>
         <Snippet maxLines="0"> </Snippet>
         <description>1023, UTC 22:44:46
37.4910704,-122.2180513,EA3.8m
Alt -28.7 m, EA 1.0 m
Vel 15.0,-27.0, EA 0.00 m/s</description>
         <Style>
            <IconStyle>
               <Icon>
                  <href>http://maps.google.com/mapfiles/kml/shapes/shaded_dot.png</href>
               </Icon>
               <scale>0.6</scale>
               <color>bfed8548</color>
            </IconStyle>
         </Style>
         <Point>
            <coordinates>-122.218051283333,37.4910703833333,0</coordinates>
         </Point>
      </Placemark>
      <Placemark>
         <Snippet maxLines="0"> </Snippet>
         <description>1024, UTC 22:44:47
37.4912040,-122.2183503,EA3.8m
Alt -28.7 m, EA 1.0 m
Vel 14.7,-26.6, EA 0.00 m/s</description>
         <Style>
            <IconStyle>
               <Icon>
                  <href>http://maps.google.com/mapfiles/kml/shapes/shaded_dot.png</href>
               </Icon>
               <scale>0.6</scale>
               <color>bfed8548</color>
            </IconStyle>
         </Style>
         <Point>
            <coordinates>-122.218350283333,37.491204,0</coordinates>
         </Point>
      </Placemark>
      <Placemark>
         <Snippet maxLines="0"> </Snippet>
         <description>1025, UTC 22:44:48
37.4913335,-122.2186448,EA3.8m
Alt -28.6 m, EA 1.0 m
Vel 14.4,-26.2, EA 0.00 m/s</description>
         <Style>
            <IconStyle>
               <Icon>
                  <href>http://maps.google.com/mapfiles/kml/shapes/shaded_dot.png</href>
               </Icon>
               <scale>0.6</scale>
               <color>bfed8548</color>
            </IconStyle>
         </Style>
         <Point>
            <coordinates>-122.2186448,37.4913335,0</coordinates>
         </Point>
      </Placemark>
      <Placemark>
         <Snippet maxLines="0"> </Snippet>
         <description>1026, UTC 22:44:49
37.4914636,-122.2189362,EA3.8m
Alt -28.5 m, EA 1.0 m
Vel 14.4,-25.7, EA 0.00 m/s</description>
         <Style>
            <IconStyle>
               <Icon>
                  <href>http://maps.google.com/mapfiles/kml/shapes/shaded_dot.png</href>
               </Icon>
               <scale>0.6</scale>
               <color>bfed8548</color>
            </IconStyle>
         </Style>
         <Point>
            <coordinates>-122.2189362,37.4914636,0</coordinates>
         </Point>
      </Placemark>
      <Placemark>
         <Snippet maxLines="0"> </Snippet>
         <description>1027, UTC 22:44:50
37.4915888,-122.2192190,EA3.8m
Alt -28.4 m, EA 1.0 m
Vel 14.0,-25.0, EA 0.00 m/s</description>
         <Style>
            <IconStyle>
               <Icon>
                  <href>http://maps.google.com/mapfiles/kml/shapes/shaded_dot.png</href>
               </Icon>
               <scale>0.6</scale>
               <color>bfed8548</color>
            </IconStyle>
         </Style>
         <Point>
            <coordinates>-122.219218983333,37.4915888,0</coordinates>
         </Point>
      </Placemark>
      <Placemark>
         <Snippet maxLines="0"> </Snippet>
         <description>1028, UTC 22:44:51
37.4917109,-122.2194977,EA3.8m
Alt -28.8 m, EA 1.0 m
Vel 13.7,-24.6, EA 0.00 m/s</description>
         <Style>
            <IconStyle>
               <Icon>
                  <href>http://maps.google.com/mapfiles/kml/shapes/shaded_dot.png</href>
               </Icon>
               <scale>0.6</scale>
               <color>bfed8548</color>
            </IconStyle>
         </Style>
         <Point>
            <coordinates>-122.2194977,37.4917109,0</coordinates>
         </Point>
      </Placemark>
      <Placemark>
         <Snippet maxLines="0"> </Snippet>
         <description>1029, UTC 22:44:52
37.4918300,-122.2197735,EA3.8m
Alt -29.2 m, EA 1.0 m
Vel 13.5,-24.3, EA 0.00 m/s</description>
         <Style>
            <IconStyle>
               <Icon>
                  <href>http://maps.google.com/mapfiles/kml/shapes/shaded_dot.png</href>
               </Icon>
               <scale>0.6</scale>
               <color>bfed8548</color>
            </IconStyle>
         </Style>
         <Point>
            <coordinates>-122.2197735,37.49183,0</coordinates>
         </Point>
      </Placemark>
      <Placemark>
         <Snippet maxLines="0"> </Snippet>
         <description>1030, UTC 22:44:53
37.4919583,-122.2200493,EA3.8m
Alt -29.6 m, EA 1.0 m
Vel 13.5,-24.4, EA 0.00 m/s</description>
         <Style>
            <IconStyle>
               <Icon>
                  <href>http://maps.google.com/mapfiles/kml/shapes/shaded_dot.png</href>
               </Icon>
               <scale>0.6</scale>
               <color>bfed8548</color>
            </IconStyle>
         </Style>
         <Point>
            <coordinates>-122.220049283333,37.4919583,0</coordinates>
         </Point>
      </Placemark>
      <Placemark>
         <Snippet maxLines="0"> </Snippet>
         <description>1031, UTC 22:44:54
37.4920827,-122.2203316,EA3.8m
Alt -29.5 m, EA 1.0 m
Vel 13.7,-24.8, EA 0.00 m/s</description>
         <Style>
            <IconStyle>
               <Icon>
                  <href>http://maps.google.com/mapfiles/kml/shapes/shaded_dot.png</href>
               </Icon>
               <scale>0.6</scale>
               <color>bfed8548</color>
            </IconStyle>
         </Style>
         <Point>
            <coordinates>-122.220331583333,37.4920826833333,0</coordinates>
         </Point>
      </Placemark>
      <Placemark>
         <Snippet maxLines="0"> </Snippet>
         <description>1032, UTC 22:44:55
37.4922070,-122.2206146,EA3.8m
Alt -29.5 m, EA 1.0 m
Vel 13.9,-25.0, EA 0.00 m/s</description>
         <Style>
            <IconStyle>
               <Icon>
                  <href>http://maps.google.com/mapfiles/kml/shapes/shaded_dot.png</href>
               </Icon>
               <scale>0.6</scale>
               <color>bfed8548</color>
            </IconStyle>
         </Style>
         <Point>
            <coordinates>-122.2206146,37.492207,0</coordinates>
         </Point>
      </Placemark>
      <Placemark>
         <Snippet maxLines="0"> </Snippet>
         <description>1033, UTC 22:44:56
37.4923330,-122.2208992,EA3.8m
Alt -30.0 m, EA 1.0 m
Vel 14.2,-25.3, EA 0.00 m/s</description>
         <Style>
            <IconStyle>
               <Icon>
                  <href>http://maps.google.com/mapfiles/kml/shapes/shaded_dot.png</href>
               </Icon>
               <scale>0.6</scale>
               <color>bfed8548</color>
            </IconStyle>
         </Style>
         <Point>
            <coordinates>-122.2208992,37.492333,0</coordinates>
         </Point>
      </Placemark>
      <Placemark>
         <Snippet maxLines="0"> </Snippet>
         <description>1034, UTC 22:44:57
37.4924609,-122.2211818,EA3.8m
Alt -29.7 m, EA 1.0 m
Vel 14.1,-25.1, EA 0.00 m/s</description>
         <Style>
            <IconStyle>
               <Icon>
                  <href>http://maps.google.com/mapfiles/kml/shapes/shaded_dot.png</href>
               </Icon>
               <scale>0.6</scale>
               <color>bfed8548</color>
            </IconStyle>
         </Style>
         <Point>
            <coordinates>-122.221181783333,37.4924608833333,0</coordinates>
         </Point>
      </Placemark>
      <Placemark>
         <Snippet maxLines="0"> </Snippet>
         <description>1035, UTC 22:44:58
37.4925859,-122.2214657,EA3.8m
Alt -29.7 m, EA 1.0 m
Vel 14.0,-25.2, EA 0.00 m/s</description>
         <Style>
            <IconStyle>
               <Icon>
                  <href>http://maps.google.com/mapfiles/kml/shapes/shaded_dot.png</href>
               </Icon>
               <scale>0.6</scale>
               <color>bfed8548</color>
            </IconStyle>
         </Style>
         <Point>
            <coordinates>-122.221465683333,37.4925859,0</coordinates>
         </Point>
      </Placemark>
      <Placemark>
         <Snippet maxLines="0"> </Snippet>
         <description>1036, UTC 22:44:59
37.4927126,-122.2217511,EA3.8m
Alt -29.7 m, EA 1.0 m
Vel 14.2,-25.3, EA 0.00 m/s</description>
         <Style>
            <IconStyle>
               <Icon>
                  <href>http://maps.google.com/mapfiles/kml/shapes/shaded_dot.png</href>
               </Icon>
               <scale>0.6</scale>
               <color>bfed8548</color>
            </IconStyle>
         </Style>
         <Point>
            <coordinates>-122.2217511,37.4927125833333,0</coordinates>
         </Point>
      </Placemark>
      <Placemark>
         <Snippet maxLines="0"> </Snippet>
         <description>1037, UTC 22:45:00
37.4928420,-122.2220378,EA3.8m
Alt -29.9 m, EA 1.0 m
Vel 14.1,-25.5, EA 0.00 m/s</description>
         <Style>
            <IconStyle>
               <Icon>
                  <href>http://maps.google.com/mapfiles/kml/shapes/shaded_dot.png</href>
               </Icon>
               <scale>0.6</scale>
               <color>bfed8548</color>
            </IconStyle>
         </Style>
         <Point>
            <coordinates>-122.222037783333,37.492842,0</coordinates>
         </Point>
      </Placemark>
      <Placemark>
         <Snippet maxLines="0"> </Snippet>
         <description>1038, UTC 22:45:01
37.4929705,-122.2223299,EA3.8m
Alt -29.7 m, EA 1.0 m
Vel 14.3,-25.9, EA 0.00 m/s</description>
         <Style>
            <IconStyle>
               <Icon>
                  <href>http://maps.google.com/mapfiles/kml/shapes/shaded_dot.png</href>
               </Icon>
               <scale>0.6</scale>
               <color>bfed8548</color>
            </IconStyle>
         </Style>
         <Point>
            <coordinates>-122.2223299,37.4929704833333,0</coordinates>
         </Point>
      </Placemark>
      <Placemark>
         <Snippet maxLines="0"> </Snippet>
         <description>1039, UTC 22:45:02
37.4930996,-122.2226292,EA3.8m
Alt -29.6 m, EA 1.0 m
Vel 14.5,-26.3, EA 0.00 m/s</description>
         <Style>
            <IconStyle>
               <Icon>
                  <href>http://maps.google.com/mapfiles/kml/shapes/shaded_dot.png</href>
               </Icon>
               <scale>0.6</scale>
               <color>bfed8548</color>
            </IconStyle>
         </Style>
         <Point>
            <coordinates>-122.2226292,37.4930996,0</coordinates>
         </Point>
      </Placemark>
      <Placemark>
         <Snippet maxLines="0"> </Snippet>
         <description>1040, UTC 22:45:03
37.4932318,-122.2229285,EA3.8m
Alt -29.9 m, EA 1.0 m
Vel 14.6,-26.4, EA 0.00 m/s</description>
         <Style>
            <IconStyle>
               <Icon>
                  <href>http://maps.google.com/mapfiles/kml/shapes/shaded_dot.png</href>
               </Icon>
               <scale>0.6</scale>
               <color>bfed8548</color>
            </IconStyle>
         </Style>
         <Point>
            <coordinates>-122.222928483333,37.4932317833333,0</coordinates>
         </Point>
      </Placemark>
      <Placemark>
         <Snippet maxLines="0"> </Snippet>
         <description>1041, UTC 22:45:04
37.4933627,-122.2232284,EA3.8m
Alt -29.8 m, EA 1.0 m
Vel 14.4,-26.5, EA 0.00 m/s</description>
         <Style>
            <IconStyle>
               <Icon>
                  <href>http://maps.google.com/mapfiles/kml/shapes/shaded_dot.png</href>
               </Icon>
               <scale>0.6</scale>
               <color>bfed8548</color>
            </IconStyle>
         </Style>
         <Point>
            <coordinates>-122.223228383333,37.4933626833333,0</coordinates>
         </Point>
      </Placemark>
      <Placemark>
         <Snippet maxLines="0"> </Snippet>
         <description>1042, UTC 22:45:05
37.4934921,-122.2235288,EA3.8m
Alt -29.6 m, EA 1.0 m
Vel 14.2,-26.7, EA 0.00 m/s</description>
         <Style>
            <IconStyle>
               <Icon>
                  <href>http://maps.google.com/mapfiles/kml/shapes/shaded_dot.png</href>
               </Icon>
               <scale>0.6</scale>
               <color>bfed8548</color>
            </IconStyle>
         </Style>
         <Point>
            <coordinates>-122.223528783333,37.4934920833333,0</coordinates>
         </Point>
      </Placemark>
      <Placemark>
         <Snippet maxLines="0"> </Snippet>
         <description>1043, UTC 22:45:06
37.4936174,-122.2238334,EA3.8m
Alt -29.8 m, EA 1.0 m
Vel 13.8,-26.9, EA 0.00 m/s</description>
         <Style>
            <IconStyle>
               <Icon>
                  <href>http://maps.google.com/mapfiles/kml/shapes/shaded_dot.png</href>
               </Icon>
               <scale>0.6</scale>
               <color>bfed8548</color>
            </IconStyle>
         </Style>
         <Point>
            <coordinates>-122.2238334,37.4936173833333,0</coordinates>
         </Point>
      </Placemark>
      <Placemark>
         <Snippet maxLines="0"> </Snippet>
         <description>1044, UTC 22:45:07
37.4937413,-122.2241354,EA3.8m
Alt -29.5 m, EA 1.0 m
Vel 13.3,-26.8, EA 0.00 m/s</description>
         <Style>
            <IconStyle>
               <Icon>
                  <href>http://maps.google.com/mapfiles/kml/shapes/shaded_dot.png</href>
               </Icon>
               <scale>0.6</scale>
               <color>bfed8548</color>
            </IconStyle>
         </Style>
         <Point>
            <coordinates>-122.224135383333,37.4937413,0</coordinates>
         </Point>
      </Placemark>
      <Placemark>
         <Snippet maxLines="0"> </Snippet>
         <description>1045, UTC 22:45:08
37.4938551,-122.2244395,EA3.8m
Alt -29.2 m, EA 1.0 m
Vel 12.9,-26.8, EA 0.00 m/s</description>
         <Style>
            <IconStyle>
               <Icon>
                  <href>http://maps.google.com/mapfiles/kml/shapes/shaded_dot.png</href>
               </Icon>
               <scale>0.6</scale>
               <color>bfed8548</color>
            </IconStyle>
         </Style>
         <Point>
            <coordinates>-122.2244395,37.4938550833333,0</coordinates>
         </Point>
      </Placemark>
      <Placemark>
         <Snippet maxLines="0"> </Snippet>
         <description>1046, UTC 22:45:09
37.4939698,-122.2247429,EA3.8m
Alt -28.6 m, EA 1.0 m
Vel 12.4,-26.7, EA 0.00 m/s</description>
         <Style>
            <IconStyle>
               <Icon>
                  <href>http://maps.google.com/mapfiles/kml/shapes/shaded_dot.png</href>
               </Icon>
               <scale>0.6</scale>
               <color>bfed8548</color>
            </IconStyle>
         </Style>
         <Point>
            <coordinates>-122.224742883333,37.4939698,0</coordinates>
         </Point>
      </Placemark>
      <Placemark>
         <Snippet maxLines="0"> </Snippet>
         <description>1047, UTC 22:45:10
37.4940774,-122.2250479,EA3.8m
Alt -28.1 m, EA 1.0 m
Vel 12.0,-26.8, EA 0.00 m/s</description>
         <Style>
            <IconStyle>
               <Icon>
                  <href>http://maps.google.com/mapfiles/kml/shapes/shaded_dot.png</href>
               </Icon>
               <scale>0.6</scale>
               <color>bfed8548</color>
            </IconStyle>
         </Style>
         <Point>
            <coordinates>-122.2250479,37.4940774,0</coordinates>
         </Point>
      </Placemark>
      <Placemark>
         <Snippet maxLines="0"> </Snippet>
         <description>1048, UTC 22:45:11
37.4941852,-122.2253559,EA3.8m
Alt -28.2 m, EA 1.0 m
Vel 11.8,-26.8, EA 0.00 m/s</description>
         <Style>
            <IconStyle>
               <Icon>
                  <href>http://maps.google.com/mapfiles/kml/shapes/shaded_dot.png</href>
               </Icon>
               <scale>0.6</scale>
               <color>bfed8548</color>
            </IconStyle>
         </Style>
         <Point>
            <coordinates>-122.225355883333,37.4941851833333,0</coordinates>
         </Point>
      </Placemark>
      <Placemark>
         <Snippet maxLines="0"> </Snippet>
         <description>1049, UTC 22:45:12
37.4942928,-122.2256615,EA3.8m
Alt -28.2 m, EA 1.0 m
Vel 11.7,-27.0, EA 0.00 m/s</description>
         <Style>
            <IconStyle>
               <Icon>
                  <href>http://maps.google.com/mapfiles/kml/shapes/shaded_dot.png</href>
               </Icon>
               <scale>0.6</scale>
               <color>bfed8548</color>
            </IconStyle>
         </Style>
         <Point>
            <coordinates>-122.2256615,37.4942927833333,0</coordinates>
         </Point>
      </Placemark>
      <Placemark>
         <Snippet maxLines="0"> </Snippet>
         <description>1050, UTC 22:45:13
37.4943967,-122.2259686,EA3.8m
Alt -28.3 m, EA 1.0 m
Vel 11.3,-27.2, EA 0.00 m/s</description>
         <Style>
            <IconStyle>
               <Icon>
                  <href>http://maps.google.com/mapfiles/kml/shapes/shaded_dot.png</href>
               </Icon>
               <scale>0.6</scale>
               <color>bfed8548</color>
            </IconStyle>
         </Style>
         <Point>
            <coordinates>-122.2259686,37.4943967,0</coordinates>
         </Point>
      </Placemark>
      <Placemark>
         <Snippet maxLines="0"> </Snippet>
         <description>1051, UTC 22:45:14
37.4944961,-122.2262765,EA3.8m
Alt -28.1 m, EA 1.0 m
Vel 11.0,-27.4, EA 0.00 m/s</description>
         <Style>
            <IconStyle>
               <Icon>
                  <href>http://maps.google.com/mapfiles/kml/shapes/shaded_dot.png</href>
               </Icon>
               <scale>0.6</scale>
               <color>bfed8548</color>
            </IconStyle>
         </Style>
         <Point>
            <coordinates>-122.226276483333,37.4944960833333,0</coordinates>
         </Point>
      </Placemark>
      <Placemark>
         <Snippet maxLines="0"> </Snippet>
         <description>1052, UTC 22:45:15
37.4945949,-122.2265858,EA3.8m
Alt -27.9 m, EA 1.0 m
Vel 10.6,-27.7, EA 0.00 m/s</description>
         <Style>
            <IconStyle>
               <Icon>
                  <href>http://maps.google.com/mapfiles/kml/shapes/shaded_dot.png</href>
               </Icon>
               <scale>0.6</scale>
               <color>bfed8548</color>
            </IconStyle>
         </Style>
         <Point>
            <coordinates>-122.226585783333,37.4945949,0</coordinates>
         </Point>
      </Placemark>
      <Placemark>
         <Snippet maxLines="0"> </Snippet>
         <description>1053, UTC 22:45:16
37.4946901,-122.2269001,EA3.8m
Alt -27.4 m, EA 1.0 m
Vel 10.5,-27.9, EA 0.00 m/s</description>
         <Style>
            <IconStyle>
               <Icon>
                  <href>http://maps.google.com/mapfiles/kml/shapes/shaded_dot.png</href>
               </Icon>
               <scale>0.6</scale>
               <color>bfed8548</color>
            </IconStyle>
         </Style>
         <Point>
            <coordinates>-122.226900083333,37.4946900833333,0</coordinates>
         </Point>
      </Placemark>
      <Placemark>
         <Snippet maxLines="0"> </Snippet>
         <description>1054, UTC 22:45:17
37.4947872,-122.2272187,EA3.8m
Alt -27.5 m, EA 1.0 m
Vel 10.4,-28.0, EA 0.00 m/s</description>
         <Style>
            <IconStyle>
               <Icon>
                  <href>http://maps.google.com/mapfiles/kml/shapes/shaded_dot.png</href>
               </Icon>
               <scale>0.6</scale>
               <color>bfed8548</color>
            </IconStyle>
         </Style>
         <Point>
            <coordinates>-122.227218683333,37.4947871833333,0</coordinates>
         </Point>
      </Placemark>
      <Placemark>
         <Snippet maxLines="0"> </Snippet>
         <description>1055, UTC 22:45:18
37.4948793,-122.2275359,EA3.8m
Alt -27.6 m, EA 1.0 m
Vel 10.2,-28.1, EA 0.00 m/s</description>
         <Style>
            <IconStyle>
               <Icon>
                  <href>http://maps.google.com/mapfiles/kml/shapes/shaded_dot.png</href>
               </Icon>
               <scale>0.6</scale>
               <color>bfed8548</color>
            </IconStyle>
         </Style>
         <Point>
            <coordinates>-122.2275359,37.4948793,0</coordinates>
         </Point>
      </Placemark>
      <Placemark>
         <Snippet maxLines="0"> </Snippet>
         <description>1056, UTC 22:45:19
37.4949685,-122.2278559,EA3.8m
Alt -28.2 m, EA 1.0 m
Vel 10.1,-28.3, EA 0.00 m/s</description>
         <Style>
            <IconStyle>
               <Icon>
                  <href>http://maps.google.com/mapfiles/kml/shapes/shaded_dot.png</href>
               </Icon>
               <scale>0.6</scale>
               <color>bfed8548</color>
            </IconStyle>
         </Style>
         <Point>
            <coordinates>-122.227855883333,37.4949684833333,0</coordinates>
         </Point>
      </Placemark>
      <Placemark>
         <Snippet maxLines="0"> </Snippet>
         <description>1057, UTC 22:45:20
37.4950598,-122.2281767,EA3.8m
Alt -28.7 m, EA 1.0 m
Vel 10.1,-28.4, EA 0.00 m/s</description>
         <Style>
            <IconStyle>
               <Icon>
                  <href>http://maps.google.com/mapfiles/kml/shapes/shaded_dot.png</href>
               </Icon>
               <scale>0.6</scale>
               <color>bfed8548</color>
            </IconStyle>
         </Style>
         <Point>
            <coordinates>-122.2281767,37.4950597833333,0</coordinates>
         </Point>
      </Placemark>
      <Placemark>
         <Snippet maxLines="0"> </Snippet>
         <description>1058, UTC 22:45:21
37.4951528,-122.2285030,EA3.8m
Alt -28.8 m, EA 1.0 m
Vel 10.3,-28.6, EA 0.00 m/s</description>
         <Style>
            <IconStyle>
               <Icon>
                  <href>http://maps.google.com/mapfiles/kml/shapes/shaded_dot.png</href>
               </Icon>
               <scale>0.6</scale>
               <color>bfed8548</color>
            </IconStyle>
         </Style>
         <Point>
            <coordinates>-122.228503,37.4951527833333,0</coordinates>
         </Point>
      </Placemark>
      <Placemark>
         <Snippet maxLines="0"> </Snippet>
         <description>1059, UTC 22:45:22
37.4952465,-122.2288282,EA3.8m
Alt -28.7 m, EA 1.0 m
Vel 10.3,-28.7, EA 0.00 m/s</description>
         <Style>
            <IconStyle>
               <Icon>
                  <href>http://maps.google.com/mapfiles/kml/shapes/shaded_dot.png</href>
               </Icon>
               <scale>0.6</scale>
               <color>bfed8548</color>
            </IconStyle>
         </Style>
         <Point>
            <coordinates>-122.228828183333,37.4952465,0</coordinates>
         </Point>
      </Placemark>
      <Placemark>
         <Snippet maxLines="0"> </Snippet>
         <description>1060, UTC 22:45:23
37.4953353,-122.2291534,EA3.8m
Alt -28.9 m, EA 1.0 m
Vel 10.1,-28.8, EA 0.00 m/s</description>
         <Style>
            <IconStyle>
               <Icon>
                  <href>http://maps.google.com/mapfiles/kml/shapes/shaded_dot.png</href>
               </Icon>
               <scale>0.6</scale>
               <color>bfed8548</color>
            </IconStyle>
         </Style>
         <Point>
            <coordinates>-122.2291534,37.4953353,0</coordinates>
         </Point>
      </Placemark>
      <Placemark>
         <Snippet maxLines="0"> </Snippet>
         <description>1061, UTC 22:45:24
37.4954253,-122.2294760,EA3.8m
Alt -28.9 m, EA 1.0 m
Vel 10.0,-28.8, EA 0.00 m/s</description>
         <Style>
            <IconStyle>
               <Icon>
                  <href>http://maps.google.com/mapfiles/kml/shapes/shaded_dot.png</href>
               </Icon>
               <scale>0.6</scale>
               <color>bfed8548</color>
            </IconStyle>
         </Style>
         <Point>
            <coordinates>-122.229476,37.4954253,0</coordinates>
         </Point>
      </Placemark>
      <Placemark>
         <Snippet maxLines="0"> </Snippet>
         <description>1062, UTC 22:45:25
37.4955115,-122.2298015,EA3.8m
Alt -28.7 m, EA 1.0 m
Vel 10.0,-28.6, EA 0.00 m/s</description>
         <Style>
            <IconStyle>
               <Icon>
                  <href>http://maps.google.com/mapfiles/kml/shapes/shaded_dot.png</href>
               </Icon>
               <scale>0.6</scale>
               <color>bfed8548</color>
            </IconStyle>
         </Style>
         <Point>
            <coordinates>-122.229801483333,37.4955114833333,0</coordinates>
         </Point>
      </Placemark>
      <Placemark>
         <Snippet maxLines="0"> </Snippet>
         <description>1063, UTC 22:45:26
37.4956005,-122.2301243,EA3.8m
Alt -28.8 m, EA 1.0 m
Vel 9.8,-28.5, EA 0.00 m/s</description>
         <Style>
            <IconStyle>
               <Icon>
                  <href>http://maps.google.com/mapfiles/kml/shapes/shaded_dot.png</href>
               </Icon>
               <scale>0.6</scale>
               <color>bfed8548</color>
            </IconStyle>
         </Style>
         <Point>
            <coordinates>-122.230124283333,37.4956005,0</coordinates>
         </Point>
      </Placemark>
      <Placemark>
         <Snippet maxLines="0"> </Snippet>
         <description>1064, UTC 22:45:27
37.4956859,-122.2304437,EA3.8m
Alt -28.6 m, EA 1.0 m
Vel 9.8,-28.4, EA 0.00 m/s</description>
         <Style>
            <IconStyle>
               <Icon>
                  <href>http://maps.google.com/mapfiles/kml/shapes/shaded_dot.png</href>
               </Icon>
               <scale>0.6</scale>
               <color>bfed8548</color>
            </IconStyle>
         </Style>
         <Point>
            <coordinates>-122.230443683333,37.4956858833333,0</coordinates>
         </Point>
      </Placemark>
      <Placemark>
         <Snippet maxLines="0"> </Snippet>
         <description>1065, UTC 22:45:28
37.4957730,-122.2307662,EA3.8m
Alt -28.8 m, EA 1.0 m
Vel 9.9,-28.4, EA 0.00 m/s</description>
         <Style>
            <IconStyle>
               <Icon>
                  <href>http://maps.google.com/mapfiles/kml/shapes/shaded_dot.png</href>
               </Icon>
               <scale>0.6</scale>
               <color>bfed8548</color>
            </IconStyle>
         </Style>
         <Point>
            <coordinates>-122.2307662,37.4957729833333,0</coordinates>
         </Point>
      </Placemark>
      <Placemark>
         <Snippet maxLines="0"> </Snippet>
         <description>1066, UTC 22:45:29
37.4958642,-122.2310876,EA3.8m
Alt -28.8 m, EA 1.0 m
Vel 10.2,-28.2, EA 0.00 m/s</description>
         <Style>
            <IconStyle>
               <Icon>
                  <href>http://maps.google.com/mapfiles/kml/shapes/shaded_dot.png</href>
               </Icon>
               <scale>0.6</scale>
               <color>bfed8548</color>
            </IconStyle>
         </Style>
         <Point>
            <coordinates>-122.231087583333,37.4958641833333,0</coordinates>
         </Point>
      </Placemark>
      <Placemark>
         <Snippet maxLines="0"> </Snippet>
         <description>1067, UTC 22:45:30
37.4959564,-122.2314059,EA3.8m
Alt -29.2 m, EA 1.0 m
Vel 10.0,-28.2, EA 0.00 m/s</description>
         <Style>
            <IconStyle>
               <Icon>
                  <href>http://maps.google.com/mapfiles/kml/shapes/shaded_dot.png</href>
               </Icon>
               <scale>0.6</scale>
               <color>bfed8548</color>
            </IconStyle>
         </Style>
         <Point>
            <coordinates>-122.231405883333,37.4959563833333,0</coordinates>
         </Point>
      </Placemark>
      <Placemark>
         <Snippet maxLines="0"> </Snippet>
         <description>1068, UTC 22:45:31
37.4960505,-122.2317256,EA3.8m
Alt -29.3 m, EA 1.0 m
Vel 10.2,-28.3, EA 0.00 m/s</description>
         <Style>
            <IconStyle>
               <Icon>
                  <href>http://maps.google.com/mapfiles/kml/shapes/shaded_dot.png</href>
               </Icon>
               <scale>0.6</scale>
               <color>bfed8548</color>
            </IconStyle>
         </Style>
         <Point>
            <coordinates>-122.2317256,37.4960505,0</coordinates>
         </Point>
      </Placemark>
      <Placemark>
         <Snippet maxLines="0"> </Snippet>
         <description>1069, UTC 22:45:32
37.4961413,-122.2320463,EA3.8m
Alt -29.1 m, EA 1.0 m
Vel 10.2,-28.3, EA 0.00 m/s</description>
         <Style>
            <IconStyle>
               <Icon>
                  <href>http://maps.google.com/mapfiles/kml/shapes/shaded_dot.png</href>
               </Icon>
               <scale>0.6</scale>
               <color>bfed8548</color>
            </IconStyle>
         </Style>
         <Point>
            <coordinates>-122.232046283333,37.4961412833333,0</coordinates>
         </Point>
      </Placemark>
      <Placemark>
         <Snippet maxLines="0"> </Snippet>
         <description>1070, UTC 22:45:33
37.4962303,-122.2323634,EA3.8m
Alt -29.2 m, EA 1.0 m
Vel 9.9,-28.2, EA 0.00 m/s</description>
         <Style>
            <IconStyle>
               <Icon>
                  <href>http://maps.google.com/mapfiles/kml/shapes/shaded_dot.png</href>
               </Icon>
               <scale>0.6</scale>
               <color>bfed8548</color>
            </IconStyle>
         </Style>
         <Point>
            <coordinates>-122.232363383333,37.4962303,0</coordinates>
         </Point>
      </Placemark>
      <Placemark>
         <Snippet maxLines="0"> </Snippet>
         <description>1071, UTC 22:45:34
37.4963205,-122.2326815,EA3.8m
Alt -29.0 m, EA 1.0 m
Vel 10.0,-27.9, EA 0.00 m/s</description>
         <Style>
            <IconStyle>
               <Icon>
                  <href>http://maps.google.com/mapfiles/kml/shapes/shaded_dot.png</href>
               </Icon>
               <scale>0.6</scale>
               <color>bfed8548</color>
            </IconStyle>
         </Style>
         <Point>
            <coordinates>-122.232681483333,37.4963205,0</coordinates>
         </Point>
      </Placemark>
      <Placemark>
         <Snippet maxLines="0"> </Snippet>
         <description>1072, UTC 22:45:35
37.4964101,-122.2329946,EA3.8m
Alt -28.4 m, EA 1.0 m
Vel 10.0,-27.8, EA 0.00 m/s</description>
         <Style>
            <IconStyle>
               <Icon>
                  <href>http://maps.google.com/mapfiles/kml/shapes/shaded_dot.png</href>
               </Icon>
               <scale>0.6</scale>
               <color>bfed8548</color>
            </IconStyle>
         </Style>
         <Point>
            <coordinates>-122.232994583333,37.4964100833333,0</coordinates>
         </Point>
      </Placemark>
      <Placemark>
         <Snippet maxLines="0"> </Snippet>
         <description>1073, UTC 22:45:36
37.4965021,-122.2333154,EA3.8m
Alt -28.1 m, EA 1.0 m
Vel 10.2,-28.5, EA 0.00 m/s</description>
         <Style>
            <IconStyle>
               <Icon>
                  <href>http://maps.google.com/mapfiles/kml/shapes/shaded_dot.png</href>
               </Icon>
               <scale>0.6</scale>
               <color>bfed8548</color>
            </IconStyle>
         </Style>
         <Point>
            <coordinates>-122.233315383333,37.4965021,0</coordinates>
         </Point>
      </Placemark>
      <Placemark>
         <Snippet maxLines="0"> </Snippet>
         <description>1074, UTC 22:45:37
37.4965932,-122.2336339,EA3.8m
Alt -27.9 m, EA 1.0 m
Vel 10.0,-28.3, EA 0.00 m/s</description>
         <Style>
            <IconStyle>
               <Icon>
                  <href>http://maps.google.com/mapfiles/kml/shapes/shaded_dot.png</href>
               </Icon>
               <scale>0.6</scale>
               <color>bfed8548</color>
            </IconStyle>
         </Style>
         <Point>
            <coordinates>-122.2336339,37.4965931833333,0</coordinates>
         </Point>
      </Placemark>
      <Placemark>
         <Snippet maxLines="0"> </Snippet>
         <description>1075, UTC 22:45:38
37.4966841,-122.2339557,EA3.8m
Alt -28.0 m, EA 1.0 m
Vel 10.0,-28.5, EA 0.00 m/s</description>
         <Style>
            <IconStyle>
               <Icon>
                  <href>http://maps.google.com/mapfiles/kml/shapes/shaded_dot.png</href>
               </Icon>
               <scale>0.6</scale>
               <color>bfed8548</color>
            </IconStyle>
         </Style>
         <Point>
            <coordinates>-122.233955683333,37.4966841,0</coordinates>
         </Point>
      </Placemark>
      <Placemark>
         <Snippet maxLines="0"> </Snippet>
         <description>1076, UTC 22:45:39
37.4967767,-122.2342849,EA3.8m
Alt -28.1 m, EA 1.0 m
Vel 10.1,-28.8, EA 0.00 m/s</description>
         <Style>
            <IconStyle>
               <Icon>
                  <href>http://maps.google.com/mapfiles/kml/shapes/shaded_dot.png</href>
               </Icon>
               <scale>0.6</scale>
               <color>bfed8548</color>
            </IconStyle>
         </Style>
         <Point>
            <coordinates>-122.2342849,37.4967766833333,0</coordinates>
         </Point>
      </Placemark>
      <Placemark>
         <Snippet maxLines="0"> </Snippet>
         <description>1077, UTC 22:45:40
37.4968759,-122.2346115,EA3.8m
Alt -28.0 m, EA 1.0 m
Vel 11.1,-28.7, EA 0.00 m/s</description>
         <Style>
            <IconStyle>
               <Icon>
                  <href>http://maps.google.com/mapfiles/kml/shapes/shaded_dot.png</href>
               </Icon>
               <scale>0.6</scale>
               <color>bfed8548</color>
            </IconStyle>
         </Style>
         <Point>
            <coordinates>-122.234611483333,37.4968758833333,0</coordinates>
         </Point>
      </Placemark>
      <Placemark>
         <Snippet maxLines="0"> </Snippet>
         <description>1078, UTC 22:45:41
37.4969808,-122.2349361,EA3.8m
Alt -28.1 m, EA 1.0 m
Vel 11.9,-28.7, EA 0.00 m/s</description>
         <Style>
            <IconStyle>
               <Icon>
                  <href>http://maps.google.com/mapfiles/kml/shapes/shaded_dot.png</href>
               </Icon>
               <scale>0.6</scale>
               <color>bfed8548</color>
            </IconStyle>
         </Style>
         <Point>
            <coordinates>-122.234936083333,37.4969808,0</coordinates>
         </Point>
      </Placemark>
      <Placemark>
         <Snippet maxLines="0"> </Snippet>
         <description>1079, UTC 22:45:42
37.4970921,-122.2352576,EA3.8m
Alt -27.8 m, EA 1.0 m
Vel 12.4,-28.5, EA 0.00 m/s</description>
         <Style>
            <IconStyle>
               <Icon>
                  <href>http://maps.google.com/mapfiles/kml/shapes/shaded_dot.png</href>
               </Icon>
               <scale>0.6</scale>
               <color>bfed8548</color>
            </IconStyle>
         </Style>
         <Point>
            <coordinates>-122.235257583333,37.4970921,0</coordinates>
         </Point>
      </Placemark>
      <Placemark>
         <Snippet maxLines="0"> </Snippet>
         <description>1080, UTC 22:45:43
37.4972081,-122.2355759,EA3.8m
Alt -28.0 m, EA 1.0 m
Vel 13.1,-28.4, EA 0.00 m/s</description>
         <Style>
            <IconStyle>
               <Icon>
                  <href>http://maps.google.com/mapfiles/kml/shapes/shaded_dot.png</href>
               </Icon>
               <scale>0.6</scale>
               <color>bfed8548</color>
            </IconStyle>
         </Style>
         <Point>
            <coordinates>-122.2355759,37.4972081,0</coordinates>
         </Point>
      </Placemark>
      <Placemark>
         <Snippet maxLines="0"> </Snippet>
         <description>1081, UTC 22:45:44
37.4973350,-122.2358994,EA3.8m
Alt -28.1 m, EA 1.0 m
Vel 14.0,-28.3, EA 0.00 m/s</description>
         <Style>
            <IconStyle>
               <Icon>
                  <href>http://maps.google.com/mapfiles/kml/shapes/shaded_dot.png</href>
               </Icon>
               <scale>0.6</scale>
               <color>bfed8548</color>
            </IconStyle>
         </Style>
         <Point>
            <coordinates>-122.235899383333,37.4973349833333,0</coordinates>
         </Point>
      </Placemark>
      <Placemark>
         <Snippet maxLines="0"> </Snippet>
         <description>1082, UTC 22:45:45
37.4974651,-122.2362244,EA3.8m
Alt -28.4 m, EA 1.0 m
Vel 14.7,-28.4, EA 0.00 m/s</description>
         <Style>
            <IconStyle>
               <Icon>
                  <href>http://maps.google.com/mapfiles/kml/shapes/shaded_dot.png</href>
               </Icon>
               <scale>0.6</scale>
               <color>bfed8548</color>
            </IconStyle>
         </Style>
         <Point>
            <coordinates>-122.236224383333,37.4974650833333,0</coordinates>
         </Point>
      </Placemark>
      <Placemark>
         <Snippet maxLines="0"> </Snippet>
         <description>1083, UTC 22:45:46
37.4976036,-122.2365467,EA3.8m
Alt -28.7 m, EA 1.0 m
Vel 15.6,-28.3, EA 0.00 m/s</description>
         <Style>
            <IconStyle>
               <Icon>
                  <href>http://maps.google.com/mapfiles/kml/shapes/shaded_dot.png</href>
               </Icon>
               <scale>0.6</scale>
               <color>bfed8548</color>
            </IconStyle>
         </Style>
         <Point>
            <coordinates>-122.2365467,37.4976035833333,0</coordinates>
         </Point>
      </Placemark>
      <Placemark>
         <Snippet maxLines="0"> </Snippet>
         <description>1084, UTC 22:45:47
37.4977475,-122.2368595,EA3.8m
Alt -28.5 m, EA 1.0 m
Vel 16.4,-27.9, EA 0.00 m/s</description>
         <Style>
            <IconStyle>
               <Icon>
                  <href>http://maps.google.com/mapfiles/kml/shapes/shaded_dot.png</href>
               </Icon>
               <scale>0.6</scale>
               <color>bfed8548</color>
            </IconStyle>
         </Style>
         <Point>
            <coordinates>-122.236859483333,37.4977475,0</coordinates>
         </Point>
      </Placemark>
      <Placemark>
         <Snippet maxLines="0"> </Snippet>
         <description>1085, UTC 22:45:48
37.4978978,-122.2371713,EA3.8m
Alt -28.5 m, EA 1.0 m
Vel 17.2,-27.3, EA 0.00 m/s</description>
         <Style>
            <IconStyle>
               <Icon>
                  <href>http://maps.google.com/mapfiles/kml/shapes/shaded_dot.png</href>
               </Icon>
               <scale>0.6</scale>
               <color>bfed8548</color>
            </IconStyle>
         </Style>
         <Point>
            <coordinates>-122.237171283333,37.4978977833333,0</coordinates>
         </Point>
      </Placemark>
      <Placemark>
         <Snippet maxLines="0"> </Snippet>
         <description>1086, UTC 22:45:49
37.4980561,-122.2374747,EA3.8m
Alt -28.6 m, EA 1.0 m
Vel 17.9,-26.8, EA 0.00 m/s</description>
         <Style>
            <IconStyle>
               <Icon>
                  <href>http://maps.google.com/mapfiles/kml/shapes/shaded_dot.png</href>
               </Icon>
               <scale>0.6</scale>
               <color>bfed8548</color>
            </IconStyle>
         </Style>
         <Point>
            <coordinates>-122.2374747,37.4980560833333,0</coordinates>
         </Point>
      </Placemark>
      <Placemark>
         <Snippet maxLines="0"> </Snippet>
         <description>1087, UTC 22:45:50
37.4982204,-122.2377725,EA3.8m
Alt -28.5 m, EA 1.0 m
Vel 18.7,-26.3, EA 0.00 m/s</description>
         <Style>
            <IconStyle>
               <Icon>
                  <href>http://maps.google.com/mapfiles/kml/shapes/shaded_dot.png</href>
               </Icon>
               <scale>0.6</scale>
               <color>bfed8548</color>
            </IconStyle>
         </Style>
         <Point>
            <coordinates>-122.2377725,37.4982204,0</coordinates>
         </Point>
      </Placemark>
      <Placemark>
         <Snippet maxLines="0"> </Snippet>
         <description>1088, UTC 22:45:51
37.4983904,-122.2380636,EA3.8m
Alt -28.4 m, EA 1.0 m
Vel 19.5,-25.5, EA 0.00 m/s</description>
         <Style>
            <IconStyle>
               <Icon>
                  <href>http://maps.google.com/mapfiles/kml/shapes/shaded_dot.png</href>
               </Icon>
               <scale>0.6</scale>
               <color>bfed8548</color>
            </IconStyle>
         </Style>
         <Point>
            <coordinates>-122.2380636,37.4983903833333,0</coordinates>
         </Point>
      </Placemark>
      <Placemark>
         <Snippet maxLines="0"> </Snippet>
         <description>1089, UTC 22:45:52
37.4985705,-122.2383478,EA3.8m
Alt -28.4 m, EA 1.0 m
Vel 20.5,-24.6, EA 0.00 m/s</description>
         <Style>
            <IconStyle>
               <Icon>
                  <href>http://maps.google.com/mapfiles/kml/shapes/shaded_dot.png</href>
               </Icon>
               <scale>0.6</scale>
               <color>bfed8548</color>
            </IconStyle>
         </Style>
         <Point>
            <coordinates>-122.238347783333,37.4985704833333,0</coordinates>
         </Point>
      </Placemark>
      <Placemark>
         <Snippet maxLines="0"> </Snippet>
         <description>1090, UTC 22:45:53
37.4987630,-122.2386217,EA3.8m
Alt -27.9 m, EA 1.0 m
Vel 21.1,-24.3, EA 0.00 m/s</description>
         <Style>
            <IconStyle>
               <Icon>
                  <href>http://maps.google.com/mapfiles/kml/shapes/shaded_dot.png</href>
               </Icon>
               <scale>0.6</scale>
               <color>bfed8548</color>
            </IconStyle>
         </Style>
         <Point>
            <coordinates>-122.238621683333,37.4987629833333,0</coordinates>
         </Point>
      </Placemark>
      <Placemark>
         <Snippet maxLines="0"> </Snippet>
         <description>1091, UTC 22:45:54
37.4989597,-122.2388955,EA3.8m
Alt -27.8 m, EA 1.0 m
Vel 22.1,-23.8, EA 0.00 m/s</description>
         <Style>
            <IconStyle>
               <Icon>
                  <href>http://maps.google.com/mapfiles/kml/shapes/shaded_dot.png</href>
               </Icon>
               <scale>0.6</scale>
               <color>bfed8548</color>
            </IconStyle>
         </Style>
         <Point>
            <coordinates>-122.238895483333,37.4989597,0</coordinates>
         </Point>
      </Placemark>
      <Placemark>
         <Snippet maxLines="0"> </Snippet>
         <description>1092, UTC 22:45:55
37.4991662,-122.2391604,EA3.8m
Alt -27.7 m, EA 1.0 m
Vel 23.2,-23.4, EA 0.00 m/s</description>
         <Style>
            <IconStyle>
               <Icon>
                  <href>http://maps.google.com/mapfiles/kml/shapes/shaded_dot.png</href>
               </Icon>
               <scale>0.6</scale>
               <color>bfed8548</color>
            </IconStyle>
         </Style>
         <Point>
            <coordinates>-122.2391604,37.4991661833333,0</coordinates>
         </Point>
      </Placemark>
      <Placemark>
         <Snippet maxLines="0"> </Snippet>
         <description>1093, UTC 22:45:56
37.4993792,-122.2394204,EA3.8m
Alt -27.2 m, EA 1.0 m
Vel 24.0,-22.8, EA 0.00 m/s</description>
         <Style>
            <IconStyle>
               <Icon>
                  <href>http://maps.google.com/mapfiles/kml/shapes/shaded_dot.png</href>
               </Icon>
               <scale>0.6</scale>
               <color>bfed8548</color>
            </IconStyle>
         </Style>
         <Point>
            <coordinates>-122.2394204,37.4993791833333,0</coordinates>
         </Point>
      </Placemark>
      <Placemark>
         <Snippet maxLines="0"> </Snippet>
         <description>1094, UTC 22:45:57
37.4995993,-122.2396792,EA3.8m
Alt -27.2 m, EA 1.0 m
Vel 24.3,-22.6, EA 0.00 m/s</description>
         <Style>
            <IconStyle>
               <Icon>
                  <href>http://maps.google.com/mapfiles/kml/shapes/shaded_dot.png</href>
               </Icon>
               <scale>0.6</scale>
               <color>bfed8548</color>
            </IconStyle>
         </Style>
         <Point>
            <coordinates>-122.239679183333,37.4995992833333,0</coordinates>
         </Point>
      </Placemark>
      <Placemark>
         <Snippet maxLines="0"> </Snippet>
         <description>1095, UTC 22:45:58
37.4998210,-122.2399316,EA3.8m
Alt -26.8 m, EA 1.0 m
Vel 24.7,-22.5, EA 0.00 m/s</description>
         <Style>
            <IconStyle>
               <Icon>
                  <href>http://maps.google.com/mapfiles/kml/shapes/shaded_dot.png</href>
               </Icon>
               <scale>0.6</scale>
               <color>bfed8548</color>
            </IconStyle>
         </Style>
         <Point>
            <coordinates>-122.2399316,37.4998209833333,0</coordinates>
         </Point>
      </Placemark>
      <Placemark>
         <Snippet maxLines="0"> </Snippet>
         <description>1096, UTC 22:45:59
37.5000463,-122.2401877,EA3.8m
Alt -27.1 m, EA 1.0 m
Vel 24.7,-22.5, EA 0.00 m/s</description>
         <Style>
            <IconStyle>
               <Icon>
                  <href>http://maps.google.com/mapfiles/kml/shapes/shaded_dot.png</href>
               </Icon>
               <scale>0.6</scale>
               <color>bfed8548</color>
            </IconStyle>
         </Style>
         <Point>
            <coordinates>-122.2401877,37.5000463,0</coordinates>
         </Point>
      </Placemark>
      <Placemark>
         <Snippet maxLines="0"> </Snippet>
         <description>1097, UTC 22:46:00
37.5002694,-122.2404424,EA3.8m
Alt -27.2 m, EA 1.0 m
Vel 25.0,-22.6, EA 0.00 m/s</description>
         <Style>
            <IconStyle>
               <Icon>
                  <href>http://maps.google.com/mapfiles/kml/shapes/shaded_dot.png</href>
               </Icon>
               <scale>0.6</scale>
               <color>bfed8548</color>
            </IconStyle>
         </Style>
         <Point>
            <coordinates>-122.2404424,37.5002694,0</coordinates>
         </Point>
      </Placemark>
      <Placemark>
         <Snippet maxLines="0"> </Snippet>
         <description>1098, UTC 22:46:01
37.5005007,-122.2406987,EA3.8m
Alt -27.3 m, EA 1.0 m
Vel 25.3,-22.7, EA 0.00 m/s</description>
         <Style>
            <IconStyle>
               <Icon>
                  <href>http://maps.google.com/mapfiles/kml/shapes/shaded_dot.png</href>
               </Icon>
               <scale>0.6</scale>
               <color>bfed8548</color>
            </IconStyle>
         </Style>
         <Point>
            <coordinates>-122.240698683333,37.5005007,0</coordinates>
         </Point>
      </Placemark>
      <Placemark>
         <Snippet maxLines="0"> </Snippet>
         <description>1099, UTC 22:46:02
37.5007319,-122.2409536,EA3.8m
Alt -27.9 m, EA 1.0 m
Vel 25.4,-22.8, EA 0.00 m/s</description>
         <Style>
            <IconStyle>
               <Icon>
                  <href>http://maps.google.com/mapfiles/kml/shapes/shaded_dot.png</href>
               </Icon>
               <scale>0.6</scale>
               <color>bfed8548</color>
            </IconStyle>
         </Style>
         <Point>
            <coordinates>-122.240953583333,37.5007318833333,0</coordinates>
         </Point>
      </Placemark>
      <Placemark>
         <Snippet maxLines="0"> </Snippet>
         <description>1100, UTC 22:46:03
37.5009625,-122.2412107,EA3.8m
Alt -28.2 m, EA 1.0 m
Vel 25.5,-22.8, EA 0.00 m/s</description>
         <Style>
            <IconStyle>
               <Icon>
                  <href>http://maps.google.com/mapfiles/kml/shapes/shaded_dot.png</href>
               </Icon>
               <scale>0.6</scale>
               <color>bfed8548</color>
            </IconStyle>
         </Style>
         <Point>
            <coordinates>-122.241210683333,37.5009624833333,0</coordinates>
         </Point>
      </Placemark>
      <Placemark>
         <Snippet maxLines="0"> </Snippet>
         <description>1101, UTC 22:46:04
37.5011941,-122.2414688,EA3.8m
Alt -28.4 m, EA 1.0 m
Vel 25.3,-22.7, EA 0.00 m/s</description>
         <Style>
            <IconStyle>
               <Icon>
                  <href>http://maps.google.com/mapfiles/kml/shapes/shaded_dot.png</href>
               </Icon>
               <scale>0.6</scale>
               <color>bfed8548</color>
            </IconStyle>
         </Style>
         <Point>
            <coordinates>-122.2414688,37.5011940833333,0</coordinates>
         </Point>
      </Placemark>
      <Placemark>
         <Snippet maxLines="0"> </Snippet>
         <description>1102, UTC 22:46:05
37.5014193,-122.2417243,EA3.8m
Alt -28.3 m, EA 1.0 m
Vel 25.1,-22.7, EA 0.00 m/s</description>
         <Style>
            <IconStyle>
               <Icon>
                  <href>http://maps.google.com/mapfiles/kml/shapes/shaded_dot.png</href>
               </Icon>
               <scale>0.6</scale>
               <color>bfed8548</color>
            </IconStyle>
         </Style>
         <Point>
            <coordinates>-122.2417243,37.5014193,0</coordinates>
         </Point>
      </Placemark>
      <Placemark>
         <Snippet maxLines="0"> </Snippet>
         <description>1103, UTC 22:46:06
37.5016466,-122.2419796,EA3.8m
Alt -28.6 m, EA 1.0 m
Vel 24.9,-22.5, EA 0.00 m/s</description>
         <Style>
            <IconStyle>
               <Icon>
                  <href>http://maps.google.com/mapfiles/kml/shapes/shaded_dot.png</href>
               </Icon>
               <scale>0.6</scale>
               <color>bfed8548</color>
            </IconStyle>
         </Style>
         <Point>
            <coordinates>-122.241979583333,37.5016466,0</coordinates>
         </Point>
      </Placemark>
      <Placemark>
         <Snippet maxLines="0"> </Snippet>
         <description>1104, UTC 22:46:07
37.5018716,-122.2422324,EA3.8m
Alt -28.8 m, EA 1.0 m
Vel 24.6,-22.2, EA 0.00 m/s</description>
         <Style>
            <IconStyle>
               <Icon>
                  <href>http://maps.google.com/mapfiles/kml/shapes/shaded_dot.png</href>
               </Icon>
               <scale>0.6</scale>
               <color>bfed8548</color>
            </IconStyle>
         </Style>
         <Point>
            <coordinates>-122.2422324,37.5018716,0</coordinates>
         </Point>
      </Placemark>
      <Placemark>
         <Snippet maxLines="0"> </Snippet>
         <description>1105, UTC 22:46:08
37.5020953,-122.2424802,EA3.8m
Alt -28.9 m, EA 1.0 m
Vel 24.5,-22.1, EA 0.00 m/s</description>
         <Style>
            <IconStyle>
               <Icon>
                  <href>http://maps.google.com/mapfiles/kml/shapes/shaded_dot.png</href>
               </Icon>
               <scale>0.6</scale>
               <color>bfed8548</color>
            </IconStyle>
         </Style>
         <Point>
            <coordinates>-122.2424802,37.5020953,0</coordinates>
         </Point>
      </Placemark>
      <Placemark>
         <Snippet maxLines="0"> </Snippet>
         <description>1106, UTC 22:46:09
37.5023150,-122.2427294,EA3.8m
Alt -29.0 m, EA 1.0 m
Vel 24.5,-22.1, EA 0.00 m/s</description>
         <Style>
            <IconStyle>
               <Icon>
                  <href>http://maps.google.com/mapfiles/kml/shapes/shaded_dot.png</href>
               </Icon>
               <scale>0.6</scale>
               <color>bfed8548</color>
            </IconStyle>
         </Style>
         <Point>
            <coordinates>-122.2427294,37.502315,0</coordinates>
         </Point>
      </Placemark>
      <Placemark>
         <Snippet maxLines="0"> </Snippet>
         <description>1107, UTC 22:46:10
37.5025376,-122.2429865,EA3.8m
Alt -29.3 m, EA 1.0 m
Vel 24.4,-22.0, EA 0.00 m/s</description>
         <Style>
            <IconStyle>
               <Icon>
                  <href>http://maps.google.com/mapfiles/kml/shapes/shaded_dot.png</href>
               </Icon>
               <scale>0.6</scale>
               <color>bfed8548</color>
            </IconStyle>
         </Style>
         <Point>
            <coordinates>-122.2429865,37.5025375833333,0</coordinates>
         </Point>
      </Placemark>
      <Placemark>
         <Snippet maxLines="0"> </Snippet>
         <description>1108, UTC 22:46:11
37.5027534,-122.2432287,EA3.8m
Alt -29.4 m, EA 1.0 m
Vel 24.0,-21.7, EA 0.00 m/s</description>
         <Style>
            <IconStyle>
               <Icon>
                  <href>http://maps.google.com/mapfiles/kml/shapes/shaded_dot.png</href>
               </Icon>
               <scale>0.6</scale>
               <color>bfed8548</color>
            </IconStyle>
         </Style>
         <Point>
            <coordinates>-122.2432287,37.5027534,0</coordinates>
         </Point>
      </Placemark>
      <Placemark>
         <Snippet maxLines="0"> </Snippet>
         <description>1109, UTC 22:46:12
37.5029667,-122.2434728,EA3.8m
Alt -29.4 m, EA 1.0 m
Vel 23.7,-21.4, EA 0.00 m/s</description>
         <Style>
            <IconStyle>
               <Icon>
                  <href>http://maps.google.com/mapfiles/kml/shapes/shaded_dot.png</href>
               </Icon>
               <scale>0.6</scale>
               <color>bfed8548</color>
            </IconStyle>
         </Style>
         <Point>
            <coordinates>-122.2434728,37.5029667,0</coordinates>
         </Point>
      </Placemark>
      <Placemark>
         <Snippet maxLines="0"> </Snippet>
         <description>1110, UTC 22:46:13
37.5031780,-122.2437083,EA3.8m
Alt -29.1 m, EA 1.0 m
Vel 23.4,-21.1, EA 0.00 m/s</description>
         <Style>
            <IconStyle>
               <Icon>
                  <href>http://maps.google.com/mapfiles/kml/shapes/shaded_dot.png</href>
               </Icon>
               <scale>0.6</scale>
               <color>bfed8548</color>
            </IconStyle>
         </Style>
         <Point>
            <coordinates>-122.243708283333,37.5031779833333,0</coordinates>
         </Point>
      </Placemark>
      <Placemark>
         <Snippet maxLines="0"> </Snippet>
         <description>1111, UTC 22:46:14
37.5033861,-122.2439460,EA3.8m
Alt -29.3 m, EA 1.0 m
Vel 23.2,-20.9, EA 0.00 m/s</description>
         <Style>
            <IconStyle>
               <Icon>
                  <href>http://maps.google.com/mapfiles/kml/shapes/shaded_dot.png</href>
               </Icon>
               <scale>0.6</scale>
               <color>bfed8548</color>
            </IconStyle>
         </Style>
         <Point>
            <coordinates>-122.243945983333,37.5033861,0</coordinates>
         </Point>
      </Placemark>
      <Placemark>
         <Snippet maxLines="0"> </Snippet>
         <description>1112, UTC 22:46:15
37.5035913,-122.2441762,EA3.8m
Alt -29.3 m, EA 1.0 m
Vel 22.9,-20.6, EA 0.00 m/s</description>
         <Style>
            <IconStyle>
               <Icon>
                  <href>http://maps.google.com/mapfiles/kml/shapes/shaded_dot.png</href>
               </Icon>
               <scale>0.6</scale>
               <color>bfed8548</color>
            </IconStyle>
         </Style>
         <Point>
            <coordinates>-122.244176183333,37.5035912833333,0</coordinates>
         </Point>
      </Placemark>
      <Placemark>
         <Snippet maxLines="0"> </Snippet>
         <description>1113, UTC 22:46:16
37.5037936,-122.2444079,EA3.8m
Alt -29.4 m, EA 1.0 m
Vel 22.6,-20.3, EA 0.00 m/s</description>
         <Style>
            <IconStyle>
               <Icon>
                  <href>http://maps.google.com/mapfiles/kml/shapes/shaded_dot.png</href>
               </Icon>
               <scale>0.6</scale>
               <color>bfed8548</color>
            </IconStyle>
         </Style>
         <Point>
            <coordinates>-122.244407883333,37.5037936,0</coordinates>
         </Point>
      </Placemark>
      <Placemark>
         <Snippet maxLines="0"> </Snippet>
         <description>1114, UTC 22:46:17
37.5039923,-122.2446319,EA3.8m
Alt -29.2 m, EA 1.0 m
Vel 22.1,-20.1, EA 0.00 m/s</description>
         <Style>
            <IconStyle>
               <Icon>
                  <href>http://maps.google.com/mapfiles/kml/shapes/shaded_dot.png</href>
               </Icon>
               <scale>0.6</scale>
               <color>bfed8548</color>
            </IconStyle>
         </Style>
         <Point>
            <coordinates>-122.2446319,37.5039923,0</coordinates>
         </Point>
      </Placemark>
      <Placemark>
         <Snippet maxLines="0"> </Snippet>
         <description>1115, UTC 22:46:18
37.5041848,-122.2448536,EA3.8m
Alt -29.1 m, EA 1.0 m
Vel 21.7,-19.8, EA 0.00 m/s</description>
         <Style>
            <IconStyle>
               <Icon>
                  <href>http://maps.google.com/mapfiles/kml/shapes/shaded_dot.png</href>
               </Icon>
               <scale>0.6</scale>
               <color>bfed8548</color>
            </IconStyle>
         </Style>
         <Point>
            <coordinates>-122.244853583333,37.5041847833333,0</coordinates>
         </Point>
      </Placemark>
      <Placemark>
         <Snippet maxLines="0"> </Snippet>
         <description>1116, UTC 22:46:19
37.5043763,-122.2450744,EA3.8m
Alt -29.3 m, EA 1.0 m
Vel 21.5,-19.4, EA 0.00 m/s</description>
         <Style>
            <IconStyle>
               <Icon>
                  <href>http://maps.google.com/mapfiles/kml/shapes/shaded_dot.png</href>
               </Icon>
               <scale>0.6</scale>
               <color>bfed8548</color>
            </IconStyle>
         </Style>
         <Point>
            <coordinates>-122.245074383333,37.5043762833333,0</coordinates>
         </Point>
      </Placemark>
      <Placemark>
         <Snippet maxLines="0"> </Snippet>
         <description>1117, UTC 22:46:20
37.5045712,-122.2452883,EA3.8m
Alt -29.9 m, EA 1.0 m
Vel 21.4,-19.2, EA 0.00 m/s</description>
         <Style>
            <IconStyle>
               <Icon>
                  <href>http://maps.google.com/mapfiles/kml/shapes/shaded_dot.png</href>
               </Icon>
               <scale>0.6</scale>
               <color>bfed8548</color>
            </IconStyle>
         </Style>
         <Point>
            <coordinates>-122.245288283333,37.5045712,0</coordinates>
         </Point>
      </Placemark>
      <Placemark>
         <Snippet maxLines="0"> </Snippet>
         <description>1118, UTC 22:46:21
37.5047666,-122.2455081,EA3.8m
Alt -30.1 m, EA 1.0 m
Vel 21.4,-19.4, EA 0.00 m/s</description>
         <Style>
            <IconStyle>
               <Icon>
                  <href>http://maps.google.com/mapfiles/kml/shapes/shaded_dot.png</href>
               </Icon>
               <scale>0.6</scale>
               <color>bfed8548</color>
            </IconStyle>
         </Style>
         <Point>
            <coordinates>-122.245508083333,37.5047666,0</coordinates>
         </Point>
      </Placemark>
      <Placemark>
         <Snippet maxLines="0"> </Snippet>
         <description>1119, UTC 22:46:22
37.5049629,-122.2457290,EA3.8m
Alt -29.9 m, EA 1.0 m
Vel 21.5,-19.5, EA 0.00 m/s</description>
         <Style>
            <IconStyle>
               <Icon>
                  <href>http://maps.google.com/mapfiles/kml/shapes/shaded_dot.png</href>
               </Icon>
               <scale>0.6</scale>
               <color>bfed8548</color>
            </IconStyle>
         </Style>
         <Point>
            <coordinates>-122.245728983333,37.5049629,0</coordinates>
         </Point>
      </Placemark>
      <Placemark>
         <Snippet maxLines="0"> </Snippet>
         <description>1120, UTC 22:46:23
37.5051520,-122.2459475,EA3.8m
Alt -30.0 m, EA 1.0 m
Vel 21.4,-19.2, EA 0.00 m/s</description>
         <Style>
            <IconStyle>
               <Icon>
                  <href>http://maps.google.com/mapfiles/kml/shapes/shaded_dot.png</href>
               </Icon>
               <scale>0.6</scale>
               <color>bfed8548</color>
            </IconStyle>
         </Style>
         <Point>
            <coordinates>-122.245947483333,37.505152,0</coordinates>
         </Point>
      </Placemark>
      <Placemark>
         <Snippet maxLines="0"> </Snippet>
         <description>1121, UTC 22:46:24
37.5053421,-122.2461648,EA3.8m
Alt -30.2 m, EA 1.0 m
Vel 21.2,-19.0, EA 0.00 m/s</description>
         <Style>
            <IconStyle>
               <Icon>
                  <href>http://maps.google.com/mapfiles/kml/shapes/shaded_dot.png</href>
               </Icon>
               <scale>0.6</scale>
               <color>bfed8548</color>
            </IconStyle>
         </Style>
         <Point>
            <coordinates>-122.2461648,37.5053421,0</coordinates>
         </Point>
      </Placemark>
      <Placemark>
         <Snippet maxLines="0"> </Snippet>
         <description>1122, UTC 22:46:25
37.5055331,-122.2463745,EA3.8m
Alt -29.7 m, EA 1.0 m
Vel 20.9,-18.8, EA 0.00 m/s</description>
         <Style>
            <IconStyle>
               <Icon>
                  <href>http://maps.google.com/mapfiles/kml/shapes/shaded_dot.png</href>
               </Icon>
               <scale>0.6</scale>
               <color>bfed8548</color>
            </IconStyle>
         </Style>
         <Point>
            <coordinates>-122.2463745,37.5055331,0</coordinates>
         </Point>
      </Placemark>
      <Placemark>
         <Snippet maxLines="0"> </Snippet>
         <description>1123, UTC 22:46:26
37.5057191,-122.2465832,EA3.8m
Alt -29.9 m, EA 1.0 m
Vel 20.9,-18.5, EA 0.00 m/s</description>
         <Style>
            <IconStyle>
               <Icon>
                  <href>http://maps.google.com/mapfiles/kml/shapes/shaded_dot.png</href>
               </Icon>
               <scale>0.6</scale>
               <color>bfed8548</color>
            </IconStyle>
         </Style>
         <Point>
            <coordinates>-122.2465832,37.5057191,0</coordinates>
         </Point>
      </Placemark>
      <Placemark>
         <Snippet maxLines="0"> </Snippet>
         <description>1124, UTC 22:46:27
37.5059043,-122.2467916,EA3.8m
Alt -30.1 m, EA 1.0 m
Vel 20.6,-18.6, EA 0.00 m/s</description>
         <Style>
            <IconStyle>
               <Icon>
                  <href>http://maps.google.com/mapfiles/kml/shapes/shaded_dot.png</href>
               </Icon>
               <scale>0.6</scale>
               <color>bfed8548</color>
            </IconStyle>
         </Style>
         <Point>
            <coordinates>-122.246791583333,37.5059042833333,0</coordinates>
         </Point>
      </Placemark>
      <Placemark>
         <Snippet maxLines="0"> </Snippet>
         <description>1125, UTC 22:46:28
37.5060892,-122.2470028,EA3.8m
Alt -30.3 m, EA 1.0 m
Vel 20.5,-18.5, EA 0.00 m/s</description>
         <Style>
            <IconStyle>
               <Icon>
                  <href>http://maps.google.com/mapfiles/kml/shapes/shaded_dot.png</href>
               </Icon>
               <scale>0.6</scale>
               <color>bfed8548</color>
            </IconStyle>
         </Style>
         <Point>
            <coordinates>-122.2470028,37.5060891833333,0</coordinates>
         </Point>
      </Placemark>
      <Placemark>
         <Snippet maxLines="0"> </Snippet>
         <description>1126, UTC 22:46:29
37.5062730,-122.2472079,EA3.8m
Alt -30.3 m, EA 1.0 m
Vel 20.4,-18.5, EA 0.00 m/s</description>
         <Style>
            <IconStyle>
               <Icon>
                  <href>http://maps.google.com/mapfiles/kml/shapes/shaded_dot.png</href>
               </Icon>
               <scale>0.6</scale>
               <color>bfed8548</color>
            </IconStyle>
         </Style>
         <Point>
            <coordinates>-122.2472079,37.506273,0</coordinates>
         </Point>
      </Placemark>
      <Placemark>
         <Snippet maxLines="0"> </Snippet>
         <description>1127, UTC 22:46:30
37.5064538,-122.2474184,EA3.8m
Alt -30.1 m, EA 1.0 m
Vel 20.3,-18.4, EA 0.00 m/s</description>
         <Style>
            <IconStyle>
               <Icon>
                  <href>http://maps.google.com/mapfiles/kml/shapes/shaded_dot.png</href>
               </Icon>
               <scale>0.6</scale>
               <color>bfed8548</color>
            </IconStyle>
         </Style>
         <Point>
            <coordinates>-122.2474184,37.5064538,0</coordinates>
         </Point>
      </Placemark>
      <Placemark>
         <Snippet maxLines="0"> </Snippet>
         <description>1128, UTC 22:46:31
37.5066390,-122.2476263,EA3.8m
Alt -29.5 m, EA 1.0 m
Vel 20.2,-18.5, EA 0.00 m/s</description>
         <Style>
            <IconStyle>
               <Icon>
                  <href>http://maps.google.com/mapfiles/kml/shapes/shaded_dot.png</href>
               </Icon>
               <scale>0.6</scale>
               <color>bfed8548</color>
            </IconStyle>
         </Style>
         <Point>
            <coordinates>-122.247626283333,37.5066389833333,0</coordinates>
         </Point>
      </Placemark>
      <Placemark>
         <Snippet maxLines="0"> </Snippet>
         <description>1129, UTC 22:46:32
37.5068216,-122.2478387,EA3.8m
Alt -29.2 m, EA 1.0 m
Vel 20.3,-18.6, EA 0.00 m/s</description>
         <Style>
            <IconStyle>
               <Icon>
                  <href>http://maps.google.com/mapfiles/kml/shapes/shaded_dot.png</href>
               </Icon>
               <scale>0.6</scale>
               <color>bfed8548</color>
            </IconStyle>
         </Style>
         <Point>
            <coordinates>-122.2478387,37.5068216,0</coordinates>
         </Point>
      </Placemark>
      <Placemark>
         <Snippet maxLines="0"> </Snippet>
         <description>1130, UTC 22:46:33
37.5070083,-122.2480504,EA3.8m
Alt -29.9 m, EA 1.0 m
Vel 20.5,-18.6, EA 0.00 m/s</description>
         <Style>
            <IconStyle>
               <Icon>
                  <href>http://maps.google.com/mapfiles/kml/shapes/shaded_dot.png</href>
               </Icon>
               <scale>0.6</scale>
               <color>bfed8548</color>
            </IconStyle>
         </Style>
         <Point>
            <coordinates>-122.248050383333,37.5070083,0</coordinates>
         </Point>
      </Placemark>
      <Placemark>
         <Snippet maxLines="0"> </Snippet>
         <description>1131, UTC 22:46:34
37.5071946,-122.2482588,EA3.8m
Alt -30.3 m, EA 1.0 m
Vel 20.5,-18.5, EA 0.00 m/s</description>
         <Style>
            <IconStyle>
               <Icon>
                  <href>http://maps.google.com/mapfiles/kml/shapes/shaded_dot.png</href>
               </Icon>
               <scale>0.6</scale>
               <color>bfed8548</color>
            </IconStyle>
         </Style>
         <Point>
            <coordinates>-122.2482588,37.5071945833333,0</coordinates>
         </Point>
      </Placemark>
      <Placemark>
         <Snippet maxLines="0"> </Snippet>
         <description>1132, UTC 22:46:35
37.5073804,-122.2484661,EA3.8m
Alt -30.7 m, EA 1.0 m
Vel 20.4,-18.3, EA 0.00 m/s</description>
         <Style>
            <IconStyle>
               <Icon>
                  <href>http://maps.google.com/mapfiles/kml/shapes/shaded_dot.png</href>
               </Icon>
               <scale>0.6</scale>
               <color>bfed8548</color>
            </IconStyle>
         </Style>
         <Point>
            <coordinates>-122.2484661,37.5073804,0</coordinates>
         </Point>
      </Placemark>
      <Placemark>
         <Snippet maxLines="0"> </Snippet>
         <description>1133, UTC 22:46:36
37.5075625,-122.2486703,EA3.8m
Alt -30.9 m, EA 1.0 m
Vel 20.2,-18.3, EA 0.00 m/s</description>
         <Style>
            <IconStyle>
               <Icon>
                  <href>http://maps.google.com/mapfiles/kml/shapes/shaded_dot.png</href>
               </Icon>
               <scale>0.6</scale>
               <color>bfed8548</color>
            </IconStyle>
         </Style>
         <Point>
            <coordinates>-122.2486703,37.5075624833333,0</coordinates>
         </Point>
      </Placemark>
      <Placemark>
         <Snippet maxLines="0"> </Snippet>
         <description>1134, UTC 22:46:37
37.5077463,-122.2488742,EA3.8m
Alt -31.0 m, EA 1.0 m
Vel 20.2,-18.3, EA 0.00 m/s</description>
         <Style>
            <IconStyle>
               <Icon>
                  <href>http://maps.google.com/mapfiles/kml/shapes/shaded_dot.png</href>
               </Icon>
               <scale>0.6</scale>
               <color>bfed8548</color>
            </IconStyle>
         </Style>
         <Point>
            <coordinates>-122.2488742,37.5077463,0</coordinates>
         </Point>
      </Placemark>
      <Placemark>
         <Snippet maxLines="0"> </Snippet>
         <description>1135, UTC 22:46:38
37.5079319,-122.2490821,EA3.8m
Alt -31.1 m, EA 1.0 m
Vel 20.3,-18.4, EA 0.00 m/s</description>
         <Style>
            <IconStyle>
               <Icon>
                  <href>http://maps.google.com/mapfiles/kml/shapes/shaded_dot.png</href>
               </Icon>
               <scale>0.6</scale>
               <color>bfed8548</color>
            </IconStyle>
         </Style>
         <Point>
            <coordinates>-122.249082083333,37.5079319,0</coordinates>
         </Point>
      </Placemark>
      <Placemark>
         <Snippet maxLines="0"> </Snippet>
         <description>1136, UTC 22:46:39
37.5081194,-122.2492934,EA3.8m
Alt -31.3 m, EA 1.0 m
Vel 20.5,-18.6, EA 0.00 m/s</description>
         <Style>
            <IconStyle>
               <Icon>
                  <href>http://maps.google.com/mapfiles/kml/shapes/shaded_dot.png</href>
               </Icon>
               <scale>0.6</scale>
               <color>bfed8548</color>
            </IconStyle>
         </Style>
         <Point>
            <coordinates>-122.249293383333,37.5081193833333,0</coordinates>
         </Point>
      </Placemark>
      <Placemark>
         <Snippet maxLines="0"> </Snippet>
         <description>1137, UTC 22:46:40
37.5083077,-122.2495053,EA3.8m
Alt -31.5 m, EA 1.0 m
Vel 20.9,-18.8, EA 0.00 m/s</description>
         <Style>
            <IconStyle>
               <Icon>
                  <href>http://maps.google.com/mapfiles/kml/shapes/shaded_dot.png</href>
               </Icon>
               <scale>0.6</scale>
               <color>bfed8548</color>
            </IconStyle>
         </Style>
         <Point>
            <coordinates>-122.249505283333,37.5083077,0</coordinates>
         </Point>
      </Placemark>
      <Placemark>
         <Snippet maxLines="0"> </Snippet>
         <description>1138, UTC 22:46:41
37.5084971,-122.2497200,EA3.8m
Alt -31.9 m, EA 1.0 m
Vel 21.1,-19.0, EA 0.00 m/s</description>
         <Style>
            <IconStyle>
               <Icon>
                  <href>http://maps.google.com/mapfiles/kml/shapes/shaded_dot.png</href>
               </Icon>
               <scale>0.6</scale>
               <color>bfed8548</color>
            </IconStyle>
         </Style>
         <Point>
            <coordinates>-122.249719983333,37.5084970833333,0</coordinates>
         </Point>
      </Placemark>
      <Placemark>
         <Snippet maxLines="0"> </Snippet>
         <description>1139, UTC 22:46:42
37.5086904,-122.2499348,EA3.8m
Alt -31.9 m, EA 1.0 m
Vel 21.4,-19.0, EA 0.00 m/s</description>
         <Style>
            <IconStyle>
               <Icon>
                  <href>http://maps.google.com/mapfiles/kml/shapes/shaded_dot.png</href>
               </Icon>
               <scale>0.6</scale>
               <color>bfed8548</color>
            </IconStyle>
         </Style>
         <Point>
            <coordinates>-122.2499348,37.5086903833333,0</coordinates>
         </Point>
      </Placemark>
      <Placemark>
         <Snippet maxLines="0"> </Snippet>
         <description>1140, UTC 22:46:43
37.5088780,-122.2501503,EA3.8m
Alt -32.1 m, EA 1.0 m
Vel 21.3,-19.1, EA 0.00 m/s</description>
         <Style>
            <IconStyle>
               <Icon>
                  <href>http://maps.google.com/mapfiles/kml/shapes/shaded_dot.png</href>
               </Icon>
               <scale>0.6</scale>
               <color>bfed8548</color>
            </IconStyle>
         </Style>
         <Point>
            <coordinates>-122.2501503,37.508878,0</coordinates>
         </Point>
      </Placemark>
      <Placemark>
         <Snippet maxLines="0"> </Snippet>
         <description>1141, UTC 22:46:44
37.5090704,-122.2503658,EA3.8m
Alt -32.4 m, EA 1.0 m
Vel 21.1,-19.0, EA 0.00 m/s</description>
         <Style>
            <IconStyle>
               <Icon>
                  <href>http://maps.google.com/mapfiles/kml/shapes/shaded_dot.png</href>
               </Icon>
               <scale>0.6</scale>
               <color>bfed8548</color>
            </IconStyle>
         </Style>
         <Point>
            <coordinates>-122.250365783333,37.5090703833333,0</coordinates>
         </Point>
      </Placemark>
      <Placemark>
         <Snippet maxLines="0"> </Snippet>
         <description>1142, UTC 22:46:45
37.5092554,-122.2505772,EA3.8m
Alt -31.9 m, EA 1.0 m
Vel 20.7,-18.7, EA 0.00 m/s</description>
         <Style>
            <IconStyle>
               <Icon>
                  <href>http://maps.google.com/mapfiles/kml/shapes/shaded_dot.png</href>
               </Icon>
               <scale>0.6</scale>
               <color>bfed8548</color>
            </IconStyle>
         </Style>
         <Point>
            <coordinates>-122.250577183333,37.5092554,0</coordinates>
         </Point>
      </Placemark>
      <Placemark>
         <Snippet maxLines="0"> </Snippet>
         <description>1143, UTC 22:46:46
37.5094379,-122.2507837,EA3.8m
Alt -32.2 m, EA 1.0 m
Vel 20.3,-18.4, EA 0.00 m/s</description>
         <Style>
            <IconStyle>
               <Icon>
                  <href>http://maps.google.com/mapfiles/kml/shapes/shaded_dot.png</href>
               </Icon>
               <scale>0.6</scale>
               <color>bfed8548</color>
            </IconStyle>
         </Style>
         <Point>
            <coordinates>-122.250783683333,37.5094379,0</coordinates>
         </Point>
      </Placemark>
      <Placemark>
         <Snippet maxLines="0"> </Snippet>
         <description>1144, UTC 22:46:47
37.5096197,-122.2509874,EA3.8m
Alt -32.5 m, EA 1.0 m
Vel 20.1,-18.1, EA 0.00 m/s</description>
         <Style>
            <IconStyle>
               <Icon>
                  <href>http://maps.google.com/mapfiles/kml/shapes/shaded_dot.png</href>
               </Icon>
               <scale>0.6</scale>
               <color>bfed8548</color>
            </IconStyle>
         </Style>
         <Point>
            <coordinates>-122.250987383333,37.5096197,0</coordinates>
         </Point>
      </Placemark>
      <Placemark>
         <Snippet maxLines="0"> </Snippet>
         <description>1145, UTC 22:46:48
37.5098011,-122.2511921,EA3.8m
Alt -32.5 m, EA 1.0 m
Vel 19.8,-18.0, EA 0.00 m/s</description>
         <Style>
            <IconStyle>
               <Icon>
                  <href>http://maps.google.com/mapfiles/kml/shapes/shaded_dot.png</href>
               </Icon>
               <scale>0.6</scale>
               <color>bfed8548</color>
            </IconStyle>
         </Style>
         <Point>
            <coordinates>-122.251192083333,37.5098010833333,0</coordinates>
         </Point>
      </Placemark>
      <Placemark>
         <Snippet maxLines="0"> </Snippet>
         <description>1146, UTC 22:46:49
37.5099786,-122.2513954,EA3.8m
Alt -32.4 m, EA 1.0 m
Vel 19.8,-17.9, EA 0.00 m/s</description>
         <Style>
            <IconStyle>
               <Icon>
                  <href>http://maps.google.com/mapfiles/kml/shapes/shaded_dot.png</href>
               </Icon>
               <scale>0.6</scale>
               <color>bfed8548</color>
            </IconStyle>
         </Style>
         <Point>
            <coordinates>-122.2513954,37.5099785833333,0</coordinates>
         </Point>
      </Placemark>
      <Placemark>
         <Snippet maxLines="0"> </Snippet>
         <description>1147, UTC 22:46:50
37.5101589,-122.2515998,EA3.8m
Alt -32.5 m, EA 1.0 m
Vel 19.9,-18.1, EA 0.00 m/s</description>
         <Style>
            <IconStyle>
               <Icon>
                  <href>http://maps.google.com/mapfiles/kml/shapes/shaded_dot.png</href>
               </Icon>
               <scale>0.6</scale>
               <color>bfed8548</color>
            </IconStyle>
         </Style>
         <Point>
            <coordinates>-122.251599783333,37.5101589,0</coordinates>
         </Point>
      </Placemark>
      <Placemark>
         <Snippet maxLines="0"> </Snippet>
         <description>1148, UTC 22:46:51
37.5103343,-122.2518033,EA3.8m
Alt -32.4 m, EA 1.0 m
Vel 20.0,-18.2, EA 0.00 m/s</description>
         <Style>
            <IconStyle>
               <Icon>
                  <href>http://maps.google.com/mapfiles/kml/shapes/shaded_dot.png</href>
               </Icon>
               <scale>0.6</scale>
               <color>bfed8548</color>
            </IconStyle>
         </Style>
         <Point>
            <coordinates>-122.2518033,37.5103342833333,0</coordinates>
         </Point>
      </Placemark>
      <Placemark>
         <Snippet maxLines="0"> </Snippet>
         <description>1149, UTC 22:46:52
37.5105187,-122.2520116,EA3.8m
Alt -32.4 m, EA 1.0 m
Vel 20.1,-18.2, EA 0.00 m/s</description>
         <Style>
            <IconStyle>
               <Icon>
                  <href>http://maps.google.com/mapfiles/kml/shapes/shaded_dot.png</href>
               </Icon>
               <scale>0.6</scale>
               <color>bfed8548</color>
            </IconStyle>
         </Style>
         <Point>
            <coordinates>-122.2520116,37.5105186833333,0</coordinates>
         </Point>
      </Placemark>
      <Placemark>
         <Snippet maxLines="0"> </Snippet>
         <description>1150, UTC 22:46:53
37.5106964,-122.2522168,EA3.8m
Alt -32.4 m, EA 1.0 m
Vel 20.0,-18.3, EA 0.00 m/s</description>
         <Style>
            <IconStyle>
               <Icon>
                  <href>http://maps.google.com/mapfiles/kml/shapes/shaded_dot.png</href>
               </Icon>
               <scale>0.6</scale>
               <color>bfed8548</color>
            </IconStyle>
         </Style>
         <Point>
            <coordinates>-122.252216783333,37.5106964,0</coordinates>
         </Point>
      </Placemark>
      <Placemark>
         <Snippet maxLines="0"> </Snippet>
         <description>1151, UTC 22:46:54
37.5108765,-122.2524231,EA3.8m
Alt -32.5 m, EA 1.0 m
Vel 19.9,-18.2, EA 0.00 m/s</description>
         <Style>
            <IconStyle>
               <Icon>
                  <href>http://maps.google.com/mapfiles/kml/shapes/shaded_dot.png</href>
               </Icon>
               <scale>0.6</scale>
               <color>bfed8548</color>
            </IconStyle>
         </Style>
         <Point>
            <coordinates>-122.2524231,37.5108765,0</coordinates>
         </Point>
      </Placemark>
      <Placemark>
         <Snippet maxLines="0"> </Snippet>
         <description>1152, UTC 22:46:55
37.5110536,-122.2526276,EA3.8m
Alt -32.5 m, EA 1.0 m
Vel 19.9,-18.1, EA 0.00 m/s</description>
         <Style>
            <IconStyle>
               <Icon>
                  <href>http://maps.google.com/mapfiles/kml/shapes/shaded_dot.png</href>
               </Icon>
               <scale>0.6</scale>
               <color>bfed8548</color>
            </IconStyle>
         </Style>
         <Point>
            <coordinates>-122.252627583333,37.5110535833333,0</coordinates>
         </Point>
      </Placemark>
      <Placemark>
         <Snippet maxLines="0"> </Snippet>
         <description>1153, UTC 22:46:56
37.5112357,-122.2528279,EA3.8m
Alt -32.5 m, EA 1.0 m
Vel 20.0,-17.8, EA 0.00 m/s</description>
         <Style>
            <IconStyle>
               <Icon>
                  <href>http://maps.google.com/mapfiles/kml/shapes/shaded_dot.png</href>
               </Icon>
               <scale>0.6</scale>
               <color>bfed8548</color>
            </IconStyle>
         </Style>
         <Point>
            <coordinates>-122.252827883333,37.5112357,0</coordinates>
         </Point>
      </Placemark>
      <Placemark>
         <Snippet maxLines="0"> </Snippet>
         <description>1154, UTC 22:46:57
37.5114115,-122.2530277,EA3.8m
Alt -32.0 m, EA 1.0 m
Vel 19.8,-17.7, EA 0.00 m/s</description>
         <Style>
            <IconStyle>
               <Icon>
                  <href>http://maps.google.com/mapfiles/kml/shapes/shaded_dot.png</href>
               </Icon>
               <scale>0.6</scale>
               <color>bfed8548</color>
            </IconStyle>
         </Style>
         <Point>
            <coordinates>-122.2530277,37.5114115,0</coordinates>
         </Point>
      </Placemark>
      <Placemark>
         <Snippet maxLines="0"> </Snippet>
         <description>1155, UTC 22:46:58
37.5115883,-122.2532237,EA3.8m
Alt -32.2 m, EA 1.0 m
Vel 19.4,-17.5, EA 0.00 m/s</description>
         <Style>
            <IconStyle>
               <Icon>
                  <href>http://maps.google.com/mapfiles/kml/shapes/shaded_dot.png</href>
               </Icon>
               <scale>0.6</scale>
               <color>bfed8548</color>
            </IconStyle>
         </Style>
         <Point>
            <coordinates>-122.2532237,37.5115882833333,0</coordinates>
         </Point>
      </Placemark>
      <Placemark>
         <Snippet maxLines="0"> </Snippet>
         <description>1156, UTC 22:46:59
37.5117612,-122.2534179,EA3.8m
Alt -32.3 m, EA 1.0 m
Vel 19.0,-17.4, EA 0.00 m/s</description>
         <Style>
            <IconStyle>
               <Icon>
                  <href>http://maps.google.com/mapfiles/kml/shapes/shaded_dot.png</href>
               </Icon>
               <scale>0.6</scale>
               <color>bfed8548</color>
            </IconStyle>
         </Style>
         <Point>
            <coordinates>-122.2534179,37.5117612,0</coordinates>
         </Point>
      </Placemark>
      <Placemark>
         <Snippet maxLines="0"> </Snippet>
         <description>1157, UTC 22:47:00
37.5119303,-122.2536176,EA3.8m
Alt -32.3 m, EA 1.0 m
Vel 18.9,-17.5, EA 0.00 m/s</description>
         <Style>
            <IconStyle>
               <Icon>
                  <href>http://maps.google.com/mapfiles/kml/shapes/shaded_dot.png</href>
               </Icon>
               <scale>0.6</scale>
               <color>bfed8548</color>
            </IconStyle>
         </Style>
         <Point>
            <coordinates>-122.253617583333,37.5119303,0</coordinates>
         </Point>
      </Placemark>
      <Placemark>
         <Snippet maxLines="0"> </Snippet>
         <description>1158, UTC 22:47:01
37.5121041,-122.2538145,EA3.8m
Alt -32.4 m, EA 1.0 m
Vel 19.0,-17.3, EA 0.00 m/s</description>
         <Style>
            <IconStyle>
               <Icon>
                  <href>http://maps.google.com/mapfiles/kml/shapes/shaded_dot.png</href>
               </Icon>
               <scale>0.6</scale>
               <color>bfed8548</color>
            </IconStyle>
         </Style>
         <Point>
            <coordinates>-122.2538145,37.5121041,0</coordinates>
         </Point>
      </Placemark>
      <Placemark>
         <Snippet maxLines="0"> </Snippet>
         <description>1159, UTC 22:47:02
37.5122707,-122.2540091,EA3.8m
Alt -32.2 m, EA 1.0 m
Vel 18.5,-17.5, EA 0.00 m/s</description>
         <Style>
            <IconStyle>
               <Icon>
                  <href>http://maps.google.com/mapfiles/kml/shapes/shaded_dot.png</href>
               </Icon>
               <scale>0.6</scale>
               <color>bfed8548</color>
            </IconStyle>
         </Style>
         <Point>
            <coordinates>-122.2540091,37.5122707,0</coordinates>
         </Point>
      </Placemark>
      <Placemark>
         <Snippet maxLines="0"> </Snippet>
         <description>1160, UTC 22:47:03
37.5124362,-122.2542124,EA3.8m
Alt -32.0 m, EA 1.0 m
Vel 18.2,-17.9, EA 0.00 m/s</description>
         <Style>
            <IconStyle>
               <Icon>
                  <href>http://maps.google.com/mapfiles/kml/shapes/shaded_dot.png</href>
               </Icon>
               <scale>0.6</scale>
               <color>bfed8548</color>
            </IconStyle>
         </Style>
         <Point>
            <coordinates>-122.2542124,37.5124362,0</coordinates>
         </Point>
      </Placemark>
      <Placemark>
         <Snippet maxLines="0"> </Snippet>
         <description>1161, UTC 22:47:04
37.5126031,-122.2544191,EA3.8m
Alt -32.1 m, EA 1.0 m
Vel 18.6,-18.2, EA 0.00 m/s</description>
         <Style>
            <IconStyle>
               <Icon>
                  <href>http://maps.google.com/mapfiles/kml/shapes/shaded_dot.png</href>
               </Icon>
               <scale>0.6</scale>
               <color>bfed8548</color>
            </IconStyle>
         </Style>
         <Point>
            <coordinates>-122.2544191,37.5126030833333,0</coordinates>
         </Point>
      </Placemark>
      <Placemark>
         <Snippet maxLines="0"> </Snippet>
         <description>1162, UTC 22:47:05
37.5127799,-122.2546316,EA3.8m
Alt -32.4 m, EA 1.0 m
Vel 19.6,-18.6, EA 0.00 m/s</description>
         <Style>
            <IconStyle>
               <Icon>
                  <href>http://maps.google.com/mapfiles/kml/shapes/shaded_dot.png</href>
               </Icon>
               <scale>0.6</scale>
               <color>bfed8548</color>
            </IconStyle>
         </Style>
         <Point>
            <coordinates>-122.254631583333,37.5127798833333,0</coordinates>
         </Point>
      </Placemark>
      <Placemark>
         <Snippet maxLines="0"> </Snippet>
         <description>1163, UTC 22:47:06
37.5129633,-122.2548438,EA3.8m
Alt -32.5 m, EA 1.0 m
Vel 20.3,-18.8, EA 0.00 m/s</description>
         <Style>
            <IconStyle>
               <Icon>
                  <href>http://maps.google.com/mapfiles/kml/shapes/shaded_dot.png</href>
               </Icon>
               <scale>0.6</scale>
               <color>bfed8548</color>
            </IconStyle>
         </Style>
         <Point>
            <coordinates>-122.2548438,37.5129633,0</coordinates>
         </Point>
      </Placemark>
      <Placemark>
         <Snippet maxLines="0"> </Snippet>
         <description>1164, UTC 22:47:07
37.5131495,-122.2550632,EA3.8m
Alt -32.7 m, EA 1.0 m
Vel 20.9,-19.0, EA 0.00 m/s</description>
         <Style>
            <IconStyle>
               <Icon>
                  <href>http://maps.google.com/mapfiles/kml/shapes/shaded_dot.png</href>
               </Icon>
               <scale>0.6</scale>
               <color>bfed8548</color>
            </IconStyle>
         </Style>
         <Point>
            <coordinates>-122.255063183333,37.5131494833333,0</coordinates>
         </Point>
      </Placemark>
      <Placemark>
         <Snippet maxLines="0"> </Snippet>
         <description>1165, UTC 22:47:08
37.5133390,-122.2552836,EA3.8m
Alt -32.8 m, EA 1.0 m
Vel 21.3,-19.2, EA 0.00 m/s</description>
         <Style>
            <IconStyle>
               <Icon>
                  <href>http://maps.google.com/mapfiles/kml/shapes/shaded_dot.png</href>
               </Icon>
               <scale>0.6</scale>
               <color>bfed8548</color>
            </IconStyle>
         </Style>
         <Point>
            <coordinates>-122.255283583333,37.513339,0</coordinates>
         </Point>
      </Placemark>
      <Placemark>
         <Snippet maxLines="0"> </Snippet>
         <description>1166, UTC 22:47:09
37.5135309,-122.2554975,EA3.8m
Alt -32.8 m, EA 1.0 m
Vel 21.4,-19.1, EA 0.00 m/s</description>
         <Style>
            <IconStyle>
               <Icon>
                  <href>http://maps.google.com/mapfiles/kml/shapes/shaded_dot.png</href>
               </Icon>
               <scale>0.6</scale>
               <color>bfed8548</color>
            </IconStyle>
         </Style>
         <Point>
            <coordinates>-122.2554975,37.5135308833333,0</coordinates>
         </Point>
      </Placemark>
      <Placemark>
         <Snippet maxLines="0"> </Snippet>
         <description>1167, UTC 22:47:10
37.5137212,-122.2557114,EA3.8m
Alt -32.5 m, EA 1.0 m
Vel 21.1,-18.9, EA 0.00 m/s</description>
         <Style>
            <IconStyle>
               <Icon>
                  <href>http://maps.google.com/mapfiles/kml/shapes/shaded_dot.png</href>
               </Icon>
               <scale>0.6</scale>
               <color>bfed8548</color>
            </IconStyle>
         </Style>
         <Point>
            <coordinates>-122.255711383333,37.5137211833333,0</coordinates>
         </Point>
      </Placemark>
      <Placemark>
         <Snippet maxLines="0"> </Snippet>
         <description>1168, UTC 22:47:11
37.5139089,-122.2559234,EA3.8m
Alt -32.9 m, EA 1.0 m
Vel 20.9,-18.8, EA 0.00 m/s</description>
         <Style>
            <IconStyle>
               <Icon>
                  <href>http://maps.google.com/mapfiles/kml/shapes/shaded_dot.png</href>
               </Icon>
               <scale>0.6</scale>
               <color>bfed8548</color>
            </IconStyle>
         </Style>
         <Point>
            <coordinates>-122.2559234,37.5139088833333,0</coordinates>
         </Point>
      </Placemark>
      <Placemark>
         <Snippet maxLines="0"> </Snippet>
         <description>1169, UTC 22:47:12
37.5140907,-122.2561353,EA3.8m
Alt -32.4 m, EA 1.0 m
Vel 20.5,-18.7, EA 0.00 m/s</description>
         <Style>
            <IconStyle>
               <Icon>
                  <href>http://maps.google.com/mapfiles/kml/shapes/shaded_dot.png</href>
               </Icon>
               <scale>0.6</scale>
               <color>bfed8548</color>
            </IconStyle>
         </Style>
         <Point>
            <coordinates>-122.256135283333,37.5140906833333,0</coordinates>
         </Point>
      </Placemark>
      <Placemark>
         <Snippet maxLines="0"> </Snippet>
         <description>1170, UTC 22:47:13
37.5142719,-122.2563450,EA3.8m
Alt -32.9 m, EA 1.0 m
Vel 20.2,-18.7, EA 0.00 m/s</description>
         <Style>
            <IconStyle>
               <Icon>
                  <href>http://maps.google.com/mapfiles/kml/shapes/shaded_dot.png</href>
               </Icon>
               <scale>0.6</scale>
               <color>bfed8548</color>
            </IconStyle>
         </Style>
         <Point>
            <coordinates>-122.256344983333,37.5142718833333,0</coordinates>
         </Point>
      </Placemark>
      <Placemark>
         <Snippet maxLines="0"> </Snippet>
         <description>1171, UTC 22:47:14
37.5144590,-122.2565598,EA3.8m
Alt -33.0 m, EA 1.0 m
Vel 20.6,-18.9, EA 0.00 m/s</description>
         <Style>
            <IconStyle>
               <Icon>
                  <href>http://maps.google.com/mapfiles/kml/shapes/shaded_dot.png</href>
               </Icon>
               <scale>0.6</scale>
               <color>bfed8548</color>
            </IconStyle>
         </Style>
         <Point>
            <coordinates>-122.2565598,37.514459,0</coordinates>
         </Point>
      </Placemark>
      <Placemark>
         <Snippet maxLines="0"> </Snippet>
         <description>1172, UTC 22:47:15
37.5146503,-122.2567727,EA3.8m
Alt -33.2 m, EA 1.0 m
Vel 21.1,-18.9, EA 0.00 m/s</description>
         <Style>
            <IconStyle>
               <Icon>
                  <href>http://maps.google.com/mapfiles/kml/shapes/shaded_dot.png</href>
               </Icon>
               <scale>0.6</scale>
               <color>bfed8548</color>
            </IconStyle>
         </Style>
         <Point>
            <coordinates>-122.256772683333,37.5146502833333,0</coordinates>
         </Point>
      </Placemark>
      <Placemark>
         <Snippet maxLines="0"> </Snippet>
         <description>1173, UTC 22:47:16
37.5148366,-122.2569823,EA3.8m
Alt -33.0 m, EA 1.0 m
Vel 21.0,-18.8, EA 0.00 m/s</description>
         <Style>
            <IconStyle>
               <Icon>
                  <href>http://maps.google.com/mapfiles/kml/shapes/shaded_dot.png</href>
               </Icon>
               <scale>0.6</scale>
               <color>bfed8548</color>
            </IconStyle>
         </Style>
         <Point>
            <coordinates>-122.2569823,37.5148366,0</coordinates>
         </Point>
      </Placemark>
      <Placemark>
         <Snippet maxLines="0"> </Snippet>
         <description>1174, UTC 22:47:17
37.5150249,-122.2571968,EA3.8m
Alt -33.2 m, EA 1.0 m
Vel 20.8,-18.8, EA 0.00 m/s</description>
         <Style>
            <IconStyle>
               <Icon>
                  <href>http://maps.google.com/mapfiles/kml/shapes/shaded_dot.png</href>
               </Icon>
               <scale>0.6</scale>
               <color>bfed8548</color>
            </IconStyle>
         </Style>
         <Point>
            <coordinates>-122.2571968,37.5150249,0</coordinates>
         </Point>
      </Placemark>
      <Placemark>
         <Snippet maxLines="0"> </Snippet>
         <description>1175, UTC 22:47:18
37.5152155,-122.2574093,EA3.8m
Alt -33.5 m, EA 1.0 m
Vel 21.0,-18.8, EA 0.00 m/s</description>
         <Style>
            <IconStyle>
               <Icon>
                  <href>http://maps.google.com/mapfiles/kml/shapes/shaded_dot.png</href>
               </Icon>
               <scale>0.6</scale>
               <color>bfed8548</color>
            </IconStyle>
         </Style>
         <Point>
            <coordinates>-122.2574093,37.5152154833333,0</coordinates>
         </Point>
      </Placemark>
      <Placemark>
         <Snippet maxLines="0"> </Snippet>
         <description>1176, UTC 22:47:19
37.5154039,-122.2576218,EA3.8m
Alt -33.8 m, EA 1.0 m
Vel 21.1,-18.9, EA 0.00 m/s</description>
         <Style>
            <IconStyle>
               <Icon>
                  <href>http://maps.google.com/mapfiles/kml/shapes/shaded_dot.png</href>
               </Icon>
               <scale>0.6</scale>
               <color>bfed8548</color>
            </IconStyle>
         </Style>
         <Point>
            <coordinates>-122.257621783333,37.5154039,0</coordinates>
         </Point>
      </Placemark>
      <Placemark>
         <Snippet maxLines="0"> </Snippet>
         <description>1177, UTC 22:47:20
37.5155943,-122.2578352,EA3.8m
Alt -34.0 m, EA 1.0 m
Vel 21.2,-19.0, EA 0.00 m/s</description>
         <Style>
            <IconStyle>
               <Icon>
                  <href>http://maps.google.com/mapfiles/kml/shapes/shaded_dot.png</href>
               </Icon>
               <scale>0.6</scale>
               <color>bfed8548</color>
            </IconStyle>
         </Style>
         <Point>
            <coordinates>-122.2578352,37.5155942833333,0</coordinates>
         </Point>
      </Placemark>
      <Placemark>
         <Snippet maxLines="0"> </Snippet>
         <description>1178, UTC 22:47:21
37.5157900,-122.2580524,EA3.8m
Alt -33.8 m, EA 1.0 m
Vel 21.3,-19.2, EA 0.00 m/s</description>
         <Style>
            <IconStyle>
               <Icon>
                  <href>http://maps.google.com/mapfiles/kml/shapes/shaded_dot.png</href>
               </Icon>
               <scale>0.6</scale>
               <color>bfed8548</color>
            </IconStyle>
         </Style>
         <Point>
            <coordinates>-122.258052383333,37.51579,0</coordinates>
         </Point>
      </Placemark>
      <Placemark>
         <Snippet maxLines="0"> </Snippet>
         <description>1179, UTC 22:47:22
37.5159801,-122.2582707,EA3.8m
Alt -33.7 m, EA 1.0 m
Vel 21.3,-19.1, EA 0.00 m/s</description>
         <Style>
            <IconStyle>
               <Icon>
                  <href>http://maps.google.com/mapfiles/kml/shapes/shaded_dot.png</href>
               </Icon>
               <scale>0.6</scale>
               <color>bfed8548</color>
            </IconStyle>
         </Style>
         <Point>
            <coordinates>-122.258270683333,37.5159801,0</coordinates>
         </Point>
      </Placemark>
      <Placemark>
         <Snippet maxLines="0"> </Snippet>
         <description>1180, UTC 22:47:23
37.5161726,-122.2584868,EA3.8m
Alt -34.1 m, EA 1.0 m
Vel 21.3,-19.1, EA 0.00 m/s</description>
         <Style>
            <IconStyle>
               <Icon>
                  <href>http://maps.google.com/mapfiles/kml/shapes/shaded_dot.png</href>
               </Icon>
               <scale>0.6</scale>
               <color>bfed8548</color>
            </IconStyle>
         </Style>
         <Point>
            <coordinates>-122.2584868,37.5161725833333,0</coordinates>
         </Point>
      </Placemark>
      <Placemark>
         <Snippet maxLines="0"> </Snippet>
         <description>1181, UTC 22:47:24
37.5163594,-122.2587017,EA3.8m
Alt -33.9 m, EA 1.0 m
Vel 21.0,-19.0, EA 0.00 m/s</description>
         <Style>
            <IconStyle>
               <Icon>
                  <href>http://maps.google.com/mapfiles/kml/shapes/shaded_dot.png</href>
               </Icon>
               <scale>0.6</scale>
               <color>bfed8548</color>
            </IconStyle>
         </Style>
         <Point>
            <coordinates>-122.2587017,37.5163593833333,0</coordinates>
         </Point>
      </Placemark>
      <Placemark>
         <Snippet maxLines="0"> </Snippet>
         <description>1182, UTC 22:47:25
37.5165426,-122.2589149,EA3.8m
Alt -34.0 m, EA 1.0 m
Vel 20.7,-18.9, EA 0.00 m/s</description>
         <Style>
            <IconStyle>
               <Icon>
                  <href>http://maps.google.com/mapfiles/kml/shapes/shaded_dot.png</href>
               </Icon>
               <scale>0.6</scale>
               <color>bfed8548</color>
            </IconStyle>
         </Style>
         <Point>
            <coordinates>-122.258914883333,37.5165426,0</coordinates>
         </Point>
      </Placemark>
      <Placemark>
         <Snippet maxLines="0"> </Snippet>
         <description>1183, UTC 22:47:26
37.5167284,-122.2591280,EA3.8m
Alt -34.4 m, EA 1.0 m
Vel 20.6,-18.6, EA 0.00 m/s</description>
         <Style>
            <IconStyle>
               <Icon>
                  <href>http://maps.google.com/mapfiles/kml/shapes/shaded_dot.png</href>
               </Icon>
               <scale>0.6</scale>
               <color>bfed8548</color>
            </IconStyle>
         </Style>
         <Point>
            <coordinates>-122.259128,37.5167283833333,0</coordinates>
         </Point>
      </Placemark>
      <Placemark>
         <Snippet maxLines="0"> </Snippet>
         <description>1184, UTC 22:47:27
37.5169094,-122.2593391,EA3.8m
Alt -34.4 m, EA 1.0 m
Vel 20.5,-18.5, EA 0.00 m/s</description>
         <Style>
            <IconStyle>
               <Icon>
                  <href>http://maps.google.com/mapfiles/kml/shapes/shaded_dot.png</href>
               </Icon>
               <scale>0.6</scale>
               <color>bfed8548</color>
            </IconStyle>
         </Style>
         <Point>
            <coordinates>-122.2593391,37.5169094,0</coordinates>
         </Point>
      </Placemark>
      <Placemark>
         <Snippet maxLines="0"> </Snippet>
         <description>1185, UTC 22:47:28
37.5170948,-122.2595472,EA3.8m
Alt -34.5 m, EA 1.0 m
Vel 20.4,-18.4, EA 0.00 m/s</description>
         <Style>
            <IconStyle>
               <Icon>
                  <href>http://maps.google.com/mapfiles/kml/shapes/shaded_dot.png</href>
               </Icon>
               <scale>0.6</scale>
               <color>bfed8548</color>
            </IconStyle>
         </Style>
         <Point>
            <coordinates>-122.2595472,37.5170948,0</coordinates>
         </Point>
      </Placemark>
      <Placemark>
         <Snippet maxLines="0"> </Snippet>
         <description>1186, UTC 22:47:29
37.5172789,-122.2597542,EA3.8m
Alt -34.7 m, EA 1.0 m
Vel 20.4,-18.2, EA 0.00 m/s</description>
         <Style>
            <IconStyle>
               <Icon>
                  <href>http://maps.google.com/mapfiles/kml/shapes/shaded_dot.png</href>
               </Icon>
               <scale>0.6</scale>
               <color>bfed8548</color>
            </IconStyle>
         </Style>
         <Point>
            <coordinates>-122.2597542,37.5172789,0</coordinates>
         </Point>
      </Placemark>
      <Placemark>
         <Snippet maxLines="0"> </Snippet>
         <description>1187, UTC 22:47:30
37.5174610,-122.2599611,EA3.8m
Alt -35.3 m, EA 1.0 m
Vel 20.5,-18.3, EA 0.00 m/s</description>
         <Style>
            <IconStyle>
               <Icon>
                  <href>http://maps.google.com/mapfiles/kml/shapes/shaded_dot.png</href>
               </Icon>
               <scale>0.6</scale>
               <color>bfed8548</color>
            </IconStyle>
         </Style>
         <Point>
            <coordinates>-122.259961083333,37.5174609833333,0</coordinates>
         </Point>
      </Placemark>
      <Placemark>
         <Snippet maxLines="0"> </Snippet>
         <description>1188, UTC 22:47:31
37.5176436,-122.2601721,EA3.8m
Alt -34.9 m, EA 1.0 m
Vel 20.7,-18.5, EA 0.00 m/s</description>
         <Style>
            <IconStyle>
               <Icon>
                  <href>http://maps.google.com/mapfiles/kml/shapes/shaded_dot.png</href>
               </Icon>
               <scale>0.6</scale>
               <color>bfed8548</color>
            </IconStyle>
         </Style>
         <Point>
            <coordinates>-122.2601721,37.5176435833333,0</coordinates>
         </Point>
      </Placemark>
      <Placemark>
         <Snippet maxLines="0"> </Snippet>
         <description>1189, UTC 22:47:32
37.5178241,-122.2603817,EA3.8m
Alt -35.1 m, EA 1.0 m
Vel 20.5,-18.6, EA 0.00 m/s</description>
         <Style>
            <IconStyle>
               <Icon>
                  <href>http://maps.google.com/mapfiles/kml/shapes/shaded_dot.png</href>
               </Icon>
               <scale>0.6</scale>
               <color>bfed8548</color>
            </IconStyle>
         </Style>
         <Point>
            <coordinates>-122.260381683333,37.5178240833333,0</coordinates>
         </Point>
      </Placemark>
      <Placemark>
         <Snippet maxLines="0"> </Snippet>
         <description>1190, UTC 22:47:33
37.5180088,-122.2605889,EA3.8m
Alt -35.4 m, EA 1.0 m
Vel 20.5,-18.6, EA 0.00 m/s</description>
         <Style>
            <IconStyle>
               <Icon>
                  <href>http://maps.google.com/mapfiles/kml/shapes/shaded_dot.png</href>
               </Icon>
               <scale>0.6</scale>
               <color>bfed8548</color>
            </IconStyle>
         </Style>
         <Point>
            <coordinates>-122.2605889,37.5180087833333,0</coordinates>
         </Point>
      </Placemark>
      <Placemark>
         <Snippet maxLines="0"> </Snippet>
         <description>1191, UTC 22:47:34
37.5182003,-122.2608040,EA3.8m
Alt -35.5 m, EA 1.0 m
Vel 20.6,-18.7, EA 0.00 m/s</description>
         <Style>
            <IconStyle>
               <Icon>
                  <href>http://maps.google.com/mapfiles/kml/shapes/shaded_dot.png</href>
               </Icon>
               <scale>0.6</scale>
               <color>bfed8548</color>
            </IconStyle>
         </Style>
         <Point>
            <coordinates>-122.260803983333,37.5182002833333,0</coordinates>
         </Point>
      </Placemark>
      <Placemark>
         <Snippet maxLines="0"> </Snippet>
         <description>1192, UTC 22:47:35
37.5183864,-122.2610123,EA3.8m
Alt -35.6 m, EA 1.0 m
Vel 20.7,-18.8, EA 0.00 m/s</description>
         <Style>
            <IconStyle>
               <Icon>
                  <href>http://maps.google.com/mapfiles/kml/shapes/shaded_dot.png</href>
               </Icon>
               <scale>0.6</scale>
               <color>bfed8548</color>
            </IconStyle>
         </Style>
         <Point>
            <coordinates>-122.2610123,37.5183863833333,0</coordinates>
         </Point>
      </Placemark>
      <Placemark>
         <Snippet maxLines="0"> </Snippet>
         <description>1193, UTC 22:47:36
37.5185747,-122.2612232,EA3.8m
Alt -35.8 m, EA 1.0 m
Vel 20.8,-18.8, EA 0.00 m/s</description>
         <Style>
            <IconStyle>
               <Icon>
                  <href>http://maps.google.com/mapfiles/kml/shapes/shaded_dot.png</href>
               </Icon>
               <scale>0.6</scale>
               <color>bfed8548</color>
            </IconStyle>
         </Style>
         <Point>
            <coordinates>-122.2612232,37.5185747,0</coordinates>
         </Point>
      </Placemark>
      <Placemark>
         <Snippet maxLines="0"> </Snippet>
         <description>1194, UTC 22:47:37
37.5187641,-122.2614378,EA3.8m
Alt -35.6 m, EA 1.0 m
Vel 20.8,-18.9, EA 0.00 m/s</description>
         <Style>
            <IconStyle>
               <Icon>
                  <href>http://maps.google.com/mapfiles/kml/shapes/shaded_dot.png</href>
               </Icon>
               <scale>0.6</scale>
               <color>bfed8548</color>
            </IconStyle>
         </Style>
         <Point>
            <coordinates>-122.261437783333,37.5187640833333,0</coordinates>
         </Point>
      </Placemark>
      <Placemark>
         <Snippet maxLines="0"> </Snippet>
         <description>1195, UTC 22:47:38
37.5189551,-122.2616526,EA3.8m
Alt -35.7 m, EA 1.0 m
Vel 21.1,-19.2, EA 0.00 m/s</description>
         <Style>
            <IconStyle>
               <Icon>
                  <href>http://maps.google.com/mapfiles/kml/shapes/shaded_dot.png</href>
               </Icon>
               <scale>0.6</scale>
               <color>bfed8548</color>
            </IconStyle>
         </Style>
         <Point>
            <coordinates>-122.2616526,37.5189550833333,0</coordinates>
         </Point>
      </Placemark>
      <Placemark>
         <Snippet maxLines="0"> </Snippet>
         <description>1196, UTC 22:47:39
37.5191502,-122.2618716,EA3.8m
Alt -35.9 m, EA 1.0 m
Vel 21.4,-19.3, EA 0.00 m/s</description>
         <Style>
            <IconStyle>
               <Icon>
                  <href>http://maps.google.com/mapfiles/kml/shapes/shaded_dot.png</href>
               </Icon>
               <scale>0.6</scale>
               <color>bfed8548</color>
            </IconStyle>
         </Style>
         <Point>
            <coordinates>-122.2618716,37.5191501833333,0</coordinates>
         </Point>
      </Placemark>
      <Placemark>
         <Snippet maxLines="0"> </Snippet>
         <description>1197, UTC 22:47:40
37.5193437,-122.2620902,EA3.8m
Alt -36.2 m, EA 1.0 m
Vel 21.6,-19.5, EA 0.00 m/s</description>
         <Style>
            <IconStyle>
               <Icon>
                  <href>http://maps.google.com/mapfiles/kml/shapes/shaded_dot.png</href>
               </Icon>
               <scale>0.6</scale>
               <color>bfed8548</color>
            </IconStyle>
         </Style>
         <Point>
            <coordinates>-122.2620902,37.5193437,0</coordinates>
         </Point>
      </Placemark>
      <Placemark>
         <Snippet maxLines="0"> </Snippet>
         <description>1198, UTC 22:47:41
37.5195402,-122.2623110,EA3.8m
Alt -35.9 m, EA 1.0 m
Vel 21.8,-19.6, EA 0.00 m/s</description>
         <Style>
            <IconStyle>
               <Icon>
                  <href>http://maps.google.com/mapfiles/kml/shapes/shaded_dot.png</href>
               </Icon>
               <scale>0.6</scale>
               <color>bfed8548</color>
            </IconStyle>
         </Style>
         <Point>
            <coordinates>-122.262310983333,37.5195402,0</coordinates>
         </Point>
      </Placemark>
      <Placemark>
         <Snippet maxLines="0"> </Snippet>
         <description>1199, UTC 22:47:42
37.5197360,-122.2625325,EA3.8m
Alt -35.9 m, EA 1.0 m
Vel 21.7,-19.4, EA 0.00 m/s</description>
         <Style>
            <IconStyle>
               <Icon>
                  <href>http://maps.google.com/mapfiles/kml/shapes/shaded_dot.png</href>
               </Icon>
               <scale>0.6</scale>
               <color>bfed8548</color>
            </IconStyle>
         </Style>
         <Point>
            <coordinates>-122.2625325,37.519736,0</coordinates>
         </Point>
      </Placemark>
      <Placemark>
         <Snippet maxLines="0"> </Snippet>
         <description>1200, UTC 22:47:43
37.5199291,-122.2627496,EA3.8m
Alt -35.5 m, EA 1.0 m
Vel 21.6,-19.3, EA 0.00 m/s</description>
         <Style>
            <IconStyle>
               <Icon>
                  <href>http://maps.google.com/mapfiles/kml/shapes/shaded_dot.png</href>
               </Icon>
               <scale>0.6</scale>
               <color>bfed8548</color>
            </IconStyle>
         </Style>
         <Point>
            <coordinates>-122.2627496,37.5199290833333,0</coordinates>
         </Point>
      </Placemark>
      <Placemark>
         <Snippet maxLines="0"> </Snippet>
         <description>1201, UTC 22:47:44
37.5201177,-122.2629695,EA3.8m
Alt -35.2 m, EA 1.0 m
Vel 21.5,-19.4, EA 0.00 m/s</description>
         <Style>
            <IconStyle>
               <Icon>
                  <href>http://maps.google.com/mapfiles/kml/shapes/shaded_dot.png</href>
               </Icon>
               <scale>0.6</scale>
               <color>bfed8548</color>
            </IconStyle>
         </Style>
         <Point>
            <coordinates>-122.262969483333,37.5201177,0</coordinates>
         </Point>
      </Placemark>
      <Placemark>
         <Snippet maxLines="0"> </Snippet>
         <description>1202, UTC 22:47:45
37.5203112,-122.2631867,EA3.8m
Alt -35.1 m, EA 1.0 m
Vel 21.5,-19.5, EA 0.00 m/s</description>
         <Style>
            <IconStyle>
               <Icon>
                  <href>http://maps.google.com/mapfiles/kml/shapes/shaded_dot.png</href>
               </Icon>
               <scale>0.6</scale>
               <color>bfed8548</color>
            </IconStyle>
         </Style>
         <Point>
            <coordinates>-122.2631867,37.5203112,0</coordinates>
         </Point>
      </Placemark>
      <Placemark>
         <Snippet maxLines="0"> </Snippet>
         <description>1203, UTC 22:47:46
37.5204979,-122.2634101,EA3.8m
Alt -34.6 m, EA 1.0 m
Vel 21.6,-19.5, EA 0.00 m/s</description>
         <Style>
            <IconStyle>
               <Icon>
                  <href>http://maps.google.com/mapfiles/kml/shapes/shaded_dot.png</href>
               </Icon>
               <scale>0.6</scale>
               <color>bfed8548</color>
            </IconStyle>
         </Style>
         <Point>
            <coordinates>-122.2634101,37.5204979,0</coordinates>
         </Point>
      </Placemark>
      <Placemark>
         <Snippet maxLines="0"> </Snippet>
         <description>1204, UTC 22:47:47
37.5206933,-122.2636303,EA3.8m
Alt -34.4 m, EA 1.0 m
Vel 21.6,-19.4, EA 0.00 m/s</description>
         <Style>
            <IconStyle>
               <Icon>
                  <href>http://maps.google.com/mapfiles/kml/shapes/shaded_dot.png</href>
               </Icon>
               <scale>0.6</scale>
               <color>bfed8548</color>
            </IconStyle>
         </Style>
         <Point>
            <coordinates>-122.2636303,37.5206932833333,0</coordinates>
         </Point>
      </Placemark>
      <Placemark>
         <Snippet maxLines="0"> </Snippet>
         <description>1205, UTC 22:47:48
37.5208900,-122.2638515,EA3.8m
Alt -34.6 m, EA 1.0 m
Vel 21.6,-19.4, EA 0.00 m/s</description>
         <Style>
            <IconStyle>
               <Icon>
                  <href>http://maps.google.com/mapfiles/kml/shapes/shaded_dot.png</href>
               </Icon>
               <scale>0.6</scale>
               <color>bfed8548</color>
            </IconStyle>
         </Style>
         <Point>
            <coordinates>-122.2638515,37.52089,0</coordinates>
         </Point>
      </Placemark>
      <Placemark>
         <Snippet maxLines="0"> </Snippet>
         <description>1206, UTC 22:47:49
37.5210783,-122.2640710,EA3.8m
Alt -34.8 m, EA 1.0 m
Vel 21.6,-19.4, EA 0.00 m/s</description>
         <Style>
            <IconStyle>
               <Icon>
                  <href>http://maps.google.com/mapfiles/kml/shapes/shaded_dot.png</href>
               </Icon>
               <scale>0.6</scale>
               <color>bfed8548</color>
            </IconStyle>
         </Style>
         <Point>
            <coordinates>-122.264071,37.5210782833333,0</coordinates>
         </Point>
      </Placemark>
      <Placemark>
         <Snippet maxLines="0"> </Snippet>
         <description>1207, UTC 22:47:50
37.5212761,-122.2642927,EA3.8m
Alt -34.5 m, EA 1.0 m
Vel 21.6,-19.6, EA 0.00 m/s</description>
         <Style>
            <IconStyle>
               <Icon>
                  <href>http://maps.google.com/mapfiles/kml/shapes/shaded_dot.png</href>
               </Icon>
               <scale>0.6</scale>
               <color>bfed8548</color>
            </IconStyle>
         </Style>
         <Point>
            <coordinates>-122.264292683333,37.5212761,0</coordinates>
         </Point>
      </Placemark>
      <Placemark>
         <Snippet maxLines="0"> </Snippet>
         <description>1208, UTC 22:47:51
37.5214727,-122.2645117,EA3.8m
Alt -34.8 m, EA 1.0 m
Vel 21.4,-19.3, EA 0.00 m/s</description>
         <Style>
            <IconStyle>
               <Icon>
                  <href>http://maps.google.com/mapfiles/kml/shapes/shaded_dot.png</href>
               </Icon>
               <scale>0.6</scale>
               <color>bfed8548</color>
            </IconStyle>
         </Style>
         <Point>
            <coordinates>-122.264511683333,37.5214726833333,0</coordinates>
         </Point>
      </Placemark>
      <Placemark>
         <Snippet maxLines="0"> </Snippet>
         <description>1209, UTC 22:47:52
37.5216644,-122.2647327,EA3.8m
Alt -34.6 m, EA 1.0 m
Vel 21.5,-19.3, EA 0.00 m/s</description>
         <Style>
            <IconStyle>
               <Icon>
                  <href>http://maps.google.com/mapfiles/kml/shapes/shaded_dot.png</href>
               </Icon>
               <scale>0.6</scale>
               <color>bfed8548</color>
            </IconStyle>
         </Style>
         <Point>
            <coordinates>-122.264732683333,37.5216643833333,0</coordinates>
         </Point>
      </Placemark>
      <Placemark>
         <Snippet maxLines="0"> </Snippet>
         <description>1210, UTC 22:47:53
37.5218609,-122.2649535,EA3.8m
Alt -34.2 m, EA 1.0 m
Vel 21.5,-19.5, EA 0.00 m/s</description>
         <Style>
            <IconStyle>
               <Icon>
                  <href>http://maps.google.com/mapfiles/kml/shapes/shaded_dot.png</href>
               </Icon>
               <scale>0.6</scale>
               <color>bfed8548</color>
            </IconStyle>
         </Style>
         <Point>
            <coordinates>-122.2649535,37.5218609,0</coordinates>
         </Point>
      </Placemark>
      <Placemark>
         <Snippet maxLines="0"> </Snippet>
         <description>1211, UTC 22:47:54
37.5220547,-122.2651757,EA3.8m
Alt -34.3 m, EA 1.0 m
Vel 21.6,-19.7, EA 0.00 m/s</description>
         <Style>
            <IconStyle>
               <Icon>
                  <href>http://maps.google.com/mapfiles/kml/shapes/shaded_dot.png</href>
               </Icon>
               <scale>0.6</scale>
               <color>bfed8548</color>
            </IconStyle>
         </Style>
         <Point>
            <coordinates>-122.2651757,37.5220546833333,0</coordinates>
         </Point>
      </Placemark>
      <Placemark>
         <Snippet maxLines="0"> </Snippet>
         <description>1212, UTC 22:47:55
37.5222478,-122.2653992,EA3.8m
Alt -34.3 m, EA 1.0 m
Vel 21.7,-19.5, EA 0.00 m/s</description>
         <Style>
            <IconStyle>
               <Icon>
                  <href>http://maps.google.com/mapfiles/kml/shapes/shaded_dot.png</href>
               </Icon>
               <scale>0.6</scale>
               <color>bfed8548</color>
            </IconStyle>
         </Style>
         <Point>
            <coordinates>-122.2653992,37.5222478,0</coordinates>
         </Point>
      </Placemark>
      <Placemark>
         <Snippet maxLines="0"> </Snippet>
         <description>1213, UTC 22:47:56
37.5224448,-122.2656181,EA3.8m
Alt -33.9 m, EA 1.0 m
Vel 21.8,-19.5, EA 0.00 m/s</description>
         <Style>
            <IconStyle>
               <Icon>
                  <href>http://maps.google.com/mapfiles/kml/shapes/shaded_dot.png</href>
               </Icon>
               <scale>0.6</scale>
               <color>bfed8548</color>
            </IconStyle>
         </Style>
         <Point>
            <coordinates>-122.265618083333,37.5224448,0</coordinates>
         </Point>
      </Placemark>
      <Placemark>
         <Snippet maxLines="0"> </Snippet>
         <description>1214, UTC 22:47:57
37.5226420,-122.2658413,EA3.8m
Alt -34.1 m, EA 1.0 m
Vel 21.5,-19.7, EA 0.00 m/s</description>
         <Style>
            <IconStyle>
               <Icon>
                  <href>http://maps.google.com/mapfiles/kml/shapes/shaded_dot.png</href>
               </Icon>
               <scale>0.6</scale>
               <color>bfed8548</color>
            </IconStyle>
         </Style>
         <Point>
            <coordinates>-122.2658413,37.5226419833333,0</coordinates>
         </Point>
      </Placemark>
      <Placemark>
         <Snippet maxLines="0"> </Snippet>
         <description>1215, UTC 22:47:58
37.5228414,-122.2660648,EA3.8m
Alt -34.0 m, EA 1.0 m
Vel 21.4,-19.6, EA 0.00 m/s</description>
         <Style>
            <IconStyle>
               <Icon>
                  <href>http://maps.google.com/mapfiles/kml/shapes/shaded_dot.png</href>
               </Icon>
               <scale>0.6</scale>
               <color>bfed8548</color>
            </IconStyle>
         </Style>
         <Point>
            <coordinates>-122.266064783333,37.5228413833333,0</coordinates>
         </Point>
      </Placemark>
      <Placemark>
         <Snippet maxLines="0"> </Snippet>
         <description>1216, UTC 22:47:59
37.5230335,-122.2662870,EA3.8m
Alt -33.7 m, EA 1.0 m
Vel 21.4,-19.6, EA 0.00 m/s</description>
         <Style>
            <IconStyle>
               <Icon>
                  <href>http://maps.google.com/mapfiles/kml/shapes/shaded_dot.png</href>
               </Icon>
               <scale>0.6</scale>
               <color>bfed8548</color>
            </IconStyle>
         </Style>
         <Point>
            <coordinates>-122.266287,37.5230334833333,0</coordinates>
         </Point>
      </Placemark>
      <Placemark>
         <Snippet maxLines="0"> </Snippet>
         <description>1217, UTC 22:48:00
37.5232267,-122.2665039,EA3.8m
Alt -33.7 m, EA 1.0 m
Vel 21.2,-19.3, EA 0.00 m/s</description>
         <Style>
            <IconStyle>
               <Icon>
                  <href>http://maps.google.com/mapfiles/kml/shapes/shaded_dot.png</href>
               </Icon>
               <scale>0.6</scale>
               <color>bfed8548</color>
            </IconStyle>
         </Style>
         <Point>
            <coordinates>-122.2665039,37.5232267,0</coordinates>
         </Point>
      </Placemark>
      <Placemark>
         <Snippet maxLines="0"> </Snippet>
         <description>1218, UTC 22:48:01
37.5234223,-122.2667190,EA3.8m
Alt -33.4 m, EA 1.0 m
Vel 21.3,-19.2, EA 0.00 m/s</description>
         <Style>
            <IconStyle>
               <Icon>
                  <href>http://maps.google.com/mapfiles/kml/shapes/shaded_dot.png</href>
               </Icon>
               <scale>0.6</scale>
               <color>bfed8548</color>
            </IconStyle>
         </Style>
         <Point>
            <coordinates>-122.266718983333,37.5234223,0</coordinates>
         </Point>
      </Placemark>
      <Placemark>
         <Snippet maxLines="0"> </Snippet>
         <description>1219, UTC 22:48:02
37.5236161,-122.2669336,EA3.8m
Alt -33.1 m, EA 1.0 m
Vel 21.3,-19.1, EA 0.00 m/s</description>
         <Style>
            <IconStyle>
               <Icon>
                  <href>http://maps.google.com/mapfiles/kml/shapes/shaded_dot.png</href>
               </Icon>
               <scale>0.6</scale>
               <color>bfed8548</color>
            </IconStyle>
         </Style>
         <Point>
            <coordinates>-122.2669336,37.5236160833333,0</coordinates>
         </Point>
      </Placemark>
      <Placemark>
         <Snippet maxLines="0"> </Snippet>
         <description>1220, UTC 22:48:03
37.5238061,-122.2671480,EA3.8m
Alt -33.0 m, EA 1.0 m
Vel 21.3,-19.2, EA 0.00 m/s</description>
         <Style>
            <IconStyle>
               <Icon>
                  <href>http://maps.google.com/mapfiles/kml/shapes/shaded_dot.png</href>
               </Icon>
               <scale>0.6</scale>
               <color>bfed8548</color>
            </IconStyle>
         </Style>
         <Point>
            <coordinates>-122.267148,37.5238061,0</coordinates>
         </Point>
      </Placemark>
      <Placemark>
         <Snippet maxLines="0"> </Snippet>
         <description>1221, UTC 22:48:04
37.5239987,-122.2673639,EA3.8m
Alt -33.0 m, EA 1.0 m
Vel 21.3,-19.2, EA 0.00 m/s</description>
         <Style>
            <IconStyle>
               <Icon>
                  <href>http://maps.google.com/mapfiles/kml/shapes/shaded_dot.png</href>
               </Icon>
               <scale>0.6</scale>
               <color>bfed8548</color>
            </IconStyle>
         </Style>
         <Point>
            <coordinates>-122.2673639,37.5239986833333,0</coordinates>
         </Point>
      </Placemark>
      <Placemark>
         <Snippet maxLines="0"> </Snippet>
         <description>1222, UTC 22:48:05
37.5241951,-122.2675807,EA3.8m
Alt -32.7 m, EA 1.0 m
Vel 21.4,-19.2, EA 0.00 m/s</description>
         <Style>
            <IconStyle>
               <Icon>
                  <href>http://maps.google.com/mapfiles/kml/shapes/shaded_dot.png</href>
               </Icon>
               <scale>0.6</scale>
               <color>bfed8548</color>
            </IconStyle>
         </Style>
         <Point>
            <coordinates>-122.267580683333,37.5241951,0</coordinates>
         </Point>
      </Placemark>
      <Placemark>
         <Snippet maxLines="0"> </Snippet>
         <description>1223, UTC 22:48:06
37.5243901,-122.2678000,EA3.8m
Alt -32.7 m, EA 1.0 m
Vel 21.5,-19.1, EA 0.00 m/s</description>
         <Style>
            <IconStyle>
               <Icon>
                  <href>http://maps.google.com/mapfiles/kml/shapes/shaded_dot.png</href>
               </Icon>
               <scale>0.6</scale>
               <color>bfed8548</color>
            </IconStyle>
         </Style>
         <Point>
            <coordinates>-122.267799983333,37.5243900833333,0</coordinates>
         </Point>
      </Placemark>
      <Placemark>
         <Snippet maxLines="0"> </Snippet>
         <description>1224, UTC 22:48:07
37.5245833,-122.2680124,EA3.8m
Alt -32.7 m, EA 1.0 m
Vel 21.6,-18.9, EA 0.00 m/s</description>
         <Style>
            <IconStyle>
               <Icon>
                  <href>http://maps.google.com/mapfiles/kml/shapes/shaded_dot.png</href>
               </Icon>
               <scale>0.6</scale>
               <color>bfed8548</color>
            </IconStyle>
         </Style>
         <Point>
            <coordinates>-122.2680124,37.5245833,0</coordinates>
         </Point>
      </Placemark>
      <Placemark>
         <Snippet maxLines="0"> </Snippet>
         <description>1225, UTC 22:48:08
37.5247792,-122.2682265,EA3.8m
Alt -32.8 m, EA 1.0 m
Vel 21.7,-18.9, EA 0.00 m/s</description>
         <Style>
            <IconStyle>
               <Icon>
                  <href>http://maps.google.com/mapfiles/kml/shapes/shaded_dot.png</href>
               </Icon>
               <scale>0.6</scale>
               <color>bfed8548</color>
            </IconStyle>
         </Style>
         <Point>
            <coordinates>-122.268226483333,37.5247791833333,0</coordinates>
         </Point>
      </Placemark>
      <Placemark>
         <Snippet maxLines="0"> </Snippet>
         <description>1226, UTC 22:48:09
37.5249745,-122.2684423,EA3.8m
Alt -32.6 m, EA 1.0 m
Vel 21.5,-19.0, EA 0.00 m/s</description>
         <Style>
            <IconStyle>
               <Icon>
                  <href>http://maps.google.com/mapfiles/kml/shapes/shaded_dot.png</href>
               </Icon>
               <scale>0.6</scale>
               <color>bfed8548</color>
            </IconStyle>
         </Style>
         <Point>
            <coordinates>-122.2684423,37.5249744833333,0</coordinates>
         </Point>
      </Placemark>
      <Placemark>
         <Snippet maxLines="0"> </Snippet>
         <description>1227, UTC 22:48:10
37.5251582,-122.2686550,EA3.8m
Alt -32.4 m, EA 1.0 m
Vel 21.1,-19.1, EA 0.00 m/s</description>
         <Style>
            <IconStyle>
               <Icon>
                  <href>http://maps.google.com/mapfiles/kml/shapes/shaded_dot.png</href>
               </Icon>
               <scale>0.6</scale>
               <color>bfed8548</color>
            </IconStyle>
         </Style>
         <Point>
            <coordinates>-122.268654983333,37.5251581833333,0</coordinates>
         </Point>
      </Placemark>
      <Placemark>
         <Snippet maxLines="0"> </Snippet>
         <description>1228, UTC 22:48:11
37.5253483,-122.2688694,EA3.8m
Alt -32.2 m, EA 1.0 m
Vel 21.0,-19.1, EA 0.00 m/s</description>
         <Style>
            <IconStyle>
               <Icon>
                  <href>http://maps.google.com/mapfiles/kml/shapes/shaded_dot.png</href>
               </Icon>
               <scale>0.6</scale>
               <color>bfed8548</color>
            </IconStyle>
         </Style>
         <Point>
            <coordinates>-122.268869383333,37.5253482833333,0</coordinates>
         </Point>
      </Placemark>
      <Placemark>
         <Snippet maxLines="0"> </Snippet>
         <description>1229, UTC 22:48:12
37.5255398,-122.2690909,EA3.8m
Alt -32.6 m, EA 1.0 m
Vel 20.9,-19.0, EA 0.00 m/s</description>
         <Style>
            <IconStyle>
               <Icon>
                  <href>http://maps.google.com/mapfiles/kml/shapes/shaded_dot.png</href>
               </Icon>
               <scale>0.6</scale>
               <color>bfed8548</color>
            </IconStyle>
         </Style>
         <Point>
            <coordinates>-122.269090883333,37.5255397833333,0</coordinates>
         </Point>
      </Placemark>
      <Placemark>
         <Snippet maxLines="0"> </Snippet>
         <description>1230, UTC 22:48:13
37.5257270,-122.2693075,EA3.8m
Alt -32.7 m, EA 1.0 m
Vel 20.9,-18.9, EA 0.00 m/s</description>
         <Style>
            <IconStyle>
               <Icon>
                  <href>http://maps.google.com/mapfiles/kml/shapes/shaded_dot.png</href>
               </Icon>
               <scale>0.6</scale>
               <color>bfed8548</color>
            </IconStyle>
         </Style>
         <Point>
            <coordinates>-122.269307483333,37.525727,0</coordinates>
         </Point>
      </Placemark>
      <Placemark>
         <Snippet maxLines="0"> </Snippet>
         <description>1231, UTC 22:48:14
37.5259088,-122.2695144,EA3.8m
Alt -32.3 m, EA 1.0 m
Vel 20.8,-18.7, EA 0.00 m/s</description>
         <Style>
            <IconStyle>
               <Icon>
                  <href>http://maps.google.com/mapfiles/kml/shapes/shaded_dot.png</href>
               </Icon>
               <scale>0.6</scale>
               <color>bfed8548</color>
            </IconStyle>
         </Style>
         <Point>
            <coordinates>-122.2695144,37.5259088,0</coordinates>
         </Point>
      </Placemark>
      <Placemark>
         <Snippet maxLines="0"> </Snippet>
         <description>1232, UTC 22:48:15
37.5260965,-122.2697227,EA3.8m
Alt -32.2 m, EA 1.0 m
Vel 20.6,-18.6, EA 0.00 m/s</description>
         <Style>
            <IconStyle>
               <Icon>
                  <href>http://maps.google.com/mapfiles/kml/shapes/shaded_dot.png</href>
               </Icon>
               <scale>0.6</scale>
               <color>bfed8548</color>
            </IconStyle>
         </Style>
         <Point>
            <coordinates>-122.2697227,37.5260965,0</coordinates>
         </Point>
      </Placemark>
      <Placemark>
         <Snippet maxLines="0"> </Snippet>
         <description>1233, UTC 22:48:16
37.5262776,-122.2699377,EA3.8m
Alt -31.8 m, EA 1.0 m
Vel 20.9,-18.8, EA 0.00 m/s</description>
         <Style>
            <IconStyle>
               <Icon>
                  <href>http://maps.google.com/mapfiles/kml/shapes/shaded_dot.png</href>
               </Icon>
               <scale>0.6</scale>
               <color>bfed8548</color>
            </IconStyle>
         </Style>
         <Point>
            <coordinates>-122.269937683333,37.5262776,0</coordinates>
         </Point>
      </Placemark>
      <Placemark>
         <Snippet maxLines="0"> </Snippet>
         <description>1234, UTC 22:48:17
37.5264726,-122.2701510,EA3.8m
Alt -31.8 m, EA 1.0 m
Vel 21.4,-19.0, EA 0.00 m/s</description>
         <Style>
            <IconStyle>
               <Icon>
                  <href>http://maps.google.com/mapfiles/kml/shapes/shaded_dot.png</href>
               </Icon>
               <scale>0.6</scale>
               <color>bfed8548</color>
            </IconStyle>
         </Style>
         <Point>
            <coordinates>-122.270150983333,37.5264725833333,0</coordinates>
         </Point>
      </Placemark>
      <Placemark>
         <Snippet maxLines="0"> </Snippet>
         <description>1235, UTC 22:48:18
37.5266659,-122.2703703,EA3.8m
Alt -31.7 m, EA 1.0 m
Vel 21.2,-18.8, EA 0.00 m/s</description>
         <Style>
            <IconStyle>
               <Icon>
                  <href>http://maps.google.com/mapfiles/kml/shapes/shaded_dot.png</href>
               </Icon>
               <scale>0.6</scale>
               <color>bfed8548</color>
            </IconStyle>
         </Style>
         <Point>
            <coordinates>-122.270370283333,37.5266658833333,0</coordinates>
         </Point>
      </Placemark>
      <Placemark>
         <Snippet maxLines="0"> </Snippet>
         <description>1236, UTC 22:48:19
37.5268557,-122.2705821,EA3.8m
Alt -32.3 m, EA 1.0 m
Vel 21.5,-18.6, EA 0.00 m/s</description>
         <Style>
            <IconStyle>
               <Icon>
                  <href>http://maps.google.com/mapfiles/kml/shapes/shaded_dot.png</href>
               </Icon>
               <scale>0.6</scale>
               <color>bfed8548</color>
            </IconStyle>
         </Style>
         <Point>
            <coordinates>-122.270582083333,37.5268556833333,0</coordinates>
         </Point>
      </Placemark>
      <Placemark>
         <Snippet maxLines="0"> </Snippet>
         <description>1237, UTC 22:48:20
37.5270412,-122.2707933,EA3.8m
Alt -31.9 m, EA 1.0 m
Vel 21.5,-18.9, EA 0.00 m/s</description>
         <Style>
            <IconStyle>
               <Icon>
                  <href>http://maps.google.com/mapfiles/kml/shapes/shaded_dot.png</href>
               </Icon>
               <scale>0.6</scale>
               <color>bfed8548</color>
            </IconStyle>
         </Style>
         <Point>
            <coordinates>-122.270793283333,37.5270411833333,0</coordinates>
         </Point>
      </Placemark>
      <Placemark>
         <Snippet maxLines="0"> </Snippet>
         <description>1238, UTC 22:48:21
37.5272265,-122.2710070,EA3.8m
Alt -31.5 m, EA 1.0 m
Vel 21.4,-19.1, EA 0.00 m/s</description>
         <Style>
            <IconStyle>
               <Icon>
                  <href>http://maps.google.com/mapfiles/kml/shapes/shaded_dot.png</href>
               </Icon>
               <scale>0.6</scale>
               <color>bfed8548</color>
            </IconStyle>
         </Style>
         <Point>
            <coordinates>-122.271006983333,37.5272264833333,0</coordinates>
         </Point>
      </Placemark>
      <Placemark>
         <Snippet maxLines="0"> </Snippet>
         <description>1239, UTC 22:48:22
37.5274136,-122.2712208,EA3.8m
Alt -31.3 m, EA 1.0 m
Vel 21.5,-19.1, EA 0.00 m/s</description>
         <Style>
            <IconStyle>
               <Icon>
                  <href>http://maps.google.com/mapfiles/kml/shapes/shaded_dot.png</href>
               </Icon>
               <scale>0.6</scale>
               <color>bfed8548</color>
            </IconStyle>
         </Style>
         <Point>
            <coordinates>-122.271220783333,37.5274136,0</coordinates>
         </Point>
      </Placemark>
      <Placemark>
         <Snippet maxLines="0"> </Snippet>
         <description>1240, UTC 22:48:23
37.5276107,-122.2714428,EA3.8m
Alt -31.6 m, EA 1.0 m
Vel 21.5,-19.3, EA 0.00 m/s</description>
         <Style>
            <IconStyle>
               <Icon>
                  <href>http://maps.google.com/mapfiles/kml/shapes/shaded_dot.png</href>
               </Icon>
               <scale>0.6</scale>
               <color>bfed8548</color>
            </IconStyle>
         </Style>
         <Point>
            <coordinates>-122.2714428,37.5276106833333,0</coordinates>
         </Point>
      </Placemark>
      <Placemark>
         <Snippet maxLines="0"> </Snippet>
         <description>1241, UTC 22:48:24
37.5278042,-122.2716628,EA3.8m
Alt -32.1 m, EA 1.0 m
Vel 21.5,-19.5, EA 0.00 m/s</description>
         <Style>
            <IconStyle>
               <Icon>
                  <href>http://maps.google.com/mapfiles/kml/shapes/shaded_dot.png</href>
               </Icon>
               <scale>0.6</scale>
               <color>bfed8548</color>
            </IconStyle>
         </Style>
         <Point>
            <coordinates>-122.2716628,37.5278041833333,0</coordinates>
         </Point>
      </Placemark>
      <Placemark>
         <Snippet maxLines="0"> </Snippet>
         <description>1242, UTC 22:48:25
37.5280014,-122.2718835,EA3.8m
Alt -31.9 m, EA 1.0 m
Vel 21.6,-19.6, EA 0.00 m/s</description>
         <Style>
            <IconStyle>
               <Icon>
                  <href>http://maps.google.com/mapfiles/kml/shapes/shaded_dot.png</href>
               </Icon>
               <scale>0.6</scale>
               <color>bfed8548</color>
            </IconStyle>
         </Style>
         <Point>
            <coordinates>-122.2718835,37.5280014,0</coordinates>
         </Point>
      </Placemark>
      <Placemark>
         <Snippet maxLines="0"> </Snippet>
         <description>1243, UTC 22:48:26
37.5282014,-122.2721040,EA3.8m
Alt -32.2 m, EA 1.0 m
Vel 21.7,-19.6, EA 0.00 m/s</description>
         <Style>
            <IconStyle>
               <Icon>
                  <href>http://maps.google.com/mapfiles/kml/shapes/shaded_dot.png</href>
               </Icon>
               <scale>0.6</scale>
               <color>bfed8548</color>
            </IconStyle>
         </Style>
         <Point>
            <coordinates>-122.272103983333,37.5282014,0</coordinates>
         </Point>
      </Placemark>
      <Placemark>
         <Snippet maxLines="0"> </Snippet>
         <description>1244, UTC 22:48:27
37.5284029,-122.2723266,EA3.8m
Alt -31.9 m, EA 1.0 m
Vel 21.8,-19.8, EA 0.00 m/s</description>
         <Style>
            <IconStyle>
               <Icon>
                  <href>http://maps.google.com/mapfiles/kml/shapes/shaded_dot.png</href>
               </Icon>
               <scale>0.6</scale>
               <color>bfed8548</color>
            </IconStyle>
         </Style>
         <Point>
            <coordinates>-122.272326583333,37.5284029,0</coordinates>
         </Point>
      </Placemark>
      <Placemark>
         <Snippet maxLines="0"> </Snippet>
         <description>1245, UTC 22:48:28
37.5286039,-122.2725552,EA3.8m
Alt -32.5 m, EA 1.0 m
Vel 22.0,-20.1, EA 0.00 m/s</description>
         <Style>
            <IconStyle>
               <Icon>
                  <href>http://maps.google.com/mapfiles/kml/shapes/shaded_dot.png</href>
               </Icon>
               <scale>0.6</scale>
               <color>bfed8548</color>
            </IconStyle>
         </Style>
         <Point>
            <coordinates>-122.272555183333,37.5286039,0</coordinates>
         </Point>
      </Placemark>
      <Placemark>
         <Snippet maxLines="0"> </Snippet>
         <description>1246, UTC 22:48:29
37.5288070,-122.2727901,EA3.8m
Alt -32.4 m, EA 1.0 m
Vel 22.3,-20.3, EA 0.00 m/s</description>
         <Style>
            <IconStyle>
               <Icon>
                  <href>http://maps.google.com/mapfiles/kml/shapes/shaded_dot.png</href>
               </Icon>
               <scale>0.6</scale>
               <color>bfed8548</color>
            </IconStyle>
         </Style>
         <Point>
            <coordinates>-122.272790083333,37.528807,0</coordinates>
         </Point>
      </Placemark>
   </Document>
</kml>