$GPGGA,173842.00,3724.990173,N,12204.792884,W,7,,0.38,-30.14,M,0.0,M,0.0,0000*77
$GPRMC,173842.00,A,3724.990173,N,12204.792884,W,000.0,000.0,050620,,,A*4C
$GPGGA,173843.00,3724.990215,N,12204.792631,W,7,,0.38,-29.88,M,0.0,M,0.0,0000*78
$GPRMC,173843.00,A,3724.990215,N,12204.792631,W,000.0,000.0,050620,,,A*4E
$GPGGA,173844.00,3724.991032,N,12204.792668,W,7,,0.38,-31.89,M,0.0,M,0.0,0000*7D
$GPRMC,173844.00,A,3724.991032,N,12204.792668,W,000.0,000.0,050620,,,A*43
$GPGGA,173845.00,3724.991284,N,12204.792596,W,7,,0.38,-32.78,M,0.0,M,0.0,0000*7C
$GPRMC,173845.00,A,3724.991284,N,12204.792596,W,000.0,000.0,050620,,,A*4F
$GPGGA,173846.00,3724.991428,N,12204.792584,W,7,,0.38,-32.99,M,0.0,M,0.0,0000*73
$GPRMC,173846.00,A,3724.991428,N,12204.792584,W,000.0,000.0,050620,,,A*4F
$GPGGA,173847.00,3724.991500,N,12204.792445,W,7,,0.38,-33.91,M,0.0,M,0.0,0000*7C
$GPRMC,173847.00,A,3724.991500,N,12204.792445,W,000.0,000.0,050620,,,A*49
$GPGGA,173848.00,3724.991356,N,12204.792475,W,7,,0.38,-33.82,M,0.0,M,0.0,0000*77
$GPRMC,173848.00,A,3724.991356,N,12204.792475,W,000.6,272.2,050620,,,A*43
$GPGGA,173849.00,3724.991349,N,12204.792284,W,7,,0.38,-33.27,M,0.0,M,0.0,0000*7F
$GPRMC,173849.00,A,3724.991349,N,12204.792284,W,000.0,000.0,050620,,,A*47
$GPGGA,173850.00,3724.991218,N,12204.792236,W,7,,0.38,-33.00,M,0.0,M,0.0,0000*7E
$GPRMC,173850.00,A,3724.991218,N,12204.792236,W,000.0,000.0,050620,,,A*43
$GPGGA,173851.00,3724.990797,N,12204.792254,W,7,,0.38,-33.04,M,0.0,M,0.0,0000*7C
$GPRMC,173851.00,A,3724.990797,N,12204.792254,W,000.0,000.0,050620,,,A*45
$GPGGA,173852.00,3724.990528,N,12204.792601,W,7,,0.38,-32.90,M,0.0,M,0.0,0000*71
$GPRMC,173852.00,A,3724.990528,N,12204.792601,W,000.0,000.0,050620,,,A*44
$GPGGA,173853.00,3724.990287,N,12204.792793,W,7,,0.38,-32.35,M,0.0,M,0.0,0000*77
$GPRMC,173853.00,A,3724.990287,N,12204.792793,W,000.0,000.0,050620,,,A*4D
$GPGGA,173854.00,3724.990300,N,12204.792775,W,7,,0.38,-31.68,M,0.0,M,0.0,0000*7D
$GPRMC,173854.00,A,3724.990300,N,12204.792775,W,000.0,000.0,050620,,,A*4C
$GPGGA,173855.00,3724.990054,N,12204.792817,W,7,,0.38,-30.86,M,0.0,M,0.0,0000*74
$GPRMC,173855.00,A,3724.990054,N,12204.792817,W,000.0,000.0,050620,,,A*44
$GPGGA,173856.00,3724.989807,N,12204.792835,W,7,,0.38,-29.69,M,0.0,M,0.0,0000*78
$GPRMC,173856.00,A,3724.989807,N,12204.792835,W,000.0,000.0,050620,,,A*41
$GPGGA,173857.00,3724.989934,N,12204.792872,W,7,,0.39,-29.14,M,0.0,M,0.0,0000*70
$GPRMC,173857.00,A,3724.989934,N,12204.792872,W,000.0,000.0,050620,,,A*42
$GPGGA,173858.00,3724.990012,N,12204.792860,W,7,,0.40,-28.35,M,0.0,M,0.0,0000*75
$GPRMC,173858.00,A,3724.990012,N,12204.792860,W,000.0,000.0,050620,,,A*4B
$GPGGA,173859.00,3724.990018,N,12204.792782,W,7,,0.38,-28.10,M,0.0,M,0.0,0000*75
$GPRMC,173859.00,A,3724.990018,N,12204.792782,W,000.0,000.0,050620,,,A*43
$GPGGA,173900.00,3724.989982,N,12204.792728,W,7,,0.38,-27.83,M,0.0,M,0.0,0000*7F
$GPRMC,173900.00,A,3724.989982,N,12204.792728,W,000.0,000.0,050620,,,A*4C
$GPGGA,173901.00,3724.990192,N,12204.792686,W,7,,0.38,-27.53,M,0.0,M,0.0,0000*77
$GPRMC,173901.00,A,3724.990192,N,12204.792686,W,000.0,000.0,050620,,,A*49
$GPGGA,173902.00,3724.990192,N,12204.792463,W,7,,0.38,-27.78,M,0.0,M,0.0,0000*74
$GPRMC,173902.00,A,3724.990192,N,12204.792463,W,000.0,000.0,050620,,,A*43
$GPGGA,173903.00,3724.990023,N,12204.792187,W,7,,0.38,-27.96,M,0.0,M,0.0,0000*71
$GPRMC,173903.00,A,3724.990023,N,12204.792187,W,000.0,000.0,050620,,,A*46
$GPGGA,173904.00,3724.989970,N,12204.792026,W,7,,0.38,-27.89,M,0.0,M,0.0,0000*75
$GPRMC,173904.00,A,3724.989970,N,12204.792026,W,000.0,000.0,050620,,,A*4C
$GPGGA,173905.00,3724.990048,N,12204.791984,W,7,,0.38,-28.06,M,0.0,M,0.0,0000*74
$GPRMC,173905.00,A,3724.990048,N,12204.791984,W,000.0,000.0,050620,,,A*45
$GPGGA,173906.00,3724.990168,N,12204.792001,W,7,,0.38,-28.17,M,0.0,M,0.0,0000*73
$GPRMC,173906.00,A,3724.990168,N,12204.792001,W,000.0,000.0,050620,,,A*42
$GPGGA,173907.00,3724.990215,N,12204.792122,W,7,,0.38,-27.87,M,0.0,M,0.0,0000*7D
$GPRMC,173907.00,A,3724.990215,N,12204.792122,W,000.0,000.0,050620,,,A*4A
$GPGGA,173908.00,3724.990270,N,12204.792164,W,7,,0.38,-27.98,M,0.0,M,0.0,0000*7D
$GPRMC,173908.00,A,3724.990270,N,12204.792164,W,000.0,000.0,050620,,,A*44
$GPGGA,173909.00,3724.990539,N,12204.792182,W,7,,0.38,-28.84,M,0.0,M,0.0,0000*7C
$GPRMC,173909.00,A,3724.990539,N,12204.792182,W,000.6,359.1,050620,,,A*4F
$GPGGA,173910.00,3724.990714,N,12204.792266,W,7,,0.39,-29.70,M,0.0,M,0.0,0000*7B
$GPRMC,173910.00,A,3724.990714,N,12204.792266,W,000.0,000.0,050620,,,A*4B
$GPGGA,173911.00,3724.990780,N,12204.792164,W,7,,0.39,-29.83,M,0.0,M,0.0,0000*7A
$GPRMC,173911.00,A,3724.990780,N,12204.792164,W,000.0,000.0,050620,,,A*46
$GPGGA,173912.00,3724.990797,N,12204.791864,W,7,,0.38,-30.22,M,0.0,M,0.0,0000*77
$GPRMC,173912.00,A,3724.990797,N,12204.791864,W,000.9,354.2,050620,,,A*40
$GPGGA,173913.00,3724.990869,N,12204.791720,W,7,,0.43,-30.84,M,0.0,M,0.0,0000*77
$GPRMC,173913.00,A,3724.990869,N,12204.791720,W,000.4,356.5,050620,,,A*48
$GPGGA,173914.00,3724.990863,N,12204.791606,W,7,,0.41,-31.57,M,0.0,M,0.0,0000*72
$GPRMC,173914.00,A,3724.990863,N,12204.791606,W,000.5,001.4,050620,,,A*41
$GPGGA,173915.00,3724.990930,N,12204.791539,W,7,,0.40,-33.10,M,0.0,M,0.0,0000*7B
$GPRMC,173915.00,A,3724.990930,N,12204.791539,W,000.0,000.0,050620,,,A*48
$GPGGA,173916.00,3724.990731,N,12204.791432,W,7,,0.39,-32.15,M,0.0,M,0.0,0000*77
$GPRMC,173916.00,A,3724.990731,N,12204.791432,W,000.7,158.2,050620,,,A*47
$GPGGA,173917.00,3724.990533,N,12204.791480,W,7,,0.42,-31.36,M,0.0,M,0.0,0000*71
$GPRMC,173917.00,A,3724.990533,N,12204.791480,W,000.0,000.0,050620,,,A*46
$GPGGA,173918.00,3724.990516,N,12204.791599,W,7,,0.45,-31.07,M,0.0,M,0.0,0000*75
$GPRMC,173918.00,A,3724.990516,N,12204.791599,W,000.0,000.0,050620,,,A*47
$GPGGA,173919.00,3724.990456,N,12204.791780,W,7,,0.46,-30.70,M,0.0,M,0.0,0000*79
$GPRMC,173919.00,A,3724.990456,N,12204.791780,W,000.0,000.0,050620,,,A*49
$GPGGA,173920.00,3724.990444,N,12204.791822,W,7,,0.43,-30.63,M,0.0,M,0.0,0000*70
$GPRMC,173920.00,A,3724.990444,N,12204.791822,W,000.5,110.2,050620,,,A*40
$GPGGA,173921.00,3724.990192,N,12204.791432,W,7,,0.45,-29.14,M,0.0,M,0.0,0000*7C
$GPRMC,173921.00,A,3724.990192,N,12204.791432,W,000.0,000.0,050620,,,A*45
$GPGGA,173922.00,3724.990126,N,12204.791534,W,7,,0.46,-29.06,M,0.0,M,0.0,0000*77
$GPRMC,173922.00,A,3724.990126,N,12204.791534,W,000.0,000.0,050620,,,A*4E
$GPGGA,173923.00,3724.990059,N,12204.791606,W,7,,0.49,-28.97,M,0.0,M,0.0,0000*7B
$GPRMC,173923.00,A,3724.990059,N,12204.791606,W,000.0,000.0,050620,,,A*44
$GPGGA,173924.00,3724.989940,N,12204.791534,W,7,,0.43,-28.85,M,0.0,M,0.0,0000*7E
$GPRMC,173924.00,A,3724.989940,N,12204.791534,W,000.0,000.0,050620,,,A*48
$GPGGA,173925.00,3724.989819,N,12204.791401,W,7,,0.39,-29.19,M,0.0,M,0.0,0000*7C
$GPRMC,173925.00,A,3724.989819,N,12204.791401,W,000.0,000.0,050620,,,A*43
$GPGGA,173926.00,3724.990257,N,12204.791696,W,7,,0.38,-30.71,M,0.0,M,0.0,0000*7C
$GPRMC,173926.00,A,3724.990257,N,12204.791696,W,000.0,000.0,050620,,,A*44
$GPGGA,173927.00,3724.990497,N,12204.791941,W,7,,0.38,-30.78,M,0.0,M,0.0,0000*7B
$GPRMC,173927.00,A,3724.990497,N,12204.791941,W,000.0,000.0,050620,,,A*4A
$GPGGA,173928.00,3724.991271,N,12204.792475,W,7,,0.38,-33.16,M,0.0,M,0.0,0000*79
$GPRMC,173928.00,A,3724.991271,N,12204.792475,W,000.0,000.0,050620,,,A*43
$GPGGA,173929.00,3724.991715,N,12204.792830,W,7,,0.38,-32.91,M,0.0,M,0.0,0000*7C
$GPRMC,173929.00,A,3724.991715,N,12204.792830,W,000.0,000.0,050620,,,A*48
$GPGGA,173930.00,3724.992130,N,12204.793207,W,7,,0.38,-32.73,M,0.0,M,0.0,0000*75
$GPRMC,173930.00,A,3724.992130,N,12204.793207,W,000.0,000.0,050620,,,A*4D
$GPGGA,173931.00,3724.991992,N,12204.793490,W,7,,0.38,-31.66,M,0.0,M,0.0,0000*78
$GPRMC,173931.00,A,3724.991992,N,12204.793490,W,000.0,000.0,050620,,,A*47
$GPGGA,173932.00,3724.991656,N,12204.793453,W,7,,0.38,-30.31,M,0.0,M,0.0,0000*70
$GPRMC,173932.00,A,3724.991656,N,12204.793453,W,000.0,000.0,050620,,,A*4C
$GPGGA,173933.00,3724.991470,N,12204.793291,W,7,,0.38,-30.49,M,0.0,M,0.0,0000*70
$GPRMC,173933.00,A,3724.991470,N,12204.793291,W,000.0,000.0,050620,,,A*43
$GPGGA,173934.00,3724.991229,N,12204.793472,W,7,,0.38,-29.44,M,0.0,M,0.0,0000*73
$GPRMC,173934.00,A,3724.991229,N,12204.793472,W,000.4,243.1,050620,,,A*45
$GPGGA,173935.00,3724.990971,N,12204.793453,W,7,,0.38,-29.45,M,0.0,M,0.0,0000*77
$GPRMC,173935.00,A,3724.990971,N,12204.793453,W,000.0,000.0,050620,,,A*40
$GPGGA,173936.00,3724.990359,N,12204.792745,W,7,,0.38,-28.29,M,0.0,M,0.0,0000*7A
$GPRMC,173936.00,A,3724.990359,N,12204.792745,W,003.6,129.6,050620,,,A*4F
$GPGGA,173937.00,3724.990467,N,12204.792601,W,7,,0.38,-29.01,M,0.0,M,0.0,0000*7B
$GPRMC,173937.00,A,3724.990467,N,12204.792601,W,000.0,000.0,050620,,,A*4C
$GPGGA,173938.00,3724.990497,N,12204.792577,W,7,,0.38,-28.84,M,0.0,M,0.0,0000*75
$GPRMC,173938.00,A,3724.990497,N,12204.792577,W,000.0,000.0,050620,,,A*4E
$GPGGA,173939.00,3724.990509,N,12204.792601,W,7,,0.38,-28.88,M,0.0,M,0.0,0000*7C
$GPRMC,173939.00,A,3724.990509,N,12204.792601,W,000.0,000.0,050620,,,A*4B
$GPGGA,173940.00,3724.990372,N,12204.792517,W,7,,0.38,-28.76,M,0.0,M,0.0,0000*7D
$GPRMC,173940.00,A,3724.990372,N,12204.792517,W,000.0,000.0,050620,,,A*4B
$GPGGA,173941.00,3724.990336,N,12204.792524,W,7,,0.38,-28.93,M,0.0,M,0.0,0000*77
$GPRMC,173941.00,A,3724.990336,N,12204.792524,W,000.0,000.0,050620,,,A*4A
$GPGGA,173942.00,3724.990240,N,12204.792535,W,7,,0.38,-28.63,M,0.0,M,0.0,0000*7B
$GPRMC,173942.00,A,3724.990240,N,12204.792535,W,000.0,000.0,050620,,,A*49
$GPGGA,173943.00,3724.990162,N,12204.792638,W,7,,0.38,-28.81,M,0.0,M,0.0,0000*7B
$GPRMC,173943.00,A,3724.990162,N,12204.792638,W,000.0,000.0,050620,,,A*45
$GPGGA,173944.00,3724.990168,N,12204.792775,W,7,,0.38,-29.00,M,0.0,M,0.0,0000*76
$GPRMC,173944.00,A,3724.990168,N,12204.792775,W,000.0,000.0,050620,,,A*40
$GPGGA,173945.00,3724.990107,N,12204.792770,W,7,,0.38,-29.06,M,0.0,M,0.0,0000*7D
$GPRMC,173945.00,A,3724.990107,N,12204.792770,W,000.0,000.0,050620,,,A*4D
$GPGGA,173946.00,3724.990120,N,12204.792812,W,7,,0.38,-29.34,M,0.0,M,0.0,0000*71
$GPRMC,173946.00,A,3724.990120,N,12204.792812,W,000.0,000.0,050620,,,A*40
$GPGGA,173947.00,3724.990137,N,12204.792847,W,7,,0.38,-29.53,M,0.0,M,0.0,0000*77
$GPRMC,173947.00,A,3724.990137,N,12204.792847,W,000.0,000.0,050620,,,A*47
$GPGGA,173948.00,3724.990156,N,12204.792884,W,7,,0.38,-29.56,M,0.0,M,0.0,0000*75
$GPRMC,173948.00,A,3724.990156,N,12204.792884,W,000.0,000.0,050620,,,A*40
$GPGGA,173949.00,3724.990143,N,12204.792902,W,7,,0.38,-29.50,M,0.0,M,0.0,0000*79
$GPRMC,173949.00,A,3724.990143,N,12204.792902,W,000.0,000.0,050620,,,A*4A
$GPGGA,173950.00,3724.990137,N,12204.792902,W,7,,0.38,-29.48,M,0.0,M,0.0,0000*7B
$GPRMC,173950.00,A,3724.990137,N,12204.792902,W,000.0,000.0,050620,,,A*41
$GPGGA,173951.00,3724.990131,N,12204.792895,W,7,,0.38,-29.47,M,0.0,M,0.0,0000*7C
$GPRMC,173951.00,A,3724.990131,N,12204.792895,W,000.0,000.0,050620,,,A*49
$GPGGA,173952.00,3724.990131,N,12204.792895,W,7,,0.38,-29.47,M,0.0,M,0.0,0000*7F
$GPRMC,173952.00,A,3724.990131,N,12204.792895,W,000.0,000.0,050620,,,A*4A
$GPGGA,173953.00,3724.990131,N,12204.792895,W,7,,0.38,-29.46,M,0.0,M,0.0,0000*7F
$GPRMC,173953.00,A,3724.990131,N,12204.792895,W,000.0,000.0,050620,,,A*4B
$GPGGA,173954.00,3724.990126,N,12204.792895,W,7,,0.38,-29.46,M,0.0,M,0.0,0000*7E
$GPRMC,173954.00,A,3724.990126,N,12204.792895,W,000.0,000.0,050620,,,A*4A
$GPGGA,173955.00,3724.990126,N,12204.792889,W,7,,0.38,-29.45,M,0.0,M,0.0,0000*71
$GPRMC,173955.00,A,3724.990126,N,12204.792889,W,000.0,000.0,050620,,,A*46
$GPGGA,173956.00,3724.990126,N,12204.792889,W,7,,0.38,-29.45,M,0.0,M,0.0,0000*72
$GPRMC,173956.00,A,3724.990126,N,12204.792889,W,000.0,000.0,050620,,,A*45
$GPGGA,173957.00,3724.990126,N,12204.792889,W,7,,0.38,-29.44,M,0.0,M,0.0,0000*72
$GPRMC,173957.00,A,3724.990126,N,12204.792889,W,000.0,000.0,050620,,,A*44
$GPGGA,173958.00,3724.990126,N,12204.792884,W,7,,0.38,-29.44,M,0.0,M,0.0,0000*70
$GPRMC,173958.00,A,3724.990126,N,12204.792884,W,000.0,000.0,050620,,,A*46
$GPGGA,173959.00,3724.990126,N,12204.792884,W,7,,0.38,-29.43,M,0.0,M,0.0,0000*76
$GPRMC,173959.00,A,3724.990126,N,12204.792884,W,000.0,000.0,050620,,,A*47
$GPGGA,174000.00,3724.990126,N,12204.792884,W,7,,0.38,-29.43,M,0.0,M,0.0,0000*74
$GPRMC,174000.00,A,3724.990126,N,12204.792884,W,000.0,000.0,050620,,,A*45
$GPGGA,174001.00,3724.990120,N,12204.792877,W,7,,0.38,-29.42,M,0.0,M,0.0,0000*7E
$GPRMC,174001.00,A,3724.990120,N,12204.792877,W,000.0,000.0,050620,,,A*4E
$GPGGA,174002.00,3724.990120,N,12204.792877,W,7,,0.38,-29.41,M,0.0,M,0.0,0000*7E
$GPRMC,174002.00,A,3724.990120,N,12204.792877,W,000.0,000.0,050620,,,A*4D
$GPGGA,174003.00,3724.990078,N,12204.792860,W,7,,0.38,-28.66,M,0.0,M,0.0,0000*71
$GPRMC,174003.00,A,3724.990078,N,12204.792860,W,000.0,000.0,050620,,,A*46
$GPGGA,174004.00,3724.990018,N,12204.792847,W,7,,0.38,-28.31,M,0.0,M,0.0,0000*77
$GPRMC,174004.00,A,3724.990018,N,12204.792847,W,000.0,000.0,050620,,,A*42
$GPGGA,174005.00,3724.989963,N,12204.792721,W,7,,0.38,-28.17,M,0.0,M,0.0,0000*70
$GPRMC,174005.00,A,3724.989963,N,12204.792721,W,000.0,000.0,050620,,,A*41
$GPGGA,174006.00,3724.989940,N,12204.792716,W,7,,0.38,-27.62,M,0.0,M,0.0,0000*7B
$GPRMC,174006.00,A,3724.989940,N,12204.792716,W,000.0,000.0,050620,,,A*47
$GPGGA,174007.00,3724.989855,N,12204.792710,W,7,,0.38,-27.22,M,0.0,M,0.0,0000*7D
$GPRMC,174007.00,A,3724.989855,N,12204.792710,W,000.0,000.0,050620,,,A*45
$GPGGA,174008.00,3724.989813,N,12204.792721,W,7,,0.38,-26.98,M,0.0,M,0.0,0000*72
$GPRMC,174008.00,A,3724.989813,N,12204.792721,W,000.0,000.0,050620,,,A*4A
$GPGGA,174009.00,3724.989766,N,12204.792782,W,7,,0.38,-26.28,M,0.0,M,0.0,0000*7C
$GPRMC,174009.00,A,3724.989766,N,12204.792782,W,000.0,000.0,050620,,,A*4F
$GPGGA,174010.00,3724.989718,N,12204.792830,W,7,,0.38,-25.93,M,0.0,M,0.0,0000*78
$GPRMC,174010.00,A,3724.989718,N,12204.792830,W,000.0,000.0,050620,,,A*48
$GPGGA,174011.00,3724.989676,N,12204.792865,W,7,,0.38,-25.59,M,0.0,M,0.0,0000*76
$GPRMC,174011.00,A,3724.989676,N,12204.792865,W,000.0,000.0,050620,,,A*40
$GPGGA,174012.00,3724.989646,N,12204.792895,W,7,,0.38,-25.37,M,0.0,M,0.0,0000*71
$GPRMC,174012.00,A,3724.989646,N,12204.792895,W,000.0,000.0,050620,,,A*4F
$GPGGA,174013.00,3724.989597,N,12204.792919,W,7,,0.38,-25.17,M,0.0,M,0.0,0000*78
$GPRMC,174013.00,A,3724.989597,N,12204.792919,W,000.0,000.0,050620,,,A*44
$GPGGA,174014.00,3724.989568,N,12204.792914,W,7,,0.38,-25.25,M,0.0,M,0.0,0000*73
$GPRMC,174014.00,A,3724.989568,N,12204.792914,W,000.0,000.0,050620,,,A*4E
$GPGGA,174015.00,3724.989604,N,12204.792884,W,7,,0.38,-25.42,M,0.0,M,0.0,0000*72
$GPRMC,174015.00,A,3724.989604,N,12204.792884,W,000.0,000.0,050620,,,A*4E
$GPGGA,174016.00,3724.989597,N,12204.792835,W,7,,0.38,-25.49,M,0.0,M,0.0,0000*79
$GPRMC,174016.00,A,3724.989597,N,12204.792835,W,000.0,000.0,050620,,,A*4E
$GPGGA,174017.00,3724.989574,N,12204.792745,W,7,,0.38,-25.78,M,0.0,M,0.0,0000*7F
$GPRMC,174017.00,A,3724.989574,N,12204.792745,W,000.0,000.0,050620,,,A*4A
$GPGGA,174018.00,3724.989561,N,12204.792698,W,7,,0.38,-25.84,M,0.0,M,0.0,0000*76
$GPRMC,174018.00,A,3724.989561,N,12204.792698,W,000.0,000.0,050620,,,A*40
$GPGGA,174019.00,3724.989561,N,12204.792679,W,7,,0.38,-25.85,M,0.0,M,0.0,0000*79
$GPRMC,174019.00,A,3724.989561,N,12204.792679,W,000.0,000.0,050620,,,A*4E
$GPGGA,174020.00,3724.989561,N,12204.792668,W,7,,0.38,-25.88,M,0.0,M,0.0,0000*7E
$GPRMC,174020.00,A,3724.989561,N,12204.792668,W,000.0,000.0,050620,,,A*44
$GPGGA,174021.00,3724.989568,N,12204.792661,W,7,,0.38,-25.88,M,0.0,M,0.0,0000*7F
$GPRMC,174021.00,A,3724.989568,N,12204.792661,W,000.0,000.0,050620,,,A*45
$GPGGA,174022.00,3724.989574,N,12204.792661,W,7,,0.38,-25.89,M,0.0,M,0.0,0000*70
$GPRMC,174022.00,A,3724.989574,N,12204.792661,W,000.0,000.0,050620,,,A*4B
$GPGGA,174023.00,3724.989580,N,12204.792656,W,7,,0.38,-25.88,M,0.0,M,0.0,0000*7F
$GPRMC,174023.00,A,3724.989580,N,12204.792656,W,000.0,000.0,050620,,,A*45
$GPGGA,174024.00,3724.989585,N,12204.792649,W,7,,0.38,-25.87,M,0.0,M,0.0,0000*7C
$GPRMC,174024.00,A,3724.989585,N,12204.792649,W,000.0,000.0,050620,,,A*49
$GPGGA,174025.00,3724.989585,N,12204.792644,W,7,,0.38,-25.86,M,0.0,M,0.0,0000*71
$GPRMC,174025.00,A,3724.989585,N,12204.792644,W,000.0,000.0,050620,,,A*45
$GPGGA,174026.00,3724.989591,N,12204.792644,W,7,,0.38,-25.86,M,0.0,M,0.0,0000*77
$GPRMC,174026.00,A,3724.989591,N,12204.792644,W,000.0,000.0,050620,,,A*43
$GPGGA,174027.00,3724.989591,N,12204.792644,W,7,,0.38,-25.86,M,0.0,M,0.0,0000*76
$GPRMC,174027.00,A,3724.989591,N,12204.792644,W,000.0,000.0,050620,,,A*42
$GPGGA,174028.00,3724.989591,N,12204.792644,W,7,,0.38,-25.86,M,0.0,M,0.0,0000*79
$GPRMC,174028.00,A,3724.989591,N,12204.792644,W,000.0,000.0,050620,,,A*4D
$GPGGA,174029.00,3724.989591,N,12204.792644,W,7,,0.38,-25.86,M,0.0,M,0.0,0000*78
$GPRMC,174029.00,A,3724.989591,N,12204.792644,W,000.0,000.0,050620,,,A*4C
$GPGGA,174030.00,3724.989591,N,12204.792644,W,7,,0.38,-25.86,M,0.0,M,0.0,0000*70
$GPRMC,174030.00,A,3724.989591,N,12204.792644,W,000.0,000.0,050620,,,A*44
$GPGGA,174031.00,3724.989574,N,12204.792631,W,7,,0.38,-25.96,M,0.0,M,0.0,0000*79
$GPRMC,174031.00,A,3724.989574,N,12204.792631,W,000.0,000.0,050620,,,A*4C
$GPGGA,174032.00,3724.989549,N,12204.792601,W,7,,0.38,-26.12,M,0.0,M,0.0,0000*78
$GPRMC,174032.00,A,3724.989549,N,12204.792601,W,000.0,000.0,050620,,,A*42
$GPGGA,174033.00,3724.989532,N,12204.792601,W,7,,0.38,-26.07,M,0.0,M,0.0,0000*71
$GPRMC,174033.00,A,3724.989532,N,12204.792601,W,000.0,000.0,050620,,,A*4F
$GPGGA,174034.00,3724.989532,N,12204.792601,W,7,,0.38,-26.06,M,0.0,M,0.0,0000*77
$GPRMC,174034.00,A,3724.989532,N,12204.792601,W,000.0,000.0,050620,,,A*48
$GPGGA,174035.00,3724.989525,N,12204.792601,W,7,,0.38,-26.11,M,0.0,M,0.0,0000*76
$GPRMC,174035.00,A,3724.989525,N,12204.792601,W,000.0,000.0,050620,,,A*4F
$GPGGA,174036.00,3724.989525,N,12204.792601,W,7,,0.38,-26.12,M,0.0,M,0.0,0000*76
$GPRMC,174036.00,A,3724.989525,N,12204.792601,W,000.0,000.0,050620,,,A*4C
$GPGGA,174037.00,3724.989525,N,12204.792601,W,7,,0.38,-26.12,M,0.0,M,0.0,0000*77
$GPRMC,174037.00,A,3724.989525,N,12204.792601,W,000.0,000.0,050620,,,A*4D
$GPGGA,174038.00,3724.989532,N,12204.792601,W,7,,0.38,-26.12,M,0.0,M,0.0,0000*7E
$GPRMC,174038.00,A,3724.989532,N,12204.792601,W,000.0,000.0,050620,,,A*44
$GPGGA,174039.00,3724.989532,N,12204.792601,W,7,,0.38,-26.09,M,0.0,M,0.0,0000*75
$GPRMC,174039.00,A,3724.989532,N,12204.792601,W,000.0,000.0,050620,,,A*45
$GPGGA,174040.00,3724.989532,N,12204.792607,W,7,,0.38,-26.10,M,0.0,M,0.0,0000*75
$GPRMC,174040.00,A,3724.989532,N,12204.792607,W,000.0,000.0,050620,,,A*4D
$GPGGA,174041.00,3724.989532,N,12204.792601,W,7,,0.38,-26.10,M,0.0,M,0.0,0000*72
$GPRMC,174041.00,A,3724.989532,N,12204.792601,W,000.0,000.0,050620,,,A*4A
$GPGGA,174042.00,3724.989532,N,12204.792601,W,7,,0.38,-26.09,M,0.0,M,0.0,0000*79
$GPRMC,174042.00,A,3724.989532,N,12204.792601,W,000.0,000.0,050620,,,A*49
$GPGGA,174043.00,3724.989532,N,12204.792601,W,7,,0.38,-26.10,M,0.0,M,0.0,0000*70
$GPRMC,174043.00,A,3724.989532,N,12204.792601,W,000.0,000.0,050620,,,A*48
$GPGGA,174044.00,3724.989532,N,12204.792596,W,7,,0.38,-26.10,M,0.0,M,0.0,0000*7A
$GPRMC,174044.00,A,3724.989532,N,12204.792596,W,000.0,000.0,050620,,,A*42
$GPGGA,174045.00,3724.989532,N,12204.792596,W,7,,0.38,-26.10,M,0.0,M,0.0,0000*7B
$GPRMC,174045.00,A,3724.989532,N,12204.792596,W,000.0,000.0,050620,,,A*43
$GPGGA,174046.00,3724.989532,N,12204.792596,W,7,,0.38,-26.10,M,0.0,M,0.0,0000*78
$GPRMC,174046.00,A,3724.989532,N,12204.792596,W,000.0,000.0,050620,,,A*40
$GPGGA,174047.00,3724.989532,N,12204.792596,W,7,,0.38,-26.10,M,0.0,M,0.0,0000*79
$GPRMC,174047.00,A,3724.989532,N,12204.792596,W,000.0,000.0,050620,,,A*41
$GPGGA,174048.00,3724.989538,N,12204.792596,W,7,,0.38,-26.10,M,0.0,M,0.0,0000*7C
$GPRMC,174048.00,A,3724.989538,N,12204.792596,W,000.0,000.0,050620,,,A*44
$GPGGA,174049.00,3724.989538,N,12204.792596,W,7,,0.38,-26.10,M,0.0,M,0.0,0000*7D
$GPRMC,174049.00,A,3724.989538,N,12204.792596,W,000.0,000.0,050620,,,A*45
$GPGGA,174050.00,3724.989538,N,12204.792596,W,7,,0.38,-26.10,M,0.0,M,0.0,0000*75
$GPRMC,174050.00,A,3724.989538,N,12204.792596,W,000.0,000.0,050620,,,A*4D
$GPGGA,174051.00,3724.989538,N,12204.792596,W,7,,0.38,-26.11,M,0.0,M,0.0,0000*75
$GPRMC,174051.00,A,3724.989538,N,12204.792596,W,000.0,000.0,050620,,,A*4C
$GPGGA,174052.00,3724.989538,N,12204.792596,W,7,,0.38,-26.11,M,0.0,M,0.0,0000*76
$GPRMC,174052.00,A,3724.989538,N,12204.792596,W,000.0,000.0,050620,,,A*4F
$GPGGA,174053.00,3724.989538,N,12204.792596,W,7,,0.38,-26.11,M,0.0,M,0.0,0000*77
$GPRMC,174053.00,A,3724.989538,N,12204.792596,W,000.0,000.0,050620,,,A*4E
$GPGGA,174054.00,3724.989538,N,12204.792596,W,7,,0.38,-26.11,M,0.0,M,0.0,0000*70
$GPRMC,174054.00,A,3724.989538,N,12204.792596,W,000.0,000.0,050620,,,A*49
$GPGGA,174055.00,3724.989538,N,12204.792596,W,7,,0.38,-26.11,M,0.0,M,0.0,0000*71
$GPRMC,174055.00,A,3724.989538,N,12204.792596,W,000.0,000.0,050620,,,A*48
$GPGGA,174056.00,3724.989532,N,12204.792596,W,7,,0.38,-26.11,M,0.0,M,0.0,0000*78
$GPRMC,174056.00,A,3724.989532,N,12204.792596,W,000.0,000.0,050620,,,A*41
$GPGGA,174057.00,3724.989532,N,12204.792589,W,7,,0.38,-26.11,M,0.0,M,0.0,0000*77
$GPRMC,174057.00,A,3724.989532,N,12204.792589,W,000.0,000.0,050620,,,A*4E
$GPGGA,174058.00,3724.989532,N,12204.792596,W,7,,0.38,-26.11,M,0.0,M,0.0,0000*76
$GPRMC,174058.00,A,3724.989532,N,12204.792596,W,000.0,000.0,050620,,,A*4F
$GPGGA,174059.00,3724.989532,N,12204.792589,W,7,,0.38,-26.10,M,0.0,M,0.0,0000*78
$GPRMC,174059.00,A,3724.989532,N,12204.792589,W,000.0,000.0,050620,,,A*40
$GPGGA,174100.00,3724.989532,N,12204.792589,W,7,,0.38,-26.10,M,0.0,M,0.0,0000*75
$GPRMC,174100.00,A,3724.989532,N,12204.792589,W,000.0,000.0,050620,,,A*4D
$GPGGA,174101.00,3724.989532,N,12204.792589,W,7,,0.38,-26.10,M,0.0,M,0.0,0000*74
$GPRMC,174101.00,A,3724.989532,N,12204.792589,W,000.0,000.0,050620,,,A*4C
$GPGGA,174102.00,3724.989532,N,12204.792589,W,7,,0.38,-26.10,M,0.0,M,0.0,0000*77
$GPRMC,174102.00,A,3724.989532,N,12204.792589,W,000.0,000.0,050620,,,A*4F
$GPGGA,174103.00,3724.989532,N,12204.792589,W,7,,0.38,-26.10,M,0.0,M,0.0,0000*76
$GPRMC,174103.00,A,3724.989532,N,12204.792589,W,000.0,000.0,050620,,,A*4E
$GPGGA,174104.00,3724.989532,N,12204.792589,W,7,,0.38,-26.10,M,0.0,M,0.0,0000*71
$GPRMC,174104.00,A,3724.989532,N,12204.792589,W,000.0,000.0,050620,,,A*49
$GPGGA,174105.00,3724.989532,N,12204.792589,W,7,,0.38,-26.10,M,0.0,M,0.0,0000*70
$GPRMC,174105.00,A,3724.989532,N,12204.792589,W,000.0,000.0,050620,,,A*48
$GPGGA,174106.00,3724.989532,N,12204.792589,W,7,,0.38,-26.10,M,0.0,M,0.0,0000*73
$GPRMC,174106.00,A,3724.989532,N,12204.792589,W,000.0,000.0,050620,,,A*4B
$GPGGA,174107.00,3724.989532,N,12204.792589,W,7,,0.38,-26.10,M,0.0,M,0.0,0000*72
$GPRMC,174107.00,A,3724.989532,N,12204.792589,W,000.0,000.0,050620,,,A*4A
$GPGGA,174108.00,3724.989532,N,12204.792584,W,7,,0.38,-26.10,M,0.0,M,0.0,0000*70
$GPRMC,174108.00,A,3724.989532,N,12204.792584,W,000.0,000.0,050620,,,A*48
$GPGGA,174109.00,3724.989532,N,12204.792589,W,7,,0.38,-26.10,M,0.0,M,0.0,0000*7C
$GPRMC,174109.00,A,3724.989532,N,12204.792589,W,000.0,000.0,050620,,,A*44
$GPGGA,174110.00,3724.989532,N,12204.792589,W,7,,0.38,-26.10,M,0.0,M,0.0,0000*74
$GPRMC,174110.00,A,3724.989532,N,12204.792589,W,000.0,000.0,050620,,,A*4C
$GPGGA,174111.00,3724.989532,N,12204.792589,W,7,,0.38,-26.09,M,0.0,M,0.0,0000*7D
$GPRMC,174111.00,A,3724.989532,N,12204.792589,W,000.0,000.0,050620,,,A*4D
$GPGGA,174112.00,3724.989538,N,12204.792589,W,7,,0.38,-26.09,M,0.0,M,0.0,0000*74
$GPRMC,174112.00,A,3724.989538,N,12204.792589,W,000.0,000.0,050620,,,A*44
$GPGGA,174113.00,3724.989538,N,12204.792589,W,7,,0.38,-26.09,M,0.0,M,0.0,0000*75
$GPRMC,174113.00,A,3724.989538,N,12204.792589,W,000.0,000.0,050620,,,A*45
$GPGGA,174114.00,3724.989538,N,12204.792589,W,7,,0.38,-26.09,M,0.0,M,0.0,0000*72
$GPRMC,174114.00,A,3724.989538,N,12204.792589,W,000.0,000.0,050620,,,A*42
$GPGGA,174115.00,3724.989538,N,12204.792589,W,7,,0.38,-26.09,M,0.0,M,0.0,0000*73
$GPRMC,174115.00,A,3724.989538,N,12204.792589,W,000.0,000.0,050620,,,A*43
$GPGGA,174116.00,3724.989538,N,12204.792589,W,7,,0.38,-26.09,M,0.0,M,0.0,0000*70
$GPRMC,174116.00,A,3724.989538,N,12204.792589,W,000.0,000.0,050620,,,A*40
$GPGGA,174117.00,3724.989538,N,12204.792589,W,7,,0.38,-26.09,M,0.0,M,0.0,0000*71
$GPRMC,174117.00,A,3724.989538,N,12204.792589,W,000.0,000.0,050620,,,A*41
$GPGGA,174118.00,3724.989544,N,12204.792589,W,7,,0.38,-26.09,M,0.0,M,0.0,0000*75
$GPRMC,174118.00,A,3724.989544,N,12204.792589,W,000.0,000.0,050620,,,A*45
$GPGGA,174119.00,3724.989544,N,12204.792589,W,7,,0.38,-26.09,M,0.0,M,0.0,0000*74
$GPRMC,174119.00,A,3724.989544,N,12204.792589,W,000.0,000.0,050620,,,A*44
$GPGGA,174120.00,3724.989544,N,12204.792589,W,7,,0.38,-26.09,M,0.0,M,0.0,0000*7E
$GPRMC,174120.00,A,3724.989544,N,12204.792589,W,000.0,000.0,050620,,,A*4E
$GPGGA,174121.00,3724.989544,N,12204.792589,W,7,,0.38,-26.09,M,0.0,M,0.0,0000*7F
$GPRMC,174121.00,A,3724.989544,N,12204.792589,W,000.0,000.0,050620,,,A*4F
$GPGGA,174122.00,3724.989544,N,12204.792589,W,7,,0.38,-26.09,M,0.0,M,0.0,0000*7C
$GPRMC,174122.00,A,3724.989544,N,12204.792589,W,000.0,000.0,050620,,,A*4C
$GPGGA,174123.00,3724.989544,N,12204.792589,W,7,,0.38,-26.08,M,0.0,M,0.0,0000*7C
$GPRMC,174123.00,A,3724.989544,N,12204.792589,W,000.0,000.0,050620,,,A*4D
$GPGGA,174124.00,3724.989544,N,12204.792589,W,7,,0.38,-26.08,M,0.0,M,0.0,0000*7B
$GPRMC,174124.00,A,3724.989544,N,12204.792589,W,000.0,000.0,050620,,,A*4A
$GPGGA,174125.00,3724.989544,N,12204.792589,W,7,,0.38,-26.08,M,0.0,M,0.0,0000*7A
$GPRMC,174125.00,A,3724.989544,N,12204.792589,W,000.0,000.0,050620,,,A*4B
$GPGGA,174126.00,3724.989544,N,12204.792596,W,7,,0.38,-26.08,M,0.0,M,0.0,0000*77
$GPRMC,174126.00,A,3724.989544,N,12204.792596,W,000.0,000.0,050620,,,A*46
$GPGGA,174127.00,3724.989544,N,12204.792596,W,7,,0.38,-26.07,M,0.0,M,0.0,0000*79
$GPRMC,174127.00,A,3724.989544,N,12204.792596,W,000.0,000.0,050620,,,A*47
$GPGGA,174128.00,3724.989544,N,12204.792596,W,7,,0.38,-26.07,M,0.0,M,0.0,0000*76
$GPRMC,174128.00,A,3724.989544,N,12204.792596,W,000.0,000.0,050620,,,A*48
$GPGGA,174129.00,3724.989544,N,12204.792596,W,7,,0.38,-26.07,M,0.0,M,0.0,0000*77
$GPRMC,174129.00,A,3724.989544,N,12204.792596,W,000.0,000.0,050620,,,A*49
$GPGGA,174130.00,3724.989544,N,12204.792596,W,7,,0.38,-26.07,M,0.0,M,0.0,0000*7F
$GPRMC,174130.00,A,3724.989544,N,12204.792596,W,000.0,000.0,050620,,,A*41
$GPGGA,174131.00,3724.989544,N,12204.792589,W,7,,0.38,-26.06,M,0.0,M,0.0,0000*71
$GPRMC,174131.00,A,3724.989544,N,12204.792589,W,000.0,000.0,050620,,,A*4E
$GPGGA,174132.00,3724.989496,N,12204.792524,W,7,,0.38,-26.06,M,0.0,M,0.0,0000*7B
$GPRMC,174132.00,A,3724.989496,N,12204.792524,W,000.0,000.0,050620,,,A*44
$GPGGA,174133.00,3724.989405,N,12204.792319,W,7,,0.38,-25.88,M,0.0,M,0.0,0000*7D
$GPRMC,174133.00,A,3724.989405,N,12204.792319,W,000.0,000.0,050620,,,A*47
$GPGGA,174134.00,3724.989411,N,12204.792152,W,7,,0.38,-25.77,M,0.0,M,0.0,0000*72
$GPRMC,174134.00,A,3724.989411,N,12204.792152,W,000.0,000.0,050620,,,A*48
$GPGGA,174135.00,3724.989358,N,12204.792080,W,7,,0.38,-25.90,M,0.0,M,0.0,0000*7E
$GPRMC,174135.00,A,3724.989358,N,12204.792080,W,000.0,000.0,050620,,,A*4D
$GPGGA,174136.00,3724.989322,N,12204.792050,W,7,,0.38,-25.92,M,0.0,M,0.0,0000*7F
$GPRMC,174136.00,A,3724.989322,N,12204.792050,W,000.0,000.0,050620,,,A*4E
$GPGGA,174137.00,3724.989405,N,12204.792080,W,7,,0.38,-25.81,M,0.0,M,0.0,0000*73
$GPRMC,174137.00,A,3724.989405,N,12204.792080,W,000.0,000.0,050620,,,A*40
$GPGGA,174138.00,3724.989460,N,12204.792068,W,7,,0.38,-25.59,M,0.0,M,0.0,0000*7C
$GPRMC,174138.00,A,3724.989460,N,12204.792068,W,000.0,000.0,050620,,,A*4A
$GPGGA,174139.00,3724.989441,N,12204.791984,W,7,,0.38,-25.40,M,0.0,M,0.0,0000*7E
$GPRMC,174139.00,A,3724.989441,N,12204.791984,W,000.0,000.0,050620,,,A*40
$GPGGA,174140.00,3724.989466,N,12204.791947,W,7,,0.38,-25.21,M,0.0,M,0.0,0000*7D
$GPRMC,174140.00,A,3724.989466,N,12204.791947,W,000.0,000.0,050620,,,A*44
$GPGGA,174141.00,3724.989519,N,12204.791936,W,7,,0.38,-24.98,M,0.0,M,0.0,0000*70
$GPRMC,174141.00,A,3724.989519,N,12204.791936,W,000.0,000.0,050620,,,A*4A
$GPGGA,174142.00,3724.989466,N,12204.791822,W,7,,0.38,-24.85,M,0.0,M,0.0,0000*72
$GPRMC,174142.00,A,3724.989466,N,12204.791822,W,000.0,000.0,050620,,,A*44
$GPGGA,174143.00,3724.989339,N,12204.791606,W,7,,0.38,-24.71,M,0.0,M,0.0,0000*7D
$GPRMC,174143.00,A,3724.989339,N,12204.791606,W,000.0,000.0,050620,,,A*40
$GPGGA,174144.00,3724.989231,N,12204.791371,W,7,,0.38,-24.56,M,0.0,M,0.0,0000*73
$GPRMC,174144.00,A,3724.989231,N,12204.791371,W,000.0,000.0,050620,,,A*4B
$GPGGA,174145.00,3724.989183,N,12204.791257,W,7,,0.38,-24.61,M,0.0,M,0.0,0000*79
$GPRMC,174145.00,A,3724.989183,N,12204.791257,W,000.5,123.5,050620,,,A*45
$GPGGA,174146.00,3724.989339,N,12204.790814,W,7,,0.38,-24.81,M,0.0,M,0.0,0000*7B
$GPRMC,174146.00,A,3724.989339,N,12204.790814,W,002.0,079.8,050620,,,A*4D
$GPGGA,174147.00,3724.989652,N,12204.789854,W,7,,0.38,-24.97,M,0.0,M,0.0,0000*79
$GPRMC,174147.00,A,3724.989652,N,12204.789854,W,003.5,074.9,050620,,,A*40
$GPGGA,174148.00,3724.989963,N,12204.787958,W,7,,0.38,-25.29,M,0.0,M,0.0,0000*7C
$GPRMC,174148.00,A,3724.989963,N,12204.787958,W,006.0,081.8,050620,,,A*4A
$GPGGA,174149.00,3724.990192,N,12204.785174,W,7,,0.38,-25.25,M,0.0,M,0.0,0000*7B
$GPRMC,174149.00,A,3724.990192,N,12204.785174,W,008.8,089.6,050620,,,A*41
$GPGGA,174150.00,3724.990293,N,12204.781099,W,7,,0.38,-25.41,M,0.0,M,0.0,0000*75
$GPRMC,174150.00,A,3724.990293,N,12204.781099,W,011.7,093.9,050620,,,A*4E
$GPGGA,174151.00,3724.990209,N,12204.776312,W,7,,0.38,-26.10,M,0.0,M,0.0,0000*78
$GPRMC,174151.00,A,3724.990209,N,12204.776312,W,013.7,093.2,050620,,,A*4D
$GPGGA,174152.00,3724.989879,N,12204.770066,W,7,,0.38,-25.66,M,0.0,M,0.0,0000*7A
$GPRMC,174152.00,A,3724.989879,N,12204.770066,W,017.4,094.7,050620,,,A*48
$GPGGA,174153.00,3724.989405,N,12204.763435,W,7,,0.38,-26.07,M,0.0,M,0.0,0000*78
$GPRMC,174153.00,A,3724.989405,N,12204.763435,W,018.4,094.8,050620,,,A*4E
$GPGGA,174154.00,3724.989028,N,12204.756662,W,7,,0.38,-26.39,M,0.0,M,0.0,0000*7F
$GPRMC,174154.00,A,3724.989028,N,12204.756662,W,018.9,094.4,050620,,,A*45
$GPGGA,174155.00,3724.988637,N,12204.749582,W,7,,0.38,-26.26,M,0.0,M,0.0,0000*7A
$GPRMC,174155.00,A,3724.988637,N,12204.749582,W,020.3,094.4,050620,,,A*4F
$GPGGA,174156.00,3724.988230,N,12204.742586,W,7,,0.38,-26.50,M,0.0,M,0.0,0000*74
$GPRMC,174156.00,A,3724.988230,N,12204.742586,W,019.7,094.0,050620,,,A*4A
$GPGGA,174157.00,3724.987384,N,12204.735229,W,7,,0.38,-25.84,M,0.0,M,0.0,0000*7C
$GPRMC,174157.00,A,3724.987384,N,12204.735229,W,020.8,094.9,050620,,,A*44
$GPGGA,174158.00,3724.987107,N,12204.728767,W,7,,0.38,-26.80,M,0.0,M,0.0,0000*7E
$GPRMC,174158.00,A,3724.987107,N,12204.728767,W,019.3,099.7,050620,,,A*43
$GPGGA,174159.00,3724.986736,N,12204.722155,W,7,,0.38,-26.68,M,0.0,M,0.0,0000*71
$GPRMC,174159.00,A,3724.986736,N,12204.722155,W,018.5,096.0,050620,,,A*45
$GPGGA,174200.00,3724.986364,N,12204.715844,W,7,,0.38,-26.40,M,0.0,M,0.0,0000*7A
$GPRMC,174200.00,A,3724.986364,N,12204.715844,W,017.7,095.5,050620,,,A*4F
$GPGGA,174201.00,3724.985979,N,12204.709891,W,7,,0.38,-26.16,M,0.0,M,0.0,0000*78
$GPRMC,174201.00,A,3724.985979,N,12204.709891,W,016.4,095.7,050620,,,A*4E
$GPGGA,174202.00,3724.985733,N,12204.705062,W,7,,0.38,-25.99,M,0.0,M,0.0,0000*77
$GPRMC,174202.00,A,3724.985733,N,12204.705062,W,013.9,088.4,050620,,,A*42
$GPGGA,174203.00,3724.985361,N,12204.700784,W,7,,0.38,-25.08,M,0.0,M,0.0,0000*77
$GPRMC,174203.00,A,3724.985361,N,12204.700784,W,011.5,087.8,050620,,,A*47
$GPGGA,174204.00,3724.984684,N,12204.697274,W,7,,0.38,-25.55,M,0.0,M,0.0,0000*72
$GPRMC,174204.00,A,3724.984684,N,12204.697274,W,009.7,094.0,050620,,,A*4B
$GPGGA,174205.00,3724.983808,N,12204.694748,W,7,,0.38,-25.84,M,0.0,M,0.0,0000*7B
$GPRMC,174205.00,A,3724.983808,N,12204.694748,W,008.2,101.5,050620,,,A*42
$GPGGA,174206.00,3724.982619,N,12204.692564,W,7,,0.38,-25.69,M,0.0,M,0.0,0000*7E
$GPRMC,174206.00,A,3724.982619,N,12204.692564,W,007.8,115.9,050620,,,A*48
$GPGGA,174207.00,3724.980699,N,12204.690596,W,7,,0.38,-25.74,M,0.0,M,0.0,0000*76
$GPRMC,174207.00,A,3724.980699,N,12204.690596,W,009.9,138.5,050620,,,A*40
$GPGGA,174208.00,3724.977568,N,12204.689599,W,7,,0.38,-25.82,M,0.0,M,0.0,0000*72
$GPRMC,174208.00,A,3724.977568,N,12204.689599,W,012.8,161.1,050620,,,A*4E
$GPGGA,174209.00,3724.973313,N,12204.689473,W,7,,0.38,-25.92,M,0.0,M,0.0,0000*79
$GPRMC,174209.00,A,3724.973313,N,12204.689473,W,015.6,175.4,050620,,,A*4D
$GPGGA,174210.00,3724.968376,N,12204.689761,W,7,,0.38,-26.04,M,0.0,M,0.0,0000*74
$GPRMC,174210.00,A,3724.968376,N,12204.689761,W,018.7,179.8,050620,,,A*40
$GPGGA,174211.00,3724.962946,N,12204.690266,W,7,,0.38,-26.52,M,0.0,M,0.0,0000*7F
$GPRMC,174211.00,A,3724.962946,N,12204.690266,W,021.4,182.7,050620,,,A*4A
$GPGGA,174212.00,3724.956387,N,12204.690847,W,7,,0.38,-26.49,M,0.0,M,0.0,0000*7F
$GPRMC,174212.00,A,3724.956387,N,12204.690847,W,023.8,185.3,050620,,,A*4D
$GPGGA,174213.00,3724.949289,N,12204.691334,W,7,,0.38,-26.49,M,0.0,M,0.0,0000*71
$GPRMC,174213.00,A,3724.949289,N,12204.691334,W,026.0,185.4,050620,,,A*49
$GPGGA,174214.00,3724.942131,N,12204.691639,W,7,,0.38,-26.30,M,0.0,M,0.0,0000*7B
$GPRMC,174214.00,A,3724.942131,N,12204.691639,W,027.3,183.7,050620,,,A*4A
$GPGGA,174215.00,3724.934325,N,12204.691850,W,7,,0.38,-26.24,M,0.0,M,0.0,0000*78
$GPRMC,174215.00,A,3724.934325,N,12204.691850,W,028.3,182.0,050620,,,A*45
$GPGGA,174216.00,3724.926123,N,12204.691837,W,7,,0.38,-26.35,M,0.0,M,0.0,0000*7D
$GPRMC,174216.00,A,3724.926123,N,12204.691837,W,029.5,181.1,050620,,,A*45
$GPGGA,174217.00,3724.917615,N,12204.691843,W,7,,0.38,-26.12,M,0.0,M,0.0,0000*7A
$GPRMC,174217.00,A,3724.917615,N,12204.691843,W,030.1,181.6,050620,,,A*4C
$GPGGA,174218.00,3724.909252,N,12204.691964,W,7,,0.38,-25.98,M,0.0,M,0.0,0000*78
$GPRMC,174218.00,A,3724.909252,N,12204.691964,W,030.9,181.8,050620,,,A*49
$GPGGA,174219.00,3724.900425,N,12204.691964,W,7,,0.38,-25.63,M,0.0,M,0.0,0000*72
$GPRMC,174219.00,A,3724.900425,N,12204.691964,W,031.7,181.7,050620,,,A*47
$GPGGA,174220.00,3724.891156,N,12204.691934,W,7,,0.38,-25.36,M,0.0,M,0.0,0000*75
$GPRMC,174220.00,A,3724.891156,N,12204.691934,W,032.3,181.4,050620,,,A*44
$GPGGA,174221.00,3724.882180,N,12204.691909,W,7,,0.38,-25.01,M,0.0,M,0.0,0000*77
$GPRMC,174221.00,A,3724.882180,N,12204.691909,W,032.4,181.0,050620,,,A*41
$GPGGA,174222.00,3724.873492,N,12204.691892,W,7,,0.38,-24.63,M,0.0,M,0.0,0000*7A
$GPRMC,174222.00,A,3724.873492,N,12204.691892,W,031.9,180.9,050620,,,A*4F
$GPGGA,174223.00,3724.864768,N,12204.691885,W,7,,0.38,-24.29,M,0.0,M,0.0,0000*73
$GPRMC,174223.00,A,3724.864768,N,12204.691885,W,030.1,180.8,050620,,,A*40
$GPGGA,174224.00,3724.856949,N,12204.691676,W,7,,0.38,-23.92,M,0.0,M,0.0,0000*7D
$GPRMC,174224.00,A,3724.856949,N,12204.691676,W,026.8,180.1,050620,,,A*4E
$GPGGA,174225.00,3724.850007,N,12204.691741,W,7,,0.38,-23.83,M,0.0,M,0.0,0000*7C
$GPRMC,174225.00,A,3724.850007,N,12204.691741,W,022.7,179.5,050620,,,A*46
$GPGGA,174226.00,3724.844643,N,12204.691778,W,7,,0.38,-23.66,M,0.0,M,0.0,0000*7D
$GPRMC,174226.00,A,3724.844643,N,12204.691778,W,018.3,179.1,050620,,,A*45
$GPGGA,174227.00,3724.840366,N,12204.691957,W,7,,0.38,-23.68,M,0.0,M,0.0,0000*77
$GPRMC,174227.00,A,3724.840366,N,12204.691957,W,013.5,178.7,050620,,,A*4B
$GPGGA,174228.00,3724.837342,N,12204.692060,W,7,,0.38,-23.65,M,0.0,M,0.0,0000*7D
$GPRMC,174228.00,A,3724.837342,N,12204.692060,W,009.2,177.5,050620,,,A*4D
$GPGGA,174229.00,3724.835013,N,12204.692078,W,7,,0.38,-23.51,M,0.0,M,0.0,0000*77
$GPRMC,174229.00,A,3724.835013,N,12204.692078,W,007.6,176.6,050620,,,A*48
$GPGGA,174230.00,3724.833286,N,12204.692162,W,7,,0.38,-23.66,M,0.0,M,0.0,0000*79
$GPRMC,174230.00,A,3724.833286,N,12204.692162,W,005.9,177.2,050620,,,A*4A
$GPGGA,174231.00,3724.832031,N,12204.692083,W,7,,0.38,-23.61,M,0.0,M,0.0,0000*7E
$GPRMC,174231.00,A,3724.832031,N,12204.692083,W,003.3,176.3,050620,,,A*46
$GPGGA,174232.00,3724.831510,N,12204.692090,W,7,,0.38,-23.62,M,0.0,M,0.0,0000*79
$GPRMC,174232.00,A,3724.831510,N,12204.692090,W,001.3,175.7,050620,,,A*47
$GPGGA,174233.00,3724.831365,N,12204.692053,W,7,,0.38,-23.58,M,0.0,M,0.0,0000*7A
$GPRMC,174233.00,A,3724.831365,N,12204.692053,W,000.0,000.0,050620,,,A*4B
$GPGGA,174234.00,3724.831432,N,12204.692071,W,7,,0.38,-23.81,M,0.0,M,0.0,0000*7C
$GPRMC,174234.00,A,3724.831432,N,12204.692071,W,000.0,000.0,050620,,,A*49
$GPGGA,174235.00,3724.831401,N,12204.691987,W,7,,0.38,-23.75,M,0.0,M,0.0,0000*75
$GPRMC,174235.00,A,3724.831401,N,12204.691987,W,000.3,176.0,050620,,,A*48
$GPGGA,174236.00,3724.831401,N,12204.691927,W,7,,0.38,-23.71,M,0.0,M,0.0,0000*78
$GPRMC,174236.00,A,3724.831401,N,12204.691927,W,000.3,176.4,050620,,,A*45
$GPGGA,174237.00,3724.831407,N,12204.692018,W,7,,0.38,-23.73,M,0.0,M,0.0,0000*7B
$GPRMC,174237.00,A,3724.831407,N,12204.692018,W,000.0,000.0,050620,,,A*43
$GPGGA,174238.00,3724.831407,N,12204.692018,W,7,,0.38,-23.73,M,0.0,M,0.0,0000*74
$GPRMC,174238.00,A,3724.831407,N,12204.692018,W,000.0,000.0,050620,,,A*4C
$GPGGA,174239.00,3724.831407,N,12204.692018,W,7,,0.38,-23.73,M,0.0,M,0.0,0000*75
$GPRMC,174239.00,A,3724.831407,N,12204.692018,W,000.0,000.0,050620,,,A*4D
$GPGGA,174240.00,3724.831407,N,12204.692018,W,7,,0.38,-23.73,M,0.0,M,0.0,0000*7B
$GPRMC,174240.00,A,3724.831407,N,12204.692018,W,000.0,000.0,050620,,,A*43
$GPGGA,174241.00,3724.831407,N,12204.692018,W,7,,0.38,-23.73,M,0.0,M,0.0,0000*7A
$GPRMC,174241.00,A,3724.831407,N,12204.692018,W,000.0,000.0,050620,,,A*42
$GPGGA,174242.00,3724.831407,N,12204.692018,W,7,,0.38,-23.73,M,0.0,M,0.0,0000*79
$GPRMC,174242.00,A,3724.831407,N,12204.692018,W,000.0,000.0,050620,,,A*41
$GPGGA,174243.00,3724.831407,N,12204.692018,W,7,,0.38,-23.73,M,0.0,M,0.0,0000*78
$GPRMC,174243.00,A,3724.831407,N,12204.692018,W,000.0,000.0,050620,,,A*40
$GPGGA,174244.00,3724.831407,N,12204.692018,W,7,,0.38,-23.73,M,0.0,M,0.0,0000*7F
$GPRMC,174244.00,A,3724.831407,N,12204.692018,W,000.0,000.0,050620,,,A*47
$GPGGA,174245.00,3724.831407,N,12204.692018,W,7,,0.38,-23.73,M,0.0,M,0.0,0000*7E
$GPRMC,174245.00,A,3724.831407,N,12204.692018,W,000.0,000.0,050620,,,A*46
$GPGGA,174246.00,3724.831407,N,12204.692018,W,7,,0.38,-23.73,M,0.0,M,0.0,0000*7D
$GPRMC,174246.00,A,3724.831407,N,12204.692018,W,000.0,000.0,050620,,,A*45
$GPGGA,174247.00,3724.831407,N,12204.692018,W,7,,0.38,-23.73,M,0.0,M,0.0,0000*7C
$GPRMC,174247.00,A,3724.831407,N,12204.692018,W,000.0,000.0,050620,,,A*44
$GPGGA,174248.00,3724.831407,N,12204.692018,W,7,,0.38,-23.73,M,0.0,M,0.0,0000*73
$GPRMC,174248.00,A,3724.831407,N,12204.692018,W,000.0,000.0,050620,,,A*4B
$GPGGA,174249.00,3724.831407,N,12204.692024,W,7,,0.38,-23.73,M,0.0,M,0.0,0000*7D
$GPRMC,174249.00,A,3724.831407,N,12204.692024,W,000.0,000.0,050620,,,A*45
$GPGGA,174250.00,3724.831360,N,12204.691897,W,7,,0.38,-23.63,M,0.0,M,0.0,0000*71
$GPRMC,174250.00,A,3724.831360,N,12204.691897,W,000.0,000.0,050620,,,A*48
$GPGGA,174251.00,3724.831318,N,12204.691880,W,7,,0.38,-23.62,M,0.0,M,0.0,0000*78
$GPRMC,174251.00,A,3724.831318,N,12204.691880,W,000.0,000.0,050620,,,A*40
$GPGGA,174252.00,3724.831318,N,12204.691880,W,7,,0.38,-23.62,M,0.0,M,0.0,0000*7B
$GPRMC,174252.00,A,3724.831318,N,12204.691880,W,000.0,000.0,050620,,,A*43
$GPGGA,174253.00,3724.831053,N,12204.691862,W,7,,0.38,-23.65,M,0.0,M,0.0,0000*7D
$GPRMC,174253.00,A,3724.831053,N,12204.691862,W,001.9,179.9,050620,,,A*4C
$GPGGA,174254.00,3724.829974,N,12204.691897,W,7,,0.38,-23.59,M,0.0,M,0.0,0000*7A
$GPRMC,174254.00,A,3724.829974,N,12204.691897,W,005.5,180.1,050620,,,A*42
$GPGGA,174255.00,3724.827765,N,12204.691850,W,7,,0.38,-23.46,M,0.0,M,0.0,0000*7E
$GPRMC,174255.00,A,3724.827765,N,12204.691850,W,009.3,179.7,050620,,,A*42
$GPGGA,174256.00,3724.824807,N,12204.691802,W,7,,0.38,-23.41,M,0.0,M,0.0,0000*75
$GPRMC,174256.00,A,3724.824807,N,12204.691802,W,012.1,179.2,050620,,,A*43
$GPGGA,174257.00,3724.820757,N,12204.691765,W,7,,0.38,-23.05,M,0.0,M,0.0,0000*74
$GPRMC,174257.00,A,3724.820757,N,12204.691765,W,015.1,179.5,050620,,,A*42
$GPGGA,174258.00,3724.816186,N,12204.691730,W,7,,0.38,-22.70,M,0.0,M,0.0,0000*77
$GPRMC,174258.00,A,3724.816186,N,12204.691730,W,017.9,180.5,050620,,,A*4E
$GPGGA,174259.00,3724.810702,N,12204.691771,W,7,,0.38,-22.38,M,0.0,M,0.0,0000*73
$GPRMC,174259.00,A,3724.810702,N,12204.691771,W,020.6,181.0,050620,,,A*49
$GPGGA,174300.00,3724.804407,N,12204.691892,W,7,,0.38,-21.76,M,0.0,M,0.0,0000*76
$GPRMC,174300.00,A,3724.804407,N,12204.691892,W,022.8,181.3,050620,,,A*4A
$GPGGA,174301.00,3724.797729,N,12204.692036,W,7,,0.38,-21.14,M,0.0,M,0.0,0000*7C
$GPRMC,174301.00,A,3724.797729,N,12204.692036,W,024.5,181.2,050620,,,A*4E
$GPGGA,174302.00,3724.790788,N,12204.692120,W,7,,0.38,-20.32,M,0.0,M,0.0,0000*70
$GPRMC,174302.00,A,3724.790788,N,12204.692120,W,026.2,181.2,050620,,,A*42
$GPGGA,174303.00,3724.783293,N,12204.692234,W,7,,0.38,-19.47,M,0.0,M,0.0,0000*72
$GPRMC,174303.00,A,3724.783293,N,12204.692234,W,027.5,181.1,050620,,,A*4D
$GPGGA,174304.00,3724.775536,N,12204.692336,W,7,,0.38,-18.34,M,0.0,M,0.0,0000*72
$GPRMC,174304.00,A,3724.775536,N,12204.692336,W,028.5,180.7,050620,,,A*40
$GPGGA,174305.00,3724.767142,N,12204.692359,W,7,,0.38,-17.28,M,0.0,M,0.0,0000*7C
$GPRMC,174305.00,A,3724.767142,N,12204.692359,W,029.7,180.1,050620,,,A*49
$GPGGA,174306.00,3724.758957,N,12204.692269,W,7,,0.38,-16.13,M,0.0,M,0.0,0000*74
$GPRMC,174306.00,A,3724.758957,N,12204.692269,W,030.5,179.6,050620,,,A*43
$GPGGA,174307.00,3724.750341,N,12204.692125,W,7,,0.38,-15.12,M,0.0,M,0.0,0000*79
$GPRMC,174307.00,A,3724.750341,N,12204.692125,W,031.2,179.3,050620,,,A*4F
$GPGGA,174308.00,3724.741576,N,12204.691976,W,7,,0.38,-14.45,M,0.0,M,0.0,0000*7A
$GPRMC,174308.00,A,3724.741576,N,12204.691976,W,030.5,179.3,050620,,,A*49
$GPGGA,174309.00,3724.733241,N,12204.692011,W,7,,0.38,-13.80,M,0.0,M,0.0,0000*78
$GPRMC,174309.00,A,3724.733241,N,12204.692011,W,029.5,181.0,050620,,,A*49
$GPGGA,174310.00,3724.725514,N,12204.692101,W,7,,0.38,-13.26,M,0.0,M,0.0,0000*7C
$GPRMC,174310.00,A,3724.725514,N,12204.692101,W,028.2,181.3,050620,,,A*44
$GPGGA,174311.00,3724.717792,N,12204.692245,W,7,,0.38,-12.88,M,0.0,M,0.0,0000*76
$GPRMC,174311.00,A,3724.717792,N,12204.692245,W,027.5,181.3,050620,,,A*43
$GPGGA,174312.00,3724.710213,N,12204.692341,W,7,,0.38,-12.59,M,0.0,M,0.0,0000*77
$GPRMC,174312.00,A,3724.710213,N,12204.692341,W,026.9,181.3,050620,,,A*43
$GPGGA,174313.00,3724.702540,N,12204.692378,W,7,,0.38,-12.55,M,0.0,M,0.0,0000*72
$GPRMC,174313.00,A,3724.702540,N,12204.692378,W,026.6,181.2,050620,,,A*44
$GPGGA,174314.00,3724.695430,N,12204.692450,W,7,,0.38,-12.70,M,0.0,M,0.0,0000*76
$GPRMC,174314.00,A,3724.695430,N,12204.692450,W,026.0,181.2,050620,,,A*41
$GPGGA,174315.00,3724.688464,N,12204.692582,W,7,,0.38,-12.92,M,0.0,M,0.0,0000*78
$GPRMC,174315.00,A,3724.688464,N,12204.692582,W,024.7,181.8,050620,,,A*4C
$GPGGA,174316.00,3724.681581,N,12204.693175,W,7,,0.38,-13.15,M,0.0,M,0.0,0000*7B
$GPRMC,174316.00,A,3724.681581,N,12204.693175,W,023.5,185.9,050620,,,A*41
$GPGGA,174317.00,3724.675612,N,12204.694141,W,7,,0.38,-13.50,M,0.0,M,0.0,0000*79
$GPRMC,174317.00,A,3724.675612,N,12204.694141,W,021.8,189.5,050620,,,A*4D
$GPGGA,174318.00,3724.670007,N,12204.695989,W,7,,0.38,-14.10,M,0.0,M,0.0,0000*7F
$GPRMC,174318.00,A,3724.670007,N,12204.695989,W,020.4,197.8,050620,,,A*47
$GPGGA,174319.00,3724.665004,N,12204.698930,W,7,,0.38,-14.69,M,0.0,M,0.0,0000*78
$GPRMC,174319.00,A,3724.665004,N,12204.698930,W,019.3,209.4,050620,,,A*4B
$GPGGA,174320.00,3724.660887,N,12204.702980,W,7,,0.38,-15.42,M,0.0,M,0.0,0000*75
$GPRMC,174320.00,A,3724.660887,N,12204.702980,W,018.7,223.3,050620,,,A*44
$GPGGA,174321.00,3724.657791,N,12204.708355,W,7,,0.38,-16.26,M,0.0,M,0.0,0000*71
$GPRMC,174321.00,A,3724.657791,N,12204.708355,W,018.3,240.0,050620,,,A*43
$GPGGA,174322.00,3724.656244,N,12204.714470,W,7,,0.38,-17.12,M,0.0,M,0.0,0000*75
$GPRMC,174322.00,A,3724.656244,N,12204.714470,W,019.4,257.9,050620,,,A*48
$GPGGA,174323.00,3724.656316,N,12204.721369,W,7,,0.38,-18.18,M,0.0,M,0.0,0000*7E
$GPRMC,174323.00,A,3724.656316,N,12204.721369,W,020.7,276.9,050620,,,A*4C
$GPGGA,174324.00,3724.658085,N,12204.728725,W,7,,0.38,-19.00,M,0.0,M,0.0,0000*73
$GPRMC,174324.00,A,3724.658085,N,12204.728725,W,021.8,292.7,050620,,,A*43
$GPGGA,174325.00,3724.661170,N,12204.734966,W,7,,0.38,-19.58,M,0.0,M,0.0,0000*7A
$GPRMC,174325.00,A,3724.661170,N,12204.734966,W,021.9,307.6,050620,,,A*4A
$GPGGA,174326.00,3724.665544,N,12204.740366,W,7,,0.38,-20.14,M,0.0,M,0.0,0000*75
$GPRMC,174326.00,A,3724.665544,N,12204.740366,W,022.1,321.0,050620,,,A*4E
$GPGGA,174327.00,3724.670878,N,12204.744133,W,7,,0.38,-20.42,M,0.0,M,0.0,0000*77
$GPRMC,174327.00,A,3724.670878,N,12204.744133,W,022.1,335.9,050620,,,A*43
$GPGGA,174328.00,3724.676829,N,12204.746173,W,7,,0.38,-20.86,M,0.0,M,0.0,0000*74
$GPRMC,174328.00,A,3724.676829,N,12204.746173,W,022.2,350.4,050620,,,A*45
$GPGGA,174329.00,3724.683003,N,12204.746378,W,7,,0.38,-21.11,M,0.0,M,0.0,0000*79
$GPRMC,174329.00,A,3724.683003,N,12204.746378,W,022.3,003.9,050620,,,A*4E
$GPGGA,174330.00,3724.689051,N,12204.744679,W,7,,0.38,-21.51,M,0.0,M,0.0,0000*7E
$GPRMC,174330.00,A,3724.689051,N,12204.744679,W,022.4,018.4,050620,,,A*4D
$GPGGA,174331.00,3724.694440,N,12204.740929,W,7,,0.38,-21.46,M,0.0,M,0.0,0000*7F
$GPRMC,174331.00,A,3724.694440,N,12204.740929,W,022.5,034.3,050620,,,A*42
$GPGGA,174332.00,3724.698886,N,12204.735134,W,7,,0.38,-21.60,M,0.0,M,0.0,0000*74
$GPRMC,174332.00,A,3724.698886,N,12204.735134,W,022.6,051.7,050620,,,A*49
$GPGGA,174333.00,3724.701658,N,12204.728395,W,7,,0.38,-21.55,M,0.0,M,0.0,0000*7A
$GPRMC,174333.00,A,3724.701658,N,12204.728395,W,022.7,069.2,050620,,,A*4E
$GPGGA,174334.00,3724.702828,N,12204.720440,W,7,,0.38,-21.70,M,0.0,M,0.0,0000*77
$GPRMC,174334.00,A,3724.702828,N,12204.720440,W,023.6,086.5,050620,,,A*42
$GPGGA,174335.00,3724.702263,N,12204.711949,W,7,,0.38,-21.97,M,0.0,M,0.0,0000*7C
$GPRMC,174335.00,A,3724.702263,N,12204.711949,W,025.0,100.9,050620,,,A*43
$GPGGA,174336.00,3724.700085,N,12204.703315,W,7,,0.38,-21.98,M,0.0,M,0.0,0000*78
$GPRMC,174336.00,A,3724.700085,N,12204.703315,W,026.5,112.3,050620,,,A*47
$GPGGA,174337.00,3724.696930,N,12204.694478,W,7,,0.38,-22.11,M,0.0,M,0.0,0000*71
$GPRMC,174337.00,A,3724.696930,N,12204.694478,W,028.6,116.7,050620,,,A*41
$GPGGA,174338.00,3724.693221,N,12204.685219,W,7,,0.39,-22.15,M,0.0,M,0.0,0000*74
$GPRMC,174338.00,A,3724.693221,N,12204.685219,W,030.8,117.6,050620,,,A*46
$GPGGA,174339.00,3724.689099,N,12204.675404,W,7,,0.39,-22.25,M,0.0,M,0.0,0000*79
$GPRMC,174339.00,A,3724.689099,N,12204.675404,W,033.0,118.3,050620,,,A*49
$GPGGA,174340.00,3724.684474,N,12204.664574,W,7,,0.38,-22.31,M,0.0,M,0.0,0000*7F
$GPRMC,174340.00,A,3724.684474,N,12204.664574,W,035.2,118.3,050620,,,A*4F
$GPGGA,174341.00,3724.680309,N,12204.654308,W,7,,0.38,-21.44,M,0.0,M,0.0,0000*78
$GPRMC,174341.00,A,3724.680309,N,12204.654308,W,036.1,118.1,050620,,,A*4B
$GPGGA,174342.00,3724.675923,N,12204.643724,W,7,,0.38,-21.29,M,0.0,M,0.0,0000*74
$GPRMC,174342.00,A,3724.675923,N,12204.643724,W,037.3,118.1,050620,,,A*4F
$GPGGA,174343.00,3724.671177,N,12204.632293,W,7,,0.38,-21.36,M,0.0,M,0.0,0000*79
$GPRMC,174343.00,A,3724.671177,N,12204.632293,W,038.5,118.2,050620,,,A*46
$GPGGA,174344.00,3724.666090,N,12204.620305,W,7,,0.38,-21.25,M,0.0,M,0.0,0000*7F
$GPRMC,174344.00,A,3724.666090,N,12204.620305,W,039.7,118.3,050620,,,A*40
$GPGGA,174345.00,3724.660707,N,12204.607358,W,7,,0.38,-21.24,M,0.0,M,0.0,0000*7D
$GPRMC,174345.00,A,3724.660707,N,12204.607358,W,041.1,117.8,050620,,,A*4E
$GPGGA,174346.00,3724.655571,N,12204.594793,W,7,,0.38,-21.07,M,0.0,M,0.0,0000*70
$GPRMC,174346.00,A,3724.655571,N,12204.594793,W,042.3,117.2,050620,,,A*49
$GPGGA,174347.00,3724.650190,N,12204.581437,W,7,,0.38,-21.13,M,0.0,M,0.0,0000*73
$GPRMC,174347.00,A,3724.650190,N,12204.581437,W,043.5,117.2,050620,,,A*48
$GPGGA,174348.00,3724.644447,N,12204.567367,W,7,,0.38,-21.57,M,0.0,M,0.0,0000*7C
$GPRMC,174348.00,A,3724.644447,N,12204.567367,W,044.7,117.0,050620,,,A*40
$GPGGA,174349.00,3724.638795,N,12204.553291,W,7,,0.38,-21.71,M,0.0,M,0.0,0000*71
$GPRMC,174349.00,A,3724.638795,N,12204.553291,W,045.9,116.8,050620,,,A*4F
$GPGGA,174350.00,3724.633089,N,12204.538909,W,7,,0.38,-21.75,M,0.0,M,0.0,0000*7B
$GPRMC,174350.00,A,3724.633089,N,12204.538909,W,046.9,116.5,050620,,,A*4F
$GPGGA,174351.00,3724.627413,N,12204.524521,W,7,,0.38,-21.64,M,0.0,M,0.0,0000*73
$GPRMC,174351.00,A,3724.627413,N,12204.524521,W,047.8,116.4,050620,,,A*46
$GPGGA,174352.00,3724.621360,N,12204.509311,W,7,,0.38,-21.58,M,0.0,M,0.0,0000*70
$GPRMC,174352.00,A,3724.621360,N,12204.509311,W,049.0,116.9,050620,,,A*41
$GPGGA,174353.00,3724.614921,N,12204.493652,W,7,,0.38,-21.59,M,0.0,M,0.0,0000*79
$GPRMC,174353.00,A,3724.614921,N,12204.493652,W,049.5,117.6,050620,,,A*42
$GPGGA,174354.00,3724.608490,N,12204.478363,W,7,,0.38,-21.49,M,0.0,M,0.0,0000*77
$GPRMC,174354.00,A,3724.608490,N,12204.478363,W,049.5,118.2,050620,,,A*46
$GPGGA,174355.00,3724.602136,N,12204.463639,W,7,,0.38,-21.47,M,0.0,M,0.0,0000*7B
$GPRMC,174355.00,A,3724.602136,N,12204.463639,W,049.5,118.9,050620,,,A*4F
$GPGGA,174356.00,3724.595176,N,12204.447938,W,7,,0.38,-21.22,M,0.0,M,0.0,0000*7A
$GPRMC,174356.00,A,3724.595176,N,12204.447938,W,049.7,119.3,050620,,,A*44
$GPGGA,174357.00,3724.588509,N,12204.432812,W,7,,0.38,-20.97,M,0.0,M,0.0,0000*7F
$GPRMC,174357.00,A,3724.588509,N,12204.432812,W,049.9,119.1,050620,,,A*42
$GPGGA,174358.00,3724.581742,N,12204.417488,W,7,,0.38,-20.89,M,0.0,M,0.0,0000*73
$GPRMC,174358.00,A,3724.581742,N,12204.417488,W,050.1,119.0,050620,,,A*40
$GPGGA,174359.00,3724.575214,N,12204.402613,W,7,,0.38,-20.73,M,0.0,M,0.0,0000*7E
$GPRMC,174359.00,A,3724.575214,N,12204.402613,W,050.1,119.1,050620,,,A*49
$GPGGA,174400.00,3724.568481,N,12204.387475,W,7,,0.39,-20.31,M,0.0,M,0.0,0000*7C
$GPRMC,174400.00,A,3724.568481,N,12204.387475,W,050.1,119.6,050620,,,A*4B
$GPGGA,174401.00,3724.561462,N,12204.371732,W,7,,0.38,-19.45,M,0.0,M,0.0,0000*78
$GPRMC,174401.00,A,3724.561462,N,12204.371732,W,049.9,119.4,050620,,,A*45
$GPGGA,174402.00,3724.554729,N,12204.356420,W,7,,0.38,-18.57,M,0.0,M,0.0,0000*76
$GPRMC,174402.00,A,3724.554729,N,12204.356420,W,049.8,118.9,050620,,,A*44
$GPGGA,174403.00,3724.548309,N,12204.341774,W,7,,0.38,-17.47,M,0.0,M,0.0,0000*76
$GPRMC,174403.00,A,3724.548309,N,12204.341774,W,049.3,119.1,050620,,,A*48
$GPGGA,174404.00,3724.541476,N,12204.326576,W,7,,0.38,-16.34,M,0.0,M,0.0,0000*73
$GPRMC,174404.00,A,3724.541476,N,12204.326576,W,048.5,119.8,050620,,,A*46
$GPGGA,174405.00,3724.534768,N,12204.312068,W,7,,0.38,-15.11,M,0.0,M,0.0,0000*75
$GPRMC,174405.00,A,3724.534768,N,12204.312068,W,047.5,120.4,050620,,,A*4D
$GPGGA,174406.00,3724.527934,N,12204.297919,W,7,,0.38,-13.95,M,0.0,M,0.0,0000*7A
$GPRMC,174406.00,A,3724.527934,N,12204.297919,W,046.8,122.0,050620,,,A*42
$GPGGA,174407.00,3724.520602,N,12204.284786,W,7,,0.38,-12.67,M,0.0,M,0.0,0000*70
$GPRMC,174407.00,A,3724.520602,N,12204.284786,W,045.9,126.3,050620,,,A*41
$GPGGA,174408.00,3724.512802,N,12204.272623,W,7,,0.38,-11.61,M,0.0,M,0.0,0000*72
$GPRMC,174408.00,A,3724.512802,N,12204.272623,W,045.6,130.7,050620,,,A*4A
$GPGGA,174409.00,3724.503837,N,12204.260714,W,7,,0.38,-10.72,M,0.0,M,0.0,0000*70
$GPRMC,174409.00,A,3724.503837,N,12204.260714,W,045.3,135.2,050620,,,A*4E
$GPGGA,174410.00,3724.494514,N,12204.250214,W,7,,0.38,-9.89,M,0.0,M,0.0,0000*41
$GPRMC,174410.00,A,3724.494514,N,12204.250214,W,044.9,139.6,050620,,,A*40
$GPGGA,174411.00,3724.484716,N,12204.240757,W,7,,0.38,-9.25,M,0.0,M,0.0,0000*44
$GPRMC,174411.00,A,3724.484716,N,12204.240757,W,044.5,144.0,050620,,,A*43
$GPGGA,174412.00,3724.474492,N,12204.232309,W,7,,0.38,-8.59,M,0.0,M,0.0,0000*47
$GPRMC,174412.00,A,3724.474492,N,12204.232309,W,043.9,148.1,050620,,,A*4C
$GPGGA,174413.00,3724.463937,N,12204.224864,W,7,,0.38,-8.24,M,0.0,M,0.0,0000*4F
$GPRMC,174413.00,A,3724.463937,N,12204.224864,W,043.4,151.9,050620,,,A*43
$GPGGA,174414.00,3724.453197,N,12204.218432,W,7,,0.38,-8.13,M,0.0,M,0.0,0000*4D
$GPRMC,174414.00,A,3724.453197,N,12204.218432,W,042.9,155.7,050620,,,A*43
$GPGGA,174415.00,3724.442487,N,12204.213097,W,7,,0.38,-7.95,M,0.0,M,0.0,0000*49
$GPRMC,174415.00,A,3724.442487,N,12204.213097,W,042.7,159.5,050620,,,A*46
$GPGGA,174416.00,3724.431148,N,12204.208520,W,7,,0.38,-11.05,M,0.0,M,0.0,0000*75
$GPRMC,174416.00,A,3724.431148,N,12204.208520,W,042.9,163.8,050620,,,A*4E
$GPGGA,174417.00,3724.419076,N,12204.204956,W,7,,0.38,-9.84,M,0.0,M,0.0,0000*43
$GPRMC,174417.00,A,3724.419076,N,12204.204956,W,043.2,168.4,050620,,,A*45
$GPGGA,174418.00,3724.407207,N,12204.202778,W,7,,0.38,-9.18,M,0.0,M,0.0,0000*46
$GPRMC,174418.00,A,3724.407207,N,12204.202778,W,043.6,173.5,050620,,,A*4A
$GPGGA,174419.00,3724.395364,N,12204.201872,W,7,,0.38,-8.79,M,0.0,M,0.0,0000*4F
$GPRMC,174419.00,A,3724.395364,N,12204.201872,W,044.2,178.1,050620,,,A*49
$GPGGA,174420.00,3724.382554,N,12204.201529,W,7,,0.38,-8.56,M,0.0,M,0.0,0000*48
$GPRMC,174420.00,A,3724.382554,N,12204.201529,W,044.9,179.5,050620,,,A*4D
$GPGGA,174421.00,3724.370050,N,12204.201391,W,7,,0.38,-8.66,M,0.0,M,0.0,0000*43
$GPRMC,174421.00,A,3724.370050,N,12204.201391,W,045.6,179.5,050620,,,A*4B
$GPGGA,174422.00,3724.357227,N,12204.201145,W,7,,0.38,-9.04,M,0.0,M,0.0,0000*49
$GPRMC,174422.00,A,3724.357227,N,12204.201145,W,046.4,178.9,050620,,,A*48
$GPGGA,174423.00,3724.344586,N,12204.200936,W,7,,0.38,-9.36,M,0.0,M,0.0,0000*4A
$GPRMC,174423.00,A,3724.344586,N,12204.200936,W,047.2,179.2,050620,,,A*47
$GPGGA,174424.00,3724.331296,N,12204.200755,W,7,,0.38,-9.66,M,0.0,M,0.0,0000*47
$GPRMC,174424.00,A,3724.331296,N,12204.200755,W,048.0,179.4,050620,,,A*44
$GPGGA,174425.00,3724.317423,N,12204.200545,W,7,,0.38,-10.03,M,0.0,M,0.0,0000*72
$GPRMC,174425.00,A,3724.317423,N,12204.200545,W,048.9,179.3,050620,,,A*44
$GPGGA,174426.00,3724.303690,N,12204.200239,W,7,,0.38,-10.38,M,0.0,M,0.0,0000*7A
$GPRMC,174426.00,A,3724.303690,N,12204.200239,W,049.7,178.8,050620,,,A*41
$GPGGA,174427.00,3724.290154,N,12204.200071,W,7,,0.38,-10.55,M,0.0,M,0.0,0000*7A
$GPRMC,174427.00,A,3724.290154,N,12204.200071,W,050.3,179.5,050620,,,A*4A
$GPGGA,174428.00,3724.275729,N,12204.200090,W,7,,0.38,-10.40,M,0.0,M,0.0,0000*79
$GPRMC,174428.00,A,3724.275729,N,12204.200090,W,050.8,180.2,050620,,,A*47
$GPGGA,174429.00,3724.261480,N,12204.200269,W,7,,0.38,-10.19,M,0.0,M,0.0,0000*75
$GPRMC,174429.00,A,3724.261480,N,12204.200269,W,051.2,180.8,050620,,,A*46
$GPGGA,174430.00,3724.247110,N,12204.200497,W,7,,0.38,-10.00,M,0.0,M,0.0,0000*7A
$GPRMC,174430.00,A,3724.247110,N,12204.200497,W,051.7,180.7,050620,,,A*4B
$GPGGA,174431.00,3724.233088,N,12204.200666,W,7,,0.38,-9.77,M,0.0,M,0.0,0000*4C
$GPRMC,174431.00,A,3724.233088,N,12204.200666,W,052.0,180.5,050620,,,A*43
$GPGGA,174432.00,3724.218711,N,12204.200762,W,7,,0.38,-9.63,M,0.0,M,0.0,0000*41
$GPRMC,174432.00,A,3724.218711,N,12204.200762,W,052.1,180.1,050620,,,A*4E
$GPGGA,174433.00,3724.203783,N,12204.200780,W,7,,0.38,-9.40,M,0.0,M,0.0,0000*4C
$GPRMC,174433.00,A,3724.203783,N,12204.200780,W,051.7,180.1,050620,,,A*47
$GPGGA,174434.00,3724.189401,N,12204.200966,W,7,,0.38,-9.29,M,0.0,M,0.0,0000*4A
$GPRMC,174434.00,A,3724.189401,N,12204.200966,W,051.6,180.7,050620,,,A*49
$GPGGA,174435.00,3724.175062,N,12204.201103,W,7,,0.38,-9.12,M,0.0,M,0.0,0000*4B
$GPRMC,174435.00,A,3724.175062,N,12204.201103,W,052.0,180.6,050620,,,A*44
$GPGGA,174436.00,3724.160523,N,12204.201314,W,7,,0.38,-8.93,M,0.0,M,0.0,0000*40
$GPRMC,174436.00,A,3724.160523,N,12204.201314,W,052.3,180.6,050620,,,A*44
$GPGGA,174437.00,3724.145866,N,12204.201535,W,7,,0.38,-8.84,M,0.0,M,0.0,0000*49
$GPRMC,174437.00,A,3724.145866,N,12204.201535,W,052.6,180.7,050620,,,A*4F
$GPGGA,174438.00,3724.131261,N,12204.201770,W,7,,0.38,-8.92,M,0.0,M,0.0,0000*4C
$GPRMC,174438.00,A,3724.131261,N,12204.201770,W,053.0,180.8,050620,,,A*45
$GPGGA,174439.00,3724.116280,N,12204.202051,W,7,,0.38,-9.48,M,0.0,M,0.0,0000*46
$GPRMC,174439.00,A,3724.116280,N,12204.202051,W,053.8,180.7,050620,,,A*4E
$GPGGA,174440.00,3724.101633,N,12204.202339,W,7,,0.38,-9.40,M,0.0,M,0.0,0000*47
$GPRMC,174440.00,A,3724.101633,N,12204.202339,W,054.4,180.9,050620,,,A*42
$GPGGA,174441.00,3724.085871,N,12204.202574,W,7,,0.38,-9.53,M,0.0,M,0.0,0000*4E
$GPRMC,174441.00,A,3724.085871,N,12204.202574,W,055.0,180.6,050620,,,A*43
$GPGGA,174442.00,3724.070536,N,12204.202693,W,7,,0.38,-9.76,M,0.0,M,0.0,0000*44
$GPRMC,174442.00,A,3724.070536,N,12204.202693,W,055.6,180.2,050620,,,A*4C
$GPGGA,174443.00,3724.054905,N,12204.202525,W,7,,0.38,-9.98,M,0.0,M,0.0,0000*41
$GPRMC,174443.00,A,3724.054905,N,12204.202525,W,056.3,179.0,050620,,,A*4B
$GPGGA,174444.00,3724.039156,N,12204.201823,W,7,,0.38,-10.32,M,0.0,M,0.0,0000*73
$GPRMC,174444.00,A,3724.039156,N,12204.201823,W,056.6,177.2,050620,,,A*48
$GPGGA,174445.00,3724.023622,N,12204.200348,W,7,,0.38,-10.79,M,0.0,M,0.0,0000*75
$GPRMC,174445.00,A,3724.023622,N,12204.200348,W,056.3,174.8,050620,,,A*4D
$GPGGA,174446.00,3724.008093,N,12204.198145,W,7,,0.38,-11.24,M,0.0,M,0.0,0000*77
$GPRMC,174446.00,A,3724.008093,N,12204.198145,W,056.0,172.7,050620,,,A*4C
$GPGGA,174447.00,3723.993171,N,12204.195320,W,7,,0.38,-11.44,M,0.0,M,0.0,0000*7D
$GPRMC,174447.00,A,3723.993171,N,12204.195320,W,055.9,170.6,050620,,,A*49
$GPGGA,174448.00,3723.977800,N,12204.191762,W,7,,0.38,-11.73,M,0.0,M,0.0,0000*75
$GPRMC,174448.00,A,3723.977800,N,12204.191762,W,056.0,168.9,050620,,,A*49
$GPGGA,174449.00,3723.962080,N,12204.187801,W,7,,0.38,-12.22,M,0.0,M,0.0,0000*7A
$GPRMC,174449.00,A,3723.962080,N,12204.187801,W,056.5,168.2,050620,,,A*4F
$GPGGA,174450.00,3723.946545,N,12204.183655,W,7,,0.38,-12.31,M,0.0,M,0.0,0000*71
$GPRMC,174450.00,A,3723.946545,N,12204.183655,W,057.0,167.9,050620,,,A*46
$GPGGA,174451.00,3723.931504,N,12204.179624,W,7,,0.38,-12.26,M,0.0,M,0.0,0000*70
$GPRMC,174451.00,A,3723.931504,N,12204.179624,W,057.1,167.9,050620,,,A*40
$GPGGA,174452.00,3723.915418,N,12204.175309,W,7,,0.38,-11.82,M,0.0,M,0.0,0000*72
$GPRMC,174452.00,A,3723.915418,N,12204.175309,W,057.1,167.9,050620,,,A*4F
$GPGGA,174453.00,3723.899830,N,12204.171043,W,7,,0.38,-11.36,M,0.0,M,0.0,0000*76
$GPRMC,174453.00,A,3723.899830,N,12204.171043,W,057.5,167.9,050620,,,A*40
$GPGGA,174454.00,3723.884080,N,12204.166765,W,7,,0.38,-10.74,M,0.0,M,0.0,0000*7C
$GPRMC,174454.00,A,3723.884080,N,12204.166765,W,057.5,167.9,050620,,,A*4D
$GPGGA,174455.00,3723.868923,N,12204.162685,W,7,,0.38,-10.44,M,0.0,M,0.0,0000*77
$GPRMC,174455.00,A,3723.868923,N,12204.162685,W,057.4,167.9,050620,,,A*44
$GPGGA,174456.00,3723.853491,N,12204.158552,W,7,,0.38,-10.18,M,0.0,M,0.0,0000*71
$GPRMC,174456.00,A,3723.853491,N,12204.158552,W,056.9,167.8,050620,,,A*46
$GPGGA,174457.00,3723.837562,N,12204.154190,W,7,,0.38,-9.76,M,0.0,M,0.0,0000*49
$GPRMC,174457.00,A,3723.837562,N,12204.154190,W,056.5,167.8,050620,,,A*42
$GPGGA,174458.00,3723.822100,N,12204.149971,W,7,,0.38,-9.32,M,0.0,M,0.0,0000*49
$GPRMC,174458.00,A,3723.822100,N,12204.149971,W,056.6,167.8,050620,,,A*41
$GPGGA,174459.00,3723.806829,N,12204.145849,W,7,,0.38,-8.90,M,0.0,M,0.0,0000*43
$GPRMC,174459.00,A,3723.806829,N,12204.145849,W,056.5,167.9,050620,,,A*40
$GPGGA,174500.00,3723.791422,N,12204.141685,W,7,,0.38,-8.63,M,0.0,M,0.0,0000*4E
$GPRMC,174500.00,A,3723.791422,N,12204.141685,W,056.5,167.8,050620,,,A*40
$GPGGA,174501.00,3723.776073,N,12204.137558,W,7,,0.38,-8.36,M,0.0,M,0.0,0000*44
$GPRMC,174501.00,A,3723.776073,N,12204.137558,W,056.4,167.8,050620,,,A*4B
$GPGGA,174502.00,3723.760671,N,12204.133490,W,7,,0.38,-8.06,M,0.0,M,0.0,0000*46
$GPRMC,174502.00,A,3723.760671,N,12204.133490,W,056.4,168.2,050620,,,A*4F
$GPGGA,174503.00,3723.745528,N,12204.129595,W,7,,0.38,-7.81,M,0.0,M,0.0,0000*40
$GPRMC,174503.00,A,3723.745528,N,12204.129595,W,055.7,168.6,050620,,,A*4D
$GPGGA,174504.00,3723.730972,N,12204.126008,W,7,,0.38,-7.56,M,0.0,M,0.0,0000*42
$GPRMC,174504.00,A,3723.730972,N,12204.126008,W,054.4,169.2,050620,,,A*42
$GPGGA,174505.00,3723.715587,N,12204.122636,W,7,,0.38,-7.52,M,0.0,M,0.0,0000*49
$GPRMC,174505.00,A,3723.715587,N,12204.122636,W,053.8,170.5,050620,,,A*49
$GPGGA,174506.00,3723.700893,N,12204.119839,W,7,,0.38,-6.88,M,0.0,M,0.0,0000*49
$GPRMC,174506.00,A,3723.700893,N,12204.119839,W,053.8,171.8,050620,,,A*43
$GPGGA,174507.00,3723.686043,N,12204.117385,W,7,,0.38,-6.01,M,0.0,M,0.0,0000*41
$GPRMC,174507.00,A,3723.686043,N,12204.117385,W,053.7,172.9,050620,,,A*47
$GPGGA,174508.00,3723.671193,N,12204.115315,W,7,,0.38,-4.86,M,0.0,M,0.0,0000*4C
$GPRMC,174508.00,A,3723.671193,N,12204.115315,W,053.3,174.2,050620,,,A*4E
$GPGGA,174509.00,3723.656373,N,12204.113588,W,7,,0.38,-3.88,M,0.0,M,0.0,0000*49
$GPRMC,174509.00,A,3723.656373,N,12204.113588,W,053.2,175.1,050620,,,A*41
$GPGGA,174510.00,3723.641770,N,12204.112226,W,7,,0.38,-2.80,M,0.0,M,0.0,0000*4B
$GPRMC,174510.00,A,3723.641770,N,12204.112226,W,052.9,176.3,050620,,,A*41
$GPGGA,174511.00,3723.627561,N,12204.111325,W,7,,0.38,-1.76,M,0.0,M,0.0,0000*43
$GPRMC,174511.00,A,3723.627561,N,12204.111325,W,052.7,177.7,050620,,,A*48
$GPGGA,174512.00,3723.612933,N,12204.110863,W,7,,0.38,-0.54,M,0.0,M,0.0,0000*44
$GPRMC,174512.00,A,3723.612933,N,12204.110863,W,052.4,179.3,050620,,,A*47
$GPGGA,174513.00,3723.598017,N,12204.110942,W,7,,0.38,0.50,M,0.0,M,0.0,0000*60
$GPRMC,174513.00,A,3723.598017,N,12204.110942,W,052.3,180.9,050620,,,A*41
$GPGGA,174514.00,3723.583426,N,12204.111493,W,7,,0.38,1.43,M,0.0,M,0.0,0000*68
$GPRMC,174514.00,A,3723.583426,N,12204.111493,W,052.3,182.2,050620,,,A*43
$GPGGA,174515.00,3723.569403,N,12204.112327,W,7,,0.38,2.23,M,0.0,M,0.0,0000*64
$GPRMC,174515.00,A,3723.569403,N,12204.112327,W,052.2,183.2,050620,,,A*4A
$GPGGA,174516.00,3723.554415,N,12204.113648,W,7,,0.38,2.89,M,0.0,M,0.0,0000*63
$GPRMC,174516.00,A,3723.554415,N,12204.113648,W,052.2,184.2,050620,,,A*4A
$GPGGA,174517.00,3723.540022,N,12204.114943,W,7,,0.38,3.60,M,0.0,M,0.0,0000*62
$GPRMC,174517.00,A,3723.540022,N,12204.114943,W,052.2,184.5,050620,,,A*4A
$GPGGA,174518.00,3723.525555,N,12204.116348,W,7,,0.38,4.16,M,0.0,M,0.0,0000*6E
$GPRMC,174518.00,A,3723.525555,N,12204.116348,W,052.2,184.7,050620,,,A*42
$GPGGA,174519.00,3723.511462,N,12204.117770,W,7,,0.38,4.62,M,0.0,M,0.0,0000*60
$GPRMC,174519.00,A,3723.511462,N,12204.117770,W,052.4,184.5,050620,,,A*4B
$GPGGA,174520.00,3723.496966,N,12204.119179,W,7,,0.38,4.90,M,0.0,M,0.0,0000*61
$GPRMC,174520.00,A,3723.496966,N,12204.119179,W,052.8,184.4,050620,,,A*4A
$GPGGA,174521.00,3723.481737,N,12204.120680,W,7,,0.38,5.07,M,0.0,M,0.0,0000*68
$GPRMC,174521.00,A,3723.481737,N,12204.120680,W,053.2,184.7,050620,,,A*44
$GPGGA,174522.00,3723.466942,N,12204.122125,W,7,,0.38,5.00,M,0.0,M,0.0,0000*63
$GPRMC,174522.00,A,3723.466942,N,12204.122125,W,053.1,184.4,050620,,,A*48
$GPGGA,174523.00,3723.452728,N,12204.123428,W,7,,0.38,4.87,M,0.0,M,0.0,0000*60
$GPRMC,174523.00,A,3723.452728,N,12204.123428,W,052.6,183.8,050620,,,A*48
$GPGGA,174524.00,3723.437836,N,12204.124802,W,7,,0.38,4.62,M,0.0,M,0.0,0000*6C
$GPRMC,174524.00,A,3723.437836,N,12204.124802,W,052.2,184.3,050620,,,A*47
$GPGGA,174525.00,3723.423274,N,12204.126314,W,7,,0.38,4.32,M,0.0,M,0.0,0000*6F
$GPRMC,174525.00,A,3723.423274,N,12204.126314,W,052.5,184.7,050620,,,A*42
$GPGGA,174526.00,3723.408508,N,12204.127867,W,7,,0.38,4.08,M,0.0,M,0.0,0000*6E
$GPRMC,174526.00,A,3723.408508,N,12204.127867,W,053.3,184.8,050620,,,A*42
$GPGGA,174527.00,3723.393772,N,12204.129409,W,7,,0.38,3.74,M,0.0,M,0.0,0000*63
$GPRMC,174527.00,A,3723.393772,N,12204.129409,W,053.8,184.5,050620,,,A*45
$GPGGA,174528.00,3723.379180,N,12204.130790,W,7,,0.38,3.20,M,0.0,M,0.0,0000*69
$GPRMC,174528.00,A,3723.379180,N,12204.130790,W,054.4,184.1,050620,,,A*41
$GPGGA,174529.00,3723.363477,N,12204.132218,W,7,,0.38,2.72,M,0.0,M,0.0,0000*6F
$GPRMC,174529.00,A,3723.363477,N,12204.132218,W,054.8,183.8,050620,,,A*43
$GPGGA,174530.00,3723.348141,N,12204.133387,W,7,,0.38,2.15,M,0.0,M,0.0,0000*69
$GPRMC,174530.00,A,3723.348141,N,12204.133387,W,055.3,183.3,050620,,,A*45
$GPGGA,174531.00,3723.332986,N,12204.134252,W,7,,0.38,1.48,M,0.0,M,0.0,0000*63
$GPRMC,174531.00,A,3723.332986,N,12204.134252,W,054.7,182.2,050620,,,A*41
$GPGGA,174532.00,3723.317985,N,12204.134726,W,7,,0.38,0.95,M,0.0,M,0.0,0000*63
$GPRMC,174532.00,A,3723.317985,N,12204.134726,W,053.2,181.1,050620,,,A*42
$GPGGA,174533.00,3723.303412,N,12204.134677,W,7,,0.38,0.67,M,0.0,M,0.0,0000*6C
$GPRMC,174533.00,A,3723.303412,N,12204.134677,W,051.8,179.9,050620,,,A*47
$GPGGA,174534.00,3723.289240,N,12204.134198,W,7,,0.38,0.43,M,0.0,M,0.0,0000*69
$GPRMC,174534.00,A,3723.289240,N,12204.134198,W,050.9,178.6,050620,,,A*4A
$GPGGA,174535.00,3723.275602,N,12204.133352,W,7,,0.38,0.36,M,0.0,M,0.0,0000*68
$GPRMC,174535.00,A,3723.275602,N,12204.133352,W,050.4,177.0,050620,,,A*4D
$GPGGA,174536.00,3723.261568,N,12204.131924,W,7,,0.38,0.09,M,0.0,M,0.0,0000*64
$GPRMC,174536.00,A,3723.261568,N,12204.131924,W,050.9,175.8,050620,,,A*4A
$GPGGA,174537.00,3723.246970,N,12204.130322,W,7,,0.38,0.15,M,0.0,M,0.0,0000*65
$GPRMC,174537.00,A,3723.246970,N,12204.130322,W,051.6,175.1,050620,,,A*41
$GPGGA,174538.00,3723.232569,N,12204.128684,W,7,,0.38,0.45,M,0.0,M,0.0,0000*68
$GPRMC,174538.00,A,3723.232569,N,12204.128684,W,051.9,174.9,050620,,,A*4F
$GPGGA,174539.00,3723.218565,N,12204.127123,W,7,,0.38,0.91,M,0.0,M,0.0,0000*61
$GPRMC,174539.00,A,3723.218565,N,12204.127123,W,052.1,175.1,050620,,,A*4D
$GPGGA,174540.00,3723.203613,N,12204.125522,W,7,,0.38,1.60,M,0.0,M,0.0,0000*6F
$GPRMC,174540.00,A,3723.203613,N,12204.125522,W,052.2,175.3,050620,,,A*4D
$GPGGA,174541.00,3723.189165,N,12204.124075,W,7,,0.38,2.14,M,0.0,M,0.0,0000*6F
$GPRMC,174541.00,A,3723.189165,N,12204.124075,W,052.6,175.4,050620,,,A*4E
$GPGGA,174542.00,3723.174423,N,12204.122594,W,7,,0.38,2.68,M,0.0,M,0.0,0000*6E
$GPRMC,174542.00,A,3723.174423,N,12204.122594,W,053.2,175.3,050620,,,A*46
$GPGGA,174543.00,3723.160024,N,12204.121028,W,7,,0.38,3.35,M,0.0,M,0.0,0000*61
$GPRMC,174543.00,A,3723.160024,N,12204.121028,W,053.7,174.9,050620,,,A*4E
$GPGGA,174544.00,3723.145155,N,12204.119395,W,7,,0.38,4.04,M,0.0,M,0.0,0000*6D
$GPRMC,174544.00,A,3723.145155,N,12204.119395,W,054.1,174.9,050620,,,A*46
$GPGGA,174545.00,3723.129532,N,12204.117692,W,7,,0.38,4.71,M,0.0,M,0.0,0000*6D
$GPRMC,174545.00,A,3723.129532,N,12204.117692,W,054.6,175.0,050620,,,A*4B
$GPGGA,174546.00,3723.114280,N,12204.115946,W,7,,0.38,5.30,M,0.0,M,0.0,0000*6E
$GPRMC,174546.00,A,3723.114280,N,12204.115946,W,055.0,174.7,050620,,,A*4D
$GPGGA,174547.00,3723.099489,N,12204.114278,W,7,,0.38,5.83,M,0.0,M,0.0,0000*6B
$GPRMC,174547.00,A,3723.099489,N,12204.114278,W,054.9,174.7,050620,,,A*48
$GPGGA,174548.00,3723.083932,N,12204.112454,W,7,,0.38,3.30,M,0.0,M,0.0,0000*62
$GPRMC,174548.00,A,3723.083932,N,12204.112454,W,054.7,174.6,050620,,,A*40
$GPGGA,174549.00,3723.068788,N,12204.110695,W,7,,0.38,4.98,M,0.0,M,0.0,0000*61
$GPRMC,174549.00,A,3723.068788,N,12204.110695,W,054.4,174.5,050620,,,A*46
$GPGGA,174550.00,3723.053716,N,12204.108908,W,7,,0.38,6.02,M,0.0,M,0.0,0000*65
$GPRMC,174550.00,A,3723.053716,N,12204.108908,W,054.2,174.6,050620,,,A*46
$GPGGA,174551.00,3723.038823,N,12204.107240,W,7,,0.38,6.46,M,0.0,M,0.0,0000*68
$GPRMC,174551.00,A,3723.038823,N,12204.107240,W,054.1,174.9,050620,,,A*47
$GPGGA,174552.00,3723.024364,N,12204.105674,W,7,,0.38,7.11,M,0.0,M,0.0,0000*6C
$GPRMC,174552.00,A,3723.024364,N,12204.105674,W,053.5,175.1,050620,,,A*4A
$GPGGA,174553.00,3723.009117,N,12204.103994,W,7,,0.38,7.29,M,0.0,M,0.0,0000*68
$GPRMC,174553.00,A,3723.009117,N,12204.103994,W,052.9,174.7,050620,,,A*4F
$GPGGA,174554.00,3722.994381,N,12204.102289,W,7,,0.38,7.36,M,0.0,M,0.0,0000*66
$GPRMC,174554.00,A,3722.994381,N,12204.102289,W,053.1,174.5,050620,,,A*44
$GPGGA,174555.00,3722.979736,N,12204.100532,W,7,,0.38,7.44,M,0.0,M,0.0,0000*6C
$GPRMC,174555.00,A,3722.979736,N,12204.100532,W,053.4,174.6,050620,,,A*4D
$GPGGA,174556.00,3722.964807,N,12204.098852,W,7,,0.38,7.45,M,0.0,M,0.0,0000*64
$GPRMC,174556.00,A,3722.964807,N,12204.098852,W,053.8,174.9,050620,,,A*47
$GPGGA,174557.00,3722.949807,N,12204.097184,W,7,,0.38,7.53,M,0.0,M,0.0,0000*60
$GPRMC,174557.00,A,3722.949807,N,12204.097184,W,054.1,174.8,050620,,,A*4B
$GPGGA,174558.00,3722.934826,N,12204.095467,W,7,,0.38,7.38,M,0.0,M,0.0,0000*61
$GPRMC,174558.00,A,3722.934826,N,12204.095467,W,054.6,174.8,050620,,,A*40
$GPGGA,174559.00,3722.920102,N,12204.093805,W,7,,0.38,7.47,M,0.0,M,0.0,0000*6C
$GPRMC,174559.00,A,3722.920102,N,12204.093805,W,054.8,174.8,050620,,,A*4B
$GPGGA,174600.00,3722.904825,N,12204.092119,W,7,,0.38,7.54,M,0.0,M,0.0,0000*6E
$GPRMC,174600.00,A,3722.904825,N,12204.092119,W,055.0,174.9,050620,,,A*43
$GPGGA,174601.00,3722.889004,N,12204.090445,W,7,,0.38,7.40,M,0.0,M,0.0,0000*6B
$GPRMC,174601.00,A,3722.889004,N,12204.090445,W,055.2,174.9,050620,,,A*41
$GPGGA,174602.00,3722.873764,N,12204.088849,W,7,,0.38,7.25,M,0.0,M,0.0,0000*66
$GPRMC,174602.00,A,3722.873764,N,12204.088849,W,055.5,175.1,050620,,,A*41
$GPGGA,174603.00,3722.858848,N,12204.087223,W,7,,0.38,6.97,M,0.0,M,0.0,0000*6E
$GPRMC,174603.00,A,3722.858848,N,12204.087223,W,055.3,174.8,050620,,,A*4F
$GPGGA,174604.00,3722.843116,N,12204.085466,W,7,,0.38,6.63,M,0.0,M,0.0,0000*6F
$GPRMC,174604.00,A,3722.843116,N,12204.085466,W,054.9,174.4,050620,,,A*42
$GPGGA,174605.00,3722.827972,N,12204.083719,W,7,,0.38,6.51,M,0.0,M,0.0,0000*6A
$GPRMC,174605.00,A,3722.827972,N,12204.083719,W,055.0,174.7,050620,,,A*4D
$GPGGA,174606.00,3722.812629,N,12204.082106,W,7,,0.38,6.25,M,0.0,M,0.0,0000*64
$GPRMC,174606.00,A,3722.812629,N,12204.082106,W,055.2,175.2,050620,,,A*46
$GPGGA,174607.00,3722.797779,N,12204.080605,W,7,,0.38,6.03,M,0.0,M,0.0,0000*61
$GPRMC,174607.00,A,3722.797779,N,12204.080605,W,055.0,175.2,050620,,,A*45
$GPGGA,174608.00,3722.782732,N,12204.079051,W,7,,0.38,5.86,M,0.0,M,0.0,0000*6A
$GPRMC,174608.00,A,3722.782732,N,12204.079051,W,054.4,175.2,050620,,,A*45
$GPGGA,174609.00,3722.767107,N,12204.077408,W,7,,0.38,5.73,M,0.0,M,0.0,0000*6C
$GPRMC,174609.00,A,3722.767107,N,12204.077408,W,054.0,175.2,050620,,,A*4D
$GPGGA,174610.00,3722.752204,N,12204.075758,W,7,,0.38,5.71,M,0.0,M,0.0,0000*64
$GPRMC,174610.00,A,3722.752204,N,12204.075758,W,053.4,175.0,050620,,,A*46
$GPGGA,174611.00,3722.737965,N,12204.074180,W,7,,0.38,5.07,M,0.0,M,0.0,0000*69
$GPRMC,174611.00,A,3722.737965,N,12204.074180,W,052.6,174.8,050620,,,A*40
$GPGGA,174612.00,3722.723170,N,12204.072475,W,7,,0.38,5.17,M,0.0,M,0.0,0000*6B
$GPRMC,174612.00,A,3722.723170,N,12204.072475,W,051.8,174.8,050620,,,A*4E
$GPGGA,174613.00,3722.708908,N,12204.071018,W,7,,0.38,5.13,M,0.0,M,0.0,0000*6C
$GPRMC,174613.00,A,3722.708908,N,12204.071018,W,051.3,175.5,050620,,,A*4A
$GPGGA,174614.00,3722.694537,N,12204.069866,W,7,,0.39,5.02,M,0.0,M,0.0,0000*66
$GPRMC,174614.00,A,3722.694537,N,12204.069866,W,051.8,176.5,050620,,,A*49
$GPGGA,174615.00,3722.680198,N,12204.069008,W,7,,0.39,5.22,M,0.0,M,0.0,0000*61
$GPRMC,174615.00,A,3722.680198,N,12204.069008,W,052.2,177.7,050620,,,A*46
$GPGGA,174616.00,3722.666049,N,12204.068594,W,7,,0.38,5.71,M,0.0,M,0.0,0000*61
$GPRMC,174616.00,A,3722.666049,N,12204.068594,W,052.3,179.2,050620,,,A*4B
$GPGGA,174617.00,3722.650972,N,12204.068750,W,7,,0.38,6.21,M,0.0,M,0.0,0000*68
$GPRMC,174617.00,A,3722.650972,N,12204.068750,W,052.3,181.1,050620,,,A*40
$GPGGA,174618.00,3722.636397,N,12204.069542,W,7,,0.38,6.72,M,0.0,M,0.0,0000*60
$GPRMC,174618.00,A,3722.636397,N,12204.069542,W,052.3,183.1,050620,,,A*4C
$GPGGA,174619.00,3722.621962,N,12204.070681,W,7,,0.38,7.31,M,0.0,M,0.0,0000*65
$GPRMC,174619.00,A,3722.621962,N,12204.070681,W,052.3,184.0,050620,,,A*49
$GPGGA,174620.00,3722.607501,N,12204.072115,W,7,,0.38,7.99,M,0.0,M,0.0,0000*68
$GPRMC,174620.00,A,3722.607501,N,12204.072115,W,052.1,184.9,050620,,,A*4D
$GPGGA,174621.00,3722.593072,N,12204.073760,W,7,,0.38,7.57,M,0.0,M,0.0,0000*61
$GPRMC,174621.00,A,3722.593072,N,12204.073760,W,051.7,185.6,050620,,,A*4D
$GPGGA,174622.00,3722.578965,N,12204.075445,W,7,,0.38,8.48,M,0.0,M,0.0,0000*6B
$GPRMC,174622.00,A,3722.578965,N,12204.075445,W,051.3,185.7,050620,,,A*43
$GPGGA,174623.00,3722.565232,N,12204.077168,W,7,,0.38,9.24,M,0.0,M,0.0,0000*6C
$GPRMC,174623.00,A,3722.565232,N,12204.077168,W,051.1,185.9,050620,,,A*43
$GPGGA,174624.00,3722.551150,N,12204.079021,W,7,,0.38,9.88,M,0.0,M,0.0,0000*6F
$GPRMC,174624.00,A,3722.551150,N,12204.079021,W,050.7,186.1,050620,,,A*4A
$GPGGA,174625.00,3722.536767,N,12204.080882,W,7,,0.38,10.65,M,0.0,M,0.0,0000*51
$GPRMC,174625.00,A,3722.536767,N,12204.080882,W,050.0,185.8,050620,,,A*42
$GPGGA,174626.00,3722.523172,N,12204.082381,W,7,,0.38,11.31,M,0.0,M,0.0,0000*5E
$GPRMC,174626.00,A,3722.523172,N,12204.082381,W,049.2,184.9,050620,,,A*47
$GPGGA,174627.00,3722.510091,N,12204.083491,W,7,,0.38,11.85,M,0.0,M,0.0,0000*5B
$GPRMC,174627.00,A,3722.510091,N,12204.083491,W,048.4,183.6,050620,,,A*42
$GPGGA,174628.00,3722.496303,N,12204.084062,W,7,,0.38,12.33,M,0.0,M,0.0,0000*52
$GPRMC,174628.00,A,3722.496303,N,12204.084062,W,047.7,181.0,050620,,,A*4D
$GPGGA,174629.00,3722.483224,N,12204.083875,W,7,,0.38,11.17,M,0.0,M,0.0,0000*5F
$GPRMC,174629.00,A,3722.483224,N,12204.083875,W,047.1,178.5,050620,,,A*40
$GPGGA,174630.00,3722.470234,N,12204.083059,W,7,,0.38,12.13,M,0.0,M,0.0,0000*5B
$GPRMC,174630.00,A,3722.470234,N,12204.083059,W,046.5,176.5,050620,,,A*48
$GPGGA,174631.00,3722.457747,N,12204.081692,W,7,,0.38,12.74,M,0.0,M,0.0,0000*5C
$GPRMC,174631.00,A,3722.457747,N,12204.081692,W,046.3,174.5,050620,,,A*4A
$GPGGA,174632.00,3722.445064,N,12204.079831,W,7,,0.38,13.25,M,0.0,M,0.0,0000*5F
$GPRMC,174632.00,A,3722.445064,N,12204.079831,W,046.4,172.6,050620,,,A*4E
$GPGGA,174633.00,3722.431942,N,12204.077138,W,7,,0.38,13.59,M,0.0,M,0.0,0000*55
$GPRMC,174633.00,A,3722.431942,N,12204.077138,W,046.2,169.9,050620,,,A*4C
$GPGGA,174634.00,3722.419371,N,12204.073892,W,7,,0.38,13.70,M,0.0,M,0.0,0000*54
$GPRMC,174634.00,A,3722.419371,N,12204.073892,W,046.2,167.5,050620,,,A*44
$GPGGA,174635.00,3722.407185,N,12204.070075,W,7,,0.38,13.92,M,0.0,M,0.0,0000*5D
$GPRMC,174635.00,A,3722.407185,N,12204.070075,W,046.7,165.4,050620,,,A*47
$GPGGA,174636.00,3722.394322,N,12204.065492,W,7,,0.38,13.99,M,0.0,M,0.0,0000*5E
$GPRMC,174636.00,A,3722.394322,N,12204.065492,W,047.1,163.5,050620,,,A*4F
$GPGGA,174637.00,3722.381764,N,12204.060344,W,7,,0.38,14.14,M,0.0,M,0.0,0000*56
$GPRMC,174637.00,A,3722.381764,N,12204.060344,W,047.6,161.0,050620,,,A*45
$GPGGA,174638.00,3722.369307,N,12204.054505,W,7,,0.38,14.14,M,0.0,M,0.0,0000*5A
$GPRMC,174638.00,A,3722.369307,N,12204.054505,W,047.9,158.5,050620,,,A*49
$GPGGA,174639.00,3722.357097,N,12204.048085,W,7,,0.38,14.11,M,0.0,M,0.0,0000*59
$GPRMC,174639.00,A,3722.357097,N,12204.048085,W,048.2,156.4,050620,,,A*44
$GPGGA,174640.00,3722.345182,N,12204.041383,W,7,,0.38,14.04,M,0.0,M,0.0,0000*59
$GPRMC,174640.00,A,3722.345182,N,12204.041383,W,048.6,155.2,050620,,,A*41
$GPGGA,174641.00,3722.332516,N,12204.033853,W,7,,0.38,13.78,M,0.0,M,0.0,0000*5E
$GPRMC,174641.00,A,3722.332516,N,12204.033853,W,048.8,154.1,050620,,,A*46
$GPGGA,174642.00,3722.320275,N,12204.026287,W,7,,0.38,13.80,M,0.0,M,0.0,0000*5C
$GPRMC,174642.00,A,3722.320275,N,12204.026287,W,048.8,153.4,050620,,,A*41
$GPGGA,174643.00,3722.308234,N,12204.018829,W,7,,0.38,13.97,M,0.0,M,0.0,0000*57
$GPRMC,174643.00,A,3722.308234,N,12204.018829,W,048.7,153.7,050620,,,A*40
$GPGGA,174644.00,3722.296036,N,12204.011414,W,7,,0.38,13.92,M,0.0,M,0.0,0000*58
$GPRMC,174644.00,A,3722.296036,N,12204.011414,W,048.7,154.2,050620,,,A*48
$GPGGA,174645.00,3722.283754,N,12204.004123,W,7,,0.38,13.95,M,0.0,M,0.0,0000*5C
$GPRMC,174645.00,A,3722.283754,N,12204.004123,W,048.8,154.8,050620,,,A*4E
$GPGGA,174646.00,3722.271573,N,12203.997038,W,7,,0.39,13.94,M,0.0,M,0.0,0000*5A
$GPRMC,174646.00,A,3722.271573,N,12203.997038,W,048.4,155.2,050620,,,A*4F
$GPGGA,174647.00,3722.259808,N,12203.990197,W,7,,0.38,13.95,M,0.0,M,0.0,0000*53
$GPRMC,174647.00,A,3722.259808,N,12203.990197,W,047.8,154.8,050620,,,A*4E
$GPGGA,174648.00,3722.247789,N,12203.983045,W,7,,0.38,14.05,M,0.0,M,0.0,0000*57
$GPRMC,174648.00,A,3722.247789,N,12203.983045,W,047.7,154.1,050620,,,A*42
$GPGGA,174649.00,3722.235315,N,12203.975552,W,7,,0.38,14.09,M,0.0,M,0.0,0000*54
$GPRMC,174649.00,A,3722.235315,N,12203.975552,W,048.2,154.3,050620,,,A*45
$GPGGA,174650.00,3722.223243,N,12203.968184,W,7,,0.38,14.13,M,0.0,M,0.0,0000*51
$GPRMC,174650.00,A,3722.223243,N,12203.968184,W,048.8,154.1,050620,,,A*43
$GPGGA,174651.00,3722.211376,N,12203.960876,W,7,,0.38,14.08,M,0.0,M,0.0,0000*50
$GPRMC,174651.00,A,3722.211376,N,12203.960876,W,049.2,153.9,050620,,,A*4C
$GPGGA,174652.00,3722.198583,N,12203.953016,W,7,,0.38,14.20,M,0.0,M,0.0,0000*59
$GPRMC,174652.00,A,3722.198583,N,12203.953016,W,049.7,153.9,050620,,,A*4A
$GPGGA,174653.00,3722.186200,N,12203.945425,W,7,,0.38,14.29,M,0.0,M,0.0,0000*51
$GPRMC,174653.00,A,3722.186200,N,12203.945425,W,050.2,153.9,050620,,,A*46
$GPGGA,174654.00,3722.173593,N,12203.937668,W,7,,0.38,13.69,M,0.0,M,0.0,0000*5C
$GPRMC,174654.00,A,3722.173593,N,12203.937668,W,050.6,153.8,050620,,,A*4D
$GPGGA,174655.00,3722.161354,N,12203.929975,W,7,,0.38,13.99,M,0.0,M,0.0,0000*50
$GPRMC,174655.00,A,3722.161354,N,12203.929975,W,051.0,153.7,050620,,,A*46
$GPGGA,174656.00,3722.148652,N,12203.922140,W,7,,0.38,14.15,M,0.0,M,0.0,0000*5D
$GPRMC,174656.00,A,3722.148652,N,12203.922140,W,051.4,153.7,050620,,,A*4C
$GPGGA,174657.00,3722.135332,N,12203.913938,W,7,,0.38,14.35,M,0.0,M,0.0,0000*52
$GPRMC,174657.00,A,3722.135332,N,12203.913938,W,051.8,154.0,050620,,,A*4D
$GPGGA,174658.00,3722.122233,N,12203.906005,W,7,,0.38,14.37,M,0.0,M,0.0,0000*5A
$GPRMC,174658.00,A,3722.122233,N,12203.906005,W,052.3,154.2,050620,,,A*4D
$GPGGA,174659.00,3722.109453,N,12203.898296,W,7,,0.38,14.56,M,0.0,M,0.0,0000*5B
$GPRMC,174659.00,A,3722.109453,N,12203.898296,W,052.7,154.2,050620,,,A*4F
$GPGGA,174700.00,3722.095851,N,12203.890063,W,7,,0.38,14.71,M,0.0,M,0.0,0000*59
$GPRMC,174700.00,A,3722.095851,N,12203.890063,W,053.1,154.4,050620,,,A*49
$GPGGA,174701.00,3722.082429,N,12203.881987,W,7,,0.38,14.94,M,0.0,M,0.0,0000*55
$GPRMC,174701.00,A,3722.082429,N,12203.881987,W,053.5,154.4,050620,,,A*4A
$GPGGA,174702.00,3722.068948,N,12203.873810,W,7,,0.38,15.24,M,0.0,M,0.0,0000*50
$GPRMC,174702.00,A,3722.068948,N,12203.873810,W,053.8,154.1,050620,,,A*4D
$GPGGA,174703.00,3722.055658,N,12203.865680,W,7,,0.38,15.58,M,0.0,M,0.0,0000*5A
$GPRMC,174703.00,A,3722.055658,N,12203.865680,W,053.5,153.9,050620,,,A*4E
$GPGGA,174704.00,3722.042746,N,12203.857982,W,7,,0.38,15.46,M,0.0,M,0.0,0000*56
$GPRMC,174704.00,A,3722.042746,N,12203.857982,W,052.7,154.2,050620,,,A*42
$GPGGA,174705.00,3722.029161,N,12203.849803,W,7,,0.38,15.82,M,0.0,M,0.0,0000*56
$GPRMC,174705.00,A,3722.029161,N,12203.849803,W,052.2,154.4,050620,,,A*49
$GPGGA,174706.00,3722.016057,N,12203.841907,W,7,,0.38,15.99,M,0.0,M,0.0,0000*5A
$GPRMC,174706.00,A,3722.016057,N,12203.841907,W,052.1,154.2,050620,,,A*4A
$GPGGA,174707.00,3722.003085,N,12203.834174,W,7,,0.38,16.01,M,0.0,M,0.0,0000*5C
$GPRMC,174707.00,A,3722.003085,N,12203.834174,W,052.2,154.6,050620,,,A*49
$GPGGA,174708.00,3721.989898,N,12203.826625,W,7,,0.38,16.05,M,0.0,M,0.0,0000*5B
$GPRMC,174708.00,A,3721.989898,N,12203.826625,W,051.8,155.9,050620,,,A*4D
$GPGGA,174709.00,3721.976553,N,12203.819533,W,7,,0.38,16.31,M,0.0,M,0.0,0000*5F
$GPRMC,174709.00,A,3721.976553,N,12203.819533,W,051.7,158.1,050620,,,A*44
$GPGGA,174710.00,3721.963150,N,12203.813185,W,7,,0.38,16.48,M,0.0,M,0.0,0000*59
$GPRMC,174710.00,A,3721.963150,N,12203.813185,W,051.9,160.0,050620,,,A*48
$GPGGA,174711.00,3721.949883,N,12203.807474,W,7,,0.38,16.57,M,0.0,M,0.0,0000*57
$GPRMC,174711.00,A,3721.949883,N,12203.807474,W,052.0,161.5,050620,,,A*46
$GPGGA,174712.00,3721.935981,N,12203.802188,W,7,,0.38,16.66,M,0.0,M,0.0,0000*5D
$GPRMC,174712.00,A,3721.935981,N,12203.802188,W,052.1,163.8,050620,,,A*40
$GPGGA,174713.00,3721.921545,N,12203.797418,W,7,,0.38,16.92,M,0.0,M,0.0,0000*59
$GPRMC,174713.00,A,3721.921545,N,12203.797418,W,052.4,166.0,050620,,,A*47
$GPGGA,174714.00,3721.907218,N,12203.793451,W,7,,0.38,16.51,M,0.0,M,0.0,0000*53
$GPRMC,174714.00,A,3721.907218,N,12203.793451,W,052.7,168.0,050620,,,A*4F
$GPGGA,174715.00,3721.893273,N,12203.790122,W,7,,0.38,16.96,M,0.0,M,0.0,0000*5A
$GPRMC,174715.00,A,3721.893273,N,12203.790122,W,052.8,169.8,050620,,,A*4B
$GPGGA,174716.00,3721.878201,N,12203.787224,W,7,,0.38,17.40,M,0.0,M,0.0,0000*50
$GPRMC,174716.00,A,3721.878201,N,12203.787224,W,053.2,172.1,050620,,,A*43
$GPGGA,174717.00,3721.863453,N,12203.784991,W,7,,0.38,17.80,M,0.0,M,0.0,0000*50
$GPRMC,174717.00,A,3721.863453,N,12203.784991,W,053.7,174.0,050620,,,A*4D
$GPGGA,174718.00,3721.848412,N,12203.783414,W,7,,0.38,18.18,M,0.0,M,0.0,0000*5A
$GPRMC,174718.00,A,3721.848412,N,12203.783414,W,054.2,176.1,050620,,,A*48
$GPGGA,174719.00,3721.833790,N,12203.782610,W,7,,0.38,18.44,M,0.0,M,0.0,0000*50
$GPRMC,174719.00,A,3721.833790,N,12203.782610,W,054.5,178.2,050620,,,A*41
$GPGGA,174720.00,3721.818699,N,12203.782315,W,7,,0.38,18.88,M,0.0,M,0.0,0000*5B
$GPRMC,174720.00,A,3721.818699,N,12203.782315,W,054.8,179.9,050620,,,A*4D
$GPGGA,174721.00,3721.802986,N,12203.782591,W,7,,0.38,19.04,M,0.0,M,0.0,0000*5F
$GPRMC,174721.00,A,3721.802986,N,12203.782591,W,054.8,180.9,050620,,,A*4A
$GPGGA,174722.00,3721.787572,N,12203.782844,W,7,,0.38,19.53,M,0.0,M,0.0,0000*5E
$GPRMC,174722.00,A,3721.787572,N,12203.782844,W,055.2,181.2,050620,,,A*48
$GPGGA,174723.00,3721.772566,N,12203.783060,W,7,,0.38,19.86,M,0.0,M,0.0,0000*57
$GPRMC,174723.00,A,3721.772566,N,12203.783060,W,055.6,180.7,050620,,,A*49
$GPGGA,174724.00,3721.756744,N,12203.783377,W,7,,0.38,20.09,M,0.0,M,0.0,0000*5C
$GPRMC,174724.00,A,3721.756744,N,12203.783377,W,055.7,180.9,050620,,,A*40
$GPGGA,174725.00,3721.741270,N,12203.783857,W,7,,0.38,20.13,M,0.0,M,0.0,0000*5B
$GPRMC,174725.00,A,3721.741270,N,12203.783857,W,055.7,181.2,050620,,,A*46
$GPGGA,174726.00,3721.725736,N,12203.784296,W,7,,0.38,20.19,M,0.0,M,0.0,0000*57
$GPRMC,174726.00,A,3721.725736,N,12203.784296,W,055.9,181.1,050620,,,A*4D
$GPGGA,174727.00,3721.710154,N,12203.784506,W,7,,0.38,20.68,M,0.0,M,0.0,0000*5A
$GPRMC,174727.00,A,3721.710154,N,12203.784506,W,056.3,181.0,050620,,,A*4E
$GPGGA,174728.00,3721.694925,N,12203.784740,W,7,,0.38,20.94,M,0.0,M,0.0,0000*55
$GPRMC,174728.00,A,3721.694925,N,12203.784740,W,056.5,180.8,050620,,,A*4D
$GPGGA,174729.00,3721.678611,N,12203.785105,W,7,,0.38,21.22,M,0.0,M,0.0,0000*54
$GPRMC,174729.00,A,3721.678611,N,12203.785105,W,056.7,181.1,050620,,,A*4A
$GPGGA,174730.00,3721.662951,N,12203.785633,W,7,,0.38,21.29,M,0.0,M,0.0,0000*55
$GPRMC,174730.00,A,3721.662951,N,12203.785633,W,056.6,181.3,050620,,,A*43
$GPGGA,174731.00,3721.647292,N,12203.786000,W,7,,0.38,21.60,M,0.0,M,0.0,0000*5F
$GPRMC,174731.00,A,3721.647292,N,12203.786000,W,055.9,181.1,050620,,,A*4A
$GPGGA,174732.00,3721.631824,N,12203.786353,W,7,,0.38,21.79,M,0.0,M,0.0,0000*57
$GPRMC,174732.00,A,3721.631824,N,12203.786353,W,055.0,181.0,050620,,,A*42
$GPGGA,174733.00,3721.616631,N,12203.786588,W,7,,0.38,22.12,M,0.0,M,0.0,0000*57
$GPRMC,174733.00,A,3721.616631,N,12203.786588,W,054.1,180.8,050620,,,A*45
$GPGGA,174734.00,3721.601853,N,12203.786852,W,7,,0.38,22.42,M,0.0,M,0.0,0000*53
$GPRMC,174734.00,A,3721.601853,N,12203.786852,W,053.2,180.9,050620,,,A*41
$GPGGA,174735.00,3721.587532,N,12203.787110,W,7,,0.38,22.62,M,0.0,M,0.0,0000*59
$GPRMC,174735.00,A,3721.587532,N,12203.787110,W,053.0,180.8,050620,,,A*4A
$GPGGA,174736.00,3721.572735,N,12203.787145,W,7,,0.38,22.96,M,0.0,M,0.0,0000*5E
$GPRMC,174736.00,A,3721.572735,N,12203.787145,W,053.0,180.1,050620,,,A*4F
$GPGGA,174737.00,3721.557573,N,12203.786864,W,7,,0.38,23.15,M,0.0,M,0.0,0000*59
$GPRMC,174737.00,A,3721.557573,N,12203.786864,W,053.1,178.5,050620,,,A*40
$GPGGA,174738.00,3721.542753,N,12203.786221,W,7,,0.38,23.32,M,0.0,M,0.0,0000*5C
$GPRMC,174738.00,A,3721.542753,N,12203.786221,W,053.2,177.7,050620,,,A*4E
$GPGGA,174739.00,3721.528294,N,12203.785316,W,7,,0.38,23.51,M,0.0,M,0.0,0000*5C
$GPRMC,174739.00,A,3721.528294,N,12203.785316,W,053.6,176.9,050620,,,A*40
$GPGGA,174740.00,3721.512814,N,12203.783923,W,7,,0.38,23.73,M,0.0,M,0.0,0000*53
$GPRMC,174740.00,A,3721.512814,N,12203.783923,W,053.9,175.6,050620,,,A*4C
$GPGGA,174741.00,3721.497928,N,12203.782303,W,7,,0.38,23.81,M,0.0,M,0.0,0000*54
$GPRMC,174741.00,A,3721.497928,N,12203.782303,W,054.2,174.7,050620,,,A*4A
$GPGGA,174742.00,3721.482879,N,12203.780312,W,7,,0.38,24.05,M,0.0,M,0.0,0000*5F
$GPRMC,174742.00,A,3721.482879,N,12203.780312,W,054.4,173.7,050620,,,A*4B
$GPGGA,174743.00,3721.468384,N,12203.778067,W,7,,0.38,24.28,M,0.0,M,0.0,0000*5A
$GPRMC,174743.00,A,3721.468384,N,12203.778067,W,054.0,172.7,050620,,,A*44
$GPGGA,174744.00,3721.453714,N,12203.775392,W,7,,0.38,24.57,M,0.0,M,0.0,0000*54
$GPRMC,174744.00,A,3721.453714,N,12203.775392,W,053.2,171.4,050620,,,A*47
$GPGGA,174745.00,3721.438557,N,12203.772247,W,7,,0.38,24.69,M,0.0,M,0.0,0000*5E
$GPRMC,174745.00,A,3721.438557,N,12203.772247,W,053.3,170.4,050620,,,A*40
$GPGGA,174746.00,3721.423905,N,12203.768905,W,7,,0.38,24.77,M,0.0,M,0.0,0000*55
$GPRMC,174746.00,A,3721.423905,N,12203.768905,W,053.7,169.4,050620,,,A*48
$GPGGA,174747.00,3721.409296,N,12203.765252,W,7,,0.38,23.08,M,0.0,M,0.0,0000*56
$GPRMC,174747.00,A,3721.409296,N,12203.765252,W,054.0,168.4,050620,,,A*45
$GPGGA,174748.00,3721.394493,N,12203.761189,W,7,,0.38,23.94,M,0.0,M,0.0,0000*5D
$GPRMC,174748.00,A,3721.394493,N,12203.761189,W,054.3,167.3,050620,,,A*40
$GPGGA,174749.00,3721.379685,N,12203.756779,W,7,,0.38,24.50,M,0.0,M,0.0,0000*58
$GPRMC,174749.00,A,3721.379685,N,12203.756779,W,054.6,166.2,050620,,,A*4F
$GPGGA,174750.00,3721.364848,N,12203.751925,W,7,,0.38,24.93,M,0.0,M,0.0,0000*5C
$GPRMC,174750.00,A,3721.364848,N,12203.751925,W,055.0,165.1,050620,,,A*43
$GPGGA,174751.00,3721.350201,N,12203.746808,W,7,,0.38,25.55,M,0.0,M,0.0,0000*5E
$GPRMC,174751.00,A,3721.350201,N,12203.746808,W,055.1,164.3,050620,,,A*48
$GPGGA,174752.00,3721.335886,N,12203.741431,W,7,,0.38,26.23,M,0.0,M,0.0,0000*58
$GPRMC,174752.00,A,3721.335886,N,12203.741431,W,055.2,163.0,050620,,,A*4B
$GPGGA,174753.00,3721.320748,N,12203.735474,W,7,,0.38,26.48,M,0.0,M,0.0,0000*5F
$GPRMC,174753.00,A,3721.320748,N,12203.735474,W,055.2,162.0,050620,,,A*40
$GPGGA,174754.00,3721.306330,N,12203.729323,W,7,,0.38,27.48,M,0.0,M,0.0,0000*5E
$GPRMC,174754.00,A,3721.306330,N,12203.729323,W,055.1,160.9,050620,,,A*48
$GPGGA,174755.00,3721.291875,N,12203.722796,W,7,,0.38,28.29,M,0.0,M,0.0,0000*53
$GPRMC,174755.00,A,3721.291875,N,12203.722796,W,055.1,160.0,050620,,,A*44
$GPGGA,174756.00,3721.277512,N,12203.716004,W,7,,0.38,29.39,M,0.0,M,0.0,0000*5F
$GPRMC,174756.00,A,3721.277512,N,12203.716004,W,055.0,159.2,050620,,,A*41
$GPGGA,174757.00,3721.263225,N,12203.708990,W,7,,0.38,30.18,M,0.0,M,0.0,0000*58
$GPRMC,174757.00,A,3721.263225,N,12203.708990,W,055.1,158.3,050620,,,A*4C
$GPGGA,174758.00,3721.249155,N,12203.701903,W,7,,0.38,30.90,M,0.0,M,0.0,0000*58
$GPRMC,174758.00,A,3721.249155,N,12203.701903,W,055.0,157.9,050620,,,A*48
$GPGGA,174759.00,3721.235338,N,12203.694997,W,7,,0.38,31.44,M,0.0,M,0.0,0000*53
$GPRMC,174759.00,A,3721.235338,N,12203.694997,W,055.2,158.2,050620,,,A*4D
$GPGGA,174800.00,3721.221027,N,12203.687864,W,7,,0.38,32.15,M,0.0,M,0.0,0000*50
$GPRMC,174800.00,A,3721.221027,N,12203.687864,W,055.3,158.4,050620,,,A*4E
$GPGGA,174801.00,3721.206484,N,12203.680568,W,7,,0.38,32.80,M,0.0,M,0.0,0000*53
$GPRMC,174801.00,A,3721.206484,N,12203.680568,W,054.8,158.2,050620,,,A*4D
$GPGGA,174802.00,3721.192444,N,12203.673530,W,7,,0.38,33.34,M,0.0,M,0.0,0000*5D
$GPRMC,174802.00,A,3721.192444,N,12203.673530,W,053.8,158.4,050620,,,A*4C
$GPGGA,174803.00,3721.178967,N,12203.667031,W,7,,0.38,32.23,M,0.0,M,0.0,0000*52
$GPRMC,174803.00,A,3721.178967,N,12203.667031,W,053.2,159.3,050620,,,A*48
$GPGGA,174804.00,3721.164754,N,12203.660509,W,7,,0.38,33.03,M,0.0,M,0.0,0000*5C
$GPRMC,174804.00,A,3721.164754,N,12203.660509,W,053.1,160.2,050620,,,A*4D
$GPGGA,174805.00,3721.150894,N,12203.654534,W,7,,0.38,33.53,M,0.0,M,0.0,0000*55
$GPRMC,174805.00,A,3721.150894,N,12203.654534,W,052.3,161.5,050620,,,A*44
$GPGGA,174806.00,3721.137117,N,12203.648948,W,7,,0.39,33.97,M,0.0,M,0.0,0000*56
$GPRMC,174806.00,A,3721.137117,N,12203.648948,W,051.7,162.5,050620,,,A*4A
$GPGGA,174807.00,3721.123738,N,12203.643932,W,7,,0.38,34.15,M,0.0,M,0.0,0000*53
$GPRMC,174807.00,A,3721.123738,N,12203.643932,W,051.7,163.7,050620,,,A*40
$GPGGA,174808.00,3721.109931,N,12203.639132,W,7,,0.38,34.09,M,0.0,M,0.0,0000*5B
$GPRMC,174808.00,A,3721.109931,N,12203.639132,W,052.1,164.7,050620,,,A*47
$GPGGA,174809.00,3721.095442,N,12203.634373,W,7,,0.38,34.05,M,0.0,M,0.0,0000*51
$GPRMC,174809.00,A,3721.095442,N,12203.634373,W,052.2,165.5,050620,,,A*41
$GPGGA,174810.00,3721.081348,N,12203.629981,W,7,,0.38,33.78,M,0.0,M,0.0,0000*57
$GPRMC,174810.00,A,3721.081348,N,12203.629981,W,051.9,166.4,050620,,,A*40
$GPGGA,174811.00,3721.067338,N,12203.625931,W,7,,0.38,33.51,M,0.0,M,0.0,0000*55
$GPRMC,174811.00,A,3721.067338,N,12203.625931,W,052.1,167.3,050620,,,A*44
$GPGGA,174812.00,3721.053057,N,12203.622163,W,7,,0.38,33.16,M,0.0,M,0.0,0000*50
$GPRMC,174812.00,A,3721.053057,N,12203.622163,W,052.4,168.5,050620,,,A*4E
$GPGGA,174813.00,3721.038729,N,12203.618744,W,7,,0.38,32.73,M,0.0,M,0.0,0000*5A
$GPRMC,174813.00,A,3721.038729,N,12203.618744,W,052.2,169.6,050620,,,A*42
$GPGGA,174814.00,3721.024450,N,12203.615647,W,7,,0.38,32.49,M,0.0,M,0.0,0000*5B
$GPRMC,174814.00,A,3721.024450,N,12203.615647,W,051.8,170.5,050620,,,A*48
$GPGGA,174815.00,3721.010637,N,12203.612989,W,7,,0.38,32.30,M,0.0,M,0.0,0000*5A
$GPRMC,174815.00,A,3721.010637,N,12203.612989,W,052.4,171.7,050620,,,A*4B
$GPGGA,174816.00,3720.996051,N,12203.610577,W,7,,0.38,32.18,M,0.0,M,0.0,0000*5C
$GPRMC,174816.00,A,3720.996051,N,12203.610577,W,052.9,172.8,050620,,,A*46
$GPGGA,174817.00,3720.980829,N,12203.608363,W,7,,0.38,32.41,M,0.0,M,0.0,0000*5B
$GPRMC,174817.00,A,3720.980829,N,12203.608363,W,053.4,173.8,050620,,,A*40
$GPGGA,174818.00,3720.966142,N,12203.606551,W,7,,0.38,32.75,M,0.0,M,0.0,0000*56
$GPRMC,174818.00,A,3720.966142,N,12203.606551,W,053.6,174.8,050620,,,A*4F
$GPGGA,174819.00,3720.951651,N,12203.605052,W,7,,0.38,33.23,M,0.0,M,0.0,0000*51
$GPRMC,174819.00,A,3720.951651,N,12203.605052,W,053.8,175.9,050620,,,A*44
$GPGGA,174820.00,3720.936124,N,12203.603839,W,7,,0.38,33.58,M,0.0,M,0.0,0000*50
$GPRMC,174820.00,A,3720.936124,N,12203.603839,W,054.1,176.8,050620,,,A*45
$GPGGA,174821.00,3720.921136,N,12203.602933,W,7,,0.38,34.02,M,0.0,M,0.0,0000*56
$GPRMC,174821.00,A,3720.921136,N,12203.602933,W,054.4,177.7,050620,,,A*40
$GPGGA,174822.00,3720.905908,N,12203.602345,W,7,,0.38,34.42,M,0.0,M,0.0,0000*59
$GPRMC,174822.00,A,3720.905908,N,12203.602345,W,054.8,178.6,050620,,,A*49
$GPGGA,174823.00,3720.891051,N,12203.602015,W,7,,0.38,34.94,M,0.0,M,0.0,0000*5C
$GPRMC,174823.00,A,3720.891051,N,12203.602015,W,055.1,179.5,050620,,,A*4D
$GPGGA,174824.00,3720.875602,N,12203.601896,W,7,,0.38,35.43,M,0.0,M,0.0,0000*5A
$GPRMC,174824.00,A,3720.875602,N,12203.601896,W,055.5,179.9,050620,,,A*48
$GPGGA,174825.00,3720.859732,N,12203.601908,W,7,,0.38,35.79,M,0.0,M,0.0,0000*58
$GPRMC,174825.00,A,3720.859732,N,12203.601908,W,055.8,180.2,050620,,,A*43
$GPGGA,174826.00,3720.844084,N,12203.601943,W,7,,0.38,36.16,M,0.0,M,0.0,0000*58
$GPRMC,174826.00,A,3720.844084,N,12203.601943,W,056.2,180.1,050620,,,A*43
$GPGGA,174827.00,3720.828885,N,12203.602075,W,7,,0.38,36.48,M,0.0,M,0.0,0000*5E
$GPRMC,174827.00,A,3720.828885,N,12203.602075,W,056.5,180.2,050620,,,A*4A
$GPGGA,174828.00,3720.812770,N,12203.602112,W,7,,0.38,36.47,M,0.0,M,0.0,0000*52
$GPRMC,174828.00,A,3720.812770,N,12203.602112,W,056.6,180.1,050620,,,A*49
$GPGGA,174829.00,3720.796906,N,12203.602094,W,7,,0.38,37.03,M,0.0,M,0.0,0000*51
$GPRMC,174829.00,A,3720.796906,N,12203.602094,W,056.9,179.9,050620,,,A*4A
$GPGGA,174830.00,3720.781006,N,12203.602045,W,7,,0.38,37.38,M,0.0,M,0.0,0000*52
$GPRMC,174830.00,A,3720.781006,N,12203.602045,W,057.1,179.8,050620,,,A*49
$GPGGA,174831.00,3720.765195,N,12203.601980,W,7,,0.38,37.67,M,0.0,M,0.0,0000*5B
$GPRMC,174831.00,A,3720.765195,N,12203.601980,W,057.3,179.8,050620,,,A*48
$GPGGA,174832.00,3720.749679,N,12203.601926,W,7,,0.38,37.95,M,0.0,M,0.0,0000*52
$GPRMC,174832.00,A,3720.749679,N,12203.601926,W,057.6,179.7,050620,,,A*46
$GPGGA,174833.00,3720.733204,N,12203.601817,W,7,,0.38,38.29,M,0.0,M,0.0,0000*5B
$GPRMC,174833.00,A,3720.733204,N,12203.601817,W,057.1,179.6,050620,,,A*41
$GPGGA,174834.00,3720.717393,N,12203.601722,W,7,,0.38,38.67,M,0.0,M,0.0,0000*56
$GPRMC,174834.00,A,3720.717393,N,12203.601722,W,056.5,179.8,050620,,,A*4D
$GPGGA,174835.00,3720.701709,N,12203.601697,W,7,,0.38,38.91,M,0.0,M,0.0,0000*51
$GPRMC,174835.00,A,3720.701709,N,12203.601697,W,056.7,179.9,050620,,,A*40
$GPGGA,174836.00,3720.685947,N,12203.601631,W,7,,0.38,39.29,M,0.0,M,0.0,0000*55
$GPRMC,174836.00,A,3720.685947,N,12203.601631,W,056.4,179.7,050620,,,A*4B
$GPGGA,174837.00,3720.670365,N,12203.601494,W,7,,0.38,39.44,M,0.0,M,0.0,0000*52
$GPRMC,174837.00,A,3720.670365,N,12203.601494,W,055.6,179.6,050620,,,A*47
$GPGGA,174838.00,3720.655119,N,12203.601271,W,7,,0.38,39.82,M,0.0,M,0.0,0000*54
$GPRMC,174838.00,A,3720.655119,N,12203.601271,W,054.8,179.4,050620,,,A*46
$GPGGA,174839.00,3720.640438,N,12203.600990,W,7,,0.38,40.09,M,0.0,M,0.0,0000*5F
$GPRMC,174839.00,A,3720.640438,N,12203.600990,W,054.0,179.0,050620,,,A*4C
$GPGGA,174840.00,3720.625497,N,12203.600737,W,7,,0.38,40.30,M,0.0,M,0.0,0000*5E
$GPRMC,174840.00,A,3720.625497,N,12203.600737,W,053.2,179.3,050620,,,A*41
$GPGGA,174841.00,3720.610408,N,12203.600486,W,7,,0.38,40.43,M,0.0,M,0.0,0000*52
$GPRMC,174841.00,A,3720.610408,N,12203.600486,W,052.9,179.4,050620,,,A*44
$GPGGA,174842.00,3720.595534,N,12203.600305,W,7,,0.38,40.52,M,0.0,M,0.0,0000*5D
$GPRMC,174842.00,A,3720.595534,N,12203.600305,W,053.4,179.6,050620,,,A*45
$GPGGA,174843.00,3720.581025,N,12203.600149,W,7,,0.38,40.63,M,0.0,M,0.0,0000*54
$GPRMC,174843.00,A,3720.581025,N,12203.600149,W,053.9,179.5,050620,,,A*40
$GPGGA,174844.00,3720.565449,N,12203.599975,W,7,,0.38,40.74,M,0.0,M,0.0,0000*55
$GPRMC,174844.00,A,3720.565449,N,12203.599975,W,054.3,179.3,050620,,,A*4C
$GPGGA,174845.00,3720.550389,N,12203.599754,W,7,,0.38,40.97,M,0.0,M,0.0,0000*59
$GPRMC,174845.00,A,3720.550389,N,12203.599754,W,054.7,179.3,050620,,,A*49
$GPGGA,174846.00,3720.535048,N,12203.599573,W,7,,0.38,41.20,M,0.0,M,0.0,0000*5D
$GPRMC,174846.00,A,3720.535048,N,12203.599573,W,055.1,179.7,050620,,,A*43
$GPGGA,174847.00,3720.520041,N,12203.599519,W,7,,0.38,41.28,M,0.0,M,0.0,0000*55
$GPRMC,174847.00,A,3720.520041,N,12203.599519,W,055.7,180.0,050620,,,A*44
$GPGGA,174848.00,3720.504550,N,12203.599526,W,7,,0.38,41.34,M,0.0,M,0.0,0000*58
$GPRMC,174848.00,A,3720.504550,N,12203.599526,W,056.3,180.1,050620,,,A*42
$GPGGA,174849.00,3720.488248,N,12203.599471,W,7,,0.38,41.60,M,0.0,M,0.0,0000*50
$GPRMC,174849.00,A,3720.488248,N,12203.599471,W,056.8,179.8,050620,,,A*4F
$GPGGA,174850.00,3720.472300,N,12203.599387,W,7,,0.38,41.76,M,0.0,M,0.0,0000*59
$GPRMC,174850.00,A,3720.472300,N,12203.599387,W,057.3,179.7,050620,,,A*44
$GPGGA,174851.00,3720.456765,N,12203.599352,W,7,,0.38,41.86,M,0.0,M,0.0,0000*5E
$GPRMC,174851.00,A,3720.456765,N,12203.599352,W,057.8,179.9,050620,,,A*49
$GPGGA,174852.00,3720.440224,N,12203.599340,W,7,,0.38,41.93,M,0.0,M,0.0,0000*5D
$GPRMC,174852.00,A,3720.440224,N,12203.599340,W,058.1,180.0,050620,,,A*47
$GPGGA,174853.00,3720.424131,N,12203.599303,W,7,,0.38,42.02,M,0.0,M,0.0,0000*55
$GPRMC,174853.00,A,3720.424131,N,12203.599303,W,057.6,179.9,050620,,,A*43
$GPGGA,174854.00,3720.408189,N,12203.599303,W,7,,0.38,42.14,M,0.0,M,0.0,0000*58
$GPRMC,174854.00,A,3720.408189,N,12203.599303,W,056.8,180.2,050620,,,A*4B
$GPGGA,174855.00,3720.392685,N,12203.599526,W,7,,0.38,42.18,M,0.0,M,0.0,0000*5B
$GPRMC,174855.00,A,3720.392685,N,12203.599526,W,055.8,181.1,050620,,,A*45
$GPGGA,174856.00,3720.377829,N,12203.600030,W,7,,0.38,42.54,M,0.0,M,0.0,0000*52
$GPRMC,174856.00,A,3720.377829,N,12203.600030,W,054.6,182.1,050620,,,A*48
$GPGGA,174857.00,3720.362278,N,12203.600600,W,7,,0.38,42.89,M,0.0,M,0.0,0000*5C
$GPRMC,174857.00,A,3720.362278,N,12203.600600,W,053.6,181.5,050620,,,A*46
$GPGGA,174858.00,3720.347572,N,12203.600749,W,7,,0.38,43.13,M,0.0,M,0.0,0000*57
$GPRMC,174858.00,A,3720.347572,N,12203.600749,W,053.1,180.0,050620,,,A*4C
$GPGGA,174859.00,3720.333310,N,12203.600714,W,7,,0.38,43.27,M,0.0,M,0.0,0000*58
$GPRMC,174859.00,A,3720.333310,N,12203.600714,W,052.8,179.5,050620,,,A*4F
$GPGGA,174900.00,3720.318208,N,12203.600275,W,7,,0.38,43.40,M,0.0,M,0.0,0000*57
$GPRMC,174900.00,A,3720.318208,N,12203.600275,W,052.3,178.3,050620,,,A*4D
$GPGGA,174901.00,3720.303784,N,12203.599429,W,7,,0.38,43.48,M,0.0,M,0.0,0000*59
$GPRMC,174901.00,A,3720.303784,N,12203.599429,W,051.6,176.8,050620,,,A*48
$GPGGA,174902.00,3720.289653,N,12203.597953,W,7,,0.38,43.63,M,0.0,M,0.0,0000*55
$GPRMC,174902.00,A,3720.289653,N,12203.597953,W,051.2,174.6,050620,,,A*45
$GPGGA,174903.00,3720.275907,N,12203.595818,W,7,,0.38,43.74,M,0.0,M,0.0,0000*53
$GPRMC,174903.00,A,3720.275907,N,12203.595818,W,051.2,172.1,050620,,,A*44
$GPGGA,174904.00,3720.261963,N,12203.592997,W,7,,0.38,44.14,M,0.0,M,0.0,0000*53
$GPRMC,174904.00,A,3720.261963,N,12203.592997,W,050.3,169.6,050620,,,A*48
$GPGGA,174905.00,3720.247887,N,12203.589433,W,7,,0.39,44.55,M,0.0,M,0.0,0000*50
$GPRMC,174905.00,A,3720.247887,N,12203.589433,W,050.3,167.8,050620,,,A*4F
$GPGGA,174906.00,3720.234406,N,12203.585708,W,7,,0.39,45.21,M,0.0,M,0.0,0000*57
$GPRMC,174906.00,A,3720.234406,N,12203.585708,W,049.9,167.1,050620,,,A*41
$GPGGA,174907.00,3720.220870,N,12203.581561,W,7,,0.38,45.87,M,0.0,M,0.0,0000*5A
$GPRMC,174907.00,A,3720.220870,N,12203.581561,W,050.8,166.8,050620,,,A*40
$GPGGA,174908.00,3720.206799,N,12203.577338,W,7,,0.38,46.66,M,0.0,M,0.0,0000*56
$GPRMC,174908.00,A,3720.206799,N,12203.577338,W,050.7,166.6,050620,,,A*41
$GPGGA,174909.00,3720.193036,N,12203.573216,W,7,,0.39,47.48,M,0.0,M,0.0,0000*5F
$GPRMC,174909.00,A,3720.193036,N,12203.573216,W,050.6,166.4,050620,,,A*47
$GPGGA,174910.00,3720.179494,N,12203.569111,W,7,,0.38,44.59,M,0.0,M,0.0,0000*52
$GPRMC,174910.00,A,3720.179494,N,12203.569111,W,049.6,166.4,050620,,,A*40
$GPGGA,174911.00,3720.166504,N,12203.565284,W,7,,0.38,46.27,M,0.0,M,0.0,0000*5D
$GPRMC,174911.00,A,3720.166504,N,12203.565284,W,049.3,166.9,050620,,,A*4C
$GPGGA,174912.00,3720.153226,N,12203.561473,W,7,,0.38,47.76,M,0.0,M,0.0,0000*50
$GPRMC,174912.00,A,3720.153226,N,12203.561473,W,049.3,167.4,050620,,,A*48
$GPGGA,174913.00,3720.139419,N,12203.557705,W,7,,0.38,48.97,M,0.0,M,0.0,0000*50
$GPRMC,174913.00,A,3720.139419,N,12203.557705,W,049.1,168.1,050620,,,A*40
$GPGGA,174914.00,3720.126058,N,12203.554279,W,7,,0.38,50.13,M,0.0,M,0.0,0000*50
$GPRMC,174914.00,A,3720.126058,N,12203.554279,W,048.6,168.9,050620,,,A*4B
$GPGGA,174915.00,3720.113013,N,12203.551352,W,7,,0.38,51.13,M,0.0,M,0.0,0000*54
$GPRMC,174915.00,A,3720.113013,N,12203.551352,W,047.4,170.3,050620,,,A*40
$GPGGA,174916.00,3720.100228,N,12203.548784,W,7,,0.38,52.02,M,0.0,M,0.0,0000*5B
$GPRMC,174916.00,A,3720.100228,N,12203.548784,W,045.8,171.3,050620,,,A*43
$GPGGA,174917.00,3720.087843,N,12203.546456,W,7,,0.38,52.90,M,0.0,M,0.0,0000*5A
$GPRMC,174917.00,A,3720.087843,N,12203.546456,W,044.4,171.7,050620,,,A*40
$GPGGA,174918.00,3720.076174,N,12203.544290,W,7,,0.38,53.51,M,0.0,M,0.0,0000*54
$GPRMC,174918.00,A,3720.076174,N,12203.544290,W,042.0,171.6,050620,,,A*41
$GPGGA,174919.00,3720.065337,N,12203.542141,W,7,,0.38,54.17,M,0.0,M,0.0,0000*5E
$GPRMC,174919.00,A,3720.065337,N,12203.542141,W,039.8,171.3,050620,,,A*4F
$GPGGA,174920.00,3720.054783,N,12203.539892,W,7,,0.38,52.40,M,0.0,M,0.0,0000*52
$GPRMC,174920.00,A,3720.054783,N,12203.539892,W,037.5,170.9,050620,,,A*4F
$GPGGA,174921.00,3720.044668,N,12203.537713,W,7,,0.38,53.38,M,0.0,M,0.0,0000*50
$GPRMC,174921.00,A,3720.044668,N,12203.537713,W,034.3,171.8,050620,,,A*46
$GPGGA,174922.00,3720.035853,N,12203.536183,W,7,,0.38,53.87,M,0.0,M,0.0,0000*59
$GPRMC,174922.00,A,3720.035853,N,12203.536183,W,030.9,174.1,050620,,,A*49
$GPGGA,174923.00,3720.027645,N,12203.535781,W,7,,0.38,53.92,M,0.0,M,0.0,0000*51
$GPRMC,174923.00,A,3720.027645,N,12203.535781,W,030.1,180.9,050620,,,A*4E
$GPGGA,174924.00,3720.019113,N,12203.536711,W,7,,0.38,53.90,M,0.0,M,0.0,0000*57
$GPRMC,174924.00,A,3720.019113,N,12203.536711,W,029.9,188.6,050620,,,A*4D
$GPGGA,174925.00,3720.011140,N,12203.539207,W,7,,0.38,53.81,M,0.0,M,0.0,0000*55
$GPRMC,174925.00,A,3720.011140,N,12203.539207,W,029.9,197.5,050620,,,A*42
$GPGGA,174926.00,3720.003514,N,12203.543305,W,7,,0.38,53.57,M,0.0,M,0.0,0000*55
$GPRMC,174926.00,A,3720.003514,N,12203.543305,W,029.8,206.5,050620,,,A*43
$GPGGA,174927.00,3719.996847,N,12203.548712,W,7,,0.38,53.32,M,0.0,M,0.0,0000*5A
$GPRMC,174927.00,A,3719.996847,N,12203.548712,W,029.5,216.9,050620,,,A*4F
$GPGGA,174928.00,3719.990907,N,12203.555708,W,7,,0.38,53.13,M,0.0,M,0.0,0000*52
$GPRMC,174928.00,A,3719.990907,N,12203.555708,W,029.6,227.7,050620,,,A*4B
$GPGGA,174929.00,3719.985790,N,12203.564468,W,7,,0.38,52.91,M,0.0,M,0.0,0000*5B
$GPRMC,174929.00,A,3719.985790,N,12203.564468,W,030.7,237.0,050620,,,A*46
$GPGGA,174930.00,3719.981895,N,12203.574236,W,7,,0.38,52.83,M,0.0,M,0.0,0000*52
$GPRMC,174930.00,A,3719.981895,N,12203.574236,W,032.0,246.4,050620,,,A*4B
$GPGGA,174931.00,3719.978992,N,12203.584604,W,7,,0.38,52.92,M,0.0,M,0.0,0000*59
$GPRMC,174931.00,A,3719.978992,N,12203.584604,W,032.9,253.0,050620,,,A*49
$GPGGA,174932.00,3719.976645,N,12203.596190,W,7,,0.38,53.03,M,0.0,M,0.0,0000*51
$GPRMC,174932.00,A,3719.976645,N,12203.596190,W,033.9,257.3,050620,,,A*4E
$GPGGA,174933.00,3719.975050,N,12203.608033,W,7,,0.38,53.24,M,0.0,M,0.0,0000*58
$GPRMC,174933.00,A,3719.975050,N,12203.608033,W,034.7,262.0,050620,,,A*4E
$GPGGA,174934.00,3719.974366,N,12203.620292,W,7,,0.38,53.33,M,0.0,M,0.0,0000*5D
$GPRMC,174934.00,A,3719.974366,N,12203.620292,W,035.6,267.8,050620,,,A*40
$GPGGA,174935.00,3719.974648,N,12203.632784,W,7,,0.38,53.41,M,0.0,M,0.0,0000*51
$GPRMC,174935.00,A,3719.974648,N,12203.632784,W,036.6,273.1,050620,,,A*46
$GPGGA,174936.00,3719.975422,N,12203.645245,W,7,,0.38,53.70,M,0.0,M,0.0,0000*57
$GPRMC,174936.00,A,3719.975422,N,12203.645245,W,037.3,275.8,050620,,,A*49
$GPGGA,174937.00,3719.977011,N,12203.658763,W,7,,0.38,54.06,M,0.0,M,0.0,0000*5B
$GPRMC,174937.00,A,3719.977011,N,12203.658763,W,038.1,279.4,050620,,,A*4E
$GPGGA,174938.00,3719.979417,N,12203.671496,W,7,,0.38,54.83,M,0.0,M,0.0,0000*57
$GPRMC,174938.00,A,3719.979417,N,12203.671496,W,038.9,285.0,050620,,,A*40
$GPGGA,174939.00,3719.982754,N,12203.684432,W,7,,0.38,55.35,M,0.0,M,0.0,0000*5E
$GPRMC,174939.00,A,3719.982754,N,12203.684432,W,039.7,289.6,050620,,,A*40
$GPGGA,174940.00,3719.986876,N,12203.698027,W,7,,0.38,55.68,M,0.0,M,0.0,0000*5E
$GPRMC,174940.00,A,3719.986876,N,12203.698027,W,040.6,291.5,050620,,,A*4D
$GPGGA,174941.00,3719.991220,N,12203.711576,W,7,,0.38,55.89,M,0.0,M,0.0,0000*5E
$GPRMC,174941.00,A,3719.991220,N,12203.711576,W,042.2,292.1,050620,,,A*43
$GPGGA,174942.00,3719.995767,N,12203.725417,W,7,,0.38,55.87,M,0.0,M,0.0,0000*50
$GPRMC,174942.00,A,3719.995767,N,12203.725417,W,043.7,292.4,050620,,,A*42
$GPGGA,174943.00,3720.000442,N,12203.739403,W,7,,0.38,56.13,M,0.0,M,0.0,0000*5C
$GPRMC,174943.00,A,3720.000442,N,12203.739403,W,045.3,292.9,050620,,,A*4F
$GPGGA,174944.00,3720.005397,N,12203.754260,W,7,,0.38,56.21,M,0.0,M,0.0,0000*58
$GPRMC,174944.00,A,3720.005397,N,12203.754260,W,046.5,292.6,050620,,,A*40
$GPGGA,174945.00,3720.010624,N,12203.769848,W,7,,0.38,56.31,M,0.0,M,0.0,0000*5F
$GPRMC,174945.00,A,3720.010624,N,12203.769848,W,047.7,292.7,050620,,,A*44
$GPGGA,174946.00,3720.015778,N,12203.785621,W,7,,0.38,56.54,M,0.0,M,0.0,0000*51
$GPRMC,174946.00,A,3720.015778,N,12203.785621,W,049.0,292.2,050620,,,A*45
$GPGGA,174947.00,3720.020781,N,12203.801143,W,7,,0.38,56.73,M,0.0,M,0.0,0000*55
$GPRMC,174947.00,A,3720.020781,N,12203.801143,W,049.9,291.6,050620,,,A*4A
$GPGGA,174948.00,3720.026007,N,12203.818195,W,7,,0.38,56.66,M,0.0,M,0.0,0000*52
$GPRMC,174948.00,A,3720.026007,N,12203.818195,W,050.9,290.7,050620,,,A*41
$GPGGA,174949.00,3720.031041,N,12203.834846,W,7,,0.38,57.46,M,0.0,M,0.0,0000*5D
$GPRMC,174949.00,A,3720.031041,N,12203.834846,W,051.7,290.8,050620,,,A*4D
$GPGGA,174950.00,3720.036213,N,12203.851868,W,7,,0.38,58.33,M,0.0,M,0.0,0000*55
$GPRMC,174950.00,A,3720.036213,N,12203.851868,W,052.3,291.1,050620,,,A*47
$GPGGA,174951.00,3720.041355,N,12203.868619,W,7,,0.38,59.03,M,0.0,M,0.0,0000*57
$GPRMC,174951.00,A,3720.041355,N,12203.868619,W,053.2,291.0,050620,,,A*46
$GPGGA,174952.00,3720.046473,N,12203.886104,W,7,,0.38,59.66,M,0.0,M,0.0,0000*58
$GPRMC,174952.00,A,3720.046473,N,12203.886104,W,054.1,289.7,050620,,,A*40
$GPGGA,174953.00,3720.051399,N,12203.904794,W,7,,0.38,60.51,M,0.0,M,0.0,0000*56
$GPRMC,174953.00,A,3720.051399,N,12203.904794,W,055.0,287.7,050620,,,A*4E
$GPGGA,174954.00,3720.055773,N,12203.923327,W,7,,0.38,61.30,M,0.0,M,0.0,0000*5A
$GPRMC,174954.00,A,3720.055773,N,12203.923327,W,055.6,285.7,050620,,,A*40
$GPGGA,174955.00,3720.059595,N,12203.942125,W,7,,0.38,62.25,M,0.0,M,0.0,0000*5D
$GPRMC,174955.00,A,3720.059595,N,12203.942125,W,056.2,283.5,050620,,,A*43
$GPGGA,174956.00,3720.062872,N,12203.961434,W,7,,0.38,63.16,M,0.0,M,0.0,0000*57
$GPRMC,174956.00,A,3720.062872,N,12203.961434,W,056.7,281.4,050620,,,A*4E
$GPGGA,174957.00,3720.065721,N,12203.981012,W,7,,0.38,63.94,M,0.0,M,0.0,0000*5C
$GPRMC,174957.00,A,3720.065721,N,12203.981012,W,057.1,279.7,050620,,,A*4C
$GPGGA,174958.00,3720.068050,N,12204.000842,W,7,,0.39,64.88,M,0.0,M,0.0,0000*5E
$GPRMC,174958.00,A,3720.068050,N,12204.000842,W,057.5,277.9,050620,,,A*41
$GPGGA,174959.00,3720.069766,N,12204.020053,W,7,,0.38,65.75,M,0.0,M,0.0,0000*54
$GPRMC,174959.00,A,3720.069766,N,12204.020053,W,057.9,275.6,050620,,,A*48
$GPGGA,175000.00,3720.070924,N,12204.040273,W,7,,0.38,66.54,M,0.0,M,0.0,0000*56
$GPRMC,175000.00,A,3720.070924,N,12204.040273,W,058.2,273.4,050620,,,A*4A
$GPGGA,175001.00,3720.071590,N,12204.061315,W,7,,0.38,67.34,M,0.0,M,0.0,0000*50
$GPRMC,175001.00,A,3720.071590,N,12204.061315,W,058.5,271.7,050620,,,A*4D
$GPGGA,175002.00,3720.071764,N,12204.081602,W,7,,0.38,68.25,M,0.0,M,0.0,0000*58
$GPRMC,175002.00,A,3720.071764,N,12204.081602,W,058.7,270.1,050620,,,A*4F
$GPGGA,175003.00,3720.071457,N,12204.101527,W,7,,0.38,69.27,M,0.0,M,0.0,0000*54
$GPRMC,175003.00,A,3720.071457,N,12204.101527,W,059.0,268.4,050620,,,A*4A
$GPGGA,175004.00,3720.070473,N,12204.122527,W,7,,0.38,70.11,M,0.0,M,0.0,0000*58
$GPRMC,175004.00,A,3720.070473,N,12204.122527,W,058.2,265.6,050620,,,A*47
$GPGGA,175005.00,3720.068914,N,12204.142514,W,7,,0.38,70.72,M,0.0,M,0.0,0000*5F
$GPRMC,175005.00,A,3720.068914,N,12204.142514,W,057.9,263.9,050620,,,A*48
$GPGGA,175006.00,3720.066844,N,12204.162595,W,7,,0.38,71.37,M,0.0,M,0.0,0000*5D
$GPRMC,175006.00,A,3720.066844,N,12204.162595,W,058.0,262.2,050620,,,A*46
$GPGGA,175007.00,3720.064275,N,12204.181999,W,7,,0.38,72.18,M,0.0,M,0.0,0000*55
$GPRMC,175007.00,A,3720.064275,N,12204.181999,W,058.2,259.8,050620,,,A*40
$GPGGA,175008.00,3720.061108,N,12204.201961,W,7,,0.38,69.05,M,0.0,M,0.0,0000*5C
$GPRMC,175008.00,A,3720.061108,N,12204.201961,W,058.4,258.1,050620,,,A*41
$GPGGA,175009.00,3720.057538,N,12204.222283,W,7,,0.38,70.54,M,0.0,M,0.0,0000*55
$GPRMC,175009.00,A,3720.057538,N,12204.222283,W,058.6,257.3,050620,,,A*4B
$GPGGA,175010.00,3720.053884,N,12204.242288,W,7,,0.39,71.44,M,0.0,M,0.0,0000*5F
$GPRMC,175010.00,A,3720.053884,N,12204.242288,W,058.8,257.0,050620,,,A*4D
$GPGGA,175011.00,3720.050259,N,12204.261577,W,7,,0.38,72.26,M,0.0,M,0.0,0000*57
$GPRMC,175011.00,A,3720.050259,N,12204.261577,W,058.9,256.7,050620,,,A*44
$GPGGA,175012.00,3720.046420,N,12204.281984,W,7,,0.38,73.03,M,0.0,M,0.0,0000*53
$GPRMC,175012.00,A,3720.046420,N,12204.281984,W,058.9,256.6,050620,,,A*47
$GPGGA,175013.00,3720.042586,N,12204.302023,W,7,,0.38,73.22,M,0.0,M,0.0,0000*56
$GPRMC,175013.00,A,3720.042586,N,12204.302023,W,059.1,256.4,050620,,,A*4A
$GPGGA,175014.00,3720.038758,N,12204.322075,W,7,,0.38,73.91,M,0.0,M,0.0,0000*54
$GPRMC,175014.00,A,3720.038758,N,12204.322075,W,058.9,256.6,050620,,,A*4B
$GPGGA,175015.00,3720.035055,N,12204.341779,W,7,,0.38,74.21,M,0.0,M,0.0,0000*50
$GPRMC,175015.00,A,3720.035055,N,12204.341779,W,058.5,257.0,050620,,,A*48
$GPGGA,175016.00,3720.031594,N,12204.360986,W,7,,0.38,74.66,M,0.0,M,0.0,0000*51
$GPRMC,175016.00,A,3720.031594,N,12204.360986,W,058.0,257.4,050620,,,A*4B
$GPGGA,175017.00,3720.028060,N,12204.381391,W,7,,0.38,75.10,M,0.0,M,0.0,0000*55
$GPRMC,175017.00,A,3720.028060,N,12204.381391,W,057.7,257.7,050620,,,A*44
$GPGGA,175018.00,3720.025000,N,12204.400489,W,7,,0.38,75.73,M,0.0,M,0.0,0000*54
$GPRMC,175018.00,A,3720.025000,N,12204.400489,W,057.6,259.0,050620,,,A*48
$GPGGA,175019.00,3720.022264,N,12204.420007,W,7,,0.38,76.57,M,0.0,M,0.0,0000*57
$GPRMC,175019.00,A,3720.022264,N,12204.420007,W,057.3,260.7,050620,,,A*46
$GPGGA,175020.00,3720.020038,N,12204.440438,W,7,,0.38,77.50,M,0.0,M,0.0,0000*5C
$GPRMC,175020.00,A,3720.020038,N,12204.440438,W,057.1,263.2,050620,,,A*4F
$GPGGA,175021.00,3720.018639,N,12204.460160,W,7,,0.38,78.34,M,0.0,M,0.0,0000*56
$GPRMC,175021.00,A,3720.018639,N,12204.460160,W,056.6,265.9,050620,,,A*43
$GPGGA,175022.00,3720.017986,N,12204.479713,W,7,,0.38,79.07,M,0.0,M,0.0,0000*5A
$GPRMC,175022.00,A,3720.017986,N,12204.479713,W,056.4,268.5,050620,,,A*4D
$GPGGA,175023.00,3720.017931,N,12204.498764,W,7,,0.38,79.71,M,0.0,M,0.0,0000*59
$GPRMC,175023.00,A,3720.017931,N,12204.498764,W,056.3,270.5,050620,,,A*41
$GPGGA,175024.00,3720.018441,N,12204.518468,W,7,,0.38,77.91,M,0.0,M,0.0,0000*5D
$GPRMC,175024.00,A,3720.018441,N,12204.518468,W,056.4,272.5,050620,,,A*40
$GPGGA,175025.00,3720.019564,N,12204.538495,W,7,,0.38,79.40,M,0.0,M,0.0,0000*59
$GPRMC,175025.00,A,3720.019564,N,12204.538495,W,056.4,274.9,050620,,,A*4C
$GPGGA,175026.00,3720.021267,N,12204.558080,W,7,,0.38,80.23,M,0.0,M,0.0,0000*50
$GPRMC,175026.00,A,3720.021267,N,12204.558080,W,056.4,277.0,050620,,,A*4C
$GPGGA,175027.00,3720.023500,N,12204.577027,W,7,,0.38,80.87,M,0.0,M,0.0,0000*5B
$GPRMC,175027.00,A,3720.023500,N,12204.577027,W,056.6,279.2,050620,,,A*47
$GPGGA,175028.00,3720.026524,N,12204.597121,W,7,,0.38,81.03,M,0.0,M,0.0,0000*53
$GPRMC,175028.00,A,3720.026524,N,12204.597121,W,056.9,281.7,050620,,,A*4F
$GPGGA,175029.00,3720.030123,N,12204.616346,W,7,,0.38,81.45,M,0.0,M,0.0,0000*5D
$GPRMC,175029.00,A,3720.030123,N,12204.616346,W,057.2,283.8,050620,,,A*44
$GPGGA,175030.00,3720.034437,N,12204.635599,W,7,,0.38,81.51,M,0.0,M,0.0,0000*51
$GPRMC,175030.00,A,3720.034437,N,12204.635599,W,057.4,286.6,050620,,,A*40
$GPGGA,175031.00,3720.039256,N,12204.654116,W,7,,0.38,81.61,M,0.0,M,0.0,0000*5B
$GPRMC,175031.00,A,3720.039256,N,12204.654116,W,057.6,289.0,050620,,,A*42
$GPGGA,175032.00,3720.044836,N,12204.672860,W,7,,0.38,81.27,M,0.0,M,0.0,0000*50
$GPRMC,175032.00,A,3720.044836,N,12204.672860,W,057.9,291.1,050620,,,A*4C
$GPGGA,175033.00,3720.051327,N,12204.692234,W,7,,0.38,81.14,M,0.0,M,0.0,0000*5B
$GPRMC,175033.00,A,3720.051327,N,12204.692234,W,058.5,293.7,050620,,,A*40
$GPGGA,175034.00,3720.058240,N,12204.710876,W,7,,0.38,80.85,M,0.0,M,0.0,0000*5B
$GPRMC,175034.00,A,3720.058240,N,12204.710876,W,059.0,295.7,050620,,,A*4B
$GPGGA,175035.00,3720.065752,N,12204.729127,W,7,,0.38,80.45,M,0.0,M,0.0,0000*59
$GPRMC,175035.00,A,3720.065752,N,12204.729127,W,059.4,298.0,050620,,,A*4B
$GPGGA,175036.00,3720.074043,N,12204.747247,W,7,,0.38,79.92,M,0.0,M,0.0,0000*5C
$GPRMC,175036.00,A,3720.074043,N,12204.747247,W,060.0,300.7,050620,,,A*4B
$GPGGA,175037.00,3720.083032,N,12204.765043,W,7,,0.38,79.39,M,0.0,M,0.0,0000*54
$GPRMC,175037.00,A,3720.083032,N,12204.765043,W,060.4,303.2,050620,,,A*40
$GPGGA,175038.00,3720.092733,N,12204.782288,W,7,,0.38,78.91,M,0.0,M,0.0,0000*52
$GPRMC,175038.00,A,3720.092733,N,12204.782288,W,060.3,306.1,050620,,,A*44
$GPGGA,175039.00,3720.102628,N,12204.798265,W,7,,0.38,78.12,M,0.0,M,0.0,0000*53
$GPRMC,175039.00,A,3720.102628,N,12204.798265,W,060.5,308.7,050620,,,A*40
$GPGGA,175040.00,3720.113481,N,12204.814591,W,7,,0.38,77.63,M,0.0,M,0.0,0000*52
$GPRMC,175040.00,A,3720.113481,N,12204.814591,W,061.1,310.5,050620,,,A*46
$GPGGA,175041.00,3720.125242,N,12204.830977,W,7,,0.38,77.29,M,0.0,M,0.0,0000*53
$GPRMC,175041.00,A,3720.125242,N,12204.830977,W,061.4,312.7,050620,,,A*4C
$GPGGA,175042.00,3720.137007,N,12204.846379,W,7,,0.38,76.61,M,0.0,M,0.0,0000*58
$GPRMC,175042.00,A,3720.137007,N,12204.846379,W,061.7,313.7,050620,,,A*48
$GPGGA,175043.00,3720.148647,N,12204.861439,W,7,,0.38,76.21,M,0.0,M,0.0,0000*51
$GPRMC,175043.00,A,3720.148647,N,12204.861439,W,062.0,314.1,050620,,,A*40
$GPGGA,175044.00,3720.161176,N,12204.877538,W,7,,0.38,75.82,M,0.0,M,0.0,0000*55
$GPRMC,175044.00,A,3720.161176,N,12204.877538,W,062.2,314.4,050620,,,A*49
$GPGGA,175045.00,3720.173175,N,12204.892814,W,7,,0.38,75.29,M,0.0,M,0.0,0000*5D
$GPRMC,175045.00,A,3720.173175,N,12204.892814,W,061.8,314.5,050620,,,A*48
$GPGGA,175046.00,3720.185211,N,12204.908228,W,7,,0.38,75.06,M,0.0,M,0.0,0000*5C
$GPRMC,175046.00,A,3720.185211,N,12204.908228,W,061.6,314.3,050620,,,A*4C
$GPGGA,175047.00,3720.196798,N,12204.923239,W,7,,0.38,75.09,M,0.0,M,0.0,0000*5D
$GPRMC,175047.00,A,3720.196798,N,12204.923239,W,061.6,314.0,050620,,,A*41
$GPGGA,175048.00,3720.208521,N,12204.938653,W,7,,0.38,75.50,M,0.0,M,0.0,0000*58
$GPRMC,175048.00,A,3720.208521,N,12204.938653,W,061.5,313.6,050620,,,A*4A
$GPGGA,175049.00,3720.220618,N,12204.954883,W,7,,0.38,75.76,M,0.0,M,0.0,0000*57
$GPRMC,175049.00,A,3720.220618,N,12204.954883,W,061.4,312.4,050620,,,A*43
$GPGGA,175050.00,3720.231897,N,12204.970802,W,7,,0.38,76.38,M,0.0,M,0.0,0000*50
$GPRMC,175050.00,A,3720.231897,N,12204.970802,W,060.7,311.4,050620,,,A*4C
$GPGGA,175051.00,3720.242373,N,12204.986305,W,7,,0.38,77.32,M,0.0,M,0.0,0000*5A
$GPRMC,175051.00,A,3720.242373,N,12204.986305,W,059.8,310.4,050620,,,A*49
$GPGGA,175052.00,3720.253036,N,12205.002949,W,7,,0.38,78.15,M,0.0,M,0.0,0000*57
$GPRMC,175052.00,A,3720.253036,N,12205.002949,W,059.6,308.9,050620,,,A*44
$GPGGA,175053.00,3720.263085,N,12205.019455,W,7,,0.38,78.62,M,0.0,M,0.0,0000*57
$GPRMC,175053.00,A,3720.263085,N,12205.019455,W,059.4,306.8,050620,,,A*49
$GPGGA,175054.00,3720.272716,N,12205.036280,W,7,,0.38,79.01,M,0.0,M,0.0,0000*5A
$GPRMC,175054.00,A,3720.272716,N,12205.036280,W,059.2,305.3,050620,,,A*4E
$GPGGA,175055.00,3720.282082,N,12205.053110,W,7,,0.38,79.29,M,0.0,M,0.0,0000*5D
$GPRMC,175055.00,A,3720.282082,N,12205.053110,W,059.3,305.1,050620,,,A*40
$GPGGA,175056.00,3720.291339,N,12205.069537,W,7,,0.38,79.26,M,0.0,M,0.0,0000*58
$GPRMC,175056.00,A,3720.291339,N,12205.069537,W,059.3,305.2,050620,,,A*49
$GPGGA,175057.00,3720.301192,N,12205.087190,W,7,,0.38,79.60,M,0.0,M,0.0,0000*59
$GPRMC,175057.00,A,3720.301192,N,12205.087190,W,059.7,305.1,050620,,,A*4D
$GPGGA,175058.00,3720.310648,N,12205.104098,W,7,,0.38,79.65,M,0.0,M,0.0,0000*50
$GPRMC,175058.00,A,3720.310648,N,12205.104098,W,059.8,305.1,050620,,,A*4E
$GPGGA,175059.00,3720.319960,N,12205.120723,W,7,,0.38,79.67,M,0.0,M,0.0,0000*5E
$GPRMC,175059.00,A,3720.319960,N,12205.120723,W,060.1,305.0,050620,,,A*40
$GPGGA,175100.00,3720.329937,N,12205.138561,W,7,,0.38,79.45,M,0.0,M,0.0,0000*5F
$GPRMC,175100.00,A,3720.329937,N,12205.138561,W,060.5,304.9,050620,,,A*4D
$GPGGA,175101.00,3720.339550,N,12205.155956,W,7,,0.38,79.28,M,0.0,M,0.0,0000*5A
$GPRMC,175101.00,A,3720.339550,N,12205.155956,W,060.6,304.7,050620,,,A*4E
$GPGGA,175102.00,3720.349155,N,12205.173199,W,7,,0.38,79.37,M,0.0,M,0.0,0000*5E
$GPRMC,175102.00,A,3720.349155,N,12205.173199,W,060.8,304.7,050620,,,A*4A
$GPGGA,175103.00,3720.358575,N,12205.190107,W,7,,0.38,78.71,M,0.0,M,0.0,0000*50
$GPRMC,175103.00,A,3720.358575,N,12205.190107,W,061.1,304.8,050620,,,A*40
$GPGGA,175104.00,3720.368392,N,12205.207681,W,7,,0.38,78.04,M,0.0,M,0.0,0000*5D
$GPRMC,175104.00,A,3720.368392,N,12205.207681,W,061.6,304.8,050620,,,A*48
$GPGGA,175105.00,3720.378430,N,12205.225814,W,7,,0.38,77.37,M,0.0,M,0.0,0000*5F
$GPRMC,175105.00,A,3720.378430,N,12205.225814,W,062.0,304.7,050620,,,A*4F
$GPGGA,175106.00,3720.388293,N,12205.243759,W,7,,0.38,76.71,M,0.0,M,0.0,0000*59
$GPRMC,175106.00,A,3720.388293,N,12205.243759,W,062.5,304.4,050620,,,A*4C
$GPGGA,175107.00,3720.397804,N,12205.261279,W,7,,0.38,75.99,M,0.0,M,0.0,0000*50
$GPRMC,175107.00,A,3720.397804,N,12205.261279,W,062.8,303.9,050620,,,A*47
$GPGGA,175108.00,3720.407787,N,12205.279939,W,7,,0.38,75.03,M,0.0,M,0.0,0000*50
$GPRMC,175108.00,A,3720.407787,N,12205.279939,W,063.1,303.2,050620,,,A*47
$GPGGA,175109.00,3720.417316,N,12205.298497,W,7,,0.38,74.28,M,0.0,M,0.0,0000*52
$GPRMC,175109.00,A,3720.417316,N,12205.298497,W,063.1,302.1,050620,,,A*4F
$GPGGA,175110.00,3720.426531,N,12205.317223,W,7,,0.38,73.38,M,0.0,M,0.0,0000*52
$GPRMC,175110.00,A,3720.426531,N,12205.317223,W,062.8,301.1,050620,,,A*42
$GPGGA,175111.00,3720.435279,N,12205.335386,W,7,,0.38,72.42,M,0.0,M,0.0,0000*58
$GPRMC,175111.00,A,3720.435279,N,12205.335386,W,062.5,300.7,050620,,,A*4E
$GPGGA,175112.00,3720.444058,N,12205.353968,W,7,,0.38,71.60,M,0.0,M,0.0,0000*55
$GPRMC,175112.00,A,3720.444058,N,12205.353968,W,062.2,300.7,050620,,,A*47
$GPGGA,175113.00,3720.453136,N,12205.373174,W,7,,0.38,70.50,M,0.0,M,0.0,0000*5E
$GPRMC,175113.00,A,3720.453136,N,12205.373174,W,061.8,300.5,050620,,,A*45
$GPGGA,175114.00,3720.462027,N,12205.391749,W,7,,0.38,69.52,M,0.0,M,0.0,0000*54
$GPRMC,175114.00,A,3720.462027,N,12205.391749,W,062.2,300.7,050620,,,A*4E
$GPGGA,175115.00,3720.470895,N,12205.410272,W,7,,0.38,68.34,M,0.0,M,0.0,0000*55
$GPRMC,175115.00,A,3720.470895,N,12205.410272,W,062.7,300.9,050620,,,A*45
$GPGGA,175116.00,3720.480100,N,12205.429010,W,7,,0.38,67.07,M,0.0,M,0.0,0000*5F
$GPRMC,175116.00,A,3720.480100,N,12205.429010,W,063.3,301.6,050620,,,A*4B
$GPGGA,175117.00,3720.489723,N,12205.447808,W,7,,0.38,66.38,M,0.0,M,0.0,0000*54
$GPRMC,175117.00,A,3720.489723,N,12205.447808,W,064.0,303.1,050620,,,A*4C
$GPGGA,175118.00,3720.499779,N,12205.466096,W,7,,0.38,65.62,M,0.0,M,0.0,0000*55
$GPRMC,175118.00,A,3720.499779,N,12205.466096,W,064.5,305.1,050620,,,A*42
$GPGGA,175119.00,3720.510111,N,12205.483711,W,7,,0.38,65.36,M,0.0,M,0.0,0000*5E
$GPRMC,175119.00,A,3720.510111,N,12205.483711,W,064.8,307.1,050620,,,A*47
$GPGGA,175120.00,3720.521421,N,12205.501370,W,7,,0.38,65.37,M,0.0,M,0.0,0000*59
$GPRMC,175120.00,A,3720.521421,N,12205.501370,W,065.0,309.7,050620,,,A*40
$GPGGA,175121.00,3720.533800,N,12205.518937,W,7,,0.38,65.67,M,0.0,M,0.0,0000*50
$GPRMC,175121.00,A,3720.533800,N,12205.518937,W,065.0,312.6,050620,,,A*47
$GPGGA,175122.00,3720.546291,N,12205.535060,W,7,,0.38,66.33,M,0.0,M,0.0,0000*55
$GPRMC,175122.00,A,3720.546291,N,12205.535060,W,064.8,315.0,050620,,,A*48
$GPGGA,175123.00,3720.558838,N,12205.550114,W,7,,0.38,67.15,M,0.0,M,0.0,0000*56
$GPRMC,175123.00,A,3720.558838,N,12205.550114,W,064.2,316.9,050620,,,A*4E
$GPGGA,175124.00,3720.572296,N,12205.565791,W,7,,0.38,68.01,M,0.0,M,0.0,0000*50
$GPRMC,175124.00,A,3720.572296,N,12205.565791,W,063.7,317.4,050620,,,A*4C
$GPGGA,175125.00,3720.585352,N,12205.580546,W,7,,0.38,68.50,M,0.0,M,0.0,0000*57
$GPRMC,175125.00,A,3720.585352,N,12205.580546,W,063.4,317.7,050620,,,A*4F
$GPGGA,175126.00,3720.598414,N,12205.595408,W,7,,0.38,69.00,M,0.0,M,0.0,0000*56
$GPRMC,175126.00,A,3720.598414,N,12205.595408,W,063.1,317.7,050620,,,A*4F
$GPGGA,175127.00,3720.611013,N,12205.609807,W,7,,0.38,69.59,M,0.0,M,0.0,0000*5F
$GPRMC,175127.00,A,3720.611013,N,12205.609807,W,063.0,317.6,050620,,,A*4A
$GPGGA,175128.00,3720.623848,N,12205.624483,W,7,,0.38,70.04,M,0.0,M,0.0,0000*58
$GPRMC,175128.00,A,3720.623848,N,12205.624483,W,062.9,317.7,050620,,,A*44
$GPGGA,175129.00,3720.637162,N,12205.639813,W,7,,0.38,70.59,M,0.0,M,0.0,0000*5C
$GPRMC,175129.00,A,3720.637162,N,12205.639813,W,062.8,317.4,050620,,,A*4A
$GPGGA,175130.00,3720.649875,N,12205.654916,W,7,,0.38,71.04,M,0.0,M,0.0,0000*54
$GPRMC,175130.00,A,3720.649875,N,12205.654916,W,062.7,316.4,050620,,,A*45
$GPGGA,175131.00,3720.661875,N,12205.669910,W,7,,0.38,73.16,M,0.0,M,0.0,0000*56
$GPRMC,175131.00,A,3720.661875,N,12205.669910,W,062.8,314.3,050620,,,A*4C
$GPGGA,175132.00,3720.674110,N,12205.686301,W,7,,0.38,72.23,M,0.0,M,0.0,0000*57
$GPRMC,175132.00,A,3720.674110,N,12205.686301,W,062.9,311.8,050620,,,A*45
$GPGGA,175133.00,3720.685557,N,12205.702970,W,7,,0.38,71.71,M,0.0,M,0.0,0000*5A
$GPRMC,175133.00,A,3720.685557,N,12205.702970,W,062.8,309.9,050620,,,A*45
$GPGGA,175134.00,3720.696292,N,12205.720148,W,7,,0.38,71.13,M,0.0,M,0.0,0000*56
$GPRMC,175134.00,A,3720.696292,N,12205.720148,W,062.3,306.8,050620,,,A*48
$GPGGA,175135.00,3720.705964,N,12205.737115,W,7,,0.38,70.69,M,0.0,M,0.0,0000*5C
$GPRMC,175135.00,A,3720.705964,N,12205.737115,W,062.4,304.8,050620,,,A*4B
$GPGGA,175136.00,3720.715672,N,12205.755283,W,7,,0.38,70.13,M,0.0,M,0.0,0000*53
$GPRMC,175136.00,A,3720.715672,N,12205.755283,W,062.7,303.0,050620,,,A*45
$GPGGA,175137.00,3720.725266,N,12205.774604,W,7,,0.38,69.35,M,0.0,M,0.0,0000*54
$GPRMC,175137.00,A,3720.725266,N,12205.774604,W,063.3,300.8,050620,,,A*40
$GPGGA,175138.00,3720.733942,N,12205.793743,W,7,,0.38,68.32,M,0.0,M,0.0,0000*5C
$GPRMC,175138.00,A,3720.733942,N,12205.793743,W,063.8,298.5,050620,,,A*48
$GPGGA,175139.00,3720.742078,N,12205.812884,W,7,,0.38,67.09,M,0.0,M,0.0,0000*5E
$GPRMC,175139.00,A,3720.742078,N,12205.812884,W,064.4,297.5,050620,,,A*49
$GPGGA,175140.00,3720.750688,N,12205.833529,W,7,,0.38,65.96,M,0.0,M,0.0,0000*57
$GPRMC,175140.00,A,3720.750688,N,12205.833529,W,064.7,297.7,050620,,,A*45
$GPGGA,175141.00,3720.759273,N,12205.853612,W,7,,0.38,64.82,M,0.0,M,0.0,0000*56
$GPRMC,175141.00,A,3720.759273,N,12205.853612,W,065.3,298.3,050620,,,A*4E
$GPGGA,175142.00,3720.767866,N,12205.873562,W,7,,0.38,63.67,M,0.0,M,0.0,0000*5C
$GPRMC,175142.00,A,3720.767866,N,12205.873562,W,065.8,298.3,050620,,,A*43
$GPGGA,175143.00,3720.776260,N,12205.893175,W,7,,0.38,62.53,M,0.0,M,0.0,0000*5B
$GPRMC,175143.00,A,3720.776260,N,12205.893175,W,065.7,297.9,050620,,,A*48
$GPGGA,175144.00,3720.784737,N,12205.913407,W,7,,0.38,61.67,M,0.0,M,0.0,0000*5B
$GPRMC,175144.00,A,3720.784737,N,12205.913407,W,065.2,297.6,050620,,,A*46
$GPGGA,175145.00,3720.793264,N,12205.933891,W,7,,0.38,61.20,M,0.0,M,0.0,0000*5D
$GPRMC,175145.00,A,3720.793264,N,12205.933891,W,064.4,297.5,050620,,,A*47
$GPGGA,175146.00,3720.801531,N,12205.953662,W,7,,0.38,61.02,M,0.0,M,0.0,0000*59
$GPRMC,175146.00,A,3720.801531,N,12205.953662,W,063.5,297.8,050620,,,A*48
$GPGGA,175147.00,3720.809494,N,12205.972502,W,7,,0.38,60.89,M,0.0,M,0.0,0000*5A
$GPRMC,175147.00,A,3720.809494,N,12205.972502,W,062.8,298.1,050620,,,A*43
$GPGGA,175148.00,3720.817822,N,12205.992122,W,7,,0.38,61.02,M,0.0,M,0.0,0000*51
$GPRMC,175148.00,A,3720.817822,N,12205.992122,W,061.9,297.9,050620,,,A*4F
$GPGGA,175149.00,3720.825849,N,12206.011148,W,7,,0.38,61.41,M,0.0,M,0.0,0000*56
$GPRMC,175149.00,A,3720.825849,N,12206.011148,W,061.5,297.8,050620,,,A*42
$GPGGA,175150.00,3720.833872,N,12206.030101,W,7,,0.38,61.70,M,0.0,M,0.0,0000*5D
$GPRMC,175150.00,A,3720.833872,N,12206.030101,W,061.3,298.0,050620,,,A*4A
$GPGGA,175151.00,3720.841846,N,12206.048804,W,7,,0.38,61.85,M,0.0,M,0.0,0000*57
$GPRMC,175151.00,A,3720.841846,N,12206.048804,W,061.1,298.1,050620,,,A*49
$GPGGA,175152.00,3720.849573,N,12206.066899,W,7,,0.38,64.58,M,0.0,M,0.0,0000*5A
$GPRMC,175152.00,A,3720.849573,N,12206.066899,W,060.2,298.2,050620,,,A*40
$GPGGA,175153.00,3720.857919,N,12206.085764,W,7,,0.38,63.47,M,0.0,M,0.0,0000*5D
$GPRMC,175153.00,A,3720.857919,N,12206.085764,W,059.5,299.3,050620,,,A*43
$GPGGA,175154.00,3720.865978,N,12206.103038,W,7,,0.38,62.65,M,0.0,M,0.0,0000*5C
$GPRMC,175154.00,A,3720.865978,N,12206.103038,W,058.8,301.0,050620,,,A*4C
$GPGGA,175155.00,3720.874876,N,12206.120630,W,7,,0.38,62.04,M,0.0,M,0.0,0000*5A
$GPRMC,175155.00,A,3720.874876,N,12206.120630,W,058.1,303.4,050620,,,A*42
$GPGGA,175156.00,3720.884043,N,12206.137123,W,7,,0.38,61.46,M,0.0,M,0.0,0000*5E
$GPRMC,175156.00,A,3720.884043,N,12206.137123,W,057.2,305.8,050620,,,A*45
$GPGGA,175157.00,3720.893679,N,12206.152874,W,7,,0.38,60.89,M,0.0,M,0.0,0000*5C
$GPRMC,175157.00,A,3720.893679,N,12206.152874,W,056.5,308.2,050620,,,A*44
$GPGGA,175158.00,3720.903580,N,12206.167807,W,7,,0.38,60.12,M,0.0,M,0.0,0000*5E
$GPRMC,175158.00,A,3720.903580,N,12206.167807,W,055.8,310.3,050620,,,A*42
$GPGGA,175159.00,3720.913479,N,12206.181686,W,7,,0.38,59.46,M,0.0,M,0.0,0000*5D
$GPRMC,175159.00,A,3720.913479,N,12206.181686,W,054.7,312.5,050620,,,A*40
$GPGGA,175200.00,3720.924082,N,12206.195221,W,7,,0.38,59.83,M,0.0,M,0.0,0000*53
$GPRMC,175200.00,A,3720.924082,N,12206.195221,W,053.8,315.7,050620,,,A*4A
$GPGGA,175201.00,3720.935242,N,12206.208080,W,7,,0.38,58.51,M,0.0,M,0.0,0000*5C
$GPRMC,175201.00,A,3720.935242,N,12206.208080,W,052.7,318.4,050620,,,A*4B
$GPGGA,175202.00,3720.946389,N,12206.219906,W,7,,0.38,57.25,M,0.0,M,0.0,0000*56
$GPRMC,175202.00,A,3720.946389,N,12206.219906,W,052.1,320.3,050620,,,A*47
$GPGGA,175203.00,3720.957352,N,12206.230741,W,7,,0.38,56.33,M,0.0,M,0.0,0000*51
$GPRMC,175203.00,A,3720.957352,N,12206.230741,W,051.5,322.5,050620,,,A*45
$GPGGA,175204.00,3720.969309,N,12206.241560,W,7,,0.38,55.45,M,0.0,M,0.0,0000*50
$GPRMC,175204.00,A,3720.969309,N,12206.241560,W,051.0,324.8,050620,,,A*48
$GPGGA,175205.00,3720.980937,N,12206.251219,W,7,,0.38,54.55,M,0.0,M,0.0,0000*59
$GPRMC,175205.00,A,3720.980937,N,12206.251219,W,050.2,327.2,050620,,,A*4B
$GPGGA,175206.00,3720.992751,N,12206.260448,W,7,,0.38,53.87,M,0.0,M,0.0,0000*5F
$GPRMC,175206.00,A,3720.992751,N,12206.260448,W,049.5,328.5,050620,,,A*42
$GPGGA,175207.00,3721.004116,N,12206.268992,W,7,,0.38,53.15,M,0.0,M,0.0,0000*55
$GPRMC,175207.00,A,3721.004116,N,12206.268992,W,049.0,329.1,050620,,,A*43
$GPGGA,175208.00,3721.015707,N,12206.277631,W,7,,0.38,52.35,M,0.0,M,0.0,0000*57
$GPRMC,175208.00,A,3721.015707,N,12206.277631,W,048.6,329.1,050620,,,A*45
$GPGGA,175209.00,3721.027612,N,12206.286577,W,7,,0.38,51.72,M,0.0,M,0.0,0000*5D
$GPRMC,175209.00,A,3721.027612,N,12206.286577,W,048.1,328.7,050620,,,A*4F
$GPGGA,175210.00,3721.039042,N,12206.295211,W,7,,0.38,51.28,M,0.0,M,0.0,0000*53
$GPRMC,175210.00,A,3721.039042,N,12206.295211,W,047.8,328.6,050620,,,A*49
$GPGGA,175211.00,3721.050393,N,12206.303929,W,7,,0.38,50.88,M,0.0,M,0.0,0000*57
$GPRMC,175211.00,A,3721.050393,N,12206.303929,W,048.5,328.5,050620,,,A*47
$GPGGA,175212.00,3721.062039,N,12206.312791,W,7,,0.38,50.77,M,0.0,M,0.0,0000*5B
$GPRMC,175212.00,A,3721.062039,N,12206.312791,W,049.1,328.8,050620,,,A*43
$GPGGA,175213.00,3721.073781,N,12206.321767,W,7,,0.38,50.95,M,0.0,M,0.0,0000*5B
$GPRMC,175213.00,A,3721.073781,N,12206.321767,W,049.5,328.8,050620,,,A*4B
$GPGGA,175214.00,3721.085194,N,12206.330552,W,7,,0.38,51.31,M,0.0,M,0.0,0000*5C
$GPRMC,175214.00,A,3721.085194,N,12206.330552,W,049.6,328.5,050620,,,A*4D
$GPGGA,175215.00,3721.096786,N,12206.339743,W,7,,0.38,51.64,M,0.0,M,0.0,0000*51
$GPRMC,175215.00,A,3721.096786,N,12206.339743,W,049.9,327.2,050620,,,A*47
$GPGGA,175216.00,3721.108341,N,12206.349481,W,7,,0.38,51.97,M,0.0,M,0.0,0000*5D
$GPRMC,175216.00,A,3721.108341,N,12206.349481,W,050.0,325.5,050620,,,A*43
$GPGGA,175217.00,3721.120066,N,12206.359976,W,7,,0.38,52.45,M,0.0,M,0.0,0000*58
$GPRMC,175217.00,A,3721.120066,N,12206.359976,W,050.1,323.7,050620,,,A*4F
$GPGGA,175218.00,3721.131088,N,12206.370632,W,7,,0.38,53.15,M,0.0,M,0.0,0000*57
$GPRMC,175218.00,A,3721.131088,N,12206.370632,W,050.4,322.0,050620,,,A*47
$GPGGA,175219.00,3721.141641,N,12206.381534,W,7,,0.38,53.91,M,0.0,M,0.0,0000*55
$GPRMC,175219.00,A,3721.141641,N,12206.381534,W,050.8,320.0,050620,,,A*47
$GPGGA,175220.00,3721.152676,N,12206.393756,W,7,,0.38,54.72,M,0.0,M,0.0,0000*56
$GPRMC,175220.00,A,3721.152676,N,12206.393756,W,051.3,318.0,050620,,,A*4F
$GPGGA,175221.00,3721.163116,N,12206.405827,W,7,,0.38,55.36,M,0.0,M,0.0,0000*54
$GPRMC,175221.00,A,3721.163116,N,12206.405827,W,051.8,317.2,050620,,,A*4A
$GPGGA,175222.00,3721.173478,N,12206.418565,W,7,,0.38,56.13,M,0.0,M,0.0,0000*58
$GPRMC,175222.00,A,3721.173478,N,12206.418565,W,052.2,314.8,050620,,,A*42
$GPGGA,175223.00,3721.183185,N,12206.431472,W,7,,0.38,56.86,M,0.0,M,0.0,0000*51
$GPRMC,175223.00,A,3721.183185,N,12206.431472,W,052.6,312.5,050620,,,A*48
$GPGGA,175224.00,3721.192834,N,12206.445344,W,7,,0.38,57.56,M,0.0,M,0.0,0000*58
$GPRMC,175224.00,A,3721.192834,N,12206.445344,W,052.9,310.2,050620,,,A*47
$GPGGA,175225.00,3721.202332,N,12206.460013,W,7,,0.38,58.35,M,0.0,M,0.0,0000*52
$GPRMC,175225.00,A,3721.202332,N,12206.460013,W,053.1,308.6,050620,,,A*43
$GPGGA,175226.00,3721.211361,N,12206.474870,W,7,,0.38,60.28,M,0.0,M,0.0,0000*5A
$GPRMC,175226.00,A,3721.211361,N,12206.474870,W,053.6,307.0,050620,,,A*42
$GPGGA,175227.00,3721.219954,N,12206.489527,W,7,,0.38,60.07,M,0.0,M,0.0,0000*5F
$GPRMC,175227.00,A,3721.219954,N,12206.489527,W,053.9,305.7,050620,,,A*40
$GPGGA,175228.00,3721.228744,N,12206.505422,W,7,,0.38,60.09,M,0.0,M,0.0,0000*52
$GPRMC,175228.00,A,3721.228744,N,12206.505422,W,054.3,304.2,050620,,,A*4A
$GPGGA,175229.00,3721.236982,N,12206.521471,W,7,,0.38,60.34,M,0.0,M,0.0,0000*56
$GPRMC,175229.00,A,3721.236982,N,12206.521471,W,054.8,302.1,050620,,,A*4E
$GPGGA,175230.00,3721.244800,N,12206.538073,W,7,,0.38,60.43,M,0.0,M,0.0,0000*5E
$GPRMC,175230.00,A,3721.244800,N,12206.538073,W,055.3,299.7,050620,,,A*49
$GPGGA,175231.00,3721.251855,N,12206.554477,W,7,,0.38,60.46,M,0.0,M,0.0,0000*54
$GPRMC,175231.00,A,3721.251855,N,12206.554477,W,055.7,297.5,050620,,,A*4E
$GPGGA,175232.00,3721.258660,N,12206.571709,W,7,,0.38,60.36,M,0.0,M,0.0,0000*5C
$GPRMC,175232.00,A,3721.258660,N,12206.571709,W,054.7,295.5,050620,,,A*42
$GPGGA,175233.00,3721.265127,N,12206.589301,W,7,,0.38,60.25,M,0.0,M,0.0,0000*5E
$GPRMC,175233.00,A,3721.265127,N,12206.589301,W,053.2,294.3,050620,,,A*47
$GPGGA,175234.00,3721.270827,N,12206.605951,W,7,,0.38,60.03,M,0.0,M,0.0,0000*58
$GPRMC,175234.00,A,3721.270827,N,12206.605951,W,051.7,292.8,050620,,,A*4F
$GPGGA,175235.00,3721.275832,N,12206.621905,W,7,,0.38,59.72,M,0.0,M,0.0,0000*53
$GPRMC,175235.00,A,3721.275832,N,12206.621905,W,050.1,291.3,050620,,,A*47
$GPGGA,175236.00,3721.280542,N,12206.638532,W,7,,0.38,59.32,M,0.0,M,0.0,0000*54
$GPRMC,175236.00,A,3721.280542,N,12206.638532,W,048.3,289.8,050620,,,A*4D
$GPGGA,175237.00,3721.284765,N,12206.654251,W,7,,0.38,58.70,M,0.0,M,0.0,0000*59
$GPRMC,175237.00,A,3721.284765,N,12206.654251,W,047.1,288.6,050620,,,A*45
$GPGGA,175238.00,3721.288642,N,12206.669666,W,7,,0.38,58.22,M,0.0,M,0.0,0000*57
$GPRMC,175238.00,A,3721.288642,N,12206.669666,W,046.4,287.9,050620,,,A*48
$GPGGA,175239.00,3721.292326,N,12206.684432,W,7,,0.38,57.93,M,0.0,M,0.0,0000*5F
$GPRMC,175239.00,A,3721.292326,N,12206.684432,W,045.3,287.7,050620,,,A*4F
$GPGGA,175240.00,3721.296069,N,12206.699222,W,7,,0.38,58.00,M,0.0,M,0.0,0000*53
$GPRMC,175240.00,A,3721.296069,N,12206.699222,W,044.1,287.9,050620,,,A*4B
$GPGGA,175241.00,3721.299814,N,12206.714053,W,7,,0.38,58.05,M,0.0,M,0.0,0000*5A
$GPRMC,175241.00,A,3721.299814,N,12206.714053,W,043.4,287.8,050620,,,A*44
$GPGGA,175242.00,3721.303426,N,12206.728406,W,7,,0.38,58.27,M,0.0,M,0.0,0000*5D
$GPRMC,175242.00,A,3721.303426,N,12206.728406,W,042.8,287.6,050620,,,A*40
$GPGGA,175243.00,3721.306846,N,12206.742103,W,7,,0.38,58.67,M,0.0,M,0.0,0000*5B
$GPRMC,175243.00,A,3721.306846,N,12206.742103,W,042.2,287.4,050620,,,A*4A
$GPGGA,175244.00,3721.310403,N,12206.756312,W,7,,0.38,59.22,M,0.0,M,0.0,0000*51
$GPRMC,175244.00,A,3721.310403,N,12206.756312,W,041.3,287.5,050620,,,A*43
$GPGGA,175245.00,3721.313920,N,12206.770088,W,7,,0.38,59.63,M,0.0,M,0.0,0000*5E
$GPRMC,175245.00,A,3721.313920,N,12206.770088,W,041.4,287.7,050620,,,A*4C
$GPGGA,175246.00,3721.317466,N,12206.783906,W,7,,0.38,60.10,M,0.0,M,0.0,0000*5B
$GPRMC,175246.00,A,3721.317466,N,12206.783906,W,041.7,288.1,050620,,,A*4D
$GPGGA,175247.00,3721.321078,N,12206.797423,W,7,,0.38,60.77,M,0.0,M,0.0,0000*5A
$GPRMC,175247.00,A,3721.321078,N,12206.797423,W,042.3,288.9,050620,,,A*42
$GPGGA,175248.00,3721.325164,N,12206.811271,W,7,,0.38,61.40,M,0.0,M,0.0,0000*58
$GPRMC,175248.00,A,3721.325164,N,12206.811271,W,043.0,290.7,050620,,,A*40
$GPGGA,175249.00,3721.329807,N,12206.825810,W,7,,0.38,62.24,M,0.0,M,0.0,0000*52
$GPRMC,175249.00,A,3721.329807,N,12206.825810,W,043.7,292.5,050620,,,A*4C
$GPGGA,175250.00,3721.334595,N,12206.839466,W,7,,0.38,63.02,M,0.0,M,0.0,0000*55
$GPRMC,175250.00,A,3721.334595,N,12206.839466,W,044.3,294.1,050620,,,A*4F
$GPGGA,175251.00,3721.339839,N,12206.853470,W,7,,0.38,63.72,M,0.0,M,0.0,0000*5E
$GPRMC,175251.00,A,3721.339839,N,12206.853470,W,045.0,295.7,050620,,,A*46
$GPGGA,175252.00,3721.345666,N,12206.868085,W,7,,0.38,64.39,M,0.0,M,0.0,0000*5C
$GPRMC,175252.00,A,3721.345666,N,12206.868085,W,045.6,296.8,050620,,,A*46
$GPGGA,175253.00,3721.351654,N,12206.882228,W,7,,0.38,64.12,M,0.0,M,0.0,0000*51
$GPRMC,175253.00,A,3721.351654,N,12206.882228,W,045.9,298.0,050620,,,A*4B
$GPGGA,175254.00,3721.357840,N,12206.896207,W,7,,0.38,65.09,M,0.0,M,0.0,0000*58
$GPRMC,175254.00,A,3721.357840,N,12206.896207,W,046.3,299.4,050620,,,A*45
$GPGGA,175255.00,3721.364266,N,12206.909702,W,7,,0.38,65.94,M,0.0,M,0.0,0000*54
$GPRMC,175255.00,A,3721.364266,N,12206.909702,W,046.7,301.4,050620,,,A*49
$GPGGA,175256.00,3721.371405,N,12206.923604,W,7,,0.38,66.77,M,0.0,M,0.0,0000*51
$GPRMC,175256.00,A,3721.371405,N,12206.923604,W,047.6,303.4,050620,,,A*40
$GPGGA,175257.00,3721.379277,N,12206.937878,W,7,,0.38,67.68,M,0.0,M,0.0,0000*54
$GPRMC,175257.00,A,3721.379277,N,12206.937878,W,048.5,305.2,050620,,,A*46
$GPGGA,175258.00,3721.387258,N,12206.951468,W,7,,0.38,68.44,M,0.0,M,0.0,0000*5B
$GPRMC,175258.00,A,3721.387258,N,12206.951468,W,048.9,306.7,050620,,,A*42
$GPGGA,175259.00,3721.395394,N,12206.964613,W,7,,0.38,69.21,M,0.0,M,0.0,0000*52
$GPRMC,175259.00,A,3721.395394,N,12206.964613,W,049.3,308.6,050620,,,A*4D
$GPGGA,175300.00,3721.404442,N,12206.978024,W,7,,0.38,70.08,M,0.0,M,0.0,0000*50
$GPRMC,175300.00,A,3721.404442,N,12206.978024,W,048.4,311.1,050620,,,A*45
$GPGGA,175301.00,3721.413315,N,12206.990233,W,7,,0.38,70.70,M,0.0,M,0.0,0000*5F
$GPRMC,175301.00,A,3721.413315,N,12206.990233,W,047.4,312.9,050620,,,A*41
$GPGGA,175302.00,3721.422316,N,12207.002071,W,7,,0.38,71.51,M,0.0,M,0.0,0000*58
$GPRMC,175302.00,A,3721.422316,N,12207.002071,W,046.3,314.0,050620,,,A*4D
$GPGGA,175303.00,3721.431070,N,12207.013045,W,7,,0.38,72.10,M,0.0,M,0.0,0000*59
$GPRMC,175303.00,A,3721.431070,N,12207.013045,W,045.7,315.2,050620,,,A*4E
$GPGGA,175304.00,3721.440262,N,12207.024080,W,7,,0.38,72.67,M,0.0,M,0.0,0000*54
$GPRMC,175304.00,A,3721.440262,N,12207.024080,W,046.1,316.7,050620,,,A*40
$GPGGA,175305.00,3721.450131,N,12207.035282,W,7,,0.38,73.18,M,0.0,M,0.0,0000*58
$GPRMC,175305.00,A,3721.450131,N,12207.035282,W,046.4,318.5,050620,,,A*4C
$GPGGA,175306.00,3721.460019,N,12207.045722,W,7,,0.38,73.69,M,0.0,M,0.0,0000*5D
$GPRMC,175306.00,A,3721.460019,N,12207.045722,W,046.4,320.7,050620,,,A*46
$GPGGA,175307.00,3721.469967,N,12207.055592,W,7,,0.38,73.88,M,0.0,M,0.0,0000*52
$GPRMC,175307.00,A,3721.469967,N,12207.055592,W,045.8,322.2,050620,,,A*4E
$GPGGA,175308.00,3721.480276,N,12207.065275,W,7,,0.38,71.81,M,0.0,M,0.0,0000*57
$GPRMC,175308.00,A,3721.480276,N,12207.065275,W,046.4,323.3,050620,,,A*4F
$GPGGA,175309.00,3721.490830,N,12207.074906,W,7,,0.39,72.80,M,0.0,M,0.0,0000*53
$GPRMC,175309.00,A,3721.490830,N,12207.074906,W,047.1,324.3,050620,,,A*4B
$GPGGA,175310.00,3721.501438,N,12207.084049,W,7,,0.38,73.15,M,0.0,M,0.0,0000*57
$GPRMC,175310.00,A,3721.501438,N,12207.084049,W,048.0,325.9,050620,,,A*46
$GPGGA,175311.00,3721.512712,N,12207.093074,W,7,,0.38,73.40,M,0.0,M,0.0,0000*57
$GPRMC,175311.00,A,3721.512712,N,12207.093074,W,048.9,328.1,050620,,,A*4A
$GPGGA,175312.00,3721.524418,N,12207.101720,W,7,,0.38,73.50,M,0.0,M,0.0,0000*55
$GPRMC,175312.00,A,3721.524418,N,12207.101720,W,048.8,330.2,050620,,,A*42
$GPGGA,175313.00,3721.536705,N,12207.110185,W,7,,0.38,73.45,M,0.0,M,0.0,0000*55
$GPRMC,175313.00,A,3721.536705,N,12207.110185,W,048.6,331.9,050620,,,A*42
$GPGGA,175314.00,3721.548729,N,12207.117943,W,7,,0.38,73.40,M,0.0,M,0.0,0000*55
$GPRMC,175314.00,A,3721.548729,N,12207.117943,W,049.1,332.8,050620,,,A*43
$GPGGA,175315.00,3721.560633,N,12207.125509,W,7,,0.38,73.23,M,0.0,M,0.0,0000*52
$GPRMC,175315.00,A,3721.560633,N,12207.125509,W,049.6,333.5,050620,,,A*4A
$GPGGA,175316.00,3721.573600,N,12207.133465,W,7,,0.38,72.95,M,0.0,M,0.0,0000*53
$GPRMC,175316.00,A,3721.573600,N,12207.133465,W,050.5,334.0,050620,,,A*4E
$GPGGA,175317.00,3721.586332,N,12207.141032,W,7,,0.38,72.39,M,0.0,M,0.0,0000*59
$GPRMC,175317.00,A,3721.586332,N,12207.141032,W,051.4,334.5,050620,,,A*47
$GPGGA,175318.00,3721.599460,N,12207.148730,W,7,,0.38,71.88,M,0.0,M,0.0,0000*5D
$GPRMC,175318.00,A,3721.599460,N,12207.148730,W,052.3,334.8,050620,,,A*43
$GPGGA,175319.00,3721.612329,N,12207.156380,W,7,,0.38,71.35,M,0.0,M,0.0,0000*50
$GPRMC,175319.00,A,3721.612329,N,12207.156380,W,053.0,334.3,050620,,,A*41
$GPGGA,175320.00,3721.625614,N,12207.164449,W,7,,0.38,70.59,M,0.0,M,0.0,0000*5D
$GPRMC,175320.00,A,3721.625614,N,12207.164449,W,053.8,333.9,050620,,,A*42
$GPGGA,175321.00,3721.639600,N,12207.173023,W,7,,0.38,69.59,M,0.0,M,0.0,0000*52
$GPRMC,175321.00,A,3721.639600,N,12207.173023,W,054.0,333.9,050620,,,A*4A
$GPGGA,175322.00,3721.653166,N,12207.181262,W,7,,0.38,68.67,M,0.0,M,0.0,0000*5C
$GPRMC,175322.00,A,3721.653166,N,12207.181262,W,054.0,333.6,050620,,,A*47
$GPGGA,175323.00,3721.666251,N,12207.189505,W,7,,0.38,67.90,M,0.0,M,0.0,0000*55
$GPRMC,175323.00,A,3721.666251,N,12207.189505,W,054.3,333.2,050620,,,A*4E
$GPGGA,175324.00,3721.680046,N,12207.198188,W,7,,0.38,67.16,M,0.0,M,0.0,0000*51
$GPRMC,175324.00,A,3721.680046,N,12207.198188,W,054.1,333.1,050620,,,A*45
$GPGGA,175325.00,3721.693497,N,12207.206954,W,7,,0.38,68.47,M,0.0,M,0.0,0000*5C
$GPRMC,175325.00,A,3721.693497,N,12207.206954,W,054.4,332.0,050620,,,A*46
$GPGGA,175326.00,3721.706949,N,12207.216332,W,7,,0.38,66.76,M,0.0,M,0.0,0000*5B
$GPRMC,175326.00,A,3721.706949,N,12207.216332,W,055.4,330.0,050620,,,A*4E
$GPGGA,175327.00,3721.719784,N,12207.226022,W,7,,0.38,65.42,M,0.0,M,0.0,0000*5E
$GPRMC,175327.00,A,3721.719784,N,12207.226022,W,056.3,327.9,050620,,,A*44
$GPGGA,175328.00,3721.733157,N,12207.236966,W,7,,0.38,64.17,M,0.0,M,0.0,0000*58
$GPRMC,175328.00,A,3721.733157,N,12207.236966,W,057.5,325.6,050620,,,A*49
$GPGGA,175329.00,3721.746759,N,12207.249074,W,7,,0.38,63.04,M,0.0,M,0.0,0000*54
$GPRMC,175329.00,A,3721.746759,N,12207.249074,W,058.4,323.3,050620,,,A*4D
$GPGGA,175330.00,3721.759438,N,12207.261770,W,7,,0.38,62.00,M,0.0,M,0.0,0000*5A
$GPRMC,175330.00,A,3721.759438,N,12207.261770,W,058.9,320.1,050620,,,A*4A
$GPGGA,175331.00,3721.771533,N,12207.274945,W,7,,0.38,61.25,M,0.0,M,0.0,0000*53
$GPRMC,175331.00,A,3721.771533,N,12207.274945,W,059.5,317.9,050620,,,A*46
$GPGGA,175332.00,3721.784049,N,12207.289748,W,7,,0.38,60.69,M,0.0,M,0.0,0000*5A
$GPRMC,175332.00,A,3721.784049,N,12207.289748,W,060.0,315.8,050620,,,A*4A
$GPGGA,175333.00,3721.795744,N,12207.304825,W,7,,0.38,60.45,M,0.0,M,0.0,0000*5F
$GPRMC,175333.00,A,3721.795744,N,12207.304825,W,060.3,313.1,050620,,,A*4D
$GPGGA,175334.00,3721.806807,N,12207.320468,W,7,,0.38,60.33,M,0.0,M,0.0,0000*57
$GPRMC,175334.00,A,3721.806807,N,12207.320468,W,060.5,310.4,050620,,,A*44
$GPGGA,175335.00,3721.817116,N,12207.336415,W,7,,0.38,60.49,M,0.0,M,0.0,0000*5F
$GPRMC,175335.00,A,3721.817116,N,12207.336415,W,060.7,308.2,050620,,,A*4C
$GPGGA,175336.00,3721.827135,N,12207.353377,W,7,,0.38,60.57,M,0.0,M,0.0,0000*51
$GPRMC,175336.00,A,3721.827135,N,12207.353377,W,060.3,305.5,050620,,,A*43
$GPGGA,175337.00,3721.836598,N,12207.371221,W,7,,0.38,60.71,M,0.0,M,0.0,0000*55
$GPRMC,175337.00,A,3721.836598,N,12207.371221,W,059.9,302.4,050620,,,A*45
$GPGGA,175338.00,3721.845225,N,12207.388987,W,7,,0.38,61.01,M,0.0,M,0.0,0000*58
$GPRMC,175338.00,A,3721.845225,N,12207.388987,W,059.2,300.5,050620,,,A*46
$GPGGA,175339.00,3721.852989,N,12207.406363,W,7,,0.38,61.30,M,0.0,M,0.0,0000*51
$GPRMC,175339.00,A,3721.852989,N,12207.406363,W,058.7,298.6,050620,,,A*4A
$GPGGA,175340.00,3721.860634,N,12207.425005,W,7,,0.38,61.53,M,0.0,M,0.0,0000*50
$GPRMC,175340.00,A,3721.860634,N,12207.425005,W,058.6,296.3,050620,,,A*44
$GPGGA,175341.00,3721.867323,N,12207.443557,W,7,,0.38,61.70,M,0.0,M,0.0,0000*56
$GPRMC,175341.00,A,3721.867323,N,12207.443557,W,058.1,293.4,050620,,,A*46
$GPGGA,175342.00,3721.873330,N,12207.462115,W,7,,0.38,61.72,M,0.0,M,0.0,0000*51
$GPRMC,175342.00,A,3721.873330,N,12207.462115,W,057.3,291.1,050620,,,A*49
$GPGGA,175343.00,3721.878633,N,12207.480643,W,7,,0.38,62.05,M,0.0,M,0.0,0000*56
$GPRMC,175343.00,A,3721.878633,N,12207.480643,W,056.8,289.0,050620,,,A*4F
$GPGGA,175344.00,3721.883199,N,12207.499004,W,7,,0.38,62.32,M,0.0,M,0.0,0000*5B
$GPRMC,175344.00,A,3721.883199,N,12207.499004,W,056.7,286.4,050620,,,A*42
$GPGGA,175345.00,3721.887351,N,12207.518780,W,7,,0.38,62.55,M,0.0,M,0.0,0000*5A
$GPRMC,175345.00,A,3721.887351,N,12207.518780,W,056.6,284.0,050620,,,A*45
$GPGGA,175346.00,3721.890664,N,12207.537392,W,7,,0.38,62.79,M,0.0,M,0.0,0000*58
$GPRMC,175346.00,A,3721.890664,N,12207.537392,W,056.3,281.8,050620,,,A*41
$GPGGA,175347.00,3721.893514,N,12207.556568,W,7,,0.38,63.10,M,0.0,M,0.0,0000*54
$GPRMC,175347.00,A,3721.893514,N,12207.556568,W,056.3,279.9,050620,,,A*45
$GPGGA,175348.00,3721.895812,N,12207.576602,W,7,,0.38,63.63,M,0.0,M,0.0,0000*5F
$GPRMC,175348.00,A,3721.895812,N,12207.576602,W,056.3,277.4,050620,,,A*49
$GPGGA,175349.00,3721.897366,N,12207.596162,W,7,,0.38,64.24,M,0.0,M,0.0,0000*5F
$GPRMC,175349.00,A,3721.897366,N,12207.596162,W,056.2,274.8,050620,,,A*43
$GPGGA,175350.00,3721.898373,N,12207.615547,W,7,,0.38,64.79,M,0.0,M,0.0,0000*5F
$GPRMC,175350.00,A,3721.898373,N,12207.615547,W,056.2,273.2,050620,,,A*46
$GPGGA,175351.00,3721.898902,N,12207.634573,W,7,,0.38,65.37,M,0.0,M,0.0,0000*5D
$GPRMC,175351.00,A,3721.898902,N,12207.634573,W,056.3,271.5,050620,,,A*4B
$GPGGA,175352.00,3721.899141,N,12207.654193,W,7,,0.38,65.87,M,0.0,M,0.0,0000*57
$GPRMC,175352.00,A,3721.899141,N,12207.654193,W,056.1,270.5,050620,,,A*49
$GPGGA,175353.00,3721.899202,N,12207.673964,W,7,,0.38,66.72,M,0.0,M,0.0,0000*5E
$GPRMC,175353.00,A,3721.899202,N,12207.673964,W,055.0,270.3,050620,,,A*4D
$GPGGA,175354.00,3721.899382,N,12207.692629,W,7,,0.38,67.39,M,0.0,M,0.0,0000*57
$GPRMC,175354.00,A,3721.899382,N,12207.692629,W,052.7,270.8,050620,,,A*41
$GPGGA,175355.00,3721.899543,N,12207.709975,W,7,,0.38,68.20,M,0.0,M,0.0,0000*5F
$GPRMC,175355.00,A,3721.899543,N,12207.709975,W,050.6,270.8,050620,,,A*4D
$GPGGA,175356.00,3721.899670,N,12207.727873,W,7,,0.38,68.87,M,0.0,M,0.0,0000*59
$GPRMC,175356.00,A,3721.899670,N,12207.727873,W,049.1,270.9,050620,,,A*48
$GPGGA,175357.00,3721.899892,N,12207.744512,W,7,,0.38,69.43,M,0.0,M,0.0,0000*5C
$GPRMC,175357.00,A,3721.899892,N,12207.744512,W,047.5,271.2,050620,,,A*44
$GPGGA,175358.00,3721.900275,N,12207.760856,W,7,,0.38,69.87,M,0.0,M,0.0,0000*52
$GPRMC,175358.00,A,3721.900275,N,12207.760856,W,046.3,271.9,050620,,,A*4E
$GPGGA,175359.00,3721.900918,N,12207.776282,W,7,,0.38,70.45,M,0.0,M,0.0,0000*51
$GPRMC,175359.00,A,3721.900918,N,12207.776282,W,045.4,273.9,050620,,,A*4D
$GPGGA,175400.00,3721.902129,N,12207.791695,W,7,,0.38,71.05,M,0.0,M,0.0,0000*5C
$GPRMC,175400.00,A,3721.902129,N,12207.791695,W,044.4,276.4,050620,,,A*4C
$GPGGA,175401.00,3721.903773,N,12207.807337,W,7,,0.38,71.77,M,0.0,M,0.0,0000*5D
$GPRMC,175401.00,A,3721.903773,N,12207.807337,W,043.3,278.4,050620,,,A*46
$GPGGA,175402.00,3721.905730,N,12207.822115,W,7,,0.38,72.46,M,0.0,M,0.0,0000*5B
$GPRMC,175402.00,A,3721.905730,N,12207.822115,W,042.5,280.2,050620,,,A*47
$GPGGA,175403.00,3721.908022,N,12207.836533,W,7,,0.38,73.14,M,0.0,M,0.0,0000*50
$GPRMC,175403.00,A,3721.908022,N,12207.836533,W,042.6,281.9,050620,,,A*43
$GPGGA,175404.00,3721.910697,N,12207.850994,W,7,,0.38,73.82,M,0.0,M,0.0,0000*58
$GPRMC,175404.00,A,3721.910697,N,12207.850994,W,042.6,283.8,050620,,,A*47
$GPGGA,175405.00,3721.913907,N,12207.865333,W,7,,0.38,74.52,M,0.0,M,0.0,0000*57
$GPRMC,175405.00,A,3721.913907,N,12207.865333,W,042.7,286.7,050620,,,A*49
$GPGGA,175406.00,3721.917538,N,12207.879421,W,7,,0.38,75.31,M,0.0,M,0.0,0000*5D
$GPRMC,175406.00,A,3721.917538,N,12207.879421,W,042.8,288.6,050620,,,A*47
$GPGGA,175407.00,3721.921342,N,12207.893179,W,7,,0.38,76.17,M,0.0,M,0.0,0000*59
$GPRMC,175407.00,A,3721.921342,N,12207.893179,W,043.2,289.7,050620,,,A*4F
$GPGGA,175408.00,3721.925523,N,12207.907501,W,7,,0.38,77.05,M,0.0,M,0.0,0000*56
$GPRMC,175408.00,A,3721.925523,N,12207.907501,W,043.8,290.5,050620,,,A*42
$GPGGA,175409.00,3721.929975,N,12207.922412,W,7,,0.38,76.66,M,0.0,M,0.0,0000*54
$GPRMC,175409.00,A,3721.929975,N,12207.922412,W,044.3,290.7,050620,,,A*4A
$GPGGA,175410.00,3721.934301,N,12207.936890,W,7,,0.38,77.70,M,0.0,M,0.0,0000*5C
$GPRMC,175410.00,A,3721.934301,N,12207.936890,W,044.8,290.6,050620,,,A*4E
$GPGGA,175411.00,3721.938562,N,12207.951217,W,7,,0.38,78.61,M,0.0,M,0.0,0000*59
$GPRMC,175411.00,A,3721.938562,N,12207.951217,W,045.3,290.4,050620,,,A*4C
$GPGGA,175412.00,3721.943097,N,12207.966632,W,7,,0.38,79.49,M,0.0,M,0.0,0000*55
$GPRMC,175412.00,A,3721.943097,N,12207.966632,W,045.7,290.4,050620,,,A*4F
$GPGGA,175413.00,3721.947519,N,12207.981584,W,7,,0.38,80.31,M,0.0,M,0.0,0000*5D
$GPRMC,175413.00,A,3721.947519,N,12207.981584,W,046.2,290.5,050620,,,A*49
$GPGGA,175414.00,3721.952031,N,12207.996787,W,7,,0.38,81.09,M,0.0,M,0.0,0000*5C
$GPRMC,175414.00,A,3721.952031,N,12207.996787,W,046.6,290.6,050620,,,A*45
$GPGGA,175415.00,3721.956483,N,12208.011649,W,7,,0.38,79.99,M,0.0,M,0.0,0000*50
$GPRMC,175415.00,A,3721.956483,N,12208.011649,W,047.1,290.9,050620,,,A*4E
$GPGGA,175416.00,3721.961146,N,12208.026919,W,7,,0.38,81.43,M,0.0,M,0.0,0000*55
$GPRMC,175416.00,A,3721.961146,N,12208.026919,W,047.3,291.0,050620,,,A*41
$GPGGA,175417.00,3721.965975,N,12208.042982,W,7,,0.38,82.65,M,0.0,M,0.0,0000*5F
$GPRMC,175417.00,A,3721.965975,N,12208.042982,W,047.6,290.5,050620,,,A*4D
$GPGGA,175418.00,3721.970620,N,12208.058617,W,7,,0.38,83.64,M,0.0,M,0.0,0000*53
$GPRMC,175418.00,A,3721.970620,N,12208.058617,W,047.9,290.5,050620,,,A*4E
$GPGGA,175419.00,3721.975300,N,12208.074236,W,7,,0.38,84.48,M,0.0,M,0.0,0000*50
$GPRMC,175419.00,A,3721.975300,N,12208.074236,W,048.3,290.8,050620,,,A*4C
$GPGGA,175420.00,3721.980087,N,12208.090094,W,7,,0.38,85.30,M,0.0,M,0.0,0000*52
$GPRMC,175420.00,A,3721.980087,N,12208.090094,W,048.5,290.9,050620,,,A*47
$GPGGA,175421.00,3721.984839,N,12208.105957,W,7,,0.38,86.12,M,0.0,M,0.0,0000*52
$GPRMC,175421.00,A,3721.984839,N,12208.105957,W,048.5,290.5,050620,,,A*48
$GPGGA,175422.00,3721.989556,N,12208.121755,W,7,,0.38,87.03,M,0.0,M,0.0,0000*53
$GPRMC,175422.00,A,3721.989556,N,12208.121755,W,048.3,290.5,050620,,,A*4E
$GPGGA,175423.00,3721.994073,N,12208.136887,W,7,,0.38,87.84,M,0.0,M,0.0,0000*55
$GPRMC,175423.00,A,3721.994073,N,12208.136887,W,048.2,290.8,050620,,,A*4B
$GPGGA,175424.00,3721.998820,N,12208.152656,W,7,,0.38,88.62,M,0.0,M,0.0,0000*57
$GPRMC,175424.00,A,3721.998820,N,12208.152656,W,048.1,290.7,050620,,,A*42
$GPGGA,175425.00,3722.003638,N,12208.168903,W,7,,0.38,87.61,M,0.0,M,0.0,0000*53
$GPRMC,175425.00,A,3722.003638,N,12208.168903,W,048.1,290.4,050620,,,A*49
$GPGGA,175426.00,3722.008221,N,12208.184564,W,7,,0.38,88.96,M,0.0,M,0.0,0000*5F
$GPRMC,175426.00,A,3722.008221,N,12208.184564,W,048.1,290.2,050620,,,A*44
$GPGGA,175427.00,3722.012823,N,12208.199732,W,7,,0.38,89.78,M,0.0,M,0.0,0000*51
$GPRMC,175427.00,A,3722.012823,N,12208.199732,W,048.0,290.8,050620,,,A*40
$GPGGA,175428.00,3722.017923,N,12208.215937,W,7,,0.38,90.42,M,0.0,M,0.0,0000*57
$GPRMC,175428.00,A,3722.017923,N,12208.215937,W,048.4,291.9,050620,,,A*43
$GPGGA,175429.00,3722.023120,N,12208.231556,W,7,,0.38,91.00,M,0.0,M,0.0,0000*50
$GPRMC,175429.00,A,3722.023120,N,12208.231556,W,049.1,293.2,050620,,,A*4E
$GPGGA,175430.00,3722.028789,N,12208.247384,W,7,,0.38,91.47,M,0.0,M,0.0,0000*5D
$GPRMC,175430.00,A,3722.028789,N,12208.247384,W,049.9,294.9,050620,,,A*44
$GPGGA,175431.00,3722.034766,N,12208.262726,W,7,,0.38,91.78,M,0.0,M,0.0,0000*57
$GPRMC,175431.00,A,3722.034766,N,12208.262726,W,050.7,296.9,050620,,,A*46
$GPGGA,175432.00,3722.041468,N,12208.278524,W,7,,0.38,92.16,M,0.0,M,0.0,0000*5B
$GPRMC,175432.00,A,3722.041468,N,12208.278524,W,051.5,298.6,050620,,,A*43
$GPGGA,175433.00,3722.048728,N,12208.294657,W,7,,0.38,92.49,M,0.0,M,0.0,0000*5B
$GPRMC,175433.00,A,3722.048728,N,12208.294657,W,052.2,300.2,050620,,,A*49
$GPGGA,175434.00,3722.056390,N,12208.310329,W,7,,0.38,92.89,M,0.0,M,0.0,0000*59
$GPRMC,175434.00,A,3722.056390,N,12208.310329,W,052.9,302.3,050620,,,A*4F
$GPGGA,175435.00,3722.064280,N,12208.325288,W,7,,0.38,93.17,M,0.0,M,0.0,0000*53
$GPRMC,175435.00,A,3722.064280,N,12208.325288,W,053.3,304.0,050620,,,A*4D
$GPGGA,175436.00,3722.073045,N,12208.340935,W,7,,0.38,93.53,M,0.0,M,0.0,0000*53
$GPRMC,175436.00,A,3722.073045,N,12208.340935,W,053.8,305.7,050620,,,A*40
$GPGGA,175437.00,3722.082051,N,12208.356038,W,7,,0.38,93.77,M,0.0,M,0.0,0000*5C
$GPRMC,175437.00,A,3722.082051,N,12208.356038,W,054.0,307.3,050620,,,A*40
$GPGGA,175438.00,3722.091340,N,12208.370684,W,7,,0.38,94.03,M,0.0,M,0.0,0000*53
$GPRMC,175438.00,A,3722.091340,N,12208.370684,W,053.4,309.1,050620,,,A*44
$GPGGA,175439.00,3722.100519,N,12208.384333,W,7,,0.38,94.36,M,0.0,M,0.0,0000*55
$GPRMC,175439.00,A,3722.100519,N,12208.384333,W,053.2,310.7,050620,,,A*4C
$GPGGA,175440.00,3722.110432,N,12208.398283,W,7,,0.38,94.65,M,0.0,M,0.0,0000*53
$GPRMC,175440.00,A,3722.110432,N,12208.398283,W,053.5,312.2,050620,,,A*4C
$GPGGA,175441.00,3722.121010,N,12208.412353,W,7,,0.38,94.94,M,0.0,M,0.0,0000*53
$GPRMC,175441.00,A,3722.121010,N,12208.412353,W,053.7,314.0,050620,,,A*44
$GPGGA,175442.00,3722.131588,N,12208.425446,W,7,,0.38,95.34,M,0.0,M,0.0,0000*59
$GPRMC,175442.00,A,3722.131588,N,12208.425446,W,053.7,316.1,050620,,,A*46
$GPGGA,175443.00,3722.142166,N,12208.437643,W,7,,0.38,95.45,M,0.0,M,0.0,0000*5A
$GPRMC,175443.00,A,3722.142166,N,12208.437643,W,053.0,317.9,050620,,,A*4D
$GPGGA,175444.00,3722.153637,N,12208.449985,W,7,,0.38,95.40,M,0.0,M,0.0,0000*57
$GPRMC,175444.00,A,3722.153637,N,12208.449985,W,052.2,319.7,050620,,,A*46
$GPGGA,175445.00,3722.164911,N,12208.461433,W,7,,0.38,95.36,M,0.0,M,0.0,0000*52
$GPRMC,175445.00,A,3722.164911,N,12208.461433,W,052.0,321.6,050620,,,A*4A
$GPGGA,175446.00,3722.176401,N,12208.472329,W,7,,0.38,95.25,M,0.0,M,0.0,0000*52
$GPRMC,175446.00,A,3722.176401,N,12208.472329,W,052.2,323.3,050620,,,A*4D
$GPGGA,175447.00,3722.187813,N,12208.482806,W,7,,0.38,95.11,M,0.0,M,0.0,0000*5C
$GPRMC,175447.00,A,3722.187813,N,12208.482806,W,052.4,323.9,050620,,,A*48
$GPGGA,175448.00,3722.199658,N,12208.493617,W,7,,0.38,95.02,M,0.0,M,0.0,0000*51
$GPRMC,175448.00,A,3722.199658,N,12208.493617,W,052.5,323.9,050620,,,A*46
$GPGGA,175449.00,3722.211861,N,12208.504610,W,7,,0.38,94.71,M,0.0,M,0.0,0000*5A
$GPRMC,175449.00,A,3722.211861,N,12208.504610,W,052.8,324.3,050620,,,A*48
$GPGGA,175450.00,3722.223946,N,12208.515398,W,7,,0.38,94.22,M,0.0,M,0.0,0000*54
$GPRMC,175450.00,A,3722.223946,N,12208.515398,W,053.4,324.6,050620,,,A*48
$GPGGA,175451.00,3722.235831,N,12208.525999,W,7,,0.38,93.89,M,0.0,M,0.0,0000*5D
$GPRMC,175451.00,A,3722.235831,N,12208.525999,W,054.1,324.4,050620,,,A*47
$GPGGA,175452.00,3722.248491,N,12208.537363,W,7,,0.38,93.41,M,0.0,M,0.0,0000*5A
$GPRMC,175452.00,A,3722.248491,N,12208.537363,W,054.8,324.1,050620,,,A*48
$GPGGA,175453.00,3722.260971,N,12208.548721,W,7,,0.38,92.97,M,0.0,M,0.0,0000*52
$GPRMC,175453.00,A,3722.260971,N,12208.548721,W,055.6,323.9,050620,,,A*4A
$GPGGA,175454.00,3722.273625,N,12208.560187,W,7,,0.38,92.60,M,0.0,M,0.0,0000*51
$GPRMC,175454.00,A,3722.273625,N,12208.560187,W,056.3,324.1,050620,,,A*48
$GPGGA,175455.00,3722.285925,N,12208.571341,W,7,,0.38,92.21,M,0.0,M,0.0,0000*5B
$GPRMC,175455.00,A,3722.285925,N,12208.571341,W,057.1,324.1,050620,,,A*44
$GPGGA,175456.00,3722.298856,N,12208.583077,W,7,,0.38,90.82,M,0.0,M,0.0,0000*51
$GPRMC,175456.00,A,3722.298856,N,12208.583077,W,057.3,324.3,050620,,,A*45
$GPGGA,175457.00,3722.312272,N,12208.595120,W,7,,0.38,90.92,M,0.0,M,0.0,0000*5A
$GPRMC,175457.00,A,3722.312272,N,12208.595120,W,057.3,324.3,050620,,,A*4F
$GPGGA,175458.00,3722.324913,N,12208.606441,W,7,,0.38,90.80,M,0.0,M,0.0,0000*54
$GPRMC,175458.00,A,3722.324913,N,12208.606441,W,057.6,324.4,050620,,,A*40
$GPGGA,175459.00,3722.337748,N,12208.618033,W,7,,0.38,90.54,M,0.0,M,0.0,0000*50
$GPRMC,175459.00,A,3722.337748,N,12208.618033,W,057.1,324.1,050620,,,A*4F
$GPGGA,175500.00,3722.351098,N,12208.630069,W,7,,0.38,90.22,M,0.0,M,0.0,0000*53
$GPRMC,175500.00,A,3722.351098,N,12208.630069,W,056.9,324.3,050620,,,A*46
$GPGGA,175501.00,3722.364004,N,12208.641673,W,7,,0.38,89.67,M,0.0,M,0.0,0000*53
$GPRMC,175501.00,A,3722.364004,N,12208.641673,W,056.9,324.5,050620,,,A*49
$GPGGA,175502.00,3722.376820,N,12208.653026,W,7,,0.38,89.09,M,0.0,M,0.0,0000*50
$GPRMC,175502.00,A,3722.376820,N,12208.653026,W,056.5,324.4,050620,,,A*4F
$GPGGA,175503.00,3722.389197,N,12208.664095,W,7,,0.38,88.34,M,0.0,M,0.0,0000*57
$GPRMC,175503.00,A,3722.389197,N,12208.664095,W,056.2,324.5,050620,,,A*41
$GPGGA,175504.00,3722.401978,N,12208.675369,W,7,,0.38,87.48,M,0.0,M,0.0,0000*5A
$GPRMC,175504.00,A,3722.401978,N,12208.675369,W,055.9,324.6,050620,,,A*43
$GPGGA,175505.00,3722.414902,N,12208.686943,W,7,,0.38,86.66,M,0.0,M,0.0,0000*51
$GPRMC,175505.00,A,3722.414902,N,12208.686943,W,055.6,324.3,050620,,,A*4F
$GPGGA,175506.00,3722.427406,N,12208.698361,W,7,,0.38,85.80,M,0.0,M,0.0,0000*55
$GPRMC,175506.00,A,3722.427406,N,12208.698361,W,055.3,324.0,050620,,,A*46
$GPGGA,175507.00,3722.439435,N,12208.709407,W,7,,0.38,84.91,M,0.0,M,0.0,0000*54
$GPRMC,175507.00,A,3722.439435,N,12208.709407,W,055.1,323.2,050620,,,A*41
$GPGGA,175508.00,3722.452053,N,12208.721329,W,7,,0.38,83.77,M,0.0,M,0.0,0000*5C
$GPRMC,175508.00,A,3722.452053,N,12208.721329,W,054.8,322.6,050620,,,A*4B
$GPGGA,175509.00,3722.464047,N,12208.732826,W,7,,0.38,82.56,M,0.0,M,0.0,0000*59
$GPRMC,175509.00,A,3722.464047,N,12208.732826,W,054.6,322.0,050620,,,A*44
$GPGGA,175510.00,3722.475957,N,12208.744658,W,7,,0.38,81.48,M,0.0,M,0.0,0000*53
$GPRMC,175510.00,A,3722.475957,N,12208.744658,W,054.4,321.1,050620,,,A*42
$GPGGA,175511.00,3722.487375,N,12208.756369,W,7,,0.38,80.29,M,0.0,M,0.0,0000*57
$GPRMC,175511.00,A,3722.487375,N,12208.756369,W,054.6,320.3,050620,,,A*41
$GPGGA,175512.00,3722.498967,N,12208.768544,W,7,,0.38,79.21,M,0.0,M,0.0,0000*59
$GPRMC,175512.00,A,3722.498967,N,12208.768544,W,054.8,319.5,050620,,,A*43
$GPGGA,175513.00,3722.510926,N,12208.781461,W,7,,0.38,78.15,M,0.0,M,0.0,0000*5B
$GPRMC,175513.00,A,3722.510926,N,12208.781461,W,054.9,318.8,050620,,,A*4A
$GPGGA,175514.00,3722.522368,N,12208.794176,W,7,,0.38,76.76,M,0.0,M,0.0,0000*51
$GPRMC,175514.00,A,3722.522368,N,12208.794176,W,054.9,317.9,050620,,,A*45
$GPGGA,175515.00,3722.533312,N,12208.806560,W,7,,0.38,75.60,M,0.0,M,0.0,0000*5E
$GPRMC,175515.00,A,3722.533312,N,12208.806560,W,055.0,317.7,050620,,,A*48
$GPGGA,175516.00,3722.545119,N,12208.819898,W,7,,0.38,74.21,M,0.0,M,0.0,0000*55
$GPRMC,175516.00,A,3722.545119,N,12208.819898,W,055.2,317.8,050620,,,A*4A
$GPGGA,175517.00,3722.556543,N,12208.832845,W,7,,0.38,72.81,M,0.0,M,0.0,0000*58
$GPRMC,175517.00,A,3722.556543,N,12208.832845,W,055.1,317.6,050620,,,A*46
$GPGGA,175518.00,3722.567853,N,12208.845656,W,7,,0.38,71.64,M,0.0,M,0.0,0000*5D
$GPRMC,175518.00,A,3722.567853,N,12208.845656,W,055.1,317.8,050620,,,A*45
$GPGGA,175519.00,3722.578912,N,12208.858141,W,7,,0.38,70.58,M,0.0,M,0.0,0000*55
$GPRMC,175519.00,A,3722.578912,N,12208.858141,W,055.0,317.7,050620,,,A*4D
$GPGGA,175520.00,3722.590372,N,12208.870976,W,7,,0.38,69.24,M,0.0,M,0.0,0000*50
$GPRMC,175520.00,A,3722.590372,N,12208.870976,W,055.0,317.7,050620,,,A*4B
$GPGGA,175521.00,3722.602198,N,12208.884379,W,7,,0.38,68.07,M,0.0,M,0.0,0000*51
$GPRMC,175521.00,A,3722.602198,N,12208.884379,W,055.6,317.8,050620,,,A*43
$GPGGA,175522.00,3722.613610,N,12208.897430,W,7,,0.38,66.89,M,0.0,M,0.0,0000*55
$GPRMC,175522.00,A,3722.613610,N,12208.897430,W,056.1,317.7,050620,,,A*44
$GPGGA,175523.00,3722.624859,N,12208.910161,W,7,,0.38,65.73,M,0.0,M,0.0,0000*5A
$GPRMC,175523.00,A,3722.624859,N,12208.910161,W,056.2,317.9,050620,,,A*40
$GPGGA,175524.00,3722.636890,N,12208.923691,W,7,,0.38,64.73,M,0.0,M,0.0,0000*52
$GPRMC,175524.00,A,3722.636890,N,12208.923691,W,056.0,317.9,050620,,,A*4B
$GPGGA,175525.00,3722.648433,N,12208.936640,W,7,,0.38,63.71,M,0.0,M,0.0,0000*52
$GPRMC,175525.00,A,3722.648433,N,12208.936640,W,056.0,318.2,050620,,,A*4A
$GPGGA,175526.00,3722.660242,N,12208.949455,W,7,,0.38,62.89,M,0.0,M,0.0,0000*53
$GPRMC,175526.00,A,3722.660242,N,12208.949455,W,055.9,319.7,050620,,,A*43
$GPGGA,175527.00,3722.671887,N,12208.961396,W,7,,0.38,62.29,M,0.0,M,0.0,0000*59
$GPRMC,175527.00,A,3722.671887,N,12208.961396,W,055.7,321.5,050620,,,A*44
$GPGGA,175528.00,3722.683995,N,12208.973144,W,7,,0.38,68.58,M,0.0,M,0.0,0000*5B
$GPRMC,175528.00,A,3722.683995,N,12208.973144,W,055.3,322.9,050620,,,A*41
$GPGGA,175529.00,3722.696805,N,12208.984790,W,7,,0.38,66.01,M,0.0,M,0.0,0000*53
$GPRMC,175529.00,A,3722.696805,N,12208.984790,W,054.8,325.0,050620,,,A*4F
$GPGGA,175530.00,3722.709520,N,12208.995452,W,7,,0.38,64.64,M,0.0,M,0.0,0000*5A
$GPRMC,175530.00,A,3722.709520,N,12208.995452,W,054.7,326.7,050620,,,A*4C
$GPGGA,175531.00,3722.722191,N,12209.005358,W,7,,0.38,63.94,M,0.0,M,0.0,0000*58
$GPRMC,175531.00,A,3722.722191,N,12209.005358,W,053.9,328.6,050620,,,A*40
$GPGGA,175532.00,3722.735056,N,12209.014736,W,7,,0.38,63.64,M,0.0,M,0.0,0000*54
$GPRMC,175532.00,A,3722.735056,N,12209.014736,W,053.1,330.2,050620,,,A*46
$GPGGA,175533.00,3722.748052,N,12209.023688,W,7,,0.38,63.36,M,0.0,M,0.0,0000*5C
$GPRMC,175533.00,A,3722.748052,N,12209.023688,W,053.1,331.7,050620,,,A*4D
$GPGGA,175534.00,3722.760903,N,12209.031877,W,7,,0.38,63.08,M,0.0,M,0.0,0000*5C
$GPRMC,175534.00,A,3722.760903,N,12209.031877,W,053.6,333.7,050620,,,A*45
$GPGGA,175535.00,3722.774403,N,12209.039786,W,7,,0.38,62.78,M,0.0,M,0.0,0000*5A
$GPRMC,175535.00,A,3722.774403,N,12209.039786,W,054.1,335.6,050620,,,A*42
$GPGGA,175536.00,3722.788252,N,12209.047261,W,7,,0.38,62.54,M,0.0,M,0.0,0000*53
$GPRMC,175536.00,A,3722.788252,N,12209.047261,W,054.1,337.3,050620,,,A*42
$GPGGA,175537.00,3722.802628,N,12209.054413,W,7,,0.38,62.06,M,0.0,M,0.0,0000*50
$GPRMC,175537.00,A,3722.802628,N,12209.054413,W,053.7,339.0,050620,,,A*4A
$GPGGA,175538.00,3722.816619,N,12209.060786,W,7,,0.38,61.56,M,0.0,M,0.0,0000*56
$GPRMC,175538.00,A,3722.816619,N,12209.060786,W,053.8,340.7,050620,,,A*4C
$GPGGA,175539.00,3722.830407,N,12209.066407,W,7,,0.38,60.99,M,0.0,M,0.0,0000*50
$GPRMC,175539.00,A,3722.830407,N,12209.066407,W,053.8,342.6,050620,,,A*4B
$GPGGA,175540.00,3722.845215,N,12209.071921,W,7,,0.38,60.40,M,0.0,M,0.0,0000*52
$GPRMC,175540.00,A,3722.845215,N,12209.071921,W,053.7,344.0,050620,,,A*42
$GPGGA,175541.00,3722.859574,N,12209.076554,W,7,,0.38,59.63,M,0.0,M,0.0,0000*5C
$GPRMC,175541.00,A,3722.859574,N,12209.076554,W,053.9,346.1,050620,,,A*4A
$GPGGA,175542.00,3722.874340,N,12209.080646,W,7,,0.38,58.82,M,0.0,M,0.0,0000*56
$GPRMC,175542.00,A,3722.874340,N,12209.080646,W,054.5,348.1,050620,,,A*4B
$GPGGA,175543.00,3722.888817,N,12209.084180,W,7,,0.38,58.14,M,0.0,M,0.0,0000*5B
$GPRMC,175543.00,A,3722.888817,N,12209.084180,W,054.7,349.4,050620,,,A*4F
$GPGGA,175544.00,3722.903811,N,12209.087491,W,7,,0.38,59.51,M,0.0,M,0.0,0000*5E
$GPRMC,175544.00,A,3722.903811,N,12209.087491,W,055.4,350.0,050620,,,A*44
$GPGGA,175545.00,3722.919627,N,12209.090960,W,7,,0.38,58.05,M,0.0,M,0.0,0000*5A
$GPRMC,175545.00,A,3722.919627,N,12209.090960,W,056.0,350.0,050620,,,A*47
$GPGGA,175546.00,3722.935132,N,12209.094385,W,7,,0.38,56.82,M,0.0,M,0.0,0000*50
$GPRMC,175546.00,A,3722.935132,N,12209.094385,W,056.5,349.8,050620,,,A*49
$GPGGA,175547.00,3722.950162,N,12209.097752,W,7,,0.38,55.67,M,0.0,M,0.0,0000*52
$GPRMC,175547.00,A,3722.950162,N,12209.097752,W,056.5,349.8,050620,,,A*43
$GPGGA,175548.00,3722.966128,N,12209.101129,W,7,,0.38,54.75,M,0.0,M,0.0,0000*50
$GPRMC,175548.00,A,3722.966128,N,12209.101129,W,056.8,350.5,050620,,,A*4B
$GPGGA,175549.00,3722.981860,N,12209.104418,W,7,,0.38,53.69,M,0.0,M,0.0,0000*55
$GPRMC,175549.00,A,3722.981860,N,12209.104418,W,057.3,350.6,050620,,,A*4D
$GPGGA,175550.00,3722.997136,N,12209.107490,W,7,,0.38,52.78,M,0.0,M,0.0,0000*52
$GPRMC,175550.00,A,3722.997136,N,12209.107490,W,057.3,350.6,050620,,,A*4B
$GPGGA,175551.00,3723.012718,N,12209.110681,W,7,,0.38,51.89,M,0.0,M,0.0,0000*55
$GPRMC,175551.00,A,3723.012718,N,12209.110681,W,057.0,350.6,050620,,,A*42
$GPGGA,175552.00,3723.028372,N,12209.114041,W,7,,0.38,51.38,M,0.0,M,0.0,0000*53
$GPRMC,175552.00,A,3723.028372,N,12209.114041,W,056.5,350.2,050620,,,A*4E
$GPGGA,175553.00,3723.044229,N,12209.117809,W,7,,0.38,50.84,M,0.0,M,0.0,0000*56
$GPRMC,175553.00,A,3723.044229,N,12209.117809,W,055.6,348.8,050620,,,A*4E
$GPGGA,175554.00,3723.059080,N,12209.121920,W,7,,0.38,50.29,M,0.0,M,0.0,0000*54
$GPRMC,175554.00,A,3723.059080,N,12209.121920,W,054.7,346.7,050620,,,A*4A
$GPGGA,175555.00,3723.073257,N,12209.126365,W,7,,0.38,49.67,M,0.0,M,0.0,0000*5B
$GPRMC,175555.00,A,3723.073257,N,12209.126365,W,053.7,344.9,050620,,,A*4C
$GPGGA,175556.00,3723.087988,N,12209.131609,W,7,,0.38,49.09,M,0.0,M,0.0,0000*5B
$GPRMC,175556.00,A,3723.087988,N,12209.131609,W,052.9,343.2,050620,,,A*47
$GPGGA,175557.00,3723.101823,N,12209.137490,W,7,,0.38,48.73,M,0.0,M,0.0,0000*5D
$GPRMC,175557.00,A,3723.101823,N,12209.137490,W,052.8,340.0,050620,,,A*4D
$GPGGA,175558.00,3723.115594,N,12209.144402,W,7,,0.38,48.40,M,0.0,M,0.0,0000*59
$GPRMC,175558.00,A,3723.115594,N,12209.144402,W,053.3,337.1,050620,,,A*42
$GPGGA,175559.00,3723.128758,N,12209.151938,W,7,,0.38,48.15,M,0.0,M,0.0,0000*54
$GPRMC,175559.00,A,3723.128758,N,12209.151938,W,053.8,334.5,050620,,,A*43
$GPGGA,175600.00,3723.142270,N,12209.160368,W,7,,0.38,48.21,M,0.0,M,0.0,0000*52
$GPRMC,175600.00,A,3723.142270,N,12209.160368,W,054.3,332.7,050620,,,A*4A
$GPGGA,175601.00,3723.155775,N,12209.169925,W,7,,0.38,48.58,M,0.0,M,0.0,0000*51
$GPRMC,175601.00,A,3723.155775,N,12209.169925,W,054.4,329.6,050620,,,A*4B
$GPGGA,175602.00,3723.168610,N,12209.179879,W,7,,0.38,48.69,M,0.0,M,0.0,0000*55
$GPRMC,175602.00,A,3723.168610,N,12209.179879,W,053.8,327.2,050620,,,A*4C
$GPGGA,175603.00,3723.180466,N,12209.189947,W,7,,0.38,49.20,M,0.0,M,0.0,0000*5E
$GPRMC,175603.00,A,3723.180466,N,12209.189947,W,052.7,325.1,050620,,,A*44
$GPGGA,175604.00,3723.192261,N,12209.201077,W,7,,0.38,50.00,M,0.0,M,0.0,0000*58
$GPRMC,175604.00,A,3723.192261,N,12209.201077,W,051.4,322.4,050620,,,A*4A
$GPGGA,175605.00,3723.203271,N,12209.212453,W,7,,0.38,50.60,M,0.0,M,0.0,0000*55
$GPRMC,175605.00,A,3723.203271,N,12209.212453,W,051.0,319.9,050620,,,A*40
$GPGGA,175606.00,3723.213789,N,12209.224261,W,7,,0.38,51.53,M,0.0,M,0.0,0000*56
$GPRMC,175606.00,A,3723.213789,N,12209.224261,W,050.7,318.0,050620,,,A*4C
$GPGGA,175607.00,3723.223533,N,12209.236021,W,7,,0.38,52.19,M,0.0,M,0.0,0000*5F
$GPRMC,175607.00,A,3723.223533,N,12209.236021,W,050.6,315.6,050620,,,A*42
$GPGGA,175608.00,3723.233278,N,12209.248682,W,7,,0.38,53.05,M,0.0,M,0.0,0000*53
$GPRMC,175608.00,A,3723.233278,N,12209.248682,W,050.3,313.4,050620,,,A*43
$GPGGA,175609.00,3723.242865,N,12209.262194,W,7,,0.38,53.82,M,0.0,M,0.0,0000*55
$GPRMC,175609.00,A,3723.242865,N,12209.262194,W,050.1,310.9,050620,,,A*46
$GPGGA,175610.00,3723.251566,N,12209.275603,W,7,,0.38,54.64,M,0.0,M,0.0,0000*51
$GPRMC,175610.00,A,3723.251566,N,12209.275603,W,050.0,308.5,050620,,,A*49
$GPGGA,175611.00,3723.259569,N,12209.289205,W,7,,0.38,55.29,M,0.0,M,0.0,0000*5E
$GPRMC,175611.00,A,3723.259569,N,12209.289205,W,050.0,305.4,050620,,,A*42
$GPGGA,175612.00,3723.267417,N,12209.304332,W,7,,0.38,56.15,M,0.0,M,0.0,0000*55
$GPRMC,175612.00,A,3723.267417,N,12209.304332,W,049.9,302.0,050620,,,A*47
$GPGGA,175613.00,3723.274425,N,12209.319451,W,7,,0.38,56.93,M,0.0,M,0.0,0000*57
$GPRMC,175613.00,A,3723.274425,N,12209.319451,W,050.1,299.5,050620,,,A*4D
$GPGGA,175614.00,3723.280996,N,12209.334817,W,7,,0.38,57.64,M,0.0,M,0.0,0000*56
$GPRMC,175614.00,A,3723.280996,N,12209.334817,W,050.6,297.9,050620,,,A*40
$GPGGA,175615.00,3723.287145,N,12209.350225,W,7,,0.38,58.19,M,0.0,M,0.0,0000*5A
$GPRMC,175615.00,A,3723.287145,N,12209.350225,W,051.0,296.1,050620,,,A*47
$GPGGA,175616.00,3723.293061,N,12209.366510,W,7,,0.38,58.63,M,0.0,M,0.0,0000*52
$GPRMC,175616.00,A,3723.293061,N,12209.366510,W,051.4,293.9,050620,,,A*4B
$GPGGA,175617.00,3723.298690,N,12209.383537,W,7,,0.38,58.96,M,0.0,M,0.0,0000*54
$GPRMC,175617.00,A,3723.298690,N,12209.383537,W,051.7,291.9,050620,,,A*46
$GPGGA,175618.00,3723.303711,N,12209.400607,W,7,,0.38,59.29,M,0.0,M,0.0,0000*59
$GPRMC,175618.00,A,3723.303711,N,12209.400607,W,052.2,289.5,050620,,,A*4D
$GPGGA,175619.00,3723.308080,N,12209.417545,W,7,,0.38,59.52,M,0.0,M,0.0,0000*53
$GPRMC,175619.00,A,3723.308080,N,12209.417545,W,052.9,287.2,050620,,,A*49
$GPGGA,175620.00,3723.312183,N,12209.435894,W,7,,0.38,59.73,M,0.0,M,0.0,0000*52
$GPRMC,175620.00,A,3723.312183,N,12209.435894,W,053.5,284.9,050620,,,A*4E
$GPGGA,175621.00,3723.315567,N,12209.454211,W,7,,0.38,59.70,M,0.0,M,0.0,0000*59
$GPRMC,175621.00,A,3723.315567,N,12209.454211,W,053.9,282.1,050620,,,A*44
$GPGGA,175622.00,3723.318472,N,12209.472865,W,7,,0.38,59.52,M,0.0,M,0.0,0000*5F
$GPRMC,175622.00,A,3723.318472,N,12209.472865,W,054.4,280.3,050620,,,A*48
$GPGGA,175623.00,3723.321022,N,12209.490938,W,7,,0.38,59.09,M,0.0,M,0.0,0000*5E
$GPRMC,175623.00,A,3723.321022,N,12209.490938,W,055.0,279.8,050620,,,A*4F
$GPGGA,175624.00,3723.323680,N,12209.510000,W,7,,0.38,58.68,M,0.0,M,0.0,0000*58
$GPRMC,175624.00,A,3723.323680,N,12209.510000,W,055.5,279.8,050620,,,A*4A
$GPGGA,175625.00,3723.326428,N,12209.529878,W,7,,0.38,58.19,M,0.0,M,0.0,0000*57
$GPRMC,175625.00,A,3723.326428,N,12209.529878,W,056.0,279.8,050620,,,A*45
$GPGGA,175626.00,3723.329164,N,12209.549155,W,7,,0.38,57.58,M,0.0,M,0.0,0000*5C
$GPRMC,175626.00,A,3723.329164,N,12209.549155,W,056.7,280.0,050620,,,A*4D
$GPGGA,175627.00,3723.331828,N,12209.568133,W,7,,0.38,57.01,M,0.0,M,0.0,0000*5A
$GPRMC,175627.00,A,3723.331828,N,12209.568133,W,057.1,279.8,050620,,,A*4E
$GPGGA,175628.00,3723.334738,N,12209.588618,W,7,,0.38,56.32,M,0.0,M,0.0,0000*5F
$GPRMC,175628.00,A,3723.334738,N,12209.588618,W,057.9,280.0,050620,,,A*4C
$GPGGA,175629.00,3723.337575,N,12209.608645,W,7,,0.38,55.51,M,0.0,M,0.0,0000*53
$GPRMC,175629.00,A,3723.337575,N,12209.608645,W,058.5,280.0,050620,,,A*45
$GPGGA,175630.00,3723.340383,N,12209.628572,W,7,,0.38,54.49,M,0.0,M,0.0,0000*59
$GPRMC,175630.00,A,3723.340383,N,12209.628572,W,058.4,279.8,050620,,,A*48
$GPGGA,175631.00,3723.343198,N,12209.648167,W,7,,0.38,53.40,M,0.0,M,0.0,0000*5B
$GPRMC,175631.00,A,3723.343198,N,12209.648167,W,059.0,280.3,050620,,,A*4C
$GPGGA,175632.00,3723.346564,N,12209.668561,W,7,,0.38,52.46,M,0.0,M,0.0,0000*5D
$GPRMC,175632.00,A,3723.346564,N,12209.668561,W,059.9,282.7,050620,,,A*42
$GPGGA,175633.00,3723.350938,N,12209.689387,W,7,,0.38,51.46,M,0.0,M,0.0,0000*5C
$GPRMC,175633.00,A,3723.350938,N,12209.689387,W,060.6,286.0,050620,,,A*46
$GPGGA,175634.00,3723.356091,N,12209.709578,W,7,,0.38,50.56,M,0.0,M,0.0,0000*58
$GPRMC,175634.00,A,3723.356091,N,12209.709578,W,060.6,288.7,050620,,,A*4B
$GPGGA,175635.00,3723.361617,N,12209.728736,W,7,,0.38,49.45,M,0.0,M,0.0,0000*54
$GPRMC,175635.00,A,3723.361617,N,12209.728736,W,060.2,290.8,050620,,,A*4F
$GPGGA,175636.00,3723.368139,N,12209.748554,W,7,,0.38,48.47,M,0.0,M,0.0,0000*56
$GPRMC,175636.00,A,3723.368139,N,12209.748554,W,059.9,293.2,050620,,,A*46
$GPGGA,175637.00,3723.375135,N,12209.767472,W,7,,0.38,47.46,M,0.0,M,0.0,0000*51
$GPRMC,175637.00,A,3723.375135,N,12209.767472,W,059.5,295.6,050620,,,A*41
$GPGGA,175638.00,3723.382617,N,12209.786000,W,7,,0.38,49.44,M,0.0,M,0.0,0000*53
$GPRMC,175638.00,A,3723.382617,N,12209.786000,W,059.3,297.6,050620,,,A*4B
$GPGGA,175639.00,3723.390340,N,12209.803706,W,7,,0.38,47.74,M,0.0,M,0.0,0000*58
$GPRMC,175639.00,A,3723.390340,N,12209.803706,W,059.8,299.3,050620,,,A*4D
$GPGGA,175640.00,3723.398830,N,12209.821646,W,7,,0.38,46.31,M,0.0,M,0.0,0000*57
$GPRMC,175640.00,A,3723.398830,N,12209.821646,W,060.5,301.5,050620,,,A*43
$GPGGA,175641.00,3723.408375,N,12209.840114,W,7,,0.38,44.87,M,0.0,M,0.0,0000*5A
$GPRMC,175641.00,A,3723.408375,N,12209.840114,W,061.2,303.9,050620,,,A*49
$GPGGA,175642.00,3723.418066,N,12209.857034,W,7,,0.38,43.92,M,0.0,M,0.0,0000*5F
$GPRMC,175642.00,A,3723.418066,N,12209.857034,W,062.0,306.6,050620,,,A*44
$GPGGA,175643.00,3723.428464,N,12209.874175,W,7,,0.38,43.88,M,0.0,M,0.0,0000*55
$GPRMC,175643.00,A,3723.428464,N,12209.874175,W,062.5,307.5,050620,,,A*42
$GPGGA,175644.00,3723.439533,N,12209.892067,W,7,,0.38,42.98,M,0.0,M,0.0,0000*5B
$GPRMC,175644.00,A,3723.439533,N,12209.892067,W,062.9,307.7,050620,,,A*42
$GPGGA,175645.00,3723.450286,N,12209.909582,W,7,,0.38,42.33,M,0.0,M,0.0,0000*50
$GPRMC,175645.00,A,3723.450286,N,12209.909582,W,063.2,307.6,050620,,,A*43
$GPGGA,175646.00,3723.460911,N,12209.926963,W,7,,0.38,42.06,M,0.0,M,0.0,0000*5D
$GPRMC,175646.00,A,3723.460911,N,12209.926963,W,063.1,307.4,050620,,,A*49
$GPGGA,175647.00,3723.471040,N,12209.944099,W,7,,0.38,42.04,M,0.0,M,0.0,0000*5B
$GPRMC,175647.00,A,3723.471040,N,12209.944099,W,062.8,305.9,050620,,,A*4A
$GPGGA,175648.00,3723.480856,N,12209.962387,W,7,,0.38,42.22,M,0.0,M,0.0,0000*59
$GPRMC,175648.00,A,3723.480856,N,12209.962387,W,062.8,302.8,050620,,,A*4A
$GPGGA,175649.00,3723.490000,N,12209.981564,W,7,,0.38,42.76,M,0.0,M,0.0,0000*55
$GPRMC,175649.00,A,3723.490000,N,12209.981564,W,062.1,299.9,050620,,,A*4C
$GPGGA,175650.00,3723.498064,N,12210.000487,W,7,,0.38,43.39,M,0.0,M,0.0,0000*59
$GPRMC,175650.00,A,3723.498064,N,12210.000487,W,060.8,297.2,050620,,,A*44
$GPGGA,175651.00,3723.505000,N,12210.018950,W,7,,0.38,44.18,M,0.0,M,0.0,0000*55
$GPRMC,175651.00,A,3723.505000,N,12210.018950,W,059.7,294.5,050620,,,A*4D
$GPGGA,175652.00,3723.511515,N,12210.038624,W,7,,0.38,45.16,M,0.0,M,0.0,0000*53
$GPRMC,175652.00,A,3723.511515,N,12210.038624,W,058.7,291.6,050620,,,A*43
$GPGGA,175653.00,3723.516879,N,12210.057470,W,7,,0.38,46.02,M,0.0,M,0.0,0000*5E
$GPRMC,175653.00,A,3723.516879,N,12210.057470,W,057.4,288.8,050620,,,A*42
$GPGGA,175654.00,3723.521458,N,12210.076477,W,7,,0.38,46.97,M,0.0,M,0.0,0000*5A
$GPRMC,175654.00,A,3723.521458,N,12210.076477,W,056.5,286.0,050620,,,A*4C
$GPGGA,175655.00,3723.525136,N,12210.094963,W,7,,0.38,47.88,M,0.0,M,0.0,0000*59
$GPRMC,175655.00,A,3723.525136,N,12210.094963,W,056.2,283.3,050620,,,A*41
$GPGGA,175656.00,3723.528172,N,12210.113977,W,7,,0.38,48.76,M,0.0,M,0.0,0000*52
$GPRMC,175656.00,A,3723.528172,N,12210.113977,W,056.0,280.6,050620,,,A*40
$GPGGA,175658.00,3723.532138,N,12210.152293,W,7,,0.38,50.29,M,0.0,M,0.0,0000*5E
$GPRMC,175658.00,A,3723.532138,N,12210.152293,W,054.8,275.8,050620,,,A*41
$GPGGA,175659.00,3723.533469,N,12210.171086,W,7,,0.38,51.02,M,0.0,M,0.0,0000*50
$GPRMC,175659.00,A,3723.533469,N,12210.171086,W,054.3,274.9,050620,,,A*4C
$GPGGA,175700.00,3723.534747,N,12210.190388,W,7,,0.38,51.71,M,0.0,M,0.0,0000*53
$GPRMC,175700.00,A,3723.534747,N,12210.190388,W,053.2,274.8,050620,,,A*4C
$GPGGA,175701.00,3723.535911,N,12210.208783,W,7,,0.38,52.51,M,0.0,M,0.0,0000*52
$GPRMC,175701.00,A,3723.535911,N,12210.208783,W,052.6,274.7,050620,,,A*46
$GPGGA,175702.00,3723.537070,N,12210.226831,W,7,,0.38,53.35,M,0.0,M,0.0,0000*54
$GPRMC,175702.00,A,3723.537070,N,12210.226831,W,052.3,274.7,050620,,,A*46
$GPGGA,175703.00,3723.538173,N,12210.244460,W,7,,0.38,54.28,M,0.0,M,0.0,0000*5F
$GPRMC,175703.00,A,3723.538173,N,12210.244460,W,052.1,274.6,050620,,,A*45
$GPGGA,175704.00,3723.539355,N,12210.262646,W,7,,0.38,55.22,M,0.0,M,0.0,0000*56
$GPRMC,175704.00,A,3723.539355,N,12210.262646,W,052.0,274.8,050620,,,A*48
$GPGGA,175705.00,3723.540729,N,12210.281107,W,7,,0.38,55.90,M,0.0,M,0.0,0000*50
$GPRMC,175705.00,A,3723.540729,N,12210.281107,W,051.9,275.5,050620,,,A*41
$GPGGA,175706.00,3723.542367,N,12210.299077,W,7,,0.38,56.73,M,0.0,M,0.0,0000*5E
$GPRMC,175706.00,A,3723.542367,N,12210.299077,W,051.7,277.0,050620,,,A*48
$GPGGA,175707.00,3723.544377,N,12210.316339,W,7,,0.38,57.66,M,0.0,M,0.0,0000*52
$GPRMC,175707.00,A,3723.544377,N,12210.316339,W,051.5,279.1,050620,,,A*4C
$GPGGA,175708.00,3723.547018,N,12210.334579,W,7,,0.38,58.63,M,0.0,M,0.0,0000*5C
$GPRMC,175708.00,A,3723.547018,N,12210.334579,W,051.3,281.1,050620,,,A*49
$GPGGA,175709.00,3723.550048,N,12210.351883,W,7,,0.38,59.72,M,0.0,M,0.0,0000*54
$GPRMC,175709.00,A,3723.550048,N,12210.351883,W,051.1,283.1,050620,,,A*40
$GPGGA,175710.00,3723.553564,N,12210.369133,W,7,,0.38,60.78,M,0.0,M,0.0,0000*5D
$GPRMC,175710.00,A,3723.553564,N,12210.369133,W,050.9,285.2,050620,,,A*45
$GPGGA,175711.00,3723.557452,N,12210.385658,W,7,,0.38,61.81,M,0.0,M,0.0,0000*53
$GPRMC,175711.00,A,3723.557452,N,12210.385658,W,051.0,287.2,050620,,,A*46
$GPGGA,175712.00,3723.562029,N,12210.402476,W,7,,0.38,62.82,M,0.0,M,0.0,0000*58
$GPRMC,175712.00,A,3723.562029,N,12210.402476,W,051.6,289.9,050620,,,A*4E
$GPGGA,175713.00,3723.567352,N,12210.420091,W,7,,0.38,63.84,M,0.0,M,0.0,0000*59
$GPRMC,175713.00,A,3723.567352,N,12210.420091,W,052.3,291.6,050620,,,A*48
$GPGGA,175714.00,3723.573123,N,12210.437060,W,7,,0.38,64.83,M,0.0,M,0.0,0000*57
$GPRMC,175714.00,A,3723.573123,N,12210.437060,W,052.9,293.7,050620,,,A*4F
$GPGGA,175715.00,3723.579394,N,12210.453667,W,7,,0.38,65.85,M,0.0,M,0.0,0000*56
$GPRMC,175715.00,A,3723.579394,N,12210.453667,W,053.1,296.4,050620,,,A*46
$GPGGA,175716.00,3723.586401,N,12210.470108,W,7,,0.38,66.88,M,0.0,M,0.0,0000*5F
$GPRMC,175716.00,A,3723.586401,N,12210.470108,W,053.4,299.3,050620,,,A*4C
$GPGGA,175717.00,3723.594238,N,12210.486037,W,7,,0.38,67.80,M,0.0,M,0.0,0000*5C
$GPRMC,175717.00,A,3723.594238,N,12210.486037,W,053.7,303.0,050620,,,A*44
$GPGGA,175718.00,3723.602349,N,12210.501151,W,7,,0.38,63.37,M,0.0,M,0.0,0000*5F
$GPRMC,175718.00,A,3723.602349,N,12210.501151,W,054.0,304.8,050620,,,A*40
$GPGGA,175719.00,3723.611116,N,12210.516410,W,7,,0.38,66.34,M,0.0,M,0.0,0000*54
$GPRMC,175719.00,A,3723.611116,N,12210.516410,W,054.3,306.4,050620,,,A*40
$GPGGA,175720.00,3723.620290,N,12210.531613,W,7,,0.38,68.42,M,0.0,M,0.0,0000*5A
$GPRMC,175720.00,A,3723.620290,N,12210.531613,W,054.7,307.6,050620,,,A*46
$GPGGA,175721.00,3723.630111,N,12210.547100,W,7,,0.38,70.12,M,0.0,M,0.0,0000*58
$GPRMC,175721.00,A,3723.630111,N,12210.547100,W,055.0,309.1,050620,,,A*47
$GPGGA,175722.00,3723.639916,N,12210.561631,W,7,,0.38,71.65,M,0.0,M,0.0,0000*5D
$GPRMC,175722.00,A,3723.639916,N,12210.561631,W,054.9,311.0,050620,,,A*43
$GPGGA,175723.00,3723.649857,N,12210.575299,W,7,,0.38,72.96,M,0.0,M,0.0,0000*53
$GPRMC,175723.00,A,3723.649857,N,12210.575299,W,054.5,313.2,050620,,,A*4E
