$GPGGA,173955.00,3724.986772,N,12204.789122,W,7,,0.38,-27.56,M,0.0,M,0.0,0000*7F
$GPRMC,173955.00,A,3724.986772,N,12204.789122,W,000.0,000.0,050620,,,A*44
$GPGGA,173956.00,3724.986783,N,12204.789038,W,7,,0.38,-28.36,M,0.0,M,0.0,0000*71
$GPRMC,173956.00,A,3724.986783,N,12204.789038,W,000.0,000.0,050620,,,A*43
$GPGGA,173957.00,3724.986789,N,12204.788864,W,7,,0.38,-28.92,M,0.0,M,0.0,0000*74
$GPRMC,173957.00,A,3724.986789,N,12204.788864,W,000.0,000.0,050620,,,A*48
$GPGGA,173958.00,3724.986705,N,12204.788653,W,7,,0.38,-29.60,M,0.0,M,0.0,0000*79
$GPRMC,173958.00,A,3724.986705,N,12204.788653,W,000.0,000.0,050620,,,A*49
$GPGGA,173959.00,3724.986411,N,12204.788102,W,7,,0.38,-29.61,M,0.0,M,0.0,0000*7C
$GPRMC,173959.00,A,3724.986411,N,12204.788102,W,000.0,000.0,050620,,,A*4D
$GPGGA,174000.00,3724.985956,N,12204.787549,W,7,,0.38,-28.44,M,0.0,M,0.0,0000*71
$GPRMC,174000.00,A,3724.985956,N,12204.787549,W,000.0,000.0,050620,,,A*46
$GPGGA,174001.00,3724.985949,N,12204.787447,W,7,,0.38,-29.20,M,0.0,M,0.0,0000*72
$GPRMC,174001.00,A,3724.985949,N,12204.787447,W,000.0,000.0,050620,,,A*46
$GPGGA,174002.00,3724.985992,N,12204.787412,W,7,,0.38,-29.20,M,0.0,M,0.0,0000*77
$GPRMC,174002.00,A,3724.985992,N,12204.787412,W,000.0,000.0,050620,,,A*43
$GPGGA,174003.00,3724.986231,N,12204.787621,W,7,,0.38,-29.14,M,0.0,M,0.0,0000*72
$GPRMC,174003.00,A,3724.986231,N,12204.787621,W,000.0,000.0,050620,,,A*41
$GPGGA,174004.00,3724.986243,N,12204.787670,W,7,,0.38,-28.87,M,0.0,M,0.0,0000*7F
$GPRMC,174004.00,A,3724.986243,N,12204.787670,W,000.0,000.0,050620,,,A*47
$GPGGA,174005.00,3724.986381,N,12204.787790,W,7,,0.38,-29.39,M,0.0,M,0.0,0000*7A
$GPRMC,174005.00,A,3724.986381,N,12204.787790,W,000.4,000.0,050620,,,A*42
$GPGGA,174006.00,3724.986423,N,12204.787969,W,7,,0.38,-28.53,M,0.0,M,0.0,0000*73
$GPRMC,174006.00,A,3724.986423,N,12204.787969,W,000.0,000.0,050620,,,A*42
$GPGGA,174007.00,3724.986478,N,12204.788114,W,7,,0.38,-28.43,M,0.0,M,0.0,0000*70
$GPRMC,174007.00,A,3724.986478,N,12204.788114,W,000.0,000.0,050620,,,A*40
$GPGGA,174008.00,3724.986645,N,12204.788251,W,7,,0.38,-28.12,M,0.0,M,0.0,0000*75
$GPRMC,174008.00,A,3724.986645,N,12204.788251,W,000.0,000.0,050620,,,A*41
$GPGGA,174009.00,3724.986891,N,12204.788534,W,7,,0.38,-28.32,M,0.0,M,0.0,0000*75
$GPRMC,174009.00,A,3724.986891,N,12204.788534,W,000.0,000.0,050620,,,A*43
$GPGGA,174010.00,3724.987143,N,12204.788797,W,7,,0.38,-28.49,M,0.0,M,0.0,0000*7D
$GPRMC,174010.00,A,3724.987143,N,12204.788797,W,000.0,000.0,050620,,,A*47
$GPGGA,174011.00,3724.987299,N,12204.789068,W,7,,0.38,-28.60,M,0.0,M,0.0,0000*75
$GPRMC,174011.00,A,3724.987299,N,12204.789068,W,000.0,000.0,050620,,,A*44
$GPGGA,174012.00,3724.987395,N,12204.789343,W,7,,0.38,-28.22,M,0.0,M,0.0,0000*77
$GPRMC,174012.00,A,3724.987395,N,12204.789343,W,000.0,000.0,050620,,,A*40
$GPGGA,174013.00,3724.987432,N,12204.789452,W,7,,0.38,-27.95,M,0.0,M,0.0,0000*78
$GPRMC,174013.00,A,3724.987432,N,12204.789452,W,000.0,000.0,050620,,,A*4C
$GPGGA,174014.00,3724.987498,N,12204.789517,W,7,,0.38,-28.00,M,0.0,M,0.0,0000*7C
$GPRMC,174014.00,A,3724.987498,N,12204.789517,W,000.0,000.0,050620,,,A*4B
$GPGGA,174015.00,3724.987593,N,12204.789608,W,7,,0.38,-28.44,M,0.0,M,0.0,0000*7A
$GPRMC,174015.00,A,3724.987593,N,12204.789608,W,000.0,000.0,050620,,,A*4D
$GPGGA,174016.00,3724.987623,N,12204.789673,W,7,,0.38,-28.22,M,0.0,M,0.0,0000*7D
$GPRMC,174016.00,A,3724.987623,N,12204.789673,W,000.0,000.0,050620,,,A*4A
$GPGGA,174017.00,3724.987714,N,12204.789728,W,7,,0.38,-28.17,M,0.0,M,0.0,0000*70
$GPRMC,174017.00,A,3724.987714,N,12204.789728,W,000.0,000.0,050620,,,A*41
$GPGGA,174018.00,3724.987822,N,12204.789728,W,7,,0.38,-27.24,M,0.0,M,0.0,0000*7A
$GPRMC,174018.00,A,3724.987822,N,12204.789728,W,000.0,000.0,050620,,,A*44
$GPGGA,174019.00,3724.988349,N,12204.790309,W,7,,0.38,-28.35,M,0.0,M,0.0,0000*72
$GPRMC,174019.00,A,3724.988349,N,12204.790309,W,000.0,000.0,050620,,,A*43
$GPGGA,174020.00,3724.988482,N,12204.790495,W,7,,0.38,-27.84,M,0.0,M,0.0,0000*7F
$GPRMC,174020.00,A,3724.988482,N,12204.790495,W,000.0,000.0,050620,,,A*4B
$GPGGA,174021.00,3724.988548,N,12204.790621,W,7,,0.38,-27.59,M,0.0,M,0.0,0000*74
$GPRMC,174021.00,A,3724.988548,N,12204.790621,W,000.0,000.0,050620,,,A*40
$GPGGA,174022.00,3724.988565,N,12204.790753,W,7,,0.38,-27.05,M,0.0,M,0.0,0000*75
$GPRMC,174022.00,A,3724.988565,N,12204.790753,W,000.0,000.0,050620,,,A*48
$GPGGA,174023.00,3724.988505,N,12204.790753,W,7,,0.38,-26.59,M,0.0,M,0.0,0000*7A
$GPRMC,174023.00,A,3724.988505,N,12204.790753,W,000.0,000.0,050620,,,A*4F
$GPGGA,174024.00,3724.988463,N,12204.790753,W,7,,0.38,-26.33,M,0.0,M,0.0,0000*70
$GPRMC,174024.00,A,3724.988463,N,12204.790753,W,000.0,000.0,050620,,,A*49
$GPGGA,174025.00,3724.988452,N,12204.790777,W,7,,0.38,-26.32,M,0.0,M,0.0,0000*74
$GPRMC,174025.00,A,3724.988452,N,12204.790777,W,000.0,000.0,050620,,,A*4C
$GPGGA,174026.00,3724.988535,N,12204.790897,W,7,,0.38,-27.04,M,0.0,M,0.0,0000*72
$GPRMC,174026.00,A,3724.988535,N,12204.790897,W,000.0,000.0,050620,,,A*4E
$GPGGA,174027.00,3724.988457,N,12204.790958,W,7,,0.38,-26.96,M,0.0,M,0.0,0000*7E
$GPRMC,174027.00,A,3724.988457,N,12204.790958,W,000.0,000.0,050620,,,A*48
$GPGGA,174028.00,3724.988416,N,12204.790867,W,7,,0.38,-26.78,M,0.0,M,0.0,0000*79
$GPRMC,174028.00,A,3724.988416,N,12204.790867,W,000.0,000.0,050620,,,A*4F
$GPGGA,174029.00,3724.988302,N,12204.790742,W,7,,0.38,-26.67,M,0.0,M,0.0,0000*7C
$GPRMC,174029.00,A,3724.988302,N,12204.790742,W,000.0,000.0,050620,,,A*44
$GPGGA,174030.00,3724.988410,N,12204.790772,W,7,,0.38,-26.76,M,0.0,M,0.0,0000*73
$GPRMC,174030.00,A,3724.988410,N,12204.790772,W,000.0,000.0,050620,,,A*4B
$GPGGA,174031.00,3724.988380,N,12204.790849,W,7,,0.38,-26.76,M,0.0,M,0.0,0000*7B
$GPRMC,174031.00,A,3724.988380,N,12204.790849,W,000.0,000.0,050620,,,A*43
$GPGGA,174032.00,3724.988499,N,12204.790862,W,7,,0.38,-26.75,M,0.0,M,0.0,0000*7D
$GPRMC,174032.00,A,3724.988499,N,12204.790862,W,000.0,000.0,050620,,,A*46
$GPGGA,174033.00,3724.988571,N,12204.790862,W,7,,0.38,-26.43,M,0.0,M,0.0,0000*7E
$GPRMC,174033.00,A,3724.988571,N,12204.790862,W,000.0,000.0,050620,,,A*40
$GPGGA,174034.00,3724.988620,N,12204.790795,W,7,,0.38,-26.29,M,0.0,M,0.0,0000*75
$GPRMC,174034.00,A,3724.988620,N,12204.790795,W,000.0,000.0,050620,,,A*47
$GPGGA,174035.00,3724.988620,N,12204.790946,W,7,,0.38,-25.83,M,0.0,M,0.0,0000*77
$GPRMC,174035.00,A,3724.988620,N,12204.790946,W,000.0,000.0,050620,,,A*46
$GPGGA,174036.00,3724.988656,N,12204.791053,W,7,,0.38,-25.96,M,0.0,M,0.0,0000*7D
$GPRMC,174036.00,A,3724.988656,N,12204.791053,W,000.0,000.0,050620,,,A*48
$GPGGA,174037.00,3724.988781,N,12204.791108,W,7,,0.38,-26.04,M,0.0,M,0.0,0000*70
$GPRMC,174037.00,A,3724.988781,N,12204.791108,W,000.0,000.0,050620,,,A*4D
$GPGGA,174038.00,3724.988854,N,12204.791251,W,7,,0.38,-25.99,M,0.0,M,0.0,0000*70
$GPRMC,174038.00,A,3724.988854,N,12204.791251,W,000.0,000.0,050620,,,A*4A
$GPGGA,174039.00,3724.988950,N,12204.791432,W,7,,0.38,-26.25,M,0.0,M,0.0,0000*73
$GPRMC,174039.00,A,3724.988950,N,12204.791432,W,000.0,000.0,050620,,,A*4D
$GPGGA,174040.00,3724.988973,N,12204.791497,W,7,,0.38,-26.46,M,0.0,M,0.0,0000*76
$GPRMC,174040.00,A,3724.988973,N,12204.791497,W,000.0,000.0,050620,,,A*4D
$GPGGA,174041.00,3724.989028,N,12204.791666,W,7,,0.38,-26.32,M,0.0,M,0.0,0000*7E
$GPRMC,174041.00,A,3724.989028,N,12204.791666,W,000.0,000.0,050620,,,A*46
$GPGGA,174042.00,3724.989039,N,12204.791887,W,7,,0.38,-26.10,M,0.0,M,0.0,0000*7C
$GPRMC,174042.00,A,3724.989039,N,12204.791887,W,000.0,000.0,050620,,,A*44
$GPGGA,174043.00,3724.989087,N,12204.792001,W,7,,0.38,-26.38,M,0.0,M,0.0,0000*77
$GPRMC,174043.00,A,3724.989087,N,12204.792001,W,000.0,000.0,050620,,,A*45
$GPGGA,174044.00,3724.989111,N,12204.792085,W,7,,0.38,-26.85,M,0.0,M,0.0,0000*74
$GPRMC,174044.00,A,3724.989111,N,12204.792085,W,000.0,000.0,050620,,,A*40
$GPGGA,174045.00,3724.989147,N,12204.792157,W,7,,0.38,-27.08,M,0.0,M,0.0,0000*7C
$GPRMC,174045.00,A,3724.989147,N,12204.792157,W,000.0,000.0,050620,,,A*4C
$GPGGA,174046.00,3724.989106,N,12204.792199,W,7,,0.38,-27.09,M,0.0,M,0.0,0000*79
$GPRMC,174046.00,A,3724.989106,N,12204.792199,W,000.0,000.0,050620,,,A*48
$GPGGA,174047.00,3724.989070,N,12204.792289,W,7,,0.38,-27.10,M,0.0,M,0.0,0000*72
$GPRMC,174047.00,A,3724.989070,N,12204.792289,W,000.0,000.0,050620,,,A*4B
$GPGGA,174048.00,3724.989058,N,12204.792284,W,7,,0.38,-27.42,M,0.0,M,0.0,0000*7D
$GPRMC,174048.00,A,3724.989058,N,12204.792284,W,000.0,000.0,050620,,,A*43
$GPGGA,174049.00,3724.989028,N,12204.792314,W,7,,0.38,-27.44,M,0.0,M,0.0,0000*75
$GPRMC,174049.00,A,3724.989028,N,12204.792314,W,000.0,000.0,050620,,,A*4D
$GPGGA,174050.00,3724.989009,N,12204.792349,W,7,,0.38,-27.46,M,0.0,M,0.0,0000*74
$GPRMC,174050.00,A,3724.989009,N,12204.792349,W,000.0,000.0,050620,,,A*4E
$GPGGA,174051.00,3724.988895,N,12204.792475,W,7,,0.38,-27.61,M,0.0,M,0.0,0000*74
$GPRMC,174051.00,A,3724.988895,N,12204.792475,W,000.0,000.0,050620,,,A*4B
$GPGGA,174052.00,3724.988835,N,12204.792380,W,7,,0.38,-27.30,M,0.0,M,0.0,0000*74
$GPRMC,174052.00,A,3724.988835,N,12204.792380,W,000.0,000.0,050620,,,A*4F
$GPGGA,174053.00,3724.988895,N,12204.792445,W,7,,0.38,-27.46,M,0.0,M,0.0,0000*70
$GPRMC,174053.00,A,3724.988895,N,12204.792445,W,000.0,000.0,050620,,,A*4A
$GPGGA,174054.00,3724.988931,N,12204.792547,W,7,,0.38,-27.08,M,0.0,M,0.0,0000*71
$GPRMC,174054.00,A,3724.988931,N,12204.792547,W,000.0,000.0,050620,,,A*41
$GPGGA,174055.00,3724.988859,N,12204.792524,W,7,,0.38,-27.25,M,0.0,M,0.0,0000*75
$GPRMC,174055.00,A,3724.988859,N,12204.792524,W,000.0,000.0,050620,,,A*4A
$GPGGA,174056.00,3724.988865,N,12204.792626,W,7,,0.38,-27.14,M,0.0,M,0.0,0000*7A
$GPRMC,174056.00,A,3724.988865,N,12204.792626,W,000.0,000.0,050620,,,A*47
$GPGGA,174057.00,3724.988842,N,12204.792919,W,7,,0.38,-26.55,M,0.0,M,0.0,0000*79
$GPRMC,174057.00,A,3724.988842,N,12204.792919,W,000.0,000.0,050620,,,A*40
$GPGGA,174058.00,3724.988842,N,12204.793100,W,7,,0.38,-26.00,M,0.0,M,0.0,0000*77
$GPRMC,174058.00,A,3724.988842,N,12204.793100,W,000.0,000.0,050620,,,A*4E
$GPGGA,174059.00,3724.988865,N,12204.793351,W,7,,0.38,-25.60,M,0.0,M,0.0,0000*70
$GPRMC,174059.00,A,3724.988865,N,12204.793351,W,000.0,000.0,050620,,,A*4C
$GPGGA,174100.00,3724.988842,N,12204.793448,W,7,,0.38,-25.18,M,0.0,M,0.0,0000*78
$GPRMC,174100.00,A,3724.988842,N,12204.793448,W,000.0,000.0,050620,,,A*4B
$GPGGA,174101.00,3724.988835,N,12204.793502,W,7,,0.38,-24.95,M,0.0,M,0.0,0000*72
$GPRMC,174101.00,A,3724.988835,N,12204.793502,W,000.0,000.0,050620,,,A*45
$GPGGA,174102.00,3724.988829,N,12204.793634,W,7,,0.38,-24.71,M,0.0,M,0.0,0000*70
$GPRMC,174102.00,A,3724.988829,N,12204.793634,W,000.0,000.0,050620,,,A*4D
$GPGGA,174103.00,3724.988854,N,12204.793706,W,7,,0.38,-24.71,M,0.0,M,0.0,0000*7B
$GPRMC,174103.00,A,3724.988854,N,12204.793706,W,000.0,000.0,050620,,,A*46
$GPGGA,174104.00,3724.989123,N,12204.794101,W,7,,0.38,-24.63,M,0.0,M,0.0,0000*71
$GPRMC,174104.00,A,3724.989123,N,12204.794101,W,000.0,000.0,050620,,,A*4F
$GPGGA,174105.00,3724.989178,N,12204.794210,W,7,,0.38,-24.68,M,0.0,M,0.0,0000*76
$GPRMC,174105.00,A,3724.989178,N,12204.794210,W,000.0,000.0,050620,,,A*43
$GPGGA,174106.00,3724.989208,N,12204.794390,W,7,,0.38,-24.06,M,0.0,M,0.0,0000*70
$GPRMC,174106.00,A,3724.989208,N,12204.794390,W,000.0,000.0,050620,,,A*4D
$GPGGA,174108.00,3724.989058,N,12204.794413,W,7,,0.38,-22.83,M,0.0,M,0.0,0000*7E
$GPRMC,174108.00,A,3724.989058,N,12204.794413,W,000.0,000.0,050620,,,A*48
$GPGGA,174109.00,3724.988884,N,12204.794294,W,7,,0.38,-22.01,M,0.0,M,0.0,0000*74
$GPRMC,174109.00,A,3724.988884,N,12204.794294,W,000.0,000.0,050620,,,A*48
$GPGGA,174110.00,3724.988793,N,12204.794210,W,7,,0.38,-21.43,M,0.0,M,0.0,0000*7C
$GPRMC,174110.00,A,3724.988793,N,12204.794210,W,000.0,000.0,050620,,,A*45
$GPGGA,174111.00,3724.988728,N,12204.794162,W,7,,0.38,-20.73,M,0.0,M,0.0,0000*79
$GPRMC,174111.00,A,3724.988728,N,12204.794162,W,000.0,000.0,050620,,,A*42
$GPGGA,174112.00,3724.988698,N,12204.794150,W,7,,0.38,-20.34,M,0.0,M,0.0,0000*72
$GPRMC,174112.00,A,3724.988698,N,12204.794150,W,000.0,000.0,050620,,,A*4A
$GPGGA,174113.00,3724.988662,N,12204.794222,W,7,,0.38,-20.01,M,0.0,M,0.0,0000*76
$GPRMC,174113.00,A,3724.988662,N,12204.794222,W,000.0,000.0,050620,,,A*48
$GPGGA,174114.00,3724.988620,N,12204.794125,W,7,,0.38,-19.72,M,0.0,M,0.0,0000*7D
$GPRMC,174114.00,A,3724.988620,N,12204.794125,W,000.0,000.0,050620,,,A*4D
$GPGGA,174115.00,3724.988613,N,12204.794095,W,7,,0.38,-19.55,M,0.0,M,0.0,0000*73
$GPRMC,174115.00,A,3724.988613,N,12204.794095,W,000.0,000.0,050620,,,A*46
$GPGGA,174116.00,3724.988607,N,12204.794018,W,7,,0.38,-19.39,M,0.0,M,0.0,0000*7A
$GPRMC,174116.00,A,3724.988607,N,12204.794018,W,000.0,000.0,050620,,,A*45
$GPGGA,174117.00,3724.988584,N,12204.793994,W,7,,0.38,-19.38,M,0.0,M,0.0,0000*78
$GPRMC,174117.00,A,3724.988584,N,12204.793994,W,000.0,000.0,050620,,,A*46
$GPGGA,174118.00,3724.988590,N,12204.793946,W,7,,0.38,-19.45,M,0.0,M,0.0,0000*77
$GPRMC,174118.00,A,3724.988590,N,12204.793946,W,000.0,000.0,050620,,,A*43
$GPGGA,174119.00,3724.988632,N,12204.793916,W,7,,0.38,-19.44,M,0.0,M,0.0,0000*79
$GPRMC,174119.00,A,3724.988632,N,12204.793916,W,000.0,000.0,050620,,,A*4C
$GPGGA,174120.00,3724.988668,N,12204.793880,W,7,,0.38,-19.45,M,0.0,M,0.0,0000*73
$GPRMC,174120.00,A,3724.988668,N,12204.793880,W,000.0,000.0,050620,,,A*47
$GPGGA,174121.00,3724.988649,N,12204.793790,W,7,,0.38,-19.45,M,0.0,M,0.0,0000*7F
$GPRMC,174121.00,A,3724.988649,N,12204.793790,W,000.0,000.0,050620,,,A*4B
$GPGGA,174122.00,3724.988620,N,12204.793699,W,7,,0.38,-19.42,M,0.0,M,0.0,0000*7C
$GPRMC,174122.00,A,3724.988620,N,12204.793699,W,000.0,000.0,050620,,,A*4F
$GPGGA,174123.00,3724.988613,N,12204.793681,W,7,,0.38,-19.42,M,0.0,M,0.0,0000*74
$GPRMC,174123.00,A,3724.988613,N,12204.793681,W,000.0,000.0,050620,,,A*47
$GPGGA,174124.00,3724.988626,N,12204.793646,W,7,,0.38,-19.49,M,0.0,M,0.0,0000*75
$GPRMC,174124.00,A,3724.988626,N,12204.793646,W,000.0,000.0,050620,,,A*4D
$GPGGA,174125.00,3724.988721,N,12204.793634,W,7,,0.38,-19.62,M,0.0,M,0.0,0000*7E
$GPRMC,174125.00,A,3724.988721,N,12204.793634,W,000.3,000.3,050620,,,A*4F
$GPGGA,174126.00,3724.988764,N,12204.793586,W,7,,0.38,-19.36,M,0.0,M,0.0,0000*77
$GPRMC,174126.00,A,3724.988764,N,12204.793586,W,000.0,000.0,050620,,,A*47
$GPGGA,174127.00,3724.988745,N,12204.793502,W,7,,0.38,-19.58,M,0.0,M,0.0,0000*71
$GPRMC,174127.00,A,3724.988745,N,12204.793502,W,000.0,000.0,050620,,,A*49
$GPGGA,174128.00,3724.988698,N,12204.793286,W,7,,0.38,-19.79,M,0.0,M,0.0,0000*77
$GPRMC,174128.00,A,3724.988698,N,12204.793286,W,000.0,000.0,050620,,,A*4C
$GPGGA,174129.00,3724.988685,N,12204.793142,W,7,,0.38,-19.97,M,0.0,M,0.0,0000*71
$GPRMC,174129.00,A,3724.988685,N,12204.793142,W,000.0,000.0,050620,,,A*4A
$GPGGA,174130.00,3724.988728,N,12204.793051,W,7,,0.38,-20.07,M,0.0,M,0.0,0000*7F
$GPRMC,174130.00,A,3724.988728,N,12204.793051,W,000.0,000.0,050620,,,A*47
$GPGGA,174131.00,3724.988728,N,12204.792974,W,7,,0.38,-20.09,M,0.0,M,0.0,0000*7F
$GPRMC,174131.00,A,3724.988728,N,12204.792974,W,000.0,000.0,050620,,,A*49
$GPGGA,174132.00,3724.988764,N,12204.792842,W,7,,0.38,-20.05,M,0.0,M,0.0,0000*7C
$GPRMC,174132.00,A,3724.988764,N,12204.792842,W,000.0,000.0,050620,,,A*46
$GPGGA,174133.00,3724.988799,N,12204.792751,W,7,,0.38,-19.84,M,0.0,M,0.0,0000*71
$GPRMC,174133.00,A,3724.988799,N,12204.792751,W,000.0,000.0,050620,,,A*48
$GPGGA,174134.00,3724.988818,N,12204.792686,W,7,,0.38,-19.83,M,0.0,M,0.0,0000*7C
$GPRMC,174134.00,A,3724.988818,N,12204.792686,W,000.0,000.0,050620,,,A*42
$GPGGA,174135.00,3724.988835,N,12204.792589,W,7,,0.38,-20.19,M,0.0,M,0.0,0000*77
$GPRMC,174135.00,A,3724.988835,N,12204.792589,W,000.0,000.0,050620,,,A*40
$GPGGA,174136.00,3724.988854,N,12204.792505,W,7,,0.38,-20.09,M,0.0,M,0.0,0000*76
$GPRMC,174136.00,A,3724.988854,N,12204.792505,W,000.0,000.0,050620,,,A*40
$GPGGA,174137.00,3724.988799,N,12204.792403,W,7,,0.38,-20.10,M,0.0,M,0.0,0000*76
$GPRMC,174137.00,A,3724.988799,N,12204.792403,W,000.0,000.0,050620,,,A*48
$GPGGA,174138.00,3724.988776,N,12204.792386,W,7,,0.38,-20.04,M,0.0,M,0.0,0000*77
$GPRMC,174138.00,A,3724.988776,N,12204.792386,W,000.0,000.0,050620,,,A*4C
$GPGGA,174139.00,3724.988751,N,12204.792271,W,7,,0.38,-20.20,M,0.0,M,0.0,0000*7C
$GPRMC,174139.00,A,3724.988751,N,12204.792271,W,000.0,000.0,050620,,,A*41
$GPGGA,174140.00,3724.988799,N,12204.792187,W,7,,0.38,-20.24,M,0.0,M,0.0,0000*78
$GPRMC,174140.00,A,3724.988799,N,12204.792187,W,000.0,000.0,050620,,,A*41
$GPGGA,174141.00,3724.988835,N,12204.792127,W,7,,0.38,-20.35,M,0.0,M,0.0,0000*7A
$GPRMC,174141.00,A,3724.988835,N,12204.792127,W,000.0,000.0,050620,,,A*43
$GPGGA,174142.00,3724.988878,N,12204.792031,W,7,,0.38,-20.33,M,0.0,M,0.0,0000*70
$GPRMC,174142.00,A,3724.988878,N,12204.792031,W,000.0,000.0,050620,,,A*4F
$GPGGA,174143.00,3724.988926,N,12204.791978,W,7,,0.38,-20.27,M,0.0,M,0.0,0000*79
$GPRMC,174143.00,A,3724.988926,N,12204.791978,W,000.0,000.0,050620,,,A*43
$GPGGA,174144.00,3724.988956,N,12204.791959,W,7,,0.38,-20.24,M,0.0,M,0.0,0000*79
$GPRMC,174144.00,A,3724.988956,N,12204.791959,W,000.0,000.0,050620,,,A*40
$GPGGA,174145.00,3724.988901,N,12204.791713,W,7,,0.38,-20.23,M,0.0,M,0.0,0000*7D
$GPRMC,174145.00,A,3724.988901,N,12204.791713,W,000.6,077.1,050620,,,A*44
$GPGGA,174146.00,3724.989087,N,12204.791155,W,7,,0.38,-20.27,M,0.0,M,0.0,0000*78
$GPRMC,174146.00,A,3724.989087,N,12204.791155,W,002.1,070.7,050620,,,A*41
$GPGGA,174147.00,3724.989489,N,12204.790195,W,7,,0.38,-21.36,M,0.0,M,0.0,0000*7F
$GPRMC,174147.00,A,3724.989489,N,12204.790195,W,003.4,066.9,050620,,,A*4A
$GPGGA,174148.00,3724.989832,N,12204.788311,W,7,,0.38,-21.84,M,0.0,M,0.0,0000*72
$GPRMC,174148.00,A,3724.989832,N,12204.788311,W,005.9,079.6,050620,,,A*44
$GPGGA,174149.00,3724.990090,N,12204.785504,W,7,,0.38,-22.67,M,0.0,M,0.0,0000*7A
$GPRMC,174149.00,A,3724.990090,N,12204.785504,W,008.3,085.9,050620,,,A*49
$GPGGA,174150.00,3724.990120,N,12204.781201,W,7,,0.38,-23.15,M,0.0,M,0.0,0000*7A
$GPRMC,174150.00,A,3724.990120,N,12204.781201,W,011.4,091.1,050620,,,A*4F
$GPGGA,174151.00,3724.990012,N,12204.775873,W,7,,0.38,-23.63,M,0.0,M,0.0,0000*7E
$GPRMC,174151.00,A,3724.990012,N,12204.775873,W,014.2,092.1,050620,,,A*4A
$GPGGA,174152.00,3724.989724,N,12204.770336,W,7,,0.38,-23.98,M,0.0,M,0.0,0000*7C
$GPRMC,174152.00,A,3724.989724,N,12204.770336,W,015.5,092.9,050620,,,A*42
$GPGGA,174153.00,3724.989195,N,12204.763616,W,7,,0.38,-24.22,M,0.0,M,0.0,0000*72
$GPRMC,174153.00,A,3724.989195,N,12204.763616,W,018.5,093.7,050620,,,A*48
$GPGGA,174154.00,3724.988698,N,12204.756920,W,7,,0.38,-24.42,M,0.0,M,0.0,0000*74
$GPRMC,174154.00,A,3724.988698,N,12204.756920,W,019.2,094.6,050620,,,A*48
$GPGGA,174155.00,3724.988421,N,12204.750590,W,7,,0.38,-24.61,M,0.0,M,0.0,0000*75
$GPRMC,174155.00,A,3724.988421,N,12204.750590,W,019.1,094.8,050620,,,A*45
$GPGGA,174156.00,3724.987761,N,12204.743545,W,7,,0.38,-24.68,M,0.0,M,0.0,0000*7D
$GPRMC,174156.00,A,3724.987761,N,12204.743545,W,019.9,095.2,050620,,,A*47
$GPGGA,174157.00,3724.987828,N,12204.736358,W,7,,0.38,-24.68,M,0.0,M,0.0,0000*76
$GPRMC,174157.00,A,3724.987828,N,12204.736358,W,020.5,094.5,050620,,,A*4C
$GPGGA,174158.00,3724.987047,N,12204.729109,W,7,,0.38,-25.45,M,0.0,M,0.0,0000*7E
$GPRMC,174158.00,A,3724.987047,N,12204.729109,W,019.9,095.1,050620,,,A*49
$GPGGA,174159.00,3724.986622,N,12204.722545,W,7,,0.38,-25.47,M,0.0,M,0.0,0000*7E
$GPRMC,174159.00,A,3724.986622,N,12204.722545,W,018.9,094.9,050620,,,A*43
$GPGGA,174200.00,3724.986256,N,12204.716359,W,7,,0.38,-25.58,M,0.0,M,0.0,0000*74
$GPRMC,174200.00,A,3724.986256,N,12204.716359,W,017.5,095.2,050620,,,A*4E
$GPGGA,174201.00,3724.985973,N,12204.710497,W,7,,0.38,-25.99,M,0.0,M,0.0,0000*74
$GPRMC,174201.00,A,3724.985973,N,12204.710497,W,016.0,095.6,050620,,,A*43
$GPGGA,174202.00,3724.985560,N,12204.705590,W,7,,0.40,-26.07,M,0.0,M,0.0,0000*70
$GPRMC,174202.00,A,3724.985560,N,12204.705590,W,014.4,093.2,050620,,,A*48
$GPGGA,174203.00,3724.985139,N,12204.701449,W,7,,0.38,-26.14,M,0.0,M,0.0,0000*75
$GPRMC,174203.00,A,3724.985139,N,12204.701449,W,012.3,091.3,050620,,,A*42
$GPGGA,174204.00,3724.984587,N,12204.697898,W,7,,0.38,-26.55,M,0.0,M,0.0,0000*79
$GPRMC,174204.00,A,3724.984587,N,12204.697898,W,009.6,095.8,050620,,,A*4B
$GPGGA,174205.00,3724.983681,N,12204.695096,W,7,,0.38,-26.35,M,0.0,M,0.0,0000*78
$GPRMC,174205.00,A,3724.983681,N,12204.695096,W,007.8,105.6,050620,,,A*4A
$GPGGA,174206.00,3724.982451,N,12204.692845,W,7,,0.38,-26.37,M,0.0,M,0.0,0000*76
$GPRMC,174206.00,A,3724.982451,N,12204.692845,W,007.5,120.0,050620,,,A*4A
$GPGGA,174207.00,3724.980249,N,12204.691088,W,7,,0.38,-26.09,M,0.0,M,0.0,0000*7D
$GPRMC,174207.00,A,3724.980249,N,12204.691088,W,010.2,144.5,050620,,,A*4A
$GPGGA,174208.00,3724.977064,N,12204.690145,W,7,,0.38,-25.84,M,0.0,M,0.0,0000*70
$GPRMC,174208.00,A,3724.977064,N,12204.690145,W,013.4,167.6,050620,,,A*46
$GPGGA,174209.00,3724.973086,N,12204.689827,W,7,,0.38,-26.42,M,0.0,M,0.0,0000*75
$GPRMC,174209.00,A,3724.973086,N,12204.689827,W,015.4,181.0,050620,,,A*42
$GPGGA,174210.00,3724.968202,N,12204.690019,W,7,,0.38,-26.59,M,0.0,M,0.0,0000*7E
$GPRMC,174210.00,A,3724.968202,N,12204.690019,W,018.6,181.9,050620,,,A*45
$GPGGA,174211.00,3724.962652,N,12204.690361,W,7,,0.38,-26.38,M,0.0,M,0.0,0000*7F
$GPRMC,174211.00,A,3724.962652,N,12204.690361,W,021.3,183.4,050620,,,A*43
$GPGGA,174212.00,3724.956124,N,12204.690805,W,7,,0.38,-26.20,M,0.0,M,0.0,0000*7D
$GPRMC,174212.00,A,3724.956124,N,12204.690805,W,023.5,185.5,050620,,,A*4B
$GPGGA,174213.00,3724.949194,N,12204.691274,W,7,,0.38,-25.91,M,0.0,M,0.0,0000*7D
$GPRMC,174213.00,A,3724.949194,N,12204.691274,W,025.9,184.1,050620,,,A*4D
$GPGGA,174214.00,3724.941987,N,12204.691502,W,7,,0.38,-26.15,M,0.0,M,0.0,0000*71
$GPRMC,174214.00,A,3724.941987,N,12204.691502,W,027.3,181.7,050620,,,A*45
$GPGGA,174215.00,3724.934169,N,12204.691669,W,7,,0.38,-25.97,M,0.0,M,0.0,0000*7D
$GPRMC,174215.00,A,3724.934169,N,12204.691669,W,028.5,180.8,050620,,,A*47
$GPGGA,174216.00,3724.926106,N,12204.691711,W,7,,0.38,-25.97,M,0.0,M,0.0,0000*7A
$GPRMC,174216.00,A,3724.926106,N,12204.691711,W,029.5,179.8,050620,,,A*47
$GPGGA,174217.00,3724.917549,N,12204.691634,W,7,,0.38,-25.59,M,0.0,M,0.0,0000*72
$GPRMC,174217.00,A,3724.917549,N,12204.691634,W,030.3,180.8,050620,,,A*45
$GPGGA,174218.00,3724.909185,N,12204.691693,W,7,,0.38,-25.49,M,0.0,M,0.0,0000*7A
$GPRMC,174218.00,A,3724.909185,N,12204.691693,W,031.1,181.2,050620,,,A*44
$GPGGA,174219.00,3724.900497,N,12204.691718,W,7,,0.38,-25.43,M,0.0,M,0.0,0000*7C
$GPRMC,174219.00,A,3724.900497,N,12204.691718,W,031.8,181.1,050620,,,A*42
$GPGGA,174220.00,3724.891258,N,12204.691753,W,7,,0.38,-25.19,M,0.0,M,0.0,0000*7A
$GPRMC,174220.00,A,3724.891258,N,12204.691753,W,032.5,181.7,050620,,,A*43
$GPGGA,174221.00,3724.882138,N,12204.691760,W,7,,0.38,-24.84,M,0.0,M,0.0,0000*79
$GPRMC,174221.00,A,3724.882138,N,12204.691760,W,032.6,180.6,050620,,,A*46
$GPGGA,174222.00,3724.873240,N,12204.691646,W,7,,0.38,-24.48,M,0.0,M,0.0,0000*7D
$GPRMC,174222.00,A,3724.873240,N,12204.691646,W,032.0,181.6,050620,,,A*45
$GPGGA,174223.00,3724.864882,N,12204.691562,W,7,,0.38,-24.20,M,0.0,M,0.0,0000*75
$GPRMC,174223.00,A,3724.864882,N,12204.691562,W,030.5,180.5,050620,,,A*46
$GPGGA,174224.00,3724.857021,N,12204.691430,W,7,,0.38,-24.12,M,0.0,M,0.0,0000*74
$GPRMC,174224.00,A,3724.857021,N,12204.691430,W,026.9,181.1,050620,,,A*48
$GPGGA,174225.00,3724.850049,N,12204.691423,W,7,,0.38,-24.07,M,0.0,M,0.0,0000*7A
$GPRMC,174225.00,A,3724.850049,N,12204.691423,W,022.9,182.0,050620,,,A*44
$GPGGA,174226.00,3724.844547,N,12204.691550,W,7,,0.38,-24.02,M,0.0,M,0.0,0000*77
$GPRMC,174226.00,A,3724.844547,N,12204.691550,W,018.5,181.8,050620,,,A*42
$GPGGA,174227.00,3724.840468,N,12204.691669,W,7,,0.38,-23.64,M,0.0,M,0.0,0000*70
$GPRMC,174227.00,A,3724.840468,N,12204.691669,W,013.7,181.7,050620,,,A*44
$GPGGA,174228.00,3724.837389,N,12204.691723,W,7,,0.38,-23.60,M,0.0,M,0.0,0000*7C
$GPRMC,174228.00,A,3724.837389,N,12204.691723,W,009.4,181.4,050620,,,A*47
$GPGGA,174229.00,3724.835044,N,12204.691790,W,7,,0.38,-23.50,M,0.0,M,0.0,0000*76
$GPRMC,174229.00,A,3724.835044,N,12204.691790,W,007.8,180.3,050620,,,A*4A
$GPGGA,174230.00,3724.833244,N,12204.691723,W,7,,0.39,-23.37,M,0.0,M,0.0,0000*72
$GPRMC,174230.00,A,3724.833244,N,12204.691723,W,006.1,180.6,050620,,,A*43
$GPGGA,174231.00,3724.832092,N,12204.691741,W,7,,0.38,-23.36,M,0.0,M,0.0,0000*7F
$GPRMC,174231.00,A,3724.832092,N,12204.691741,W,003.2,180.1,050620,,,A*4F
$GPGGA,174232.00,3724.831515,N,12204.691748,W,7,,0.38,-23.36,M,0.0,M,0.0,0000*7C
$GPRMC,174232.00,A,3724.831515,N,12204.691748,W,001.3,179.6,050620,,,A*4E
$GPGGA,174233.00,3724.831413,N,12204.691748,W,7,,0.38,-23.35,M,0.0,M,0.0,0000*79
$GPRMC,174233.00,A,3724.831413,N,12204.691748,W,000.0,000.0,050620,,,A*43
$GPGGA,174234.00,3724.831396,N,12204.691778,W,7,,0.38,-23.37,M,0.0,M,0.0,0000*75
$GPRMC,174234.00,A,3724.831396,N,12204.691778,W,000.0,000.0,050620,,,A*4D
$GPGGA,174235.00,3724.831377,N,12204.691790,W,7,,0.38,-23.36,M,0.0,M,0.0,0000*7C
$GPRMC,174235.00,A,3724.831377,N,12204.691790,W,000.0,000.0,050620,,,A*45
$GPGGA,174236.00,3724.831354,N,12204.691802,W,7,,0.38,-23.34,M,0.0,M,0.0,0000*78
$GPRMC,174236.00,A,3724.831354,N,12204.691802,W,000.0,000.0,050620,,,A*43
$GPGGA,174237.00,3724.831348,N,12204.691802,W,7,,0.38,-23.35,M,0.0,M,0.0,0000*75
$GPRMC,174237.00,A,3724.831348,N,12204.691802,W,000.0,000.0,050620,,,A*4F
$GPGGA,174238.00,3724.831348,N,12204.691802,W,7,,0.38,-23.34,M,0.0,M,0.0,0000*7B
$GPRMC,174238.00,A,3724.831348,N,12204.691802,W,000.0,000.0,050620,,,A*40
$GPGGA,174239.00,3724.831354,N,12204.691802,W,7,,0.38,-23.34,M,0.0,M,0.0,0000*77
$GPRMC,174239.00,A,3724.831354,N,12204.691802,W,000.0,000.0,050620,,,A*4C
$GPGGA,174240.00,3724.831348,N,12204.691802,W,7,,0.38,-23.34,M,0.0,M,0.0,0000*74
$GPRMC,174240.00,A,3724.831348,N,12204.691802,W,000.0,000.0,050620,,,A*4F
$GPGGA,174241.00,3724.831354,N,12204.691802,W,7,,0.38,-23.34,M,0.0,M,0.0,0000*78
$GPRMC,174241.00,A,3724.831354,N,12204.691802,W,000.0,000.0,050620,,,A*43
$GPGGA,174242.00,3724.831354,N,12204.691808,W,7,,0.38,-23.34,M,0.0,M,0.0,0000*71
$GPRMC,174242.00,A,3724.831354,N,12204.691808,W,000.0,000.0,050620,,,A*4A
$GPGGA,174243.00,3724.831354,N,12204.691802,W,7,,0.38,-23.34,M,0.0,M,0.0,0000*7A
$GPRMC,174243.00,A,3724.831354,N,12204.691802,W,000.0,000.0,050620,,,A*41
$GPGGA,174244.00,3724.831348,N,12204.691802,W,7,,0.38,-23.34,M,0.0,M,0.0,0000*70
$GPRMC,174244.00,A,3724.831348,N,12204.691802,W,000.0,000.0,050620,,,A*4B
$GPGGA,174245.00,3724.831282,N,12204.691922,W,7,,0.38,-23.30,M,0.0,M,0.0,0000*71
$GPRMC,174245.00,A,3724.831282,N,12204.691922,W,000.0,000.0,050620,,,A*4E
$GPGGA,174246.00,3724.831282,N,12204.691957,W,7,,0.38,-23.29,M,0.0,M,0.0,0000*78
$GPRMC,174246.00,A,3724.831282,N,12204.691957,W,000.0,000.0,050620,,,A*4F
$GPGGA,174247.00,3724.831282,N,12204.691952,W,7,,0.38,-23.28,M,0.0,M,0.0,0000*7D
$GPRMC,174247.00,A,3724.831282,N,12204.691952,W,000.0,000.0,050620,,,A*4B
$GPGGA,174248.00,3724.831246,N,12204.691957,W,7,,0.38,-23.17,M,0.0,M,0.0,0000*73
$GPRMC,174248.00,A,3724.831246,N,12204.691957,W,000.0,000.0,050620,,,A*49
$GPGGA,174249.00,3724.831221,N,12204.692006,W,7,,0.38,-23.10,M,0.0,M,0.0,0000*7A
$GPRMC,174249.00,A,3724.831221,N,12204.692006,W,000.0,000.0,050620,,,A*47
$GPGGA,174250.00,3724.831204,N,12204.692011,W,7,,0.38,-23.07,M,0.0,M,0.0,0000*75
$GPRMC,174250.00,A,3724.831204,N,12204.692011,W,000.0,000.0,050620,,,A*4E
$GPGGA,174251.00,3724.831180,N,12204.692024,W,7,,0.38,-22.94,M,0.0,M,0.0,0000*76
$GPRMC,174251.00,A,3724.831180,N,12204.692024,W,000.0,000.0,050620,,,A*46
$GPGGA,174252.00,3724.831138,N,12204.692060,W,7,,0.38,-23.07,M,0.0,M,0.0,0000*7D
$GPRMC,174252.00,A,3724.831138,N,12204.692060,W,000.0,000.0,050620,,,A*46
$GPGGA,174253.00,3724.830880,N,12204.692071,W,7,,0.38,-23.01,M,0.0,M,0.0,0000*71
$GPRMC,174253.00,A,3724.830880,N,12204.692071,W,001.5,184.6,050620,,,A*43
$GPGGA,174254.00,3724.829655,N,12204.692150,W,7,,0.38,-22.99,M,0.0,M,0.0,0000*7A
$GPRMC,174254.00,A,3724.829655,N,12204.692150,W,005.6,184.4,050620,,,A*4D
$GPGGA,174255.00,3724.827549,N,12204.692060,W,7,,0.38,-22.90,M,0.0,M,0.0,0000*70
$GPRMC,174255.00,A,3724.827549,N,12204.692060,W,009.2,182.3,050620,,,A*47
$GPGGA,174256.00,3724.824507,N,12204.692024,W,7,,0.38,-22.73,M,0.0,M,0.0,0000*77
$GPRMC,174256.00,A,3724.824507,N,12204.692024,W,012.1,181.0,050620,,,A*44
$GPGGA,174257.00,3724.820518,N,12204.691994,W,7,,0.38,-22.31,M,0.0,M,0.0,0000*7B
$GPRMC,174257.00,A,3724.820518,N,12204.691994,W,015.0,180.8,050620,,,A*41
$GPGGA,174258.00,3724.815850,N,12204.691946,W,7,,0.38,-21.91,M,0.0,M,0.0,0000*75
$GPRMC,174258.00,A,3724.815850,N,12204.691946,W,017.8,181.2,050620,,,A*47
$GPGGA,174259.00,3724.810516,N,12204.691969,W,7,,0.38,-21.68,M,0.0,M,0.0,0000*75
$GPRMC,174259.00,A,3724.810516,N,12204.691969,W,020.6,181.1,050620,,,A*48
$GPGGA,174300.00,3724.804227,N,12204.692066,W,7,,0.38,-21.05,M,0.0,M,0.0,0000*76
$GPRMC,174300.00,A,3724.804227,N,12204.692066,W,022.7,180.8,050620,,,A*4B
$GPGGA,174301.00,3724.797604,N,12204.692162,W,7,,0.38,-20.44,M,0.0,M,0.0,0000*76
$GPRMC,174301.00,A,3724.797604,N,12204.692162,W,024.4,180.8,050620,,,A*4A
$GPGGA,174302.00,3724.790644,N,12204.692269,W,7,,0.38,-19.74,M,0.0,M,0.0,0000*77
$GPRMC,174302.00,A,3724.790644,N,12204.692269,W,026.1,180.8,050620,,,A*45
$GPGGA,174303.00,3724.783179,N,12204.692383,W,7,,0.38,-18.86,M,0.0,M,0.0,0000*74
$GPRMC,174303.00,A,3724.783179,N,12204.692383,W,027.5,181.1,050620,,,A*47
$GPGGA,174304.00,3724.775386,N,12204.692510,W,7,,0.38,-17.93,M,0.0,M,0.0,0000*7F
$GPRMC,174304.00,A,3724.775386,N,12204.692510,W,028.5,180.1,050620,,,A*49
$GPGGA,174305.00,3724.767015,N,12204.692569,W,7,,0.38,-16.90,M,0.0,M,0.0,0000*78
$GPRMC,174305.00,A,3724.767015,N,12204.692569,W,029.7,179.4,050620,,,A*4C
$GPGGA,174306.00,3724.758874,N,12204.692540,W,7,,0.38,-15.77,M,0.0,M,0.0,0000*79
$GPRMC,174306.00,A,3724.758874,N,12204.692540,W,030.4,178.7,050620,,,A*4E
$GPGGA,174307.00,3724.750300,N,12204.692396,W,7,,0.38,-14.74,M,0.0,M,0.0,0000*77
$GPRMC,174307.00,A,3724.750300,N,12204.692396,W,031.1,178.7,050620,,,A*46
$GPGGA,174308.00,3724.741485,N,12204.692287,W,7,,0.38,-14.04,M,0.0,M,0.0,0000*74
$GPRMC,174308.00,A,3724.741485,N,12204.692287,W,030.6,178.8,050620,,,A*4B
$GPGGA,174309.00,3724.733133,N,12204.692329,W,7,,0.38,-13.51,M,0.0,M,0.0,0000*7A
$GPRMC,174309.00,A,3724.733133,N,12204.692329,W,029.6,180.3,050620,,,A*46
$GPGGA,174310.00,3724.725435,N,12204.692431,W,7,,0.38,-13.00,M,0.0,M,0.0,0000*7C
$GPRMC,174310.00,A,3724.725435,N,12204.692431,W,028.3,180.6,050620,,,A*45
$GPGGA,174311.00,3724.717720,N,12204.692564,W,7,,0.38,-12.70,M,0.0,M,0.0,0000*7C
$GPRMC,174311.00,A,3724.717720,N,12204.692564,W,027.5,180.8,050620,,,A*44
$GPGGA,174312.00,3724.710117,N,12204.692671,W,7,,0.38,-12.63,M,0.0,M,0.0,0000*7F
$GPRMC,174312.00,A,3724.710117,N,12204.692671,W,027.0,180.9,050620,,,A*41
$GPGGA,174313.00,3724.702479,N,12204.692731,W,7,,0.38,-12.65,M,0.0,M,0.0,0000*73
$GPRMC,174313.00,A,3724.702479,N,12204.692731,W,026.6,180.8,050620,,,A*4D
$GPGGA,174314.00,3724.695447,N,12204.692785,W,7,,0.38,-12.78,M,0.0,M,0.0,0000*75
$GPRMC,174314.00,A,3724.695447,N,12204.692785,W,026.1,180.8,050620,,,A*40
$GPGGA,174315.00,3724.688458,N,12204.692870,W,7,,0.38,-13.01,M,0.0,M,0.0,0000*7C
$GPRMC,174315.00,A,3724.688458,N,12204.692870,W,024.8,181.5,050620,,,A*41
$GPGGA,174316.00,3724.681534,N,12204.693488,W,7,,0.38,-13.27,M,0.0,M,0.0,0000*73
$GPRMC,174316.00,A,3724.681534,N,12204.693488,W,023.6,186.0,050620,,,A*41
$GPGGA,174317.00,3724.675413,N,12204.694495,W,7,,0.38,-13.64,M,0.0,M,0.0,0000*71
$GPRMC,174317.00,A,3724.675413,N,12204.694495,W,021.9,189.8,050620,,,A*4E
$GPGGA,174318.00,3724.669816,N,12204.696379,W,7,,0.38,-14.08,M,0.0,M,0.0,0000*70
$GPRMC,174318.00,A,3724.669816,N,12204.696379,W,020.4,198.7,050620,,,A*41
$GPGGA,174319.00,3724.665015,N,12204.699218,W,7,,0.38,-14.58,M,0.0,M,0.0,0000*7A
$GPRMC,174319.00,A,3724.665015,N,12204.699218,W,019.3,211.2,050620,,,A*44
$GPGGA,174320.00,3724.660804,N,12204.703268,W,7,,0.38,-15.29,M,0.0,M,0.0,0000*7F
$GPRMC,174320.00,A,3724.660804,N,12204.703268,W,018.8,225.1,050620,,,A*48
$GPGGA,174321.00,3724.657708,N,12204.708655,W,7,,0.38,-16.20,M,0.0,M,0.0,0000*72
$GPRMC,174321.00,A,3724.657708,N,12204.708655,W,018.3,242.2,050620,,,A*46
$GPGGA,174322.00,3724.656159,N,12204.714793,W,7,,0.38,-17.22,M,0.0,M,0.0,0000*77
$GPRMC,174322.00,A,3724.656159,N,12204.714793,W,019.3,259.7,050620,,,A*4E
$GPGGA,174323.00,3724.656280,N,12204.721759,W,7,,0.38,-18.37,M,0.0,M,0.0,0000*7A
$GPRMC,174323.00,A,3724.656280,N,12204.721759,W,020.7,278.5,050620,,,A*47
$GPGGA,174324.00,3724.658110,N,12204.729044,W,7,,0.38,-19.25,M,0.0,M,0.0,0000*78
$GPRMC,174324.00,A,3724.658110,N,12204.729044,W,021.7,294.9,050620,,,A*48
$GPGGA,174325.00,3724.661403,N,12204.735494,W,7,,0.38,-19.93,M,0.0,M,0.0,0000*7D
$GPRMC,174325.00,A,3724.661403,N,12204.735494,W,022.0,309.8,050620,,,A*40
$GPGGA,174326.00,3724.665592,N,12204.740701,W,7,,0.38,-20.41,M,0.0,M,0.0,0000*7B
$GPRMC,174326.00,A,3724.665592,N,12204.740701,W,022.2,322.5,050620,,,A*45
$GPGGA,174327.00,3724.670902,N,12204.744470,W,7,,0.38,-20.90,M,0.0,M,0.0,0000*76
$GPRMC,174327.00,A,3724.670902,N,12204.744470,W,022.0,337.2,050620,,,A*45
$GPGGA,174328.00,3724.676841,N,12204.746485,W,7,,0.38,-21.43,M,0.0,M,0.0,0000*7E
$GPRMC,174328.00,A,3724.676841,N,12204.746485,W,022.2,351.7,050620,,,A*45
$GPGGA,174329.00,3724.683274,N,12204.746689,W,7,,0.38,-21.68,M,0.0,M,0.0,0000*7E
$GPRMC,174329.00,A,3724.683274,N,12204.746689,W,022.3,005.5,050620,,,A*4D
$GPGGA,174330.00,3724.689106,N,12204.745039,W,7,,0.38,-21.83,M,0.0,M,0.0,0000*71
$GPRMC,174330.00,A,3724.689106,N,12204.745039,W,022.4,019.7,050620,,,A*4F
$GPGGA,174331.00,3724.694595,N,12204.741428,W,7,,0.38,-21.85,M,0.0,M,0.0,0000*74
$GPRMC,174331.00,A,3724.694595,N,12204.741428,W,022.5,035.5,050620,,,A*41
$GPGGA,174332.00,3724.699173,N,12204.735656,W,7,,0.38,-21.99,M,0.0,M,0.0,0000*73
$GPRMC,174332.00,A,3724.699173,N,12204.735656,W,022.7,052.5,050620,,,A*48
$GPGGA,174333.00,3724.701994,N,12204.728647,W,7,,0.38,-21.96,M,0.0,M,0.0,0000*70
$GPRMC,174333.00,A,3724.701994,N,12204.728647,W,022.8,069.9,050620,,,A*4F
$GPGGA,174334.00,3724.703116,N,12204.720758,W,7,,0.38,-21.88,M,0.0,M,0.0,0000*7F
$GPRMC,174334.00,A,3724.703116,N,12204.720758,W,023.6,086.5,050620,,,A*4D
$GPGGA,174335.00,3724.702438,N,12204.712279,W,7,,0.38,-21.97,M,0.0,M,0.0,0000*7F
$GPRMC,174335.00,A,3724.702438,N,12204.712279,W,025.0,101.2,050620,,,A*4A
$GPGGA,174336.00,3724.700272,N,12204.703987,W,7,,0.38,-21.85,M,0.0,M,0.0,0000*7F
$GPRMC,174336.00,A,3724.700272,N,12204.703987,W,026.4,112.6,050620,,,A*48
$GPGGA,174337.00,3724.697140,N,12204.694952,W,7,,0.38,-21.64,M,0.0,M,0.0,0000*7B
$GPRMC,174337.00,A,3724.697140,N,12204.694952,W,027.9,116.3,050620,,,A*4E
$GPGGA,174338.00,3724.693498,N,12204.685765,W,7,,0.39,-21.47,M,0.0,M,0.0,0000*7A
$GPRMC,174338.00,A,3724.693498,N,12204.685765,W,030.1,117.2,050620,,,A*41
$GPGGA,174339.00,3724.689459,N,12204.676159,W,7,,0.40,-21.16,M,0.0,M,0.0,0000*72
$GPRMC,174339.00,A,3724.689459,N,12204.676159,W,032.0,118.8,050620,,,A*45
$GPGGA,174340.00,3724.685140,N,12204.665954,W,7,,0.39,-20.83,M,0.0,M,0.0,0000*79
$GPRMC,174340.00,A,3724.685140,N,12204.665954,W,033.9,118.4,050620,,,A*49
$GPGGA,174341.00,3724.680934,N,12204.655370,W,7,,0.38,-20.88,M,0.0,M,0.0,0000*73
$GPRMC,174341.00,A,3724.680934,N,12204.655370,W,034.8,117.9,050620,,,A*4D
$GPGGA,174342.00,3724.676223,N,12204.644203,W,7,,0.38,-20.90,M,0.0,M,0.0,0000*78
$GPRMC,174342.00,A,3724.676223,N,12204.644203,W,036.8,117.6,050620,,,A*42
$GPGGA,174343.00,3724.671429,N,12204.632804,W,7,,0.38,-20.77,M,0.0,M,0.0,0000*77
$GPRMC,174343.00,A,3724.671429,N,12204.632804,W,038.4,118.0,050620,,,A*4F
$GPGGA,174344.00,3724.666342,N,12204.620810,W,7,,0.38,-20.75,M,0.0,M,0.0,0000*78
$GPRMC,174344.00,A,3724.666342,N,12204.620810,W,039.7,118.8,050620,,,A*48
$GPGGA,174345.00,3724.660948,N,12204.607939,W,7,,0.38,-20.89,M,0.0,M,0.0,0000*73
$GPRMC,174345.00,A,3724.660948,N,12204.607939,W,041.0,117.9,050620,,,A*46
$GPGGA,174346.00,3724.655728,N,12204.595016,W,7,,0.38,-20.93,M,0.0,M,0.0,0000*79
$GPRMC,174346.00,A,3724.655728,N,12204.595016,W,042.0,116.9,050620,,,A*45
$GPGGA,174347.00,3724.650393,N,12204.581971,W,7,,0.38,-24.19,M,0.0,M,0.0,0000*72
$GPRMC,174347.00,A,3724.650393,N,12204.581971,W,043.5,116.9,050620,,,A*4C
$GPGGA,174348.00,3724.644591,N,12204.567890,W,7,,0.38,-23.01,M,0.0,M,0.0,0000*74
$GPRMC,174348.00,A,3724.644591,N,12204.567890,W,044.6,116.6,050620,,,A*4F
$GPGGA,174349.00,3724.638886,N,12204.553730,W,7,,0.38,-22.58,M,0.0,M,0.0,0000*7A
$GPRMC,174349.00,A,3724.638886,N,12204.553730,W,045.9,116.5,050620,,,A*41
$GPGGA,174350.00,3724.633156,N,12204.539245,W,7,,0.39,-22.22,M,0.0,M,0.0,0000*7A
$GPRMC,174350.00,A,3724.633156,N,12204.539245,W,046.9,116.0,050620,,,A*4B
$GPGGA,174351.00,3724.627420,N,12204.524767,W,7,,0.38,-21.85,M,0.0,M,0.0,0000*7C
$GPRMC,174351.00,A,3724.627420,N,12204.524767,W,047.8,116.0,050620,,,A*42
$GPGGA,174352.00,3724.621413,N,12204.509731,W,7,,0.38,-21.57,M,0.0,M,0.0,0000*7A
$GPRMC,174352.00,A,3724.621413,N,12204.509731,W,048.7,116.5,050620,,,A*4E
$GPGGA,174353.00,3724.614885,N,12204.493885,W,7,,0.38,-21.54,M,0.0,M,0.0,0000*7F
$GPRMC,174353.00,A,3724.614885,N,12204.493885,W,049.4,117.2,050620,,,A*4C
$GPGGA,174354.00,3724.608496,N,12204.478663,W,7,,0.38,-21.25,M,0.0,M,0.0,0000*7E
$GPRMC,174354.00,A,3724.608496,N,12204.478663,W,049.6,118.0,050620,,,A*44
$GPGGA,174355.00,3724.601985,N,12204.463537,W,7,,0.38,-20.99,M,0.0,M,0.0,0000*77
$GPRMC,174355.00,A,3724.601985,N,12204.463537,W,049.5,118.6,050620,,,A*4E
$GPGGA,174356.00,3724.595235,N,12204.448454,W,7,,0.38,-20.62,M,0.0,M,0.0,0000*73
$GPRMC,174356.00,A,3724.595235,N,12204.448454,W,049.9,119.2,050620,,,A*47
$GPGGA,174357.00,3724.588492,N,12204.433130,W,7,,0.38,-20.27,M,0.0,M,0.0,0000*7F
$GPRMC,174357.00,A,3724.588492,N,12204.433130,W,049.9,118.6,050620,,,A*4F
$GPGGA,174358.00,3724.581856,N,12204.417788,W,7,,0.38,-20.04,M,0.0,M,0.0,0000*7F
$GPRMC,174358.00,A,3724.581856,N,12204.417788,W,050.2,118.6,050620,,,A*4D
$GPGGA,174359.00,3724.575184,N,12204.402392,W,7,,0.38,-19.62,M,0.0,M,0.0,0000*72
$GPRMC,174359.00,A,3724.575184,N,12204.402392,W,050.4,118.6,050620,,,A*4C
$GPGGA,174400.00,3724.568326,N,12204.387463,W,7,,0.38,-18.96,M,0.0,M,0.0,0000*76
$GPRMC,174400.00,A,3724.568326,N,12204.387463,W,050.6,119.0,050620,,,A*47
$GPGGA,174401.00,3724.561269,N,12204.371714,W,7,,0.38,-18.25,M,0.0,M,0.0,0000*76
$GPRMC,174401.00,A,3724.561269,N,12204.371714,W,050.3,119.0,050620,,,A*4A
$GPGGA,174402.00,3724.554604,N,12204.356564,W,7,,0.38,-17.33,M,0.0,M,0.0,0000*74
$GPRMC,174402.00,A,3724.554604,N,12204.356564,W,049.8,118.6,050620,,,A*44
$GPGGA,174403.00,3724.547968,N,12204.341540,W,7,,0.39,-16.28,M,0.0,M,0.0,0000*78
$GPRMC,174403.00,A,3724.547968,N,12204.341540,W,049.3,118.8,050620,,,A*47
$GPGGA,174404.00,3724.541290,N,12204.326629,W,7,,0.38,-15.34,M,0.0,M,0.0,0000*77
$GPRMC,174404.00,A,3724.541290,N,12204.326629,W,048.5,119.5,050620,,,A*4C
$GPGGA,174405.00,3724.534510,N,12204.311996,W,7,,0.38,-14.13,M,0.0,M,0.0,0000*70
$GPRMC,174405.00,A,3724.534510,N,12204.311996,W,047.8,120.1,050620,,,A*43
$GPGGA,174406.00,3724.527910,N,12204.298249,W,7,,0.38,-13.09,M,0.0,M,0.0,0000*78
$GPRMC,174406.00,A,3724.527910,N,12204.298249,W,046.9,121.5,050620,,,A*42
$GPGGA,174407.00,3724.520559,N,12204.285014,W,7,,0.38,-11.72,M,0.0,M,0.0,0000*77
$GPRMC,174407.00,A,3724.520559,N,12204.285014,W,046.1,125.7,050620,,,A*4D
$GPGGA,174408.00,3724.512502,N,12204.272611,W,7,,0.38,-10.65,M,0.0,M,0.0,0000*7B
$GPRMC,174408.00,A,3724.512502,N,12204.272611,W,045.7,130.1,050620,,,A*41
$GPGGA,174409.00,3724.503724,N,12204.261079,W,7,,0.38,-9.81,M,0.0,M,0.0,0000*44
$GPRMC,174409.00,A,3724.503724,N,12204.261079,W,045.4,134.8,050620,,,A*42
$GPGGA,174410.00,3724.494382,N,12204.250628,W,7,,0.38,-9.07,M,0.0,M,0.0,0000*45
$GPRMC,174410.00,A,3724.494382,N,12204.250628,W,045.1,139.3,050620,,,A*4E
$GPGGA,174411.00,3724.484530,N,12204.241141,W,7,,0.38,-8.51,M,0.0,M,0.0,0000*40
$GPRMC,174411.00,A,3724.484530,N,12204.241141,W,044.6,143.8,050620,,,A*49
$GPGGA,174412.00,3724.473969,N,12204.232490,W,7,,0.38,-7.80,M,0.0,M,0.0,0000*45
$GPRMC,174412.00,A,3724.473969,N,12204.232490,W,043.9,147.5,050620,,,A*4E
$GPGGA,174413.00,3724.463637,N,12204.225247,W,7,,0.38,-7.33,M,0.0,M,0.0,0000*43
$GPRMC,174413.00,A,3724.463637,N,12204.225247,W,043.6,151.6,050620,,,A*4B
$GPGGA,174414.00,3724.452868,N,12204.218755,W,7,,0.38,-7.27,M,0.0,M,0.0,0000*4F
$GPRMC,174414.00,A,3724.452868,N,12204.218755,W,043.0,155.1,050620,,,A*47
$GPGGA,174415.00,3724.441852,N,12204.213235,W,7,,0.38,-6.90,M,0.0,M,0.0,0000*40
$GPRMC,174415.00,A,3724.441852,N,12204.213235,W,042.8,159.1,050620,,,A*40
$GPGGA,174416.00,3724.430494,N,12204.208627,W,7,,0.38,-10.95,M,0.0,M,0.0,0000*7C
$GPRMC,174416.00,A,3724.430494,N,12204.208627,W,042.7,163.2,050620,,,A*4B
$GPGGA,174417.00,3724.418505,N,12204.205100,W,7,,0.39,-9.31,M,0.0,M,0.0,0000*46
$GPRMC,174417.00,A,3724.418505,N,12204.205100,W,043.3,167.9,050620,,,A*4C
$GPGGA,174418.00,3724.406943,N,12204.202964,W,7,,0.38,-8.39,M,0.0,M,0.0,0000*4D
$GPRMC,174418.00,A,3724.406943,N,12204.202964,W,043.7,173.3,050620,,,A*44
$GPGGA,174419.00,3724.394835,N,12204.202051,W,7,,0.38,-7.95,M,0.0,M,0.0,0000*46
$GPRMC,174419.00,A,3724.394835,N,12204.202051,W,044.1,177.6,050620,,,A*46
$GPGGA,174420.00,3724.382001,N,12204.201703,W,7,,0.38,-7.67,M,0.0,M,0.0,0000*4A
$GPRMC,174420.00,A,3724.382001,N,12204.201703,W,044.7,179.0,050620,,,A*49
$GPGGA,174421.00,3724.369485,N,12204.201554,W,7,,0.38,-7.69,M,0.0,M,0.0,0000*48
$GPRMC,174421.00,A,3724.369485,N,12204.201554,W,045.4,179.3,050620,,,A*44
$GPGGA,174422.00,3724.357191,N,12204.201296,W,7,,0.38,-8.05,M,0.0,M,0.0,0000*4A
$GPRMC,174422.00,A,3724.357191,N,12204.201296,W,046.1,178.7,050620,,,A*40
$GPGGA,174423.00,3724.344040,N,12204.201073,W,7,,0.38,-8.26,M,0.0,M,0.0,0000*4C
$GPRMC,174423.00,A,3724.344040,N,12204.201073,W,047.2,179.2,050620,,,A*41
$GPGGA,174424.00,3724.330834,N,12204.200959,W,7,,0.38,-8.64,M,0.0,M,0.0,0000*45
$GPRMC,174424.00,A,3724.330834,N,12204.200959,W,048.0,179.6,050620,,,A*47
$GPGGA,174425.00,3724.316955,N,12204.200738,W,7,,0.38,-9.11,M,0.0,M,0.0,0000*4C
$GPRMC,174425.00,A,3724.316955,N,12204.200738,W,048.8,179.2,050620,,,A*41
$GPGGA,174426.00,3724.303570,N,12204.200420,W,7,,0.38,-9.39,M,0.0,M,0.0,0000*40
$GPRMC,174426.00,A,3724.303570,N,12204.200420,W,049.6,178.8,050620,,,A*43
$GPGGA,174427.00,3724.289722,N,12204.200167,W,7,,0.38,-9.87,M,0.0,M,0.0,0000*44
$GPRMC,174427.00,A,3724.289722,N,12204.200167,W,050.3,179.4,050620,,,A*42
$GPGGA,174428.00,3724.275243,N,12204.200209,W,7,,0.38,-9.82,M,0.0,M,0.0,0000*44
$GPRMC,174428.00,A,3724.275243,N,12204.200209,W,050.7,180.1,050620,,,A*40
$GPGGA,174429.00,3724.261065,N,12204.200341,W,7,,0.38,-9.74,M,0.0,M,0.0,0000*42
$GPRMC,174429.00,A,3724.261065,N,12204.200341,W,051.2,180.2,050620,,,A*48
$GPGGA,174430.00,3724.247121,N,12204.200569,W,7,,0.38,-9.50,M,0.0,M,0.0,0000*45
$GPRMC,174430.00,A,3724.247121,N,12204.200569,W,051.6,180.3,050620,,,A*4C
$GPGGA,174431.00,3724.232757,N,12204.200725,W,7,,0.38,-9.30,M,0.0,M,0.0,0000*4D
$GPRMC,174431.00,A,3724.232757,N,12204.200725,W,051.9,180.1,050620,,,A*4F
$GPGGA,174432.00,3724.218333,N,12204.200852,W,7,,0.38,-9.28,M,0.0,M,0.0,0000*46
$GPRMC,174432.00,A,3724.218333,N,12204.200852,W,052.0,179.8,050620,,,A*48
$GPGGA,174433.00,3724.203832,N,12204.200857,W,7,,0.38,-8.96,M,0.0,M,0.0,0000*46
$GPRMC,174433.00,A,3724.203832,N,12204.200857,W,051.7,179.9,050620,,,A*49
$GPGGA,174434.00,3724.189557,N,12204.201098,W,7,,0.38,-8.91,M,0.0,M,0.0,0000*43
$GPRMC,174434.00,A,3724.189557,N,12204.201098,W,051.6,181.2,050620,,,A*46
$GPGGA,174435.00,3724.175164,N,12204.201277,W,7,,0.38,-8.57,M,0.0,M,0.0,0000*4C
$GPRMC,174435.00,A,3724.175164,N,12204.201277,W,051.9,180.5,050620,,,A*4A
$GPGGA,174436.00,3724.160157,N,12204.201428,W,7,,0.38,-8.49,M,0.0,M,0.0,0000*48
$GPRMC,174436.00,A,3724.160157,N,12204.201428,W,052.2,180.8,050620,,,A*44
$GPGGA,174437.00,3724.145595,N,12204.201661,W,7,,0.38,-8.20,M,0.0,M,0.0,0000*44
$GPRMC,174437.00,A,3724.145595,N,12204.201661,W,052.6,180.7,050620,,,A*4C
$GPGGA,174438.00,3724.131369,N,12204.201961,W,7,,0.38,-8.66,M,0.0,M,0.0,0000*40
$GPRMC,174438.00,A,3724.131369,N,12204.201961,W,053.1,180.9,050620,,,A*42
$GPGGA,174439.00,3724.116513,N,12204.202214,W,7,,0.38,-8.70,M,0.0,M,0.0,0000*42
$GPRMC,174439.00,A,3724.116513,N,12204.202214,W,053.8,181.0,050620,,,A*46
$GPGGA,174440.00,3724.101358,N,12204.202483,W,7,,0.38,-8.82,M,0.0,M,0.0,0000*46
$GPRMC,174440.00,A,3724.101358,N,12204.202483,W,054.3,180.8,050620,,,A*4A
$GPGGA,174441.00,3724.085710,N,12204.202718,W,7,,0.38,-8.99,M,0.0,M,0.0,0000*49
$GPRMC,174441.00,A,3724.085710,N,12204.202718,W,054.9,180.7,050620,,,A*4A
$GPGGA,174442.00,3724.070860,N,12204.202813,W,7,,0.38,-9.21,M,0.0,M,0.0,0000*4E
$GPRMC,174442.00,A,3724.070860,N,12204.202813,W,055.5,180.0,050620,,,A*45
$GPGGA,174443.00,3724.055176,N,12204.202621,W,7,,0.38,-9.48,M,0.0,M,0.0,0000*46
$GPRMC,174443.00,A,3724.055176,N,12204.202621,W,056.2,179.2,050620,,,A*42
$GPGGA,174444.00,3724.039012,N,12204.201914,W,7,,0.38,-9.98,M,0.0,M,0.0,0000*4F
$GPRMC,174444.00,A,3724.039012,N,12204.201914,W,056.7,177.6,050620,,,A*49
$GPGGA,174445.00,3724.023417,N,12204.200425,W,7,,0.39,-10.50,M,0.0,M,0.0,0000*77
$GPRMC,174445.00,A,3724.023417,N,12204.200425,W,056.4,174.8,050620,,,A*42
$GPGGA,174446.00,3724.008357,N,12204.198308,W,7,,0.38,-10.94,M,0.0,M,0.0,0000*7D
$GPRMC,174446.00,A,3724.008357,N,12204.198308,W,055.9,173.3,050620,,,A*43
$GPGGA,174447.00,3723.993046,N,12204.195422,W,7,,0.38,-11.15,M,0.0,M,0.0,0000*79
$GPRMC,174447.00,A,3723.993046,N,12204.195422,W,055.9,171.0,050620,,,A*4E
$GPGGA,174448.00,3723.977775,N,12204.191846,W,7,,0.38,-11.46,M,0.0,M,0.0,0000*77
$GPRMC,174448.00,A,3723.977775,N,12204.191846,W,055.9,169.1,050620,,,A*4E
$GPGGA,174449.00,3723.961966,N,12204.187838,W,7,,0.39,-11.87,M,0.0,M,0.0,0000*7F
$GPRMC,174449.00,A,3723.961966,N,12204.187838,W,056.5,168.6,050620,,,A*43
$GPGGA,174450.00,3723.946894,N,12204.183830,W,7,,0.38,-11.97,M,0.0,M,0.0,0000*72
$GPRMC,174450.00,A,3723.946894,N,12204.183830,W,057.0,168.0,050620,,,A*4C
$GPGGA,174451.00,3723.931407,N,12204.179726,W,7,,0.39,-11.86,M,0.0,M,0.0,0000*79
$GPRMC,174451.00,A,3723.931407,N,12204.179726,W,057.1,168.0,050620,,,A*47
$GPGGA,174452.00,3723.915346,N,12204.175435,W,7,,0.39,-11.58,M,0.0,M,0.0,0000*70
$GPRMC,174452.00,A,3723.915346,N,12204.175435,W,057.3,167.9,050620,,,A*49
$GPGGA,174453.00,3723.900189,N,12204.171506,W,7,,0.38,-11.37,M,0.0,M,0.0,0000*79
$GPRMC,174453.00,A,3723.900189,N,12204.171506,W,057.3,168.0,050620,,,A*4E
$GPGGA,174454.00,3723.884590,N,12204.167486,W,7,,0.39,-11.01,M,0.0,M,0.0,0000*75
$GPRMC,174454.00,A,3723.884590,N,12204.167486,W,057.3,168.2,050620,,,A*44
$GPGGA,174455.00,3723.869122,N,12204.163556,W,7,,0.38,-11.72,M,0.0,M,0.0,0000*77
$GPRMC,174455.00,A,3723.869122,N,12204.163556,W,057.0,168.3,050620,,,A*41
$GPGGA,174456.00,3723.853563,N,12204.159218,W,7,,0.38,-10.69,M,0.0,M,0.0,0000*73
$GPRMC,174456.00,A,3723.853563,N,12204.159218,W,057.0,168.1,050620,,,A*4C
$GPGGA,174457.00,3723.838059,N,12204.155029,W,7,,0.38,-10.67,M,0.0,M,0.0,0000*71
$GPRMC,174457.00,A,3723.838059,N,12204.155029,W,056.5,168.0,050620,,,A*45
$GPGGA,174458.00,3723.822729,N,12204.150812,W,7,,0.38,-10.17,M,0.0,M,0.0,0000*77
$GPRMC,174458.00,A,3723.822729,N,12204.150812,W,056.5,167.7,050620,,,A*4C
$GPGGA,174459.00,3723.807441,N,12204.146713,W,7,,0.38,-9.85,M,0.0,M,0.0,0000*46
$GPRMC,174459.00,A,3723.807441,N,12204.146713,W,056.4,167.9,050620,,,A*41
$GPGGA,174500.00,3723.791482,N,12204.142394,W,7,,0.38,-9.32,M,0.0,M,0.0,0000*47
$GPRMC,174500.00,A,3723.791482,N,12204.142394,W,056.4,167.9,050620,,,A*4C
$GPGGA,174501.00,3723.776187,N,12204.138283,W,7,,0.38,-9.08,M,0.0,M,0.0,0000*4C
$GPRMC,174501.00,A,3723.776187,N,12204.138283,W,056.4,167.9,050620,,,A*4E
$GPGGA,174502.00,3723.761337,N,12204.134401,W,7,,0.38,-8.77,M,0.0,M,0.0,0000*49
$GPRMC,174502.00,A,3723.761337,N,12204.134401,W,056.4,168.4,050620,,,A*40
$GPGGA,174503.00,3723.745960,N,12204.130525,W,7,,0.38,-8.40,M,0.0,M,0.0,0000*41
$GPRMC,174503.00,A,3723.745960,N,12204.130525,W,055.7,168.8,050620,,,A*40
$GPGGA,174504.00,3723.730917,N,12204.126721,W,7,,0.38,-7.80,M,0.0,M,0.0,0000*46
$GPRMC,174504.00,A,3723.730917,N,12204.126721,W,055.0,169.1,050620,,,A*4B
$GPGGA,174505.00,3723.715672,N,12204.123356,W,7,,0.38,-7.21,M,0.0,M,0.0,0000*46
$GPRMC,174505.00,A,3723.715672,N,12204.123356,W,054.0,170.3,050620,,,A*4B
$GPGGA,174506.00,3723.701446,N,12204.120638,W,7,,0.38,-6.70,M,0.0,M,0.0,0000*4E
$GPRMC,174506.00,A,3723.701446,N,12204.120638,W,053.8,171.6,050620,,,A*4D
$GPGGA,174507.00,3723.686530,N,12204.118112,W,7,,0.38,-5.90,M,0.0,M,0.0,0000*48
$GPRMC,174507.00,A,3723.686530,N,12204.118112,W,053.8,172.8,050620,,,A*4B
$GPGGA,174508.00,3723.671337,N,12204.115963,W,7,,0.38,-4.83,M,0.0,M,0.0,0000*4E
$GPRMC,174508.00,A,3723.671337,N,12204.115963,W,053.4,173.7,050620,,,A*4C
$GPGGA,174509.00,3723.656637,N,12204.114218,W,7,,0.38,-3.78,M,0.0,M,0.0,0000*4A
$GPRMC,174509.00,A,3723.656637,N,12204.114218,W,053.1,174.8,050620,,,A*46
$GPGGA,174510.00,3723.642303,N,12204.112891,W,7,,0.38,-2.79,M,0.0,M,0.0,0000*48
$GPRMC,174510.00,A,3723.642303,N,12204.112891,W,052.9,175.9,050620,,,A*4D
$GPGGA,174511.00,3723.627699,N,12204.111980,W,7,,0.38,-1.99,M,0.0,M,0.0,0000*43
$GPRMC,174511.00,A,3723.627699,N,12204.111980,W,052.7,177.5,050620,,,A*4B
$GPGGA,174512.00,3723.613162,N,12204.111511,W,7,,0.38,-1.19,M,0.0,M,0.0,0000*48
$GPRMC,174512.00,A,3723.613162,N,12204.111511,W,052.5,179.1,050620,,,A*40
$GPGGA,174513.00,3723.598498,N,12204.111518,W,7,,0.38,-0.09,M,0.0,M,0.0,0000*40
$GPRMC,174513.00,A,3723.598498,N,12204.111518,W,052.4,180.6,050620,,,A*48
$GPGGA,174514.00,3723.584014,N,12204.112039,W,7,,0.38,0.61,M,0.0,M,0.0,0000*6C
$GPRMC,174514.00,A,3723.584014,N,12204.112039,W,052.4,181.9,050620,,,A*49
$GPGGA,174515.00,3723.569523,N,12204.112849,W,7,,0.38,1.51,M,0.0,M,0.0,0000*62
$GPRMC,174515.00,A,3723.569523,N,12204.112849,W,052.3,182.9,050620,,,A*41
$GPGGA,174516.00,3723.554620,N,12204.114025,W,7,,0.39,2.45,M,0.0,M,0.0,0000*6C
$GPRMC,174516.00,A,3723.554620,N,12204.114025,W,052.3,183.8,050620,,,A*48
$GPGGA,174517.00,3723.540507,N,12204.115357,W,7,,0.38,2.93,M,0.0,M,0.0,0000*63
$GPRMC,174517.00,A,3723.540507,N,12204.115357,W,052.3,184.2,050620,,,A*40
$GPGGA,174518.00,3723.526042,N,12204.116767,W,7,,0.38,3.50,M,0.0,M,0.0,0000*62
$GPRMC,174518.00,A,3723.526042,N,12204.116767,W,052.4,184.3,050620,,,A*49
$GPGGA,174519.00,3723.511570,N,12204.118219,W,7,,0.38,4.10,M,0.0,M,0.0,0000*62
$GPRMC,174519.00,A,3723.511570,N,12204.118219,W,052.4,184.2,050620,,,A*4B
$GPGGA,174520.00,3723.496858,N,12204.119569,W,7,,0.38,4.57,M,0.0,M,0.0,0000*63
$GPRMC,174520.00,A,3723.496858,N,12204.119569,W,052.7,184.3,050620,,,A*4B
$GPGGA,174521.00,3723.481756,N,12204.121075,W,7,,0.38,4.76,M,0.0,M,0.0,0000*65
$GPRMC,174521.00,A,3723.481756,N,12204.121075,W,053.1,184.6,050620,,,A*4C
$GPGGA,174522.00,3723.467500,N,12204.122474,W,7,,0.38,4.91,M,0.0,M,0.0,0000*60
$GPRMC,174522.00,A,3723.467500,N,12204.122474,W,053.2,184.4,050620,,,A*41
$GPGGA,174523.00,3723.452913,N,12204.123758,W,7,,0.38,4.76,M,0.0,M,0.0,0000*6C
$GPRMC,174523.00,A,3723.452913,N,12204.123758,W,052.6,183.7,050620,,,A*45
$GPGGA,174524.00,3723.437853,N,12204.125071,W,7,,0.38,4.21,M,0.0,M,0.0,0000*65
$GPRMC,174524.00,A,3723.437853,N,12204.125071,W,052.0,184.2,050620,,,A*4A
$GPGGA,174525.00,3723.423339,N,12204.126572,W,7,,0.38,3.95,M,0.0,M,0.0,0000*6B
$GPRMC,174525.00,A,3723.423339,N,12204.126572,W,052.5,184.5,050620,,,A*4E
$GPGGA,174526.00,3723.409156,N,12204.128029,W,7,,0.38,3.68,M,0.0,M,0.0,0000*6C
$GPRMC,174526.00,A,3723.409156,N,12204.128029,W,053.1,184.7,050620,,,A*4C
$GPGGA,174527.00,3723.394179,N,12204.129595,W,7,,0.38,3.18,M,0.0,M,0.0,0000*67
$GPRMC,174527.00,A,3723.394179,N,12204.129595,W,053.8,184.6,050620,,,A*48
$GPGGA,174528.00,3723.379185,N,12204.131017,W,7,,0.38,2.69,M,0.0,M,0.0,0000*69
$GPRMC,174528.00,A,3723.379185,N,12204.131017,W,054.4,184.2,050620,,,A*4E
$GPGGA,174529.00,3723.363585,N,12204.132379,W,7,,0.38,2.20,M,0.0,M,0.0,0000*62
$GPRMC,174529.00,A,3723.363585,N,12204.132379,W,054.8,183.8,050620,,,A*49
$GPGGA,174530.00,3723.348627,N,12204.133520,W,7,,0.38,1.66,M,0.0,M,0.0,0000*62
$GPRMC,174530.00,A,3723.348627,N,12204.133520,W,055.2,183.4,050620,,,A*4F
$GPGGA,174531.00,3723.333369,N,12204.134389,W,7,,0.38,1.01,M,0.0,M,0.0,0000*63
$GPRMC,174531.00,A,3723.333369,N,12204.134389,W,054.9,182.4,050620,,,A*44
$GPGGA,174532.00,3723.318021,N,12204.134947,W,7,,0.38,0.21,M,0.0,M,0.0,0000*6D
$GPRMC,174532.00,A,3723.318021,N,12204.134947,W,053.3,181.2,050620,,,A*41
$GPGGA,174533.00,3723.303544,N,12204.134888,W,7,,0.38,-0.02,M,0.0,M,0.0,0000*4E
$GPRMC,174533.00,A,3723.303544,N,12204.134888,W,051.9,180.0,050620,,,A*45
$GPGGA,174534.00,3723.289707,N,12204.134372,W,7,,0.39,-0.36,M,0.0,M,0.0,0000*47
$GPRMC,174534.00,A,3723.289707,N,12204.134372,W,050.9,178.3,050620,,,A*4F
$GPGGA,174535.00,3723.275788,N,12204.133513,W,7,,0.39,-0.48,M,0.0,M,0.0,0000*4D
$GPRMC,174535.00,A,3723.275788,N,12204.133513,W,050.2,176.7,050620,,,A*4D
$GPGGA,174536.00,3723.261664,N,12204.132205,W,7,,0.38,-0.51,M,0.0,M,0.0,0000*40
$GPRMC,174536.00,A,3723.261664,N,12204.132205,W,051.0,175.8,050620,,,A*46
$GPGGA,174537.00,3723.247360,N,12204.130646,W,7,,0.38,-0.50,M,0.0,M,0.0,0000*44
$GPRMC,174537.00,A,3723.247360,N,12204.130646,W,051.6,175.0,050620,,,A*4D
$GPGGA,174538.00,3723.233026,N,12204.129026,W,7,,0.38,-0.18,M,0.0,M,0.0,0000*4D
$GPRMC,174538.00,A,3723.233026,N,12204.129026,W,051.9,174.8,050620,,,A*4E
$GPGGA,174539.00,3723.218662,N,12204.127423,W,7,,0.38,0.28,M,0.0,M,0.0,0000*62
$GPRMC,174539.00,A,3723.218662,N,12204.127423,W,052.1,175.1,050620,,,A*4C
$GPGGA,174540.00,3723.203800,N,12204.125840,W,7,,0.38,0.79,M,0.0,M,0.0,0000*63
$GPRMC,174540.00,A,3723.203800,N,12204.125840,W,052.2,175.3,050620,,,A*48
$GPGGA,174541.00,3723.189610,N,12204.124381,W,7,,0.38,1.39,M,0.0,M,0.0,0000*6E
$GPRMC,174541.00,A,3723.189610,N,12204.124381,W,052.6,175.5,050620,,,A*42
$GPGGA,174542.00,3723.174958,N,12204.122941,W,7,,0.38,1.87,M,0.0,M,0.0,0000*69
$GPRMC,174542.00,A,3723.174958,N,12204.122941,W,053.2,175.3,050620,,,A*43
$GPGGA,174543.00,3723.160186,N,12204.121363,W,7,,0.38,2.50,M,0.0,M,0.0,0000*66
$GPRMC,174543.00,A,3723.160186,N,12204.121363,W,053.7,174.9,050620,,,A*4B
$GPGGA,174544.00,3723.145102,N,12204.119713,W,7,,0.38,3.16,M,0.0,M,0.0,0000*61
$GPRMC,174544.00,A,3723.145102,N,12204.119713,W,054.2,174.9,050620,,,A*4D
$GPGGA,174545.00,3723.129555,N,12204.118040,W,7,,0.38,3.78,M,0.0,M,0.0,0000*64
$GPRMC,174545.00,A,3723.129555,N,12204.118040,W,054.6,175.0,050620,,,A*4C
$GPGGA,174546.00,3723.114891,N,12204.116383,W,7,,0.38,4.47,M,0.0,M,0.0,0000*65
$GPRMC,174546.00,A,3723.114891,N,12204.116383,W,055.0,174.9,050620,,,A*49
$GPGGA,174547.00,3723.099586,N,12204.114650,W,7,,0.38,1.31,M,0.0,M,0.0,0000*66
$GPRMC,174547.00,A,3723.099586,N,12204.114650,W,054.9,174.8,050620,,,A*47
$GPGGA,174548.00,3723.083949,N,12204.112826,W,7,,0.38,3.11,M,0.0,M,0.0,0000*64
$GPRMC,174548.00,A,3723.083949,N,12204.112826,W,054.8,174.8,050620,,,A*44
$GPGGA,174549.00,3723.068919,N,12204.111091,W,7,,0.38,4.35,M,0.0,M,0.0,0000*63
$GPRMC,174549.00,A,3723.068919,N,12204.111091,W,054.5,174.7,050620,,,A*40
$GPGGA,174550.00,3723.054429,N,12204.109399,W,7,,0.39,5.17,M,0.0,M,0.0,0000*68
$GPRMC,174550.00,A,3723.054429,N,12204.109399,W,054.3,174.8,050620,,,A*42
$GPGGA,174551.00,3723.039303,N,12204.107672,W,7,,0.38,5.42,M,0.0,M,0.0,0000*62
$GPRMC,174551.00,A,3723.039303,N,12204.107672,W,054.2,175.3,050620,,,A*42
$GPGGA,174552.00,3723.024453,N,12204.106064,W,7,,0.38,6.11,M,0.0,M,0.0,0000*6A
$GPRMC,174552.00,A,3723.024453,N,12204.106064,W,053.6,175.2,050620,,,A*4D
$GPGGA,174553.00,3723.009309,N,12204.104354,W,7,,0.38,6.20,M,0.0,M,0.0,0000*6C
$GPRMC,174553.00,A,3723.009309,N,12204.104354,W,052.9,174.8,050620,,,A*4C
$GPGGA,174554.00,3722.995011,N,12204.102716,W,7,,0.38,6.26,M,0.0,M,0.0,0000*6E
$GPRMC,174554.00,A,3722.995011,N,12204.102716,W,053.0,174.5,050620,,,A*4D
$GPGGA,174555.00,3722.980294,N,12204.100969,W,7,,0.38,6.28,M,0.0,M,0.0,0000*6E
$GPRMC,174555.00,A,3722.980294,N,12204.100969,W,053.4,174.8,050620,,,A*4A
$GPGGA,174556.00,3722.965006,N,12204.099259,W,7,,0.38,6.06,M,0.0,M,0.0,0000*6A
$GPRMC,174556.00,A,3722.965006,N,12204.099259,W,053.7,175.1,050620,,,A*49
$GPGGA,174557.00,3722.950438,N,12204.097616,W,7,,0.38,5.95,M,0.0,M,0.0,0000*6C
$GPRMC,174557.00,A,3722.950438,N,12204.097616,W,054.1,174.9,050620,,,A*4E
$GPGGA,174558.00,3722.935342,N,12204.095959,W,7,,0.38,5.86,M,0.0,M,0.0,0000*6E
$GPRMC,174558.00,A,3722.935342,N,12204.095959,W,054.5,175.1,050620,,,A*43
$GPGGA,174559.00,3722.920246,N,12204.094268,W,7,,0.39,5.86,M,0.0,M,0.0,0000*67
$GPRMC,174559.00,A,3722.920246,N,12204.094268,W,054.7,174.9,050620,,,A*40
$GPGGA,174600.00,3722.905035,N,12204.092534,W,7,,0.38,5.99,M,0.0,M,0.0,0000*6E
$GPRMC,174600.00,A,3722.905035,N,12204.092534,W,055.0,174.8,050620,,,A*41
$GPGGA,174601.00,3722.889664,N,12204.090908,W,7,,0.38,5.84,M,0.0,M,0.0,0000*65
$GPRMC,174601.00,A,3722.889664,N,12204.090908,W,055.2,175.1,050620,,,A*4C
$GPGGA,174602.00,3722.874363,N,12204.089318,W,7,,0.39,5.76,M,0.0,M,0.0,0000*69
$GPRMC,174602.00,A,3722.874363,N,12204.089318,W,055.5,175.2,050620,,,A*48
$GPGGA,174603.00,3722.859075,N,12204.087650,W,7,,0.38,5.47,M,0.0,M,0.0,0000*67
$GPRMC,174603.00,A,3722.859075,N,12204.087650,W,055.3,174.7,050620,,,A*47
$GPGGA,174604.00,3722.843272,N,12204.085789,W,7,,0.39,5.41,M,0.0,M,0.0,0000*6E
$GPRMC,174604.00,A,3722.843272,N,12204.085789,W,054.9,174.2,050620,,,A*47
$GPGGA,174605.00,3722.828518,N,12204.084025,W,7,,0.38,5.28,M,0.0,M,0.0,0000*67
$GPRMC,174605.00,A,3722.828518,N,12204.084025,W,055.1,174.6,050620,,,A*4D
$GPGGA,174606.00,3722.813247,N,12204.082364,W,7,,0.38,4.98,M,0.0,M,0.0,0000*6B
$GPRMC,174606.00,A,3722.813247,N,12204.082364,W,055.3,175.1,050620,,,A*4F
$GPGGA,174607.00,3722.797965,N,12204.080786,W,7,,0.38,4.81,M,0.0,M,0.0,0000*60
$GPRMC,174607.00,A,3722.797965,N,12204.080786,W,055.2,175.1,050620,,,A*4D
$GPGGA,174608.00,3722.782689,N,12204.079130,W,7,,0.40,4.62,M,0.0,M,0.0,0000*69
$GPRMC,174608.00,A,3722.782689,N,12204.079130,W,054.6,175.1,050620,,,A*43
$GPGGA,174609.00,3722.767185,N,12204.077540,W,7,,0.38,4.65,M,0.0,M,0.0,0000*6D
$GPRMC,174609.00,A,3722.767185,N,12204.077540,W,054.1,175.3,050620,,,A*4A
$GPGGA,174610.00,3722.752858,N,12204.075967,W,7,,0.38,4.55,M,0.0,M,0.0,0000*62
$GPRMC,174610.00,A,3722.752858,N,12204.075967,W,053.4,175.0,050620,,,A*47
$GPGGA,174611.00,3722.738128,N,12204.074299,W,7,,0.38,3.70,M,0.0,M,0.0,0000*6A
$GPRMC,174611.00,A,3722.738128,N,12204.074299,W,052.6,174.8,050620,,,A*45
$GPGGA,174612.00,3722.723265,N,12204.072644,W,7,,0.38,3.92,M,0.0,M,0.0,0000*67
$GPRMC,174612.00,A,3722.723265,N,12204.072644,W,051.9,174.9,050620,,,A*49
$GPGGA,174613.00,3722.709057,N,12204.071174,W,7,,0.38,4.16,M,0.0,M,0.0,0000*61
$GPRMC,174613.00,A,3722.709057,N,12204.071174,W,051.3,175.6,050620,,,A*40
$GPGGA,174614.00,3722.695095,N,12204.070058,W,7,,0.39,4.19,M,0.0,M,0.0,0000*6C
$GPRMC,174614.00,A,3722.695095,N,12204.070058,W,051.8,176.6,050620,,,A*4B
$GPGGA,174615.00,3722.680647,N,12204.069152,W,7,,0.40,4.50,M,0.0,M,0.0,0000*60
$GPRMC,174615.00,A,3722.680647,N,12204.069152,W,052.3,177.7,050620,,,A*4C
$GPGGA,174616.00,3722.666224,N,12204.068695,W,7,,0.38,5.05,M,0.0,M,0.0,0000*69
$GPRMC,174616.00,A,3722.666224,N,12204.068695,W,052.3,179.1,050620,,,A*43
$GPGGA,174617.00,3722.651266,N,12204.068857,W,7,,0.38,5.25,M,0.0,M,0.0,0000*68
$GPRMC,174617.00,A,3722.651266,N,12204.068857,W,052.3,180.9,050620,,,A*4E
$GPGGA,174618.00,3722.637076,N,12204.069584,W,7,,0.38,6.03,M,0.0,M,0.0,0000*61
$GPRMC,174618.00,A,3722.637076,N,12204.069584,W,052.3,182.9,050620,,,A*42
$GPGGA,174619.00,3722.622586,N,12204.070718,W,7,,0.38,6.60,M,0.0,M,0.0,0000*64
$GPRMC,174619.00,A,3722.622586,N,12204.070718,W,052.3,183.8,050620,,,A*42
$GPGGA,174620.00,3722.607730,N,12204.072127,W,7,,0.39,7.34,M,0.0,M,0.0,0000*6F
$GPRMC,174620.00,A,3722.607730,N,12204.072127,W,052.1,184.7,050620,,,A*42
$GPGGA,174621.00,3722.593743,N,12204.073760,W,7,,0.38,7.91,M,0.0,M,0.0,0000*6E
$GPRMC,174621.00,A,3722.593743,N,12204.073760,W,051.8,185.5,050620,,,A*44
$GPGGA,174622.00,3722.579578,N,12204.075445,W,7,,0.39,8.50,M,0.0,M,0.0,0000*62
$GPRMC,174622.00,A,3722.579578,N,12204.075445,W,051.3,185.7,050620,,,A*42
$GPGGA,174623.00,3722.565507,N,12204.077269,W,7,,0.38,9.12,M,0.0,M,0.0,0000*6A
$GPRMC,174623.00,A,3722.565507,N,12204.077269,W,051.0,185.8,050620,,,A*40
$GPGGA,174624.00,3722.551497,N,12204.079076,W,7,,0.38,9.78,M,0.0,M,0.0,0000*6C
$GPRMC,174624.00,A,3722.551497,N,12204.079076,W,050.8,185.9,050620,,,A*42
$GPGGA,174625.00,3722.537457,N,12204.080882,W,7,,0.38,10.41,M,0.0,M,0.0,0000*56
$GPRMC,174625.00,A,3722.537457,N,12204.080882,W,050.2,185.7,050620,,,A*4E
$GPGGA,174626.00,3722.523849,N,12204.082297,W,7,,0.38,11.08,M,0.0,M,0.0,0000*53
$GPRMC,174626.00,A,3722.523849,N,12204.082297,W,049.2,185.0,050620,,,A*48
$GPGGA,174627.00,3722.510398,N,12204.083461,W,7,,0.38,11.57,M,0.0,M,0.0,0000*51
$GPRMC,174627.00,A,3722.510398,N,12204.083461,W,048.4,183.8,050620,,,A*49
$GPGGA,174628.00,3722.496538,N,12204.083995,W,7,,0.38,12.03,M,0.0,M,0.0,0000*59
$GPRMC,174628.00,A,3722.496538,N,12204.083995,W,047.9,181.0,050620,,,A*4B
$GPGGA,174629.00,3722.483427,N,12204.083726,W,7,,0.38,10.58,M,0.0,M,0.0,0000*59
$GPRMC,174629.00,A,3722.483427,N,12204.083726,W,047.2,178.4,050620,,,A*4E
$GPGGA,174630.00,3722.470917,N,12204.082910,W,7,,0.38,11.67,M,0.0,M,0.0,0000*54
$GPRMC,174630.00,A,3722.470917,N,12204.082910,W,046.6,176.3,050620,,,A*42
$GPGGA,174631.00,3722.457963,N,12204.081505,W,7,,0.38,12.43,M,0.0,M,0.0,0000*5D
$GPRMC,174631.00,A,3722.457963,N,12204.081505,W,046.4,174.7,050620,,,A*4A
$GPGGA,174632.00,3722.445256,N,12204.079657,W,7,,0.38,12.85,M,0.0,M,0.0,0000*59
$GPRMC,174632.00,A,3722.445256,N,12204.079657,W,046.3,172.8,050620,,,A*4A
$GPGGA,174633.00,3722.432230,N,12204.077011,W,7,,0.38,13.11,M,0.0,M,0.0,0000*5E
$GPRMC,174633.00,A,3722.432230,N,12204.077011,W,046.1,169.9,050620,,,A*48
$GPGGA,174634.00,3722.420086,N,12204.073825,W,7,,0.38,13.58,M,0.0,M,0.0,0000*53
$GPRMC,174634.00,A,3722.420086,N,12204.073825,W,046.2,167.7,050620,,,A*4B
$GPGGA,174635.00,3722.407431,N,12204.069896,W,7,,0.38,13.83,M,0.0,M,0.0,0000*5A
$GPRMC,174635.00,A,3722.407431,N,12204.069896,W,046.6,165.6,050620,,,A*43
$GPGGA,174636.00,3722.394538,N,12204.065263,W,7,,0.38,13.99,M,0.0,M,0.0,0000*5B
$GPRMC,174636.00,A,3722.394538,N,12204.065263,W,047.0,163.6,050620,,,A*48
$GPGGA,174637.00,3722.382064,N,12204.060265,W,7,,0.38,13.80,M,0.0,M,0.0,0000*5A
$GPRMC,174637.00,A,3722.382064,N,12204.060265,W,047.4,161.2,050620,,,A*43
$GPGGA,174638.00,3722.369950,N,12204.054614,W,7,,0.38,13.73,M,0.0,M,0.0,0000*57
$GPRMC,174638.00,A,3722.369950,N,12204.054614,W,047.9,158.9,050620,,,A*4E
$GPGGA,174639.00,3722.357631,N,12204.048091,W,7,,0.38,13.93,M,0.0,M,0.0,0000*5B
$GPRMC,174639.00,A,3722.357631,N,12204.048091,W,048.2,156.7,050620,,,A*48
$GPGGA,174640.00,3722.345392,N,12204.041209,W,7,,0.38,13.86,M,0.0,M,0.0,0000*54
$GPRMC,174640.00,A,3722.345392,N,12204.041209,W,048.5,155.4,050620,,,A*44
$GPGGA,174641.00,3722.332767,N,12204.033716,W,7,,0.38,13.74,M,0.0,M,0.0,0000*58
$GPRMC,174641.00,A,3722.332767,N,12204.033716,W,048.9,154.2,050620,,,A*4E
$GPGGA,174642.00,3722.320918,N,12204.026341,W,7,,0.38,13.58,M,0.0,M,0.0,0000*52
$GPRMC,174642.00,A,3722.320918,N,12204.026341,W,048.8,153.6,050620,,,A*48
$GPGGA,174643.00,3722.308816,N,12204.018842,W,7,,0.38,13.65,M,0.0,M,0.0,0000*5D
$GPRMC,174643.00,A,3722.308816,N,12204.018842,W,048.7,153.7,050620,,,A*47
$GPGGA,174644.00,3722.296275,N,12204.011179,W,7,,0.38,13.73,M,0.0,M,0.0,0000*5C
$GPRMC,174644.00,A,3722.296275,N,12204.011179,W,048.7,154.3,050620,,,A*42
$GPGGA,174645.00,3722.284317,N,12204.004081,W,7,,0.38,13.41,M,0.0,M,0.0,0000*58
$GPRMC,174645.00,A,3722.284317,N,12204.004081,W,048.9,154.9,050620,,,A*43
$GPGGA,174646.00,3722.272066,N,12203.997013,W,7,,0.38,13.63,M,0.0,M,0.0,0000*58
$GPRMC,174646.00,A,3722.272066,N,12203.997013,W,048.6,155.3,050620,,,A*47
$GPGGA,174647.00,3722.259939,N,12203.989939,W,7,,0.38,13.89,M,0.0,M,0.0,0000*59
$GPRMC,174647.00,A,3722.259939,N,12203.989939,W,048.0,154.8,050620,,,A*4E
$GPGGA,174648.00,3722.247897,N,12203.982680,W,7,,0.38,14.10,M,0.0,M,0.0,0000*5D
$GPRMC,174648.00,A,3722.247897,N,12203.982680,W,047.8,153.9,050620,,,A*4C
$GPGGA,174649.00,3722.235490,N,12203.975185,W,7,,0.38,14.10,M,0.0,M,0.0,0000*58
$GPRMC,174649.00,A,3722.235490,N,12203.975185,W,048.2,154.2,050620,,,A*40
$GPGGA,174650.00,3722.223766,N,12203.968033,W,7,,0.38,14.17,M,0.0,M,0.0,0000*5A
$GPRMC,174650.00,A,3722.223766,N,12203.968033,W,048.6,153.9,050620,,,A*4D
$GPGGA,174651.00,3722.211520,N,12203.960539,W,7,,0.38,14.10,M,0.0,M,0.0,0000*5A
$GPRMC,174651.00,A,3722.211520,N,12203.960539,W,049.1,153.8,050620,,,A*4D
$GPGGA,174652.00,3722.198685,N,12203.952614,W,7,,0.38,14.14,M,0.0,M,0.0,0000*5E
$GPRMC,174652.00,A,3722.198685,N,12203.952614,W,049.6,153.8,050620,,,A*4A
$GPGGA,174653.00,3722.186260,N,12203.944916,W,7,,0.38,14.31,M,0.0,M,0.0,0000*52
$GPRMC,174653.00,A,3722.186260,N,12203.944916,W,050.1,153.7,050620,,,A*41
$GPGGA,174654.00,3722.174133,N,12203.937452,W,7,,0.39,14.27,M,0.0,M,0.0,0000*52
$GPRMC,174654.00,A,3722.174133,N,12203.937452,W,050.4,153.6,050620,,,A*43
$GPGGA,174655.00,3722.161335,N,12203.929538,W,7,,0.38,14.30,M,0.0,M,0.0,0000*56
$GPRMC,174655.00,A,3722.161335,N,12203.929538,W,050.9,153.6,050620,,,A*4D
$GPGGA,174656.00,3722.148567,N,12203.921629,W,7,,0.38,14.51,M,0.0,M,0.0,0000*53
$GPRMC,174656.00,A,3722.148567,N,12203.921629,W,051.4,153.6,050620,,,A*43
$GPGGA,174657.00,3722.135236,N,12203.913422,W,7,,0.38,14.53,M,0.0,M,0.0,0000*51
$GPRMC,174657.00,A,3722.135236,N,12203.913422,W,052.0,154.0,050620,,,A*45
$GPGGA,174658.00,3722.122648,N,12203.905789,W,7,,0.38,14.61,M,0.0,M,0.0,0000*51
$GPRMC,174658.00,A,3722.122648,N,12203.905789,W,052.3,154.0,050620,,,A*47
$GPGGA,174659.00,3722.109394,N,12203.897803,W,7,,0.38,14.84,M,0.0,M,0.0,0000*51
$GPRMC,174659.00,A,3722.109394,N,12203.897803,W,052.7,154.1,050620,,,A*49
$GPGGA,174700.00,3722.095707,N,12203.889524,W,7,,0.38,14.88,M,0.0,M,0.0,0000*5D
$GPRMC,174700.00,A,3722.095707,N,12203.889524,W,053.1,154.3,050620,,,A*4C
$GPGGA,174701.00,3722.082321,N,12203.881550,W,7,,0.38,15.06,M,0.0,M,0.0,0000*56
$GPRMC,174701.00,A,3722.082321,N,12203.881550,W,053.5,154.4,050620,,,A*43
$GPGGA,174702.00,3722.069194,N,12203.873642,W,7,,0.38,15.25,M,0.0,M,0.0,0000*50
$GPRMC,174702.00,A,3722.069194,N,12203.873642,W,053.8,154.2,050620,,,A*4F
$GPGGA,174703.00,3722.055820,N,12203.865529,W,7,,0.38,15.38,M,0.0,M,0.0,0000*5D
$GPRMC,174703.00,A,3722.055820,N,12203.865529,W,053.5,154.1,050620,,,A*40
$GPGGA,174704.00,3722.042596,N,12203.857549,W,7,,0.38,15.49,M,0.0,M,0.0,0000*5D
$GPRMC,174704.00,A,3722.042596,N,12203.857549,W,052.8,154.4,050620,,,A*4F
$GPGGA,174705.00,3722.029078,N,12203.849401,W,7,,0.38,15.70,M,0.0,M,0.0,0000*5C
$GPRMC,174705.00,A,3722.029078,N,12203.849401,W,052.2,154.2,050620,,,A*48
$GPGGA,174706.00,3722.016357,N,12203.841679,W,7,,0.39,15.30,M,0.0,M,0.0,0000*5D
$GPRMC,174706.00,A,3722.016357,N,12203.841679,W,052.0,154.0,050620,,,A*4C
$GPGGA,174707.00,3722.003337,N,12203.833940,W,7,,0.38,15.48,M,0.0,M,0.0,0000*50
$GPRMC,174707.00,A,3722.003337,N,12203.833940,W,052.1,154.6,050620,,,A*48
$GPGGA,174708.00,3721.989789,N,12203.826163,W,7,,0.38,15.60,M,0.0,M,0.0,0000*51
$GPRMC,174708.00,A,3721.989789,N,12203.826163,W,052.0,155.8,050620,,,A*4D
$GPGGA,174709.00,3721.976847,N,12203.819317,W,7,,0.38,15.82,M,0.0,M,0.0,0000*5C
$GPRMC,174709.00,A,3721.976847,N,12203.819317,W,051.8,157.9,050620,,,A*44
$GPGGA,174710.00,3721.963396,N,12203.812963,W,7,,0.38,15.98,M,0.0,M,0.0,0000*5E
$GPRMC,174710.00,A,3721.963396,N,12203.812963,W,051.9,159.7,050620,,,A*4C
$GPGGA,174711.00,3721.949775,N,12203.807095,W,7,,0.38,16.22,M,0.0,M,0.0,0000*58
$GPRMC,174711.00,A,3721.949775,N,12203.807095,W,052.0,161.3,050620,,,A*4D
$GPGGA,174712.00,3721.935820,N,12203.801756,W,7,,0.38,16.44,M,0.0,M,0.0,0000*51
$GPRMC,174712.00,A,3721.935820,N,12203.801756,W,052.1,163.5,050620,,,A*41
$GPGGA,174713.00,3721.921348,N,12203.796979,W,7,,0.38,16.70,M,0.0,M,0.0,0000*55
$GPRMC,174713.00,A,3721.921348,N,12203.796979,W,052.3,165.8,050620,,,A*4B
$GPGGA,174714.00,3721.907596,N,12203.793091,W,7,,0.38,16.87,M,0.0,M,0.0,0000*51
$GPRMC,174714.00,A,3721.907596,N,12203.793091,W,052.6,167.5,050620,,,A*4D
$GPGGA,174715.00,3721.893220,N,12203.789648,W,7,,0.39,17.06,M,0.0,M,0.0,0000*56
$GPRMC,174715.00,A,3721.893220,N,12203.789648,W,052.9,169.5,050620,,,A*42
$GPGGA,174716.00,3721.878057,N,12203.786683,W,7,,0.38,17.35,M,0.0,M,0.0,0000*5B
$GPRMC,174716.00,A,3721.878057,N,12203.786683,W,053.3,171.8,050620,,,A*41
$GPGGA,174717.00,3721.863279,N,12203.784512,W,7,,0.38,17.60,M,0.0,M,0.0,0000*57
$GPRMC,174717.00,A,3721.863279,N,12203.784512,W,053.7,173.7,050620,,,A*44
$GPGGA,174718.00,3721.848825,N,12203.783107,W,7,,0.38,17.76,M,0.0,M,0.0,0000*52
$GPRMC,174718.00,A,3721.848825,N,12203.783107,W,054.1,175.8,050620,,,A*4E
$GPGGA,174719.00,3721.833646,N,12203.782214,W,7,,0.38,18.03,M,0.0,M,0.0,0000*59
$GPRMC,174719.00,A,3721.833646,N,12203.782214,W,054.4,177.9,050620,,,A*4E
$GPGGA,174720.00,3721.818477,N,12203.781931,W,7,,0.38,18.53,M,0.0,M,0.0,0000*50
$GPRMC,174720.00,A,3721.818477,N,12203.781931,W,054.7,179.7,050620,,,A*41
$GPGGA,174721.00,3721.802799,N,12203.782075,W,7,,0.38,18.74,M,0.0,M,0.0,0000*56
$GPRMC,174721.00,A,3721.802799,N,12203.782075,W,054.9,180.6,050620,,,A*4B
$GPGGA,174722.00,3721.787998,N,12203.782382,W,7,,0.38,19.06,M,0.0,M,0.0,0000*57
$GPRMC,174722.00,A,3721.787998,N,12203.782382,W,055.2,181.0,050620,,,A*43
$GPGGA,174723.00,3721.772505,N,12203.782688,W,7,,0.38,19.28,M,0.0,M,0.0,0000*57
$GPRMC,174723.00,A,3721.772505,N,12203.782688,W,055.4,180.7,050620,,,A*4F
$GPGGA,174724.00,3721.756630,N,12203.782993,W,7,,0.38,19.42,M,0.0,M,0.0,0000*5A
$GPRMC,174724.00,A,3721.756630,N,12203.782993,W,055.6,180.8,050620,,,A*43
$GPGGA,174725.00,3721.741228,N,12203.783377,W,7,,0.38,19.35,M,0.0,M,0.0,0000*51
$GPRMC,174725.00,A,3721.741228,N,12203.783377,W,055.7,181.1,050620,,,A*41
$GPGGA,174726.00,3721.726035,N,12203.783720,W,7,,0.38,19.69,M,0.0,M,0.0,0000*52
$GPRMC,174726.00,A,3721.726035,N,12203.783720,W,056.0,181.1,050620,,,A*4F
$GPGGA,174727.00,3721.710453,N,12203.784043,W,7,,0.38,19.90,M,0.0,M,0.0,0000*51
$GPRMC,174727.00,A,3721.710453,N,12203.784043,W,056.2,180.9,050620,,,A*41
$GPGGA,174728.00,3721.694824,N,12203.784362,W,7,,0.39,20.06,M,0.0,M,0.0,0000*5B
$GPRMC,174728.00,A,3721.694824,N,12203.784362,W,056.4,180.8,050620,,,A*48
$GPGGA,174729.00,3721.679019,N,12203.784817,W,7,,0.38,20.03,M,0.0,M,0.0,0000*52
$GPRMC,174729.00,A,3721.679019,N,12203.784817,W,056.6,181.2,050620,,,A*4C
$GPGGA,174730.00,3721.663228,N,12203.785147,W,7,,0.38,20.54,M,0.0,M,0.0,0000*5E
$GPRMC,174730.00,A,3721.663228,N,12203.785147,W,056.7,181.1,050620,,,A*40
$GPGGA,174731.00,3721.647609,N,12203.785489,W,7,,0.38,20.89,M,0.0,M,0.0,0000*59
$GPRMC,174731.00,A,3721.647609,N,12203.785489,W,056.0,181.0,050620,,,A*41
$GPGGA,174732.00,3721.631775,N,12203.785760,W,7,,0.38,21.23,M,0.0,M,0.0,0000*54
$GPRMC,174732.00,A,3721.631775,N,12203.785760,W,055.2,180.8,050620,,,A*45
$GPGGA,174733.00,3721.617021,N,12203.786023,W,7,,0.38,21.59,M,0.0,M,0.0,0000*59
$GPRMC,174733.00,A,3721.617021,N,12203.786023,W,054.2,180.8,050620,,,A*44
$GPGGA,174734.00,3721.602177,N,12203.786311,W,7,,0.38,21.80,M,0.0,M,0.0,0000*5E
$GPRMC,174734.00,A,3721.602177,N,12203.786311,W,053.4,181.0,050620,,,A*4F
$GPGGA,174735.00,3721.587466,N,12203.786588,W,7,,0.38,22.07,M,0.0,M,0.0,0000*5E
$GPRMC,174735.00,A,3721.587466,N,12203.786588,W,053.0,180.8,050620,,,A*4E
$GPGGA,174736.00,3721.572627,N,12203.786708,W,7,,0.38,22.36,M,0.0,M,0.0,0000*58
$GPRMC,174736.00,A,3721.572627,N,12203.786708,W,053.0,180.2,050620,,,A*40
$GPGGA,174737.00,3721.557442,N,12203.786432,W,7,,0.38,22.51,M,0.0,M,0.0,0000*54
$GPRMC,174737.00,A,3721.557442,N,12203.786432,W,053.1,178.5,050620,,,A*4C
$GPGGA,174738.00,3721.543161,N,12203.785777,W,7,,0.38,22.73,M,0.0,M,0.0,0000*5B
$GPRMC,174738.00,A,3721.543161,N,12203.785777,W,053.2,177.7,050620,,,A*4D
$GPGGA,174739.00,3721.528371,N,12203.784926,W,7,,0.38,22.67,M,0.0,M,0.0,0000*5A
$GPRMC,174739.00,A,3721.528371,N,12203.784926,W,053.4,177.0,050620,,,A*48
$GPGGA,174740.00,3721.512898,N,12203.783618,W,7,,0.38,22.62,M,0.0,M,0.0,0000*51
$GPRMC,174740.00,A,3721.512898,N,12203.783618,W,053.7,175.8,050620,,,A*4F
$GPGGA,174741.00,3721.497963,N,12203.781950,W,7,,0.38,22.71,M,0.0,M,0.0,0000*5A
$GPRMC,174741.00,A,3721.497963,N,12203.781950,W,054.1,175.0,050620,,,A*4F
$GPGGA,174742.00,3721.483450,N,12203.780047,W,7,,0.38,22.84,M,0.0,M,0.0,0000*55
$GPRMC,174742.00,A,3721.483450,N,12203.780047,W,054.4,173.7,050620,,,A*4E
$GPGGA,174743.00,3721.468390,N,12203.777737,W,7,,0.38,23.05,M,0.0,M,0.0,0000*5A
$GPRMC,174743.00,A,3721.468390,N,12203.777737,W,054.1,172.8,050620,,,A*42
$GPGGA,174744.00,3721.453671,N,12203.775074,W,7,,0.38,23.47,M,0.0,M,0.0,0000*5B
$GPRMC,174744.00,A,3721.453671,N,12203.775074,W,053.4,171.5,050620,,,A*49
$GPGGA,174745.00,3721.438648,N,12203.772031,W,7,,0.38,23.58,M,0.0,M,0.0,0000*55
$GPRMC,174745.00,A,3721.438648,N,12203.772031,W,053.2,170.5,050620,,,A*4E
$GPGGA,174746.00,3721.424517,N,12203.768828,W,7,,0.38,23.77,M,0.0,M,0.0,0000*54
$GPRMC,174746.00,A,3721.424517,N,12203.768828,W,053.6,169.6,050620,,,A*4D
$GPGGA,174747.00,3721.409709,N,12203.765167,W,7,,0.39,22.03,M,0.0,M,0.0,0000*5B
$GPRMC,174747.00,A,3721.409709,N,12203.765167,W,054.0,168.4,050620,,,A*43
$GPGGA,174748.00,3721.394518,N,12203.760931,W,7,,0.38,23.03,M,0.0,M,0.0,0000*5B
$GPRMC,174748.00,A,3721.394518,N,12203.760931,W,054.4,167.2,050620,,,A*4E
$GPGGA,174749.00,3721.379829,N,12203.756569,W,7,,0.38,23.48,M,0.0,M,0.0,0000*5D
$GPRMC,174749.00,A,3721.379829,N,12203.756569,W,054.6,166.2,050620,,,A*44
$GPGGA,174750.00,3721.365447,N,12203.751895,W,7,,0.38,23.92,M,0.0,M,0.0,0000*52
$GPRMC,174750.00,A,3721.365447,N,12203.751895,W,054.9,165.3,050620,,,A*41
$GPGGA,174751.00,3721.350694,N,12203.746736,W,7,,0.38,24.58,M,0.0,M,0.0,0000*58
$GPRMC,174751.00,A,3721.350694,N,12203.746736,W,055.1,164.3,050620,,,A*42
$GPGGA,174752.00,3721.336011,N,12203.741287,W,7,,0.39,24.85,M,0.0,M,0.0,0000*59
$GPRMC,174752.00,A,3721.336011,N,12203.741287,W,055.2,163.1,050620,,,A*44
$GPGGA,174753.00,3721.321269,N,12203.735371,W,7,,0.38,25.76,M,0.0,M,0.0,0000*54
$GPRMC,174753.00,A,3721.321269,N,12203.735371,W,055.2,162.0,050620,,,A*45
$GPGGA,174754.00,3721.306761,N,12203.729144,W,7,,0.38,26.67,M,0.0,M,0.0,0000*51
$GPRMC,174754.00,A,3721.306761,N,12203.729144,W,055.2,160.8,050620,,,A*49
$GPGGA,174755.00,3721.292398,N,12203.722627,W,7,,0.38,27.45,M,0.0,M,0.0,0000*56
$GPRMC,174755.00,A,3721.292398,N,12203.722627,W,055.0,159.8,050620,,,A*47
$GPGGA,174756.00,3721.277698,N,12203.715902,W,7,,0.38,28.03,M,0.0,M,0.0,0000*5A
$GPRMC,174756.00,A,3721.277698,N,12203.715902,W,054.8,159.3,050620,,,A*44
$GPGGA,174757.00,3721.263790,N,12203.709055,W,7,,0.38,28.96,M,0.0,M,0.0,0000*5D
$GPRMC,174757.00,A,3721.263790,N,12203.709055,W,055.1,158.4,050620,,,A*41
$GPGGA,174758.00,3721.249653,N,12203.701910,W,7,,0.38,29.79,M,0.0,M,0.0,0000*54
$GPRMC,174758.00,A,3721.249653,N,12203.701910,W,055.0,158.0,050620,,,A*4D
$GPGGA,174759.00,3721.235439,N,12203.694739,W,7,,0.38,30.52,M,0.0,M,0.0,0000*59
$GPRMC,174759.00,A,3721.235439,N,12203.694739,W,055.2,158.2,050620,,,A*41
$GPGGA,174800.00,3721.221063,N,12203.687515,W,7,,0.38,31.34,M,0.0,M,0.0,0000*5B
$GPRMC,174800.00,A,3721.221063,N,12203.687515,W,055.3,158.5,050620,,,A*44
$GPGGA,174801.00,3721.206429,N,12203.680208,W,7,,0.38,32.16,M,0.0,M,0.0,0000*5A
$GPRMC,174801.00,A,3721.206429,N,12203.680208,W,054.9,158.2,050620,,,A*4A
$GPGGA,174802.00,3721.192876,N,12203.673386,W,7,,0.38,31.05,M,0.0,M,0.0,0000*5B
$GPRMC,174802.00,A,3721.192876,N,12203.673386,W,054.0,158.5,050620,,,A*44
$GPGGA,174803.00,3721.179027,N,12203.666684,W,7,,0.38,32.19,M,0.0,M,0.0,0000*5E
$GPRMC,174803.00,A,3721.179027,N,12203.666684,W,053.3,159.3,050620,,,A*4C
$GPGGA,174804.00,3721.164555,N,12203.660048,W,7,,0.38,32.88,M,0.0,M,0.0,0000*5D
$GPRMC,174804.00,A,3721.164555,N,12203.660048,W,053.3,160.2,050620,,,A*4C
$GPGGA,174805.00,3721.150755,N,12203.654114,W,7,,0.38,33.34,M,0.0,M,0.0,0000*50
$GPRMC,174805.00,A,3721.150755,N,12203.654114,W,052.5,161.6,050620,,,A*45
$GPGGA,174806.00,3721.137489,N,12203.648744,W,7,,0.38,33.81,M,0.0,M,0.0,0000*50
$GPRMC,174806.00,A,3721.137489,N,12203.648744,W,051.9,162.5,050620,,,A*44
$GPGGA,174807.00,3721.123630,N,12203.643511,W,7,,0.38,34.03,M,0.0,M,0.0,0000*50
$GPRMC,174807.00,A,3721.123630,N,12203.643511,W,051.7,163.7,050620,,,A*44
$GPGGA,174808.00,3721.109793,N,12203.638634,W,7,,0.38,34.01,M,0.0,M,0.0,0000*55
$GPRMC,174808.00,A,3721.109793,N,12203.638634,W,052.0,164.7,050620,,,A*40
$GPGGA,174809.00,3721.095381,N,12203.633839,W,7,,0.38,33.93,M,0.0,M,0.0,0000*53
$GPRMC,174809.00,A,3721.095381,N,12203.633839,W,052.3,165.5,050620,,,A*4A
$GPGGA,174810.00,3721.081845,N,12203.629598,W,7,,0.38,33.83,M,0.0,M,0.0,0000*51
$GPRMC,174810.00,A,3721.081845,N,12203.629598,W,052.0,166.4,050620,,,A*48
$GPGGA,174811.00,3721.067632,N,12203.625488,W,7,,0.38,33.63,M,0.0,M,0.0,0000*54
$GPRMC,174811.00,A,3721.067632,N,12203.625488,W,052.1,167.3,050620,,,A*44
$GPGGA,174812.00,3721.052968,N,12203.621630,W,7,,0.38,33.35,M,0.0,M,0.0,0000*57
$GPRMC,174812.00,A,3721.052968,N,12203.621630,W,052.5,168.4,050620,,,A*48
$GPGGA,174813.00,3721.038736,N,12203.618252,W,7,,0.38,32.99,M,0.0,M,0.0,0000*52
$GPRMC,174813.00,A,3721.038736,N,12203.618252,W,052.2,169.4,050620,,,A*4C
$GPGGA,174814.00,3721.024833,N,12203.615275,W,7,,0.38,32.60,M,0.0,M,0.0,0000*5C
$GPRMC,174814.00,A,3721.024833,N,12203.615275,W,051.9,170.5,050620,,,A*45
$GPGGA,174815.00,3721.010517,N,12203.612564,W,7,,0.38,32.43,M,0.0,M,0.0,0000*50
$GPRMC,174815.00,A,3721.010517,N,12203.612564,W,052.3,171.8,050620,,,A*4D
$GPGGA,174816.00,3720.996009,N,12203.610140,W,7,,0.38,32.43,M,0.0,M,0.0,0000*5F
$GPRMC,174816.00,A,3720.996009,N,12203.610140,W,052.9,172.7,050620,,,A*44
$GPGGA,174817.00,3720.981189,N,12203.607968,W,7,,0.38,32.48,M,0.0,M,0.0,0000*5E
$GPRMC,174817.00,A,3720.981189,N,12203.607968,W,053.4,173.6,050620,,,A*42
$GPGGA,174818.00,3720.966400,N,12203.606114,W,7,,0.38,32.75,M,0.0,M,0.0,0000*50
$GPRMC,174818.00,A,3720.966400,N,12203.606114,W,053.7,174.7,050620,,,A*47
$GPGGA,174819.00,3720.951520,N,12203.604638,W,7,,0.38,33.25,M,0.0,M,0.0,0000*59
$GPRMC,174819.00,A,3720.951520,N,12203.604638,W,053.8,175.8,050620,,,A*4B
$GPGGA,174820.00,3720.936111,N,12203.603383,W,7,,0.39,33.52,M,0.0,M,0.0,0000*57
$GPRMC,174820.00,A,3720.936111,N,12203.603383,W,054.0,176.7,050620,,,A*47
$GPGGA,174821.00,3720.921460,N,12203.602514,W,7,,0.39,33.87,M,0.0,M,0.0,0000*52
$GPRMC,174821.00,A,3720.921460,N,12203.602514,W,054.3,177.7,050620,,,A*48
$GPGGA,174822.00,3720.906267,N,12203.601938,W,7,,0.38,34.22,M,0.0,M,0.0,0000*5D
$GPRMC,174822.00,A,3720.906267,N,12203.601938,W,054.8,178.4,050620,,,A*49
$GPGGA,174823.00,3720.891057,N,12203.601715,W,7,,0.38,34.36,M,0.0,M,0.0,0000*56
$GPRMC,174823.00,A,3720.891057,N,12203.601715,W,055.0,179.4,050620,,,A*4F
$GPGGA,174824.00,3720.875632,N,12203.601740,W,7,,0.38,34.41,M,0.0,M,0.0,0000*5E
$GPRMC,174824.00,A,3720.875632,N,12203.601740,W,055.3,179.9,050620,,,A*49
$GPGGA,174825.00,3720.859671,N,12203.601722,W,7,,0.38,34.63,M,0.0,M,0.0,0000*52
$GPRMC,174825.00,A,3720.859671,N,12203.601722,W,055.8,180.2,050620,,,A*43
$GPGGA,174826.00,3720.844630,N,12203.601757,W,7,,0.38,34.88,M,0.0,M,0.0,0000*5F
$GPRMC,174826.00,A,3720.844630,N,12203.601757,W,056.1,180.1,050620,,,A*42
$GPGGA,174827.00,3720.828993,N,12203.601811,W,7,,0.38,35.35,M,0.0,M,0.0,0000*58
$GPRMC,174827.00,A,3720.828993,N,12203.601811,W,056.4,180.1,050620,,,A*47
$GPGGA,174828.00,3720.812643,N,12203.601848,W,7,,0.38,35.61,M,0.0,M,0.0,0000*51
$GPRMC,174828.00,A,3720.812643,N,12203.601848,W,056.7,180.1,050620,,,A*4C
$GPGGA,174829.00,3720.796876,N,12203.601848,W,7,,0.38,35.97,M,0.0,M,0.0,0000*52
$GPRMC,174829.00,A,3720.796876,N,12203.601848,W,056.9,179.9,050620,,,A*46
$GPGGA,174830.00,3720.781563,N,12203.601782,W,7,,0.38,36.37,M,0.0,M,0.0,0000*55
$GPRMC,174830.00,A,3720.781563,N,12203.601782,W,057.1,179.9,050620,,,A*41
$GPGGA,174831.00,3720.765532,N,12203.601697,W,7,,0.38,36.78,M,0.0,M,0.0,0000*54
$GPRMC,174831.00,A,3720.765532,N,12203.601697,W,057.3,179.7,050620,,,A*47
$GPGGA,174832.00,3720.749590,N,12203.601613,W,7,,0.38,37.20,M,0.0,M,0.0,0000*51
$GPRMC,174832.00,A,3720.749590,N,12203.601613,W,057.5,179.6,050620,,,A*49
$GPGGA,174833.00,3720.733204,N,12203.601511,W,7,,0.38,37.69,M,0.0,M,0.0,0000*5B
$GPRMC,174833.00,A,3720.733204,N,12203.601511,W,057.2,179.6,050620,,,A*49
$GPGGA,174834.00,3720.717856,N,12203.601362,W,7,,0.38,38.05,M,0.0,M,0.0,0000*50
$GPRMC,174834.00,A,3720.717856,N,12203.601362,W,056.5,179.7,050620,,,A*40
$GPGGA,174835.00,3720.702141,N,12203.601301,W,7,,0.39,38.47,M,0.0,M,0.0,0000*58
$GPRMC,174835.00,A,3720.702141,N,12203.601301,W,056.7,179.8,050620,,,A*42
$GPGGA,174836.00,3720.685972,N,12203.601241,W,7,,0.39,38.82,M,0.0,M,0.0,0000*51
$GPRMC,174836.00,A,3720.685972,N,12203.601241,W,056.5,179.7,050620,,,A*4F
$GPGGA,174837.00,3720.670491,N,12203.601104,W,7,,0.38,39.30,M,0.0,M,0.0,0000*51
$GPRMC,174837.00,A,3720.670491,N,12203.601104,W,055.7,179.6,050620,,,A*46
$GPGGA,174838.00,3720.655552,N,12203.600876,W,7,,0.38,39.32,M,0.0,M,0.0,0000*58
$GPRMC,174838.00,A,3720.655552,N,12203.600876,W,055.0,179.3,050620,,,A*4F
$GPGGA,174839.00,3720.640497,N,12203.600581,W,7,,0.38,39.47,M,0.0,M,0.0,0000*52
$GPRMC,174839.00,A,3720.640497,N,12203.600581,W,054.1,179.0,050620,,,A*44
$GPGGA,174840.00,3720.625636,N,12203.600342,W,7,,0.38,39.49,M,0.0,M,0.0,0000*51
$GPRMC,174840.00,A,3720.625636,N,12203.600342,W,053.4,179.4,050620,,,A*4F
$GPGGA,174841.00,3720.610822,N,12203.600149,W,7,,0.38,39.49,M,0.0,M,0.0,0000*54
$GPRMC,174841.00,A,3720.610822,N,12203.600149,W,052.9,179.4,050620,,,A*46
$GPGGA,174842.00,3720.596086,N,12203.599963,W,7,,0.38,39.59,M,0.0,M,0.0,0000*5E
$GPRMC,174842.00,A,3720.596086,N,12203.599963,W,053.3,179.5,050620,,,A*47
$GPGGA,174843.00,3720.581200,N,12203.599801,W,7,,0.38,39.59,M,0.0,M,0.0,0000*50
$GPRMC,174843.00,A,3720.581200,N,12203.599801,W,053.8,179.5,050620,,,A*42
$GPGGA,174844.00,3720.565707,N,12203.599610,W,7,,0.39,39.62,M,0.0,M,0.0,0000*58
$GPRMC,174844.00,A,3720.565707,N,12203.599610,W,054.3,179.2,050620,,,A*48
$GPGGA,174845.00,3720.550905,N,12203.599375,W,7,,0.38,39.62,M,0.0,M,0.0,0000*54
$GPRMC,174845.00,A,3720.550905,N,12203.599375,W,054.7,179.1,050620,,,A*42
$GPGGA,174846.00,3720.535672,N,12203.599189,W,7,,0.38,39.51,M,0.0,M,0.0,0000*5A
$GPRMC,174846.00,A,3720.535672,N,12203.599189,W,055.1,179.5,050620,,,A*4F
$GPGGA,174847.00,3720.520245,N,12203.599166,W,7,,0.38,39.67,M,0.0,M,0.0,0000*5B
$GPRMC,174847.00,A,3720.520245,N,12203.599166,W,055.7,180.0,050620,,,A*4E
$GPGGA,174848.00,3720.504531,N,12203.599171,W,7,,0.38,39.81,M,0.0,M,0.0,0000*58
$GPRMC,174848.00,A,3720.504531,N,12203.599171,W,056.2,180.0,050620,,,A*43
$GPGGA,174849.00,3720.488314,N,12203.599148,W,7,,0.38,39.81,M,0.0,M,0.0,0000*57
$GPRMC,174849.00,A,3720.488314,N,12203.599148,W,056.9,179.8,050620,,,A*49
$GPGGA,174850.00,3720.472977,N,12203.599057,W,7,,0.38,39.96,M,0.0,M,0.0,0000*5C
$GPRMC,174850.00,A,3720.472977,N,12203.599057,W,057.2,179.7,050620,,,A*41
$GPGGA,174851.00,3720.457018,N,12203.599010,W,7,,0.38,40.05,M,0.0,M,0.0,0000*5D
$GPRMC,174851.00,A,3720.457018,N,12203.599010,W,057.7,180.0,050620,,,A*40
$GPGGA,174852.00,3720.440260,N,12203.599003,W,7,,0.38,40.06,M,0.0,M,0.0,0000*54
$GPRMC,174852.00,A,3720.440260,N,12203.599003,W,058.1,180.0,050620,,,A*43
$GPGGA,174853.00,3720.424246,N,12203.598997,W,7,,0.38,40.18,M,0.0,M,0.0,0000*59
$GPRMC,174853.00,A,3720.424246,N,12203.598997,W,057.7,179.8,050620,,,A*46
$GPGGA,174854.00,3720.408915,N,12203.598980,W,7,,0.38,40.46,M,0.0,M,0.0,0000*50
$GPRMC,174854.00,A,3720.408915,N,12203.598980,W,056.9,180.2,050620,,,A*47
$GPGGA,174855.00,3720.393195,N,12203.599178,W,7,,0.39,38.40,M,0.0,M,0.0,0000*52
$GPRMC,174855.00,A,3720.393195,N,12203.599178,W,055.9,181.2,050620,,,A*4F
$GPGGA,174856.00,3720.377907,N,12203.599754,W,7,,0.38,39.59,M,0.0,M,0.0,0000*58
$GPRMC,174856.00,A,3720.377907,N,12203.599754,W,054.8,182.2,050620,,,A*4E
$GPGGA,174857.00,3720.362439,N,12203.600330,W,7,,0.38,40.39,M,0.0,M,0.0,0000*50
$GPRMC,174857.00,A,3720.362439,N,12203.600330,W,053.7,181.4,050620,,,A*43
$GPGGA,174858.00,3720.348129,N,12203.600479,W,7,,0.38,40.94,M,0.0,M,0.0,0000*5E
$GPRMC,174858.00,A,3720.348129,N,12203.600479,W,053.1,180.0,050620,,,A*49
$GPGGA,174859.00,3720.333334,N,12203.600377,W,7,,0.38,41.25,M,0.0,M,0.0,0000*5F
$GPRMC,174859.00,A,3720.333334,N,12203.600377,W,052.8,179.4,050620,,,A*49
$GPGGA,174900.00,3720.318316,N,12203.599951,W,7,,0.39,41.52,M,0.0,M,0.0,0000*57
$GPRMC,174900.00,A,3720.318316,N,12203.599951,W,052.3,178.3,050620,,,A*4D
$GPGGA,174901.00,3720.303981,N,12203.599027,W,7,,0.38,41.75,M,0.0,M,0.0,0000*54
$GPRMC,174901.00,A,3720.303981,N,12203.599027,W,051.7,177.0,050620,,,A*41
$GPGGA,174902.00,3720.290152,N,12203.597660,W,7,,0.38,41.74,M,0.0,M,0.0,0000*50
$GPRMC,174902.00,A,3720.290152,N,12203.597660,W,051.2,174.8,050620,,,A*4A
$GPGGA,174903.00,3720.276075,N,12203.595511,W,7,,0.38,42.02,M,0.0,M,0.0,0000*58
$GPRMC,174903.00,A,3720.276075,N,12203.595511,W,051.0,172.2,050620,,,A*4E
$GPGGA,174904.00,3720.262227,N,12203.592709,W,7,,0.38,42.16,M,0.0,M,0.0,0000*56
$GPRMC,174904.00,A,3720.262227,N,12203.592709,W,050.3,169.7,050620,,,A*48
$GPGGA,174905.00,3720.248145,N,12203.589133,W,7,,0.41,41.71,M,0.0,M,0.0,0000*51
$GPRMC,174905.00,A,3720.248145,N,12203.589133,W,050.1,167.9,050620,,,A*41
$GPGGA,174906.00,3720.234819,N,12203.585353,W,7,,0.40,42.42,M,0.0,M,0.0,0000*53
$GPRMC,174906.00,A,3720.234819,N,12203.585353,W,050.4,167.2,050620,,,A*4F
$GPGGA,174907.00,3720.221080,N,12203.581340,W,7,,0.38,42.98,M,0.0,M,0.0,0000*50
$GPRMC,174907.00,A,3720.221080,N,12203.581340,W,050.8,166.9,050620,,,A*42
$GPGGA,174908.00,3720.206943,N,12203.577074,W,7,,0.38,43.71,M,0.0,M,0.0,0000*57
$GPRMC,174908.00,A,3720.206943,N,12203.577074,W,050.8,166.6,050620,,,A*4C
$GPGGA,174909.00,3720.193605,N,12203.573065,W,7,,0.38,44.52,M,0.0,M,0.0,0000*56
$GPRMC,174909.00,A,3720.193605,N,12203.573065,W,050.6,166.4,050620,,,A*47
$GPGGA,174910.00,3720.180184,N,12203.569099,W,7,,0.38,44.57,M,0.0,M,0.0,0000*5F
$GPRMC,174910.00,A,3720.180184,N,12203.569099,W,049.5,166.3,050620,,,A*47
$GPGGA,174911.00,3720.166827,N,12203.565145,W,7,,0.38,45.61,M,0.0,M,0.0,0000*5E
$GPRMC,174911.00,A,3720.166827,N,12203.565145,W,049.3,167.4,050620,,,A*42
$GPGGA,174912.00,3720.153537,N,12203.561318,W,7,,0.38,46.60,M,0.0,M,0.0,0000*5B
$GPRMC,174912.00,A,3720.153537,N,12203.561318,W,049.3,167.5,050620,,,A*44
$GPGGA,174913.00,3720.140062,N,12203.557634,W,7,,0.38,47.54,M,0.0,M,0.0,0000*55
$GPRMC,174913.00,A,3720.140062,N,12203.557634,W,049.3,168.3,050620,,,A*45
$GPGGA,174914.00,3720.126754,N,12203.554219,W,7,,0.38,48.47,M,0.0,M,0.0,0000*55
$GPRMC,174914.00,A,3720.126754,N,12203.554219,W,048.9,169.1,050620,,,A*40
$GPGGA,174915.00,3720.113595,N,12203.551315,W,7,,0.38,49.18,M,0.0,M,0.0,0000*5E
$GPRMC,174915.00,A,3720.113595,N,12203.551315,W,047.8,170.5,050620,,,A*42
$GPGGA,174916.00,3720.100336,N,12203.548663,W,7,,0.38,50.11,M,0.0,M,0.0,0000*5D
$GPRMC,174916.00,A,3720.100336,N,12203.548663,W,045.9,171.4,050620,,,A*43
$GPGGA,174917.00,3720.087951,N,12203.546437,W,7,,0.38,50.94,M,0.0,M,0.0,0000*59
$GPRMC,174917.00,A,3720.087951,N,12203.546437,W,044.7,171.9,050620,,,A*48
$GPGGA,174918.00,3720.076576,N,12203.544290,W,7,,0.38,50.37,M,0.0,M,0.0,0000*51
$GPRMC,174918.00,A,3720.076576,N,12203.544290,W,042.4,171.5,050620,,,A*40
$GPGGA,174919.00,3720.065428,N,12203.542069,W,7,,0.38,51.63,M,0.0,M,0.0,0000*5A
$GPRMC,174919.00,A,3720.065428,N,12203.542069,W,040.1,171.2,050620,,,A*4B
$GPGGA,174920.00,3720.054796,N,12203.539741,W,7,,0.39,52.37,M,0.0,M,0.0,0000*56
$GPRMC,174920.00,A,3720.054796,N,12203.539741,W,037.9,170.2,050620,,,A*4D
$GPGGA,174921.00,3720.044673,N,12203.537647,W,7,,0.39,52.85,M,0.0,M,0.0,0000*5C
$GPRMC,174921.00,A,3720.044673,N,12203.537647,W,034.9,171.5,050620,,,A*4B
$GPGGA,174922.00,3720.036105,N,12203.536118,W,7,,0.38,52.45,M,0.0,M,0.0,0000*5D
$GPRMC,174922.00,A,3720.036105,N,12203.536118,W,031.3,173.4,050620,,,A*4B
$GPGGA,174923.00,3720.027628,N,12203.535686,W,7,,0.38,52.65,M,0.0,M,0.0,0000*55
$GPRMC,174923.00,A,3720.027628,N,12203.535686,W,030.0,180.4,050620,,,A*4F
$GPGGA,174924.00,3720.019120,N,12203.536646,W,7,,0.38,52.57,M,0.0,M,0.0,0000*5E
$GPRMC,174924.00,A,3720.019120,N,12203.536646,W,030.0,188.4,050620,,,A*4D
$GPGGA,174925.00,3720.011121,N,12203.539160,W,7,,0.38,52.42,M,0.0,M,0.0,0000*5E
$GPRMC,174925.00,A,3720.011121,N,12203.539160,W,029.8,197.4,050620,,,A*47
$GPGGA,174926.00,3720.003694,N,12203.543150,W,7,,0.38,52.27,M,0.0,M,0.0,0000*5A
$GPRMC,174926.00,A,3720.003694,N,12203.543150,W,029.9,206.2,050620,,,A*4C
$GPGGA,174927.00,3719.996787,N,12203.548670,W,7,,0.38,52.24,M,0.0,M,0.0,0000*5A
$GPRMC,174927.00,A,3719.996787,N,12203.548670,W,029.8,217.2,050620,,,A*4E
$GPGGA,174928.00,3719.990920,N,12203.555792,W,7,,0.38,51.98,M,0.0,M,0.0,0000*55
$GPRMC,174928.00,A,3719.990920,N,12203.555792,W,029.6,228.3,050620,,,A*46
$GPGGA,174929.00,3719.985801,N,12203.564522,W,7,,0.38,51.67,M,0.0,M,0.0,0000*59
$GPRMC,174929.00,A,3719.985801,N,12203.564522,W,030.6,237.6,050620,,,A*49
$GPGGA,174930.00,3719.982016,N,12203.574044,W,7,,0.38,51.64,M,0.0,M,0.0,0000*5F
$GPRMC,174930.00,A,3719.982016,N,12203.574044,W,031.6,246.1,050620,,,A*4C
$GPGGA,174931.00,3719.979045,N,12203.584730,W,7,,0.38,51.78,M,0.0,M,0.0,0000*5A
$GPRMC,174931.00,A,3719.979045,N,12203.584730,W,032.8,252.4,050620,,,A*49
$GPGGA,174932.00,3719.976687,N,12203.596345,W,7,,0.38,51.82,M,0.0,M,0.0,0000*5E
$GPRMC,174932.00,A,3719.976687,N,12203.596345,W,033.6,256.9,050620,,,A*4E
$GPGGA,174933.00,3719.975158,N,12203.607872,W,7,,0.38,51.95,M,0.0,M,0.0,0000*5B
$GPRMC,174933.00,A,3719.975158,N,12203.607872,W,034.6,260.7,050620,,,A*41
$GPGGA,174934.00,3719.974408,N,12203.620027,W,7,,0.38,52.09,M,0.0,M,0.0,0000*56
$GPRMC,174934.00,A,3719.974408,N,12203.620027,W,035.4,267.1,050620,,,A*48
$GPGGA,174935.00,3719.974665,N,12203.632574,W,7,,0.38,52.19,M,0.0,M,0.0,0000*5F
$GPRMC,174935.00,A,3719.974665,N,12203.632574,W,036.5,272.7,050620,,,A*40
$GPGGA,174936.00,3719.975500,N,12203.645407,W,7,,0.38,52.58,M,0.0,M,0.0,0000*5D
$GPRMC,174936.00,A,3719.975500,N,12203.645407,W,037.2,274.5,050620,,,A*45
$GPGGA,174937.00,3719.977005,N,12203.658614,W,7,,0.38,52.98,M,0.0,M,0.0,0000*5E
$GPRMC,174937.00,A,3719.977005,N,12203.658614,W,038.2,278.3,050620,,,A*4F
$GPGGA,174938.00,3719.979453,N,12203.671675,W,7,,0.38,53.70,M,0.0,M,0.0,0000*53
$GPRMC,174938.00,A,3719.979453,N,12203.671675,W,038.9,284.5,050620,,,A*4B
$GPGGA,174939.00,3719.982843,N,12203.684671,W,7,,0.38,54.32,M,0.0,M,0.0,0000*54
$GPRMC,174939.00,A,3719.982843,N,12203.684671,W,039.6,288.9,050620,,,A*43
$GPGGA,174940.00,3719.986971,N,12203.698310,W,7,,0.38,54.82,M,0.0,M,0.0,0000*5A
$GPRMC,174940.00,A,3719.986971,N,12203.698310,W,040.6,291.1,050620,,,A*48
$GPGGA,174941.00,3719.991117,N,12203.711276,W,7,,0.38,55.25,M,0.0,M,0.0,0000*58
$GPRMC,174941.00,A,3719.991117,N,12203.711276,W,041.9,291.7,050620,,,A*4E
$GPGGA,174942.00,3719.995719,N,12203.725057,W,7,,0.38,55.18,M,0.0,M,0.0,0000*5F
$GPRMC,174942.00,A,3719.995719,N,12203.725057,W,043.5,292.0,050620,,,A*4D
$GPGGA,174943.00,3720.000484,N,12203.739421,W,7,,0.38,55.70,M,0.0,M,0.0,0000*50
$GPRMC,174943.00,A,3720.000484,N,12203.739421,W,045.1,292.8,050620,,,A*46
$GPGGA,174944.00,3720.005463,N,12203.754343,W,7,,0.38,55.78,M,0.0,M,0.0,0000*5B
$GPRMC,174944.00,A,3720.005463,N,12203.754343,W,046.4,292.5,050620,,,A*4E
$GPGGA,174945.00,3720.010713,N,12203.769944,W,7,,0.38,55.90,M,0.0,M,0.0,0000*5F
$GPRMC,174945.00,A,3720.010713,N,12203.769944,W,047.6,292.7,050620,,,A*4D
$GPGGA,174946.00,3720.015694,N,12203.785028,W,7,,0.38,55.09,M,0.0,M,0.0,0000*56
$GPRMC,174946.00,A,3720.015694,N,12203.785028,W,048.8,292.4,050620,,,A*46
$GPGGA,174947.00,3720.020859,N,12203.801173,W,7,,0.38,55.71,M,0.0,M,0.0,0000*5D
$GPRMC,174947.00,A,3720.020859,N,12203.801173,W,049.8,291.6,050620,,,A*42
$GPGGA,174948.00,3720.026187,N,12203.818046,W,7,,0.38,56.46,M,0.0,M,0.0,0000*56
$GPRMC,174948.00,A,3720.026187,N,12203.818046,W,050.8,290.7,050620,,,A*46
$GPGGA,174949.00,3720.031204,N,12203.834750,W,7,,0.38,57.04,M,0.0,M,0.0,0000*50
$GPRMC,174949.00,A,3720.031204,N,12203.834750,W,051.6,291.0,050620,,,A*4E
$GPGGA,174950.00,3720.036219,N,12203.851118,W,7,,0.38,57.76,M,0.0,M,0.0,0000*5F
$GPRMC,174950.00,A,3720.036219,N,12203.851118,W,052.4,291.1,050620,,,A*44
$GPGGA,174951.00,3720.041560,N,12203.868487,W,7,,0.38,58.35,M,0.0,M,0.0,0000*56
$GPRMC,174951.00,A,3720.041560,N,12203.868487,W,053.2,291.2,050620,,,A*41
$GPGGA,174952.00,3720.046708,N,12203.885983,W,7,,0.38,58.87,M,0.0,M,0.0,0000*5D
$GPRMC,174952.00,A,3720.046708,N,12203.885983,W,054.0,289.8,050620,,,A*45
$GPGGA,174953.00,3720.051639,N,12203.904613,W,7,,0.38,59.60,M,0.0,M,0.0,0000*5F
$GPRMC,174953.00,A,3720.051639,N,12203.904613,W,054.9,287.8,050620,,,A*48
$GPGGA,174954.00,3720.055900,N,12203.922530,W,7,,0.38,60.32,M,0.0,M,0.0,0000*52
$GPRMC,174954.00,A,3720.055900,N,12203.922530,W,055.4,285.8,050620,,,A*46
$GPGGA,174955.00,3720.059722,N,12203.941316,W,7,,0.39,61.10,M,0.0,M,0.0,0000*56
$GPRMC,174955.00,A,3720.059722,N,12203.941316,W,056.0,283.6,050620,,,A*4D
$GPGGA,174956.00,3720.063063,N,12203.961092,W,7,,0.40,61.89,M,0.0,M,0.0,0000*5D
$GPRMC,174956.00,A,3720.063063,N,12203.961092,W,056.5,281.5,050620,,,A*4C
$GPGGA,174957.00,3720.065890,N,12203.980543,W,7,,0.38,62.71,M,0.0,M,0.0,0000*53
$GPRMC,174957.00,A,3720.065890,N,12203.980543,W,057.0,279.8,050620,,,A*47
$GPGGA,174958.00,3720.068169,N,12203.999857,W,7,,0.38,63.54,M,0.0,M,0.0,0000*58
$GPRMC,174958.00,A,3720.068169,N,12203.999857,W,057.5,278.1,050620,,,A*47
$GPGGA,174959.00,3720.069963,N,12204.019795,W,7,,0.38,64.39,M,0.0,M,0.0,0000*51
$GPRMC,174959.00,A,3720.069963,N,12204.019795,W,057.8,275.8,050620,,,A*4B
$GPGGA,175000.00,3720.071085,N,12204.039926,W,7,,0.38,65.23,M,0.0,M,0.0,0000*53
$GPRMC,175000.00,A,3720.071085,N,12204.039926,W,058.2,273.5,050620,,,A*4D
$GPGGA,175001.00,3720.071709,N,12204.060397,W,7,,0.38,66.07,M,0.0,M,0.0,0000*58
$GPRMC,175001.00,A,3720.071709,N,12204.060397,W,058.5,271.8,050620,,,A*4B
$GPGGA,175002.00,3720.071853,N,12204.080756,W,7,,0.38,67.04,M,0.0,M,0.0,0000*5E
$GPRMC,175002.00,A,3720.071853,N,12204.080756,W,058.6,270.3,050620,,,A*46
$GPGGA,175003.00,3720.071542,N,12204.101155,W,7,,0.38,68.06,M,0.0,M,0.0,0000*52
$GPRMC,175003.00,A,3720.071542,N,12204.101155,W,058.9,268.5,050620,,,A*47
$GPGGA,175004.00,3720.070462,N,12204.122035,W,7,,0.39,68.86,M,0.0,M,0.0,0000*58
$GPRMC,175004.00,A,3720.070462,N,12204.122035,W,058.2,265.6,050620,,,A*41
$GPGGA,175005.00,3720.068998,N,12204.141638,W,7,,0.38,69.43,M,0.0,M,0.0,0000*5F
$GPRMC,175005.00,A,3720.068998,N,12204.141638,W,057.8,264.0,050620,,,A*4D
$GPGGA,175006.00,3720.066933,N,12204.161630,W,7,,0.38,66.30,M,0.0,M,0.0,0000*52
$GPRMC,175006.00,A,3720.066933,N,12204.161630,W,058.0,262.1,050620,,,A*4B
$GPGGA,175007.00,3720.064282,N,12204.181508,W,7,,0.38,68.24,M,0.0,M,0.0,0000*5D
$GPRMC,175007.00,A,3720.064282,N,12204.181508,W,058.0,259.8,050620,,,A*4E
$GPGGA,175008.00,3720.061053,N,12204.201517,W,7,,0.38,69.23,M,0.0,M,0.0,0000*5A
$GPRMC,175008.00,A,3720.061053,N,12204.201517,W,058.2,258.3,050620,,,A*47
$GPGGA,175009.00,3720.057424,N,12204.221948,W,7,,0.38,69.63,M,0.0,M,0.0,0000*5A
$GPRMC,175009.00,A,3720.057424,N,12204.221948,W,058.4,257.3,050620,,,A*4A
$GPGGA,175010.00,3720.053913,N,12204.241208,W,7,,0.38,70.06,M,0.0,M,0.0,0000*5D
$GPRMC,175010.00,A,3720.053913,N,12204.241208,W,058.7,256.9,050620,,,A*4E
$GPGGA,175011.00,3720.050229,N,12204.261098,W,7,,0.38,70.65,M,0.0,M,0.0,0000*51
$GPRMC,175011.00,A,3720.050229,N,12204.261098,W,058.9,256.9,050620,,,A*49
$GPGGA,175012.00,3720.046264,N,12204.281833,W,7,,0.38,71.09,M,0.0,M,0.0,0000*50
$GPRMC,175012.00,A,3720.046264,N,12204.281833,W,058.9,256.8,050620,,,A*42
$GPGGA,175013.00,3720.042417,N,12204.301760,W,7,,0.38,71.47,M,0.0,M,0.0,0000*5D
$GPRMC,175013.00,A,3720.042417,N,12204.301760,W,059.0,256.4,050620,,,A*41
$GPGGA,175014.00,3720.038680,N,12204.321074,W,7,,0.38,72.06,M,0.0,M,0.0,0000*5D
$GPRMC,175014.00,A,3720.038680,N,12204.321074,W,058.9,256.4,050620,,,A*4F
$GPGGA,175015.00,3720.034947,N,12204.341114,W,7,,0.38,71.24,M,0.0,M,0.0,0000*56
$GPRMC,175015.00,A,3720.034947,N,12204.341114,W,058.5,257.0,050620,,,A*4E
$GPGGA,175016.00,3720.031354,N,12204.360835,W,7,,0.38,72.35,M,0.0,M,0.0,0000*52
$GPRMC,175016.00,A,3720.031354,N,12204.360835,W,058.1,257.5,050620,,,A*48
$GPGGA,175017.00,3720.027819,N,12204.381068,W,7,,0.38,72.94,M,0.0,M,0.0,0000*52
$GPRMC,175017.00,A,3720.027819,N,12204.381068,W,057.7,257.7,050620,,,A*48
$GPGGA,175018.00,3720.024759,N,12204.400075,W,7,,0.38,73.75,M,0.0,M,0.0,0000*59
$GPRMC,175018.00,A,3720.024759,N,12204.400075,W,057.6,258.9,050620,,,A*4D
$GPGGA,175019.00,3720.021915,N,12204.419881,W,7,,0.38,74.43,M,0.0,M,0.0,0000*52
$GPRMC,175019.00,A,3720.021915,N,12204.419881,W,057.3,260.4,050620,,,A*47
$GPGGA,175020.00,3720.019719,N,12204.440168,W,7,,0.38,75.55,M,0.0,M,0.0,0000*55
$GPRMC,175020.00,A,3720.019719,N,12204.440168,W,057.0,262.9,050620,,,A*4A
$GPGGA,175021.00,3720.018297,N,12204.459812,W,7,,0.38,76.53,M,0.0,M,0.0,0000*5F
$GPRMC,175021.00,A,3720.018297,N,12204.459812,W,056.7,265.6,050620,,,A*4B
$GPGGA,175022.00,3720.017632,N,12204.479011,W,7,,0.38,77.42,M,0.0,M,0.0,0000*50
$GPRMC,175022.00,A,3720.017632,N,12204.479011,W,056.5,268.1,050620,,,A*4D
$GPGGA,175023.00,3720.017571,N,12204.498548,W,7,,0.38,78.21,M,0.0,M,0.0,0000*59
$GPRMC,175023.00,A,3720.017571,N,12204.498548,W,056.4,270.2,050620,,,A*45
$GPGGA,175024.00,3720.018057,N,12204.518108,W,7,,0.38,78.11,M,0.0,M,0.0,0000*5A
$GPRMC,175024.00,A,3720.018057,N,12204.518108,W,056.3,272.0,050620,,,A*42
$GPGGA,175025.00,3720.019209,N,12204.538249,W,7,,0.38,78.92,M,0.0,M,0.0,0000*5C
$GPRMC,175025.00,A,3720.019209,N,12204.538249,W,056.3,274.5,050620,,,A*4C
$GPGGA,175026.00,3720.020937,N,12204.557239,W,7,,0.38,79.43,M,0.0,M,0.0,0000*50
$GPRMC,175026.00,A,3720.020937,N,12204.557239,W,056.3,276.7,050620,,,A*4D
$GPGGA,175027.00,3720.023218,N,12204.576673,W,7,,0.38,80.06,M,0.0,M,0.0,0000*5A
$GPRMC,175027.00,A,3720.023218,N,12204.576673,W,056.5,278.9,050620,,,A*46
$GPGGA,175028.00,3720.026265,N,12204.596672,W,7,,0.38,80.21,M,0.0,M,0.0,0000*50
$GPRMC,175028.00,A,3720.026265,N,12204.596672,W,056.9,281.2,050620,,,A*48
$GPGGA,175029.00,3720.029854,N,12204.615547,W,7,,0.38,80.45,M,0.0,M,0.0,0000*59
$GPRMC,175029.00,A,3720.029854,N,12204.615547,W,057.2,283.5,050620,,,A*4C
$GPGGA,175030.00,3720.034084,N,12204.634735,W,7,,0.38,80.52,M,0.0,M,0.0,0000*5A
$GPRMC,175030.00,A,3720.034084,N,12204.634735,W,057.4,286.4,050620,,,A*4B
$GPGGA,175031.00,3720.039016,N,12204.653737,W,7,,0.38,80.72,M,0.0,M,0.0,0000*5C
$GPRMC,175031.00,A,3720.039016,N,12204.653737,W,057.5,288.6,050620,,,A*42
$GPGGA,175032.00,3720.044607,N,12204.672602,W,7,,0.38,80.52,M,0.0,M,0.0,0000*55
$GPRMC,175032.00,A,3720.044607,N,12204.672602,W,057.9,290.9,050620,,,A*43
$GPGGA,175033.00,3720.050949,N,12204.691453,W,7,,0.38,80.22,M,0.0,M,0.0,0000*58
$GPRMC,175033.00,A,3720.050949,N,12204.691453,W,058.5,293.4,050620,,,A*44
$GPGGA,175034.00,3720.057843,N,12204.709970,W,7,,0.38,80.01,M,0.0,M,0.0,0000*5E
$GPRMC,175034.00,A,3720.057843,N,12204.709970,W,059.0,295.3,050620,,,A*46
$GPGGA,175035.00,3720.065337,N,12204.728263,W,7,,0.38,79.52,M,0.0,M,0.0,0000*5C
$GPRMC,175035.00,A,3720.065337,N,12204.728263,W,059.4,297.9,050620,,,A*48
$GPGGA,175036.00,3720.073899,N,12204.747044,W,7,,0.38,79.09,M,0.0,M,0.0,0000*57
$GPRMC,175036.00,A,3720.073899,N,12204.747044,W,059.9,300.5,050620,,,A*43
$GPGGA,175037.00,3720.082570,N,12204.764150,W,7,,0.38,78.47,M,0.0,M,0.0,0000*5C
$GPRMC,175037.00,A,3720.082570,N,12204.764150,W,060.4,303.0,050620,,,A*42
$GPGGA,175038.00,3720.092194,N,12204.781352,W,7,,0.38,78.07,M,0.0,M,0.0,0000*53
$GPRMC,175038.00,A,3720.092194,N,12204.781352,W,060.4,305.8,050620,,,A*47
$GPGGA,175039.00,3720.102454,N,12204.797947,W,7,,0.38,77.47,M,0.0,M,0.0,0000*51
$GPRMC,175039.00,A,3720.102454,N,12204.797947,W,060.5,308.3,050620,,,A*49
$GPGGA,175040.00,3720.113373,N,12204.814321,W,7,,0.38,77.09,M,0.0,M,0.0,0000*59
$GPRMC,175040.00,A,3720.113373,N,12204.814321,W,060.8,310.2,050620,,,A*4E
$GPGGA,175041.00,3720.125127,N,12204.830684,W,7,,0.38,76.86,M,0.0,M,0.0,0000*54
$GPRMC,175041.00,A,3720.125127,N,12204.830684,W,061.4,312.5,050620,,,A*4D
$GPGGA,175042.00,3720.136492,N,12204.845768,W,7,,0.38,76.43,M,0.0,M,0.0,0000*56
$GPRMC,175042.00,A,3720.136492,N,12204.845768,W,061.8,313.2,050620,,,A*4C
$GPGGA,175043.00,3720.148534,N,12204.861367,W,7,,0.38,75.97,M,0.0,M,0.0,0000*54
$GPRMC,175043.00,A,3720.148534,N,12204.861367,W,062.0,314.2,050620,,,A*48
$GPGGA,175044.00,3720.161019,N,12204.877357,W,7,,0.38,75.36,M,0.0,M,0.0,0000*5D
$GPRMC,175044.00,A,3720.161019,N,12204.877357,W,062.2,314.3,050620,,,A*49
$GPGGA,175045.00,3720.173055,N,12204.892742,W,7,,0.38,74.71,M,0.0,M,0.0,0000*5E
$GPRMC,175045.00,A,3720.173055,N,12204.892742,W,061.9,314.4,050620,,,A*47
$GPGGA,175046.00,3720.184648,N,12204.907538,W,7,,0.38,74.45,M,0.0,M,0.0,0000*5A
$GPRMC,175046.00,A,3720.184648,N,12204.907538,W,061.5,314.1,050620,,,A*4D
$GPGGA,175047.00,3720.196653,N,12204.923090,W,7,,0.38,74.77,M,0.0,M,0.0,0000*52
$GPRMC,175047.00,A,3720.196653,N,12204.923090,W,061.6,314.1,050620,,,A*47
$GPGGA,175048.00,3720.208432,N,12204.938569,W,7,,0.40,75.23,M,0.0,M,0.0,0000*5A
$GPRMC,175048.00,A,3720.208432,N,12204.938569,W,061.4,313.7,050620,,,A*43
$GPGGA,175049.00,3720.220329,N,12204.954769,W,7,,0.38,75.25,M,0.0,M,0.0,0000*5D
$GPRMC,175049.00,A,3720.220329,N,12204.954769,W,061.3,312.6,050620,,,A*4A
$GPGGA,175050.00,3720.231196,N,12204.970123,W,7,,0.38,75.86,M,0.0,M,0.0,0000*54
$GPRMC,175050.00,A,3720.231196,N,12204.970123,W,060.8,311.3,050620,,,A*46
$GPGGA,175051.00,3720.242085,N,12204.986203,W,7,,0.38,76.52,M,0.0,M,0.0,0000*50
$GPRMC,175051.00,A,3720.242085,N,12204.986203,W,059.9,309.9,050620,,,A*40
$GPGGA,175052.00,3720.252765,N,12205.002890,W,7,,0.39,77.35,M,0.0,M,0.0,0000*5E
$GPRMC,175052.00,A,3720.252765,N,12205.002890,W,059.6,308.7,050620,,,A*4F
$GPGGA,175053.00,3720.262731,N,12205.019360,W,7,,0.38,77.92,M,0.0,M,0.0,0000*5F
$GPRMC,175053.00,A,3720.262731,N,12205.019360,W,059.5,306.5,050620,,,A*4D
$GPGGA,175054.00,3720.272086,N,12205.035794,W,7,,0.38,78.25,M,0.0,M,0.0,0000*50
$GPRMC,175054.00,A,3720.272086,N,12205.035794,W,059.2,305.3,050620,,,A*43
$GPGGA,175055.00,3720.281487,N,12205.052756,W,7,,0.38,78.62,M,0.0,M,0.0,0000*54
$GPRMC,175055.00,A,3720.281487,N,12205.052756,W,059.4,305.0,050620,,,A*41
$GPGGA,175056.00,3720.291016,N,12205.069688,W,7,,0.38,78.60,M,0.0,M,0.0,0000*52
$GPRMC,175056.00,A,3720.291016,N,12205.069688,W,059.5,305.3,050620,,,A*47
$GPGGA,175057.00,3720.300741,N,12205.087238,W,7,,0.38,78.88,M,0.0,M,0.0,0000*56
$GPRMC,175057.00,A,3720.300741,N,12205.087238,W,059.7,305.0,050620,,,A*44
$GPGGA,175058.00,3720.310000,N,12205.103822,W,7,,0.38,78.75,M,0.0,M,0.0,0000*54
$GPRMC,175058.00,A,3720.310000,N,12205.103822,W,059.7,304.9,050620,,,A*4C
$GPGGA,175059.00,3720.319503,N,12205.120921,W,7,,0.38,78.62,M,0.0,M,0.0,0000*5F
$GPRMC,175059.00,A,3720.319503,N,12205.120921,W,060.0,305.0,050620,,,A*44
$GPGGA,175100.00,3720.329464,N,12205.138615,W,7,,0.38,78.40,M,0.0,M,0.0,0000*50
$GPRMC,175100.00,A,3720.329464,N,12205.138615,W,060.4,305.0,050620,,,A*4F
$GPGGA,175101.00,3720.338842,N,12205.155517,W,7,,0.38,78.28,M,0.0,M,0.0,0000*5D
$GPRMC,175101.00,A,3720.338842,N,12205.155517,W,060.6,304.8,050620,,,A*47
$GPGGA,175102.00,3720.348508,N,12205.172797,W,7,,0.38,77.91,M,0.0,M,0.0,0000*58
$GPRMC,175102.00,A,3720.348508,N,12205.172797,W,060.7,304.8,050620,,,A*4E
$GPGGA,175103.00,3720.358173,N,12205.190173,W,7,,0.38,77.86,M,0.0,M,0.0,0000*56
$GPRMC,175103.00,A,3720.358173,N,12205.190173,W,061.1,305.0,050620,,,A*48
$GPGGA,175104.00,3720.367941,N,12205.207676,W,7,,0.38,77.19,M,0.0,M,0.0,0000*5D
$GPRMC,175104.00,A,3720.367941,N,12205.207676,W,061.5,305.0,050620,,,A*41
$GPGGA,175105.00,3720.377818,N,12205.225472,W,7,,0.38,76.47,M,0.0,M,0.0,0000*5C
$GPRMC,175105.00,A,3720.377818,N,12205.225472,W,061.9,305.1,050620,,,A*47
$GPGGA,175106.00,3720.387711,N,12205.243298,W,7,,0.38,75.88,M,0.0,M,0.0,0000*54
$GPRMC,175106.00,A,3720.387711,N,12205.243298,W,062.5,304.5,050620,,,A*45
$GPGGA,175107.00,3720.397497,N,12205.261297,W,7,,0.38,74.78,M,0.0,M,0.0,0000*58
$GPRMC,175107.00,A,3720.397497,N,12205.261297,W,062.7,304.2,050620,,,A*42
$GPGGA,175108.00,3720.407553,N,12205.280257,W,7,,0.38,73.74,M,0.0,M,0.0,0000*58
$GPRMC,175108.00,A,3720.407553,N,12205.280257,W,063.0,303.2,050620,,,A*48
$GPGGA,175109.00,3720.416715,N,12205.298114,W,7,,0.38,72.89,M,0.0,M,0.0,0000*57
$GPRMC,175109.00,A,3720.416715,N,12205.298114,W,063.1,302.2,050620,,,A*44
$GPGGA,175110.00,3720.425871,N,12205.316726,W,7,,0.38,71.82,M,0.0,M,0.0,0000*5A
$GPRMC,175110.00,A,3720.425871,N,12205.316726,W,062.9,301.4,050620,,,A*4D
$GPGGA,175111.00,3720.434847,N,12205.335379,W,7,,0.38,70.82,M,0.0,M,0.0,0000*50
$GPRMC,175111.00,A,3720.434847,N,12205.335379,W,062.6,301.1,050620,,,A*4C
$GPGGA,175112.00,3720.443781,N,12205.354105,W,7,,0.38,69.76,M,0.0,M,0.0,0000*5B
$GPRMC,175112.00,A,3720.443781,N,12205.354105,W,062.1,300.8,050620,,,A*4B
$GPGGA,175113.00,3720.452890,N,12205.373228,W,7,,0.38,68.62,M,0.0,M,0.0,0000*58
$GPRMC,175113.00,A,3720.452890,N,12205.373228,W,061.8,301.1,050620,,,A*4E
$GPGGA,175114.00,3720.461422,N,12205.391119,W,7,,0.38,67.50,M,0.0,M,0.0,0000*59
$GPRMC,175114.00,A,3720.461422,N,12205.391119,W,062.0,301.0,050620,,,A*4B
$GPGGA,175115.00,3720.470398,N,12205.409924,W,7,,0.38,66.28,M,0.0,M,0.0,0000*50
$GPRMC,175115.00,A,3720.470398,N,12205.409924,W,062.6,301.1,050620,,,A*4B
$GPGGA,175116.00,3720.479871,N,12205.429177,W,7,,0.39,64.97,M,0.0,M,0.0,0000*5D
$GPRMC,175116.00,A,3720.479871,N,12205.429177,W,063.2,301.9,050620,,,A*4C
$GPGGA,175117.00,3720.489459,N,12205.447789,W,7,,0.38,63.82,M,0.0,M,0.0,0000*58
$GPRMC,175117.00,A,3720.489459,N,12205.447789,W,063.9,303.5,050620,,,A*4E
$GPGGA,175118.00,3720.499239,N,12205.465676,W,7,,0.38,63.38,M,0.0,M,0.0,0000*56
$GPRMC,175118.00,A,3720.499239,N,12205.465676,W,064.5,304.9,050620,,,A*41
$GPGGA,175119.00,3720.509961,N,12205.483964,W,7,,0.38,63.09,M,0.0,M,0.0,0000*5F
$GPRMC,175119.00,A,3720.509961,N,12205.483964,W,064.8,307.0,050620,,,A*4D
$GPGGA,175120.00,3720.521265,N,12205.501549,W,7,,0.38,63.32,M,0.0,M,0.0,0000*50
$GPRMC,175120.00,A,3720.521265,N,12205.501549,W,065.0,309.6,050620,,,A*4B
$GPGGA,175121.00,3720.533584,N,12205.519004,W,7,,0.38,63.48,M,0.0,M,0.0,0000*52
$GPRMC,175121.00,A,3720.533584,N,12205.519004,W,065.1,312.1,050620,,,A*48
$GPGGA,175122.00,3720.545817,N,12205.534832,W,7,,0.38,64.32,M,0.0,M,0.0,0000*5F
$GPRMC,175122.00,A,3720.545817,N,12205.534832,W,064.8,314.4,050620,,,A*44
$GPGGA,175123.00,3720.558675,N,12205.550312,W,7,,0.38,65.16,M,0.0,M,0.0,0000*54
$GPRMC,175123.00,A,3720.558675,N,12205.550312,W,064.2,316.0,050620,,,A*44
$GPGGA,175124.00,3720.572080,N,12205.565917,W,7,,0.38,66.26,M,0.0,M,0.0,0000*5E
$GPRMC,175124.00,A,3720.572080,N,12205.565917,W,063.6,316.9,050620,,,A*44
$GPGGA,175125.00,3720.585022,N,12205.580857,W,7,,0.38,66.99,M,0.0,M,0.0,0000*55
$GPRMC,175125.00,A,3720.585022,N,12205.580857,W,063.3,317.3,050620,,,A*45
$GPGGA,175126.00,3720.597663,N,12205.595324,W,7,,0.38,67.72,M,0.0,M,0.0,0000*59
$GPRMC,175126.00,A,3720.597663,N,12205.595324,W,063.0,317.2,050620,,,A*4F
$GPGGA,175127.00,3720.610539,N,12205.610125,W,7,,0.38,70.82,M,0.0,M,0.0,0000*5C
$GPRMC,175127.00,A,3720.610539,N,12205.610125,W,062.8,317.3,050620,,,A*4B
$GPGGA,175128.00,3720.623421,N,12205.624963,W,7,,0.38,70.41,M,0.0,M,0.0,0000*59
$GPRMC,175128.00,A,3720.623421,N,12205.624963,W,062.8,317.4,050620,,,A*46
$GPGGA,175129.00,3720.636597,N,12205.640252,W,7,,0.40,70.57,M,0.0,M,0.0,0000*53
$GPRMC,175129.00,A,3720.636597,N,12205.640252,W,062.7,317.2,050620,,,A*4D
$GPGGA,175130.00,3720.649006,N,12205.654831,W,7,,0.38,70.88,M,0.0,M,0.0,0000*59
$GPRMC,175130.00,A,3720.649006,N,12205.654831,W,062.7,316.5,050620,,,A*4C
$GPGGA,175131.00,3720.661281,N,12205.670324,W,7,,0.38,71.16,M,0.0,M,0.0,0000*50
$GPRMC,175131.00,A,3720.661281,N,12205.670324,W,062.8,314.1,050620,,,A*4A
$GPGGA,175132.00,3720.673534,N,12205.686914,W,7,,0.38,70.96,M,0.0,M,0.0,0000*50
$GPRMC,175132.00,A,3720.673534,N,12205.686914,W,063.0,311.7,050620,,,A*49
$GPGGA,175133.00,3720.684664,N,12205.703144,W,7,,0.39,70.91,M,0.0,M,0.0,0000*58
$GPRMC,175133.00,A,3720.684664,N,12205.703144,W,063.0,310.1,050620,,,A*40
$GPGGA,175134.00,3720.695283,N,12205.720304,W,7,,0.38,70.66,M,0.0,M,0.0,0000*5C
$GPRMC,175134.00,A,3720.695283,N,12205.720304,W,062.4,307.0,050620,,,A*4F
$GPGGA,175135.00,3720.705393,N,12205.737847,W,7,,0.38,70.10,M,0.0,M,0.0,0000*5E
$GPRMC,175135.00,A,3720.705393,N,12205.737847,W,062.3,305.2,050620,,,A*4B
$GPGGA,175136.00,3720.715029,N,12205.755890,W,7,,0.38,69.50,M,0.0,M,0.0,0000*5C
$GPRMC,175136.00,A,3720.715029,N,12205.755890,W,062.7,303.1,050620,,,A*44
$GPGGA,175137.00,3720.724407,N,12205.774634,W,7,,0.38,68.57,M,0.0,M,0.0,0000*52
$GPRMC,175137.00,A,3720.724407,N,12205.774634,W,063.3,301.2,050620,,,A*48
$GPGGA,175138.00,3720.733108,N,12205.793875,W,7,,0.38,67.48,M,0.0,M,0.0,0000*52
$GPRMC,175138.00,A,3720.733108,N,12205.793875,W,063.8,298.9,050620,,,A*48
$GPGGA,175139.00,3720.741447,N,12205.813591,W,7,,0.38,66.18,M,0.0,M,0.0,0000*5C
$GPRMC,175139.00,A,3720.741447,N,12205.813591,W,064.3,297.7,050620,,,A*4F
$GPGGA,175140.00,3720.750165,N,12205.834333,W,7,,0.38,64.95,M,0.0,M,0.0,0000*5B
$GPRMC,175140.00,A,3720.750165,N,12205.834333,W,064.7,298.2,050620,,,A*41
$GPGGA,175141.00,3720.758409,N,12205.853612,W,7,,0.38,63.68,M,0.0,M,0.0,0000*5F
$GPRMC,175141.00,A,3720.758409,N,12205.853612,W,065.2,298.6,050620,,,A*40
$GPGGA,175142.00,3720.767068,N,12205.873622,W,7,,0.38,62.57,M,0.0,M,0.0,0000*5F
$GPRMC,175142.00,A,3720.767068,N,12205.873622,W,065.7,298.6,050620,,,A*48
$GPGGA,175143.00,3720.775695,N,12205.893745,W,7,,0.38,61.42,M,0.0,M,0.0,0000*50
$GPRMC,175143.00,A,3720.775695,N,12205.893745,W,065.7,298.2,050620,,,A*44
$GPGGA,175144.00,3720.784239,N,12205.914013,W,7,,0.38,60.52,M,0.0,M,0.0,0000*51
$GPRMC,175144.00,A,3720.784239,N,12205.914013,W,065.2,297.8,050620,,,A*45
$GPGGA,175145.00,3720.792837,N,12205.934546,W,7,,0.38,59.92,M,0.0,M,0.0,0000*52
$GPRMC,175145.00,A,3720.792837,N,12205.934546,W,064.5,297.6,050620,,,A*48
$GPGGA,175146.00,3720.800793,N,12205.953547,W,7,,0.38,59.63,M,0.0,M,0.0,0000*5A
$GPRMC,175146.00,A,3720.800793,N,12205.953547,W,063.6,297.8,050620,,,A*44
$GPGGA,175147.00,3720.809128,N,12205.973053,W,7,,0.38,59.53,M,0.0,M,0.0,0000*55
$GPRMC,175147.00,A,3720.809128,N,12205.973053,W,062.9,298.1,050620,,,A*40
$GPGGA,175148.00,3720.817522,N,12205.992710,W,7,,0.39,59.66,M,0.0,M,0.0,0000*53
$GPRMC,175148.00,A,3720.817522,N,12205.992710,W,062.0,298.1,050620,,,A*48
$GPGGA,175149.00,3720.825447,N,12206.011633,W,7,,0.38,59.90,M,0.0,M,0.0,0000*58
$GPRMC,175149.00,A,3720.825447,N,12206.011633,W,061.4,297.7,050620,,,A*45
$GPGGA,175150.00,3720.833157,N,12206.029922,W,7,,0.38,60.15,M,0.0,M,0.0,0000*50
$GPRMC,175150.00,A,3720.833157,N,12206.029922,W,061.4,297.9,050620,,,A*44
$GPGGA,175151.00,3720.841245,N,12206.048869,W,7,,0.38,60.44,M,0.0,M,0.0,0000*59
$GPRMC,175151.00,A,3720.841245,N,12206.048869,W,061.2,298.2,050620,,,A*4B
$GPGGA,175152.00,3720.849190,N,12206.067397,W,7,,0.38,63.12,M,0.0,M,0.0,0000*5E
$GPRMC,175152.00,A,3720.849190,N,12206.067397,W,060.4,298.0,050620,,,A*49
$GPGGA,175153.00,3720.857493,N,12206.086183,W,7,,0.38,62.05,M,0.0,M,0.0,0000*59
$GPRMC,175153.00,A,3720.857493,N,12206.086183,W,059.6,299.4,050620,,,A*44
$GPGGA,175154.00,3720.865509,N,12206.103331,W,7,,0.38,61.34,M,0.0,M,0.0,0000*5B
$GPRMC,175154.00,A,3720.865509,N,12206.103331,W,058.9,300.7,050620,,,A*4B
$GPGGA,175155.00,3720.874305,N,12206.120648,W,7,,0.40,60.87,M,0.0,M,0.0,0000*5C
$GPRMC,175155.00,A,3720.874305,N,12206.120648,W,058.2,303.5,050620,,,A*40
$GPGGA,175156.00,3720.883713,N,12206.137562,W,7,,0.38,60.44,M,0.0,M,0.0,0000*59
$GPRMC,175156.00,A,3720.883713,N,12206.137562,W,057.3,305.8,050620,,,A*40
$GPGGA,175157.00,3720.893302,N,12206.153162,W,7,,0.38,59.73,M,0.0,M,0.0,0000*55
$GPRMC,175157.00,A,3720.893302,N,12206.153162,W,056.5,308.1,050620,,,A*41
$GPGGA,175158.00,3720.903015,N,12206.167838,W,7,,0.38,58.98,M,0.0,M,0.0,0000*52
$GPRMC,175158.00,A,3720.903015,N,12206.167838,W,055.9,310.3,050620,,,A*46
$GPGGA,175159.00,3720.913174,N,12206.182160,W,7,,0.38,58.37,M,0.0,M,0.0,0000*5E
$GPRMC,175159.00,A,3720.913174,N,12206.182160,W,054.8,312.4,050620,,,A*4A
$GPGGA,175200.00,3720.923733,N,12206.195593,W,7,,0.38,57.76,M,0.0,M,0.0,0000*53
$GPRMC,175200.00,A,3720.923733,N,12206.195593,W,053.9,315.5,050620,,,A*4D
$GPGGA,175201.00,3720.934935,N,12206.208475,W,7,,0.38,57.10,M,0.0,M,0.0,0000*52
$GPRMC,175201.00,A,3720.934935,N,12206.208475,W,052.9,318.2,050620,,,A*47
$GPGGA,175202.00,3720.945777,N,12206.219953,W,7,,0.38,56.13,M,0.0,M,0.0,0000*54
$GPRMC,175202.00,A,3720.945777,N,12206.219953,W,052.2,320.2,050620,,,A*43
$GPGGA,175203.00,3720.957070,N,12206.231102,W,7,,0.38,55.23,M,0.0,M,0.0,0000*50
$GPRMC,175203.00,A,3720.957070,N,12206.231102,W,051.7,322.2,050620,,,A*43
$GPGGA,175204.00,3720.968920,N,12206.241871,W,7,,0.38,54.31,M,0.0,M,0.0,0000*5F
$GPRMC,175204.00,A,3720.968920,N,12206.241871,W,050.9,324.6,050620,,,A*43
$GPGGA,175205.00,3720.980349,N,12206.251358,W,7,,0.38,53.50,M,0.0,M,0.0,0000*5C
$GPRMC,175205.00,A,3720.980349,N,12206.251358,W,050.3,327.1,050620,,,A*4E
$GPGGA,175206.00,3720.992073,N,12206.260513,W,7,,0.38,52.99,M,0.0,M,0.0,0000*59
$GPRMC,175206.00,A,3720.992073,N,12206.260513,W,049.7,328.2,050620,,,A*4F
$GPGGA,175207.00,3721.003773,N,12206.269285,W,7,,0.38,52.31,M,0.0,M,0.0,0000*5C
$GPRMC,175207.00,A,3721.003773,N,12206.269285,W,049.1,329.0,050620,,,A*4D
$GPGGA,175208.00,3721.015377,N,12206.277980,W,7,,0.38,51.47,M,0.0,M,0.0,0000*57
$GPRMC,175208.00,A,3721.015377,N,12206.277980,W,048.6,328.8,050620,,,A*4B
$GPGGA,175209.00,3721.026964,N,12206.286667,W,7,,0.38,50.83,M,0.0,M,0.0,0000*5F
$GPRMC,175209.00,A,3721.026964,N,12206.286667,W,048.1,328.7,050620,,,A*42
$GPGGA,175210.00,3721.038327,N,12206.295295,W,7,,0.38,50.22,M,0.0,M,0.0,0000*55
$GPRMC,175210.00,A,3721.038327,N,12206.295295,W,047.7,328.5,050620,,,A*48
$GPGGA,175211.00,3721.049734,N,12206.304097,W,7,,0.38,50.04,M,0.0,M,0.0,0000*59
$GPRMC,175211.00,A,3721.049734,N,12206.304097,W,048.5,328.3,050620,,,A*4B
$GPGGA,175212.00,3721.061806,N,12206.313272,W,7,,0.38,49.99,M,0.0,M,0.0,0000*5D
$GPRMC,175212.00,A,3721.061806,N,12206.313272,W,049.1,328.7,050620,,,A*42
$GPGGA,175213.00,3721.073140,N,12206.321918,W,7,,0.38,50.24,M,0.0,M,0.0,0000*5C
$GPRMC,175213.00,A,3721.073140,N,12206.321918,W,049.5,329.0,050620,,,A*4F
$GPGGA,175214.00,3721.084845,N,12206.330983,W,7,,0.38,50.69,M,0.0,M,0.0,0000*54
$GPRMC,175214.00,A,3721.084845,N,12206.330983,W,049.6,328.4,050620,,,A*48
$GPGGA,175215.00,3721.096473,N,12206.340284,W,7,,0.38,51.03,M,0.0,M,0.0,0000*59
$GPRMC,175215.00,A,3721.096473,N,12206.340284,W,049.8,327.2,050620,,,A*4F
$GPGGA,175216.00,3721.108077,N,12206.350087,W,7,,0.38,51.60,M,0.0,M,0.0,0000*59
$GPRMC,175216.00,A,3721.108077,N,12206.350087,W,050.0,325.6,050620,,,A*4C
$GPGGA,175217.00,3721.119700,N,12206.360587,W,7,,0.38,52.16,M,0.0,M,0.0,0000*5B
$GPRMC,175217.00,A,3721.119700,N,12206.360587,W,050.1,323.7,050620,,,A*4A
$GPGGA,175218.00,3721.130409,N,12206.370943,W,7,,0.38,52.82,M,0.0,M,0.0,0000*5D
$GPRMC,175218.00,A,3721.130409,N,12206.370943,W,050.4,321.9,050620,,,A*48
$GPGGA,175219.00,3721.141252,N,12206.382122,W,7,,0.38,53.57,M,0.0,M,0.0,0000*59
$GPRMC,175219.00,A,3721.141252,N,12206.382122,W,050.7,320.0,050620,,,A*4E
$GPGGA,175220.00,3721.152297,N,12206.394374,W,7,,0.38,54.33,M,0.0,M,0.0,0000*5B
$GPRMC,175220.00,A,3721.152297,N,12206.394374,W,051.2,317.9,050620,,,A*40
$GPGGA,175221.00,3721.162852,N,12206.406517,W,7,,0.38,55.08,M,0.0,M,0.0,0000*5C
$GPRMC,175221.00,A,3721.162852,N,12206.406517,W,051.8,317.2,050620,,,A*4F
$GPGGA,175222.00,3721.172818,N,12206.418811,W,7,,0.38,55.89,M,0.0,M,0.0,0000*5D
$GPRMC,175222.00,A,3721.172818,N,12206.418811,W,052.2,314.9,050620,,,A*46
$GPGGA,175223.00,3721.182873,N,12206.432167,W,7,,0.38,56.72,M,0.0,M,0.0,0000*59
$GPRMC,175223.00,A,3721.182873,N,12206.432167,W,052.4,312.7,050620,,,A*4B
$GPGGA,175224.00,3721.192467,N,12206.445943,W,7,,0.38,57.36,M,0.0,M,0.0,0000*59
$GPRMC,175224.00,A,3721.192467,N,12206.445943,W,052.8,310.3,050620,,,A*40
$GPGGA,175225.00,3721.201996,N,12206.460703,W,7,,0.38,57.99,M,0.0,M,0.0,0000*5A
$GPRMC,175225.00,A,3721.201996,N,12206.460703,W,053.1,308.8,050620,,,A*4C
$GPGGA,175226.00,3721.210737,N,12206.474935,W,7,,0.38,59.68,M,0.0,M,0.0,0000*52
$GPRMC,175226.00,A,3721.210737,N,12206.474935,W,053.5,307.4,050620,,,A*43
$GPGGA,175227.00,3721.219648,N,12206.490158,W,7,,0.38,59.68,M,0.0,M,0.0,0000*5A
$GPRMC,175227.00,A,3721.219648,N,12206.490158,W,053.9,306.1,050620,,,A*43
$GPGGA,175228.00,3721.228486,N,12206.506087,W,7,,0.38,59.64,M,0.0,M,0.0,0000*56
$GPRMC,175228.00,A,3721.228486,N,12206.506087,W,054.2,304.5,050620,,,A*49
$GPGGA,175229.00,3721.236694,N,12206.522071,W,7,,0.38,59.70,M,0.0,M,0.0,0000*53
$GPRMC,175229.00,A,3721.236694,N,12206.522071,W,054.8,302.2,050620,,,A*42
$GPGGA,175230.00,3721.244278,N,12206.538212,W,7,,0.38,59.56,M,0.0,M,0.0,0000*50
$GPRMC,175230.00,A,3721.244278,N,12206.538212,W,055.3,299.9,050620,,,A*47
$GPGGA,175231.00,3721.251550,N,12206.555204,W,7,,0.38,59.65,M,0.0,M,0.0,0000*54
$GPRMC,175231.00,A,3721.251550,N,12206.555204,W,055.7,297.8,050620,,,A*48
$GPGGA,175232.00,3721.258336,N,12206.572334,W,7,,0.38,59.57,M,0.0,M,0.0,0000*5E
$GPRMC,175232.00,A,3721.258336,N,12206.572334,W,054.8,295.8,050620,,,A*4F
$GPGGA,175233.00,3721.264767,N,12206.589824,W,7,,0.38,59.51,M,0.0,M,0.0,0000*58
$GPRMC,175233.00,A,3721.264767,N,12206.589824,W,053.3,294.6,050620,,,A*4C
$GPGGA,175234.00,3721.270353,N,12206.606102,W,7,,0.38,59.13,M,0.0,M,0.0,0000*56
$GPRMC,175234.00,A,3721.270353,N,12206.606102,W,051.8,293.0,050620,,,A*4C
$GPGGA,175235.00,3721.275508,N,12206.622500,W,7,,0.39,58.73,M,0.0,M,0.0,0000*5C
$GPRMC,175235.00,A,3721.275508,N,12206.622500,W,050.2,291.5,050620,,,A*4C
$GPGGA,175236.00,3721.280193,N,12206.639095,W,7,,0.38,58.43,M,0.0,M,0.0,0000*52
$GPRMC,175236.00,A,3721.280193,N,12206.639095,W,048.5,289.8,050620,,,A*4A
$GPGGA,175237.00,3721.284346,N,12206.654719,W,7,,0.38,57.85,M,0.0,M,0.0,0000*50
$GPRMC,175237.00,A,3721.284346,N,12206.654719,W,047.1,288.8,050620,,,A*47
$GPGGA,175238.00,3721.288215,N,12206.669768,W,7,,0.38,57.28,M,0.0,M,0.0,0000*5B
$GPRMC,175238.00,A,3721.288215,N,12206.669768,W,046.3,288.0,050620,,,A*40
$GPGGA,175239.00,3721.292038,N,12206.684876,W,7,,0.38,56.83,M,0.0,M,0.0,0000*5F
$GPRMC,175239.00,A,3721.292038,N,12206.684876,W,045.3,287.8,050620,,,A*40
$GPGGA,175240.00,3721.295805,N,12206.699528,W,7,,0.38,56.68,M,0.0,M,0.0,0000*5F
$GPRMC,175240.00,A,3721.295805,N,12206.699528,W,044.0,288.0,050620,,,A*40
$GPGGA,175241.00,3721.299525,N,12206.714137,W,7,,0.38,56.69,M,0.0,M,0.0,0000*52
$GPRMC,175241.00,A,3721.299525,N,12206.714137,W,043.4,287.8,050620,,,A*48
$GPGGA,175242.00,3721.303084,N,12206.728429,W,7,,0.38,56.96,M,0.0,M,0.0,0000*58
$GPRMC,175242.00,A,3721.303084,N,12206.728429,W,042.9,287.5,050620,,,A*43
$GPGGA,175243.00,3721.306588,N,12206.742512,W,7,,0.38,57.33,M,0.0,M,0.0,0000*5E
$GPRMC,175243.00,A,3721.306588,N,12206.742512,W,042.2,287.4,050620,,,A*41
$GPGGA,175244.00,3721.310158,N,12206.756779,W,7,,0.38,57.73,M,0.0,M,0.0,0000*59
$GPRMC,175244.00,A,3721.310158,N,12206.756779,W,041.4,287.6,050620,,,A*45
$GPGGA,175245.00,3721.313554,N,12206.770172,W,7,,0.38,58.08,M,0.0,M,0.0,0000*59
$GPRMC,175245.00,A,3721.313554,N,12206.770172,W,041.4,287.5,050620,,,A*45
$GPGGA,175246.00,3721.317136,N,12206.783948,W,7,,0.38,58.64,M,0.0,M,0.0,0000*59
$GPRMC,175246.00,A,3721.317136,N,12206.783948,W,041.7,288.1,050620,,,A*47
$GPGGA,175247.00,3721.320873,N,12206.797832,W,7,,0.38,59.29,M,0.0,M,0.0,0000*55
$GPRMC,175247.00,A,3721.320873,N,12206.797832,W,042.3,288.8,050620,,,A*4D
$GPGGA,175248.00,3721.324995,N,12206.811889,W,7,,0.38,59.93,M,0.0,M,0.0,0000*57
$GPRMC,175248.00,A,3721.324995,N,12206.811889,W,043.0,290.6,050620,,,A*4B
$GPGGA,175249.00,3721.329525,N,12206.825845,W,7,,0.38,60.57,M,0.0,M,0.0,0000*59
$GPRMC,175249.00,A,3721.329525,N,12206.825845,W,043.6,292.1,050620,,,A*44
$GPGGA,175250.00,3721.334439,N,12206.839891,W,7,,0.38,61.13,M,0.0,M,0.0,0000*54
$GPRMC,175250.00,A,3721.334439,N,12206.839891,W,044.3,294.1,050620,,,A*4C
$GPGGA,175251.00,3721.339743,N,12206.853937,W,7,,0.38,61.81,M,0.0,M,0.0,0000*5C
$GPRMC,175251.00,A,3721.339743,N,12206.853937,W,044.9,295.4,050620,,,A*41
$GPGGA,175252.00,3721.345594,N,12206.868613,W,7,,0.38,62.49,M,0.0,M,0.0,0000*5A
$GPRMC,175252.00,A,3721.345594,N,12206.868613,W,045.5,296.6,050620,,,A*4C
$GPGGA,175253.00,3721.351305,N,12206.882245,W,7,,0.38,62.33,M,0.0,M,0.0,0000*5E
$GPRMC,175253.00,A,3721.351305,N,12206.882245,W,046.0,297.9,050620,,,A*4D
$GPGGA,175254.00,3721.357522,N,12206.896298,W,7,,0.38,63.22,M,0.0,M,0.0,0000*58
$GPRMC,175254.00,A,3721.357522,N,12206.896298,W,046.3,299.2,050620,,,A*4C
$GPGGA,175255.00,3721.364145,N,12206.910134,W,7,,0.38,63.97,M,0.0,M,0.0,0000*58
$GPRMC,175255.00,A,3721.364145,N,12206.910134,W,046.7,301.5,050620,,,A*41
$GPGGA,175256.00,3721.371321,N,12206.924018,W,7,,0.38,64.63,M,0.0,M,0.0,0000*5B
$GPRMC,175256.00,A,3721.371321,N,12206.924018,W,047.4,303.0,050620,,,A*4B
$GPGGA,175257.00,3721.379163,N,12206.938231,W,7,,0.38,65.41,M,0.0,M,0.0,0000*53
$GPRMC,175257.00,A,3721.379163,N,12206.938231,W,048.4,304.9,050620,,,A*43
$GPGGA,175258.00,3721.386928,N,12206.951473,W,7,,0.38,66.08,M,0.0,M,0.0,0000*5A
$GPRMC,175258.00,A,3721.386928,N,12206.951473,W,048.9,306.5,050620,,,A*47
$GPGGA,175259.00,3721.395394,N,12206.965075,W,7,,0.38,66.89,M,0.0,M,0.0,0000*58
$GPRMC,175259.00,A,3721.395394,N,12206.965075,W,049.2,308.6,050620,,,A*4B
$GPGGA,175300.00,3721.404387,N,12206.978468,W,7,,0.38,67.67,M,0.0,M,0.0,0000*5D
$GPRMC,175300.00,A,3721.404387,N,12206.978468,W,048.6,310.9,050620,,,A*4C
$GPGGA,175301.00,3721.413292,N,12206.990744,W,7,,0.38,68.44,M,0.0,M,0.0,0000*5A
$GPRMC,175301.00,A,3721.413292,N,12206.990744,W,047.5,312.6,050620,,,A*44
$GPGGA,175302.00,3721.421980,N,12207.002125,W,7,,0.38,69.21,M,0.0,M,0.0,0000*50
$GPRMC,175302.00,A,3721.421980,N,12207.002125,W,046.5,313.7,050620,,,A*4D
$GPGGA,175303.00,3721.431070,N,12207.013508,W,7,,0.38,69.84,M,0.0,M,0.0,0000*52
$GPRMC,175303.00,A,3721.431070,N,12207.013508,W,045.7,315.1,050620,,,A*41
$GPGGA,175304.00,3721.440262,N,12207.024643,W,7,,0.38,70.39,M,0.0,M,0.0,0000*54
$GPRMC,175304.00,A,3721.440262,N,12207.024643,W,046.1,316.3,050620,,,A*4D
$GPGGA,175305.00,3721.450053,N,12207.035810,W,7,,0.38,70.90,M,0.0,M,0.0,0000*5F
$GPRMC,175305.00,A,3721.450053,N,12207.035810,W,046.4,318.4,050620,,,A*49
$GPGGA,175306.00,3721.459611,N,12207.045799,W,7,,0.38,71.31,M,0.0,M,0.0,0000*56
$GPRMC,175306.00,A,3721.459611,N,12207.045799,W,046.4,320.7,050620,,,A*42
$GPGGA,175307.00,3721.469692,N,12207.055802,W,7,,0.38,69.43,M,0.0,M,0.0,0000*5F
$GPRMC,175307.00,A,3721.469692,N,12207.055802,W,045.9,322.2,050620,,,A*4E
$GPGGA,175308.00,3721.480227,N,12207.065737,W,7,,0.38,70.49,M,0.0,M,0.0,0000*55
$GPRMC,175308.00,A,3721.480227,N,12207.065737,W,046.2,323.3,050620,,,A*4E
$GPGGA,175309.00,3721.490716,N,12207.075331,W,7,,0.38,71.10,M,0.0,M,0.0,0000*5C
$GPRMC,175309.00,A,3721.490716,N,12207.075331,W,047.0,324.1,050620,,,A*4C
$GPGGA,175310.00,3721.501372,N,12207.084560,W,7,,0.38,71.53,M,0.0,M,0.0,0000*50
$GPRMC,175310.00,A,3721.501372,N,12207.084560,W,048.0,325.8,050620,,,A*40
$GPGGA,175311.00,3721.512729,N,12207.093643,W,7,,0.38,71.76,M,0.0,M,0.0,0000*5A
$GPRMC,175311.00,A,3721.512729,N,12207.093643,W,048.8,328.0,050620,,,A*40
$GPGGA,175312.00,3721.524405,N,12207.102212,W,7,,0.38,71.67,M,0.0,M,0.0,0000*58
$GPRMC,175312.00,A,3721.524405,N,12207.102212,W,048.8,330.1,050620,,,A*4A
$GPGGA,175313.00,3721.536640,N,12207.110605,W,7,,0.38,71.61,M,0.0,M,0.0,0000*5E
$GPRMC,175313.00,A,3721.536640,N,12207.110605,W,048.6,331.5,050620,,,A*41
$GPGGA,175314.00,3721.548424,N,12207.118315,W,7,,0.38,71.62,M,0.0,M,0.0,0000*5F
$GPRMC,175314.00,A,3721.548424,N,12207.118315,W,049.1,332.6,050620,,,A*45
$GPGGA,175315.00,3721.560688,N,12207.126062,W,7,,0.38,71.56,M,0.0,M,0.0,0000*59
$GPRMC,175315.00,A,3721.560688,N,12207.126062,W,049.6,333.3,050620,,,A*47
$GPGGA,175316.00,3721.573564,N,12207.133964,W,7,,0.38,71.15,M,0.0,M,0.0,0000*55
$GPRMC,175316.00,A,3721.573564,N,12207.133964,W,050.4,333.8,050620,,,A*4D
$GPGGA,175317.00,3721.586044,N,12207.141451,W,7,,0.38,70.74,M,0.0,M,0.0,0000*51
$GPRMC,175317.00,A,3721.586044,N,12207.141451,W,051.3,334.3,050620,,,A*45
$GPGGA,175318.00,3721.599075,N,12207.149132,W,7,,0.38,69.89,M,0.0,M,0.0,0000*50
$GPRMC,175318.00,A,3721.599075,N,12207.149132,W,052.1,334.7,050620,,,A*4B
$GPGGA,175319.00,3721.612300,N,12207.157004,W,7,,0.38,69.42,M,0.0,M,0.0,0000*5C
$GPRMC,175319.00,A,3721.612300,N,12207.157004,W,052.9,334.2,050620,,,A*4D
$GPGGA,175320.00,3721.625698,N,12207.165074,W,7,,0.38,68.71,M,0.0,M,0.0,0000*51
$GPRMC,175320.00,A,3721.625698,N,12207.165074,W,053.7,333.9,050620,,,A*42
$GPGGA,175321.00,3721.639336,N,12207.173342,W,7,,0.38,67.81,M,0.0,M,0.0,0000*5D
$GPRMC,175321.00,A,3721.639336,N,12207.173342,W,054.1,334.0,050620,,,A*41
$GPGGA,175322.00,3721.652811,N,12207.181592,W,7,,0.38,66.97,M,0.0,M,0.0,0000*5D
$GPRMC,175322.00,A,3721.652811,N,12207.181592,W,054.0,333.6,050620,,,A*47
$GPGGA,175323.00,3721.666281,N,12207.190004,W,7,,0.38,66.12,M,0.0,M,0.0,0000*5F
$GPRMC,175323.00,A,3721.666281,N,12207.190004,W,054.2,333.2,050620,,,A*4E
$GPGGA,175324.00,3721.680111,N,12207.198710,W,7,,0.38,66.18,M,0.0,M,0.0,0000*5A
$GPRMC,175324.00,A,3721.680111,N,12207.198710,W,054.1,333.3,050620,,,A*43
$GPGGA,175325.00,3721.693173,N,12207.207170,W,7,,0.38,65.20,M,0.0,M,0.0,0000*50
$GPRMC,175325.00,A,3721.693173,N,12207.207170,W,054.3,332.3,050620,,,A*42
$GPGGA,175326.00,3721.706542,N,12207.216428,W,7,,0.38,64.00,M,0.0,M,0.0,0000*53
$GPRMC,175326.00,A,3721.706542,N,12207.216428,W,055.3,330.1,050620,,,A*43
$GPGGA,175327.00,3721.719843,N,12207.226537,W,7,,0.39,62.92,M,0.0,M,0.0,0000*50
$GPRMC,175327.00,A,3721.719843,N,12207.226537,W,056.2,328.1,050620,,,A*47
$GPGGA,175328.00,3721.733236,N,12207.237481,W,7,,0.38,61.81,M,0.0,M,0.0,0000*53
$GPRMC,175328.00,A,3721.733236,N,12207.237481,W,057.3,325.6,050620,,,A*4E
$GPGGA,175329.00,3721.746315,N,12207.249188,W,7,,0.38,60.76,M,0.0,M,0.0,0000*5C
$GPRMC,175329.00,A,3721.746315,N,12207.249188,W,058.2,323.5,050620,,,A*43
$GPGGA,175330.00,3721.759047,N,12207.261853,W,7,,0.38,59.69,M,0.0,M,0.0,0000*5F
$GPRMC,175330.00,A,3721.759047,N,12207.261853,W,058.8,320.3,050620,,,A*4B
$GPGGA,175331.00,3721.771461,N,12207.275414,W,7,,0.38,58.83,M,0.0,M,0.0,0000*5B
$GPRMC,175331.00,A,3721.771461,N,12207.275414,W,059.3,318.2,050620,,,A*4A
$GPGGA,175332.00,3721.784020,N,12207.290252,W,7,,0.38,58.41,M,0.0,M,0.0,0000*52
$GPRMC,175332.00,A,3721.784020,N,12207.290252,W,059.9,315.9,050620,,,A*41
$GPGGA,175333.00,3721.795233,N,12207.304742,W,7,,0.38,58.11,M,0.0,M,0.0,0000*5E
$GPRMC,175333.00,A,3721.795233,N,12207.304742,W,060.2,313.3,050620,,,A*45
$GPGGA,175334.00,3721.806310,N,12207.320498,W,7,,0.38,57.98,M,0.0,M,0.0,0000*50
$GPRMC,175334.00,A,3721.806310,N,12207.320498,W,060.4,310.7,050620,,,A*44
$GPGGA,175335.00,3721.816924,N,12207.336902,W,7,,0.38,58.23,M,0.0,M,0.0,0000*5B
$GPRMC,175335.00,A,3721.816924,N,12207.336902,W,060.7,308.4,050620,,,A*49
$GPGGA,175336.00,3721.827009,N,12207.353978,W,7,,0.38,58.44,M,0.0,M,0.0,0000*53
$GPRMC,175336.00,A,3721.827009,N,12207.353978,W,060.4,305.6,050620,,,A*4C
$GPGGA,175337.00,3721.836484,N,12207.371953,W,7,,0.38,58.70,M,0.0,M,0.0,0000*5D
$GPRMC,175337.00,A,3721.836484,N,12207.371953,W,059.9,302.5,050620,,,A*46
$GPGGA,175338.00,3721.844764,N,12207.389083,W,7,,0.38,58.97,M,0.0,M,0.0,0000*50
$GPRMC,175338.00,A,3721.844764,N,12207.389083,W,059.3,300.7,050620,,,A*48
$GPGGA,175339.00,3721.852803,N,12207.407053,W,7,,0.38,59.15,M,0.0,M,0.0,0000*5F
$GPRMC,175339.00,A,3721.852803,N,12207.407053,W,058.6,298.7,050620,,,A*48
$GPGGA,175340.00,3721.860460,N,12207.425744,W,7,,0.38,59.32,M,0.0,M,0.0,0000*5D
$GPRMC,175340.00,A,3721.860460,N,12207.425744,W,058.5,296.3,050620,,,A*46
$GPGGA,175341.00,3721.867132,N,12207.444145,W,7,,0.38,59.52,M,0.0,M,0.0,0000*5F
$GPRMC,175341.00,A,3721.867132,N,12207.444145,W,058.0,293.7,050620,,,A*46
$GPGGA,175342.00,3721.872856,N,12207.462068,W,7,,0.38,59.60,M,0.0,M,0.0,0000*58
$GPRMC,175342.00,A,3721.872856,N,12207.462068,W,057.3,291.3,050620,,,A*4A
$GPGGA,175343.00,3721.878250,N,12207.480908,W,7,,0.38,59.84,M,0.0,M,0.0,0000*56
$GPRMC,175343.00,A,3721.878250,N,12207.480908,W,056.9,289.1,050620,,,A*4E
$GPGGA,175344.00,3721.882899,N,12207.499747,W,7,,0.38,60.12,M,0.0,M,0.0,0000*53
$GPRMC,175344.00,A,3721.882899,N,12207.499747,W,056.8,286.7,050620,,,A*46
$GPGGA,175345.00,3721.887046,N,12207.519379,W,7,,0.38,60.28,M,0.0,M,0.0,0000*54
$GPRMC,175345.00,A,3721.887046,N,12207.519379,W,056.6,284.2,050620,,,A*41
$GPGGA,175346.00,3721.890286,N,12207.537889,W,7,,0.38,60.59,M,0.0,M,0.0,0000*51
$GPRMC,175346.00,A,3721.890286,N,12207.537889,W,056.3,282.1,050620,,,A*42
$GPGGA,175347.00,3721.893142,N,12207.557270,W,7,,0.38,60.94,M,0.0,M,0.0,0000*53
$GPRMC,175347.00,A,3721.893142,N,12207.557270,W,056.2,280.1,050620,,,A*42
$GPGGA,175348.00,3721.895421,N,12207.577220,W,7,,0.38,61.30,M,0.0,M,0.0,0000*52
$GPRMC,175348.00,A,3721.895421,N,12207.577220,W,056.3,277.7,050620,,,A*43
$GPGGA,175349.00,3721.896909,N,12207.596599,W,7,,0.38,61.89,M,0.0,M,0.0,0000*5F
$GPRMC,175349.00,A,3721.896909,N,12207.596599,W,056.1,274.9,050620,,,A*43
$GPGGA,175350.00,3721.897827,N,12207.615619,W,7,,0.38,62.48,M,0.0,M,0.0,0000*56
$GPRMC,175350.00,A,3721.897827,N,12207.615619,W,056.1,273.3,050620,,,A*49
$GPGGA,175351.00,3721.898301,N,12207.635126,W,7,,0.38,63.06,M,0.0,M,0.0,0000*55
$GPRMC,175351.00,A,3721.898301,N,12207.635126,W,056.1,271.5,050620,,,A*45
$GPGGA,175352.00,3721.898589,N,12207.654632,W,7,,0.38,63.73,M,0.0,M,0.0,0000*57
$GPRMC,175352.00,A,3721.898589,N,12207.654632,W,056.1,270.6,050620,,,A*47
$GPGGA,175353.00,3721.898709,N,12207.674528,W,7,,0.38,64.39,M,0.0,M,0.0,0000*5F
$GPRMC,175353.00,A,3721.898709,N,12207.674528,W,055.2,270.5,050620,,,A*45
$GPGGA,175354.00,3721.898817,N,12207.692713,W,7,,0.38,65.22,M,0.0,M,0.0,0000*51
$GPRMC,175354.00,A,3721.898817,N,12207.692713,W,053.0,270.9,050620,,,A*48
$GPGGA,175355.00,3721.898908,N,12207.710509,W,7,,0.38,66.00,M,0.0,M,0.0,0000*5E
$GPRMC,175355.00,A,3721.898908,N,12207.710509,W,050.7,270.7,050620,,,A*4E
$GPGGA,175356.00,3721.899046,N,12207.728305,W,7,,0.38,66.63,M,0.0,M,0.0,0000*5B
$GPRMC,175356.00,A,3721.899046,N,12207.728305,W,049.2,271.0,050620,,,A*45
$GPGGA,175357.00,3721.899243,N,12207.744668,W,7,,0.38,67.29,M,0.0,M,0.0,0000*56
$GPRMC,175357.00,A,3721.899243,N,12207.744668,W,047.7,271.2,050620,,,A*4E
$GPGGA,175358.00,3721.899568,N,12207.760838,W,7,,0.38,67.63,M,0.0,M,0.0,0000*54
$GPRMC,175358.00,A,3721.899568,N,12207.760838,W,046.3,271.7,050620,,,A*42
$GPGGA,175359.00,3721.900252,N,12207.776659,W,7,,0.39,68.10,M,0.0,M,0.0,0000*5E
$GPRMC,175359.00,A,3721.900252,N,12207.776659,W,045.3,273.5,050620,,,A*41
$GPGGA,175400.00,3721.901373,N,12207.792199,W,7,,0.38,68.94,M,0.0,M,0.0,0000*5A
$GPRMC,175400.00,A,3721.901373,N,12207.792199,W,044.6,275.9,050620,,,A*46
$GPGGA,175401.00,3721.902975,N,12207.807397,W,7,,0.38,69.70,M,0.0,M,0.0,0000*50
$GPRMC,175401.00,A,3721.902975,N,12207.807397,W,043.5,278.0,050620,,,A*47
$GPGGA,175402.00,3721.904920,N,12207.822043,W,7,,0.38,70.36,M,0.0,M,0.0,0000*52
$GPRMC,175402.00,A,3721.904920,N,12207.822043,W,042.6,280.0,050620,,,A*4A
$GPGGA,175403.00,3721.907230,N,12207.836558,W,7,,0.38,71.07,M,0.0,M,0.0,0000*53
$GPRMC,175403.00,A,3721.907230,N,12207.836558,W,042.5,281.6,050620,,,A*4C
$GPGGA,175404.00,3721.909977,N,12207.851450,W,7,,0.38,71.85,M,0.0,M,0.0,0000*50
$GPRMC,175404.00,A,3721.909977,N,12207.851450,W,042.7,283.5,050620,,,A*46
$GPGGA,175405.00,3721.913121,N,12207.865429,W,7,,0.38,72.52,M,0.0,M,0.0,0000*51
$GPRMC,175405.00,A,3721.913121,N,12207.865429,W,042.7,286.2,050620,,,A*4C
$GPGGA,175406.00,3721.916805,N,12207.879590,W,7,,0.38,73.24,M,0.0,M,0.0,0000*56
$GPRMC,175406.00,A,3721.916805,N,12207.879590,W,042.8,288.3,050620,,,A*4B
$GPGGA,175407.00,3721.920754,N,12207.893755,W,7,,0.38,74.32,M,0.0,M,0.0,0000*56
$GPRMC,175407.00,A,3721.920754,N,12207.893755,W,043.3,289.6,050620,,,A*45
$GPGGA,175408.00,3721.924977,N,12207.908161,W,7,,0.38,75.23,M,0.0,M,0.0,0000*51
$GPRMC,175408.00,A,3721.924977,N,12207.908161,W,043.8,290.4,050620,,,A*42
$GPGGA,175409.00,3721.929286,N,12207.922556,W,7,,0.38,74.45,M,0.0,M,0.0,0000*51
$GPRMC,175409.00,A,3721.929286,N,12207.922556,W,044.4,290.6,050620,,,A*4A
$GPGGA,175410.00,3721.933623,N,12207.937076,W,7,,0.38,75.64,M,0.0,M,0.0,0000*58
$GPRMC,175410.00,A,3721.933623,N,12207.937076,W,044.7,290.3,050620,,,A*47
$GPGGA,175411.00,3721.937985,N,12207.951770,W,7,,0.38,76.61,M,0.0,M,0.0,0000*59
$GPRMC,175411.00,A,3721.937985,N,12207.951770,W,045.2,290.2,050620,,,A*45
$GPGGA,175412.00,3721.942570,N,12207.967268,W,7,,0.38,77.58,M,0.0,M,0.0,0000*5C
$GPRMC,175412.00,A,3721.942570,N,12207.967268,W,045.7,290.3,050620,,,A*4F
$GPGGA,175413.00,3721.946848,N,12207.981763,W,7,,0.38,78.44,M,0.0,M,0.0,0000*5B
$GPRMC,175413.00,A,3721.946848,N,12207.981763,W,046.1,290.5,050620,,,A*49
$GPGGA,175414.00,3721.951324,N,12207.996926,W,7,,0.38,79.31,M,0.0,M,0.0,0000*51
$GPRMC,175414.00,A,3721.951324,N,12207.996926,W,046.6,290.3,050620,,,A*41
$GPGGA,175415.00,3721.955907,N,12208.012171,W,7,,0.39,78.14,M,0.0,M,0.0,0000*58
$GPRMC,175415.00,A,3721.955907,N,12208.012171,W,047.0,290.6,050620,,,A*4D
$GPGGA,175416.00,3721.960636,N,12208.027634,W,7,,0.38,79.58,M,0.0,M,0.0,0000*58
$GPRMC,175416.00,A,3721.960636,N,12208.027634,W,047.3,291.0,050620,,,A*41
$GPGGA,175417.00,3721.965442,N,12208.043588,W,7,,0.38,80.89,M,0.0,M,0.0,0000*51
$GPRMC,175417.00,A,3721.965442,N,12208.043588,W,047.5,290.4,050620,,,A*41
$GPGGA,175418.00,3721.969906,N,12208.058677,W,7,,0.38,81.92,M,0.0,M,0.0,0000*5D
$GPRMC,175418.00,A,3721.969906,N,12208.058677,W,047.9,290.3,050620,,,A*4D
$GPGGA,175419.00,3721.974640,N,12208.074566,W,7,,0.38,82.94,M,0.0,M,0.0,0000*55
$GPRMC,175419.00,A,3721.974640,N,12208.074566,W,048.4,290.6,050620,,,A*47
$GPGGA,175420.00,3721.979541,N,12208.090819,W,7,,0.38,83.96,M,0.0,M,0.0,0000*5C
$GPRMC,175420.00,A,3721.979541,N,12208.090819,W,048.5,290.8,050620,,,A*42
$GPGGA,175421.00,3721.984270,N,12208.106594,W,7,,0.39,84.74,M,0.0,M,0.0,0000*56
$GPRMC,175421.00,A,3721.984270,N,12208.106594,W,048.5,290.6,050620,,,A*4C
$GPGGA,175422.00,3721.988824,N,12208.121851,W,7,,0.38,84.30,M,0.0,M,0.0,0000*52
$GPRMC,175422.00,A,3721.988824,N,12208.121851,W,048.3,290.4,050620,,,A*4D
$GPGGA,175423.00,3721.993593,N,12208.137721,W,7,,0.38,85.78,M,0.0,M,0.0,0000*5A
$GPRMC,175423.00,A,3721.993593,N,12208.137721,W,048.3,290.3,050620,,,A*4F
$GPGGA,175424.00,3721.998333,N,12208.153345,W,7,,0.38,86.81,M,0.0,M,0.0,0000*5B
$GPRMC,175424.00,A,3721.998333,N,12208.153345,W,048.1,290.7,050620,,,A*4D
$GPGGA,175425.00,3722.003164,N,12208.169498,W,7,,0.38,87.76,M,0.0,M,0.0,0000*55
$GPRMC,175425.00,A,3722.003164,N,12208.169498,W,048.0,290.4,050620,,,A*48
$GPGGA,175426.00,3722.007591,N,12208.184713,W,7,,0.38,88.64,M,0.0,M,0.0,0000*53
$GPRMC,175426.00,A,3722.007591,N,12208.184713,W,048.1,290.2,050620,,,A*45
$GPGGA,175427.00,3722.012332,N,12208.200517,W,7,,0.38,89.23,M,0.0,M,0.0,0000*52
$GPRMC,175427.00,A,3722.012332,N,12208.200517,W,048.2,290.9,050620,,,A*4E
$GPGGA,175428.00,3722.017407,N,12208.216664,W,7,,0.38,89.51,M,0.0,M,0.0,0000*5C
$GPRMC,175428.00,A,3722.017407,N,12208.216664,W,048.4,291.7,050620,,,A*4C
$GPGGA,175429.00,3722.022652,N,12208.232360,W,7,,0.38,90.10,M,0.0,M,0.0,0000*53
$GPRMC,175429.00,A,3722.022652,N,12208.232360,W,049.0,292.9,050620,,,A*46
$GPGGA,175430.00,3722.028202,N,12208.247665,W,7,,0.38,90.44,M,0.0,M,0.0,0000*53
$GPRMC,175430.00,A,3722.028202,N,12208.247665,W,049.8,294.6,050620,,,A*46
$GPGGA,175431.00,3722.034309,N,12208.263356,W,7,,0.38,90.66,M,0.0,M,0.0,0000*56
$GPRMC,175431.00,A,3722.034309,N,12208.263356,W,050.5,296.8,050620,,,A*4A
$GPGGA,175432.00,3722.041023,N,12208.279052,W,7,,0.38,91.08,M,0.0,M,0.0,0000*59
$GPRMC,175432.00,A,3722.041023,N,12208.279052,W,051.4,298.5,050620,,,A*4F
$GPGGA,175433.00,3722.048319,N,12208.295210,W,7,,0.38,91.29,M,0.0,M,0.0,0000*5E
$GPRMC,175433.00,A,3722.048319,N,12208.295210,W,052.0,300.1,050620,,,A*48
$GPGGA,175434.00,3722.055795,N,12208.310420,W,7,,0.38,91.64,M,0.0,M,0.0,0000*55
$GPRMC,175434.00,A,3722.055795,N,12208.310420,W,052.7,302.2,050620,,,A*4C
$GPGGA,175435.00,3722.063889,N,12208.325797,W,7,,0.38,91.86,M,0.0,M,0.0,0000*56
$GPRMC,175435.00,A,3722.063889,N,12208.325797,W,053.2,304.0,050620,,,A*43
$GPGGA,175436.00,3722.072763,N,12208.341463,W,7,,0.38,92.12,M,0.0,M,0.0,0000*5A
$GPRMC,175436.00,A,3722.072763,N,12208.341463,W,053.7,305.6,050620,,,A*43
$GPGGA,175437.00,3722.081697,N,12208.356512,W,7,,0.38,92.39,M,0.0,M,0.0,0000*55
$GPRMC,175437.00,A,3722.081697,N,12208.356512,W,054.0,307.1,050620,,,A*40
$GPGGA,175438.00,3722.090722,N,12208.370749,W,7,,0.38,92.71,M,0.0,M,0.0,0000*51
$GPRMC,175438.00,A,3722.090722,N,12208.370749,W,053.5,308.9,050620,,,A*4D
$GPGGA,175439.00,3722.100267,N,12208.384909,W,7,,0.38,92.90,M,0.0,M,0.0,0000*52
$GPRMC,175439.00,A,3722.100267,N,12208.384909,W,053.3,310.6,050620,,,A*41
$GPGGA,175440.00,3722.110143,N,12208.398781,W,7,,0.38,93.18,M,0.0,M,0.0,0000*5A
$GPRMC,175440.00,A,3722.110143,N,12208.398781,W,053.5,312.0,050620,,,A*4A
$GPGGA,175441.00,3722.120469,N,12208.412467,W,7,,0.38,93.45,M,0.0,M,0.0,0000*53
$GPRMC,175441.00,A,3722.120469,N,12208.412467,W,053.7,313.9,050620,,,A*41
$GPGGA,175442.00,3722.131059,N,12208.425590,W,7,,0.38,93.85,M,0.0,M,0.0,0000*56
$GPRMC,175442.00,A,3722.131059,N,12208.425590,W,053.6,316.0,050620,,,A*45
$GPGGA,175443.00,3722.141883,N,12208.438112,W,7,,0.38,93.91,M,0.0,M,0.0,0000*58
$GPRMC,175443.00,A,3722.141883,N,12208.438112,W,053.0,317.8,050620,,,A*41
$GPGGA,175444.00,3722.153224,N,12208.450471,W,7,,0.38,93.92,M,0.0,M,0.0,0000*56
$GPRMC,175444.00,A,3722.153224,N,12208.450471,W,052.3,319.5,050620,,,A*4D
$GPGGA,175445.00,3722.164168,N,12208.461631,W,7,,0.38,94.02,M,0.0,M,0.0,0000*52
$GPRMC,175445.00,A,3722.164168,N,12208.461631,W,052.0,321.3,050620,,,A*49
$GPGGA,175446.00,3722.175652,N,12208.472617,W,7,,0.38,93.99,M,0.0,M,0.0,0000*5C
$GPRMC,175446.00,A,3722.175652,N,12208.472617,W,052.2,322.9,050620,,,A*49
$GPGGA,175447.00,3722.187381,N,12208.483375,W,7,,0.38,94.14,M,0.0,M,0.0,0000*56
$GPRMC,175447.00,A,3722.187381,N,12208.483375,W,052.4,323.6,050620,,,A*49
$GPGGA,175448.00,3722.199273,N,12208.494217,W,7,,0.38,93.74,M,0.0,M,0.0,0000*58
$GPRMC,175448.00,A,3722.199273,N,12208.494217,W,052.5,323.8,050620,,,A*49
$GPGGA,175449.00,3722.211129,N,12208.504933,W,7,,0.38,93.49,M,0.0,M,0.0,0000*5D
$GPRMC,175449.00,A,3722.211129,N,12208.504933,W,052.7,324.1,050620,,,A*4E
$GPGGA,175450.00,3722.223165,N,12208.515668,W,7,,0.38,93.09,M,0.0,M,0.0,0000*59
$GPRMC,175450.00,A,3722.223165,N,12208.515668,W,053.3,324.5,050620,,,A*4F
$GPGGA,175451.00,3722.235328,N,12208.526545,W,7,,0.38,92.78,M,0.0,M,0.0,0000*5F
$GPRMC,175451.00,A,3722.235328,N,12208.526545,W,054.0,324.2,050620,,,A*4D
$GPGGA,175452.00,3722.248089,N,12208.538120,W,7,,0.38,92.46,M,0.0,M,0.0,0000*5B
$GPRMC,175452.00,A,3722.248089,N,12208.538120,W,054.7,324.0,050620,,,A*41
$GPGGA,175453.00,3722.260083,N,12208.549099,W,7,,0.38,92.13,M,0.0,M,0.0,0000*5F
$GPRMC,175453.00,A,3722.260083,N,12208.549099,W,055.5,323.8,050620,,,A*49
$GPGGA,175454.00,3722.272683,N,12208.560499,W,7,,0.38,91.70,M,0.0,M,0.0,0000*54
$GPRMC,175454.00,A,3722.272683,N,12208.560499,W,056.3,324.1,050620,,,A*4F
$GPGGA,175455.00,3722.285415,N,12208.572098,W,7,,0.38,91.18,M,0.0,M,0.0,0000*58
$GPRMC,175455.00,A,3722.285415,N,12208.572098,W,057.1,324.0,050620,,,A*4F
$GPGGA,175456.00,3722.298423,N,12208.583851,W,7,,0.38,90.95,M,0.0,M,0.0,0000*55
$GPRMC,175456.00,A,3722.298423,N,12208.583851,W,057.6,324.3,050620,,,A*42
$GPGGA,175457.00,3722.311707,N,12208.595815,W,7,,0.38,88.95,M,0.0,M,0.0,0000*5F
$GPRMC,175457.00,A,3722.311707,N,12208.595815,W,057.3,324.3,050620,,,A*44
$GPGGA,175458.00,3722.324242,N,12208.607072,W,7,,0.38,88.95,M,0.0,M,0.0,0000*53
$GPRMC,175458.00,A,3722.324242,N,12208.607072,W,057.6,324.1,050620,,,A*4F
$GPGGA,175459.00,3722.337112,N,12208.618778,W,7,,0.38,89.03,M,0.0,M,0.0,0000*5B
$GPRMC,175459.00,A,3722.337112,N,12208.618778,W,057.2,323.8,050620,,,A*43
$GPGGA,175500.00,3722.350461,N,12208.630850,W,7,,0.38,88.79,M,0.0,M,0.0,0000*55
$GPRMC,175500.00,A,3722.350461,N,12208.630850,W,056.9,324.0,050620,,,A*44
$GPGGA,175501.00,3722.363325,N,12208.642316,W,7,,0.38,88.51,M,0.0,M,0.0,0000*55
$GPRMC,175501.00,A,3722.363325,N,12208.642316,W,056.9,324.5,050620,,,A*4B
$GPGGA,175502.00,3722.375727,N,12208.653391,W,7,,0.38,88.12,M,0.0,M,0.0,0000*5F
$GPRMC,175502.00,A,3722.375727,N,12208.653391,W,056.5,324.5,050620,,,A*4A
$GPGGA,175503.00,3722.388592,N,12208.664857,W,7,,0.38,87.54,M,0.0,M,0.0,0000*58
$GPRMC,175503.00,A,3722.388592,N,12208.664857,W,056.2,324.4,050620,,,A*46
$GPGGA,175504.00,3722.401294,N,12208.676024,W,7,,0.38,86.71,M,0.0,M,0.0,0000*51
$GPRMC,175504.00,A,3722.401294,N,12208.676024,W,055.9,324.8,050620,,,A*4D
$GPGGA,175505.00,3722.414253,N,12208.687586,W,7,,0.38,85.81,M,0.0,M,0.0,0000*50
$GPRMC,175505.00,A,3722.414253,N,12208.687586,W,055.5,324.6,050620,,,A*42
$GPGGA,175506.00,3722.426325,N,12208.698565,W,7,,0.38,85.37,M,0.0,M,0.0,0000*5C
$GPRMC,175506.00,A,3722.426325,N,12208.698565,W,055.4,324.3,050620,,,A*47
$GPGGA,175507.00,3722.438745,N,12208.710037,W,7,,0.38,84.45,M,0.0,M,0.0,0000*57
$GPRMC,175507.00,A,3722.438745,N,12208.710037,W,055.0,323.5,050620,,,A*4D
$GPGGA,175508.00,3722.451304,N,12208.721899,W,7,,0.38,83.42,M,0.0,M,0.0,0000*58
$GPRMC,175508.00,A,3722.451304,N,12208.721899,W,054.8,322.9,050620,,,A*46
$GPGGA,175509.00,3722.463280,N,12208.733545,W,7,,0.38,82.39,M,0.0,M,0.0,0000*57
$GPRMC,175509.00,A,3722.463280,N,12208.733545,W,054.6,322.3,050620,,,A*40
$GPGGA,175510.00,3722.474758,N,12208.744897,W,7,,0.38,81.29,M,0.0,M,0.0,0000*59
$GPRMC,175510.00,A,3722.474758,N,12208.744897,W,054.4,321.5,050620,,,A*4B
$GPGGA,175511.00,3722.486631,N,12208.756987,W,7,,0.38,80.05,M,0.0,M,0.0,0000*57
$GPRMC,175511.00,A,3722.486631,N,12208.756987,W,054.7,320.5,050620,,,A*48
$GPGGA,175512.00,3722.498271,N,12208.769192,W,7,,0.38,78.95,M,0.0,M,0.0,0000*55
$GPRMC,175512.00,A,3722.498271,N,12208.769192,W,054.8,319.8,050620,,,A*4C
$GPGGA,175513.00,3722.510175,N,12208.782079,W,7,,0.38,78.06,M,0.0,M,0.0,0000*59
$GPRMC,175513.00,A,3722.510175,N,12208.782079,W,055.0,318.8,050620,,,A*42
$GPGGA,175514.00,3722.521348,N,12208.794494,W,7,,0.38,76.88,M,0.0,M,0.0,0000*58
$GPRMC,175514.00,A,3722.521348,N,12208.794494,W,055.0,318.2,050620,,,A*41
$GPGGA,175515.00,3722.532694,N,12208.807237,W,7,,0.38,75.52,M,0.0,M,0.0,0000*51
$GPRMC,175515.00,A,3722.532694,N,12208.807237,W,055.0,317.9,050620,,,A*48
$GPGGA,175516.00,3722.544448,N,12208.820450,W,7,,0.38,74.14,M,0.0,M,0.0,0000*51
$GPRMC,175516.00,A,3722.544448,N,12208.820450,W,055.1,318.0,050620,,,A*4C
$GPGGA,175517.00,3722.555811,N,12208.833307,W,7,,0.38,72.95,M,0.0,M,0.0,0000*58
$GPRMC,175517.00,A,3722.555811,N,12208.833307,W,055.2,317.9,050620,,,A*4F
$GPGGA,175518.00,3722.566888,N,12208.845908,W,7,,0.38,71.84,M,0.0,M,0.0,0000*50
$GPRMC,175518.00,A,3722.566888,N,12208.845908,W,055.1,318.0,050620,,,A*41
$GPGGA,175519.00,3722.578234,N,12208.858724,W,7,,0.38,70.68,M,0.0,M,0.0,0000*5C
$GPRMC,175519.00,A,3722.578234,N,12208.858724,W,055.0,317.9,050620,,,A*49
$GPGGA,175520.00,3722.589574,N,12208.871569,W,7,,0.38,69.41,M,0.0,M,0.0,0000*58
$GPRMC,175520.00,A,3722.589574,N,12208.871569,W,055.0,317.7,050620,,,A*40
$GPGGA,175521.00,3722.601310,N,12208.884878,W,7,,0.38,68.36,M,0.0,M,0.0,0000*58
$GPRMC,175521.00,A,3722.601310,N,12208.884878,W,055.4,317.8,050620,,,A*4A
$GPGGA,175522.00,3722.612571,N,12208.897681,W,7,,0.38,67.28,M,0.0,M,0.0,0000*52
$GPRMC,175522.00,A,3722.612571,N,12208.897681,W,056.1,317.9,050620,,,A*47
$GPGGA,175523.00,3722.624097,N,12208.910786,W,7,,0.38,66.15,M,0.0,M,0.0,0000*5C
$GPRMC,175523.00,A,3722.624097,N,12208.910786,W,056.2,318.1,050620,,,A*42
$GPGGA,175524.00,3722.636008,N,12208.924261,W,7,,0.38,65.17,M,0.0,M,0.0,0000*54
$GPRMC,175524.00,A,3722.636008,N,12208.924261,W,056.0,317.9,050620,,,A*4E
$GPGGA,175525.00,3722.647318,N,12208.937054,W,7,,0.38,64.16,M,0.0,M,0.0,0000*57
$GPRMC,175525.00,A,3722.647318,N,12208.937054,W,056.0,318.2,050620,,,A*49
$GPGGA,175526.00,3722.659083,N,12208.949738,W,7,,0.38,63.35,M,0.0,M,0.0,0000*58
$GPRMC,175526.00,A,3722.659083,N,12208.949738,W,055.9,319.6,050620,,,A*4F
$GPGGA,175527.00,3722.671006,N,12208.962044,W,7,,0.38,63.00,M,0.0,M,0.0,0000*5D
$GPRMC,175527.00,A,3722.671006,N,12208.962044,W,055.7,321.4,050620,,,A*4B
$GPGGA,175528.00,3722.683222,N,12208.973804,W,7,,0.38,62.69,M,0.0,M,0.0,0000*59
$GPRMC,175528.00,A,3722.683222,N,12208.973804,W,055.4,322.7,050620,,,A*42
$GPGGA,175529.00,3722.695732,N,12208.985108,W,7,,0.38,62.51,M,0.0,M,0.0,0000*5C
$GPRMC,175529.00,A,3722.695732,N,12208.985108,W,054.7,324.6,050620,,,A*49
$GPGGA,175530.00,3722.708392,N,12208.995638,W,7,,0.38,62.54,M,0.0,M,0.0,0000*5F
$GPRMC,175530.00,A,3722.708392,N,12208.995638,W,054.6,326.7,050620,,,A*4D
$GPGGA,175531.00,3722.721147,N,12209.005658,W,7,,0.38,62.75,M,0.0,M,0.0,0000*5B
$GPRMC,175531.00,A,3722.721147,N,12209.005658,W,054.0,328.5,050620,,,A*40
$GPGGA,175532.00,3722.734455,N,12209.015407,W,7,,0.38,63.04,M,0.0,M,0.0,0000*54
$GPRMC,175532.00,A,3722.734455,N,12209.015407,W,053.1,330.1,050620,,,A*43
$GPGGA,175533.00,3722.746971,N,12209.023988,W,7,,0.38,62.98,M,0.0,M,0.0,0000*50
$GPRMC,175533.00,A,3722.746971,N,12209.023988,W,053.0,331.6,050620,,,A*44
$GPGGA,175534.00,3722.760190,N,12209.032388,W,7,,0.38,62.85,M,0.0,M,0.0,0000*52
$GPRMC,175534.00,A,3722.760190,N,12209.032388,W,053.5,333.6,050620,,,A*4D
$GPGGA,175535.00,3722.773749,N,12209.040325,W,7,,0.38,62.64,M,0.0,M,0.0,0000*5E
$GPRMC,175535.00,A,3722.773749,N,12209.040325,W,054.0,335.5,050620,,,A*49
$GPGGA,175536.00,3722.787681,N,12209.047831,W,7,,0.38,68.87,M,0.0,M,0.0,0000*5D
$GPRMC,175536.00,A,3722.787681,N,12209.047831,W,054.1,337.3,050620,,,A*48
$GPGGA,175537.00,3722.801577,N,12209.054720,W,7,,0.38,66.26,M,0.0,M,0.0,0000*5F
$GPRMC,175537.00,A,3722.801577,N,12209.054720,W,053.8,338.8,050620,,,A*45
$GPGGA,175538.00,3722.815642,N,12209.061121,W,7,,0.38,64.54,M,0.0,M,0.0,0000*56
$GPRMC,175538.00,A,3722.815642,N,12209.061121,W,053.8,340.6,050620,,,A*4A
$GPGGA,175539.00,3722.829844,N,12209.066846,W,7,,0.38,63.25,M,0.0,M,0.0,0000*5E
$GPRMC,175539.00,A,3722.829844,N,12209.066846,W,053.7,342.6,050620,,,A*4E
$GPGGA,175540.00,3722.844760,N,12209.072335,W,7,,0.38,62.09,M,0.0,M,0.0,0000*57
$GPRMC,175540.00,A,3722.844760,N,12209.072335,W,053.7,344.1,050620,,,A*49
$GPGGA,175541.00,3722.858764,N,12209.076871,W,7,,0.38,61.18,M,0.0,M,0.0,0000*53
$GPRMC,175541.00,A,3722.858764,N,12209.076871,W,053.9,346.1,050620,,,A*42
$GPGGA,175542.00,3722.873470,N,12209.080927,W,7,,0.38,60.12,M,0.0,M,0.0,0000*5F
$GPRMC,175542.00,A,3722.873470,N,12209.080927,W,054.4,347.9,050620,,,A*46
$GPGGA,175543.00,3722.888356,N,12209.084575,W,7,,0.38,59.27,M,0.0,M,0.0,0000*5A
$GPRMC,175543.00,A,3722.888356,N,12209.084575,W,054.6,349.2,050620,,,A*48
$GPGGA,175544.00,3722.903566,N,12209.087954,W,7,,0.38,58.05,M,0.0,M,0.0,0000*57
$GPRMC,175544.00,A,3722.903566,N,12209.087954,W,055.2,350.1,050620,,,A*4A
$GPGGA,175545.00,3722.919279,N,12209.091391,W,7,,0.38,57.23,M,0.0,M,0.0,0000*5B
$GPRMC,175545.00,A,3722.919279,N,12209.091391,W,055.9,349.7,050620,,,A*48
$GPGGA,175546.00,3722.934250,N,12209.094625,W,7,,0.38,56.23,M,0.0,M,0.0,0000*52
$GPRMC,175546.00,A,3722.934250,N,12209.094625,W,056.6,349.7,050620,,,A*4C
$GPGGA,175547.00,3722.949849,N,12209.098099,W,7,,0.38,55.23,M,0.0,M,0.0,0000*55
$GPRMC,175547.00,A,3722.949849,N,12209.098099,W,056.6,349.8,050620,,,A*47
$GPGGA,175548.00,3722.965876,N,12209.101447,W,7,,0.39,54.37,M,0.0,M,0.0,0000*5B
$GPRMC,175548.00,A,3722.965876,N,12209.101447,W,056.9,350.4,050620,,,A*47
$GPGGA,175549.00,3722.981020,N,12209.104658,W,7,,0.38,53.46,M,0.0,M,0.0,0000*52
$GPRMC,175549.00,A,3722.981020,N,12209.104658,W,057.3,350.5,050620,,,A*44
$GPGGA,175550.00,3722.996734,N,12209.107909,W,7,,0.38,52.74,M,0.0,M,0.0,0000*56
$GPRMC,175550.00,A,3722.996734,N,12209.107909,W,057.5,350.6,050620,,,A*45
$GPGGA,175551.00,3723.012549,N,12209.111222,W,7,,0.38,52.03,M,0.0,M,0.0,0000*5E
$GPRMC,175551.00,A,3723.012549,N,12209.111222,W,057.2,350.5,050620,,,A*49
$GPGGA,175552.00,3723.028053,N,12209.114473,W,7,,0.38,51.38,M,0.0,M,0.0,0000*56
$GPRMC,175552.00,A,3723.028053,N,12209.114473,W,056.5,350.2,050620,,,A*4B
$GPGGA,175553.00,3723.043851,N,12209.118158,W,7,,0.38,50.71,M,0.0,M,0.0,0000*5C
$GPRMC,175553.00,A,3723.043851,N,12209.118158,W,055.8,348.9,050620,,,A*41
$GPGGA,175554.00,3723.058312,N,12209.122129,W,7,,0.38,50.23,M,0.0,M,0.0,0000*55
$GPRMC,175554.00,A,3723.058312,N,12209.122129,W,054.8,347.0,050620,,,A*48
$GPGGA,175555.00,3723.072988,N,12209.126809,W,7,,0.38,49.52,M,0.0,M,0.0,0000*54
$GPRMC,175555.00,A,3723.072988,N,12209.126809,W,053.8,345.1,050620,,,A*43
$GPGGA,175556.00,3723.087627,N,12209.132125,W,7,,0.38,49.14,M,0.0,M,0.0,0000*57
$GPRMC,175556.00,A,3723.087627,N,12209.132125,W,053.0,343.6,050620,,,A*4B
$GPGGA,175557.00,3723.101499,N,12209.138078,W,7,,0.38,48.93,M,0.0,M,0.0,0000*53
$GPRMC,175557.00,A,3723.101499,N,12209.138078,W,052.8,340.3,050620,,,A*4E
$GPGGA,175558.00,3723.114862,N,12209.144804,W,7,,0.38,48.64,M,0.0,M,0.0,0000*50
$GPRMC,175558.00,A,3723.114862,N,12209.144804,W,053.2,337.3,050620,,,A*4E
$GPGGA,175559.00,3723.128385,N,12209.152537,W,7,,0.38,48.48,M,0.0,M,0.0,0000*58
$GPRMC,175559.00,A,3723.128385,N,12209.152537,W,053.8,334.8,050620,,,A*4A
$GPGGA,175600.00,3723.141801,N,12209.161028,W,7,,0.38,48.67,M,0.0,M,0.0,0000*59
$GPRMC,175600.00,A,3723.141801,N,12209.161028,W,054.3,332.9,050620,,,A*4D
$GPGGA,175601.00,3723.155332,N,12209.170622,W,7,,0.38,49.04,M,0.0,M,0.0,0000*5E
$GPRMC,175601.00,A,3723.155332,N,12209.170622,W,054.4,329.8,050620,,,A*42
$GPGGA,175602.00,3723.167709,N,12209.180390,W,7,,0.39,49.47,M,0.0,M,0.0,0000*55
$GPRMC,175602.00,A,3723.167709,N,12209.180390,W,053.7,327.3,050620,,,A*4E
$GPGGA,175603.00,3723.179895,N,12209.190746,W,7,,0.38,49.98,M,0.0,M,0.0,0000*5C
$GPRMC,175603.00,A,3723.179895,N,12209.190746,W,052.8,325.2,050620,,,A*49
$GPGGA,175604.00,3723.191781,N,12209.201990,W,7,,0.38,50.94,M,0.0,M,0.0,0000*5D
$GPRMC,175604.00,A,3723.191781,N,12209.201990,W,051.6,322.5,050620,,,A*41
$GPGGA,175605.00,3723.202684,N,12209.213239,W,7,,0.38,51.39,M,0.0,M,0.0,0000*5C
$GPRMC,175605.00,A,3723.202684,N,12209.213239,W,050.9,320.2,050620,,,A*4D
$GPGGA,175606.00,3723.212913,N,12209.224724,W,7,,0.38,52.13,M,0.0,M,0.0,0000*59
$GPRMC,175606.00,A,3723.212913,N,12209.224724,W,050.6,318.0,050620,,,A*45
$GPGGA,175607.00,3723.223053,N,12209.236867,W,7,,0.38,52.93,M,0.0,M,0.0,0000*54
$GPRMC,175607.00,A,3723.223053,N,12209.236867,W,050.4,315.5,050620,,,A*4A
$GPGGA,175608.00,3723.232719,N,12209.249449,W,7,,0.38,53.70,M,0.0,M,0.0,0000*56
$GPRMC,175608.00,A,3723.232719,N,12209.249449,W,050.2,313.5,050620,,,A*44
$GPGGA,175609.00,3723.242067,N,12209.262596,W,7,,0.38,54.50,M,0.0,M,0.0,0000*51
$GPRMC,175609.00,A,3723.242067,N,12209.262596,W,050.1,311.1,050620,,,A*43
$GPGGA,175610.00,3723.250792,N,12209.276114,W,7,,0.38,55.28,M,0.0,M,0.0,0000*52
$GPRMC,175610.00,A,3723.250792,N,12209.276114,W,050.0,308.6,050620,,,A*40
$GPGGA,175611.00,3723.259012,N,12209.290165,W,7,,0.38,56.04,M,0.0,M,0.0,0000*56
$GPRMC,175611.00,A,3723.259012,N,12209.290165,W,050.0,305.6,050620,,,A*44
$GPGGA,175612.00,3723.266818,N,12209.305154,W,7,,0.38,56.82,M,0.0,M,0.0,0000*5A
$GPRMC,175612.00,A,3723.266818,N,12209.305154,W,049.9,302.2,050620,,,A*44
$GPGGA,175613.00,3723.273621,N,12209.319835,W,7,,0.38,57.33,M,0.0,M,0.0,0000*53
$GPRMC,175613.00,A,3723.273621,N,12209.319835,W,050.0,299.6,050620,,,A*40
$GPGGA,175614.00,3723.280246,N,12209.335237,W,7,,0.38,57.86,M,0.0,M,0.0,0000*55
$GPRMC,175614.00,A,3723.280246,N,12209.335237,W,050.5,297.9,050620,,,A*4C
$GPGGA,175615.00,3723.286582,N,12209.351054,W,7,,0.38,58.43,M,0.0,M,0.0,0000*5E
$GPRMC,175615.00,A,3723.286582,N,12209.351054,W,050.9,296.2,050620,,,A*47
$GPGGA,175616.00,3723.292485,N,12209.367235,W,7,,0.38,58.81,M,0.0,M,0.0,0000*50
$GPRMC,175616.00,A,3723.292485,N,12209.367235,W,051.3,294.0,050620,,,A*4C
$GPGGA,175617.00,3723.298029,N,12209.383988,W,7,,0.38,59.08,M,0.0,M,0.0,0000*5E
$GPRMC,175617.00,A,3723.298029,N,12209.383988,W,051.7,292.1,050620,,,A*41
$GPGGA,175618.00,3723.303063,N,12209.400932,W,7,,0.38,59.45,M,0.0,M,0.0,0000*58
$GPRMC,175618.00,A,3723.303063,N,12209.400932,W,052.1,289.8,050620,,,A*48
$GPGGA,175619.00,3723.307581,N,12209.418338,W,7,,0.38,59.65,M,0.0,M,0.0,0000*5F
$GPRMC,175619.00,A,3723.307581,N,12209.418338,W,052.8,287.4,050620,,,A*46
$GPGGA,175620.00,3723.311758,N,12209.436908,W,7,,0.38,59.81,M,0.0,M,0.0,0000*5B
$GPRMC,175620.00,A,3723.311758,N,12209.436908,W,053.5,285.1,050620,,,A*43
$GPGGA,175621.00,3723.315021,N,12209.454506,W,7,,0.38,59.81,M,0.0,M,0.0,0000*51
$GPRMC,175621.00,A,3723.315021,N,12209.454506,W,053.9,282.3,050620,,,A*40
$GPGGA,175622.00,3723.317926,N,12209.472967,W,7,,0.38,59.49,M,0.0,M,0.0,0000*55
$GPRMC,175622.00,A,3723.317926,N,12209.472967,W,054.2,280.5,050620,,,A*48
$GPGGA,175623.00,3723.320595,N,12209.491688,W,7,,0.38,59.00,M,0.0,M,0.0,0000*5A
$GPRMC,175623.00,A,3723.320595,N,12209.491688,W,055.0,280.1,050620,,,A*4D
$GPGGA,175624.00,3723.323259,N,12209.510785,W,7,,0.38,58.64,M,0.0,M,0.0,0000*5E
$GPRMC,175624.00,A,3723.323259,N,12209.510785,W,055.5,279.7,050620,,,A*4F
$GPGGA,175625.00,3723.325887,N,12209.529913,W,7,,0.38,60.75,M,0.0,M,0.0,0000*50
$GPRMC,175625.00,A,3723.325887,N,12209.529913,W,056.0,280.1,050620,,,A*4C
$GPGGA,175626.00,3723.328642,N,12209.549222,W,7,,0.38,59.45,M,0.0,M,0.0,0000*5F
$GPRMC,175626.00,A,3723.328642,N,12209.549222,W,056.5,280.0,050620,,,A*4E
$GPGGA,175627.00,3723.331401,N,12209.568715,W,7,,0.38,58.36,M,0.0,M,0.0,0000*54
$GPRMC,175627.00,A,3723.331401,N,12209.568715,W,057.1,280.0,050620,,,A*45
$GPGGA,175628.00,3723.334342,N,12209.589278,W,7,,0.38,57.29,M,0.0,M,0.0,0000*5E
$GPRMC,175628.00,A,3723.334342,N,12209.589278,W,057.8,280.0,050620,,,A*47
$GPGGA,175629.00,3723.337078,N,12209.608598,W,7,,0.38,56.28,M,0.0,M,0.0,0000*55
$GPRMC,175629.00,A,3723.337078,N,12209.608598,W,058.5,280.2,050620,,,A*4C
$GPGGA,175630.00,3723.339897,N,12209.628572,W,7,,0.38,55.15,M,0.0,M,0.0,0000*51
$GPRMC,175630.00,A,3723.339897,N,12209.628572,W,058.4,279.9,050620,,,A*49
$GPGGA,175631.00,3723.342825,N,12209.648875,W,7,,0.38,53.92,M,0.0,M,0.0,0000*50
$GPRMC,175631.00,A,3723.342825,N,12209.648875,W,058.9,280.6,050620,,,A*45
$GPGGA,175632.00,3723.346192,N,12209.669162,W,7,,0.38,53.00,M,0.0,M,0.0,0000*55
$GPRMC,175632.00,A,3723.346192,N,12209.669162,W,059.8,282.8,050620,,,A*47
$GPGGA,175633.00,3723.350595,N,12209.690065,W,7,,0.38,52.03,M,0.0,M,0.0,0000*52
$GPRMC,175633.00,A,3723.350595,N,12209.690065,W,060.5,286.0,050620,,,A*49
$GPGGA,175634.00,3723.355570,N,12209.709451,W,7,,0.38,51.00,M,0.0,M,0.0,0000*59
$GPRMC,175634.00,A,3723.355570,N,12209.709451,W,060.5,288.8,050620,,,A*44
$GPGGA,175635.00,3723.361383,N,12209.729329,W,7,,0.38,49.86,M,0.0,M,0.0,0000*58
$GPRMC,175635.00,A,3723.361383,N,12209.729329,W,060.2,290.6,050620,,,A*42
$GPGGA,175636.00,3723.367948,N,12209.749279,W,7,,0.38,48.86,M,0.0,M,0.0,0000*53
$GPRMC,175636.00,A,3723.367948,N,12209.749279,W,059.9,293.0,050620,,,A*4C
$GPGGA,175637.00,3723.374919,N,12209.768090,W,7,,0.38,47.90,M,0.0,M,0.0,0000*5A
$GPRMC,175637.00,A,3723.374919,N,12209.768090,W,059.6,295.5,050620,,,A*41
$GPGGA,175638.00,3723.382155,N,12209.785873,W,7,,0.38,47.01,M,0.0,M,0.0,0000*52
$GPRMC,175638.00,A,3723.382155,N,12209.785873,W,059.3,297.4,050620,,,A*47
$GPGGA,175639.00,3723.390171,N,12209.804245,W,7,,0.38,46.04,M,0.0,M,0.0,0000*5B
$GPRMC,175639.00,A,3723.390171,N,12209.804245,W,059.7,299.2,050620,,,A*46
$GPGGA,175640.00,3723.398722,N,12209.822227,W,7,,0.38,45.09,M,0.0,M,0.0,0000*53
$GPRMC,175640.00,A,3723.398722,N,12209.822227,W,060.4,301.4,050620,,,A*4F
$GPGGA,175641.00,3723.408195,N,12209.840618,W,7,,0.38,43.92,M,0.0,M,0.0,0000*5E
$GPRMC,175641.00,A,3723.408195,N,12209.840618,W,061.2,303.8,050620,,,A*4F
$GPGGA,175642.00,3723.417994,N,12209.857615,W,7,,0.38,47.10,M,0.0,M,0.0,0000*5F
$GPRMC,175642.00,A,3723.417994,N,12209.857615,W,061.9,306.5,050620,,,A*43
$GPGGA,175643.00,3723.428445,N,12209.874859,W,7,,0.38,44.98,M,0.0,M,0.0,0000*57
$GPRMC,175643.00,A,3723.428445,N,12209.874859,W,062.4,307.4,050620,,,A*46
$GPGGA,175644.00,3723.439431,N,12209.892692,W,7,,0.38,43.69,M,0.0,M,0.0,0000*5B
$GPRMC,175644.00,A,3723.439431,N,12209.892692,W,062.9,307.7,050620,,,A*4D
$GPGGA,175645.00,3723.450124,N,12209.910109,W,7,,0.38,42.86,M,0.0,M,0.0,0000*5A
$GPRMC,175645.00,A,3723.450124,N,12209.910109,W,063.3,307.4,050620,,,A*44
$GPGGA,175646.00,3723.460570,N,12209.927234,W,7,,0.38,42.49,M,0.0,M,0.0,0000*55
$GPRMC,175646.00,A,3723.460570,N,12209.927234,W,063.2,307.4,050620,,,A*49
$GPGGA,175647.00,3723.470973,N,12209.944838,W,7,,0.38,42.49,M,0.0,M,0.0,0000*59
$GPRMC,175647.00,A,3723.470973,N,12209.944838,W,063.0,305.8,050620,,,A*49
$GPGGA,175648.00,3723.480675,N,12209.963017,W,7,,0.38,42.57,M,0.0,M,0.0,0000*5F
$GPRMC,175648.00,A,3723.480675,N,12209.963017,W,062.8,302.6,050620,,,A*40
$GPGGA,175649.00,3723.489879,N,12209.982277,W,7,,0.38,42.99,M,0.0,M,0.0,0000*5C
$GPRMC,175649.00,A,3723.489879,N,12209.982277,W,062.2,299.9,050620,,,A*47
$GPGGA,175650.00,3723.497710,N,12210.000710,W,7,,0.38,43.38,M,0.0,M,0.0,0000*5E
$GPRMC,175650.00,A,3723.497710,N,12210.000710,W,061.0,297.2,050620,,,A*4B
$GPGGA,175651.00,3723.504843,N,12210.019585,W,7,,0.38,44.23,M,0.0,M,0.0,0000*56
$GPRMC,175651.00,A,3723.504843,N,12210.019585,W,059.8,294.5,050620,,,A*49
$GPGGA,175652.00,3723.511323,N,12210.039163,W,7,,0.38,45.16,M,0.0,M,0.0,0000*55
$GPRMC,175652.00,A,3723.511323,N,12210.039163,W,058.8,291.8,050620,,,A*44
$GPGGA,175653.00,3723.516693,N,12210.058135,W,7,,0.38,46.03,M,0.0,M,0.0,0000*5E
$GPRMC,175653.00,A,3723.516693,N,12210.058135,W,057.6,288.9,050620,,,A*40
$GPGGA,175654.00,3723.521103,N,12210.076610,W,7,,0.38,46.94,M,0.0,M,0.0,0000*51
$GPRMC,175654.00,A,3723.521103,N,12210.076610,W,056.5,286.2,050620,,,A*46
$GPGGA,175655.00,3723.524890,N,12210.095575,W,7,,0.38,47.85,M,0.0,M,0.0,0000*5A
$GPRMC,175655.00,A,3723.524890,N,12210.095575,W,056.2,283.4,050620,,,A*48
$GPGGA,175656.00,3723.527931,N,12210.114679,W,7,,0.38,48.65,M,0.0,M,0.0,0000*56
$GPRMC,175656.00,A,3723.527931,N,12210.114679,W,056.0,280.7,050620,,,A*47
$GPGGA,175657.00,3723.530223,N,12210.133964,W,7,,0.38,49.52,M,0.0,M,0.0,0000*5A
$GPRMC,175657.00,A,3723.530223,N,12210.133964,W,055.3,277.9,050620,,,A*48
$GPGGA,175658.00,3723.531897,N,12210.152965,W,7,,0.38,50.28,M,0.0,M,0.0,0000*52
$GPRMC,175658.00,A,3723.531897,N,12210.152965,W,054.8,275.9,050620,,,A*4D
$GPGGA,175659.00,3723.533206,N,12210.171853,W,7,,0.38,51.01,M,0.0,M,0.0,0000*5C
$GPRMC,175659.00,A,3723.533206,N,12210.171853,W,054.4,274.8,050620,,,A*45
$GPGGA,175700.00,3723.534472,N,12210.191011,W,7,,0.38,51.63,M,0.0,M,0.0,0000*57
$GPRMC,175700.00,A,3723.534472,N,12210.191011,W,053.3,274.9,050620,,,A*4B
$GPGGA,175701.00,3723.535587,N,12210.208856,W,7,,0.38,52.31,M,0.0,M,0.0,0000*50
$GPRMC,175701.00,A,3723.535587,N,12210.208856,W,052.6,274.5,050620,,,A*40
$GPGGA,175702.00,3723.536751,N,12210.227017,W,7,,0.38,53.25,M,0.0,M,0.0,0000*5D
$GPRMC,175702.00,A,3723.536751,N,12210.227017,W,052.4,274.6,050620,,,A*48
$GPGGA,175703.00,3723.537891,N,12210.245119,W,7,,0.38,54.13,M,0.0,M,0.0,0000*57
$GPRMC,175703.00,A,3723.537891,N,12210.245119,W,052.1,274.5,050620,,,A*46
$GPGGA,175704.00,3723.539068,N,12210.263318,W,7,,0.38,55.05,M,0.0,M,0.0,0000*51
$GPRMC,175704.00,A,3723.539068,N,12210.263318,W,051.9,274.8,050620,,,A*40
$GPGGA,175705.00,3723.540405,N,12210.281281,W,7,,0.38,55.76,M,0.0,M,0.0,0000*58
$GPRMC,175705.00,A,3723.540405,N,12210.281281,W,051.9,275.4,050620,,,A*40
$GPGGA,175706.00,3723.541996,N,12210.299101,W,7,,0.38,56.59,M,0.0,M,0.0,0000*51
$GPRMC,175706.00,A,3723.541996,N,12210.299101,W,051.7,276.8,050620,,,A*46
$GPGGA,175707.00,3723.544072,N,12210.316874,W,7,,0.38,57.62,M,0.0,M,0.0,0000*52
$GPRMC,175707.00,A,3723.544072,N,12210.316874,W,051.6,278.8,050620,,,A*43
$GPGGA,175708.00,3723.546700,N,12210.335186,W,7,,0.38,58.57,M,0.0,M,0.0,0000*51
$GPRMC,175708.00,A,3723.546700,N,12210.335186,W,051.3,280.9,050620,,,A*4A
$GPGGA,175709.00,3723.549639,N,12210.352022,W,7,,0.38,59.56,M,0.0,M,0.0,0000*5A
$GPRMC,175709.00,A,3723.549639,N,12210.352022,W,051.2,282.7,050620,,,A*4C
$GPGGA,175710.00,3723.553143,N,12210.369200,W,7,,0.38,60.60,M,0.0,M,0.0,0000*56
$GPRMC,175710.00,A,3723.553143,N,12210.369200,W,050.9,285.0,050620,,,A*45
$GPGGA,175711.00,3723.557140,N,12210.386162,W,7,,0.38,61.55,M,0.0,M,0.0,0000*51
$GPRMC,175711.00,A,3723.557140,N,12210.386162,W,051.0,286.9,050620,,,A*47
$GPGGA,175712.00,3723.561825,N,12210.403268,W,7,,0.38,62.65,M,0.0,M,0.0,0000*5E
$GPRMC,175712.00,A,3723.561825,N,12210.403268,W,051.6,289.7,050620,,,A*4F
$GPGGA,175713.00,3723.566974,N,12210.420193,W,7,,0.38,63.57,M,0.0,M,0.0,0000*5B
$GPRMC,175713.00,A,3723.566974,N,12210.420193,W,052.3,291.3,050620,,,A*41
$GPGGA,175714.00,3723.572655,N,12210.437053,W,7,,0.38,64.54,M,0.0,M,0.0,0000*5A
$GPRMC,175714.00,A,3723.572655,N,12210.437053,W,052.8,293.2,050620,,,A*4C
$GPGGA,175715.00,3723.578956,N,12210.453739,W,7,,0.38,65.55,M,0.0,M,0.0,0000*54
$GPRMC,175715.00,A,3723.578956,N,12210.453739,W,053.1,296.1,050620,,,A*4C
$GPGGA,175716.00,3723.586162,N,12210.470780,W,7,,0.38,66.54,M,0.0,M,0.0,0000*58
$GPRMC,175716.00,A,3723.586162,N,12210.470780,W,053.3,298.9,050620,,,A*46
$GPGGA,175717.00,3723.593739,N,12210.486122,W,7,,0.38,67.24,M,0.0,M,0.0,0000*54
$GPRMC,175717.00,A,3723.593739,N,12210.486122,W,053.7,302.8,050620,,,A*4B
$GPGGA,175718.00,3723.602086,N,12210.501595,W,7,,0.38,68.31,M,0.0,M,0.0,0000*5E
$GPRMC,175718.00,A,3723.602086,N,12210.501595,W,053.9,304.6,050620,,,A*4C
$GPGGA,175719.00,3723.610978,N,12210.517040,W,7,,0.38,64.23,M,0.0,M,0.0,0000*51
$GPRMC,175719.00,A,3723.610978,N,12210.517040,W,054.2,306.1,050620,,,A*45
$GPGGA,175720.00,3723.620134,N,12210.532136,W,7,,0.38,67.00,M,0.0,M,0.0,0000*5D
$GPRMC,175720.00,A,3723.620134,N,12210.532136,W,054.7,307.4,050620,,,A*4A
$GPGGA,175721.00,3723.629626,N,12210.547081,W,7,,0.38,69.12,M,0.0,M,0.0,0000*53
$GPRMC,175721.00,A,3723.629626,N,12210.547081,W,054.9,308.9,050620,,,A*45
$GPGGA,175722.00,3723.639453,N,12210.561667,W,7,,0.38,70.75,M,0.0,M,0.0,0000*52
$GPRMC,175722.00,A,3723.639453,N,12210.561667,W,055.0,310.6,050620,,,A*43
$GPGGA,175723.00,3723.649798,N,12210.575900,W,7,,0.38,71.57,M,0.0,M,0.0,0000*5A
$GPRMC,175723.00,A,3723.649798,N,12210.575900,W,054.7,312.8,050620,,,A*40
$GPGGA,175724.00,3723.660772,N,12210.589747,W,7,,0.38,73.15,M,0.0,M,0.0,0000*58
$GPRMC,175724.00,A,3723.660772,N,12210.589747,W,054.3,315.5,050620,,,A*48
$GPGGA,175725.00,3723.671830,N,12210.602461,W,7,,0.38,74.35,M,0.0,M,0.0,0000*52
$GPRMC,175725.00,A,3723.671830,N,12210.602461,W,054.1,318.2,050620,,,A*4F
$GPGGA,175726.00,3723.682810,N,12210.614372,W,7,,0.38,75.39,M,0.0,M,0.0,0000*50
$GPRMC,175726.00,A,3723.682810,N,12210.614372,W,054.0,319.4,050620,,,A*46
$GPGGA,175727.00,3723.694497,N,12210.626455,W,7,,0.38,76.40,M,0.0,M,0.0,0000*5B
$GPRMC,175727.00,A,3723.694497,N,12210.626455,W,053.9,320.7,050620,,,A*47
$GPGGA,175728.00,3723.706209,N,12210.638161,W,7,,0.38,75.80,M,0.0,M,0.0,0000*5D
$GPRMC,175728.00,A,3723.706209,N,12210.638161,W,054.0,321.6,050620,,,A*40
$GPGGA,175729.00,3723.718414,N,12210.650113,W,7,,0.38,76.88,M,0.0,M,0.0,0000*59
$GPRMC,175729.00,A,3723.718414,N,12210.650113,W,054.2,322.0,050620,,,A*48
$GPGGA,175730.00,3723.730071,N,12210.661447,W,7,,0.38,77.58,M,0.0,M,0.0,0000*56
$GPRMC,175730.00,A,3723.730071,N,12210.661447,W,054.4,322.0,050620,,,A*4D
$GPGGA,175731.00,3723.742054,N,12210.673189,W,7,,0.38,78.09,M,0.0,M,0.0,0000*5A
$GPRMC,175731.00,A,3723.742054,N,12210.673189,W,054.8,321.8,050620,,,A*4D
$GPGGA,175732.00,3723.754485,N,12210.685352,W,7,,0.38,78.44,M,0.0,M,0.0,0000*52
$GPRMC,175732.00,A,3723.754485,N,12210.685352,W,055.2,322.0,050620,,,A*4C
$GPGGA,175733.00,3723.766731,N,12210.697244,W,7,,0.38,78.63,M,0.0,M,0.0,0000*5E
$GPRMC,175733.00,A,3723.766731,N,12210.697244,W,055.9,322.2,050620,,,A*4C
$GPGGA,175734.00,3723.778870,N,12210.709016,W,7,,0.38,78.66,M,0.0,M,0.0,0000*5A
$GPRMC,175734.00,A,3723.778870,N,12210.709016,W,056.8,322.3,050620,,,A*4E
$GPGGA,175735.00,3723.791463,N,12210.721214,W,7,,0.38,78.68,M,0.0,M,0.0,0000*56
$GPRMC,175735.00,A,3723.791463,N,12210.721214,W,057.6,322.2,050620,,,A*42
$GPGGA,175736.00,3723.804106,N,12210.733682,W,7,,0.38,78.53,M,0.0,M,0.0,0000*50
$GPRMC,175736.00,A,3723.804106,N,12210.733682,W,058.3,321.7,050620,,,A*40
$GPGGA,175737.00,3723.817329,N,12210.746809,W,7,,0.38,78.31,M,0.0,M,0.0,0000*57
$GPRMC,175737.00,A,3723.817329,N,12210.746809,W,059.1,321.4,050620,,,A*43
$GPGGA,175738.00,3723.830025,N,12210.759458,W,7,,0.38,77.87,M,0.0,M,0.0,0000*56
$GPRMC,175738.00,A,3723.830025,N,12210.759458,W,060.0,321.6,050620,,,A*49
$GPGGA,175739.00,3723.843220,N,12210.772574,W,7,,0.38,77.36,M,0.0,M,0.0,0000*58
$GPRMC,175739.00,A,3723.843220,N,12210.772574,W,061.0,321.9,050620,,,A*43
$GPGGA,175740.00,3723.857110,N,12210.786260,W,7,,0.38,76.68,M,0.0,M,0.0,0000*50
$GPRMC,175740.00,A,3723.857110,N,12210.786260,W,061.9,321.8,050620,,,A*49
$GPGGA,175741.00,3723.870688,N,12210.799730,W,7,,0.38,75.81,M,0.0,M,0.0,0000*58
$GPRMC,175741.00,A,3723.870688,N,12210.799730,W,062.7,321.7,050620,,,A*47
$GPGGA,175742.00,3723.884110,N,12210.813128,W,7,,0.38,75.05,M,0.0,M,0.0,0000*58
$GPRMC,175742.00,A,3723.884110,N,12210.813128,W,063.4,321.6,050620,,,A*48
$GPGGA,175743.00,3723.897963,N,12210.826879,W,7,,0.38,74.13,M,0.0,M,0.0,0000*5A
$GPRMC,175743.00,A,3723.897963,N,12210.826879,W,063.9,321.8,050620,,,A*4F
$GPGGA,175744.00,3723.911992,N,12210.840662,W,7,,0.38,73.15,M,0.0,M,0.0,0000*59
$GPRMC,175744.00,A,3723.911992,N,12210.840662,W,064.3,321.9,050620,,,A*41
$GPGGA,175745.00,3723.926235,N,12210.854629,W,7,,0.38,72.24,M,0.0,M,0.0,0000*53
$GPRMC,175745.00,A,3723.926235,N,12210.854629,W,064.7,321.9,050620,,,A*4C
$GPGGA,175746.00,3723.940341,N,12210.868501,W,7,,0.38,71.29,M,0.0,M,0.0,0000*5A
$GPRMC,175746.00,A,3723.940341,N,12210.868501,W,064.7,321.8,050620,,,A*4A
$GPGGA,175747.00,3723.954442,N,12210.882289,W,7,,0.38,70.37,M,0.0,M,0.0,0000*57
$GPRMC,175747.00,A,3723.954442,N,12210.882289,W,064.3,322.0,050620,,,A*46
$GPGGA,175748.00,3723.968871,N,12210.896372,W,7,,0.38,69.43,M,0.0,M,0.0,0000*50
$GPRMC,175748.00,A,3723.968871,N,12210.896372,W,063.9,322.1,050620,,,A*46
$GPGGA,175749.00,3723.982587,N,12210.909691,W,7,,0.38,68.58,M,0.0,M,0.0,0000*55
$GPRMC,175749.00,A,3723.982587,N,12210.909691,W,064.0,322.1,050620,,,A*46
$GPGGA,175750.00,3723.996514,N,12210.923437,W,7,,0.38,67.76,M,0.0,M,0.0,0000*57
$GPRMC,175750.00,A,3723.996514,N,12210.923437,W,064.0,321.5,050620,,,A*40
$GPGGA,175751.00,3724.010422,N,12210.937165,W,7,,0.38,67.08,M,0.0,M,0.0,0000*5C
$GPRMC,175751.00,A,3724.010422,N,12210.937165,W,063.6,321.5,050620,,,A*43
$GPGGA,175752.00,3724.024143,N,12210.950702,W,7,,0.38,66.41,M,0.0,M,0.0,0000*50
$GPRMC,175752.00,A,3724.024143,N,12210.950702,W,062.7,321.6,050620,,,A*40
$GPGGA,175753.00,3724.037727,N,12210.964346,W,7,,0.38,65.77,M,0.0,M,0.0,0000*52
$GPRMC,175753.00,A,3724.037727,N,12210.964346,W,061.8,321.1,050620,,,A*4F
$GPGGA,175754.00,3724.050927,N,12210.977780,W,7,,0.38,65.14,M,0.0,M,0.0,0000*53
$GPRMC,175754.00,A,3724.050927,N,12210.977780,W,061.2,320.9,050620,,,A*48
$GPGGA,175755.00,3724.063936,N,12210.991267,W,7,,0.38,64.63,M,0.0,M,0.0,0000*57
$GPRMC,175755.00,A,3724.063936,N,12210.991267,W,060.7,320.4,050620,,,A*44
$GPGGA,175756.00,3724.077447,N,12211.005164,W,7,,0.38,64.20,M,0.0,M,0.0,0000*58
$GPRMC,175756.00,A,3724.077447,N,12211.005164,W,060.4,321.1,050620,,,A*4B
$GPGGA,175757.00,3724.089976,N,12211.017883,W,7,,0.38,63.96,M,0.0,M,0.0,0000*5E
$GPRMC,175757.00,A,3724.089976,N,12211.017883,W,059.9,321.1,050620,,,A*40
$GPGGA,175758.00,3724.102941,N,12211.030981,W,7,,0.38,63.61,M,0.0,M,0.0,0000*59
$GPRMC,175758.00,A,3724.102941,N,12211.030981,W,060.1,321.2,050620,,,A*4E
$GPGGA,175759.00,3724.115950,N,12211.044098,W,7,,0.38,63.31,M,0.0,M,0.0,0000*59
$GPRMC,175759.00,A,3724.115950,N,12211.044098,W,060.3,321.1,050620,,,A*4A
$GPGGA,175800.00,3724.129101,N,12211.057405,W,7,,0.38,62.93,M,0.0,M,0.0,0000*52
$GPRMC,175800.00,A,3724.129101,N,12211.057405,W,060.5,321.0,050620,,,A*4F
$GPGGA,175801.00,3724.142182,N,12211.070774,W,7,,0.38,62.63,M,0.0,M,0.0,0000*5A
$GPRMC,175801.00,A,3724.142182,N,12211.070774,W,060.9,320.8,050620,,,A*4D
$GPGGA,175802.00,3724.155333,N,12211.084214,W,7,,0.38,62.34,M,0.0,M,0.0,0000*5D
$GPRMC,175802.00,A,3724.155333,N,12211.084214,W,061.3,320.7,050620,,,A*4C
$GPGGA,175803.00,3724.168647,N,12211.097761,W,7,,0.38,62.11,M,0.0,M,0.0,0000*56
$GPRMC,175803.00,A,3724.168647,N,12211.097761,W,061.9,321.1,050620,,,A*4D
$GPGGA,175804.00,3724.182657,N,12211.111825,W,7,,0.38,61.80,M,0.0,M,0.0,0000*5F
$GPRMC,175804.00,A,3724.182657,N,12211.111825,W,062.2,321.2,050620,,,A*44
$GPGGA,175805.00,3724.195552,N,12211.124834,W,7,,0.38,61.50,M,0.0,M,0.0,0000*55
$GPRMC,175805.00,A,3724.195552,N,12211.124834,W,061.6,321.2,050620,,,A*44
$GPGGA,175806.00,3724.208751,N,12211.138160,W,7,,0.38,61.20,M,0.0,M,0.0,0000*52
$GPRMC,175806.00,A,3724.208751,N,12211.138160,W,060.9,320.9,050620,,,A*40
$GPGGA,175807.00,3724.221742,N,12211.151354,W,7,,0.38,60.89,M,0.0,M,0.0,0000*52
$GPRMC,175807.00,A,3724.221742,N,12211.151354,W,060.0,321.0,050620,,,A*43
$GPGGA,175808.00,3724.234738,N,12211.164577,W,7,,0.38,60.58,M,0.0,M,0.0,0000*59
$GPRMC,175808.00,A,3724.234738,N,12211.164577,W,059.7,320.7,050620,,,A*4F
$GPGGA,175809.00,3724.247656,N,12211.177658,W,7,,0.38,60.32,M,0.0,M,0.0,0000*55
$GPRMC,175809.00,A,3724.247656,N,12211.177658,W,060.0,321.1,050620,,,A*45
$GPGGA,175810.00,3724.260723,N,12211.190845,W,7,,0.38,59.99,M,0.0,M,0.0,0000*5B
$GPRMC,175810.00,A,3724.260723,N,12211.190845,W,060.5,321.2,050620,,,A*46
$GPGGA,175811.00,3724.274026,N,12211.204268,W,7,,0.38,59.68,M,0.0,M,0.0,0000*58
$GPRMC,175811.00,A,3724.274026,N,12211.204268,W,061.1,321.2,050620,,,A*4E
$GPGGA,175812.00,3724.287712,N,12211.218133,W,7,,0.38,59.26,M,0.0,M,0.0,0000*5D
$GPRMC,175812.00,A,3724.287712,N,12211.218133,W,061.7,320.9,050620,,,A*4D
$GPGGA,175813.00,3724.300552,N,12211.231214,W,7,,0.38,58.70,M,0.0,M,0.0,0000*5B
$GPRMC,175813.00,A,3724.300552,N,12211.231214,W,061.6,320.8,050620,,,A*49
$GPGGA,175814.00,3724.313716,N,12211.244731,W,7,,0.38,58.08,M,0.0,M,0.0,0000*53
$GPRMC,175814.00,A,3724.313716,N,12211.244731,W,061.2,320.5,050620,,,A*47
$GPGGA,175815.00,3724.326909,N,12211.258231,W,7,,0.38,57.34,M,0.0,M,0.0,0000*5C
$GPRMC,175815.00,A,3724.326909,N,12211.258231,W,060.7,321.1,050620,,,A*49
$GPGGA,175816.00,3724.340098,N,12211.271522,W,7,,0.38,56.57,M,0.0,M,0.0,0000*54
$GPRMC,175816.00,A,3724.340098,N,12211.271522,W,061.1,321.3,050620,,,A*40
$GPGGA,175817.00,3724.353820,N,12211.285375,W,7,,0.38,55.86,M,0.0,M,0.0,0000*5C
$GPRMC,175817.00,A,3724.353820,N,12211.285375,W,061.7,321.1,050620,,,A*43
$GPGGA,175818.00,3724.366605,N,12211.298600,W,7,,0.38,55.43,M,0.0,M,0.0,0000*5E
$GPRMC,175818.00,A,3724.366605,N,12211.298600,W,061.7,320.4,050620,,,A*4C
$GPGGA,175819.00,3724.379752,N,12211.312579,W,7,,0.38,54.78,M,0.0,M,0.0,0000*55
$GPRMC,175819.00,A,3724.379752,N,12211.312579,W,061.4,319.4,050620,,,A*47
$GPGGA,175820.00,3724.392831,N,12211.327111,W,7,,0.38,53.87,M,0.0,M,0.0,0000*5B
$GPRMC,175820.00,A,3724.392831,N,12211.327111,W,060.9,317.7,050620,,,A*4F
$GPGGA,175821.00,3724.405017,N,12211.341673,W,7,,0.38,52.98,M,0.0,M,0.0,0000*53
$GPRMC,175821.00,A,3724.405017,N,12211.341673,W,060.5,315.5,050620,,,A*44
$GPGGA,175822.00,3724.416454,N,12211.356260,W,7,,0.38,52.18,M,0.0,M,0.0,0000*59
$GPRMC,175822.00,A,3724.416454,N,12211.356260,W,060.0,314.4,050620,,,A*43
$GPGGA,175823.00,3724.427584,N,12211.371595,W,7,,0.38,51.29,M,0.0,M,0.0,0000*5F
$GPRMC,175823.00,A,3724.427584,N,12211.371595,W,059.6,312.0,050620,,,A*4A
$GPGGA,175824.00,3724.438293,N,12211.387328,W,7,,0.38,50.37,M,0.0,M,0.0,0000*50
$GPRMC,175824.00,A,3724.438293,N,12211.387328,W,059.3,310.7,050620,,,A*4B
$GPGGA,175825.00,3724.448799,N,12211.403947,W,7,,0.38,49.48,M,0.0,M,0.0,0000*51
$GPRMC,175825.00,A,3724.448799,N,12211.403947,W,059.0,308.5,050620,,,A*42
$GPGGA,175826.00,3724.458393,N,12211.419986,W,7,,0.38,48.52,M,0.0,M,0.0,0000*51
$GPRMC,175826.00,A,3724.458393,N,12211.419986,W,058.9,306.6,050620,,,A*4D
$GPGGA,175827.00,3724.467748,N,12211.436713,W,7,,0.38,47.46,M,0.0,M,0.0,0000*5B
$GPRMC,175827.00,A,3724.467748,N,12211.436713,W,058.7,304.5,050620,,,A*42
$GPGGA,175828.00,3724.476976,N,12211.454498,W,7,,0.38,46.17,M,0.0,M,0.0,0000*56
$GPRMC,175828.00,A,3724.476976,N,12211.454498,W,059.4,302.5,050620,,,A*4E
$GPGGA,175829.00,3724.485478,N,12211.472473,W,7,,0.38,45.00,M,0.0,M,0.0,0000*5C
$GPRMC,175829.00,A,3724.485478,N,12211.472473,W,060.2,300.3,050620,,,A*49
$GPGGA,175830.00,3724.493464,N,12211.490546,W,7,,0.38,43.95,M,0.0,M,0.0,0000*5F
$GPRMC,175830.00,A,3724.493464,N,12211.490546,W,060.9,298.2,050620,,,A*4A
$GPGGA,175831.00,3724.501251,N,12211.509620,W,7,,0.38,42.78,M,0.0,M,0.0,0000*54
$GPRMC,175831.00,A,3724.501251,N,12211.509620,W,061.7,296.8,050620,,,A*48
$GPGGA,175832.00,3724.508703,N,12211.529101,W,7,,0.38,41.66,M,0.0,M,0.0,0000*56
$GPRMC,175832.00,A,3724.508703,N,12211.529101,W,062.3,295.0,050620,,,A*4A
$GPGGA,175833.00,3724.515849,N,12211.549274,W,7,,0.38,40.35,M,0.0,M,0.0,0000*5A
$GPRMC,175833.00,A,3724.515849,N,12211.549274,W,063.0,293.3,050620,,,A*46
$GPGGA,175834.00,3724.522659,N,12211.569584,W,7,,0.38,39.21,M,0.0,M,0.0,0000*57
$GPRMC,175834.00,A,3724.522659,N,12211.569584,W,063.4,292.5,050620,,,A*43
$GPGGA,175835.00,3724.529362,N,12211.590037,W,7,,0.38,38.26,M,0.0,M,0.0,0000*5D
$GPRMC,175835.00,A,3724.529362,N,12211.590037,W,063.7,291.9,050620,,,A*43
$GPGGA,175836.00,3724.536099,N,12211.611260,W,7,,0.38,37.58,M,0.0,M,0.0,0000*5B
$GPRMC,175836.00,A,3724.536099,N,12211.611260,W,063.6,291.6,050620,,,A*4D
$GPGGA,175837.00,3724.542388,N,12211.631377,W,7,,0.38,37.26,M,0.0,M,0.0,0000*56
$GPRMC,175837.00,A,3724.542388,N,12211.631377,W,063.4,291.6,050620,,,A*4B
$GPGGA,175838.00,3724.548897,N,12211.651946,W,7,,0.38,37.06,M,0.0,M,0.0,0000*5A
$GPRMC,175838.00,A,3724.548897,N,12211.651946,W,063.6,291.8,050620,,,A*49
$GPGGA,175839.00,3724.555491,N,12211.672591,W,7,,0.38,36.65,M,0.0,M,0.0,0000*5E
$GPRMC,175839.00,A,3724.555491,N,12211.672591,W,064.1,292.1,050620,,,A*43
$GPGGA,175840.00,3724.562152,N,12211.693256,W,7,,0.38,36.48,M,0.0,M,0.0,0000*52
$GPRMC,175840.00,A,3724.562152,N,12211.693256,W,064.2,292.0,050620,,,A*42
$GPGGA,175841.00,3724.568842,N,12211.714285,W,7,,0.38,36.44,M,0.0,M,0.0,0000*5D
$GPRMC,175841.00,A,3724.568842,N,12211.714285,W,064.7,291.7,050620,,,A*40
$GPGGA,175842.00,3724.575411,N,12211.735195,W,7,,0.38,36.50,M,0.0,M,0.0,0000*5C
$GPRMC,175842.00,A,3724.575411,N,12211.735195,W,064.8,291.4,050620,,,A*48
$GPGGA,175843.00,3724.582012,N,12211.756255,W,7,,0.38,36.35,M,0.0,M,0.0,0000*5B
$GPRMC,175843.00,A,3724.582012,N,12211.756255,W,065.1,291.2,050620,,,A*42
$GPGGA,175844.00,3724.588845,N,12211.778018,W,7,,0.38,36.17,M,0.0,M,0.0,0000*5B
$GPRMC,175844.00,A,3724.588845,N,12211.778018,W,065.3,291.2,050620,,,A*40
$GPGGA,175845.00,3724.595337,N,12211.798753,W,7,,0.38,35.98,M,0.0,M,0.0,0000*5A
$GPRMC,175845.00,A,3724.595337,N,12211.798753,W,065.4,291.3,050620,,,A*43
$GPGGA,175846.00,3724.601992,N,12211.819868,W,7,,0.38,35.92,M,0.0,M,0.0,0000*59
$GPRMC,175846.00,A,3724.601992,N,12211.819868,W,065.3,291.5,050620,,,A*4B
$GPGGA,175847.00,3724.608778,N,12211.841024,W,7,,0.38,35.79,M,0.0,M,0.0,0000*53
$GPRMC,175847.00,A,3724.608778,N,12211.841024,W,065.6,291.9,050620,,,A*4D
$GPGGA,175848.00,3724.615665,N,12211.862450,W,7,,0.38,35.59,M,0.0,M,0.0,0000*59
$GPRMC,175848.00,A,3724.615665,N,12211.862450,W,065.8,291.8,050620,,,A*4A
$GPGGA,175849.00,3724.622439,N,12211.883719,W,7,,0.38,35.40,M,0.0,M,0.0,0000*5E
$GPRMC,175849.00,A,3724.622439,N,12211.883719,W,065.9,291.4,050620,,,A*48
$GPGGA,175850.00,3724.629250,N,12211.904989,W,7,,0.38,35.12,M,0.0,M,0.0,0000*5A
$GPRMC,175850.00,A,3724.629250,N,12211.904989,W,065.9,291.8,050620,,,A*47
$GPGGA,175851.00,3724.635975,N,12211.926236,W,7,,0.38,34.89,M,0.0,M,0.0,0000*56
$GPRMC,175851.00,A,3724.635975,N,12211.926236,W,065.6,291.5,050620,,,A*4A
$GPGGA,175852.00,3724.642996,N,12211.948285,W,7,,0.38,34.99,M,0.0,M,0.0,0000*59
$GPRMC,175852.00,A,3724.642996,N,12211.948285,W,065.4,291.9,050620,,,A*4A
$GPGGA,175853.00,3724.649505,N,12211.968620,W,7,,0.38,35.53,M,0.0,M,0.0,0000*5B
$GPRMC,175853.00,A,3724.649505,N,12211.968620,W,065.3,291.9,050620,,,A*48
$GPGGA,175854.00,3724.656261,N,12211.989709,W,7,,0.38,36.11,M,0.0,M,0.0,0000*57
$GPRMC,175854.00,A,3724.656261,N,12211.989709,W,065.2,291.9,050620,,,A*40
$GPGGA,175855.00,3724.662958,N,12212.010884,W,7,,0.38,36.69,M,0.0,M,0.0,0000*5F
$GPRMC,175855.00,A,3724.662958,N,12212.010884,W,065.3,291.7,050620,,,A*48
$GPGGA,175856.00,3724.669761,N,12212.032087,W,7,,0.38,37.50,M,0.0,M,0.0,0000*53
$GPRMC,175856.00,A,3724.669761,N,12212.032087,W,065.1,291.4,050620,,,A*4E
$GPGGA,175857.00,3724.676344,N,12212.053117,W,7,,0.38,38.38,M,0.0,M,0.0,0000*51
$GPRMC,175857.00,A,3724.676344,N,12212.053117,W,064.8,291.2,050620,,,A*43
$GPGGA,175858.00,3724.682895,N,12212.074039,W,7,,0.38,39.37,M,0.0,M,0.0,0000*54
$GPRMC,175858.00,A,3724.682895,N,12212.074039,W,064.6,291.4,050620,,,A*40
$GPGGA,175859.00,3724.689544,N,12212.094992,W,7,,0.38,40.51,M,0.0,M,0.0,0000*57
$GPRMC,175859.00,A,3724.689544,N,12212.094992,W,064.2,291.8,050620,,,A*45
$GPGGA,175900.00,3724.696378,N,12212.116292,W,7,,0.38,41.72,M,0.0,M,0.0,0000*5D
$GPRMC,175900.00,A,3724.696378,N,12212.116292,W,063.7,291.8,050620,,,A*4D
$GPGGA,175901.00,3724.702684,N,12212.136122,W,7,,0.38,42.65,M,0.0,M,0.0,0000*59
$GPRMC,175901.00,A,3724.702684,N,12212.136122,W,063.3,291.7,050620,,,A*47
$GPGGA,175902.00,3724.709127,N,12212.156486,W,7,,0.38,43.73,M,0.0,M,0.0,0000*54
$GPRMC,175902.00,A,3724.709127,N,12212.156486,W,062.9,291.8,050620,,,A*48
$GPGGA,175903.00,3724.715668,N,12212.176868,W,7,,0.38,44.78,M,0.0,M,0.0,0000*56
$GPRMC,175903.00,A,3724.715668,N,12212.176868,W,062.5,292.1,050620,,,A*40
$GPGGA,175904.00,3724.722147,N,12212.196860,W,7,,0.38,45.83,M,0.0,M,0.0,0000*5C
$GPRMC,175904.00,A,3724.722147,N,12212.196860,W,062.0,292.0,050620,,,A*4B
$GPGGA,175905.00,3724.728730,N,12212.217410,W,7,,0.38,46.88,M,0.0,M,0.0,0000*58
$GPRMC,175905.00,A,3724.728730,N,12212.217410,W,061.5,291.7,050620,,,A*45
$GPGGA,175906.00,3724.734760,N,12212.236567,W,7,,0.38,47.89,M,0.0,M,0.0,0000*51
$GPRMC,175906.00,A,3724.734760,N,12212.236567,W,061.1,291.4,050620,,,A*4B
$GPGGA,175907.00,3724.740963,N,12212.256487,W,7,,0.38,48.95,M,0.0,M,0.0,0000*55
$GPRMC,175907.00,A,3724.740963,N,12212.256487,W,060.7,291.3,050620,,,A*4D
$GPGGA,175908.00,3724.747323,N,12212.276689,W,7,,0.38,49.98,M,0.0,M,0.0,0000*51
$GPRMC,175908.00,A,3724.747323,N,12212.276689,W,060.5,291.8,050620,,,A*4C
$GPGGA,175909.00,3724.753498,N,12212.296135,W,7,,0.38,50.96,M,0.0,M,0.0,0000*5A
$GPRMC,175909.00,A,3724.753498,N,12212.296135,W,060.1,291.6,050620,,,A*4B
$GPGGA,175910.00,3724.759503,N,12212.314921,W,7,,0.38,51.85,M,0.0,M,0.0,0000*5E
$GPRMC,175910.00,A,3724.759503,N,12212.314921,W,059.9,292.0,050620,,,A*4B
$GPGGA,175911.00,3724.765785,N,12212.334350,W,7,,0.38,52.84,M,0.0,M,0.0,0000*50
$GPRMC,175911.00,A,3724.765785,N,12212.334350,W,059.6,292.2,050620,,,A*4A
$GPGGA,175912.00,3724.772032,N,12212.353543,W,7,,0.38,53.82,M,0.0,M,0.0,0000*5C
$GPRMC,175912.00,A,3724.772032,N,12212.353543,W,059.4,292.2,050620,,,A*43
$GPGGA,175913.00,3724.778524,N,12212.373242,W,7,,0.38,54.63,M,0.0,M,0.0,0000*59
$GPRMC,175913.00,A,3724.778524,N,12212.373242,W,059.3,292.5,050620,,,A*4E
$GPGGA,175914.00,3724.784931,N,12212.391698,W,7,,0.38,55.40,M,0.0,M,0.0,0000*5A
$GPRMC,175914.00,A,3724.784931,N,12212.391698,W,059.2,293.8,050620,,,A*40
$GPGGA,175915.00,3724.791886,N,12212.410310,W,7,,0.38,56.28,M,0.0,M,0.0,0000*54
$GPRMC,175915.00,A,3724.791886,N,12212.410310,W,059.1,295.5,050620,,,A*4B
$GPGGA,175916.00,3724.799625,N,12212.429089,W,7,,0.38,57.29,M,0.0,M,0.0,0000*51
$GPRMC,175916.00,A,3724.799625,N,12212.429089,W,058.8,298.0,050620,,,A*4E
$GPGGA,175917.00,3724.807665,N,12212.446795,W,7,,0.38,58.33,M,0.0,M,0.0,0000*5B
$GPRMC,175917.00,A,3724.807665,N,12212.446795,W,058.6,300.3,050620,,,A*4D
$GPGGA,175918.00,3724.816078,N,12212.463680,W,7,,0.38,59.25,M,0.0,M,0.0,0000*5A
$GPRMC,175918.00,A,3724.816078,N,12212.463680,W,058.5,302.8,050620,,,A*40
$GPGGA,175919.00,3724.825258,N,12212.480419,W,7,,0.38,60.22,M,0.0,M,0.0,0000*59
$GPRMC,175919.00,A,3724.825258,N,12212.480419,W,058.3,305.0,050620,,,A*47
$GPGGA,175920.00,3724.834816,N,12212.496745,W,7,,0.38,61.19,M,0.0,M,0.0,0000*57
$GPRMC,175920.00,A,3724.834816,N,12212.496745,W,058.1,306.9,050620,,,A*48
$GPGGA,175921.00,3724.845195,N,12212.512982,W,7,,0.38,62.24,M,0.0,M,0.0,0000*57
$GPRMC,175921.00,A,3724.845195,N,12212.512982,W,057.9,309.3,050620,,,A*47
$GPGGA,175922.00,3724.855479,N,12212.527760,W,7,,0.38,63.24,M,0.0,M,0.0,0000*57
$GPRMC,175922.00,A,3724.855479,N,12212.527760,W,057.6,311.5,050620,,,A*46
$GPGGA,175923.00,3724.866351,N,12212.542315,W,7,,0.38,64.21,M,0.0,M,0.0,0000*5C
$GPRMC,175923.00,A,3724.866351,N,12212.542315,W,057.3,313.6,050620,,,A*4B
$GPGGA,175924.00,3724.877991,N,12212.556697,W,7,,0.38,65.11,M,0.0,M,0.0,0000*55
$GPRMC,175924.00,A,3724.877991,N,12212.556697,W,057.1,316.3,050620,,,A*42
$GPGGA,175925.00,3724.889440,N,12212.569616,W,7,,0.38,68.61,M,0.0,M,0.0,0000*5B
$GPRMC,175925.00,A,3724.889440,N,12212.569616,W,056.8,318.6,050620,,,A*45
$GPGGA,175926.00,3724.901440,N,12212.582354,W,7,,0.38,68.45,M,0.0,M,0.0,0000*59
$GPRMC,175926.00,A,3724.901440,N,12212.582354,W,056.6,320.1,050620,,,A*43
$GPGGA,175927.00,3724.913673,N,12212.594822,W,7,,0.38,68.65,M,0.0,M,0.0,0000*56
$GPRMC,175927.00,A,3724.913673,N,12212.594822,W,056.9,321.0,050620,,,A*41
$GPGGA,175928.00,3724.926058,N,12212.607326,W,7,,0.38,68.85,M,0.0,M,0.0,0000*58
$GPRMC,175928.00,A,3724.926058,N,12212.607326,W,057.4,321.0,050620,,,A*4D
$GPGGA,175929.00,3724.938712,N,12212.619991,W,7,,0.38,69.13,M,0.0,M,0.0,0000*58
$GPRMC,175929.00,A,3724.938712,N,12212.619991,W,058.0,321.3,050620,,,A*4B
$GPGGA,175930.00,3724.951312,N,12212.632718,W,7,,0.38,69.36,M,0.0,M,0.0,0000*5A
$GPRMC,175930.00,A,3724.951312,N,12212.632718,W,058.5,321.0,050620,,,A*48
$GPGGA,175931.00,3724.963972,N,12212.645581,W,7,,0.38,69.82,M,0.0,M,0.0,0000*5B
$GPRMC,175931.00,A,3724.963972,N,12212.645581,W,058.8,320.8,050620,,,A*42
$GPGGA,175932.00,3724.977009,N,12212.659088,W,7,,0.38,70.10,M,0.0,M,0.0,0000*5A
$GPRMC,175932.00,A,3724.977009,N,12212.659088,W,059.2,320.1,050620,,,A*42
$GPGGA,175933.00,3724.989208,N,12212.672306,W,7,,0.38,70.25,M,0.0,M,0.0,0000*53
$GPRMC,175933.00,A,3724.989208,N,12212.672306,W,059.6,317.9,050620,,,A*45
$GPGGA,175934.00,3725.001381,N,12212.686562,W,7,,0.38,69.91,M,0.0,M,0.0,0000*54
$GPRMC,175934.00,A,3725.001381,N,12212.686562,W,060.2,315.6,050620,,,A*46
$GPGGA,175935.00,3725.013153,N,12212.701718,W,7,,0.38,69.54,M,0.0,M,0.0,0000*53
$GPRMC,175935.00,A,3725.013153,N,12212.701718,W,060.9,313.3,050620,,,A*40
$GPGGA,175936.00,3725.024505,N,12212.717642,W,7,,0.38,69.07,M,0.0,M,0.0,0000*5C
$GPRMC,175936.00,A,3725.024505,N,12212.717642,W,061.5,311.0,050620,,,A*45
$GPGGA,175937.00,3725.035462,N,12212.734376,W,7,,0.38,68.60,M,0.0,M,0.0,0000*5E
$GPRMC,175937.00,A,3725.035462,N,12212.734376,W,061.5,308.5,050620,,,A*4A
$GPGGA,175938.00,3725.045775,N,12212.751301,W,7,,0.38,67.98,M,0.0,M,0.0,0000*58
$GPRMC,175938.00,A,3725.045775,N,12212.751301,W,061.1,307.2,050620,,,A*48
$GPGGA,175939.00,3725.055568,N,12212.768623,W,7,,0.38,67.39,M,0.0,M,0.0,0000*52
$GPRMC,175939.00,A,3725.055568,N,12212.768623,W,060.9,305.2,050620,,,A*42
$GPGGA,175940.00,3725.065179,N,12212.787086,W,7,,0.38,66.75,M,0.0,M,0.0,0000*5A
$GPRMC,175940.00,A,3725.065179,N,12212.787086,W,060.8,302.6,050620,,,A*41
$GPGGA,175941.00,3725.073520,N,12212.804725,W,7,,0.38,66.12,M,0.0,M,0.0,0000*5F
$GPRMC,175941.00,A,3725.073520,N,12212.804725,W,061.0,300.1,050620,,,A*49
$GPGGA,175942.00,3725.081662,N,12212.823397,W,7,,0.38,65.70,M,0.0,M,0.0,0000*5B
$GPRMC,175942.00,A,3725.081662,N,12212.823397,W,061.2,298.1,050620,,,A*48
$GPGGA,175943.00,3725.089174,N,12212.842513,W,7,,0.38,65.32,M,0.0,M,0.0,0000*59
$GPRMC,175943.00,A,3725.089174,N,12212.842513,W,061.3,295.7,050620,,,A*46
$GPGGA,175944.00,3725.096091,N,12212.862193,W,7,,0.38,65.06,M,0.0,M,0.0,0000*53
$GPRMC,175944.00,A,3725.096091,N,12212.862193,W,061.2,292.9,050620,,,A*43
$GPGGA,175945.00,3725.102194,N,12212.881867,W,7,,0.38,64.79,M,0.0,M,0.0,0000*5C
$GPRMC,175945.00,A,3725.102194,N,12212.881867,W,060.5,290.4,050620,,,A*4C
$GPGGA,175946.00,3725.107594,N,12212.901613,W,7,,0.38,64.62,M,0.0,M,0.0,0000*50
$GPRMC,175946.00,A,3725.107594,N,12212.901613,W,059.9,288.4,050620,,,A*45
$GPGGA,175947.00,3725.112448,N,12212.921305,W,7,,0.40,64.42,M,0.0,M,0.0,0000*58
$GPRMC,175947.00,A,3725.112448,N,12212.921305,W,059.1,286.6,050620,,,A*44
$GPGGA,175948.00,3725.116665,N,12212.941754,W,7,,0.38,64.30,M,0.0,M,0.0,0000*52
$GPRMC,175948.00,A,3725.116665,N,12212.941754,W,058.1,284.0,050620,,,A*41
$GPGGA,175949.00,3725.119918,N,12212.960743,W,7,,0.38,63.88,M,0.0,M,0.0,0000*58
$GPRMC,175949.00,A,3725.119918,N,12212.960743,W,057.6,281.6,050620,,,A*44
$GPGGA,175950.00,3725.122990,N,12212.980435,W,7,,0.38,63.45,M,0.0,M,0.0,0000*55
$GPRMC,175950.00,A,3725.122990,N,12212.980435,W,057.7,280.7,050620,,,A*49
$GPGGA,175951.00,3725.125887,N,12213.000290,W,7,,0.38,63.00,M,0.0,M,0.0,0000*5C
$GPRMC,175951.00,A,3725.125887,N,12213.000290,W,057.5,280.2,050620,,,A*46
$GPGGA,175952.00,3725.128636,N,12213.020012,W,7,,0.38,62.74,M,0.0,M,0.0,0000*5E
$GPRMC,175952.00,A,3725.128636,N,12213.020012,W,057.6,279.9,050620,,,A*48
$GPGGA,175953.00,3725.131528,N,12213.039781,W,7,,0.38,62.51,M,0.0,M,0.0,0000*59
$GPRMC,175953.00,A,3725.131528,N,12213.039781,W,058.0,280.5,050620,,,A*4B
$GPGGA,175954.00,3725.134503,N,12213.059564,W,7,,0.38,63.68,M,0.0,M,0.0,0000*56
$GPRMC,175954.00,A,3725.134503,N,12213.059564,W,058.2,280.8,050620,,,A*40
$GPGGA,175955.00,3725.137540,N,12213.079610,W,7,,0.38,62.95,M,0.0,M,0.0,0000*52
$GPRMC,175955.00,A,3725.137540,N,12213.079610,W,058.3,280.8,050620,,,A*46
$GPGGA,175956.00,3725.140654,N,12213.100201,W,7,,0.38,62.40,M,0.0,M,0.0,0000*54
$GPRMC,175956.00,A,3725.140654,N,12213.100201,W,058.5,280.7,050620,,,A*41
$GPGGA,175957.00,3725.143515,N,12213.119575,W,7,,0.40,61.95,M,0.0,M,0.0,0000*58
$GPRMC,175957.00,A,3725.143515,N,12213.119575,W,058.7,280.5,050620,,,A*49
$GPGGA,175958.00,3725.146486,N,12213.139741,W,7,,0.38,61.59,M,0.0,M,0.0,0000*51
$GPRMC,175958.00,A,3725.146486,N,12213.139741,W,058.9,280.4,050620,,,A*40
$GPGGA,175959.00,3725.149588,N,12213.160154,W,7,,0.38,61.12,M,0.0,M,0.0,0000*51
$GPRMC,175959.00,A,3725.149588,N,12213.160154,W,059.3,280.8,050620,,,A*48
$GPGGA,180000.00,3725.152995,N,12213.180404,W,7,,0.38,60.62,M,0.0,M,0.0,0000*5C
$GPRMC,180000.00,A,3725.152995,N,12213.180404,W,059.7,282.2,050620,,,A*4F
$GPGGA,180001.00,3725.157178,N,12213.201277,W,7,,0.40,60.30,M,0.0,M,0.0,0000*53
$GPRMC,180001.00,A,3725.157178,N,12213.201277,W,060.1,284.6,050620,,,A*46
$GPGGA,180002.00,3725.161611,N,12213.220418,W,7,,0.38,60.06,M,0.0,M,0.0,0000*5B
$GPRMC,180002.00,A,3725.161611,N,12213.220418,W,059.9,286.7,050620,,,A*45
$GPGGA,180003.00,3725.166868,N,12213.240350,W,7,,0.38,59.80,M,0.0,M,0.0,0000*54
$GPRMC,180003.00,A,3725.166868,N,12213.240350,W,059.8,289.0,050620,,,A*47
$GPGGA,180004.00,3725.172831,N,12213.260276,W,7,,0.38,59.43,M,0.0,M,0.0,0000*52
$GPRMC,180004.00,A,3725.172831,N,12213.260276,W,059.0,291.0,050620,,,A*4F
$GPGGA,180005.00,3725.179113,N,12213.279133,W,7,,0.38,59.18,M,0.0,M,0.0,0000*55
$GPRMC,180005.00,A,3725.179113,N,12213.279133,W,058.6,292.8,050620,,,A*4A
$GPGGA,180006.00,3725.185912,N,12213.297230,W,7,,0.38,58.96,M,0.0,M,0.0,0000*5B
$GPRMC,180006.00,A,3725.185912,N,12213.297230,W,058.8,296.1,050620,,,A*40
$GPGGA,180007.00,3725.193531,N,12213.315464,W,7,,0.38,58.69,M,0.0,M,0.0,0000*5C
$GPRMC,180007.00,A,3725.193531,N,12213.315464,W,059.3,298.4,050620,,,A*46
$GPGGA,180008.00,3725.201877,N,12213.333283,W,7,,0.38,58.46,M,0.0,M,0.0,0000*52
$GPRMC,180008.00,A,3725.201877,N,12213.333283,W,059.4,301.2,050620,,,A*45
$GPGGA,180009.00,3725.211124,N,12213.351158,W,7,,0.38,59.44,M,0.0,M,0.0,0000*5F
$GPRMC,180009.00,A,3725.211124,N,12213.351158,W,059.2,303.5,050620,,,A*48
$GPGGA,180010.00,3725.220333,N,12213.367628,W,7,,0.38,58.79,M,0.0,M,0.0,0000*5B
$GPRMC,180010.00,A,3725.220333,N,12213.367628,W,059.2,305.5,050620,,,A*45
$GPGGA,180011.00,3725.230252,N,12213.384151,W,7,,0.38,58.42,M,0.0,M,0.0,0000*51
$GPRMC,180011.00,A,3725.230252,N,12213.384151,W,059.4,307.4,050620,,,A*42
$GPGGA,180012.00,3725.240974,N,12213.400760,W,7,,0.38,58.22,M,0.0,M,0.0,0000*53
$GPRMC,180012.00,A,3725.240974,N,12213.400760,W,059.5,309.5,050620,,,A*48
$GPGGA,180013.00,3725.251738,N,12213.416486,W,7,,0.38,58.11,M,0.0,M,0.0,0000*58
$GPRMC,180013.00,A,3725.251738,N,12213.416486,W,059.4,310.7,050620,,,A*48
$GPGGA,180014.00,3725.262382,N,12213.431840,W,7,,0.38,57.96,M,0.0,M,0.0,0000*59
$GPRMC,180014.00,A,3725.262382,N,12213.431840,W,059.8,310.9,050620,,,A*4B
$GPGGA,180015.00,3725.273362,N,12213.447584,W,7,,0.38,57.64,M,0.0,M,0.0,0000*5F
$GPRMC,180015.00,A,3725.273362,N,12213.447584,W,060.3,310.9,050620,,,A*41
$GPGGA,180016.00,3725.284426,N,12213.463568,W,7,,0.38,57.42,M,0.0,M,0.0,0000*53
$GPRMC,180016.00,A,3725.284426,N,12213.463568,W,060.7,310.6,050620,,,A*42
$GPGGA,180017.00,3725.295891,N,12213.480193,W,7,,0.38,57.07,M,0.0,M,0.0,0000*5E
$GPRMC,180017.00,A,3725.295891,N,12213.480193,W,061.3,310.9,050620,,,A*44
$GPGGA,180018.00,3725.306824,N,12213.495991,W,7,,0.38,56.76,M,0.0,M,0.0,0000*5D
$GPRMC,180018.00,A,3725.306824,N,12213.495991,W,061.6,311.1,050620,,,A*4C
$GPGGA,180019.00,3725.318026,N,12213.512179,W,7,,0.38,56.37,M,0.0,M,0.0,0000*5C
$GPRMC,180019.00,A,3725.318026,N,12213.512179,W,061.5,310.9,050620,,,A*42
$GPGGA,180020.00,3725.329510,N,12213.528709,W,7,,0.38,55.76,M,0.0,M,0.0,0000*5A
$GPRMC,180020.00,A,3725.329510,N,12213.528709,W,061.0,310.8,050620,,,A*46
$GPGGA,180021.00,3725.340280,N,12213.544400,W,7,,0.38,55.18,M,0.0,M,0.0,0000*52
$GPRMC,180021.00,A,3725.340280,N,12213.544400,W,060.8,310.8,050620,,,A*4F
$GPGGA,180022.00,3725.351218,N,12213.560384,W,7,,0.38,54.46,M,0.0,M,0.0,0000*57
$GPRMC,180022.00,A,3725.351218,N,12213.560384,W,060.5,310.6,050620,,,A*43
$GPGGA,180023.00,3725.362101,N,12213.576266,W,7,,0.38,53.70,M,0.0,M,0.0,0000*55
$GPRMC,180023.00,A,3725.362101,N,12213.576266,W,060.1,310.7,050620,,,A*46
$GPGGA,180024.00,3725.373040,N,12213.592226,W,7,,0.38,52.83,M,0.0,M,0.0,0000*55
$GPRMC,180024.00,A,3725.373040,N,12213.592226,W,060.6,310.7,050620,,,A*4C
$GPGGA,180025.00,3725.384188,N,12213.608413,W,7,,0.38,51.86,M,0.0,M,0.0,0000*5F
$GPRMC,180025.00,A,3725.384188,N,12213.608413,W,061.2,310.8,050620,,,A*4A
$GPGGA,180026.00,3725.395282,N,12213.624440,W,7,,0.38,52.73,M,0.0,M,0.0,0000*54
$GPRMC,180026.00,A,3725.395282,N,12213.624440,W,060.9,310.9,050620,,,A*43
$GPGGA,180027.00,3725.406357,N,12213.640352,W,7,,0.38,51.24,M,0.0,M,0.0,0000*56
$GPRMC,180027.00,A,3725.406357,N,12213.640352,W,060.7,311.1,050620,,,A*47
$GPGGA,180028.00,3725.417673,N,12213.656738,W,7,,0.38,49.96,M,0.0,M,0.0,0000*55
$GPRMC,180028.00,A,3725.417673,N,12213.656738,W,060.3,310.9,050620,,,A*49
$GPGGA,180029.00,3725.428425,N,12213.672194,W,7,,0.38,48.80,M,0.0,M,0.0,0000*59
$GPRMC,180029.00,A,3725.428425,N,12213.672194,W,060.3,311.1,050620,,,A*4A
$GPGGA,180030.00,3725.439400,N,12213.687925,W,7,,0.38,47.66,M,0.0,M,0.0,0000*59
$GPRMC,180030.00,A,3725.439400,N,12213.687925,W,060.1,311.0,050620,,,A*4E
$GPGGA,180032.00,3725.461324,N,12213.719293,W,7,,0.38,46.13,M,0.0,M,0.0,0000*54
$GPRMC,180032.00,A,3725.461324,N,12213.719293,W,059.3,311.2,050620,,,A*4A
$GPGGA,180033.00,3725.472093,N,12213.734815,W,7,,0.38,45.68,M,0.0,M,0.0,0000*5C
$GPRMC,180033.00,A,3725.472093,N,12213.734815,W,059.1,311.1,050620,,,A*4C
$GPGGA,180034.00,3725.482965,N,12213.750313,W,7,,0.38,45.36,M,0.0,M,0.0,0000*50
$GPRMC,180034.00,A,3725.482965,N,12213.750313,W,059.5,311.4,050620,,,A*4A
$GPGGA,180035.00,3725.494059,N,12213.765811,W,7,,0.38,45.25,M,0.0,M,0.0,0000*5D
$GPRMC,180035.00,A,3725.494059,N,12213.765811,W,060.0,312.2,050620,,,A*4F
$GPGGA,180036.00,3725.505873,N,12213.781916,W,7,,0.38,45.29,M,0.0,M,0.0,0000*57
$GPRMC,180036.00,A,3725.505873,N,12213.781916,W,060.5,313.0,050620,,,A*4F
$GPGGA,180037.00,3725.517069,N,12213.796796,W,7,,0.38,45.50,M,0.0,M,0.0,0000*58
$GPRMC,180037.00,A,3725.517069,N,12213.796796,W,060.8,313.7,050620,,,A*44
$GPGGA,180038.00,3725.528806,N,12213.811927,W,7,,0.38,45.90,M,0.0,M,0.0,0000*52
$GPRMC,180038.00,A,3725.528806,N,12213.811927,W,060.7,314.6,050620,,,A*4B
$GPGGA,180039.00,3725.540704,N,12213.826789,W,7,,0.38,46.45,M,0.0,M,0.0,0000*55
$GPRMC,180039.00,A,3725.540704,N,12213.826789,W,060.6,315.5,050620,,,A*44
$GPGGA,180040.00,3725.552884,N,12213.841676,W,7,,0.38,47.07,M,0.0,M,0.0,0000*58
$GPRMC,180040.00,A,3725.552884,N,12213.841676,W,060.6,315.7,050620,,,A*4C
$GPGGA,180041.00,3725.564949,N,12213.856279,W,7,,0.38,49.09,M,0.0,M,0.0,0000*51
$GPRMC,180041.00,A,3725.564949,N,12213.856279,W,060.5,316.0,050620,,,A*42
$GPGGA,180042.00,3725.576968,N,12213.870908,W,7,,0.38,49.49,M,0.0,M,0.0,0000*5F
$GPRMC,180042.00,A,3725.576968,N,12213.870908,W,060.3,315.8,050620,,,A*45
$GPGGA,180043.00,3725.588871,N,12213.885421,W,7,,0.38,50.26,M,0.0,M,0.0,0000*5B
$GPRMC,180043.00,A,3725.588871,N,12213.885421,W,059.8,315.9,050620,,,A*40
$GPGGA,180044.00,3725.601112,N,12213.900302,W,7,,0.38,51.17,M,0.0,M,0.0,0000*5B
$GPRMC,180044.00,A,3725.601112,N,12213.900302,W,058.7,315.8,050620,,,A*4C
$GPGGA,180045.00,3725.612253,N,12213.913855,W,7,,0.38,52.23,M,0.0,M,0.0,0000*51
$GPRMC,180045.00,A,3725.612253,N,12213.913855,W,057.4,316.0,050620,,,A*45
$GPGGA,180046.00,3725.623486,N,12213.927601,W,7,,0.38,53.44,M,0.0,M,0.0,0000*56
$GPRMC,180046.00,A,3725.623486,N,12213.927601,W,056.3,315.8,050620,,,A*4F
$GPGGA,180047.00,3725.634682,N,12213.941257,W,7,,0.38,54.63,M,0.0,M,0.0,0000*52
$GPRMC,180047.00,A,3725.634682,N,12213.941257,W,055.6,315.8,050620,,,A*4F
$GPGGA,180048.00,3725.645548,N,12213.954727,W,7,,0.38,55.76,M,0.0,M,0.0,0000*5D
$GPRMC,180048.00,A,3725.645548,N,12213.954727,W,054.9,315.4,050620,,,A*47
$GPGGA,180049.00,3725.656227,N,12213.968257,W,7,,0.38,56.84,M,0.0,M,0.0,0000*53
$GPRMC,180049.00,A,3725.656227,N,12213.968257,W,054.6,314.6,050620,,,A*4B
$GPGGA,180050.00,3725.666721,N,12213.981961,W,7,,0.38,57.87,M,0.0,M,0.0,0000*50
$GPRMC,180050.00,A,3725.666721,N,12213.981961,W,054.5,313.7,050620,,,A*4F
$GPGGA,180051.00,3725.677060,N,12213.995930,W,7,,0.38,58.91,M,0.0,M,0.0,0000*5A
$GPRMC,180051.00,A,3725.677060,N,12213.995930,W,054.2,312.5,050620,,,A*49
$GPGGA,180052.00,3725.687409,N,12214.010390,W,7,,0.38,59.98,M,0.0,M,0.0,0000*56
$GPRMC,180052.00,A,3725.687409,N,12214.010390,W,054.1,312.0,050620,,,A*4B
$GPGGA,180053.00,3725.696992,N,12214.023985,W,7,,0.38,60.91,M,0.0,M,0.0,0000*55
$GPRMC,180053.00,A,3725.696992,N,12214.023985,W,054.0,311.6,050620,,,A*4F
$GPGGA,180054.00,3725.706783,N,12214.038175,W,7,,0.38,61.85,M,0.0,M,0.0,0000*5D
$GPRMC,180054.00,A,3725.706783,N,12214.038175,W,053.8,310.9,050620,,,A*42
$GPGGA,180055.00,3725.716390,N,12214.052354,W,7,,0.38,62.73,M,0.0,M,0.0,0000*5C
$GPRMC,180055.00,A,3725.716390,N,12214.052354,W,052.7,310.3,050620,,,A*4D
$GPGGA,180056.00,3725.725719,N,12214.066058,W,7,,0.38,63.64,M,0.0,M,0.0,0000*55
$GPRMC,180056.00,A,3725.725719,N,12214.066058,W,051.4,310.5,050620,,,A*45
$GPGGA,180057.00,3725.734833,N,12214.079384,W,7,,0.38,64.55,M,0.0,M,0.0,0000*5A
$GPRMC,180057.00,A,3725.734833,N,12214.079384,W,050.0,310.7,050620,,,A*48
$GPGGA,180058.00,3725.743690,N,12214.092356,W,7,,0.38,65.42,M,0.0,M,0.0,0000*5F
$GPRMC,180058.00,A,3725.743690,N,12214.092356,W,048.7,310.5,050620,,,A*46
$GPGGA,180059.00,3725.752360,N,12214.105052,W,7,,0.38,66.14,M,0.0,M,0.0,0000*5C
$GPRMC,180059.00,A,3725.752360,N,12214.105052,W,047.3,310.6,050620,,,A*4D
$GPGGA,180100.00,3725.760999,N,12214.117621,W,7,,0.38,66.74,M,0.0,M,0.0,0000*5B
$GPRMC,180100.00,A,3725.760999,N,12214.117621,W,045.7,310.6,050620,,,A*4A
$GPGGA,180101.00,3725.769046,N,12214.129345,W,7,,0.38,67.31,M,0.0,M,0.0,0000*52
$GPRMC,180101.00,A,3725.769046,N,12214.129345,W,044.2,310.9,050620,,,A*48
$GPGGA,180102.00,3725.776713,N,12214.140422,W,7,,0.38,67.78,M,0.0,M,0.0,0000*5C
$GPRMC,180102.00,A,3725.776713,N,12214.140422,W,042.8,311.1,050620,,,A*4E
$GPGGA,180103.00,3725.784424,N,12214.151491,W,7,,0.38,68.27,M,0.0,M,0.0,0000*5A
$GPRMC,180103.00,A,3725.784424,N,12214.151491,W,042.0,311.2,050620,,,A*46
$GPGGA,180104.00,3725.791942,N,12214.162351,W,7,,0.38,68.70,M,0.0,M,0.0,0000*5D
$GPRMC,180104.00,A,3725.791942,N,12214.162351,W,041.2,311.4,050620,,,A*44
$GPGGA,180105.00,3725.799574,N,12214.173356,W,7,,0.38,69.13,M,0.0,M,0.0,0000*5E
$GPRMC,180105.00,A,3725.799574,N,12214.173356,W,040.6,311.0,050620,,,A*42
$GPGGA,180106.00,3725.806785,N,12214.183796,W,7,,0.38,69.48,M,0.0,M,0.0,0000*51
$GPRMC,180106.00,A,3725.806785,N,12214.183796,W,040.6,311.0,050620,,,A*43
$GPGGA,180107.00,3725.814244,N,12214.194607,W,7,,0.38,69.78,M,0.0,M,0.0,0000*57
$GPRMC,180107.00,A,3725.814244,N,12214.194607,W,041.3,310.9,050620,,,A*4A
$GPGGA,180108.00,3725.822091,N,12214.206055,W,7,,0.38,70.19,M,0.0,M,0.0,0000*51
$GPRMC,180108.00,A,3725.822091,N,12214.206055,W,042.3,310.5,050620,,,A*4C
$GPGGA,180109.00,3725.829808,N,12214.217485,W,7,,0.38,70.46,M,0.0,M,0.0,0000*50
$GPRMC,180109.00,A,3725.829808,N,12214.217485,W,043.3,310.1,050620,,,A*42
$GPGGA,180110.00,3725.837446,N,12214.228850,W,7,,0.38,70.75,M,0.0,M,0.0,0000*59
$GPRMC,180110.00,A,3725.837446,N,12214.228850,W,044.4,310.3,050620,,,A*49
$GPGGA,180111.00,3725.845678,N,12214.240844,W,7,,0.38,70.88,M,0.0,M,0.0,0000*5B
$GPRMC,180111.00,A,3725.845678,N,12214.240844,W,045.3,310.6,050620,,,A*4A
$GPGGA,180112.00,3725.854065,N,12214.252970,W,7,,0.38,71.09,M,0.0,M,0.0,0000*5F
$GPRMC,180112.00,A,3725.854065,N,12214.252970,W,046.3,311.0,050620,,,A*42
$GPGGA,180113.00,3725.862982,N,12214.265648,W,7,,0.38,71.19,M,0.0,M,0.0,0000*5A
$GPRMC,180113.00,A,3725.862982,N,12214.265648,W,047.4,311.8,050620,,,A*48
$GPGGA,180114.00,3725.871705,N,12214.277635,W,7,,0.38,71.34,M,0.0,M,0.0,0000*58
$GPRMC,180114.00,A,3725.871705,N,12214.277635,W,048.5,312.7,050620,,,A*47
$GPGGA,180115.00,3725.881191,N,12214.290104,W,7,,0.38,71.49,M,0.0,M,0.0,0000*5B
$GPRMC,180115.00,A,3725.881191,N,12214.290104,W,049.4,313.9,050620,,,A*41
$GPGGA,180116.00,3725.891206,N,12214.302944,W,7,,0.38,71.33,M,0.0,M,0.0,0000*5F
$GPRMC,180116.00,A,3725.891206,N,12214.302944,W,050.3,314.8,050620,,,A*41
$GPGGA,180117.00,3725.900943,N,12214.315063,W,7,,0.38,71.41,M,0.0,M,0.0,0000*52
$GPRMC,180117.00,A,3725.900943,N,12214.315063,W,051.2,315.4,050620,,,A*44
$GPGGA,180118.00,3725.911335,N,12214.327753,W,7,,0.38,71.27,M,0.0,M,0.0,0000*53
$GPRMC,180118.00,A,3725.911335,N,12214.327753,W,051.9,315.9,050620,,,A*43
$GPGGA,180119.00,3725.921680,N,12214.340335,W,7,,0.38,71.05,M,0.0,M,0.0,0000*5F
$GPRMC,180119.00,A,3725.921680,N,12214.340335,W,051.9,315.8,050620,,,A*4E
$GPGGA,180120.00,3725.931873,N,12214.352917,W,7,,0.38,70.87,M,0.0,M,0.0,0000*54
$GPRMC,180120.00,A,3725.931873,N,12214.352917,W,051.3,315.4,050620,,,A*48
$GPGGA,180121.00,3725.942320,N,12214.365673,W,7,,0.38,70.62,M,0.0,M,0.0,0000*5E
$GPRMC,180121.00,A,3725.942320,N,12214.365673,W,050.7,315.5,050620,,,A*4D
$GPGGA,180122.00,3725.952178,N,12214.377607,W,7,,0.38,70.35,M,0.0,M,0.0,0000*51
$GPRMC,180122.00,A,3725.952178,N,12214.377607,W,050.4,316.3,050620,,,A*46
$GPGGA,180123.00,3725.962288,N,12214.389638,W,7,,0.38,70.07,M,0.0,M,0.0,0000*53
$GPRMC,180123.00,A,3725.962288,N,12214.389638,W,050.1,316.6,050620,,,A*45
$GPGGA,180124.00,3725.972625,N,12214.401956,W,7,,0.38,69.93,M,0.0,M,0.0,0000*53
$GPRMC,180124.00,A,3725.972625,N,12214.401956,W,049.6,316.3,050620,,,A*4A
$GPGGA,180125.00,3725.982537,N,12214.413776,W,7,,0.38,69.71,M,0.0,M,0.0,0000*5E
$GPRMC,180125.00,A,3725.982537,N,12214.413776,W,049.1,316.2,050620,,,A*4D
$GPGGA,180126.00,3725.992090,N,12214.425217,W,7,,0.38,69.40,M,0.0,M,0.0,0000*51
$GPRMC,180126.00,A,3725.992090,N,12214.425217,W,048.5,316.4,050620,,,A*43
$GPGGA,180127.00,3726.001731,N,12214.436791,W,7,,0.38,69.30,M,0.0,M,0.0,0000*52
$GPRMC,180127.00,A,3726.001731,N,12214.436791,W,047.8,316.0,050620,,,A*41
$GPGGA,180128.00,3726.011236,N,12214.448162,W,7,,0.38,68.86,M,0.0,M,0.0,0000*51
$GPRMC,180128.00,A,3726.011236,N,12214.448162,W,047.2,316.4,050620,,,A*40
$GPGGA,180129.00,3726.020805,N,12214.459459,W,7,,0.38,68.56,M,0.0,M,0.0,0000*58
$GPRMC,180129.00,A,3726.020805,N,12214.459459,W,046.8,316.8,050620,,,A*43
$GPGGA,180130.00,3726.030214,N,12214.470469,W,7,,0.38,68.20,M,0.0,M,0.0,0000*52
$GPRMC,180130.00,A,3726.030214,N,12214.470469,W,046.3,317.0,050620,,,A*4A
$GPGGA,180131.00,3726.039550,N,12214.481485,W,7,,0.38,67.88,M,0.0,M,0.0,0000*5C
$GPRMC,180131.00,A,3726.039550,N,12214.481485,W,046.0,316.6,050620,,,A*4D
$GPGGA,180132.00,3726.049191,N,12214.493018,W,7,,0.38,67.47,M,0.0,M,0.0,0000*51
$GPRMC,180132.00,A,3726.049191,N,12214.493018,W,046.7,316.1,050620,,,A*43
$GPGGA,180133.00,3726.058395,N,12214.504304,W,7,,0.38,62.47,M,0.0,M,0.0,0000*52
$GPRMC,180133.00,A,3726.058395,N,12214.504304,W,047.7,315.1,050620,,,A*47
$GPGGA,180134.00,3726.067852,N,12214.516340,W,7,,0.38,63.77,M,0.0,M,0.0,0000*58
$GPRMC,180134.00,A,3726.067852,N,12214.516340,W,048.7,314.3,050620,,,A*43
$GPGGA,180135.00,3726.077475,N,12214.528730,W,7,,0.38,64.25,M,0.0,M,0.0,0000*5F
$GPRMC,180135.00,A,3726.077475,N,12214.528730,W,050.0,314.6,050620,,,A*4F
$GPGGA,180136.00,3726.087478,N,12214.541282,W,7,,0.38,64.34,M,0.0,M,0.0,0000*5D
$GPRMC,180136.00,A,3726.087478,N,12214.541282,W,051.4,315.3,050620,,,A*4C
$GPGGA,180137.00,3726.097996,N,12214.554073,W,7,,0.38,64.20,M,0.0,M,0.0,0000*5D
$GPRMC,180137.00,A,3726.097996,N,12214.554073,W,052.6,316.1,050620,,,A*49
$GPGGA,180138.00,3726.108765,N,12214.566938,W,7,,0.38,64.04,M,0.0,M,0.0,0000*56
$GPRMC,180138.00,A,3726.108765,N,12214.566938,W,054.0,316.6,050620,,,A*43
$GPGGA,180139.00,3726.119812,N,12214.580006,W,7,,0.38,61.51,M,0.0,M,0.0,0000*51
$GPRMC,180139.00,A,3726.119812,N,12214.580006,W,055.0,316.8,050620,,,A*4E
$GPGGA,180140.00,3726.131361,N,12214.593734,W,7,,0.38,62.35,M,0.0,M,0.0,0000*5F
$GPRMC,180140.00,A,3726.131361,N,12214.593734,W,055.8,316.6,050620,,,A*47
$GPGGA,180141.00,3726.142498,N,12214.606946,W,7,,0.38,62.88,M,0.0,M,0.0,0000*59
$GPRMC,180141.00,A,3726.142498,N,12214.606946,W,056.7,316.7,050620,,,A*4A
$GPGGA,180142.00,3726.154066,N,12214.620650,W,7,,0.38,63.17,M,0.0,M,0.0,0000*53
$GPRMC,180142.00,A,3726.154066,N,12214.620650,W,057.5,316.7,050620,,,A*44
$GPGGA,180143.00,3726.165772,N,12214.634431,W,7,,0.38,63.66,M,0.0,M,0.0,0000*54
$GPRMC,180143.00,A,3726.165772,N,12214.634431,W,058.1,316.8,050620,,,A*41
$GPGGA,180144.00,3726.177748,N,12214.648382,W,7,,0.38,64.05,M,0.0,M,0.0,0000*5F
$GPRMC,180144.00,A,3726.177748,N,12214.648382,W,058.5,317.1,050620,,,A*44
$GPGGA,180145.00,3726.189795,N,12214.662151,W,7,,0.38,64.63,M,0.0,M,0.0,0000*5B
$GPRMC,180145.00,A,3726.189795,N,12214.662151,W,058.8,317.8,050620,,,A*44
$GPGGA,180146.00,3726.201981,N,12214.675747,W,7,,0.38,64.78,M,0.0,M,0.0,0000*5D
$GPRMC,180146.00,A,3726.201981,N,12214.675747,W,058.8,318.4,050620,,,A*4B
$GPGGA,180147.00,3726.214078,N,12214.689404,W,7,,0.38,65.84,M,0.0,M,0.0,0000*52
$GPRMC,180147.00,A,3726.214078,N,12214.689404,W,058.6,317.8,050620,,,A*4B
$GPGGA,180148.00,3726.226503,N,12214.703743,W,7,,0.38,67.03,M,0.0,M,0.0,0000*5B
$GPRMC,180148.00,A,3726.226503,N,12214.703743,W,058.4,317.0,050620,,,A*45
$GPGGA,180149.00,3726.237976,N,12214.717124,W,7,,0.38,68.17,M,0.0,M,0.0,0000*5C
$GPRMC,180149.00,A,3726.237976,N,12214.717124,W,058.3,317.3,050620,,,A*4C
$GPGGA,180150.00,3726.249807,N,12214.730869,W,7,,0.38,69.47,M,0.0,M,0.0,0000*5B
$GPRMC,180150.00,A,3726.249807,N,12214.730869,W,058.1,317.2,050620,,,A*4C
$GPGGA,180151.00,3726.261544,N,12214.744687,W,7,,0.38,70.70,M,0.0,M,0.0,0000*5B
$GPRMC,180151.00,A,3726.261544,N,12214.744687,W,058.0,316.6,050620,,,A*44
$GPGGA,180152.00,3726.273250,N,12214.758812,W,7,,0.38,72.09,M,0.0,M,0.0,0000*5A
$GPRMC,180152.00,A,3726.273250,N,12214.758812,W,057.9,316.0,050620,,,A*49
$GPGGA,180153.00,3726.284704,N,12214.772893,W,7,,0.38,73.24,M,0.0,M,0.0,0000*58
$GPRMC,180153.00,A,3726.284704,N,12214.772893,W,057.8,315.6,050620,,,A*41
$GPGGA,180154.00,3726.296164,N,12214.786987,W,7,,0.38,74.48,M,0.0,M,0.0,0000*5E
$GPRMC,180154.00,A,3726.296164,N,12214.786987,W,057.9,315.7,050620,,,A*4A
$GPGGA,180155.00,3726.307648,N,12214.801075,W,7,,0.38,75.80,M,0.0,M,0.0,0000*5E
$GPRMC,180155.00,A,3726.307648,N,12214.801075,W,057.9,315.9,050620,,,A*41
$GPGGA,180156.00,3726.319641,N,12214.815704,W,7,,0.38,77.04,M,0.0,M,0.0,0000*51
$GPRMC,180156.00,A,3726.319641,N,12214.815704,W,057.9,315.9,050620,,,A*40
$GPGGA,180157.00,3726.330801,N,12214.829323,W,7,,0.38,78.28,M,0.0,M,0.0,0000*5E
$GPRMC,180157.00,A,3726.330801,N,12214.829323,W,057.9,315.7,050620,,,A*40
$GPGGA,180158.00,3726.342219,N,12214.843490,W,7,,0.38,79.50,M,0.0,M,0.0,0000*5A
$GPRMC,180158.00,A,3726.342219,N,12214.843490,W,057.9,315.2,050620,,,A*4F
$GPGGA,180159.00,3726.353709,N,12214.857835,W,7,,0.38,80.70,M,0.0,M,0.0,0000*5D
$GPRMC,180159.00,A,3726.353709,N,12214.857835,W,057.8,315.2,050620,,,A*4D
$GPGGA,180200.00,3726.365068,N,12214.872049,W,7,,0.38,81.95,M,0.0,M,0.0,0000*59
$GPRMC,180200.00,A,3726.365068,N,12214.872049,W,057.8,315.2,050620,,,A*43
$GPGGA,180201.00,3726.376395,N,12214.886318,W,7,,0.38,83.03,M,0.0,M,0.0,0000*5A
$GPRMC,180201.00,A,3726.376395,N,12214.886318,W,057.8,314.9,050620,,,A*47
$GPGGA,180202.00,3726.387591,N,12214.900700,W,7,,0.38,84.22,M,0.0,M,0.0,0000*53
$GPRMC,180202.00,A,3726.387591,N,12214.900700,W,057.8,314.1,050620,,,A*42
$GPGGA,180203.00,3726.398860,N,12214.915369,W,7,,0.38,80.80,M,0.0,M,0.0,0000*5C
$GPRMC,180203.00,A,3726.398860,N,12214.915369,W,057.8,313.9,050620,,,A*4E
$GPGGA,180204.00,3726.410295,N,12214.930352,W,7,,0.38,83.59,M,0.0,M,0.0,0000*54
$GPRMC,180204.00,A,3726.410295,N,12214.930352,W,057.8,313.9,050620,,,A*41
$GPGGA,180205.00,3726.421030,N,12214.944409,W,7,,0.38,85.67,M,0.0,M,0.0,0000*5B
$GPRMC,180205.00,A,3726.421030,N,12214.944409,W,057.8,313.9,050620,,,A*45
$GPGGA,180206.00,3726.432094,N,12214.958953,W,7,,0.38,87.47,M,0.0,M,0.0,0000*5B
$GPRMC,180206.00,A,3726.432094,N,12214.958953,W,057.8,313.7,050620,,,A*4B
$GPGGA,180207.00,3726.443356,N,12214.973726,W,7,,0.38,89.03,M,0.0,M,0.0,0000*5A
$GPRMC,180207.00,A,3726.443356,N,12214.973726,W,058.4,313.8,050620,,,A*48
$GPGGA,180208.00,3726.454683,N,12214.988485,W,7,,0.38,90.42,M,0.0,M,0.0,0000*5D
$GPRMC,180208.00,A,3726.454683,N,12214.988485,W,059.0,314.0,050620,,,A*48
$GPGGA,180209.00,3726.466503,N,12215.003846,W,7,,0.38,91.86,M,0.0,M,0.0,0000*57
$GPRMC,180209.00,A,3726.466503,N,12215.003846,W,059.6,314.0,050620,,,A*4D
$GPGGA,180210.00,3726.477675,N,12215.018450,W,7,,0.38,93.17,M,0.0,M,0.0,0000*56
$GPRMC,180210.00,A,3726.477675,N,12215.018450,W,060.2,314.0,050620,,,A*48
$GPGGA,180211.00,3726.489478,N,12215.033750,W,7,,0.38,94.57,M,0.0,M,0.0,0000*50
$GPRMC,180211.00,A,3726.489478,N,12215.033750,W,060.6,314.2,050620,,,A*4B
$GPGGA,180212.00,3726.501633,N,12215.049560,W,7,,0.38,96.20,M,0.0,M,0.0,0000*51
$GPRMC,180212.00,A,3726.501633,N,12215.049560,W,061.2,314.0,050620,,,A*4F
$GPGGA,180213.00,3726.512991,N,12215.064512,W,7,,0.38,97.67,M,0.0,M,0.0,0000*5D
$GPRMC,180213.00,A,3726.512991,N,12215.064512,W,061.4,313.9,050620,,,A*49
$GPGGA,180214.00,3726.524854,N,12215.080208,W,7,,0.38,99.11,M,0.0,M,0.0,0000*5E
$GPRMC,180214.00,A,3726.524854,N,12215.080208,W,061.7,313.6,050620,,,A*49
$GPGGA,180215.00,3726.536511,N,12215.096120,W,7,,0.38,100.59,M,0.0,M,0.0,0000*63
$GPRMC,180215.00,A,3726.536511,N,12215.096120,W,062.1,312.4,050620,,,A*4F
$GPGGA,180216.00,3726.547852,N,12215.112536,W,7,,0.38,101.98,M,0.0,M,0.0,0000*6E
$GPRMC,180216.00,A,3726.547852,N,12215.112536,W,062.5,310.2,050620,,,A*4E
$GPGGA,180217.00,3726.558940,N,12215.130332,W,7,,0.38,103.38,M,0.0,M,0.0,0000*69
$GPRMC,180217.00,A,3726.558940,N,12215.130332,W,062.9,306.8,050620,,,A*40
$GPGGA,180218.00,3726.568989,N,12215.147875,W,7,,0.38,104.80,M,0.0,M,0.0,0000*6C
$GPRMC,180218.00,A,3726.568989,N,12215.147875,W,063.4,305.0,050620,,,A*46
$GPGGA,180219.00,3726.578799,N,12215.166326,W,7,,0.38,106.12,M,0.0,M,0.0,0000*64
$GPRMC,180219.00,A,3726.578799,N,12215.166326,W,063.9,302.7,050620,,,A*4A
$GPGGA,180220.00,3726.588490,N,12215.185921,W,7,,0.38,107.50,M,0.0,M,0.0,0000*6C
$GPRMC,180220.00,A,3726.588490,N,12215.185921,W,064.3,301.1,050620,,,A*4D
$GPGGA,180221.00,3726.597388,N,12215.205392,W,7,,0.38,108.77,M,0.0,M,0.0,0000*6E
$GPRMC,180221.00,A,3726.597388,N,12215.205392,W,064.6,299.2,050620,,,A*43
$GPGGA,180222.00,3726.605577,N,12215.224927,W,7,,0.38,110.18,M,0.0,M,0.0,0000*64
$GPRMC,180222.00,A,3726.605577,N,12215.224927,W,064.9,297.1,050620,,,A*4B
$GPGGA,180223.00,3726.613461,N,12215.245286,W,7,,0.38,111.48,M,0.0,M,0.0,0000*67
$GPRMC,180223.00,A,3726.613461,N,12215.245286,W,065.2,294.7,050620,,,A*43
$GPGGA,180224.00,3726.620745,N,12215.266177,W,7,,0.38,112.77,M,0.0,M,0.0,0000*66
$GPRMC,180224.00,A,3726.620745,N,12215.266177,W,065.6,292.5,050620,,,A*4D
$GPGGA,180225.00,3726.627651,N,12215.288198,W,7,,0.38,114.19,M,0.0,M,0.0,0000*6B
$GPRMC,180225.00,A,3726.627651,N,12215.288198,W,066.1,290.2,050620,,,A*4F
$GPGGA,180226.00,3726.633574,N,12215.309486,W,7,,0.38,115.47,M,0.0,M,0.0,0000*61
$GPRMC,180226.00,A,3726.633574,N,12215.309486,W,066.4,288.2,050620,,,A*43
$GPGGA,180227.00,3726.639057,N,12215.331590,W,7,,0.38,116.86,M,0.0,M,0.0,0000*6D
$GPRMC,180227.00,A,3726.639057,N,12215.331590,W,066.6,286.1,050620,,,A*4E
$GPGGA,180228.00,3726.644031,N,12215.354557,W,7,,0.38,118.34,M,0.0,M,0.0,0000*67
$GPRMC,180228.00,A,3726.644031,N,12215.354557,W,066.2,284.3,050620,,,A*47
$GPGGA,180229.00,3726.648069,N,12215.376391,W,7,,0.38,119.73,M,0.0,M,0.0,0000*69
$GPRMC,180229.00,A,3726.648069,N,12215.376391,W,065.9,282.6,050620,,,A*40
$GPGGA,180230.00,3726.651598,N,12215.398735,W,7,,0.38,121.01,M,0.0,M,0.0,0000*66
$GPRMC,180230.00,A,3726.651598,N,12215.398735,W,065.3,281.2,050620,,,A*4C
$GPGGA,180231.00,3726.654495,N,12215.421085,W,7,,0.38,122.17,M,0.0,M,0.0,0000*63
$GPRMC,180231.00,A,3726.654495,N,12215.421085,W,064.9,279.4,050620,,,A*47
$GPGGA,180232.00,3726.656806,N,12215.443340,W,7,,0.38,123.27,M,0.0,M,0.0,0000*68
$GPRMC,180232.00,A,3726.656806,N,12215.443340,W,064.5,277.4,050620,,,A*4C
$GPGGA,180233.00,3726.658384,N,12215.465828,W,7,,0.38,124.27,M,0.0,M,0.0,0000*60
$GPRMC,180233.00,A,3726.658384,N,12215.465828,W,064.1,274.8,050620,,,A*48
$GPGGA,180234.00,3726.659241,N,12215.488027,W,7,,0.38,125.13,M,0.0,M,0.0,0000*6C
$GPRMC,180234.00,A,3726.659241,N,12215.488027,W,063.8,272.7,050620,,,A*45
$GPGGA,180235.00,3726.659482,N,12215.510108,W,7,,0.38,125.77,M,0.0,M,0.0,0000*6A
$GPRMC,180235.00,A,3726.659482,N,12215.510108,W,063.4,270.8,050620,,,A*40
$GPGGA,180236.00,3726.659049,N,12215.532842,W,7,,0.38,126.48,M,0.0,M,0.0,0000*62
$GPRMC,180236.00,A,3726.659049,N,12215.532842,W,063.2,268.4,050620,,,A*44
$GPGGA,180237.00,3726.658071,N,12215.554256,W,7,,0.38,126.88,M,0.0,M,0.0,0000*6A
$GPRMC,180237.00,A,3726.658071,N,12215.554256,W,063.0,266.4,050620,,,A*4C
$GPGGA,180238.00,3726.656649,N,12215.576048,W,7,,0.38,127.25,M,0.0,M,0.0,0000*6D
$GPRMC,180238.00,A,3726.656649,N,12215.576048,W,062.8,265.2,050620,,,A*41
$GPGGA,180239.00,3726.654910,N,12215.597797,W,7,,0.38,111.14,M,0.0,M,0.0,0000*60
$GPRMC,180239.00,A,3726.654910,N,12215.597797,W,062.8,264.3,050620,,,A*4B
$GPGGA,180240.00,3726.653062,N,12215.619523,W,7,,0.38,117.47,M,0.0,M,0.0,0000*6D
$GPRMC,180240.00,A,3726.653062,N,12215.619523,W,062.8,264.3,050620,,,A*46
$GPGGA,180241.00,3726.651255,N,12215.641448,W,7,,0.38,120.97,M,0.0,M,0.0,0000*60
$GPRMC,180241.00,A,3726.651255,N,12215.641448,W,062.8,264.4,050620,,,A*45
$GPGGA,180242.00,3726.649467,N,12215.663203,W,7,,0.38,123.05,M,0.0,M,0.0,0000*6C
$GPRMC,180242.00,A,3726.649467,N,12215.663203,W,062.8,264.3,050620,,,A*46
$GPGGA,180243.00,3726.647715,N,12215.684917,W,7,,0.38,124.46,M,0.0,M,0.0,0000*62
$GPRMC,180243.00,A,3726.647715,N,12215.684917,W,062.8,264.6,050620,,,A*4D
$GPGGA,180244.00,3726.645993,N,12215.707411,W,7,,0.38,125.49,M,0.0,M,0.0,0000*68
$GPRMC,180244.00,A,3726.645993,N,12215.707411,W,062.9,264.7,050620,,,A*49
$GPGGA,180245.00,3726.644380,N,12215.728700,W,7,,0.38,126.25,M,0.0,M,0.0,0000*67
$GPRMC,180245.00,A,3726.644380,N,12215.728700,W,062.9,264.7,050620,,,A*4F
$GPGGA,180246.00,3726.642681,N,12215.750521,W,7,,0.38,126.68,M,0.0,M,0.0,0000*61
$GPRMC,180246.00,A,3726.642681,N,12215.750521,W,063.1,264.4,050620,,,A*4A
$GPGGA,180247.00,3726.641007,N,12215.772434,W,7,,0.38,127.04,M,0.0,M,0.0,0000*65
$GPRMC,180247.00,A,3726.641007,N,12215.772434,W,063.2,264.5,050620,,,A*47
$GPGGA,180248.00,3726.639213,N,12215.794508,W,7,,0.38,127.44,M,0.0,M,0.0,0000*60
$GPRMC,180248.00,A,3726.639213,N,12215.794508,W,063.2,264.4,050620,,,A*47
$GPGGA,180249.00,3726.637533,N,12215.816371,W,7,,0.38,127.51,M,0.0,M,0.0,0000*63
$GPRMC,180249.00,A,3726.637533,N,12215.816371,W,063.1,264.9,050620,,,A*4E
$GPGGA,180250.00,3726.636028,N,12215.838229,W,7,,0.38,127.70,M,0.0,M,0.0,0000*66
$GPRMC,180250.00,A,3726.636028,N,12215.838229,W,063.2,265.3,050620,,,A*40
$GPGGA,180251.00,3726.634966,N,12215.860268,W,7,,0.38,127.74,M,0.0,M,0.0,0000*6A
$GPRMC,180251.00,A,3726.634966,N,12215.860268,W,063.3,266.8,050620,,,A*41
$GPGGA,180252.00,3726.634395,N,12215.883254,W,7,,0.38,127.88,M,0.0,M,0.0,0000*6E
$GPRMC,180252.00,A,3726.634395,N,12215.883254,W,063.5,268.7,050620,,,A*41
$GPGGA,180253.00,3726.634437,N,12215.904715,W,7,,0.38,127.87,M,0.0,M,0.0,0000*61
$GPRMC,180253.00,A,3726.634437,N,12215.904715,W,063.8,270.7,050620,,,A*45
$GPGGA,180254.00,3726.635133,N,12215.926898,W,7,,0.38,127.74,M,0.0,M,0.0,0000*60
$GPRMC,180254.00,A,3726.635133,N,12215.926898,W,063.8,273.0,050620,,,A*4C
$GPGGA,180255.00,3726.636543,N,12215.949079,W,7,,0.38,127.56,M,0.0,M,0.0,0000*6F
$GPRMC,180255.00,A,3726.636543,N,12215.949079,W,064.1,275.0,050620,,,A*4B
$GPGGA,180256.00,3726.638451,N,12215.971483,W,7,,0.38,127.19,M,0.0,M,0.0,0000*61
$GPRMC,180256.00,A,3726.638451,N,12215.971483,W,064.3,276.4,050620,,,A*4B
$GPGGA,180257.00,3726.640798,N,12215.993738,W,7,,0.38,126.94,M,0.0,M,0.0,0000*62
$GPRMC,180257.00,A,3726.640798,N,12215.993738,W,064.6,277.9,050620,,,A*45
$GPGGA,180258.00,3726.643642,N,12216.015991,W,7,,0.38,126.60,M,0.0,M,0.0,0000*6A
$GPRMC,180258.00,A,3726.643642,N,12216.015991,W,064.9,279.4,050620,,,A*4A
$GPGGA,180259.00,3726.647038,N,12216.038467,W,7,,0.38,126.08,M,0.0,M,0.0,0000*61
$GPRMC,180259.00,A,3726.647038,N,12216.038467,W,065.2,281.3,050620,,,A*45
$GPGGA,180300.00,3726.651183,N,12216.061045,W,7,,0.38,125.67,M,0.0,M,0.0,0000*68
$GPRMC,180300.00,A,3726.651183,N,12216.061045,W,064.4,283.8,050620,,,A*48
$GPGGA,180301.00,3726.655701,N,12216.081746,W,7,,0.38,121.90,M,0.0,M,0.0,0000*67
$GPRMC,180301.00,A,3726.655701,N,12216.081746,W,063.5,285.8,050620,,,A*4B
$GPGGA,180302.00,3726.660904,N,12216.102595,W,7,,0.38,122.91,M,0.0,M,0.0,0000*6D
$GPRMC,180302.00,A,3726.660904,N,12216.102595,W,062.6,287.2,050620,,,A*49
$GPGGA,180303.00,3726.666592,N,12216.123158,W,7,,0.38,123.25,M,0.0,M,0.0,0000*61
$GPRMC,180303.00,A,3726.666592,N,12216.123158,W,061.6,289.2,050620,,,A*46
$GPGGA,180304.00,3726.672693,N,12216.142892,W,7,,0.38,123.28,M,0.0,M,0.0,0000*64
$GPRMC,180304.00,A,3726.672693,N,12216.142892,W,060.6,291.5,050620,,,A*41
$GPGGA,180305.00,3726.679299,N,12216.162104,W,7,,0.38,122.95,M,0.0,M,0.0,0000*63
$GPRMC,180305.00,A,3726.679299,N,12216.162104,W,059.7,295.0,050620,,,A*4B
$GPGGA,180306.00,3726.686163,N,12216.180902,W,7,,0.38,122.64,M,0.0,M,0.0,0000*6A
$GPRMC,180306.00,A,3726.686163,N,12216.180902,W,059.1,295.1,050620,,,A*4B
$GPGGA,180307.00,3726.693345,N,12216.199435,W,7,,0.38,122.51,M,0.0,M,0.0,0000*6E
$GPRMC,180307.00,A,3726.693345,N,12216.199435,W,058.3,296.3,050620,,,A*4B
$GPGGA,180308.00,3726.700984,N,12216.217951,W,7,,0.38,122.29,M,0.0,M,0.0,0000*68
$GPRMC,180308.00,A,3726.700984,N,12216.217951,W,057.9,297.9,050620,,,A*4C
$GPGGA,180309.00,3726.708550,N,12216.235027,W,7,,0.38,122.11,M,0.0,M,0.0,0000*67
$GPRMC,180309.00,A,3726.708550,N,12216.235027,W,057.8,299.6,050620,,,A*48
$GPGGA,180310.00,3726.716691,N,12216.252272,W,7,,0.38,121.82,M,0.0,M,0.0,0000*64
$GPRMC,180310.00,A,3726.716691,N,12216.252272,W,057.6,301.2,050620,,,A*48
$GPGGA,180311.00,3726.725356,N,12216.269318,W,7,,0.38,121.73,M,0.0,M,0.0,0000*60
$GPRMC,180311.00,A,3726.725356,N,12216.269318,W,057.6,303.2,050620,,,A*40
$GPGGA,180312.00,3726.734427,N,12216.285883,W,7,,0.38,121.59,M,0.0,M,0.0,0000*61
$GPRMC,180312.00,A,3726.734427,N,12216.285883,W,057.7,304.9,050620,,,A*44
$GPGGA,180313.00,3726.744142,N,12216.302636,W,7,,0.38,121.46,M,0.0,M,0.0,0000*61
$GPRMC,180313.00,A,3726.744142,N,12216.302636,W,057.8,306.6,050620,,,A*48
$GPGGA,180314.00,3726.753706,N,12216.318001,W,7,,0.38,121.63,M,0.0,M,0.0,0000*68
$GPRMC,180314.00,A,3726.753706,N,12216.318001,W,057.9,308.5,050620,,,A*4A
$GPGGA,180315.00,3726.763960,N,12216.333746,W,7,,0.38,121.79,M,0.0,M,0.0,0000*62
$GPRMC,180315.00,A,3726.763960,N,12216.333746,W,057.9,309.4,050620,,,A*4B
$GPGGA,180316.00,3726.774730,N,12216.349621,W,7,,0.38,122.21,M,0.0,M,0.0,0000*6F
$GPRMC,180316.00,A,3726.774730,N,12216.349621,W,058.1,310.7,050620,,,A*44
$GPGGA,180317.00,3726.785025,N,12216.364405,W,7,,0.38,122.56,M,0.0,M,0.0,0000*68
$GPRMC,180317.00,A,3726.785025,N,12216.364405,W,058.3,311.2,050620,,,A*45
$GPGGA,180318.00,3726.795825,N,12216.379748,W,7,,0.38,122.98,M,0.0,M,0.0,0000*6A
$GPRMC,180318.00,A,3726.795825,N,12216.379748,W,058.4,311.2,050620,,,A*42
$GPGGA,180319.00,3726.806517,N,12216.395119,W,7,,0.38,123.47,M,0.0,M,0.0,0000*61
$GPRMC,180319.00,A,3726.806517,N,12216.395119,W,058.6,311.2,050620,,,A*48
$GPGGA,180320.00,3726.817228,N,12216.410503,W,7,,0.38,124.02,M,0.0,M,0.0,0000*63
$GPRMC,180320.00,A,3726.817228,N,12216.410503,W,058.7,311.0,050620,,,A*4F
$GPGGA,180321.00,3726.828291,N,12216.426343,W,7,,0.38,124.69,M,0.0,M,0.0,0000*66
$GPRMC,180321.00,A,3726.828291,N,12216.426343,W,058.6,311.3,050620,,,A*45
$GPGGA,180322.00,3726.838833,N,12216.441385,W,7,,0.38,125.44,M,0.0,M,0.0,0000*63
$GPRMC,180322.00,A,3726.838833,N,12216.441385,W,058.9,311.4,050620,,,A*46
$GPGGA,180323.00,3726.849574,N,12216.456890,W,7,,0.38,126.25,M,0.0,M,0.0,0000*67
$GPRMC,180323.00,A,3726.849574,N,12216.456890,W,059.1,311.2,050620,,,A*49
$GPGGA,180324.00,3726.860721,N,12216.472946,W,7,,0.38,126.88,M,0.0,M,0.0,0000*62
$GPRMC,180324.00,A,3726.860721,N,12216.472946,W,059.4,311.1,050620,,,A*4D
$GPGGA,180325.00,3726.871569,N,12216.488605,W,7,,0.38,127.84,M,0.0,M,0.0,0000*6D
$GPRMC,180325.00,A,3726.871569,N,12216.488605,W,059.7,311.3,050620,,,A*4E
$GPGGA,180326.00,3726.882298,N,12216.503924,W,7,,0.38,128.77,M,0.0,M,0.0,0000*66
$GPRMC,180326.00,A,3726.882298,N,12216.503924,W,059.9,311.5,050620,,,A*4E
$GPGGA,180327.00,3726.893392,N,12216.519518,W,7,,0.38,129.57,M,0.0,M,0.0,0000*67
$GPRMC,180327.00,A,3726.893392,N,12216.519518,W,060.1,311.7,050620,,,A*4C
$GPGGA,180328.00,3726.904539,N,12216.535178,W,7,,0.38,130.56,M,0.0,M,0.0,0000*65
$GPRMC,180328.00,A,3726.904539,N,12216.535178,W,060.4,311.9,050620,,,A*4C
$GPGGA,180329.00,3726.916090,N,12216.551395,W,7,,0.38,131.51,M,0.0,M,0.0,0000*64
$GPRMC,180329.00,A,3726.916090,N,12216.551395,W,060.6,311.8,050620,,,A*48
$GPGGA,180330.00,3726.927070,N,12216.566798,W,7,,0.38,132.36,M,0.0,M,0.0,0000*6F
$GPRMC,180330.00,A,3726.927070,N,12216.566798,W,060.8,311.7,050620,,,A*40
$GPGGA,180331.00,3726.938241,N,12216.582686,W,7,,0.38,133.25,M,0.0,M,0.0,0000*67
$GPRMC,180331.00,A,3726.938241,N,12216.582686,W,060.9,311.2,050620,,,A*4F
$GPGGA,180332.00,3726.949707,N,12216.599300,W,7,,0.38,131.62,M,0.0,M,0.0,0000*65
$GPRMC,180332.00,A,3726.949707,N,12216.599300,W,061.2,310.6,050620,,,A*43
$GPGGA,180333.00,3726.960567,N,12216.615074,W,7,,0.38,133.24,M,0.0,M,0.0,0000*6C
$GPRMC,180333.00,A,3726.960567,N,12216.615074,W,061.3,310.4,050620,,,A*49
$GPGGA,180334.00,3726.971553,N,12216.631381,W,7,,0.38,134.47,M,0.0,M,0.0,0000*61
$GPRMC,180334.00,A,3726.971553,N,12216.631381,W,061.5,310.1,050620,,,A*45
$GPGGA,180335.00,3726.982497,N,12216.647918,W,7,,0.38,135.59,M,0.0,M,0.0,0000*60
$GPRMC,180335.00,A,3726.982497,N,12216.647918,W,061.8,309.6,050620,,,A*48
$GPGGA,180336.00,3726.993358,N,12216.664687,W,7,,0.38,136.44,M,0.0,M,0.0,0000*60
$GPRMC,180336.00,A,3726.993358,N,12216.664687,W,062.2,308.8,050620,,,A*41
$GPGGA,180337.00,3727.004380,N,12216.681680,W,7,,0.38,137.09,M,0.0,M,0.0,0000*66
$GPRMC,180337.00,A,3727.004380,N,12216.681680,W,062.5,309.4,050620,,,A*45
$GPGGA,180338.00,3727.015449,N,12216.698467,W,7,,0.38,137.68,M,0.0,M,0.0,0000*6F
$GPRMC,180338.00,A,3727.015449,N,12216.698467,W,062.7,309.8,050620,,,A*45
$GPGGA,180339.00,3727.026550,N,12216.715207,W,7,,0.38,137.43,M,0.0,M,0.0,0000*6A
$GPRMC,180339.00,A,3727.026550,N,12216.715207,W,062.7,309.9,050620,,,A*48
$GPGGA,180340.00,3727.038105,N,12216.732427,W,7,,0.38,138.26,M,0.0,M,0.0,0000*62
$GPRMC,180340.00,A,3727.038105,N,12216.732427,W,062.6,309.6,050620,,,A*42
$GPGGA,180341.00,3727.048935,N,12216.748826,W,7,,0.38,138.83,M,0.0,M,0.0,0000*60
$GPRMC,180341.00,A,3727.048935,N,12216.748826,W,062.6,309.6,050620,,,A*4F
$GPGGA,180342.00,3727.060036,N,12216.765595,W,7,,0.38,139.09,M,0.0,M,0.0,0000*6A
$GPRMC,180342.00,A,3727.060036,N,12216.765595,W,062.7,309.6,050620,,,A*47
$GPGGA,180343.00,3727.071123,N,12216.782467,W,7,,0.38,139.27,M,0.0,M,0.0,0000*67
$GPRMC,180343.00,A,3727.071123,N,12216.782467,W,062.9,309.4,050620,,,A*4A
$GPGGA,180344.00,3727.082224,N,12216.799375,W,7,,0.38,139.20,M,0.0,M,0.0,0000*61
$GPRMC,180344.00,A,3727.082224,N,12216.799375,W,063.0,309.5,050620,,,A*42
$GPGGA,180345.00,3727.093485,N,12216.816535,W,7,,0.38,139.31,M,0.0,M,0.0,0000*67
$GPRMC,180345.00,A,3727.093485,N,12216.816535,W,063.3,309.6,050620,,,A*44
$GPGGA,180346.00,3727.104711,N,12216.833546,W,7,,0.38,139.24,M,0.0,M,0.0,0000*62
$GPRMC,180346.00,A,3727.104711,N,12216.833546,W,063.6,309.5,050620,,,A*43
$GPGGA,180347.00,3727.115962,N,12216.850640,W,7,,0.38,139.12,M,0.0,M,0.0,0000*6C
$GPRMC,180347.00,A,3727.115962,N,12216.850640,W,063.8,309.6,050620,,,A*45
$GPGGA,180348.00,3727.127727,N,12216.868508,W,7,,0.38,138.92,M,0.0,M,0.0,0000*60
$GPRMC,180348.00,A,3727.127727,N,12216.868508,W,064.0,309.6,050620,,,A*4F
$GPGGA,180349.00,3727.138702,N,12216.885169,W,7,,0.38,138.66,M,0.0,M,0.0,0000*63
$GPRMC,180349.00,A,3727.138702,N,12216.885169,W,064.2,309.9,050620,,,A*4A
$GPGGA,180350.00,3727.150072,N,12216.902449,W,7,,0.38,138.24,M,0.0,M,0.0,0000*6A
$GPRMC,180350.00,A,3727.150072,N,12216.902449,W,064.5,309.5,050620,,,A*4E
$GPGGA,180351.00,3727.161399,N,12216.919855,W,7,,0.38,137.77,M,0.0,M,0.0,0000*6D
$GPRMC,180351.00,A,3727.161399,N,12216.919855,W,064.6,309.1,050620,,,A*47
$GPGGA,180352.00,3727.172518,N,12216.936956,W,7,,0.38,137.27,M,0.0,M,0.0,0000*69
$GPRMC,180352.00,A,3727.172518,N,12216.936956,W,064.8,309.1,050620,,,A*48
$GPGGA,180353.00,3727.184277,N,12216.954908,W,7,,0.38,136.61,M,0.0,M,0.0,0000*63
$GPRMC,180353.00,A,3727.184277,N,12216.954908,W,064.9,309.6,050620,,,A*47
$GPGGA,180354.00,3727.195834,N,12216.972344,W,7,,0.38,135.83,M,0.0,M,0.0,0000*60
$GPRMC,180354.00,A,3727.195834,N,12216.972344,W,065.3,309.5,050620,,,A*43
$GPGGA,180355.00,3727.207360,N,12216.989929,W,7,,0.38,135.11,M,0.0,M,0.0,0000*6D
$GPRMC,180355.00,A,3727.207360,N,12216.989929,W,065.5,309.3,050620,,,A*45
$GPGGA,180356.00,3727.219407,N,12217.008464,W,7,,0.38,134.36,M,0.0,M,0.0,0000*66
$GPRMC,180356.00,A,3727.219407,N,12217.008464,W,066.0,309.1,050620,,,A*4E
$GPGGA,180357.00,3727.230736,N,12217.025654,W,7,,0.38,133.63,M,0.0,M,0.0,0000*64
$GPRMC,180357.00,A,3727.230736,N,12217.025654,W,066.4,309.8,050620,,,A*46
$GPGGA,180358.00,3727.242526,N,12217.043480,W,7,,0.38,132.89,M,0.0,M,0.0,0000*63
$GPRMC,180358.00,A,3727.242526,N,12217.043480,W,066.6,309.7,050620,,,A*49
$GPGGA,180359.00,3727.254369,N,12217.061479,W,7,,0.38,132.17,M,0.0,M,0.0,0000*69
$GPRMC,180359.00,A,3727.254369,N,12217.061479,W,067.1,309.5,050620,,,A*40
$GPGGA,180400.00,3727.266352,N,12217.079756,W,7,,0.38,131.42,M,0.0,M,0.0,0000*6F
$GPRMC,180400.00,A,3727.266352,N,12217.079756,W,067.5,309.4,050620,,,A*40
$GPGGA,180401.00,3727.278291,N,12217.097996,W,7,,0.38,130.69,M,0.0,M,0.0,0000*65
$GPRMC,180401.00,A,3727.278291,N,12217.097996,W,067.9,309.3,050620,,,A*49
$GPGGA,180402.00,3727.290261,N,12217.116320,W,7,,0.38,129.98,M,0.0,M,0.0,0000*66
$GPRMC,180402.00,A,3727.290261,N,12217.116320,W,068.3,309.3,050620,,,A*49
$GPGGA,180403.00,3727.302471,N,12217.134913,W,7,,0.38,129.12,M,0.0,M,0.0,0000*62
$GPRMC,180403.00,A,3727.302471,N,12217.134913,W,068.7,309.5,050620,,,A*4D
$GPGGA,180404.00,3727.315042,N,12217.154084,W,7,,0.38,128.22,M,0.0,M,0.0,0000*64
$GPRMC,180404.00,A,3727.315042,N,12217.154084,W,069.3,309.7,050620,,,A*4E
$GPGGA,180405.00,3727.326915,N,12217.172048,W,7,,0.38,127.53,M,0.0,M,0.0,0000*63
$GPRMC,180405.00,A,3727.326915,N,12217.172048,W,069.3,309.5,050620,,,A*42
$GPGGA,180406.00,3727.339192,N,12217.190455,W,7,,0.38,126.58,M,0.0,M,0.0,0000*67
$GPRMC,180406.00,A,3727.339192,N,12217.190455,W,068.7,310.1,050620,,,A*45
$GPGGA,180407.00,3727.351509,N,12217.208768,W,7,,0.38,125.68,M,0.0,M,0.0,0000*61
$GPRMC,180407.00,A,3727.351509,N,12217.208768,W,068.0,310.1,050620,,,A*44
$GPGGA,180408.00,3727.363606,N,12217.226738,W,7,,0.38,124.85,M,0.0,M,0.0,0000*68
$GPRMC,180408.00,A,3727.363606,N,12217.226738,W,067.5,310.4,050620,,,A*40
$GPGGA,180409.00,3727.376074,N,12217.244149,W,7,,0.38,124.37,M,0.0,M,0.0,0000*63
$GPRMC,180409.00,A,3727.376074,N,12217.244149,W,067.1,312.7,050620,,,A*47
$GPGGA,180410.00,3727.389040,N,12217.260980,W,7,,0.38,123.98,M,0.0,M,0.0,0000*65
$GPRMC,180410.00,A,3727.389040,N,12217.260980,W,067.3,314.9,050620,,,A*49
$GPGGA,180411.00,3727.402731,N,12217.277378,W,7,,0.38,123.84,M,0.0,M,0.0,0000*67
$GPRMC,180411.00,A,3727.402731,N,12217.277378,W,067.6,317.3,050620,,,A*4A
$GPGGA,180412.00,3727.417420,N,12217.293266,W,7,,0.38,123.86,M,0.0,M,0.0,0000*65
$GPRMC,180412.00,A,3727.417420,N,12217.293266,W,067.8,320.0,050620,,,A*43
$GPGGA,180413.00,3727.431669,N,12217.307473,W,7,,0.38,123.92,M,0.0,M,0.0,0000*64
$GPRMC,180413.00,A,3727.431669,N,12217.307473,W,067.9,322.0,050620,,,A*44
$GPGGA,180414.00,3727.446873,N,12217.321412,W,7,,0.38,124.14,M,0.0,M,0.0,0000*6C
$GPRMC,180414.00,A,3727.446873,N,12217.321412,W,067.8,324.4,050620,,,A*46
$GPGGA,180415.00,3727.462624,N,12217.334738,W,7,,0.38,124.62,M,0.0,M,0.0,0000*69
$GPRMC,180415.00,A,3727.462624,N,12217.334738,W,067.8,326.5,050620,,,A*41
$GPGGA,180416.00,3727.478571,N,12217.347206,W,7,,0.38,125.29,M,0.0,M,0.0,0000*60
$GPRMC,180416.00,A,3727.478571,N,12217.347206,W,067.7,328.5,050620,,,A*47
$GPGGA,180417.00,3727.494796,N,12217.358965,W,7,,0.38,126.00,M,0.0,M,0.0,0000*60
$GPRMC,180417.00,A,3727.494796,N,12217.358965,W,067.5,330.4,050620,,,A*45
$GPGGA,180418.00,3727.511301,N,12217.369874,W,7,,0.38,126.64,M,0.0,M,0.0,0000*68
$GPRMC,180418.00,A,3727.511301,N,12217.369874,W,067.3,332.7,050620,,,A*48
$GPGGA,180419.00,3727.528221,N,12217.380073,W,7,,0.38,127.39,M,0.0,M,0.0,0000*61
$GPRMC,180419.00,A,3727.528221,N,12217.380073,W,067.0,334.9,050620,,,A*43
$GPGGA,180420.00,3727.545843,N,12217.389446,W,7,,0.38,128.04,M,0.0,M,0.0,0000*64
$GPRMC,180420.00,A,3727.545843,N,12217.389446,W,066.7,337.4,050620,,,A*4F
$GPGGA,180421.00,3727.562523,N,12217.397527,W,7,,0.38,128.69,M,0.0,M,0.0,0000*69
$GPRMC,180421.00,A,3727.562523,N,12217.397527,W,066.5,339.5,050620,,,A*44
$GPGGA,180422.00,3727.580086,N,12217.405058,W,7,,0.38,129.43,M,0.0,M,0.0,0000*64
$GPRMC,180422.00,A,3727.580086,N,12217.405058,W,066.2,341.5,050620,,,A*48
$GPGGA,180423.00,3727.597623,N,12217.411868,W,7,,0.38,130.05,M,0.0,M,0.0,0000*6E
$GPRMC,180423.00,A,3727.597623,N,12217.411868,W,066.0,343.3,050620,,,A*4E
$GPGGA,180424.00,3727.615341,N,12217.417777,W,7,,0.38,130.61,M,0.0,M,0.0,0000*64
$GPRMC,180424.00,A,3727.615341,N,12217.417777,W,065.9,345.4,050620,,,A*4D
$GPGGA,180425.00,3727.633750,N,12217.422901,W,7,,0.38,131.44,M,0.0,M,0.0,0000*6A
$GPRMC,180425.00,A,3727.633750,N,12217.422901,W,065.8,348.1,050620,,,A*4C
$GPGGA,180426.00,3727.651336,N,12217.426837,W,7,,0.38,132.16,M,0.0,M,0.0,0000*6D
$GPRMC,180426.00,A,3727.651336,N,12217.426837,W,065.8,350.8,050620,,,A*4F
$GPGGA,180427.00,3727.669390,N,12217.429825,W,7,,0.38,132.94,M,0.0,M,0.0,0000*6D
$GPRMC,180427.00,A,3727.669390,N,12217.429825,W,065.7,353.2,050620,,,A*43
$GPGGA,180428.00,3727.688080,N,12217.432142,W,7,,0.38,133.66,M,0.0,M,0.0,0000*61
$GPRMC,180428.00,A,3727.688080,N,12217.432142,W,065.6,354.9,050620,,,A*4E
$GPGGA,180429.00,3727.706211,N,12217.433540,W,7,,0.38,134.49,M,0.0,M,0.0,0000*60
$GPRMC,180429.00,A,3727.706211,N,12217.433540,W,065.4,357.2,050620,,,A*4F
$GPGGA,180430.00,3727.723941,N,12217.434512,W,7,,0.38,135.35,M,0.0,M,0.0,0000*6B
$GPRMC,180430.00,A,3727.723941,N,12217.434512,W,065.3,357.5,050620,,,A*4E
$GPGGA,180431.00,3727.741965,N,12217.435436,W,7,,0.38,136.20,M,0.0,M,0.0,0000*69
$GPRMC,180431.00,A,3727.741965,N,12217.435436,W,065.0,357.8,050620,,,A*45
$GPGGA,180432.00,3727.760061,N,12217.436059,W,7,,0.38,136.61,M,0.0,M,0.0,0000*6F
$GPRMC,180432.00,A,3727.760061,N,12217.436059,W,065.0,358.3,050620,,,A*42
$GPGGA,180433.00,3727.778662,N,12217.436498,W,7,,0.38,137.38,M,0.0,M,0.0,0000*66
$GPRMC,180433.00,A,3727.778662,N,12217.436498,W,064.9,358.8,050620,,,A*45
$GPGGA,180434.00,3727.796211,N,12217.436984,W,7,,0.38,137.93,M,0.0,M,0.0,0000*60
$GPRMC,180434.00,A,3727.796211,N,12217.436984,W,064.7,358.4,050620,,,A*40
$GPGGA,180435.00,3727.814158,N,12217.437620,W,7,,0.38,138.72,M,0.0,M,0.0,0000*6A
$GPRMC,180435.00,A,3727.814158,N,12217.437620,W,064.5,358.2,050620,,,A*4E
$GPGGA,180436.00,3727.832583,N,12217.438346,W,7,,0.38,139.60,M,0.0,M,0.0,0000*67
$GPRMC,180436.00,A,3727.832583,N,12217.438346,W,064.3,358.2,050620,,,A*47
$GPGGA,180437.00,3727.850427,N,12217.439431,W,7,,0.38,140.12,M,0.0,M,0.0,0000*60
$GPRMC,180437.00,A,3727.850427,N,12217.439431,W,064.2,356.8,050620,,,A*4E
$GPGGA,180438.00,3727.867846,N,12217.441015,W,7,,0.38,140.65,M,0.0,M,0.0,0000*6D
$GPRMC,180438.00,A,3727.867846,N,12217.441015,W,064.3,355.4,050620,,,A*4D
$GPGGA,180439.00,3727.885612,N,12217.443374,W,7,,0.38,141.08,M,0.0,M,0.0,0000*63
$GPRMC,180439.00,A,3727.885612,N,12217.443374,W,064.3,353.3,050620,,,A*48
$GPGGA,180440.00,3727.903359,N,12217.446457,W,7,,0.38,141.44,M,0.0,M,0.0,0000*63
$GPRMC,180440.00,A,3727.903359,N,12217.446457,W,064.5,351.9,050620,,,A*4E
$GPGGA,180441.00,3727.921245,N,12217.450052,W,7,,0.38,140.62,M,0.0,M,0.0,0000*6D
$GPRMC,180441.00,A,3727.921245,N,12217.450052,W,064.6,350.8,050620,,,A*46
$GPGGA,180442.00,3727.938963,N,12217.453927,W,7,,0.38,141.39,M,0.0,M,0.0,0000*6E
$GPRMC,180442.00,A,3727.938963,N,12217.453927,W,064.7,349.9,050620,,,A*42
$GPGGA,180443.00,3727.956633,N,12217.458421,W,7,,0.38,142.07,M,0.0,M,0.0,0000*63
$GPRMC,180443.00,A,3727.956633,N,12217.458421,W,064.9,347.7,050620,,,A*4F
$GPGGA,180444.00,3727.974759,N,12217.463798,W,7,,0.38,142.58,M,0.0,M,0.0,0000*6A
$GPRMC,180444.00,A,3727.974759,N,12217.463798,W,065.0,346.3,050620,,,A*41
$GPGGA,180445.00,3727.991854,N,12217.469509,W,7,,0.38,142.95,M,0.0,M,0.0,0000*63
$GPRMC,180445.00,A,3727.991854,N,12217.469509,W,065.3,344.6,050620,,,A*4D
$GPGGA,180446.00,3728.009260,N,12217.475983,W,7,,0.38,143.34,M,0.0,M,0.0,0000*63
$GPRMC,180446.00,A,3728.009260,N,12217.475983,W,065.4,343.2,050620,,,A*43
$GPGGA,180447.00,3728.026546,N,12217.483033,W,7,,0.38,143.72,M,0.0,M,0.0,0000*65
$GPRMC,180447.00,A,3728.026546,N,12217.483033,W,065.5,341.6,050620,,,A*40
$GPGGA,180448.00,3728.043711,N,12217.490744,W,7,,0.38,144.05,M,0.0,M,0.0,0000*6B
$GPRMC,180448.00,A,3728.043711,N,12217.490744,W,065.8,339.9,050620,,,A*44
$GPGGA,180449.00,3728.060895,N,12217.499023,W,7,,0.38,144.39,M,0.0,M,0.0,0000*68
$GPRMC,180449.00,A,3728.060895,N,12217.499023,W,065.8,338.5,050620,,,A*45
$GPGGA,180450.00,3728.077774,N,12217.507909,W,7,,0.38,144.81,M,0.0,M,0.0,0000*62
$GPRMC,180450.00,A,3728.077774,N,12217.507909,W,065.9,336.8,050620,,,A*4E
$GPGGA,180451.00,3728.094394,N,12217.517600,W,7,,0.38,145.28,M,0.0,M,0.0,0000*61
$GPRMC,180451.00,A,3728.094394,N,12217.517600,W,066.0,334.7,050620,,,A*48
$GPGGA,180452.00,3728.111343,N,12217.528124,W,7,,0.38,144.36,M,0.0,M,0.0,0000*67
$GPRMC,180452.00,A,3728.111343,N,12217.528124,W,066.1,333.4,050620,,,A*45
$GPGGA,180453.00,3728.127118,N,12217.538654,W,7,,0.38,145.05,M,0.0,M,0.0,0000*6F
$GPRMC,180453.00,A,3728.127118,N,12217.538654,W,066.0,331.7,050620,,,A*4C
$GPGGA,180454.00,3728.142969,N,12217.549909,W,7,,0.38,145.75,M,0.0,M,0.0,0000*63
$GPRMC,180454.00,A,3728.142969,N,12217.549909,W,065.4,330.2,050620,,,A*44
$GPGGA,180455.00,3728.158348,N,12217.561681,W,7,,0.38,146.19,M,0.0,M,0.0,0000*6C
$GPRMC,180455.00,A,3728.158348,N,12217.561681,W,064.8,328.0,050620,,,A*44
$GPGGA,180456.00,3728.172969,N,12217.573598,W,7,,0.38,146.53,M,0.0,M,0.0,0000*68
$GPRMC,180456.00,A,3728.172969,N,12217.573598,W,064.2,326.6,050620,,,A*4C
$GPGGA,180457.00,3728.187999,N,12217.586624,W,7,,0.38,146.81,M,0.0,M,0.0,0000*6D
$GPRMC,180457.00,A,3728.187999,N,12217.586624,W,063.6,325.2,050620,,,A*42
$GPGGA,180458.00,3728.202303,N,12217.599415,W,7,,0.38,146.72,M,0.0,M,0.0,0000*67
$GPRMC,180458.00,A,3728.202303,N,12217.599415,W,063.3,324.5,050620,,,A*47
$GPGGA,180459.00,3728.216337,N,12217.612550,W,7,,0.38,147.42,M,0.0,M,0.0,0000*66
$GPRMC,180459.00,A,3728.216337,N,12217.612550,W,063.1,322.8,050620,,,A*4D
$GPGGA,180500.00,3728.230546,N,12217.626715,W,7,,0.38,148.01,M,0.0,M,0.0,0000*63
$GPRMC,180500.00,A,3728.230546,N,12217.626715,W,062.8,321.4,050620,,,A*47
$GPGGA,180501.00,3728.243644,N,12217.639915,W,7,,0.38,148.36,M,0.0,M,0.0,0000*63
$GPRMC,180501.00,A,3728.243644,N,12217.639915,W,062.6,321.3,050620,,,A*4A
$GPGGA,180502.00,3728.257114,N,12217.653506,W,7,,0.38,148.85,M,0.0,M,0.0,0000*6D
$GPRMC,180502.00,A,3728.257114,N,12217.653506,W,062.3,321.5,050620,,,A*4F
$GPGGA,180503.00,3728.270547,N,12217.666987,W,7,,0.38,149.42,M,0.0,M,0.0,0000*62
$GPRMC,180503.00,A,3728.270547,N,12217.666987,W,062.0,321.3,050620,,,A*4F
$GPGGA,180504.00,3728.284024,N,12217.680547,W,7,,0.38,150.48,M,0.0,M,0.0,0000*64
$GPRMC,180504.00,A,3728.284024,N,12217.680547,W,061.6,321.3,050620,,,A*4E
$GPGGA,180505.00,3728.297289,N,12217.693831,W,7,,0.38,151.20,M,0.0,M,0.0,0000*63
$GPRMC,180505.00,A,3728.297289,N,12217.693831,W,061.2,321.4,050620,,,A*45
$GPGGA,180506.00,3728.310501,N,12217.706953,W,7,,0.38,152.03,M,0.0,M,0.0,0000*63
$GPRMC,180506.00,A,3728.310501,N,12217.706953,W,060.6,321.6,050620,,,A*40
$GPGGA,180507.00,3728.323582,N,12217.720088,W,7,,0.38,152.97,M,0.0,M,0.0,0000*6F
$GPRMC,180507.00,A,3728.323582,N,12217.720088,W,060.2,321.3,050620,,,A*40
$GPGGA,180508.00,3728.337106,N,12217.733660,W,7,,0.38,153.96,M,0.0,M,0.0,0000*6F
$GPRMC,180508.00,A,3728.337106,N,12217.733660,W,059.8,321.3,050620,,,A*40
$GPGGA,180509.00,3728.349603,N,12217.746163,W,7,,0.38,154.82,M,0.0,M,0.0,0000*61
$GPRMC,180509.00,A,3728.349603,N,12217.746163,W,059.5,321.6,050620,,,A*44
$GPGGA,180510.00,3728.362443,N,12217.758973,W,7,,0.38,155.77,M,0.0,M,0.0,0000*6B
$GPRMC,180510.00,A,3728.362443,N,12217.758973,W,059.1,321.4,050620,,,A*43
$GPGGA,180511.00,3728.375266,N,12217.771999,W,7,,0.38,156.82,M,0.0,M,0.0,0000*6B
$GPRMC,180511.00,A,3728.375266,N,12217.771999,W,058.8,321.0,050620,,,A*46
$GPGGA,180512.00,3728.387902,N,12217.784785,W,7,,0.38,157.66,M,0.0,M,0.0,0000*6E
$GPRMC,180512.00,A,3728.387902,N,12217.784785,W,058.5,321.2,050620,,,A*47
$GPGGA,180513.00,3728.400465,N,12217.797523,W,7,,0.38,158.55,M,0.0,M,0.0,0000*68
$GPRMC,180513.00,A,3728.400465,N,12217.797523,W,058.2,321.0,050620,,,A*4B
$GPGGA,180514.00,3728.413066,N,12217.810117,W,7,,0.38,159.44,M,0.0,M,0.0,0000*68
$GPRMC,180514.00,A,3728.413066,N,12217.810117,W,058.0,321.8,050620,,,A*40
$GPGGA,180515.00,3728.425840,N,12217.822627,W,7,,0.38,160.24,M,0.0,M,0.0,0000*69
$GPRMC,180515.00,A,3728.425840,N,12217.822627,W,057.9,322.3,050620,,,A*43
$GPGGA,180516.00,3728.439082,N,12217.834958,W,7,,0.38,161.18,M,0.0,M,0.0,0000*6F
$GPRMC,180516.00,A,3728.439082,N,12217.834958,W,057.6,323.9,050620,,,A*4F
$GPGGA,180517.00,3728.451723,N,12217.846004,W,7,,0.38,162.05,M,0.0,M,0.0,0000*66
$GPRMC,180517.00,A,3728.451723,N,12217.846004,W,057.3,325.7,050620,,,A*44
$GPGGA,180518.00,3728.465061,N,12217.856695,W,7,,0.38,162.95,M,0.0,M,0.0,0000*69
$GPRMC,180518.00,A,3728.465061,N,12217.856695,W,056.9,328.1,050620,,,A*42
$GPGGA,180519.00,3728.478730,N,12217.866860,W,7,,0.38,163.89,M,0.0,M,0.0,0000*6C
$GPRMC,180519.00,A,3728.478730,N,12217.866860,W,056.6,330.0,050620,,,A*4C
$GPGGA,180520.00,3728.492511,N,12217.876190,W,7,,0.38,164.79,M,0.0,M,0.0,0000*6C
$GPRMC,180520.00,A,3728.492511,N,12217.876190,W,056.4,332.1,050620,,,A*45
$GPGGA,180521.00,3728.506365,N,12217.885135,W,7,,0.38,165.72,M,0.0,M,0.0,0000*6D
$GPRMC,180521.00,A,3728.506365,N,12217.885135,W,056.1,332.9,050620,,,A*43
$GPGGA,180522.00,3728.520417,N,12217.893535,W,7,,0.38,166.52,M,0.0,M,0.0,0000*6A
$GPRMC,180522.00,A,3728.520417,N,12217.893535,W,055.9,335.1,050620,,,A*41
$GPGGA,180523.00,3728.534715,N,12217.901461,W,7,,0.38,167.36,M,0.0,M,0.0,0000*66
$GPRMC,180523.00,A,3728.534715,N,12217.901461,W,055.8,336.6,050620,,,A*4B
$GPGGA,180524.00,3728.549500,N,12217.908829,W,7,,0.38,168.08,M,0.0,M,0.0,0000*66
$GPRMC,180524.00,A,3728.549500,N,12217.908829,W,055.6,339.0,050620,,,A*4E
$GPGGA,180525.00,3728.563503,N,12217.915232,W,7,,0.38,168.73,M,0.0,M,0.0,0000*6C
$GPRMC,180525.00,A,3728.563503,N,12217.915232,W,055.4,340.4,050620,,,A*40
$GPGGA,180526.00,3728.577964,N,12217.921297,W,7,,0.38,169.38,M,0.0,M,0.0,0000*61
$GPRMC,180526.00,A,3728.577964,N,12217.921297,W,054.7,341.7,050620,,,A*43
$GPGGA,180527.00,3728.592448,N,12217.926758,W,7,,0.38,170.02,M,0.0,M,0.0,0000*68
$GPRMC,180527.00,A,3728.592448,N,12217.926758,W,053.7,344.0,050620,,,A*4E
$GPGGA,180528.00,3728.606752,N,12217.931467,W,7,,0.38,170.45,M,0.0,M,0.0,0000*6B
$GPRMC,180528.00,A,3728.606752,N,12217.931467,W,053.2,345.9,050620,,,A*43
$GPGGA,180529.00,3728.621133,N,12217.935529,W,7,,0.38,170.77,M,0.0,M,0.0,0000*60
$GPRMC,180529.00,A,3728.621133,N,12217.935529,W,053.2,347.8,050620,,,A*4A
$GPGGA,180530.00,3728.635767,N,12217.939070,W,7,,0.38,171.10,M,0.0,M,0.0,0000*6F
$GPRMC,180530.00,A,3728.635767,N,12217.939070,W,053.2,349.5,050620,,,A*46
$GPGGA,180531.00,3728.650336,N,12217.942147,W,7,,0.38,163.31,M,0.0,M,0.0,0000*64
$GPRMC,180531.00,A,3728.650336,N,12217.942147,W,053.2,350.8,050620,,,A*48
$GPGGA,180532.00,3728.665431,N,12217.944823,W,7,,0.38,166.69,M,0.0,M,0.0,0000*64
$GPRMC,180532.00,A,3728.665431,N,12217.944823,W,053.2,352.2,050620,,,A*48
$GPGGA,180533.00,3728.679651,N,12217.946947,W,7,,0.38,168.60,M,0.0,M,0.0,0000*6A
$GPRMC,180533.00,A,3728.679651,N,12217.946947,W,053.3,353.6,050620,,,A*45
$GPGGA,180534.00,3728.694550,N,12217.948574,W,7,,0.38,169.77,M,0.0,M,0.0,0000*69
$GPRMC,180534.00,A,3728.694550,N,12217.948574,W,053.3,356.4,050620,,,A*46
$GPGGA,180535.00,3728.709381,N,12217.949252,W,7,,0.38,170.63,M,0.0,M,0.0,0000*68
$GPRMC,180535.00,A,3728.709381,N,12217.949252,W,053.6,358.7,050620,,,A*42
$GPGGA,180536.00,3728.724334,N,12217.949312,W,7,,0.38,171.14,M,0.0,M,0.0,0000*6E
$GPRMC,180536.00,A,3728.724334,N,12217.949312,W,053.9,000.4,050620,,,A*47
$GPGGA,180537.00,3728.739826,N,12217.948783,W,7,,0.38,171.68,M,0.0,M,0.0,0000*6D
$GPRMC,180537.00,A,3728.739826,N,12217.948783,W,054.3,002.0,050620,,,A*44
$GPGGA,180538.00,3728.754574,N,12217.947751,W,7,,0.38,172.11,M,0.0,M,0.0,0000*6E
$GPRMC,180538.00,A,3728.754574,N,12217.947751,W,054.6,003.6,050620,,,A*48
$GPGGA,180539.00,3728.769771,N,12217.946108,W,7,,0.38,172.47,M,0.0,M,0.0,0000*6E
$GPRMC,180539.00,A,3728.769771,N,12217.946108,W,055.0,005.4,050620,,,A*48
$GPGGA,180540.00,3728.785462,N,12217.943899,W,7,,0.38,172.83,M,0.0,M,0.0,0000*6F
$GPRMC,180540.00,A,3728.785462,N,12217.943899,W,055.2,006.7,050620,,,A*43
$GPGGA,180541.00,3728.800726,N,12217.941428,W,7,,0.38,173.24,M,0.0,M,0.0,0000*67
$GPRMC,180541.00,A,3728.800726,N,12217.941428,W,055.5,007.3,050620,,,A*45
$GPGGA,180542.00,3728.815767,N,12217.938949,W,7,,0.38,173.54,M,0.0,M,0.0,0000*66
$GPRMC,180542.00,A,3728.815767,N,12217.938949,W,055.9,007.3,050620,,,A*4F
$GPGGA,180543.00,3728.831224,N,12217.936412,W,7,,0.38,173.77,M,0.0,M,0.0,0000*6F
$GPRMC,180543.00,A,3728.831224,N,12217.936412,W,056.3,007.1,050620,,,A*4C
$GPGGA,180544.00,3728.846781,N,12217.933970,W,7,,0.38,174.07,M,0.0,M,0.0,0000*6E
$GPRMC,180544.00,A,3728.846781,N,12217.933970,W,056.6,007.0,050620,,,A*49
$GPGGA,180545.00,3728.862933,N,12217.931377,W,7,,0.38,174.36,M,0.0,M,0.0,0000*63
$GPRMC,180545.00,A,3728.862933,N,12217.931377,W,056.9,007.3,050620,,,A*4A
$GPGGA,180546.00,3728.878312,N,12217.928923,W,7,,0.38,174.56,M,0.0,M,0.0,0000*67
$GPRMC,180546.00,A,3728.878312,N,12217.928923,W,057.2,007.1,050620,,,A*40
$GPGGA,180547.00,3728.894133,N,12217.926434,W,7,,0.38,174.82,M,0.0,M,0.0,0000*69
$GPRMC,180547.00,A,3728.894133,N,12217.926434,W,057.6,007.1,050620,,,A*43
$GPGGA,180548.00,3728.910562,N,12217.923788,W,7,,0.38,175.03,M,0.0,M,0.0,0000*62
$GPRMC,180548.00,A,3728.910562,N,12217.923788,W,057.9,007.3,050620,,,A*4D
$GPGGA,180549.00,3728.926197,N,12217.921297,W,7,,0.38,175.28,M,0.0,M,0.0,0000*68
$GPRMC,180549.00,A,3728.926197,N,12217.921297,W,058.2,007.3,050620,,,A*4A
$GPGGA,180550.00,3728.942266,N,12217.918669,W,7,,0.38,175.46,M,0.0,M,0.0,0000*68
$GPRMC,180550.00,A,3728.942266,N,12217.918669,W,058.5,007.8,050620,,,A*4E
$GPGGA,180551.00,3728.958411,N,12217.915795,W,7,,0.38,175.67,M,0.0,M,0.0,0000*68
$GPRMC,180551.00,A,3728.958411,N,12217.915795,W,058.8,008.2,050620,,,A*45
$GPGGA,180552.00,3728.974641,N,12217.912988,W,7,,0.38,175.89,M,0.0,M,0.0,0000*67
$GPRMC,180552.00,A,3728.974641,N,12217.912988,W,059.1,007.7,050620,,,A*48
$GPGGA,180553.00,3728.991093,N,12217.910144,W,7,,0.38,176.09,M,0.0,M,0.0,0000*65
$GPRMC,180553.00,A,3728.991093,N,12217.910144,W,059.3,007.9,050620,,,A*4D
$GPGGA,180554.00,3729.007473,N,12217.907432,W,7,,0.38,176.25,M,0.0,M,0.0,0000*63
$GPRMC,180554.00,A,3729.007473,N,12217.907432,W,059.6,007.4,050620,,,A*4D
$GPGGA,180555.00,3729.023986,N,12217.904744,W,7,,0.38,176.41,M,0.0,M,0.0,0000*60
$GPRMC,180555.00,A,3729.023986,N,12217.904744,W,060.0,007.5,050620,,,A*41
$GPGGA,180556.00,3729.041092,N,12217.901858,W,7,,0.38,176.65,M,0.0,M,0.0,0000*6A
$GPRMC,180556.00,A,3729.041092,N,12217.901858,W,060.3,007.6,050620,,,A*4D
$GPGGA,180557.00,3729.057375,N,12217.899181,W,7,,0.38,176.87,M,0.0,M,0.0,0000*67
$GPRMC,180557.00,A,3729.057375,N,12217.899181,W,060.6,007.4,050620,,,A*4B
$GPGGA,180558.00,3729.074110,N,12217.896409,W,7,,0.38,177.00,M,0.0,M,0.0,0000*6C
$GPRMC,180558.00,A,3729.074110,N,12217.896409,W,060.9,007.5,050620,,,A*40
$GPGGA,180559.00,3729.090892,N,12217.893542,W,7,,0.38,177.26,M,0.0,M,0.0,0000*6B
$GPRMC,180559.00,A,3729.090892,N,12217.893542,W,061.2,007.9,050620,,,A*45
$GPGGA,180600.00,3729.107716,N,12217.890673,W,7,,0.38,177.63,M,0.0,M,0.0,0000*6B
$GPRMC,180600.00,A,3729.107716,N,12217.890673,W,061.2,007.8,050620,,,A*45
$GPGGA,180601.00,3729.124528,N,12217.887956,W,7,,0.38,178.09,M,0.0,M,0.0,0000*69
$GPRMC,180601.00,A,3729.124528,N,12217.887956,W,060.4,007.1,050620,,,A*4A
$GPGGA,180602.00,3729.141196,N,12217.885556,W,7,,0.38,178.63,M,0.0,M,0.0,0000*6A
$GPRMC,180602.00,A,3729.141196,N,12217.885556,W,060.4,006.5,050620,,,A*40
$GPGGA,180603.00,3729.157906,N,12217.883576,W,7,,0.38,178.95,M,0.0,M,0.0,0000*60
$GPRMC,180603.00,A,3729.157906,N,12217.883576,W,060.6,005.1,050620,,,A*46
$GPGGA,180604.00,3729.175431,N,12217.882082,W,7,,0.38,179.29,M,0.0,M,0.0,0000*67
$GPRMC,180604.00,A,3729.175431,N,12217.882082,W,060.8,003.5,050620,,,A*4B
$GPGGA,180605.00,3729.191794,N,12217.881260,W,7,,0.38,179.60,M,0.0,M,0.0,0000*60
$GPRMC,180605.00,A,3729.191794,N,12217.881260,W,061.0,001.9,050620,,,A*46
$GPGGA,180606.00,3729.208773,N,12217.881074,W,7,,0.38,179.75,M,0.0,M,0.0,0000*6A
$GPRMC,180606.00,A,3729.208773,N,12217.881074,W,061.3,000.1,050620,,,A*42
$GPGGA,180607.00,3729.225819,N,12217.881571,W,7,,0.38,180.03,M,0.0,M,0.0,0000*60
$GPRMC,180607.00,A,3729.225819,N,12217.881571,W,061.4,358.2,050620,,,A*45
$GPGGA,180608.00,3729.242470,N,12217.882772,W,7,,0.38,180.30,M,0.0,M,0.0,0000*6F
$GPRMC,180608.00,A,3729.242470,N,12217.882772,W,061.5,356.2,050620,,,A*45
$GPGGA,180609.00,3729.260014,N,12217.884829,W,7,,0.38,180.57,M,0.0,M,0.0,0000*6E
$GPRMC,180609.00,A,3729.260014,N,12217.884829,W,061.6,353.8,050620,,,A*49
$GPGGA,180610.00,3729.277012,N,12217.887673,W,7,,0.38,180.80,M,0.0,M,0.0,0000*6E
$GPRMC,180610.00,A,3729.277012,N,12217.887673,W,061.8,351.8,050620,,,A*4F
$GPGGA,180611.00,3729.293980,N,12217.891195,W,7,,0.38,181.09,M,0.0,M,0.0,0000*6F
$GPRMC,180611.00,A,3729.293980,N,12217.891195,W,062.0,350.2,050620,,,A*4E
$GPGGA,180612.00,3729.311638,N,12217.895540,W,7,,0.38,181.52,M,0.0,M,0.0,0000*6D
$GPRMC,180612.00,A,3729.311638,N,12217.895540,W,062.3,348.4,050620,,,A*4E
$GPGGA,180613.00,3729.327963,N,12217.900315,W,7,,0.38,181.64,M,0.0,M,0.0,0000*66
$GPRMC,180613.00,A,3729.327963,N,12217.900315,W,062.4,346.3,050620,,,A*4E
$GPGGA,180614.00,3729.344715,N,12217.905980,W,7,,0.38,181.81,M,0.0,M,0.0,0000*63
$GPRMC,180614.00,A,3729.344715,N,12217.905980,W,062.6,344.3,050620,,,A*40
$GPGGA,180615.00,3729.361336,N,12217.912351,W,7,,0.38,182.01,M,0.0,M,0.0,0000*6B
$GPRMC,180615.00,A,3729.361336,N,12217.912351,W,062.7,342.5,050620,,,A*42
$GPGGA,180616.00,3729.377985,N,12217.919462,W,7,,0.38,182.53,M,0.0,M,0.0,0000*66
$GPRMC,180616.00,A,3729.377985,N,12217.919462,W,062.7,340.8,050620,,,A*47
$GPGGA,180617.00,3729.394198,N,12217.927148,W,7,,0.38,182.98,M,0.0,M,0.0,0000*69
$GPRMC,180617.00,A,3729.394198,N,12217.927148,W,062.5,338.6,050620,,,A*4C
$GPGGA,180618.00,3729.410151,N,12217.935638,W,7,,0.38,183.37,M,0.0,M,0.0,0000*6F
$GPRMC,180618.00,A,3729.410151,N,12217.935638,W,062.5,336.7,050620,,,A*41
$GPGGA,180619.00,3729.425902,N,12217.944805,W,7,,0.38,183.79,M,0.0,M,0.0,0000*6A
$GPRMC,180619.00,A,3729.425902,N,12217.944805,W,062.5,334.8,050620,,,A*43
$GPGGA,180620.00,3729.442035,N,12217.955035,W,7,,0.38,184.15,M,0.0,M,0.0,0000*6A
$GPRMC,180620.00,A,3729.442035,N,12217.955035,W,062.5,332.8,050620,,,A*48
$GPGGA,180621.00,3729.456760,N,12217.965254,W,7,,0.38,184.44,M,0.0,M,0.0,0000*6B
$GPRMC,180621.00,A,3729.456760,N,12217.965254,W,062.6,330.8,050620,,,A*4C
$GPGGA,180622.00,3729.471669,N,12217.976486,W,7,,0.38,184.72,M,0.0,M,0.0,0000*6B
$GPRMC,180622.00,A,3729.471669,N,12217.976486,W,062.7,328.5,050620,,,A*4C
$GPGGA,180623.00,3729.486435,N,12217.988425,W,7,,0.38,173.25,M,0.0,M,0.0,0000*6B
$GPRMC,180623.00,A,3729.486435,N,12217.988425,W,062.7,327.0,050620,,,A*4C
$GPGGA,180624.00,3729.500800,N,12218.000696,W,7,,0.38,177.68,M,0.0,M,0.0,0000*68
$GPRMC,180624.00,A,3729.500800,N,12218.000696,W,062.7,325.4,050620,,,A*44
$GPGGA,180625.00,3729.514888,N,12218.013536,W,7,,0.38,180.06,M,0.0,M,0.0,0000*67
$GPRMC,180625.00,A,3729.514888,N,12218.013536,W,062.8,323.5,050620,,,A*43
$GPGGA,180626.00,3729.528651,N,12218.026999,W,7,,0.38,181.28,M,0.0,M,0.0,0000*63
$GPRMC,180626.00,A,3729.528651,N,12218.026999,W,063.0,321.4,050620,,,A*40
$GPGGA,180627.00,3729.542193,N,12218.041256,W,7,,0.38,182.08,M,0.0,M,0.0,0000*6F
$GPRMC,180627.00,A,3729.542193,N,12218.041256,W,063.1,319.3,050620,,,A*40
$GPGGA,180628.00,3729.555435,N,12218.056345,W,7,,0.38,182.37,M,0.0,M,0.0,0000*66
$GPRMC,180628.00,A,3729.555435,N,12218.056345,W,062.3,317.2,050620,,,A*49
$GPGGA,180629.00,3729.567274,N,12218.070902,W,7,,0.38,182.32,M,0.0,M,0.0,0000*6D
$GPRMC,180629.00,A,3729.567274,N,12218.070902,W,061.6,314.9,050620,,,A*49
$GPGGA,180630.00,3729.579160,N,12218.086436,W,7,,0.38,182.25,M,0.0,M,0.0,0000*69
$GPRMC,180630.00,A,3729.579160,N,12218.086436,W,061.8,313.3,050620,,,A*48
$GPGGA,180631.00,3729.590830,N,12218.102696,W,7,,0.38,181.92,M,0.0,M,0.0,0000*69
$GPRMC,180631.00,A,3729.590830,N,12218.102696,W,062.4,311.3,050620,,,A*4A
$GPGGA,180632.00,3729.602038,N,12218.119430,W,7,,0.38,181.54,M,0.0,M,0.0,0000*6C
$GPRMC,180632.00,A,3729.602038,N,12218.119430,W,063.0,309.1,050620,,,A*4B
$GPGGA,180633.00,3729.612879,N,12218.136866,W,7,,0.38,180.94,M,0.0,M,0.0,0000*6E
$GPRMC,180633.00,A,3729.612879,N,12218.136866,W,063.7,307.3,050620,,,A*4F
$GPGGA,180634.00,3729.623338,N,12218.154925,W,7,,0.38,180.30,M,0.0,M,0.0,0000*69
$GPRMC,180634.00,A,3729.623338,N,12218.154925,W,064.4,305.4,050620,,,A*47
$GPGGA,180635.00,3729.633537,N,12218.173790,W,7,,0.38,179.55,M,0.0,M,0.0,0000*60
$GPRMC,180635.00,A,3729.633537,N,12218.173790,W,064.9,303.7,050620,,,A*43
$GPGGA,180636.00,3729.643618,N,12218.193559,W,7,,0.38,178.56,M,0.0,M,0.0,0000*61
$GPRMC,180636.00,A,3729.643618,N,12218.193559,W,065.4,302.0,050620,,,A*4A
$GPGGA,180637.00,3729.652545,N,12218.212712,W,7,,0.38,177.68,M,0.0,M,0.0,0000*6E
$GPRMC,180637.00,A,3729.652545,N,12218.212712,W,065.9,299.6,050620,,,A*4F
$GPGGA,180638.00,3729.661420,N,12218.233357,W,7,,0.38,176.71,M,0.0,M,0.0,0000*6C
$GPRMC,180638.00,A,3729.661420,N,12218.233357,W,066.8,297.7,050620,,,A*49
$GPGGA,180639.00,3729.669712,N,12218.254441,W,7,,0.38,175.52,M,0.0,M,0.0,0000*64
$GPRMC,180639.00,A,3729.669712,N,12218.254441,W,067.6,295.3,050620,,,A*4A
$GPGGA,180640.00,3729.677266,N,12218.275916,W,7,,0.38,174.18,M,0.0,M,0.0,0000*60
$GPRMC,180640.00,A,3729.677266,N,12218.275916,W,067.4,292.8,050620,,,A*4F
$GPGGA,180641.00,3729.684033,N,12218.297599,W,7,,0.38,172.84,M,0.0,M,0.0,0000*6B
$GPRMC,180641.00,A,3729.684033,N,12218.297599,W,066.7,290.5,050620,,,A*4A
$GPGGA,180642.00,3729.690166,N,12218.319583,W,7,,0.38,171.44,M,0.0,M,0.0,0000*6F
$GPRMC,180642.00,A,3729.690166,N,12218.319583,W,066.1,288.6,050620,,,A*4D
$GPGGA,180643.00,3729.695650,N,12218.341166,W,7,,0.38,169.85,M,0.0,M,0.0,0000*6F
$GPRMC,180643.00,A,3729.695650,N,12218.341166,W,064.7,287.8,050620,,,A*4C
$GPGGA,180644.00,3729.700894,N,12218.363096,W,7,,0.38,168.37,M,0.0,M,0.0,0000*65
$GPRMC,180644.00,A,3729.700894,N,12218.363096,W,063.3,286.8,050620,,,A*4C
$GPGGA,180645.00,3729.705723,N,12218.383207,W,7,,0.38,166.97,M,0.0,M,0.0,0000*62
$GPRMC,180645.00,A,3729.705723,N,12218.383207,W,062.1,287.5,050620,,,A*40
$GPGGA,180646.00,3729.710769,N,12218.403733,W,7,,0.38,165.40,M,0.0,M,0.0,0000*6F
$GPRMC,180646.00,A,3729.710769,N,12218.403733,W,060.8,287.0,050620,,,A*4A
$GPGGA,180647.00,3729.715689,N,12218.423767,W,7,,0.38,163.94,M,0.0,M,0.0,0000*68
$GPRMC,180647.00,A,3729.715689,N,12218.423767,W,059.8,286.9,050620,,,A*40
$GPGGA,180648.00,3729.720441,N,12218.443531,W,7,,0.38,162.57,M,0.0,M,0.0,0000*6E
$GPRMC,180648.00,A,3729.720441,N,12218.443531,W,059.1,287.0,050620,,,A*49
$GPGGA,180649.00,3729.725349,N,12218.463697,W,7,,0.38,161.32,M,0.0,M,0.0,0000*68
$GPRMC,180649.00,A,3729.725349,N,12218.463697,W,058.6,287.0,050620,,,A*49
$GPGGA,180650.00,3729.729957,N,12218.482627,W,7,,0.38,160.42,M,0.0,M,0.0,0000*6B
$GPRMC,180650.00,A,3729.729957,N,12218.482627,W,058.0,287.0,050620,,,A*4A
$GPGGA,180651.00,3729.734608,N,12218.501762,W,7,,0.38,159.30,M,0.0,M,0.0,0000*66
$GPRMC,180651.00,A,3729.734608,N,12218.501762,W,057.1,287.0,050620,,,A*46
$GPGGA,180652.00,3729.739359,N,12218.521220,W,7,,0.38,158.41,M,0.0,M,0.0,0000*6F
$GPRMC,180652.00,A,3729.739359,N,12218.521220,W,056.2,287.1,050620,,,A*4B
$GPGGA,180653.00,3729.743889,N,12218.539838,W,7,,0.38,157.35,M,0.0,M,0.0,0000*63
$GPRMC,180653.00,A,3729.743889,N,12218.539838,W,055.8,287.0,050620,,,A*43
$GPGGA,180654.00,3729.748335,N,12218.557904,W,7,,0.38,156.30,M,0.0,M,0.0,0000*61
$GPRMC,180654.00,A,3729.748335,N,12218.557904,W,055.5,287.2,050620,,,A*4A
$GPGGA,180655.00,3729.752950,N,12218.576276,W,7,,0.38,155.12,M,0.0,M,0.0,0000*6C
$GPRMC,180655.00,A,3729.752950,N,12218.576276,W,055.2,287.8,050620,,,A*49
$GPGGA,180656.00,3729.757713,N,12218.594414,W,7,,0.38,153.89,M,0.0,M,0.0,0000*69
$GPRMC,180656.00,A,3729.757713,N,12218.594414,W,054.8,288.4,050620,,,A*40
$GPGGA,180657.00,3729.762687,N,12218.612582,W,7,,0.38,152.76,M,0.0,M,0.0,0000*60
$GPRMC,180657.00,A,3729.762687,N,12218.612582,W,054.5,289.3,050620,,,A*43
$GPGGA,180658.00,3729.767944,N,12218.630665,W,7,,0.38,151.59,M,0.0,M,0.0,0000*6E
$GPRMC,180658.00,A,3729.767944,N,12218.630665,W,055.4,290.4,050620,,,A*4C
$GPGGA,180659.00,3729.773566,N,12218.648948,W,7,,0.38,150.41,M,0.0,M,0.0,0000*61
$GPRMC,180659.00,A,3729.773566,N,12218.648948,W,056.6,291.2,050620,,,A*4D
$GPGGA,180700.00,3729.779776,N,12218.667830,W,7,,0.38,149.22,M,0.0,M,0.0,0000*6B
$GPRMC,180700.00,A,3729.779776,N,12218.667830,W,056.9,292.8,050620,,,A*4C
$GPGGA,180701.00,3729.786004,N,12218.685445,W,7,,0.38,148.04,M,0.0,M,0.0,0000*6F
$GPRMC,180701.00,A,3729.786004,N,12218.685445,W,056.5,294.3,050620,,,A*4C
$GPGGA,180702.00,3729.792568,N,12218.703241,W,7,,0.38,146.87,M,0.0,M,0.0,0000*6E
$GPRMC,180702.00,A,3729.792568,N,12218.703241,W,056.2,294.9,050620,,,A*45
$GPGGA,180703.00,3729.799360,N,12218.720984,W,7,,0.38,145.67,M,0.0,M,0.0,0000*64
$GPRMC,180703.00,A,3729.799360,N,12218.720984,W,056.7,295.8,050620,,,A*47
$GPGGA,180704.00,3729.806506,N,12218.738678,W,7,,0.38,144.43,M,0.0,M,0.0,0000*6E
$GPRMC,180704.00,A,3729.806506,N,12218.738678,W,057.1,297.1,050620,,,A*46
$GPGGA,180705.00,3729.813952,N,12218.756377,W,7,,0.38,143.23,M,0.0,M,0.0,0000*65
$GPRMC,180705.00,A,3729.813952,N,12218.756377,W,056.9,297.8,050620,,,A*4C
$GPGGA,180706.00,3729.821595,N,12218.773652,W,7,,0.38,142.09,M,0.0,M,0.0,0000*6C
$GPRMC,180706.00,A,3729.821595,N,12218.773652,W,056.7,299.1,050620,,,A*45
$GPGGA,180707.00,3729.829564,N,12218.790800,W,7,,0.38,140.98,M,0.0,M,0.0,0000*65
$GPRMC,180707.00,A,3729.829564,N,12218.790800,W,057.0,300.5,050620,,,A*45
$GPGGA,180708.00,3729.838155,N,12218.808469,W,7,,0.38,139.70,M,0.0,M,0.0,0000*69
$GPRMC,180708.00,A,3729.838155,N,12218.808469,W,057.9,301.5,050620,,,A*49
$GPGGA,180709.00,3729.846634,N,12218.825029,W,7,,0.38,138.57,M,0.0,M,0.0,0000*6A
$GPRMC,180709.00,A,3729.846634,N,12218.825029,W,057.9,302.8,050620,,,A*40
$GPGGA,180710.00,3729.855538,N,12218.841751,W,7,,0.38,137.28,M,0.0,M,0.0,0000*62
$GPRMC,180710.00,A,3729.855538,N,12218.841751,W,057.7,303.9,050620,,,A*41
$GPGGA,180711.00,3729.864651,N,12218.858198,W,7,,0.38,136.17,M,0.0,M,0.0,0000*6B
$GPRMC,180711.00,A,3729.864651,N,12218.858198,W,057.5,304.8,050620,,,A*41
$GPGGA,180712.00,3729.873837,N,12218.874686,W,7,,0.38,135.03,M,0.0,M,0.0,0000*60
$GPRMC,180712.00,A,3729.873837,N,12218.874686,W,057.7,304.6,050620,,,A*40
$GPGGA,180713.00,3729.883114,N,12218.891462,W,7,,0.38,133.94,M,0.0,M,0.0,0000*6D
$GPRMC,180713.00,A,3729.883114,N,12218.891462,W,058.3,304.5,050620,,,A*4D
$GPGGA,180714.00,3729.892396,N,12218.908255,W,7,,0.38,132.88,M,0.0,M,0.0,0000*6D
$GPRMC,180714.00,A,3729.892396,N,12218.908255,W,059.0,304.7,050620,,,A*41
$GPGGA,180715.00,3729.901899,N,12218.925302,W,7,,0.38,131.98,M,0.0,M,0.0,0000*6D
$GPRMC,180715.00,A,3729.901899,N,12218.925302,W,059.9,305.0,050620,,,A*4C
$GPGGA,180716.00,3729.911620,N,12218.942690,W,7,,0.38,141.29,M,0.0,M,0.0,0000*61
$GPRMC,180716.00,A,3729.911620,N,12218.942690,W,060.4,304.8,050620,,,A*43
$GPGGA,180717.00,3729.921106,N,12218.959940,W,7,,0.38,137.17,M,0.0,M,0.0,0000*64
$GPRMC,180717.00,A,3729.921106,N,12218.959940,W,060.1,304.2,050620,,,A*45
$GPGGA,180718.00,3729.930669,N,12218.977213,W,7,,0.38,134.66,M,0.0,M,0.0,0000*61
$GPRMC,180718.00,A,3729.930669,N,12218.977213,W,060.4,304.7,050620,,,A*45
$GPGGA,180719.00,3729.940318,N,12218.994566,W,7,,0.38,132.98,M,0.0,M,0.0,0000*6B
$GPRMC,180719.00,A,3729.940318,N,12218.994566,W,060.9,304.8,050620,,,A*4A
$GPGGA,180720.00,3729.949702,N,12219.011762,W,7,,0.38,131.99,M,0.0,M,0.0,0000*66
$GPRMC,180720.00,A,3729.949702,N,12219.011762,W,061.3,304.0,050620,,,A*46
$GPGGA,180721.00,3729.959451,N,12219.030151,W,7,,0.38,131.29,M,0.0,M,0.0,0000*6D
$GPRMC,180721.00,A,3729.959451,N,12219.030151,W,061.4,303.1,050620,,,A*47
$GPGGA,180722.00,3729.968416,N,12219.048098,W,7,,0.38,132.20,M,0.0,M,0.0,0000*6E
$GPRMC,180722.00,A,3729.968416,N,12219.048098,W,060.7,301.5,050620,,,A*4A
$GPGGA,180723.00,3729.976941,N,12219.066092,W,7,,0.38,131.04,M,0.0,M,0.0,0000*6C
$GPRMC,180723.00,A,3729.976941,N,12219.066092,W,059.8,300.3,050620,,,A*4F
$GPGGA,180724.00,3729.985245,N,12219.084913,W,7,,0.38,130.35,M,0.0,M,0.0,0000*67
$GPRMC,180724.00,A,3729.985245,N,12219.084913,W,059.0,298.5,050620,,,A*49
$GPGGA,180725.00,3729.992439,N,12219.102554,W,7,,0.38,129.93,M,0.0,M,0.0,0000*69
$GPRMC,180725.00,A,3729.992439,N,12219.102554,W,058.8,296.6,050620,,,A*47
$GPGGA,180726.00,3729.999405,N,12219.121130,W,7,,0.38,129.46,M,0.0,M,0.0,0000*61
$GPRMC,180726.00,A,3729.999405,N,12219.121130,W,059.0,294.8,050620,,,A*42
$GPGGA,180727.00,3730.006053,N,12219.140054,W,7,,0.38,129.34,M,0.0,M,0.0,0000*61
$GPRMC,180727.00,A,3730.006053,N,12219.140054,W,059.4,293.5,050620,,,A*49
$GPGGA,180728.00,3730.012425,N,12219.159428,W,7,,0.38,129.06,M,0.0,M,0.0,0000*68
$GPRMC,180728.00,A,3730.012425,N,12219.159428,W,059.8,292.0,050620,,,A*49
$GPGGA,180729.00,3730.018413,N,12219.178897,W,7,,0.38,128.97,M,0.0,M,0.0,0000*64
$GPRMC,180729.00,A,3730.018413,N,12219.178897,W,060.0,291.0,050620,,,A*4D
$GPGGA,180730.00,3730.023982,N,12219.198380,W,7,,0.38,128.79,M,0.0,M,0.0,0000*62
$GPRMC,180730.00,A,3730.023982,N,12219.198380,W,059.2,289.2,050620,,,A*48
$GPGGA,180731.00,3730.029099,N,12219.218107,W,7,,0.38,128.63,M,0.0,M,0.0,0000*67
$GPRMC,180731.00,A,3730.029099,N,12219.218107,W,058.9,287.6,050620,,,A*46
$GPGGA,180732.00,3730.033930,N,12219.238496,W,7,,0.38,128.69,M,0.0,M,0.0,0000*60
$GPRMC,180732.00,A,3730.033930,N,12219.238496,W,059.3,286.1,050620,,,A*46
$GPGGA,180733.00,3730.037997,N,12219.257912,W,7,,0.38,128.57,M,0.0,M,0.0,0000*6D
$GPRMC,180733.00,A,3730.037997,N,12219.257912,W,059.4,284.0,050620,,,A*42
$GPGGA,180734.00,3730.041609,N,12219.277879,W,7,,0.38,128.39,M,0.0,M,0.0,0000*65
$GPRMC,180734.00,A,3730.041609,N,12219.277879,W,058.7,282.5,050620,,,A*43
$GPGGA,180735.00,3730.044772,N,12219.297926,W,7,,0.38,128.09,M,0.0,M,0.0,0000*6A
$GPRMC,180735.00,A,3730.044772,N,12219.297926,W,057.8,281.0,050620,,,A*49
$GPGGA,180736.00,3730.047514,N,12219.317581,W,7,,0.38,127.98,M,0.0,M,0.0,0000*67
$GPRMC,180736.00,A,3730.047514,N,12219.317581,W,057.1,279.6,050620,,,A*4B
$GPGGA,180737.00,3730.049848,N,12219.336979,W,7,,0.38,127.95,M,0.0,M,0.0,0000*69
$GPRMC,180737.00,A,3730.049848,N,12219.336979,W,056.2,278.1,050620,,,A*4C
$GPGGA,180738.00,3730.051804,N,12219.356197,W,7,,0.38,127.64,M,0.0,M,0.0,0000*67
$GPRMC,180738.00,A,3730.051804,N,12219.356197,W,055.6,276.9,050620,,,A*4D
$GPGGA,180739.00,3730.053238,N,12219.375692,W,7,,0.38,127.45,M,0.0,M,0.0,0000*61
$GPRMC,180739.00,A,3730.053238,N,12219.375692,W,055.6,274.7,050620,,,A*44
$GPGGA,180740.00,3730.054396,N,12219.395449,W,7,,0.38,127.43,M,0.0,M,0.0,0000*61
$GPRMC,180740.00,A,3730.054396,N,12219.395449,W,055.0,274.1,050620,,,A*42
$GPGGA,180741.00,3730.055295,N,12219.413833,W,7,,0.38,127.43,M,0.0,M,0.0,0000*6B
$GPRMC,180741.00,A,3730.055295,N,12219.413833,W,054.3,273.7,050620,,,A*4B
$GPGGA,180742.00,3730.056292,N,12219.432817,W,7,,0.38,127.25,M,0.0,M,0.0,0000*69
$GPRMC,180742.00,A,3730.056292,N,12219.432817,W,054.7,273.7,050620,,,A*4D
$GPGGA,180743.00,3730.057227,N,12219.452107,W,7,,0.38,127.06,M,0.0,M,0.0,0000*68
$GPRMC,180743.00,A,3730.057227,N,12219.452107,W,055.2,273.4,050620,,,A*4A
$GPGGA,180744.00,3730.058200,N,12219.471350,W,7,,0.38,126.87,M,0.0,M,0.0,0000*6C
$GPRMC,180744.00,A,3730.058200,N,12219.471350,W,055.4,273.6,050620,,,A*42
$GPGGA,180745.00,3730.059112,N,12219.490490,W,7,,0.38,126.64,M,0.0,M,0.0,0000*65
$GPRMC,180745.00,A,3730.059112,N,12219.490490,W,055.0,273.3,050620,,,A*47
$GPGGA,180746.00,3730.059993,N,12219.509768,W,7,,0.38,126.40,M,0.0,M,0.0,0000*64
$GPRMC,180746.00,A,3730.059993,N,12219.509768,W,054.9,273.2,050620,,,A*49
$GPGGA,180747.00,3730.061019,N,12219.528943,W,7,,0.38,126.32,M,0.0,M,0.0,0000*64
$GPRMC,180747.00,A,3730.061019,N,12219.528943,W,055.3,274.2,050620,,,A*40
$GPGGA,180748.00,3730.062231,N,12219.548719,W,7,,0.38,125.78,M,0.0,M,0.0,0000*6A
$GPRMC,180748.00,A,3730.062231,N,12219.548719,W,055.2,274.6,050620,,,A*46
$GPGGA,180749.00,3730.063708,N,12219.567103,W,7,,0.38,125.27,M,0.0,M,0.0,0000*6F
$GPRMC,180749.00,A,3730.063708,N,12219.567103,W,054.6,276.2,050620,,,A*4A
$GPGGA,180750.00,3730.065712,N,12219.586130,W,7,,0.38,124.75,M,0.0,M,0.0,0000*63
$GPRMC,180750.00,A,3730.065712,N,12219.586130,W,054.6,278.1,050620,,,A*4D
$GPGGA,180751.00,3730.068171,N,12219.604856,W,7,,0.38,124.14,M,0.0,M,0.0,0000*6B
$GPRMC,180751.00,A,3730.068171,N,12219.604856,W,054.6,280.0,050620,,,A*44
$GPGGA,180752.00,3730.071148,N,12219.623456,W,7,,0.38,123.54,M,0.0,M,0.0,0000*60
$GPRMC,180752.00,A,3730.071148,N,12219.623456,W,054.5,281.7,050620,,,A*49
$GPGGA,180753.00,3730.074489,N,12219.642031,W,7,,0.38,122.82,M,0.0,M,0.0,0000*64
$GPRMC,180753.00,A,3730.074489,N,12219.642031,W,054.7,283.2,050620,,,A*42
$GPGGA,180754.00,3730.078353,N,12219.660710,W,7,,0.38,122.18,M,0.0,M,0.0,0000*68
$GPRMC,180754.00,A,3730.078353,N,12219.660710,W,054.9,285.1,050620,,,A*46
$GPGGA,180755.00,3730.082589,N,12219.679117,W,7,,0.38,121.40,M,0.0,M,0.0,0000*6A
$GPRMC,180755.00,A,3730.082589,N,12219.679117,W,055.0,286.6,050620,,,A*46
$GPGGA,180756.00,3730.087492,N,12219.698041,W,7,,0.38,120.46,M,0.0,M,0.0,0000*6D
$GPRMC,180756.00,A,3730.087492,N,12219.698041,W,055.4,288.5,050620,,,A*4F
$GPGGA,180757.00,3730.092615,N,12219.715646,W,7,,0.38,119.68,M,0.0,M,0.0,0000*66
$GPRMC,180757.00,A,3730.092615,N,12219.715646,W,055.7,290.4,050620,,,A*49
$GPGGA,180758.00,3730.098387,N,12219.734000,W,7,,0.38,118.28,M,0.0,M,0.0,0000*6F
$GPRMC,180758.00,A,3730.098387,N,12219.734000,W,056.3,292.0,050620,,,A*44
$GPGGA,180759.00,3730.104693,N,12219.752149,W,7,,0.38,117.46,M,0.0,M,0.0,0000*61
$GPRMC,180759.00,A,3730.104693,N,12219.752149,W,056.8,294.0,050620,,,A*40
$GPGGA,180800.00,3730.111485,N,12219.769957,W,7,,0.38,116.39,M,0.0,M,0.0,0000*65
$GPRMC,180800.00,A,3730.111485,N,12219.769957,W,056.8,296.2,050620,,,A*4D
$GPGGA,180801.00,3730.119021,N,12219.788053,W,7,,0.38,115.06,M,0.0,M,0.0,0000*6B
$GPRMC,180801.00,A,3730.119021,N,12219.788053,W,056.6,298.1,050620,,,A*4F
$GPGGA,180802.00,3730.126594,N,12219.804746,W,7,,0.38,127.87,M,0.0,M,0.0,0000*6F
$GPRMC,180802.00,A,3730.126594,N,12219.804746,W,056.4,299.4,050620,,,A*45
$GPGGA,180803.00,3730.134615,N,12219.821533,W,7,,0.38,121.70,M,0.0,M,0.0,0000*6E
$GPRMC,180803.00,A,3730.134615,N,12219.821533,W,056.1,300.8,050620,,,A*42
$GPGGA,180804.00,3730.143219,N,12219.838568,W,7,,0.38,117.79,M,0.0,M,0.0,0000*6B
$GPRMC,180804.00,A,3730.143219,N,12219.838568,W,056.0,302.5,050620,,,A*45
$GPGGA,180805.00,3730.151853,N,12219.854210,W,7,,0.38,115.08,M,0.0,M,0.0,0000*6B
$GPRMC,180805.00,A,3730.151853,N,12219.854210,W,055.9,305.1,050620,,,A*48
$GPGGA,180806.00,3730.161118,N,12219.870073,W,7,,0.38,112.93,M,0.0,M,0.0,0000*69
$GPRMC,180806.00,A,3730.161118,N,12219.870073,W,056.7,306.4,050620,,,A*44
$GPGGA,180807.00,3730.170592,N,12219.885848,W,7,,0.38,111.01,M,0.0,M,0.0,0000*6C
$GPRMC,180807.00,A,3730.170592,N,12219.885848,W,056.7,307.2,050620,,,A*4E
$GPGGA,180808.00,3730.180215,N,12219.901483,W,7,,0.38,109.31,M,0.0,M,0.0,0000*68
$GPRMC,180808.00,A,3730.180215,N,12219.901483,W,056.7,307.6,050620,,,A*44
$GPGGA,180809.00,3730.189947,N,12219.917336,W,7,,0.38,107.72,M,0.0,M,0.0,0000*6B
$GPRMC,180809.00,A,3730.189947,N,12219.917336,W,056.9,307.2,050620,,,A*44
$GPGGA,180810.00,3730.199644,N,12219.933272,W,7,,0.40,106.29,M,0.0,M,0.0,0000*69
$GPRMC,180810.00,A,3730.199644,N,12219.933272,W,057.7,307.1,050620,,,A*4A
$GPGGA,180811.00,3730.209291,N,12219.949232,W,7,,0.38,104.86,M,0.0,M,0.0,0000*6F
$GPRMC,180811.00,A,3730.209291,N,12219.949232,W,057.6,307.1,050620,,,A*45
$GPGGA,180812.00,3730.219300,N,12219.965767,W,7,,0.38,103.55,M,0.0,M,0.0,0000*66
$GPRMC,180812.00,A,3730.219300,N,12219.965767,W,057.8,307.3,050620,,,A*49
$GPGGA,180813.00,3730.228930,N,12219.981493,W,7,,0.38,102.21,M,0.0,M,0.0,0000*6C
$GPRMC,180813.00,A,3730.228930,N,12219.981493,W,058.3,307.6,050620,,,A*40
$GPGGA,180814.00,3730.238937,N,12219.997730,W,7,,0.38,101.06,M,0.0,M,0.0,0000*66
$GPRMC,180814.00,A,3730.238937,N,12219.997730,W,059.3,307.7,050620,,,A*4C
$GPGGA,180815.00,3730.249102,N,12220.014169,W,7,,0.38,99.68,M,0.0,M,0.0,0000*55
$GPRMC,180815.00,A,3730.249102,N,12220.014169,W,060.0,307.7,050620,,,A*4E
$GPGGA,180816.00,3730.259350,N,12220.030927,W,7,,0.38,98.36,M,0.0,M,0.0,0000*5C
$GPRMC,180816.00,A,3730.259350,N,12220.030927,W,060.9,307.4,050620,,,A*47
$GPGGA,180817.00,3730.269813,N,12220.048082,W,7,,0.38,97.14,M,0.0,M,0.0,0000*54
$GPRMC,180817.00,A,3730.269813,N,12220.048082,W,061.6,307.4,050620,,,A*4E
$GPGGA,180818.00,3730.280139,N,12220.065079,W,7,,0.38,95.81,M,0.0,M,0.0,0000*58
$GPRMC,180818.00,A,3730.280139,N,12220.065079,W,061.5,307.3,050620,,,A*48
$GPGGA,180819.00,3730.290483,N,12220.082047,W,7,,0.39,94.54,M,0.0,M,0.0,0000*50
$GPRMC,180819.00,A,3730.290483,N,12220.082047,W,061.2,307.4,050620,,,A*48
$GPGGA,180820.00,3730.300887,N,12220.099135,W,7,,0.38,93.44,M,0.0,M,0.0,0000*53
$GPRMC,180820.00,A,3730.300887,N,12220.099135,W,061.1,307.5,050620,,,A*4E
$GPGGA,180821.00,3730.311171,N,12220.115923,W,7,,0.38,92.27,M,0.0,M,0.0,0000*5C
$GPRMC,180821.00,A,3730.311171,N,12220.115923,W,060.9,307.6,050620,,,A*4F
$GPGGA,180822.00,3730.321467,N,12220.132766,W,7,,0.38,91.46,M,0.0,M,0.0,0000*50
$GPRMC,180822.00,A,3730.321467,N,12220.132766,W,060.8,307.5,050620,,,A*45
$GPGGA,180823.00,3730.331656,N,12220.149494,W,7,,0.38,90.79,M,0.0,M,0.0,0000*5F
$GPRMC,180823.00,A,3730.331656,N,12220.149494,W,060.4,307.3,050620,,,A*4D
$GPGGA,180824.00,3730.341514,N,12220.165735,W,7,,0.38,90.15,M,0.0,M,0.0,0000*56
$GPRMC,180824.00,A,3730.341514,N,12220.165735,W,059.7,307.2,050620,,,A*46
$GPGGA,180825.00,3730.351864,N,12220.182770,W,7,,0.38,89.72,M,0.0,M,0.0,0000*5D
$GPRMC,180825.00,A,3730.351864,N,12220.182770,W,059.4,307.5,050620,,,A*40
$GPGGA,180826.00,3730.361781,N,12220.199072,W,7,,0.38,89.49,M,0.0,M,0.0,0000*5E
$GPRMC,180826.00,A,3730.361781,N,12220.199072,W,058.8,307.5,050620,,,A*46
$GPGGA,180827.00,3730.371760,N,12220.215278,W,7,,0.38,89.55,M,0.0,M,0.0,0000*53
$GPRMC,180827.00,A,3730.371760,N,12220.215278,W,058.6,307.9,050620,,,A*44
$GPGGA,180828.00,3730.382122,N,12220.231927,W,7,,0.38,89.67,M,0.0,M,0.0,0000*56
$GPRMC,180828.00,A,3730.382122,N,12220.231927,W,058.2,308.0,050620,,,A*42
$GPGGA,180829.00,3730.391704,N,12220.247372,W,7,,0.38,89.82,M,0.0,M,0.0,0000*57
$GPRMC,180829.00,A,3730.391704,N,12220.247372,W,058.0,308.0,050620,,,A*4A
$GPGGA,180830.00,3730.401513,N,12220.263391,W,7,,0.39,90.30,M,0.0,M,0.0,0000*5E
$GPRMC,180830.00,A,3730.401513,N,12220.263391,W,058.0,307.8,050620,,,A*44
$GPGGA,180831.00,3730.411311,N,12220.279400,W,7,,0.39,91.04,M,0.0,M,0.0,0000*58
$GPRMC,180831.00,A,3730.411311,N,12220.279400,W,057.8,307.4,050620,,,A*4F
$GPGGA,180832.00,3730.421122,N,12220.295498,W,7,,0.38,91.56,M,0.0,M,0.0,0000*5F
$GPRMC,180832.00,A,3730.421122,N,12220.295498,W,057.6,307.5,050620,,,A*41
$GPGGA,180833.00,3730.430865,N,12220.311368,W,7,,0.38,92.25,M,0.0,M,0.0,0000*56
$GPRMC,180833.00,A,3730.430865,N,12220.311368,W,057.5,308.0,050620,,,A*46
$GPGGA,180834.00,3730.440598,N,12220.327196,W,7,,0.38,92.89,M,0.0,M,0.0,0000*59
$GPRMC,180834.00,A,3730.440598,N,12220.327196,W,057.4,307.9,050620,,,A*48
$GPGGA,180835.00,3730.450330,N,12220.343258,W,7,,0.38,93.61,M,0.0,M,0.0,0000*59
$GPRMC,180835.00,A,3730.450330,N,12220.343258,W,057.3,307.3,050620,,,A*42
$GPGGA,180836.00,3730.460235,N,12220.359649,W,7,,0.40,94.35,M,0.0,M,0.0,0000*5B
$GPRMC,180836.00,A,3730.460235,N,12220.359649,W,057.3,307.4,050620,,,A*4E
$GPGGA,180837.00,3730.469541,N,12220.375105,W,7,,0.38,94.94,M,0.0,M,0.0,0000*52
$GPRMC,180837.00,A,3730.469541,N,12220.375105,W,057.3,307.3,050620,,,A*44
$GPGGA,180838.00,3730.479099,N,12220.391017,W,7,,0.38,95.50,M,0.0,M,0.0,0000*5D
$GPRMC,180838.00,A,3730.479099,N,12220.391017,W,057.3,307.1,050620,,,A*40
$GPGGA,180839.00,3730.488790,N,12220.407068,W,7,,0.38,96.09,M,0.0,M,0.0,0000*53
$GPRMC,180839.00,A,3730.488790,N,12220.407068,W,057.2,307.3,050620,,,A*42
$GPGGA,180840.00,3730.498456,N,12220.422890,W,7,,0.38,96.68,M,0.0,M,0.0,0000*5A
$GPRMC,180840.00,A,3730.498456,N,12220.422890,W,057.1,307.7,050620,,,A*4B
$GPGGA,180841.00,3730.508145,N,12220.438580,W,7,,0.38,97.36,M,0.0,M,0.0,0000*59
$GPRMC,180841.00,A,3730.508145,N,12220.438580,W,057.0,307.7,050620,,,A*43
$GPGGA,180842.00,3730.517727,N,12220.454251,W,7,,0.38,97.93,M,0.0,M,0.0,0000*58
$GPRMC,180842.00,A,3730.517727,N,12220.454251,W,056.7,307.4,050620,,,A*48
$GPGGA,180843.00,3730.527327,N,12220.470019,W,7,,0.38,98.56,M,0.0,M,0.0,0000*50
$GPRMC,180843.00,A,3730.527327,N,12220.470019,W,056.4,307.3,050620,,,A*42
$GPGGA,180844.00,3730.537096,N,12220.486093,W,7,,0.38,99.22,M,0.0,M,0.0,0000*56
$GPRMC,180844.00,A,3730.537096,N,12220.486093,W,056.1,307.5,050620,,,A*45
$GPGGA,180845.00,3730.546276,N,12220.501034,W,7,,0.38,99.81,M,0.0,M,0.0,0000*57
$GPRMC,180845.00,A,3730.546276,N,12220.501034,W,055.9,307.9,050620,,,A*4A
$GPGGA,180846.00,3730.555846,N,12220.516297,W,7,,0.38,100.37,M,0.0,M,0.0,0000*6E
$GPRMC,180846.00,A,3730.555846,N,12220.516297,W,055.7,308.4,050620,,,A*43
$GPGGA,180847.00,3730.565643,N,12220.531502,W,7,,0.38,100.88,M,0.0,M,0.0,0000*6D
$GPRMC,180847.00,A,3730.565643,N,12220.531502,W,055.6,309.3,050620,,,A*43
$GPGGA,180848.00,3730.575574,N,12220.546327,W,7,,0.38,101.29,M,0.0,M,0.0,0000*6F
$GPRMC,180848.00,A,3730.575574,N,12220.546327,W,055.6,310.5,050620,,,A*45
$GPGGA,180849.00,3730.585701,N,12220.560991,W,7,,0.38,101.62,M,0.0,M,0.0,0000*6D
$GPRMC,180849.00,A,3730.585701,N,12220.560991,W,055.7,311.1,050620,,,A*4C
$GPGGA,180850.00,3730.596069,N,12220.575715,W,7,,0.38,101.99,M,0.0,M,0.0,0000*6C
$GPRMC,180850.00,A,3730.596069,N,12220.575715,W,055.9,311.7,050620,,,A*41
$GPGGA,180851.00,3730.606468,N,12220.590266,W,7,,0.38,102.25,M,0.0,M,0.0,0000*6C
$GPRMC,180851.00,A,3730.606468,N,12220.590266,W,056.2,312.1,050620,,,A*48
$GPGGA,180852.00,3730.617363,N,12220.605092,W,7,,0.38,102.50,M,0.0,M,0.0,0000*67
$GPRMC,180852.00,A,3730.617363,N,12220.605092,W,056.0,313.0,050620,,,A*43
$GPGGA,180853.00,3730.627744,N,12220.618753,W,7,,0.38,102.83,M,0.0,M,0.0,0000*6C
$GPRMC,180853.00,A,3730.627744,N,12220.618753,W,056.1,313.8,050620,,,A*4F
$GPGGA,180854.00,3730.638760,N,12220.632938,W,7,,0.38,103.06,M,0.0,M,0.0,0000*64
$GPRMC,180854.00,A,3730.638760,N,12220.632938,W,056.3,314.5,050620,,,A*43
$GPGGA,180855.00,3730.649890,N,12220.646852,W,7,,0.38,103.31,M,0.0,M,0.0,0000*69
$GPRMC,180855.00,A,3730.649890,N,12220.646852,W,056.6,315.4,050620,,,A*4F
$GPGGA,180856.00,3730.661200,N,12220.660646,W,7,,0.38,103.52,M,0.0,M,0.0,0000*69
$GPRMC,180856.00,A,3730.661200,N,12220.660646,W,056.9,316.1,050620,,,A*43
$GPGGA,180857.00,3730.673067,N,12220.674799,W,7,,0.38,103.78,M,0.0,M,0.0,0000*66
$GPRMC,180857.00,A,3730.673067,N,12220.674799,W,057.2,316.7,050620,,,A*48
$GPGGA,180858.00,3730.684444,N,12220.688204,W,7,,0.38,109.94,M,0.0,M,0.0,0000*6E
$GPRMC,180858.00,A,3730.684444,N,12220.688204,W,057.5,316.9,050620,,,A*41
$GPGGA,180859.00,3730.696245,N,12220.701781,W,7,,0.38,108.17,M,0.0,M,0.0,0000*69
$GPRMC,180859.00,A,3730.696245,N,12220.701781,W,057.8,317.4,050620,,,A*4D
$GPGGA,180900.00,3730.708480,N,12220.715852,W,7,,0.38,107.23,M,0.0,M,0.0,0000*61
$GPRMC,180900.00,A,3730.708480,N,12220.715852,W,058.0,317.4,050620,,,A*4A
$GPGGA,180901.00,3730.719957,N,12220.729106,W,7,,0.38,106.84,M,0.0,M,0.0,0000*6C
$GPRMC,180901.00,A,3730.719957,N,12220.729106,W,058.1,317.3,050620,,,A*4D
$GPGGA,180902.00,3730.731999,N,12220.742929,W,7,,0.38,106.84,M,0.0,M,0.0,0000*6F
$GPRMC,180902.00,A,3730.731999,N,12220.742929,W,058.3,317.6,050620,,,A*49
$GPGGA,180903.00,3730.743963,N,12220.756645,W,7,,0.38,106.92,M,0.0,M,0.0,0000*69
$GPRMC,180903.00,A,3730.743963,N,12220.756645,W,058.5,317.6,050620,,,A*4E
$GPGGA,180904.00,3730.756023,N,12220.770356,W,7,,0.38,107.21,M,0.0,M,0.0,0000*6D
$GPRMC,180904.00,A,3730.756023,N,12220.770356,W,058.7,317.9,050620,,,A*4E
$GPGGA,180905.00,3730.768312,N,12220.784275,W,7,,0.38,107.57,M,0.0,M,0.0,0000*6A
$GPRMC,180905.00,A,3730.768312,N,12220.784275,W,059.2,318.0,050620,,,A*4A
$GPGGA,180906.00,3730.780551,N,12220.798153,W,7,,0.38,108.10,M,0.0,M,0.0,0000*68
$GPRMC,180906.00,A,3730.780551,N,12220.798153,W,059.5,317.8,050620,,,A*44
$GPGGA,180907.00,3730.792828,N,12220.812062,W,7,,0.38,108.77,M,0.0,M,0.0,0000*66
$GPRMC,180907.00,A,3730.792828,N,12220.812062,W,059.6,317.8,050620,,,A*48
$GPGGA,180908.00,3730.805452,N,12220.826552,W,7,,0.38,109.39,M,0.0,M,0.0,0000*63
$GPRMC,180908.00,A,3730.805452,N,12220.826552,W,059.8,317.6,050620,,,A*46
$GPGGA,180909.00,3730.817440,N,12220.840303,W,7,,0.38,109.95,M,0.0,M,0.0,0000*66
$GPRMC,180909.00,A,3730.817440,N,12220.840303,W,059.9,317.7,050620,,,A*45
$GPGGA,180910.00,3730.829740,N,12220.854451,W,7,,0.38,110.64,M,0.0,M,0.0,0000*63
$GPRMC,180910.00,A,3730.829740,N,12220.854451,W,060.1,317.5,050620,,,A*46
$GPGGA,180911.00,3730.842015,N,12220.868618,W,7,,0.38,111.30,M,0.0,M,0.0,0000*68
$GPRMC,180911.00,A,3730.842015,N,12220.868618,W,060.2,317.5,050620,,,A*4E
$GPGGA,180912.00,3730.854381,N,12220.882784,W,7,,0.38,112.00,M,0.0,M,0.0,0000*62
$GPRMC,180912.00,A,3730.854381,N,12220.882784,W,060.4,317.7,050620,,,A*40
$GPGGA,180913.00,3730.866916,N,12220.897075,W,7,,0.38,112.64,M,0.0,M,0.0,0000*69
$GPRMC,180913.00,A,3730.866916,N,12220.897075,W,060.5,317.8,050620,,,A*47
$GPGGA,180914.00,3730.879335,N,12220.911188,W,7,,0.38,113.35,M,0.0,M,0.0,0000*62
$GPRMC,180914.00,A,3730.879335,N,12220.911188,W,060.3,317.8,050620,,,A*4F
$GPGGA,180915.00,3730.891515,N,12220.925041,W,7,,0.38,114.19,M,0.0,M,0.0,0000*6B
$GPRMC,180915.00,A,3730.891515,N,12220.925041,W,059.0,317.6,050620,,,A*48
$GPGGA,180916.00,3730.903516,N,12220.938836,W,7,,0.38,114.85,M,0.0,M,0.0,0000*60
$GPRMC,180916.00,A,3730.903516,N,12220.938836,W,057.7,317.6,050620,,,A*4F
$GPGGA,180917.00,3730.915167,N,12220.952162,W,7,,0.38,115.50,M,0.0,M,0.0,0000*69
$GPRMC,180917.00,A,3730.915167,N,12220.952162,W,056.5,317.8,050620,,,A*42
$GPGGA,180918.00,3730.926742,N,12220.965380,W,7,,0.38,116.18,M,0.0,M,0.0,0000*62
$GPRMC,180918.00,A,3730.926742,N,12220.965380,W,056.3,317.8,050620,,,A*40
$GPGGA,180919.00,3730.938297,N,12220.978508,W,7,,0.38,116.78,M,0.0,M,0.0,0000*6D
$GPRMC,180919.00,A,3730.938297,N,12220.978508,W,056.1,317.8,050620,,,A*4B
$GPGGA,180920.00,3730.949548,N,12220.991365,W,7,,0.38,115.67,M,0.0,M,0.0,0000*63
$GPRMC,180920.00,A,3730.949548,N,12220.991365,W,056.1,317.6,050620,,,A*46
$GPGGA,180921.00,3730.961404,N,12221.004914,W,7,,0.38,116.84,M,0.0,M,0.0,0000*67
$GPRMC,180921.00,A,3730.961404,N,12221.004914,W,056.1,317.7,050620,,,A*4D
$GPGGA,180922.00,3730.972911,N,12221.018030,W,7,,0.38,117.76,M,0.0,M,0.0,0000*61
$GPRMC,180922.00,A,3730.972911,N,12221.018030,W,056.0,317.8,050620,,,A*49
$GPGGA,180923.00,3730.984401,N,12221.031133,W,7,,0.38,118.45,M,0.0,M,0.0,0000*63
$GPRMC,180923.00,A,3730.984401,N,12221.031133,W,056.0,317.9,050620,,,A*45
$GPGGA,180924.00,3730.996413,N,12221.044807,W,7,,0.38,119.08,M,0.0,M,0.0,0000*60
$GPRMC,180924.00,A,3730.996413,N,12221.044807,W,056.1,317.9,050620,,,A*4F
$GPGGA,180925.00,3731.007579,N,12221.057629,W,7,,0.38,119.46,M,0.0,M,0.0,0000*66
$GPRMC,180925.00,A,3731.007579,N,12221.057629,W,056.4,317.5,050620,,,A*4A
$GPGGA,180926.00,3731.019160,N,12221.070980,W,7,,0.38,119.72,M,0.0,M,0.0,0000*68
$GPRMC,180926.00,A,3731.019160,N,12221.070980,W,056.7,317.4,050620,,,A*41
$GPGGA,180927.00,3731.030788,N,12221.084366,W,7,,0.38,119.90,M,0.0,M,0.0,0000*67
$GPRMC,180927.00,A,3731.030788,N,12221.084366,W,057.0,317.6,050620,,,A*46
$GPGGA,180928.00,3731.042601,N,12221.097812,W,7,,0.38,119.95,M,0.0,M,0.0,0000*62
$GPRMC,180928.00,A,3731.042601,N,12221.097812,W,056.8,317.9,050620,,,A*40
$GPGGA,180929.00,3731.054271,N,12221.110843,W,7,,0.38,119.92,M,0.0,M,0.0,0000*6A
$GPRMC,180929.00,A,3731.054271,N,12221.110843,W,056.0,318.6,050620,,,A*47
$GPGGA,180930.00,3731.066032,N,12221.123606,W,7,,0.38,119.75,M,0.0,M,0.0,0000*60
$GPRMC,180930.00,A,3731.066032,N,12221.123606,W,056.1,319.5,050620,,,A*47
$GPGGA,180931.00,3731.078146,N,12221.136295,W,7,,0.38,119.46,M,0.0,M,0.0,0000*66
$GPRMC,180931.00,A,3731.078146,N,12221.136295,W,056.5,320.4,050620,,,A*4E
$GPGGA,180932.00,3731.090853,N,12221.149087,W,7,,0.38,119.22,M,0.0,M,0.0,0000*65
$GPRMC,180932.00,A,3731.090853,N,12221.149087,W,057.0,321.6,050620,,,A*48
$GPGGA,180933.00,3731.103100,N,12221.160818,W,7,,0.38,118.77,M,0.0,M,0.0,0000*64
$GPRMC,180933.00,A,3731.103100,N,12221.160818,W,057.6,322.9,050620,,,A*42
$GPGGA,180934.00,3731.116156,N,12221.172673,W,7,,0.38,118.33,M,0.0,M,0.0,0000*64
$GPRMC,180934.00,A,3731.116156,N,12221.172673,W,058.3,324.4,050620,,,A*43
$GPGGA,180935.00,3731.129571,N,12221.184493,W,7,,0.38,117.65,M,0.0,M,0.0,0000*61
$GPRMC,180935.00,A,3731.129571,N,12221.184493,W,058.6,325.2,050620,,,A*48
$GPGGA,180936.00,3731.143059,N,12221.195834,W,7,,0.38,116.96,M,0.0,M,0.0,0000*6D
$GPRMC,180936.00,A,3731.143059,N,12221.195834,W,058.4,326.4,050620,,,A*4E
$GPGGA,180937.00,3731.156601,N,12221.206790,W,7,,0.38,116.33,M,0.0,M,0.0,0000*64
$GPRMC,180937.00,A,3731.156601,N,12221.206790,W,057.9,327.5,050620,,,A*4A
$GPGGA,180938.00,3731.170180,N,12221.217302,W,7,,0.38,115.60,M,0.0,M,0.0,0000*6B
$GPRMC,180938.00,A,3731.170180,N,12221.217302,W,057.4,328.6,050620,,,A*41
$GPGGA,180939.00,3731.184075,N,12221.227532,W,7,,0.38,114.89,M,0.0,M,0.0,0000*6A
$GPRMC,180939.00,A,3731.184075,N,12221.227532,W,057.5,329.7,050620,,,A*47
$GPGGA,180940.00,3731.198517,N,12221.237689,W,7,,0.38,114.16,M,0.0,M,0.0,0000*6C
$GPRMC,180940.00,A,3731.198517,N,12221.237689,W,057.9,331.1,050620,,,A*44
$GPGGA,180941.00,3731.212294,N,12221.247050,W,7,,0.38,113.55,M,0.0,M,0.0,0000*65
$GPRMC,180941.00,A,3731.212294,N,12221.247050,W,058.4,331.7,050620,,,A*49
$GPGGA,180942.00,3731.226633,N,12221.256349,W,7,,0.38,112.82,M,0.0,M,0.0,0000*68
$GPRMC,180942.00,A,3731.226633,N,12221.256349,W,058.2,333.0,050620,,,A*4C
$GPGGA,180943.00,3731.241315,N,12221.265356,W,7,,0.38,112.27,M,0.0,M,0.0,0000*68
$GPRMC,180943.00,A,3731.241315,N,12221.265356,W,058.4,334.1,050620,,,A*43
$GPGGA,180944.00,3731.256039,N,12221.273990,W,7,,0.38,111.65,M,0.0,M,0.0,0000*66
$GPRMC,180944.00,A,3731.256039,N,12221.273990,W,058.7,335.0,050620,,,A*4B
$GPGGA,180945.00,3731.270986,N,12221.282359,W,7,,0.38,111.02,M,0.0,M,0.0,0000*6E
$GPRMC,180945.00,A,3731.270986,N,12221.282359,W,059.1,336.2,050620,,,A*44
$GPGGA,180946.00,3731.286255,N,12221.290627,W,7,,0.38,110.48,M,0.0,M,0.0,0000*61
$GPRMC,180946.00,A,3731.286255,N,12221.290627,W,059.4,336.3,050620,,,A*40
$GPGGA,180947.00,3731.301520,N,12221.298811,W,7,,0.38,109.95,M,0.0,M,0.0,0000*60
$GPRMC,180947.00,A,3731.301520,N,12221.298811,W,059.9,336.8,050620,,,A*4F
$GPGGA,180948.00,3731.317335,N,12221.307326,W,7,,0.39,109.45,M,0.0,M,0.0,0000*6E
$GPRMC,180948.00,A,3731.317335,N,12221.307326,W,060.2,336.7,050620,,,A*43
$GPGGA,180949.00,3731.332174,N,12221.315473,W,7,,0.39,109.00,M,0.0,M,0.0,0000*6A
$GPRMC,180949.00,A,3731.332174,N,12221.315473,W,060.4,336.3,050620,,,A*44
$GPGGA,180950.00,3731.347858,N,12221.324023,W,7,,0.38,108.59,M,0.0,M,0.0,0000*68
$GPRMC,180950.00,A,3731.347858,N,12221.324023,W,061.1,336.4,050620,,,A*49
$GPGGA,180951.00,3731.363487,N,12221.332567,W,7,,0.38,108.53,M,0.0,M,0.0,0000*69
$GPRMC,180951.00,A,3731.363487,N,12221.332567,W,061.5,336.5,050620,,,A*47
$GPGGA,180952.00,3731.379165,N,12221.341250,W,7,,0.38,108.49,M,0.0,M,0.0,0000*64
$GPRMC,180952.00,A,3731.379165,N,12221.341250,W,061.8,336.1,050620,,,A*48
$GPGGA,180953.00,3731.395221,N,12221.350735,W,7,,0.39,108.15,M,0.0,M,0.0,0000*6A
$GPRMC,180953.00,A,3731.395221,N,12221.350735,W,062.1,334.1,050620,,,A*46
$GPGGA,180954.00,3731.410245,N,12221.360324,W,7,,0.38,107.67,M,0.0,M,0.0,0000*69
$GPRMC,180954.00,A,3731.410245,N,12221.360324,W,062.4,332.2,050620,,,A*4E
$GPGGA,180955.00,3731.425533,N,12221.370913,W,7,,0.38,107.28,M,0.0,M,0.0,0000*6C
$GPRMC,180955.00,A,3731.425533,N,12221.370913,W,063.0,330.6,050620,,,A*43
$GPGGA,180956.00,3731.441109,N,12221.382529,W,7,,0.38,106.84,M,0.0,M,0.0,0000*6F
$GPRMC,180956.00,A,3731.441109,N,12221.382529,W,063.4,328.6,050620,,,A*4A
$GPGGA,180957.00,3731.455485,N,12221.394253,W,7,,0.38,106.30,M,0.0,M,0.0,0000*68
$GPRMC,180957.00,A,3731.455485,N,12221.394253,W,064.0,326.4,050620,,,A*4D
$GPGGA,180958.00,3731.470299,N,12221.407135,W,7,,0.38,105.59,M,0.0,M,0.0,0000*69
$GPRMC,180958.00,A,3731.470299,N,12221.407135,W,064.6,324.7,050620,,,A*47
$GPGGA,180959.00,3731.484904,N,12221.420449,W,7,,0.38,104.78,M,0.0,M,0.0,0000*65
$GPRMC,180959.00,A,3731.484904,N,12221.420449,W,065.3,323.9,050620,,,A*44
$GPGGA,181000.00,3731.499441,N,12221.433559,W,7,,0.38,103.84,M,0.0,M,0.0,0000*67
$GPRMC,181000.00,A,3731.499441,N,12221.433559,W,064.4,324.5,050620,,,A*4F
$GPGGA,181001.00,3731.513734,N,12221.446334,W,7,,0.38,102.71,M,0.0,M,0.0,0000*60
$GPRMC,181001.00,A,3731.513734,N,12221.446334,W,062.1,324.3,050620,,,A*46
$GPGGA,181002.00,3731.527456,N,12221.458723,W,7,,0.38,101.67,M,0.0,M,0.0,0000*6A
$GPRMC,181002.00,A,3731.527456,N,12221.458723,W,060.6,324.1,050620,,,A*4F
$GPGGA,181003.00,3731.541039,N,12221.470982,W,7,,0.38,100.32,M,0.0,M,0.0,0000*68
$GPRMC,181003.00,A,3731.541039,N,12221.470982,W,060.3,324.1,050620,,,A*49
$GPGGA,181004.00,3731.555068,N,12221.483509,W,7,,0.38,102.71,M,0.0,M,0.0,0000*68
$GPRMC,181004.00,A,3731.555068,N,12221.483509,W,060.0,324.6,050620,,,A*48
$GPGGA,181005.00,3731.568412,N,12221.495173,W,7,,0.38,100.31,M,0.0,M,0.0,0000*66
$GPRMC,181005.00,A,3731.568412,N,12221.495173,W,059.9,325.4,050620,,,A*40
$GPGGA,181006.00,3731.582187,N,12221.506675,W,7,,0.38,98.27,M,0.0,M,0.0,0000*55
$GPRMC,181006.00,A,3731.582187,N,12221.506675,W,059.8,326.9,050620,,,A*4B
$GPGGA,181007.00,3731.596258,N,12221.517391,W,7,,0.38,96.63,M,0.0,M,0.0,0000*51
$GPRMC,181007.00,A,3731.596258,N,12221.517391,W,059.2,329.7,050620,,,A*4A
$GPGGA,181008.00,3731.610507,N,12221.527201,W,7,,0.38,95.29,M,0.0,M,0.0,0000*58
$GPRMC,181008.00,A,3731.610507,N,12221.527201,W,058.5,332.2,050620,,,A*47
$GPGGA,181009.00,3731.624991,N,12221.536363,W,7,,0.38,94.27,M,0.0,M,0.0,0000*57
$GPRMC,181009.00,A,3731.624991,N,12221.536363,W,057.8,333.8,050620,,,A*4E
$GPGGA,181010.00,3731.639463,N,12221.544746,W,7,,0.38,93.55,M,0.0,M,0.0,0000*57
$GPRMC,181010.00,A,3731.639463,N,12221.544746,W,057.3,335.9,050620,,,A*40
$GPGGA,181011.00,3731.654050,N,12221.552251,W,7,,0.38,93.07,M,0.0,M,0.0,0000*5A
$GPRMC,181011.00,A,3731.654050,N,12221.552251,W,056.6,338.5,050620,,,A*4F
$GPGGA,181012.00,3731.668767,N,12221.559001,W,7,,0.38,92.97,M,0.0,M,0.0,0000*51
$GPRMC,181012.00,A,3731.668767,N,12221.559001,W,055.8,340.5,050620,,,A*4E
$GPGGA,181013.00,3731.683251,N,12221.565403,W,7,,0.38,93.11,M,0.0,M,0.0,0000*53
$GPRMC,181013.00,A,3731.683251,N,12221.565403,W,055.4,340.8,050620,,,A*42
$GPGGA,181014.00,3731.697922,N,12221.571523,W,7,,0.38,95.54,M,0.0,M,0.0,0000*5F
$GPRMC,181014.00,A,3731.697922,N,12221.571523,W,055.7,341.6,050620,,,A*45
$GPGGA,181015.00,3731.712664,N,12221.577632,W,7,,0.38,95.06,M,0.0,M,0.0,0000*5D
$GPRMC,181015.00,A,3731.712664,N,12221.577632,W,056.0,341.8,050620,,,A*4A
$GPGGA,181016.00,3731.727021,N,12221.583655,W,7,,0.38,95.04,M,0.0,M,0.0,0000*57
$GPRMC,181016.00,A,3731.727021,N,12221.583655,W,055.7,341.3,050620,,,A*4D
$GPGGA,181017.00,3731.741979,N,12221.590058,W,7,,0.38,95.49,M,0.0,M,0.0,0000*52
$GPRMC,181017.00,A,3731.741979,N,12221.590058,W,054.8,341.2,050620,,,A*4E
$GPGGA,181018.00,3731.756116,N,12221.596207,W,7,,0.38,96.13,M,0.0,M,0.0,0000*58
$GPRMC,181018.00,A,3731.756116,N,12221.596207,W,053.6,341.1,050620,,,A*42
$GPGGA,181019.00,3731.769898,N,12221.602069,W,7,,0.38,96.83,M,0.0,M,0.0,0000*57
$GPRMC,181019.00,A,3731.769898,N,12221.602069,W,052.1,341.3,050620,,,A*40
$GPGGA,181020.00,3731.783865,N,12221.608094,W,7,,0.38,97.63,M,0.0,M,0.0,0000*5C
$GPRMC,181020.00,A,3731.783865,N,12221.608094,W,050.6,341.3,050620,,,A*41
$GPGGA,181021.00,3731.796513,N,12221.613361,W,7,,0.38,98.14,M,0.0,M,0.0,0000*59
$GPRMC,181021.00,A,3731.796513,N,12221.613361,W,049.3,341.8,050620,,,A*4D
$GPGGA,181022.00,3731.809293,N,12221.618750,W,7,,0.38,98.08,M,0.0,M,0.0,0000*5C
$GPRMC,181022.00,A,3731.809293,N,12221.618750,W,048.2,341.6,050620,,,A*4B
$GPGGA,181023.00,3731.821833,N,12221.624126,W,7,,0.38,99.01,M,0.0,M,0.0,0000*57
$GPRMC,181023.00,A,3731.821833,N,12221.624126,W,047.6,341.0,050620,,,A*45
$GPGGA,181024.00,3731.834074,N,12221.629429,W,7,,0.38,99.81,M,0.0,M,0.0,0000*50
$GPRMC,181024.00,A,3731.834074,N,12221.629429,W,047.7,341.2,050620,,,A*49
$GPGGA,181025.00,3731.846998,N,12221.634943,W,7,,0.38,100.55,M,0.0,M,0.0,0000*6A
$GPRMC,181025.00,A,3731.846998,N,12221.634943,W,047.9,341.3,050620,,,A*44
$GPGGA,181026.00,3731.859544,N,12221.640319,W,7,,0.38,101.32,M,0.0,M,0.0,0000*6C
$GPRMC,181026.00,A,3731.859544,N,12221.640319,W,047.8,341.4,050620,,,A*44
$GPGGA,181027.00,3731.872228,N,12221.645719,W,7,,0.38,102.17,M,0.0,M,0.0,0000*6C
$GPRMC,181027.00,A,3731.872228,N,12221.645719,W,047.6,341.4,050620,,,A*4E
$GPGGA,181028.00,3731.885182,N,12221.651228,W,7,,0.38,102.93,M,0.0,M,0.0,0000*66
$GPRMC,181028.00,A,3731.885182,N,12221.651228,W,047.9,341.5,050620,,,A*46
$GPGGA,181029.00,3731.897302,N,12221.656370,W,7,,0.38,102.48,M,0.0,M,0.0,0000*63
$GPRMC,181029.00,A,3731.897302,N,12221.656370,W,047.8,341.4,050620,,,A*45
$GPGGA,181030.00,3731.909878,N,12221.661698,W,7,,0.38,103.54,M,0.0,M,0.0,0000*60
$GPRMC,181030.00,A,3731.909878,N,12221.661698,W,047.8,341.5,050620,,,A*4B
$GPGGA,181031.00,3731.922603,N,12221.667031,W,7,,0.38,104.51,M,0.0,M,0.0,0000*6B
$GPRMC,181031.00,A,3731.922603,N,12221.667031,W,047.9,341.5,050620,,,A*43
$GPGGA,181032.00,3731.935263,N,12221.672324,W,7,,0.38,105.37,M,0.0,M,0.0,0000*6E
$GPRMC,181032.00,A,3731.935263,N,12221.672324,W,048.2,341.5,050620,,,A*43
$GPGGA,181033.00,3731.948031,N,12221.677771,W,7,,0.38,106.18,M,0.0,M,0.0,0000*6F
$GPRMC,181033.00,A,3731.948031,N,12221.677771,W,048.8,341.2,050620,,,A*41
$GPGGA,181034.00,3731.960956,N,12221.683310,W,7,,0.38,106.80,M,0.0,M,0.0,0000*63
$GPRMC,181034.00,A,3731.960956,N,12221.683310,W,049.5,341.1,050620,,,A*43
$GPGGA,181035.00,3731.974096,N,12221.689033,W,7,,0.38,107.75,M,0.0,M,0.0,0000*61
$GPRMC,181035.00,A,3731.974096,N,12221.689033,W,049.8,340.7,050620,,,A*40
$GPGGA,181036.00,3731.987685,N,12221.694949,W,7,,0.38,108.59,M,0.0,M,0.0,0000*63
$GPRMC,181036.00,A,3731.987685,N,12221.694949,W,050.4,340.9,050620,,,A*49
$GPGGA,181037.00,3732.000591,N,12221.700433,W,7,,0.38,108.12,M,0.0,M,0.0,0000*62
$GPRMC,181037.00,A,3732.000591,N,12221.700433,W,050.8,341.5,050620,,,A*46
$GPGGA,181038.00,3732.014127,N,12221.706188,W,7,,0.38,109.66,M,0.0,M,0.0,0000*60
$GPRMC,181038.00,A,3732.014127,N,12221.706188,W,051.2,341.6,050620,,,A*4E
$GPGGA,181039.00,3732.027633,N,12221.711960,W,7,,0.38,110.93,M,0.0,M,0.0,0000*69
$GPRMC,181039.00,A,3732.027633,N,12221.711960,W,051.6,341.1,050620,,,A*46
$GPGGA,181040.00,3732.041248,N,12221.717875,W,7,,0.38,112.17,M,0.0,M,0.0,0000*62
$GPRMC,181040.00,A,3732.041248,N,12221.717875,W,052.0,341.0,050620,,,A*47
$GPGGA,181041.00,3732.054951,N,12221.723773,W,7,,0.38,113.35,M,0.0,M,0.0,0000*6B
$GPRMC,181041.00,A,3732.054951,N,12221.723773,W,052.3,341.2,050620,,,A*4E
$GPGGA,181042.00,3732.068823,N,12221.729816,W,7,,0.38,114.47,M,0.0,M,0.0,0000*67
$GPRMC,181042.00,A,3732.068823,N,12221.729816,W,052.5,340.7,050620,,,A*42
$GPGGA,181043.00,3732.082527,N,12221.736013,W,7,,0.38,115.53,M,0.0,M,0.0,0000*6C
$GPRMC,181043.00,A,3732.082527,N,12221.736013,W,052.7,340.0,050620,,,A*48
$GPGGA,181044.00,3732.096717,N,12221.742703,W,7,,0.38,113.85,M,0.0,M,0.0,0000*67
$GPRMC,181044.00,A,3732.096717,N,12221.742703,W,053.0,339.2,050620,,,A*44
$GPGGA,181045.00,3732.110050,N,12221.749339,W,7,,0.38,115.95,M,0.0,M,0.0,0000*6C
$GPRMC,181045.00,A,3732.110050,N,12221.749339,W,053.4,338.2,050620,,,A*4D
$GPGGA,181046.00,3732.123981,N,12221.756474,W,7,,0.38,117.70,M,0.0,M,0.0,0000*63
$GPRMC,181046.00,A,3732.123981,N,12221.756474,W,053.8,337.8,050620,,,A*42
$GPGGA,181047.00,3732.137805,N,12221.763722,W,7,,0.38,119.90,M,0.0,M,0.0,0000*6C
$GPRMC,181047.00,A,3732.137805,N,12221.763722,W,054.0,337.4,050620,,,A*4E
$GPGGA,181048.00,3732.151635,N,12221.771066,W,7,,0.38,120.95,M,0.0,M,0.0,0000*65
$GPRMC,181048.00,A,3732.151635,N,12221.771066,W,054.1,337.1,050620,,,A*4C
$GPGGA,181049.00,3732.165267,N,12221.778530,W,7,,0.38,122.10,M,0.0,M,0.0,0000*60
$GPRMC,181049.00,A,3732.165267,N,12221.778530,W,052.9,336.5,050620,,,A*4D
$GPGGA,181050.00,3732.178407,N,12221.785928,W,7,,0.38,123.24,M,0.0,M,0.0,0000*65
$GPRMC,181050.00,A,3732.178407,N,12221.785928,W,051.5,335.7,050620,,,A*40
$GPGGA,181051.00,3732.191139,N,12221.793194,W,7,,0.38,124.21,M,0.0,M,0.0,0000*61
$GPRMC,181051.00,A,3732.191139,N,12221.793194,W,049.9,335.8,050620,,,A*4C
$GPGGA,181052.00,3732.203985,N,12221.800039,W,7,,0.38,125.20,M,0.0,M,0.0,0000*66
$GPRMC,181052.00,A,3732.203985,N,12221.800039,W,048.3,337.8,050620,,,A*42
$GPGGA,181053.00,3732.215841,N,12221.805860,W,7,,0.38,126.24,M,0.0,M,0.0,0000*6F
$GPRMC,181053.00,A,3732.215841,N,12221.805860,W,046.5,339.1,050620,,,A*43
$GPGGA,181054.00,3732.227536,N,12221.811548,W,7,,0.38,127.04,M,0.0,M,0.0,0000*65
$GPRMC,181054.00,A,3732.227536,N,12221.811548,W,044.9,338.9,050620,,,A*4D
$GPGGA,181055.00,3732.238899,N,12221.817122,W,7,,0.38,127.96,M,0.0,M,0.0,0000*67
$GPRMC,181055.00,A,3732.238899,N,12221.817122,W,043.7,338.9,050620,,,A*4D
$GPGGA,181056.00,3732.249994,N,12221.822341,W,7,,0.39,128.79,M,0.0,M,0.0,0000*60
$GPRMC,181056.00,A,3732.249994,N,12221.822341,W,042.3,339.2,050620,,,A*4A
$GPGGA,181057.00,3732.260914,N,12221.827381,W,7,,0.38,129.68,M,0.0,M,0.0,0000*6B
$GPRMC,181057.00,A,3732.260914,N,12221.827381,W,041.1,339.6,050620,,,A*44
$GPGGA,181058.00,3732.271359,N,12221.832253,W,7,,0.38,130.48,M,0.0,M,0.0,0000*67
$GPRMC,181058.00,A,3732.271359,N,12221.832253,W,039.9,339.2,050620,,,A*41
$GPGGA,181059.00,3732.281433,N,12221.837126,W,7,,0.38,131.26,M,0.0,M,0.0,0000*6F
$GPRMC,181059.00,A,3732.281433,N,12221.837126,W,038.5,338.8,050620,,,A*46
$GPGGA,181100.00,3732.291490,N,12221.841968,W,7,,0.38,125.38,M,0.0,M,0.0,0000*63
$GPRMC,181100.00,A,3732.291490,N,12221.841968,W,037.2,338.3,050620,,,A*43
$GPGGA,181101.00,3732.300454,N,12221.846641,W,7,,0.38,128.82,M,0.0,M,0.0,0000*6C
$GPRMC,181101.00,A,3732.300454,N,12221.846641,W,035.2,337.4,050620,,,A*4A
$GPGGA,181102.00,3732.308871,N,12221.851279,W,7,,0.38,131.30,M,0.0,M,0.0,0000*64
$GPRMC,181102.00,A,3732.308871,N,12221.851279,W,032.2,336.1,050620,,,A*40
$GPGGA,181103.00,3732.316275,N,12221.855756,W,7,,0.38,132.94,M,0.0,M,0.0,0000*65
$GPRMC,181103.00,A,3732.316275,N,12221.855756,W,028.7,334.7,050620,,,A*46
$GPGGA,181104.00,3732.322659,N,12221.859811,W,7,,0.38,134.43,M,0.0,M,0.0,0000*63
$GPRMC,181104.00,A,3732.322659,N,12221.859811,W,024.7,333.8,050620,,,A*48
$GPGGA,181105.00,3732.328030,N,12221.863094,W,7,,0.38,135.50,M,0.0,M,0.0,0000*6E
$GPRMC,181105.00,A,3732.328030,N,12221.863094,W,020.1,335.0,050620,,,A*4A
$GPGGA,181106.00,3732.332380,N,12221.865427,W,7,,0.38,132.78,M,0.0,M,0.0,0000*69
$GPRMC,181106.00,A,3732.332380,N,12221.865427,W,015.9,337.8,050620,,,A*44
$GPGGA,181107.00,3732.336034,N,12221.867119,W,7,,0.38,134.83,M,0.0,M,0.0,0000*68
$GPRMC,181107.00,A,3732.336034,N,12221.867119,W,013.4,340.7,050620,,,A*43
$GPGGA,181108.00,3732.339261,N,12221.868487,W,7,,0.38,136.18,M,0.0,M,0.0,0000*67
$GPRMC,181108.00,A,3732.339261,N,12221.868487,W,011.5,342.4,050620,,,A*4E
$GPGGA,181109.00,3732.341805,N,12221.869460,W,7,,0.38,137.00,M,0.0,M,0.0,0000*61
$GPRMC,181109.00,A,3732.341805,N,12221.869460,W,009.3,343.5,050620,,,A*4F
$GPGGA,181110.00,3732.344008,N,12221.870216,W,7,,0.38,137.54,M,0.0,M,0.0,0000*67
$GPRMC,181110.00,A,3732.344008,N,12221.870216,W,007.7,345.4,050620,,,A*45
$GPGGA,181111.00,3732.345789,N,12221.870222,W,7,,0.38,137.97,M,0.0,M,0.0,0000*61
$GPRMC,181111.00,A,3732.345789,N,12221.870222,W,006.1,356.9,050620,,,A*44
$GPGGA,181112.00,3732.347169,N,12221.869663,W,7,,0.38,138.36,M,0.0,M,0.0,0000*65
$GPRMC,181112.00,A,3732.347169,N,12221.869663,W,004.8,017.5,050620,,,A*45
$GPGGA,181113.00,3732.348015,N,12221.868872,W,7,,0.38,138.50,M,0.0,M,0.0,0000*6E
$GPRMC,181113.00,A,3732.348015,N,12221.868872,W,003.2,029.1,050620,,,A*4A
$GPGGA,181114.00,3732.348411,N,12221.868410,W,7,,0.38,138.68,M,0.0,M,0.0,0000*6A
$GPRMC,181114.00,A,3732.348411,N,12221.868410,W,001.5,035.6,050620,,,A*4A
$GPGGA,181115.00,3732.348453,N,12221.868331,W,7,,0.39,138.73,M,0.0,M,0.0,0000*62
$GPRMC,181115.00,A,3732.348453,N,12221.868331,W,000.0,000.0,050620,,,A*4D
$GPGGA,181116.00,3732.348472,N,12221.868326,W,7,,0.38,138.78,M,0.0,M,0.0,0000*6E
$GPRMC,181116.00,A,3732.348472,N,12221.868326,W,000.3,036.8,050620,,,A*45
$GPGGA,181117.00,3732.348466,N,12221.868338,W,7,,0.38,138.77,M,0.0,M,0.0,0000*6A
$GPRMC,181117.00,A,3732.348466,N,12221.868338,W,000.0,000.0,050620,,,A*40
$GPGGA,181118.00,3732.348477,N,12221.868326,W,7,,0.38,138.78,M,0.0,M,0.0,0000*65
$GPRMC,181118.00,A,3732.348477,N,12221.868326,W,000.0,000.0,050620,,,A*40
$GPGGA,181119.00,3732.348477,N,12221.868326,W,7,,0.38,138.76,M,0.0,M,0.0,0000*6A
$GPRMC,181119.00,A,3732.348477,N,12221.868326,W,000.0,000.0,050620,,,A*41
$GPGGA,181120.00,3732.348472,N,12221.868326,W,7,,0.38,138.76,M,0.0,M,0.0,0000*65
$GPRMC,181120.00,A,3732.348472,N,12221.868326,W,000.0,000.0,050620,,,A*4E
$GPGGA,181121.00,3732.348477,N,12221.868320,W,7,,0.38,138.76,M,0.0,M,0.0,0000*67
$GPRMC,181121.00,A,3732.348477,N,12221.868320,W,000.0,000.0,050620,,,A*4C
$GPGGA,181122.00,3732.348477,N,12221.868320,W,7,,0.38,138.79,M,0.0,M,0.0,0000*6B
$GPRMC,181122.00,A,3732.348477,N,12221.868320,W,000.0,000.0,050620,,,A*4F
$GPGGA,181123.00,3732.348477,N,12221.868326,W,7,,0.38,138.78,M,0.0,M,0.0,0000*6D
$GPRMC,181123.00,A,3732.348477,N,12221.868326,W,000.0,000.0,050620,,,A*48
$GPGGA,181124.00,3732.348477,N,12221.868326,W,7,,0.38,138.78,M,0.0,M,0.0,0000*6A
$GPRMC,181124.00,A,3732.348477,N,12221.868326,W,000.0,000.0,050620,,,A*4F
$GPGGA,181125.00,3732.348477,N,12221.868326,W,7,,0.38,138.77,M,0.0,M,0.0,0000*64
$GPRMC,181125.00,A,3732.348477,N,12221.868326,W,000.0,000.0,050620,,,A*4E
$GPGGA,181126.00,3732.348477,N,12221.868326,W,7,,0.38,138.78,M,0.0,M,0.0,0000*68
$GPRMC,181126.00,A,3732.348477,N,12221.868326,W,000.0,000.0,050620,,,A*4D
$GPGGA,181127.00,3732.348477,N,12221.868326,W,7,,0.38,138.78,M,0.0,M,0.0,0000*69
$GPRMC,181127.00,A,3732.348477,N,12221.868326,W,000.0,000.0,050620,,,A*4C
$GPGGA,181128.00,3732.348430,N,12221.868361,W,7,,0.38,138.85,M,0.0,M,0.0,0000*64
$GPRMC,181128.00,A,3732.348430,N,12221.868361,W,000.0,000.0,050620,,,A*43
$GPGGA,181129.00,3732.348447,N,12221.868331,W,7,,0.38,139.06,M,0.0,M,0.0,0000*6A
$GPRMC,181129.00,A,3732.348447,N,12221.868331,W,000.0,000.0,050620,,,A*47
$GPGGA,181130.00,3732.348436,N,12221.868326,W,7,,0.38,139.03,M,0.0,M,0.0,0000*67
$GPRMC,181130.00,A,3732.348436,N,12221.868326,W,000.0,000.0,050620,,,A*4F
$GPGGA,181131.00,3732.348430,N,12221.868331,W,7,,0.38,139.01,M,0.0,M,0.0,0000*64
$GPRMC,181131.00,A,3732.348430,N,12221.868331,W,000.0,000.0,050620,,,A*4E
$GPGGA,181132.00,3732.348358,N,12221.868320,W,7,,0.38,138.58,M,0.0,M,0.0,0000*63
$GPRMC,181132.00,A,3732.348358,N,12221.868320,W,000.0,000.0,050620,,,A*44
$GPGGA,181133.00,3732.348358,N,12221.868301,W,7,,0.38,138.59,M,0.0,M,0.0,0000*60
$GPRMC,181133.00,A,3732.348358,N,12221.868301,W,000.0,000.0,050620,,,A*46
$GPGGA,181134.00,3732.348322,N,12221.868313,W,7,,0.38,138.43,M,0.0,M,0.0,0000*62
$GPRMC,181134.00,A,3732.348322,N,12221.868313,W,000.0,000.0,050620,,,A*4F
$GPGGA,181135.00,3732.348303,N,12221.868320,W,7,,0.38,138.38,M,0.0,M,0.0,0000*6C
$GPRMC,181135.00,A,3732.348303,N,12221.868320,W,000.0,000.0,050620,,,A*4D
$GPGGA,181136.00,3732.348297,N,12221.868296,W,7,,0.38,138.37,M,0.0,M,0.0,0000*60
$GPRMC,181136.00,A,3732.348297,N,12221.868296,W,000.0,000.0,050620,,,A*4E
$GPGGA,181137.00,3732.348297,N,12221.868289,W,7,,0.38,138.37,M,0.0,M,0.0,0000*6F
$GPRMC,181137.00,A,3732.348297,N,12221.868289,W,000.0,000.0,050620,,,A*41
$GPGGA,181138.00,3732.348297,N,12221.868301,W,7,,0.38,138.39,M,0.0,M,0.0,0000*6F
$GPRMC,181138.00,A,3732.348297,N,12221.868301,W,000.0,000.0,050620,,,A*4F
$GPGGA,181139.00,3732.348291,N,12221.868301,W,7,,0.38,138.36,M,0.0,M,0.0,0000*67
$GPRMC,181139.00,A,3732.348291,N,12221.868301,W,000.0,000.0,050620,,,A*48
$GPGGA,181140.00,3732.348297,N,12221.868296,W,7,,0.38,138.37,M,0.0,M,0.0,0000*61
$GPRMC,181140.00,A,3732.348297,N,12221.868296,W,000.0,000.0,050620,,,A*4F
$GPGGA,181141.00,3732.348297,N,12221.868296,W,7,,0.38,138.38,M,0.0,M,0.0,0000*6F
$GPRMC,181141.00,A,3732.348297,N,12221.868296,W,000.0,000.0,050620,,,A*4E
$GPGGA,181142.00,3732.348291,N,12221.868301,W,7,,0.38,138.36,M,0.0,M,0.0,0000*6B
$GPRMC,181142.00,A,3732.348291,N,12221.868301,W,000.0,000.0,050620,,,A*44
$GPGGA,181143.00,3732.348172,N,12221.868266,W,7,,0.38,138.18,M,0.0,M,0.0,0000*68
$GPRMC,181143.00,A,3732.348172,N,12221.868266,W,000.0,000.0,050620,,,A*4B
$GPGGA,181144.00,3732.348183,N,12221.868229,W,7,,0.38,138.21,M,0.0,M,0.0,0000*60
$GPRMC,181144.00,A,3732.348183,N,12221.868229,W,000.0,000.0,050620,,,A*49
$GPGGA,181145.00,3732.348178,N,12221.868229,W,7,,0.38,138.20,M,0.0,M,0.0,0000*64
$GPRMC,181145.00,A,3732.348178,N,12221.868229,W,000.0,000.0,050620,,,A*4C
$GPGGA,181146.00,3732.348183,N,12221.868229,W,7,,0.38,138.21,M,0.0,M,0.0,0000*62
$GPRMC,181146.00,A,3732.348183,N,12221.868229,W,000.0,000.0,050620,,,A*4B
$GPGGA,181147.00,3732.348178,N,12221.868236,W,7,,0.38,138.20,M,0.0,M,0.0,0000*68
$GPRMC,181147.00,A,3732.348178,N,12221.868236,W,000.0,000.0,050620,,,A*40
$GPGGA,181148.00,3732.348183,N,12221.868229,W,7,,0.38,138.21,M,0.0,M,0.0,0000*6C
$GPRMC,181148.00,A,3732.348183,N,12221.868229,W,000.0,000.0,050620,,,A*45
$GPGGA,181149.00,3732.348183,N,12221.868224,W,7,,0.38,138.22,M,0.0,M,0.0,0000*63
$GPRMC,181149.00,A,3732.348183,N,12221.868224,W,000.0,000.0,050620,,,A*49
$GPGGA,181150.00,3732.348183,N,12221.868229,W,7,,0.38,138.21,M,0.0,M,0.0,0000*65
$GPRMC,181150.00,A,3732.348183,N,12221.868229,W,000.0,000.0,050620,,,A*4C
$GPGGA,181151.00,3732.348178,N,12221.868229,W,7,,0.38,138.20,M,0.0,M,0.0,0000*61
$GPRMC,181151.00,A,3732.348178,N,12221.868229,W,000.0,000.0,050620,,,A*49
$GPGGA,181152.00,3732.348178,N,12221.868229,W,7,,0.38,138.20,M,0.0,M,0.0,0000*62
$GPRMC,181152.00,A,3732.348178,N,12221.868229,W,000.0,000.0,050620,,,A*4A
$GPGGA,181153.00,3732.348178,N,12221.868229,W,7,,0.38,138.19,M,0.0,M,0.0,0000*69
$GPRMC,181153.00,A,3732.348178,N,12221.868229,W,000.0,000.0,050620,,,A*4B
$GPGGA,181154.00,3732.348178,N,12221.868229,W,7,,0.38,138.20,M,0.0,M,0.0,0000*64
$GPRMC,181154.00,A,3732.348178,N,12221.868229,W,000.0,000.0,050620,,,A*4C
$GPGGA,181155.00,3732.348178,N,12221.868236,W,7,,0.38,138.19,M,0.0,M,0.0,0000*61
$GPRMC,181155.00,A,3732.348178,N,12221.868236,W,000.0,000.0,050620,,,A*43
$GPGGA,181156.00,3732.348183,N,12221.868229,W,7,,0.38,138.21,M,0.0,M,0.0,0000*63
$GPRMC,181156.00,A,3732.348183,N,12221.868229,W,000.0,000.0,050620,,,A*4A
$GPGGA,181157.00,3732.348178,N,12221.868236,W,7,,0.38,138.20,M,0.0,M,0.0,0000*69
$GPRMC,181157.00,A,3732.348178,N,12221.868236,W,000.0,000.0,050620,,,A*41
$GPGGA,181158.00,3732.348178,N,12221.868229,W,7,,0.38,138.20,M,0.0,M,0.0,0000*68
$GPRMC,181158.00,A,3732.348178,N,12221.868229,W,000.0,000.0,050620,,,A*40
$GPGGA,181159.00,3732.348178,N,12221.868236,W,7,,0.38,138.19,M,0.0,M,0.0,0000*6D
$GPRMC,181159.00,A,3732.348178,N,12221.868236,W,000.0,000.0,050620,,,A*4F
$GPGGA,181200.00,3732.348183,N,12221.868229,W,7,,0.38,138.22,M,0.0,M,0.0,0000*60
$GPRMC,181200.00,A,3732.348183,N,12221.868229,W,000.0,000.0,050620,,,A*4A
$GPGGA,181201.00,3732.348178,N,12221.868236,W,7,,0.38,138.20,M,0.0,M,0.0,0000*69
$GPRMC,181201.00,A,3732.348178,N,12221.868236,W,000.0,000.0,050620,,,A*41
$GPGGA,181202.00,3732.348178,N,12221.868229,W,7,,0.38,138.19,M,0.0,M,0.0,0000*6E
$GPRMC,181202.00,A,3732.348178,N,12221.868229,W,000.0,000.0,050620,,,A*4C
$GPGGA,181203.00,3732.348178,N,12221.868229,W,7,,0.38,138.20,M,0.0,M,0.0,0000*65
$GPRMC,181203.00,A,3732.348178,N,12221.868229,W,000.0,000.0,050620,,,A*4D
$GPGGA,181204.00,3732.348183,N,12221.868229,W,7,,0.38,138.20,M,0.0,M,0.0,0000*66
$GPRMC,181204.00,A,3732.348183,N,12221.868229,W,000.0,000.0,050620,,,A*4E
$GPGGA,181205.00,3732.348178,N,12221.868229,W,7,,0.38,138.20,M,0.0,M,0.0,0000*63
$GPRMC,181205.00,A,3732.348178,N,12221.868229,W,000.0,000.0,050620,,,A*4B
$GPGGA,181206.00,3732.348178,N,12221.868229,W,7,,0.38,138.20,M,0.0,M,0.0,0000*60
$GPRMC,181206.00,A,3732.348178,N,12221.868229,W,000.0,000.0,050620,,,A*48
$GPGGA,181207.00,3732.348178,N,12221.868229,W,7,,0.38,138.20,M,0.0,M,0.0,0000*61
$GPRMC,181207.00,A,3732.348178,N,12221.868229,W,000.0,000.0,050620,,,A*49
$GPGGA,181208.00,3732.348183,N,12221.868229,W,7,,0.38,138.21,M,0.0,M,0.0,0000*6B
$GPRMC,181208.00,A,3732.348183,N,12221.868229,W,000.0,000.0,050620,,,A*42
$GPGGA,181209.00,3732.348178,N,12221.868229,W,7,,0.38,138.20,M,0.0,M,0.0,0000*6F
$GPRMC,181209.00,A,3732.348178,N,12221.868229,W,000.0,000.0,050620,,,A*47
$GPGGA,181210.00,3732.348178,N,12221.868229,W,7,,0.38,138.20,M,0.0,M,0.0,0000*67
$GPRMC,181210.00,A,3732.348178,N,12221.868229,W,000.0,000.0,050620,,,A*4F
$GPGGA,181211.00,3732.348183,N,12221.868229,W,7,,0.38,138.20,M,0.0,M,0.0,0000*62
$GPRMC,181211.00,A,3732.348183,N,12221.868229,W,000.0,000.0,050620,,,A*4A
$GPGGA,181212.00,3732.348183,N,12221.868236,W,7,,0.38,138.22,M,0.0,M,0.0,0000*6D
$GPRMC,181212.00,A,3732.348183,N,12221.868236,W,000.0,000.0,050620,,,A*47
$GPGGA,181213.00,3732.348178,N,12221.868229,W,7,,0.38,138.21,M,0.0,M,0.0,0000*65
$GPRMC,181213.00,A,3732.348178,N,12221.868229,W,000.0,000.0,050620,,,A*4C
$GPGGA,181214.00,3732.348183,N,12221.868229,W,7,,0.38,138.21,M,0.0,M,0.0,0000*66
$GPRMC,181214.00,A,3732.348183,N,12221.868229,W,000.0,000.0,050620,,,A*4F
$GPGGA,181215.00,3732.348178,N,12221.868229,W,7,,0.38,138.20,M,0.0,M,0.0,0000*62
$GPRMC,181215.00,A,3732.348178,N,12221.868229,W,000.0,000.0,050620,,,A*4A
$GPGGA,181216.00,3732.348183,N,12221.868229,W,7,,0.38,138.21,M,0.0,M,0.0,0000*64
$GPRMC,181216.00,A,3732.348183,N,12221.868229,W,000.0,000.0,050620,,,A*4D
$GPGGA,181217.00,3732.348183,N,12221.868229,W,7,,0.38,138.21,M,0.0,M,0.0,0000*65
$GPRMC,181217.00,A,3732.348183,N,12221.868229,W,000.0,000.0,050620,,,A*4C
$GPGGA,181218.00,3732.348183,N,12221.868229,W,7,,0.38,138.21,M,0.0,M,0.0,0000*6A
$GPRMC,181218.00,A,3732.348183,N,12221.868229,W,000.0,000.0,050620,,,A*43
$GPGGA,181219.00,3732.348183,N,12221.868229,W,7,,0.38,138.21,M,0.0,M,0.0,0000*6B
$GPRMC,181219.00,A,3732.348183,N,12221.868229,W,000.0,000.0,050620,,,A*42
$GPGGA,181220.00,3732.348183,N,12221.868229,W,7,,0.38,138.21,M,0.0,M,0.0,0000*61
$GPRMC,181220.00,A,3732.348183,N,12221.868229,W,000.0,000.0,050620,,,A*48
$GPGGA,181221.00,3732.348183,N,12221.868229,W,7,,0.38,138.21,M,0.0,M,0.0,0000*60
$GPRMC,181221.00,A,3732.348183,N,12221.868229,W,000.0,000.0,050620,,,A*49
$GPGGA,181222.00,3732.348178,N,12221.868224,W,7,,0.38,138.20,M,0.0,M,0.0,0000*6B
$GPRMC,181222.00,A,3732.348178,N,12221.868224,W,000.0,000.0,050620,,,A*43
$GPGGA,181223.00,3732.348178,N,12221.868229,W,7,,0.38,138.20,M,0.0,M,0.0,0000*67
$GPRMC,181223.00,A,3732.348178,N,12221.868229,W,000.0,000.0,050620,,,A*4F
$GPGGA,181224.00,3732.348178,N,12221.868236,W,7,,0.38,138.19,M,0.0,M,0.0,0000*64
$GPRMC,181224.00,A,3732.348178,N,12221.868236,W,000.0,000.0,050620,,,A*46
$GPGGA,181225.00,3732.348178,N,12221.868229,W,7,,0.38,138.20,M,0.0,M,0.0,0000*61
$GPRMC,181225.00,A,3732.348178,N,12221.868229,W,000.0,000.0,050620,,,A*49
$GPGGA,181226.00,3732.348183,N,12221.868224,W,7,,0.38,138.22,M,0.0,M,0.0,0000*69
$GPRMC,181226.00,A,3732.348183,N,12221.868224,W,000.0,000.0,050620,,,A*43
$GPGGA,181227.00,3732.348178,N,12221.868236,W,7,,0.38,138.20,M,0.0,M,0.0,0000*6D
$GPRMC,181227.00,A,3732.348178,N,12221.868236,W,000.0,000.0,050620,,,A*45
$GPGGA,181228.00,3732.348183,N,12221.868229,W,7,,0.38,138.21,M,0.0,M,0.0,0000*69
$GPRMC,181228.00,A,3732.348183,N,12221.868229,W,000.0,000.0,050620,,,A*40
$GPGGA,181229.00,3732.348178,N,12221.868236,W,7,,0.38,138.20,M,0.0,M,0.0,0000*63
$GPRMC,181229.00,A,3732.348178,N,12221.868236,W,000.0,000.0,050620,,,A*4B
$GPGGA,181230.00,3732.348178,N,12221.868229,W,7,,0.38,138.20,M,0.0,M,0.0,0000*65
$GPRMC,181230.00,A,3732.348178,N,12221.868229,W,000.0,000.0,050620,,,A*4D
$GPGGA,181231.00,3732.348183,N,12221.868224,W,7,,0.38,138.21,M,0.0,M,0.0,0000*6C
$GPRMC,181231.00,A,3732.348183,N,12221.868224,W,000.0,000.0,050620,,,A*45
$GPGGA,181232.00,3732.348178,N,12221.868236,W,7,,0.38,138.20,M,0.0,M,0.0,0000*69
$GPRMC,181232.00,A,3732.348178,N,12221.868236,W,000.0,000.0,050620,,,A*41
$GPGGA,181233.00,3732.348183,N,12221.868229,W,7,,0.38,138.21,M,0.0,M,0.0,0000*63
$GPRMC,181233.00,A,3732.348183,N,12221.868229,W,000.0,000.0,050620,,,A*4A
$GPGGA,181234.00,3732.348183,N,12221.868229,W,7,,0.38,138.21,M,0.0,M,0.0,0000*64
$GPRMC,181234.00,A,3732.348183,N,12221.868229,W,000.0,000.0,050620,,,A*4D
$GPGGA,181235.00,3732.348178,N,12221.868236,W,7,,0.38,138.20,M,0.0,M,0.0,0000*6E
$GPRMC,181235.00,A,3732.348178,N,12221.868236,W,000.0,000.0,050620,,,A*46
$GPGGA,181236.00,3732.348178,N,12221.868236,W,7,,0.38,138.20,M,0.0,M,0.0,0000*6D
$GPRMC,181236.00,A,3732.348178,N,12221.868236,W,000.0,000.0,050620,,,A*45
$GPGGA,181237.00,3732.348178,N,12221.868236,W,7,,0.38,138.20,M,0.0,M,0.0,0000*6C
$GPRMC,181237.00,A,3732.348178,N,12221.868236,W,000.0,000.0,050620,,,A*44
$GPGGA,181238.00,3732.348178,N,12221.868236,W,7,,0.38,138.20,M,0.0,M,0.0,0000*63
$GPRMC,181238.00,A,3732.348178,N,12221.868236,W,000.0,000.0,050620,,,A*4B
$GPGGA,181239.00,3732.348183,N,12221.868229,W,7,,0.38,138.20,M,0.0,M,0.0,0000*68
$GPRMC,181239.00,A,3732.348183,N,12221.868229,W,000.0,000.0,050620,,,A*40
$GPGGA,181240.00,3732.348178,N,12221.868229,W,7,,0.38,138.20,M,0.0,M,0.0,0000*62
$GPRMC,181240.00,A,3732.348178,N,12221.868229,W,000.0,000.0,050620,,,A*4A
$GPGGA,181241.00,3732.348183,N,12221.868229,W,7,,0.38,138.20,M,0.0,M,0.0,0000*67
$GPRMC,181241.00,A,3732.348183,N,12221.868229,W,000.0,000.0,050620,,,A*4F
$GPGGA,181242.00,3732.348178,N,12221.868229,W,7,,0.38,138.20,M,0.0,M,0.0,0000*60
$GPRMC,181242.00,A,3732.348178,N,12221.868229,W,000.0,000.0,050620,,,A*48
$GPGGA,181243.00,3732.348183,N,12221.868229,W,7,,0.38,138.21,M,0.0,M,0.0,0000*64
$GPRMC,181243.00,A,3732.348183,N,12221.868229,W,000.0,000.0,050620,,,A*4D
$GPGGA,181244.00,3732.348183,N,12221.868224,W,7,,0.38,138.22,M,0.0,M,0.0,0000*6D
$GPRMC,181244.00,A,3732.348183,N,12221.868224,W,000.0,000.0,050620,,,A*47
$GPGGA,181245.00,3732.348183,N,12221.868229,W,7,,0.38,138.21,M,0.0,M,0.0,0000*62
$GPRMC,181245.00,A,3732.348183,N,12221.868229,W,000.0,000.0,050620,,,A*4B
$GPGGA,181246.00,3732.348178,N,12221.868229,W,7,,0.38,138.20,M,0.0,M,0.0,0000*64
$GPRMC,181246.00,A,3732.348178,N,12221.868229,W,000.0,000.0,050620,,,A*4C
$GPGGA,181247.00,3732.348183,N,12221.868229,W,7,,0.38,138.21,M,0.0,M,0.0,0000*60
$GPRMC,181247.00,A,3732.348183,N,12221.868229,W,000.0,000.0,050620,,,A*49
$GPGGA,181248.00,3732.348183,N,12221.868229,W,7,,0.38,138.21,M,0.0,M,0.0,0000*6F
$GPRMC,181248.00,A,3732.348183,N,12221.868229,W,000.0,000.0,050620,,,A*46
$GPGGA,181249.00,3732.348183,N,12221.868229,W,7,,0.38,138.21,M,0.0,M,0.0,0000*6E
$GPRMC,181249.00,A,3732.348183,N,12221.868229,W,000.0,000.0,050620,,,A*47
$GPGGA,181250.00,3732.348178,N,12221.868229,W,7,,0.38,138.20,M,0.0,M,0.0,0000*63
$GPRMC,181250.00,A,3732.348178,N,12221.868229,W,000.0,000.0,050620,,,A*4B
$GPGGA,181251.00,3732.348183,N,12221.868229,W,7,,0.38,138.21,M,0.0,M,0.0,0000*67
$GPRMC,181251.00,A,3732.348183,N,12221.868229,W,000.0,000.0,050620,,,A*4E
$GPGGA,181252.00,3732.348183,N,12221.868229,W,7,,0.38,138.21,M,0.0,M,0.0,0000*64
$GPRMC,181252.00,A,3732.348183,N,12221.868229,W,000.0,000.0,050620,,,A*4D
$GPGGA,181253.00,3732.348183,N,12221.868229,W,7,,0.38,138.21,M,0.0,M,0.0,0000*65
$GPRMC,181253.00,A,3732.348183,N,12221.868229,W,000.0,000.0,050620,,,A*4C
$GPGGA,181254.00,3732.348183,N,12221.868229,W,7,,0.38,138.21,M,0.0,M,0.0,0000*62
$GPRMC,181254.00,A,3732.348183,N,12221.868229,W,000.0,000.0,050620,,,A*4B
$GPGGA,181255.00,3732.348178,N,12221.868229,W,7,,0.38,138.20,M,0.0,M,0.0,0000*66
$GPRMC,181255.00,A,3732.348178,N,12221.868229,W,000.0,000.0,050620,,,A*4E
$GPGGA,181256.00,3732.348183,N,12221.868229,W,7,,0.38,138.21,M,0.0,M,0.0,0000*60
$GPRMC,181256.00,A,3732.348183,N,12221.868229,W,000.0,000.0,050620,,,A*49
$GPGGA,181257.00,3732.348183,N,12221.868229,W,7,,0.38,138.21,M,0.0,M,0.0,0000*61
$GPRMC,181257.00,A,3732.348183,N,12221.868229,W,000.0,000.0,050620,,,A*48
$GPGGA,181258.00,3732.348183,N,12221.868229,W,7,,0.38,138.21,M,0.0,M,0.0,0000*6E
$GPRMC,181258.00,A,3732.348183,N,12221.868229,W,000.0,000.0,050620,,,A*47
$GPGGA,181259.00,3732.348178,N,12221.868229,W,7,,0.38,138.21,M,0.0,M,0.0,0000*6B
$GPRMC,181259.00,A,3732.348178,N,12221.868229,W,000.0,000.0,050620,,,A*42
$GPGGA,181300.00,3732.348183,N,12221.868229,W,7,,0.38,138.21,M,0.0,M,0.0,0000*62
$GPRMC,181300.00,A,3732.348183,N,12221.868229,W,000.0,000.0,050620,,,A*4B
$GPGGA,181301.00,3732.348183,N,12221.868229,W,7,,0.38,138.21,M,0.0,M,0.0,0000*63
$GPRMC,181301.00,A,3732.348183,N,12221.868229,W,000.0,000.0,050620,,,A*4A
$GPGGA,181302.00,3732.348183,N,12221.868229,W,7,,0.38,138.21,M,0.0,M,0.0,0000*60
$GPRMC,181302.00,A,3732.348183,N,12221.868229,W,000.0,000.0,050620,,,A*49
$GPGGA,181303.00,3732.348183,N,12221.868229,W,7,,0.38,138.21,M,0.0,M,0.0,0000*61
$GPRMC,181303.00,A,3732.348183,N,12221.868229,W,000.0,000.0,050620,,,A*48
$GPGGA,181304.00,3732.348183,N,12221.868229,W,7,,0.38,138.21,M,0.0,M,0.0,0000*66
$GPRMC,181304.00,A,3732.348183,N,12221.868229,W,000.0,000.0,050620,,,A*4F
$GPGGA,181305.00,3732.348183,N,12221.868229,W,7,,0.38,138.21,M,0.0,M,0.0,0000*67
$GPRMC,181305.00,A,3732.348183,N,12221.868229,W,000.0,000.0,050620,,,A*4E
$GPGGA,181306.00,3732.348183,N,12221.868229,W,7,,0.38,138.21,M,0.0,M,0.0,0000*64
$GPRMC,181306.00,A,3732.348183,N,12221.868229,W,000.0,000.0,050620,,,A*4D
$GPGGA,181307.00,3732.348183,N,12221.868229,W,7,,0.38,138.21,M,0.0,M,0.0,0000*65
$GPRMC,181307.00,A,3732.348183,N,12221.868229,W,000.0,000.0,050620,,,A*4C
$GPGGA,181308.00,3732.348183,N,12221.868229,W,7,,0.38,138.21,M,0.0,M,0.0,0000*6A
$GPRMC,181308.00,A,3732.348183,N,12221.868229,W,000.0,000.0,050620,,,A*43
$GPGGA,181309.00,3732.348178,N,12221.868229,W,7,,0.38,138.20,M,0.0,M,0.0,0000*6E
$GPRMC,181309.00,A,3732.348178,N,12221.868229,W,000.0,000.0,050620,,,A*46
$GPGGA,181310.00,3732.348183,N,12221.868229,W,7,,0.38,138.20,M,0.0,M,0.0,0000*62
$GPRMC,181310.00,A,3732.348183,N,12221.868229,W,000.0,000.0,050620,,,A*4A
$GPGGA,181311.00,3732.348183,N,12221.868229,W,7,,0.38,138.21,M,0.0,M,0.0,0000*62
$GPRMC,181311.00,A,3732.348183,N,12221.868229,W,000.0,000.0,050620,,,A*4B
$GPGGA,181312.00,3732.348183,N,12221.868229,W,7,,0.38,138.21,M,0.0,M,0.0,0000*61
$GPRMC,181312.00,A,3732.348183,N,12221.868229,W,000.0,000.0,050620,,,A*48
$GPGGA,181313.00,3732.348183,N,12221.868229,W,7,,0.38,138.21,M,0.0,M,0.0,0000*60
$GPRMC,181313.00,A,3732.348183,N,12221.868229,W,000.0,000.0,050620,,,A*49
$GPGGA,181314.00,3732.348178,N,12221.868229,W,7,,0.38,138.20,M,0.0,M,0.0,0000*62
$GPRMC,181314.00,A,3732.348178,N,12221.868229,W,000.0,000.0,050620,,,A*4A
$GPGGA,181315.00,3732.348183,N,12221.868229,W,7,,0.38,138.20,M,0.0,M,0.0,0000*67
$GPRMC,181315.00,A,3732.348183,N,12221.868229,W,000.0,000.0,050620,,,A*4F
$GPGGA,181316.00,3732.348183,N,12221.868229,W,7,,0.38,138.21,M,0.0,M,0.0,0000*65
$GPRMC,181316.00,A,3732.348183,N,12221.868229,W,000.0,000.0,050620,,,A*4C
$GPGGA,181317.00,3732.348178,N,12221.868229,W,7,,0.38,138.21,M,0.0,M,0.0,0000*60
$GPRMC,181317.00,A,3732.348178,N,12221.868229,W,000.0,000.0,050620,,,A*49
$GPGGA,181318.00,3732.348183,N,12221.868229,W,7,,0.38,138.21,M,0.0,M,0.0,0000*6B
$GPRMC,181318.00,A,3732.348183,N,12221.868229,W,000.0,000.0,050620,,,A*42
$GPGGA,181319.00,3732.348183,N,12221.868229,W,7,,0.38,138.21,M,0.0,M,0.0,0000*6A
$GPRMC,181319.00,A,3732.348183,N,12221.868229,W,000.0,000.0,050620,,,A*43
$GPGGA,181320.00,3732.348183,N,12221.868229,W,7,,0.38,138.21,M,0.0,M,0.0,0000*60
$GPRMC,181320.00,A,3732.348183,N,12221.868229,W,000.0,000.0,050620,,,A*49
$GPGGA,181321.00,3732.348183,N,12221.868229,W,7,,0.38,138.21,M,0.0,M,0.0,0000*61
$GPRMC,181321.00,A,3732.348183,N,12221.868229,W,000.0,000.0,050620,,,A*48
$GPGGA,181322.00,3732.348183,N,12221.868229,W,7,,0.38,138.21,M,0.0,M,0.0,0000*62
$GPRMC,181322.00,A,3732.348183,N,12221.868229,W,000.0,000.0,050620,,,A*4B
$GPGGA,181323.00,3732.348178,N,12221.868229,W,7,,0.38,138.21,M,0.0,M,0.0,0000*67
$GPRMC,181323.00,A,3732.348178,N,12221.868229,W,000.0,000.0,050620,,,A*4E
$GPGGA,181324.00,3732.348183,N,12221.868229,W,7,,0.38,138.21,M,0.0,M,0.0,0000*64
$GPRMC,181324.00,A,3732.348183,N,12221.868229,W,000.0,000.0,050620,,,A*4D
$GPGGA,181325.00,3732.348183,N,12221.868229,W,7,,0.38,138.21,M,0.0,M,0.0,0000*65
$GPRMC,181325.00,A,3732.348183,N,12221.868229,W,000.0,000.0,050620,,,A*4C
$GPGGA,181326.00,3732.348183,N,12221.868229,W,7,,0.38,138.21,M,0.0,M,0.0,0000*66
$GPRMC,181326.00,A,3732.348183,N,12221.868229,W,000.0,000.0,050620,,,A*4F
$GPGGA,181327.00,3732.348183,N,12221.868229,W,7,,0.38,138.21,M,0.0,M,0.0,0000*67
$GPRMC,181327.00,A,3732.348183,N,12221.868229,W,000.0,000.0,050620,,,A*4E
$GPGGA,181328.00,3732.348183,N,12221.868229,W,7,,0.38,138.21,M,0.0,M,0.0,0000*68
$GPRMC,181328.00,A,3732.348183,N,12221.868229,W,000.0,000.0,050620,,,A*41
$GPGGA,181329.00,3732.348183,N,12221.868229,W,7,,0.38,138.21,M,0.0,M,0.0,0000*69
$GPRMC,181329.00,A,3732.348183,N,12221.868229,W,000.0,000.0,050620,,,A*40
$GPGGA,181330.00,3732.348183,N,12221.868229,W,7,,0.38,138.21,M,0.0,M,0.0,0000*61
$GPRMC,181330.00,A,3732.348183,N,12221.868229,W,000.0,000.0,050620,,,A*48
$GPGGA,181331.00,3732.348183,N,12221.868229,W,7,,0.38,138.21,M,0.0,M,0.0,0000*60
$GPRMC,181331.00,A,3732.348183,N,12221.868229,W,000.0,000.0,050620,,,A*49
$GPGGA,181332.00,3732.348178,N,12221.868229,W,7,,0.38,138.21,M,0.0,M,0.0,0000*67
$GPRMC,181332.00,A,3732.348178,N,12221.868229,W,000.0,000.0,050620,,,A*4E
$GPGGA,181333.00,3732.348183,N,12221.868229,W,7,,0.38,138.21,M,0.0,M,0.0,0000*62
$GPRMC,181333.00,A,3732.348183,N,12221.868229,W,000.0,000.0,050620,,,A*4B
$GPGGA,181334.00,3732.348178,N,12221.868236,W,7,,0.38,138.20,M,0.0,M,0.0,0000*6E
$GPRMC,181334.00,A,3732.348178,N,12221.868236,W,000.0,000.0,050620,,,A*46
$GPGGA,181335.00,3732.348178,N,12221.868229,W,7,,0.38,138.20,M,0.0,M,0.0,0000*61
$GPRMC,181335.00,A,3732.348178,N,12221.868229,W,000.0,000.0,050620,,,A*49
$GPGGA,181336.00,3732.348183,N,12221.868229,W,7,,0.38,138.21,M,0.0,M,0.0,0000*67
$GPRMC,181336.00,A,3732.348183,N,12221.868229,W,000.0,000.0,050620,,,A*4E
$GPGGA,181337.00,3732.348183,N,12221.868229,W,7,,0.38,138.21,M,0.0,M,0.0,0000*66
$GPRMC,181337.00,A,3732.348183,N,12221.868229,W,000.0,000.0,050620,,,A*4F
$GPGGA,181338.00,3732.348183,N,12221.868224,W,7,,0.38,138.21,M,0.0,M,0.0,0000*64
$GPRMC,181338.00,A,3732.348183,N,12221.868224,W,000.0,000.0,050620,,,A*4D
$GPGGA,181339.00,3732.348178,N,12221.868229,W,7,,0.38,138.21,M,0.0,M,0.0,0000*6C
$GPRMC,181339.00,A,3732.348178,N,12221.868229,W,000.0,000.0,050620,,,A*45
$GPGGA,181340.00,3732.348178,N,12221.868229,W,7,,0.38,138.21,M,0.0,M,0.0,0000*62
$GPRMC,181340.00,A,3732.348178,N,12221.868229,W,000.0,000.0,050620,,,A*4B
$GPGGA,181341.00,3732.348178,N,12221.868229,W,7,,0.38,138.20,M,0.0,M,0.0,0000*62
$GPRMC,181341.00,A,3732.348178,N,12221.868229,W,000.0,000.0,050620,,,A*4A
$GPGGA,181342.00,3732.348183,N,12221.868229,W,7,,0.38,138.21,M,0.0,M,0.0,0000*64
$GPRMC,181342.00,A,3732.348183,N,12221.868229,W,000.0,000.0,050620,,,A*4D
$GPGGA,181343.00,3732.348183,N,12221.868224,W,7,,0.38,138.21,M,0.0,M,0.0,0000*68
$GPRMC,181343.00,A,3732.348183,N,12221.868224,W,000.0,000.0,050620,,,A*41
$GPGGA,181344.00,3732.348178,N,12221.868229,W,7,,0.38,138.21,M,0.0,M,0.0,0000*66
$GPRMC,181344.00,A,3732.348178,N,12221.868229,W,000.0,000.0,050620,,,A*4F
$GPGGA,181345.00,3732.348178,N,12221.868236,W,7,,0.38,138.21,M,0.0,M,0.0,0000*69
$GPRMC,181345.00,A,3732.348178,N,12221.868236,W,000.0,000.0,050620,,,A*40
$GPGGA,181346.00,3732.348178,N,12221.868229,W,7,,0.38,138.20,M,0.0,M,0.0,0000*65
$GPRMC,181346.00,A,3732.348178,N,12221.868229,W,000.0,000.0,050620,,,A*4D
$GPGGA,181347.00,3732.348183,N,12221.868229,W,7,,0.38,138.21,M,0.0,M,0.0,0000*61
$GPRMC,181347.00,A,3732.348183,N,12221.868229,W,000.0,000.0,050620,,,A*48
$GPGGA,181348.00,3732.348183,N,12221.868229,W,7,,0.38,138.21,M,0.0,M,0.0,0000*6E
$GPRMC,181348.00,A,3732.348183,N,12221.868229,W,000.0,000.0,050620,,,A*47
$GPGGA,181349.00,3732.348183,N,12221.868229,W,7,,0.38,138.21,M,0.0,M,0.0,0000*6F
$GPRMC,181349.00,A,3732.348183,N,12221.868229,W,000.0,000.0,050620,,,A*46
$GPGGA,181350.00,3732.348183,N,12221.868229,W,7,,0.38,138.20,M,0.0,M,0.0,0000*66
$GPRMC,181350.00,A,3732.348183,N,12221.868229,W,000.0,000.0,050620,,,A*4E
$GPGGA,181351.00,3732.348178,N,12221.868229,W,7,,0.38,138.20,M,0.0,M,0.0,0000*63
$GPRMC,181351.00,A,3732.348178,N,12221.868229,W,000.0,000.0,050620,,,A*4B
$GPGGA,181352.00,3732.348178,N,12221.868229,W,7,,0.38,138.20,M,0.0,M,0.0,0000*60
$GPRMC,181352.00,A,3732.348178,N,12221.868229,W,000.0,000.0,050620,,,A*48
$GPGGA,181353.00,3732.348178,N,12221.868236,W,7,,0.38,138.20,M,0.0,M,0.0,0000*6F
$GPRMC,181353.00,A,3732.348178,N,12221.868236,W,000.0,000.0,050620,,,A*47
$GPGGA,181354.00,3732.348178,N,12221.868229,W,7,,0.38,138.20,M,0.0,M,0.0,0000*66
$GPRMC,181354.00,A,3732.348178,N,12221.868229,W,000.0,000.0,050620,,,A*4E
$GPGGA,181355.00,3732.348178,N,12221.868229,W,7,,0.38,138.19,M,0.0,M,0.0,0000*6D
$GPRMC,181355.00,A,3732.348178,N,12221.868229,W,000.0,000.0,050620,,,A*4F
$GPGGA,181356.00,3732.348183,N,12221.868229,W,7,,0.38,138.20,M,0.0,M,0.0,0000*60
$GPRMC,181356.00,A,3732.348183,N,12221.868229,W,000.0,000.0,050620,,,A*48
$GPGGA,181357.00,3732.348183,N,12221.868224,W,7,,0.38,138.21,M,0.0,M,0.0,0000*6D
$GPRMC,181357.00,A,3732.348183,N,12221.868224,W,000.0,000.0,050620,,,A*44
$GPGGA,181358.00,3732.348183,N,12221.868229,W,7,,0.38,138.21,M,0.0,M,0.0,0000*6F
$GPRMC,181358.00,A,3732.348183,N,12221.868229,W,000.0,000.0,050620,,,A*46
$GPGGA,181359.00,3732.348183,N,12221.868229,W,7,,0.38,138.21,M,0.0,M,0.0,0000*6E
$GPRMC,181359.00,A,3732.348183,N,12221.868229,W,000.0,000.0,050620,,,A*47
$GPGGA,181400.00,3732.348183,N,12221.868224,W,7,,0.38,138.21,M,0.0,M,0.0,0000*68
$GPRMC,181400.00,A,3732.348183,N,12221.868224,W,000.0,000.0,050620,,,A*41
$GPGGA,181401.00,3732.348183,N,12221.868224,W,7,,0.38,138.21,M,0.0,M,0.0,0000*69
$GPRMC,181401.00,A,3732.348183,N,12221.868224,W,000.0,000.0,050620,,,A*40
$GPGGA,181402.00,3732.348183,N,12221.868229,W,7,,0.38,138.20,M,0.0,M,0.0,0000*66
$GPRMC,181402.00,A,3732.348183,N,12221.868229,W,000.0,000.0,050620,,,A*4E
$GPGGA,181403.00,3732.348183,N,12221.868236,W,7,,0.38,138.20,M,0.0,M,0.0,0000*69
$GPRMC,181403.00,A,3732.348183,N,12221.868236,W,000.0,000.0,050620,,,A*41
$GPGGA,181404.00,3732.348178,N,12221.868236,W,7,,0.38,138.20,M,0.0,M,0.0,0000*6A
$GPRMC,181404.00,A,3732.348178,N,12221.868236,W,000.0,000.0,050620,,,A*42
$GPGGA,181405.00,3732.348183,N,12221.868229,W,7,,0.38,138.20,M,0.0,M,0.0,0000*61
$GPRMC,181405.00,A,3732.348183,N,12221.868229,W,000.0,000.0,050620,,,A*49
$GPGGA,181406.00,3732.348178,N,12221.868229,W,7,,0.38,138.20,M,0.0,M,0.0,0000*66
$GPRMC,181406.00,A,3732.348178,N,12221.868229,W,000.0,000.0,050620,,,A*4E
$GPGGA,181407.00,3732.348183,N,12221.868229,W,7,,0.38,138.21,M,0.0,M,0.0,0000*62
$GPRMC,181407.00,A,3732.348183,N,12221.868229,W,000.0,000.0,050620,,,A*4B
$GPGGA,181408.00,3732.348183,N,12221.868229,W,7,,0.38,138.21,M,0.0,M,0.0,0000*6D
$GPRMC,181408.00,A,3732.348183,N,12221.868229,W,000.0,000.0,050620,,,A*44
$GPGGA,181409.00,3732.348183,N,12221.868229,W,7,,0.38,138.21,M,0.0,M,0.0,0000*6C
$GPRMC,181409.00,A,3732.348183,N,12221.868229,W,000.0,000.0,050620,,,A*45
$GPGGA,181410.00,3732.348183,N,12221.868229,W,7,,0.38,138.21,M,0.0,M,0.0,0000*64
$GPRMC,181410.00,A,3732.348183,N,12221.868229,W,000.0,000.0,050620,,,A*4D
$GPGGA,181411.00,3732.348178,N,12221.868236,W,7,,0.38,138.20,M,0.0,M,0.0,0000*6E
$GPRMC,181411.00,A,3732.348178,N,12221.868236,W,000.0,000.0,050620,,,A*46
$GPGGA,181412.00,3732.348178,N,12221.868236,W,7,,0.38,138.20,M,0.0,M,0.0,0000*6D
$GPRMC,181412.00,A,3732.348178,N,12221.868236,W,000.0,000.0,050620,,,A*45
$GPGGA,181413.00,3732.348178,N,12221.868236,W,7,,0.38,138.19,M,0.0,M,0.0,0000*66
$GPRMC,181413.00,A,3732.348178,N,12221.868236,W,000.0,000.0,050620,,,A*44
$GPGGA,181414.00,3732.348178,N,12221.868229,W,7,,0.38,138.20,M,0.0,M,0.0,0000*65
$GPRMC,181414.00,A,3732.348178,N,12221.868229,W,000.0,000.0,050620,,,A*4D
$GPGGA,181415.00,3732.348183,N,12221.868229,W,7,,0.38,138.21,M,0.0,M,0.0,0000*61
$GPRMC,181415.00,A,3732.348183,N,12221.868229,W,000.0,000.0,050620,,,A*48
$GPGGA,181416.00,3732.348183,N,12221.868229,W,7,,0.38,138.21,M,0.0,M,0.0,0000*62
$GPRMC,181416.00,A,3732.348183,N,12221.868229,W,000.0,000.0,050620,,,A*4B
$GPGGA,181417.00,3732.348183,N,12221.868229,W,7,,0.38,138.22,M,0.0,M,0.0,0000*60
$GPRMC,181417.00,A,3732.348183,N,12221.868229,W,000.0,000.0,050620,,,A*4A
$GPGGA,181418.00,3732.348178,N,12221.868236,W,7,,0.38,138.19,M,0.0,M,0.0,0000*6D
$GPRMC,181418.00,A,3732.348178,N,12221.868236,W,000.0,000.0,050620,,,A*4F
$GPGGA,181419.00,3732.348178,N,12221.868229,W,7,,0.38,138.20,M,0.0,M,0.0,0000*68
$GPRMC,181419.00,A,3732.348178,N,12221.868229,W,000.0,000.0,050620,,,A*40
$GPGGA,181420.00,3732.348178,N,12221.868229,W,7,,0.38,138.19,M,0.0,M,0.0,0000*68
$GPRMC,181420.00,A,3732.348178,N,12221.868229,W,000.0,000.0,050620,,,A*4A
$GPGGA,181421.00,3732.348208,N,12221.867864,W,7,,0.38,140.57,M,0.0,M,0.0,0000*64
$GPRMC,181421.00,A,3732.348208,N,12221.867864,W,000.0,000.0,050620,,,A*43
