$GPGGA,232721.00,3731.397441,N,12221.259170,W,7,,0.38,120.89,M,0.0,M,0.0,0000*68
$GPRMC,232721.00,A,3731.397441,N,12221.259170,W,000.0,000.0,290520,,,A*47
$GPGGA,232722.00,3731.397441,N,12221.259170,W,7,,0.38,120.89,M,0.0,M,0.0,0000*6B
$GPRMC,232722.00,A,3731.397441,N,12221.259170,W,000.0,000.0,290520,,,A*44
$GPGGA,232723.00,3731.397441,N,12221.259170,W,7,,0.38,120.89,M,0.0,M,0.0,0000*6A
$GPRMC,232723.00,A,3731.397441,N,12221.259170,W,000.0,000.0,290520,,,A*45
$GPGGA,232724.00,3731.397441,N,12221.259170,W,7,,0.38,120.90,M,0.0,M,0.0,0000*65
$GPRMC,232724.00,A,3731.397441,N,12221.259170,W,000.0,000.0,290520,,,A*42
$GPGGA,232725.00,3731.397441,N,12221.259170,W,7,,0.38,120.90,M,0.0,M,0.0,0000*64
$GPRMC,232725.00,A,3731.397441,N,12221.259170,W,000.0,000.0,290520,,,A*43
$GPGGA,232726.00,3731.397441,N,12221.259170,W,7,,0.38,120.90,M,0.0,M,0.0,0000*67
$GPRMC,232726.00,A,3731.397441,N,12221.259170,W,000.0,000.0,290520,,,A*40
$GPGGA,232727.00,3731.397441,N,12221.259170,W,7,,0.38,120.90,M,0.0,M,0.0,0000*66
$GPRMC,232727.00,A,3731.397441,N,12221.259170,W,000.0,000.0,290520,,,A*41
$GPGGA,232728.00,3731.397441,N,12221.259170,W,7,,0.38,120.90,M,0.0,M,0.0,0000*69
$GPRMC,232728.00,A,3731.397441,N,12221.259170,W,000.0,000.0,290520,,,A*4E
$GPGGA,232729.00,3731.397436,N,12221.259170,W,7,,0.38,120.90,M,0.0,M,0.0,0000*68
$GPRMC,232729.00,A,3731.397436,N,12221.259170,W,000.0,000.0,290520,,,A*4F
$GPGGA,232730.00,3731.397436,N,12221.259170,W,7,,0.38,120.90,M,0.0,M,0.0,0000*60
$GPRMC,232730.00,A,3731.397436,N,12221.259170,W,000.0,000.0,290520,,,A*47
$GPGGA,232731.00,3731.397436,N,12221.259170,W,7,,0.38,120.91,M,0.0,M,0.0,0000*60
$GPRMC,232731.00,A,3731.397436,N,12221.259170,W,000.0,000.0,290520,,,A*46
$GPGGA,232732.00,3731.397436,N,12221.259170,W,7,,0.38,120.91,M,0.0,M,0.0,0000*63
$GPRMC,232732.00,A,3731.397436,N,12221.259170,W,000.0,000.0,290520,,,A*45
$GPGGA,232733.00,3731.397441,N,12221.259170,W,7,,0.38,120.91,M,0.0,M,0.0,0000*62
$GPRMC,232733.00,A,3731.397441,N,12221.259170,W,000.0,000.0,290520,,,A*44
$GPGGA,232734.00,3731.397436,N,12221.259163,W,7,,0.38,120.91,M,0.0,M,0.0,0000*67
$GPRMC,232734.00,A,3731.397436,N,12221.259163,W,000.0,000.0,290520,,,A*41
$GPGGA,232735.00,3731.397436,N,12221.259170,W,7,,0.38,120.91,M,0.0,M,0.0,0000*64
$GPRMC,232735.00,A,3731.397436,N,12221.259170,W,000.0,000.0,290520,,,A*42
$GPGGA,232736.00,3731.397358,N,12221.259361,W,7,,0.38,121.14,M,0.0,M,0.0,0000*66
$GPRMC,232736.00,A,3731.397358,N,12221.259361,W,000.3,000.3,290520,,,A*4C
$GPGGA,232737.00,3731.397136,N,12221.259205,W,7,,0.38,121.69,M,0.0,M,0.0,0000*64
$GPRMC,232737.00,A,3731.397136,N,12221.259205,W,000.0,000.0,290520,,,A*44
$GPGGA,232738.00,3731.396986,N,12221.259038,W,7,,0.38,121.32,M,0.0,M,0.0,0000*6B
$GPRMC,232738.00,A,3731.396986,N,12221.259038,W,000.7,000.4,290520,,,A*46
$GPGGA,232739.00,3731.396380,N,12221.258443,W,7,,0.38,121.20,M,0.0,M,0.0,0000*6C
$GPRMC,232739.00,A,3731.396380,N,12221.258443,W,000.0,000.0,290520,,,A*41
$GPGGA,232740.00,3731.396080,N,12221.258299,W,7,,0.38,121.36,M,0.0,M,0.0,0000*67
$GPRMC,232740.00,A,3731.396080,N,12221.258299,W,000.0,000.0,290520,,,A*4D
$GPGGA,232741.00,3731.396014,N,12221.258215,W,7,,0.38,121.41,M,0.0,M,0.0,0000*6F
$GPRMC,232741.00,A,3731.396014,N,12221.258215,W,000.0,000.0,290520,,,A*45
$GPGGA,232742.00,3731.395953,N,12221.258108,W,7,,0.38,121.45,M,0.0,M,0.0,0000*6E
$GPRMC,232742.00,A,3731.395953,N,12221.258108,W,000.0,000.0,290520,,,A*40
$GPGGA,232743.00,3731.395858,N,12221.258071,W,7,,0.38,121.50,M,0.0,M,0.0,0000*6E
$GPRMC,232743.00,A,3731.395858,N,12221.258071,W,000.0,000.0,290520,,,A*44
$GPGGA,232744.00,3731.395822,N,12221.258095,W,7,,0.38,121.49,M,0.0,M,0.0,0000*66
$GPRMC,232744.00,A,3731.395822,N,12221.258095,W,000.0,000.0,290520,,,A*44
$GPGGA,232745.00,3731.395684,N,12221.258053,W,7,,0.38,121.51,M,0.0,M,0.0,0000*66
$GPRMC,232745.00,A,3731.395684,N,12221.258053,W,000.0,000.0,290520,,,A*4D
$GPGGA,232746.00,3731.395570,N,12221.258066,W,7,,0.38,121.53,M,0.0,M,0.0,0000*69
$GPRMC,232746.00,A,3731.395570,N,12221.258066,W,000.0,000.0,290520,,,A*40
$GPGGA,232747.00,3731.395509,N,12221.258108,W,7,,0.38,121.39,M,0.0,M,0.0,0000*63
$GPRMC,232747.00,A,3731.395509,N,12221.258108,W,000.0,000.0,290520,,,A*46
$GPGGA,232748.00,3731.395528,N,12221.258150,W,7,,0.38,121.50,M,0.0,M,0.0,0000*6D
$GPRMC,232748.00,A,3731.395528,N,12221.258150,W,000.0,000.0,290520,,,A*47
$GPGGA,232749.00,3731.395720,N,12221.258227,W,7,,0.38,121.54,M,0.0,M,0.0,0000*61
$GPRMC,232749.00,A,3731.395720,N,12221.258227,W,000.0,000.0,290520,,,A*4F
$GPGGA,232750.00,3731.395792,N,12221.258269,W,7,,0.38,121.82,M,0.0,M,0.0,0000*61
$GPRMC,232750.00,A,3731.395792,N,12221.258269,W,000.0,000.0,290520,,,A*44
$GPGGA,232751.00,3731.395845,N,12221.258353,W,7,,0.38,121.84,M,0.0,M,0.0,0000*6B
$GPRMC,232751.00,A,3731.395845,N,12221.258353,W,000.0,000.0,290520,,,A*48
$GPGGA,232752.00,3731.395966,N,12221.258420,W,7,,0.38,121.73,M,0.0,M,0.0,0000*63
$GPRMC,232752.00,A,3731.395966,N,12221.258420,W,000.0,000.0,290520,,,A*48
$GPGGA,232753.00,3731.396044,N,12221.258455,W,7,,0.38,121.73,M,0.0,M,0.0,0000*6A
$GPRMC,232753.00,A,3731.396044,N,12221.258455,W,000.0,000.0,290520,,,A*41
$GPGGA,232754.00,3731.396139,N,12221.258534,W,7,,0.38,121.83,M,0.0,M,0.0,0000*6F
$GPRMC,232754.00,A,3731.396139,N,12221.258534,W,000.0,000.0,290520,,,A*4B
$GPGGA,232755.00,3731.396247,N,12221.258569,W,7,,0.38,121.86,M,0.0,M,0.0,0000*69
$GPRMC,232755.00,A,3731.396247,N,12221.258569,W,000.0,000.0,290520,,,A*48
$GPGGA,232756.00,3731.396283,N,12221.258587,W,7,,0.38,121.93,M,0.0,M,0.0,0000*66
$GPRMC,232756.00,A,3731.396283,N,12221.258587,W,000.0,000.0,290520,,,A*43
$GPGGA,232757.00,3731.396302,N,12221.258612,W,7,,0.38,122.09,M,0.0,M,0.0,0000*60
$GPRMC,232757.00,A,3731.396302,N,12221.258612,W,000.0,000.0,290520,,,A*45
$GPGGA,232758.00,3731.396319,N,12221.258569,W,7,,0.38,122.18,M,0.0,M,0.0,0000*6A
$GPRMC,232758.00,A,3731.396319,N,12221.258569,W,000.0,000.0,290520,,,A*4F
$GPGGA,232759.00,3731.396344,N,12221.258569,W,7,,0.38,122.18,M,0.0,M,0.0,0000*63
$GPRMC,232759.00,A,3731.396344,N,12221.258569,W,000.0,000.0,290520,,,A*46
$GPGGA,232800.00,3731.396361,N,12221.258582,W,7,,0.38,122.10,M,0.0,M,0.0,0000*6A
$GPRMC,232800.00,A,3731.396361,N,12221.258582,W,000.0,000.0,290520,,,A*47
$GPGGA,232801.00,3731.396374,N,12221.258575,W,7,,0.38,122.08,M,0.0,M,0.0,0000*6E
$GPRMC,232801.00,A,3731.396374,N,12221.258575,W,000.0,000.0,290520,,,A*4A
$GPGGA,232802.00,3731.396380,N,12221.258534,W,7,,0.38,122.11,M,0.0,M,0.0,0000*6B
$GPRMC,232802.00,A,3731.396380,N,12221.258534,W,000.0,000.0,290520,,,A*47
$GPGGA,232803.00,3731.396452,N,12221.258401,W,7,,0.38,122.06,M,0.0,M,0.0,0000*63
$GPRMC,232803.00,A,3731.396452,N,12221.258401,W,000.0,000.0,290520,,,A*49
$GPGGA,232804.00,3731.396524,N,12221.258276,W,7,,0.38,121.79,M,0.0,M,0.0,0000*69
$GPRMC,232804.00,A,3731.396524,N,12221.258276,W,000.0,000.0,290520,,,A*48
$GPGGA,232805.00,3731.396385,N,12221.258455,W,7,,0.38,121.71,M,0.0,M,0.0,0000*6A
$GPRMC,232805.00,A,3731.396385,N,12221.258455,W,000.7,226.3,290520,,,A*41
$GPGGA,232806.00,3731.396086,N,12221.258738,W,7,,0.38,121.37,M,0.0,M,0.0,0000*63
$GPRMC,232806.00,A,3731.396086,N,12221.258738,W,001.7,221.1,290520,,,A*4E
$GPGGA,232807.00,3731.395384,N,12221.259254,W,7,,0.38,120.99,M,0.0,M,0.0,0000*6B
$GPRMC,232807.00,A,3731.395384,N,12221.259254,W,003.5,207.5,290520,,,A*43
$GPGGA,232808.00,3731.394328,N,12221.260135,W,7,,0.38,120.81,M,0.0,M,0.0,0000*64
$GPRMC,232808.00,A,3731.394328,N,12221.260135,W,004.7,212.5,290520,,,A*44
$GPGGA,232809.00,3731.393230,N,12221.261833,W,7,,0.38,120.34,M,0.0,M,0.0,0000*6A
$GPRMC,232809.00,A,3731.393230,N,12221.261833,W,006.4,228.1,290520,,,A*48
$GPGGA,232810.00,3731.392521,N,12221.264180,W,7,,0.38,120.05,M,0.0,M,0.0,0000*62
$GPRMC,232810.00,A,3731.392521,N,12221.264180,W,006.9,245.8,290520,,,A*4D
$GPGGA,232811.00,3731.392341,N,12221.265727,W,7,,0.38,119.65,M,0.0,M,0.0,0000*65
$GPRMC,232811.00,A,3731.392341,N,12221.265727,W,003.5,251.7,290520,,,A*45
$GPGGA,232812.00,3731.392527,N,12221.266099,W,7,,0.38,119.60,M,0.0,M,0.0,0000*64
$GPRMC,232812.00,A,3731.392527,N,12221.266099,W,000.4,251.6,290520,,,A*42
$GPGGA,232813.00,3731.392743,N,12221.266076,W,7,,0.38,119.58,M,0.0,M,0.0,0000*6F
$GPRMC,232813.00,A,3731.392743,N,12221.266076,W,000.0,000.0,290520,,,A*46
$GPGGA,232814.00,3731.393158,N,12221.265974,W,7,,0.38,119.34,M,0.0,M,0.0,0000*67
$GPRMC,232814.00,A,3731.393158,N,12221.265974,W,000.0,000.0,290520,,,A*44
$GPGGA,232815.00,3731.393217,N,12221.265925,W,7,,0.38,119.46,M,0.0,M,0.0,0000*6F
$GPRMC,232815.00,A,3731.393217,N,12221.265925,W,000.0,000.0,290520,,,A*49
$GPGGA,232816.00,3731.393242,N,12221.265878,W,7,,0.38,119.41,M,0.0,M,0.0,0000*62
$GPRMC,232816.00,A,3731.393242,N,12221.265878,W,000.0,000.0,290520,,,A*43
$GPGGA,232817.00,3731.393266,N,12221.265865,W,7,,0.38,119.44,M,0.0,M,0.0,0000*6C
$GPRMC,232817.00,A,3731.393266,N,12221.265865,W,000.0,000.0,290520,,,A*48
$GPGGA,232818.00,3731.393253,N,12221.265848,W,7,,0.38,119.35,M,0.0,M,0.0,0000*6C
$GPRMC,232818.00,A,3731.393253,N,12221.265848,W,000.0,000.0,290520,,,A*4E
$GPGGA,232819.00,3731.393289,N,12221.265865,W,7,,0.38,119.06,M,0.0,M,0.0,0000*65
$GPRMC,232819.00,A,3731.393289,N,12221.265865,W,000.0,000.0,290520,,,A*47
$GPGGA,232820.00,3731.393278,N,12221.265950,W,7,,0.38,118.74,M,0.0,M,0.0,0000*62
$GPRMC,232820.00,A,3731.393278,N,12221.265950,W,000.0,000.0,290520,,,A*44
$GPGGA,232821.00,3731.393242,N,12221.265974,W,7,,0.38,118.74,M,0.0,M,0.0,0000*6C
$GPRMC,232821.00,A,3731.393242,N,12221.265974,W,000.0,000.0,290520,,,A*4A
$GPGGA,232822.00,3731.393242,N,12221.265967,W,7,,0.38,118.69,M,0.0,M,0.0,0000*61
$GPRMC,232822.00,A,3731.393242,N,12221.265967,W,000.0,000.0,290520,,,A*4B
$GPGGA,232823.00,3731.393217,N,12221.265992,W,7,,0.38,118.58,M,0.0,M,0.0,0000*68
$GPRMC,232823.00,A,3731.393217,N,12221.265992,W,000.0,000.0,290520,,,A*40
$GPGGA,232824.00,3731.393206,N,12221.266009,W,7,,0.38,118.63,M,0.0,M,0.0,0000*6F
$GPRMC,232824.00,A,3731.393206,N,12221.266009,W,000.0,000.0,290520,,,A*4F
$GPGGA,232825.00,3731.393194,N,12221.266027,W,7,,0.38,118.66,M,0.0,M,0.0,0000*6F
$GPRMC,232825.00,A,3731.393194,N,12221.266027,W,000.0,000.0,290520,,,A*4A
$GPGGA,232826.00,3731.393170,N,12221.266027,W,7,,0.38,118.42,M,0.0,M,0.0,0000*60
$GPRMC,232826.00,A,3731.393170,N,12221.266027,W,000.0,000.0,290520,,,A*43
$GPGGA,232827.00,3731.393158,N,12221.266076,W,7,,0.38,118.46,M,0.0,M,0.0,0000*6B
$GPRMC,232827.00,A,3731.393158,N,12221.266076,W,000.0,000.0,290520,,,A*4C
$GPGGA,232828.00,3731.393025,N,12221.266784,W,7,,0.38,118.34,M,0.0,M,0.0,0000*60
$GPRMC,232828.00,A,3731.393025,N,12221.266784,W,002.1,257.0,290520,,,A*41
$GPGGA,232829.00,3731.392798,N,12221.268091,W,7,,0.38,118.34,M,0.0,M,0.0,0000*6C
$GPRMC,232829.00,A,3731.392798,N,12221.268091,W,003.8,259.4,290520,,,A*4F
$GPGGA,232830.00,3731.392654,N,12221.269622,W,7,,0.38,118.11,M,0.0,M,0.0,0000*6D
$GPRMC,232830.00,A,3731.392654,N,12221.269622,W,004.2,262.3,290520,,,A*4B
$GPGGA,232831.00,3731.392510,N,12221.270930,W,7,,0.38,118.00,M,0.0,M,0.0,0000*6B
$GPRMC,232831.00,A,3731.392510,N,12221.270930,W,003.6,265.5,290520,,,A*4F
$GPGGA,232832.00,3731.392377,N,12221.272052,W,7,,0.38,117.95,M,0.0,M,0.0,0000*63
$GPRMC,232832.00,A,3731.392377,N,12221.272052,W,003.2,267.7,290520,,,A*40
$GPGGA,232833.00,3731.392335,N,12221.272940,W,7,,0.38,118.01,M,0.0,M,0.0,0000*6C
$GPRMC,232833.00,A,3731.392335,N,12221.272940,W,002.5,269.4,290520,,,A*46
$GPGGA,232834.00,3731.392354,N,12221.273497,W,7,,0.38,117.93,M,0.0,M,0.0,0000*6E
$GPRMC,232834.00,A,3731.392354,N,12221.273497,W,001.6,270.4,290520,,,A*48
$GPGGA,232835.00,3731.392383,N,12221.273660,W,7,,0.38,117.96,M,0.0,M,0.0,0000*6A
$GPRMC,232835.00,A,3731.392383,N,12221.273660,W,000.3,270.7,290520,,,A*4E
$GPGGA,232836.00,3731.392413,N,12221.273732,W,7,,0.38,117.93,M,0.0,M,0.0,0000*64
$GPRMC,232836.00,A,3731.392413,N,12221.273732,W,000.0,000.0,290520,,,A*44
$GPGGA,232837.00,3731.392407,N,12221.273809,W,7,,0.38,117.91,M,0.0,M,0.0,0000*65
$GPRMC,232837.00,A,3731.392407,N,12221.273809,W,000.0,000.0,290520,,,A*47
$GPGGA,232838.00,3731.392402,N,12221.274002,W,7,,0.38,117.95,M,0.0,M,0.0,0000*6F
$GPRMC,232838.00,A,3731.392402,N,12221.274002,W,000.0,000.0,290520,,,A*49
$GPGGA,232839.00,3731.392366,N,12221.274109,W,7,,0.38,118.15,M,0.0,M,0.0,0000*66
$GPRMC,232839.00,A,3731.392366,N,12221.274109,W,000.0,000.0,290520,,,A*47
$GPGGA,232840.00,3731.392366,N,12221.274229,W,7,,0.38,118.06,M,0.0,M,0.0,0000*6B
$GPRMC,232840.00,A,3731.392366,N,12221.274229,W,000.0,000.0,290520,,,A*48
$GPGGA,232841.00,3731.392413,N,12221.274841,W,7,,0.38,118.06,M,0.0,M,0.0,0000*6B
$GPRMC,232841.00,A,3731.392413,N,12221.274841,W,001.7,268.9,290520,,,A*4B
$GPGGA,232842.00,3731.392210,N,12221.276551,W,7,,0.38,117.35,M,0.0,M,0.0,0000*6C
$GPRMC,232842.00,A,3731.392210,N,12221.276551,W,005.7,260.5,290520,,,A*43
$GPGGA,232843.00,3731.391712,N,12221.280050,W,7,,0.38,117.02,M,0.0,M,0.0,0000*60
$GPRMC,232843.00,A,3731.391712,N,12221.280050,W,010.2,261.2,290520,,,A*4C
$GPGGA,232844.00,3731.391160,N,12221.284430,W,7,,0.38,116.26,M,0.0,M,0.0,0000*65
$GPRMC,232844.00,A,3731.391160,N,12221.284430,W,013.2,263.3,290520,,,A*4E
$GPGGA,232845.00,3731.390602,N,12221.289637,W,7,,0.38,115.83,M,0.0,M,0.0,0000*62
$GPRMC,232845.00,A,3731.390602,N,12221.289637,W,015.4,266.3,290520,,,A*40
$GPGGA,232846.00,3731.390356,N,12221.295211,W,7,,0.38,115.15,M,0.0,M,0.0,0000*67
$GPRMC,232846.00,A,3731.390356,N,12221.295211,W,016.6,267.5,290520,,,A*4C
$GPGGA,232847.00,3731.390259,N,12221.301638,W,7,,0.38,114.40,M,0.0,M,0.0,0000*6A
$GPRMC,232847.00,A,3731.390259,N,12221.301638,W,017.7,268.0,290520,,,A*4A
$GPGGA,232848.00,3731.389965,N,12221.308520,W,7,,0.38,113.95,M,0.0,M,0.0,0000*65
$GPRMC,232848.00,A,3731.389965,N,12221.308520,W,018.7,268.2,290520,,,A*47
$GPGGA,232849.00,3731.389749,N,12221.315491,W,7,,0.38,113.21,M,0.0,M,0.0,0000*6C
$GPRMC,232849.00,A,3731.389749,N,12221.315491,W,019.7,267.1,290520,,,A*4C
$GPGGA,232850.00,3731.389413,N,12221.322794,W,7,,0.38,112.88,M,0.0,M,0.0,0000*68
$GPRMC,232850.00,A,3731.389413,N,12221.322794,W,020.6,267.1,290520,,,A*41
$GPGGA,232851.00,3731.389167,N,12221.330341,W,7,,0.38,112.47,M,0.0,M,0.0,0000*63
$GPRMC,232851.00,A,3731.389167,N,12221.330341,W,021.4,267.2,290520,,,A*49
$GPGGA,232852.00,3731.388892,N,12221.338327,W,7,,0.38,111.70,M,0.0,M,0.0,0000*6D
$GPRMC,232852.00,A,3731.388892,N,12221.338327,W,022.3,268.5,290520,,,A*4C
$GPGGA,232853.00,3731.388826,N,12221.346355,W,7,,0.38,110.73,M,0.0,M,0.0,0000*6D
$GPRMC,232853.00,A,3731.388826,N,12221.346355,W,023.2,268.7,290520,,,A*4C
$GPGGA,232854.00,3731.388790,N,12221.354509,W,7,,0.38,109.86,M,0.0,M,0.0,0000*66
$GPRMC,232854.00,A,3731.388790,N,12221.354509,W,023.2,269.1,290520,,,A*42
$GPGGA,232855.00,3731.388723,N,12221.362681,W,7,,0.38,109.06,M,0.0,M,0.0,0000*61
$GPRMC,232855.00,A,3731.388723,N,12221.362681,W,022.7,269.6,290520,,,A*4E
$GPGGA,232856.00,3731.388742,N,12221.370416,W,7,,0.38,107.70,M,0.0,M,0.0,0000*65
$GPRMC,232856.00,A,3731.388742,N,12221.370416,W,021.8,269.4,290520,,,A*4B
$GPGGA,232857.00,3731.388555,N,12221.377261,W,7,,0.38,106.52,M,0.0,M,0.0,0000*60
$GPRMC,232857.00,A,3731.388555,N,12221.377261,W,020.4,269.3,290520,,,A*45
$GPGGA,232858.00,3731.388501,N,12221.383772,W,7,,0.38,105.41,M,0.0,M,0.0,0000*63
$GPRMC,232858.00,A,3731.388501,N,12221.383772,W,018.9,269.0,290520,,,A*42
$GPGGA,232859.00,3731.388291,N,12221.389711,W,7,,0.38,104.80,M,0.0,M,0.0,0000*6F
$GPRMC,232859.00,A,3731.388291,N,12221.389711,W,016.4,268.9,290520,,,A*49
$GPGGA,232900.00,3731.388027,N,12221.394332,W,7,,0.38,104.08,M,0.0,M,0.0,0000*64
$GPRMC,232900.00,A,3731.388027,N,12221.394332,W,013.5,268.8,290520,,,A*47
$GPGGA,232901.00,3731.387955,N,12221.397709,W,7,,0.38,103.58,M,0.0,M,0.0,0000*6B
$GPRMC,232901.00,A,3731.387955,N,12221.397709,W,010.6,269.2,290520,,,A*41
$GPGGA,232902.00,3731.387950,N,12221.399965,W,7,,0.38,103.34,M,0.0,M,0.0,0000*6D
$GPRMC,232902.00,A,3731.387950,N,12221.399965,W,007.0,268.6,290520,,,A*48
$GPGGA,232903.00,3731.388052,N,12221.401789,W,7,,0.38,103.20,M,0.0,M,0.0,0000*67
$GPRMC,232903.00,A,3731.388052,N,12221.401789,W,005.1,268.0,290520,,,A*42
$GPGGA,232904.00,3731.387811,N,12221.404070,W,7,,0.38,102.94,M,0.0,M,0.0,0000*6A
$GPRMC,232904.00,A,3731.387811,N,12221.404070,W,006.4,267.1,290520,,,A*49
$GPGGA,232905.00,3731.387667,N,12221.406638,W,7,,0.38,103.03,M,0.0,M,0.0,0000*63
$GPRMC,232905.00,A,3731.387667,N,12221.406638,W,007.2,265.5,290520,,,A*4E
$GPGGA,232906.00,3731.387440,N,12221.408006,W,7,,0.38,103.05,M,0.0,M,0.0,0000*64
$GPRMC,232906.00,A,3731.387440,N,12221.408006,W,004.2,264.5,290520,,,A*4D
$GPGGA,232907.00,3731.387476,N,12221.408204,W,7,,0.38,102.95,M,0.0,M,0.0,0000*68
$GPRMC,232907.00,A,3731.387476,N,12221.408204,W,000.6,264.3,290520,,,A*4F
$GPGGA,232908.00,3731.387487,N,12221.408390,W,7,,0.38,103.01,M,0.0,M,0.0,0000*69
$GPRMC,232908.00,A,3731.387487,N,12221.408390,W,000.8,264.0,290520,,,A*4F
$GPGGA,232909.00,3731.387487,N,12221.408780,W,7,,0.38,103.15,M,0.0,M,0.0,0000*68
$GPRMC,232909.00,A,3731.387487,N,12221.408780,W,001.1,263.0,290520,,,A*44
$GPGGA,232910.00,3731.387500,N,12221.408792,W,7,,0.38,103.16,M,0.0,M,0.0,0000*6E
$GPRMC,232910.00,A,3731.387500,N,12221.408792,W,000.0,000.0,290520,,,A*46
$GPGGA,232911.00,3731.387542,N,12221.408762,W,7,,0.38,102.96,M,0.0,M,0.0,0000*6F
$GPRMC,232911.00,A,3731.387542,N,12221.408762,W,000.0,000.0,290520,,,A*4E
$GPGGA,232912.00,3731.387529,N,12221.408755,W,7,,0.38,102.85,M,0.0,M,0.0,0000*67
$GPRMC,232912.00,A,3731.387529,N,12221.408755,W,000.0,000.0,290520,,,A*44
$GPGGA,232913.00,3731.387512,N,12221.408803,W,7,,0.38,102.84,M,0.0,M,0.0,0000*63
$GPRMC,232913.00,A,3731.387512,N,12221.408803,W,000.0,000.0,290520,,,A*41
$GPGGA,232914.00,3731.387493,N,12221.408876,W,7,,0.38,102.96,M,0.0,M,0.0,0000*6D
$GPRMC,232914.00,A,3731.387493,N,12221.408876,W,000.0,000.0,290520,,,A*4C
$GPGGA,232915.00,3731.387476,N,12221.409103,W,7,,0.38,103.18,M,0.0,M,0.0,0000*6A
$GPRMC,232915.00,A,3731.387476,N,12221.409103,W,000.4,262.4,290520,,,A*4A
$GPGGA,232916.00,3731.387445,N,12221.409566,W,7,,0.38,103.17,M,0.0,M,0.0,0000*61
$GPRMC,232916.00,A,3731.387445,N,12221.409566,W,001.4,260.3,290520,,,A*4A
$GPGGA,232917.00,3731.387440,N,12221.409865,W,7,,0.38,103.07,M,0.0,M,0.0,0000*6A
$GPRMC,232917.00,A,3731.387440,N,12221.409865,W,000.5,259.6,290520,,,A*4F
$GPGGA,232918.00,3731.387434,N,12221.410142,W,7,,0.38,103.18,M,0.0,M,0.0,0000*6C
$GPRMC,232918.00,A,3731.387434,N,12221.410142,W,000.8,258.2,290520,,,A*4F
$GPGGA,232919.00,3731.387313,N,12221.411011,W,7,,0.38,103.46,M,0.0,M,0.0,0000*62
$GPRMC,232919.00,A,3731.387313,N,12221.411011,W,002.8,253.7,290520,,,A*46
$GPGGA,232920.00,3731.386888,N,12221.412356,W,7,,0.38,103.17,M,0.0,M,0.0,0000*67
$GPRMC,232920.00,A,3731.386888,N,12221.412356,W,004.5,243.0,290520,,,A*4A
$GPGGA,232921.00,3731.385591,N,12221.414120,W,7,,0.38,103.01,M,0.0,M,0.0,0000*62
$GPRMC,232921.00,A,3731.385591,N,12221.414120,W,007.3,223.0,290520,,,A*4B
$GPGGA,232922.00,3731.382705,N,12221.415451,W,7,,0.38,102.86,M,0.0,M,0.0,0000*65
$GPRMC,232922.00,A,3731.382705,N,12221.415451,W,009.8,198.9,290520,,,A*4D
$GPGGA,232923.00,3731.379237,N,12221.415920,W,7,,0.38,102.80,M,0.0,M,0.0,0000*69
$GPRMC,232923.00,A,3731.379237,N,12221.415920,W,012.1,181.8,290520,,,A*4D
$GPGGA,232924.00,3731.375055,N,12221.415128,W,7,,0.38,102.97,M,0.0,M,0.0,0000*62
$GPRMC,232924.00,A,3731.375055,N,12221.415128,W,014.5,167.2,290520,,,A*40
$GPGGA,232925.00,3731.370519,N,12221.413771,W,7,,0.38,102.54,M,0.0,M,0.0,0000*68
$GPRMC,232925.00,A,3731.370519,N,12221.413771,W,017.0,163.4,290520,,,A*41
$GPGGA,232926.00,3731.365588,N,12221.411996,W,7,,0.38,102.27,M,0.0,M,0.0,0000*66
$GPRMC,232926.00,A,3731.365588,N,12221.411996,W,018.3,157.9,290520,,,A*4D
$GPGGA,232927.00,3731.360758,N,12221.409470,W,7,,0.38,101.88,M,0.0,M,0.0,0000*67
$GPRMC,232927.00,A,3731.360758,N,12221.409470,W,018.3,153.3,290520,,,A*44
$GPGGA,232928.00,3731.356071,N,12221.406938,W,7,,0.38,101.35,M,0.0,M,0.0,0000*69
$GPRMC,232928.00,A,3731.356071,N,12221.406938,W,017.6,153.7,290520,,,A*42
$GPGGA,232929.00,3731.351572,N,12221.404909,W,7,,0.38,100.90,M,0.0,M,0.0,0000*67
$GPRMC,232929.00,A,3731.351572,N,12221.404909,W,017.2,158.7,290520,,,A*4D
$GPGGA,232930.00,3731.347533,N,12221.403638,W,7,,0.38,99.84,M,0.0,M,0.0,0000*53
$GPRMC,232930.00,A,3731.347533,N,12221.403638,W,016.5,163.6,290520,,,A*42
$GPGGA,232931.00,3731.343531,N,12221.402174,W,7,,0.38,99.41,M,0.0,M,0.0,0000*53
$GPRMC,232931.00,A,3731.343531,N,12221.402174,W,015.1,163.7,290520,,,A*4D
$GPGGA,232932.00,3731.340040,N,12221.400248,W,7,,0.38,98.96,M,0.0,M,0.0,0000*55
$GPRMC,232932.00,A,3731.340040,N,12221.400248,W,013.5,156.1,290520,,,A*42
$GPGGA,232933.00,3731.337118,N,12221.397206,W,7,,0.38,98.60,M,0.0,M,0.0,0000*52
$GPRMC,232933.00,A,3731.337118,N,12221.397206,W,012.8,136.1,290520,,,A*46
$GPGGA,232934.00,3731.335311,N,12221.392766,W,7,,0.38,98.28,M,0.0,M,0.0,0000*56
$GPRMC,232934.00,A,3731.335311,N,12221.392766,W,013.7,110.7,290520,,,A*42
$GPGGA,232935.00,3731.334604,N,12221.387617,W,7,,0.38,98.23,M,0.0,M,0.0,0000*5F
$GPRMC,232935.00,A,3731.334604,N,12221.387617,W,014.9,095.2,290520,,,A*40
$GPGGA,232936.00,3731.333950,N,12221.381725,W,7,,0.38,98.35,M,0.0,M,0.0,0000*54
$GPRMC,232936.00,A,3731.333950,N,12221.381725,W,017.0,099.1,290520,,,A*49
$GPGGA,232937.00,3731.332335,N,12221.374916,W,7,,0.38,98.35,M,0.0,M,0.0,0000*59
$GPRMC,232937.00,A,3731.332335,N,12221.374916,W,019.6,107.9,290520,,,A*42
$GPGGA,232938.00,3731.329510,N,12221.368046,W,7,,0.38,98.64,M,0.0,M,0.0,0000*58
$GPRMC,232938.00,A,3731.329510,N,12221.368046,W,021.7,119.9,290520,,,A*42
$GPGGA,232939.00,3731.325681,N,12221.361500,W,7,,0.38,99.08,M,0.0,M,0.0,0000*5B
$GPRMC,232939.00,A,3731.325681,N,12221.361500,W,023.4,131.4,290520,,,A*4C
$GPGGA,232940.00,3731.320467,N,12221.355782,W,7,,0.38,99.43,M,0.0,M,0.0,0000*5A
$GPRMC,232940.00,A,3731.320467,N,12221.355782,W,025.2,142.8,290520,,,A*4A
$GPGGA,232941.00,3731.313933,N,12221.350645,W,7,,0.38,100.20,M,0.0,M,0.0,0000*6C
$GPRMC,232941.00,A,3731.313933,N,12221.350645,W,026.8,152.1,290520,,,A*49
$GPGGA,232942.00,3731.306770,N,12221.346188,W,7,,0.38,101.10,M,0.0,M,0.0,0000*61
$GPRMC,232942.00,A,3731.306770,N,12221.346188,W,028.4,155.2,290520,,,A*40
$GPGGA,232943.00,3731.299144,N,12221.341724,W,7,,0.38,101.96,M,0.0,M,0.0,0000*6F
$GPRMC,232943.00,A,3731.299144,N,12221.341724,W,029.8,155.0,290520,,,A*4F
$GPGGA,232944.00,3731.291283,N,12221.336929,W,7,,0.38,102.83,M,0.0,M,0.0,0000*6C
$GPRMC,232944.00,A,3731.291283,N,12221.336929,W,031.4,154.6,290520,,,A*49
$GPGGA,232945.00,3731.282914,N,12221.331824,W,7,,0.38,103.61,M,0.0,M,0.0,0000*6C
$GPRMC,232945.00,A,3731.282914,N,12221.331824,W,033.3,154.5,290520,,,A*42
$GPGGA,232946.00,3731.274052,N,12221.326447,W,7,,0.38,103.82,M,0.0,M,0.0,0000*6F
$GPRMC,232946.00,A,3731.274052,N,12221.326447,W,035.3,154.8,290520,,,A*47
$GPGGA,232947.00,3731.264553,N,12221.320622,W,7,,0.38,104.44,M,0.0,M,0.0,0000*61
$GPRMC,232947.00,A,3731.264553,N,12221.320622,W,037.4,154.6,290520,,,A*4F
$GPGGA,232948.00,3731.254593,N,12221.314441,W,7,,0.38,104.74,M,0.0,M,0.0,0000*62
$GPRMC,232948.00,A,3731.254593,N,12221.314441,W,039.5,154.4,290520,,,A*42
$GPGGA,232949.00,3731.244214,N,12221.307896,W,7,,0.38,105.26,M,0.0,M,0.0,0000*68
$GPRMC,232949.00,A,3731.244214,N,12221.307896,W,041.7,153.4,290520,,,A*44
$GPGGA,232950.00,3731.232976,N,12221.300857,W,7,,0.38,105.35,M,0.0,M,0.0,0000*66
$GPRMC,232950.00,A,3731.232976,N,12221.300857,W,044.0,153.3,290520,,,A*4D
$GPGGA,232951.00,3731.221527,N,12221.293429,W,7,,0.38,105.86,M,0.0,M,0.0,0000*6B
$GPRMC,232951.00,A,3731.221527,N,12221.293429,W,046.5,151.9,290520,,,A*47
$GPGGA,232952.00,3731.209546,N,12221.285143,W,7,,0.38,106.06,M,0.0,M,0.0,0000*60
$GPRMC,232952.00,A,3731.209546,N,12221.285143,W,048.8,151.3,290520,,,A*4E
$GPGGA,232953.00,3731.197252,N,12221.276479,W,7,,0.38,106.66,M,0.0,M,0.0,0000*61
$GPRMC,232953.00,A,3731.197252,N,12221.276479,W,050.6,151.4,290520,,,A*49
$GPGGA,232954.00,3731.184664,N,12221.267918,W,7,,0.38,106.90,M,0.0,M,0.0,0000*66
$GPRMC,232954.00,A,3731.184664,N,12221.267918,W,051.5,151.2,290520,,,A*43
$GPGGA,232955.00,3731.171758,N,12221.259056,W,7,,0.38,107.27,M,0.0,M,0.0,0000*60
$GPRMC,232955.00,A,3731.171758,N,12221.259056,W,052.4,150.9,290520,,,A*40
$GPGGA,232956.00,3731.158804,N,12221.250181,W,7,,0.38,107.55,M,0.0,M,0.0,0000*69
$GPRMC,232956.00,A,3731.158804,N,12221.250181,W,053.0,150.3,290520,,,A*43
$GPGGA,232957.00,3731.145951,N,12221.240473,W,7,,0.38,107.98,M,0.0,M,0.0,0000*6D
$GPRMC,232957.00,A,3731.145951,N,12221.240473,W,053.6,148.9,290520,,,A*43
$GPGGA,232958.00,3731.133099,N,12221.230555,W,7,,0.38,108.32,M,0.0,M,0.0,0000*63
$GPRMC,232958.00,A,3731.133099,N,12221.230555,W,053.8,148.0,290520,,,A*45
$GPGGA,232959.00,3731.120602,N,12221.220548,W,7,,0.38,108.48,M,0.0,M,0.0,0000*64
$GPRMC,232959.00,A,3731.120602,N,12221.220548,W,053.8,147.1,290520,,,A*41
$GPGGA,233000.00,3731.108073,N,12221.210347,W,7,,0.38,108.62,M,0.0,M,0.0,0000*68
$GPRMC,233000.00,A,3731.108073,N,12221.210347,W,054.0,146.6,290520,,,A*4C
$GPGGA,233001.00,3731.095552,N,12221.199794,W,7,,0.38,108.51,M,0.0,M,0.0,0000*62
$GPRMC,233001.00,A,3731.095552,N,12221.199794,W,054.3,145.8,290520,,,A*48
$GPGGA,233002.00,3731.083108,N,12221.188759,W,7,,0.38,108.65,M,0.0,M,0.0,0000*6B
$GPRMC,233002.00,A,3731.083108,N,12221.188759,W,054.5,144.7,290520,,,A*4E
$GPGGA,233003.00,3731.070778,N,12221.177462,W,7,,0.38,108.39,M,0.0,M,0.0,0000*65
$GPRMC,233003.00,A,3731.070778,N,12221.177462,W,054.8,143.7,290520,,,A*43
$GPGGA,233004.00,3731.058772,N,12221.165888,W,7,,0.38,108.35,M,0.0,M,0.0,0000*65
$GPRMC,233004.00,A,3731.058772,N,12221.165888,W,055.3,142.6,290520,,,A*45
$GPGGA,233005.00,3731.046531,N,12221.153810,W,7,,0.38,108.07,M,0.0,M,0.0,0000*6B
$GPRMC,233005.00,A,3731.046531,N,12221.153810,W,055.7,141.2,290520,,,A*49
$GPGGA,233006.00,3731.034609,N,12221.141647,W,7,,0.38,107.40,M,0.0,M,0.0,0000*66
$GPRMC,233006.00,A,3731.034609,N,12221.141647,W,056.1,140.6,290520,,,A*48
$GPGGA,233007.00,3731.022256,N,12221.128676,W,7,,0.38,107.20,M,0.0,M,0.0,0000*65
$GPRMC,233007.00,A,3731.022256,N,12221.128676,W,056.7,139.6,290520,,,A*45
$GPGGA,233008.00,3731.010159,N,12221.115643,W,7,,0.38,108.10,M,0.0,M,0.0,0000*63
$GPRMC,233008.00,A,3731.010159,N,12221.115643,W,057.3,139.1,290520,,,A*4D
$GPGGA,233009.00,3730.998064,N,12221.102497,W,7,,0.38,106.88,M,0.0,M,0.0,0000*67
$GPRMC,233009.00,A,3730.998064,N,12221.102497,W,057.8,138.9,290520,,,A*44
$GPGGA,233010.00,3730.985973,N,12221.089340,W,7,,0.38,105.84,M,0.0,M,0.0,0000*6C
$GPRMC,233010.00,A,3730.985973,N,12221.089340,W,057.5,139.3,290520,,,A*46
$GPGGA,233011.00,3730.973895,N,12221.076626,W,7,,0.38,104.95,M,0.0,M,0.0,0000*69
$GPRMC,233011.00,A,3730.973895,N,12221.076626,W,056.8,139.5,290520,,,A*48
$GPGGA,233012.00,3730.961967,N,12221.063893,W,7,,0.38,103.97,M,0.0,M,0.0,0000*64
$GPRMC,233012.00,A,3730.961967,N,12221.063893,W,056.2,139.5,290520,,,A*4A
$GPGGA,233013.00,3730.950141,N,12221.051239,W,7,,0.38,102.96,M,0.0,M,0.0,0000*60
$GPRMC,233013.00,A,3730.950141,N,12221.051239,W,055.9,139.7,290520,,,A*44
$GPGGA,233014.00,3730.938285,N,12221.038268,W,7,,0.38,102.89,M,0.0,M,0.0,0000*67
$GPRMC,233014.00,A,3730.938285,N,12221.038268,W,056.0,139.5,290520,,,A*45
$GPGGA,233015.00,3730.926388,N,12221.025596,W,7,,0.38,101.25,M,0.0,M,0.0,0000*6A
$GPRMC,233015.00,A,3730.926388,N,12221.025596,W,056.1,139.6,290520,,,A*4F
$GPGGA,233016.00,3730.914363,N,12221.012948,W,7,,0.38,100.38,M,0.0,M,0.0,0000*6B
$GPRMC,233016.00,A,3730.914363,N,12221.012948,W,056.3,139.7,290520,,,A*40
$GPGGA,233017.00,3730.902376,N,12221.000185,W,7,,0.38,99.53,M,0.0,M,0.0,0000*5F
$GPRMC,233017.00,A,3730.902376,N,12221.000185,W,056.4,139.4,290520,,,A*4C
$GPGGA,233018.00,3730.890442,N,12220.987489,W,7,,0.38,98.82,M,0.0,M,0.0,0000*59
$GPRMC,233018.00,A,3730.890442,N,12220.987489,W,056.4,139.2,290520,,,A*41
$GPGGA,233019.00,3730.878442,N,12220.974937,W,7,,0.38,100.06,M,0.0,M,0.0,0000*66
$GPRMC,233019.00,A,3730.878442,N,12220.974937,W,056.3,139.2,290520,,,A*45
$GPGGA,233020.00,3730.866874,N,12220.962181,W,7,,0.38,99.03,M,0.0,M,0.0,0000*5C
$GPRMC,233020.00,A,3730.866874,N,12220.962181,W,056.3,139.2,290520,,,A*4B
$GPGGA,233021.00,3730.855071,N,12220.949473,W,7,,0.38,98.00,M,0.0,M,0.0,0000*53
$GPRMC,233021.00,A,3730.855071,N,12220.949473,W,056.2,139.5,290520,,,A*40
$GPGGA,233022.00,3730.843071,N,12220.936717,W,7,,0.38,97.07,M,0.0,M,0.0,0000*56
$GPRMC,233022.00,A,3730.843071,N,12220.936717,W,056.3,139.8,290520,,,A*41
$GPGGA,233023.00,3730.830910,N,12220.923937,W,7,,0.38,96.13,M,0.0,M,0.0,0000*51
$GPRMC,233023.00,A,3730.830910,N,12220.923937,W,056.4,139.8,290520,,,A*45
$GPGGA,233024.00,3730.818982,N,12220.911049,W,7,,0.38,95.22,M,0.0,M,0.0,0000*57
$GPRMC,233024.00,A,3730.818982,N,12220.911049,W,056.4,139.8,290520,,,A*42
$GPGGA,233025.00,3730.806940,N,12220.897964,W,7,,0.38,94.60,M,0.0,M,0.0,0000*59
$GPRMC,233025.00,A,3730.806940,N,12220.897964,W,056.5,139.3,290520,,,A*41
$GPGGA,233026.00,3730.795167,N,12220.884955,W,7,,0.38,93.39,M,0.0,M,0.0,0000*59
$GPRMC,233026.00,A,3730.795167,N,12220.884955,W,056.8,139.0,290520,,,A*44
$GPGGA,233027.00,3730.783234,N,12220.871720,W,7,,0.38,92.47,M,0.0,M,0.0,0000*54
$GPRMC,233027.00,A,3730.783234,N,12220.871720,W,057.2,138.6,290520,,,A*4D
$GPGGA,233028.00,3730.771023,N,12220.858099,W,7,,0.38,91.85,M,0.0,M,0.0,0000*51
$GPRMC,233028.00,A,3730.771023,N,12220.858099,W,057.9,138.0,290520,,,A*48
$GPGGA,233029.00,3730.759000,N,12220.844299,W,7,,0.38,91.26,M,0.0,M,0.0,0000*5D
$GPRMC,233029.00,A,3730.759000,N,12220.844299,W,058.6,137.4,290520,,,A*46
$GPGGA,233030.00,3730.746892,N,12220.830014,W,7,,0.38,90.68,M,0.0,M,0.0,0000*57
$GPRMC,233030.00,A,3730.746892,N,12220.830014,W,059.1,136.8,290520,,,A*4C
$GPGGA,233031.00,3730.734843,N,12220.815578,W,7,,0.38,90.46,M,0.0,M,0.0,0000*5B
$GPRMC,233031.00,A,3730.734843,N,12220.815578,W,059.6,136.2,290520,,,A*41
$GPGGA,233032.00,3730.722579,N,12220.800992,W,7,,0.38,90.18,M,0.0,M,0.0,0000*5C
$GPRMC,233032.00,A,3730.722579,N,12220.800992,W,060.1,135.5,290520,,,A*44
$GPGGA,233033.00,3730.710526,N,12220.786208,W,7,,0.38,89.78,M,0.0,M,0.0,0000*51
$GPRMC,233033.00,A,3730.710526,N,12220.786208,W,060.4,134.7,290520,,,A*41
$GPGGA,233034.00,3730.698658,N,12220.771244,W,7,,0.38,89.65,M,0.0,M,0.0,0000*51
$GPRMC,233034.00,A,3730.698658,N,12220.771244,W,060.4,134.6,290520,,,A*4C
$GPGGA,233035.00,3730.686891,N,12220.756255,W,7,,0.38,89.95,M,0.0,M,0.0,0000*5E
$GPRMC,233035.00,A,3730.686891,N,12220.756255,W,060.4,134.0,290520,,,A*4A
$GPGGA,233036.00,3730.675168,N,12220.741033,W,7,,0.38,89.99,M,0.0,M,0.0,0000*56
$GPRMC,233036.00,A,3730.675168,N,12220.741033,W,060.4,133.6,290520,,,A*4F
$GPGGA,233037.00,3730.663678,N,12220.725974,W,7,,0.38,90.54,M,0.0,M,0.0,0000*57
$GPRMC,233037.00,A,3730.663678,N,12220.725974,W,060.2,132.9,290520,,,A*4F
$GPGGA,233038.00,3730.652463,N,12220.710596,W,7,,0.38,91.13,M,0.0,M,0.0,0000*56
$GPRMC,233038.00,A,3730.652463,N,12220.710596,W,060.0,132.5,290520,,,A*42
$GPGGA,233039.00,3730.641580,N,12220.695086,W,7,,0.38,91.32,M,0.0,M,0.0,0000*52
$GPRMC,233039.00,A,3730.641580,N,12220.695086,W,059.8,131.8,290520,,,A*49
$GPGGA,233040.00,3730.630768,N,12220.679719,W,7,,0.38,94.03,M,0.0,M,0.0,0000*5A
$GPRMC,233040.00,A,3730.630768,N,12220.679719,W,059.6,131.6,290520,,,A*46
$GPGGA,233041.00,3730.619769,N,12220.663981,W,7,,0.38,93.45,M,0.0,M,0.0,0000*50
$GPRMC,233041.00,A,3730.619769,N,12220.663981,W,059.6,130.8,290520,,,A*46
$GPGGA,233042.00,3730.608922,N,12220.648327,W,7,,0.38,93.47,M,0.0,M,0.0,0000*5F
$GPRMC,233042.00,A,3730.608922,N,12220.648327,W,059.7,129.9,290520,,,A*43
$GPGGA,233043.00,3730.598577,N,12220.632236,W,7,,0.38,93.63,M,0.0,M,0.0,0000*52
$GPRMC,233043.00,A,3730.598577,N,12220.632236,W,059.7,129.0,290520,,,A*41
$GPGGA,233044.00,3730.588173,N,12220.616006,W,7,,0.38,93.95,M,0.0,M,0.0,0000*5A
$GPRMC,233044.00,A,3730.588173,N,12220.616006,W,059.7,128.7,290520,,,A*46
$GPGGA,233045.00,3730.578009,N,12220.599841,W,7,,0.38,93.90,M,0.0,M,0.0,0000*52
$GPRMC,233045.00,A,3730.578009,N,12220.599841,W,059.8,128.3,290520,,,A*40
$GPGGA,233046.00,3730.567713,N,12220.583353,W,7,,0.38,94.26,M,0.0,M,0.0,0000*5A
$GPRMC,233046.00,A,3730.567713,N,12220.583353,W,059.9,127.7,290520,,,A*48
$GPGGA,233047.00,3730.557651,N,12220.566691,W,7,,0.38,94.56,M,0.0,M,0.0,0000*58
$GPRMC,233047.00,A,3730.557651,N,12220.566691,W,059.9,127.2,290520,,,A*48
$GPGGA,233048.00,3730.547613,N,12220.550066,W,7,,0.38,94.36,M,0.0,M,0.0,0000*5D
$GPRMC,233048.00,A,3730.547613,N,12220.550066,W,060.0,127.4,290520,,,A*4E
$GPGGA,233049.00,3730.537636,N,12220.533559,W,7,,0.38,94.54,M,0.0,M,0.0,0000*54
$GPRMC,233049.00,A,3730.537636,N,12220.533559,W,060.1,127.4,290520,,,A*42
$GPGGA,233050.00,3730.527369,N,12220.516706,W,7,,0.38,94.77,M,0.0,M,0.0,0000*5C
$GPRMC,233050.00,A,3730.527369,N,12220.516706,W,060.3,127.5,290520,,,A*48
$GPGGA,233051.00,3730.517242,N,12220.499990,W,7,,0.38,94.38,M,0.0,M,0.0,0000*5A
$GPRMC,233051.00,A,3730.517242,N,12220.499990,W,060.5,127.4,290520,,,A*42
$GPGGA,233052.00,3730.507030,N,12220.483219,W,7,,0.38,94.01,M,0.0,M,0.0,0000*54
$GPRMC,233052.00,A,3730.507030,N,12220.483219,W,060.7,127.4,290520,,,A*44
$GPGGA,233053.00,3730.496865,N,12220.466341,W,7,,0.38,93.79,M,0.0,M,0.0,0000*5B
$GPRMC,233053.00,A,3730.496865,N,12220.466341,W,061.0,127.2,290520,,,A*43
$GPGGA,233054.00,3730.486600,N,12220.449230,W,7,,0.38,94.10,M,0.0,M,0.0,0000*52
$GPRMC,233054.00,A,3730.486600,N,12220.449230,W,061.4,127.1,290520,,,A*45
$GPGGA,233055.00,3730.476010,N,12220.432021,W,7,,0.38,94.10,M,0.0,M,0.0,0000*55
$GPRMC,233055.00,A,3730.476010,N,12220.432021,W,061.9,127.0,290520,,,A*4E
$GPGGA,233056.00,3730.465599,N,12220.414801,W,7,,0.38,93.49,M,0.0,M,0.0,0000*55
$GPRMC,233056.00,A,3730.465599,N,12220.414801,W,062.2,127.3,290520,,,A*4E
$GPGGA,233057.00,3730.454824,N,12220.396868,W,7,,0.38,93.43,M,0.0,M,0.0,0000*55
$GPRMC,233057.00,A,3730.454824,N,12220.396868,W,063.3,127.8,290520,,,A*4F
$GPGGA,233058.00,3730.444216,N,12220.379648,W,7,,0.38,92.35,M,0.0,M,0.0,0000*5D
$GPRMC,233058.00,A,3730.444216,N,12220.379648,W,063.1,127.9,290520,,,A*44
$GPGGA,233059.00,3730.433385,N,12220.362296,W,7,,0.38,91.53,M,0.0,M,0.0,0000*59
$GPRMC,233059.00,A,3730.433385,N,12220.362296,W,063.6,127.6,290520,,,A*4B
$GPGGA,233100.00,3730.422405,N,12220.344608,W,7,,0.38,90.76,M,0.0,M,0.0,0000*5A
$GPRMC,233100.00,A,3730.422405,N,12220.344608,W,064.1,127.5,290520,,,A*4D
$GPGGA,233101.00,3730.411647,N,12220.326787,W,7,,0.38,89.85,M,0.0,M,0.0,0000*59
$GPRMC,233101.00,A,3730.411647,N,12220.326787,W,064.6,127.2,290520,,,A*4A
$GPGGA,233102.00,3730.400853,N,12220.308577,W,7,,0.38,89.66,M,0.0,M,0.0,0000*5D
$GPRMC,233102.00,A,3730.400853,N,12220.308577,W,065.5,127.1,290520,,,A*42
$GPGGA,233103.00,3730.389933,N,12220.290295,W,7,,0.38,88.82,M,0.0,M,0.0,0000*5D
$GPRMC,233103.00,A,3730.389933,N,12220.290295,W,065.4,127.0,290520,,,A*49
$GPGGA,233104.00,3730.378743,N,12220.271834,W,7,,0.38,88.26,M,0.0,M,0.0,0000*5D
$GPRMC,233104.00,A,3730.378743,N,12220.271834,W,065.8,127.4,290520,,,A*4F
$GPGGA,233105.00,3730.367679,N,12220.253822,W,7,,0.38,87.30,M,0.0,M,0.0,0000*55
$GPRMC,233105.00,A,3730.367679,N,12220.253822,W,065.9,127.2,290520,,,A*48
$GPGGA,233106.00,3730.356322,N,12220.235294,W,7,,0.38,87.36,M,0.0,M,0.0,0000*5E
$GPRMC,233106.00,A,3730.356322,N,12220.235294,W,066.1,127.6,290520,,,A*4A
$GPGGA,233107.00,3730.345071,N,12220.216921,W,7,,0.38,86.90,M,0.0,M,0.0,0000*51
$GPRMC,233107.00,A,3730.345071,N,12220.216921,W,066.3,128.1,290520,,,A*42
$GPGGA,233108.00,3730.333725,N,12220.198688,W,7,,0.38,86.81,M,0.0,M,0.0,0000*50
$GPRMC,233108.00,A,3730.333725,N,12220.198688,W,066.4,128.0,290520,,,A*45
$GPGGA,233109.00,3730.322259,N,12220.180453,W,7,,0.38,86.68,M,0.0,M,0.0,0000*55
$GPRMC,233109.00,A,3730.322259,N,12220.180453,W,066.4,128.3,290520,,,A*44
$GPGGA,233110.00,3730.311046,N,12220.162441,W,7,,0.38,86.07,M,0.0,M,0.0,0000*57
$GPRMC,233110.00,A,3730.311046,N,12220.162441,W,066.4,128.8,290520,,,A*44
$GPGGA,233111.00,3730.299526,N,12220.144310,W,7,,0.38,86.02,M,0.0,M,0.0,0000*56
$GPRMC,233111.00,A,3730.299526,N,12220.144310,W,066.3,129.4,290520,,,A*4A
$GPGGA,233112.00,3730.287747,N,12220.126490,W,7,,0.38,86.18,M,0.0,M,0.0,0000*5F
$GPRMC,233112.00,A,3730.287747,N,12220.126490,W,066.1,129.8,290520,,,A*46
$GPGGA,233113.00,3730.275664,N,12220.108729,W,7,,0.38,86.22,M,0.0,M,0.0,0000*57
$GPRMC,233113.00,A,3730.275664,N,12220.108729,W,065.8,130.3,290520,,,A*4E
$GPGGA,233114.00,3730.263819,N,12220.091546,W,7,,0.38,85.96,M,0.0,M,0.0,0000*55
$GPRMC,233114.00,A,3730.263819,N,12220.091546,W,065.0,131.1,290520,,,A*4B
$GPGGA,233115.00,3730.252174,N,12220.074830,W,7,,0.38,86.10,M,0.0,M,0.0,0000*5E
$GPRMC,233115.00,A,3730.252174,N,12220.074830,W,063.3,131.3,290520,,,A*4A
$GPGGA,233116.00,3730.240797,N,12220.058533,W,7,,0.38,86.55,M,0.0,M,0.0,0000*54
$GPRMC,233116.00,A,3730.240797,N,12220.058533,W,062.3,130.8,290520,,,A*4A
$GPGGA,233117.00,3730.229512,N,12220.042424,W,7,,0.38,86.24,M,0.0,M,0.0,0000*5F
$GPRMC,233117.00,A,3730.229512,N,12220.042424,W,061.9,131.3,290520,,,A*44
$GPGGA,233118.00,3730.218208,N,12220.026115,W,7,,0.38,86.50,M,0.0,M,0.0,0000*58
$GPRMC,233118.00,A,3730.218208,N,12220.026115,W,061.7,131.4,290520,,,A*49
$GPGGA,233119.00,3730.206898,N,12220.010258,W,7,,0.38,86.71,M,0.0,M,0.0,0000*59
$GPRMC,233119.00,A,3730.206898,N,12220.010258,W,061.6,131.4,290520,,,A*4A
$GPGGA,233120.00,3730.195546,N,12219.994202,W,7,,0.38,87.08,M,0.0,M,0.0,0000*5B
$GPRMC,233120.00,A,3730.195546,N,12219.994202,W,061.5,131.3,290520,,,A*43
$GPGGA,233121.00,3730.184086,N,12219.977828,W,7,,0.38,87.43,M,0.0,M,0.0,0000*53
$GPRMC,233121.00,A,3730.184086,N,12219.977828,W,061.6,131.5,290520,,,A*41
$GPGGA,233122.00,3730.172733,N,12219.961645,W,7,,0.38,87.64,M,0.0,M,0.0,0000*57
$GPRMC,233122.00,A,3730.172733,N,12219.961645,W,061.4,131.3,290520,,,A*44
$GPGGA,233123.00,3730.161478,N,12219.945668,W,7,,0.38,88.19,M,0.0,M,0.0,0000*54
$GPRMC,233123.00,A,3730.161478,N,12219.945668,W,061.2,131.3,290520,,,A*44
$GPGGA,233124.00,3730.150276,N,12219.929809,W,7,,0.38,88.75,M,0.0,M,0.0,0000*50
$GPRMC,233124.00,A,3730.150276,N,12219.929809,W,061.0,131.2,290520,,,A*49
$GPGGA,233125.00,3730.139091,N,12219.913772,W,7,,0.38,89.60,M,0.0,M,0.0,0000*5A
$GPRMC,233125.00,A,3730.139091,N,12219.913772,W,060.8,130.4,290520,,,A*48
$GPGGA,233126.00,3730.128238,N,12219.897398,W,7,,0.38,90.21,M,0.0,M,0.0,0000*58
$GPRMC,233126.00,A,3730.128238,N,12219.897398,W,060.6,129.0,290520,,,A*45
$GPGGA,233127.00,3730.118026,N,12219.880922,W,7,,0.38,90.76,M,0.0,M,0.0,0000*58
$GPRMC,233127.00,A,3730.118026,N,12219.880922,W,060.3,127.2,290520,,,A*4E
$GPGGA,233128.00,3730.108222,N,12219.863929,W,7,,0.38,91.42,M,0.0,M,0.0,0000*50
$GPRMC,233128.00,A,3730.108222,N,12219.863929,W,060.1,125.5,290520,,,A*47
$GPGGA,233129.00,3730.098783,N,12219.846560,W,7,,0.38,92.29,M,0.0,M,0.0,0000*5F
$GPRMC,233129.00,A,3730.098783,N,12219.846560,W,060.0,123.7,290520,,,A*43
$GPGGA,233130.00,3730.089754,N,12219.828950,W,7,,0.38,93.15,M,0.0,M,0.0,0000*54
$GPRMC,233130.00,A,3730.089754,N,12219.828950,W,059.8,121.4,290520,,,A*45
$GPGGA,233131.00,3730.081707,N,12219.810973,W,7,,0.38,93.64,M,0.0,M,0.0,0000*57
$GPRMC,233131.00,A,3730.081707,N,12219.810973,W,059.4,119.3,290520,,,A*40
$GPGGA,233132.00,3730.073859,N,12219.792745,W,7,,0.38,94.67,M,0.0,M,0.0,0000*57
$GPRMC,233132.00,A,3730.073859,N,12219.792745,W,059.5,117.7,290520,,,A*4F
$GPGGA,233133.00,3730.066503,N,12219.774026,W,7,,0.38,95.57,M,0.0,M,0.0,0000*58
$GPRMC,233133.00,A,3730.066503,N,12219.774026,W,059.3,115.8,290520,,,A*49
$GPGGA,233134.00,3730.059430,N,12219.754963,W,7,,0.38,97.07,M,0.0,M,0.0,0000*5F
$GPRMC,233134.00,A,3730.059430,N,12219.754963,W,059.3,114.0,290520,,,A*40
$GPGGA,233135.00,3730.052938,N,12219.735847,W,7,,0.38,98.32,M,0.0,M,0.0,0000*59
$GPRMC,233135.00,A,3730.052938,N,12219.735847,W,059.0,111.9,290520,,,A*40
$GPGGA,233136.00,3730.046937,N,12219.716468,W,7,,0.38,99.19,M,0.0,M,0.0,0000*58
$GPRMC,233136.00,A,3730.046937,N,12219.716468,W,058.8,110.2,290520,,,A*4A
$GPGGA,233137.00,3730.041537,N,12219.697136,W,7,,0.38,99.53,M,0.0,M,0.0,0000*5A
$GPRMC,233137.00,A,3730.041537,N,12219.697136,W,058.7,108.6,290520,,,A*44
$GPGGA,233138.00,3730.036630,N,12219.677612,W,7,,0.38,100.18,M,0.0,M,0.0,0000*60
$GPRMC,233138.00,A,3730.036630,N,12219.677612,W,058.6,106.6,290520,,,A*4F
$GPGGA,233139.00,3730.032279,N,12219.658028,W,7,,0.38,100.84,M,0.0,M,0.0,0000*6B
$GPRMC,233139.00,A,3730.032279,N,12219.658028,W,058.4,104.7,290520,,,A*40
$GPGGA,233140.00,3730.028716,N,12219.638413,W,7,,0.38,98.75,M,0.0,M,0.0,0000*56
$GPRMC,233140.00,A,3730.028716,N,12219.638413,W,058.3,102.4,290520,,,A*41
$GPGGA,233141.00,3730.025409,N,12219.618295,W,7,,0.38,99.81,M,0.0,M,0.0,0000*57
$GPRMC,233141.00,A,3730.025409,N,12219.618295,W,058.3,100.6,290520,,,A*4A
$GPGGA,233142.00,3730.022751,N,12219.598057,W,7,,0.38,101.07,M,0.0,M,0.0,0000*64
$GPRMC,233142.00,A,3730.022751,N,12219.598057,W,058.4,098.9,290520,,,A*4F
$GPGGA,233143.00,3730.020472,N,12219.578089,W,7,,0.38,101.84,M,0.0,M,0.0,0000*63
$GPRMC,233143.00,A,3730.020472,N,12219.578089,W,058.4,097.4,290520,,,A*41
$GPGGA,233144.00,3730.018677,N,12219.557983,W,7,,0.38,102.66,M,0.0,M,0.0,0000*69
$GPRMC,233144.00,A,3730.018677,N,12219.557983,W,058.3,095.7,290520,,,A*42
$GPGGA,233145.00,3730.017573,N,12219.537907,W,7,,0.38,103.53,M,0.0,M,0.0,0000*6D
$GPRMC,233145.00,A,3730.017573,N,12219.537907,W,058.2,093.7,290520,,,A*46
$GPGGA,233146.00,3730.017099,N,12219.517838,W,7,,0.38,104.05,M,0.0,M,0.0,0000*64
$GPRMC,233146.00,A,3730.017099,N,12219.517838,W,058.1,091.6,290520,,,A*4B
$GPGGA,233147.00,3730.016889,N,12219.497365,W,7,,0.38,104.83,M,0.0,M,0.0,0000*69
$GPRMC,233147.00,A,3730.016889,N,12219.497365,W,058.0,090.6,290520,,,A*48
$GPGGA,233148.00,3730.016722,N,12219.477187,W,7,,0.38,105.40,M,0.0,M,0.0,0000*66
$GPRMC,233148.00,A,3730.016722,N,12219.477187,W,058.0,090.4,290520,,,A*4B
$GPGGA,233149.00,3730.016631,N,12219.456961,W,7,,0.38,106.30,M,0.0,M,0.0,0000*63
$GPRMC,233149.00,A,3730.016631,N,12219.456961,W,058.0,090.4,290520,,,A*4A
$GPGGA,233150.00,3730.016464,N,12219.436604,W,7,,0.38,107.04,M,0.0,M,0.0,0000*65
$GPRMC,233150.00,A,3730.016464,N,12219.436604,W,058.0,090.6,290520,,,A*48
$GPGGA,233151.00,3730.016212,N,12219.416138,W,7,,0.38,107.67,M,0.0,M,0.0,0000*6C
$GPRMC,233151.00,A,3730.016212,N,12219.416138,W,058.1,091.0,290520,,,A*42
$GPGGA,233152.00,3730.015965,N,12219.395923,W,7,,0.38,108.19,M,0.0,M,0.0,0000*6F
$GPRMC,233152.00,A,3730.015965,N,12219.395923,W,058.2,091.1,290520,,,A*45
$GPGGA,233153.00,3730.015647,N,12219.375596,W,7,,0.38,109.10,M,0.0,M,0.0,0000*65
$GPRMC,233153.00,A,3730.015647,N,12219.375596,W,058.3,091.7,290520,,,A*40
$GPGGA,233154.00,3730.014945,N,12219.355195,W,7,,0.38,110.30,M,0.0,M,0.0,0000*61
$GPRMC,233154.00,A,3730.014945,N,12219.355195,W,058.2,092.4,290520,,,A*4F
$GPGGA,233155.00,3730.013914,N,12219.335101,W,7,,0.38,111.32,M,0.0,M,0.0,0000*6B
$GPRMC,233155.00,A,3730.013914,N,12219.335101,W,058.2,094.6,290520,,,A*42
$GPGGA,233156.00,3730.012162,N,12219.314696,W,7,,0.38,112.46,M,0.0,M,0.0,0000*6A
$GPRMC,233156.00,A,3730.012162,N,12219.314696,W,058.2,097.1,290520,,,A*47
$GPGGA,233157.00,3730.009761,N,12219.294452,W,7,,0.38,113.17,M,0.0,M,0.0,0000*62
$GPRMC,233157.00,A,3730.009761,N,12219.294452,W,058.2,099.1,290520,,,A*44
$GPGGA,233158.00,3730.006906,N,12219.274454,W,7,,0.38,114.02,M,0.0,M,0.0,0000*66
$GPRMC,233158.00,A,3730.006906,N,12219.274454,W,058.1,100.5,290520,,,A*45
$GPGGA,233159.00,3730.003804,N,12219.254731,W,7,,0.38,114.91,M,0.0,M,0.0,0000*69
$GPRMC,233159.00,A,3730.003804,N,12219.254731,W,057.9,101.5,290520,,,A*46
$GPGGA,233200.00,3730.000450,N,12219.235232,W,7,,0.38,115.77,M,0.0,M,0.0,0000*60
$GPRMC,233200.00,A,3730.000450,N,12219.235232,W,057.8,102.6,290520,,,A*47
$GPGGA,233201.00,3729.996813,N,12219.215972,W,7,,0.38,116.16,M,0.0,M,0.0,0000*6D
$GPRMC,233201.00,A,3729.996813,N,12219.215972,W,057.7,104.4,290520,,,A*45
$GPGGA,233202.00,3729.992511,N,12219.196609,W,7,,0.38,116.96,M,0.0,M,0.0,0000*66
$GPRMC,233202.00,A,3729.992511,N,12219.196609,W,057.6,106.3,290520,,,A*42
$GPGGA,233203.00,3729.987657,N,12219.177247,W,7,,0.38,118.00,M,0.0,M,0.0,0000*62
$GPRMC,233203.00,A,3729.987657,N,12219.177247,W,057.4,108.4,290520,,,A*4C
$GPGGA,233204.00,3729.982360,N,12219.158126,W,7,,0.38,119.09,M,0.0,M,0.0,0000*60
$GPRMC,233204.00,A,3729.982360,N,12219.158126,W,057.3,110.0,290520,,,A*4C
$GPGGA,233205.00,3729.976630,N,12219.139519,W,7,,0.38,120.02,M,0.0,M,0.0,0000*64
$GPRMC,233205.00,A,3729.976630,N,12219.139519,W,057.3,111.5,290520,,,A*4D
$GPGGA,233206.00,3729.970473,N,12219.120859,W,7,,0.38,120.97,M,0.0,M,0.0,0000*69
$GPRMC,233206.00,A,3729.970473,N,12219.120859,W,057.3,112.9,290520,,,A*43
$GPGGA,233207.00,3729.963909,N,12219.102493,W,7,,0.38,122.10,M,0.0,M,0.0,0000*6D
$GPRMC,233207.00,A,3729.963909,N,12219.102493,W,057.4,115.0,290520,,,A*43
$GPGGA,233208.00,3729.957045,N,12219.084260,W,7,,0.38,122.92,M,0.0,M,0.0,0000*6B
$GPRMC,233208.00,A,3729.957045,N,12219.084260,W,057.4,116.3,290520,,,A*4F
$GPGGA,233209.00,3729.949846,N,12219.066487,W,7,,0.38,123.93,M,0.0,M,0.0,0000*6D
$GPRMC,233209.00,A,3729.949846,N,12219.066487,W,057.4,117.4,290520,,,A*4F
$GPGGA,233210.00,3729.942207,N,12219.048961,W,7,,0.38,124.88,M,0.0,M,0.0,0000*65
$GPRMC,233210.00,A,3729.942207,N,12219.048961,W,057.2,119.5,290520,,,A*43
$GPGGA,233211.00,3729.934179,N,12219.032012,W,7,,0.38,125.91,M,0.0,M,0.0,0000*66
$GPRMC,233211.00,A,3729.934179,N,12219.032012,W,057.0,121.0,290520,,,A*45
$GPGGA,233212.00,3729.925851,N,12219.015187,W,7,,0.38,126.84,M,0.0,M,0.0,0000*69
$GPRMC,233212.00,A,3729.925851,N,12219.015187,W,056.9,121.9,290520,,,A*4C
$GPGGA,233213.00,3729.917361,N,12218.998550,W,7,,0.38,121.58,M,0.0,M,0.0,0000*64
$GPRMC,233213.00,A,3729.917361,N,12218.998550,W,056.6,123.4,290520,,,A*47
$GPGGA,233214.00,3729.908734,N,12218.982397,W,7,,0.38,124.75,M,0.0,M,0.0,0000*65
$GPRMC,233214.00,A,3729.908734,N,12218.982397,W,056.4,124.6,290520,,,A*4B
$GPGGA,233215.00,3729.899872,N,12218.966306,W,7,,0.38,126.62,M,0.0,M,0.0,0000*66
$GPRMC,233215.00,A,3729.899872,N,12218.966306,W,056.1,125.1,290520,,,A*4F
$GPGGA,233216.00,3729.891027,N,12218.950448,W,7,,0.38,128.00,M,0.0,M,0.0,0000*67
$GPRMC,233216.00,A,3729.891027,N,12218.950448,W,056.0,125.3,290520,,,A*47
$GPGGA,233217.00,3729.881848,N,12218.934337,W,7,,0.38,130.64,M,0.0,M,0.0,0000*60
$GPRMC,233217.00,A,3729.881848,N,12218.934337,W,056.0,125.2,290520,,,A*4A
$GPGGA,233218.00,3729.872698,N,12218.918318,W,7,,0.38,131.60,M,0.0,M,0.0,0000*66
$GPRMC,233218.00,A,3729.872698,N,12218.918318,W,056.2,125.1,290520,,,A*48
$GPGGA,233219.00,3729.863703,N,12218.902327,W,7,,0.38,132.97,M,0.0,M,0.0,0000*68
$GPRMC,233219.00,A,3729.863703,N,12218.902327,W,056.5,124.9,290520,,,A*43
$GPGGA,233220.00,3729.854793,N,12218.886164,W,7,,0.38,133.93,M,0.0,M,0.0,0000*62
$GPRMC,233220.00,A,3729.854793,N,12218.886164,W,056.6,124.8,290520,,,A*4E
$GPGGA,233221.00,3729.845859,N,12218.870162,W,7,,0.38,134.70,M,0.0,M,0.0,0000*6F
$GPRMC,233221.00,A,3729.845859,N,12218.870162,W,056.7,124.7,290520,,,A*47
$GPGGA,233222.00,3729.837021,N,12218.853901,W,7,,0.38,135.85,M,0.0,M,0.0,0000*69
$GPRMC,233222.00,A,3729.837021,N,12218.853901,W,056.8,124.7,290520,,,A*45
$GPGGA,233223.00,3729.828165,N,12218.837660,W,7,,0.38,136.26,M,0.0,M,0.0,0000*67
$GPRMC,233223.00,A,3729.828165,N,12218.837660,W,056.8,124.6,290520,,,A*40
$GPGGA,233224.00,3729.819441,N,12218.821399,W,7,,0.38,136.61,M,0.0,M,0.0,0000*66
$GPRMC,233224.00,A,3729.819441,N,12218.821399,W,056.8,123.4,290520,,,A*47
$GPGGA,233225.00,3729.811030,N,12218.804791,W,7,,0.38,137.09,M,0.0,M,0.0,0000*69
$GPRMC,233225.00,A,3729.811030,N,12218.804791,W,056.8,122.1,290520,,,A*43
$GPGGA,233226.00,3729.802485,N,12218.787614,W,7,,0.38,138.10,M,0.0,M,0.0,0000*6D
$GPRMC,233226.00,A,3729.802485,N,12218.787614,W,056.9,120.8,290520,,,A*4A
$GPGGA,233227.00,3729.794326,N,12218.770178,W,7,,0.38,139.07,M,0.0,M,0.0,0000*60
$GPRMC,233227.00,A,3729.794326,N,12218.770178,W,057.0,119.7,290520,,,A*4D
$GPGGA,233228.00,3729.786471,N,12218.752417,W,7,,0.38,139.77,M,0.0,M,0.0,0000*62
$GPRMC,233228.00,A,3729.786471,N,12218.752417,W,057.2,118.6,290520,,,A*4A
$GPGGA,233229.00,3729.778900,N,12218.734891,W,7,,0.38,140.55,M,0.0,M,0.0,0000*65
$GPRMC,233229.00,A,3729.778900,N,12218.734891,W,057.3,117.9,290520,,,A*42
$GPGGA,233230.00,3729.771388,N,12218.716897,W,7,,0.38,141.21,M,0.0,M,0.0,0000*6A
$GPRMC,233230.00,A,3729.771388,N,12218.716897,W,057.6,116.7,290520,,,A*45
$GPGGA,233231.00,3729.764217,N,12218.698831,W,7,,0.38,141.83,M,0.0,M,0.0,0000*6B
$GPRMC,233231.00,A,3729.764217,N,12218.698831,W,057.6,115.6,290520,,,A*4E
$GPGGA,233232.00,3729.757144,N,12218.680315,W,7,,0.38,142.74,M,0.0,M,0.0,0000*62
$GPRMC,233232.00,A,3729.757144,N,12218.680315,W,058.4,114.6,290520,,,A*40
$GPGGA,233233.00,3729.750406,N,12218.661175,W,7,,0.38,143.80,M,0.0,M,0.0,0000*66
$GPRMC,233233.00,A,3729.750406,N,12218.661175,W,059.2,113.1,290520,,,A*49
$GPGGA,233234.00,3729.743811,N,12218.641838,W,7,,0.38,144.78,M,0.0,M,0.0,0000*6B
$GPRMC,233234.00,A,3729.743811,N,12218.641838,W,059.9,112.4,290520,,,A*4B
$GPGGA,233235.00,3729.737691,N,12218.622056,W,7,,0.38,145.73,M,0.0,M,0.0,0000*60
$GPRMC,233235.00,A,3729.737691,N,12218.622056,W,060.6,110.7,290520,,,A*4E
$GPGGA,233236.00,3729.731853,N,12218.601710,W,7,,0.38,146.69,M,0.0,M,0.0,0000*69
$GPRMC,233236.00,A,3729.731853,N,12218.601710,W,061.3,109.7,290520,,,A*43
$GPGGA,233237.00,3729.726142,N,12218.581274,W,7,,0.38,148.00,M,0.0,M,0.0,0000*6A
$GPRMC,233237.00,A,3729.726142,N,12218.581274,W,062.0,108.6,290520,,,A*41
$GPGGA,233238.00,3729.720736,N,12218.560328,W,7,,0.38,148.93,M,0.0,M,0.0,0000*6B
$GPRMC,233238.00,A,3729.720736,N,12218.560328,W,062.7,107.2,290520,,,A*46
$GPGGA,233239.00,3729.715702,N,12218.539364,W,7,,0.38,149.95,M,0.0,M,0.0,0000*68
$GPRMC,233239.00,A,3729.715702,N,12218.539364,W,063.4,107.2,290520,,,A*40
$GPGGA,233240.00,3729.710547,N,12218.517925,W,7,,0.38,150.80,M,0.0,M,0.0,0000*6F
$GPRMC,233240.00,A,3729.710547,N,12218.517925,W,064.1,107.1,290520,,,A*4A
$GPGGA,233241.00,3729.705280,N,12218.496199,W,7,,0.38,151.94,M,0.0,M,0.0,0000*65
$GPRMC,233241.00,A,3729.705280,N,12218.496199,W,064.8,107.2,290520,,,A*4E
$GPGGA,233242.00,3729.700018,N,12218.474258,W,7,,0.38,152.85,M,0.0,M,0.0,0000*61
$GPRMC,233242.00,A,3729.700018,N,12218.474258,W,065.5,107.1,290520,,,A*46
$GPGGA,233243.00,3729.694768,N,12218.452388,W,7,,0.38,154.32,M,0.0,M,0.0,0000*6E
$GPRMC,233243.00,A,3729.694768,N,12218.452388,W,066.0,107.1,290520,,,A*45
$GPGGA,233244.00,3729.689415,N,12218.430175,W,7,,0.38,155.96,M,0.0,M,0.0,0000*67
$GPRMC,233244.00,A,3729.689415,N,12218.430175,W,066.5,106.6,290520,,,A*40
$GPGGA,233245.00,3729.684237,N,12218.407681,W,7,,0.38,157.36,M,0.0,M,0.0,0000*6D
$GPRMC,233245.00,A,3729.684237,N,12218.407681,W,067.0,106.4,290520,,,A*44
$GPGGA,233246.00,3729.678928,N,12218.385038,W,7,,0.38,158.75,M,0.0,M,0.0,0000*69
$GPRMC,233246.00,A,3729.678928,N,12218.385038,W,067.4,106.6,290520,,,A*4E
$GPGGA,233247.00,3729.673420,N,12218.362280,W,7,,0.38,160.74,M,0.0,M,0.0,0000*64
$GPRMC,233247.00,A,3729.673420,N,12218.362280,W,067.7,107.2,290520,,,A*4F
$GPGGA,233248.00,3729.667647,N,12218.339510,W,7,,0.38,162.42,M,0.0,M,0.0,0000*6A
$GPRMC,233248.00,A,3729.667647,N,12218.339510,W,067.8,108.1,290520,,,A*45
$GPGGA,233249.00,3729.661324,N,12218.316997,W,7,,0.38,164.01,M,0.0,M,0.0,0000*62
$GPRMC,233249.00,A,3729.661324,N,12218.316997,W,068.0,110.0,290520,,,A*43
$GPGGA,233250.00,3729.654562,N,12218.294899,W,7,,0.38,164.97,M,0.0,M,0.0,0000*63
$GPRMC,233250.00,A,3729.654562,N,12218.294899,W,068.1,112.0,290520,,,A*4E
$GPGGA,233251.00,3729.647067,N,12218.272849,W,7,,0.38,166.48,M,0.0,M,0.0,0000*65
$GPRMC,233251.00,A,3729.647067,N,12218.272849,W,068.3,113.9,290520,,,A*42
$GPGGA,233252.00,3729.638889,N,12218.251358,W,7,,0.38,167.95,M,0.0,M,0.0,0000*6D
$GPRMC,233252.00,A,3729.638889,N,12218.251358,W,068.5,116.3,290520,,,A*42
$GPGGA,233253.00,3729.629919,N,12218.230039,W,7,,0.38,168.90,M,0.0,M,0.0,0000*6D
$GPRMC,233253.00,A,3729.629919,N,12218.230039,W,068.8,118.9,290520,,,A*41
$GPGGA,233254.00,3729.620272,N,12218.209250,W,7,,0.38,170.22,M,0.0,M,0.0,0000*62
$GPRMC,233254.00,A,3729.620272,N,12218.209250,W,068.8,121.0,290520,,,A*4D
$GPGGA,233255.00,3729.610047,N,12218.189216,W,7,,0.38,171.37,M,0.0,M,0.0,0000*68
$GPRMC,233255.00,A,3729.610047,N,12218.189216,W,068.6,123.7,290520,,,A*49
$GPGGA,233256.00,3729.599116,N,12218.169877,W,7,,0.38,172.11,M,0.0,M,0.0,0000*68
$GPRMC,233256.00,A,3729.599116,N,12218.169877,W,068.3,125.7,290520,,,A*4D
$GPGGA,233257.00,3729.587595,N,12218.151061,W,7,,0.38,172.47,M,0.0,M,0.0,0000*6E
$GPRMC,233257.00,A,3729.587595,N,12218.151061,W,068.2,127.7,290520,,,A*4B
$GPGGA,233258.00,3729.575956,N,12218.132605,W,7,,0.38,173.21,M,0.0,M,0.0,0000*6F
$GPRMC,233258.00,A,3729.575956,N,12218.132605,W,067.9,129.6,290520,,,A*40
$GPGGA,233259.00,3729.563902,N,12218.115157,W,7,,0.38,173.98,M,0.0,M,0.0,0000*6F
$GPRMC,233259.00,A,3729.563902,N,12218.115157,W,067.7,131.7,290520,,,A*44
$GPGGA,233300.00,3729.550954,N,12218.098063,W,7,,0.38,174.36,M,0.0,M,0.0,0000*60
$GPRMC,233300.00,A,3729.550954,N,12218.098063,W,067.4,134.5,290520,,,A*4C
$GPGGA,233301.00,3729.537826,N,12218.081749,W,7,,0.38,174.53,M,0.0,M,0.0,0000*60
$GPRMC,233301.00,A,3729.537826,N,12218.081749,W,066.8,136.3,290520,,,A*46
$GPGGA,233302.00,3729.524301,N,12218.066509,W,7,,0.38,174.51,M,0.0,M,0.0,0000*62
$GPRMC,233302.00,A,3729.524301,N,12218.066509,W,065.7,138.5,290520,,,A*42
$GPGGA,233303.00,3729.510669,N,12218.052145,W,7,,0.38,174.78,M,0.0,M,0.0,0000*6F
$GPRMC,233303.00,A,3729.510669,N,12218.052145,W,064.7,140.8,290520,,,A*47
$GPGGA,233304.00,3729.496617,N,12218.038459,W,7,,0.38,174.95,M,0.0,M,0.0,0000*69
$GPRMC,233304.00,A,3729.496617,N,12218.038459,W,063.8,143.3,290520,,,A*42
$GPGGA,233305.00,3729.482476,N,12218.025368,W,7,,0.38,175.18,M,0.0,M,0.0,0000*65
$GPRMC,233305.00,A,3729.482476,N,12218.025368,W,062.9,144.7,290520,,,A*49
$GPGGA,233306.00,3729.468303,N,12218.013062,W,7,,0.38,175.52,M,0.0,M,0.0,0000*65
$GPRMC,233306.00,A,3729.468303,N,12218.013062,W,062.0,146.4,290520,,,A*4F
$GPGGA,233307.00,3729.453903,N,12218.001523,W,7,,0.38,176.23,M,0.0,M,0.0,0000*60
$GPRMC,233307.00,A,3729.453903,N,12218.001523,W,061.5,148.3,290520,,,A*40
$GPGGA,233308.00,3729.439180,N,12217.991035,W,7,,0.38,176.19,M,0.0,M,0.0,0000*64
$GPRMC,233308.00,A,3729.439180,N,12217.991035,W,060.9,150.8,290520,,,A*42
$GPGGA,233309.00,3729.424150,N,12217.981094,W,7,,0.38,176.02,M,0.0,M,0.0,0000*64
$GPRMC,233309.00,A,3729.424150,N,12217.981094,W,060.8,153.0,290520,,,A*42
$GPGGA,233310.00,3729.408951,N,12217.971554,W,7,,0.38,175.94,M,0.0,M,0.0,0000*61
$GPRMC,233310.00,A,3729.408951,N,12217.971554,W,060.5,155.4,290520,,,A*44
$GPGGA,233311.00,3729.393550,N,12217.963291,W,7,,0.38,158.78,M,0.0,M,0.0,0000*68
$GPRMC,233311.00,A,3729.393550,N,12217.963291,W,060.3,157.2,290520,,,A*42
$GPGGA,233312.00,3729.378051,N,12217.955605,W,7,,0.38,164.45,M,0.0,M,0.0,0000*67
$GPRMC,233312.00,A,3729.378051,N,12217.955605,W,060.2,159.1,290520,,,A*40
$GPGGA,233313.00,3729.362062,N,12217.948604,W,7,,0.38,167.35,M,0.0,M,0.0,0000*64
$GPRMC,233313.00,A,3729.362062,N,12217.948604,W,060.4,161.1,290520,,,A*4A
$GPGGA,233314.00,3729.345904,N,12217.942333,W,7,,0.38,168.78,M,0.0,M,0.0,0000*62
$GPRMC,233314.00,A,3729.345904,N,12217.942333,W,060.6,163.3,290520,,,A*48
$GPGGA,233315.00,3729.329698,N,12217.936837,W,7,,0.38,170.02,M,0.0,M,0.0,0000*6B
$GPRMC,233315.00,A,3729.329698,N,12217.936837,W,060.6,165.0,290520,,,A*40
$GPGGA,233316.00,3729.313432,N,12217.931863,W,7,,0.38,170.78,M,0.0,M,0.0,0000*68
$GPRMC,233316.00,A,3729.313432,N,12217.931863,W,060.7,167.5,290520,,,A*48
$GPGGA,233317.00,3729.296944,N,12217.927550,W,7,,0.38,170.86,M,0.0,M,0.0,0000*62
$GPRMC,233317.00,A,3729.296944,N,12217.927550,W,060.8,169.3,290520,,,A*44
$GPGGA,233318.00,3729.280258,N,12217.923667,W,7,,0.38,171.06,M,0.0,M,0.0,0000*66
$GPRMC,233318.00,A,3729.280258,N,12217.923667,W,061.1,170.5,290520,,,A*4F
$GPGGA,233319.00,3729.263338,N,12217.920451,W,7,,0.38,170.96,M,0.0,M,0.0,0000*61
$GPRMC,233319.00,A,3729.263338,N,12217.920451,W,061.4,172.6,290520,,,A*44
$GPGGA,233320.00,3729.246285,N,12217.918028,W,7,,0.38,170.52,M,0.0,M,0.0,0000*62
$GPRMC,233320.00,A,3729.246285,N,12217.918028,W,061.6,174.5,290520,,,A*48
$GPGGA,233321.00,3729.229042,N,12217.916432,W,7,,0.38,170.59,M,0.0,M,0.0,0000*69
$GPRMC,233321.00,A,3729.229042,N,12217.916432,W,062.0,176.5,290520,,,A*4F
$GPGGA,233322.00,3729.211654,N,12217.915544,W,7,,0.38,170.54,M,0.0,M,0.0,0000*6E
$GPRMC,233322.00,A,3729.211654,N,12217.915544,W,062.2,178.5,290520,,,A*49
$GPGGA,233323.00,3729.194187,N,12217.915447,W,7,,0.38,170.34,M,0.0,M,0.0,0000*6C
$GPRMC,233323.00,A,3729.194187,N,12217.915447,W,062.3,180.9,290520,,,A*47
$GPGGA,233324.00,3729.176776,N,12217.915969,W,7,,0.38,170.28,M,0.0,M,0.0,0000*63
$GPRMC,233324.00,A,3729.176776,N,12217.915969,W,062.5,183.0,290520,,,A*49
$GPGGA,233325.00,3729.159508,N,12217.917301,W,7,,0.38,169.69,M,0.0,M,0.0,0000*6F
$GPRMC,233325.00,A,3729.159508,N,12217.917301,W,062.6,185.0,290520,,,A*4D
$GPGGA,233326.00,3729.142192,N,12217.918994,W,7,,0.38,169.66,M,0.0,M,0.0,0000*67
$GPRMC,233326.00,A,3729.142192,N,12217.918994,W,062.5,186.2,290520,,,A*48
$GPGGA,233327.00,3729.125127,N,12217.921436,W,7,,0.38,169.20,M,0.0,M,0.0,0000*64
$GPRMC,233327.00,A,3729.125127,N,12217.921436,W,062.1,186.9,290520,,,A*46
$GPGGA,233328.00,3729.108106,N,12217.924064,W,7,,0.38,168.97,M,0.0,M,0.0,0000*6C
$GPRMC,233328.00,A,3729.108106,N,12217.924064,W,061.5,187.2,290520,,,A*4E
$GPGGA,233329.00,3729.091419,N,12217.926883,W,7,,0.38,168.67,M,0.0,M,0.0,0000*6B
$GPRMC,233329.00,A,3729.091419,N,12217.926883,W,060.6,187.4,290520,,,A*42
$GPGGA,233330.00,3729.074865,N,12217.929643,W,7,,0.38,168.39,M,0.0,M,0.0,0000*69
$GPRMC,233330.00,A,3729.074865,N,12217.929643,W,059.7,187.7,290520,,,A*43
$GPGGA,233331.00,3729.058708,N,12217.932715,W,7,,0.38,167.79,M,0.0,M,0.0,0000*61
$GPRMC,233331.00,A,3729.058708,N,12217.932715,W,059.4,187.8,290520,,,A*4C
$GPGGA,233332.00,3729.042315,N,12217.935404,W,7,,0.38,167.56,M,0.0,M,0.0,0000*68
$GPRMC,233332.00,A,3729.042315,N,12217.935404,W,059.2,187.6,290520,,,A*40
$GPGGA,233333.00,3729.026007,N,12217.938115,W,7,,0.38,167.22,M,0.0,M,0.0,0000*60
$GPRMC,233333.00,A,3729.026007,N,12217.938115,W,059.1,187.3,290520,,,A*4D
$GPGGA,233334.00,3729.009849,N,12217.940804,W,7,,0.38,167.05,M,0.0,M,0.0,0000*6B
$GPRMC,233334.00,A,3729.009849,N,12217.940804,W,058.9,187.6,290520,,,A*4F
$GPGGA,233335.00,3728.993715,N,12217.943431,W,7,,0.38,166.92,M,0.0,M,0.0,0000*61
$GPRMC,233335.00,A,3728.993715,N,12217.943431,W,058.6,187.5,290520,,,A*46
$GPGGA,233336.00,3728.977540,N,12217.946041,W,7,,0.38,166.52,M,0.0,M,0.0,0000*60
$GPRMC,233336.00,A,3728.977540,N,12217.946041,W,058.4,187.6,290520,,,A*4A
$GPGGA,233337.00,3728.961435,N,12217.948694,W,7,,0.38,166.00,M,0.0,M,0.0,0000*62
$GPRMC,233337.00,A,3728.961435,N,12217.948694,W,058.2,187.7,290520,,,A*48
$GPGGA,233338.00,3728.945607,N,12217.951508,W,7,,0.38,165.42,M,0.0,M,0.0,0000*63
$GPRMC,233338.00,A,3728.945607,N,12217.951508,W,057.9,187.6,290520,,,A*49
$GPGGA,233339.00,3728.929966,N,12217.954225,W,7,,0.38,164.93,M,0.0,M,0.0,0000*60
$GPRMC,233339.00,A,3728.929966,N,12217.954225,W,057.6,187.6,290520,,,A*48
$GPGGA,233340.00,3728.914005,N,12217.956709,W,7,,0.38,164.64,M,0.0,M,0.0,0000*6D
$GPRMC,233340.00,A,3728.914005,N,12217.956709,W,057.3,187.5,290520,,,A*4B
$GPGGA,233341.00,3728.898160,N,12217.959211,W,7,,0.38,164.43,M,0.0,M,0.0,0000*6D
$GPRMC,233341.00,A,3728.898160,N,12217.959211,W,057.1,187.1,290520,,,A*48
$GPGGA,233342.00,3728.882620,N,12217.961744,W,7,,0.38,164.19,M,0.0,M,0.0,0000*67
$GPRMC,233342.00,A,3728.882620,N,12217.961744,W,056.9,187.5,290520,,,A*40
$GPGGA,233343.00,3728.867031,N,12217.964509,W,7,,0.38,163.80,M,0.0,M,0.0,0000*62
$GPRMC,233343.00,A,3728.867031,N,12217.964509,W,056.8,187.6,290520,,,A*40
$GPGGA,233344.00,3728.851384,N,12217.967078,W,7,,0.38,163.70,M,0.0,M,0.0,0000*62
$GPRMC,233344.00,A,3728.851384,N,12217.967078,W,056.7,187.4,290520,,,A*42
$GPGGA,233345.00,3728.835592,N,12217.969621,W,7,,0.38,163.42,M,0.0,M,0.0,0000*65
$GPRMC,233345.00,A,3728.835592,N,12217.969621,W,056.9,187.4,290520,,,A*4A
$GPGGA,233346.00,3728.819925,N,12217.972148,W,7,,0.38,163.18,M,0.0,M,0.0,0000*65
$GPRMC,233346.00,A,3728.819925,N,12217.972148,W,057.0,187.6,290520,,,A*4F
$GPGGA,233347.00,3728.804116,N,12217.974686,W,7,,0.38,163.21,M,0.0,M,0.0,0000*69
$GPRMC,233347.00,A,3728.804116,N,12217.974686,W,056.9,187.6,290520,,,A*41
$GPGGA,233348.00,3728.788221,N,12217.976977,W,7,,0.38,163.22,M,0.0,M,0.0,0000*6A
$GPRMC,233348.00,A,3728.788221,N,12217.976977,W,056.9,186.7,290520,,,A*41
$GPGGA,233349.00,3728.772567,N,12217.979084,W,7,,0.38,163.36,M,0.0,M,0.0,0000*64
$GPRMC,233349.00,A,3728.772567,N,12217.979084,W,056.8,185.9,290520,,,A*46
$GPGGA,233350.00,3728.756919,N,12217.980908,W,7,,0.38,163.27,M,0.0,M,0.0,0000*64
$GPRMC,233350.00,A,3728.756919,N,12217.980908,W,056.8,184.6,290520,,,A*48
$GPGGA,233351.00,3728.741026,N,12217.982365,W,7,,0.38,163.10,M,0.0,M,0.0,0000*61
$GPRMC,233351.00,A,3728.741026,N,12217.982365,W,056.9,183.1,290520,,,A*48
$GPGGA,233352.00,3728.725174,N,12217.983037,W,7,,0.38,163.23,M,0.0,M,0.0,0000*63
$GPRMC,233352.00,A,3728.725174,N,12217.983037,W,056.8,180.8,290520,,,A*41
$GPGGA,233353.00,3728.709376,N,12217.982990,W,7,,0.38,163.18,M,0.0,M,0.0,0000*61
$GPRMC,233353.00,A,3728.709376,N,12217.982990,W,057.1,178.7,290520,,,A*4B
$GPGGA,233354.00,3728.693428,N,12217.982210,W,7,,0.38,162.85,M,0.0,M,0.0,0000*6E
$GPRMC,233354.00,A,3728.693428,N,12217.982210,W,057.3,177.2,290520,,,A*49
$GPGGA,233355.00,3728.677528,N,12217.980836,W,7,,0.38,162.43,M,0.0,M,0.0,0000*62
$GPRMC,233355.00,A,3728.677528,N,12217.980836,W,057.4,175.5,290520,,,A*4D
$GPGGA,233356.00,3728.661790,N,12217.978856,W,7,,0.38,161.88,M,0.0,M,0.0,0000*62
$GPRMC,233356.00,A,3728.661790,N,12217.978856,W,057.4,173.7,290520,,,A*4D
$GPGGA,233357.00,3728.645835,N,12217.976401,W,7,,0.38,161.77,M,0.0,M,0.0,0000*65
$GPRMC,233357.00,A,3728.645835,N,12217.976401,W,057.4,171.8,290520,,,A*47
$GPGGA,233358.00,3728.630050,N,12217.973389,W,7,,0.38,161.72,M,0.0,M,0.0,0000*64
$GPRMC,233358.00,A,3728.630050,N,12217.973389,W,057.4,169.8,290520,,,A*4A
$GPGGA,233359.00,3728.614516,N,12217.969400,W,7,,0.38,160.84,M,0.0,M,0.0,0000*61
$GPRMC,233359.00,A,3728.614516,N,12217.969400,W,057.5,168.0,290520,,,A*4F
$GPGGA,233400.00,3728.598813,N,12217.965080,W,7,,0.38,160.78,M,0.0,M,0.0,0000*66
$GPRMC,233400.00,A,3728.598813,N,12217.965080,W,057.6,166.2,290520,,,A*44
$GPGGA,233401.00,3728.583423,N,12217.960052,W,7,,0.38,160.55,M,0.0,M,0.0,0000*67
$GPRMC,233401.00,A,3728.583423,N,12217.960052,W,057.6,164.4,290520,,,A*4E
$GPGGA,233402.00,3728.568237,N,12217.954448,W,7,,0.38,160.25,M,0.0,M,0.0,0000*6D
$GPRMC,233402.00,A,3728.568237,N,12217.954448,W,057.7,162.8,290520,,,A*48
$GPGGA,233403.00,3728.553099,N,12217.948135,W,7,,0.38,159.94,M,0.0,M,0.0,0000*60
$GPRMC,233403.00,A,3728.553099,N,12217.948135,W,057.9,161.1,290520,,,A*41
$GPGGA,233404.00,3728.537775,N,12217.941301,W,7,,0.38,159.53,M,0.0,M,0.0,0000*67
$GPRMC,233404.00,A,3728.537775,N,12217.941301,W,058.0,159.6,290520,,,A*47
$GPGGA,233405.00,3728.522535,N,12217.934012,W,7,,0.38,159.11,M,0.0,M,0.0,0000*61
$GPRMC,233405.00,A,3728.522535,N,12217.934012,W,058.2,157.4,290520,,,A*49
$GPGGA,233406.00,3728.507704,N,12217.925875,W,7,,0.38,158.63,M,0.0,M,0.0,0000*68
$GPRMC,233406.00,A,3728.507704,N,12217.925875,W,058.5,155.4,290520,,,A*41
$GPGGA,233407.00,3728.492979,N,12217.916840,W,7,,0.38,157.95,M,0.0,M,0.0,0000*60
$GPRMC,233407.00,A,3728.492979,N,12217.916840,W,058.7,153.1,290520,,,A*4E
$GPGGA,233408.00,3728.478489,N,12217.907126,W,7,,0.38,157.58,M,0.0,M,0.0,0000*61
$GPRMC,233408.00,A,3728.478489,N,12217.907126,W,059.0,151.1,290520,,,A*4A
$GPGGA,233409.00,3728.464186,N,12217.896584,W,7,,0.38,157.13,M,0.0,M,0.0,0000*6D
$GPRMC,233409.00,A,3728.464186,N,12217.896584,W,059.3,149.1,290520,,,A*43
$GPGGA,233410.00,3728.450170,N,12217.885514,W,7,,0.38,156.76,M,0.0,M,0.0,0000*62
$GPRMC,233410.00,A,3728.450170,N,12217.885514,W,059.5,147.3,290520,,,A*44
$GPGGA,233411.00,3728.436190,N,12217.873754,W,7,,0.38,156.57,M,0.0,M,0.0,0000*61
$GPRMC,233411.00,A,3728.436190,N,12217.873754,W,060.0,146.0,290520,,,A*49
$GPGGA,233412.00,3728.422480,N,12217.861328,W,7,,0.38,156.13,M,0.0,M,0.0,0000*6F
$GPRMC,233412.00,A,3728.422480,N,12217.861328,W,060.4,144.5,290520,,,A*44
$GPGGA,233413.00,3728.408931,N,12217.848662,W,7,,0.38,155.78,M,0.0,M,0.0,0000*6F
$GPRMC,233413.00,A,3728.408931,N,12217.848662,W,060.8,142.4,290520,,,A*41
$GPGGA,233414.00,3728.395552,N,12217.835341,W,7,,0.38,155.24,M,0.0,M,0.0,0000*65
$GPRMC,233414.00,A,3728.395552,N,12217.835341,W,061.1,140.6,290520,,,A*4A
$GPGGA,233415.00,3728.382280,N,12217.821404,W,7,,0.38,154.27,M,0.0,M,0.0,0000*6B
$GPRMC,233415.00,A,3728.382280,N,12217.821404,W,061.6,139.6,290520,,,A*4F
$GPGGA,233416.00,3728.369085,N,12217.807136,W,7,,0.38,153.55,M,0.0,M,0.0,0000*68
$GPRMC,233416.00,A,3728.369085,N,12217.807136,W,062.2,139.4,290520,,,A*4B
$GPGGA,233417.00,3728.355879,N,12217.792927,W,7,,0.38,152.54,M,0.0,M,0.0,0000*66
$GPRMC,233417.00,A,3728.355879,N,12217.792927,W,062.7,139.3,290520,,,A*47
$GPGGA,233418.00,3728.342812,N,12217.778558,W,7,,0.38,151.57,M,0.0,M,0.0,0000*62
$GPRMC,233418.00,A,3728.342812,N,12217.778558,W,063.1,139.1,290520,,,A*46
$GPGGA,233419.00,3728.329569,N,12217.764194,W,7,,0.38,150.78,M,0.0,M,0.0,0000*6A
$GPRMC,233419.00,A,3728.329569,N,12217.764194,W,063.6,139.3,290520,,,A*47
$GPGGA,233420.00,3728.316009,N,12217.749536,W,7,,0.38,150.04,M,0.0,M,0.0,0000*67
$GPRMC,233420.00,A,3728.316009,N,12217.749536,W,064.0,139.3,290520,,,A*40
$GPGGA,233421.00,3728.302498,N,12217.734961,W,7,,0.38,148.89,M,0.0,M,0.0,0000*67
$GPRMC,233421.00,A,3728.302498,N,12217.734961,W,064.4,139.5,290520,,,A*4E
$GPGGA,233422.00,3728.288806,N,12217.720255,W,7,,0.38,147.90,M,0.0,M,0.0,0000*62
$GPRMC,233422.00,A,3728.288806,N,12217.720255,W,064.8,139.4,290520,,,A*41
$GPGGA,233423.00,3728.274969,N,12217.705489,W,7,,0.38,147.24,M,0.0,M,0.0,0000*67
$GPRMC,233423.00,A,3728.274969,N,12217.705489,W,065.2,139.5,290520,,,A*41
$GPGGA,233424.00,3728.261020,N,12217.690669,W,7,,0.38,146.79,M,0.0,M,0.0,0000*68
$GPRMC,233424.00,A,3728.261020,N,12217.690669,W,065.4,139.5,290520,,,A*41
$GPGGA,233425.00,3728.246932,N,12217.675958,W,7,,0.38,146.31,M,0.0,M,0.0,0000*6C
$GPRMC,233425.00,A,3728.246932,N,12217.675958,W,065.5,139.6,290520,,,A*4B
$GPGGA,233426.00,3728.232850,N,12217.661264,W,7,,0.38,146.11,M,0.0,M,0.0,0000*6A
$GPRMC,233426.00,A,3728.232850,N,12217.661264,W,065.7,140.0,290520,,,A*45
$GPGGA,233427.00,3728.218641,N,12217.646498,W,7,,0.38,145.56,M,0.0,M,0.0,0000*6D
$GPRMC,233427.00,A,3728.218641,N,12217.646498,W,065.9,140.6,290520,,,A*4A
$GPGGA,233428.00,3728.204343,N,12217.631882,W,7,,0.38,145.39,M,0.0,M,0.0,0000*66
$GPRMC,233428.00,A,3728.204343,N,12217.631882,W,066.0,141.4,290520,,,A*41
$GPGGA,233429.00,3728.190039,N,12217.617446,W,7,,0.38,145.16,M,0.0,M,0.0,0000*6A
$GPRMC,233429.00,A,3728.190039,N,12217.617446,W,066.0,142.8,290520,,,A*4F
$GPGGA,233430.00,3728.175297,N,12217.603928,W,7,,0.38,144.69,M,0.0,M,0.0,0000*66
$GPRMC,233430.00,A,3728.175297,N,12217.603928,W,066.0,145.1,290520,,,A*44
$GPGGA,233431.00,3728.160087,N,12217.590835,W,7,,0.38,144.64,M,0.0,M,0.0,0000*69
$GPRMC,233431.00,A,3728.160087,N,12217.590835,W,066.1,146.8,290520,,,A*4D
$GPGGA,233432.00,3728.144530,N,12217.578464,W,7,,0.38,144.65,M,0.0,M,0.0,0000*6A
$GPRMC,233432.00,A,3728.144530,N,12217.578464,W,066.1,148.5,290520,,,A*4C
$GPGGA,233433.00,3728.128762,N,12217.566727,W,7,,0.38,144.82,M,0.0,M,0.0,0000*66
$GPRMC,233433.00,A,3728.128762,N,12217.566727,W,066.0,150.2,290520,,,A*46
$GPGGA,233434.00,3728.113036,N,12217.555879,W,7,,0.38,145.05,M,0.0,M,0.0,0000*65
$GPRMC,233434.00,A,3728.113036,N,12217.555879,W,065.2,151.9,290520,,,A*40
$GPGGA,233435.00,3728.097280,N,12217.545776,W,7,,0.38,136.47,M,0.0,M,0.0,0000*65
$GPRMC,233435.00,A,3728.097280,N,12217.545776,W,064.2,153.1,290520,,,A*49
$GPGGA,233436.00,3728.081458,N,12217.536080,W,7,,0.38,139.13,M,0.0,M,0.0,0000*66
$GPRMC,233436.00,A,3728.081458,N,12217.536080,W,063.0,155.3,290520,,,A*45
$GPGGA,233437.00,3728.065821,N,12217.527487,W,7,,0.38,142.25,M,0.0,M,0.0,0000*65
$GPRMC,233437.00,A,3728.065821,N,12217.527487,W,061.8,156.7,290520,,,A*42
$GPGGA,233438.00,3728.050161,N,12217.519406,W,7,,0.38,135.63,M,0.0,M,0.0,0000*67
$GPRMC,233438.00,A,3728.050161,N,12217.519406,W,060.6,157.9,290520,,,A*42
$GPGGA,233439.00,3728.034796,N,12217.512038,W,7,,0.38,137.97,M,0.0,M,0.0,0000*61
$GPRMC,233439.00,A,3728.034796,N,12217.512038,W,059.6,158.6,290520,,,A*47
$GPGGA,233440.00,3728.019513,N,12217.504837,W,7,,0.38,139.34,M,0.0,M,0.0,0000*68
$GPRMC,233440.00,A,3728.019513,N,12217.504837,W,058.9,159.3,290520,,,A*43
$GPGGA,233441.00,3728.003877,N,12217.498075,W,7,,0.38,139.79,M,0.0,M,0.0,0000*6E
$GPRMC,233441.00,A,3728.003877,N,12217.498075,W,059.3,160.1,290520,,,A*4F
$GPGGA,233442.00,3727.988092,N,12217.491146,W,7,,0.38,140.29,M,0.0,M,0.0,0000*68
$GPRMC,233442.00,A,3727.988092,N,12217.491146,W,059.9,161.6,290520,,,A*4E
$GPGGA,233443.00,3727.971873,N,12217.485344,W,7,,0.38,140.36,M,0.0,M,0.0,0000*63
$GPRMC,233443.00,A,3727.971873,N,12217.485344,W,060.5,164.7,290520,,,A*49
$GPGGA,233444.00,3727.955601,N,12217.480279,W,7,,0.38,140.34,M,0.0,M,0.0,0000*61
$GPRMC,233444.00,A,3727.955601,N,12217.480279,W,060.9,166.9,290520,,,A*49
$GPGGA,233445.00,3727.938874,N,12217.475588,W,7,,0.38,140.32,M,0.0,M,0.0,0000*62
$GPRMC,233445.00,A,3727.938874,N,12217.475588,W,061.3,168.9,290520,,,A*49
$GPGGA,233446.00,3727.922007,N,12217.471682,W,7,,0.38,139.91,M,0.0,M,0.0,0000*6C
$GPRMC,233446.00,A,3727.922007,N,12217.471682,W,061.6,170.2,290520,,,A*47
$GPGGA,233447.00,3727.904925,N,12217.468243,W,7,,0.38,139.12,M,0.0,M,0.0,0000*6A
$GPRMC,233447.00,A,3727.904925,N,12217.468243,W,062.1,171.2,290520,,,A*4F
$GPGGA,233448.00,3727.887730,N,12217.465118,W,7,,0.38,138.96,M,0.0,M,0.0,0000*68
$GPRMC,233448.00,A,3727.887730,N,12217.465118,W,062.5,172.7,290520,,,A*42
$GPGGA,233449.00,3727.870497,N,12217.462687,W,7,,0.38,138.44,M,0.0,M,0.0,0000*66
$GPRMC,233449.00,A,3727.870497,N,12217.462687,W,062.8,174.8,290520,,,A*47
$GPGGA,233450.00,3727.852966,N,12217.461133,W,7,,0.38,137.91,M,0.0,M,0.0,0000*61
$GPRMC,233450.00,A,3727.852966,N,12217.461133,W,063.3,176.8,290520,,,A*4F
$GPGGA,233451.00,3727.835026,N,12217.460185,W,7,,0.38,137.35,M,0.0,M,0.0,0000*6E
$GPRMC,233451.00,A,3727.835026,N,12217.460185,W,063.7,178.0,290520,,,A*4C
$GPGGA,233452.00,3727.817134,N,12217.459592,W,7,,0.38,136.61,M,0.0,M,0.0,0000*67
$GPRMC,233452.00,A,3727.817134,N,12217.459592,W,063.9,178.5,290520,,,A*4E
$GPGGA,233453.00,3727.799205,N,12217.458805,W,7,,0.38,135.51,M,0.0,M,0.0,0000*6C
$GPRMC,233453.00,A,3727.799205,N,12217.458805,W,064.4,178.3,290520,,,A*49
$GPGGA,233454.00,3727.781079,N,12217.458314,W,7,,0.38,134.61,M,0.0,M,0.0,0000*62
$GPRMC,233454.00,A,3727.781079,N,12217.458314,W,064.8,178.1,290520,,,A*4B
$GPGGA,233455.00,3727.762947,N,12217.457659,W,7,,0.38,133.62,M,0.0,M,0.0,0000*6D
$GPRMC,233455.00,A,3727.762947,N,12217.457659,W,065.4,178.4,290520,,,A*48
$GPGGA,233456.00,3727.744396,N,12217.456741,W,7,,0.38,133.02,M,0.0,M,0.0,0000*63
$GPRMC,233456.00,A,3727.744396,N,12217.456741,W,066.0,178.3,290520,,,A*40
$GPGGA,233457.00,3727.725976,N,12217.455932,W,7,,0.38,132.58,M,0.0,M,0.0,0000*66
$GPRMC,233457.00,A,3727.725976,N,12217.455932,W,065.7,178.1,290520,,,A*4D
$GPGGA,233458.00,3727.707717,N,12217.455373,W,7,,0.38,132.30,M,0.0,M,0.0,0000*61
$GPRMC,233458.00,A,3727.707717,N,12217.455373,W,065.4,178.0,290520,,,A*46
$GPGGA,233459.00,3727.690072,N,12217.453981,W,7,,0.38,132.50,M,0.0,M,0.0,0000*6C
$GPRMC,233459.00,A,3727.690072,N,12217.453981,W,064.6,175.9,290520,,,A*4A
$GPGGA,233500.00,3727.672306,N,12217.452134,W,7,,0.38,131.76,M,0.0,M,0.0,0000*6D
$GPRMC,233500.00,A,3727.672306,N,12217.452134,W,064.4,174.2,290520,,,A*44
$GPGGA,233501.00,3727.654516,N,12217.449469,W,7,,0.38,131.00,M,0.0,M,0.0,0000*69
$GPRMC,233501.00,A,3727.654516,N,12217.449469,W,064.5,172.0,290520,,,A*44
$GPGGA,233502.00,3727.636744,N,12217.445936,W,7,,0.38,129.86,M,0.0,M,0.0,0000*67
$GPRMC,233502.00,A,3727.636744,N,12217.445936,W,065.0,169.9,290520,,,A*4A
$GPGGA,233503.00,3727.619001,N,12217.441094,W,7,,0.38,129.75,M,0.0,M,0.0,0000*64
$GPRMC,233503.00,A,3727.619001,N,12217.441094,W,065.2,167.3,290520,,,A*43
$GPGGA,233504.00,3727.601817,N,12217.435855,W,7,,0.38,129.43,M,0.0,M,0.0,0000*66
$GPRMC,233504.00,A,3727.601817,N,12217.435855,W,064.4,165.8,290520,,,A*4A
$GPGGA,233505.00,3727.584940,N,12217.429939,W,7,,0.38,128.65,M,0.0,M,0.0,0000*69
$GPRMC,233505.00,A,3727.584940,N,12217.429939,W,063.7,163.8,290520,,,A*42
$GPGGA,233506.00,3727.568247,N,12217.423166,W,7,,0.38,128.11,M,0.0,M,0.0,0000*6F
$GPRMC,233506.00,A,3727.568247,N,12217.423166,W,063.1,161.8,290520,,,A*43
$GPGGA,233507.00,3727.551664,N,12217.416056,W,7,,0.38,127.70,M,0.0,M,0.0,0000*6D
$GPRMC,233507.00,A,3727.551664,N,12217.416056,W,063.0,159.8,290520,,,A*43
$GPGGA,233508.00,3727.535481,N,12217.408453,W,7,,0.38,127.06,M,0.0,M,0.0,0000*66
$GPRMC,233508.00,A,3727.535481,N,12217.408453,W,063.0,158.0,290520,,,A*40
$GPGGA,233509.00,3727.519365,N,12217.399856,W,7,,0.38,126.28,M,0.0,M,0.0,0000*6F
$GPRMC,233509.00,A,3727.519365,N,12217.399856,W,063.1,156.1,290520,,,A*4A
$GPGGA,233510.00,3727.503466,N,12217.390178,W,7,,0.38,125.55,M,0.0,M,0.0,0000*6D
$GPRMC,233510.00,A,3727.503466,N,12217.390178,W,063.3,153.5,290520,,,A*42
$GPGGA,233511.00,3727.487949,N,12217.379833,W,7,,0.38,124.84,M,0.0,M,0.0,0000*6D
$GPRMC,233511.00,A,3727.487949,N,12217.379833,W,063.3,151.2,290520,,,A*4A
$GPGGA,233512.00,3727.472745,N,12217.368583,W,7,,0.38,124.16,M,0.0,M,0.0,0000*6B
$GPRMC,233512.00,A,3727.472745,N,12217.368583,W,063.3,149.1,290520,,,A*4D
$GPGGA,233513.00,3727.458016,N,12217.356865,W,7,,0.38,123.81,M,0.0,M,0.0,0000*62
$GPRMC,233513.00,A,3727.458016,N,12217.356865,W,062.9,147.5,290520,,,A*4C
$GPGGA,233514.00,3727.443574,N,12217.344655,W,7,,0.38,123.67,M,0.0,M,0.0,0000*68
$GPRMC,233514.00,A,3727.443574,N,12217.344655,W,062.5,145.9,290520,,,A*4C
$GPGGA,233515.00,3727.429312,N,12217.331900,W,7,,0.38,123.50,M,0.0,M,0.0,0000*6A
$GPRMC,233515.00,A,3727.429312,N,12217.331900,W,062.5,144.3,290520,,,A*41
$GPGGA,233516.00,3727.415554,N,12217.318856,W,7,,0.38,122.94,M,0.0,M,0.0,0000*62
$GPRMC,233516.00,A,3727.415554,N,12217.318856,W,062.7,141.7,290520,,,A*43
$GPGGA,233517.00,3727.402041,N,12217.304684,W,7,,0.38,122.86,M,0.0,M,0.0,0000*6B
$GPRMC,233517.00,A,3727.402041,N,12217.304684,W,063.1,140.1,290520,,,A*49
$GPGGA,233518.00,3727.388704,N,12217.290025,W,7,,0.38,123.02,M,0.0,M,0.0,0000*6B
$GPRMC,233518.00,A,3727.388704,N,12217.290025,W,063.3,138.1,290520,,,A*49
$GPGGA,233519.00,3727.375815,N,12217.274857,W,7,,0.38,123.26,M,0.0,M,0.0,0000*66
$GPRMC,233519.00,A,3727.375815,N,12217.274857,W,063.5,135.7,290520,,,A*4F
$GPGGA,233520.00,3727.363401,N,12217.258729,W,7,,0.38,123.61,M,0.0,M,0.0,0000*69
$GPRMC,233520.00,A,3727.363401,N,12217.258729,W,063.7,133.6,290520,,,A*46
$GPGGA,233521.00,3727.351282,N,12217.242206,W,7,,0.38,124.11,M,0.0,M,0.0,0000*67
$GPRMC,233521.00,A,3727.351282,N,12217.242206,W,063.8,131.8,290520,,,A*4B
$GPGGA,233522.00,3727.339888,N,12217.225555,W,7,,0.38,124.35,M,0.0,M,0.0,0000*6C
$GPRMC,233522.00,A,3727.339888,N,12217.225555,W,063.8,130.1,290520,,,A*4E
$GPGGA,233523.00,3727.328512,N,12217.208389,W,7,,0.38,124.72,M,0.0,M,0.0,0000*68
$GPRMC,233523.00,A,3727.328512,N,12217.208389,W,063.8,129.1,290520,,,A*41
$GPGGA,233524.00,3727.317280,N,12217.191469,W,7,,0.38,125.27,M,0.0,M,0.0,0000*64
$GPRMC,233524.00,A,3727.317280,N,12217.191469,W,063.7,129.2,290520,,,A*40
$GPGGA,233525.00,3727.306161,N,12217.174441,W,7,,0.38,125.72,M,0.0,M,0.0,0000*68
$GPRMC,233525.00,A,3727.306161,N,12217.174441,W,063.5,129.5,290520,,,A*49
$GPGGA,233526.00,3727.295200,N,12217.157642,W,7,,0.38,126.57,M,0.0,M,0.0,0000*60
$GPRMC,233526.00,A,3727.295200,N,12217.157642,W,062.6,129.4,290520,,,A*46
$GPGGA,233527.00,3727.284357,N,12217.141028,W,7,,0.38,127.10,M,0.0,M,0.0,0000*6D
$GPRMC,233527.00,A,3727.284357,N,12217.141028,W,061.7,129.1,290520,,,A*4E
$GPGGA,233528.00,3727.273684,N,12217.124636,W,7,,0.38,127.86,M,0.0,M,0.0,0000*64
$GPRMC,233528.00,A,3727.273684,N,12217.124636,W,060.7,129.4,290520,,,A*4C
$GPGGA,233529.00,3727.262967,N,12217.108154,W,7,,0.38,128.25,M,0.0,M,0.0,0000*6C
$GPRMC,233529.00,A,3727.262967,N,12217.108154,W,060.2,129.5,290520,,,A*46
$GPGGA,233530.00,3727.252162,N,12217.092031,W,7,,0.38,129.05,M,0.0,M,0.0,0000*69
$GPRMC,233530.00,A,3727.252162,N,12217.092031,W,059.7,129.5,290520,,,A*4F
$GPGGA,233531.00,3727.241511,N,12217.075790,W,7,,0.38,129.78,M,0.0,M,0.0,0000*65
$GPRMC,233531.00,A,3727.241511,N,12217.075790,W,059.1,129.5,290520,,,A*4F
$GPGGA,233532.00,3727.231239,N,12217.060357,W,7,,0.38,130.56,M,0.0,M,0.0,0000*63
$GPRMC,233532.00,A,3727.231239,N,12217.060357,W,058.5,129.5,290520,,,A*48
$GPGGA,233533.00,3727.220854,N,12217.045070,W,7,,0.38,131.38,M,0.0,M,0.0,0000*6B
$GPRMC,233533.00,A,3727.220854,N,12217.045070,W,058.1,129.6,290520,,,A*4E
$GPGGA,233534.00,3727.210786,N,12217.029488,W,7,,0.38,132.29,M,0.0,M,0.0,0000*65
$GPRMC,233534.00,A,3727.210786,N,12217.029488,W,057.8,129.6,290520,,,A*45
$GPGGA,233535.00,3727.200760,N,12217.014080,W,7,,0.38,132.84,M,0.0,M,0.0,0000*68
$GPRMC,233535.00,A,3727.200760,N,12217.014080,W,057.3,129.4,290520,,,A*46
$GPGGA,233536.00,3727.190680,N,12216.998738,W,7,,0.38,132.98,M,0.0,M,0.0,0000*6B
$GPRMC,233536.00,A,3727.190680,N,12216.998738,W,057.0,129.3,290520,,,A*4C
$GPGGA,233537.00,3727.180635,N,12216.983749,W,7,,0.38,133.39,M,0.0,M,0.0,0000*63
$GPRMC,233537.00,A,3727.180635,N,12216.983749,W,056.5,129.4,290520,,,A*4D
$GPGGA,233538.00,3727.170766,N,12216.968845,W,7,,0.38,133.84,M,0.0,M,0.0,0000*64
$GPRMC,233538.00,A,3727.170766,N,12216.968845,W,056.2,129.6,290520,,,A*49
$GPGGA,233539.00,3727.160721,N,12216.953647,W,7,,0.38,134.38,M,0.0,M,0.0,0000*63
$GPRMC,233539.00,A,3727.160721,N,12216.953647,W,055.8,129.9,290520,,,A*48
$GPGGA,233540.00,3727.150893,N,12216.938546,W,7,,0.38,134.89,M,0.0,M,0.0,0000*6D
$GPRMC,233540.00,A,3727.150893,N,12216.938546,W,055.6,129.5,290520,,,A*4E
$GPGGA,233541.00,3727.141089,N,12216.923900,W,7,,0.38,135.03,M,0.0,M,0.0,0000*68
$GPRMC,233541.00,A,3727.141089,N,12216.923900,W,055.5,129.1,290520,,,A*4F
$GPGGA,233542.00,3727.131430,N,12216.908941,W,7,,0.38,135.35,M,0.0,M,0.0,0000*63
$GPRMC,233542.00,A,3727.131430,N,12216.908941,W,055.3,129.2,290520,,,A*44
$GPGGA,233543.00,3727.121908,N,12216.894289,W,7,,0.38,135.42,M,0.0,M,0.0,0000*6E
$GPRMC,233543.00,A,3727.121908,N,12216.894289,W,055.4,129.4,290520,,,A*48
$GPGGA,233544.00,3727.112062,N,12216.879176,W,7,,0.38,135.50,M,0.0,M,0.0,0000*6F
$GPRMC,233544.00,A,3727.112062,N,12216.879176,W,055.5,129.6,290520,,,A*49
$GPGGA,233545.00,3727.102024,N,12216.864170,W,7,,0.38,136.11,M,0.0,M,0.0,0000*61
$GPRMC,233545.00,A,3727.102024,N,12216.864170,W,055.7,129.6,290520,,,A*43
$GPGGA,233546.00,3727.092207,N,12216.849116,W,7,,0.38,136.01,M,0.0,M,0.0,0000*67
$GPRMC,233546.00,A,3727.092207,N,12216.849116,W,055.8,129.5,290520,,,A*48
$GPGGA,233547.00,3727.082260,N,12216.833804,W,7,,0.38,136.32,M,0.0,M,0.0,0000*61
$GPRMC,233547.00,A,3727.082260,N,12216.833804,W,056.0,129.5,290520,,,A*45
$GPGGA,233548.00,3727.072528,N,12216.819002,W,7,,0.38,136.40,M,0.0,M,0.0,0000*69
$GPRMC,233548.00,A,3727.072528,N,12216.819002,W,056.1,129.2,290520,,,A*4E
$GPGGA,233549.00,3727.062831,N,12216.804116,W,7,,0.38,135.78,M,0.0,M,0.0,0000*6C
$GPRMC,233549.00,A,3727.062831,N,12216.804116,W,056.1,129.5,290520,,,A*44
$GPGGA,233550.00,3727.052871,N,12216.788947,W,7,,0.38,135.55,M,0.0,M,0.0,0000*6B
$GPRMC,233550.00,A,3727.052871,N,12216.788947,W,056.3,129.6,290520,,,A*4D
$GPGGA,233551.00,3727.042942,N,12216.773468,W,7,,0.38,135.48,M,0.0,M,0.0,0000*62
$GPRMC,233551.00,A,3727.042942,N,12216.773468,W,056.5,129.4,290520,,,A*4C
$GPGGA,233552.00,3727.032940,N,12216.758144,W,7,,0.38,135.34,M,0.0,M,0.0,0000*6D
$GPRMC,233552.00,A,3727.032940,N,12216.758144,W,056.9,129.7,290520,,,A*47
$GPGGA,233553.00,3727.022733,N,12216.742639,W,7,,0.38,134.99,M,0.0,M,0.0,0000*67
$GPRMC,233553.00,A,3727.022733,N,12216.742639,W,057.1,129.8,290520,,,A*4D
$GPGGA,233554.00,3727.012282,N,12216.727052,W,7,,0.38,134.37,M,0.0,M,0.0,0000*60
$GPRMC,233554.00,A,3727.012282,N,12216.727052,W,057.6,129.6,290520,,,A*47
$GPGGA,233555.00,3727.002010,N,12216.711331,W,7,,0.38,127.91,M,0.0,M,0.0,0000*64
$GPRMC,233555.00,A,3727.002010,N,12216.711331,W,057.8,129.3,290520,,,A*46
$GPGGA,233556.00,3726.991653,N,12216.695456,W,7,,0.38,129.51,M,0.0,M,0.0,0000*6D
$GPRMC,233556.00,A,3726.991653,N,12216.695456,W,057.8,129.6,290520,,,A*48
$GPGGA,233557.00,3726.981555,N,12216.679556,W,7,,0.38,130.00,M,0.0,M,0.0,0000*67
$GPRMC,233557.00,A,3726.981555,N,12216.679556,W,057.9,129.3,290520,,,A*4A
$GPGGA,233558.00,3726.971265,N,12216.663763,W,7,,0.38,129.94,M,0.0,M,0.0,0000*69
$GPRMC,233558.00,A,3726.971265,N,12216.663763,W,058.0,129.7,290520,,,A*43
$GPGGA,233559.00,3726.960844,N,12216.648032,W,7,,0.38,129.92,M,0.0,M,0.0,0000*6D
$GPRMC,233559.00,A,3726.960844,N,12216.648032,W,058.0,129.7,290520,,,A*41
$GPGGA,233600.00,3726.950494,N,12216.632497,W,7,,0.38,129.37,M,0.0,M,0.0,0000*69
$GPRMC,233600.00,A,3726.950494,N,12216.632497,W,057.9,129.6,290520,,,A*4D
$GPGGA,233601.00,3726.940096,N,12216.616987,W,7,,0.38,128.82,M,0.0,M,0.0,0000*6A
$GPRMC,233601.00,A,3726.940096,N,12216.616987,W,058.1,130.3,290520,,,A*4B
$GPGGA,233602.00,3726.929355,N,12216.601472,W,7,,0.38,128.14,M,0.0,M,0.0,0000*64
$GPRMC,233602.00,A,3726.929355,N,12216.601472,W,058.4,130.7,290520,,,A*4B
$GPGGA,233603.00,3726.918585,N,12216.585962,W,7,,0.38,127.47,M,0.0,M,0.0,0000*66
$GPRMC,233603.00,A,3726.918585,N,12216.585962,W,058.7,130.8,290520,,,A*4C
$GPGGA,233604.00,3726.907798,N,12216.570362,W,7,,0.38,126.84,M,0.0,M,0.0,0000*6F
$GPRMC,233604.00,A,3726.907798,N,12216.570362,W,058.7,130.9,290520,,,A*4A
$GPGGA,233605.00,3726.897093,N,12216.554857,W,7,,0.38,126.18,M,0.0,M,0.0,0000*64
$GPRMC,233605.00,A,3726.897093,N,12216.554857,W,058.5,131.2,290520,,,A*4C
$GPGGA,233606.00,3726.886305,N,12216.539642,W,7,,0.38,125.57,M,0.0,M,0.0,0000*62
$GPRMC,233606.00,A,3726.886305,N,12216.539642,W,058.4,131.4,290520,,,A*45
$GPGGA,233607.00,3726.875440,N,12216.524300,W,7,,0.38,124.67,M,0.0,M,0.0,0000*64
$GPRMC,233607.00,A,3726.875440,N,12216.524300,W,059.0,131.5,290520,,,A*45
$GPGGA,233608.00,3726.864525,N,12216.508843,W,7,,0.38,123.85,M,0.0,M,0.0,0000*60
$GPRMC,233608.00,A,3726.864525,N,12216.508843,W,059.5,131.5,290520,,,A*4F
$GPGGA,233609.00,3726.853401,N,12216.493327,W,7,,0.38,122.78,M,0.0,M,0.0,0000*6B
$GPRMC,233609.00,A,3726.853401,N,12216.493327,W,059.9,131.5,290520,,,A*4B
$GPGGA,233610.00,3726.842409,N,12216.477559,W,7,,0.38,121.87,M,0.0,M,0.0,0000*6D
$GPRMC,233610.00,A,3726.842409,N,12216.477559,W,059.9,131.2,290520,,,A*49
$GPGGA,233611.00,3726.831465,N,12216.461845,W,7,,0.38,121.10,M,0.0,M,0.0,0000*6B
$GPRMC,233611.00,A,3726.831465,N,12216.461845,W,059.8,131.4,290520,,,A*46
$GPGGA,233612.00,3726.820587,N,12216.446005,W,7,,0.38,120.18,M,0.0,M,0.0,0000*65
$GPRMC,233612.00,A,3726.820587,N,12216.446005,W,059.9,131.4,290520,,,A*40
$GPGGA,233613.00,3726.809452,N,12216.430172,W,7,,0.38,119.28,M,0.0,M,0.0,0000*6F
$GPRMC,233613.00,A,3726.809452,N,12216.430172,W,059.9,131.4,290520,,,A*43
$GPGGA,233614.00,3726.798250,N,12216.414385,W,7,,0.38,118.76,M,0.0,M,0.0,0000*6D
$GPRMC,233614.00,A,3726.798250,N,12216.414385,W,060.0,131.4,290520,,,A*48
$GPGGA,233615.00,3726.787209,N,12216.398899,W,7,,0.38,118.02,M,0.0,M,0.0,0000*68
$GPRMC,233615.00,A,3726.787209,N,12216.398899,W,060.3,131.5,290520,,,A*4C
$GPGGA,233616.00,3726.776019,N,12216.383155,W,7,,0.38,117.75,M,0.0,M,0.0,0000*6A
$GPRMC,233616.00,A,3726.776019,N,12216.383155,W,060.3,131.4,290520,,,A*40
$GPGGA,233617.00,3726.764872,N,12216.367538,W,7,,0.38,117.34,M,0.0,M,0.0,0000*6D
$GPRMC,233617.00,A,3726.764872,N,12216.367538,W,060.2,131.1,290520,,,A*46
$GPGGA,233618.00,3726.754011,N,12216.351559,W,7,,0.38,116.94,M,0.0,M,0.0,0000*65
$GPRMC,233618.00,A,3726.754011,N,12216.351559,W,060.1,130.7,290520,,,A*41
$GPGGA,233619.00,3726.743283,N,12216.335612,W,7,,0.38,116.88,M,0.0,M,0.0,0000*68
$GPRMC,233619.00,A,3726.743283,N,12216.335612,W,059.7,129.8,290520,,,A*4A
$GPGGA,233620.00,3726.732874,N,12216.319363,W,7,,0.38,116.90,M,0.0,M,0.0,0000*62
$GPRMC,233620.00,A,3726.732874,N,12216.319363,W,059.9,128.2,290520,,,A*4C
$GPGGA,233621.00,3726.723028,N,12216.302594,W,7,,0.38,117.14,M,0.0,M,0.0,0000*6B
$GPRMC,233621.00,A,3726.723028,N,12216.302594,W,060.3,125.7,290520,,,A*40
$GPGGA,233622.00,3726.713548,N,12216.285392,W,7,,0.38,117.65,M,0.0,M,0.0,0000*60
$GPRMC,233622.00,A,3726.713548,N,12216.285392,W,060.4,124.5,290520,,,A*49
$GPGGA,233623.00,3726.704325,N,12216.267794,W,7,,0.38,118.12,M,0.0,M,0.0,0000*6B
$GPRMC,233623.00,A,3726.704325,N,12216.267794,W,060.7,122.8,290520,,,A*45
$GPGGA,233624.00,3726.695512,N,12216.249637,W,7,,0.38,120.84,M,0.0,M,0.0,0000*67
$GPRMC,233624.00,A,3726.695512,N,12216.249637,W,060.9,121.3,290520,,,A*4B
$GPGGA,233625.00,3726.686751,N,12216.231128,W,7,,0.38,120.48,M,0.0,M,0.0,0000*67
$GPRMC,233625.00,A,3726.686751,N,12216.231128,W,061.0,119.3,290520,,,A*48
$GPGGA,233626.00,3726.678759,N,12216.212377,W,7,,0.38,120.34,M,0.0,M,0.0,0000*6F
$GPRMC,233626.00,A,3726.678759,N,12216.212377,W,061.0,117.7,290520,,,A*41
$GPGGA,233627.00,3726.671188,N,12216.193519,W,7,,0.38,120.62,M,0.0,M,0.0,0000*6A
$GPRMC,233627.00,A,3726.671188,N,12216.193519,W,061.1,115.8,290520,,,A*4B
$GPGGA,233628.00,3726.664072,N,12216.174224,W,7,,0.38,120.96,M,0.0,M,0.0,0000*6E
$GPRMC,233628.00,A,3726.664072,N,12216.174224,W,061.0,114.5,290520,,,A*49
$GPGGA,233629.00,3726.657286,N,12216.154754,W,7,,0.38,121.36,M,0.0,M,0.0,0000*6D
$GPRMC,233629.00,A,3726.657286,N,12216.154754,W,061.0,113.0,290520,,,A*43
$GPGGA,233630.00,3726.650908,N,12216.135025,W,7,,0.38,121.27,M,0.0,M,0.0,0000*69
$GPRMC,233630.00,A,3726.650908,N,12216.135025,W,060.8,110.7,290520,,,A*4A
$GPGGA,233631.00,3726.645280,N,12216.114998,W,7,,0.38,121.89,M,0.0,M,0.0,0000*6F
$GPRMC,233631.00,A,3726.645280,N,12216.114998,W,061.0,108.6,290520,,,A*49
$GPGGA,233632.00,3726.639981,N,12216.094586,W,7,,0.38,122.63,M,0.0,M,0.0,0000*60
$GPRMC,233632.00,A,3726.639981,N,12216.094586,W,061.1,107.4,290520,,,A*4D
$GPGGA,233633.00,3726.635428,N,12216.074078,W,7,,0.38,122.51,M,0.0,M,0.0,0000*68
$GPRMC,233633.00,A,3726.635428,N,12216.074078,W,061.3,106.0,290520,,,A*43
$GPGGA,233634.00,3726.630957,N,12216.053221,W,7,,0.38,123.04,M,0.0,M,0.0,0000*65
$GPRMC,233634.00,A,3726.630957,N,12216.053221,W,061.5,105.0,290520,,,A*4A
$GPGGA,233635.00,3726.626883,N,12216.032198,W,7,,0.38,123.02,M,0.0,M,0.0,0000*6B
$GPRMC,233635.00,A,3726.626883,N,12216.032198,W,061.6,102.9,290520,,,A*4F
$GPGGA,233636.00,3726.623440,N,12216.011420,W,7,,0.38,123.37,M,0.0,M,0.0,0000*6F
$GPRMC,233636.00,A,3726.623440,N,12216.011420,W,061.2,100.9,290520,,,A*4B
$GPGGA,233637.00,3726.620338,N,12215.990552,W,7,,0.38,123.78,M,0.0,M,0.0,0000*69
$GPRMC,233637.00,A,3726.620338,N,12215.990552,W,060.9,099.0,290520,,,A*44
$GPGGA,233638.00,3726.617751,N,12215.969552,W,7,,0.38,124.14,M,0.0,M,0.0,0000*62
$GPRMC,233638.00,A,3726.617751,N,12215.969552,W,061.0,097.5,290520,,,A*41
$GPGGA,233639.00,3726.615939,N,12215.948503,W,7,,0.38,124.50,M,0.0,M,0.0,0000*66
$GPRMC,233639.00,A,3726.615939,N,12215.948503,W,061.1,095.9,290520,,,A*4A
$GPGGA,233640.00,3726.614386,N,12215.927198,W,7,,0.38,124.94,M,0.0,M,0.0,0000*60
$GPRMC,233640.00,A,3726.614386,N,12215.927198,W,061.2,094.4,290520,,,A*4B
$GPGGA,233641.00,3726.613155,N,12215.905970,W,7,,0.38,125.26,M,0.0,M,0.0,0000*6C
$GPRMC,233641.00,A,3726.613155,N,12215.905970,W,061.0,092.8,290520,,,A*47
$GPGGA,233642.00,3726.612393,N,12215.884633,W,7,,0.38,125.84,M,0.0,M,0.0,0000*6E
$GPRMC,233642.00,A,3726.612393,N,12215.884633,W,060.9,091.2,290520,,,A*4C
$GPGGA,233643.00,3726.612346,N,12215.863418,W,7,,0.38,125.88,M,0.0,M,0.0,0000*69
$GPRMC,233643.00,A,3726.612346,N,12215.863418,W,061.2,089.6,290520,,,A*40
$GPGGA,233644.00,3726.612975,N,12215.842111,W,7,,0.38,125.56,M,0.0,M,0.0,0000*68
$GPRMC,233644.00,A,3726.612975,N,12215.842111,W,061.2,087.8,290520,,,A*42
$GPGGA,233645.00,3726.614056,N,12215.820895,W,7,,0.38,125.17,M,0.0,M,0.0,0000*63
$GPRMC,233645.00,A,3726.614056,N,12215.820895,W,061.0,086.0,290520,,,A*47
$GPGGA,233646.00,3726.615598,N,12215.799704,W,7,,0.38,124.74,M,0.0,M,0.0,0000*68
$GPRMC,233646.00,A,3726.615598,N,12215.799704,W,061.2,083.6,290520,,,A*49
$GPGGA,233647.00,3726.617403,N,12215.778331,W,7,,0.38,124.31,M,0.0,M,0.0,0000*64
$GPRMC,233647.00,A,3726.617403,N,12215.778331,W,061.4,082.7,290520,,,A*42
$GPGGA,233648.00,3726.619822,N,12215.756978,W,7,,0.38,123.64,M,0.0,M,0.0,0000*66
$GPRMC,233648.00,A,3726.619822,N,12215.756978,W,061.7,082.0,290520,,,A*43
$GPGGA,233649.00,3726.622281,N,12215.735492,W,7,,0.38,123.37,M,0.0,M,0.0,0000*66
$GPRMC,233649.00,A,3726.622281,N,12215.735492,W,062.2,081.9,290520,,,A*49
$GPGGA,233650.00,3726.624879,N,12215.714054,W,7,,0.38,122.70,M,0.0,M,0.0,0000*6A
$GPRMC,233650.00,A,3726.624879,N,12215.714054,W,062.5,082.2,290520,,,A*48
$GPGGA,233651.00,3726.627160,N,12215.692501,W,7,,0.38,122.58,M,0.0,M,0.0,0000*69
$GPRMC,233651.00,A,3726.627160,N,12215.692501,W,062.5,082.5,290520,,,A*46
$GPGGA,233652.00,3726.629494,N,12215.670853,W,7,,0.38,122.38,M,0.0,M,0.0,0000*6A
$GPRMC,233652.00,A,3726.629494,N,12215.670853,W,062.3,082.6,290520,,,A*46
$GPGGA,233653.00,3726.631773,N,12215.649313,W,7,,0.38,122.34,M,0.0,M,0.0,0000*61
$GPRMC,233653.00,A,3726.631773,N,12215.649313,W,062.0,082.0,290520,,,A*44
$GPGGA,233654.00,3726.634167,N,12215.627738,W,7,,0.38,122.09,M,0.0,M,0.0,0000*6B
$GPRMC,233654.00,A,3726.634167,N,12215.627738,W,062.1,081.7,290520,,,A*45
$GPGGA,233655.00,3726.636687,N,12215.606215,W,7,,0.38,121.66,M,0.0,M,0.0,0000*62
$GPRMC,233655.00,A,3726.636687,N,12215.606215,W,062.3,081.8,290520,,,A*4B
$GPGGA,233656.00,3726.639249,N,12215.584945,W,7,,0.38,120.86,M,0.0,M,0.0,0000*60
$GPRMC,233656.00,A,3726.639249,N,12215.584945,W,062.1,083.2,290520,,,A*4C
$GPGGA,233657.00,3726.641062,N,12215.563687,W,7,,0.38,119.79,M,0.0,M,0.0,0000*67
$GPRMC,233657.00,A,3726.641062,N,12215.563687,W,061.4,085.0,290520,,,A*43
$GPGGA,233658.00,3726.642070,N,12215.542357,W,7,,0.38,119.43,M,0.0,M,0.0,0000*6A
$GPRMC,233658.00,A,3726.642070,N,12215.542357,W,061.3,086.8,290520,,,A*4B
$GPGGA,233659.00,3726.642633,N,12215.520715,W,7,,0.38,119.51,M,0.0,M,0.0,0000*6F
$GPRMC,233659.00,A,3726.642633,N,12215.520715,W,061.8,088.6,290520,,,A*46
$GPGGA,233700.00,3726.642645,N,12215.499433,W,7,,0.38,118.57,M,0.0,M,0.0,0000*60
$GPRMC,233700.00,A,3726.642645,N,12215.499433,W,062.0,091.1,290520,,,A*4A
$GPGGA,233701.00,3726.641991,N,12215.477936,W,7,,0.38,117.75,M,0.0,M,0.0,0000*63
$GPRMC,233701.00,A,3726.641991,N,12215.477936,W,061.9,093.0,290520,,,A*4F
$GPGGA,233702.00,3726.640726,N,12215.456312,W,7,,0.38,117.40,M,0.0,M,0.0,0000*6A
$GPRMC,233702.00,A,3726.640726,N,12215.456312,W,061.8,094.8,290520,,,A*4E
$GPGGA,233703.00,3726.638841,N,12215.434885,W,7,,0.38,116.90,M,0.0,M,0.0,0000*67
$GPRMC,233703.00,A,3726.638841,N,12215.434885,W,061.6,096.8,290520,,,A*43
$GPGGA,233704.00,3726.636304,N,12215.413610,W,7,,0.38,116.00,M,0.0,M,0.0,0000*6A
$GPRMC,233704.00,A,3726.636304,N,12215.413610,W,061.5,099.0,290520,,,A*43
$GPGGA,233705.00,3726.633178,N,12215.392208,W,7,,0.38,114.91,M,0.0,M,0.0,0000*6E
$GPRMC,233705.00,A,3726.633178,N,12215.392208,W,061.4,101.2,290520,,,A*4E
$GPGGA,233706.00,3726.629638,N,12215.371184,W,7,,0.38,113.82,M,0.0,M,0.0,0000*6A
$GPRMC,233706.00,A,3726.629638,N,12215.371184,W,061.3,103.0,290520,,,A*48
$GPGGA,233707.00,3726.625521,N,12215.350297,W,7,,0.38,112.50,M,0.0,M,0.0,0000*60
$GPRMC,233707.00,A,3726.625521,N,12215.350297,W,061.5,104.7,290520,,,A*4A
$GPGGA,233708.00,3726.620992,N,12215.329369,W,7,,0.38,111.05,M,0.0,M,0.0,0000*63
$GPRMC,233708.00,A,3726.620992,N,12215.329369,W,062.3,106.6,290520,,,A*4C
$GPGGA,233709.00,3726.615592,N,12215.308580,W,7,,0.38,109.92,M,0.0,M,0.0,0000*6D
$GPRMC,233709.00,A,3726.615592,N,12215.308580,W,062.9,108.8,290520,,,A*4F
$GPGGA,233710.00,3726.609430,N,12215.288005,W,7,,0.38,108.89,M,0.0,M,0.0,0000*6B
$GPRMC,233710.00,A,3726.609430,N,12215.288005,W,063.1,111.1,290520,,,A*4A
$GPGGA,233711.00,3726.602721,N,12215.267815,W,7,,0.38,107.53,M,0.0,M,0.0,0000*62
$GPRMC,233711.00,A,3726.602721,N,12215.267815,W,063.0,113.3,290520,,,A*4A
$GPGGA,233712.00,3726.595636,N,12215.247823,W,7,,0.38,106.23,M,0.0,M,0.0,0000*6A
$GPRMC,233712.00,A,3726.595636,N,12215.247823,W,062.9,114.7,290520,,,A*4F
$GPGGA,233713.00,3726.587896,N,12215.228071,W,7,,0.38,105.24,M,0.0,M,0.0,0000*6E
$GPRMC,233713.00,A,3726.587896,N,12215.228071,W,062.7,116.8,290520,,,A*4C
$GPGGA,233714.00,3726.579610,N,12215.208985,W,7,,0.38,104.07,M,0.0,M,0.0,0000*68
$GPRMC,233714.00,A,3726.579610,N,12215.208985,W,062.4,119.8,290520,,,A*46
$GPGGA,233715.00,3726.570718,N,12215.190241,W,7,,0.38,103.20,M,0.0,M,0.0,0000*6A
$GPRMC,233715.00,A,3726.570718,N,12215.190241,W,062.1,121.8,290520,,,A*48
$GPGGA,233716.00,3726.561592,N,12215.172026,W,7,,0.38,101.79,M,0.0,M,0.0,0000*68
$GPRMC,233716.00,A,3726.561592,N,12215.172026,W,061.6,123.1,290520,,,A*4B
$GPGGA,233717.00,3726.552076,N,12215.154397,W,7,,0.38,100.63,M,0.0,M,0.0,0000*61
$GPRMC,233717.00,A,3726.552076,N,12215.154397,W,061.1,125.2,290520,,,A*4A
$GPGGA,233718.00,3726.542277,N,12215.137352,W,7,,0.38,99.32,M,0.0,M,0.0,0000*55
$GPRMC,233718.00,A,3726.542277,N,12215.137352,W,060.8,127.0,290520,,,A*43
$GPGGA,233719.00,3726.532222,N,12215.121031,W,7,,0.38,97.59,M,0.0,M,0.0,0000*51
$GPRMC,233719.00,A,3726.532222,N,12215.121031,W,060.9,129.0,290520,,,A*4B
$GPGGA,233720.00,3726.521182,N,12215.104868,W,7,,0.38,96.24,M,0.0,M,0.0,0000*58
$GPRMC,233720.00,A,3726.521182,N,12215.104868,W,061.1,131.7,290520,,,A*4E
$GPGGA,233721.00,3726.509716,N,12215.089088,W,7,,0.38,95.27,M,0.0,M,0.0,0000*5A
$GPRMC,233721.00,A,3726.509716,N,12215.089088,W,061.0,132.8,290520,,,A*41
$GPGGA,233722.00,3726.497997,N,12215.073637,W,7,,0.38,94.30,M,0.0,M,0.0,0000*58
$GPRMC,233722.00,A,3726.497997,N,12215.073637,W,060.7,133.7,290520,,,A*4C
$GPGGA,233723.00,3726.486351,N,12215.058692,W,7,,0.38,92.87,M,0.0,M,0.0,0000*55
$GPRMC,233723.00,A,3726.486351,N,12215.058692,W,060.6,134.4,290520,,,A*4E
$GPGGA,233724.00,3726.474489,N,12215.043535,W,7,,0.38,91.57,M,0.0,M,0.0,0000*57
$GPRMC,233724.00,A,3726.474489,N,12215.043535,W,060.4,134.2,290520,,,A*46
$GPGGA,233725.00,3726.462664,N,12215.028253,W,7,,0.38,90.43,M,0.0,M,0.0,0000*5E
$GPRMC,233725.00,A,3726.462664,N,12215.028253,W,060.3,134.0,290520,,,A*4E
$GPGGA,233726.00,3726.450849,N,12215.013133,W,7,,0.38,89.52,M,0.0,M,0.0,0000*58
$GPRMC,233726.00,A,3726.450849,N,12215.013133,W,060.0,133.8,290520,,,A*4C
$GPGGA,233727.00,3726.439407,N,12214.998104,W,7,,0.38,88.49,M,0.0,M,0.0,0000*54
$GPRMC,233727.00,A,3726.439407,N,12214.998104,W,059.7,134.2,290520,,,A*4B
$GPGGA,233728.00,3726.427822,N,12214.983115,W,7,,0.38,87.21,M,0.0,M,0.0,0000*54
$GPRMC,233728.00,A,3726.427822,N,12214.983115,W,059.3,133.8,290520,,,A*43
$GPGGA,233729.00,3726.416487,N,12214.968056,W,7,,0.38,86.02,M,0.0,M,0.0,0000*57
$GPRMC,233729.00,A,3726.416487,N,12214.968056,W,058.9,133.5,290520,,,A*46
$GPGGA,233730.00,3726.405172,N,12214.953596,W,7,,0.38,84.92,M,0.0,M,0.0,0000*58
$GPRMC,233730.00,A,3726.405172,N,12214.953596,W,058.6,133.4,290520,,,A*4C
$GPGGA,233731.00,3726.393843,N,12214.938788,W,7,,0.38,83.43,M,0.0,M,0.0,0000*51
$GPRMC,233731.00,A,3726.393843,N,12214.938788,W,058.6,133.6,290520,,,A*4C
$GPGGA,233732.00,3726.382366,N,12214.924087,W,7,,0.38,82.39,M,0.0,M,0.0,0000*57
$GPRMC,233732.00,A,3726.382366,N,12214.924087,W,058.5,134.5,290520,,,A*41
$GPGGA,233733.00,3726.370912,N,12214.909495,W,7,,0.38,89.45,M,0.0,M,0.0,0000*5A
$GPRMC,233733.00,A,3726.370912,N,12214.909495,W,058.5,134.9,290520,,,A*40
$GPGGA,233734.00,3726.359319,N,12214.895089,W,7,,0.38,85.48,M,0.0,M,0.0,0000*5B
$GPRMC,233734.00,A,3726.359319,N,12214.895089,W,058.5,134.9,290520,,,A*40
$GPGGA,233735.00,3726.348021,N,12214.880618,W,7,,0.38,82.54,M,0.0,M,0.0,0000*52
$GPRMC,233735.00,A,3726.348021,N,12214.880618,W,058.4,134.7,290520,,,A*4C
$GPGGA,233736.00,3726.336525,N,12214.866200,W,7,,0.38,80.10,M,0.0,M,0.0,0000*5E
$GPRMC,233736.00,A,3726.336525,N,12214.866200,W,058.6,135.3,290520,,,A*45
$GPGGA,233737.00,3726.324838,N,12214.851740,W,7,,0.38,77.54,M,0.0,M,0.0,0000*50
$GPRMC,233737.00,A,3726.324838,N,12214.851740,W,058.9,135.6,290520,,,A*49
$GPGGA,233738.00,3726.312982,N,12214.837316,W,7,,0.38,75.32,M,0.0,M,0.0,0000*5F
$GPRMC,233738.00,A,3726.312982,N,12214.837316,W,059.2,135.9,290520,,,A*41
$GPGGA,233739.00,3726.300999,N,12214.822958,W,7,,0.38,73.58,M,0.0,M,0.0,0000*59
$GPRMC,233739.00,A,3726.300999,N,12214.822958,W,059.6,135.8,290520,,,A*48
$GPGGA,233740.00,3726.288964,N,12214.808185,W,7,,0.38,72.20,M,0.0,M,0.0,0000*5A
$GPRMC,233740.00,A,3726.288964,N,12214.808185,W,060.4,135.8,290520,,,A*4D
$GPGGA,233741.00,3726.276790,N,12214.793354,W,7,,0.38,70.67,M,0.0,M,0.0,0000*5D
$GPRMC,233741.00,A,3726.276790,N,12214.793354,W,061.0,136.1,290520,,,A*44
$GPGGA,233742.00,3726.264441,N,12214.778569,W,7,,0.38,69.22,M,0.0,M,0.0,0000*56
$GPRMC,233742.00,A,3726.264441,N,12214.778569,W,061.5,136.4,290520,,,A*46
$GPGGA,233743.00,3726.252219,N,12214.763768,W,7,,0.38,67.19,M,0.0,M,0.0,0000*56
$GPRMC,233743.00,A,3726.252219,N,12214.763768,W,061.8,136.4,290520,,,A*4D
$GPGGA,233744.00,3726.239902,N,12214.748672,W,7,,0.38,65.53,M,0.0,M,0.0,0000*52
$GPRMC,233744.00,A,3726.239902,N,12214.748672,W,062.0,136.2,290520,,,A*48
$GPGGA,233745.00,3726.227589,N,12214.734145,W,7,,0.38,63.87,M,0.0,M,0.0,0000*54
$GPRMC,233745.00,A,3726.227589,N,12214.734145,W,062.1,136.3,290520,,,A*41
$GPGGA,233746.00,3726.215145,N,12214.719067,W,7,,0.38,62.16,M,0.0,M,0.0,0000*55
$GPRMC,233746.00,A,3726.215145,N,12214.719067,W,062.2,136.5,290520,,,A*4C
$GPGGA,233747.00,3726.202713,N,12214.704038,W,7,,0.38,61.65,M,0.0,M,0.0,0000*56
$GPRMC,233747.00,A,3726.202713,N,12214.704038,W,061.8,136.5,290520,,,A*41
$GPGGA,233748.00,3726.190432,N,12214.689356,W,7,,0.38,60.30,M,0.0,M,0.0,0000*5F
$GPRMC,233748.00,A,3726.190432,N,12214.689356,W,061.2,136.5,290520,,,A*43
$GPGGA,233749.00,3726.177928,N,12214.674775,W,7,,0.38,59.52,M,0.0,M,0.0,0000*58
$GPRMC,233749.00,A,3726.177928,N,12214.674775,W,061.1,136.5,290520,,,A*49
$GPGGA,233750.00,3726.165442,N,12214.659853,W,7,,0.38,59.23,M,0.0,M,0.0,0000*50
$GPRMC,233750.00,A,3726.165442,N,12214.659853,W,061.2,136.7,290520,,,A*46
$GPGGA,233751.00,3726.152985,N,12214.645219,W,7,,0.38,58.69,M,0.0,M,0.0,0000*55
$GPRMC,233751.00,A,3726.152985,N,12214.645219,W,061.6,136.7,290520,,,A*48
$GPGGA,233752.00,3726.140289,N,12214.630502,W,7,,0.38,58.47,M,0.0,M,0.0,0000*51
$GPRMC,233752.00,A,3726.140289,N,12214.630502,W,061.8,136.8,290520,,,A*41
$GPGGA,233753.00,3726.127756,N,12214.615747,W,7,,0.38,64.96,M,0.0,M,0.0,0000*51
$GPRMC,233753.00,A,3726.127756,N,12214.615747,W,061.9,136.8,290520,,,A*43
$GPGGA,233754.00,3726.115066,N,12214.601041,W,7,,0.38,62.44,M,0.0,M,0.0,0000*5E
$GPRMC,233754.00,A,3726.115066,N,12214.601041,W,062.0,137.0,290520,,,A*46
$GPGGA,233755.00,3726.102448,N,12214.586317,W,7,,0.38,61.53,M,0.0,M,0.0,0000*58
$GPRMC,233755.00,A,3726.102448,N,12214.586317,W,061.9,136.8,290520,,,A*46
$GPGGA,233756.00,3726.089835,N,12214.571437,W,7,,0.38,61.18,M,0.0,M,0.0,0000*5D
$GPRMC,233756.00,A,3726.089835,N,12214.571437,W,061.7,136.5,290520,,,A*4F
$GPGGA,233757.00,3726.077367,N,12214.556677,W,7,,0.38,61.51,M,0.0,M,0.0,0000*5F
$GPRMC,233757.00,A,3726.077367,N,12214.556677,W,061.7,136.3,290520,,,A*46
$GPGGA,233758.00,3726.065152,N,12214.542037,W,7,,0.38,62.00,M,0.0,M,0.0,0000*57
$GPRMC,233758.00,A,3726.065152,N,12214.542037,W,061.5,136.2,290520,,,A*4A
$GPGGA,233759.00,3726.052864,N,12214.527343,W,7,,0.38,62.52,M,0.0,M,0.0,0000*5A
$GPRMC,233759.00,A,3726.052864,N,12214.527343,W,061.1,136.4,290520,,,A*42
$GPGGA,233800.00,3726.040780,N,12214.513124,W,7,,0.38,63.01,M,0.0,M,0.0,0000*5C
$GPRMC,233800.00,A,3726.040780,N,12214.513124,W,060.3,136.8,290520,,,A*4C
$GPGGA,233801.00,3726.028659,N,12214.499023,W,7,,0.38,63.37,M,0.0,M,0.0,0000*56
$GPRMC,233801.00,A,3726.028659,N,12214.499023,W,059.5,136.8,290520,,,A*4F
$GPGGA,233802.00,3726.016822,N,12214.484960,W,7,,0.38,63.71,M,0.0,M,0.0,0000*5A
$GPRMC,233802.00,A,3726.016822,N,12214.484960,W,058.7,136.2,290520,,,A*48
$GPGGA,233803.00,3726.005265,N,12214.470728,W,7,,0.38,64.22,M,0.0,M,0.0,0000*58
$GPRMC,233803.00,A,3726.005265,N,12214.470728,W,058.0,136.2,290520,,,A*4C
$GPGGA,233804.00,3725.993650,N,12214.456694,W,7,,0.38,64.95,M,0.0,M,0.0,0000*56
$GPRMC,233804.00,A,3725.993650,N,12214.456694,W,057.6,136.3,290520,,,A*46
$GPGGA,233805.00,3725.982285,N,12214.442527,W,7,,0.38,65.56,M,0.0,M,0.0,0000*5B
$GPRMC,233805.00,A,3725.982285,N,12214.442527,W,057.4,135.5,290520,,,A*42
$GPGGA,233806.00,3725.970970,N,12214.428314,W,7,,0.38,66.05,M,0.0,M,0.0,0000*5B
$GPRMC,233806.00,A,3725.970970,N,12214.428314,W,057.2,134.9,290520,,,A*4C
$GPGGA,233807.00,3725.959701,N,12214.414075,W,7,,0.38,66.64,M,0.0,M,0.0,0000*55
$GPRMC,233807.00,A,3725.959701,N,12214.414075,W,057.2,134.9,290520,,,A*45
$GPGGA,233808.00,3725.948482,N,12214.399802,W,7,,0.38,67.18,M,0.0,M,0.0,0000*52
$GPRMC,233808.00,A,3725.948482,N,12214.399802,W,057.2,135.4,290520,,,A*44
$GPGGA,233809.00,3725.936973,N,12214.385672,W,7,,0.38,67.48,M,0.0,M,0.0,0000*58
$GPRMC,233809.00,A,3725.936973,N,12214.385672,W,057.3,136.2,290520,,,A*4F
$GPGGA,233810.00,3725.925489,N,12214.371686,W,7,,0.38,67.99,M,0.0,M,0.0,0000*56
$GPRMC,233810.00,A,3725.925489,N,12214.371686,W,057.3,136.2,290520,,,A*4D
$GPGGA,233811.00,3725.913987,N,12214.357903,W,7,,0.38,68.45,M,0.0,M,0.0,0000*59
$GPRMC,233811.00,A,3725.913987,N,12214.357903,W,057.5,136.0,290520,,,A*48
$GPGGA,233812.00,3725.902636,N,12214.343917,W,7,,0.38,68.97,M,0.0,M,0.0,0000*50
$GPRMC,233812.00,A,3725.902636,N,12214.343917,W,057.6,135.2,290520,,,A*4C
$GPGGA,233813.00,3725.891362,N,12214.329632,W,7,,0.38,69.15,M,0.0,M,0.0,0000*51
$GPRMC,233813.00,A,3725.891362,N,12214.329632,W,057.9,134.9,290520,,,A*43
$GPGGA,233814.00,3725.880016,N,12214.315112,W,7,,0.38,69.35,M,0.0,M,0.0,0000*5E
$GPRMC,233814.00,A,3725.880016,N,12214.315112,W,058.2,134.6,290520,,,A*45
$GPGGA,233815.00,3725.868765,N,12214.300430,W,7,,0.38,69.21,M,0.0,M,0.0,0000*5E
$GPRMC,233815.00,A,3725.868765,N,12214.300430,W,058.3,134.1,290520,,,A*46
$GPGGA,233816.00,3725.857726,N,12214.285663,W,7,,0.38,69.11,M,0.0,M,0.0,0000*5D
$GPRMC,233816.00,A,3725.857726,N,12214.285663,W,058.6,133.3,290520,,,A*46
$GPGGA,233817.00,3725.846776,N,12214.270748,W,7,,0.38,69.00,M,0.0,M,0.0,0000*5B
$GPRMC,233817.00,A,3725.846776,N,12214.270748,W,058.9,132.8,290520,,,A*45
$GPGGA,233818.00,3725.835622,N,12214.255454,W,7,,0.38,68.84,M,0.0,M,0.0,0000*54
$GPRMC,233818.00,A,3725.835622,N,12214.255454,W,059.2,132.4,290520,,,A*41
$GPGGA,233819.00,3725.824581,N,12214.240045,W,7,,0.38,68.65,M,0.0,M,0.0,0000*50
$GPRMC,233819.00,A,3725.824581,N,12214.240045,W,059.7,132.1,290520,,,A*4A
$GPGGA,233820.00,3725.813421,N,12214.224835,W,7,,0.38,68.23,M,0.0,M,0.0,0000*5A
$GPRMC,233820.00,A,3725.813421,N,12214.224835,W,059.6,131.8,290520,,,A*49
$GPGGA,233821.00,3725.802573,N,12214.209511,W,7,,0.38,68.01,M,0.0,M,0.0,0000*59
$GPRMC,233821.00,A,3725.802573,N,12214.209511,W,058.9,132.1,290520,,,A*4E
$GPGGA,233822.00,3725.791582,N,12214.194386,W,7,,0.38,67.80,M,0.0,M,0.0,0000*58
$GPRMC,233822.00,A,3725.791582,N,12214.194386,W,058.2,132.2,290520,,,A*41
$GPGGA,233823.00,3725.780625,N,12214.179320,W,7,,0.38,67.43,M,0.0,M,0.0,0000*57
$GPRMC,233823.00,A,3725.780625,N,12214.179320,W,057.5,132.1,290520,,,A*4A
$GPGGA,233824.00,3725.770018,N,12214.165082,W,7,,0.38,66.85,M,0.0,M,0.0,0000*5A
$GPRMC,233824.00,A,3725.770018,N,12214.165082,W,057.0,132.1,290520,,,A*49
$GPGGA,233825.00,3725.759433,N,12214.150562,W,7,,0.38,66.23,M,0.0,M,0.0,0000*5C
$GPRMC,233825.00,A,3725.759433,N,12214.150562,W,056.7,132.3,290520,,,A*47
$GPGGA,233826.00,3725.748682,N,12214.135789,W,7,,0.38,65.43,M,0.0,M,0.0,0000*56
$GPRMC,233826.00,A,3725.748682,N,12214.135789,W,057.0,132.4,290520,,,A*49
$GPGGA,233827.00,3725.737689,N,12214.120987,W,7,,0.38,64.85,M,0.0,M,0.0,0000*5B
$GPRMC,233827.00,A,3725.737689,N,12214.120987,W,057.6,132.1,290520,,,A*4C
$GPGGA,233828.00,3725.726781,N,12214.106012,W,7,,0.38,64.10,M,0.0,M,0.0,0000*50
$GPRMC,233828.00,A,3725.726781,N,12214.106012,W,058.2,132.0,290520,,,A*41
$GPGGA,233829.00,3725.715651,N,12214.090477,W,7,,0.38,63.07,M,0.0,M,0.0,0000*55
$GPRMC,233829.00,A,3725.715651,N,12214.090477,W,059.1,132.3,290520,,,A*44
$GPGGA,233830.00,3725.704510,N,12214.075069,W,7,,0.38,62.10,M,0.0,M,0.0,0000*5C
$GPRMC,233830.00,A,3725.704510,N,12214.075069,W,059.8,132.1,290520,,,A*41
$GPGGA,233831.00,3725.693385,N,12214.059601,W,7,,0.38,61.13,M,0.0,M,0.0,0000*5E
$GPRMC,233831.00,A,3725.693385,N,12214.059601,W,060.1,132.2,290520,,,A*43
$GPGGA,233832.00,3725.682022,N,12214.043738,W,7,,0.38,59.71,M,0.0,M,0.0,0000*5C
$GPRMC,233832.00,A,3725.682022,N,12214.043738,W,060.7,132.2,290520,,,A*48
$GPGGA,233833.00,3725.670417,N,12214.028126,W,7,,0.38,58.07,M,0.0,M,0.0,0000*56
$GPRMC,233833.00,A,3725.670417,N,12214.028126,W,061.4,132.6,290520,,,A*44
$GPGGA,233834.00,3725.658663,N,12214.012256,W,7,,0.38,56.70,M,0.0,M,0.0,0000*59
$GPRMC,233834.00,A,3725.658663,N,12214.012256,W,062.0,132.8,290520,,,A*4C
$GPGGA,233835.00,3725.646784,N,12213.996188,W,7,,0.38,55.62,M,0.0,M,0.0,0000*5D
$GPRMC,233835.00,A,3725.646784,N,12213.996188,W,062.7,133.0,290520,,,A*46
$GPGGA,233836.00,3725.634759,N,12213.980042,W,7,,0.38,54.40,M,0.0,M,0.0,0000*5A
$GPRMC,233836.00,A,3725.634759,N,12213.980042,W,063.3,133.3,290520,,,A*46
$GPGGA,233837.00,3725.622723,N,12213.963919,W,7,,0.38,52.97,M,0.0,M,0.0,0000*57
$GPRMC,233837.00,A,3725.622723,N,12213.963919,W,063.8,133.3,290520,,,A*4C
$GPGGA,233838.00,3725.610405,N,12213.947461,W,7,,0.38,51.13,M,0.0,M,0.0,0000*55
$GPRMC,233838.00,A,3725.610405,N,12213.947461,W,064.3,133.4,290520,,,A*4A
$GPGGA,233839.00,3725.597830,N,12213.931135,W,7,,0.38,49.74,M,0.0,M,0.0,0000*5F
$GPRMC,233839.00,A,3725.597830,N,12213.931135,W,065.0,133.9,290520,,,A*47
$GPGGA,233840.00,3725.585217,N,12213.914696,W,7,,0.38,48.23,M,0.0,M,0.0,0000*57
$GPRMC,233840.00,A,3725.585217,N,12213.914696,W,065.6,134.1,290520,,,A*45
$GPGGA,233841.00,3725.572366,N,12213.897985,W,7,,0.38,47.02,M,0.0,M,0.0,0000*52
$GPRMC,233841.00,A,3725.572366,N,12213.897985,W,066.5,134.1,290520,,,A*4C
$GPGGA,233842.00,3725.559340,N,12213.881030,W,7,,0.38,45.80,M,0.0,M,0.0,0000*54
$GPRMC,233842.00,A,3725.559340,N,12213.881030,W,067.3,133.7,290520,,,A*44
$GPGGA,233843.00,3725.546356,N,12213.863882,W,7,,0.38,44.65,M,0.0,M,0.0,0000*5B
$GPRMC,233843.00,A,3725.546356,N,12213.863882,W,067.6,133.7,290520,,,A*44
$GPGGA,233844.00,3725.533419,N,12213.846746,W,7,,0.38,43.86,M,0.0,M,0.0,0000*58
$GPRMC,233844.00,A,3725.533419,N,12213.846746,W,067.5,133.7,290520,,,A*4E
$GPGGA,233845.00,3725.520568,N,12213.829747,W,7,,0.38,43.05,M,0.0,M,0.0,0000*5F
$GPRMC,233845.00,A,3725.520568,N,12213.829747,W,067.3,133.3,290520,,,A*40
$GPGGA,233846.00,3725.507913,N,12213.812845,W,7,,0.38,42.42,M,0.0,M,0.0,0000*5E
$GPRMC,233846.00,A,3725.507913,N,12213.812845,W,066.7,132.8,290520,,,A*4C
$GPGGA,233847.00,3725.495403,N,12213.795727,W,7,,0.38,42.43,M,0.0,M,0.0,0000*53
$GPRMC,233847.00,A,3725.495403,N,12213.795727,W,066.2,132.4,290520,,,A*49
$GPGGA,233848.00,3725.483320,N,12213.778561,W,7,,0.38,42.29,M,0.0,M,0.0,0000*52
$GPRMC,233848.00,A,3725.483320,N,12213.778561,W,065.5,131.8,290520,,,A*4F
$GPGGA,233849.00,3725.471344,N,12213.761677,W,7,,0.38,47.17,M,0.0,M,0.0,0000*58
$GPRMC,233849.00,A,3725.471344,N,12213.761677,W,065.1,131.5,290520,,,A*44
$GPGGA,233850.00,3725.459464,N,12213.745034,W,7,,0.38,46.05,M,0.0,M,0.0,0000*5A
$GPRMC,233850.00,A,3725.459464,N,12213.745034,W,064.6,131.2,290520,,,A*45
$GPGGA,233851.00,3725.447757,N,12213.728192,W,7,,0.38,44.65,M,0.0,M,0.0,0000*55
$GPRMC,233851.00,A,3725.447757,N,12213.728192,W,063.7,130.9,290520,,,A*42
$GPGGA,233852.00,3725.436309,N,12213.711523,W,7,,0.38,45.10,M,0.0,M,0.0,0000*58
$GPRMC,233852.00,A,3725.436309,N,12213.711523,W,062.9,131.0,290520,,,A*4B
$GPGGA,233853.00,3725.425005,N,12213.695270,W,7,,0.38,45.49,M,0.0,M,0.0,0000*54
$GPRMC,233853.00,A,3725.425005,N,12213.695270,W,062.3,131.3,290520,,,A*42
$GPGGA,233854.00,3725.414055,N,12213.679370,W,7,,0.38,46.54,M,0.0,M,0.0,0000*58
$GPRMC,233854.00,A,3725.414055,N,12213.679370,W,061.3,131.3,290520,,,A*42
$GPGGA,233855.00,3725.402836,N,12213.663332,W,7,,0.38,47.32,M,0.0,M,0.0,0000*5F
$GPRMC,233855.00,A,3725.402836,N,12213.663332,W,060.5,131.0,290520,,,A*40
$GPGGA,233856.00,3725.391759,N,12213.647755,W,7,,0.38,48.13,M,0.0,M,0.0,0000*58
$GPRMC,233856.00,A,3725.391759,N,12213.647755,W,059.8,130.8,290520,,,A*45
$GPGGA,233857.00,3725.381050,N,12213.632341,W,7,,0.38,49.11,M,0.0,M,0.0,0000*56
$GPRMC,233857.00,A,3725.381050,N,12213.632341,W,058.9,130.8,290520,,,A*48
$GPGGA,233858.00,3725.370484,N,12213.616861,W,7,,0.38,49.87,M,0.0,M,0.0,0000*5A
$GPRMC,233858.00,A,3725.370484,N,12213.616861,W,058.4,130.8,290520,,,A*46
$GPGGA,233859.00,3725.359815,N,12213.601411,W,7,,0.38,50.55,M,0.0,M,0.0,0000*5E
$GPRMC,233859.00,A,3725.359815,N,12213.601411,W,058.0,130.7,290520,,,A*4E
$GPGGA,233900.00,3725.349345,N,12213.586285,W,7,,0.38,51.12,M,0.0,M,0.0,0000*59
$GPRMC,233900.00,A,3725.349345,N,12213.586285,W,057.9,130.9,290520,,,A*43
$GPGGA,233901.00,3725.338821,N,12213.571112,W,7,,0.38,52.07,M,0.0,M,0.0,0000*55
$GPRMC,233901.00,A,3725.338821,N,12213.571112,W,057.8,130.7,290520,,,A*47
$GPGGA,233902.00,3725.328147,N,12213.556111,W,7,,0.38,52.99,M,0.0,M,0.0,0000*5F
$GPRMC,233902.00,A,3725.328147,N,12213.556111,W,057.8,130.8,290520,,,A*45
$GPGGA,233903.00,3725.317629,N,12213.541022,W,7,,0.38,53.57,M,0.0,M,0.0,0000*59
$GPRMC,233903.00,A,3725.317629,N,12213.541022,W,057.8,130.8,290520,,,A*40
$GPGGA,233904.00,3725.307370,N,12213.525745,W,7,,0.38,54.32,M,0.0,M,0.0,0000*56
$GPRMC,233904.00,A,3725.307370,N,12213.525745,W,057.8,130.8,290520,,,A*4B
$GPGGA,233905.00,3725.296996,N,12213.510553,W,7,,0.38,55.16,M,0.0,M,0.0,0000*58
$GPRMC,233905.00,A,3725.296996,N,12213.510553,W,057.9,130.7,290520,,,A*4C
$GPGGA,233906.00,3725.286496,N,12213.495308,W,7,,0.38,55.54,M,0.0,M,0.0,0000*55
$GPRMC,233906.00,A,3725.286496,N,12213.495308,W,058.0,130.9,290520,,,A*4F
$GPGGA,233907.00,3725.275852,N,12213.479756,W,7,,0.38,55.82,M,0.0,M,0.0,0000*5A
$GPRMC,233907.00,A,3725.275852,N,12213.479756,W,058.2,130.9,290520,,,A*49
$GPGGA,233908.00,3725.265141,N,12213.464390,W,7,,0.38,55.97,M,0.0,M,0.0,0000*59
$GPRMC,233908.00,A,3725.265141,N,12213.464390,W,058.4,131.3,290520,,,A*43
$GPGGA,233909.00,3725.254504,N,12213.449257,W,7,,0.38,56.04,M,0.0,M,0.0,0000*53
$GPRMC,233909.00,A,3725.254504,N,12213.449257,W,058.6,131.2,290520,,,A*43
$GPGGA,233910.00,3725.243691,N,12213.433784,W,7,,0.38,56.53,M,0.0,M,0.0,0000*56
$GPRMC,233910.00,A,3725.243691,N,12213.433784,W,058.9,130.8,290520,,,A*40
$GPGGA,233911.00,3725.233084,N,12213.418442,W,7,,0.38,56.25,M,0.0,M,0.0,0000*53
$GPRMC,233911.00,A,3725.233084,N,12213.418442,W,059.1,130.4,290520,,,A*41
$GPGGA,233912.00,3725.222487,N,12213.402284,W,7,,0.38,56.69,M,0.0,M,0.0,0000*58
$GPRMC,233912.00,A,3725.222487,N,12213.402284,W,059.3,129.0,290520,,,A*4C
$GPGGA,233913.00,3725.212269,N,12213.385879,W,7,,0.38,57.02,M,0.0,M,0.0,0000*50
$GPRMC,233913.00,A,3725.212269,N,12213.385879,W,059.5,127.1,290520,,,A*41
$GPGGA,233914.00,3725.202694,N,12213.368989,W,7,,0.38,57.03,M,0.0,M,0.0,0000*5C
$GPRMC,233914.00,A,3725.202694,N,12213.368989,W,059.7,124.5,290520,,,A*49
$GPGGA,233915.00,3725.193711,N,12213.351602,W,7,,0.38,56.81,M,0.0,M,0.0,0000*57
$GPRMC,233915.00,A,3725.193711,N,12213.351602,W,059.8,122.6,290520,,,A*43
$GPGGA,233916.00,3725.185006,N,12213.333632,W,7,,0.38,54.18,M,0.0,M,0.0,0000*57
$GPRMC,233916.00,A,3725.185006,N,12213.333632,W,060.2,120.6,290520,,,A*43
$GPGGA,233917.00,3725.176701,N,12213.315110,W,7,,0.38,55.24,M,0.0,M,0.0,0000*57
$GPRMC,233917.00,A,3725.176701,N,12213.315110,W,060.3,118.3,290520,,,A*42
$GPGGA,233918.00,3725.169214,N,12213.296431,W,7,,0.38,55.83,M,0.0,M,0.0,0000*56
$GPRMC,233918.00,A,3725.169214,N,12213.296431,W,060.3,115.5,290520,,,A*45
$GPGGA,233919.00,3725.162392,N,12213.277088,W,7,,0.38,56.12,M,0.0,M,0.0,0000*51
$GPRMC,233919.00,A,3725.162392,N,12213.277088,W,060.4,113.2,290520,,,A*4F
$GPGGA,233920.00,3725.156122,N,12213.257732,W,7,,0.38,56.44,M,0.0,M,0.0,0000*52
$GPRMC,233920.00,A,3725.156122,N,12213.257732,W,060.0,110.9,290520,,,A*43
$GPGGA,233921.00,3725.150409,N,12213.238159,W,7,,0.38,56.82,M,0.0,M,0.0,0000*51
$GPRMC,233921.00,A,3725.150409,N,12213.238159,W,059.3,108.8,290520,,,A*4B
$GPGGA,233922.00,3725.145375,N,12213.217946,W,7,,0.38,57.37,M,0.0,M,0.0,0000*5E
$GPRMC,233922.00,A,3725.145375,N,12213.217946,W,059.2,106.4,290520,,,A*48
$GPGGA,233923.00,3725.141061,N,12213.198367,W,7,,0.38,57.10,M,0.0,M,0.0,0000*55
$GPRMC,233923.00,A,3725.141061,N,12213.198367,W,059.0,104.8,290520,,,A*4A
$GPGGA,233924.00,3725.137461,N,12213.177883,W,7,,0.38,57.17,M,0.0,M,0.0,0000*50
$GPRMC,233924.00,A,3725.137461,N,12213.177883,W,059.2,102.5,290520,,,A*41
$GPGGA,233925.00,3725.133987,N,12213.157459,W,7,,0.38,57.48,M,0.0,M,0.0,0000*53
$GPRMC,233925.00,A,3725.133987,N,12213.157459,W,059.7,100.8,290520,,,A*42
$GPGGA,233926.00,3725.131012,N,12213.137150,W,7,,0.38,57.78,M,0.0,M,0.0,0000*5E
$GPRMC,233926.00,A,3725.131012,N,12213.137150,W,059.9,100.4,290520,,,A*4E
$GPGGA,233927.00,3725.127963,N,12213.116587,W,7,,0.38,58.48,M,0.0,M,0.0,0000*56
$GPRMC,233927.00,A,3725.127963,N,12213.116587,W,059.9,100.3,290520,,,A*4D
$GPGGA,233928.00,3725.125077,N,12213.095930,W,7,,0.38,58.71,M,0.0,M,0.0,0000*57
$GPRMC,233928.00,A,3725.125077,N,12213.095930,W,059.9,100.1,290520,,,A*44
$GPGGA,233929.00,3725.122156,N,12213.075769,W,7,,0.38,58.94,M,0.0,M,0.0,0000*54
$GPRMC,233929.00,A,3725.122156,N,12213.075769,W,059.2,100.6,290520,,,A*40
$GPGGA,233930.00,3725.119150,N,12213.055832,W,7,,0.38,59.05,M,0.0,M,0.0,0000*58
$GPRMC,233930.00,A,3725.119150,N,12213.055832,W,058.5,100.5,290520,,,A*40
$GPGGA,233931.00,3725.116378,N,12213.035936,W,7,,0.38,59.25,M,0.0,M,0.0,0000*5F
$GPRMC,233931.00,A,3725.116378,N,12213.035936,W,058.1,100.8,290520,,,A*4C
$GPGGA,233932.00,3725.113366,N,12213.015890,W,7,,0.38,59.54,M,0.0,M,0.0,0000*5F
$GPRMC,233932.00,A,3725.113366,N,12213.015890,W,057.9,100.6,290520,,,A*43
$GPGGA,233933.00,3725.110366,N,12212.996131,W,7,,0.38,59.93,M,0.0,M,0.0,0000*57
$GPRMC,233933.00,A,3725.110366,N,12212.996131,W,057.5,100.4,290520,,,A*4E
$GPGGA,233934.00,3725.107389,N,12212.976494,W,7,,0.38,60.42,M,0.0,M,0.0,0000*55
$GPRMC,233934.00,A,3725.107389,N,12212.976494,W,057.6,100.9,290520,,,A*44
$GPGGA,233935.00,3725.104306,N,12212.956856,W,7,,0.38,60.52,M,0.0,M,0.0,0000*51
$GPRMC,233935.00,A,3725.104306,N,12212.956856,W,057.8,102.3,290520,,,A*47
$GPGGA,233936.00,3725.100658,N,12212.936845,W,7,,0.38,60.65,M,0.0,M,0.0,0000*58
$GPRMC,233936.00,A,3725.100658,N,12212.936845,W,057.9,104.3,290520,,,A*4D
$GPGGA,233937.00,3725.096451,N,12212.917160,W,7,,0.38,59.68,M,0.0,M,0.0,0000*56
$GPRMC,233937.00,A,3725.096451,N,12212.917160,W,057.9,106.4,290520,,,A*41
$GPGGA,233938.00,3725.091447,N,12212.897923,W,7,,0.38,60.52,M,0.0,M,0.0,0000*5C
$GPRMC,233938.00,A,3725.091447,N,12212.897923,W,057.9,108.3,290520,,,A*41
$GPGGA,233939.00,3725.085994,N,12212.879065,W,7,,0.38,61.25,M,0.0,M,0.0,0000*51
$GPRMC,233939.00,A,3725.085994,N,12212.879065,W,058.0,110.9,290520,,,A*48
$GPGGA,233940.00,3725.079807,N,12212.860142,W,7,,0.38,62.13,M,0.0,M,0.0,0000*5D
$GPRMC,233940.00,A,3725.079807,N,12212.860142,W,058.2,113.2,290520,,,A*48
$GPGGA,233941.00,3725.073171,N,12212.841818,W,7,,0.38,62.51,M,0.0,M,0.0,0000*5D
$GPRMC,233941.00,A,3725.073171,N,12212.841818,W,058.3,115.4,290520,,,A*4F
$GPGGA,233942.00,3725.065731,N,12212.823727,W,7,,0.38,62.95,M,0.0,M,0.0,0000*54
$GPRMC,233942.00,A,3725.065731,N,12212.823727,W,058.4,117.7,290520,,,A*48
$GPGGA,233943.00,3725.057625,N,12212.805998,W,7,,0.38,63.40,M,0.0,M,0.0,0000*57
$GPRMC,233943.00,A,3725.057625,N,12212.805998,W,058.5,120.4,290520,,,A*44
$GPGGA,233944.00,3725.048907,N,12212.789036,W,7,,0.38,63.77,M,0.0,M,0.0,0000*53
$GPRMC,233944.00,A,3725.048907,N,12212.789036,W,058.5,123.1,290520,,,A*42
$GPGGA,233945.00,3725.039721,N,12212.772343,W,7,,0.38,64.42,M,0.0,M,0.0,0000*5A
$GPRMC,233945.00,A,3725.039721,N,12212.772343,W,058.7,125.3,290520,,,A*4C
$GPGGA,233946.00,3725.030224,N,12212.755490,W,7,,0.38,64.59,M,0.0,M,0.0,0000*56
$GPRMC,233946.00,A,3725.030224,N,12212.755490,W,058.8,126.9,290520,,,A*4C
$GPGGA,233947.00,3725.020239,N,12212.739511,W,7,,0.38,64.72,M,0.0,M,0.0,0000*51
$GPRMC,233947.00,A,3725.020239,N,12212.739511,W,058.7,129.5,290520,,,A*4E
$GPGGA,233948.00,3725.009818,N,12212.724050,W,7,,0.38,64.86,M,0.0,M,0.0,0000*5B
$GPRMC,233948.00,A,3725.009818,N,12212.724050,W,058.7,131.3,290520,,,A*40
$GPGGA,233949.00,3724.998880,N,12212.709302,W,7,,0.38,64.93,M,0.0,M,0.0,0000*54
$GPRMC,233949.00,A,3724.998880,N,12212.709302,W,058.5,133.8,290520,,,A*40
$GPGGA,233950.00,3724.987162,N,12212.695094,W,7,,0.38,65.31,M,0.0,M,0.0,0000*56
$GPRMC,233950.00,A,3724.987162,N,12212.695094,W,058.4,136.3,290520,,,A*44
$GPGGA,233951.00,3724.974999,N,12212.681420,W,7,,0.38,65.24,M,0.0,M,0.0,0000*5D
$GPRMC,233951.00,A,3724.974999,N,12212.681420,W,058.5,138.2,290520,,,A*45
$GPGGA,233952.00,3724.962652,N,12212.667878,W,7,,0.38,65.57,M,0.0,M,0.0,0000*5C
$GPRMC,233952.00,A,3724.962652,N,12212.667878,W,058.4,139.8,290520,,,A*4A
$GPGGA,233953.00,3724.949998,N,12212.654840,W,7,,0.38,65.59,M,0.0,M,0.0,0000*58
$GPRMC,233953.00,A,3724.949998,N,12212.654840,W,058.5,141.0,290520,,,A*46
$GPGGA,233954.00,3724.937031,N,12212.641868,W,7,,0.38,65.58,M,0.0,M,0.0,0000*53
$GPRMC,233954.00,A,3724.937031,N,12212.641868,W,058.7,141.2,290520,,,A*4C
$GPGGA,233955.00,3724.924390,N,12212.628740,W,7,,0.38,65.57,M,0.0,M,0.0,0000*5D
$GPRMC,233955.00,A,3724.924390,N,12212.628740,W,058.9,140.9,290520,,,A*49
$GPGGA,233956.00,3724.911735,N,12212.615900,W,7,,0.38,65.48,M,0.0,M,0.0,0000*59
$GPRMC,233956.00,A,3724.911735,N,12212.615900,W,058.5,141.1,290520,,,A*46
$GPGGA,233957.00,3724.899009,N,12212.603090,W,7,,0.38,65.48,M,0.0,M,0.0,0000*56
$GPRMC,233957.00,A,3724.899009,N,12212.603090,W,058.3,141.1,290520,,,A*4F
$GPGGA,233958.00,3724.886596,N,12212.590298,W,7,,0.38,64.99,M,0.0,M,0.0,0000*5A
$GPRMC,233958.00,A,3724.886596,N,12212.590298,W,058.3,139.8,290520,,,A*48
$GPGGA,233959.00,3724.874277,N,12212.576641,W,7,,0.38,64.52,M,0.0,M,0.0,0000*51
$GPRMC,233959.00,A,3724.874277,N,12212.576641,W,058.5,138.3,290520,,,A*48
$GPGGA,234000.00,3724.862218,N,12212.562529,W,7,,0.38,63.58,M,0.0,M,0.0,0000*58
$GPRMC,234000.00,A,3724.862218,N,12212.562529,W,058.5,136.1,290520,,,A*40
$GPGGA,234001.00,3724.850698,N,12212.547931,W,7,,0.38,62.92,M,0.0,M,0.0,0000*51
$GPRMC,234001.00,A,3724.850698,N,12212.547931,W,058.5,134.0,290520,,,A*4D
$GPGGA,234002.00,3724.839628,N,12212.533039,W,7,,0.38,61.57,M,0.0,M,0.0,0000*5E
$GPRMC,234002.00,A,3724.839628,N,12212.533039,W,058.5,131.7,290520,,,A*4A
$GPGGA,234003.00,3724.829037,N,12212.517392,W,7,,0.38,60.81,M,0.0,M,0.0,0000*58
$GPRMC,234003.00,A,3724.829037,N,12212.517392,W,058.9,129.4,290520,,,A*40
$GPGGA,234004.00,3724.818922,N,12212.500748,W,7,,0.38,59.67,M,0.0,M,0.0,0000*57
$GPRMC,234004.00,A,3724.818922,N,12212.500748,W,059.5,126.9,290520,,,A*42
$GPGGA,234005.00,3724.809388,N,12212.483419,W,7,,0.38,58.47,M,0.0,M,0.0,0000*52
$GPRMC,234005.00,A,3724.809388,N,12212.483419,W,059.9,124.6,290520,,,A*45
$GPGGA,234006.00,3724.800088,N,12212.465762,W,7,,0.38,57.50,M,0.0,M,0.0,0000*55
$GPRMC,234006.00,A,3724.800088,N,12212.465762,W,060.5,121.8,290520,,,A*46
$GPGGA,234007.00,3724.791076,N,12212.447641,W,7,,0.38,56.31,M,0.0,M,0.0,0000*54
$GPRMC,234007.00,A,3724.791076,N,12212.447641,W,060.5,120.0,290520,,,A*48
$GPGGA,234008.00,3724.782813,N,12212.429078,W,7,,0.38,55.75,M,0.0,M,0.0,0000*55
$GPRMC,234008.00,A,3724.782813,N,12212.429078,W,060.7,117.5,290520,,,A*49
$GPGGA,234009.00,3724.775542,N,12212.410591,W,7,,0.38,54.92,M,0.0,M,0.0,0000*55
$GPRMC,234009.00,A,3724.775542,N,12212.410591,W,060.6,116.3,290520,,,A*47
$GPGGA,234010.00,3724.768329,N,12212.391283,W,7,,0.38,53.88,M,0.0,M,0.0,0000*5C
$GPRMC,234010.00,A,3724.768329,N,12212.391283,W,060.6,115.2,290520,,,A*40
$GPGGA,234011.00,3724.761304,N,12212.371922,W,7,,0.38,52.85,M,0.0,M,0.0,0000*59
$GPRMC,234011.00,A,3724.761304,N,12212.371922,W,060.4,114.1,290520,,,A*49
$GPGGA,234012.00,3724.754763,N,12212.352679,W,7,,0.38,51.67,M,0.0,M,0.0,0000*56
$GPRMC,234012.00,A,3724.754763,N,12212.352679,W,060.5,113.3,290520,,,A*4D
$GPGGA,234013.00,3724.748062,N,12212.333161,W,7,,0.38,50.54,M,0.0,M,0.0,0000*54
$GPRMC,234013.00,A,3724.748062,N,12212.333161,W,060.9,112.6,290520,,,A*46
$GPGGA,234014.00,3724.741726,N,12212.313373,W,7,,0.38,48.91,M,0.0,M,0.0,0000*5E
$GPRMC,234014.00,A,3724.741726,N,12212.313373,W,061.2,112.1,290520,,,A*41
$GPGGA,234015.00,3724.735311,N,12212.293160,W,7,,0.38,47.73,M,0.0,M,0.0,0000*56
$GPRMC,234015.00,A,3724.735311,N,12212.293160,W,061.6,111.5,290520,,,A*49
$GPGGA,234016.00,3724.728982,N,12212.273264,W,7,,0.38,46.58,M,0.0,M,0.0,0000*58
$GPRMC,234016.00,A,3724.728982,N,12212.273264,W,061.7,111.4,290520,,,A*4F
$GPGGA,234017.00,3724.722598,N,12212.253128,W,7,,0.38,45.78,M,0.0,M,0.0,0000*5C
$GPRMC,234017.00,A,3724.722598,N,12212.253128,W,062.1,111.9,290520,,,A*42
$GPGGA,234018.00,3724.716159,N,12212.232956,W,7,,0.38,44.85,M,0.0,M,0.0,0000*58
$GPRMC,234018.00,A,3724.716159,N,12212.232956,W,062.4,112.1,290520,,,A*4B
$GPGGA,234019.00,3724.709650,N,12212.212807,W,7,,0.38,43.65,M,0.0,M,0.0,0000*57
$GPRMC,234019.00,A,3724.709650,N,12212.212807,W,062.6,111.9,290520,,,A*44
$GPGGA,234020.00,3724.703152,N,12212.192666,W,7,,0.38,42.64,M,0.0,M,0.0,0000*50
$GPRMC,234020.00,A,3724.703152,N,12212.192666,W,062.7,111.9,290520,,,A*42
$GPGGA,234021.00,3724.696785,N,12212.172362,W,7,,0.38,41.56,M,0.0,M,0.0,0000*5D
$GPRMC,234021.00,A,3724.696785,N,12212.172362,W,062.8,111.7,290520,,,A*4C
$GPGGA,234022.00,3724.690341,N,12212.151955,W,7,,0.38,40.30,M,0.0,M,0.0,0000*5A
$GPRMC,234022.00,A,3724.690341,N,12212.151955,W,062.7,111.6,290520,,,A*44
$GPGGA,234023.00,3724.683915,N,12212.131537,W,7,,0.38,38.82,M,0.0,M,0.0,0000*5A
$GPRMC,234023.00,A,3724.683915,N,12212.131537,W,062.6,111.5,290520,,,A*40
$GPGGA,234024.00,3724.677357,N,12212.111390,W,7,,0.38,37.57,M,0.0,M,0.0,0000*54
$GPRMC,234024.00,A,3724.677357,N,12212.111390,W,062.5,111.5,290520,,,A*4A
$GPGGA,234025.00,3724.670800,N,12212.091049,W,7,,0.38,36.50,M,0.0,M,0.0,0000*53
$GPRMC,234025.00,A,3724.670800,N,12212.091049,W,062.4,111.7,290520,,,A*48
$GPGGA,234026.00,3724.664452,N,12212.070950,W,7,,0.38,35.58,M,0.0,M,0.0,0000*5B
$GPRMC,234026.00,A,3724.664452,N,12212.070950,W,062.0,112.1,290520,,,A*4A
$GPGGA,234027.00,3724.658007,N,12212.051095,W,7,,0.38,34.90,M,0.0,M,0.0,0000*57
$GPRMC,234027.00,A,3724.658007,N,12212.051095,W,061.7,112.2,290520,,,A*44
$GPGGA,234028.00,3724.651618,N,12212.031457,W,7,,0.38,33.97,M,0.0,M,0.0,0000*55
$GPRMC,234028.00,A,3724.651618,N,12212.031457,W,060.8,112.0,290520,,,A*4A
$GPGGA,234029.00,3724.645192,N,12212.012227,W,7,,0.38,33.20,M,0.0,M,0.0,0000*58
$GPRMC,234029.00,A,3724.645192,N,12212.012227,W,060.1,112.0,290520,,,A*42
$GPGGA,234030.00,3724.639132,N,12211.993357,W,7,,0.38,33.61,M,0.0,M,0.0,0000*51
$GPRMC,234030.00,A,3724.639132,N,12211.993357,W,059.2,111.8,290520,,,A*4C
$GPGGA,234031.00,3724.633108,N,12211.974559,W,7,,0.38,33.41,M,0.0,M,0.0,0000*50
$GPRMC,234031.00,A,3724.633108,N,12211.974559,W,058.4,111.9,290520,,,A*49
$GPGGA,234032.00,3724.627227,N,12211.956038,W,7,,0.38,33.67,M,0.0,M,0.0,0000*5E
$GPRMC,234032.00,A,3724.627227,N,12211.956038,W,057.5,112.0,290520,,,A*47
$GPGGA,234033.00,3724.621275,N,12211.937677,W,7,,0.38,33.99,M,0.0,M,0.0,0000*55
$GPRMC,234033.00,A,3724.621275,N,12211.937677,W,056.0,112.1,290520,,,A*48
$GPGGA,234034.00,3724.615689,N,12211.920169,W,7,,0.38,34.18,M,0.0,M,0.0,0000*52
$GPRMC,234034.00,A,3724.615689,N,12211.920169,W,054.5,111.7,290520,,,A*43
$GPGGA,234035.00,3724.610325,N,12211.903142,W,7,,0.38,34.52,M,0.0,M,0.0,0000*53
$GPRMC,234035.00,A,3724.610325,N,12211.903142,W,053.0,111.2,290520,,,A*4B
$GPGGA,234036.00,3724.605375,N,12211.886599,W,7,,0.38,34.18,M,0.0,M,0.0,0000*51
$GPRMC,234036.00,A,3724.605375,N,12211.886599,W,051.6,111.6,290520,,,A*47
$GPGGA,234037.00,3724.599975,N,12211.870106,W,7,,0.38,34.20,M,0.0,M,0.0,0000*5C
$GPRMC,234037.00,A,3724.599975,N,12211.870106,W,050.4,111.5,290520,,,A*41
$GPGGA,234038.00,3724.594990,N,12211.854164,W,7,,0.38,34.26,M,0.0,M,0.0,0000*51
$GPRMC,234038.00,A,3724.594990,N,12211.854164,W,049.6,111.7,290520,,,A*42
$GPGGA,234039.00,3724.589782,N,12211.838329,W,7,,0.38,34.40,M,0.0,M,0.0,0000*50
$GPRMC,234039.00,A,3724.589782,N,12211.838329,W,049.2,111.9,290520,,,A*49
$GPGGA,234040.00,3724.584598,N,12211.822340,W,7,,0.38,34.65,M,0.0,M,0.0,0000*59
$GPRMC,234040.00,A,3724.584598,N,12211.822340,W,049.3,112.1,290520,,,A*4D
$GPGGA,234041.00,3724.579600,N,12211.806686,W,7,,0.38,34.69,M,0.0,M,0.0,0000*5D
$GPRMC,234041.00,A,3724.579600,N,12211.806686,W,049.2,111.7,290520,,,A*41
$GPGGA,234042.00,3724.574416,N,12211.790498,W,7,,0.38,35.12,M,0.0,M,0.0,0000*56
$GPRMC,234042.00,A,3724.574416,N,12211.790498,W,049.1,111.3,290520,,,A*40
$GPGGA,234043.00,3724.569477,N,12211.774633,W,7,,0.38,35.37,M,0.0,M,0.0,0000*52
$GPRMC,234043.00,A,3724.569477,N,12211.774633,W,048.9,111.6,290520,,,A*4F
$GPGGA,234044.00,3724.564443,N,12211.758902,W,7,,0.38,35.44,M,0.0,M,0.0,0000*58
$GPRMC,234044.00,A,3724.564443,N,12211.758902,W,048.4,111.9,290520,,,A*43
$GPGGA,234045.00,3724.559536,N,12211.743211,W,7,,0.38,35.76,M,0.0,M,0.0,0000*56
$GPRMC,234045.00,A,3724.559536,N,12211.743211,W,047.9,111.8,290520,,,A*4F
$GPGGA,234046.00,3724.554610,N,12211.727857,W,7,,0.38,36.06,M,0.0,M,0.0,0000*51
$GPRMC,234046.00,A,3724.554610,N,12211.727857,W,047.8,111.8,290520,,,A*4D
$GPGGA,234047.00,3724.549528,N,12211.712149,W,7,,0.38,36.29,M,0.0,M,0.0,0000*59
$GPRMC,234047.00,A,3724.549528,N,12211.712149,W,047.9,112.2,290520,,,A*40
$GPGGA,234048.00,3724.544356,N,12211.696465,W,7,,0.38,36.54,M,0.0,M,0.0,0000*58
$GPRMC,234048.00,A,3724.544356,N,12211.696465,W,048.4,111.8,290520,,,A*40
$GPGGA,234049.00,3724.539322,N,12211.680781,W,7,,0.38,36.93,M,0.0,M,0.0,0000*55
$GPRMC,234049.00,A,3724.539322,N,12211.680781,W,048.9,112.2,290520,,,A*42
$GPGGA,234050.00,3724.534102,N,12211.664906,W,7,,0.38,37.02,M,0.0,M,0.0,0000*52
$GPRMC,234050.00,A,3724.534102,N,12211.664906,W,049.2,111.9,290520,,,A*4E
$GPGGA,234051.00,3724.528947,N,12211.648849,W,7,,0.38,36.99,M,0.0,M,0.0,0000*50
$GPRMC,234051.00,A,3724.528947,N,12211.648849,W,049.5,111.9,290520,,,A*48
$GPGGA,234052.00,3724.523776,N,12211.632776,W,7,,0.38,36.99,M,0.0,M,0.0,0000*5A
$GPRMC,234052.00,A,3724.523776,N,12211.632776,W,049.3,111.8,290520,,,A*45
$GPGGA,234053.00,3724.518837,N,12211.617032,W,7,,0.38,37.36,M,0.0,M,0.0,0000*5D
$GPRMC,234053.00,A,3724.518837,N,12211.617032,W,048.6,111.4,290520,,,A*4E
$GPGGA,234054.00,3724.514169,N,12211.602026,W,7,,0.38,37.62,M,0.0,M,0.0,0000*54
$GPRMC,234054.00,A,3724.514169,N,12211.602026,W,047.8,111.8,290520,,,A*4B
$GPGGA,234055.00,3724.509393,N,12211.586888,W,7,,0.38,43.00,M,0.0,M,0.0,0000*5A
$GPRMC,234055.00,A,3724.509393,N,12211.586888,W,047.1,111.9,290520,,,A*4A
$GPGGA,234056.00,3724.504702,N,12211.571678,W,7,,0.38,41.52,M,0.0,M,0.0,0000*54
$GPRMC,234056.00,A,3724.504702,N,12211.571678,W,046.8,111.9,290520,,,A*49
$GPGGA,234057.00,3724.499691,N,12211.556798,W,7,,0.38,40.88,M,0.0,M,0.0,0000*57
$GPRMC,234057.00,A,3724.499691,N,12211.556798,W,046.7,113.0,290520,,,A*48
$GPGGA,234058.00,3724.494543,N,12211.541929,W,7,,0.38,41.21,M,0.0,M,0.0,0000*59
$GPRMC,234058.00,A,3724.494543,N,12211.541929,W,046.4,114.9,290520,,,A*49
$GPGGA,234059.00,3724.488915,N,12211.527493,W,7,,0.38,41.52,M,0.0,M,0.0,0000*52
$GPRMC,234059.00,A,3724.488915,N,12211.527493,W,046.0,116.0,290520,,,A*49
$GPGGA,234100.00,3724.483066,N,12211.513256,W,7,,0.38,41.99,M,0.0,M,0.0,0000*56
$GPRMC,234100.00,A,3724.483066,N,12211.513256,W,045.7,117.8,290520,,,A*47
$GPGGA,234101.00,3724.477126,N,12211.499299,W,7,,0.38,42.93,M,0.0,M,0.0,0000*50
$GPRMC,234101.00,A,3724.477126,N,12211.499299,W,045.4,119.0,290520,,,A*4D
$GPGGA,234102.00,3724.471089,N,12211.485650,W,7,,0.38,43.30,M,0.0,M,0.0,0000*55
$GPRMC,234102.00,A,3724.471089,N,12211.485650,W,045.2,120.0,290520,,,A*4C
$GPGGA,234103.00,3724.464777,N,12211.472366,W,7,,0.38,43.86,M,0.0,M,0.0,0000*53
$GPRMC,234103.00,A,3724.464777,N,12211.472366,W,044.9,121.4,290520,,,A*48
$GPGGA,234104.00,3724.458364,N,12211.459285,W,7,,0.38,44.38,M,0.0,M,0.0,0000*5A
$GPRMC,234104.00,A,3724.458364,N,12211.459285,W,044.7,122.8,290520,,,A*42
$GPGGA,234105.00,3724.451673,N,12211.446572,W,7,,0.38,44.90,M,0.0,M,0.0,0000*52
$GPRMC,234105.00,A,3724.451673,N,12211.446572,W,044.4,124.3,290520,,,A*46
$GPGGA,234106.00,3724.444773,N,12211.433623,W,7,,0.38,45.83,M,0.0,M,0.0,0000*52
$GPRMC,234106.00,A,3724.444773,N,12211.433623,W,044.4,125.7,290520,,,A*40
$GPGGA,234107.00,3724.437430,N,12211.421227,W,7,,0.38,46.51,M,0.0,M,0.0,0000*5C
$GPRMC,234107.00,A,3724.437430,N,12211.421227,W,044.2,127.0,290520,,,A*41
$GPGGA,234108.00,3724.429965,N,12211.408898,W,7,,0.38,47.16,M,0.0,M,0.0,0000*56
$GPRMC,234108.00,A,3724.429965,N,12211.408898,W,044.1,128.3,290520,,,A*46
$GPGGA,234109.00,3724.422208,N,12211.397029,W,7,,0.38,47.51,M,0.0,M,0.0,0000*5C
$GPRMC,234109.00,A,3724.422208,N,12211.397029,W,044.1,130.9,290520,,,A*4C
$GPGGA,234110.00,3724.414126,N,12211.385516,W,7,,0.38,47.68,M,0.0,M,0.0,0000*5E
$GPRMC,234110.00,A,3724.414126,N,12211.385516,W,044.0,132.2,290520,,,A*4C
$GPGGA,234111.00,3724.405857,N,12211.374289,W,7,,0.38,48.20,M,0.0,M,0.0,0000*5C
$GPRMC,234111.00,A,3724.405857,N,12211.374289,W,043.9,133.4,290520,,,A*44
$GPGGA,234112.00,3724.397224,N,12211.363423,W,7,,0.38,48.59,M,0.0,M,0.0,0000*53
$GPRMC,234112.00,A,3724.397224,N,12211.363423,W,043.7,134.7,290520,,,A*4F
$GPGGA,234113.00,3724.388656,N,12211.353037,W,7,,0.38,48.87,M,0.0,M,0.0,0000*5C
$GPRMC,234113.00,A,3724.388656,N,12211.353037,W,043.6,135.7,290520,,,A*43
$GPGGA,234114.00,3724.379650,N,12211.342832,W,7,,0.38,49.70,M,0.0,M,0.0,0000*57
$GPRMC,234114.00,A,3724.379650,N,12211.342832,W,043.0,137.7,290520,,,A*45
$GPGGA,234115.00,3724.370698,N,12211.332908,W,7,,0.38,50.34,M,0.0,M,0.0,0000*5C
$GPRMC,234115.00,A,3724.370698,N,12211.332908,W,042.2,139.6,290520,,,A*4A
$GPGGA,234116.00,3724.361542,N,12211.323716,W,7,,0.38,51.09,M,0.0,M,0.0,0000*55
$GPRMC,234116.00,A,3724.361542,N,12211.323716,W,041.8,141.7,290520,,,A*4B
$GPGGA,234117.00,3724.352176,N,12211.315016,W,7,,0.38,51.71,M,0.0,M,0.0,0000*5A
$GPRMC,234117.00,A,3724.352176,N,12211.315016,W,041.8,144.1,290520,,,A*48
$GPGGA,234118.00,3724.342684,N,12211.306345,W,7,,0.38,52.65,M,0.0,M,0.0,0000*5F
$GPRMC,234118.00,A,3724.342684,N,12211.306345,W,041.7,145.1,290520,,,A*45
$GPGGA,234119.00,3724.333107,N,12211.297838,W,7,,0.38,53.14,M,0.0,M,0.0,0000*5B
$GPRMC,234119.00,A,3724.333107,N,12211.297838,W,041.9,144.3,290520,,,A*4B
$GPGGA,234120.00,3724.323483,N,12211.289083,W,7,,0.38,53.89,M,0.0,M,0.0,0000*5A
$GPRMC,234120.00,A,3724.323483,N,12211.289083,W,042.4,143.8,290520,,,A*4C
$GPGGA,234121.00,3724.313745,N,12211.280233,W,7,,0.38,54.65,M,0.0,M,0.0,0000*54
$GPRMC,234121.00,A,3724.313745,N,12211.280233,W,042.9,144.1,290520,,,A*44
$GPGGA,234122.00,3724.304037,N,12211.271294,W,7,,0.38,54.90,M,0.0,M,0.0,0000*5A
$GPRMC,234122.00,A,3724.304037,N,12211.271294,W,043.4,144.5,290520,,,A*48
$GPGGA,234123.00,3724.294048,N,12211.262011,W,7,,0.38,55.65,M,0.0,M,0.0,0000*5D
$GPRMC,234123.00,A,3724.294048,N,12211.262011,W,044.2,144.2,290520,,,A*42
$GPGGA,234124.00,3724.283884,N,12211.252903,W,7,,0.38,56.52,M,0.0,M,0.0,0000*5A
$GPRMC,234124.00,A,3724.283884,N,12211.252903,W,044.8,144.3,290520,,,A*49
$GPGGA,234125.00,3724.273708,N,12211.243627,W,7,,0.38,57.07,M,0.0,M,0.0,0000*57
$GPRMC,234125.00,A,3724.273708,N,12211.243627,W,045.4,143.7,290520,,,A*4B
$GPGGA,234126.00,3724.263412,N,12211.233991,W,7,,0.38,57.77,M,0.0,M,0.0,0000*5F
$GPRMC,234126.00,A,3724.263412,N,12211.233991,W,045.8,143.6,290520,,,A*49
$GPGGA,234127.00,3724.253031,N,12211.224421,W,7,,0.38,58.44,M,0.0,M,0.0,0000*57
$GPRMC,234127.00,A,3724.253031,N,12211.224421,W,046.2,143.4,290520,,,A*45
$GPGGA,234128.00,3724.242663,N,12211.214599,W,7,,0.38,58.99,M,0.0,M,0.0,0000*58
$GPRMC,234128.00,A,3724.242663,N,12211.214599,W,046.6,143.3,290520,,,A*49
$GPGGA,234129.00,3724.232205,N,12211.204802,W,7,,0.38,59.51,M,0.0,M,0.0,0000*51
$GPRMC,234129.00,A,3724.232205,N,12211.204802,W,046.9,143.3,290520,,,A*4A
$GPGGA,234130.00,3724.221502,N,12211.194853,W,7,,0.38,60.16,M,0.0,M,0.0,0000*5C
$GPRMC,234130.00,A,3724.221502,N,12211.194853,W,047.1,143.2,290520,,,A*46
$GPGGA,234131.00,3724.211145,N,12211.184906,W,7,,0.38,60.41,M,0.0,M,0.0,0000*5B
$GPRMC,234131.00,A,3724.211145,N,12211.184906,W,047.6,142.2,290520,,,A*45
$GPGGA,234132.00,3724.200471,N,12211.174538,W,7,,0.38,61.03,M,0.0,M,0.0,0000*53
$GPRMC,234132.00,A,3724.200471,N,12211.174538,W,048.1,142.2,290520,,,A*42
$GPGGA,234133.00,3724.189947,N,12211.164128,W,7,,0.38,60.92,M,0.0,M,0.0,0000*55
$GPRMC,234133.00,A,3724.189947,N,12211.164128,W,048.7,141.8,290520,,,A*42
$GPGGA,234134.00,3724.179045,N,12211.153363,W,7,,0.38,61.21,M,0.0,M,0.0,0000*56
$GPRMC,234134.00,A,3724.179045,N,12211.153363,W,049.4,141.8,290520,,,A*4A
$GPGGA,234135.00,3724.167993,N,12211.142522,W,7,,0.38,61.24,M,0.0,M,0.0,0000*5C
$GPRMC,234135.00,A,3724.167993,N,12211.142522,W,050.0,141.4,290520,,,A*45
$GPGGA,234136.00,3724.156918,N,12211.131782,W,7,,0.38,61.30,M,0.0,M,0.0,0000*57
$GPRMC,234136.00,A,3724.156918,N,12211.131782,W,050.6,141.2,290520,,,A*4B
$GPGGA,234137.00,3724.145811,N,12211.120736,W,7,,0.38,61.28,M,0.0,M,0.0,0000*5A
$GPRMC,234137.00,A,3724.145811,N,12211.120736,W,051.2,141.5,290520,,,A*4D
$GPGGA,234138.00,3724.134549,N,12211.109299,W,7,,0.38,61.33,M,0.0,M,0.0,0000*52
$GPRMC,234138.00,A,3724.134549,N,12211.109299,W,051.8,141.0,290520,,,A*40
$GPGGA,234139.00,3724.123197,N,12211.097732,W,7,,0.38,61.64,M,0.0,M,0.0,0000*52
$GPRMC,234139.00,A,3724.123197,N,12211.097732,W,052.3,141.4,290520,,,A*4E
$GPGGA,234140.00,3724.111623,N,12211.086487,W,7,,0.38,61.66,M,0.0,M,0.0,0000*5A
$GPRMC,234140.00,A,3724.111623,N,12211.086487,W,052.7,141.4,290520,,,A*40
$GPGGA,234141.00,3724.100200,N,12211.075015,W,7,,0.38,61.72,M,0.0,M,0.0,0000*58
$GPRMC,234141.00,A,3724.100200,N,12211.075015,W,053.1,141.3,290520,,,A*47
$GPGGA,234142.00,3724.088590,N,12211.063279,W,7,,0.38,62.13,M,0.0,M,0.0,0000*5F
$GPRMC,234142.00,A,3724.088590,N,12211.063279,W,053.5,141.0,290520,,,A*43
$GPGGA,234143.00,3724.076979,N,12211.051286,W,7,,0.38,62.59,M,0.0,M,0.0,0000*5B
$GPRMC,234143.00,A,3724.076979,N,12211.051286,W,053.9,140.8,290520,,,A*4C
$GPGGA,234144.00,3724.065358,N,12211.039369,W,7,,0.38,62.60,M,0.0,M,0.0,0000*53
$GPRMC,234144.00,A,3724.065358,N,12211.039369,W,054.3,140.8,290520,,,A*43
$GPGGA,234145.00,3724.053430,N,12211.027465,W,7,,0.38,62.91,M,0.0,M,0.0,0000*54
$GPRMC,234145.00,A,3724.053430,N,12211.027465,W,054.7,140.9,290520,,,A*4F
$GPGGA,234146.00,3724.041411,N,12211.015285,W,7,,0.38,63.14,M,0.0,M,0.0,0000*52
$GPRMC,234146.00,A,3724.041411,N,12211.015285,W,055.0,140.9,290520,,,A*43
$GPGGA,234147.00,3724.029754,N,12211.003105,W,7,,0.38,59.23,M,0.0,M,0.0,0000*5E
$GPRMC,234147.00,A,3724.029754,N,12211.003105,W,055.3,140.9,290520,,,A*41
$GPGGA,234148.00,3724.017790,N,12210.991004,W,7,,0.38,61.01,M,0.0,M,0.0,0000*5C
$GPRMC,234148.00,A,3724.017790,N,12210.991004,W,055.8,141.0,290520,,,A*4B
$GPGGA,234149.00,3724.005700,N,12210.978643,W,7,,0.38,62.38,M,0.0,M,0.0,0000*5C
$GPRMC,234149.00,A,3724.005700,N,12210.978643,W,056.0,141.2,290520,,,A*4B
$GPGGA,234150.00,3723.993604,N,12210.966248,W,7,,0.38,63.27,M,0.0,M,0.0,0000*5F
$GPRMC,234150.00,A,3723.993604,N,12210.966248,W,056.3,140.6,290520,,,A*41
$GPGGA,234151.00,3723.981501,N,12210.953827,W,7,,0.38,64.42,M,0.0,M,0.0,0000*5A
$GPRMC,234151.00,A,3723.981501,N,12210.953827,W,056.2,140.5,290520,,,A*42
$GPGGA,234152.00,3723.969484,N,12210.941317,W,7,,0.38,65.49,M,0.0,M,0.0,0000*52
$GPRMC,234152.00,A,3723.969484,N,12210.941317,W,056.2,140.7,290520,,,A*42
$GPGGA,234153.00,3723.957453,N,12210.928946,W,7,,0.38,66.28,M,0.0,M,0.0,0000*51
$GPRMC,234153.00,A,3723.957453,N,12210.928946,W,056.0,140.8,290520,,,A*48
$GPGGA,234154.00,3723.945328,N,12210.916717,W,7,,0.38,67.34,M,0.0,M,0.0,0000*55
$GPRMC,234154.00,A,3723.945328,N,12210.916717,W,055.9,141.0,290520,,,A*43
$GPGGA,234155.00,3723.933394,N,12210.904544,W,7,,0.38,68.41,M,0.0,M,0.0,0000*58
$GPRMC,234155.00,A,3723.933394,N,12210.904544,W,055.7,141.2,290520,,,A*4F
$GPGGA,234156.00,3723.921334,N,12210.892268,W,7,,0.38,68.83,M,0.0,M,0.0,0000*5B
$GPRMC,234156.00,A,3723.921334,N,12210.892268,W,055.7,141.3,290520,,,A*43
$GPGGA,234157.00,3723.909184,N,12210.880016,W,7,,0.38,70.05,M,0.0,M,0.0,0000*56
$GPRMC,234157.00,A,3723.909184,N,12210.880016,W,055.7,141.1,290520,,,A*4B
$GPGGA,234158.00,3723.897058,N,12210.867680,W,7,,0.38,70.98,M,0.0,M,0.0,0000*5B
$GPRMC,234158.00,A,3723.897058,N,12210.867680,W,055.7,141.0,290520,,,A*43
$GPGGA,234159.00,3723.884872,N,12210.855584,W,7,,0.38,72.20,M,0.0,M,0.0,0000*5F
$GPRMC,234159.00,A,3723.884872,N,12210.855584,W,055.8,141.2,290520,,,A*4B
$GPGGA,234200.00,3723.872626,N,12210.843464,W,7,,0.38,72.97,M,0.0,M,0.0,0000*52
$GPRMC,234200.00,A,3723.872626,N,12210.843464,W,055.8,141.3,290520,,,A*4B
$GPGGA,234201.00,3723.860487,N,12210.831440,W,7,,0.38,73.75,M,0.0,M,0.0,0000*57
$GPRMC,234201.00,A,3723.860487,N,12210.831440,W,055.9,141.0,290520,,,A*41
$GPGGA,234202.00,3723.848535,N,12210.819169,W,7,,0.38,74.68,M,0.0,M,0.0,0000*59
$GPRMC,234202.00,A,3723.848535,N,12210.819169,W,055.8,140.8,290520,,,A*4C
$GPGGA,234203.00,3723.836517,N,12210.806954,W,7,,0.38,75.44,M,0.0,M,0.0,0000*56
$GPRMC,234203.00,A,3723.836517,N,12210.806954,W,055.7,140.9,290520,,,A*42
$GPGGA,234204.00,3723.824451,N,12210.794660,W,7,,0.38,76.01,M,0.0,M,0.0,0000*5F
$GPRMC,234204.00,A,3723.824451,N,12210.794660,W,055.5,140.8,290520,,,A*4A
$GPGGA,234205.00,3723.812536,N,12210.782294,W,7,,0.38,76.54,M,0.0,M,0.0,0000*53
$GPRMC,234205.00,A,3723.812536,N,12210.782294,W,055.4,140.8,290520,,,A*47
$GPGGA,234206.00,3723.800608,N,12210.770269,W,7,,0.38,76.99,M,0.0,M,0.0,0000*53
$GPRMC,234206.00,A,3723.800608,N,12210.770269,W,055.4,141.3,290520,,,A*4C
$GPGGA,234207.00,3723.788464,N,12210.758203,W,7,,0.38,77.11,M,0.0,M,0.0,0000*52
$GPRMC,234207.00,A,3723.788464,N,12210.758203,W,055.5,141.2,290520,,,A*4C
$GPGGA,234208.00,3723.776464,N,12210.745970,W,7,,0.38,77.48,M,0.0,M,0.0,0000*53
$GPRMC,234208.00,A,3723.776464,N,12210.745970,W,055.7,140.9,290520,,,A*49
$GPGGA,234209.00,3723.764397,N,12210.733418,W,7,,0.38,78.24,M,0.0,M,0.0,0000*5D
$GPRMC,234209.00,A,3723.764397,N,12210.733418,W,055.9,140.2,290520,,,A*47
$GPGGA,234210.00,3723.752325,N,12210.720584,W,7,,0.38,78.66,M,0.0,M,0.0,0000*59
$GPRMC,234210.00,A,3723.752325,N,12210.720584,W,056.4,139.5,290520,,,A*42
$GPGGA,234211.00,3723.740152,N,12210.707480,W,7,,0.38,78.76,M,0.0,M,0.0,0000*58
$GPRMC,234211.00,A,3723.740152,N,12210.707480,W,056.8,139.4,290520,,,A*4F
$GPGGA,234212.00,3723.728097,N,12210.694405,W,7,,0.38,78.67,M,0.0,M,0.0,0000*5B
$GPRMC,234212.00,A,3723.728097,N,12210.694405,W,057.3,139.8,290520,,,A*4A
$GPGGA,234213.00,3723.715708,N,12210.681289,W,7,,0.38,78.65,M,0.0,M,0.0,0000*51
$GPRMC,234213.00,A,3723.715708,N,12210.681289,W,057.9,140.2,290520,,,A*4C
$GPGGA,234214.00,3723.703234,N,12210.668420,W,7,,0.38,78.32,M,0.0,M,0.0,0000*5B
$GPRMC,234214.00,A,3723.703234,N,12210.668420,W,058.6,140.6,290520,,,A*40
$GPGGA,234215.00,3723.690286,N,12210.655213,W,7,,0.38,74.48,M,0.0,M,0.0,0000*51
$GPRMC,234215.00,A,3723.690286,N,12210.655213,W,059.3,140.8,290520,,,A*41
$GPGGA,234216.00,3723.677493,N,12210.641995,W,7,,0.38,75.61,M,0.0,M,0.0,0000*53
$GPRMC,234216.00,A,3723.677493,N,12210.641995,W,059.7,139.9,290520,,,A*42
$GPGGA,234217.00,3723.664942,N,12210.628478,W,7,,0.38,75.95,M,0.0,M,0.0,0000*5B
$GPRMC,234217.00,A,3723.664942,N,12210.628478,W,059.8,138.6,290520,,,A*40
$GPGGA,234218.00,3723.652498,N,12210.614372,W,7,,0.38,75.78,M,0.0,M,0.0,0000*5A
$GPRMC,234218.00,A,3723.652498,N,12210.614372,W,060.0,137.2,290520,,,A*4B
$GPGGA,234219.00,3723.640456,N,12210.599617,W,7,,0.38,75.08,M,0.0,M,0.0,0000*5D
$GPRMC,234219.00,A,3723.640456,N,12210.599617,W,060.6,135.0,290520,,,A*4D
$GPGGA,234220.00,3723.628791,N,12210.584101,W,7,,0.38,74.73,M,0.0,M,0.0,0000*50
$GPRMC,234220.00,A,3723.628791,N,12210.584101,W,061.3,131.8,290520,,,A*45
$GPGGA,234221.00,3723.617487,N,12210.567589,W,7,,0.38,73.93,M,0.0,M,0.0,0000*59
$GPRMC,234221.00,A,3723.617487,N,12210.567589,W,062.0,129.6,290520,,,A*42
$GPGGA,234222.00,3723.606507,N,12210.550274,W,7,,0.38,72.87,M,0.0,M,0.0,0000*56
$GPRMC,234222.00,A,3723.606507,N,12210.550274,W,062.9,127.2,290520,,,A*4A
$GPGGA,234223.00,3723.596248,N,12210.532268,W,7,,0.38,71.85,M,0.0,M,0.0,0000*59
$GPRMC,234223.00,A,3723.596248,N,12210.532268,W,063.7,124.9,290520,,,A*43
$GPGGA,234224.00,3723.586318,N,12210.513524,W,7,,0.38,70.55,M,0.0,M,0.0,0000*5B
$GPRMC,234224.00,A,3723.586318,N,12210.513524,W,064.5,122.1,290520,,,A*46
$GPGGA,234225.00,3723.577270,N,12210.494065,W,7,,0.38,69.34,M,0.0,M,0.0,0000*5A
$GPRMC,234225.00,A,3723.577270,N,12210.494065,W,064.4,119.7,290520,,,A*47
$GPGGA,234226.00,3723.568935,N,12210.474403,W,7,,0.38,68.35,M,0.0,M,0.0,0000*57
$GPRMC,234226.00,A,3723.568935,N,12210.474403,W,063.9,116.9,290520,,,A*41
$GPGGA,234227.00,3723.561358,N,12210.454538,W,7,,0.38,67.43,M,0.0,M,0.0,0000*5B
$GPRMC,234227.00,A,3723.561358,N,12210.454538,W,063.4,115.1,290520,,,A*45
$GPGGA,234228.00,3723.554457,N,12210.434198,W,7,,0.38,66.53,M,0.0,M,0.0,0000*52
$GPRMC,234228.00,A,3723.554457,N,12210.434198,W,063.4,112.7,290520,,,A*4D
$GPGGA,234229.00,3723.548020,N,12210.413479,W,7,,0.38,65.14,M,0.0,M,0.0,0000*55
$GPRMC,234229.00,A,3723.548020,N,12210.413479,W,063.7,110.4,290520,,,A*48
$GPGGA,234230.00,3723.542506,N,12210.392569,W,7,,0.38,63.57,M,0.0,M,0.0,0000*59
$GPRMC,234230.00,A,3723.542506,N,12210.392569,W,064.2,107.8,290520,,,A*4D
$GPGGA,234231.00,3723.537555,N,12210.370604,W,7,,0.38,62.54,M,0.0,M,0.0,0000*5A
$GPRMC,234231.00,A,3723.537555,N,12210.370604,W,064.8,105.4,290520,,,A*48
$GPGGA,234232.00,3723.533283,N,12210.348356,W,7,,0.38,61.04,M,0.0,M,0.0,0000*5E
$GPRMC,234232.00,A,3723.533283,N,12210.348356,W,065.2,102.6,290520,,,A*44
$GPGGA,234233.00,3723.529726,N,12210.326317,W,7,,0.38,59.74,M,0.0,M,0.0,0000*5F
$GPRMC,234233.00,A,3723.529726,N,12210.326317,W,064.8,099.8,290520,,,A*4F
$GPGGA,234234.00,3723.527260,N,12210.304754,W,7,,0.38,57.96,M,0.0,M,0.0,0000*50
$GPRMC,234234.00,A,3723.527260,N,12210.304754,W,063.5,097.5,290520,,,A*4B
$GPGGA,234235.00,3723.525364,N,12210.283340,W,7,,0.38,56.25,M,0.0,M,0.0,0000*50
$GPRMC,234235.00,A,3723.525364,N,12210.283340,W,062.4,095.4,290520,,,A*41
$GPGGA,234236.00,3723.523875,N,12210.261619,W,7,,0.38,54.95,M,0.0,M,0.0,0000*52
$GPRMC,234236.00,A,3723.523875,N,12210.261619,W,062.0,094.8,290520,,,A*43
$GPGGA,234237.00,3723.522370,N,12210.240391,W,7,,0.38,52.76,M,0.0,M,0.0,0000*51
$GPRMC,234237.00,A,3723.522370,N,12210.240391,W,061.8,094.9,290520,,,A*41
$GPGGA,234238.00,3723.521008,N,12210.219061,W,7,,0.38,51.27,M,0.0,M,0.0,0000*56
$GPRMC,234238.00,A,3723.521008,N,12210.219061,W,061.5,094.6,290520,,,A*43
$GPGGA,234239.00,3723.519801,N,12210.198019,W,7,,0.38,49.71,M,0.0,M,0.0,0000*52
$GPRMC,234239.00,A,3723.519801,N,12210.198019,W,061.0,094.2,290520,,,A*4C
$GPGGA,234240.00,3723.518530,N,12210.177439,W,7,,0.38,48.18,M,0.0,M,0.0,0000*5B
$GPRMC,234240.00,A,3723.518530,N,12210.177439,W,059.5,094.8,290520,,,A*4F
$GPGGA,234241.00,3723.516970,N,12210.156896,W,7,,0.38,46.96,M,0.0,M,0.0,0000*5E
$GPRMC,234241.00,A,3723.516970,N,12210.156896,W,058.6,096.0,290520,,,A*4A
$GPGGA,234242.00,3723.514966,N,12210.136669,W,7,,0.38,45.62,M,0.0,M,0.0,0000*58
$GPRMC,234242.00,A,3723.514966,N,12210.136669,W,058.5,097.3,290520,,,A*45
$GPGGA,234243.00,3723.512565,N,12210.116552,W,7,,0.38,44.03,M,0.0,M,0.0,0000*5F
$GPRMC,234243.00,A,3723.512565,N,12210.116552,W,058.7,100.3,290520,,,A*49
$GPGGA,234244.00,3723.509380,N,12210.096116,W,7,,0.38,42.80,M,0.0,M,0.0,0000*5F
$GPRMC,234244.00,A,3723.509380,N,12210.096116,W,059.3,102.9,290520,,,A*49
$GPGGA,234245.00,3723.505239,N,12210.075703,W,7,,0.38,41.65,M,0.0,M,0.0,0000*56
$GPRMC,234245.00,A,3723.505239,N,12210.075703,W,059.9,105.6,290520,,,A*4A
$GPGGA,234246.00,3723.500241,N,12210.055567,W,7,,0.38,40.38,M,0.0,M,0.0,0000*54
$GPRMC,234246.00,A,3723.500241,N,12210.055567,W,060.6,108.4,290520,,,A*4B
$GPGGA,234247.00,3723.494098,N,12210.035833,W,7,,0.38,39.33,M,0.0,M,0.0,0000*50
$GPRMC,234247.00,A,3723.494098,N,12210.035833,W,061.5,112.1,290520,,,A*46
$GPGGA,234248.00,3723.487023,N,12210.016052,W,7,,0.38,38.53,M,0.0,M,0.0,0000*54
$GPRMC,234248.00,A,3723.487023,N,12210.016052,W,062.1,114.9,290520,,,A*4C
$GPGGA,234249.00,3723.478941,N,12209.996509,W,7,,0.38,37.96,M,0.0,M,0.0,0000*5C
$GPRMC,234249.00,A,3723.478941,N,12209.996509,W,062.5,118.3,290520,,,A*40
$GPGGA,234250.00,3723.470169,N,12209.977561,W,7,,0.38,37.83,M,0.0,M,0.0,0000*5B
$GPRMC,234250.00,A,3723.470169,N,12209.977561,W,062.8,120.9,290520,,,A*4F
$GPGGA,234251.00,3723.460911,N,12209.959543,W,7,,0.38,37.20,M,0.0,M,0.0,0000*59
$GPRMC,234251.00,A,3723.460911,N,12209.959543,W,062.2,124.4,290520,,,A*47
$GPGGA,234252.00,3723.451239,N,12209.942312,W,7,,0.38,37.41,M,0.0,M,0.0,0000*56
$GPRMC,234252.00,A,3723.451239,N,12209.942312,W,061.4,125.5,290520,,,A*4A
$GPGGA,234253.00,3723.441370,N,12209.925542,W,7,,0.38,37.59,M,0.0,M,0.0,0000*51
$GPRMC,234253.00,A,3723.441370,N,12209.925542,W,060.3,126.4,290520,,,A*40
$GPGGA,234254.00,3723.431331,N,12209.908982,W,7,,0.38,38.32,M,0.0,M,0.0,0000*59
$GPRMC,234254.00,A,3723.431331,N,12209.908982,W,059.8,127.0,290520,,,A*4E
$GPGGA,234255.00,3723.421101,N,12209.892608,W,7,,0.38,39.11,M,0.0,M,0.0,0000*57
$GPRMC,234255.00,A,3723.421101,N,12209.892608,W,059.5,127.7,290520,,,A*4A
$GPGGA,234256.00,3723.411081,N,12209.876653,W,7,,0.38,39.58,M,0.0,M,0.0,0000*57
$GPRMC,234256.00,A,3723.411081,N,12209.876653,W,058.8,127.6,290520,,,A*4A
$GPGGA,234257.00,3723.401326,N,12209.860274,W,7,,0.38,40.41,M,0.0,M,0.0,0000*59
$GPRMC,234257.00,A,3723.401326,N,12209.860274,W,058.1,125.9,290520,,,A*46
$GPGGA,234258.00,3723.392115,N,12209.843521,W,7,,0.38,41.56,M,0.0,M,0.0,0000*58
$GPRMC,234258.00,A,3723.392115,N,12209.843521,W,058.0,123.9,290520,,,A*47
$GPGGA,234259.00,3723.383457,N,12209.826638,W,7,,0.38,49.38,M,0.0,M,0.0,0000*52
$GPRMC,234259.00,A,3723.383457,N,12209.826638,W,057.7,122.0,290520,,,A*4D
$GPGGA,234300.00,3723.375268,N,12209.809364,W,7,,0.38,48.02,M,0.0,M,0.0,0000*55
$GPRMC,234300.00,A,3723.375268,N,12209.809364,W,057.5,120.0,290520,,,A*42
$GPGGA,234301.00,3723.367635,N,12209.792005,W,7,,0.38,47.06,M,0.0,M,0.0,0000*59
$GPRMC,234301.00,A,3723.367635,N,12209.792005,W,057.3,117.9,290520,,,A*4E
$GPGGA,234302.00,3723.360388,N,12209.774281,W,7,,0.38,46.81,M,0.0,M,0.0,0000*56
$GPRMC,234302.00,A,3723.360388,N,12209.774281,W,056.9,115.9,290520,,,A*46
$GPGGA,234303.00,3723.353890,N,12209.756401,W,7,,0.38,46.96,M,0.0,M,0.0,0000*5D
$GPRMC,234303.00,A,3723.353890,N,12209.756401,W,056.8,113.8,290520,,,A*4D
$GPGGA,234304.00,3723.347950,N,12209.738042,W,7,,0.38,47.73,M,0.0,M,0.0,0000*53
$GPRMC,234304.00,A,3723.347950,N,12209.738042,W,056.4,111.4,290520,,,A*4B
$GPGGA,234305.00,3723.342717,N,12209.719370,W,7,,0.38,48.23,M,0.0,M,0.0,0000*51
$GPRMC,234305.00,A,3723.342717,N,12209.719370,W,056.2,108.9,290520,,,A*40
$GPGGA,234306.00,3723.338295,N,12209.700626,W,7,,0.38,48.56,M,0.0,M,0.0,0000*5C
$GPRMC,234306.00,A,3723.338295,N,12209.700626,W,055.8,106.5,290520,,,A*44
$GPGGA,234307.00,3723.334114,N,12209.681570,W,7,,0.38,49.26,M,0.0,M,0.0,0000*55
$GPRMC,234307.00,A,3723.334114,N,12209.681570,W,055.6,105.0,290520,,,A*43
$GPGGA,234308.00,3723.330478,N,12209.662645,W,7,,0.38,49.90,M,0.0,M,0.0,0000*54
$GPRMC,234308.00,A,3723.330478,N,12209.662645,W,055.5,103.0,290520,,,A*4A
$GPGGA,234309.00,3723.327321,N,12209.643745,W,7,,0.38,50.53,M,0.0,M,0.0,0000*5D
$GPRMC,234309.00,A,3723.327321,N,12209.643745,W,055.4,101.3,290520,,,A*44
$GPGGA,234310.00,3723.324448,N,12209.625056,W,7,,0.38,50.88,M,0.0,M,0.0,0000*5D
$GPRMC,234310.00,A,3723.324448,N,12209.625056,W,055.2,100.5,290520,,,A*43
$GPGGA,234311.00,3723.321418,N,12209.606258,W,7,,0.38,51.40,M,0.0,M,0.0,0000*54
$GPRMC,234311.00,A,3723.321418,N,12209.606258,W,055.0,100.4,290520,,,A*4C
$GPGGA,234312.00,3723.318646,N,12209.587477,W,7,,0.38,51.70,M,0.0,M,0.0,0000*56
$GPRMC,234312.00,A,3723.318646,N,12209.587477,W,054.7,100.4,290520,,,A*4B
$GPGGA,234313.00,3723.315766,N,12209.568812,W,7,,0.38,52.56,M,0.0,M,0.0,0000*50
$GPRMC,234313.00,A,3723.315766,N,12209.568812,W,054.3,100.2,290520,,,A*48
$GPGGA,234314.00,3723.312981,N,12209.550307,W,7,,0.38,52.92,M,0.0,M,0.0,0000*5B
$GPRMC,234314.00,A,3723.312981,N,12209.550307,W,054.2,100.2,290520,,,A*4A
$GPGGA,234315.00,3723.310251,N,12209.531804,W,7,,0.38,53.67,M,0.0,M,0.0,0000*5A
$GPRMC,234315.00,A,3723.310251,N,12209.531804,W,054.2,100.3,290520,,,A*41
$GPGGA,234316.00,3723.307431,N,12209.513120,W,7,,0.38,53.92,M,0.0,M,0.0,0000*5A
$GPRMC,234316.00,A,3723.307431,N,12209.513120,W,054.2,100.6,290520,,,A*4E
$GPGGA,234317.00,3723.304809,N,12209.494688,W,7,,0.38,54.21,M,0.0,M,0.0,0000*5B
$GPRMC,234317.00,A,3723.304809,N,12209.494688,W,054.2,100.5,290520,,,A*43
$GPGGA,234318.00,3723.301972,N,12209.476099,W,7,,0.38,54.38,M,0.0,M,0.0,0000*5E
$GPRMC,234318.00,A,3723.301972,N,12209.476099,W,054.3,100.5,290520,,,A*4F
$GPGGA,234319.00,3723.299079,N,12209.457727,W,7,,0.38,54.16,M,0.0,M,0.0,0000*50
$GPRMC,234319.00,A,3723.299079,N,12209.457727,W,054.4,101.6,290520,,,A*48
$GPGGA,234320.00,3723.295678,N,12209.439085,W,7,,0.38,53.10,M,0.0,M,0.0,0000*57
$GPRMC,234320.00,A,3723.295678,N,12209.439085,W,054.4,103.8,290520,,,A*42
$GPGGA,234321.00,3723.291664,N,12209.420666,W,7,,0.38,53.23,M,0.0,M,0.0,0000*5C
$GPRMC,234321.00,A,3723.291664,N,12209.420666,W,054.3,106.5,290520,,,A*46
$GPGGA,234322.00,3723.287164,N,12209.402456,W,7,,0.38,53.50,M,0.0,M,0.0,0000*5A
$GPRMC,234322.00,A,3723.287164,N,12209.402456,W,054.4,108.7,290520,,,A*4F
$GPGGA,234323.00,3723.281770,N,12209.384809,W,7,,0.38,53.41,M,0.0,M,0.0,0000*51
$GPRMC,234323.00,A,3723.281770,N,12209.384809,W,054.6,112.0,290520,,,A*4A
$GPGGA,234324.00,3723.275661,N,12209.367398,W,7,,0.38,53.29,M,0.0,M,0.0,0000*5C
$GPRMC,234324.00,A,3723.275661,N,12209.367398,W,054.8,114.7,290520,,,A*46
$GPGGA,234325.00,3723.269061,N,12209.350334,W,7,,0.38,53.49,M,0.0,M,0.0,0000*52
$GPRMC,234325.00,A,3723.269061,N,12209.350334,W,055.2,117.4,290520,,,A*45
$GPGGA,234326.00,3723.261537,N,12209.333221,W,7,,0.38,53.27,M,0.0,M,0.0,0000*57
$GPRMC,234326.00,A,3723.261537,N,12209.333221,W,055.7,119.8,290520,,,A*4F
$GPGGA,234327.00,3723.253365,N,12209.316937,W,7,,0.38,52.29,M,0.0,M,0.0,0000*52
$GPRMC,234327.00,A,3723.253365,N,12209.316937,W,056.0,123.3,290520,,,A*43
$GPGGA,234328.00,3723.244425,N,12209.300665,W,7,,0.38,51.78,M,0.0,M,0.0,0000*50
$GPRMC,234328.00,A,3723.244425,N,12209.300665,W,056.6,125.9,290520,,,A*4C
$GPGGA,234329.00,3723.234981,N,12209.284820,W,7,,0.38,50.89,M,0.0,M,0.0,0000*58
$GPRMC,234329.00,A,3723.234981,N,12209.284820,W,057.0,128.4,290520,,,A*4C
$GPGGA,234330.00,3723.224799,N,12209.269130,W,7,,0.38,49.98,M,0.0,M,0.0,0000*55
$GPRMC,234330.00,A,3723.224799,N,12209.269130,W,057.4,130.9,290520,,,A*49
$GPGGA,234331.00,3723.213922,N,12209.254321,W,7,,0.38,48.85,M,0.0,M,0.0,0000*5F
$GPRMC,234331.00,A,3723.213922,N,12209.254321,W,057.7,134.3,290520,,,A*43
$GPGGA,234332.00,3723.202246,N,12209.240264,W,7,,0.38,47.95,M,0.0,M,0.0,0000*5E
$GPRMC,234332.00,A,3723.202246,N,12209.240264,W,058.1,137.2,290520,,,A*47
$GPGGA,234333.00,3723.190174,N,12209.226859,W,7,,0.38,47.24,M,0.0,M,0.0,0000*5B
$GPRMC,234333.00,A,3723.190174,N,12209.226859,W,058.3,139.7,290520,,,A*41
$GPGGA,234334.00,3723.177369,N,12209.214302,W,7,,0.38,46.30,M,0.0,M,0.0,0000*5B
$GPRMC,234334.00,A,3723.177369,N,12209.214302,W,058.5,142.5,290520,,,A*4D
$GPGGA,234335.00,3723.164110,N,12209.202313,W,7,,0.38,46.04,M,0.0,M,0.0,0000*54
$GPRMC,234335.00,A,3723.164110,N,12209.202313,W,058.9,145.4,290520,,,A*4F
$GPGGA,234336.00,3723.150298,N,12209.191111,W,7,,0.38,46.19,M,0.0,M,0.0,0000*56
$GPRMC,234336.00,A,3723.150298,N,12209.191111,W,059.2,148.7,290520,,,A*45
$GPGGA,234337.00,3723.135999,N,12209.180983,W,7,,0.38,46.33,M,0.0,M,0.0,0000*55
$GPRMC,234337.00,A,3723.135999,N,12209.180983,W,059.6,151.3,290520,,,A*46
$GPGGA,234338.00,3723.121233,N,12209.171719,W,7,,0.38,46.85,M,0.0,M,0.0,0000*5A
$GPRMC,234338.00,A,3723.121233,N,12209.171719,W,059.7,154.1,290520,,,A*42
$GPGGA,234339.00,3723.106101,N,12209.163403,W,7,,0.38,46.87,M,0.0,M,0.0,0000*55
$GPRMC,234339.00,A,3723.106101,N,12209.163403,W,059.3,157.6,290520,,,A*4F
$GPGGA,234340.00,3723.091084,N,12209.156174,W,7,,0.38,47.44,M,0.0,M,0.0,0000*55
$GPRMC,234340.00,A,3723.091084,N,12209.156174,W,058.4,160.0,290520,,,A*45
$GPGGA,234341.00,3723.076023,N,12209.149963,W,7,,0.38,47.95,M,0.0,M,0.0,0000*5C
$GPRMC,234341.00,A,3723.076023,N,12209.149963,W,057.0,162.9,290520,,,A*40
$GPGGA,234342.00,3723.060796,N,12209.144521,W,7,,0.38,48.38,M,0.0,M,0.0,0000*5E
$GPRMC,234342.00,A,3723.060796,N,12209.144521,W,056.0,166.0,290520,,,A*46
$GPGGA,234343.00,3723.045700,N,12209.140411,W,7,,0.38,48.91,M,0.0,M,0.0,0000*52
$GPRMC,234343.00,A,3723.045700,N,12209.140411,W,055.7,167.9,290520,,,A*45
$GPGGA,234344.00,3723.030753,N,12209.136770,W,7,,0.38,49.42,M,0.0,M,0.0,0000*5B
$GPRMC,234344.00,A,3723.030753,N,12209.136770,W,055.3,169.4,290520,,,A*44
$GPGGA,234345.00,3723.015801,N,12209.133512,W,7,,0.38,50.54,M,0.0,M,0.0,0000*59
$GPRMC,234345.00,A,3723.015801,N,12209.133512,W,054.8,170.2,290520,,,A*4D
$GPGGA,234346.00,3723.000915,N,12209.130433,W,7,,0.38,51.28,M,0.0,M,0.0,0000*51
$GPRMC,234346.00,A,3723.000915,N,12209.130433,W,054.4,170.4,290520,,,A*45
$GPGGA,234347.00,3722.986179,N,12209.127283,W,7,,0.38,51.76,M,0.0,M,0.0,0000*54
$GPRMC,234347.00,A,3722.986179,N,12209.127283,W,054.1,170.2,290520,,,A*48
$GPGGA,234348.00,3722.971587,N,12209.124301,W,7,,0.38,52.04,M,0.0,M,0.0,0000*58
$GPRMC,234348.00,A,3722.971587,N,12209.124301,W,053.9,170.2,290520,,,A*4D
$GPGGA,234349.00,3722.956894,N,12209.120972,W,7,,0.38,52.74,M,0.0,M,0.0,0000*5E
$GPRMC,234349.00,A,3722.956894,N,12209.120972,W,053.7,169.7,290520,,,A*4F
$GPGGA,234350.00,3722.942355,N,12209.117846,W,7,,0.38,53.52,M,0.0,M,0.0,0000*52
$GPRMC,234350.00,A,3722.942355,N,12209.117846,W,053.4,170.2,290520,,,A*48
$GPGGA,234351.00,3722.927602,N,12209.114719,W,7,,0.38,54.47,M,0.0,M,0.0,0000*52
$GPRMC,234351.00,A,3722.927602,N,12209.114719,W,053.3,170.6,290520,,,A*48
$GPGGA,234352.00,3722.912938,N,12209.111785,W,7,,0.38,54.90,M,0.0,M,0.0,0000*5B
$GPRMC,234352.00,A,3722.912938,N,12209.111785,W,053.0,170.5,290520,,,A*4B
$GPGGA,234353.00,3722.898771,N,12209.108773,W,7,,0.38,55.38,M,0.0,M,0.0,0000*58
$GPRMC,234353.00,A,3722.898771,N,12209.108773,W,052.5,170.3,290520,,,A*49
$GPGGA,234354.00,3722.884575,N,12209.105708,W,7,,0.38,55.76,M,0.0,M,0.0,0000*5F
$GPRMC,234354.00,A,3722.884575,N,12209.105708,W,052.0,170.0,290520,,,A*42
$GPGGA,234355.00,3722.870776,N,12209.102588,W,7,,0.38,55.98,M,0.0,M,0.0,0000*59
$GPRMC,234355.00,A,3722.870776,N,12209.102588,W,051.1,169.7,290520,,,A*49
$GPGGA,234356.00,3722.856796,N,12209.099251,W,7,,0.38,56.80,M,0.0,M,0.0,0000*5A
$GPRMC,234356.00,A,3722.856796,N,12209.099251,W,050.9,169.3,290520,,,A*4D
$GPGGA,234357.00,3722.842917,N,12209.095603,W,7,,0.38,57.62,M,0.0,M,0.0,0000*5B
$GPRMC,234357.00,A,3722.842917,N,12209.095603,W,050.6,169.2,290520,,,A*4F
$GPGGA,234358.00,3722.829070,N,12209.091793,W,7,,0.38,58.20,M,0.0,M,0.0,0000*54
$GPRMC,234358.00,A,3722.829070,N,12209.091793,W,050.5,167.3,290520,,,A*45
$GPGGA,234359.00,3722.815521,N,12209.087533,W,7,,0.38,58.70,M,0.0,M,0.0,0000*51
$GPRMC,234359.00,A,3722.815521,N,12209.087533,W,050.4,165.5,290520,,,A*40
$GPGGA,234400.00,3722.801721,N,12209.082728,W,7,,0.38,59.50,M,0.0,M,0.0,0000*53
$GPRMC,234400.00,A,3722.801721,N,12209.082728,W,050.5,163.5,290520,,,A*46
$GPGGA,234401.00,3722.788125,N,12209.077591,W,7,,0.38,60.25,M,0.0,M,0.0,0000*5C
$GPRMC,234401.00,A,3722.788125,N,12209.077591,W,050.4,161.6,290520,,,A*41
$GPGGA,234402.00,3722.774979,N,12209.071807,W,7,,0.38,61.43,M,0.0,M,0.0,0000*58
$GPRMC,234402.00,A,3722.774979,N,12209.071807,W,050.7,159.9,290520,,,A*43
$GPGGA,234403.00,3722.761959,N,12209.065213,W,7,,0.38,62.30,M,0.0,M,0.0,0000*52
$GPRMC,234403.00,A,3722.761959,N,12209.065213,W,050.6,158.0,290520,,,A*47
$GPGGA,234404.00,3722.748933,N,12209.058008,W,7,,0.38,63.21,M,0.0,M,0.0,0000*55
$GPRMC,234404.00,A,3722.748933,N,12209.058008,W,050.9,156.2,290520,,,A*42
$GPGGA,234405.00,3722.736076,N,12209.050819,W,7,,0.38,63.94,M,0.0,M,0.0,0000*5B
$GPRMC,234405.00,A,3722.736076,N,12209.050819,W,051.0,153.9,290520,,,A*44
$GPGGA,234406.00,3722.723397,N,12209.042419,W,7,,0.38,64.87,M,0.0,M,0.0,0000*5A
$GPRMC,234406.00,A,3722.723397,N,12209.042419,W,051.1,151.3,290520,,,A*49
$GPGGA,234407.00,3722.710726,N,12209.033450,W,7,,0.38,67.41,M,0.0,M,0.0,0000*57
$GPRMC,234407.00,A,3722.710726,N,12209.033450,W,051.6,149.6,290520,,,A*46
$GPGGA,234408.00,3722.698347,N,12209.023789,W,7,,0.38,67.28,M,0.0,M,0.0,0000*53
$GPRMC,234408.00,A,3722.698347,N,12209.023789,W,052.1,147.8,290520,,,A*49
$GPGGA,234409.00,3722.685939,N,12209.013758,W,7,,0.38,67.32,M,0.0,M,0.0,0000*59
$GPRMC,234409.00,A,3722.685939,N,12209.013758,W,052.5,146.0,290520,,,A*45
$GPGGA,234410.00,3722.673838,N,12209.002976,W,7,,0.38,67.63,M,0.0,M,0.0,0000*5E
$GPRMC,234410.00,A,3722.673838,N,12209.002976,W,052.7,144.2,290520,,,A*44
$GPGGA,234411.00,3722.662054,N,12208.991672,W,7,,0.38,68.33,M,0.0,M,0.0,0000*5E
$GPRMC,234411.00,A,3722.662054,N,12208.991672,W,053.1,141.7,290520,,,A*49
$GPGGA,234412.00,3722.650306,N,12208.979785,W,7,,0.38,68.61,M,0.0,M,0.0,0000*50
$GPRMC,234412.00,A,3722.650306,N,12208.979785,W,053.4,139.6,290520,,,A*4B
$GPGGA,234413.00,3722.638917,N,12208.967258,W,7,,0.38,69.19,M,0.0,M,0.0,0000*51
$GPRMC,234413.00,A,3722.638917,N,12208.967258,W,054.0,138.3,290520,,,A*43
$GPGGA,234414.00,3722.627512,N,12208.954495,W,7,,0.38,69.76,M,0.0,M,0.0,0000*5F
$GPRMC,234414.00,A,3722.627512,N,12208.954495,W,054.5,137.8,290520,,,A*45
$GPGGA,234415.00,3722.616166,N,12208.941692,W,7,,0.38,70.73,M,0.0,M,0.0,0000*57
$GPRMC,234415.00,A,3722.616166,N,12208.941692,W,054.8,137.9,290520,,,A*4C
$GPGGA,234416.00,3722.604640,N,12208.928875,W,7,,0.38,71.55,M,0.0,M,0.0,0000*59
$GPRMC,234416.00,A,3722.604640,N,12208.928875,W,055.1,138.1,290520,,,A*48
$GPGGA,234417.00,3722.593239,N,12208.915970,W,7,,0.38,72.31,M,0.0,M,0.0,0000*54
$GPRMC,234417.00,A,3722.593239,N,12208.915970,W,055.1,137.8,290520,,,A*42
$GPGGA,234418.00,3722.581798,N,12208.902895,W,7,,0.38,73.05,M,0.0,M,0.0,0000*5C
$GPRMC,234418.00,A,3722.581798,N,12208.902895,W,055.3,137.7,290520,,,A*41
$GPGGA,234419.00,3722.570361,N,12208.889816,W,7,,0.38,73.94,M,0.0,M,0.0,0000*50
$GPRMC,234419.00,A,3722.570361,N,12208.889816,W,055.3,137.6,290520,,,A*44
$GPGGA,234420.00,3722.559076,N,12208.876748,W,7,,0.38,74.85,M,0.0,M,0.0,0000*57
$GPRMC,234420.00,A,3722.559076,N,12208.876748,W,055.4,137.6,290520,,,A*43
$GPGGA,234421.00,3722.547699,N,12208.863787,W,7,,0.38,75.95,M,0.0,M,0.0,0000*59
$GPRMC,234421.00,A,3722.547699,N,12208.863787,W,055.6,137.6,290520,,,A*4F
$GPGGA,234422.00,3722.536228,N,12208.850743,W,7,,0.38,76.87,M,0.0,M,0.0,0000*5A
$GPRMC,234422.00,A,3722.536228,N,12208.850743,W,055.7,137.9,290520,,,A*42
$GPGGA,234423.00,3722.524683,N,12208.837729,W,7,,0.38,77.76,M,0.0,M,0.0,0000*5F
$GPRMC,234423.00,A,3722.524683,N,12208.837729,W,055.8,137.8,290520,,,A*46
$GPGGA,234424.00,3722.513043,N,12208.824535,W,7,,0.38,78.68,M,0.0,M,0.0,0000*5B
$GPRMC,234424.00,A,3722.513043,N,12208.824535,W,056.0,137.5,290520,,,A*44
$GPGGA,234425.00,3722.501595,N,12208.811498,W,7,,0.38,79.61,M,0.0,M,0.0,0000*5F
$GPRMC,234425.00,A,3722.501595,N,12208.811498,W,056.3,137.7,290520,,,A*49
$GPGGA,234426.00,3722.489883,N,12208.798256,W,7,,0.38,80.38,M,0.0,M,0.0,0000*57
$GPRMC,234426.00,A,3722.489883,N,12208.798256,W,056.4,138.0,290520,,,A*44
$GPGGA,234427.00,3722.478243,N,12208.785044,W,7,,0.38,81.26,M,0.0,M,0.0,0000*5D
$GPRMC,234427.00,A,3722.478243,N,12208.785044,W,056.6,138.0,290520,,,A*42
$GPGGA,234428.00,3722.466603,N,12208.771556,W,7,,0.38,82.17,M,0.0,M,0.0,0000*51
$GPRMC,234428.00,A,3722.466603,N,12208.771556,W,057.0,138.4,290520,,,A*4C
$GPGGA,234429.00,3722.454988,N,12208.758464,W,7,,0.38,83.33,M,0.0,M,0.0,0000*51
$GPRMC,234429.00,A,3722.454988,N,12208.758464,W,057.0,138.4,290520,,,A*4B
$GPGGA,234430.00,3722.442916,N,12208.745390,W,7,,0.38,84.09,M,0.0,M,0.0,0000*57
$GPRMC,234430.00,A,3722.442916,N,12208.745390,W,057.1,139.0,290520,,,A*47
$GPGGA,234431.00,3722.430844,N,12208.732382,W,7,,0.38,84.95,M,0.0,M,0.0,0000*53
$GPRMC,234431.00,A,3722.430844,N,12208.732382,W,057.0,140.2,290520,,,A*4B
$GPGGA,234432.00,3722.418466,N,12208.719907,W,7,,0.38,85.92,M,0.0,M,0.0,0000*5E
$GPRMC,234432.00,A,3722.418466,N,12208.719907,W,057.1,141.2,290520,,,A*40
$GPGGA,234433.00,3722.406076,N,12208.707458,W,7,,0.38,87.17,M,0.0,M,0.0,0000*52
$GPRMC,234433.00,A,3722.406076,N,12208.707458,W,057.1,141.9,290520,,,A*48
$GPGGA,234434.00,3722.393596,N,12208.695319,W,7,,0.38,88.08,M,0.0,M,0.0,0000*5C
$GPRMC,234434.00,A,3722.393596,N,12208.695319,W,057.1,142.7,290520,,,A*4A
$GPGGA,234435.00,3722.380833,N,12208.683374,W,7,,0.38,88.86,M,0.0,M,0.0,0000*57
$GPRMC,234435.00,A,3722.380833,N,12208.683374,W,056.8,143.5,290520,,,A*4C
$GPGGA,234436.00,3722.368306,N,12208.671902,W,7,,0.38,89.17,M,0.0,M,0.0,0000*50
$GPRMC,234436.00,A,3722.368306,N,12208.671902,W,056.3,144.2,290520,,,A*49
$GPGGA,234437.00,3722.355688,N,12208.660670,W,7,,0.38,89.53,M,0.0,M,0.0,0000*56
$GPRMC,234437.00,A,3722.355688,N,12208.660670,W,055.8,144.4,290520,,,A*41
$GPGGA,234438.00,3722.342865,N,12208.649605,W,7,,0.38,90.01,M,0.0,M,0.0,0000*54
$GPRMC,234438.00,A,3722.342865,N,12208.649605,W,055.6,144.9,290520,,,A*4F
$GPGGA,234439.00,3722.330199,N,12208.638343,W,7,,0.38,90.20,M,0.0,M,0.0,0000*58
$GPRMC,234439.00,A,3722.330199,N,12208.638343,W,055.4,144.7,290520,,,A*4C
$GPGGA,234440.00,3722.317630,N,12208.626974,W,7,,0.38,90.74,M,0.0,M,0.0,0000*57
$GPRMC,234440.00,A,3722.317630,N,12208.626974,W,055.5,144.1,290520,,,A*45
$GPGGA,234441.00,3722.305029,N,12208.615742,W,7,,0.38,91.14,M,0.0,M,0.0,0000*57
$GPRMC,234441.00,A,3722.305029,N,12208.615742,W,055.7,144.0,290520,,,A*41
$GPGGA,234442.00,3722.292496,N,12208.604330,W,7,,0.38,91.16,M,0.0,M,0.0,0000*58
$GPRMC,234442.00,A,3722.292496,N,12208.604330,W,055.8,144.4,290520,,,A*47
$GPGGA,234443.00,3722.279817,N,12208.592959,W,7,,0.38,86.28,M,0.0,M,0.0,0000*5B
$GPRMC,234443.00,A,3722.279817,N,12208.592959,W,055.9,144.5,290520,,,A*4F
$GPGGA,234444.00,3722.267019,N,12208.581811,W,7,,0.38,88.58,M,0.0,M,0.0,0000*53
$GPRMC,234444.00,A,3722.267019,N,12208.581811,W,055.5,144.0,290520,,,A*47
$GPGGA,234445.00,3722.254642,N,12208.570441,W,7,,0.38,90.00,M,0.0,M,0.0,0000*59
$GPRMC,234445.00,A,3722.254642,N,12208.570441,W,055.3,143.8,290520,,,A*40
$GPGGA,234446.00,3722.242179,N,12208.559102,W,7,,0.38,91.14,M,0.0,M,0.0,0000*5F
$GPRMC,234446.00,A,3722.242179,N,12208.559102,W,055.1,144.0,290520,,,A*4F
$GPGGA,234447.00,3722.229940,N,12208.547924,W,7,,0.38,92.12,M,0.0,M,0.0,0000*57
$GPRMC,234447.00,A,3722.229940,N,12208.547924,W,054.8,144.4,290520,,,A*4E
$GPGGA,234448.00,3722.217688,N,12208.536938,W,7,,0.38,93.09,M,0.0,M,0.0,0000*5E
$GPRMC,234448.00,A,3722.217688,N,12208.536938,W,054.5,144.6,290520,,,A*43
$GPGGA,234449.00,3722.205435,N,12208.526005,W,7,,0.38,93.89,M,0.0,M,0.0,0000*56
$GPRMC,234449.00,A,3722.205435,N,12208.526005,W,054.3,144.3,290520,,,A*40
$GPGGA,234450.00,3722.193304,N,12208.515043,W,7,,0.38,94.29,M,0.0,M,0.0,0000*58
$GPRMC,234450.00,A,3722.193304,N,12208.515043,W,053.9,143.8,290520,,,A*42
$GPGGA,234451.00,3722.181232,N,12208.503853,W,7,,0.38,95.21,M,0.0,M,0.0,0000*59
$GPRMC,234451.00,A,3722.181232,N,12208.503853,W,053.8,143.8,290520,,,A*4B
$GPGGA,234452.00,3722.169399,N,12208.492765,W,7,,0.38,95.65,M,0.0,M,0.0,0000*5F
$GPRMC,234452.00,A,3722.169399,N,12208.492765,W,053.6,143.2,290520,,,A*49
$GPGGA,234453.00,3722.157429,N,12208.481516,W,7,,0.38,96.17,M,0.0,M,0.0,0000*5D
$GPRMC,234453.00,A,3722.157429,N,12208.481516,W,053.8,142.0,290520,,,A*40
$GPGGA,234454.00,3722.145802,N,12208.469671,W,7,,0.38,96.18,M,0.0,M,0.0,0000*57
$GPRMC,234454.00,A,3722.145802,N,12208.469671,W,054.0,140.3,290520,,,A*4B
$GPGGA,234455.00,3722.134305,N,12208.457449,W,7,,0.38,96.12,M,0.0,M,0.0,0000*52
$GPRMC,234455.00,A,3722.134305,N,12208.457449,W,054.3,138.6,290520,,,A*4D
$GPGGA,234456.00,3722.122906,N,12208.444550,W,7,,0.38,96.13,M,0.0,M,0.0,0000*55
$GPRMC,234456.00,A,3722.122906,N,12208.444550,W,054.7,136.9,290520,,,A*4E
$GPGGA,234457.00,3722.111967,N,12208.431109,W,7,,0.38,96.25,M,0.0,M,0.0,0000*5C
$GPRMC,234457.00,A,3722.111967,N,12208.431109,W,055.1,135.4,290520,,,A*4B
$GPGGA,234458.00,3722.101071,N,12208.417388,W,7,,0.38,96.38,M,0.0,M,0.0,0000*5F
$GPRMC,234458.00,A,3722.101071,N,12208.417388,W,055.4,133.5,290520,,,A*46
$GPGGA,234459.00,3722.090650,N,12208.403042,W,7,,0.38,94.09,M,0.0,M,0.0,0000*52
$GPRMC,234459.00,A,3722.090650,N,12208.403042,W,055.9,131.3,290520,,,A*42
$GPGGA,234500.00,3722.080468,N,12208.388185,W,7,,0.38,94.60,M,0.0,M,0.0,0000*56
$GPRMC,234500.00,A,3722.080468,N,12208.388185,W,056.4,129.9,290520,,,A*44
$GPGGA,234501.00,3722.070412,N,12208.372838,W,7,,0.38,94.84,M,0.0,M,0.0,0000*55
$GPRMC,234501.00,A,3722.070412,N,12208.372838,W,057.0,128.4,290520,,,A*44
$GPGGA,234502.00,3722.060590,N,12208.356914,W,7,,0.38,94.68,M,0.0,M,0.0,0000*57
$GPRMC,234502.00,A,3722.060590,N,12208.356914,W,057.5,126.9,290520,,,A*42
$GPGGA,234503.00,3722.051379,N,12208.340545,W,7,,0.38,94.76,M,0.0,M,0.0,0000*55
$GPRMC,234503.00,A,3722.051379,N,12208.340545,W,058.1,124.7,290520,,,A*48
$GPGGA,234504.00,3722.042308,N,12208.323350,W,7,,0.38,94.54,M,0.0,M,0.0,0000*51
$GPRMC,234504.00,A,3722.042308,N,12208.323350,W,058.5,122.9,290520,,,A*40
$GPGGA,234505.00,3722.033566,N,12208.305764,W,7,,0.38,94.47,M,0.0,M,0.0,0000*5D
$GPRMC,234505.00,A,3722.033566,N,12208.305764,W,059.1,120.8,290520,,,A*48
$GPGGA,234506.00,3722.025621,N,12208.287584,W,7,,0.38,94.33,M,0.0,M,0.0,0000*5D
$GPRMC,234506.00,A,3722.025621,N,12208.287584,W,059.5,118.7,290520,,,A*4B
$GPGGA,234507.00,3722.018092,N,12208.269337,W,7,,0.38,93.63,M,0.0,M,0.0,0000*50
$GPRMC,234507.00,A,3722.018092,N,12208.269337,W,059.5,116.9,290520,,,A*44
$GPGGA,234508.00,3722.010993,N,12208.250948,W,7,,0.38,92.92,M,0.0,M,0.0,0000*58
$GPRMC,234508.00,A,3722.010993,N,12208.250948,W,059.0,115.3,290520,,,A*4F
$GPGGA,234509.00,3722.004406,N,12208.232432,W,7,,0.38,92.40,M,0.0,M,0.0,0000*56
$GPRMC,234509.00,A,3722.004406,N,12208.232432,W,058.6,113.6,290520,,,A*4A
$GPGGA,234510.00,3721.998316,N,12208.213766,W,7,,0.38,92.31,M,0.0,M,0.0,0000*50
$GPRMC,234510.00,A,3721.998316,N,12208.213766,W,057.6,111.7,290520,,,A*46
$GPGGA,234511.00,3721.992694,N,12208.195190,W,7,,0.38,90.78,M,0.0,M,0.0,0000*59
$GPRMC,234511.00,A,3721.992694,N,12208.195190,W,057.0,110.6,290520,,,A*46
$GPGGA,234512.00,3721.987323,N,12208.176626,W,7,,0.38,89.93,M,0.0,M,0.0,0000*5D
$GPRMC,234512.00,A,3721.987323,N,12208.176626,W,056.8,110.4,290520,,,A*44
$GPGGA,234513.00,3721.981587,N,12208.158031,W,7,,0.38,88.92,M,0.0,M,0.0,0000*5E
$GPRMC,234513.00,A,3721.981587,N,12208.158031,W,057.3,110.6,290520,,,A*4F
$GPGGA,234514.00,3721.975827,N,12208.139096,W,7,,0.38,87.71,M,0.0,M,0.0,0000*5D
$GPRMC,234514.00,A,3721.975827,N,12208.139096,W,058.1,111.0,290520,,,A*44
$GPGGA,234515.00,3721.970139,N,12208.120082,W,7,,0.38,86.47,M,0.0,M,0.0,0000*56
$GPRMC,234515.00,A,3721.970139,N,12208.120082,W,058.8,110.6,290520,,,A*45
$GPGGA,234516.00,3721.964409,N,12208.100804,W,7,,0.38,85.45,M,0.0,M,0.0,0000*53
$GPRMC,234516.00,A,3721.964409,N,12208.100804,W,059.2,110.4,290520,,,A*48
$GPGGA,234517.00,3721.958679,N,12208.081267,W,7,,0.38,84.52,M,0.0,M,0.0,0000*58
$GPRMC,234517.00,A,3721.958679,N,12208.081267,W,059.5,110.2,290520,,,A*45
$GPGGA,234518.00,3721.952883,N,12208.061749,W,7,,0.38,84.87,M,0.0,M,0.0,0000*59
$GPRMC,234518.00,A,3721.952883,N,12208.061749,W,059.6,110.4,290520,,,A*49
$GPGGA,234519.00,3721.947045,N,12208.042298,W,7,,0.38,83.07,M,0.0,M,0.0,0000*59
$GPRMC,234519.00,A,3721.947045,N,12208.042298,W,059.5,110.6,290520,,,A*47
$GPGGA,234520.00,3721.941393,N,12208.022911,W,7,,0.38,81.96,M,0.0,M,0.0,0000*5B
$GPRMC,234520.00,A,3721.941393,N,12208.022911,W,059.2,110.5,290520,,,A*4B
$GPGGA,234521.00,3721.935765,N,12208.003688,W,7,,0.38,80.94,M,0.0,M,0.0,0000*5B
$GPRMC,234521.00,A,3721.935765,N,12208.003688,W,058.7,110.5,290520,,,A*4C
$GPGGA,234522.00,3721.929939,N,12207.984637,W,7,,0.38,79.54,M,0.0,M,0.0,0000*55
$GPRMC,234522.00,A,3721.929939,N,12207.984637,W,058.3,110.6,290520,,,A*4F
$GPGGA,234523.00,3721.924324,N,12207.965756,W,7,,0.38,78.44,M,0.0,M,0.0,0000*56
$GPRMC,234523.00,A,3721.924324,N,12207.965756,W,058.0,110.9,290520,,,A*40
$GPGGA,234524.00,3721.918612,N,12207.946705,W,7,,0.38,76.99,M,0.0,M,0.0,0000*57
$GPRMC,234524.00,A,3721.918612,N,12207.946705,W,058.2,110.8,290520,,,A*4C
$GPGGA,234525.00,3721.912834,N,12207.927770,W,7,,0.38,76.75,M,0.0,M,0.0,0000*51
$GPRMC,234525.00,A,3721.912834,N,12207.927770,W,058.2,110.3,290520,,,A*43
$GPGGA,234526.00,3721.907055,N,12207.908870,W,7,,0.38,75.00,M,0.0,M,0.0,0000*5A
$GPRMC,234526.00,A,3721.907055,N,12207.908870,W,058.1,110.0,290520,,,A*49
$GPGGA,234527.00,3721.901758,N,12207.890126,W,7,,0.38,73.71,M,0.0,M,0.0,0000*5D
$GPRMC,234527.00,A,3721.901758,N,12207.890126,W,057.9,108.6,290520,,,A*46
$GPGGA,234528.00,3721.896909,N,12207.870703,W,7,,0.38,72.44,M,0.0,M,0.0,0000*5F
$GPRMC,234528.00,A,3721.896909,N,12207.870703,W,057.7,106.5,290520,,,A*40
$GPGGA,234529.00,3721.892698,N,12207.851269,W,7,,0.38,70.48,M,0.0,M,0.0,0000*59
$GPRMC,234529.00,A,3721.892698,N,12207.851269,W,057.5,104.4,290520,,,A*49
$GPGGA,234530.00,3721.888948,N,12207.831793,W,7,,0.38,70.63,M,0.0,M,0.0,0000*57
$GPRMC,234530.00,A,3721.888948,N,12207.831793,W,057.5,101.3,290520,,,A*4C
$GPGGA,234531.00,3721.886157,N,12207.812209,W,7,,0.38,68.64,M,0.0,M,0.0,0000*57
$GPRMC,234531.00,A,3721.886157,N,12207.812209,W,057.0,099.3,290520,,,A*47
$GPGGA,234532.00,3721.883878,N,12207.792782,W,7,,0.38,66.81,M,0.0,M,0.0,0000*51
$GPRMC,234532.00,A,3721.883878,N,12207.792782,W,056.7,097.3,290520,,,A*4C
$GPGGA,234533.00,3721.882215,N,12207.773287,W,7,,0.38,65.87,M,0.0,M,0.0,0000*5A
$GPRMC,234533.00,A,3721.882215,N,12207.773287,W,056.8,096.2,290520,,,A*4D
$GPGGA,234534.00,3721.880854,N,12207.753883,W,7,,0.38,64.65,M,0.0,M,0.0,0000*51
$GPRMC,234534.00,A,3721.880854,N,12207.753883,W,056.7,095.7,290520,,,A*42
$GPGGA,234535.00,3721.879468,N,12207.734191,W,7,,0.38,63.22,M,0.0,M,0.0,0000*5A
$GPRMC,234535.00,A,3721.879468,N,12207.734191,W,057.3,095.3,290520,,,A*4C
$GPGGA,234536.00,3721.878292,N,12207.714085,W,7,,0.38,62.40,M,0.0,M,0.0,0000*58
$GPRMC,234536.00,A,3721.878292,N,12207.714085,W,057.7,095.0,290520,,,A*4C
$GPGGA,234537.00,3721.876527,N,12207.694028,W,7,,0.38,61.08,M,0.0,M,0.0,0000*5F
$GPRMC,234537.00,A,3721.876527,N,12207.694028,W,057.8,095.2,290520,,,A*49
$GPGGA,234538.00,3721.875021,N,12207.673771,W,7,,0.38,60.07,M,0.0,M,0.0,0000*5C
$GPRMC,234538.00,A,3721.875021,N,12207.673771,W,057.9,095.5,290520,,,A*42
$GPGGA,234539.00,3721.873317,N,12207.653419,W,7,,0.38,59.22,M,0.0,M,0.0,0000*5F
$GPRMC,234539.00,A,3721.873317,N,12207.653419,W,058.1,095.5,290520,,,A*4B
$GPGGA,234540.00,3721.871758,N,12207.632881,W,7,,0.38,58.00,M,0.0,M,0.0,0000*57
$GPRMC,234540.00,A,3721.871758,N,12207.632881,W,058.7,095.5,290520,,,A*44
$GPGGA,234541.00,3721.870084,N,12207.612301,W,7,,0.38,57.00,M,0.0,M,0.0,0000*5F
$GPRMC,234541.00,A,3721.870084,N,12207.612301,W,059.2,095.5,290520,,,A*47
$GPGGA,234542.00,3721.868482,N,12207.591554,W,7,,0.38,57.69,M,0.0,M,0.0,0000*56
$GPRMC,234542.00,A,3721.868482,N,12207.591554,W,059.7,096.1,290520,,,A*43
$GPGGA,234543.00,3721.866436,N,12207.570746,W,7,,0.38,56.08,M,0.0,M,0.0,0000*5E
$GPRMC,234543.00,A,3721.866436,N,12207.570746,W,060.2,097.6,290520,,,A*44
$GPGGA,234544.00,3721.863772,N,12207.549883,W,7,,0.38,55.48,M,0.0,M,0.0,0000*54
$GPRMC,234544.00,A,3721.863772,N,12207.549883,W,060.4,099.7,290520,,,A*40
$GPGGA,234545.00,3721.860579,N,12207.529117,W,7,,0.38,55.23,M,0.0,M,0.0,0000*50
$GPRMC,234545.00,A,3721.860579,N,12207.529117,W,060.6,102.3,290520,,,A*4C
$GPGGA,234546.00,3721.856487,N,12207.508226,W,7,,0.38,57.96,M,0.0,M,0.0,0000*58
$GPRMC,234546.00,A,3721.856487,N,12207.508226,W,060.6,105.0,290520,,,A*4C
$GPGGA,234547.00,3721.851730,N,12207.487879,W,7,,0.38,56.71,M,0.0,M,0.0,0000*5F
$GPRMC,234547.00,A,3721.851730,N,12207.487879,W,060.7,108.1,290520,,,A*4E
$GPGGA,234548.00,3721.846342,N,12207.467719,W,7,,0.38,55.23,M,0.0,M,0.0,0000*54
$GPRMC,234548.00,A,3721.846342,N,12207.467719,W,060.7,109.9,290520,,,A*48
$GPGGA,234549.00,3721.840126,N,12207.448273,W,7,,0.38,55.30,M,0.0,M,0.0,0000*55
$GPRMC,234549.00,A,3721.840126,N,12207.448273,W,060.7,112.5,290520,,,A*4D
$GPGGA,234550.00,3721.833202,N,12207.429308,W,7,,0.38,54.73,M,0.0,M,0.0,0000*50
$GPRMC,234550.00,A,3721.833202,N,12207.429308,W,060.7,115.4,290520,,,A*48
$GPGGA,234551.00,3721.825563,N,12207.410485,W,7,,0.38,55.23,M,0.0,M,0.0,0000*5A
$GPRMC,234551.00,A,3721.825563,N,12207.410485,W,060.9,118.2,290520,,,A*43
$GPGGA,234552.00,3721.817247,N,12207.392131,W,7,,0.38,55.59,M,0.0,M,0.0,0000*53
$GPRMC,234552.00,A,3721.817247,N,12207.392131,W,060.5,120.5,290520,,,A*47
$GPGGA,234553.00,3721.808481,N,12207.374461,W,7,,0.38,55.75,M,0.0,M,0.0,0000*56
$GPRMC,234553.00,A,3721.808481,N,12207.374461,W,059.7,123.4,290520,,,A*46
$GPGGA,234554.00,3721.799716,N,12207.357872,W,7,,0.38,55.73,M,0.0,M,0.0,0000*52
$GPRMC,234554.00,A,3721.799716,N,12207.357872,W,058.8,125.7,290520,,,A*4F
$GPGGA,234555.00,3721.789953,N,12207.341354,W,7,,0.38,56.37,M,0.0,M,0.0,0000*56
$GPRMC,234555.00,A,3721.789953,N,12207.341354,W,057.9,127.9,290520,,,A*4A
$GPGGA,234556.00,3721.780035,N,12207.325735,W,7,,0.38,56.28,M,0.0,M,0.0,0000*5A
$GPRMC,234556.00,A,3721.780035,N,12207.325735,W,057.0,130.2,290520,,,A*4C
$GPGGA,234557.00,3721.769661,N,12207.310802,W,7,,0.38,56.40,M,0.0,M,0.0,0000*58
$GPRMC,234557.00,A,3721.769661,N,12207.310802,W,056.8,132.4,290520,,,A*4D
$GPGGA,234558.00,3721.758759,N,12207.296456,W,7,,0.38,57.16,M,0.0,M,0.0,0000*5F
$GPRMC,234558.00,A,3721.758759,N,12207.296456,W,056.7,134.7,290520,,,A*42
$GPGGA,234559.00,3721.747468,N,12207.283033,W,7,,0.38,58.42,M,0.0,M,0.0,0000*5C
$GPRMC,234559.00,A,3721.747468,N,12207.283033,W,056.7,137.3,290520,,,A*48
$GPGGA,234600.00,3721.735593,N,12207.269911,W,7,,0.38,59.48,M,0.0,M,0.0,0000*55
$GPRMC,234600.00,A,3721.735593,N,12207.269911,W,056.4,139.9,290520,,,A*4D
$GPGGA,234601.00,3721.723180,N,12207.257785,W,7,,0.38,59.42,M,0.0,M,0.0,0000*51
$GPRMC,234601.00,A,3721.723180,N,12207.257785,W,056.2,142.3,290520,,,A*43
$GPGGA,234602.00,3721.710616,N,12207.246523,W,7,,0.38,61.25,M,0.0,M,0.0,0000*5E
$GPRMC,234602.00,A,3721.710616,N,12207.246523,W,055.9,145.0,290520,,,A*4A
$GPGGA,234603.00,3721.697704,N,12207.235922,W,7,,0.38,62.14,M,0.0,M,0.0,0000*5B
$GPRMC,234603.00,A,3721.697704,N,12207.235922,W,055.8,147.4,290520,,,A*49
$GPGGA,234604.00,3721.684455,N,12207.225961,W,7,,0.38,62.83,M,0.0,M,0.0,0000*51
$GPRMC,234604.00,A,3721.684455,N,12207.225961,W,055.5,149.5,290520,,,A*4F
$GPGGA,234605.00,3721.670902,N,12207.216595,W,7,,0.38,64.00,M,0.0,M,0.0,0000*5E
$GPRMC,234605.00,A,3721.670902,N,12207.216595,W,055.4,151.7,290520,,,A*47
$GPGGA,234606.00,3721.657305,N,12207.207937,W,7,,0.38,64.79,M,0.0,M,0.0,0000*5F
$GPRMC,234606.00,A,3721.657305,N,12207.207937,W,055.4,153.6,290520,,,A*4B
$GPGGA,234607.00,3721.643403,N,12207.199675,W,7,,0.38,66.32,M,0.0,M,0.0,0000*5A
$GPRMC,234607.00,A,3721.643403,N,12207.199675,W,055.2,154.2,290520,,,A*46
$GPGGA,234608.00,3721.629712,N,12207.191287,W,7,,0.38,67.32,M,0.0,M,0.0,0000*5A
$GPRMC,234608.00,A,3721.629712,N,12207.191287,W,054.8,154.4,290520,,,A*4A
$GPGGA,234609.00,3721.615977,N,12207.183145,W,7,,0.38,68.18,M,0.0,M,0.0,0000*50
$GPRMC,234609.00,A,3721.615977,N,12207.183145,W,054.5,154.1,290520,,,A*4F
$GPGGA,234610.00,3721.602513,N,12207.174566,W,7,,0.38,69.18,M,0.0,M,0.0,0000*5C
$GPRMC,234610.00,A,3721.602513,N,12207.174566,W,054.2,153.5,290520,,,A*46
$GPGGA,234611.00,3721.589182,N,12207.166148,W,7,,0.38,70.12,M,0.0,M,0.0,0000*58
$GPRMC,234611.00,A,3721.589182,N,12207.166148,W,054.0,153.5,290520,,,A*42
$GPGGA,234612.00,3721.575621,N,12207.158048,W,7,,0.38,70.66,M,0.0,M,0.0,0000*59
$GPRMC,234612.00,A,3721.575621,N,12207.158048,W,053.8,153.7,290520,,,A*4D
$GPGGA,234613.00,3721.562428,N,12207.149923,W,7,,0.38,71.44,M,0.0,M,0.0,0000*50
$GPRMC,234613.00,A,3721.562428,N,12207.149923,W,053.6,153.7,290520,,,A*4B
$GPGGA,234614.00,3721.549120,N,12207.141853,W,7,,0.38,71.67,M,0.0,M,0.0,0000*5C
$GPRMC,234614.00,A,3721.549120,N,12207.141853,W,053.2,154.1,290520,,,A*43
$GPGGA,234615.00,3721.535806,N,12207.133867,W,7,,0.38,71.93,M,0.0,M,0.0,0000*52
$GPRMC,234615.00,A,3721.535806,N,12207.133867,W,052.8,154.1,290520,,,A*4D
$GPGGA,234616.00,3721.522714,N,12207.125887,W,7,,0.38,72.20,M,0.0,M,0.0,0000*59
$GPRMC,234616.00,A,3721.522714,N,12207.125887,W,052.3,153.5,290520,,,A*45
$GPGGA,234617.00,3721.509868,N,12207.117404,W,7,,0.38,71.31,M,0.0,M,0.0,0000*50
$GPRMC,234617.00,A,3721.509868,N,12207.117404,W,051.9,152.0,290520,,,A*42
$GPGGA,234618.00,3721.497231,N,12207.108602,W,7,,0.38,71.71,M,0.0,M,0.0,0000*51
$GPRMC,234618.00,A,3721.497231,N,12207.108602,W,052.2,150.2,290520,,,A*4F
$GPGGA,234619.00,3721.484662,N,12207.099373,W,7,,0.38,72.17,M,0.0,M,0.0,0000*59
$GPRMC,234619.00,A,3721.484662,N,12207.099373,W,052.5,149.1,290520,,,A*48
$GPGGA,234620.00,3721.472320,N,12207.089263,W,7,,0.38,71.99,M,0.0,M,0.0,0000*5D
$GPRMC,234620.00,A,3721.472320,N,12207.089263,W,052.5,146.5,290520,,,A*42
$GPGGA,234621.00,3721.460091,N,12207.078889,W,7,,0.38,71.52,M,0.0,M,0.0,0000*51
$GPRMC,234621.00,A,3721.460091,N,12207.078889,W,052.4,144.1,290520,,,A*4E
$GPGGA,234622.00,3721.448523,N,12207.067873,W,7,,0.38,70.99,M,0.0,M,0.0,0000*59
$GPRMC,234622.00,A,3721.448523,N,12207.067873,W,051.9,142.5,290520,,,A*4C
$GPGGA,234623.00,3721.437334,N,12207.056803,W,7,,0.38,70.29,M,0.0,M,0.0,0000*5E
$GPRMC,234623.00,A,3721.437334,N,12207.056803,W,051.3,140.8,290520,,,A*45
$GPGGA,234624.00,3721.426366,N,12207.045206,W,7,,0.38,69.67,M,0.0,M,0.0,0000*51
$GPRMC,234624.00,A,3721.426366,N,12207.045206,W,051.2,138.7,290520,,,A*49
$GPGGA,234625.00,3721.415613,N,12207.033068,W,7,,0.38,68.90,M,0.0,M,0.0,0000*55
$GPRMC,234625.00,A,3721.415613,N,12207.033068,W,052.0,136.4,290520,,,A*48
$GPGGA,234626.00,3721.405096,N,12207.020077,W,7,,0.38,67.90,M,0.0,M,0.0,0000*5F
$GPRMC,234626.00,A,3721.405096,N,12207.020077,W,052.9,134.3,290520,,,A*41
$GPGGA,234627.00,3721.394463,N,12207.006446,W,7,,0.38,66.69,M,0.0,M,0.0,0000*5A
$GPRMC,234627.00,A,3721.394463,N,12207.006446,W,054.1,132.4,290520,,,A*4C
$GPGGA,234628.00,3721.384258,N,12206.991961,W,7,,0.38,65.40,M,0.0,M,0.0,0000*5C
$GPRMC,234628.00,A,3721.384258,N,12206.991961,W,055.0,130.2,290520,,,A*46
$GPGGA,234629.00,3721.374351,N,12206.976607,W,7,,0.38,64.16,M,0.0,M,0.0,0000*5E
$GPRMC,234629.00,A,3721.374351,N,12206.976607,W,056.4,128.3,290520,,,A*49
$GPGGA,234630.00,3721.364547,N,12206.960473,W,7,,0.38,62.76,M,0.0,M,0.0,0000*50
$GPRMC,234630.00,A,3721.364547,N,12206.960473,W,057.5,125.8,290520,,,A*41
$GPGGA,234631.00,3721.355290,N,12206.943511,W,7,,0.38,61.49,M,0.0,M,0.0,0000*55
$GPRMC,234631.00,A,3721.355290,N,12206.943511,W,058.4,123.6,290520,,,A*4D
$GPGGA,234632.00,3721.346343,N,12206.925847,W,7,,0.38,60.23,M,0.0,M,0.0,0000*58
$GPRMC,234632.00,A,3721.346343,N,12206.925847,W,059.3,121.7,290520,,,A*48
$GPGGA,234633.00,3721.337926,N,12206.907860,W,7,,0.38,59.90,M,0.0,M,0.0,0000*51
$GPRMC,234633.00,A,3721.337926,N,12206.907860,W,059.6,119.5,290520,,,A*4F
$GPGGA,234634.00,3721.330071,N,12206.888965,W,7,,0.38,59.28,M,0.0,M,0.0,0000*5B
$GPRMC,234634.00,A,3721.330071,N,12206.888965,W,060.8,116.3,290520,,,A*4B
$GPGGA,234635.00,3721.322841,N,12206.869705,W,7,,0.38,58.36,M,0.0,M,0.0,0000*5B
$GPRMC,234635.00,A,3721.322841,N,12206.869705,W,061.4,114.3,290520,,,A*4A
$GPGGA,234636.00,3721.316277,N,12206.849666,W,7,,0.38,57.76,M,0.0,M,0.0,0000*5D
$GPRMC,234636.00,A,3721.316277,N,12206.849666,W,061.8,111.7,290520,,,A*4A
$GPGGA,234637.00,3721.310236,N,12206.829235,W,7,,0.38,57.41,M,0.0,M,0.0,0000*5F
$GPRMC,234637.00,A,3721.310236,N,12206.829235,W,062.5,109.2,290520,,,A*4E
$GPGGA,234638.00,3721.304878,N,12206.808272,W,7,,0.38,56.34,M,0.0,M,0.0,0000*56
$GPRMC,234638.00,A,3721.304878,N,12206.808272,W,063.1,108.0,290520,,,A*42
$GPGGA,234639.00,3721.299514,N,12206.786827,W,7,,0.38,55.74,M,0.0,M,0.0,0000*51
$GPRMC,234639.00,A,3721.299514,N,12206.786827,W,063.6,107.6,290520,,,A*4C
$GPGGA,234640.00,3721.294156,N,12206.765383,W,7,,0.38,55.40,M,0.0,M,0.0,0000*5F
$GPRMC,234640.00,A,3721.294156,N,12206.765383,W,064.2,107.4,290520,,,A*44
$GPGGA,234641.00,3721.289050,N,12206.744023,W,7,,0.38,55.37,M,0.0,M,0.0,0000*5F
$GPRMC,234641.00,A,3721.289050,N,12206.744023,W,063.7,107.2,290520,,,A*40
$GPGGA,234642.00,3721.283794,N,12206.723143,W,7,,0.38,55.42,M,0.0,M,0.0,0000*5D
$GPRMC,234642.00,A,3721.283794,N,12206.723143,W,062.8,107.6,290520,,,A*4A
$GPGGA,234643.00,3721.278555,N,12206.702587,W,7,,0.38,55.58,M,0.0,M,0.0,0000*53
$GPRMC,234643.00,A,3721.278555,N,12206.702587,W,061.6,108.0,290520,,,A*4B
$GPGGA,234644.00,3721.273576,N,12206.682620,W,7,,0.38,55.60,M,0.0,M,0.0,0000*52
$GPRMC,234644.00,A,3721.273576,N,12206.682620,W,060.2,108.0,290520,,,A*44
$GPGGA,234645.00,3721.268559,N,12206.662916,W,7,,0.38,56.39,M,0.0,M,0.0,0000*5F
$GPRMC,234645.00,A,3721.268559,N,12206.662916,W,059.2,108.1,290520,,,A*4D
$GPGGA,234646.00,3721.263538,N,12206.643572,W,7,,0.38,56.59,M,0.0,M,0.0,0000*5B
$GPRMC,234646.00,A,3721.263538,N,12206.643572,W,058.4,109.0,290520,,,A*48
$GPGGA,234647.00,3721.258330,N,12206.625176,W,7,,0.38,56.85,M,0.0,M,0.0,0000*5D
$GPRMC,234647.00,A,3721.258330,N,12206.625176,W,057.4,111.1,290520,,,A*48
$GPGGA,234648.00,3721.252426,N,12206.607176,W,7,,0.38,57.23,M,0.0,M,0.0,0000*55
$GPRMC,234648.00,A,3721.252426,N,12206.607176,W,056.3,112.8,290520,,,A*41
$GPGGA,234649.00,3721.246269,N,12206.589644,W,7,,0.38,57.68,M,0.0,M,0.0,0000*50
$GPRMC,234649.00,A,3721.246269,N,12206.589644,W,055.4,114.6,290520,,,A*47
$GPGGA,234650.00,3721.239838,N,12206.572826,W,7,,0.38,58.06,M,0.0,M,0.0,0000*57
$GPRMC,234650.00,A,3721.239838,N,12206.572826,W,054.7,116.6,290520,,,A*47
$GPGGA,234651.00,3721.232794,N,12206.556050,W,7,,0.38,58.39,M,0.0,M,0.0,0000*57
$GPRMC,234651.00,A,3721.232794,N,12206.556050,W,054.4,118.8,290520,,,A*48
$GPGGA,234652.00,3721.225443,N,12206.539904,W,7,,0.38,58.55,M,0.0,M,0.0,0000*50
$GPRMC,234652.00,A,3721.225443,N,12206.539904,W,054.3,120.7,290520,,,A*46
$GPGGA,234653.00,3721.217572,N,12206.523535,W,7,,0.38,58.58,M,0.0,M,0.0,0000*5B
$GPRMC,234653.00,A,3721.217572,N,12206.523535,W,054.6,122.4,290520,,,A*44
$GPGGA,234654.00,3721.209178,N,12206.507437,W,7,,0.38,58.65,M,0.0,M,0.0,0000*56
$GPRMC,234654.00,A,3721.209178,N,12206.507437,W,054.9,123.9,290520,,,A*44
$GPGGA,234655.00,3721.200807,N,12206.491892,W,7,,0.38,57.98,M,0.0,M,0.0,0000*5F
$GPRMC,234655.00,A,3721.200807,N,12206.491892,W,055.3,125.6,290520,,,A*42
$GPGGA,234656.00,3721.191316,N,12206.476154,W,7,,0.38,57.65,M,0.0,M,0.0,0000*54
$GPRMC,234656.00,A,3721.191316,N,12206.476154,W,055.6,128.0,290520,,,A*45
$GPGGA,234657.00,3721.181530,N,12206.461363,W,7,,0.38,56.70,M,0.0,M,0.0,0000*53
$GPRMC,234657.00,A,3721.181530,N,12206.461363,W,055.5,130.7,290520,,,A*4A
$GPGGA,234658.00,3721.171329,N,12206.446994,W,7,,0.38,55.76,M,0.0,M,0.0,0000*5F
$GPRMC,234658.00,A,3721.171329,N,12206.446994,W,055.6,132.4,290520,,,A*41
$GPGGA,234659.00,3721.160632,N,12206.432917,W,7,,0.38,54.75,M,0.0,M,0.0,0000*5B
$GPRMC,234659.00,A,3721.160632,N,12206.432917,W,055.9,134.2,290520,,,A*48
$GPGGA,234700.00,3721.149502,N,12206.419129,W,7,,0.38,53.93,M,0.0,M,0.0,0000*5E
$GPRMC,234700.00,A,3721.149502,N,12206.419129,W,055.8,136.1,290520,,,A*42
$GPGGA,234701.00,3721.137898,N,12206.405683,W,7,,0.38,53.05,M,0.0,M,0.0,0000*5D
$GPRMC,234701.00,A,3721.137898,N,12206.405683,W,056.0,138.0,290520,,,A*4A
$GPGGA,234702.00,3721.125898,N,12206.392831,W,7,,0.38,52.49,M,0.0,M,0.0,0000*5A
$GPRMC,234702.00,A,3721.125898,N,12206.392831,W,056.6,140.3,290520,,,A*4E
$GPGGA,234703.00,3721.113310,N,12206.380423,W,7,,0.38,51.71,M,0.0,M,0.0,0000*51
$GPRMC,234703.00,A,3721.113310,N,12206.380423,W,056.9,142.5,290520,,,A*46
$GPGGA,234704.00,3721.100385,N,12206.368729,W,7,,0.38,50.94,M,0.0,M,0.0,0000*5D
$GPRMC,234704.00,A,3721.100385,N,12206.368729,W,056.8,144.7,290520,,,A*45
$GPGGA,234705.00,3721.087311,N,12206.357666,W,7,,0.38,54.03,M,0.0,M,0.0,0000*53
$GPRMC,234705.00,A,3721.087311,N,12206.357666,W,056.2,146.3,290520,,,A*4D
$GPGGA,234706.00,3721.074136,N,12206.347268,W,7,,0.38,52.80,M,0.0,M,0.0,0000*5D
$GPRMC,234706.00,A,3721.074136,N,12206.347268,W,055.6,148.1,290520,,,A*45
$GPGGA,234707.00,3721.060966,N,12206.337433,W,7,,0.38,52.59,M,0.0,M,0.0,0000*5F
$GPRMC,234707.00,A,3721.060966,N,12206.337433,W,054.8,149.2,290520,,,A*4E
$GPGGA,234708.00,3721.047898,N,12206.327887,W,7,,0.38,52.40,M,0.0,M,0.0,0000*5F
$GPRMC,234708.00,A,3721.047898,N,12206.327887,W,054.2,149.1,290520,,,A*4F
$GPGGA,234709.00,3721.035009,N,12206.318389,W,7,,0.38,52.10,M,0.0,M,0.0,0000*57
$GPRMC,234709.00,A,3721.035009,N,12206.318389,W,053.9,149.5,290520,,,A*4A
$GPGGA,234710.00,3721.021983,N,12206.309318,W,7,,0.38,52.33,M,0.0,M,0.0,0000*58
$GPRMC,234710.00,A,3721.021983,N,12206.309318,W,053.3,149.9,290520,,,A*42
$GPGGA,234711.00,3721.009401,N,12206.300348,W,7,,0.38,52.52,M,0.0,M,0.0,0000*5F
$GPRMC,234711.00,A,3721.009401,N,12206.300348,W,052.6,149.8,290520,,,A*47
$GPGGA,234712.00,3720.996826,N,12206.291263,W,7,,0.38,53.34,M,0.0,M,0.0,0000*5B
$GPRMC,234712.00,A,3720.996826,N,12206.291263,W,051.7,149.6,290520,,,A*4E
$GPGGA,234713.00,3720.984676,N,12206.282078,W,7,,0.38,54.16,M,0.0,M,0.0,0000*5F
$GPRMC,234713.00,A,3720.984676,N,12206.282078,W,051.2,149.0,290520,,,A*4E
$GPGGA,234714.00,3720.972663,N,12206.272856,W,7,,0.38,57.30,M,0.0,M,0.0,0000*59
$GPRMC,234714.00,A,3720.972663,N,12206.272856,W,050.8,148.2,290520,,,A*47
$GPGGA,234715.00,3720.960886,N,12206.263322,W,7,,0.38,57.35,M,0.0,M,0.0,0000*53
$GPRMC,234715.00,A,3720.960886,N,12206.263322,W,050.5,146.9,290520,,,A*40
$GPGGA,234716.00,3720.949233,N,12206.253524,W,7,,0.38,57.65,M,0.0,M,0.0,0000*59
$GPRMC,234716.00,A,3720.949233,N,12206.253524,W,050.3,144.9,290520,,,A*4B
$GPGGA,234717.00,3720.938020,N,12206.243119,W,7,,0.38,58.34,M,0.0,M,0.0,0000*5E
$GPRMC,234717.00,A,3720.938020,N,12206.243119,W,050.2,142.1,290520,,,A*48
$GPGGA,234718.00,3720.927099,N,12206.231924,W,7,,0.38,58.77,M,0.0,M,0.0,0000*59
$GPRMC,234718.00,A,3720.927099,N,12206.231924,W,050.4,139.2,290520,,,A*41
$GPGGA,234719.00,3720.916648,N,12206.220265,W,7,,0.38,60.52,M,0.0,M,0.0,0000*52
$GPRMC,234719.00,A,3720.916648,N,12206.220265,W,050.2,137.3,290520,,,A*4F
$GPGGA,234720.00,3720.906532,N,12206.208008,W,7,,0.38,60.72,M,0.0,M,0.0,0000*56
$GPRMC,234720.00,A,3720.906532,N,12206.208008,W,050.3,135.2,290520,,,A*4B
$GPGGA,234721.00,3720.896680,N,12206.195107,W,7,,0.38,60.96,M,0.0,M,0.0,0000*56
$GPRMC,234721.00,A,3720.896680,N,12206.195107,W,050.4,133.2,290520,,,A*40
$GPGGA,234722.00,3720.887043,N,12206.182081,W,7,,0.38,60.94,M,0.0,M,0.0,0000*57
$GPRMC,234722.00,A,3720.887043,N,12206.182081,W,050.6,131.4,290520,,,A*45
$GPGGA,234723.00,3720.877900,N,12206.168690,W,7,,0.38,61.38,M,0.0,M,0.0,0000*52
$GPRMC,234723.00,A,3720.877900,N,12206.168690,W,050.5,129.6,290520,,,A*4F
$GPGGA,234724.00,3720.869068,N,12206.155063,W,7,,0.38,61.73,M,0.0,M,0.0,0000*56
$GPRMC,234724.00,A,3720.869068,N,12206.155063,W,050.5,127.2,290520,,,A*4E
$GPGGA,234725.00,3720.860830,N,12206.140838,W,7,,0.38,62.26,M,0.0,M,0.0,0000*5A
$GPRMC,234725.00,A,3720.860830,N,12206.140838,W,050.7,124.9,290520,,,A*4B
$GPGGA,234726.00,3720.852952,N,12206.126060,W,7,,0.38,62.19,M,0.0,M,0.0,0000*54
$GPRMC,234726.00,A,3720.852952,N,12206.126060,W,050.8,122.8,290520,,,A*41
$GPGGA,234727.00,3720.845451,N,12206.110748,W,7,,0.38,62.34,M,0.0,M,0.0,0000*5A
$GPRMC,234727.00,A,3720.845451,N,12206.110748,W,051.3,121.0,290520,,,A*41
$GPGGA,234728.00,3720.838485,N,12206.095268,W,7,,0.38,61.96,M,0.0,M,0.0,0000*56
$GPRMC,234728.00,A,3720.838485,N,12206.095268,W,051.5,119.0,290520,,,A*4B
$GPGGA,234729.00,3720.831670,N,12206.079361,W,7,,0.38,61.26,M,0.0,M,0.0,0000*57
$GPRMC,234729.00,A,3720.831670,N,12206.079361,W,052.3,118.2,290520,,,A*47
$GPGGA,234730.00,3720.824541,N,12206.063179,W,7,,0.38,61.19,M,0.0,M,0.0,0000*56
$GPRMC,234730.00,A,3720.824541,N,12206.063179,W,053.1,118.2,290520,,,A*49
$GPGGA,234731.00,3720.817311,N,12206.046403,W,7,,0.38,60.87,M,0.0,M,0.0,0000*5D
$GPRMC,234731.00,A,3720.817311,N,12206.046403,W,053.8,117.7,290520,,,A*47
$GPGGA,234732.00,3720.810082,N,12206.029615,W,7,,0.38,60.57,M,0.0,M,0.0,0000*51
$GPRMC,234732.00,A,3720.810082,N,12206.029615,W,054.6,118.0,290520,,,A*47
$GPGGA,234733.00,3720.802930,N,12206.012570,W,7,,0.38,60.41,M,0.0,M,0.0,0000*5C
$GPRMC,234733.00,A,3720.802930,N,12206.012570,W,055.1,117.5,290520,,,A*41
$GPGGA,234734.00,3720.795886,N,12205.995613,W,7,,0.38,60.18,M,0.0,M,0.0,0000*59
$GPRMC,234734.00,A,3720.795886,N,12205.995613,W,055.5,117.7,290520,,,A*4E
$GPGGA,234735.00,3720.788505,N,12205.978441,W,7,,0.38,60.20,M,0.0,M,0.0,0000*5F
$GPRMC,234735.00,A,3720.788505,N,12205.978441,W,055.7,117.9,290520,,,A*4F
$GPGGA,234736.00,3720.781533,N,12205.961491,W,7,,0.38,60.09,M,0.0,M,0.0,0000*5E
$GPRMC,234736.00,A,3720.781533,N,12205.961491,W,055.3,117.9,290520,,,A*41
$GPGGA,234737.00,3720.774567,N,12205.944614,W,7,,0.38,60.20,M,0.0,M,0.0,0000*57
$GPRMC,234737.00,A,3720.774567,N,12205.944614,W,055.1,118.2,290520,,,A*45
$GPGGA,234738.00,3720.767656,N,12205.927622,W,7,,0.38,61.35,M,0.0,M,0.0,0000*5E
$GPRMC,234738.00,A,3720.767656,N,12205.927622,W,054.8,118.1,290520,,,A*42
$GPGGA,234739.00,3720.760390,N,12205.910737,W,7,,0.38,62.09,M,0.0,M,0.0,0000*5A
$GPRMC,234739.00,A,3720.760390,N,12205.910737,W,054.6,118.3,290520,,,A*46
$GPGGA,234740.00,3720.753513,N,12205.894130,W,7,,0.38,62.71,M,0.0,M,0.0,0000*5A
$GPRMC,234740.00,A,3720.753513,N,12205.894130,W,054.1,117.8,290520,,,A*4A
$GPGGA,234741.00,3720.746217,N,12205.878074,W,7,,0.38,62.72,M,0.0,M,0.0,0000*5C
$GPRMC,234741.00,A,3720.746217,N,12205.878074,W,053.8,118.2,290520,,,A*44
$GPGGA,234742.00,3720.739221,N,12205.861477,W,7,,0.38,63.88,M,0.0,M,0.0,0000*59
$GPRMC,234742.00,A,3720.739221,N,12205.861477,W,053.4,117.5,290520,,,A*41
$GPGGA,234743.00,3720.732658,N,12205.845140,W,7,,0.38,64.16,M,0.0,M,0.0,0000*5E
$GPRMC,234743.00,A,3720.732658,N,12205.845140,W,052.7,117.2,290520,,,A*43
$GPGGA,234744.00,3720.725895,N,12205.828855,W,7,,0.38,65.09,M,0.0,M,0.0,0000*59
$GPRMC,234744.00,A,3720.725895,N,12205.828855,W,052.3,117.9,290520,,,A*44
$GPGGA,234745.00,3720.719176,N,12205.812926,W,7,,0.38,65.58,M,0.0,M,0.0,0000*5B
$GPRMC,234745.00,A,3720.719176,N,12205.812926,W,051.8,118.8,290520,,,A*44
$GPGGA,234746.00,3720.712041,N,12205.797265,W,7,,0.38,66.16,M,0.0,M,0.0,0000*51
$GPRMC,234746.00,A,3720.712041,N,12205.797265,W,051.7,119.5,290520,,,A*44
$GPGGA,234747.00,3720.704775,N,12205.781474,W,7,,0.38,66.37,M,0.0,M,0.0,0000*55
$GPRMC,234747.00,A,3720.704775,N,12205.781474,W,051.7,120.9,290520,,,A*45
$GPGGA,234748.00,3720.697282,N,12205.766311,W,7,,0.38,66.32,M,0.0,M,0.0,0000*54
$GPRMC,234748.00,A,3720.697282,N,12205.766311,W,051.6,122.8,290520,,,A*43
$GPGGA,234749.00,3720.689182,N,12205.751300,W,7,,0.38,66.45,M,0.0,M,0.0,0000*5D
$GPRMC,234749.00,A,3720.689182,N,12205.751300,W,051.6,124.0,290520,,,A*44
$GPGGA,234750.00,3720.680932,N,12205.736383,W,7,,0.38,66.90,M,0.0,M,0.0,0000*5D
$GPRMC,234750.00,A,3720.680932,N,12205.736383,W,051.8,126.9,290520,,,A*49
$GPGGA,234751.00,3720.672231,N,12205.722247,W,7,,0.38,66.75,M,0.0,M,0.0,0000*5E
$GPRMC,234751.00,A,3720.672231,N,12205.722247,W,051.1,128.6,290520,,,A*49
$GPGGA,234752.00,3720.663202,N,12205.708280,W,7,,0.38,66.39,M,0.0,M,0.0,0000*56
$GPRMC,234752.00,A,3720.663202,N,12205.708280,W,051.6,130.5,290520,,,A*44
$GPGGA,234753.00,3720.653350,N,12205.694696,W,7,,0.38,66.04,M,0.0,M,0.0,0000*5B
$GPRMC,234753.00,A,3720.653350,N,12205.694696,W,052.1,133.3,290520,,,A*46
$GPGGA,234754.00,3720.643318,N,12205.681238,W,7,,0.38,65.62,M,0.0,M,0.0,0000*56
$GPRMC,234754.00,A,3720.643318,N,12205.681238,W,052.3,135.1,290520,,,A*4E
$GPGGA,234755.00,3720.632818,N,12205.668187,W,7,,0.38,65.88,M,0.0,M,0.0,0000*5E
$GPRMC,234755.00,A,3720.632818,N,12205.668187,W,053.1,136.4,290520,,,A*47
$GPGGA,234756.00,3720.622041,N,12205.655089,W,7,,0.38,66.30,M,0.0,M,0.0,0000*59
$GPRMC,234756.00,A,3720.622041,N,12205.655089,W,053.5,137.1,290520,,,A*40
$GPGGA,234757.00,3720.611410,N,12205.642051,W,7,,0.38,66.11,M,0.0,M,0.0,0000*58
$GPRMC,234757.00,A,3720.611410,N,12205.642051,W,054.3,137.2,290520,,,A*40
$GPGGA,234758.00,3720.600213,N,12205.629409,W,7,,0.38,65.60,M,0.0,M,0.0,0000*53
$GPRMC,234758.00,A,3720.600213,N,12205.629409,W,054.7,137.9,290520,,,A*41
$GPGGA,234759.00,3720.588748,N,12205.616575,W,7,,0.38,64.76,M,0.0,M,0.0,0000*5A
$GPRMC,234759.00,A,3720.588748,N,12205.616575,W,055.3,137.8,290520,,,A*4A
$GPGGA,234800.00,3720.576928,N,12205.603501,W,7,,0.38,63.77,M,0.0,M,0.0,0000*51
$GPRMC,234800.00,A,3720.576928,N,12205.603501,W,056.2,137.8,290520,,,A*45
$GPGGA,234801.00,3720.565078,N,12205.590073,W,7,,0.38,62.58,M,0.0,M,0.0,0000*5B
$GPRMC,234801.00,A,3720.565078,N,12205.590073,W,056.8,137.3,290520,,,A*42
$GPGGA,234802.00,3720.553197,N,12205.576220,W,7,,0.38,61.96,M,0.0,M,0.0,0000*50
$GPRMC,234802.00,A,3720.553197,N,12205.576220,W,057.6,136.6,290520,,,A*43
$GPGGA,234803.00,3720.541527,N,12205.562234,W,7,,0.38,61.72,M,0.0,M,0.0,0000*57
$GPRMC,234803.00,A,3720.541527,N,12205.562234,W,057.9,135.9,290520,,,A*4D
$GPGGA,234804.00,3720.530061,N,12205.548260,W,7,,0.38,61.76,M,0.0,M,0.0,0000*5C
$GPRMC,234804.00,A,3720.530061,N,12205.548260,W,058.4,134.8,290520,,,A*40
$GPGGA,234805.00,3720.518679,N,12205.533614,W,7,,0.38,61.79,M,0.0,M,0.0,0000*5C
$GPRMC,234805.00,A,3720.518679,N,12205.533614,W,058.5,133.6,290520,,,A*47
$GPGGA,234806.00,3720.507333,N,12205.518674,W,7,,0.38,61.72,M,0.0,M,0.0,0000*5E
$GPRMC,234806.00,A,3720.507333,N,12205.518674,W,058.8,131.5,290520,,,A*42
$GPGGA,234807.00,3720.496708,N,12205.502906,W,7,,0.38,62.03,M,0.0,M,0.0,0000*5E
$GPRMC,234807.00,A,3720.496708,N,12205.502906,W,059.1,129.2,290520,,,A*41
$GPGGA,234808.00,3720.486717,N,12205.486514,W,7,,0.38,62.36,M,0.0,M,0.0,0000*5A
$GPRMC,234808.00,A,3720.486717,N,12205.486514,W,059.1,125.7,290520,,,A*4A
$GPGGA,234809.00,3720.477321,N,12205.469510,W,7,,0.38,63.18,M,0.0,M,0.0,0000*5C
$GPRMC,234809.00,A,3720.477321,N,12205.469510,W,059.1,123.7,290520,,,A*47
$GPGGA,234810.00,3720.468447,N,12205.452266,W,7,,0.38,63.50,M,0.0,M,0.0,0000*5F
$GPRMC,234810.00,A,3720.468447,N,12205.452266,W,059.2,122.0,290520,,,A*4D
$GPGGA,234811.00,3720.459742,N,12205.434721,W,7,,0.38,63.59,M,0.0,M,0.0,0000*55
$GPRMC,234811.00,A,3720.459742,N,12205.434721,W,059.1,121.3,290520,,,A*4D
$GPGGA,234812.00,3720.451366,N,12205.417225,W,7,,0.38,64.17,M,0.0,M,0.0,0000*51
$GPRMC,234812.00,A,3720.451366,N,12205.417225,W,058.7,120.8,290520,,,A*49
$GPGGA,234813.00,3720.443013,N,12205.399837,W,7,,0.38,64.95,M,0.0,M,0.0,0000*50
$GPRMC,234813.00,A,3720.443013,N,12205.399837,W,058.0,120.6,290520,,,A*4B
$GPGGA,234814.00,3720.435207,N,12205.382629,W,7,,0.38,65.20,M,0.0,M,0.0,0000*55
$GPRMC,234814.00,A,3720.435207,N,12205.382629,W,057.4,120.2,290520,,,A*4E
$GPGGA,234815.00,3720.427468,N,12205.365697,W,7,,0.38,66.24,M,0.0,M,0.0,0000*53
$GPRMC,234815.00,A,3720.427468,N,12205.365697,W,056.6,120.5,290520,,,A*4B
$GPGGA,234816.00,3720.419392,N,12205.348916,W,7,,0.38,66.61,M,0.0,M,0.0,0000*57
$GPRMC,234816.00,A,3720.419392,N,12205.348916,W,055.7,121.7,290520,,,A*4F
$GPGGA,234817.00,3720.411412,N,12205.333381,W,7,,0.38,67.30,M,0.0,M,0.0,0000*5C
$GPRMC,234817.00,A,3720.411412,N,12205.333381,W,054.8,123.3,290520,,,A*49
$GPGGA,234818.00,3720.402982,N,12205.317578,W,7,,0.38,68.42,M,0.0,M,0.0,0000*59
$GPRMC,234818.00,A,3720.402982,N,12205.317578,W,053.9,123.6,290520,,,A*45
$GPGGA,234819.00,3720.394744,N,12205.302097,W,7,,0.38,69.47,M,0.0,M,0.0,0000*50
$GPRMC,234819.00,A,3720.394744,N,12205.302097,W,053.1,124.0,290520,,,A*41
$GPGGA,234820.00,3720.386638,N,12205.286852,W,7,,0.38,71.05,M,0.0,M,0.0,0000*50
$GPRMC,234820.00,A,3720.386638,N,12205.286852,W,052.4,124.4,290520,,,A*4E
$GPGGA,234821.00,3720.378345,N,12205.271881,W,7,,0.38,71.95,M,0.0,M,0.0,0000*50
$GPRMC,234821.00,A,3720.378345,N,12205.271881,W,052.1,125.0,290520,,,A*47
$GPGGA,234822.00,3720.369892,N,12205.257482,W,7,,0.38,72.62,M,0.0,M,0.0,0000*52
$GPRMC,234822.00,A,3720.369892,N,12205.257482,W,051.8,125.6,290520,,,A*42
$GPGGA,234823.00,3720.361479,N,12205.242674,W,7,,0.38,73.59,M,0.0,M,0.0,0000*54
$GPRMC,234823.00,A,3720.361479,N,12205.242674,W,051.6,125.7,290520,,,A*42
$GPGGA,234824.00,3720.353241,N,12205.228028,W,7,,0.38,74.27,M,0.0,M,0.0,0000*52
$GPRMC,234824.00,A,3720.353241,N,12205.228028,W,051.3,125.3,290520,,,A*4B
$GPGGA,234825.00,3720.345088,N,12205.213352,W,7,,0.38,75.46,M,0.0,M,0.0,0000*53
$GPRMC,234825.00,A,3720.345088,N,12205.213352,W,051.1,125.0,290520,,,A*4D
$GPGGA,234826.00,3720.337113,N,12205.198790,W,7,,0.38,76.19,M,0.0,M,0.0,0000*55
$GPRMC,234826.00,A,3720.337113,N,12205.198790,W,050.8,125.2,290520,,,A*48
$GPGGA,234827.00,3720.328797,N,12205.184443,W,7,,0.38,77.17,M,0.0,M,0.0,0000*5F
$GPRMC,234827.00,A,3720.328797,N,12205.184443,W,050.7,125.5,290520,,,A*45
$GPGGA,234828.00,3720.320583,N,12205.170085,W,7,,0.38,77.88,M,0.0,M,0.0,0000*5C
$GPRMC,234828.00,A,3720.320583,N,12205.170085,W,050.4,125.8,290520,,,A*4E
$GPGGA,234829.00,3720.312339,N,12205.155907,W,7,,0.38,73.17,M,0.0,M,0.0,0000*5D
$GPRMC,234829.00,A,3720.312339,N,12205.155907,W,050.6,125.4,290520,,,A*43
$GPGGA,234830.00,3720.304425,N,12205.141543,W,7,,0.38,75.60,M,0.0,M,0.0,0000*57
$GPRMC,234830.00,A,3720.304425,N,12205.141543,W,050.5,125.2,290520,,,A*4A
$GPGGA,234831.00,3720.296278,N,12205.127336,W,7,,0.38,77.11,M,0.0,M,0.0,0000*52
$GPRMC,234831.00,A,3720.296278,N,12205.127336,W,050.5,125.3,290520,,,A*4A
$GPGGA,234832.00,3720.288028,N,12205.113037,W,7,,0.38,78.29,M,0.0,M,0.0,0000*58
$GPRMC,234832.00,A,3720.288028,N,12205.113037,W,050.8,125.5,290520,,,A*4F
$GPGGA,234833.00,3720.279814,N,12205.098482,W,7,,0.38,79.04,M,0.0,M,0.0,0000*56
$GPRMC,234833.00,A,3720.279814,N,12205.098482,W,050.9,126.3,290520,,,A*4B
$GPGGA,234834.00,3720.271204,N,12205.083925,W,7,,0.38,79.76,M,0.0,M,0.0,0000*5D
$GPRMC,234834.00,A,3720.271204,N,12205.083925,W,051.4,127.3,290520,,,A*48
$GPGGA,234835.00,3720.262431,N,12205.069447,W,7,,0.38,80.57,M,0.0,M,0.0,0000*56
$GPRMC,234835.00,A,3720.262431,N,12205.069447,W,051.7,128.3,290520,,,A*4A
$GPGGA,234836.00,3720.253258,N,12205.055083,W,7,,0.38,80.25,M,0.0,M,0.0,0000*58
$GPRMC,234836.00,A,3720.253258,N,12205.055083,W,052.2,128.9,290520,,,A*4D
$GPGGA,234837.00,3720.243939,N,12205.040990,W,7,,0.38,80.58,M,0.0,M,0.0,0000*51
$GPRMC,234837.00,A,3720.243939,N,12205.040990,W,052.5,129.5,290520,,,A*44
$GPGGA,234838.00,3720.234411,N,12205.026823,W,7,,0.38,80.48,M,0.0,M,0.0,0000*51
$GPRMC,234838.00,A,3720.234411,N,12205.026823,W,053.0,130.3,290520,,,A*4F
$GPGGA,234839.00,3720.224721,N,12205.012580,W,7,,0.38,80.65,M,0.0,M,0.0,0000*5D
$GPRMC,234839.00,A,3720.224721,N,12205.012580,W,053.5,130.7,290520,,,A*4D
$GPGGA,234840.00,3720.214852,N,12204.998204,W,7,,0.38,80.76,M,0.0,M,0.0,0000*58
$GPRMC,234840.00,A,3720.214852,N,12204.998204,W,054.1,130.5,290520,,,A*4B
$GPGGA,234841.00,3720.205066,N,12204.983911,W,7,,0.38,80.60,M,0.0,M,0.0,0000*54
$GPRMC,234841.00,A,3720.205066,N,12204.983911,W,054.7,131.3,290520,,,A*41
$GPGGA,234842.00,3720.194955,N,12204.969361,W,7,,0.38,80.20,M,0.0,M,0.0,0000*58
$GPRMC,234842.00,A,3720.194955,N,12204.969361,W,055.2,131.2,290520,,,A*4C
$GPGGA,234843.00,3720.184720,N,12204.954583,W,7,,0.38,79.64,M,0.0,M,0.0,0000*56
$GPRMC,234843.00,A,3720.184720,N,12204.954583,W,056.1,131.3,290520,,,A*45
$GPGGA,234844.00,3720.174202,N,12204.939703,W,7,,0.38,78.81,M,0.0,M,0.0,0000*50
$GPRMC,234844.00,A,3720.174202,N,12204.939703,W,057.0,131.2,290520,,,A*48
$GPGGA,234845.00,3720.163588,N,12204.924458,W,7,,0.38,78.32,M,0.0,M,0.0,0000*5B
$GPRMC,234845.00,A,3720.163588,N,12204.924458,W,057.9,131.3,290520,,,A*43
$GPGGA,234846.00,3720.152758,N,12204.909109,W,7,,0.38,77.35,M,0.0,M,0.0,0000*53
$GPRMC,234846.00,A,3720.152758,N,12204.909109,W,058.5,131.5,290520,,,A*46
$GPGGA,234847.00,3720.142222,N,12204.893773,W,7,,0.38,76.72,M,0.0,M,0.0,0000*50
$GPRMC,234847.00,A,3720.142222,N,12204.893773,W,058.6,131.5,290520,,,A*44
$GPGGA,234848.00,3720.131494,N,12204.878870,W,7,,0.38,75.83,M,0.0,M,0.0,0000*54
$GPRMC,234848.00,A,3720.131494,N,12204.878870,W,058.3,131.2,290520,,,A*4F
$GPGGA,234849.00,3720.120849,N,12204.863899,W,7,,0.38,75.30,M,0.0,M,0.0,0000*5C
$GPRMC,234849.00,A,3720.120849,N,12204.863899,W,057.7,131.1,290520,,,A*47
$GPGGA,234850.00,3720.110901,N,12204.848845,W,7,,0.38,75.23,M,0.0,M,0.0,0000*50
$GPRMC,234850.00,A,3720.110901,N,12204.848845,W,056.6,130.8,290520,,,A*41
$GPGGA,234851.00,3720.100816,N,12204.834085,W,7,,0.38,75.85,M,0.0,M,0.0,0000*54
$GPRMC,234851.00,A,3720.100816,N,12204.834085,W,055.8,130.8,290520,,,A*44
$GPGGA,234852.00,3720.090880,N,12204.819187,W,7,,0.38,76.77,M,0.0,M,0.0,0000*52
$GPRMC,234852.00,A,3720.090880,N,12204.819187,W,055.2,129.6,290520,,,A*40
$GPGGA,234853.00,3720.081436,N,12204.804536,W,7,,0.38,76.45,M,0.0,M,0.0,0000*51
$GPRMC,234853.00,A,3720.081436,N,12204.804536,W,054.8,128.1,290520,,,A*4F
$GPGGA,234854.00,3720.072339,N,12204.789380,W,7,,0.38,77.24,M,0.0,M,0.0,0000*55
$GPRMC,234854.00,A,3720.072339,N,12204.789380,W,054.7,125.5,290520,,,A*4B
$GPGGA,234855.00,3720.063753,N,12204.773696,W,7,,0.38,77.75,M,0.0,M,0.0,0000*5F
$GPRMC,234855.00,A,3720.063753,N,12204.773696,W,054.4,123.2,290520,,,A*47
$GPGGA,234856.00,3720.055917,N,12204.757591,W,7,,0.38,78.73,M,0.0,M,0.0,0000*5C
$GPRMC,234856.00,A,3720.055917,N,12204.757591,W,054.3,120.8,290520,,,A*43
$GPGGA,234857.00,3720.048543,N,12204.741638,W,7,,0.38,79.10,M,0.0,M,0.0,0000*5F
$GPRMC,234857.00,A,3720.048543,N,12204.741638,W,054.2,119.4,290520,,,A*43
$GPGGA,234858.00,3720.041397,N,12204.725149,W,7,,0.38,80.09,M,0.0,M,0.0,0000*5B
$GPRMC,234858.00,A,3720.041397,N,12204.725149,W,054.2,117.2,290520,,,A*41
$GPGGA,234859.00,3720.034833,N,12204.708338,W,7,,0.38,80.65,M,0.0,M,0.0,0000*5C
$GPRMC,234859.00,A,3720.034833,N,12204.708338,W,054.1,115.0,290520,,,A*4F
$GPGGA,234900.00,3720.028671,N,12204.691070,W,7,,0.38,81.40,M,0.0,M,0.0,0000*5C
$GPRMC,234900.00,A,3720.028671,N,12204.691070,W,054.0,112.6,290520,,,A*49
$GPGGA,234901.00,3720.023182,N,12204.673634,W,7,,0.38,81.57,M,0.0,M,0.0,0000*51
$GPRMC,234901.00,A,3720.023182,N,12204.673634,W,053.9,110.4,290520,,,A*4C
$GPGGA,234902.00,3720.018214,N,12204.656161,W,7,,0.38,81.56,M,0.0,M,0.0,0000*57
$GPRMC,234902.00,A,3720.018214,N,12204.656161,W,054.0,108.9,290520,,,A*41
$GPGGA,234903.00,3720.013917,N,12204.637969,W,7,,0.38,81.40,M,0.0,M,0.0,0000*55
$GPRMC,234903.00,A,3720.013917,N,12204.637969,W,054.1,105.9,290520,,,A*48
$GPGGA,234904.00,3720.010078,N,12204.619741,W,7,,0.38,81.65,M,0.0,M,0.0,0000*5E
$GPRMC,234904.00,A,3720.010078,N,12204.619741,W,054.0,104.2,290520,,,A*4F
$GPGGA,234905.00,3720.006489,N,12204.601598,W,7,,0.38,81.68,M,0.0,M,0.0,0000*50
$GPRMC,234905.00,A,3720.006489,N,12204.601598,W,053.7,102.5,290520,,,A*4D
$GPGGA,234906.00,3720.003681,N,12204.583117,W,7,,0.38,79.64,M,0.0,M,0.0,0000*5D
$GPRMC,234906.00,A,3720.003681,N,12204.583117,W,053.7,100.1,290520,,,A*4D
$GPGGA,234907.00,3720.001341,N,12204.564649,W,7,,0.38,79.59,M,0.0,M,0.0,0000*5C
$GPRMC,234907.00,A,3720.001341,N,12204.564649,W,054.0,097.6,290520,,,A*4A
$GPGGA,234908.00,3719.999451,N,12204.545905,W,7,,0.38,79.51,M,0.0,M,0.0,0000*5B
$GPRMC,234908.00,A,3719.999451,N,12204.545905,W,053.8,095.7,290520,,,A*49
$GPGGA,234909.00,3719.998233,N,12204.527407,W,7,,0.38,79.23,M,0.0,M,0.0,0000*57
$GPRMC,234909.00,A,3719.998233,N,12204.527407,W,053.5,093.5,290520,,,A*49
$GPGGA,234910.00,3719.997706,N,12204.508999,W,7,,0.38,78.80,M,0.0,M,0.0,0000*5C
$GPRMC,234910.00,A,3719.997706,N,12204.508999,W,053.0,091.2,290520,,,A*4A
$GPGGA,234911.00,3719.997591,N,12204.490868,W,7,,0.38,78.33,M,0.0,M,0.0,0000*56
$GPRMC,234911.00,A,3719.997591,N,12204.490868,W,052.6,089.3,290520,,,A*47
$GPGGA,234912.00,3719.997909,N,12204.472489,W,7,,0.38,77.62,M,0.0,M,0.0,0000*5C
$GPRMC,234912.00,A,3719.997909,N,12204.472489,W,052.7,087.7,290520,,,A*4D
$GPGGA,234913.00,3719.998785,N,12204.454075,W,7,,0.38,76.92,M,0.0,M,0.0,0000*55
$GPRMC,234913.00,A,3719.998785,N,12204.454075,W,053.0,085.5,290520,,,A*4C
$GPGGA,234914.00,3720.000148,N,12204.435421,W,7,,0.38,75.89,M,0.0,M,0.0,0000*5C
$GPRMC,234914.00,A,3720.000148,N,12204.435421,W,053.4,083.5,290520,,,A*4E
$GPGGA,234915.00,3720.002151,N,12204.416809,W,7,,0.38,74.89,M,0.0,M,0.0,0000*51
$GPRMC,234915.00,A,3720.002151,N,12204.416809,W,053.9,080.7,290520,,,A*4E
$GPGGA,234916.00,3720.004959,N,12204.397993,W,7,,0.38,74.00,M,0.0,M,0.0,0000*59
$GPRMC,234916.00,A,3720.004959,N,12204.397993,W,054.5,078.7,290520,,,A*4B
$GPGGA,234917.00,3720.008080,N,12204.379189,W,7,,0.38,72.58,M,0.0,M,0.0,0000*51
$GPRMC,234917.00,A,3720.008080,N,12204.379189,W,054.8,077.8,290520,,,A*45
$GPGGA,234918.00,3720.011307,N,12204.360560,W,7,,0.38,71.60,M,0.0,M,0.0,0000*59
$GPRMC,234918.00,A,3720.011307,N,12204.360560,W,054.8,077.3,290520,,,A*4E
$GPGGA,234919.00,3720.014547,N,12204.342002,W,7,,0.38,70.68,M,0.0,M,0.0,0000*57
$GPRMC,234919.00,A,3720.014547,N,12204.342002,W,054.6,077.0,290520,,,A*44
$GPGGA,234920.00,3720.017979,N,12204.323857,W,7,,0.38,70.48,M,0.0,M,0.0,0000*52
$GPRMC,234920.00,A,3720.017979,N,12204.323857,W,053.7,077.2,290520,,,A*47
$GPGGA,234921.00,3720.021225,N,12204.306200,W,7,,0.38,69.76,M,0.0,M,0.0,0000*5E
$GPRMC,234921.00,A,3720.021225,N,12204.306200,W,052.2,077.1,290520,,,A*49
$GPGGA,234922.00,3720.024634,N,12204.289009,W,7,,0.38,69.56,M,0.0,M,0.0,0000*53
$GPRMC,234922.00,A,3720.024634,N,12204.289009,W,050.8,077.1,290520,,,A*4E
$GPGGA,234923.00,3720.028041,N,12204.272005,W,7,,0.38,69.55,M,0.0,M,0.0,0000*51
$GPRMC,234923.00,A,3720.028041,N,12204.272005,W,049.9,077.0,290520,,,A*47
$GPGGA,234924.00,3720.030988,N,12204.255259,W,7,,0.38,69.83,M,0.0,M,0.0,0000*56
$GPRMC,234924.00,A,3720.030988,N,12204.255259,W,049.3,077.2,290520,,,A*43
$GPGGA,234925.00,3720.034192,N,12204.238838,W,7,,0.38,69.57,M,0.0,M,0.0,0000*5F
$GPRMC,234925.00,A,3720.034192,N,12204.238838,W,048.8,077.1,290520,,,A*4A
$GPGGA,234926.00,3720.037317,N,12204.222487,W,7,,0.38,69.25,M,0.0,M,0.0,0000*56
$GPRMC,234926.00,A,3720.037317,N,12204.222487,W,048.4,077.3,290520,,,A*48
$GPGGA,234927.00,3720.040474,N,12204.206227,W,7,,0.38,68.91,M,0.0,M,0.0,0000*51
$GPRMC,234927.00,A,3720.040474,N,12204.206227,W,047.8,077.4,290520,,,A*45
$GPGGA,234928.00,3720.043263,N,12204.190183,W,7,,0.38,68.53,M,0.0,M,0.0,0000*52
$GPRMC,234928.00,A,3720.043263,N,12204.190183,W,047.6,078.0,290520,,,A*4D
$GPGGA,234929.00,3720.045777,N,12204.174092,W,7,,0.38,68.04,M,0.0,M,0.0,0000*5C
$GPRMC,234929.00,A,3720.045777,N,12204.174092,W,047.6,079.6,290520,,,A*46
$GPGGA,234930.00,3720.047974,N,12204.157945,W,7,,0.38,67.61,M,0.0,M,0.0,0000*55
$GPRMC,234930.00,A,3720.047974,N,12204.157945,W,047.4,081.2,290520,,,A*42
$GPGGA,234931.00,3720.049888,N,12204.141608,W,7,,0.38,66.82,M,0.0,M,0.0,0000*55
$GPRMC,234931.00,A,3720.049888,N,12204.141608,W,047.5,082.3,290520,,,A*4D
$GPGGA,234932.00,3720.051310,N,12204.125108,W,7,,0.38,66.61,M,0.0,M,0.0,0000*5D
$GPRMC,234932.00,A,3720.051310,N,12204.125108,W,047.6,084.2,290520,,,A*4C
$GPGGA,234933.00,3720.052383,N,12204.108632,W,7,,0.38,66.13,M,0.0,M,0.0,0000*51
$GPRMC,234933.00,A,3720.052383,N,12204.108632,W,048.1,086.6,290520,,,A*4B
$GPGGA,234934.00,3720.052779,N,12204.091586,W,7,,0.38,65.73,M,0.0,M,0.0,0000*5F
$GPRMC,234934.00,A,3720.052779,N,12204.091586,W,048.6,088.7,290520,,,A*48
$GPGGA,234935.00,3720.053050,N,12204.074450,W,7,,0.38,64.71,M,0.0,M,0.0,0000*51
$GPRMC,234935.00,A,3720.053050,N,12204.074450,W,049.4,090.2,290520,,,A*4A
$GPGGA,234936.00,3720.052671,N,12204.056923,W,7,,0.38,64.01,M,0.0,M,0.0,0000*58
$GPRMC,234936.00,A,3720.052671,N,12204.056923,W,050.0,091.7,290520,,,A*4C
$GPGGA,234937.00,3720.052036,N,12204.039290,W,7,,0.38,63.05,M,0.0,M,0.0,0000*55
$GPRMC,234937.00,A,3720.052036,N,12204.039290,W,050.6,093.4,290520,,,A*45
$GPGGA,234938.00,3720.050853,N,12204.021457,W,7,,0.38,62.25,M,0.0,M,0.0,0000*54
$GPRMC,234938.00,A,3720.050853,N,12204.021457,W,051.4,095.3,290520,,,A*45
$GPGGA,234939.00,3720.049360,N,12204.003451,W,7,,0.38,61.44,M,0.0,M,0.0,0000*54
$GPRMC,234939.00,A,3720.049360,N,12204.003451,W,052.0,097.3,290520,,,A*44
$GPGGA,234940.00,3720.047098,N,12203.985343,W,7,,0.38,60.78,M,0.0,M,0.0,0000*5A
$GPRMC,234940.00,A,3720.047098,N,12203.985343,W,052.6,099.2,290520,,,A*4D
$GPGGA,234941.00,3720.044433,N,12203.967122,W,7,,0.38,59.99,M,0.0,M,0.0,0000*51
$GPRMC,234941.00,A,3720.044433,N,12203.967122,W,053.1,100.7,290520,,,A*41
$GPGGA,234942.00,3720.041236,N,12203.948666,W,7,,0.38,59.09,M,0.0,M,0.0,0000*57
$GPRMC,234942.00,A,3720.041236,N,12203.948666,W,053.5,102.6,290520,,,A*49
$GPGGA,234943.00,3720.037516,N,12203.930389,W,7,,0.38,58.55,M,0.0,M,0.0,0000*51
$GPRMC,234943.00,A,3720.037516,N,12203.930389,W,053.8,104.9,290520,,,A*43
$GPGGA,234944.00,3720.033513,N,12203.912353,W,7,,0.38,57.92,M,0.0,M,0.0,0000*54
$GPRMC,234944.00,A,3720.033513,N,12203.912353,W,053.9,107.2,290520,,,A*4B
$GPGGA,234945.00,3720.029109,N,12203.894269,W,7,,0.38,57.30,M,0.0,M,0.0,0000*5E
$GPRMC,234945.00,A,3720.029109,N,12203.894269,W,054.0,108.7,290520,,,A*4D
$GPGGA,234946.00,3720.024207,N,12203.876426,W,7,,0.38,56.61,M,0.0,M,0.0,0000*59
$GPRMC,234946.00,A,3720.024207,N,12203.876426,W,054.1,110.5,290520,,,A*45
$GPGGA,234947.00,3720.018730,N,12203.859134,W,7,,0.38,55.95,M,0.0,M,0.0,0000*55
$GPRMC,234947.00,A,3720.018730,N,12203.859134,W,053.7,112.0,290520,,,A*47
$GPGGA,234948.00,3720.013390,N,12203.842855,W,7,,0.38,55.62,M,0.0,M,0.0,0000*53
$GPRMC,234948.00,A,3720.013390,N,12203.842855,W,051.4,112.7,290520,,,A*4F
$GPGGA,234949.00,3720.008080,N,12203.827046,W,7,,0.38,54.91,M,0.0,M,0.0,0000*5E
$GPRMC,234949.00,A,3720.008080,N,12203.827046,W,050.3,113.2,290520,,,A*4D
$GPGGA,234950.00,3720.002403,N,12203.811278,W,7,,0.38,54.71,M,0.0,M,0.0,0000*57
$GPRMC,234950.00,A,3720.002403,N,12203.811278,W,049.1,113.8,290520,,,A*4A
$GPGGA,234951.00,3719.997261,N,12203.796560,W,7,,0.38,54.09,M,0.0,M,0.0,0000*5A
$GPRMC,234951.00,A,3719.997261,N,12203.796560,W,046.7,113.8,290520,,,A*41
$GPGGA,234952.00,3719.992257,N,12203.782375,W,7,,0.38,53.95,M,0.0,M,0.0,0000*5C
$GPRMC,234952.00,A,3719.992257,N,12203.782375,W,044.7,113.6,290520,,,A*49
$GPGGA,234953.00,3719.987200,N,12203.768131,W,7,,0.38,54.06,M,0.0,M,0.0,0000*50
$GPRMC,234953.00,A,3719.987200,N,12203.768131,W,044.2,113.4,290520,,,A*4F
$GPGGA,234954.00,3719.982286,N,12203.754085,W,7,,0.38,53.68,M,0.0,M,0.0,0000*52
$GPRMC,234954.00,A,3719.982286,N,12203.754085,W,044.4,113.5,290520,,,A*45
$GPGGA,234955.00,3719.977276,N,12203.740142,W,7,,0.38,53.71,M,0.0,M,0.0,0000*51
$GPRMC,234955.00,A,3719.977276,N,12203.740142,W,044.3,113.4,290520,,,A*48
$GPGGA,234956.00,3719.972631,N,12203.726138,W,7,,0.38,53.73,M,0.0,M,0.0,0000*5F
$GPRMC,234956.00,A,3719.972631,N,12203.726138,W,043.8,112.9,290520,,,A*44
$GPGGA,234957.00,3719.967711,N,12203.711941,W,7,,0.38,53.90,M,0.0,M,0.0,0000*56
$GPRMC,234957.00,A,3719.967711,N,12203.711941,W,043.7,113.1,290520,,,A*46
$GPGGA,234958.00,3719.963122,N,12203.698369,W,7,,0.38,53.51,M,0.0,M,0.0,0000*56
$GPRMC,234958.00,A,3719.963122,N,12203.698369,W,042.6,112.7,290520,,,A*4C
$GPGGA,234959.00,3719.959084,N,12203.686070,W,7,,0.38,53.14,M,0.0,M,0.0,0000*56
$GPRMC,234959.00,A,3719.959084,N,12203.686070,W,038.1,111.9,290520,,,A*4A
$GPGGA,235000.00,3719.955388,N,12203.674213,W,7,,0.38,53.12,M,0.0,M,0.0,0000*5D
$GPRMC,235000.00,A,3719.955388,N,12203.674213,W,035.9,111.8,290520,,,A*43
$GPGGA,235001.00,3719.952004,N,12203.662609,W,7,,0.38,52.65,M,0.0,M,0.0,0000*55
$GPRMC,235001.00,A,3719.952004,N,12203.662609,W,035.5,110.3,290520,,,A*4C
$GPGGA,235002.00,3719.948680,N,12203.650891,W,7,,0.38,52.25,M,0.0,M,0.0,0000*5D
$GPRMC,235002.00,A,3719.948680,N,12203.650891,W,035.2,109.4,290520,,,A*48
$GPGGA,235003.00,3719.945445,N,12203.639420,W,7,,0.38,51.27,M,0.0,M,0.0,0000*52
$GPRMC,235003.00,A,3719.945445,N,12203.639420,W,035.4,109.2,290520,,,A*46
$GPGGA,235004.00,3719.942374,N,12203.627365,W,7,,0.38,50.79,M,0.0,M,0.0,0000*54
$GPRMC,235004.00,A,3719.942374,N,12203.627365,W,036.1,108.9,290520,,,A*46
$GPGGA,235005.00,3719.938989,N,12203.615029,W,7,,0.38,50.63,M,0.0,M,0.0,0000*51
$GPRMC,235005.00,A,3719.938989,N,12203.615029,W,037.0,106.9,290520,,,A*46
$GPGGA,235006.00,3719.935912,N,12203.601943,W,7,,0.38,50.80,M,0.0,M,0.0,0000*50
$GPRMC,235006.00,A,3719.935912,N,12203.601943,W,038.4,106.3,290520,,,A*4B
$GPGGA,235007.00,3719.932990,N,12203.588204,W,7,,0.38,51.02,M,0.0,M,0.0,0000*5D
$GPRMC,235007.00,A,3719.932990,N,12203.588204,W,039.8,106.3,290520,,,A*40
$GPGGA,235008.00,3719.929659,N,12203.574655,W,7,,0.38,51.20,M,0.0,M,0.0,0000*51
$GPRMC,235008.00,A,3719.929659,N,12203.574655,W,041.0,106.0,290520,,,A*48
$GPGGA,235009.00,3719.926293,N,12203.560567,W,7,,0.38,51.31,M,0.0,M,0.0,0000*5A
$GPRMC,235009.00,A,3719.926293,N,12203.560567,W,042.2,106.1,290520,,,A*43
$GPGGA,235010.00,3719.922897,N,12203.546054,W,7,,0.38,52.01,M,0.0,M,0.0,0000*59
$GPRMC,235010.00,A,3719.922897,N,12203.546054,W,043.2,105.8,290520,,,A*4B
$GPGGA,235011.00,3719.919574,N,12203.531234,W,7,,0.38,51.92,M,0.0,M,0.0,0000*5D
$GPRMC,235011.00,A,3719.919574,N,12203.531234,W,043.9,105.3,290520,,,A*46
$GPGGA,235012.00,3719.916189,N,12203.516275,W,7,,0.38,52.05,M,0.0,M,0.0,0000*5A
$GPRMC,235012.00,A,3719.916189,N,12203.516275,W,044.7,105.4,290520,,,A*42
$GPGGA,235013.00,3719.912721,N,12203.501137,W,7,,0.38,52.51,M,0.0,M,0.0,0000*59
$GPRMC,235013.00,A,3719.912721,N,12203.501137,W,045.1,105.9,290520,,,A*4A
$GPGGA,235014.00,3719.909295,N,12203.486371,W,7,,0.38,52.38,M,0.0,M,0.0,0000*5F
$GPRMC,235014.00,A,3719.909295,N,12203.486371,W,045.1,106.7,290520,,,A*4E
$GPGGA,235015.00,3719.905791,N,12203.471588,W,7,,0.38,53.02,M,0.0,M,0.0,0000*53
$GPRMC,235015.00,A,3719.905791,N,12203.471588,W,045.0,106.5,290520,,,A*49
$GPGGA,235016.00,3719.902462,N,12203.456924,W,7,,0.38,53.69,M,0.0,M,0.0,0000*5A
$GPRMC,235016.00,A,3719.902462,N,12203.456924,W,044.1,106.3,290520,,,A*4B
$GPGGA,235017.00,3719.899390,N,12203.442349,W,7,,0.38,54.21,M,0.0,M,0.0,0000*5D
$GPRMC,235017.00,A,3719.899390,N,12203.442349,W,043.1,106.4,290520,,,A*47
$GPGGA,235018.00,3719.896131,N,12203.428028,W,7,,0.38,54.72,M,0.0,M,0.0,0000*5A
$GPRMC,235018.00,A,3719.896131,N,12203.428028,W,042.4,106.9,290520,,,A*4F
$GPGGA,235019.00,3719.892729,N,12203.413729,W,7,,0.38,55.17,M,0.0,M,0.0,0000*5C
$GPRMC,235019.00,A,3719.892729,N,12203.413729,W,042.4,107.6,290520,,,A*45
$GPGGA,235020.00,3719.889021,N,12203.399737,W,7,,0.38,55.32,M,0.0,M,0.0,0000*5E
$GPRMC,235020.00,A,3719.889021,N,12203.399737,W,042.6,109.2,290520,,,A*48
$GPGGA,235021.00,3719.884965,N,12203.385644,W,7,,0.38,55.65,M,0.0,M,0.0,0000*51
$GPRMC,235021.00,A,3719.884965,N,12203.385644,W,042.7,111.1,290520,,,A*4E
$GPGGA,235022.00,3719.880430,N,12203.371874,W,7,,0.38,56.30,M,0.0,M,0.0,0000*5E
$GPRMC,235022.00,A,3719.880430,N,12203.371874,W,042.8,112.8,290520,,,A*47
$GPGGA,235023.00,3719.875407,N,12203.357989,W,7,,0.38,56.61,M,0.0,M,0.0,0000*52
$GPRMC,235023.00,A,3719.875407,N,12203.357989,W,043.0,114.4,290520,,,A*4C
$GPGGA,235024.00,3719.870290,N,12203.344250,W,7,,0.38,57.02,M,0.0,M,0.0,0000*51
$GPRMC,235024.00,A,3719.870290,N,12203.344250,W,043.6,115.3,290520,,,A*4B
$GPGGA,235025.00,3719.864806,N,12203.330497,W,7,,0.38,57.82,M,0.0,M,0.0,0000*56
$GPRMC,235025.00,A,3719.864806,N,12203.330497,W,044.5,117.0,290520,,,A*41
$GPGGA,235026.00,3719.858896,N,12203.316769,W,7,,0.38,57.96,M,0.0,M,0.0,0000*50
$GPRMC,235026.00,A,3719.858896,N,12203.316769,W,045.2,119.4,290520,,,A*4E
$GPGGA,235027.00,3719.852613,N,12203.303108,W,7,,0.38,57.63,M,0.0,M,0.0,0000*57
$GPRMC,235027.00,A,3719.852613,N,12203.303108,W,046.0,121.8,290520,,,A*45
$GPGGA,235028.00,3719.845521,N,12203.289385,W,7,,0.38,62.61,M,0.0,M,0.0,0000*5C
$GPRMC,235028.00,A,3719.845521,N,12203.289385,W,046.9,123.6,290520,,,A*4F
$GPGGA,235029.00,3719.838208,N,12203.275460,W,7,,0.38,60.74,M,0.0,M,0.0,0000*52
$GPRMC,235029.00,A,3719.838208,N,12203.275460,W,047.9,125.6,290520,,,A*40
$GPGGA,235030.00,3719.830491,N,12203.261756,W,7,,0.38,59.49,M,0.0,M,0.0,0000*53
$GPRMC,235030.00,A,3719.830491,N,12203.261756,W,048.7,127.3,290520,,,A*43
$GPGGA,235031.00,3719.822031,N,12203.248021,W,7,,0.38,58.65,M,0.0,M,0.0,0000*5C
$GPRMC,235031.00,A,3719.822031,N,12203.248021,W,049.6,129.3,290520,,,A*4D
$GPGGA,235032.00,3719.813019,N,12203.234677,W,7,,0.38,57.47,M,0.0,M,0.0,0000*56
$GPRMC,235032.00,A,3719.813019,N,12203.234677,W,050.5,131.4,290520,,,A*4D
$GPGGA,235033.00,3719.803492,N,12203.221177,W,7,,0.38,56.75,M,0.0,M,0.0,0000*52
$GPRMC,235033.00,A,3719.803492,N,12203.221177,W,050.9,133.5,290520,,,A*46
$GPGGA,235034.00,3719.793628,N,12203.208349,W,7,,0.38,56.12,M,0.0,M,0.0,0000*55
$GPRMC,235034.00,A,3719.793628,N,12203.208349,W,050.8,135.8,290520,,,A*4A
$GPGGA,235035.00,3719.783367,N,12203.196433,W,7,,0.38,55.95,M,0.0,M,0.0,0000*59
$GPRMC,235035.00,A,3719.783367,N,12203.196433,W,050.5,137.6,290520,,,A*4B
$GPGGA,235036.00,3719.772808,N,12203.184860,W,7,,0.38,55.86,M,0.0,M,0.0,0000*5D
$GPRMC,235036.00,A,3719.772808,N,12203.184860,W,050.1,138.9,290520,,,A*49
$GPGGA,235037.00,3719.761947,N,12203.173885,W,7,,0.38,55.68,M,0.0,M,0.0,0000*57
$GPRMC,235037.00,A,3719.761947,N,12203.173885,W,049.7,140.7,290520,,,A*4C
$GPGGA,235038.00,3719.751064,N,12203.163325,W,7,,0.38,55.87,M,0.0,M,0.0,0000*52
$GPRMC,235038.00,A,3719.751064,N,12203.163325,W,049.5,142.9,290520,,,A*46
$GPGGA,235039.00,3719.739646,N,12203.153264,W,7,,0.38,55.60,M,0.0,M,0.0,0000*55
$GPRMC,235039.00,A,3719.739646,N,12203.153264,W,049.8,145.1,290520,,,A*4A
$GPGGA,235040.00,3719.728017,N,12203.143658,W,7,,0.38,55.68,M,0.0,M,0.0,0000*5B
$GPRMC,235040.00,A,3719.728017,N,12203.143658,W,050.1,147.0,290520,,,A*4E
$GPGGA,235041.00,3719.716000,N,12203.134231,W,7,,0.38,55.77,M,0.0,M,0.0,0000*54
$GPRMC,235041.00,A,3719.716000,N,12203.134231,W,050.5,148.6,290520,,,A*42
$GPGGA,235042.00,3719.703712,N,12203.125423,W,7,,0.38,56.08,M,0.0,M,0.0,0000*59
$GPRMC,235042.00,A,3719.703712,N,12203.125423,W,050.9,150.7,290520,,,A*40
$GPGGA,235043.00,3719.691346,N,12203.117149,W,7,,0.38,55.91,M,0.0,M,0.0,0000*5C
$GPRMC,235043.00,A,3719.691346,N,12203.117149,W,051.2,152.7,290520,,,A*4E
$GPGGA,235044.00,3719.678308,N,12203.109223,W,7,,0.38,56.20,M,0.0,M,0.0,0000*5F
$GPRMC,235044.00,A,3719.678308,N,12203.109223,W,051.6,154.2,290520,,,A*43
$GPGGA,235045.00,3719.665353,N,12203.101915,W,7,,0.38,55.92,M,0.0,M,0.0,0000*50
$GPRMC,235045.00,A,3719.665353,N,12203.101915,W,051.2,155.8,290520,,,A*49
$GPGGA,235046.00,3719.652484,N,12203.094872,W,7,,0.38,55.65,M,0.0,M,0.0,0000*5F
$GPRMC,235046.00,A,3719.652484,N,12203.094872,W,050.6,156.7,290520,,,A*47
$GPGGA,235047.00,3719.639608,N,12203.088343,W,7,,0.38,54.98,M,0.0,M,0.0,0000*52
$GPRMC,235047.00,A,3719.639608,N,12203.088343,W,049.7,160.3,290520,,,A*41
$GPGGA,235048.00,3719.626624,N,12203.082541,W,7,,0.38,54.44,M,0.0,M,0.0,0000*52
$GPRMC,235048.00,A,3719.626624,N,12203.082541,W,049.2,162.1,290520,,,A*45
$GPGGA,235049.00,3719.613471,N,12203.077220,W,7,,0.38,56.21,M,0.0,M,0.0,0000*5C
$GPRMC,235049.00,A,3719.613471,N,12203.077220,W,049.8,163.0,290520,,,A*40
$GPGGA,235050.00,3719.599971,N,12203.072299,W,7,,0.38,55.77,M,0.0,M,0.0,0000*5F
$GPRMC,235050.00,A,3719.599971,N,12203.072299,W,050.5,163.5,290520,,,A*43
$GPGGA,235051.00,3719.586352,N,12203.067445,W,7,,0.38,54.82,M,0.0,M,0.0,0000*53
$GPRMC,235051.00,A,3719.586352,N,12203.067445,W,050.9,165.1,290520,,,A*4A
$GPGGA,235052.00,3719.572869,N,12203.063089,W,7,,0.38,54.12,M,0.0,M,0.0,0000*51
$GPRMC,235052.00,A,3719.572869,N,12203.063089,W,051.3,167.0,290520,,,A*49
$GPGGA,235053.00,3719.558961,N,12203.059238,W,7,,0.38,53.66,M,0.0,M,0.0,0000*54
$GPRMC,235053.00,A,3719.558961,N,12203.059238,W,051.5,169.2,290520,,,A*42
$GPGGA,235054.00,3719.544766,N,12203.056304,W,7,,0.38,53.59,M,0.0,M,0.0,0000*5A
$GPRMC,235054.00,A,3719.544766,N,12203.056304,W,051.2,171.5,290520,,,A*49
$GPGGA,235055.00,3719.530930,N,12203.053957,W,7,,0.38,53.61,M,0.0,M,0.0,0000*57
$GPRMC,235055.00,A,3719.530930,N,12203.053957,W,050.6,172.7,290520,,,A*4B
$GPGGA,235056.00,3719.517459,N,12203.052337,W,7,,0.38,52.97,M,0.0,M,0.0,0000*56
$GPRMC,235056.00,A,3719.517459,N,12203.052337,W,049.8,174.8,290520,,,A*4D
$GPGGA,235057.00,3719.503479,N,12203.051138,W,7,,0.38,52.49,M,0.0,M,0.0,0000*5D
$GPRMC,235057.00,A,3719.503479,N,12203.051138,W,049.1,175.3,290520,,,A*46
$GPGGA,235058.00,3719.489998,N,12203.049805,W,7,,0.38,52.72,M,0.0,M,0.0,0000*55
$GPRMC,235058.00,A,3719.489998,N,12203.049805,W,048.1,174.3,290520,,,A*46
$GPGGA,235059.00,3719.477368,N,12203.048396,W,7,,0.38,53.01,M,0.0,M,0.0,0000*55
$GPRMC,235059.00,A,3719.477368,N,12203.048396,W,045.8,173.7,290520,,,A*44
$GPGGA,235100.00,3719.465535,N,12203.046926,W,7,,0.38,53.54,M,0.0,M,0.0,0000*5A
$GPRMC,235100.00,A,3719.465535,N,12203.046926,W,042.8,174.6,290520,,,A*4A
$GPGGA,235101.00,3719.454633,N,12203.045941,W,7,,0.38,54.35,M,0.0,M,0.0,0000*5E
$GPRMC,235101.00,A,3719.454633,N,12203.045941,W,039.4,175.3,290520,,,A*4A
$GPGGA,235102.00,3719.444140,N,12203.044939,W,7,,0.38,54.98,M,0.0,M,0.0,0000*56
$GPRMC,235102.00,A,3719.444140,N,12203.044939,W,036.9,174.8,290520,,,A*4D
$GPGGA,235103.00,3719.434347,N,12203.043721,W,7,,0.38,55.36,M,0.0,M,0.0,0000*50
$GPRMC,235103.00,A,3719.434347,N,12203.043721,W,035.1,174.1,290520,,,A*4C
$GPGGA,235104.00,3719.425282,N,12203.042485,W,7,,0.38,56.35,M,0.0,M,0.0,0000*53
$GPRMC,235104.00,A,3719.425282,N,12203.042485,W,032.7,173.7,290520,,,A*4F
$GPGGA,235105.00,3719.417049,N,12203.041442,W,7,,0.38,56.93,M,0.0,M,0.0,0000*52
$GPRMC,235105.00,A,3719.417049,N,12203.041442,W,029.4,175.2,290520,,,A*48
$GPGGA,235106.00,3719.409825,N,12203.040847,W,7,,0.38,57.54,M,0.0,M,0.0,0000*5E
$GPRMC,235106.00,A,3719.409825,N,12203.040847,W,025.8,177.1,290520,,,A*4F
$GPGGA,235107.00,3719.403735,N,12203.040536,W,7,,0.38,57.54,M,0.0,M,0.0,0000*50
$GPRMC,235107.00,A,3719.403735,N,12203.040536,W,022.1,178.0,290520,,,A*41
$GPGGA,235108.00,3719.398726,N,12203.040331,W,7,,0.38,58.03,M,0.0,M,0.0,0000*54
$GPRMC,235108.00,A,3719.398726,N,12203.040331,W,018.4,178.2,290520,,,A*46
$GPGGA,235109.00,3719.394718,N,12203.040224,W,7,,0.38,58.40,M,0.0,M,0.0,0000*56
$GPRMC,235109.00,A,3719.394718,N,12203.040224,W,014.8,177.8,290520,,,A*46
$GPGGA,235110.00,3719.391688,N,12203.040152,W,7,,0.38,58.57,M,0.0,M,0.0,0000*57
$GPRMC,235110.00,A,3719.391688,N,12203.040152,W,011.3,177.8,290520,,,A*4F
$GPGGA,235111.00,3719.389479,N,12203.040217,W,7,,0.38,58.87,M,0.0,M,0.0,0000*5C
$GPRMC,235111.00,A,3719.389479,N,12203.040217,W,008.6,177.5,290520,,,A*49
$GPGGA,235112.00,3719.387932,N,12203.040152,W,7,,0.38,59.04,M,0.0,M,0.0,0000*5B
$GPRMC,235112.00,A,3719.387932,N,12203.040152,W,005.8,177.4,290520,,,A*46
$GPGGA,235113.00,3719.386648,N,12203.040308,W,7,,0.38,59.15,M,0.0,M,0.0,0000*54
$GPRMC,235113.00,A,3719.386648,N,12203.040308,W,004.7,177.4,290520,,,A*47
$GPGGA,235114.00,3719.385423,N,12203.040025,W,7,,0.38,59.20,M,0.0,M,0.0,0000*55
$GPRMC,235114.00,A,3719.385423,N,12203.040025,W,004.1,177.2,290520,,,A*40
$GPGGA,235115.00,3719.384739,N,12203.039737,W,7,,0.38,59.14,M,0.0,M,0.0,0000*50
$GPRMC,235115.00,A,3719.384739,N,12203.039737,W,003.2,177.1,290520,,,A*45
$GPGGA,235116.00,3719.384206,N,12203.039648,W,7,,0.38,59.44,M,0.0,M,0.0,0000*56
$GPRMC,235116.00,A,3719.384206,N,12203.039648,W,001.7,177.2,290520,,,A*42
$GPGGA,235117.00,3719.384145,N,12203.039581,W,7,,0.38,59.34,M,0.0,M,0.0,0000*52
$GPRMC,235117.00,A,3719.384145,N,12203.039581,W,000.0,000.0,290520,,,A*44
$GPGGA,235118.00,3719.384151,N,12203.039636,W,7,,0.38,59.03,M,0.0,M,0.0,0000*53
$GPRMC,235118.00,A,3719.384151,N,12203.039636,W,000.0,000.0,290520,,,A*41
$GPGGA,235119.00,3719.384145,N,12203.039702,W,7,,0.38,59.03,M,0.0,M,0.0,0000*51
$GPRMC,235119.00,A,3719.384145,N,12203.039702,W,000.0,000.0,290520,,,A*43
$GPGGA,235120.00,3719.384200,N,12203.039762,W,7,,0.38,59.74,M,0.0,M,0.0,0000*5F
$GPRMC,235120.00,A,3719.384200,N,12203.039762,W,000.0,000.0,290520,,,A*4D
$GPGGA,235121.00,3719.384289,N,12203.039767,W,7,,0.38,59.20,M,0.0,M,0.0,0000*5B
$GPRMC,235121.00,A,3719.384289,N,12203.039767,W,000.0,000.0,290520,,,A*48
$GPGGA,235122.00,3719.384589,N,12203.039983,W,7,,0.38,58.50,M,0.0,M,0.0,0000*5D
$GPRMC,235122.00,A,3719.384589,N,12203.039983,W,000.0,000.0,290520,,,A*48
$GPGGA,235123.00,3719.384674,N,12203.040055,W,7,,0.38,58.37,M,0.0,M,0.0,0000*50
$GPRMC,235123.00,A,3719.384674,N,12203.040055,W,000.0,000.0,290520,,,A*44
$GPGGA,235124.00,3719.384794,N,12203.040038,W,7,,0.38,58.46,M,0.0,M,0.0,0000*55
$GPRMC,235124.00,A,3719.384794,N,12203.040038,W,000.0,000.0,290520,,,A*47
$GPGGA,235125.00,3719.384871,N,12203.040055,W,7,,0.38,58.67,M,0.0,M,0.0,0000*58
$GPRMC,235125.00,A,3719.384871,N,12203.040055,W,000.0,000.0,290520,,,A*49
$GPGGA,235126.00,3719.384926,N,12203.039941,W,7,,0.38,58.59,M,0.0,M,0.0,0000*57
$GPRMC,235126.00,A,3719.384926,N,12203.039941,W,000.0,000.0,290520,,,A*4B
$GPGGA,235127.00,3719.384907,N,12203.039918,W,7,,0.38,58.66,M,0.0,M,0.0,0000*55
$GPRMC,235127.00,A,3719.384907,N,12203.039918,W,000.0,000.0,290520,,,A*45
$GPGGA,235128.00,3719.384890,N,12203.039660,W,7,,0.38,59.06,M,0.0,M,0.0,0000*52
$GPRMC,235128.00,A,3719.384890,N,12203.039660,W,000.0,000.0,290520,,,A*45
$GPGGA,235129.00,3719.384536,N,12203.039611,W,7,,0.38,59.11,M,0.0,M,0.0,0000*52
$GPRMC,235129.00,A,3719.384536,N,12203.039611,W,001.5,177.0,290520,,,A*46
$GPGGA,235130.00,3719.383125,N,12203.039449,W,7,,0.38,59.13,M,0.0,M,0.0,0000*56
$GPRMC,235130.00,A,3719.383125,N,12203.039449,W,005.4,175.7,290520,,,A*40
$GPGGA,235131.00,3719.380768,N,12203.038916,W,7,,0.38,59.40,M,0.0,M,0.0,0000*5B
$GPRMC,235131.00,A,3719.380768,N,12203.038916,W,008.6,169.5,290520,,,A*4B
$GPGGA,235132.00,3719.377606,N,12203.037373,W,7,,0.38,59.43,M,0.0,M,0.0,0000*5C
$GPRMC,235132.00,A,3719.377606,N,12203.037373,W,010.6,156.2,290520,,,A*4D
$GPGGA,235133.00,3719.374953,N,12203.035238,W,7,,0.38,59.73,M,0.0,M,0.0,0000*5E
$GPRMC,235133.00,A,3719.374953,N,12203.035238,W,011.2,146.2,290520,,,A*48
$GPGGA,235134.00,3719.372710,N,12203.032315,W,7,,0.38,59.85,M,0.0,M,0.0,0000*56
$GPRMC,235134.00,A,3719.372710,N,12203.032315,W,011.1,135.7,290520,,,A*4B
$GPGGA,235135.00,3719.371150,N,12203.029255,W,7,,0.38,59.60,M,0.0,M,0.0,0000*52
$GPRMC,235135.00,A,3719.371150,N,12203.029255,W,010.9,115.0,290520,,,A*48
$GPGGA,235136.00,3719.370717,N,12203.025547,W,7,,0.38,59.48,M,0.0,M,0.0,0000*57
$GPRMC,235136.00,A,3719.370717,N,12203.025547,W,011.1,093.8,290520,,,A*49
$GPGGA,235137.00,3719.370994,N,12203.021599,W,7,,0.38,59.31,M,0.0,M,0.0,0000*5A
$GPRMC,235137.00,A,3719.370994,N,12203.021599,W,011.6,085.0,290520,,,A*42
$GPGGA,235138.00,3719.371396,N,12203.017244,W,7,,0.38,59.13,M,0.0,M,0.0,0000*5E
$GPRMC,235138.00,A,3719.371396,N,12203.017244,W,012.9,085.9,290520,,,A*43
$GPGGA,235139.00,3719.371654,N,12203.012335,W,7,,0.38,59.11,M,0.0,M,0.0,0000*54
$GPRMC,235139.00,A,3719.371654,N,12203.012335,W,013.8,087.2,290520,,,A*42
$GPGGA,235140.00,3719.371521,N,12203.007121,W,7,,0.38,59.03,M,0.0,M,0.0,0000*5B
$GPRMC,235140.00,A,3719.371521,N,12203.007121,W,014.3,090.9,290520,,,A*4F
$GPGGA,235141.00,3719.371504,N,12203.002346,W,7,,0.39,58.87,M,0.0,M,0.0,0000*57
$GPRMC,235141.00,A,3719.371504,N,12203.002346,W,013.3,091.2,290520,,,A*42
$GPGGA,235142.00,3719.371593,N,12202.997972,W,7,,0.38,58.77,M,0.0,M,0.0,0000*5D
$GPRMC,235142.00,A,3719.371593,N,12202.997972,W,012.0,094.8,290520,,,A*4B
$GPGGA,235143.00,3719.371641,N,12202.994413,W,7,,0.38,58.64,M,0.0,M,0.0,0000*5B
$GPRMC,235143.00,A,3719.371641,N,12202.994413,W,009.4,095.3,290520,,,A*4B
$GPGGA,235144.00,3719.371599,N,12202.991683,W,7,,0.38,58.60,M,0.0,M,0.0,0000*50
$GPRMC,235144.00,A,3719.371599,N,12202.991683,W,006.3,094.9,290520,,,A*47
$GPGGA,235145.00,3719.371576,N,12202.990040,W,7,,0.38,58.62,M,0.0,M,0.0,0000*5A
$GPRMC,235145.00,A,3719.371576,N,12202.990040,W,003.1,094.5,290520,,,A*44
$GPGGA,235146.00,3719.371576,N,12202.989338,W,7,,0.38,58.60,M,0.0,M,0.0,0000*5F
$GPRMC,235146.00,A,3719.371576,N,12202.989338,W,001.4,094.0,290520,,,A*41
$GPGGA,235147.00,3719.371641,N,12202.989050,W,7,,0.38,58.29,M,0.0,M,0.0,0000*59
$GPRMC,235147.00,A,3719.371641,N,12202.989050,W,001.3,094.4,290520,,,A*49
$GPGGA,235148.00,3719.371701,N,12202.988186,W,7,,0.38,58.36,M,0.0,M,0.0,0000*56
$GPRMC,235148.00,A,3719.371701,N,12202.988186,W,003.6,094.3,290520,,,A*48
$GPGGA,235149.00,3719.371665,N,12202.986325,W,7,,0.38,58.25,M,0.0,M,0.0,0000*53
$GPRMC,235149.00,A,3719.371665,N,12202.986325,W,006.8,093.1,290520,,,A*41
$GPGGA,235150.00,3719.371660,N,12202.983241,W,7,,0.38,58.40,M,0.0,M,0.0,0000*5B
$GPRMC,235150.00,A,3719.371660,N,12202.983241,W,010.0,090.7,290520,,,A*40
$GPGGA,235151.00,3719.371605,N,12202.979431,W,7,,0.38,58.41,M,0.0,M,0.0,0000*5C
$GPRMC,235151.00,A,3719.371605,N,12202.979431,W,011.8,090.2,290520,,,A*4A
$GPGGA,235152.00,3719.371569,N,12202.975225,W,7,,0.38,58.52,M,0.0,M,0.0,0000*5B
$GPRMC,235152.00,A,3719.371569,N,12202.975225,W,012.0,088.3,290520,,,A*4C
$GPGGA,235153.00,3719.372439,N,12202.970864,W,7,,0.38,58.41,M,0.0,M,0.0,0000*55
$GPRMC,235153.00,A,3719.372439,N,12202.970864,W,012.3,073.0,290520,,,A*44
$GPGGA,235154.00,3719.374329,N,12202.967336,W,7,,0.38,58.26,M,0.0,M,0.0,0000*59
$GPRMC,235154.00,A,3719.374329,N,12202.967336,W,012.7,051.3,290520,,,A*4E
$GPGGA,235155.00,3719.377456,N,12202.964695,W,7,,0.38,58.28,M,0.0,M,0.0,0000*55
$GPRMC,235155.00,A,3719.377456,N,12202.964695,W,013.5,027.7,290520,,,A*4A
$GPGGA,235156.00,3719.381356,N,12202.963658,W,7,,0.38,57.96,M,0.0,M,0.0,0000*54
$GPRMC,235156.00,A,3719.381356,N,12202.963658,W,014.2,007.2,290520,,,A*46
$GPGGA,235157.00,3719.385783,N,12202.963946,W,7,,0.38,57.36,M,0.0,M,0.0,0000*57
$GPRMC,235157.00,A,3719.385783,N,12202.963946,W,016.4,353.7,290520,,,A*4C
$GPGGA,235158.00,3719.390584,N,12202.965194,W,7,,0.38,56.93,M,0.0,M,0.0,0000*56
$GPRMC,235158.00,A,3719.390584,N,12202.965194,W,018.7,346.3,290520,,,A*4E
$GPGGA,235159.00,3719.395912,N,12202.967006,W,7,,0.38,56.68,M,0.0,M,0.0,0000*5D
$GPRMC,235159.00,A,3719.395912,N,12202.967006,W,021.9,344.3,290520,,,A*47
$GPGGA,235200.00,3719.402283,N,12202.969135,W,7,,0.38,56.44,M,0.0,M,0.0,0000*59
$GPRMC,235200.00,A,3719.402283,N,12202.969135,W,025.1,344.0,290520,,,A*42
$GPGGA,235201.00,3719.409573,N,12202.971577,W,7,,0.38,55.87,M,0.0,M,0.0,0000*5C
$GPRMC,235201.00,A,3719.409573,N,12202.971577,W,027.7,343.1,290520,,,A*49
$GPGGA,235202.00,3719.417493,N,12202.974254,W,7,,0.38,55.10,M,0.0,M,0.0,0000*52
$GPRMC,235202.00,A,3719.417493,N,12202.974254,W,030.7,343.6,290520,,,A*48
$GPGGA,235203.00,3719.425894,N,12202.977121,W,7,,0.38,54.47,M,0.0,M,0.0,0000*58
$GPRMC,235203.00,A,3719.425894,N,12202.977121,W,033.5,344.4,290520,,,A*45
$GPGGA,235204.00,3719.435572,N,12202.980464,W,7,,0.38,53.78,M,0.0,M,0.0,0000*5C
$GPRMC,235204.00,A,3719.435572,N,12202.980464,W,036.2,344.1,290520,,,A*4D
$GPGGA,235205.00,3719.445460,N,12202.983794,W,7,,0.38,53.25,M,0.0,M,0.0,0000*5F
$GPRMC,235205.00,A,3719.445460,N,12202.983794,W,037.5,344.4,290520,,,A*45
$GPGGA,235206.00,3719.455431,N,12202.987154,W,7,,0.38,52.86,M,0.0,M,0.0,0000*5F
$GPRMC,235206.00,A,3719.455431,N,12202.987154,W,038.6,344.5,290520,,,A*40
$GPGGA,235207.00,3719.465950,N,12202.990802,W,7,,0.38,52.60,M,0.0,M,0.0,0000*53
$GPRMC,235207.00,A,3719.465950,N,12202.990802,W,040.0,344.3,290520,,,A*4B
$GPGGA,235208.00,3719.476803,N,12202.994617,W,7,,0.38,52.41,M,0.0,M,0.0,0000*54
$GPRMC,235208.00,A,3719.476803,N,12202.994617,W,041.4,344.5,290520,,,A*4C
$GPGGA,235209.00,3719.488348,N,12202.998686,W,7,,0.38,52.53,M,0.0,M,0.0,0000*57
$GPRMC,235209.00,A,3719.488348,N,12202.998686,W,042.3,344.5,290520,,,A*48
$GPGGA,235210.00,3719.499501,N,12203.002555,W,7,,0.38,52.87,M,0.0,M,0.0,0000*5B
$GPRMC,235210.00,A,3719.499501,N,12203.002555,W,042.8,344.1,290520,,,A*42
$GPGGA,235211.00,3719.510913,N,12203.006684,W,7,,0.38,53.48,M,0.0,M,0.0,0000*5C
$GPRMC,235211.00,A,3719.510913,N,12203.006684,W,042.5,344.2,290520,,,A*49
$GPGGA,235212.00,3719.522589,N,12203.010817,W,7,,0.38,54.32,M,0.0,M,0.0,0000*58
$GPRMC,235212.00,A,3719.522589,N,12203.010817,W,042.3,344.4,290520,,,A*47
$GPGGA,235213.00,3719.534013,N,12203.014688,W,7,,0.38,54.89,M,0.0,M,0.0,0000*54
$GPRMC,235213.00,A,3719.534013,N,12203.014688,W,042.1,345.1,290520,,,A*4D
$GPGGA,235214.00,3719.545264,N,12203.018497,W,7,,0.38,55.36,M,0.0,M,0.0,0000*52
$GPRMC,235214.00,A,3719.545264,N,12203.018497,W,042.1,345.3,290520,,,A*4C
$GPGGA,235215.00,3719.556244,N,12203.022200,W,7,,0.38,55.68,M,0.0,M,0.0,0000*59
$GPRMC,235215.00,A,3719.556244,N,12203.022200,W,042.4,344.6,290520,,,A*4D
$GPGGA,235216.00,3719.567757,N,12203.026190,W,7,,0.38,55.95,M,0.0,M,0.0,0000*53
$GPRMC,235216.00,A,3719.567757,N,12203.026190,W,042.7,344.5,290520,,,A*45
$GPGGA,235217.00,3719.579524,N,12203.030528,W,7,,0.38,55.84,M,0.0,M,0.0,0000*5B
$GPRMC,235217.00,A,3719.579524,N,12203.030528,W,042.9,343.0,290520,,,A*41
$GPGGA,235218.00,3719.591092,N,12203.035010,W,7,,0.38,56.00,M,0.0,M,0.0,0000*5E
$GPRMC,235218.00,A,3719.591092,N,12203.035010,W,043.9,342.3,290520,,,A*48
$GPGGA,235219.00,3719.602533,N,12203.039671,W,7,,0.38,56.13,M,0.0,M,0.0,0000*57
$GPRMC,235219.00,A,3719.602533,N,12203.039671,W,044.8,341.8,290520,,,A*4D
$GPGGA,235220.00,3719.614774,N,12203.045071,W,7,,0.38,56.40,M,0.0,M,0.0,0000*50
$GPRMC,235220.00,A,3719.614774,N,12203.045071,W,045.7,340.0,290520,,,A*4B
$GPGGA,235221.00,3719.626804,N,12203.050664,W,7,,0.38,56.53,M,0.0,M,0.0,0000*5C
$GPRMC,235221.00,A,3719.626804,N,12203.050664,W,046.6,339.0,290520,,,A*49
$GPGGA,235222.00,3719.638726,N,12203.056645,W,7,,0.38,56.42,M,0.0,M,0.0,0000*5A
$GPRMC,235222.00,A,3719.638726,N,12203.056645,W,047.7,337.8,290520,,,A*49
$GPGGA,235223.00,3719.651104,N,12203.063072,W,7,,0.38,56.57,M,0.0,M,0.0,0000*52
$GPRMC,235223.00,A,3719.651104,N,12203.063072,W,048.7,337.4,290520,,,A*46
$GPGGA,235224.00,3719.663614,N,12203.069882,W,7,,0.38,56.79,M,0.0,M,0.0,0000*53
$GPRMC,235224.00,A,3719.663614,N,12203.069882,W,049.6,336.1,290520,,,A*4F
$GPGGA,235225.00,3719.676687,N,12203.077376,W,7,,0.38,57.07,M,0.0,M,0.0,0000*5B
$GPRMC,235225.00,A,3719.676687,N,12203.077376,W,050.7,335.0,290520,,,A*44
$GPGGA,235226.00,3719.689180,N,12203.084863,W,7,,0.38,57.19,M,0.0,M,0.0,0000*54
$GPRMC,235226.00,A,3719.689180,N,12203.084863,W,051.4,334.4,290520,,,A*43
$GPGGA,235227.00,3719.702091,N,12203.092807,W,7,,0.38,57.44,M,0.0,M,0.0,0000*5B
$GPRMC,235227.00,A,3719.702091,N,12203.092807,W,052.0,333.7,290520,,,A*47
$GPGGA,235228.00,3719.715441,N,12203.101195,W,7,,0.38,57.70,M,0.0,M,0.0,0000*55
$GPRMC,235228.00,A,3719.715441,N,12203.101195,W,052.4,333.3,290520,,,A*4E
$GPGGA,235229.00,3719.728666,N,12203.109379,W,7,,0.38,57.83,M,0.0,M,0.0,0000*59
$GPRMC,235229.00,A,3719.728666,N,12203.109379,W,052.8,334.3,290520,,,A*45
$GPGGA,235230.00,3719.741991,N,12203.117167,W,7,,0.38,58.09,M,0.0,M,0.0,0000*56
$GPRMC,235230.00,A,3719.741991,N,12203.117167,W,053.2,335.8,290520,,,A*46
$GPGGA,235231.00,3719.755161,N,12203.124319,W,7,,0.38,58.12,M,0.0,M,0.0,0000*54
$GPRMC,235231.00,A,3719.755161,N,12203.124319,W,053.7,337.1,290520,,,A*40
$GPGGA,235232.00,3719.769112,N,12203.131796,W,7,,0.38,58.13,M,0.0,M,0.0,0000*5A
$GPRMC,235232.00,A,3719.769112,N,12203.131796,W,054.4,336.7,290520,,,A*4C
$GPGGA,235233.00,3719.783391,N,12203.139571,W,7,,0.38,57.99,M,0.0,M,0.0,0000*58
$GPRMC,235233.00,A,3719.783391,N,12203.139571,W,054.8,336.3,290520,,,A*4B
$GPGGA,235234.00,3719.797348,N,12203.147216,W,7,,0.38,58.00,M,0.0,M,0.0,0000*5E
$GPRMC,235234.00,A,3719.797348,N,12203.147216,W,055.1,336.7,290520,,,A*4E
$GPGGA,235235.00,3719.810968,N,12203.154500,W,7,,0.38,58.02,M,0.0,M,0.0,0000*57
$GPRMC,235235.00,A,3719.810968,N,12203.154500,W,054.7,337.6,290520,,,A*42
$GPGGA,235236.00,3719.825380,N,12203.161771,W,7,,0.38,58.05,M,0.0,M,0.0,0000*5B
$GPRMC,235236.00,A,3719.825380,N,12203.161771,W,054.1,338.6,290520,,,A*40
$GPGGA,235237.00,3719.839323,N,12203.168365,W,7,,0.38,57.79,M,0.0,M,0.0,0000*52
$GPRMC,235237.00,A,3719.839323,N,12203.168365,W,053.4,339.7,290520,,,A*4F
$GPGGA,235238.00,3719.853130,N,12203.174480,W,7,,0.38,57.75,M,0.0,M,0.0,0000*5C
$GPRMC,235238.00,A,3719.853130,N,12203.174480,W,052.7,341.0,290520,,,A*47
$GPGGA,235239.00,3719.866425,N,12203.180126,W,7,,0.38,57.70,M,0.0,M,0.0,0000*5D
$GPRMC,235239.00,A,3719.866425,N,12203.180126,W,051.6,342.0,290520,,,A*42
$GPGGA,235240.00,3719.879980,N,12203.185364,W,7,,0.38,57.68,M,0.0,M,0.0,0000*57
$GPRMC,235240.00,A,3719.879980,N,12203.185364,W,050.6,343.2,290520,,,A*43
$GPGGA,235241.00,3719.893630,N,12203.190385,W,7,,0.38,57.89,M,0.0,M,0.0,0000*52
$GPRMC,235241.00,A,3719.893630,N,12203.190385,W,048.8,343.1,290520,,,A*4D
$GPGGA,235242.00,3719.906019,N,12203.195035,W,7,,0.38,58.18,M,0.0,M,0.0,0000*5B
$GPRMC,235242.00,A,3719.906019,N,12203.195035,W,046.8,344.5,290520,,,A*4E
$GPGGA,235243.00,3719.918296,N,12203.199817,W,7,,0.38,58.60,M,0.0,M,0.0,0000*5B
$GPRMC,235243.00,A,3719.918296,N,12203.199817,W,045.6,345.2,290520,,,A*4A
$GPGGA,235244.00,3719.930565,N,12203.204989,W,7,,0.38,58.95,M,0.0,M,0.0,0000*56
$GPRMC,235244.00,A,3719.930565,N,12203.204989,W,044.8,342.3,290520,,,A*44
$GPGGA,235245.00,3719.942061,N,12203.210672,W,7,,0.38,58.92,M,0.0,M,0.0,0000*5A
$GPRMC,235245.00,A,3719.942061,N,12203.210672,W,043.5,338.2,290520,,,A*49
$GPGGA,235246.00,3719.952580,N,12203.217241,W,7,,0.38,58.66,M,0.0,M,0.0,0000*5A
$GPRMC,235246.00,A,3719.952580,N,12203.217241,W,041.8,332.1,290520,,,A*44
$GPGGA,235247.00,3719.961933,N,12203.224748,W,7,,0.38,58.13,M,0.0,M,0.0,0000*51
$GPRMC,235247.00,A,3719.961933,N,12203.224748,W,041.0,324.7,290520,,,A*44
$GPGGA,235248.00,3719.970693,N,12203.233843,W,7,,0.38,57.54,M,0.0,M,0.0,0000*55
$GPRMC,235248.00,A,3719.970693,N,12203.233843,W,040.3,317.3,290520,,,A*4A
$GPGGA,235249.00,3719.978602,N,12203.244434,W,7,,0.38,56.80,M,0.0,M,0.0,0000*50
$GPRMC,235249.00,A,3719.978602,N,12203.244434,W,040.5,310.1,290520,,,A*44
$GPGGA,235250.00,3719.985255,N,12203.255828,W,7,,0.38,55.84,M,0.0,M,0.0,0000*5A
$GPRMC,235250.00,A,3719.985255,N,12203.255828,W,040.9,303.5,290520,,,A*43
$GPGGA,235251.00,3719.990835,N,12203.267990,W,7,,0.38,54.98,M,0.0,M,0.0,0000*5C
$GPRMC,235251.00,A,3719.990835,N,12203.267990,W,041.6,297.1,290520,,,A*4F
$GPGGA,235252.00,3719.995666,N,12203.281783,W,7,,0.38,54.17,M,0.0,M,0.0,0000*51
$GPRMC,235252.00,A,3719.995666,N,12203.281783,W,042.3,290.9,290520,,,A*4C
$GPGGA,235253.00,3719.999625,N,12203.295715,W,7,,0.38,53.47,M,0.0,M,0.0,0000*53
$GPRMC,235253.00,A,3719.999625,N,12203.295715,W,042.8,288.2,290520,,,A*45
$GPGGA,235254.00,3720.003483,N,12203.309726,W,7,,0.38,53.22,M,0.0,M,0.0,0000*5D
$GPRMC,235254.00,A,3720.003483,N,12203.309726,W,042.7,289.3,290520,,,A*47
$GPGGA,235255.00,3720.007564,N,12203.323142,W,7,,0.38,53.36,M,0.0,M,0.0,0000*59
$GPRMC,235255.00,A,3720.007564,N,12203.323142,W,042.1,292.2,290520,,,A*4B
$GPGGA,235256.00,3720.012166,N,12203.336329,W,7,,0.38,53.50,M,0.0,M,0.0,0000*53
$GPRMC,235256.00,A,3720.012166,N,12203.336329,W,041.4,294.2,290520,,,A*41
$GPGGA,235257.00,3720.017217,N,12203.349554,W,7,,0.38,53.31,M,0.0,M,0.0,0000*51
$GPRMC,235257.00,A,3720.017217,N,12203.349554,W,040.8,295.9,290520,,,A*43
$GPGGA,235258.00,3720.022245,N,12203.361776,W,7,,0.38,53.24,M,0.0,M,0.0,0000*53
$GPRMC,235258.00,A,3720.022245,N,12203.361776,W,040.5,297.7,290520,,,A*44
$GPGGA,235259.00,3720.027700,N,12203.374040,W,7,,0.38,53.16,M,0.0,M,0.0,0000*54
$GPRMC,235259.00,A,3720.027700,N,12203.374040,W,040.4,299.5,290520,,,A*4F
$GPGGA,235300.00,3720.033688,N,12203.386513,W,7,,0.38,52.95,M,0.0,M,0.0,0000*59
$GPRMC,235300.00,A,3720.033688,N,12203.386513,W,040.7,301.7,290520,,,A*49
$GPGGA,235301.00,3720.039922,N,12203.398579,W,7,,0.38,52.65,M,0.0,M,0.0,0000*51
$GPRMC,235301.00,A,3720.039922,N,12203.398579,W,041.1,303.3,290520,,,A*4F
$GPGGA,235302.00,3720.046431,N,12203.410309,W,7,,0.38,52.46,M,0.0,M,0.0,0000*52
$GPRMC,235302.00,A,3720.046431,N,12203.410309,W,041.3,305.2,290520,,,A*48
$GPGGA,235303.00,3720.053175,N,12203.421625,W,7,,0.38,51.98,M,0.0,M,0.0,0000*5B
$GPRMC,235303.00,A,3720.053175,N,12203.421625,W,042.1,307.0,290520,,,A*40
$GPGGA,235304.00,3720.060682,N,12203.433259,W,7,,0.38,51.51,M,0.0,M,0.0,0000*5A
$GPRMC,235304.00,A,3720.060682,N,12203.433259,W,043.1,309.8,290520,,,A*43
$GPGGA,235305.00,3720.069034,N,12203.444888,W,7,,0.38,50.90,M,0.0,M,0.0,0000*53
$GPRMC,235305.00,A,3720.069034,N,12203.444888,W,044.0,313.1,290520,,,A*42
$GPGGA,235306.00,3720.077733,N,12203.455862,W,7,,0.38,50.32,M,0.0,M,0.0,0000*53
$GPRMC,235306.00,A,3720.077733,N,12203.455862,W,044.8,315.6,290520,,,A*43
$GPGGA,235307.00,3720.086745,N,12203.466379,W,7,,0.38,49.84,M,0.0,M,0.0,0000*59
$GPRMC,235307.00,A,3720.086745,N,12203.466379,W,045.7,318.0,290520,,,A*49
$GPGGA,235308.00,3720.096879,N,12203.477179,W,7,,0.38,49.19,M,0.0,M,0.0,0000*51
$GPRMC,235308.00,A,3720.096879,N,12203.477179,W,046.7,320.5,290520,,,A*48
$GPGGA,235309.00,3720.107247,N,12203.487272,W,7,,0.38,48.64,M,0.0,M,0.0,0000*52
$GPRMC,235309.00,A,3720.107247,N,12203.487272,W,047.8,322.9,290520,,,A*40
$GPGGA,235310.00,3720.117958,N,12203.496643,W,7,,0.38,47.83,M,0.0,M,0.0,0000*5E
$GPRMC,235310.00,A,3720.117958,N,12203.496643,W,048.6,326.2,290520,,,A*44
$GPGGA,235311.00,3720.129478,N,12203.505752,W,7,,0.38,47.32,M,0.0,M,0.0,0000*5D
$GPRMC,235311.00,A,3720.129478,N,12203.505752,W,049.5,328.7,290520,,,A*44
$GPGGA,235312.00,3720.141567,N,12203.514421,W,7,,0.38,46.67,M,0.0,M,0.0,0000*59
$GPRMC,235312.00,A,3720.141567,N,12203.514421,W,050.7,331.1,290520,,,A*45
$GPGGA,235313.00,3720.154569,N,12203.522911,W,7,,0.38,45.95,M,0.0,M,0.0,0000*57
$GPRMC,235313.00,A,3720.154569,N,12203.522911,W,051.7,332.7,290520,,,A*41
$GPGGA,235314.00,3720.167265,N,12203.530807,W,7,,0.38,45.20,M,0.0,M,0.0,0000*50
$GPRMC,235314.00,A,3720.167265,N,12203.530807,W,052.8,333.5,290520,,,A*47
$GPGGA,235315.00,3720.180645,N,12203.538746,W,7,,0.38,44.40,M,0.0,M,0.0,0000*5B
$GPRMC,235315.00,A,3720.180645,N,12203.538746,W,053.9,335.2,290520,,,A*4A
$GPGGA,235316.00,3720.194896,N,12203.546402,W,7,,0.38,43.73,M,0.0,M,0.0,0000*50
$GPRMC,235316.00,A,3720.194896,N,12203.546402,W,054.4,337.6,290520,,,A*4A
$GPGGA,235317.00,3720.209122,N,12203.553320,W,7,,0.38,42.98,M,0.0,M,0.0,0000*57
$GPRMC,235317.00,A,3720.209122,N,12203.553320,W,054.4,339.4,290520,,,A*45
$GPGGA,235318.00,3720.223365,N,12203.559517,W,7,,0.38,41.98,M,0.0,M,0.0,0000*5A
$GPRMC,235318.00,A,3720.223365,N,12203.559517,W,054.3,341.7,290520,,,A*40
$GPGGA,235319.00,3720.237316,N,12203.564743,W,7,,0.38,41.06,M,0.0,M,0.0,0000*50
$GPRMC,235319.00,A,3720.237316,N,12203.564743,W,054.3,344.2,290520,,,A*4D
$GPGGA,235320.00,3720.252094,N,12203.569459,W,7,,0.38,40.36,M,0.0,M,0.0,0000*57
$GPRMC,235320.00,A,3720.252094,N,12203.569459,W,054.5,346.6,290520,,,A*48
$GPGGA,235321.00,3720.267429,N,12203.573558,W,7,,0.38,39.81,M,0.0,M,0.0,0000*5B
$GPRMC,235321.00,A,3720.267429,N,12203.573558,W,055.0,348.7,290520,,,A*4D
$GPGGA,235322.00,3720.282586,N,12203.576936,W,7,,0.38,39.54,M,0.0,M,0.0,0000*5E
$GPRMC,235322.00,A,3720.282586,N,12203.576936,W,055.4,350.4,290520,,,A*4E
$GPGGA,235323.00,3720.297501,N,12203.579774,W,7,,0.38,39.35,M,0.0,M,0.0,0000*54
$GPRMC,235323.00,A,3720.297501,N,12203.579774,W,055.8,351.9,290520,,,A*43
$GPGGA,235324.00,3720.313443,N,12203.582222,W,7,,0.38,39.20,M,0.0,M,0.0,0000*5F
$GPRMC,235324.00,A,3720.313443,N,12203.582222,W,056.2,353.8,290520,,,A*46
$GPGGA,235325.00,3720.329032,N,12203.583944,W,7,,0.38,39.23,M,0.0,M,0.0,0000*5C
$GPRMC,235325.00,A,3720.329032,N,12203.583944,W,056.4,355.7,290520,,,A*49
$GPGGA,235326.00,3720.344758,N,12203.585048,W,7,,0.38,39.21,M,0.0,M,0.0,0000*5E
$GPRMC,235326.00,A,3720.344758,N,12203.585048,W,057.0,357.4,290520,,,A*4D
$GPGGA,235327.00,3720.360279,N,12203.585611,W,7,,0.38,39.18,M,0.0,M,0.0,0000*5F
$GPRMC,235327.00,A,3720.360279,N,12203.585611,W,057.4,359.0,290520,,,A*48
$GPGGA,235328.00,3720.376198,N,12203.585773,W,7,,0.38,38.95,M,0.0,M,0.0,0000*5A
$GPRMC,235328.00,A,3720.376198,N,12203.585773,W,057.2,359.8,290520,,,A*47
$GPGGA,235329.00,3720.392554,N,12203.585731,W,7,,0.38,38.78,M,0.0,M,0.0,0000*50
$GPRMC,235329.00,A,3720.392554,N,12203.585731,W,056.7,000.0,290520,,,A*4D
$GPGGA,235330.00,3720.407902,N,12203.585648,W,7,,0.38,38.78,M,0.0,M,0.0,0000*53
$GPRMC,235330.00,A,3720.407902,N,12203.585648,W,056.2,000.5,290520,,,A*4E
$GPGGA,235331.00,3720.423363,N,12203.585276,W,7,,0.38,38.69,M,0.0,M,0.0,0000*50
$GPRMC,235331.00,A,3720.423363,N,12203.585276,W,055.3,001.5,290520,,,A*4E
$GPGGA,235332.00,3720.438939,N,12203.584825,W,7,,0.38,38.42,M,0.0,M,0.0,0000*58
$GPRMC,235332.00,A,3720.438939,N,12203.584825,W,054.0,001.1,290520,,,A*49
$GPGGA,235333.00,3720.453550,N,12203.584477,W,7,,0.38,38.31,M,0.0,M,0.0,0000*58
$GPRMC,235333.00,A,3720.453550,N,12203.584477,W,051.5,001.5,290520,,,A*49
$GPGGA,235334.00,3720.467122,N,12203.584298,W,7,,0.38,38.22,M,0.0,M,0.0,0000*5C
$GPRMC,235334.00,A,3720.467122,N,12203.584298,W,049.3,001.9,290520,,,A*4C
$GPGGA,235335.00,3720.480586,N,12203.584286,W,7,,0.38,37.93,M,0.0,M,0.0,0000*54
$GPRMC,235335.00,A,3720.480586,N,12203.584286,W,047.3,002.1,290520,,,A*44
$GPGGA,235336.00,3720.493443,N,12203.584298,W,7,,0.38,37.93,M,0.0,M,0.0,0000*52
$GPRMC,235336.00,A,3720.493443,N,12203.584298,W,045.0,001.9,290520,,,A*48
$GPGGA,235337.00,3720.506074,N,12203.584274,W,7,,0.38,37.64,M,0.0,M,0.0,0000*54
$GPRMC,235337.00,A,3720.506074,N,12203.584274,W,043.4,001.8,290520,,,A*45
$GPGGA,235338.00,3720.518055,N,12203.584286,W,7,,0.38,37.46,M,0.0,M,0.0,0000*5A
$GPRMC,235338.00,A,3720.518055,N,12203.584286,W,042.9,001.2,290520,,,A*4D
$GPGGA,235339.00,3720.529642,N,12203.584321,W,7,,0.38,37.32,M,0.0,M,0.0,0000*56
$GPRMC,235339.00,A,3720.529642,N,12203.584321,W,042.7,000.8,290520,,,A*47
$GPGGA,235340.00,3720.541779,N,12203.584393,W,7,,0.38,37.34,M,0.0,M,0.0,0000*50
$GPRMC,235340.00,A,3720.541779,N,12203.584393,W,042.4,000.3,290520,,,A*4F
$GPGGA,235341.00,3720.553462,N,12203.584460,W,7,,0.38,37.31,M,0.0,M,0.0,0000*55
$GPRMC,235341.00,A,3720.553462,N,12203.584460,W,042.2,000.3,290520,,,A*49
$GPGGA,235342.00,3720.565078,N,12203.584430,W,7,,0.38,37.15,M,0.0,M,0.0,0000*5F
$GPRMC,235342.00,A,3720.565078,N,12203.584430,W,041.9,000.2,290520,,,A*4C
$GPGGA,235343.00,3720.576352,N,12203.584411,W,7,,0.38,37.19,M,0.0,M,0.0,0000*58
$GPRMC,235343.00,A,3720.576352,N,12203.584411,W,041.5,359.8,290520,,,A*4E
$GPGGA,235344.00,3720.587853,N,12203.584393,W,7,,0.38,37.16,M,0.0,M,0.0,0000*59
$GPRMC,235344.00,A,3720.587853,N,12203.584393,W,041.5,359.9,290520,,,A*41
$GPGGA,235345.00,3720.599919,N,12203.584430,W,7,,0.38,37.13,M,0.0,M,0.0,0000*53
$GPRMC,235345.00,A,3720.599919,N,12203.584430,W,041.9,359.7,290520,,,A*4C
$GPGGA,235346.00,3720.611254,N,12203.584442,W,7,,0.38,37.01,M,0.0,M,0.0,0000*57
$GPRMC,235346.00,A,3720.611254,N,12203.584442,W,042.4,359.5,290520,,,A*47
$GPGGA,235347.00,3720.623097,N,12203.584405,W,7,,0.38,36.84,M,0.0,M,0.0,0000*55
$GPRMC,235347.00,A,3720.623097,N,12203.584405,W,043.0,359.6,290520,,,A*4F
$GPGGA,235348.00,3720.635391,N,12203.584381,W,7,,0.38,36.69,M,0.0,M,0.0,0000*50
$GPRMC,235348.00,A,3720.635391,N,12203.584381,W,043.2,359.6,290520,,,A*4B
$GPGGA,235349.00,3720.647535,N,12203.584339,W,7,,0.38,36.56,M,0.0,M,0.0,0000*53
$GPRMC,235349.00,A,3720.647535,N,12203.584339,W,043.6,359.6,290520,,,A*40
$GPGGA,235350.00,3720.659289,N,12203.584316,W,7,,0.38,36.46,M,0.0,M,0.0,0000*58
$GPRMC,235350.00,A,3720.659289,N,12203.584316,W,043.9,359.4,290520,,,A*47
$GPGGA,235351.00,3720.671422,N,12203.584351,W,7,,0.38,36.27,M,0.0,M,0.0,0000*50
$GPRMC,235351.00,A,3720.671422,N,12203.584351,W,043.8,359.2,290520,,,A*4F
$GPGGA,235352.00,3720.683691,N,12203.584418,W,7,,0.38,35.99,M,0.0,M,0.0,0000*58
$GPRMC,235352.00,A,3720.683691,N,12203.584418,W,043.8,359.1,290520,,,A*42
$GPGGA,235353.00,3720.696231,N,12203.584483,W,7,,0.38,35.63,M,0.0,M,0.0,0000*54
$GPRMC,235353.00,A,3720.696231,N,12203.584483,W,043.8,359.1,290520,,,A*4B
$GPGGA,235354.00,3720.708417,N,12203.584556,W,7,,0.38,35.38,M,0.0,M,0.0,0000*50
$GPRMC,235354.00,A,3720.708417,N,12203.584556,W,044.0,359.2,290520,,,A*4D
$GPGGA,235355.00,3720.720381,N,12203.584567,W,7,,0.38,35.14,M,0.0,M,0.0,0000*5F
$GPRMC,235355.00,A,3720.720381,N,12203.584567,W,044.3,359.3,290520,,,A*4E
$GPGGA,235356.00,3720.733168,N,12203.584586,W,7,,0.38,34.78,M,0.0,M,0.0,0000*5F
$GPRMC,235356.00,A,3720.733168,N,12203.584586,W,045.0,359.6,290520,,,A*42
$GPGGA,235357.00,3720.745798,N,12203.584544,W,7,,0.38,34.47,M,0.0,M,0.0,0000*54
$GPRMC,235357.00,A,3720.745798,N,12203.584544,W,045.8,359.6,290520,,,A*4D
$GPGGA,235358.00,3720.758638,N,12203.584514,W,7,,0.38,34.27,M,0.0,M,0.0,0000*5F
$GPRMC,235358.00,A,3720.758638,N,12203.584514,W,046.7,359.6,290520,,,A*4C
$GPGGA,235359.00,3720.771412,N,12203.584453,W,7,,0.38,33.97,M,0.0,M,0.0,0000*51
$GPRMC,235359.00,A,3720.771412,N,12203.584453,W,047.5,000.0,290520,,,A*44
$GPGGA,235400.00,3720.784768,N,12203.584370,W,7,,0.38,33.68,M,0.0,M,0.0,0000*58
$GPRMC,235400.00,A,3720.784768,N,12203.584370,W,048.5,000.0,290520,,,A*42
$GPGGA,235401.00,3720.798783,N,12203.584291,W,7,,0.38,33.30,M,0.0,M,0.0,0000*52
$GPRMC,235401.00,A,3720.798783,N,12203.584291,W,049.2,359.9,290520,,,A*45
$GPGGA,235402.00,3720.812272,N,12203.584237,W,7,,0.38,33.07,M,0.0,M,0.0,0000*5F
$GPRMC,235402.00,A,3720.812272,N,12203.584237,W,049.9,359.7,290520,,,A*49
$GPGGA,235403.00,3720.826240,N,12203.584237,W,7,,0.38,32.84,M,0.0,M,0.0,0000*52
$GPRMC,235403.00,A,3720.826240,N,12203.584237,W,050.7,359.5,290520,,,A*4A
$GPGGA,235404.00,3720.840874,N,12203.584274,W,7,,0.38,32.57,M,0.0,M,0.0,0000*51
$GPRMC,235404.00,A,3720.840874,N,12203.584274,W,051.5,359.8,290520,,,A*49
$GPGGA,235405.00,3720.855435,N,12203.584304,W,7,,0.38,32.29,M,0.0,M,0.0,0000*52
$GPRMC,235405.00,A,3720.855435,N,12203.584304,W,052.3,359.5,290520,,,A*4B
$GPGGA,235406.00,3720.869529,N,12203.584358,W,7,,0.38,32.07,M,0.0,M,0.0,0000*57
$GPRMC,235406.00,A,3720.869529,N,12203.584358,W,052.9,359.5,290520,,,A*48
$GPGGA,235407.00,3720.884362,N,12203.584483,W,7,,0.38,31.75,M,0.0,M,0.0,0000*5B
$GPRMC,235407.00,A,3720.884362,N,12203.584483,W,053.6,359.4,290520,,,A*4D
$GPGGA,235408.00,3720.899422,N,12203.584688,W,7,,0.38,31.57,M,0.0,M,0.0,0000*52
$GPRMC,235408.00,A,3720.899422,N,12203.584688,W,054.2,359.1,290520,,,A*42
$GPGGA,235409.00,3720.915093,N,12203.585083,W,7,,0.38,31.15,M,0.0,M,0.0,0000*52
$GPRMC,235409.00,A,3720.915093,N,12203.585083,W,055.0,358.4,290520,,,A*43
$GPGGA,235410.00,3720.930508,N,12203.585696,W,7,,0.38,30.73,M,0.0,M,0.0,0000*59
$GPRMC,235410.00,A,3720.930508,N,12203.585696,W,055.6,357.5,290520,,,A*41
$GPGGA,235411.00,3720.945513,N,12203.586637,W,7,,0.38,30.35,M,0.0,M,0.0,0000*5A
$GPRMC,235411.00,A,3720.945513,N,12203.586637,W,056.0,356.4,290520,,,A*45
$GPGGA,235412.00,3720.961719,N,12203.588101,W,7,,0.38,29.99,M,0.0,M,0.0,0000*55
$GPRMC,235412.00,A,3720.961719,N,12203.588101,W,056.1,355.0,290520,,,A*42
$GPGGA,235413.00,3720.977380,N,12203.589872,W,7,,0.38,29.54,M,0.0,M,0.0,0000*5A
$GPRMC,235413.00,A,3720.977380,N,12203.589872,W,056.6,354.1,290520,,,A*4B
$GPGGA,235414.00,3720.993087,N,12203.592014,W,7,,0.38,29.24,M,0.0,M,0.0,0000*56
$GPRMC,235414.00,A,3720.993087,N,12203.592014,W,057.1,353.3,290520,,,A*43
$GPGGA,235415.00,3721.008483,N,12203.594461,W,7,,0.38,29.29,M,0.0,M,0.0,0000*50
$GPRMC,235415.00,A,3721.008483,N,12203.594461,W,057.4,352.2,290520,,,A*4D
$GPGGA,235416.00,3721.024264,N,12203.597317,W,7,,0.38,29.47,M,0.0,M,0.0,0000*5F
$GPRMC,235416.00,A,3721.024264,N,12203.597317,W,057.5,351.4,290520,,,A*4E
$GPGGA,235417.00,3721.040458,N,12203.600707,W,7,,0.38,29.99,M,0.0,M,0.0,0000*5E
$GPRMC,235417.00,A,3721.040458,N,12203.600707,W,057.1,349.9,290520,,,A*4C
$GPGGA,235418.00,3721.055602,N,12203.604343,W,7,,0.38,30.50,M,0.0,M,0.0,0000*55
$GPRMC,235418.00,A,3721.055602,N,12203.604343,W,056.7,348.7,290520,,,A*42
$GPGGA,235419.00,3721.070931,N,12203.608442,W,7,,0.38,31.00,M,0.0,M,0.0,0000*52
$GPRMC,235419.00,A,3721.070931,N,12203.608442,W,056.3,347.6,290520,,,A*4B
$GPGGA,235420.00,3721.086519,N,12203.612942,W,7,,0.38,31.61,M,0.0,M,0.0,0000*56
$GPRMC,235420.00,A,3721.086519,N,12203.612942,W,055.7,346.8,290520,,,A*40
$GPGGA,235421.00,3721.101585,N,12203.617622,W,7,,0.38,31.91,M,0.0,M,0.0,0000*5F
$GPRMC,235421.00,A,3721.101585,N,12203.617622,W,055.2,345.7,290520,,,A*4F
$GPGGA,235422.00,3721.115877,N,12203.622367,W,7,,0.38,32.22,M,0.0,M,0.0,0000*50
$GPRMC,235422.00,A,3721.115877,N,12203.622367,W,054.9,344.9,290520,,,A*4E
$GPGGA,235423.00,3721.130524,N,12203.627546,W,7,,0.38,32.29,M,0.0,M,0.0,0000*56
$GPRMC,235423.00,A,3721.130524,N,12203.627546,W,054.9,343.9,290520,,,A*44
$GPGGA,235424.00,3721.145283,N,12203.633144,W,7,,0.38,32.02,M,0.0,M,0.0,0000*53
$GPRMC,235424.00,A,3721.145283,N,12203.633144,W,055.4,342.7,290520,,,A*4B
$GPGGA,235425.00,3721.160421,N,12203.639269,W,7,,0.38,31.86,M,0.0,M,0.0,0000*52
$GPRMC,235425.00,A,3721.160421,N,12203.639269,W,055.7,341.4,290520,,,A*46
$GPGGA,235426.00,3721.175025,N,12203.645654,W,7,,0.38,31.35,M,0.0,M,0.0,0000*5C
$GPRMC,235426.00,A,3721.175025,N,12203.645654,W,055.6,340.3,290520,,,A*47
$GPGGA,235427.00,3721.189023,N,12203.652169,W,7,,0.38,31.10,M,0.0,M,0.0,0000*50
$GPRMC,235427.00,A,3721.189023,N,12203.652169,W,055.4,339.1,290520,,,A*42
$GPGGA,235428.00,3721.203898,N,12203.659381,W,7,,0.38,30.69,M,0.0,M,0.0,0000*56
$GPRMC,235428.00,A,3721.203898,N,12203.659381,W,055.0,339.0,290520,,,A*4E
$GPGGA,235429.00,3721.217931,N,12203.666389,W,7,,0.38,30.00,M,0.0,M,0.0,0000*5B
$GPRMC,235429.00,A,3721.217931,N,12203.666389,W,054.3,338.7,290520,,,A*48
$GPGGA,235430.00,3721.231906,N,12203.673434,W,7,,0.38,29.19,M,0.0,M,0.0,0000*56
$GPRMC,235430.00,A,3721.231906,N,12203.673434,W,053.9,338.2,290520,,,A*4D
$GPGGA,235431.00,3721.245363,N,12203.680298,W,7,,0.38,28.30,M,0.0,M,0.0,0000*5B
$GPRMC,235431.00,A,3721.245363,N,12203.680298,W,053.4,338.0,290520,,,A*45
$GPGGA,235432.00,3721.259086,N,12203.687222,W,7,,0.38,27.43,M,0.0,M,0.0,0000*50
$GPRMC,235432.00,A,3721.259086,N,12203.687222,W,053.1,338.2,290520,,,A*42
$GPGGA,235433.00,3721.273155,N,12203.694193,W,7,,0.38,26.68,M,0.0,M,0.0,0000*55
$GPRMC,235433.00,A,3721.273155,N,12203.694193,W,052.8,338.7,290520,,,A*42
$GPGGA,235434.00,3721.286458,N,12203.700680,W,7,,0.38,25.54,M,0.0,M,0.0,0000*55
$GPRMC,235434.00,A,3721.286458,N,12203.700680,W,052.7,338.9,290520,,,A*4F
$GPGGA,235435.00,3721.300113,N,12203.707082,W,7,,0.38,24.69,M,0.0,M,0.0,0000*5D
$GPRMC,235435.00,A,3721.300113,N,12203.707082,W,052.5,339.8,290520,,,A*4A
$GPGGA,235436.00,3721.314165,N,12203.713370,W,7,,0.38,23.72,M,0.0,M,0.0,0000*5C
$GPRMC,235436.00,A,3721.314165,N,12203.713370,W,052.2,340.8,290520,,,A*4F
$GPGGA,235437.00,3721.327966,N,12203.719153,W,7,,0.38,23.05,M,0.0,M,0.0,0000*5F
$GPRMC,235437.00,A,3721.327966,N,12203.719153,W,051.8,342.0,290520,,,A*4F
$GPGGA,235438.00,3721.341136,N,12203.724523,W,7,,0.38,22.70,M,0.0,M,0.0,0000*53
$GPRMC,235438.00,A,3721.341136,N,12203.724523,W,051.5,342.4,290520,,,A*49
$GPGGA,235439.00,3721.354767,N,12203.729714,W,7,,0.38,22.21,M,0.0,M,0.0,0000*5B
$GPRMC,235439.00,A,3721.354767,N,12203.729714,W,051.4,343.2,290520,,,A*43
$GPGGA,235440.00,3721.368519,N,12203.734670,W,7,,0.38,21.78,M,0.0,M,0.0,0000*51
$GPRMC,235440.00,A,3721.368519,N,12203.734670,W,051.7,344.4,290520,,,A*44
$GPGGA,235441.00,3721.383028,N,12203.739445,W,7,,0.38,21.52,M,0.0,M,0.0,0000*53
$GPRMC,235441.00,A,3721.383028,N,12203.739445,W,052.0,345.7,290520,,,A*48
$GPGGA,235442.00,3721.397007,N,12203.743676,W,7,,0.38,21.35,M,0.0,M,0.0,0000*56
$GPRMC,235442.00,A,3721.397007,N,12203.743676,W,051.9,346.7,290520,,,A*45
$GPGGA,235443.00,3721.410615,N,12203.747480,W,7,,0.38,21.41,M,0.0,M,0.0,0000*56
$GPRMC,235443.00,A,3721.410615,N,12203.747480,W,051.8,347.7,290520,,,A*46
$GPGGA,235444.00,3721.425327,N,12203.751193,W,7,,0.38,21.34,M,0.0,M,0.0,0000*51
$GPRMC,235444.00,A,3721.425327,N,12203.751193,W,052.0,348.7,290520,,,A*47
$GPGGA,235445.00,3721.439583,N,12203.754499,W,7,,0.38,21.32,M,0.0,M,0.0,0000*59
$GPRMC,235445.00,A,3721.439583,N,12203.754499,W,052.2,349.7,290520,,,A*4A
$GPGGA,235446.00,3721.453942,N,12203.757422,W,7,,0.38,20.83,M,0.0,M,0.0,0000*5F
$GPRMC,235446.00,A,3721.453942,N,12203.757422,W,052.6,350.6,290520,,,A*4A
$GPGGA,235447.00,3721.468018,N,12203.760152,W,7,,0.38,20.73,M,0.0,M,0.0,0000*59
$GPRMC,235447.00,A,3721.468018,N,12203.760152,W,052.4,351.6,290520,,,A*40
$GPGGA,235448.00,3721.482411,N,12203.762581,W,7,,0.38,20.51,M,0.0,M,0.0,0000*57
$GPRMC,235448.00,A,3721.482411,N,12203.762581,W,052.1,352.7,290520,,,A*49
$GPGGA,235449.00,3721.497142,N,12203.764676,W,7,,0.38,20.32,M,0.0,M,0.0,0000*59
$GPRMC,235449.00,A,3721.497142,N,12203.764676,W,051.6,353.8,290520,,,A*48
$GPGGA,235450.00,3721.511121,N,12203.766433,W,7,,0.38,20.21,M,0.0,M,0.0,0000*58
$GPRMC,235450.00,A,3721.511121,N,12203.766433,W,051.6,354.2,290520,,,A*46
$GPGGA,235451.00,3721.525378,N,12203.768150,W,7,,0.38,20.00,M,0.0,M,0.0,0000*5D
$GPRMC,235451.00,A,3721.525378,N,12203.768150,W,051.8,354.2,290520,,,A*4E
$GPGGA,235452.00,3721.540288,N,12203.769758,W,7,,0.38,19.80,M,0.0,M,0.0,0000*5E
$GPRMC,235452.00,A,3721.540288,N,12203.769758,W,052.4,355.0,290520,,,A*43
$GPGGA,235453.00,3721.555000,N,12203.771108,W,7,,0.38,19.49,M,0.0,M,0.0,0000*56
$GPRMC,235453.00,A,3721.555000,N,12203.771108,W,052.9,356.2,290520,,,A*42
$GPGGA,235454.00,3721.569040,N,12203.771977,W,7,,0.38,19.17,M,0.0,M,0.0,0000*51
$GPRMC,235454.00,A,3721.569040,N,12203.771977,W,052.6,358.1,290520,,,A*4C
$GPGGA,235455.00,3721.583583,N,12203.772332,W,7,,0.38,18.93,M,0.0,M,0.0,0000*5B
$GPRMC,235455.00,A,3721.583583,N,12203.772332,W,052.3,359.3,290520,,,A*4D
$GPGGA,235456.00,3721.598194,N,12203.772326,W,7,,0.38,18.75,M,0.0,M,0.0,0000*5D
$GPRMC,235456.00,A,3721.598194,N,12203.772326,W,052.1,000.4,290520,,,A*49
$GPGGA,235457.00,3721.613152,N,12203.772031,W,7,,0.38,18.37,M,0.0,M,0.0,0000*55
$GPRMC,235457.00,A,3721.613152,N,12203.772031,W,052.3,001.0,290520,,,A*40
$GPGGA,235458.00,3721.627749,N,12203.771696,W,7,,0.38,18.33,M,0.0,M,0.0,0000*5D
$GPRMC,235458.00,A,3721.627749,N,12203.771696,W,052.7,001.4,290520,,,A*4C
$GPGGA,235459.00,3721.641922,N,12203.771270,W,7,,0.38,18.04,M,0.0,M,0.0,0000*57
$GPRMC,235459.00,A,3721.641922,N,12203.771270,W,052.9,001.3,290520,,,A*4B
$GPGGA,235500.00,3721.657371,N,12203.770994,W,7,,0.38,18.19,M,0.0,M,0.0,0000*5D
$GPRMC,235500.00,A,3721.657371,N,12203.770994,W,053.5,001.0,290520,,,A*43
$GPGGA,235501.00,3721.672246,N,12203.770694,W,7,,0.38,18.08,M,0.0,M,0.0,0000*51
$GPRMC,235501.00,A,3721.672246,N,12203.770694,W,053.9,000.9,290520,,,A*4B
$GPGGA,235502.00,3721.687420,N,12203.770369,W,7,,0.38,17.84,M,0.0,M,0.0,0000*52
$GPRMC,235502.00,A,3721.687420,N,12203.770369,W,054.5,000.8,290520,,,A*49
$GPGGA,235503.00,3721.702312,N,12203.770111,W,7,,0.38,17.65,M,0.0,M,0.0,0000*5B
$GPRMC,235503.00,A,3721.702312,N,12203.770111,W,055.1,000.8,290520,,,A*4A
$GPGGA,235504.00,3721.717594,N,12203.769848,W,7,,0.38,17.43,M,0.0,M,0.0,0000*59
$GPRMC,235504.00,A,3721.717594,N,12203.769848,W,055.5,000.7,290520,,,A*47
$GPGGA,235505.00,3721.733625,N,12203.769595,W,7,,0.38,17.30,M,0.0,M,0.0,0000*5E
$GPRMC,235505.00,A,3721.733625,N,12203.769595,W,056.2,000.7,290520,,,A*40
$GPGGA,235506.00,3721.748955,N,12203.769212,W,7,,0.38,16.94,M,0.0,M,0.0,0000*5E
$GPRMC,235506.00,A,3721.748955,N,12203.769212,W,056.8,001.0,290520,,,A*43
$GPGGA,235507.00,3721.764741,N,12203.768750,W,7,,0.38,16.54,M,0.0,M,0.0,0000*54
$GPRMC,235507.00,A,3721.764741,N,12203.768750,W,057.2,001.2,290520,,,A*4C
$GPGGA,235508.00,3721.781115,N,12203.768348,W,7,,0.38,16.43,M,0.0,M,0.0,0000*5C
$GPRMC,235508.00,A,3721.781115,N,12203.768348,W,057.4,000.7,290520,,,A*40
$GPGGA,235509.00,3721.797088,N,12203.768071,W,7,,0.38,16.14,M,0.0,M,0.0,0000*54
$GPRMC,235509.00,A,3721.797088,N,12203.768071,W,057.5,001.0,290520,,,A*4D
$GPGGA,235510.00,3721.812687,N,12203.767885,W,7,,0.38,16.04,M,0.0,M,0.0,0000*5A
$GPRMC,235510.00,A,3721.812687,N,12203.767885,W,057.5,000.5,290520,,,A*46
$GPGGA,235511.00,3721.828714,N,12203.767904,W,7,,0.38,15.82,M,0.0,M,0.0,0000*5C
$GPRMC,235511.00,A,3721.828714,N,12203.767904,W,057.4,359.3,290520,,,A*45
$GPGGA,235512.00,3721.844626,N,12203.768413,W,7,,0.38,15.59,M,0.0,M,0.0,0000*57
$GPRMC,235512.00,A,3721.844626,N,12203.768413,W,057.2,357.6,290520,,,A*45
$GPGGA,235513.00,3721.861197,N,12203.769686,W,7,,0.38,15.27,M,0.0,M,0.0,0000*5A
$GPRMC,235513.00,A,3721.861197,N,12203.769686,W,057.3,355.4,290520,,,A*40
$GPGGA,235514.00,3721.877109,N,12203.771666,W,7,,0.38,14.75,M,0.0,M,0.0,0000*5C
$GPRMC,235514.00,A,3721.877109,N,12203.771666,W,057.6,353.1,290520,,,A*46
$GPGGA,235515.00,3721.892524,N,12203.774401,W,7,,0.38,14.28,M,0.0,M,0.0,0000*53
$GPRMC,235515.00,A,3721.892524,N,12203.774401,W,057.9,350.7,290520,,,A*4B
$GPGGA,235516.00,3721.909029,N,12203.778295,W,7,,0.38,14.06,M,0.0,M,0.0,0000*50
$GPRMC,235516.00,A,3721.909029,N,12203.778295,W,058.2,348.4,290520,,,A*4A
$GPGGA,235517.00,3721.924851,N,12203.782807,W,7,,0.38,13.88,M,0.0,M,0.0,0000*5C
$GPRMC,235517.00,A,3721.924851,N,12203.782807,W,058.6,346.4,290520,,,A*4D
$GPGGA,235518.00,3721.940608,N,12203.788075,W,7,,0.38,13.55,M,0.0,M,0.0,0000*54
$GPRMC,235518.00,A,3721.940608,N,12203.788075,W,058.9,344.3,290520,,,A*4F
$GPGGA,235519.00,3721.955884,N,12203.793925,W,7,,0.38,13.26,M,0.0,M,0.0,0000*59
$GPRMC,235519.00,A,3721.955884,N,12203.793925,W,058.8,342.1,290520,,,A*43
$GPGGA,235520.00,3721.971297,N,12203.800640,W,7,,0.38,12.95,M,0.0,M,0.0,0000*5D
$GPRMC,235520.00,A,3721.971297,N,12203.800640,W,058.5,339.6,290520,,,A*48
$GPGGA,235521.00,3721.986796,N,12203.808338,W,7,,0.38,12.50,M,0.0,M,0.0,0000*5B
$GPRMC,235521.00,A,3721.986796,N,12203.808338,W,058.0,337.6,290520,,,A*4C
$GPGGA,235522.00,3722.001160,N,12203.816167,W,7,,0.38,12.12,M,0.0,M,0.0,0000*53
$GPRMC,235522.00,A,3722.001160,N,12203.816167,W,057.6,336.6,290520,,,A*4A
$GPGGA,235523.00,3722.015686,N,12203.824567,W,7,,0.38,11.83,M,0.0,M,0.0,0000*56
$GPRMC,235523.00,A,3722.015686,N,12203.824567,W,057.8,335.3,290520,,,A*4C
$GPGGA,235524.00,3722.030583,N,12203.833531,W,7,,0.38,11.44,M,0.0,M,0.0,0000*5E
$GPRMC,235524.00,A,3722.030583,N,12203.833531,W,058.0,334.6,290520,,,A*4C
$GPGGA,235525.00,3722.045200,N,12203.842393,W,7,,0.38,11.22,M,0.0,M,0.0,0000*59
$GPRMC,235525.00,A,3722.045200,N,12203.842393,W,058.3,334.7,290520,,,A*49
$GPGGA,235526.00,3722.059240,N,12203.850920,W,7,,0.38,11.08,M,0.0,M,0.0,0000*5A
$GPRMC,235526.00,A,3722.059240,N,12203.850920,W,058.4,334.4,290520,,,A*46
$GPGGA,235527.00,3722.073802,N,12203.859829,W,7,,0.38,10.80,M,0.0,M,0.0,0000*5F
$GPRMC,235527.00,A,3722.073802,N,12203.859829,W,058.6,333.9,290520,,,A*4A
$GPGGA,235528.00,3722.088507,N,12203.868775,W,7,,0.38,10.66,M,0.0,M,0.0,0000*50
$GPRMC,235528.00,A,3722.088507,N,12203.868775,W,059.1,334.2,290520,,,A*47
$GPGGA,235529.00,3722.103879,N,12203.878052,W,7,,0.38,10.46,M,0.0,M,0.0,0000*56
$GPRMC,235529.00,A,3722.103879,N,12203.878052,W,059.4,334.1,290520,,,A*45
$GPGGA,235530.00,3722.118717,N,12203.887100,W,7,,0.38,10.33,M,0.0,M,0.0,0000*57
$GPRMC,235530.00,A,3722.118717,N,12203.887100,W,059.6,333.9,290520,,,A*4B
$GPGGA,235531.00,3722.133196,N,12203.895937,W,7,,0.38,10.21,M,0.0,M,0.0,0000*5C
$GPRMC,235531.00,A,3722.133196,N,12203.895937,W,060.1,334.0,290520,,,A*40
$GPGGA,235532.00,3722.148825,N,12203.905441,W,7,,0.38,10.06,M,0.0,M,0.0,0000*53
$GPRMC,235532.00,A,3722.148825,N,12203.905441,W,060.4,334.0,290520,,,A*4F
$GPGGA,235533.00,3722.163970,N,12203.914598,W,7,,0.38,9.94,M,0.0,M,0.0,0000*6C
$GPRMC,235533.00,A,3722.163970,N,12203.914598,W,060.7,334.1,290520,,,A*41
$GPGGA,235534.00,3722.179114,N,12203.923801,W,7,,0.38,9.84,M,0.0,M,0.0,0000*62
$GPRMC,235534.00,A,3722.179114,N,12203.923801,W,061.0,334.2,290520,,,A*4B
$GPGGA,235535.00,3722.194065,N,12203.932838,W,7,,0.38,9.73,M,0.0,M,0.0,0000*65
$GPRMC,235535.00,A,3722.194065,N,12203.932838,W,061.2,333.9,290520,,,A*4A
$GPGGA,235536.00,3722.209443,N,12203.942120,W,7,,0.38,9.68,M,0.0,M,0.0,0000*6C
$GPRMC,235536.00,A,3722.209443,N,12203.942120,W,061.6,334.2,290520,,,A*41
$GPGGA,235537.00,3722.225374,N,12203.951816,W,7,,0.38,12.03,M,0.0,M,0.0,0000*59
$GPRMC,235537.00,A,3722.225374,N,12203.951816,W,061.8,334.0,290520,,,A*4F
$GPGGA,235538.00,3722.240493,N,12203.960953,W,7,,0.38,11.19,M,0.0,M,0.0,0000*51
$GPRMC,235538.00,A,3722.240493,N,12203.960953,W,062.1,333.9,290520,,,A*4B
$GPGGA,235539.00,3722.256009,N,12203.970296,W,7,,0.38,10.47,M,0.0,M,0.0,0000*59
$GPRMC,235539.00,A,3722.256009,N,12203.970296,W,062.2,334.2,290520,,,A*46
$GPGGA,235540.00,3722.272102,N,12203.980094,W,7,,0.38,10.54,M,0.0,M,0.0,0000*56
$GPRMC,235540.00,A,3722.272102,N,12203.980094,W,062.5,334.1,290520,,,A*4F
$GPGGA,235541.00,3722.287671,N,12203.989544,W,7,,0.38,10.32,M,0.0,M,0.0,0000*5F
$GPRMC,235541.00,A,3722.287671,N,12203.989544,W,062.5,333.9,290520,,,A*49
$GPGGA,235542.00,3722.302972,N,12203.998867,W,7,,0.38,10.25,M,0.0,M,0.0,0000*56
$GPRMC,235542.00,A,3722.302972,N,12203.998867,W,062.6,334.0,290520,,,A*4B
$GPGGA,235543.00,3722.318709,N,12204.008203,W,7,,0.38,10.08,M,0.0,M,0.0,0000*5E
$GPRMC,235543.00,A,3722.318709,N,12204.008203,W,062.8,334.6,290520,,,A*44
$GPGGA,235544.00,3722.334249,N,12204.017576,W,7,,0.38,10.05,M,0.0,M,0.0,0000*50
$GPRMC,235544.00,A,3722.334249,N,12204.017576,W,062.1,334.2,290520,,,A*4A
$GPGGA,235545.00,3722.350407,N,12204.027158,W,7,,0.38,9.88,M,0.0,M,0.0,0000*69
$GPRMC,235545.00,A,3722.350407,N,12204.027158,W,061.5,335.0,290520,,,A*4A
$GPGGA,235546.00,3722.365845,N,12204.035828,W,7,,0.38,9.70,M,0.0,M,0.0,0000*6C
$GPRMC,235546.00,A,3722.365845,N,12204.035828,W,060.9,336.6,290520,,,A*40
$GPGGA,235547.00,3722.380942,N,12204.043454,W,7,,0.38,9.44,M,0.0,M,0.0,0000*61
$GPRMC,235547.00,A,3722.380942,N,12204.043454,W,060.3,339.1,290520,,,A*48
$GPGGA,235548.00,3722.396956,N,12204.050689,W,7,,0.38,9.78,M,0.0,M,0.0,0000*63
$GPRMC,235548.00,A,3722.396956,N,12204.050689,W,059.4,342.2,290520,,,A*47
$GPGGA,235549.00,3722.412664,N,12204.056401,W,7,,0.38,9.77,M,0.0,M,0.0,0000*6C
$GPRMC,235549.00,A,3722.412664,N,12204.056401,W,059.1,345.1,290520,,,A*46
$GPGGA,235550.00,3722.428599,N,12204.060943,W,7,,0.38,9.65,M,0.0,M,0.0,0000*61
$GPRMC,235550.00,A,3722.428599,N,12204.060943,W,059.0,348.4,290520,,,A*41
$GPGGA,235551.00,3722.444272,N,12204.064459,W,7,,0.38,9.25,M,0.0,M,0.0,0000*6E
$GPRMC,235551.00,A,3722.444272,N,12204.064459,W,058.7,350.6,290520,,,A*47
$GPGGA,235552.00,3722.460483,N,12204.067105,W,7,,0.38,8.82,M,0.0,M,0.0,0000*60
$GPRMC,235552.00,A,3722.460483,N,12204.067105,W,058.8,353.7,290520,,,A*48
$GPGGA,235553.00,3722.477307,N,12204.068690,W,7,,0.38,8.21,M,0.0,M,0.0,0000*61
$GPRMC,235553.00,A,3722.477307,N,12204.068690,W,058.9,356.6,290520,,,A*45
$GPGGA,235554.00,3722.493675,N,12204.069217,W,7,,0.38,7.67,M,0.0,M,0.0,0000*6B
$GPRMC,235554.00,A,3722.493675,N,12204.069217,W,059.1,359.4,290520,,,A*46
$GPGGA,235555.00,3722.509731,N,12204.068750,W,7,,0.38,7.12,M,0.0,M,0.0,0000*6C
$GPRMC,235555.00,A,3722.509731,N,12204.068750,W,059.2,002.3,290520,,,A*4A
$GPGGA,235556.00,3722.526555,N,12204.067291,W,7,,0.38,7.62,M,0.0,M,0.0,0000*62
$GPRMC,235556.00,A,3722.526555,N,12204.067291,W,058.7,004.6,290520,,,A*44
$GPGGA,235557.00,3722.542923,N,12204.065425,W,7,,0.38,6.27,M,0.0,M,0.0,0000*67
$GPRMC,235557.00,A,3722.542923,N,12204.065425,W,058.4,005.4,290520,,,A*41
$GPGGA,235558.00,3722.558626,N,12204.063404,W,7,,0.38,5.54,M,0.0,M,0.0,0000*6B
$GPRMC,235558.00,A,3722.558626,N,12204.063404,W,057.6,005.5,290520,,,A*46
$GPGGA,235559.00,3722.574400,N,12204.061315,W,7,,0.38,4.83,M,0.0,M,0.0,0000*6C
$GPRMC,235559.00,A,3722.574400,N,12204.061315,W,056.5,005.5,290520,,,A*48
$GPGGA,235600.00,3722.590287,N,12204.059377,W,7,,0.38,4.22,M,0.0,M,0.0,0000*64
$GPRMC,235600.00,A,3722.590287,N,12204.059377,W,056.6,006.0,290520,,,A*4E
$GPGGA,235601.00,3722.606655,N,12204.057344,W,7,,0.38,3.62,M,0.0,M,0.0,0000*6F
$GPRMC,235601.00,A,3722.606655,N,12204.057344,W,056.6,005.8,290520,,,A*4D
$GPGGA,235602.00,3722.622298,N,12204.055639,W,7,,0.38,2.96,M,0.0,M,0.0,0000*68
$GPRMC,235602.00,A,3722.622298,N,12204.055639,W,056.4,004.8,290520,,,A*43
$GPGGA,235603.00,3722.637430,N,12204.054374,W,7,,0.38,2.41,M,0.0,M,0.0,0000*6E
$GPRMC,235603.00,A,3722.637430,N,12204.054374,W,056.4,003.2,290520,,,A*42
$GPGGA,235604.00,3722.653731,N,12204.053624,W,7,,0.38,1.91,M,0.0,M,0.0,0000*60
$GPRMC,235604.00,A,3722.653731,N,12204.053624,W,056.3,001.1,290520,,,A*44
$GPGGA,235605.00,3722.669487,N,12204.053647,W,7,,0.38,1.52,M,0.0,M,0.0,0000*6C
$GPRMC,235605.00,A,3722.669487,N,12204.053647,W,056.6,359.1,290520,,,A*4C
$GPGGA,235606.00,3722.685201,N,12204.054277,W,7,,0.38,1.10,M,0.0,M,0.0,0000*63
$GPRMC,235606.00,A,3722.685201,N,12204.054277,W,056.8,357.5,290520,,,A*41
$GPGGA,235607.00,3722.700639,N,12204.055381,W,7,,0.38,1.16,M,0.0,M,0.0,0000*6E
$GPRMC,235607.00,A,3722.700639,N,12204.055381,W,057.1,356.0,290520,,,A*46
$GPGGA,235608.00,3722.716486,N,12204.056977,W,7,,0.38,1.23,M,0.0,M,0.0,0000*66
$GPRMC,235608.00,A,3722.716486,N,12204.056977,W,057.6,355.0,290520,,,A*4C
$GPGGA,235609.00,3722.733016,N,12204.058891,W,7,,0.38,2.28,M,0.0,M,0.0,0000*62
$GPRMC,235609.00,A,3722.733016,N,12204.058891,W,058.1,354.7,290520,,,A*4E
$GPGGA,235610.00,3722.748717,N,12204.060739,W,7,,0.38,1.95,M,0.0,M,0.0,0000*63
$GPRMC,235610.00,A,3722.748717,N,12204.060739,W,058.5,355.1,290520,,,A*49
$GPGGA,235611.00,3722.764756,N,12204.062354,W,7,,0.38,1.46,M,0.0,M,0.0,0000*6A
$GPRMC,235611.00,A,3722.764756,N,12204.062354,W,058.5,355.2,290520,,,A*4D
$GPGGA,235612.00,3722.781394,N,12204.064094,W,7,,0.38,1.25,M,0.0,M,0.0,0000*64
$GPRMC,235612.00,A,3722.781394,N,12204.064094,W,058.5,355.2,290520,,,A*46
$GPGGA,235613.00,3722.797618,N,12204.065851,W,7,,0.38,0.96,M,0.0,M,0.0,0000*6A
$GPRMC,235613.00,A,3722.797618,N,12204.065851,W,058.8,354.7,290520,,,A*48
$GPGGA,235614.00,3722.813511,N,12204.067598,W,7,,0.38,2.29,M,0.0,M,0.0,0000*68
$GPRMC,235614.00,A,3722.813511,N,12204.067598,W,058.9,355.1,290520,,,A*4A
$GPGGA,235615.00,3722.829861,N,12204.069355,W,7,,0.38,1.86,M,0.0,M,0.0,0000*65
$GPRMC,235615.00,A,3722.829861,N,12204.069355,W,059.2,354.9,290520,,,A*42
$GPGGA,235616.00,3722.846224,N,12204.071090,W,7,,0.38,1.56,M,0.0,M,0.0,0000*6A
$GPRMC,235616.00,A,3722.846224,N,12204.071090,W,059.2,354.9,290520,,,A*40
$GPGGA,235617.00,3722.863324,N,12204.072926,W,7,,0.38,1.42,M,0.0,M,0.0,0000*6F
$GPRMC,235617.00,A,3722.863324,N,12204.072926,W,059.2,354.9,290520,,,A*40
$GPGGA,235618.00,3722.879680,N,12204.074738,W,7,,0.38,1.44,M,0.0,M,0.0,0000*61
$GPRMC,235618.00,A,3722.879680,N,12204.074738,W,059.2,354.7,290520,,,A*46
$GPGGA,235619.00,3722.895502,N,12204.076544,W,7,,0.38,1.52,M,0.0,M,0.0,0000*67
$GPRMC,235619.00,A,3722.895502,N,12204.076544,W,059.1,354.7,290520,,,A*44
$GPGGA,235620.00,3722.912481,N,12204.078409,W,7,,0.38,1.67,M,0.0,M,0.0,0000*69
$GPRMC,235620.00,A,3722.912481,N,12204.078409,W,059.0,354.9,290520,,,A*43
$GPGGA,235621.00,3722.928700,N,12204.080101,W,7,,0.38,1.52,M,0.0,M,0.0,0000*67
$GPRMC,235621.00,A,3722.928700,N,12204.080101,W,058.5,354.9,290520,,,A*4F
$GPGGA,235622.00,3722.944809,N,12204.081830,W,7,,0.38,1.40,M,0.0,M,0.0,0000*61
$GPRMC,235622.00,A,3722.944809,N,12204.081830,W,057.9,354.8,290520,,,A*48
$GPGGA,235623.00,3722.960326,N,12204.083558,W,7,,0.38,1.46,M,0.0,M,0.0,0000*67
$GPRMC,235623.00,A,3722.960326,N,12204.083558,W,057.1,355.0,290520,,,A*49
$GPGGA,235624.00,3722.975944,N,12204.085213,W,7,,0.38,1.27,M,0.0,M,0.0,0000*63
$GPRMC,235624.00,A,3722.975944,N,12204.085213,W,056.1,355.4,290520,,,A*4F
$GPGGA,235625.00,3722.991808,N,12204.086804,W,7,,0.38,1.23,M,0.0,M,0.0,0000*6A
$GPRMC,235625.00,A,3722.991808,N,12204.086804,W,055.2,355.3,290520,,,A*45
$GPGGA,235626.00,3723.006598,N,12204.088340,W,7,,0.38,1.47,M,0.0,M,0.0,0000*6C
$GPRMC,235626.00,A,3723.006598,N,12204.088340,W,054.4,355.2,290520,,,A*47
$GPGGA,235627.00,3723.021622,N,12204.090020,W,7,,0.38,1.34,M,0.0,M,0.0,0000*62
$GPRMC,235627.00,A,3723.021622,N,12204.090020,W,054.1,355.0,290520,,,A*4A
$GPGGA,235628.00,3723.037041,N,12204.091658,W,7,,0.38,1.22,M,0.0,M,0.0,0000*66
$GPRMC,235628.00,A,3723.037041,N,12204.091658,W,054.1,355.2,290520,,,A*4B
$GPGGA,235629.00,3723.052048,N,12204.093248,W,7,,0.38,1.01,M,0.0,M,0.0,0000*6B
$GPRMC,235629.00,A,3723.052048,N,12204.093248,W,054.1,355.3,290520,,,A*46
$GPGGA,235630.00,3723.066807,N,12204.094795,W,7,,0.38,0.79,M,0.0,M,0.0,0000*6B
$GPRMC,235630.00,A,3723.066807,N,12204.094795,W,054.8,355.3,290520,,,A*41
$GPGGA,235631.00,3723.082000,N,12204.096512,W,7,,0.38,0.24,M,0.0,M,0.0,0000*68
$GPRMC,235631.00,A,3723.082000,N,12204.096512,W,055.2,354.7,290520,,,A*44
$GPGGA,235632.00,3723.097407,N,12204.098239,W,7,,0.38,-0.30,M,0.0,M,0.0,0000*44
$GPRMC,235632.00,A,3723.097407,N,12204.098239,W,055.9,354.8,290520,,,A*44
$GPGGA,235633.00,3723.113548,N,12204.099979,W,7,,0.38,-1.01,M,0.0,M,0.0,0000*4F
$GPRMC,235633.00,A,3723.113548,N,12204.099979,W,056.4,354.9,290520,,,A*43
$GPGGA,235634.00,3723.129202,N,12204.101708,W,7,,0.38,-1.67,M,0.0,M,0.0,0000*40
$GPRMC,235634.00,A,3723.129202,N,12204.101708,W,056.9,354.8,290520,,,A*40
$GPGGA,235635.00,3723.144477,N,12204.103411,W,7,,0.38,-0.39,M,0.0,M,0.0,0000*4D
$GPRMC,235635.00,A,3723.144477,N,12204.103411,W,057.3,354.7,290520,,,A*43
$GPGGA,235636.00,3723.161014,N,12204.105242,W,7,,0.38,-1.74,M,0.0,M,0.0,0000*46
$GPRMC,235636.00,A,3723.161014,N,12204.105242,W,057.7,354.8,290520,,,A*4B
$GPGGA,235637.00,3723.177028,N,12204.107071,W,7,,0.38,-2.60,M,0.0,M,0.0,0000*49
$GPRMC,235637.00,A,3723.177028,N,12204.107071,W,058.0,354.6,290520,,,A*44
$GPGGA,235638.00,3723.193084,N,12204.108883,W,7,,0.38,-3.32,M,0.0,M,0.0,0000*46
$GPRMC,235638.00,A,3723.193084,N,12204.108883,W,058.0,354.8,290520,,,A*43
$GPGGA,235639.00,3723.208738,N,12204.110665,W,7,,0.38,-4.04,M,0.0,M,0.0,0000*4B
$GPRMC,235639.00,A,3723.208738,N,12204.110665,W,058.0,354.9,290520,,,A*4D
$GPGGA,235640.00,3723.224733,N,12204.112298,W,7,,0.38,-4.76,M,0.0,M,0.0,0000*41
$GPRMC,235640.00,A,3723.224733,N,12204.112298,W,057.9,355.2,290520,,,A*4E
$GPGGA,235641.00,3723.241270,N,12204.114062,W,7,,0.38,-5.42,M,0.0,M,0.0,0000*46
$GPRMC,235641.00,A,3723.241270,N,12204.114062,W,057.9,355.2,290520,,,A*4F
$GPGGA,235642.00,3723.257271,N,12204.115717,W,7,,0.38,-5.78,M,0.0,M,0.0,0000*4E
$GPRMC,235642.00,A,3723.257271,N,12204.115717,W,057.8,355.3,290520,,,A*4E
$GPGGA,235643.00,3723.272883,N,12204.117211,W,7,,0.38,-6.12,M,0.0,M,0.0,0000*41
$GPRMC,235643.00,A,3723.272883,N,12204.117211,W,057.7,355.8,290520,,,A*4A
$GPGGA,235644.00,3723.289377,N,12204.118537,W,7,,0.39,-5.95,M,0.0,M,0.0,0000*43
$GPRMC,235644.00,A,3723.289377,N,12204.118537,W,057.7,356.7,290520,,,A*49
$GPGGA,235645.00,3723.305241,N,12204.119318,W,7,,0.38,-5.67,M,0.0,M,0.0,0000*45
$GPRMC,235645.00,A,3723.305241,N,12204.119318,W,057.7,358.5,290520,,,A*4F
$GPGGA,235646.00,3723.320673,N,12204.119492,W,7,,0.38,-5.23,M,0.0,M,0.0,0000*41
$GPRMC,235646.00,A,3723.320673,N,12204.119492,W,057.5,000.5,290520,,,A*47
$GPGGA,235647.00,3723.336291,N,12204.118909,W,7,,0.38,-4.76,M,0.0,M,0.0,0000*40
$GPRMC,235647.00,A,3723.336291,N,12204.118909,W,056.9,002.4,290520,,,A*49
$GPGGA,235648.00,3723.351981,N,12204.117889,W,7,,0.38,-4.00,M,0.0,M,0.0,0000*43
$GPRMC,235648.00,A,3723.351981,N,12204.117889,W,056.4,003.5,290520,,,A*46
$GPGGA,235649.00,3723.368158,N,12204.116462,W,7,,0.38,-3.25,M,0.0,M,0.0,0000*4C
$GPRMC,235649.00,A,3723.368158,N,12204.116462,W,055.9,004.1,290520,,,A*44
$GPGGA,235650.00,3723.383590,N,12204.114961,W,7,,0.38,-2.76,M,0.0,M,0.0,0000*4A
$GPRMC,235650.00,A,3723.383590,N,12204.114961,W,055.5,004.4,290520,,,A*4C
$GPGGA,235651.00,3723.398368,N,12204.113419,W,7,,0.38,-2.30,M,0.0,M,0.0,0000*47
$GPRMC,235651.00,A,3723.398368,N,12204.113419,W,054.9,004.5,290520,,,A*4F
$GPGGA,235652.00,3723.414166,N,12204.111853,W,7,,0.38,-2.05,M,0.0,M,0.0,0000*4D
$GPRMC,235652.00,A,3723.414166,N,12204.111853,W,054.3,004.3,290520,,,A*4F
$GPGGA,235653.00,3723.429184,N,12204.110402,W,7,,0.38,-1.99,M,0.0,M,0.0,0000*41
$GPRMC,235653.00,A,3723.429184,N,12204.110402,W,053.9,004.6,290520,,,A*4D
$GPGGA,235654.00,3723.444040,N,12204.109015,W,7,,0.38,-1.76,M,0.0,M,0.0,0000*4F
$GPRMC,235654.00,A,3723.444040,N,12204.109015,W,053.5,004.4,290520,,,A*4C
$GPGGA,235655.00,3723.458554,N,12204.107617,W,7,,0.38,-1.32,M,0.0,M,0.0,0000*49
$GPRMC,235655.00,A,3723.458554,N,12204.107617,W,053.5,004.5,290520,,,A*4B
$GPGGA,235656.00,3723.473326,N,12204.106190,W,7,,0.38,-1.10,M,0.0,M,0.0,0000*49
$GPRMC,235656.00,A,3723.473326,N,12204.106190,W,053.5,004.3,290520,,,A*4D
$GPGGA,235657.00,3723.488559,N,12204.104642,W,7,,0.38,-1.05,M,0.0,M,0.0,0000*4C
$GPRMC,235657.00,A,3723.488559,N,12204.104642,W,053.5,004.7,290520,,,A*48
$GPGGA,235658.00,3723.503403,N,12204.103148,W,7,,0.38,-1.44,M,0.0,M,0.0,0000*40
$GPRMC,235658.00,A,3723.503403,N,12204.103148,W,053.6,004.3,290520,,,A*46
$GPGGA,235659.00,3723.518013,N,12204.101713,W,7,,0.38,-1.61,M,0.0,M,0.0,0000*43
$GPRMC,235659.00,A,3723.518013,N,12204.101713,W,054.2,004.2,290520,,,A*40
$GPGGA,235700.00,3723.533541,N,12204.100244,W,7,,0.38,-1.99,M,0.0,M,0.0,0000*44
$GPRMC,235700.00,A,3723.533541,N,12204.100244,W,054.4,004.5,290520,,,A*41
$GPGGA,235701.00,3723.548632,N,12204.098755,W,7,,0.38,-2.36,M,0.0,M,0.0,0000*4D
$GPRMC,235701.00,A,3723.548632,N,12204.098755,W,054.6,004.7,290520,,,A*4E
$GPGGA,235702.00,3723.563488,N,12204.097484,W,7,,0.38,-2.79,M,0.0,M,0.0,0000*4F
$GPRMC,235702.00,A,3723.563488,N,12204.097484,W,054.8,003.7,290520,,,A*4E
$GPGGA,235703.00,3723.578781,N,12204.096571,W,7,,0.38,-3.48,M,0.0,M,0.0,0000*47
$GPRMC,235703.00,A,3723.578781,N,12204.096571,W,055.2,002.1,290520,,,A*49
$GPGGA,235704.00,3723.594238,N,12204.096013,W,7,,0.38,-4.23,M,0.0,M,0.0,0000*4E
$GPRMC,235704.00,A,3723.594238,N,12204.096013,W,055.9,001.1,290520,,,A*42
$GPGGA,235705.00,3723.610527,N,12204.095738,W,7,,0.38,-5.17,M,0.0,M,0.0,0000*42
$GPRMC,235705.00,A,3723.610527,N,12204.095738,W,056.7,000.4,290520,,,A*41
$GPGGA,235706.00,3723.626385,N,12204.096001,W,7,,0.38,-6.34,M,0.0,M,0.0,0000*46
$GPRMC,235706.00,A,3723.626385,N,12204.096001,W,057.3,358.6,290520,,,A*4E
$GPGGA,235707.00,3723.641865,N,12204.096763,W,7,,0.38,-7.48,M,0.0,M,0.0,0000*4A
$GPRMC,235707.00,A,3723.641865,N,12204.096763,W,057.9,357.1,290520,,,A*4A
$GPGGA,235708.00,3723.658683,N,12204.098090,W,7,,0.38,-8.73,M,0.0,M,0.0,0000*49
$GPRMC,235708.00,A,3723.658683,N,12204.098090,W,058.5,355.9,290520,,,A*47
$GPGGA,235709.00,3723.675010,N,12204.099865,W,7,,0.38,-10.00,M,0.0,M,0.0,0000*75
$GPRMC,235709.00,A,3723.675010,N,12204.099865,W,059.1,354.3,290520,,,A*48
$GPGGA,235710.00,3723.691437,N,12204.102121,W,7,,0.38,-10.73,M,0.0,M,0.0,0000*78
$GPRMC,235710.00,A,3723.691437,N,12204.102121,W,059.8,353.1,290520,,,A*4D
$GPGGA,235711.00,3723.707590,N,12204.104882,W,7,,0.38,-11.66,M,0.0,M,0.0,0000*78
$GPRMC,235711.00,A,3723.707590,N,12204.104882,W,060.2,351.2,290520,,,A*49
$GPGGA,235712.00,3723.724119,N,12204.108307,W,7,,0.38,-12.43,M,0.0,M,0.0,0000*71
$GPRMC,235712.00,A,3723.724119,N,12204.108307,W,060.4,350.6,290520,,,A*47
$GPGGA,235713.00,3723.741112,N,12204.112412,W,7,,0.38,-12.76,M,0.0,M,0.0,0000*76
$GPRMC,235713.00,A,3723.741112,N,12204.112412,W,060.5,349.2,290520,,,A*4B
$GPGGA,235714.00,3723.757522,N,12204.116804,W,7,,0.38,-13.32,M,0.0,M,0.0,0000*7F
$GPRMC,235714.00,A,3723.757522,N,12204.116804,W,060.6,348.6,290520,,,A*45
$GPGGA,235715.00,3723.773631,N,12204.121052,W,7,,0.38,-13.71,M,0.0,M,0.0,0000*71
$GPRMC,235715.00,A,3723.773631,N,12204.121052,W,060.9,348.4,290520,,,A*41
$GPGGA,235716.00,3723.790720,N,12204.125594,W,7,,0.38,-14.14,M,0.0,M,0.0,0000*71
$GPRMC,235716.00,A,3723.790720,N,12204.125594,W,061.2,348.0,290520,,,A*4B
$GPGGA,235717.00,3723.807303,N,12204.130088,W,7,,0.38,-14.66,M,0.0,M,0.0,0000*7D
$GPRMC,235717.00,A,3723.807303,N,12204.130088,W,061.3,347.7,290520,,,A*4B
$GPGGA,235718.00,3723.823564,N,12204.134575,W,7,,0.38,-14.99,M,0.0,M,0.0,0000*70
$GPRMC,235718.00,A,3723.823564,N,12204.134575,W,061.5,347.6,290520,,,A*41
$GPGGA,235719.00,3723.840148,N,12204.139178,W,7,,0.38,-15.46,M,0.0,M,0.0,0000*79
$GPRMC,235719.00,A,3723.840148,N,12204.139178,W,061.3,347.5,290520,,,A*4E
$GPGGA,235720.00,3723.856648,N,12204.143732,W,7,,0.38,-15.82,M,0.0,M,0.0,0000*7E
$GPRMC,235720.00,A,3723.856648,N,12204.143732,W,060.8,347.6,290520,,,A*48
$GPGGA,235721.00,3723.873676,N,12204.148298,W,7,,0.38,-16.20,M,0.0,M,0.0,0000*70
$GPRMC,235721.00,A,3723.873676,N,12204.148298,W,060.1,347.8,290520,,,A*4A
$GPGGA,235722.00,3723.889846,N,12204.152575,W,7,,0.38,-16.61,M,0.0,M,0.0,0000*71
$GPRMC,235722.00,A,3723.889846,N,12204.152575,W,059.3,348.0,290520,,,A*41
$GPGGA,235723.00,3723.905325,N,12204.156649,W,7,,0.38,-16.97,M,0.0,M,0.0,0000*7A
$GPRMC,235723.00,A,3723.905325,N,12204.156649,W,058.7,347.9,290520,,,A*40
$GPGGA,235724.00,3723.921825,N,12204.161077,W,7,,0.38,-17.51,M,0.0,M,0.0,0000*74
$GPRMC,235724.00,A,3723.921825,N,12204.161077,W,058.2,347.6,290520,,,A*4F
$GPGGA,235725.00,3723.937503,N,12204.165392,W,7,,0.38,-17.91,M,0.0,M,0.0,0000*7B
$GPRMC,235725.00,A,3723.937503,N,12204.165392,W,057.8,347.5,290520,,,A*4A
$GPGGA,235726.00,3723.953043,N,12204.169586,W,7,,0.38,-18.18,M,0.0,M,0.0,0000*7A
$GPRMC,235726.00,A,3723.953043,N,12204.169586,W,057.4,348.0,290520,,,A*43
$GPGGA,235727.00,3723.968422,N,12204.173432,W,7,,0.38,-18.14,M,0.0,M,0.0,0000*79
$GPRMC,235727.00,A,3723.968422,N,12204.173432,W,057.7,348.6,290520,,,A*49
$GPGGA,235728.00,3723.984207,N,12204.177307,W,7,,0.38,-18.02,M,0.0,M,0.0,0000*77
$GPRMC,235728.00,A,3723.984207,N,12204.177307,W,057.1,349.2,290520,,,A*43
$GPGGA,235729.00,3724.000234,N,12204.180709,W,7,,0.38,-18.24,M,0.0,M,0.0,0000*72
$GPRMC,235729.00,A,3724.000234,N,12204.180709,W,056.4,351.1,290520,,,A*4C
$GPGGA,235730.00,3724.015558,N,12204.183367,W,7,,0.38,-17.90,M,0.0,M,0.0,0000*7C
$GPRMC,235730.00,A,3724.015558,N,12204.183367,W,055.5,353.0,290520,,,A*43
$GPGGA,235731.00,3724.030281,N,12204.185324,W,7,,0.38,-17.62,M,0.0,M,0.0,0000*75
$GPRMC,235731.00,A,3724.030281,N,12204.185324,W,054.3,354.8,290520,,,A*4F
$GPGGA,235732.00,3724.045648,N,12204.186662,W,7,,0.38,-17.09,M,0.0,M,0.0,0000*7C
$GPRMC,235732.00,A,3724.045648,N,12204.186662,W,053.5,356.7,290520,,,A*47
$GPGGA,235733.00,3724.060288,N,12204.187280,W,7,,0.38,-16.59,M,0.0,M,0.0,0000*7F
$GPRMC,235733.00,A,3724.060288,N,12204.187280,W,052.5,358.9,290520,,,A*41
$GPGGA,235734.00,3724.074400,N,12204.187411,W,7,,0.38,-15.98,M,0.0,M,0.0,0000*7B
$GPRMC,235734.00,A,3724.074400,N,12204.187411,W,051.9,000.3,290520,,,A*40
$GPGGA,235735.00,3724.088829,N,12204.187262,W,7,,0.38,-15.54,M,0.0,M,0.0,0000*7C
$GPRMC,235735.00,A,3724.088829,N,12204.187262,W,051.8,000.7,290520,,,A*42
$GPGGA,235736.00,3724.103224,N,12204.186811,W,7,,0.38,-15.14,M,0.0,M,0.0,0000*71
$GPRMC,235736.00,A,3724.103224,N,12204.186811,W,051.8,001.9,290520,,,A*44
$GPGGA,235737.00,3724.118182,N,12204.186049,W,7,,0.38,-14.96,M,0.0,M,0.0,0000*7B
$GPRMC,235737.00,A,3724.118182,N,12204.186049,W,051.6,002.5,290520,,,A*44
$GPGGA,235738.00,3724.132108,N,12204.185294,W,7,,0.38,-14.80,M,0.0,M,0.0,0000*78
$GPRMC,235738.00,A,3724.132108,N,12204.185294,W,051.6,002.1,290520,,,A*44
$GPGGA,235739.00,3724.146537,N,12204.184748,W,7,,0.38,-14.70,M,0.0,M,0.0,0000*78
$GPRMC,235739.00,A,3724.146537,N,12204.184748,W,051.7,001.3,290520,,,A*4B
$GPGGA,235740.00,3724.161567,N,12204.184315,W,7,,0.38,-14.79,M,0.0,M,0.0,0000*73
$GPRMC,235740.00,A,3724.161567,N,12204.184315,W,051.8,001.2,290520,,,A*47
$GPGGA,235741.00,3724.175932,N,12204.183920,W,7,,0.38,-15.08,M,0.0,M,0.0,0000*77
$GPRMC,235741.00,A,3724.175932,N,12204.183920,W,051.6,001.2,290520,,,A*4A
$GPGGA,235742.00,3724.190296,N,12204.183446,W,7,,0.38,-15.28,M,0.0,M,0.0,0000*75
$GPRMC,235742.00,A,3724.190296,N,12204.183446,W,051.7,002.1,290520,,,A*4B
$GPGGA,235743.00,3724.204246,N,12204.182821,W,7,,0.38,-15.70,M,0.0,M,0.0,0000*76
$GPRMC,235743.00,A,3724.204246,N,12204.182821,W,051.9,002.7,290520,,,A*4D
$GPGGA,235744.00,3724.218730,N,12204.181987,W,7,,0.38,-15.73,M,0.0,M,0.0,0000*75
$GPRMC,235744.00,A,3724.218730,N,12204.181987,W,052.0,002.7,290520,,,A*47
$GPGGA,235745.00,3724.233579,N,12204.181106,W,7,,0.38,-15.86,M,0.0,M,0.0,0000*79
$GPRMC,235745.00,A,3724.233579,N,12204.181106,W,052.0,002.4,290520,,,A*42
$GPGGA,235746.00,3724.247986,N,12204.180361,W,7,,0.38,-15.80,M,0.0,M,0.0,0000*71
$GPRMC,235746.00,A,3724.247986,N,12204.180361,W,051.9,002.9,290520,,,A*4B
$GPGGA,235747.00,3724.262164,N,12204.179750,W,7,,0.38,-16.03,M,0.0,M,0.0,0000*7B
$GPRMC,235747.00,A,3724.262164,N,12204.179750,W,052.2,002.5,290520,,,A*4D
$GPGGA,235748.00,3724.277031,N,12204.179162,W,7,,0.38,-16.02,M,0.0,M,0.0,0000*77
$GPRMC,235748.00,A,3724.277031,N,12204.179162,W,051.8,001.8,290520,,,A*47
$GPGGA,235749.00,3724.291468,N,12204.178874,W,7,,0.38,-16.07,M,0.0,M,0.0,0000*7C
$GPRMC,235749.00,A,3724.291468,N,12204.178874,W,051.6,001.4,290520,,,A*4B
$GPGGA,235750.00,3724.305411,N,12204.178472,W,7,,0.38,-15.90,M,0.0,M,0.0,0000*71
$GPRMC,235750.00,A,3724.305411,N,12204.178472,W,051.3,001.5,290520,,,A*4F
$GPGGA,235751.00,3724.319577,N,12204.178028,W,7,,0.38,-15.62,M,0.0,M,0.0,0000*7A
$GPRMC,235751.00,A,3724.319577,N,12204.178028,W,050.9,001.6,290520,,,A*41
$GPGGA,235752.00,3724.333623,N,12204.177229,W,7,,0.38,-15.20,M,0.0,M,0.0,0000*79
$GPRMC,235752.00,A,3724.333623,N,12204.177229,W,050.6,003.0,290520,,,A*4F
$GPGGA,235753.00,3724.348251,N,12204.176060,W,7,,0.38,-14.70,M,0.0,M,0.0,0000*7F
$GPRMC,235753.00,A,3724.348251,N,12204.176060,W,050.6,004.1,290520,,,A*4B
$GPGGA,235754.00,3724.361482,N,12204.174703,W,7,,0.38,-14.20,M,0.0,M,0.0,0000*7E
$GPRMC,235754.00,A,3724.361482,N,12204.174703,W,049.8,005.4,290520,,,A*4D
$GPGGA,235755.00,3724.375065,N,12204.173011,W,7,,0.38,-13.46,M,0.0,M,0.0,0000*73
$GPRMC,235755.00,A,3724.375065,N,12204.173011,W,048.9,005.9,290520,,,A*4A
$GPGGA,235756.00,3724.388919,N,12204.171145,W,7,,0.38,-12.88,M,0.0,M,0.0,0000*71
$GPRMC,235756.00,A,3724.388919,N,12204.171145,W,047.8,005.8,290520,,,A*44
$GPGGA,235757.00,3724.402078,N,12204.169412,W,7,,0.38,-12.35,M,0.0,M,0.0,0000*73
$GPRMC,235757.00,A,3724.402078,N,12204.169412,W,047.1,005.5,290520,,,A*44
$GPGGA,235758.00,3724.414905,N,12204.167792,W,7,,0.38,-11.95,M,0.0,M,0.0,0000*74
$GPRMC,235758.00,A,3724.414905,N,12204.167792,W,046.1,006.0,290520,,,A*4D
$GPGGA,235759.00,3724.427074,N,12204.166285,W,7,,0.38,-11.68,M,0.0,M,0.0,0000*7A
$GPRMC,235759.00,A,3724.427074,N,12204.166285,W,044.9,005.5,290520,,,A*4D
$GPGGA,235800.00,3724.439464,N,12204.165079,W,7,,0.38,-11.47,M,0.0,M,0.0,0000*7C
$GPRMC,235800.00,A,3724.439464,N,12204.165079,W,043.6,003.9,290520,,,A*44
$GPGGA,235801.00,3724.451806,N,12204.164546,W,7,,0.38,-11.34,M,0.0,M,0.0,0000*77
$GPRMC,235801.00,A,3724.451806,N,12204.164546,W,042.3,001.0,290520,,,A*44
$GPGGA,235802.00,3724.463343,N,12204.164828,W,7,,0.38,-11.34,M,0.0,M,0.0,0000*7A
$GPRMC,235802.00,A,3724.463343,N,12204.164828,W,041.1,357.1,290520,,,A*49
$GPGGA,235803.00,3724.474359,N,12204.165913,W,7,,0.38,-11.36,M,0.0,M,0.0,0000*7C
$GPRMC,235803.00,A,3724.474359,N,12204.165913,W,040.4,354.2,290520,,,A*49
$GPGGA,235804.00,3724.485688,N,12204.168008,W,7,,0.38,-11.74,M,0.0,M,0.0,0000*74
$GPRMC,235804.00,A,3724.485688,N,12204.168008,W,039.6,349.0,290520,,,A*45
$GPGGA,235805.00,3724.496433,N,12204.171152,W,7,,0.38,-11.67,M,0.0,M,0.0,0000*71
$GPRMC,235805.00,A,3724.496433,N,12204.171152,W,039.5,344.6,290520,,,A*4A
$GPGGA,235806.00,3724.506717,N,12204.175130,W,7,,0.38,-11.97,M,0.0,M,0.0,0000*70
$GPRMC,235806.00,A,3724.506717,N,12204.175130,W,039.5,340.6,290520,,,A*40
$GPGGA,235807.00,3724.516977,N,12204.180026,W,7,,0.38,-12.48,M,0.0,M,0.0,0000*75
$GPRMC,235807.00,A,3724.516977,N,12204.180026,W,039.7,337.4,290520,,,A*44
$GPGGA,235808.00,3724.526962,N,12204.185624,W,7,,0.38,-12.95,M,0.0,M,0.0,0000*7C
$GPRMC,235808.00,A,3724.526962,N,12204.185624,W,039.6,333.4,290520,,,A*48
$GPGGA,235809.00,3724.537047,N,12204.192404,W,7,,0.38,-13.71,M,0.0,M,0.0,0000*7E
$GPRMC,235809.00,A,3724.537047,N,12204.192404,W,039.4,329.4,290520,,,A*48
$GPGGA,235810.00,3724.546197,N,12204.199730,W,7,,0.38,-14.34,M,0.0,M,0.0,0000*75
$GPRMC,235810.00,A,3724.546197,N,12204.199730,W,039.2,325.5,290520,,,A*4E
$GPGGA,235811.00,3724.554646,N,12204.207488,W,7,,0.38,-15.15,M,0.0,M,0.0,0000*7A
$GPRMC,235811.00,A,3724.554646,N,12204.207488,W,038.9,321.9,290520,,,A*41
$GPGGA,235812.00,3724.563298,N,12204.216476,W,7,,0.38,-16.10,M,0.0,M,0.0,0000*7D
$GPRMC,235812.00,A,3724.563298,N,12204.216476,W,038.8,318.3,290520,,,A*41
$GPGGA,235813.00,3724.571020,N,12204.225745,W,7,,0.38,-17.48,M,0.0,M,0.0,0000*71
$GPRMC,235813.00,A,3724.571020,N,12204.225745,W,038.8,314.4,290520,,,A*4A
$GPGGA,235814.00,3724.578345,N,12204.235669,W,7,,0.38,-18.44,M,0.0,M,0.0,0000*72
$GPRMC,235814.00,A,3724.578345,N,12204.235669,W,039.2,310.8,290520,,,A*49
$GPGGA,235815.00,3724.584994,N,12204.245948,W,7,,0.38,-19.38,M,0.0,M,0.0,0000*77
$GPRMC,235815.00,A,3724.584994,N,12204.245948,W,039.5,306.5,290520,,,A*4B
$GPGGA,235816.00,3724.591378,N,12204.257431,W,7,,0.38,-20.28,M,0.0,M,0.0,0000*73
$GPRMC,235816.00,A,3724.591378,N,12204.257431,W,039.9,302.3,290520,,,A*4A
$GPGGA,235817.00,3724.597269,N,12204.269876,W,7,,0.38,-21.35,M,0.0,M,0.0,0000*7A
$GPRMC,235817.00,A,3724.597269,N,12204.269876,W,040.6,298.9,290520,,,A*47
$GPGGA,235818.00,3724.602466,N,12204.282433,W,7,,0.38,-22.35,M,0.0,M,0.0,0000*78
$GPRMC,235818.00,A,3724.602466,N,12204.282433,W,041.0,295.7,290520,,,A*42
$GPGGA,235819.00,3724.607007,N,12204.295171,W,7,,0.38,-23.41,M,0.0,M,0.0,0000*78
$GPRMC,235819.00,A,3724.607007,N,12204.295171,W,041.3,292.4,290520,,,A*47
$GPGGA,235820.00,3724.611279,N,12204.309079,W,7,,0.38,-24.41,M,0.0,M,0.0,0000*74
$GPRMC,235820.00,A,3724.611279,N,12204.309079,W,041.7,289.6,290520,,,A*40
$GPGGA,235821.00,3724.615185,N,12204.322789,W,7,,0.38,-25.23,M,0.0,M,0.0,0000*75
$GPRMC,235821.00,A,3724.615185,N,12204.322789,W,042.3,289.0,290520,,,A*45
$GPGGA,235822.00,3724.618966,N,12204.336302,W,7,,0.38,-25.99,M,0.0,M,0.0,0000*7D
$GPRMC,235822.00,A,3724.618966,N,12204.336302,W,042.4,289.0,290520,,,A*4B
$GPGGA,235823.00,3724.622896,N,12204.350132,W,7,,0.38,-26.49,M,0.0,M,0.0,0000*74
$GPRMC,235823.00,A,3724.622896,N,12204.350132,W,042.4,290.0,290520,,,A*44
$GPGGA,235824.00,3724.626874,N,12204.363890,W,7,,0.38,-26.94,M,0.0,M,0.0,0000*7A
$GPRMC,235824.00,A,3724.626874,N,12204.363890,W,042.2,290.1,290520,,,A*4D
$GPGGA,235825.00,3724.631091,N,12204.378073,W,7,,0.38,-26.92,M,0.0,M,0.0,0000*77
$GPRMC,235825.00,A,3724.631091,N,12204.378073,W,041.9,290.9,290520,,,A*46
$GPGGA,235826.00,3724.635088,N,12204.391148,W,7,,0.38,-26.75,M,0.0,M,0.0,0000*7F
$GPRMC,235826.00,A,3724.635088,N,12204.391148,W,041.6,291.3,290520,,,A*43
$GPGGA,235827.00,3724.639246,N,12204.404696,W,7,,0.38,-26.84,M,0.0,M,0.0,0000*73
$GPRMC,235827.00,A,3724.639246,N,12204.404696,W,041.9,291.1,290520,,,A*4C
$GPGGA,235828.00,3724.643740,N,12204.418898,W,7,,0.38,-26.83,M,0.0,M,0.0,0000*78
$GPRMC,235828.00,A,3724.643740,N,12204.418898,W,042.4,292.2,290520,,,A*4E
$GPGGA,235829.00,3724.648186,N,12204.432631,W,7,,0.38,-26.81,M,0.0,M,0.0,0000*79
$GPRMC,235829.00,A,3724.648186,N,12204.432631,W,042.7,292.5,290520,,,A*49
$GPGGA,235830.00,3724.652848,N,12204.446317,W,7,,0.38,-26.85,M,0.0,M,0.0,0000*77
$GPRMC,235830.00,A,3724.652848,N,12204.446317,W,042.8,293.3,290520,,,A*4B
$GPGGA,235831.00,3724.657372,N,12204.459458,W,7,,0.38,-26.85,M,0.0,M,0.0,0000*73
$GPRMC,235831.00,A,3724.657372,N,12204.459458,W,042.3,293.2,290520,,,A*45
$GPGGA,235832.00,3724.661961,N,12204.473168,W,7,,0.38,-27.00,M,0.0,M,0.0,0000*7F
$GPRMC,235832.00,A,3724.661961,N,12204.473168,W,041.8,292.5,290520,,,A*4B
$GPGGA,235833.00,3724.666473,N,12204.486986,W,7,,0.38,-27.06,M,0.0,M,0.0,0000*73
$GPRMC,235833.00,A,3724.666473,N,12204.486986,W,041.2,292.2,290520,,,A*4C
$GPGGA,235834.00,3724.670878,N,12204.500149,W,7,,0.38,-26.97,M,0.0,M,0.0,0000*79
$GPRMC,235834.00,A,3724.670878,N,12204.500149,W,040.8,293.3,290520,,,A*44
$GPGGA,235835.00,3724.675324,N,12204.512785,W,7,,0.38,-26.81,M,0.0,M,0.0,0000*7D
$GPRMC,235835.00,A,3724.675324,N,12204.512785,W,040.4,294.1,290520,,,A*4E
$GPGGA,235836.00,3724.679979,N,12204.525667,W,7,,0.38,-26.56,M,0.0,M,0.0,0000*73
$GPRMC,235836.00,A,3724.679979,N,12204.525667,W,038.9,294.7,290520,,,A*4E
$GPGGA,235837.00,3724.684408,N,12204.537631,W,7,,0.38,-26.31,M,0.0,M,0.0,0000*7A
$GPRMC,235837.00,A,3724.684408,N,12204.537631,W,037.1,295.3,290520,,,A*44
$GPGGA,235838.00,3724.688596,N,12204.548653,W,7,,0.38,-26.49,M,0.0,M,0.0,0000*7C
$GPRMC,235838.00,A,3724.688596,N,12204.548653,W,035.0,295.9,290520,,,A*44
$GPGGA,235839.00,3724.692718,N,12204.559082,W,7,,0.38,-26.82,M,0.0,M,0.0,0000*7F
$GPRMC,235839.00,A,3724.692718,N,12204.559082,W,032.4,296.7,290520,,,A*4E
$GPGGA,235840.00,3724.696791,N,12204.568711,W,7,,0.38,-27.18,M,0.0,M,0.0,0000*79
$GPRMC,235840.00,A,3724.696791,N,12204.568711,W,030.2,298.4,290520,,,A*43
$GPGGA,235841.00,3724.701279,N,12204.577712,W,7,,0.38,-27.70,M,0.0,M,0.0,0000*77
$GPRMC,235841.00,A,3724.701279,N,12204.577712,W,028.9,304.8,290520,,,A*49
$GPGGA,235842.00,3724.706656,N,12204.585217,W,7,,0.38,-27.83,M,0.0,M,0.0,0000*7B
$GPRMC,235842.00,A,3724.706656,N,12204.585217,W,029.3,317.9,290520,,,A*41
$GPGGA,235843.00,3724.712572,N,12204.590329,W,7,,0.38,-27.35,M,0.0,M,0.0,0000*7F
$GPRMC,235843.00,A,3724.712572,N,12204.590329,W,027.9,331.5,290520,,,A*44
$GPGGA,235844.00,3724.719663,N,12204.594140,W,7,,0.38,-27.11,M,0.0,M,0.0,0000*7F
$GPRMC,235844.00,A,3724.719663,N,12204.594140,W,026.9,344.2,290520,,,A*46
$GPGGA,235845.00,3724.726821,N,12204.596503,W,7,,0.38,-26.70,M,0.0,M,0.0,0000*7D
$GPRMC,235845.00,A,3724.726821,N,12204.596503,W,026.8,350.3,290520,,,A*47
$GPGGA,235846.00,3724.734286,N,12204.598273,W,7,,0.38,-26.59,M,0.0,M,0.0,0000*7F
$GPRMC,235846.00,A,3724.734286,N,12204.598273,W,027.3,351.5,290520,,,A*43
$GPGGA,235847.00,3724.741743,N,12204.599948,W,7,,0.38,-26.39,M,0.0,M,0.0,0000*74
$GPRMC,235847.00,A,3724.741743,N,12204.599948,W,027.9,351.1,290520,,,A*40
$GPGGA,235848.00,3724.749183,N,12204.601663,W,7,,0.38,-26.35,M,0.0,M,0.0,0000*71
$GPRMC,235848.00,A,3724.749183,N,12204.601663,W,026.6,349.7,290520,,,A*48
$GPGGA,235849.00,3724.756395,N,12204.603583,W,7,,0.38,-26.33,M,0.0,M,0.0,0000*72
$GPRMC,235849.00,A,3724.756395,N,12204.603583,W,024.9,346.6,290520,,,A*4E
$GPGGA,235850.00,3724.764586,N,12204.607286,W,7,,0.38,-26.51,M,0.0,M,0.0,0000*7D
$GPRMC,235850.00,A,3724.764586,N,12204.607286,W,027.0,340.5,290520,,,A*4A
$GPGGA,235851.00,3724.771120,N,12204.611036,W,7,,0.38,-26.69,M,0.0,M,0.0,0000*75
$GPRMC,235851.00,A,3724.771120,N,12204.611036,W,025.9,334.0,290520,,,A*44
$GPGGA,235852.00,3724.778001,N,12204.616262,W,7,,0.38,-26.93,M,0.0,M,0.0,0000*7C
$GPRMC,235852.00,A,3724.778001,N,12204.616262,W,026.8,327.3,290520,,,A*4B
$GPGGA,235853.00,3724.784002,N,12204.621980,W,7,,0.38,-27.31,M,0.0,M,0.0,0000*77
$GPRMC,235853.00,A,3724.784002,N,12204.621980,W,027.0,321.3,290520,,,A*46
$GPGGA,235854.00,3724.789305,N,12204.628129,W,7,,0.38,-27.80,M,0.0,M,0.0,0000*71
$GPRMC,235854.00,A,3724.789305,N,12204.628129,W,026.1,315.8,290520,,,A*46
$GPGGA,235855.00,3724.794100,N,12204.634628,W,7,,0.38,-28.23,M,0.0,M,0.0,0000*76
$GPRMC,235855.00,A,3724.794100,N,12204.634628,W,024.8,311.2,290520,,,A*42
$GPGGA,235856.00,3724.798054,N,12204.641120,W,7,,0.38,-28.50,M,0.0,M,0.0,0000*70
$GPRMC,235856.00,A,3724.798054,N,12204.641120,W,022.7,305.6,290520,,,A*48
$GPGGA,235857.00,3724.801377,N,12204.647707,W,7,,0.38,-28.90,M,0.0,M,0.0,0000*75
$GPRMC,235857.00,A,3724.801377,N,12204.647707,W,020.7,300.9,290520,,,A*49
$GPGGA,235858.00,3724.803861,N,12204.653395,W,7,,0.38,-28.97,M,0.0,M,0.0,0000*79
$GPRMC,235858.00,A,3724.803861,N,12204.653395,W,018.6,297.5,290520,,,A*4B
$GPGGA,235859.00,3724.805877,N,12204.658574,W,7,,0.38,-29.13,M,0.0,M,0.0,0000*76
$GPRMC,235859.00,A,3724.805877,N,12204.658574,W,015.5,295.3,290520,,,A*43
$GPGGA,235900.00,3724.807437,N,12204.662947,W,7,,0.38,-29.00,M,0.0,M,0.0,0000*76
$GPRMC,235900.00,A,3724.807437,N,12204.662947,W,012.0,293.3,290520,,,A*45
$GPGGA,235901.00,3724.808529,N,12204.666133,W,7,,0.38,-29.00,M,0.0,M,0.0,0000*79
$GPRMC,235901.00,A,3724.808529,N,12204.666133,W,008.9,292.7,290520,,,A*4D
$GPGGA,235902.00,3724.809231,N,12204.668294,W,7,,0.38,-28.95,M,0.0,M,0.0,0000*78
$GPRMC,235902.00,A,3724.809231,N,12204.668294,W,005.5,292.3,290520,,,A*44
$GPGGA,235903.00,3724.809585,N,12204.669344,W,7,,0.38,-29.04,M,0.0,M,0.0,0000*75
$GPRMC,235903.00,A,3724.809585,N,12204.669344,W,002.2,292.1,290520,,,A*42
$GPGGA,235904.00,3724.809669,N,12204.669637,W,7,,0.38,-29.06,M,0.0,M,0.0,0000*70
$GPRMC,235904.00,A,3724.809669,N,12204.669637,W,000.5,291.9,290520,,,A*4B
$GPGGA,235905.00,3724.809663,N,12204.669686,W,7,,0.38,-28.90,M,0.0,M,0.0,0000*7F
$GPRMC,235905.00,A,3724.809663,N,12204.669686,W,000.7,292.1,290520,,,A*43
$GPGGA,235906.00,3724.809826,N,12204.670267,W,7,,0.38,-28.87,M,0.0,M,0.0,0000*76
$GPRMC,235906.00,A,3724.809826,N,12204.670267,W,003.1,291.9,290520,,,A*42
$GPGGA,235907.00,3724.809843,N,12204.672325,W,7,,0.38,-28.85,M,0.0,M,0.0,0000*73
$GPRMC,235907.00,A,3724.809843,N,12204.672325,W,008.0,288.3,290520,,,A*4D
$GPGGA,235908.00,3724.810162,N,12204.675811,W,7,,0.38,-28.56,M,0.0,M,0.0,0000*7B
$GPRMC,235908.00,A,3724.810162,N,12204.675811,W,011.2,290.6,290520,,,A*4D
$GPGGA,235909.00,3724.813023,N,12204.678655,W,7,,0.38,-28.46,M,0.0,M,0.0,0000*7F
$GPRMC,235909.00,A,3724.813023,N,12204.678655,W,013.2,311.9,290520,,,A*4D
$GPGGA,235910.00,3724.816402,N,12204.681325,W,7,,0.38,-28.55,M,0.0,M,0.0,0000*73
$GPRMC,235910.00,A,3724.816402,N,12204.681325,W,015.9,338.5,290520,,,A*49
$GPGGA,235911.00,3724.820901,N,12204.682465,W,7,,0.38,-28.81,M,0.0,M,0.0,0000*70
$GPRMC,235911.00,A,3724.820901,N,12204.682465,W,018.9,359.4,290520,,,A*48
$GPGGA,235912.00,3724.825503,N,12204.681943,W,7,,0.38,-28.83,M,0.0,M,0.0,0000*70
$GPRMC,235912.00,A,3724.825503,N,12204.681943,W,019.9,011.8,290520,,,A*48
$GPGGA,235913.00,3724.831576,N,12204.681367,W,7,,0.38,-29.03,M,0.0,M,0.0,0000*73
$GPRMC,235913.00,A,3724.831576,N,12204.681367,W,022.3,009.8,290520,,,A*49
$GPGGA,235914.00,3724.837930,N,12204.680869,W,7,,0.38,-29.06,M,0.0,M,0.0,0000*7D
$GPRMC,235914.00,A,3724.837930,N,12204.680869,W,023.3,006.6,290520,,,A*42
$GPGGA,235915.00,3724.844350,N,12204.680432,W,7,,0.38,-29.04,M,0.0,M,0.0,0000*74
$GPRMC,235915.00,A,3724.844350,N,12204.680432,W,023.9,004.0,290520,,,A*47
$GPGGA,235916.00,3724.851538,N,12204.680186,W,7,,0.38,-29.08,M,0.0,M,0.0,0000*7D
$GPRMC,235916.00,A,3724.851538,N,12204.680186,W,025.5,002.8,290520,,,A*46
$GPGGA,235917.00,3724.858906,N,12204.680030,W,7,,0.38,-28.91,M,0.0,M,0.0,0000*79
$GPRMC,235917.00,A,3724.858906,N,12204.680030,W,026.9,001.4,290520,,,A*43
$GPGGA,235918.00,3724.866585,N,12204.680095,W,7,,0.38,-29.08,M,0.0,M,0.0,0000*72
$GPRMC,235918.00,A,3724.866585,N,12204.680095,W,028.2,000.6,290520,,,A*4F
$GPGGA,235919.00,3724.874650,N,12204.680161,W,7,,0.38,-28.94,M,0.0,M,0.0,0000*75
$GPRMC,235919.00,A,3724.874650,N,12204.680161,W,029.0,000.6,290520,,,A*4F
$GPGGA,235920.00,3724.883241,N,12204.680521,W,7,,0.38,-29.06,M,0.0,M,0.0,0000*79
$GPRMC,235920.00,A,3724.883241,N,12204.680521,W,029.8,000.9,290520,,,A*4E
$GPGGA,235921.00,3724.892085,N,12204.681668,W,7,,0.38,-30.61,M,0.0,M,0.0,0000*74
$GPRMC,235921.00,A,3724.892085,N,12204.681668,W,030.1,359.7,290520,,,A*4A
$GPGGA,235922.00,3724.900192,N,12204.681889,W,7,,0.38,-30.49,M,0.0,M,0.0,0000*71
$GPRMC,235922.00,A,3724.900192,N,12204.681889,W,030.1,359.1,290520,,,A*43
$GPGGA,235923.00,3724.908580,N,12204.681943,W,7,,0.38,-30.47,M,0.0,M,0.0,0000*76
$GPRMC,235923.00,A,3724.908580,N,12204.681943,W,030.2,000.0,290520,,,A*47
$GPGGA,235924.00,3724.917310,N,12204.681968,W,7,,0.38,-31.45,M,0.0,M,0.0,0000*7A
$GPRMC,235924.00,A,3724.917310,N,12204.681968,W,029.5,000.3,290520,,,A*44
$GPGGA,235925.00,3724.925307,N,12204.681884,W,7,,0.38,-31.34,M,0.0,M,0.0,0000*79
$GPRMC,235925.00,A,3724.925307,N,12204.681884,W,028.4,000.8,290520,,,A*4A
$GPGGA,235926.00,3724.933102,N,12204.681824,W,7,,0.38,-31.22,M,0.0,M,0.0,0000*77
$GPRMC,235926.00,A,3724.933102,N,12204.681824,W,027.6,001.3,290520,,,A*44
$GPGGA,235927.00,3724.940212,N,12204.681764,W,7,,0.38,-31.32,M,0.0,M,0.0,0000*7A
$GPRMC,235927.00,A,3724.940212,N,12204.681764,W,025.4,000.2,290520,,,A*48
$GPGGA,235928.00,3724.947159,N,12204.681817,W,7,,0.38,-31.34,M,0.0,M,0.0,0000*73
$GPRMC,235928.00,A,3724.947159,N,12204.681817,W,024.1,359.6,290520,,,A*48
$GPGGA,235929.00,3724.953765,N,12204.681866,W,7,,0.38,-31.36,M,0.0,M,0.0,0000*7A
$GPRMC,235929.00,A,3724.953765,N,12204.681866,W,022.3,359.6,290520,,,A*47
$GPGGA,235930.00,3724.959633,N,12204.681859,W,7,,0.38,-31.30,M,0.0,M,0.0,0000*70
$GPRMC,235930.00,A,3724.959633,N,12204.681859,W,020.3,359.9,290520,,,A*46
$GPGGA,235931.00,3724.964901,N,12204.681817,W,7,,0.38,-31.39,M,0.0,M,0.0,0000*72
$GPRMC,235931.00,A,3724.964901,N,12204.681817,W,018.7,359.9,290520,,,A*42
$GPGGA,235932.00,3724.969923,N,12204.681812,W,7,,0.38,-31.65,M,0.0,M,0.0,0000*70
$GPRMC,235932.00,A,3724.969923,N,12204.681812,W,016.5,000.0,290520,,,A*43
$GPGGA,235933.00,3724.974220,N,12204.681782,W,7,,0.38,-31.93,M,0.0,M,0.0,0000*7A
$GPRMC,235933.00,A,3724.974220,N,12204.681782,W,013.9,000.5,290520,,,A*4C
$GPGGA,235934.00,3724.977291,N,12204.681722,W,7,,0.38,-31.96,M,0.0,M,0.0,0000*7B
$GPRMC,235934.00,A,3724.977291,N,12204.681722,W,009.4,000.2,290520,,,A*49
$GPGGA,235935.00,3724.979212,N,12204.681668,W,7,,0.38,-31.81,M,0.0,M,0.0,0000*76
$GPRMC,235935.00,A,3724.979212,N,12204.681668,W,005.1,000.7,290520,,,A*4E
$GPGGA,235936.00,3724.980082,N,12204.681692,W,7,,0.38,-31.71,M,0.0,M,0.0,0000*72
$GPRMC,235936.00,A,3724.980082,N,12204.681692,W,001.9,000.5,290520,,,A*4B
$GPGGA,235937.00,3724.980412,N,12204.681722,W,7,,0.38,-31.59,M,0.0,M,0.0,0000*7E
$GPRMC,235937.00,A,3724.980412,N,12204.681722,W,000.5,000.5,290520,,,A*40
$GPGGA,235938.00,3724.980526,N,12204.681727,W,7,,0.38,-31.55,M,0.0,M,0.0,0000*7E
$GPRMC,235938.00,A,3724.980526,N,12204.681727,W,000.5,000.8,290520,,,A*41
$GPGGA,235939.00,3724.980634,N,12204.681697,W,7,,0.38,-31.43,M,0.0,M,0.0,0000*72
$GPRMC,235939.00,A,3724.980634,N,12204.681697,W,000.5,001.1,290520,,,A*42
$GPGGA,235940.00,3724.981078,N,12204.681769,W,7,,0.38,-31.49,M,0.0,M,0.0,0000*79
$GPRMC,235940.00,A,3724.981078,N,12204.681769,W,002.6,001.4,290520,,,A*47
$GPGGA,235941.00,3724.982416,N,12204.682370,W,7,,0.38,-31.43,M,0.0,M,0.0,0000*72
$GPRMC,235941.00,A,3724.982416,N,12204.682370,W,006.7,358.2,290520,,,A*4A
$GPGGA,235942.00,3724.984479,N,12204.683119,W,7,,0.38,-31.25,M,0.0,M,0.0,0000*72
$GPRMC,235942.00,A,3724.984479,N,12204.683119,W,009.0,338.9,290520,,,A*4F
$GPGGA,235943.00,3724.986099,N,12204.685676,W,7,,0.38,-31.27,M,0.0,M,0.0,0000*71
$GPRMC,235943.00,A,3724.986099,N,12204.685676,W,010.2,311.5,290520,,,A*43
$GPGGA,235944.00,3724.987005,N,12204.689390,W,7,,0.38,-31.20,M,0.0,M,0.0,0000*74
$GPRMC,235944.00,A,3724.987005,N,12204.689390,W,012.1,293.1,290520,,,A*4F
$GPGGA,235945.00,3724.988476,N,12204.695192,W,7,,0.38,-31.23,M,0.0,M,0.0,0000*74
$GPRMC,235945.00,A,3724.988476,N,12204.695192,W,015.9,283.1,290520,,,A*42
$GPGGA,235946.00,3724.988979,N,12204.701089,W,7,,0.38,-31.66,M,0.0,M,0.0,0000*73
$GPRMC,235946.00,A,3724.988979,N,12204.701089,W,018.2,275.5,290520,,,A*4F
$GPGGA,235947.00,3724.989267,N,12204.707774,W,7,,0.38,-31.31,M,0.0,M,0.0,0000*76
$GPRMC,235947.00,A,3724.989267,N,12204.707774,W,020.0,275.0,290520,,,A*44
$GPGGA,235948.00,3724.989663,N,12204.715435,W,7,,0.38,-31.19,M,0.0,M,0.0,0000*76
$GPRMC,235948.00,A,3724.989663,N,12204.715435,W,021.9,274.7,290520,,,A*40
$GPGGA,235949.00,3724.990209,N,12204.723344,W,7,,0.38,-31.10,M,0.0,M,0.0,0000*7A
$GPRMC,235949.00,A,3724.990209,N,12204.723344,W,023.7,275.1,290520,,,A*4E
$GPGGA,235950.00,3724.990473,N,12204.731288,W,7,,0.38,-30.65,M,0.0,M,0.0,0000*78
$GPRMC,235950.00,A,3724.990473,N,12204.731288,W,024.1,274.9,290520,,,A*47
$GPGGA,235951.00,3724.990990,N,12204.739207,W,7,,0.38,-30.90,M,0.0,M,0.0,0000*7C
$GPRMC,235951.00,A,3724.990990,N,12204.739207,W,023.7,275.1,290520,,,A*41
$GPGGA,235952.00,3724.991620,N,12204.747451,W,7,,0.38,-30.95,M,0.0,M,0.0,0000*73
$GPRMC,235952.00,A,3724.991620,N,12204.747451,W,023.9,275.1,290520,,,A*45
$GPGGA,235953.00,3724.992160,N,12204.755828,W,7,,0.38,-31.10,M,0.0,M,0.0,0000*7F
$GPRMC,235953.00,A,3724.992160,N,12204.755828,W,023.7,273.9,290520,,,A*45
$GPGGA,235954.00,3724.992591,N,12204.764011,W,7,,0.38,-31.21,M,0.0,M,0.0,0000*70
$GPRMC,235954.00,A,3724.992591,N,12204.764011,W,023.7,273.9,290520,,,A*48
$GPGGA,235955.00,3724.992718,N,12204.771932,W,7,,0.38,-30.87,M,0.0,M,0.0,0000*73
$GPRMC,235955.00,A,3724.992718,N,12204.771932,W,023.6,273.9,290520,,,A*47
$GPGGA,235956.00,3724.993144,N,12204.780362,W,7,,0.38,-31.01,M,0.0,M,0.0,0000*70
$GPRMC,235956.00,A,3724.993144,N,12204.780362,W,023.5,274.5,290520,,,A*43
$GPGGA,235957.00,3724.993690,N,12204.788485,W,7,,0.38,-30.90,M,0.0,M,0.0,0000*70
$GPRMC,235957.00,A,3724.993690,N,12204.788485,W,023.3,274.6,290520,,,A*4F
$GPGGA,235958.00,3724.994176,N,12204.796195,W,7,,0.38,-31.27,M,0.0,M,0.0,0000*71
$GPRMC,235958.00,A,3724.994176,N,12204.796195,W,022.5,274.7,290520,,,A*45
$GPGGA,235959.00,3724.994824,N,12204.803444,W,7,,0.38,-31.36,M,0.0,M,0.0,0000*74
$GPRMC,235959.00,A,3724.994824,N,12204.803444,W,019.8,275.5,290520,,,A*46
$GPGGA,000000.00,3724.995418,N,12204.809425,W,7,,0.38,-31.36,M,0.0,M,0.0,0000*7A
$GPRMC,000000.00,A,3724.995418,N,12204.809425,W,016.5,276.5,300520,,,A*41
$GPGGA,000001.00,3724.995880,N,12204.814976,W,7,,0.38,-31.45,M,0.0,M,0.0,0000*75
$GPRMC,000001.00,A,3724.995880,N,12204.814976,W,014.2,275.5,300520,,,A*4C
$GPGGA,000002.00,3724.995478,N,12204.819631,W,7,,0.38,-31.51,M,0.0,M,0.0,0000*79
$GPRMC,000002.00,A,3724.995478,N,12204.819631,W,012.7,262.6,300520,,,A*43
$GPGGA,000003.00,3724.994151,N,12204.823532,W,7,,0.38,-31.64,M,0.0,M,0.0,0000*78
$GPRMC,000003.00,A,3724.994151,N,12204.823532,W,011.5,242.9,300520,,,A*48
$GPGGA,000004.00,3724.991775,N,12204.826778,W,7,,0.38,-30.87,M,0.0,M,0.0,0000*7F
$GPRMC,000004.00,A,3724.991775,N,12204.826778,W,011.2,219.8,300520,,,A*4B
$GPGGA,000005.00,3724.988649,N,12204.828463,W,7,,0.38,-30.63,M,0.0,M,0.0,0000*75
$GPRMC,000005.00,A,3724.988649,N,12204.828463,W,011.9,199.4,300520,,,A*47
$GPGGA,000006.00,3724.984737,N,12204.829357,W,7,,0.38,-30.28,M,0.0,M,0.0,0000*7C
$GPRMC,000006.00,A,3724.984737,N,12204.829357,W,014.3,186.1,300520,,,A*45
$GPGGA,000007.00,3724.980556,N,12204.829687,W,7,,0.38,-30.08,M,0.0,M,0.0,0000*76
$GPRMC,000007.00,A,3724.980556,N,12204.829687,W,016.0,182.8,300520,,,A*41
$GPGGA,000008.00,3724.975869,N,12204.829952,W,7,,0.38,-30.02,M,0.0,M,0.0,0000*7F
$GPRMC,000008.00,A,3724.975869,N,12204.829952,W,017.7,182.2,300520,,,A*4E
$GPGGA,000009.00,3724.971381,N,12204.830221,W,7,,0.38,-30.50,M,0.0,M,0.0,0000*77
$GPRMC,000009.00,A,3724.971381,N,12204.830221,W,017.7,182.1,300520,,,A*42
$GPGGA,000010.00,3724.966941,N,12204.830365,W,7,,0.38,-29.69,M,0.0,M,0.0,0000*7C
$GPRMC,000010.00,A,3724.966941,N,12204.830365,W,017.0,181.6,300520,,,A*48
$GPGGA,000011.00,3724.962724,N,12204.830647,W,7,,0.38,-29.81,M,0.0,M,0.0,0000*77
$GPRMC,000011.00,A,3724.962724,N,12204.830647,W,015.2,182.9,300520,,,A*49
$GPGGA,000012.00,3724.959135,N,12204.831218,W,7,,0.38,-29.67,M,0.0,M,0.0,0000*7D
$GPRMC,000012.00,A,3724.959135,N,12204.831218,W,011.8,184.1,300520,,,A*4B
$GPGGA,000013.00,3724.956687,N,12204.831248,W,7,,0.38,-30.06,M,0.0,M,0.0,0000*77
$GPRMC,000013.00,A,3724.956687,N,12204.831248,W,009.2,189.0,300520,,,A*41
$GPGGA,000014.00,3724.954353,N,12204.832064,W,7,,0.38,-30.01,M,0.0,M,0.0,0000*76
$GPRMC,000014.00,A,3724.954353,N,12204.832064,W,008.7,204.2,300520,,,A*47
$GPGGA,000015.00,3724.952421,N,12204.834055,W,7,,0.39,-30.13,M,0.0,M,0.0,0000*75
$GPRMC,000015.00,A,3724.952421,N,12204.834055,W,009.0,231.2,300520,,,A*46
$GPGGA,000016.00,3724.952440,N,12204.836593,W,7,,0.38,-30.12,M,0.0,M,0.0,0000*7C
$GPRMC,000016.00,A,3724.952440,N,12204.836593,W,007.9,266.9,300520,,,A*41
$GPGGA,000017.00,3724.953471,N,12204.838747,W,7,,0.38,-30.14,M,0.0,M,0.0,0000*7D
$GPRMC,000017.00,A,3724.953471,N,12204.838747,W,007.6,299.8,300520,,,A*48
$GPGGA,000018.00,3724.954719,N,12204.840547,W,7,,0.38,-30.27,M,0.0,M,0.0,0000*75
$GPRMC,000018.00,A,3724.954719,N,12204.840547,W,006.6,317.1,300520,,,A*4F
$GPGGA,000019.00,3724.955589,N,12204.841820,W,7,,0.38,-30.39,M,0.0,M,0.0,0000*7C
$GPRMC,000019.00,A,3724.955589,N,12204.841820,W,003.5,309.9,300520,,,A*48
$GPGGA,000020.00,3724.956033,N,12204.842425,W,7,,0.38,-30.61,M,0.0,M,0.0,0000*76
$GPRMC,000020.00,A,3724.956033,N,12204.842425,W,001.1,306.3,300520,,,A*4C
$GPGGA,000021.00,3724.955932,N,12204.842971,W,7,,0.38,-29.95,M,0.0,M,0.0,0000*73
$GPRMC,000021.00,A,3724.955932,N,12204.842971,W,000.0,000.0,300520,,,A*4C
$GPGGA,000022.00,3724.955938,N,12204.842971,W,7,,0.38,-29.96,M,0.0,M,0.0,0000*79
$GPRMC,000022.00,A,3724.955938,N,12204.842971,W,000.0,000.0,300520,,,A*45
$GPGGA,000023.00,3724.955932,N,12204.842971,W,7,,0.38,-29.96,M,0.0,M,0.0,0000*72
$GPRMC,000023.00,A,3724.955932,N,12204.842971,W,000.0,000.0,300520,,,A*4E
$GPGGA,000024.00,3724.955938,N,12204.842971,W,7,,0.38,-29.96,M,0.0,M,0.0,0000*7F
$GPRMC,000024.00,A,3724.955938,N,12204.842971,W,000.0,000.0,300520,,,A*43
$GPGGA,000025.00,3724.955932,N,12204.842971,W,7,,0.38,-29.96,M,0.0,M,0.0,0000*74
$GPRMC,000025.00,A,3724.955932,N,12204.842971,W,000.0,000.0,300520,,,A*48
$GPGGA,000026.00,3724.955938,N,12204.842971,W,7,,0.38,-29.96,M,0.0,M,0.0,0000*7D
$GPRMC,000026.00,A,3724.955938,N,12204.842971,W,000.0,000.0,300520,,,A*41
$GPGGA,000027.00,3724.955932,N,12204.842971,W,7,,0.38,-29.96,M,0.0,M,0.0,0000*76
$GPRMC,000027.00,A,3724.955932,N,12204.842971,W,000.0,000.0,300520,,,A*4A
$GPGGA,000028.00,3724.955938,N,12204.842971,W,7,,0.38,-29.97,M,0.0,M,0.0,0000*72
$GPRMC,000028.00,A,3724.955938,N,12204.842971,W,000.0,000.0,300520,,,A*4F
$GPGGA,000029.00,3724.956033,N,12204.843170,W,7,,0.38,-29.45,M,0.0,M,0.0,0000*75
$GPRMC,000029.00,A,3724.956033,N,12204.843170,W,000.0,000.0,300520,,,A*47
$GPGGA,000030.00,3724.956016,N,12204.843229,W,7,,0.38,-29.12,M,0.0,M,0.0,0000*77
$GPRMC,000030.00,A,3724.956016,N,12204.843229,W,000.0,000.0,300520,,,A*47
$GPGGA,000031.00,3724.956016,N,12204.843224,W,7,,0.38,-29.13,M,0.0,M,0.0,0000*7A
$GPRMC,000031.00,A,3724.956016,N,12204.843224,W,000.0,000.0,300520,,,A*4B
$GPGGA,000032.00,3724.956016,N,12204.843229,W,7,,0.38,-29.12,M,0.0,M,0.0,0000*75
$GPRMC,000032.00,A,3724.956016,N,12204.843229,W,000.0,000.0,300520,,,A*45
$GPGGA,000033.00,3724.956016,N,12204.843224,W,7,,0.38,-29.13,M,0.0,M,0.0,0000*78
$GPRMC,000033.00,A,3724.956016,N,12204.843224,W,000.0,000.0,300520,,,A*49
$GPGGA,000034.00,3724.955902,N,12204.843284,W,7,,0.38,-28.94,M,0.0,M,0.0,0000*74
$GPRMC,000034.00,A,3724.955902,N,12204.843284,W,000.0,000.0,300520,,,A*4B
$GPGGA,000035.00,3724.955938,N,12204.843343,W,7,,0.38,-28.79,M,0.0,M,0.0,0000*75
$GPRMC,000035.00,A,3724.955938,N,12204.843343,W,000.0,000.0,300520,,,A*49
$GPGGA,000036.00,3724.955925,N,12204.843289,W,7,,0.38,-28.93,M,0.0,M,0.0,0000*79
$GPRMC,000036.00,A,3724.955925,N,12204.843289,W,000.0,000.0,300520,,,A*41
$GPGGA,000037.00,3724.955968,N,12204.843301,W,7,,0.38,-28.84,M,0.0,M,0.0,0000*76
$GPRMC,000037.00,A,3724.955968,N,12204.843301,W,000.0,000.0,300520,,,A*48
$GPGGA,000038.00,3724.955961,N,12204.843296,W,7,,0.38,-28.84,M,0.0,M,0.0,0000*7F
$GPRMC,000038.00,A,3724.955961,N,12204.843296,W,000.0,000.0,300520,,,A*41
$GPGGA,000039.00,3724.955961,N,12204.843301,W,7,,0.38,-28.84,M,0.0,M,0.0,0000*71
$GPRMC,000039.00,A,3724.955961,N,12204.843301,W,000.0,000.0,300520,,,A*4F
$GPGGA,000040.00,3724.955974,N,12204.843277,W,7,,0.38,-29.07,M,0.0,M,0.0,0000*71
$GPRMC,000040.00,A,3724.955974,N,12204.843277,W,000.0,000.0,300520,,,A*45
$GPGGA,000041.00,3724.955974,N,12204.843301,W,7,,0.39,-29.29,M,0.0,M,0.0,0000*7D
$GPRMC,000041.00,A,3724.955974,N,12204.843301,W,000.0,000.0,300520,,,A*44
$GPGGA,000042.00,3724.955997,N,12204.843326,W,7,,0.39,-29.49,M,0.0,M,0.0,0000*70
$GPRMC,000042.00,A,3724.955997,N,12204.843326,W,000.0,000.0,300520,,,A*4F
$GPGGA,000043.00,3724.956052,N,12204.843308,W,7,,0.38,-29.31,M,0.0,M,0.0,0000*70
$GPRMC,000043.00,A,3724.956052,N,12204.843308,W,000.0,000.0,300520,,,A*41
$GPGGA,000044.00,3724.956069,N,12204.843331,W,7,,0.38,-29.08,M,0.0,M,0.0,0000*7F
$GPRMC,000044.00,A,3724.956069,N,12204.843331,W,000.0,000.0,300520,,,A*44
