$GPGGA,212920.00,3725.645614,N,12204.194857,W,7,,0.51,-27.50,M,0.0,M,0.0,0000*71
$GPRMC,212920.00,A,3725.645614,N,12204.194857,W,000.0,214.6,030820,,,A*4A
$GPGGA,212921.00,3725.645620,N,12204.194864,W,7,,0.40,-27.50,M,0.0,M,0.0,0000*77
$GPRMC,212921.00,A,3725.645620,N,12204.194864,W,000.0,215.6,030820,,,A*4D
$GPGGA,212922.00,3725.645620,N,12204.194869,W,7,,0.40,-27.50,M,0.0,M,0.0,0000*79
$GPRMC,212922.00,A,3725.645620,N,12204.194869,W,000.0,214.3,030820,,,A*47
$GPGGA,212923.00,3725.645620,N,12204.194876,W,7,,0.40,-27.50,M,0.0,M,0.0,0000*76
$GPRMC,212923.00,A,3725.645620,N,12204.194876,W,000.0,216.9,030820,,,A*40
$GPGGA,212924.00,3725.645620,N,12204.194876,W,7,,0.40,-27.50,M,0.0,M,0.0,0000*71
$GPRMC,212924.00,A,3725.645620,N,12204.194876,W,000.0,216.1,030820,,,A*4F
$GPGGA,212925.00,3725.645620,N,12204.194876,W,7,,0.40,-27.50,M,0.0,M,0.0,0000*70
$GPRMC,212925.00,A,3725.645620,N,12204.194876,W,000.0,193.7,030820,,,A*46
$GPGGA,212924.67,3725.645614,N,12204.194881,W,7,,0.50,-27.70,M,0.0,M,0.0,0000*7C
$GPRMC,212924.67,A,3725.645614,N,12204.194881,W,000.0,193.9,030820,,,A*47
$GPGGA,212926.00,3725.645614,N,12204.194881,W,7,,0.50,-27.70,M,0.0,M,0.0,0000*7F
$GPRMC,212926.00,A,3725.645614,N,12204.194881,W,000.0,186.3,030820,,,A*4A
$GPGGA,212927.00,3725.645614,N,12204.194881,W,7,,0.48,-27.70,M,0.0,M,0.0,0000*77
$GPRMC,212927.00,A,3725.645614,N,12204.194881,W,000.0,181.1,030820,,,A*4E
$GPGGA,212928.00,3725.645601,N,12204.194881,W,7,,0.48,-27.70,M,0.0,M,0.0,0000*7C
$GPRMC,212928.00,A,3725.645601,N,12204.194881,W,000.0,188.9,030820,,,A*44
$GPGGA,212929.00,3725.645601,N,12204.194881,W,7,,0.50,-27.70,M,0.0,M,0.0,0000*74
$GPRMC,212929.00,A,3725.645601,N,12204.194881,W,000.0,188.5,030820,,,A*49
$GPGGA,212930.00,3725.645607,N,12204.194881,W,7,,0.48,-27.70,M,0.0,M,0.0,0000*73
$GPRMC,212930.00,A,3725.645607,N,12204.194881,W,000.0,194.4,030820,,,A*4B
$GPGGA,212931.00,3725.645607,N,12204.194881,W,7,,0.40,-27.70,M,0.0,M,0.0,0000*7A
$GPRMC,212931.00,A,3725.645607,N,12204.194881,W,000.0,192.5,030820,,,A*4D
$GPGGA,212932.00,3725.645601,N,12204.194876,W,7,,0.40,-27.70,M,0.0,M,0.0,0000*77
$GPRMC,212932.00,A,3725.645601,N,12204.194876,W,000.0,196.4,030820,,,A*45
$GPGGA,212933.00,3725.645607,N,12204.194876,W,7,,0.40,-27.70,M,0.0,M,0.0,0000*70
$GPRMC,212933.00,A,3725.645607,N,12204.194876,W,000.0,198.1,030820,,,A*49
$GPGGA,212934.00,3725.645607,N,12204.194876,W,7,,0.40,-27.70,M,0.0,M,0.0,0000*77
$GPRMC,212934.00,A,3725.645607,N,12204.194876,W,000.0,204.1,030820,,,A*48
$GPGGA,212935.00,3725.645607,N,12204.194869,W,7,,0.40,-27.70,M,0.0,M,0.0,0000*78
$GPRMC,212935.00,A,3725.645607,N,12204.194869,W,000.0,207.4,030820,,,A*41
$GPGGA,212934.70,3725.645607,N,12204.194876,W,7,,0.50,-27.50,M,0.0,M,0.0,0000*73
$GPRMC,212934.70,A,3725.645607,N,12204.194876,W,000.0,207.6,030820,,,A*4B
$GPGGA,212936.00,3725.645607,N,12204.194869,W,7,,0.49,-27.50,M,0.0,M,0.0,0000*70
$GPRMC,212936.00,A,3725.645607,N,12204.194869,W,000.0,205.3,030820,,,A*47
$GPGGA,212937.00,3725.645614,N,12204.194869,W,7,,0.50,-27.50,M,0.0,M,0.0,0000*7B
$GPRMC,212937.00,A,3725.645614,N,12204.194869,W,000.0,197.7,030820,,,A*48
$GPGGA,212938.00,3725.645614,N,12204.194869,W,7,,0.50,-27.50,M,0.0,M,0.0,0000*74
$GPRMC,212938.00,A,3725.645614,N,12204.194869,W,000.0,199.0,030820,,,A*4E
$GPGGA,212939.00,3725.645614,N,12204.194869,W,7,,0.50,-27.50,M,0.0,M,0.0,0000*75
$GPRMC,212939.00,A,3725.645614,N,12204.194869,W,000.0,228.5,030820,,,A*43
$GPGGA,212940.00,3725.645614,N,12204.194869,W,7,,0.49,-27.50,M,0.0,M,0.0,0000*73
$GPRMC,212940.00,A,3725.645614,N,12204.194869,W,000.0,230.5,030820,,,A*44
$GPGGA,212941.00,3725.645620,N,12204.194851,W,7,,0.40,-27.50,M,0.0,M,0.0,0000*77
$GPRMC,212941.00,A,3725.645620,N,12204.194851,W,000.0,223.8,030820,,,A*46
$GPGGA,212942.00,3725.645620,N,12204.194851,W,7,,0.40,-27.50,M,0.0,M,0.0,0000*74
$GPRMC,212942.00,A,3725.645620,N,12204.194851,W,000.0,221.2,030820,,,A*4D
$GPGGA,212943.00,3725.645620,N,12204.194851,W,7,,0.40,-27.50,M,0.0,M,0.0,0000*75
$GPRMC,212943.00,A,3725.645620,N,12204.194851,W,000.0,221.2,030820,,,A*4C
$GPGGA,212944.00,3725.645620,N,12204.194851,W,7,,0.40,-27.50,M,0.0,M,0.0,0000*72
$GPRMC,212944.00,A,3725.645620,N,12204.194851,W,000.0,233.3,030820,,,A*49
$GPGGA,212945.00,3725.645620,N,12204.194846,W,7,,0.40,-27.50,M,0.0,M,0.0,0000*75
$GPRMC,212945.00,A,3725.645620,N,12204.194846,W,000.0,236.5,030820,,,A*4D
$GPGGA,212944.73,3725.645620,N,12204.194846,W,7,,0.51,-27.70,M,0.0,M,0.0,0000*72
$GPRMC,212944.73,A,3725.645620,N,12204.194846,W,000.0,236.1,030820,,,A*4C
$GPGGA,212946.00,3725.645626,N,12204.194846,W,7,,0.51,-27.70,M,0.0,M,0.0,0000*72
$GPRMC,212946.00,A,3725.645626,N,12204.194846,W,000.0,233.7,030820,,,A*4F
$GPGGA,212947.00,3725.645626,N,12204.194839,W,7,,0.51,-27.70,M,0.0,M,0.0,0000*7B
$GPRMC,212947.00,A,3725.645626,N,12204.194839,W,000.0,231.0,030820,,,A*43
$GPGGA,212948.00,3725.645626,N,12204.194839,W,7,,0.51,-27.70,M,0.0,M,0.0,0000*74
$GPRMC,212948.00,A,3725.645626,N,12204.194839,W,000.0,231.4,030820,,,A*48
$GPGGA,212949.00,3725.645631,N,12204.194839,W,7,,0.51,-27.70,M,0.0,M,0.0,0000*73
$GPRMC,212949.00,A,3725.645631,N,12204.194839,W,000.0,227.9,030820,,,A*45
$GPGGA,212950.00,3725.645631,N,12204.194839,W,7,,0.51,-27.70,M,0.0,M,0.0,0000*7B
$GPRMC,212950.00,A,3725.645631,N,12204.194839,W,000.0,226.9,030820,,,A*4C
$GPGGA,212951.00,3725.645631,N,12204.194834,W,7,,0.40,-27.70,M,0.0,M,0.0,0000*77
$GPRMC,212951.00,A,3725.645631,N,12204.194834,W,000.0,221.3,030820,,,A*4D
$GPGGA,212952.00,3725.645631,N,12204.194834,W,7,,0.40,-27.70,M,0.0,M,0.0,0000*74
$GPRMC,212952.00,A,3725.645631,N,12204.194834,W,000.0,222.0,030820,,,A*4E
$GPGGA,212953.00,3725.645631,N,12204.194834,W,7,,0.40,-27.70,M,0.0,M,0.0,0000*75
$GPRMC,212953.00,A,3725.645631,N,12204.194834,W,000.0,223.9,030820,,,A*47
$GPGGA,212954.00,3725.645631,N,12204.194827,W,7,,0.40,-27.70,M,0.0,M,0.0,0000*70
$GPRMC,212954.00,A,3725.645631,N,12204.194827,W,000.0,230.6,030820,,,A*4F
$GPGGA,212955.00,3725.645631,N,12204.194834,W,7,,0.40,-27.70,M,0.0,M,0.0,0000*73
$GPRMC,212955.00,A,3725.645631,N,12204.194834,W,000.0,234.8,030820,,,A*46
$GPGGA,212956.00,3725.645637,N,12204.194834,W,7,,0.40,-27.70,M,0.0,M,0.0,0000*76
$GPRMC,212956.00,A,3725.645637,N,12204.194834,W,000.0,235.5,030820,,,A*4F
$GPGGA,212957.00,3725.645637,N,12204.194834,W,7,,0.40,-27.70,M,0.0,M,0.0,0000*77
$GPRMC,212957.00,A,3725.645637,N,12204.194834,W,000.0,232.9,030820,,,A*45
$GPGGA,212958.00,3725.645637,N,12204.194834,W,7,,0.40,-27.70,M,0.0,M,0.0,0000*78
$GPRMC,212958.00,A,3725.645637,N,12204.194834,W,000.0,233.1,030820,,,A*43
$GPGGA,212959.00,3725.645643,N,12204.194827,W,7,,0.40,-27.70,M,0.0,M,0.0,0000*78
$GPRMC,212959.00,A,3725.645643,N,12204.194827,W,000.0,248.4,030820,,,A*4A
$GPGGA,213000.00,3725.645643,N,12204.194827,W,7,,0.40,-27.70,M,0.0,M,0.0,0000*7C
$GPRMC,213000.00,A,3725.645643,N,12204.194827,W,000.0,237.9,030820,,,A*4B
$GPGGA,213001.00,3725.645650,N,12204.194827,W,7,,0.40,-27.70,M,0.0,M,0.0,0000*7F
$GPRMC,213001.00,A,3725.645650,N,12204.194827,W,000.0,238.0,030820,,,A*4E
$GPGGA,213002.00,3725.645650,N,12204.194827,W,7,,0.40,-27.70,M,0.0,M,0.0,0000*7C
$GPRMC,213002.00,A,3725.645650,N,12204.194827,W,000.0,239.9,030820,,,A*45
$GPGGA,213003.00,3725.645656,N,12204.194822,W,7,,0.40,-27.70,M,0.0,M,0.0,0000*7E
$GPRMC,213003.00,A,3725.645656,N,12204.194822,W,000.0,240.4,030820,,,A*44
$GPGGA,213004.00,3725.645656,N,12204.194822,W,7,,0.40,-27.70,M,0.0,M,0.0,0000*79
$GPRMC,213004.00,A,3725.645656,N,12204.194822,W,000.0,239.3,030820,,,A*4A
$GPGGA,213005.00,3725.645662,N,12204.194822,W,7,,0.40,-27.70,M,0.0,M,0.0,0000*7F
$GPRMC,213005.00,A,3725.645662,N,12204.194822,W,000.0,257.3,030820,,,A*44
$GPGGA,213004.82,3725.645662,N,12204.194827,W,7,,0.53,-27.70,M,0.0,M,0.0,0000*73
$GPRMC,213004.82,A,3725.645662,N,12204.194827,W,000.0,257.3,030820,,,A*4A
$GPGGA,213006.00,3725.645662,N,12204.194827,W,7,,0.53,-27.70,M,0.0,M,0.0,0000*7B
$GPRMC,213006.00,A,3725.645662,N,12204.194827,W,000.0,255.2,030820,,,A*41
$GPGGA,213007.00,3725.645667,N,12204.194827,W,7,,0.53,-27.70,M,0.0,M,0.0,0000*7F
$GPRMC,213007.00,A,3725.645667,N,12204.194827,W,000.0,294.7,030820,,,A*4D
$GPGGA,213008.00,3725.645667,N,12204.194834,W,7,,0.53,-27.70,M,0.0,M,0.0,0000*72
$GPRMC,213008.00,A,3725.645667,N,12204.194834,W,000.0,282.2,030820,,,A*42
$GPGGA,213009.00,3725.645673,N,12204.194834,W,7,,0.51,-27.70,M,0.0,M,0.0,0000*74
$GPRMC,213009.00,A,3725.645673,N,12204.194834,W,000.0,265.0,030820,,,A*4D
$GPGGA,213010.00,3725.645673,N,12204.194834,W,7,,0.53,-27.70,M,0.0,M,0.0,0000*7E
$GPRMC,213010.00,A,3725.645673,N,12204.194834,W,000.0,257.9,030820,,,A*4D
$GPGGA,213011.00,3725.645679,N,12204.194834,W,7,,0.40,-27.70,M,0.0,M,0.0,0000*77
$GPRMC,213011.00,A,3725.645679,N,12204.194834,W,000.0,248.8,030820,,,A*49
$GPGGA,213012.00,3725.645679,N,12204.194834,W,7,,0.40,-27.70,M,0.0,M,0.0,0000*74
$GPRMC,213012.00,A,3725.645679,N,12204.194834,W,000.0,247.8,030820,,,A*45
$GPGGA,213013.00,3725.645679,N,12204.194834,W,7,,0.40,-27.70,M,0.0,M,0.0,0000*75
$GPRMC,213013.00,A,3725.645679,N,12204.194834,W,000.0,248.1,030820,,,A*42
$GPGGA,213014.00,3725.645679,N,12204.194827,W,7,,0.40,-27.70,M,0.0,M,0.0,0000*70
$GPRMC,213014.00,A,3725.645679,N,12204.194827,W,000.0,249.1,030820,,,A*46
$GPGGA,213015.00,3725.645679,N,12204.194827,W,7,,0.40,-27.70,M,0.0,M,0.0,0000*71
$GPRMC,213015.00,A,3725.645679,N,12204.194827,W,000.0,247.2,030820,,,A*4A
$GPGGA,213016.00,3725.645679,N,12204.194827,W,7,,0.40,-27.70,M,0.0,M,0.0,0000*72
$GPRMC,213016.00,A,3725.645679,N,12204.194827,W,000.0,240.2,030820,,,A*4E
$GPGGA,213017.00,3725.645679,N,12204.194827,W,7,,0.40,-27.70,M,0.0,M,0.0,0000*73
$GPRMC,213017.00,A,3725.645679,N,12204.194827,W,000.0,238.9,030820,,,A*4B
$GPGGA,213018.00,3725.645679,N,12204.194827,W,7,,0.40,-27.70,M,0.0,M,0.0,0000*7C
$GPRMC,213018.00,A,3725.645679,N,12204.194827,W,000.0,238.3,030820,,,A*4E
$GPGGA,213019.00,3725.645679,N,12204.194834,W,7,,0.40,-27.70,M,0.0,M,0.0,0000*7F
$GPRMC,213019.00,A,3725.645679,N,12204.194834,W,000.0,239.7,030820,,,A*48
$GPGGA,213020.00,3725.645686,N,12204.194834,W,7,,0.40,-27.70,M,0.0,M,0.0,0000*75
$GPRMC,213020.00,A,3725.645686,N,12204.194834,W,000.0,238.8,030820,,,A*4C
$GPGGA,213021.00,3725.645692,N,12204.194834,W,7,,0.40,-27.70,M,0.0,M,0.0,0000*71
$GPRMC,213021.00,A,3725.645692,N,12204.194834,W,000.0,237.4,030820,,,A*4B
$GPGGA,213022.00,3725.645692,N,12204.194839,W,7,,0.40,-27.70,M,0.0,M,0.0,0000*7F
$GPRMC,213022.00,A,3725.645692,N,12204.194839,W,000.0,234.9,030820,,,A*4B
$GPGGA,213023.00,3725.645698,N,12204.194839,W,7,,0.40,-27.70,M,0.0,M,0.0,0000*74
$GPRMC,213023.00,A,3725.645698,N,12204.194839,W,000.0,232.1,030820,,,A*4E
$GPGGA,213024.00,3725.645703,N,12204.194839,W,7,,0.40,-27.70,M,0.0,M,0.0,0000*70
$GPRMC,213024.00,A,3725.645703,N,12204.194839,W,000.0,227.1,030820,,,A*4E
$GPGGA,213025.00,3725.645703,N,12204.194839,W,7,,0.40,-27.70,M,0.0,M,0.0,0000*71
$GPRMC,213025.00,A,3725.645703,N,12204.194839,W,000.0,226.1,030820,,,A*4E
$GPGGA,213026.00,3725.645703,N,12204.194834,W,7,,0.40,-27.70,M,0.0,M,0.0,0000*7F
$GPRMC,213026.00,A,3725.645703,N,12204.194834,W,000.0,228.9,030820,,,A*46
$GPGGA,213027.00,3725.645703,N,12204.194834,W,7,,0.40,-27.50,M,0.0,M,0.0,0000*7C
$GPRMC,213027.00,A,3725.645703,N,12204.194834,W,000.0,208.7,030820,,,A*4B
$GPGGA,213028.00,3725.645703,N,12204.194834,W,7,,0.40,-27.50,M,0.0,M,0.0,0000*73
$GPRMC,213028.00,A,3725.645703,N,12204.194834,W,000.0,222.7,030820,,,A*4C
$GPGGA,213029.00,3725.645703,N,12204.194834,W,7,,0.40,-27.50,M,0.0,M,0.0,0000*72
$GPRMC,213029.00,A,3725.645703,N,12204.194834,W,000.0,223.0,030820,,,A*4B
$GPGGA,213030.00,3725.645703,N,12204.194834,W,7,,0.40,-27.50,M,0.0,M,0.0,0000*7A
$GPRMC,213030.00,A,3725.645703,N,12204.194834,W,000.0,227.7,030820,,,A*40
$GPGGA,213031.00,3725.645703,N,12204.194834,W,7,,0.40,-27.50,M,0.0,M,0.0,0000*7B
$GPRMC,213031.00,A,3725.645703,N,12204.194834,W,000.0,227.1,030820,,,A*47
$GPGGA,213032.00,3725.645703,N,12204.194834,W,7,,0.40,-27.50,M,0.0,M,0.0,0000*78
$GPRMC,213032.00,A,3725.645703,N,12204.194834,W,000.0,226.1,030820,,,A*45
$GPGGA,213033.00,3725.645703,N,12204.194834,W,7,,0.40,-27.50,M,0.0,M,0.0,0000*79
$GPRMC,213033.00,A,3725.645703,N,12204.194834,W,000.0,212.7,030820,,,A*45
$GPGGA,213034.00,3725.645703,N,12204.194834,W,7,,0.40,-27.50,M,0.0,M,0.0,0000*7E
$GPRMC,213034.00,A,3725.645703,N,12204.194834,W,000.0,206.9,030820,,,A*49
$GPGGA,213035.00,3725.645698,N,12204.194834,W,7,,0.40,-27.50,M,0.0,M,0.0,0000*7C
$GPRMC,213035.00,A,3725.645698,N,12204.194834,W,000.0,204.9,030820,,,A*49
$GPGGA,213036.00,3725.645692,N,12204.194827,W,7,,0.40,-27.50,M,0.0,M,0.0,0000*77
$GPRMC,213036.00,A,3725.645692,N,12204.194827,W,000.0,203.1,030820,,,A*4D
$GPGGA,213037.00,3725.645692,N,12204.194827,W,7,,0.40,-28.10,M,0.0,M,0.0,0000*7D
$GPRMC,213037.00,A,3725.645692,N,12204.194827,W,000.0,187.0,030820,,,A*42
$GPGGA,213038.00,3725.645692,N,12204.194822,W,7,,0.40,-28.10,M,0.0,M,0.0,0000*77
$GPRMC,213038.00,A,3725.645692,N,12204.194822,W,000.0,200.9,030820,,,A*4D
$GPGGA,213039.00,3725.645692,N,12204.194822,W,7,,0.40,-28.10,M,0.0,M,0.0,0000*76
$GPRMC,213039.00,A,3725.645692,N,12204.194822,W,000.0,205.0,030820,,,A*40
$GPGGA,213040.00,3725.645686,N,12204.194822,W,7,,0.40,-28.10,M,0.0,M,0.0,0000*7D
$GPRMC,213040.00,A,3725.645686,N,12204.194822,W,000.0,200.4,030820,,,A*4A
$GPGGA,213041.00,3725.645686,N,12204.194822,W,7,,0.40,-28.10,M,0.0,M,0.0,0000*7C
$GPRMC,213041.00,A,3725.645686,N,12204.194822,W,000.0,198.5,030820,,,A*48
$GPGGA,213042.00,3725.645686,N,12204.194822,W,7,,0.40,-28.10,M,0.0,M,0.0,0000*7F
$GPRMC,213042.00,A,3725.645686,N,12204.194822,W,000.0,204.6,030820,,,A*4E
$GPGGA,213043.00,3725.645679,N,12204.194816,W,7,,0.40,-28.10,M,0.0,M,0.0,0000*79
$GPRMC,213043.00,A,3725.645679,N,12204.194816,W,000.0,201.0,030820,,,A*4B
$GPGGA,213044.00,3725.645679,N,12204.194816,W,7,,0.40,-28.10,M,0.0,M,0.0,0000*7E
$GPRMC,213044.00,A,3725.645679,N,12204.194816,W,000.0,200.8,030820,,,A*45
$GPGGA,213045.00,3725.645679,N,12204.194816,W,7,,0.40,-28.10,M,0.0,M,0.0,0000*7F
$GPRMC,213045.00,A,3725.645679,N,12204.194816,W,000.0,201.6,030820,,,A*4B
$GPGGA,213046.00,3725.645686,N,12204.194816,W,7,,0.40,-28.10,M,0.0,M,0.0,0000*7C
$GPRMC,213046.00,A,3725.645686,N,12204.194816,W,000.0,204.1,030820,,,A*4A
$GPGGA,213047.00,3725.645686,N,12204.194809,W,7,,0.40,-27.60,M,0.0,M,0.0,0000*7B
$GPRMC,213047.00,A,3725.645686,N,12204.194809,W,000.0,196.4,030820,,,A*48
$GPGGA,213048.00,3725.645686,N,12204.194804,W,7,,0.40,-27.60,M,0.0,M,0.0,0000*79
$GPRMC,213048.00,A,3725.645686,N,12204.194804,W,000.0,199.7,030820,,,A*46
$GPGGA,213049.00,3725.645686,N,12204.194797,W,7,,0.40,-27.60,M,0.0,M,0.0,0000*7D
$GPRMC,213049.00,A,3725.645686,N,12204.194797,W,000.0,189.5,030820,,,A*41
$GPGGA,213050.00,3725.645686,N,12204.194797,W,7,,0.40,-27.60,M,0.0,M,0.0,0000*75
$GPRMC,213050.00,A,3725.645686,N,12204.194797,W,000.0,204.4,030820,,,A*4E
$GPGGA,213051.00,3725.645692,N,12204.194797,W,7,,0.40,-27.60,M,0.0,M,0.0,0000*71
$GPRMC,213051.00,A,3725.645692,N,12204.194797,W,000.0,204.8,030820,,,A*46
$GPGGA,213052.00,3725.645692,N,12204.194797,W,7,,0.40,-27.60,M,0.0,M,0.0,0000*72
$GPRMC,213052.00,A,3725.645692,N,12204.194797,W,000.0,196.3,030820,,,A*46
$GPGGA,213053.00,3725.645692,N,12204.194797,W,7,,0.40,-27.60,M,0.0,M,0.0,0000*73
$GPRMC,213053.00,A,3725.645692,N,12204.194797,W,000.0,206.9,030820,,,A*47
$GPGGA,213054.00,3725.645692,N,12204.194804,W,7,,0.40,-27.60,M,0.0,M,0.0,0000*71
$GPRMC,213054.00,A,3725.645692,N,12204.194804,W,000.0,204.3,030820,,,A*4D
$GPGGA,213055.00,3725.645692,N,12204.194809,W,7,,0.40,-27.60,M,0.0,M,0.0,0000*7D
$GPRMC,213055.00,A,3725.645692,N,12204.194809,W,000.0,188.0,030820,,,A*45
$GPGGA,213056.00,3725.645686,N,12204.194809,W,7,,0.40,-27.60,M,0.0,M,0.0,0000*7B
$GPRMC,213056.00,A,3725.645686,N,12204.194809,W,000.0,159.9,030820,,,A*46
$GPGGA,213057.00,3725.645686,N,12204.194816,W,7,,0.40,-27.70,M,0.0,M,0.0,0000*75
$GPRMC,213057.00,A,3725.645686,N,12204.194816,W,000.0,126.3,030820,,,A*4B
$GPGGA,213058.00,3725.645686,N,12204.194809,W,7,,0.40,-27.70,M,0.0,M,0.0,0000*74
$GPRMC,213058.00,A,3725.645686,N,12204.194809,W,000.0,121.1,030820,,,A*4F
$GPGGA,213059.00,3725.645686,N,12204.194816,W,7,,0.40,-27.70,M,0.0,M,0.0,0000*7B
$GPRMC,213059.00,A,3725.645686,N,12204.194816,W,000.0,147.1,030820,,,A*40
$GPGGA,213100.00,3725.645686,N,12204.194816,W,7,,0.40,-27.70,M,0.0,M,0.0,0000*76
$GPRMC,213100.00,A,3725.645686,N,12204.194816,W,000.0,165.4,030820,,,A*48
$GPGGA,213101.00,3725.645686,N,12204.194816,W,7,,0.40,-27.70,M,0.0,M,0.0,0000*77
$GPRMC,213101.00,A,3725.645686,N,12204.194816,W,000.0,173.1,030820,,,A*4B
$GPGGA,213102.00,3725.645686,N,12204.194816,W,7,,0.40,-27.70,M,0.0,M,0.0,0000*74
$GPRMC,213102.00,A,3725.645686,N,12204.194816,W,000.0,178.0,030820,,,A*42
$GPGGA,213103.00,3725.645692,N,12204.194822,W,7,,0.40,-27.70,M,0.0,M,0.0,0000*77
$GPRMC,213103.00,A,3725.645692,N,12204.194822,W,000.0,203.4,030820,,,A*4A
$GPGGA,213104.00,3725.645692,N,12204.194827,W,7,,0.40,-27.70,M,0.0,M,0.0,0000*75
$GPRMC,213104.00,A,3725.645692,N,12204.194827,W,000.0,200.1,030820,,,A*4E
$GPGGA,213105.00,3725.645692,N,12204.194827,W,7,,0.40,-27.70,M,0.0,M,0.0,0000*74
$GPRMC,213105.00,A,3725.645692,N,12204.194827,W,000.0,205.7,030820,,,A*4C
$GPGGA,213106.00,3725.645692,N,12204.194827,W,7,,0.40,-27.70,M,0.0,M,0.0,0000*77
$GPRMC,213106.00,A,3725.645692,N,12204.194827,W,000.0,201.9,030820,,,A*45
$GPGGA,213107.00,3725.645692,N,12204.194834,W,7,,0.40,-28.20,M,0.0,M,0.0,0000*7E
$GPRMC,213107.00,A,3725.645692,N,12204.194834,W,000.0,170.7,030820,,,A*4D
$GPGGA,213108.00,3725.645692,N,12204.194834,W,7,,0.40,-28.20,M,0.0,M,0.0,0000*71
$GPRMC,213108.00,A,3725.645692,N,12204.194834,W,000.0,180.0,030820,,,A*4A
$GPGGA,213109.00,3725.645692,N,12204.194839,W,7,,0.40,-28.20,M,0.0,M,0.0,0000*7D
$GPRMC,213109.00,A,3725.645692,N,12204.194839,W,000.0,184.9,030820,,,A*4B
$GPGGA,213110.00,3725.645692,N,12204.194839,W,7,,0.40,-28.20,M,0.0,M,0.0,0000*75
$GPRMC,213110.00,A,3725.645692,N,12204.194839,W,000.0,191.9,030820,,,A*47
$GPGGA,213111.00,3725.645686,N,12204.194839,W,7,,0.40,-28.20,M,0.0,M,0.0,0000*71
$GPRMC,213111.00,A,3725.645686,N,12204.194839,W,000.0,192.1,030820,,,A*48
$GPGGA,213110.56,3725.645686,N,12204.194846,W,7,,0.47,-27.60,M,0.0,M,0.0,0000*77
$GPRMC,213110.56,A,3725.645686,N,12204.194846,W,000.0,192.2,030820,,,A*41
$GPGGA,213112.00,3725.645686,N,12204.194846,W,7,,0.47,-27.60,M,0.0,M,0.0,0000*76
$GPRMC,213112.00,A,3725.645686,N,12204.194846,W,000.0,194.5,030820,,,A*41
$GPGGA,213113.00,3725.645679,N,12204.194846,W,7,,0.47,-27.60,M,0.0,M,0.0,0000*77
$GPRMC,213113.00,A,3725.645679,N,12204.194846,W,000.0,178.0,030820,,,A*47
$GPGGA,213114.00,3725.645679,N,12204.194846,W,7,,0.47,-27.60,M,0.0,M,0.0,0000*70
$GPRMC,213114.00,A,3725.645679,N,12204.194846,W,000.0,197.9,030820,,,A*48
$GPGGA,213115.00,3725.645679,N,12204.194851,W,7,,0.46,-27.60,M,0.0,M,0.0,0000*76
$GPRMC,213115.00,A,3725.645679,N,12204.194851,W,000.0,209.7,030820,,,A*45
$GPGGA,213116.00,3725.645686,N,12204.194857,W,7,,0.47,-27.60,M,0.0,M,0.0,0000*72
$GPRMC,213116.00,A,3725.645686,N,12204.194857,W,000.0,218.8,030820,,,A*4F
$GPGGA,213117.00,3725.645686,N,12204.194857,W,7,,0.40,-27.60,M,0.0,M,0.0,0000*74
$GPRMC,213117.00,A,3725.645686,N,12204.194857,W,000.0,222.0,030820,,,A*4F
$GPGGA,213118.00,3725.645686,N,12204.194857,W,7,,0.40,-27.60,M,0.0,M,0.0,0000*7B
$GPRMC,213118.00,A,3725.645686,N,12204.194857,W,000.0,222.0,030820,,,A*40
$GPGGA,213119.00,3725.645686,N,12204.194857,W,7,,0.40,-27.60,M,0.0,M,0.0,0000*7A
$GPRMC,213119.00,A,3725.645686,N,12204.194857,W,000.0,220.1,030820,,,A*42
$GPGGA,213120.00,3725.645692,N,12204.194864,W,7,,0.40,-27.60,M,0.0,M,0.0,0000*75
$GPRMC,213120.00,A,3725.645692,N,12204.194864,W,000.0,225.0,030820,,,A*49
$GPGGA,213121.00,3725.645692,N,12204.194864,W,7,,0.40,-27.60,M,0.0,M,0.0,0000*74
$GPRMC,213121.00,A,3725.645692,N,12204.194864,W,000.0,209.7,030820,,,A*41
$GPGGA,213120.63,3725.645692,N,12204.194864,W,7,,0.49,-27.70,M,0.0,M,0.0,0000*78
$GPRMC,213120.63,A,3725.645692,N,12204.194864,W,000.0,209.9,030820,,,A*4B
$GPGGA,213122.00,3725.645692,N,12204.194864,W,7,,0.49,-27.70,M,0.0,M,0.0,0000*7F
$GPRMC,213122.00,A,3725.645692,N,12204.194864,W,000.0,209.5,030820,,,A*40
$GPGGA,213123.00,3725.645698,N,12204.194864,W,7,,0.49,-27.70,M,0.0,M,0.0,0000*74
$GPRMC,213123.00,A,3725.645698,N,12204.194864,W,000.0,200.4,030820,,,A*43
$GPGGA,213124.00,3725.645703,N,12204.194864,W,7,,0.48,-27.70,M,0.0,M,0.0,0000*71
$GPRMC,213124.00,A,3725.645703,N,12204.194864,W,000.0,214.9,030820,,,A*4F
$GPGGA,213125.00,3725.645703,N,12204.194864,W,7,,0.49,-27.70,M,0.0,M,0.0,0000*71
$GPRMC,213125.00,A,3725.645703,N,12204.194864,W,000.0,213.4,030820,,,A*44
$GPGGA,213126.00,3725.645709,N,12204.194864,W,7,,0.49,-27.70,M,0.0,M,0.0,0000*78
$GPRMC,213126.00,A,3725.645709,N,12204.194864,W,000.0,202.8,030820,,,A*41
$GPGGA,213127.00,3725.645728,N,12204.194864,W,7,,0.40,-27.70,M,0.0,M,0.0,0000*73
$GPRMC,213127.00,A,3725.645728,N,12204.194864,W,000.0,199.9,030820,,,A*43
$GPGGA,213128.00,3725.645722,N,12204.194864,W,7,,0.40,-27.70,M,0.0,M,0.0,0000*76
$GPRMC,213128.00,A,3725.645722,N,12204.194864,W,000.0,193.9,030820,,,A*4C
$GPGGA,213129.00,3725.645722,N,12204.194869,W,7,,0.40,-27.70,M,0.0,M,0.0,0000*7A
$GPRMC,213129.00,A,3725.645722,N,12204.194869,W,000.0,192.9,030820,,,A*41
$GPGGA,213130.00,3725.645715,N,12204.194869,W,7,,0.40,-27.70,M,0.0,M,0.0,0000*76
$GPRMC,213130.00,A,3725.645715,N,12204.194869,W,000.0,191.8,030820,,,A*4F
$GPGGA,213131.00,3725.645715,N,12204.194869,W,7,,0.40,-27.70,M,0.0,M,0.0,0000*77
$GPRMC,213131.00,A,3725.645715,N,12204.194869,W,000.0,195.2,030820,,,A*40
$GPGGA,213130.65,3725.645715,N,12204.194876,W,7,,0.48,-27.70,M,0.0,M,0.0,0000*73
$GPRMC,213130.65,A,3725.645715,N,12204.194876,W,000.0,195.4,030820,,,A*4A
$GPGGA,213132.00,3725.645709,N,12204.194876,W,7,,0.48,-27.70,M,0.0,M,0.0,0000*7F
$GPRMC,213132.00,A,3725.645709,N,12204.194876,W,000.0,192.0,030820,,,A*45
$GPGGA,213133.00,3725.645709,N,12204.194876,W,7,,0.47,-27.70,M,0.0,M,0.0,0000*71
$GPRMC,213133.00,A,3725.645709,N,12204.194876,W,000.0,182.0,030820,,,A*45
$GPGGA,213134.00,3725.645703,N,12204.194881,W,7,,0.47,-27.70,M,0.0,M,0.0,0000*74
$GPRMC,213134.00,A,3725.645703,N,12204.194881,W,000.0,208.2,030820,,,A*43
$GPGGA,213135.00,3725.645698,N,12204.194876,W,7,,0.47,-27.70,M,0.0,M,0.0,0000*7E
$GPRMC,213135.00,A,3725.645698,N,12204.194876,W,000.0,192.6,030820,,,A*4D
$GPGGA,213136.00,3725.645667,N,12204.194864,W,7,,0.47,-27.70,M,0.0,M,0.0,0000*7E
$GPRMC,213136.00,A,3725.645667,N,12204.194864,W,000.1,160.4,030820,,,A*43
$GPGGA,213137.00,3725.645656,N,12204.194851,W,7,,0.40,-27.70,M,0.0,M,0.0,0000*7C
$GPRMC,213137.00,A,3725.645656,N,12204.194851,W,000.1,160.2,030820,,,A*40
$GPGGA,213138.00,3725.645643,N,12204.194846,W,7,,0.40,-27.70,M,0.0,M,0.0,0000*71
$GPRMC,213138.00,A,3725.645643,N,12204.194846,W,000.1,128.4,030820,,,A*47
$GPGGA,213139.00,3725.645637,N,12204.194839,W,7,,0.40,-27.70,M,0.0,M,0.0,0000*7B
$GPRMC,213139.00,A,3725.645637,N,12204.194839,W,000.0,126.8,030820,,,A*4E
$GPGGA,213140.00,3725.645637,N,12204.194839,W,7,,0.40,-27.70,M,0.0,M,0.0,0000*75
$GPRMC,213140.00,A,3725.645637,N,12204.194839,W,000.0,134.6,030820,,,A*4D
$GPGGA,213141.00,3725.645637,N,12204.194839,W,7,,0.40,-27.70,M,0.0,M,0.0,0000*74
$GPRMC,213141.00,A,3725.645637,N,12204.194839,W,000.0,136.9,030820,,,A*41
$GPGGA,213142.00,3725.645643,N,12204.194846,W,7,,0.40,-27.60,M,0.0,M,0.0,0000*7D
$GPRMC,213142.00,A,3725.645643,N,12204.194846,W,000.0,138.9,030820,,,A*47
$GPGGA,213143.00,3725.645643,N,12204.194851,W,7,,0.40,-27.60,M,0.0,M,0.0,0000*7A
$GPRMC,213143.00,A,3725.645643,N,12204.194851,W,000.0,157.3,030820,,,A*43
$GPGGA,213144.00,3725.645637,N,12204.194851,W,7,,0.40,-27.60,M,0.0,M,0.0,0000*7E
$GPRMC,213144.00,A,3725.645637,N,12204.194851,W,000.0,164.0,030820,,,A*44
$GPGGA,213145.00,3725.645637,N,12204.194851,W,7,,0.40,-27.60,M,0.0,M,0.0,0000*7F
$GPRMC,213145.00,A,3725.645637,N,12204.194851,W,000.0,165.5,030820,,,A*41
$GPGGA,213146.00,3725.645643,N,12204.194851,W,7,,0.40,-27.60,M,0.0,M,0.0,0000*7F
$GPRMC,213146.00,A,3725.645643,N,12204.194851,W,000.0,167.9,030820,,,A*4F
$GPGGA,213145.68,3725.645643,N,12204.194851,W,7,,0.50,-27.50,M,0.0,M,0.0,0000*70
$GPRMC,213145.68,A,3725.645643,N,12204.194851,W,000.0,167.6,030820,,,A*4D
$GPGGA,213147.00,3725.645643,N,12204.194851,W,7,,0.50,-27.50,M,0.0,M,0.0,0000*7C
$GPRMC,213147.00,A,3725.645643,N,12204.194851,W,000.0,168.8,030820,,,A*40
$GPGGA,213148.00,3725.645643,N,12204.194851,W,7,,0.50,-27.50,M,0.0,M,0.0,0000*73
$GPRMC,213148.00,A,3725.645643,N,12204.194851,W,000.0,161.7,030820,,,A*49
$GPGGA,213149.00,3725.645637,N,12204.194851,W,7,,0.50,-27.50,M,0.0,M,0.0,0000*71
$GPRMC,213149.00,A,3725.645637,N,12204.194851,W,000.0,182.1,030820,,,A*40
$GPGGA,213150.00,3725.645631,N,12204.194857,W,7,,0.50,-27.50,M,0.0,M,0.0,0000*79
$GPRMC,213150.00,A,3725.645631,N,12204.194857,W,000.0,195.0,030820,,,A*4F
$GPGGA,213151.00,3725.645626,N,12204.194864,W,7,,0.50,-27.50,M,0.0,M,0.0,0000*7E
$GPRMC,213151.00,A,3725.645626,N,12204.194864,W,000.0,198.6,030820,,,A*43
$GPGGA,213152.00,3725.645631,N,12204.194864,W,7,,0.40,-27.50,M,0.0,M,0.0,0000*7A
$GPRMC,213152.00,A,3725.645631,N,12204.194864,W,000.0,197.7,030820,,,A*48
$GPGGA,213153.00,3725.645631,N,12204.194864,W,7,,0.40,-27.50,M,0.0,M,0.0,0000*7B
$GPRMC,213153.00,A,3725.645631,N,12204.194864,W,000.0,194.9,030820,,,A*44
$GPGGA,213154.00,3725.645631,N,12204.194864,W,7,,0.40,-27.50,M,0.0,M,0.0,0000*7C
$GPRMC,213154.00,A,3725.645631,N,12204.194864,W,000.0,194.2,030820,,,A*48
$GPGGA,213155.00,3725.645631,N,12204.194869,W,7,,0.40,-27.50,M,0.0,M,0.0,0000*70
$GPRMC,213155.00,A,3725.645631,N,12204.194869,W,000.0,193.8,030820,,,A*49
$GPGGA,213156.00,3725.645637,N,12204.194869,W,7,,0.40,-27.50,M,0.0,M,0.0,0000*75
$GPRMC,213156.00,A,3725.645637,N,12204.194869,W,000.0,173.9,030820,,,A*43
$GPGGA,213155.69,3725.645637,N,12204.194869,W,7,,0.49,-27.70,M,0.0,M,0.0,0000*72
$GPRMC,213155.69,A,3725.645637,N,12204.194869,W,000.0,173.7,030820,,,A*41
$GPGGA,213157.00,3725.645643,N,12204.194876,W,7,,0.49,-27.70,M,0.0,M,0.0,0000*72
$GPRMC,213157.00,A,3725.645643,N,12204.194876,W,000.0,185.3,030820,,,A*4C
$GPGGA,213158.00,3725.645643,N,12204.194876,W,7,,0.48,-27.70,M,0.0,M,0.0,0000*7C
$GPRMC,213158.00,A,3725.645643,N,12204.194876,W,000.0,184.0,030820,,,A*41
$GPGGA,213159.00,3725.645643,N,12204.194876,W,7,,0.48,-27.70,M,0.0,M,0.0,0000*7D
$GPRMC,213159.00,A,3725.645643,N,12204.194876,W,000.0,193.1,030820,,,A*47
$GPGGA,213200.00,3725.645643,N,12204.194876,W,7,,0.48,-27.70,M,0.0,M,0.0,0000*72
$GPRMC,213200.00,A,3725.645643,N,12204.194876,W,000.0,195.9,030820,,,A*46
$GPGGA,213201.00,3725.645643,N,12204.194876,W,7,,0.48,-27.70,M,0.0,M,0.0,0000*73
$GPRMC,213201.00,A,3725.645643,N,12204.194876,W,000.0,192.1,030820,,,A*48
$GPGGA,213202.00,3725.645643,N,12204.194876,W,7,,0.40,-27.70,M,0.0,M,0.0,0000*78
$GPRMC,213202.00,A,3725.645643,N,12204.194876,W,000.0,191.5,030820,,,A*4C
$GPGGA,213203.00,3725.645643,N,12204.194876,W,7,,0.40,-27.70,M,0.0,M,0.0,0000*79
$GPRMC,213203.00,A,3725.645643,N,12204.194876,W,000.0,185.3,030820,,,A*4E
$GPGGA,213204.00,3725.645643,N,12204.194876,W,7,,0.40,-27.70,M,0.0,M,0.0,0000*7E
$GPRMC,213204.00,A,3725.645643,N,12204.194876,W,000.0,188.9,030820,,,A*4E
$GPGGA,213205.00,3725.645637,N,12204.194881,W,7,,0.40,-27.70,M,0.0,M,0.0,0000*74
$GPRMC,213205.00,A,3725.645637,N,12204.194881,W,000.0,193.8,030820,,,A*4F
$GPGGA,213206.00,3725.645637,N,12204.194876,W,7,,0.40,-27.70,M,0.0,M,0.0,0000*7F
$GPRMC,213206.00,A,3725.645637,N,12204.194876,W,000.0,199.2,030820,,,A*44
$GPGGA,213205.76,3725.645637,N,12204.194881,W,7,,0.48,-27.60,M,0.0,M,0.0,0000*7C
$GPRMC,213205.76,A,3725.645637,N,12204.194881,W,000.0,199.3,030820,,,A*4F
$GPGGA,213207.00,3725.645637,N,12204.194881,W,7,,0.48,-27.60,M,0.0,M,0.0,0000*7F
$GPRMC,213207.00,A,3725.645637,N,12204.194881,W,000.0,203.3,030820,,,A*4C
$GPGGA,213208.00,3725.645637,N,12204.194881,W,7,,0.49,-27.60,M,0.0,M,0.0,0000*71
$GPRMC,213208.00,A,3725.645637,N,12204.194881,W,000.0,196.0,030820,,,A*4F
$GPGGA,213209.00,3725.645643,N,12204.194881,W,7,,0.52,-27.60,M,0.0,M,0.0,0000*79
$GPRMC,213209.00,A,3725.645643,N,12204.194881,W,000.0,222.8,030820,,,A*49
$GPGGA,213210.00,3725.645643,N,12204.194888,W,7,,0.52,-27.60,M,0.0,M,0.0,0000*78
$GPRMC,213210.00,A,3725.645643,N,12204.194888,W,000.0,220.1,030820,,,A*43
$GPGGA,213211.00,3725.645643,N,12204.194888,W,7,,0.52,-27.60,M,0.0,M,0.0,0000*79
$GPRMC,213211.00,A,3725.645643,N,12204.194888,W,000.0,223.9,030820,,,A*49
$GPGGA,213212.00,3725.645650,N,12204.194888,W,7,,0.40,-27.60,M,0.0,M,0.0,0000*7B
$GPRMC,213212.00,A,3725.645650,N,12204.194888,W,000.0,219.3,030820,,,A*4B
$GPGGA,213213.00,3725.645650,N,12204.194888,W,7,,0.40,-27.60,M,0.0,M,0.0,0000*7A
$GPRMC,213213.00,A,3725.645650,N,12204.194888,W,000.0,221.9,030820,,,A*4B
$GPGGA,213214.00,3725.645656,N,12204.194888,W,7,,0.40,-27.60,M,0.0,M,0.0,0000*7B
$GPRMC,213214.00,A,3725.645656,N,12204.194888,W,000.0,213.5,030820,,,A*47
$GPGGA,213215.00,3725.645656,N,12204.194888,W,7,,0.40,-27.60,M,0.0,M,0.0,0000*7A
$GPRMC,213215.00,A,3725.645656,N,12204.194888,W,000.0,210.3,030820,,,A*43
$GPGGA,213216.00,3725.645656,N,12204.194881,W,7,,0.40,-27.60,M,0.0,M,0.0,0000*70
$GPRMC,213216.00,A,3725.645656,N,12204.194881,W,000.0,213.8,030820,,,A*41
$GPGGA,213217.00,3725.645662,N,12204.194881,W,7,,0.40,-27.60,M,0.0,M,0.0,0000*76
$GPRMC,213217.00,A,3725.645662,N,12204.194881,W,000.0,205.6,030820,,,A*4E
$GPGGA,213218.00,3725.645662,N,12204.194881,W,7,,0.40,-27.50,M,0.0,M,0.0,0000*7A
$GPRMC,213218.00,A,3725.645662,N,12204.194881,W,000.0,158.5,030820,,,A*49
$GPGGA,213219.00,3725.645662,N,12204.194876,W,7,,0.40,-27.50,M,0.0,M,0.0,0000*73
$GPRMC,213219.00,A,3725.645662,N,12204.194876,W,000.0,162.1,030820,,,A*4D
$GPGGA,213220.00,3725.645667,N,12204.194876,W,7,,0.40,-27.50,M,0.0,M,0.0,0000*7C
$GPRMC,213220.00,A,3725.645667,N,12204.194876,W,000.0,189.4,030820,,,A*42
$GPGGA,213221.00,3725.645667,N,12204.194876,W,7,,0.40,-27.50,M,0.0,M,0.0,0000*7D
$GPRMC,213221.00,A,3725.645667,N,12204.194876,W,000.0,193.0,030820,,,A*4C
$GPGGA,213222.00,3725.645673,N,12204.194876,W,7,,0.40,-27.50,M,0.0,M,0.0,0000*7B
$GPRMC,213222.00,A,3725.645673,N,12204.194876,W,000.0,190.3,030820,,,A*4A
$GPGGA,213223.00,3725.645673,N,12204.194876,W,7,,0.40,-27.50,M,0.0,M,0.0,0000*7A
$GPRMC,213223.00,A,3725.645673,N,12204.194876,W,000.0,190.0,030820,,,A*48
$GPGGA,213224.00,3725.645679,N,12204.194869,W,7,,0.40,-27.50,M,0.0,M,0.0,0000*79
$GPRMC,213224.00,A,3725.645679,N,12204.194869,W,000.0,187.1,030820,,,A*4C
$GPGGA,213225.00,3725.645679,N,12204.194869,W,7,,0.40,-27.50,M,0.0,M,0.0,0000*78
$GPRMC,213225.00,A,3725.645679,N,12204.194869,W,000.0,188.0,030820,,,A*43
$GPGGA,213226.00,3725.645686,N,12204.194869,W,7,,0.40,-27.50,M,0.0,M,0.0,0000*7B
$GPRMC,213226.00,A,3725.645686,N,12204.194869,W,000.0,190.1,030820,,,A*48
$GPGGA,213227.00,3725.645686,N,12204.194864,W,7,,0.40,-27.50,M,0.0,M,0.0,0000*77
$GPRMC,213227.00,A,3725.645686,N,12204.194864,W,000.0,188.1,030820,,,A*4D
$GPGGA,213228.00,3725.645686,N,12204.194864,W,7,,0.40,-27.50,M,0.0,M,0.0,0000*78
$GPRMC,213228.00,A,3725.645686,N,12204.194864,W,000.0,194.2,030820,,,A*4C
$GPGGA,213229.00,3725.645686,N,12204.194864,W,7,,0.40,-27.50,M,0.0,M,0.0,0000*79
$GPRMC,213229.00,A,3725.645686,N,12204.194864,W,000.0,197.7,030820,,,A*4B
$GPGGA,213230.00,3725.645686,N,12204.194864,W,7,,0.40,-27.50,M,0.0,M,0.0,0000*71
$GPRMC,213230.00,A,3725.645686,N,12204.194864,W,000.0,200.0,030820,,,A*49
$GPGGA,213231.00,3725.645692,N,12204.194864,W,7,,0.40,-27.50,M,0.0,M,0.0,0000*75
$GPRMC,213231.00,A,3725.645692,N,12204.194864,W,000.0,198.8,030820,,,A*47
$GPGGA,213232.00,3725.645698,N,12204.194864,W,7,,0.40,-27.50,M,0.0,M,0.0,0000*7C
$GPRMC,213232.00,A,3725.645698,N,12204.194864,W,000.0,201.8,030820,,,A*4D
$GPGGA,213233.00,3725.645698,N,12204.194869,W,7,,0.40,-27.50,M,0.0,M,0.0,0000*70
$GPRMC,213233.00,A,3725.645698,N,12204.194869,W,000.0,204.4,030820,,,A*48
$GPGGA,213234.00,3725.645703,N,12204.194869,W,7,,0.40,-27.50,M,0.0,M,0.0,0000*74
$GPRMC,213234.00,A,3725.645703,N,12204.194869,W,000.0,201.1,030820,,,A*4C
$GPGGA,213235.00,3725.645703,N,12204.194869,W,7,,0.40,-27.50,M,0.0,M,0.0,0000*75
$GPRMC,213235.00,A,3725.645703,N,12204.194869,W,000.0,202.2,030820,,,A*4D
$GPGGA,213236.00,3725.645703,N,12204.194876,W,7,,0.40,-27.50,M,0.0,M,0.0,0000*78
$GPRMC,213236.00,A,3725.645703,N,12204.194876,W,000.0,205.6,030820,,,A*43
$GPGGA,213237.00,3725.645703,N,12204.194869,W,7,,0.40,-27.50,M,0.0,M,0.0,0000*77
$GPRMC,213237.00,A,3725.645703,N,12204.194869,W,000.0,205.7,030820,,,A*4D
$GPGGA,213238.00,3725.645703,N,12204.194869,W,7,,0.40,-26.90,M,0.0,M,0.0,0000*75
$GPRMC,213238.00,A,3725.645703,N,12204.194869,W,000.0,219.0,030820,,,A*48
$GPGGA,213239.00,3725.645703,N,12204.194869,W,7,,0.40,-26.90,M,0.0,M,0.0,0000*74
$GPRMC,213239.00,A,3725.645703,N,12204.194869,W,000.0,218.0,030820,,,A*48
$GPGGA,213240.00,3725.645703,N,12204.194869,W,7,,0.40,-26.90,M,0.0,M,0.0,0000*7A
$GPRMC,213240.00,A,3725.645703,N,12204.194869,W,000.0,209.6,030820,,,A*40
$GPGGA,213241.00,3725.645703,N,12204.194864,W,7,,0.40,-26.90,M,0.0,M,0.0,0000*76
$GPRMC,213241.00,A,3725.645703,N,12204.194864,W,000.0,203.5,030820,,,A*45
$GPGGA,213242.00,3725.645709,N,12204.194864,W,7,,0.40,-26.90,M,0.0,M,0.0,0000*7F
$GPRMC,213242.00,A,3725.645709,N,12204.194864,W,000.0,197.8,030820,,,A*4F
$GPGGA,213243.00,3725.645709,N,12204.194864,W,7,,0.40,-26.90,M,0.0,M,0.0,0000*7E
$GPRMC,213243.00,A,3725.645709,N,12204.194864,W,000.0,193.7,030820,,,A*45
$GPGGA,213244.00,3725.645715,N,12204.194869,W,7,,0.40,-26.90,M,0.0,M,0.0,0000*79
$GPRMC,213244.00,A,3725.645715,N,12204.194869,W,000.0,207.4,030820,,,A*4F
$GPGGA,213245.00,3725.645709,N,12204.194876,W,7,,0.40,-26.90,M,0.0,M,0.0,0000*7B
$GPRMC,213245.00,A,3725.645709,N,12204.194876,W,000.0,205.1,030820,,,A*4A
$GPGGA,213246.00,3725.645709,N,12204.194876,W,7,,0.40,-26.90,M,0.0,M,0.0,0000*78
$GPRMC,213246.00,A,3725.645709,N,12204.194876,W,000.0,217.4,030820,,,A*4F
$GPGGA,213247.00,3725.645703,N,12204.194881,W,7,,0.40,-26.90,M,0.0,M,0.0,0000*7B
$GPRMC,213247.00,A,3725.645703,N,12204.194881,W,000.0,215.9,030820,,,A*43
$GPGGA,213248.00,3725.645709,N,12204.194881,W,7,,0.40,-27.70,M,0.0,M,0.0,0000*71
$GPRMC,213248.00,A,3725.645709,N,12204.194881,W,000.0,290.3,030820,,,A*41
$GPGGA,213249.00,3725.645709,N,12204.194881,W,7,,0.40,-27.70,M,0.0,M,0.0,0000*70
$GPRMC,213249.00,A,3725.645709,N,12204.194881,W,000.0,273.0,030820,,,A*4E
$GPGGA,213250.00,3725.645709,N,12204.194881,W,7,,0.40,-27.70,M,0.0,M,0.0,0000*78
$GPRMC,213250.00,A,3725.645709,N,12204.194881,W,000.0,252.2,030820,,,A*47
$GPGGA,213251.00,3725.645709,N,12204.194881,W,7,,0.40,-27.70,M,0.0,M,0.0,0000*79
$GPRMC,213251.00,A,3725.645709,N,12204.194881,W,000.0,244.0,030820,,,A*43
$GPGGA,213252.00,3725.645709,N,12204.194881,W,7,,0.40,-27.70,M,0.0,M,0.0,0000*7A
$GPRMC,213252.00,A,3725.645709,N,12204.194881,W,000.0,239.4,030820,,,A*4E
$GPGGA,213253.00,3725.645709,N,12204.194881,W,7,,0.40,-27.70,M,0.0,M,0.0,0000*7B
$GPRMC,213253.00,A,3725.645709,N,12204.194881,W,000.0,258.9,030820,,,A*45
$GPGGA,213254.00,3725.645709,N,12204.194888,W,7,,0.40,-27.70,M,0.0,M,0.0,0000*75
$GPRMC,213254.00,A,3725.645709,N,12204.194888,W,000.0,263.9,030820,,,A*43
$GPGGA,213255.00,3725.645703,N,12204.194888,W,7,,0.40,-27.70,M,0.0,M,0.0,0000*7E
$GPRMC,213255.00,A,3725.645703,N,12204.194888,W,000.0,257.9,030820,,,A*4F
$GPGGA,213256.00,3725.645703,N,12204.194888,W,7,,0.40,-27.70,M,0.0,M,0.0,0000*7D
$GPRMC,213256.00,A,3725.645703,N,12204.194888,W,000.0,236.1,030820,,,A*43
$GPGGA,213257.00,3725.645698,N,12204.194888,W,7,,0.40,-27.70,M,0.0,M,0.0,0000*7F
$GPRMC,213257.00,A,3725.645698,N,12204.194888,W,000.0,222.4,030820,,,A*41
$GPGGA,213258.00,3725.645692,N,12204.194888,W,7,,0.40,-27.50,M,0.0,M,0.0,0000*78
$GPRMC,213258.00,A,3725.645692,N,12204.194888,W,000.0,243.4,030820,,,A*43
$GPGGA,213259.00,3725.645692,N,12204.194894,W,7,,0.40,-27.50,M,0.0,M,0.0,0000*74
$GPRMC,213259.00,A,3725.645692,N,12204.194894,W,000.0,231.5,030820,,,A*4B
$GPGGA,213300.00,3725.645692,N,12204.194888,W,7,,0.40,-27.50,M,0.0,M,0.0,0000*74
$GPRMC,213300.00,A,3725.645692,N,12204.194888,W,000.0,228.9,030820,,,A*4F
$GPGGA,213301.00,3725.645692,N,12204.194894,W,7,,0.40,-27.50,M,0.0,M,0.0,0000*78
$GPRMC,213301.00,A,3725.645692,N,12204.194894,W,000.0,226.1,030820,,,A*45
$GPGGA,213302.00,3725.645692,N,12204.194888,W,7,,0.40,-27.50,M,0.0,M,0.0,0000*76
$GPRMC,213302.00,A,3725.645692,N,12204.194888,W,000.0,218.3,030820,,,A*44
$GPGGA,213303.00,3725.645692,N,12204.194888,W,7,,0.40,-27.50,M,0.0,M,0.0,0000*77
$GPRMC,213303.00,A,3725.645692,N,12204.194888,W,000.0,217.8,030820,,,A*41
$GPGGA,213304.00,3725.645692,N,12204.194888,W,7,,0.40,-27.50,M,0.0,M,0.0,0000*70
$GPRMC,213304.00,A,3725.645692,N,12204.194888,W,000.0,216.2,030820,,,A*4D
$GPGGA,213305.00,3725.645692,N,12204.194881,W,7,,0.40,-27.50,M,0.0,M,0.0,0000*78
$GPRMC,213305.00,A,3725.645692,N,12204.194881,W,000.0,212.6,030820,,,A*45
$GPGGA,213306.00,3725.645686,N,12204.194881,W,7,,0.40,-27.50,M,0.0,M,0.0,0000*7E
$GPRMC,213306.00,A,3725.645686,N,12204.194881,W,000.0,219.9,030820,,,A*47
$GPGGA,213307.00,3725.645686,N,12204.194881,W,7,,0.40,-27.50,M,0.0,M,0.0,0000*7F
$GPRMC,213307.00,A,3725.645686,N,12204.194881,W,000.0,216.9,030820,,,A*49
$GPGGA,213308.00,3725.645686,N,12204.194888,W,7,,0.40,-27.50,M,0.0,M,0.0,0000*79
$GPRMC,213308.00,A,3725.645686,N,12204.194888,W,000.0,291.4,030820,,,A*4D
$GPGGA,213309.00,3725.645692,N,12204.194888,W,7,,0.40,-27.50,M,0.0,M,0.0,0000*7D
$GPRMC,213309.00,A,3725.645692,N,12204.194888,W,000.0,274.0,030820,,,A*46
$GPGGA,213310.00,3725.645692,N,12204.194888,W,7,,0.40,-27.50,M,0.0,M,0.0,0000*75
$GPRMC,213310.00,A,3725.645692,N,12204.194888,W,000.0,249.2,030820,,,A*42
$GPGGA,213311.00,3725.645692,N,12204.194888,W,7,,0.40,-27.50,M,0.0,M,0.0,0000*74
$GPRMC,213311.00,A,3725.645692,N,12204.194888,W,000.0,247.1,030820,,,A*4E
$GPGGA,213312.00,3725.645698,N,12204.194881,W,7,,0.40,-27.50,M,0.0,M,0.0,0000*74
$GPRMC,213312.00,A,3725.645698,N,12204.194881,W,000.0,218.5,030820,,,A*40
$GPGGA,213313.00,3725.645698,N,12204.194881,W,7,,0.40,-27.50,M,0.0,M,0.0,0000*75
$GPRMC,213313.00,A,3725.645698,N,12204.194881,W,000.0,219.9,030820,,,A*4C
$GPGGA,213314.00,3725.645800,N,12204.194906,W,7,,0.40,-27.50,M,0.0,M,0.0,0000*73
$GPRMC,213314.00,A,3725.645800,N,12204.194906,W,000.4,347.1,030820,,,A*4C
$GPGGA,213315.00,3725.646250,N,12204.194971,W,7,,0.40,-27.50,M,0.0,M,0.0,0000*7E
$GPRMC,213315.00,A,3725.646250,N,12204.194971,W,001.4,353.7,030820,,,A*43
$GPGGA,213316.00,3725.647366,N,12204.195062,W,7,,0.40,-27.50,M,0.0,M,0.0,0000*72
$GPRMC,213316.00,A,3725.647366,N,12204.195062,W,003.0,356.9,030820,,,A*42
$GPGGA,213317.00,3725.649160,N,12204.195157,W,7,,0.40,-27.50,M,0.0,M,0.0,0000*7E
$GPRMC,213317.00,A,3725.649160,N,12204.195157,W,005.1,357.1,030820,,,A*40
$GPGGA,213318.00,3725.652742,N,12204.195362,W,7,,0.40,-27.70,M,0.0,M,0.0,0000*7B
$GPRMC,213318.00,A,3725.652742,N,12204.195362,W,007.5,357.2,030820,,,A*42
$GPGGA,213319.00,3725.655999,N,12204.195554,W,7,,0.40,-27.70,M,0.0,M,0.0,0000*76
$GPRMC,213319.00,A,3725.655999,N,12204.195554,W,009.7,357.2,030820,,,A*43
$GPGGA,213320.00,3725.659990,N,12204.195794,W,7,,0.40,-27.70,M,0.0,M,0.0,0000*77
$GPRMC,213320.00,A,3725.659990,N,12204.195794,W,011.6,357.1,030820,,,A*49
$GPGGA,213321.00,3725.664670,N,12204.195914,W,7,,0.40,-27.70,M,0.0,M,0.0,0000*7F
$GPRMC,213321.00,A,3725.664670,N,12204.195914,W,016.2,358.6,030820,,,A*4A
$GPGGA,213322.00,3725.669962,N,12204.195866,W,7,,0.40,-27.70,M,0.0,M,0.0,0000*79
$GPRMC,213322.00,A,3725.669962,N,12204.195866,W,016.3,359.7,030820,,,A*4D
$GPGGA,213323.00,3725.674654,N,12204.195799,W,7,,0.40,-27.70,M,0.0,M,0.0,0000*71
$GPRMC,213323.00,A,3725.674654,N,12204.195799,W,016.2,000.1,030820,,,A*4D
$GPGGA,213324.00,3725.679406,N,12204.195794,W,7,,0.40,-27.70,M,0.0,M,0.0,0000*73
$GPRMC,213324.00,A,3725.679406,N,12204.195794,W,016.3,359.6,030820,,,A*46
$GPGGA,213325.00,3725.683983,N,12204.195842,W,7,,0.40,-27.70,M,0.0,M,0.0,0000*73
$GPRMC,213325.00,A,3725.683983,N,12204.195842,W,016.1,359.3,030820,,,A*41
$GPGGA,213326.00,3725.688412,N,12204.195817,W,7,,0.40,-27.70,M,0.0,M,0.0,0000*7E
$GPRMC,213326.00,A,3725.688412,N,12204.195817,W,015.4,359.8,030820,,,A*41
$GPGGA,213327.00,3725.692473,N,12204.195703,W,7,,0.40,-27.70,M,0.0,M,0.0,0000*79
$GPRMC,213327.00,A,3725.692473,N,12204.195703,W,014.1,000.7,030820,,,A*42
$GPGGA,213328.00,3725.695977,N,12204.195842,W,7,,0.40,-27.70,M,0.0,M,0.0,0000*72
$GPRMC,213328.00,A,3725.695977,N,12204.195842,W,012.4,357.6,030820,,,A*4A
$GPGGA,213329.00,3725.698924,N,12204.197048,W,7,,0.40,-27.70,M,0.0,M,0.0,0000*78
$GPRMC,213329.00,A,3725.698924,N,12204.197048,W,010.8,341.2,030820,,,A*4D
$GPGGA,213330.00,3725.700915,N,12204.199676,W,7,,0.40,-27.70,M,0.0,M,0.0,0000*77
$GPRMC,213330.00,A,3725.700915,N,12204.199676,W,010.5,313.9,030820,,,A*43
$GPGGA,213331.00,3725.701605,N,12204.203150,W,7,,0.40,-27.70,M,0.0,M,0.0,0000*7A
$GPRMC,213331.00,A,3725.701605,N,12204.203150,W,010.3,289.9,030820,,,A*4A
$GPGGA,213332.00,3725.701552,N,12204.207242,W,7,,0.40,-27.70,M,0.0,M,0.0,0000*7C
$GPRMC,213332.00,A,3725.701552,N,12204.207242,W,011.8,276.5,030820,,,A*4A
$GPGGA,213333.00,3725.701311,N,12204.211970,W,7,,0.40,-27.70,M,0.0,M,0.0,0000*71
$GPRMC,213333.00,A,3725.701311,N,12204.211970,W,013.4,271.1,030820,,,A*4A
$GPGGA,213334.00,3725.701047,N,12204.217129,W,7,,0.40,-27.70,M,0.0,M,0.0,0000*74
$GPRMC,213334.00,A,3725.701047,N,12204.217129,W,014.5,268.5,030820,,,A*45
$GPGGA,213335.00,3725.700843,N,12204.222434,W,7,,0.43,-27.70,M,0.0,M,0.0,0000*74
$GPRMC,213335.00,A,3725.700843,N,12204.222434,W,014.9,268.0,030820,,,A*4F
$GPGGA,213336.00,3725.700729,N,12204.227713,W,7,,0.43,-27.70,M,0.0,M,0.0,0000*77
$GPRMC,213336.00,A,3725.700729,N,12204.227713,W,015.1,268.5,030820,,,A*40
$GPGGA,213337.00,3725.700759,N,12204.233101,W,7,,0.43,-27.70,M,0.0,M,0.0,0000*71
$GPRMC,213337.00,A,3725.700759,N,12204.233101,W,014.2,270.1,030820,,,A*49
$GPGGA,213338.00,3725.700879,N,12204.237481,W,7,,0.43,-27.70,M,0.0,M,0.0,0000*7A
$GPRMC,213338.00,A,3725.700879,N,12204.237481,W,011.4,271.6,030820,,,A*47
$GPGGA,213339.00,3725.701036,N,12204.240950,W,7,,0.43,-27.70,M,0.0,M,0.0,0000*78
$GPRMC,213339.00,A,3725.701036,N,12204.240950,W,009.2,271.4,030820,,,A*48
$GPGGA,213340.00,3725.701131,N,12204.242935,W,7,,0.43,-27.70,M,0.0,M,0.0,0000*71
$GPRMC,213340.00,A,3725.701131,N,12204.242935,W,009.0,271.2,030820,,,A*45
$GPGGA,213341.00,3725.701191,N,12204.246248,W,7,,0.40,-27.70,M,0.0,M,0.0,0000*7C
$GPRMC,213341.00,A,3725.701191,N,12204.246248,W,010.4,270.6,030820,,,A*42
$GPGGA,213342.00,3725.701167,N,12204.250735,W,7,,0.40,-27.70,M,0.0,M,0.0,0000*7E
$GPRMC,213342.00,A,3725.701167,N,12204.250735,W,013.2,269.2,030820,,,A*49
$GPGGA,213343.00,3725.701072,N,12204.256339,W,7,,0.40,-27.70,M,0.0,M,0.0,0000*74
$GPRMC,213343.00,A,3725.701072,N,12204.256339,W,015.3,268.6,030820,,,A*41
$GPGGA,213344.00,3725.700934,N,12204.262399,W,7,,0.40,-27.70,M,0.0,M,0.0,0000*74
$GPRMC,213344.00,A,3725.700934,N,12204.262399,W,016.4,268.3,030820,,,A*40
$GPGGA,213345.00,3725.700820,N,12204.268442,W,7,,0.40,-27.70,M,0.0,M,0.0,0000*7A
$GPRMC,213345.00,A,3725.700820,N,12204.268442,W,016.2,268.2,030820,,,A*49
$GPGGA,213346.00,3725.700765,N,12204.273968,W,7,,0.40,-27.70,M,0.0,M,0.0,0000*78
$GPRMC,213346.00,A,3725.700765,N,12204.273968,W,014.7,268.8,030820,,,A*46
$GPGGA,213347.00,3725.700843,N,12204.278485,W,7,,0.40,-27.70,M,0.0,M,0.0,0000*77
$GPRMC,213347.00,A,3725.700843,N,12204.278485,W,011.8,270.5,030820,,,A*47
$GPGGA,213348.00,3725.700934,N,12204.282170,W,7,,0.40,-27.70,M,0.0,M,0.0,0000*73
$GPRMC,213348.00,A,3725.700934,N,12204.282170,W,010.3,271.0,030820,,,A*4D
$GPGGA,213349.00,3725.701030,N,12204.285367,W,7,,0.40,-27.70,M,0.0,M,0.0,0000*7D
$GPRMC,213349.00,A,3725.701030,N,12204.285367,W,010.5,271.1,030820,,,A*44
$GPGGA,213350.00,3725.701144,N,12204.289436,W,7,,0.40,-27.70,M,0.0,M,0.0,0000*78
$GPRMC,213350.00,A,3725.701144,N,12204.289436,W,012.6,271.7,030820,,,A*46
$GPGGA,213351.00,3725.701264,N,12204.294362,W,7,,0.40,-27.70,M,0.0,M,0.0,0000*72
$GPRMC,213351.00,A,3725.701264,N,12204.294362,W,015.0,271.3,030820,,,A*49
$GPGGA,213352.00,3725.701311,N,12204.300241,W,7,,0.40,-27.70,M,0.0,M,0.0,0000*7E
$GPRMC,213352.00,A,3725.701311,N,12204.300241,W,017.2,270.5,030820,,,A*42
$GPGGA,213353.00,3725.701269,N,12204.307142,W,7,,0.40,-27.70,M,0.0,M,0.0,0000*76
$GPRMC,213353.00,A,3725.701269,N,12204.307142,W,018.8,269.7,030820,,,A*45
$GPGGA,213354.00,3725.701161,N,12204.313783,W,7,,0.40,-27.70,M,0.0,M,0.0,0000*74
$GPRMC,213354.00,A,3725.701161,N,12204.313783,W,019.3,268.8,030820,,,A*43
$GPGGA,213355.00,3725.700994,N,12204.320702,W,7,,0.40,-27.70,M,0.0,M,0.0,0000*7F
$GPRMC,213355.00,A,3725.700994,N,12204.320702,W,019.2,268.3,030820,,,A*42
$GPGGA,213356.00,3725.700867,N,12204.327499,W,7,,0.40,-27.70,M,0.0,M,0.0,0000*77
$GPRMC,213356.00,A,3725.700867,N,12204.327499,W,018.6,268.3,030820,,,A*4F
$GPGGA,213357.00,3725.700784,N,12204.333788,W,7,,0.40,-27.70,M,0.0,M,0.0,0000*72
$GPRMC,213357.00,A,3725.700784,N,12204.333788,W,017.7,268.7,030820,,,A*40
$GPGGA,213358.00,3725.700573,N,12204.339721,W,7,,0.40,-27.70,M,0.0,M,0.0,0000*7E
$GPRMC,213358.00,A,3725.700573,N,12204.339721,W,016.7,267.2,030820,,,A*47
$GPGGA,213359.00,3725.700082,N,12204.345188,W,7,,0.40,-27.70,M,0.0,M,0.0,0000*7A
$GPRMC,213359.00,A,3725.700082,N,12204.345188,W,015.5,263.9,030820,,,A*4D
$GPGGA,213400.00,3725.699218,N,12204.349844,W,7,,0.40,-27.70,M,0.0,M,0.0,0000*74
$GPRMC,213400.00,A,3725.699218,N,12204.349844,W,013.1,257.4,030820,,,A*4B
$GPGGA,213401.00,3725.698347,N,12204.353090,W,7,,0.40,-27.70,M,0.0,M,0.0,0000*75
$GPRMC,213401.00,A,3725.698347,N,12204.353090,W,009.1,251.7,030820,,,A*44
$GPGGA,213402.00,3725.697904,N,12204.354271,W,7,,0.40,-27.70,M,0.0,M,0.0,0000*7E
$GPRMC,213402.00,A,3725.697904,N,12204.354271,W,007.2,253.5,030820,,,A*42
$GPGGA,213403.00,3725.697784,N,12204.356329,W,7,,0.40,-27.70,M,0.0,M,0.0,0000*77
$GPRMC,213403.00,A,3725.697784,N,12204.356329,W,006.4,269.0,030820,,,A*40
$GPGGA,213404.00,3725.698564,N,12204.358855,W,7,,0.40,-27.70,M,0.0,M,0.0,0000*7D
$GPRMC,213404.00,A,3725.698564,N,12204.358855,W,008.4,291.1,030820,,,A*42
$GPGGA,213405.00,3725.700291,N,12204.362342,W,7,,0.40,-27.70,M,0.0,M,0.0,0000*75
$GPRMC,213405.00,A,3725.700291,N,12204.362342,W,011.7,294.4,030820,,,A*41
$GPGGA,213406.00,3725.702416,N,12204.367340,W,7,,0.40,-27.70,M,0.0,M,0.0,0000*7A
$GPRMC,213406.00,A,3725.702416,N,12204.367340,W,015.3,293.8,030820,,,A*45
$GPGGA,213407.00,3725.704510,N,12204.373273,W,7,,0.40,-27.70,M,0.0,M,0.0,0000*7E
$GPRMC,213407.00,A,3725.704510,N,12204.373273,W,018.9,284.6,030820,,,A*4E
$GPGGA,213408.00,3725.704989,N,12204.380011,W,7,,0.40,-27.70,M,0.0,M,0.0,0000*77
$GPRMC,213408.00,A,3725.704989,N,12204.380011,W,018.7,276.0,030820,,,A*42
$GPGGA,213409.00,3725.704731,N,12204.386726,W,7,,0.40,-27.70,M,0.0,M,0.0,0000*7E
$GPRMC,213409.00,A,3725.704731,N,12204.386726,W,018.1,269.6,030820,,,A*45
$GPGGA,213410.00,3725.704312,N,12204.393349,W,7,,0.40,-27.70,M,0.0,M,0.0,0000*7A
$GPRMC,213410.00,A,3725.704312,N,12204.393349,W,019.4,267.1,030820,,,A*4C
$GPGGA,213411.00,3725.704053,N,12204.400772,W,7,,0.40,-27.70,M,0.0,M,0.0,0000*7C
$GPRMC,213411.00,A,3725.704053,N,12204.400772,W,021.7,267.9,030820,,,A*4A
$GPGGA,213412.00,3725.704053,N,12204.408830,W,7,,0.43,-27.70,M,0.0,M,0.0,0000*7D
$GPRMC,213412.00,A,3725.704053,N,12204.408830,W,023.8,269.6,030820,,,A*44
$GPGGA,213413.00,3725.704210,N,12204.418153,W,7,,0.44,-27.70,M,0.0,M,0.0,0000*73
$GPRMC,213413.00,A,3725.704210,N,12204.418153,W,025.6,270.5,030820,,,A*4E
$GPGGA,213414.00,3725.704282,N,12204.427231,W,7,,0.43,-27.70,M,0.0,M,0.0,0000*73
$GPRMC,213414.00,A,3725.704282,N,12204.427231,W,027.2,270.4,030820,,,A*4E
$GPGGA,213415.00,3725.704377,N,12204.437833,W,7,,0.44,-27.70,M,0.0,M,0.0,0000*77
$GPRMC,213415.00,A,3725.704377,N,12204.437833,W,028.6,270.4,030820,,,A*46
$GPGGA,213416.00,3725.704432,N,12204.448243,W,7,,0.43,-27.70,M,0.0,M,0.0,0000*70
$GPRMC,213416.00,A,3725.704432,N,12204.448243,W,029.7,270.3,030820,,,A*41
$GPGGA,213417.00,3725.704419,N,12204.458996,W,7,,0.40,-28.44,M,0.0,M,0.0,0000*71
$GPRMC,213417.00,A,3725.704419,N,12204.458996,W,030.5,269.9,030820,,,A*43
$GPGGA,213418.00,3725.704413,N,12204.470372,W,7,,0.40,-28.55,M,0.0,M,0.0,0000*7E
$GPRMC,213418.00,A,3725.704413,N,12204.470372,W,030.8,269.9,030820,,,A*41
$GPGGA,213419.00,3725.704438,N,12204.480805,W,7,,0.40,-28.74,M,0.0,M,0.0,0000*71
$GPRMC,213419.00,A,3725.704438,N,12204.480805,W,031.0,270.1,030820,,,A*44
$GPGGA,213420.00,3725.704455,N,12204.491515,W,7,,0.40,-29.09,M,0.0,M,0.0,0000*77
$GPRMC,213420.00,A,3725.704455,N,12204.491515,W,031.3,270.1,030820,,,A*4A
$GPGGA,213421.00,3725.704474,N,12204.503065,W,7,,0.40,-29.45,M,0.0,M,0.0,0000*75
$GPRMC,213421.00,A,3725.704474,N,12204.503065,W,031.7,270.1,030820,,,A*44
$GPGGA,213422.00,3725.704426,N,12204.513937,W,7,,0.40,-29.85,M,0.0,M,0.0,0000*72
$GPRMC,213422.00,A,3725.704426,N,12204.513937,W,032.1,269.7,030820,,,A*44
$GPGGA,213423.00,3725.704354,N,12204.525524,W,7,,0.40,-30.10,M,0.0,M,0.0,0000*7E
$GPRMC,213423.00,A,3725.704354,N,12204.525524,W,032.4,269.5,030820,,,A*4B
$GPGGA,213424.00,3725.704329,N,12204.536905,W,7,,0.40,-30.17,M,0.0,M,0.0,0000*79
$GPRMC,213424.00,A,3725.704329,N,12204.536905,W,032.4,269.8,030820,,,A*46
$GPGGA,213425.00,3725.704360,N,12204.548024,W,7,,0.44,-30.14,M,0.0,M,0.0,0000*71
$GPRMC,213425.00,A,3725.704360,N,12204.548024,W,032.1,270.0,030820,,,A*4C
$GPGGA,213426.00,3725.704390,N,12204.559214,W,7,,0.43,-30.12,M,0.0,M,0.0,0000*7D
$GPRMC,213426.00,A,3725.704390,N,12204.559214,W,031.1,270.1,030820,,,A*43
$GPGGA,213427.00,3725.704371,N,12204.569647,W,7,,0.44,-30.18,M,0.0,M,0.0,0000*7F
$GPRMC,213427.00,A,3725.704371,N,12204.569647,W,030.1,269.8,030820,,,A*4C
$GPGGA,213428.00,3725.704155,N,12204.579871,W,7,,0.43,-30.25,M,0.0,M,0.0,0000*77
$GPRMC,213428.00,A,3725.704155,N,12204.579871,W,029.5,268.9,030820,,,A*41
$GPGGA,213429.00,3725.703478,N,12204.590029,W,7,,0.43,-30.05,M,0.0,M,0.0,0000*7B
$GPRMC,213429.00,A,3725.703478,N,12204.590029,W,028.7,266.3,030820,,,A*48
$GPGGA,213430.00,3725.702157,N,12204.599779,W,7,,0.40,-29.94,M,0.0,M,0.0,0000*72
$GPRMC,213430.00,A,3725.702157,N,12204.599779,W,028.2,262.3,030820,,,A*43
$GPGGA,213431.00,3725.700226,N,12204.609296,W,7,,0.40,-29.93,M,0.0,M,0.0,0000*7D
$GPRMC,213431.00,A,3725.700226,N,12204.609296,W,028.1,258.0,030820,,,A*42
$GPGGA,213432.00,3725.697784,N,12204.618709,W,7,,0.40,-29.93,M,0.0,M,0.0,0000*7F
$GPRMC,213432.00,A,3725.697784,N,12204.618709,W,028.1,254.2,030820,,,A*4E
$GPGGA,213433.00,3725.695120,N,12204.627938,W,7,,0.40,-29.94,M,0.0,M,0.0,0000*73
$GPRMC,213433.00,A,3725.695120,N,12204.627938,W,028.0,251.8,030820,,,A*4B
$GPGGA,213434.00,3725.692707,N,12204.637160,W,7,,0.40,-29.93,M,0.0,M,0.0,0000*73
$GPRMC,213434.00,A,3725.692707,N,12204.637160,W,027.5,252.2,030820,,,A*4F
$GPGGA,213435.00,3725.690824,N,12204.646004,W,7,,0.40,-29.99,M,0.0,M,0.0,0000*71
$GPRMC,213435.00,A,3725.690824,N,12204.646004,W,026.8,254.1,030820,,,A*4E
$GPGGA,213436.00,3725.689576,N,12204.654278,W,7,,0.40,-30.06,M,0.0,M,0.0,0000*74
$GPRMC,213436.00,A,3725.689576,N,12204.654278,W,024.4,257.0,030820,,,A*49
$GPGGA,213437.00,3725.688922,N,12204.661802,W,7,,0.40,-30.07,M,0.0,M,0.0,0000*79
$GPRMC,213437.00,A,3725.688922,N,12204.661802,W,021.1,260.8,030820,,,A*49
$GPGGA,213438.00,3725.688814,N,12204.668090,W,7,,0.40,-30.37,M,0.0,M,0.0,0000*7B
$GPRMC,213438.00,A,3725.688814,N,12204.668090,W,017.3,265.4,030820,,,A*46
$GPGGA,213439.00,3725.688880,N,12204.672979,W,7,,0.40,-30.43,M,0.0,M,0.0,0000*71
$GPRMC,213439.00,A,3725.688880,N,12204.672979,W,012.9,268.3,030820,,,A*4A
$GPGGA,213440.00,3725.688970,N,12204.675932,W,7,,0.40,-30.47,M,0.0,M,0.0,0000*7D
$GPRMC,213440.00,A,3725.688970,N,12204.675932,W,009.6,269.7,030820,,,A*42
$GPGGA,213441.00,3725.689017,N,12204.678176,W,7,,0.40,-30.49,M,0.0,M,0.0,0000*7E
$GPRMC,213441.00,A,3725.689017,N,12204.678176,W,006.0,269.2,030820,,,A*43
$GPGGA,213442.00,3725.689023,N,12204.679064,W,7,,0.40,-30.52,M,0.0,M,0.0,0000*73
$GPRMC,213442.00,A,3725.689023,N,12204.679064,W,002.9,269.1,030820,,,A*4A
$GPGGA,213443.00,3725.689036,N,12204.679106,W,7,,0.40,-30.58,M,0.0,M,0.0,0000*79
$GPRMC,213443.00,A,3725.689036,N,12204.679106,W,001.2,271.7,030820,,,A*4D
$GPGGA,213444.00,3725.689053,N,12204.678901,W,7,,0.40,-30.51,M,0.0,M,0.0,0000*7A
$GPRMC,213444.00,A,3725.689053,N,12204.678901,W,000.2,271.4,030820,,,A*45
$GPGGA,213445.00,3725.689053,N,12204.678608,W,7,,0.40,-30.54,M,0.0,M,0.0,0000*78
$GPRMC,213445.00,A,3725.689053,N,12204.678608,W,000.0,271.0,030820,,,A*44
$GPGGA,213446.00,3725.689059,N,12204.678427,W,7,,0.40,-30.50,M,0.0,M,0.0,0000*7A
$GPRMC,213446.00,A,3725.689059,N,12204.678427,W,000.0,273.5,030820,,,A*45
$GPGGA,213447.00,3725.689066,N,12204.678295,W,7,,0.40,-30.48,M,0.0,M,0.0,0000*71
$GPRMC,213447.00,A,3725.689066,N,12204.678295,W,000.0,272.3,030820,,,A*40
$GPGGA,213448.00,3725.689059,N,12204.678265,W,7,,0.40,-30.50,M,0.0,M,0.0,0000*74
$GPRMC,213448.00,A,3725.689059,N,12204.678265,W,000.0,272.1,030820,,,A*4E
$GPGGA,213449.00,3725.689059,N,12204.678241,W,7,,0.40,-30.48,M,0.0,M,0.0,0000*7A
$GPRMC,213449.00,A,3725.689059,N,12204.678241,W,000.0,271.8,030820,,,A*43
$GPGGA,213450.00,3725.689059,N,12204.678223,W,7,,0.40,-30.41,M,0.0,M,0.0,0000*7F
$GPRMC,213450.00,A,3725.689059,N,12204.678223,W,000.0,272.1,030820,,,A*45
$GPGGA,213451.00,3725.689059,N,12204.678199,W,7,,0.43,-30.42,M,0.0,M,0.0,0000*7C
$GPRMC,213451.00,A,3725.689059,N,12204.678199,W,000.0,272.1,030820,,,A*46
$GPGGA,213452.00,3725.689066,N,12204.678181,W,7,,0.46,-30.41,M,0.0,M,0.0,0000*7C
$GPRMC,213452.00,A,3725.689066,N,12204.678181,W,000.0,272.2,030820,,,A*43
$GPGGA,213453.00,3725.689066,N,12204.678164,W,7,,0.47,-30.41,M,0.0,M,0.0,0000*77
$GPRMC,213453.00,A,3725.689066,N,12204.678164,W,000.0,272.2,030820,,,A*49
$GPGGA,213454.00,3725.689059,N,12204.678223,W,7,,0.47,-30.41,M,0.0,M,0.0,0000*7C
$GPRMC,213454.00,A,3725.689059,N,12204.678223,W,000.4,270.0,030820,,,A*46
$GPGGA,213455.00,3725.689047,N,12204.678836,W,7,,0.46,-30.45,M,0.0,M,0.0,0000*79
$GPRMC,213455.00,A,3725.689047,N,12204.678836,W,002.7,268.0,030820,,,A*4E
$GPGGA,213456.00,3725.688933,N,12204.680618,W,7,,0.46,-30.46,M,0.0,M,0.0,0000*77
$GPRMC,213456.00,A,3725.688933,N,12204.680618,W,005.8,263.0,030820,,,A*40
$GPGGA,213457.00,3725.688363,N,12204.683444,W,7,,0.40,-30.53,M,0.0,M,0.0,0000*73
$GPRMC,213457.00,A,3725.688363,N,12204.683444,W,008.5,254.2,030820,,,A*40
$GPGGA,213458.00,3725.686977,N,12204.686569,W,7,,0.40,-30.59,M,0.0,M,0.0,0000*7C
$GPRMC,213458.00,A,3725.686977,N,12204.686569,W,010.0,241.8,030820,,,A*47
$GPGGA,213459.00,3725.684235,N,12204.689899,W,7,,0.40,-30.57,M,0.0,M,0.0,0000*71
$GPRMC,213459.00,A,3725.684235,N,12204.689899,W,012.6,220.9,030820,,,A*46
$GPGGA,213500.00,3725.680060,N,12204.692204,W,7,,0.40,-30.75,M,0.0,M,0.0,0000*7E
$GPRMC,213500.00,A,3725.680060,N,12204.692204,W,015.4,203.7,030820,,,A*43
$GPGGA,213501.00,3725.675134,N,12204.693230,W,7,,0.40,-30.86,M,0.0,M,0.0,0000*7F
$GPRMC,213501.00,A,3725.675134,N,12204.693230,W,017.3,192.5,030820,,,A*42
$GPGGA,213502.00,3725.669493,N,12204.693386,W,7,,0.40,-30.93,M,0.0,M,0.0,0000*71
$GPRMC,213502.00,A,3725.669493,N,12204.693386,W,019.8,184.5,030820,,,A*4A
$GPGGA,213503.00,3725.663308,N,12204.693098,W,7,,0.40,-31.01,M,0.0,M,0.0,0000*79
$GPRMC,213503.00,A,3725.663308,N,12204.693098,W,022.3,180.5,030820,,,A*4F
$GPGGA,213504.00,3725.656185,N,12204.692587,W,7,,0.40,-31.01,M,0.0,M,0.0,0000*75
$GPRMC,213504.00,A,3725.656185,N,12204.692587,W,024.7,178.2,030820,,,A*41
$GPGGA,213505.00,3725.649118,N,12204.691813,W,7,,0.40,-31.00,M,0.0,M,0.0,0000*7C
$GPRMC,213505.00,A,3725.649118,N,12204.691813,W,026.5,176.3,030820,,,A*46
$GPGGA,213506.00,3725.640861,N,12204.690740,W,7,,0.40,-30.90,M,0.0,M,0.0,0000*71
$GPRMC,213506.00,A,3725.640861,N,12204.690740,W,028.2,174.9,030820,,,A*42
$GPGGA,213507.00,3725.632569,N,12204.689611,W,7,,0.39,-30.91,M,0.0,M,0.0,0000*72
$GPRMC,213507.00,A,3725.632569,N,12204.689611,W,029.9,174.2,030820,,,A*4F
$GPGGA,213508.00,3725.623810,N,12204.688363,W,7,,0.39,-30.82,M,0.0,M,0.0,0000*7D
$GPRMC,213508.00,A,3725.623810,N,12204.688363,W,030.8,173.7,030820,,,A*49
$GPGGA,213509.00,3725.614582,N,12204.687062,W,7,,0.39,-30.84,M,0.0,M,0.0,0000*75
$GPRMC,213509.00,A,3725.614582,N,12204.687062,W,031.9,174.1,030820,,,A*46
$GPGGA,213510.00,3725.605953,N,12204.686276,W,7,,0.39,-30.71,M,0.0,M,0.0,0000*71
$GPRMC,213510.00,A,3725.605953,N,12204.686276,W,032.7,175.1,030820,,,A*44
$GPGGA,213511.00,3725.596768,N,12204.685772,W,7,,0.39,-30.66,M,0.0,M,0.0,0000*7B
$GPRMC,213511.00,A,3725.596768,N,12204.685772,W,033.2,176.4,030820,,,A*4A
$GPGGA,213512.00,3725.586994,N,12204.685472,W,7,,0.39,-30.59,M,0.0,M,0.0,0000*7B
$GPRMC,213512.00,A,3725.586994,N,12204.685472,W,033.8,177.7,030820,,,A*4E
$GPGGA,213513.00,3725.577561,N,12204.685442,W,7,,0.39,-30.62,M,0.0,M,0.0,0000*79
$GPRMC,213513.00,A,3725.577561,N,12204.685442,W,034.1,178.9,030820,,,A*4B
$GPGGA,213514.00,3725.567740,N,12204.685712,W,7,,0.39,-30.49,M,0.0,M,0.0,0000*71
$GPRMC,213514.00,A,3725.567740,N,12204.685712,W,034.1,180.3,030820,,,A*47
$GPGGA,213515.00,3725.558104,N,12204.686239,W,7,,0.39,-30.36,M,0.0,M,0.0,0000*7D
$GPRMC,213515.00,A,3725.558104,N,12204.686239,W,033.7,181.6,030820,,,A*46
$GPGGA,213516.00,3725.548887,N,12204.686966,W,7,,0.35,-30.40,M,0.0,M,0.0,0000*71
$GPRMC,213516.00,A,3725.548887,N,12204.686966,W,033.4,182.7,030820,,,A*46
$GPGGA,213517.00,3725.539689,N,12204.687817,W,7,,0.36,-30.41,M,0.0,M,0.0,0000*72
$GPRMC,213517.00,A,3725.539689,N,12204.687817,W,033.1,183.6,030820,,,A*42
$GPGGA,213518.00,3725.530342,N,12204.688604,W,7,,0.31,-30.43,M,0.0,M,0.0,0000*70
$GPRMC,213518.00,A,3725.530342,N,12204.688604,W,032.5,183.6,030820,,,A*40
$GPGGA,213519.00,3725.521629,N,12204.689174,W,7,,0.31,-30.42,M,0.0,M,0.0,0000*79
$GPRMC,213519.00,A,3725.521629,N,12204.689174,W,030.0,183.4,030820,,,A*4D
$GPGGA,213520.00,3725.514237,N,12204.689522,W,7,,0.33,-30.47,M,0.0,M,0.0,0000*7E
$GPRMC,213520.00,A,3725.514237,N,12204.689522,W,026.3,182.8,030820,,,A*44
$GPGGA,213521.00,3725.507908,N,12204.689731,W,7,,0.33,-30.43,M,0.0,M,0.0,0000*7E
$GPRMC,213521.00,A,3725.507908,N,12204.689731,W,021.6,182.0,030820,,,A*4A
$GPGGA,213522.00,3725.502940,N,12204.689840,W,7,,0.35,-30.48,M,0.0,M,0.0,0000*70
$GPRMC,213522.00,A,3725.502940,N,12204.689840,W,017.1,181.4,030820,,,A*4C
$GPGGA,213523.00,3725.499484,N,12204.689875,W,7,,0.36,-30.50,M,0.0,M,0.0,0000*7B
$GPRMC,213523.00,A,3725.499484,N,12204.689875,W,012.5,180.6,030820,,,A*4F
$GPGGA,213524.00,3725.497258,N,12204.689875,W,7,,0.39,-30.57,M,0.0,M,0.0,0000*7D
$GPRMC,213524.00,A,3725.497258,N,12204.689875,W,008.4,180.1,030820,,,A*4C
$GPGGA,213525.00,3725.496033,N,12204.689899,W,7,,0.39,-30.58,M,0.0,M,0.0,0000*7F
$GPRMC,213525.00,A,3725.496033,N,12204.689899,W,004.1,180.0,030820,,,A*49
$GPGGA,213526.00,3725.495494,N,12204.689959,W,7,,0.39,-30.60,M,0.0,M,0.0,0000*70
$GPRMC,213526.00,A,3725.495494,N,12204.689959,W,002.5,179.1,030820,,,A*48
$GPGGA,213527.00,3725.495403,N,12204.689966,W,7,,0.39,-30.53,M,0.0,M,0.0,0000*73
$GPRMC,213527.00,A,3725.495403,N,12204.689966,W,000.9,178.2,030820,,,A*47
$GPGGA,213528.00,3725.495434,N,12204.689899,W,7,,0.39,-30.49,M,0.0,M,0.0,0000*72
$GPRMC,213528.00,A,3725.495434,N,12204.689899,W,001.4,175.9,030820,,,A*47
$GPGGA,213529.00,3725.494804,N,12204.689834,W,7,,0.39,-30.47,M,0.0,M,0.0,0000*74
$GPRMC,213529.00,A,3725.494804,N,12204.689834,W,004.2,178.9,030820,,,A*41
$GPGGA,213530.00,3725.492265,N,12204.689696,W,7,,0.39,-27.80,M,0.0,M,0.0,0000*7C
$GPRMC,213530.00,A,3725.492265,N,12204.689696,W,008.1,178.3,030820,,,A*41
$GPGGA,213531.00,3725.490159,N,12204.689576,W,7,,0.39,-27.80,M,0.0,M,0.0,0000*7E
$GPRMC,213531.00,A,3725.490159,N,12204.689576,W,010.8,177.9,030820,,,A*46
$GPGGA,213532.00,3725.485720,N,12204.689323,W,7,,0.39,-27.80,M,0.0,M,0.0,0000*77
$GPRMC,213532.00,A,3725.485720,N,12204.689323,W,016.5,177.8,030820,,,A*45
$GPGGA,213533.00,3725.479899,N,12204.688988,W,7,,0.39,-27.80,M,0.0,M,0.0,0000*72
$GPRMC,213533.00,A,3725.479899,N,12204.688988,W,020.1,177.5,030820,,,A*4C
$GPGGA,213534.00,3725.472988,N,12204.688556,W,7,,0.39,-27.80,M,0.0,M,0.0,0000*70
$GPRMC,213534.00,A,3725.472988,N,12204.688556,W,022.7,177.3,030820,,,A*4C
$GPGGA,213535.00,3725.466136,N,12204.688063,W,7,,0.39,-27.80,M,0.0,M,0.0,0000*7A
$GPRMC,213535.00,A,3725.466136,N,12204.688063,W,025.2,176.8,030820,,,A*4E
$GPGGA,213536.00,3725.458474,N,12204.687433,W,7,,0.39,-27.80,M,0.0,M,0.0,0000*79
$GPRMC,213536.00,A,3725.458474,N,12204.687433,W,026.6,176.4,030820,,,A*46
$GPGGA,213537.00,3725.450685,N,12204.686395,W,7,,0.43,-27.80,M,0.0,M,0.0,0000*7B
$GPRMC,213537.00,A,3725.450685,N,12204.686395,W,026.5,175.0,030820,,,A*4D
$GPGGA,213538.00,3725.443497,N,12204.685598,W,7,,0.46,-27.80,M,0.0,M,0.0,0000*7A
$GPRMC,213538.00,A,3725.443497,N,12204.685598,W,025.8,174.8,030820,,,A*4E
$GPGGA,213539.00,3725.436262,N,12204.685214,W,7,,0.46,-27.80,M,0.0,M,0.0,0000*76
$GPRMC,213539.00,A,3725.436262,N,12204.685214,W,024.5,176.0,030820,,,A*44
$GPGGA,213540.00,3725.429781,N,12204.684638,W,7,,0.48,-27.80,M,0.0,M,0.0,0000*7B
$GPRMC,213540.00,A,3725.429781,N,12204.684638,W,022.8,176.2,030820,,,A*4E
$GPGGA,213541.00,3725.424129,N,12204.684278,W,7,,0.48,-27.80,M,0.0,M,0.0,0000*73
$GPRMC,213541.00,A,3725.424129,N,12204.684278,W,020.3,176.6,030820,,,A*4B
$GPGGA,213542.00,3725.419239,N,12204.684050,W,7,,0.47,-27.80,M,0.0,M,0.0,0000*7B
$GPRMC,213542.00,A,3725.419239,N,12204.684050,W,017.3,176.9,030820,,,A*47
$GPGGA,213543.00,3725.415238,N,12204.683953,W,7,,0.40,-27.80,M,0.0,M,0.0,0000*7D
$GPRMC,213543.00,A,3725.415238,N,12204.683953,W,014.4,177.8,030820,,,A*42
$GPGGA,213544.00,3725.411937,N,12204.684122,W,7,,0.39,-27.80,M,0.0,M,0.0,0000*7D
$GPRMC,213544.00,A,3725.411937,N,12204.684122,W,011.0,181.6,030820,,,A*4A
$GPGGA,213545.00,3725.409580,N,12204.684901,W,7,,0.39,-27.80,M,0.0,M,0.0,0000*7C
$GPRMC,213545.00,A,3725.409580,N,12204.684901,W,009.5,193.5,030820,,,A*47
$GPGGA,213546.00,3725.407804,N,12204.686330,W,7,,0.39,-27.80,M,0.0,M,0.0,0000*7A
$GPRMC,213546.00,A,3725.407804,N,12204.686330,W,010.3,210.6,030820,,,A*44
$GPGGA,213547.00,3725.405356,N,12204.689882,W,7,,0.39,-27.80,M,0.0,M,0.0,0000*78
$GPRMC,213547.00,A,3725.405356,N,12204.689882,W,014.2,239.6,030820,,,A*48
$GPGGA,213548.00,3725.404269,N,12204.695714,W,7,,0.39,-27.80,M,0.0,M,0.0,0000*76
$GPRMC,213548.00,A,3725.404269,N,12204.695714,W,016.4,254.1,030820,,,A*4E
$GPGGA,213549.00,3725.404048,N,12204.702457,W,7,,0.39,-27.80,M,0.0,M,0.0,0000*7D
$GPRMC,213549.00,A,3725.404048,N,12204.702457,W,019.1,262.9,030820,,,A*42
$GPGGA,213550.00,3725.404059,N,12204.710323,W,7,,0.39,-27.80,M,0.0,M,0.0,0000*72
$GPRMC,213550.00,A,3725.404059,N,12204.710323,W,022.0,266.8,030820,,,A*41
$GPGGA,213551.00,3725.403957,N,12204.719257,W,7,,0.39,-27.80,M,0.0,M,0.0,0000*78
$GPRMC,213551.00,A,3725.403957,N,12204.719257,W,024.8,267.6,030820,,,A*4A
$GPGGA,213552.00,3725.403718,N,12204.729067,W,7,,0.39,-27.80,M,0.0,M,0.0,0000*7C
$GPRMC,213552.00,A,3725.403718,N,12204.729067,W,027.0,267.6,030820,,,A*45
$GPGGA,213553.00,3725.403405,N,12204.739177,W,7,,0.39,-27.80,M,0.0,M,0.0,0000*73
$GPRMC,213553.00,A,3725.403405,N,12204.739177,W,028.6,267.4,030820,,,A*41
$GPGGA,213554.00,3725.402974,N,12204.750181,W,7,,0.39,-27.80,M,0.0,M,0.0,0000*78
$GPRMC,213554.00,A,3725.402974,N,12204.750181,W,030.5,267.1,030820,,,A*45
$GPGGA,213555.00,3725.402559,N,12204.761186,W,7,,0.39,-27.80,M,0.0,M,0.0,0000*7F
$GPRMC,213555.00,A,3725.402559,N,12204.761186,W,032.0,267.2,030820,,,A*46
$GPGGA,213556.00,3725.402068,N,12204.772652,W,7,,0.39,-27.80,M,0.0,M,0.0,0000*77
$GPRMC,213556.00,A,3725.402068,N,12204.772652,W,033.4,266.9,030820,,,A*41
$GPGGA,213557.00,3725.401408,N,12204.785377,W,7,,0.39,-27.80,M,0.0,M,0.0,0000*7D
$GPRMC,213557.00,A,3725.401408,N,12204.785377,W,034.6,266.3,030820,,,A*44
$GPGGA,213558.00,3725.400597,N,12204.797984,W,7,,0.39,-27.80,M,0.0,M,0.0,0000*71
$GPRMC,213558.00,A,3725.400597,N,12204.797984,W,035.4,265.7,030820,,,A*4C
$GPGGA,213559.00,3725.399662,N,12204.810794,W,7,,0.39,-27.80,M,0.0,M,0.0,0000*71
$GPRMC,213559.00,A,3725.399662,N,12204.810794,W,035.9,265.1,030820,,,A*47
$GPGGA,213600.00,3725.398593,N,12204.822872,W,7,,0.39,-27.80,M,0.0,M,0.0,0000*74
$GPRMC,213600.00,A,3725.398593,N,12204.822872,W,036.5,264.1,030820,,,A*4C
$GPGGA,213601.00,3725.397411,N,12204.836102,W,7,,0.39,-27.80,M,0.0,M,0.0,0000*7A
$GPRMC,213601.00,A,3725.397411,N,12204.836102,W,037.4,263.7,030820,,,A*43
$GPGGA,213602.00,3725.396236,N,12204.849667,W,7,,0.39,-27.80,M,0.0,M,0.0,0000*77
$GPRMC,213602.00,A,3725.396236,N,12204.849667,W,038.2,263.7,030820,,,A*47
$GPGGA,213603.00,3725.395089,N,12204.863018,W,7,,0.39,-27.80,M,0.0,M,0.0,0000*75
$GPRMC,213603.00,A,3725.395089,N,12204.863018,W,039.0,263.7,030820,,,A*46
$GPGGA,213604.00,3725.393938,N,12204.876890,W,7,,0.39,-27.80,M,0.0,M,0.0,0000*7B
$GPRMC,213604.00,A,3725.393938,N,12204.876890,W,039.4,263.8,030820,,,A*43
$GPGGA,213605.00,3725.392732,N,12204.891008,W,7,,0.39,-27.80,M,0.0,M,0.0,0000*7F
$GPRMC,213605.00,A,3725.392732,N,12204.891008,W,039.8,263.8,030820,,,A*4B
$GPGGA,213606.00,3725.391460,N,12204.904771,W,7,,0.39,-27.80,M,0.0,M,0.0,0000*7F
$GPRMC,213606.00,A,3725.391460,N,12204.904771,W,040.3,263.5,030820,,,A*43
$GPGGA,213607.00,3725.390193,N,12204.918812,W,7,,0.39,-27.80,M,0.0,M,0.0,0000*71
$GPRMC,213607.00,A,3725.390193,N,12204.918812,W,040.1,263.4,030820,,,A*4E
$GPGGA,213608.00,3725.388993,N,12204.932695,W,7,,0.39,-27.80,M,0.0,M,0.0,0000*76
$GPRMC,213608.00,A,3725.388993,N,12204.932695,W,039.9,263.5,030820,,,A*4E
$GPGGA,213609.00,3725.387944,N,12204.946772,W,7,,0.39,-27.80,M,0.0,M,0.0,0000*79
$GPRMC,213609.00,A,3725.387944,N,12204.946772,W,039.8,264.1,030820,,,A*43
$GPGGA,213610.00,3725.387116,N,12204.960638,W,7,,0.39,-27.80,M,0.0,M,0.0,0000*75
$GPRMC,213610.00,A,3725.387116,N,12204.960638,W,040.0,265.0,030820,,,A*49
$GPGGA,213611.00,3725.386558,N,12204.974575,W,7,,0.39,-27.80,M,0.0,M,0.0,0000*74
$GPRMC,213611.00,A,3725.386558,N,12204.974575,W,040.6,266.3,030820,,,A*4E
$GPGGA,213612.00,3725.386246,N,12204.989023,W,7,,0.39,-27.80,M,0.0,M,0.0,0000*7B
$GPRMC,213612.00,A,3725.386246,N,12204.989023,W,041.0,267.5,030820,,,A*41
$GPGGA,213613.00,3725.386215,N,12205.003429,W,7,,0.39,-27.80,M,0.0,M,0.0,0000*78
$GPRMC,213613.00,A,3725.386215,N,12205.003429,W,041.2,268.8,030820,,,A*42
$GPGGA,213614.00,3725.386437,N,12205.017680,W,7,,0.39,-27.80,M,0.0,M,0.0,0000*7D
$GPRMC,213614.00,A,3725.386437,N,12205.017680,W,041.4,270.1,030820,,,A*41
$GPGGA,213615.00,3725.386936,N,12205.032416,W,7,,0.39,-27.80,M,0.0,M,0.0,0000*7A
$GPRMC,213615.00,A,3725.386936,N,12205.032416,W,041.5,271.4,030820,,,A*43
$GPGGA,213616.00,3725.387734,N,12205.046924,W,7,,0.39,-27.80,M,0.0,M,0.0,0000*7B
$GPRMC,213616.00,A,3725.387734,N,12205.046924,W,041.5,272.8,030820,,,A*4D
$GPGGA,213617.00,3725.388832,N,12205.061540,W,7,,0.39,-27.80,M,0.0,M,0.0,0000*77
$GPRMC,213617.00,A,3725.388832,N,12205.061540,W,041.6,274.3,030820,,,A*4F
$GPGGA,213618.00,3725.390193,N,12205.075969,W,7,,0.39,-27.80,M,0.0,M,0.0,0000*71
$GPRMC,213618.00,A,3725.390193,N,12205.075969,W,041.5,275.7,030820,,,A*4F
$GPGGA,213619.00,3725.391820,N,12205.090417,W,7,,0.39,-27.80,M,0.0,M,0.0,0000*7F
$GPRMC,213619.00,A,3725.391820,N,12205.090417,W,041.2,277.1,030820,,,A*42
$GPGGA,213620.00,3725.393680,N,12205.104068,W,7,,0.39,-27.80,M,0.0,M,0.0,0000*73
$GPRMC,213620.00,A,3725.393680,N,12205.104068,W,041.0,278.6,030820,,,A*44
$GPGGA,213621.00,3725.395792,N,12205.117921,W,7,,0.39,-27.80,M,0.0,M,0.0,0000*70
$GPRMC,213621.00,A,3725.395792,N,12205.117921,W,040.7,280.0,030820,,,A*40
$GPGGA,213622.00,3725.398138,N,12205.132093,W,7,,0.39,-27.80,M,0.0,M,0.0,0000*7F
$GPRMC,213622.00,A,3725.398138,N,12205.132093,W,040.1,281.0,030820,,,A*48
$GPGGA,213623.00,3725.400538,N,12205.145486,W,7,,0.39,-27.80,M,0.0,M,0.0,0000*7C
$GPRMC,213623.00,A,3725.400538,N,12205.145486,W,039.2,281.9,030820,,,A*4F
$GPGGA,213624.00,3725.403183,N,12205.158644,W,7,,0.43,-27.80,M,0.0,M,0.0,0000*71
$GPRMC,213624.00,A,3725.403183,N,12205.158644,W,037.8,283.0,030820,,,A*40
$GPGGA,213625.00,3725.405475,N,12205.170733,W,7,,0.47,-27.80,M,0.0,M,0.0,0000*75
$GPRMC,213625.00,A,3725.405475,N,12205.170733,W,037.9,283.0,030820,,,A*41
$GPGGA,213626.00,3725.407959,N,12205.183292,W,7,,0.48,-27.80,M,0.0,M,0.0,0000*7A
$GPRMC,213626.00,A,3725.407959,N,12205.183292,W,038.2,283.3,030820,,,A*46
$GPGGA,213627.00,3725.410612,N,12205.196527,W,7,,0.48,-26.45,M,0.0,M,0.0,0000*78
$GPRMC,213627.00,A,3725.410612,N,12205.196527,W,038.6,283.5,030820,,,A*4E
$GPGGA,213628.00,3725.413209,N,12205.209349,W,7,,0.45,-26.44,M,0.0,M,0.0,0000*7D
$GPRMC,213628.00,A,3725.413209,N,12205.209349,W,039.3,283.9,030820,,,A*4F
$GPGGA,213629.00,3725.415813,N,12205.223114,W,7,,0.45,-26.86,M,0.0,M,0.0,0000*77
$GPRMC,213629.00,A,3725.415813,N,12205.223114,W,039.7,283.5,030820,,,A*43
$GPGGA,213630.00,3725.418513,N,12205.236709,W,7,,0.41,-27.40,M,0.0,M,0.0,0000*7E
$GPRMC,213630.00,A,3725.418513,N,12205.236709,W,040.1,283.6,030820,,,A*4E
$GPGGA,213631.00,3725.421249,N,12205.250450,W,7,,0.37,-28.21,M,0.0,M,0.0,0000*7B
$GPRMC,213631.00,A,3725.421249,N,12205.250450,W,040.5,283.8,030820,,,A*48
$GPGGA,213632.00,3725.424015,N,12205.264327,W,7,,0.38,-28.96,M,0.0,M,0.0,0000*75
$GPRMC,213632.00,A,3725.424015,N,12205.264327,W,041.1,283.7,030820,,,A*4F
$GPGGA,213633.00,3725.426709,N,12205.278445,W,7,,0.39,-29.46,M,0.0,M,0.0,0000*7F
$GPRMC,213633.00,A,3725.426709,N,12205.278445,W,041.4,283.5,030820,,,A*4F
$GPGGA,213634.00,3725.429265,N,12205.292893,W,7,,0.39,-29.42,M,0.0,M,0.0,0000*7F
$GPRMC,213634.00,A,3725.429265,N,12205.292893,W,041.4,282.7,030820,,,A*48
$GPGGA,213635.00,3725.431719,N,12205.306423,W,7,,0.39,-29.64,M,0.0,M,0.0,0000*76
$GPRMC,213635.00,A,3725.431719,N,12205.306423,W,041.4,282.8,030820,,,A*4A
$GPGGA,213636.00,3725.434288,N,12205.320343,W,7,,0.39,-29.62,M,0.0,M,0.0,0000*7E
$GPRMC,213636.00,A,3725.434288,N,12205.320343,W,040.9,283.0,030820,,,A*41
$GPGGA,213637.00,3725.436574,N,12205.334066,W,7,,0.39,-29.72,M,0.0,M,0.0,0000*79
$GPRMC,213637.00,A,3725.436574,N,12205.334066,W,039.9,282.3,030820,,,A*4B
$GPGGA,213638.00,3725.438235,N,12205.347325,W,7,,0.39,-29.72,M,0.0,M,0.0,0000*7A
$GPRMC,213638.00,A,3725.438235,N,12205.347325,W,037.5,280.3,030820,,,A*48
$GPGGA,213639.00,3725.438986,N,12205.358887,W,7,,0.39,-29.74,M,0.0,M,0.0,0000*73
$GPRMC,213639.00,A,3725.438986,N,12205.358887,W,033.9,277.2,030820,,,A*46
$GPGGA,213640.00,3725.438901,N,12205.369526,W,7,,0.39,-29.82,M,0.0,M,0.0,0000*7F
$GPRMC,213640.00,A,3725.438901,N,12205.369526,W,029.3,272.7,030820,,,A*42
$GPGGA,213641.00,3725.438205,N,12205.378567,W,7,,0.39,-29.69,M,0.0,M,0.0,0000*71
$GPRMC,213641.00,A,3725.438205,N,12205.378567,W,024.4,267.3,030820,,,A*43
$GPGGA,213642.00,3725.437102,N,12205.385011,W,7,,0.35,-29.61,M,0.0,M,0.0,0000*7B
$GPRMC,213642.00,A,3725.437102,N,12205.385011,W,019.6,260.9,030820,,,A*4C
$GPGGA,213643.00,3725.435907,N,12205.389865,W,7,,0.36,-29.59,M,0.0,M,0.0,0000*7A
$GPRMC,213643.00,A,3725.435907,N,12205.389865,W,014.7,255.1,030820,,,A*47
$GPGGA,213644.00,3725.434972,N,12205.392865,W,7,,0.35,-29.63,M,0.0,M,0.0,0000*7E
$GPRMC,213644.00,A,3725.434972,N,12205.392865,W,009.6,251.6,030820,,,A*47
$GPGGA,213645.00,3725.434371,N,12205.394161,W,7,,0.33,-29.76,M,0.0,M,0.0,0000*7F
$GPRMC,213645.00,A,3725.434371,N,12205.394161,W,005.6,250.0,030820,,,A*4F
$GPGGA,213646.00,3725.434053,N,12205.394881,W,7,,0.34,-29.81,M,0.0,M,0.0,0000*77
$GPRMC,213646.00,A,3725.434053,N,12205.394881,W,002.8,250.6,030820,,,A*47
$GPGGA,213647.00,3725.433975,N,12205.394893,W,7,,0.34,-29.83,M,0.0,M,0.0,0000*7D
$GPRMC,213647.00,A,3725.433975,N,12205.394893,W,001.0,253.0,030820,,,A*41
$GPGGA,213648.00,3725.433994,N,12205.394654,W,7,,0.36,-29.95,M,0.0,M,0.0,0000*7D
$GPRMC,213648.00,A,3725.433994,N,12205.394654,W,000.1,259.6,030820,,,A*48
$GPGGA,213649.00,3725.434041,N,12205.394365,W,7,,0.36,-30.09,M,0.0,M,0.0,0000*70
$GPRMC,213649.00,A,3725.434041,N,12205.394365,W,000.1,250.0,030820,,,A*47
$GPGGA,213650.00,3725.434066,N,12205.394215,W,7,,0.39,-30.14,M,0.0,M,0.0,0000*78
$GPRMC,213650.00,A,3725.434066,N,12205.394215,W,000.1,250.3,030820,,,A*4F
$GPGGA,213651.00,3725.434089,N,12205.394131,W,7,,0.39,-30.22,M,0.0,M,0.0,0000*78
$GPRMC,213651.00,A,3725.434089,N,12205.394131,W,000.1,251.7,030820,,,A*4F
$GPGGA,213652.00,3725.434089,N,12205.394138,W,7,,0.39,-30.34,M,0.0,M,0.0,0000*75
$GPRMC,213652.00,A,3725.434089,N,12205.394138,W,000.2,250.1,030820,,,A*41
$GPGGA,213653.00,3725.433994,N,12205.394540,W,7,,0.39,-30.28,M,0.0,M,0.0,0000*70
$GPRMC,213653.00,A,3725.433994,N,12205.394540,W,002.0,250.4,030820,,,A*4C
$GPGGA,213654.00,3725.433586,N,12205.396064,W,7,,0.39,-30.26,M,0.0,M,0.0,0000*77
$GPRMC,213654.00,A,3725.433586,N,12205.396064,W,006.0,251.8,030820,,,A*4C
$GPGGA,213655.00,3725.432619,N,12205.399363,W,7,,0.42,-23.50,M,0.0,M,0.0,0000*76
$GPRMC,213655.00,A,3725.432619,N,12205.399363,W,009.8,252.7,030820,,,A*49
$GPGGA,213656.00,3725.431239,N,12205.403959,W,7,,0.42,-23.50,M,0.0,M,0.0,0000*77
$GPRMC,213656.00,A,3725.431239,N,12205.403959,W,013.7,251.3,030820,,,A*4B
$GPGGA,213657.00,3725.429349,N,12205.410013,W,7,,0.42,-23.50,M,0.0,M,0.0,0000*7C
$GPRMC,213657.00,A,3725.429349,N,12205.410013,W,017.5,250.3,030820,,,A*47
$GPGGA,213658.00,3725.427106,N,12205.417208,W,7,,0.42,-23.50,M,0.0,M,0.0,0000*7B
$GPRMC,213658.00,A,3725.427106,N,12205.417208,W,020.6,249.2,030820,,,A*4E
$GPGGA,213659.00,3725.424514,N,12205.425392,W,7,,0.42,-23.50,M,0.0,M,0.0,0000*7D
$GPRMC,213659.00,A,3725.424514,N,12205.425392,W,023.5,248.8,030820,,,A*43
$GPGGA,213700.00,3725.421658,N,12205.434031,W,7,,0.39,-23.50,M,0.0,M,0.0,0000*78
$GPRMC,213700.00,A,3725.421658,N,12205.434031,W,025.9,247.8,030820,,,A*4F
$GPGGA,213701.00,3725.418226,N,12205.443560,W,7,,0.39,-23.50,M,0.0,M,0.0,0000*7F
$GPRMC,213701.00,A,3725.418226,N,12205.443560,W,027.4,246.0,030820,,,A*4E
$GPGGA,213702.00,3725.414235,N,12205.452494,W,7,,0.39,-23.50,M,0.0,M,0.0,0000*78
$GPRMC,213702.00,A,3725.414235,N,12205.452494,W,028.9,242.0,030820,,,A*4F
$GPGGA,213703.00,3725.409328,N,12205.461470,W,7,,0.39,-23.50,M,0.0,M,0.0,0000*72
$GPRMC,213703.00,A,3725.409328,N,12205.461470,W,029.7,237.3,030820,,,A*4B
$GPGGA,213704.00,3725.403909,N,12205.469821,W,7,,0.39,-23.50,M,0.0,M,0.0,0000*76
$GPRMC,213704.00,A,3725.403909,N,12205.469821,W,030.5,232.8,030820,,,A*4B
$GPGGA,213705.00,3725.397844,N,12205.477675,W,7,,0.39,-23.50,M,0.0,M,0.0,0000*75
$GPRMC,213705.00,A,3725.397844,N,12205.477675,W,030.7,228.0,030820,,,A*49
$GPGGA,213706.00,3725.391471,N,12205.484708,W,7,,0.39,-23.50,M,0.0,M,0.0,0000*7D
$GPRMC,213706.00,A,3725.391471,N,12205.484708,W,030.8,223.6,030820,,,A*43
$GPGGA,213707.00,3725.384776,N,12205.491007,W,7,,0.39,-23.50,M,0.0,M,0.0,0000*70
$GPRMC,213707.00,A,3725.384776,N,12205.491007,W,030.0,219.0,030820,,,A*49
$GPGGA,213708.00,3725.378428,N,12205.496990,W,7,,0.39,-23.50,M,0.0,M,0.0,0000*74
$GPRMC,213708.00,A,3725.378428,N,12205.496990,W,028.9,218.0,030820,,,A*4C
$GPGGA,213709.00,3725.372806,N,12205.503410,W,7,,0.39,-23.50,M,0.0,M,0.0,0000*77
$GPRMC,213709.00,A,3725.372806,N,12205.503410,W,027.9,221.3,030820,,,A*49
$GPGGA,213710.00,3725.367903,N,12205.510321,W,7,,0.42,-23.50,M,0.0,M,0.0,0000*74
$GPRMC,213710.00,A,3725.367903,N,12205.510321,W,027.5,229.0,030820,,,A*41
$GPGGA,213711.00,3725.363836,N,12205.518398,W,7,,0.46,-23.50,M,0.0,M,0.0,0000*78
$GPRMC,213711.00,A,3725.363836,N,12205.518398,W,028.1,237.5,030820,,,A*48
$GPGGA,213712.00,3725.360770,N,12205.527787,W,7,,0.49,-23.50,M,0.0,M,0.0,0000*7C
$GPRMC,213712.00,A,3725.360770,N,12205.527787,W,028.9,243.6,030820,,,A*4B
$GPGGA,213713.00,3725.357344,N,12205.537976,W,7,,0.56,-23.50,M,0.0,M,0.0,0000*75
$GPRMC,213713.00,A,3725.357344,N,12205.537976,W,030.8,246.2,030820,,,A*45
$GPGGA,213714.00,3725.353893,N,12205.548421,W,7,,0.60,-23.50,M,0.0,M,0.0,0000*75
$GPRMC,213714.00,A,3725.353893,N,12205.548421,W,032.3,246.8,030820,,,A*43
$GPGGA,213715.00,3725.350006,N,12205.559755,W,7,,0.68,-23.50,M,0.0,M,0.0,0000*7B
$GPRMC,213715.00,A,3725.350006,N,12205.559755,W,033.6,246.4,030820,,,A*4D
$GPGGA,213716.00,3725.346171,N,12205.570855,W,7,,0.67,-23.50,M,0.0,M,0.0,0000*75
$GPRMC,213716.00,A,3725.346171,N,12205.570855,W,034.3,246.2,030820,,,A*48
$GPGGA,213717.00,3725.342674,N,12205.582340,W,7,,0.63,-23.50,M,0.0,M,0.0,0000*74
$GPRMC,213717.00,A,3725.342674,N,12205.582340,W,034.5,247.5,030820,,,A*4D
$GPGGA,213718.00,3725.339595,N,12205.594093,W,7,,0.60,-23.50,M,0.0,M,0.0,0000*72
$GPRMC,213718.00,A,3725.339595,N,12205.594093,W,033.8,250.3,030820,,,A*42
$GPGGA,213719.00,3725.338084,N,12205.605350,W,7,,0.57,-23.50,M,0.0,M,0.0,0000*74
$GPRMC,213719.00,A,3725.338084,N,12205.605350,W,033.2,256.7,030820,,,A*48
$GPGGA,213720.00,3725.338306,N,12205.616833,W,7,,0.44,-23.50,M,0.0,M,0.0,0000*79
$GPRMC,213720.00,A,3725.338306,N,12205.616833,W,032.6,265.8,030820,,,A*4D
$GPGGA,213721.00,3725.340465,N,12205.627652,W,7,,0.40,-23.50,M,0.0,M,0.0,0000*7A
$GPRMC,213721.00,A,3725.340465,N,12205.627652,W,032.4,276.8,030820,,,A*4A
$GPGGA,213722.00,3725.344599,N,12205.638398,W,7,,0.40,-23.50,M,0.0,M,0.0,0000*72
$GPRMC,213722.00,A,3725.344599,N,12205.638398,W,033.2,288.7,030820,,,A*4B
$GPGGA,213723.00,3725.349898,N,12205.649287,W,7,,0.44,-23.50,M,0.0,M,0.0,0000*7F
$GPRMC,213723.00,A,3725.349898,N,12205.649287,W,034.7,298.3,030820,,,A*45
$GPGGA,213724.00,3725.356948,N,12205.659601,W,7,,0.44,-23.50,M,0.0,M,0.0,0000*71
$GPRMC,213724.00,A,3725.356948,N,12205.659601,W,037.5,305.4,030820,,,A*48
$GPGGA,213725.00,3725.365029,N,12205.670786,W,7,,0.43,-23.50,M,0.0,M,0.0,0000*7C
$GPRMC,213725.00,A,3725.365029,N,12205.670786,W,041.0,309.1,030820,,,A*4F
$GPGGA,213726.00,3725.374005,N,12205.682821,W,7,,0.44,-23.50,M,0.0,M,0.0,0000*79
$GPRMC,213726.00,A,3725.374005,N,12205.682821,W,044.1,311.1,030820,,,A*40
$GPGGA,213727.00,3725.383053,N,12205.695409,W,7,,0.44,-23.50,M,0.0,M,0.0,0000*73
$GPRMC,213727.00,A,3725.383053,N,12205.695409,W,047.1,311.4,030820,,,A*4C
$GPGGA,213728.00,3725.392396,N,12205.708519,W,7,,0.43,-23.50,M,0.0,M,0.0,0000*74
$GPRMC,213728.00,A,3725.392396,N,12205.708519,W,049.3,311.6,030820,,,A*42
$GPGGA,213729.00,3725.401924,N,12205.721870,W,7,,0.39,-23.50,M,0.0,M,0.0,0000*7F
$GPRMC,213729.00,A,3725.401924,N,12205.721870,W,049.4,311.7,030820,,,A*42
$GPGGA,213730.00,3725.410995,N,12205.734722,W,7,,0.39,-23.50,M,0.0,M,0.0,0000*71
$GPRMC,213730.00,A,3725.410995,N,12205.734722,W,051.0,311.6,030820,,,A*40
$GPGGA,213731.00,3725.420722,N,12205.748515,W,7,,0.39,-23.50,M,0.0,M,0.0,0000*7C
$GPRMC,213731.00,A,3725.420722,N,12205.748515,W,050.9,311.5,030820,,,A*46
$GPGGA,213732.00,3725.430154,N,12205.761908,W,7,,0.39,-23.50,M,0.0,M,0.0,0000*72
$GPRMC,213732.00,A,3725.430154,N,12205.761908,W,051.6,311.5,030820,,,A*46
$GPGGA,213733.00,3725.439915,N,12205.775545,W,7,,0.35,-23.50,M,0.0,M,0.0,0000*7B
$GPRMC,213733.00,A,3725.439915,N,12205.775545,W,051.2,311.8,030820,,,A*4A
$GPGGA,213734.00,3725.449540,N,12205.788613,W,7,,0.36,-23.50,M,0.0,M,0.0,0000*76
$GPRMC,213734.00,A,3725.449540,N,12205.788613,W,051.3,312.4,030820,,,A*4A
$GPGGA,213735.00,3725.459308,N,12205.801669,W,7,,0.35,-23.50,M,0.0,M,0.0,0000*7C
$GPRMC,213735.00,A,3725.459308,N,12205.801669,W,051.5,312.9,030820,,,A*48
$GPGGA,213736.00,3725.469298,N,12205.815001,W,7,,0.36,-23.50,M,0.0,M,0.0,0000*7A
$GPRMC,213736.00,A,3725.469298,N,12205.815001,W,052.2,313.1,030820,,,A*40
$GPGGA,213737.00,3725.479600,N,12205.828508,W,7,,0.35,-23.50,M,0.0,M,0.0,0000*7E
$GPRMC,213737.00,A,3725.479600,N,12205.828508,W,053.1,313.4,030820,,,A*40
$GPGGA,213738.00,3725.490225,N,12205.842085,W,7,,0.39,-23.50,M,0.0,M,0.0,0000*75
$GPRMC,213738.00,A,3725.490225,N,12205.842085,W,053.1,314.1,030820,,,A*45
$GPGGA,213739.00,3725.500792,N,12205.855364,W,7,,0.39,-23.50,M,0.0,M,0.0,0000*7F
$GPRMC,213739.00,A,3725.500792,N,12205.855364,W,054.2,314.5,030820,,,A*4F
$GPGGA,213740.00,3725.511706,N,12205.868971,W,7,,0.39,-23.50,M,0.0,M,0.0,0000*7C
$GPRMC,213740.00,A,3725.511706,N,12205.868971,W,054.2,314.9,030820,,,A*40
$GPGGA,213741.00,3725.522566,N,12205.882225,W,7,,0.39,-23.50,M,0.0,M,0.0,0000*77
$GPRMC,213741.00,A,3725.522566,N,12205.882225,W,054.8,315.5,030820,,,A*4C
$GPGGA,213742.00,3725.533480,N,12205.895264,W,7,,0.35,-23.50,M,0.0,M,0.0,0000*72
$GPRMC,213742.00,A,3725.533480,N,12205.895264,W,056.3,316.0,030820,,,A*4A
$GPGGA,213743.00,3725.545378,N,12205.908530,W,7,,0.35,-23.50,M,0.0,M,0.0,0000*71
$GPRMC,213743.00,A,3725.545378,N,12205.908530,W,055.1,317.3,030820,,,A*4A
$GPGGA,213744.00,3725.556813,N,12205.920991,W,7,,0.35,-23.50,M,0.0,M,0.0,0000*7F
$GPRMC,213744.00,A,3725.556813,N,12205.920991,W,054.6,318.3,030820,,,A*4D
$GPGGA,213745.00,3725.568591,N,12205.933436,W,7,,0.35,-23.50,M,0.0,M,0.0,0000*76
$GPRMC,213745.00,A,3725.568591,N,12205.933436,W,053.5,319.2,030820,,,A*40
$GPGGA,213746.00,3725.580015,N,12205.945340,W,7,,0.35,-23.50,M,0.0,M,0.0,0000*7D
$GPRMC,213746.00,A,3725.580015,N,12205.945340,W,055.0,319.8,030820,,,A*42
$GPGGA,213747.00,3725.591704,N,12205.957441,W,7,,0.40,-23.50,M,0.0,M,0.0,0000*7C
$GPRMC,213747.00,A,3725.591704,N,12205.957441,W,055.1,320.2,030820,,,A*40
$GPGGA,213748.00,3725.603469,N,12205.969579,W,7,,0.39,-23.50,M,0.0,M,0.0,0000*7A
$GPRMC,213748.00,A,3725.603469,N,12205.969579,W,053.4,320.4,030820,,,A*4D
$GPGGA,213749.00,3725.614449,N,12205.980823,W,7,,0.40,-23.50,M,0.0,M,0.0,0000*74
$GPRMC,213749.00,A,3725.614449,N,12205.980823,W,053.4,320.5,030820,,,A*4C
$GPGGA,213750.00,3725.625784,N,12205.992596,W,7,,0.40,-23.50,M,0.0,M,0.0,0000*7C
$GPRMC,213750.00,A,3725.625784,N,12205.992596,W,052.6,320.4,030820,,,A*46
$GPGGA,213751.00,3725.636769,N,12206.004272,W,7,,0.40,-23.50,M,0.0,M,0.0,0000*74
$GPRMC,213751.00,A,3725.636769,N,12206.004272,W,051.9,320.0,030820,,,A*46
$GPGGA,213752.00,3725.647617,N,12206.015876,W,7,,0.40,-23.50,M,0.0,M,0.0,0000*77
$GPRMC,213752.00,A,3725.647617,N,12206.015876,W,051.5,319.7,030820,,,A*44
$GPGGA,213753.00,3725.658375,N,12206.027306,W,7,,0.40,-23.50,M,0.0,M,0.0,0000*74
$GPRMC,213753.00,A,3725.658375,N,12206.027306,W,051.6,319.6,030820,,,A*45
$GPGGA,213754.00,3725.669319,N,12206.038975,W,7,,0.38,-23.50,M,0.0,M,0.0,0000*74
$GPRMC,213754.00,A,3725.669319,N,12206.038975,W,051.2,319.6,030820,,,A*4E
$GPGGA,213755.00,3725.680324,N,12206.050820,W,7,,0.37,-29.85,M,0.0,M,0.0,0000*7E
$GPRMC,213755.00,A,3725.680324,N,12206.050820,W,051.1,319.5,030820,,,A*49
$GPGGA,213756.00,3725.691370,N,12206.062729,W,7,,0.37,-29.87,M,0.0,M,0.0,0000*79
$GPRMC,213756.00,A,3725.691370,N,12206.062729,W,052.2,319.4,030820,,,A*4D
$GPGGA,213757.00,3725.702644,N,12206.074700,W,7,,0.38,-30.02,M,0.0,M,0.0,0000*77
$GPRMC,213757.00,A,3725.702644,N,12206.074700,W,053.3,319.6,030820,,,A*4B
$GPGGA,213758.00,3725.714265,N,12206.086801,W,7,,0.37,-29.87,M,0.0,M,0.0,0000*71
$GPRMC,213758.00,A,3725.714265,N,12206.086801,W,052.5,320.0,030820,,,A*4C
$GPGGA,213759.00,3725.725252,N,12206.098196,W,7,,0.43,-30.01,M,0.0,M,0.0,0000*7B
$GPRMC,213759.00,A,3725.725252,N,12206.098196,W,052.9,320.3,030820,,,A*4C
$GPGGA,213800.00,3725.736741,N,12206.110160,W,7,,0.43,-29.83,M,0.0,M,0.0,0000*77
$GPRMC,213800.00,A,3725.736741,N,12206.110160,W,053.4,320.3,030820,,,A*4E
$GPGGA,213801.00,3725.748081,N,12206.122117,W,7,,0.43,-29.83,M,0.0,M,0.0,0000*75
$GPRMC,213801.00,A,3725.748081,N,12206.122117,W,053.5,320.1,030820,,,A*4F
$GPGGA,213802.00,3725.759662,N,12206.134225,W,7,,0.44,-29.74,M,0.0,M,0.0,0000*77
$GPRMC,213802.00,A,3725.759662,N,12206.134225,W,053.5,320.2,030820,,,A*41
$GPGGA,213803.00,3725.771086,N,12206.146226,W,7,,0.43,-29.78,M,0.0,M,0.0,0000*7D
$GPRMC,213803.00,A,3725.771086,N,12206.146226,W,053.4,320.2,030820,,,A*41
$GPGGA,213804.00,3725.782396,N,12206.158069,W,7,,0.43,-29.84,M,0.0,M,0.0,0000*71
$GPRMC,213804.00,A,3725.782396,N,12206.158069,W,053.4,320.2,030820,,,A*4E
$GPGGA,213805.00,3725.793772,N,12206.169950,W,7,,0.39,-29.82,M,0.0,M,0.0,0000*74
$GPRMC,213805.00,A,3725.793772,N,12206.169950,W,052.2,320.2,030820,,,A*47
$GPGGA,213806.00,3725.804722,N,12206.181319,W,7,,0.39,-29.84,M,0.0,M,0.0,0000*74
$GPRMC,213806.00,A,3725.804722,N,12206.181319,W,052.8,320.3,030820,,,A*4A
$GPGGA,213807.00,3725.815977,N,12206.193146,W,7,,0.39,-29.66,M,0.0,M,0.0,0000*7C
$GPRMC,213807.00,A,3725.815977,N,12206.193146,W,052.6,320.2,030820,,,A*41
$GPGGA,213808.00,3725.827036,N,12206.204857,W,7,,0.39,-29.52,M,0.0,M,0.0,0000*7D
$GPRMC,213808.00,A,3725.827036,N,12206.204857,W,052.2,319.9,030820,,,A*42
$GPGGA,213809.00,3725.837997,N,12206.216528,W,7,,0.39,-29.37,M,0.0,M,0.0,0000*7A
$GPRMC,213809.00,A,3725.837997,N,12206.216528,W,052.0,319.7,030820,,,A*4A
$GPGGA,213810.00,3725.848905,N,12206.228174,W,7,,0.39,-29.22,M,0.0,M,0.0,0000*75
$GPRMC,213810.00,A,3725.848905,N,12206.228174,W,051.7,319.6,030820,,,A*44
$GPGGA,213811.00,3725.859844,N,12206.239748,W,7,,0.37,-28.94,M,0.0,M,0.0,0000*7B
$GPRMC,213811.00,A,3725.859844,N,12206.239748,W,051.5,319.7,030820,,,A*4B
$GPGGA,213812.00,3725.870877,N,12206.251310,W,7,,0.37,-28.35,M,0.0,M,0.0,0000*7F
$GPRMC,213812.00,A,3725.870877,N,12206.251310,W,051.2,320.0,030820,,,A*4E
$GPGGA,213813.00,3725.881701,N,12206.262728,W,7,,0.38,-27.90,M,0.0,M,0.0,0000*7E
$GPRMC,213813.00,A,3725.881701,N,12206.262728,W,051.9,319.9,030820,,,A*48
$GPGGA,213814.00,3725.892754,N,12206.274410,W,7,,0.35,-27.12,M,0.0,M,0.0,0000*73
$GPRMC,213814.00,A,3725.892754,N,12206.274410,W,050.8,319.8,030820,,,A*43
$GPGGA,213815.00,3725.903284,N,12206.285575,W,7,,0.36,-26.57,M,0.0,M,0.0,0000*7C
$GPRMC,213815.00,A,3725.903284,N,12206.285575,W,051.1,319.7,030820,,,A*48
$GPGGA,213816.00,3725.914198,N,12206.297131,W,7,,0.37,-26.21,M,0.0,M,0.0,0000*70
$GPRMC,213816.00,A,3725.914198,N,12206.297131,W,050.3,319.7,030820,,,A*47
$GPGGA,213817.00,3725.924799,N,12206.308358,W,7,,0.38,-25.98,M,0.0,M,0.0,0000*71
$GPRMC,213817.00,A,3725.924799,N,12206.308358,W,051.1,319.7,030820,,,A*4B
$GPGGA,213818.00,3725.935851,N,12206.319967,W,7,,0.37,-26.07,M,0.0,M,0.0,0000*79
$GPRMC,213818.00,A,3725.935851,N,12206.319967,W,051.2,319.8,030820,,,A*45
$GPGGA,213819.00,3725.946981,N,12206.331571,W,7,,0.38,-26.01,M,0.0,M,0.0,0000*78
$GPRMC,213819.00,A,3725.946981,N,12206.331571,W,051.1,320.1,030820,,,A*4D
$GPGGA,213820.00,3725.958033,N,12206.343133,W,7,,0.39,-26.10,M,0.0,M,0.0,0000*7B
$GPRMC,213820.00,A,3725.958033,N,12206.343133,W,052.0,320.2,030820,,,A*4E
$GPGGA,213821.00,3725.969445,N,12206.355092,W,7,,0.39,-26.37,M,0.0,M,0.0,0000*75
$GPRMC,213821.00,A,3725.969445,N,12206.355092,W,052.2,320.2,030820,,,A*47
$GPGGA,213822.00,3725.980677,N,12206.366875,W,7,,0.39,-26.73,M,0.0,M,0.0,0000*73
$GPRMC,213822.00,A,3725.980677,N,12206.366875,W,053.3,320.2,030820,,,A*41
$GPGGA,213823.00,3725.992192,N,12206.378966,W,7,,0.39,-27.10,M,0.0,M,0.0,0000*75
$GPRMC,213823.00,A,3725.992192,N,12206.378966,W,053.2,320.2,030820,,,A*42
$GPGGA,213824.00,3726.003394,N,12206.390756,W,7,,0.39,-27.40,M,0.0,M,0.0,0000*7A
$GPRMC,213824.00,A,3726.003394,N,12206.390756,W,053.5,320.1,030820,,,A*4C
$GPGGA,213825.00,3726.014787,N,12206.402792,W,7,,0.39,-27.73,M,0.0,M,0.0,0000*7F
$GPRMC,213825.00,A,3726.014787,N,12206.402792,W,052.6,319.9,030820,,,A*49
$GPGGA,213826.00,3726.025851,N,12206.414612,W,7,,0.39,-27.71,M,0.0,M,0.0,0000*76
$GPRMC,213826.00,A,3726.025851,N,12206.414612,W,053.1,319.7,030820,,,A*4A
$GPGGA,213827.00,3726.037168,N,12206.426725,W,7,,0.39,-27.61,M,0.0,M,0.0,0000*72
$GPRMC,213827.00,A,3726.037168,N,12206.426725,W,053.0,319.6,030820,,,A*4F
$GPGGA,213828.00,3726.048423,N,12206.438617,W,7,,0.39,-27.54,M,0.0,M,0.0,0000*76
$GPRMC,213828.00,A,3726.048423,N,12206.438617,W,053.2,319.8,030820,,,A*41
$GPGGA,213829.00,3726.059889,N,12206.450642,W,7,,0.39,-27.47,M,0.0,M,0.0,0000*77
$GPRMC,213829.00,A,3726.059889,N,12206.450642,W,052.5,320.1,030820,,,A*47
$GPGGA,213830.00,3726.070990,N,12206.462246,W,7,,0.39,-27.48,M,0.0,M,0.0,0000*73
$GPRMC,213830.00,A,3726.070990,N,12206.462246,W,053.3,320.2,030820,,,A*48
$GPGGA,213831.00,3726.082533,N,12206.474191,W,7,,0.39,-27.43,M,0.0,M,0.0,0000*7F
$GPRMC,213831.00,A,3726.082533,N,12206.474191,W,053.0,320.3,030820,,,A*4D
$GPGGA,213832.00,3726.093747,N,12206.485802,W,7,,0.39,-27.49,M,0.0,M,0.0,0000*7A
$GPRMC,213832.00,A,3726.093747,N,12206.485802,W,053.6,320.4,030820,,,A*43
$GPGGA,213833.00,3726.105358,N,12206.497813,W,7,,0.39,-27.48,M,0.0,M,0.0,0000*7D
$GPRMC,213833.00,A,3726.105358,N,12206.497813,W,052.3,320.5,030820,,,A*40
$GPGGA,213834.00,3726.116524,N,12206.509472,W,7,,0.39,-27.44,M,0.0,M,0.0,0000*74
$GPRMC,213834.00,A,3726.116524,N,12206.509472,W,052.0,320.4,030820,,,A*47
$GPGGA,213835.00,3726.127563,N,12206.521064,W,7,,0.39,-27.44,M,0.0,M,0.0,0000*7D
$GPRMC,213835.00,A,3726.127563,N,12206.521064,W,053.2,320.2,030820,,,A*4B
$GPGGA,213836.00,3726.139005,N,12206.533045,W,7,,0.39,-27.33,M,0.0,M,0.0,0000*74
$GPRMC,213836.00,A,3726.139005,N,12206.533045,W,053.4,320.2,030820,,,A*44
$GPGGA,213837.00,3726.150399,N,12206.544967,W,7,,0.39,-27.30,M,0.0,M,0.0,0000*76
$GPRMC,213837.00,A,3726.150399,N,12206.544967,W,053.2,320.2,030820,,,A*43
$GPGGA,213838.00,3726.161733,N,12206.556889,W,7,,0.39,-27.23,M,0.0,M,0.0,0000*7F
$GPRMC,213838.00,A,3726.161733,N,12206.556889,W,053.0,320.2,030820,,,A*4A
$GPGGA,213839.00,3726.173062,N,12206.568835,W,7,,0.39,-27.16,M,0.0,M,0.0,0000*72
$GPRMC,213839.00,A,3726.173062,N,12206.568835,W,052.9,320.0,030820,,,A*4B
$GPGGA,213840.00,3726.184257,N,12206.580697,W,7,,0.39,-27.01,M,0.0,M,0.0,0000*76
$GPRMC,213840.00,A,3726.184257,N,12206.580697,W,053.7,319.8,030820,,,A*44
$GPGGA,213841.00,3726.195790,N,12206.592853,W,7,,0.39,-26.90,M,0.0,M,0.0,0000*75
$GPRMC,213841.00,A,3726.195790,N,12206.592853,W,052.6,319.8,030820,,,A*4E
$GPGGA,213842.00,3726.206829,N,12206.604434,W,7,,0.39,-26.94,M,0.0,M,0.0,0000*77
$GPRMC,213842.00,A,3726.206829,N,12206.604434,W,053.1,320.0,030820,,,A*4C
$GPGGA,213843.00,3726.218223,N,12206.616356,W,7,,0.39,-26.82,M,0.0,M,0.0,0000*7E
$GPRMC,213843.00,A,3726.218223,N,12206.616356,W,052.7,320.1,030820,,,A*44
$GPGGA,213844.00,3726.229383,N,12206.628044,W,7,,0.39,-26.81,M,0.0,M,0.0,0000*7E
$GPRMC,213844.00,A,3726.229383,N,12206.628044,W,052.9,320.2,030820,,,A*4A
$GPGGA,213845.00,3726.240687,N,12206.639978,W,7,,0.39,-26.89,M,0.0,M,0.0,0000*7F
$GPRMC,213845.00,A,3726.240687,N,12206.639978,W,052.5,320.0,030820,,,A*4D
$GPGGA,213846.00,3726.251716,N,12206.651719,W,7,,0.39,-26.86,M,0.0,M,0.0,0000*7D
$GPRMC,213846.00,A,3726.251716,N,12206.651719,W,053.2,319.7,030820,,,A*4B
$GPGGA,213847.00,3726.263091,N,12206.663750,W,7,,0.39,-26.78,M,0.0,M,0.0,0000*78
$GPRMC,213847.00,A,3726.263091,N,12206.663750,W,052.9,319.8,030820,,,A*4A
$GPGGA,213848.00,3726.274461,N,12206.675689,W,7,,0.39,-26.68,M,0.0,M,0.0,0000*79
$GPRMC,213848.00,A,3726.274461,N,12206.675689,W,052.1,320.0,030820,,,A*40
$GPGGA,213849.00,3726.285627,N,12206.687323,W,7,,0.39,-26.62,M,0.0,M,0.0,0000*74
$GPRMC,213849.00,A,3726.285627,N,12206.687323,W,052.8,320.2,030820,,,A*4C
$GPGGA,213850.00,3726.297165,N,12206.699264,W,7,,0.39,-26.59,M,0.0,M,0.0,0000*7B
$GPRMC,213850.00,A,3726.297165,N,12206.699264,W,052.9,320.4,030820,,,A*4C
$GPGGA,213851.00,3726.308524,N,12206.711065,W,7,,0.39,-26.62,M,0.0,M,0.0,0000*76
$GPRMC,213851.00,A,3726.308524,N,12206.711065,W,053.9,320.4,030820,,,A*48
$GPGGA,213852.00,3726.320164,N,12206.723275,W,7,,0.35,-26.62,M,0.0,M,0.0,0000*71
$GPRMC,213852.00,A,3726.320164,N,12206.723275,W,053.6,320.1,030820,,,A*49
$GPGGA,213853.00,3726.331474,N,12206.735330,W,7,,0.36,-26.60,M,0.0,M,0.0,0000*72
$GPRMC,213853.00,A,3726.331474,N,12206.735330,W,054.1,319.8,030820,,,A*48
$GPGGA,213854.00,3726.343078,N,12206.747678,W,7,,0.35,-26.43,M,0.0,M,0.0,0000*76
$GPRMC,213854.00,A,3726.343078,N,12206.747678,W,053.6,319.7,030820,,,A*41
$GPGGA,213855.00,3726.354520,N,12206.759749,W,7,,0.36,-26.27,M,0.0,M,0.0,0000*74
$GPRMC,213855.00,A,3726.354520,N,12206.759749,W,054.8,319.9,030820,,,A*45
$GPGGA,213856.00,3726.366490,N,12206.772331,W,7,,0.35,-25.96,M,0.0,M,0.0,0000*74
$GPRMC,213856.00,A,3726.366490,N,12206.772331,W,054.5,320.1,030820,,,A*40
$GPGGA,213857.00,3726.378141,N,12206.784638,W,7,,0.36,-25.66,M,0.0,M,0.0,0000*7A
$GPRMC,213857.00,A,3726.378141,N,12206.784638,W,055.6,319.9,030820,,,A*42
$GPGGA,213858.00,3726.390142,N,12206.797256,W,7,,0.39,-25.45,M,0.0,M,0.0,0000*70
$GPRMC,213858.00,A,3726.390142,N,12206.797256,W,056.0,320.0,030820,,,A*40
$GPGGA,213859.00,3726.402183,N,12206.809880,W,7,,0.39,-25.30,M,0.0,M,0.0,0000*7B
$GPRMC,213859.00,A,3726.402183,N,12206.809880,W,056.0,320.1,030820,,,A*48
$GPGGA,213900.00,3726.414286,N,12206.822594,W,7,,0.39,-25.34,M,0.0,M,0.0,0000*72
$GPRMC,213900.00,A,3726.414286,N,12206.822594,W,056.3,320.1,030820,,,A*46
$GPGGA,213901.00,3726.426538,N,12206.835481,W,7,,0.39,-25.36,M,0.0,M,0.0,0000*71
$GPRMC,213901.00,A,3726.426538,N,12206.835481,W,057.1,320.1,030820,,,A*44
$GPGGA,213902.00,3726.439101,N,12206.848669,W,7,,0.39,-25.60,M,0.0,M,0.0,0000*7F
$GPRMC,213902.00,A,3726.439101,N,12206.848669,W,057.0,320.2,030820,,,A*4B
$GPGGA,213903.00,3726.451342,N,12206.861491,W,7,,0.39,-26.00,M,0.0,M,0.0,0000*7E
$GPRMC,213903.00,A,3726.451342,N,12206.861491,W,058.9,320.2,030820,,,A*49
$GPGGA,213904.00,3726.464194,N,12206.874937,W,7,,0.39,-26.36,M,0.0,M,0.0,0000*76
$GPRMC,213904.00,A,3726.464194,N,12206.874937,W,059.1,320.2,030820,,,A*4D
$GPGGA,213905.00,3726.476854,N,12206.888335,W,7,,0.35,-26.51,M,0.0,M,0.0,0000*77
$GPRMC,213905.00,A,3726.476854,N,12206.888335,W,059.2,320.0,030820,,,A*40
$GPGGA,213906.00,3726.489531,N,12206.902016,W,7,,0.35,-26.57,M,0.0,M,0.0,0000*7D
$GPRMC,213906.00,A,3726.489531,N,12206.902016,W,059.0,319.6,030820,,,A*42
$GPGGA,213907.00,3726.501808,N,12206.915588,W,7,,0.36,-26.52,M,0.0,M,0.0,0000*78
$GPRMC,213907.00,A,3726.501808,N,12206.915588,W,060.6,319.0,030820,,,A*4B
$GPGGA,213908.00,3726.514593,N,12206.929934,W,7,,0.35,-26.48,M,0.0,M,0.0,0000*70
$GPRMC,213908.00,A,3726.514593,N,12206.929934,W,059.6,318.6,030820,,,A*46
$GPGGA,213909.00,3726.526767,N,12206.943578,W,7,,0.36,-26.46,M,0.0,M,0.0,0000*7C
$GPRMC,213909.00,A,3726.526767,N,12206.943578,W,060.3,318.4,030820,,,A*4A
$GPGGA,213910.00,3726.539518,N,12206.957503,W,7,,0.39,-26.46,M,0.0,M,0.0,0000*76
$GPRMC,213910.00,A,3726.539518,N,12206.957503,W,059.5,318.8,030820,,,A*4F
$GPGGA,213911.00,3726.552034,N,12206.970919,W,7,,0.39,-26.43,M,0.0,M,0.0,0000*76
$GPRMC,213911.00,A,3726.552034,N,12206.970919,W,060.3,319.2,030820,,,A*4D
$GPGGA,213912.00,3726.564994,N,12206.984677,W,7,,0.39,-26.45,M,0.0,M,0.0,0000*79
$GPRMC,213912.00,A,3726.564994,N,12206.984677,W,060.5,319.5,030820,,,A*45
$GPGGA,213913.00,3726.577942,N,12206.998328,W,7,,0.36,-26.43,M,0.0,M,0.0,0000*7A
$GPRMC,213913.00,A,3726.577942,N,12206.998328,W,060.7,319.7,030820,,,A*4F
$GPGGA,213914.00,3726.591010,N,12207.012116,W,7,,0.35,-26.38,M,0.0,M,0.0,0000*71
$GPRMC,213914.00,A,3726.591010,N,12207.012116,W,060.2,319.8,030820,,,A*41
$GPGGA,213915.00,3726.603855,N,12207.025609,W,7,,0.36,-26.35,M,0.0,M,0.0,0000*72
$GPRMC,213915.00,A,3726.603855,N,12207.025609,W,061.0,320.0,030820,,,A*4D
$GPGGA,213916.00,3726.616948,N,12207.039332,W,7,,0.35,-26.34,M,0.0,M,0.0,0000*7A
$GPRMC,213916.00,A,3726.616948,N,12207.039332,W,061.4,320.1,030820,,,A*42
$GPGGA,213917.00,3726.630201,N,12207.053204,W,7,,0.36,-26.29,M,0.0,M,0.0,0000*7E
$GPRMC,213917.00,A,3726.630201,N,12207.053204,W,060.7,320.2,030820,,,A*48
$GPGGA,213918.00,3726.643041,N,12207.066704,W,7,,0.36,-26.31,M,0.0,M,0.0,0000*79
$GPRMC,213918.00,A,3726.643041,N,12207.066704,W,061.9,320.1,030820,,,A*4A
$GPGGA,213919.00,3726.656475,N,12207.080726,W,7,,0.40,-26.27,M,0.0,M,0.0,0000*71
$GPRMC,213919.00,A,3726.656475,N,12207.080726,W,060.9,320.2,030820,,,A*46
$GPGGA,213920.00,3726.669423,N,12207.094178,W,7,,0.40,-26.32,M,0.0,M,0.0,0000*78
$GPRMC,213920.00,A,3726.669423,N,12207.094178,W,061.8,320.3,030820,,,A*4A
$GPGGA,213921.00,3726.682750,N,12207.108049,W,7,,0.40,-26.33,M,0.0,M,0.0,0000*7D
$GPRMC,213921.00,A,3726.682750,N,12207.108049,W,061.9,320.3,030820,,,A*4F
$GPGGA,213922.00,3726.695937,N,12207.121940,W,7,,0.40,-26.25,M,0.0,M,0.0,0000*7B
$GPRMC,213922.00,A,3726.695937,N,12207.121940,W,062.0,320.1,030820,,,A*46
$GPGGA,213923.00,3726.709276,N,12207.136046,W,7,,0.40,-26.24,M,0.0,M,0.0,0000*78
$GPRMC,213923.00,A,3726.709276,N,12207.136046,W,060.9,319.9,030820,,,A*4D
$GPGGA,213924.00,3726.722146,N,12207.149660,W,7,,0.40,-26.27,M,0.0,M,0.0,0000*7F
$GPRMC,213924.00,A,3726.722146,N,12207.149660,W,062.2,319.9,030820,,,A*40
$GPGGA,213925.00,3726.735544,N,12207.163778,W,7,,0.40,-26.26,M,0.0,M,0.0,0000*7F
$GPRMC,213925.00,A,3726.735544,N,12207.163778,W,061.6,320.0,030820,,,A*45
$GPGGA,213926.00,3726.748570,N,12207.177536,W,7,,0.40,-26.28,M,0.0,M,0.0,0000*72
$GPRMC,213926.00,A,3726.748570,N,12207.177536,W,061.8,319.9,030820,,,A*4B
$GPGGA,213927.00,3726.761698,N,12207.191473,W,7,,0.40,-26.23,M,0.0,M,0.0,0000*7E
$GPRMC,213927.00,A,3726.761698,N,12207.191473,W,061.6,319.8,030820,,,A*43
$GPGGA,213928.00,3726.774754,N,12207.205244,W,7,,0.40,-26.19,M,0.0,M,0.0,0000*71
$GPRMC,213928.00,A,3726.774754,N,12207.205244,W,062.1,319.9,030820,,,A*40
$GPGGA,213929.00,3726.788044,N,12207.219193,W,7,,0.40,-26.16,M,0.0,M,0.0,0000*7E
$GPRMC,213929.00,A,3726.788044,N,12207.219193,W,062.0,320.1,030820,,,A*43
$GPGGA,213930.00,3726.801375,N,12207.233108,W,7,,0.40,-26.18,M,0.0,M,0.0,0000*7D
$GPRMC,213930.00,A,3726.801375,N,12207.233108,W,061.5,320.2,030820,,,A*4B
$GPGGA,213931.00,3726.814509,N,12207.246824,W,7,,0.40,-26.31,M,0.0,M,0.0,0000*7B
$GPRMC,213931.00,A,3726.814509,N,12207.246824,W,062.4,320.2,030820,,,A*44
$GPGGA,213932.00,3726.827745,N,12207.260431,W,7,,0.44,-26.73,M,0.0,M,0.0,0000*7C
$GPRMC,213932.00,A,3726.827745,N,12207.260431,W,061.2,320.4,030820,,,A*42
$GPGGA,213933.00,3726.840771,N,12207.273757,W,7,,0.47,-26.57,M,0.0,M,0.0,0000*7F
$GPRMC,213933.00,A,3726.840771,N,12207.273757,W,061.7,320.6,030820,,,A*43
$GPGGA,213934.00,3726.854379,N,12207.287905,W,7,,0.47,-26.44,M,0.0,M,0.0,0000*71
$GPRMC,213934.00,A,3726.854379,N,12207.287905,W,062.7,320.4,030820,,,A*4E
$GPGGA,213935.00,3726.868192,N,12207.302162,W,7,,0.47,-26.30,M,0.0,M,0.0,0000*7E
$GPRMC,213935.00,A,3726.868192,N,12207.302162,W,063.2,320.5,030820,,,A*47
$GPGGA,213936.00,3726.882075,N,12207.316604,W,7,,0.48,-26.22,M,0.0,M,0.0,0000*7F
$GPRMC,213936.00,A,3726.882075,N,12207.316604,W,063.4,320.4,030820,,,A*4D
$GPGGA,213937.00,3726.895990,N,12207.330901,W,7,,0.47,-26.12,M,0.0,M,0.0,0000*78
$GPRMC,213937.00,A,3726.895990,N,12207.330901,W,065.8,320.6,030820,,,A*4E
$GPGGA,213938.00,3726.910510,N,12207.346057,W,7,,0.40,-26.01,M,0.0,M,0.0,0000*71
$GPRMC,213938.00,A,3726.910510,N,12207.346057,W,065.3,320.4,030820,,,A*4B
$GPGGA,213939.00,3726.924561,N,12207.360805,W,7,,0.40,-25.99,M,0.0,M,0.0,0000*78
$GPRMC,213939.00,A,3726.924561,N,12207.360805,W,067.1,320.3,030820,,,A*47
$GPGGA,213940.00,3726.939574,N,12207.375236,W,7,,0.43,-26.31,M,0.0,M,0.0,0000*72
$GPRMC,213940.00,A,3726.939574,N,12207.375236,W,067.0,321.5,030820,,,A*49
$GPGGA,213941.00,3726.954375,N,12207.390440,W,7,,0.47,-26.22,M,0.0,M,0.0,0000*75
$GPRMC,213941.00,A,3726.954375,N,12207.390440,W,067.4,321.0,030820,,,A*49
$GPGGA,213942.00,3726.968859,N,12207.405775,W,7,,0.48,-25.55,M,0.0,M,0.0,0000*7E
$GPRMC,213942.00,A,3726.968859,N,12207.405775,W,069.1,320.3,030820,,,A*47
$GPGGA,213943.00,3726.983673,N,12207.421568,W,7,,0.47,-25.10,M,0.0,M,0.0,0000*7A
$GPRMC,213943.00,A,3726.983673,N,12207.421568,W,069.0,320.0,030820,,,A*4F
$GPGGA,213944.00,3726.998739,N,12207.438187,W,7,,0.48,-24.69,M,0.0,M,0.0,0000*75
$GPRMC,213944.00,A,3726.998739,N,12207.438187,W,066.5,319.2,030820,,,A*42
$GPGGA,213945.00,3727.012288,N,12207.453710,W,7,,0.47,-24.56,M,0.0,M,0.0,0000*77
$GPRMC,213945.00,A,3727.012288,N,12207.453710,W,071.5,318.4,030820,,,A*42
$GPGGA,213946.00,3727.027521,N,12207.470803,W,7,,0.43,-24.27,M,0.0,M,0.0,0000*78
$GPRMC,213946.00,A,3727.027521,N,12207.470803,W,071.2,318.3,030820,,,A*4F
$GPGGA,213947.00,3727.042132,N,12207.487226,W,7,,0.40,-24.00,M,0.0,M,0.0,0000*7F
$GPRMC,213947.00,A,3727.042132,N,12207.487226,W,070.9,318.3,030820,,,A*44
$GPGGA,213948.00,3727.056819,N,12207.503990,W,7,,0.40,-23.48,M,0.0,M,0.0,0000*75
$GPRMC,213948.00,A,3727.056819,N,12207.503990,W,070.1,317.9,030820,,,A*48
$GPGGA,213949.00,3727.070895,N,12207.520609,W,7,,0.40,-23.32,M,0.0,M,0.0,0000*77
$GPRMC,213949.00,A,3727.070895,N,12207.520609,W,071.6,317.2,030820,,,A*4A
$GPGGA,213950.00,3727.085523,N,12207.538735,W,7,,0.40,-23.12,M,0.0,M,0.0,0000*70
$GPRMC,213950.00,A,3727.085523,N,12207.538735,W,068.6,316.1,030820,,,A*45
$GPGGA,213951.00,3727.098399,N,12207.555866,W,7,,0.40,-23.13,M,0.0,M,0.0,0000*79
$GPRMC,213951.00,A,3727.098399,N,12207.555866,W,072.5,314.6,030820,,,A*40
$GPGGA,213952.00,3727.112127,N,12207.575215,W,7,,0.43,-22.98,M,0.0,M,0.0,0000*73
$GPRMC,213952.00,A,3727.112127,N,12207.575215,W,072.7,312.9,030820,,,A*40
$GPGGA,213953.00,3727.124781,N,12207.594584,W,7,,0.43,-22.70,M,0.0,M,0.0,0000*7B
$GPRMC,213953.00,A,3727.124781,N,12207.594584,W,073.4,311.0,030820,,,A*46
$GPGGA,213954.00,3727.137615,N,12207.614797,W,7,,0.44,-22.21,M,0.0,M,0.0,0000*7A
$GPRMC,213954.00,A,3727.137615,N,12207.614797,W,070.9,309.5,030820,,,A*46
$GPGGA,213955.00,3727.149574,N,12207.634454,W,7,,0.47,-22.05,M,0.0,M,0.0,0000*7D
$GPRMC,213955.00,A,3727.149574,N,12207.634454,W,070.8,308.3,030820,,,A*42
$GPGGA,213956.00,3727.161322,N,12207.654362,W,7,,0.52,-22.15,M,0.0,M,0.0,0000*70
$GPRMC,213956.00,A,3727.161322,N,12207.654362,W,072.4,307.3,030820,,,A*4B
$GPGGA,213957.00,3727.173436,N,12207.675182,W,7,,0.52,-22.48,M,0.0,M,0.0,0000*77
$GPRMC,213957.00,A,3727.173436,N,12207.675182,W,071.8,306.7,030820,,,A*4E
$GPGGA,213958.00,3727.185153,N,12207.695473,W,7,,0.52,-22.59,M,0.0,M,0.0,0000*72
$GPRMC,213958.00,A,3727.185153,N,12207.695473,W,071.6,306.3,030820,,,A*41
$GPGGA,213959.00,3727.196842,N,12207.715507,W,7,,0.50,-22.88,M,0.0,M,0.0,0000*7D
$GPRMC,213959.00,A,3727.196842,N,12207.715507,W,072.8,306.3,030820,,,A*4D
$GPGGA,214000.00,3727.208691,N,12207.735871,W,7,,0.50,-22.76,M,0.0,M,0.0,0000*74
$GPRMC,214000.00,A,3727.208691,N,12207.735871,W,072.8,306.3,030820,,,A*45
$GPGGA,214001.00,3727.220488,N,12207.756181,W,7,,0.47,-22.84,M,0.0,M,0.0,0000*7D
$GPRMC,214001.00,A,3727.220488,N,12207.756181,W,072.3,306.2,030820,,,A*4D
$GPGGA,214002.00,3727.232272,N,12207.776503,W,7,,0.43,-23.00,M,0.0,M,0.0,0000*7B
$GPRMC,214002.00,A,3727.232272,N,12207.776503,W,070.9,306.1,030820,,,A*49
$GPGGA,214003.00,3727.243749,N,12207.796256,W,7,,0.40,-23.06,M,0.0,M,0.0,0000*7D
$GPRMC,214003.00,A,3727.243749,N,12207.796256,W,071.7,306.2,030820,,,A*46
$GPGGA,214004.00,3727.255593,N,12207.816692,W,7,,0.40,-23.00,M,0.0,M,0.0,0000*75
$GPRMC,214004.00,A,3727.255593,N,12207.816692,W,070.8,306.1,030820,,,A*45
$GPGGA,214005.00,3727.267084,N,12207.836474,W,7,,0.40,-23.12,M,0.0,M,0.0,0000*7D
$GPRMC,214005.00,A,3727.267084,N,12207.836474,W,071.9,306.2,030820,,,A*4D
$GPGGA,214006.00,3727.278945,N,12207.856801,W,7,,0.40,-23.17,M,0.0,M,0.0,0000*79
$GPRMC,214006.00,A,3727.278945,N,12207.856801,W,071.1,306.2,030820,,,A*44
$GPGGA,214007.00,3727.290405,N,12207.876505,W,7,,0.43,-23.35,M,0.0,M,0.0,0000*7F
$GPRMC,214007.00,A,3727.290405,N,12207.876505,W,071.5,306.2,030820,,,A*45
$GPGGA,214008.00,3727.302075,N,12207.896738,W,7,,0.48,-23.47,M,0.0,M,0.0,0000*75
$GPRMC,214008.00,A,3727.302075,N,12207.896738,W,070.9,306.0,030820,,,A*4E
$GPGGA,214009.00,3727.313512,N,12207.916435,W,7,,0.47,-23.32,M,0.0,M,0.0,0000*7A
$GPRMC,214009.00,A,3727.313512,N,12207.916435,W,071.0,306.1,030820,,,A*45
$GPGGA,214010.00,3727.325122,N,12207.936349,W,7,,0.48,-23.26,M,0.0,M,0.0,0000*74
$GPRMC,214010.00,A,3727.325122,N,12207.936349,W,070.1,306.2,030820,,,A*42
$GPGGA,214011.00,3727.336629,N,12207.956053,W,7,,0.48,-23.29,M,0.0,M,0.0,0000*7A
$GPRMC,214011.00,A,3727.336629,N,12207.956053,W,069.2,306.2,030820,,,A*48
$GPGGA,214012.00,3727.347952,N,12207.975385,W,7,,0.44,-23.24,M,0.0,M,0.0,0000*74
$GPRMC,214012.00,A,3727.347952,N,12207.975385,W,069.9,306.3,030820,,,A*4D
$GPGGA,214013.00,3727.359298,N,12207.994796,W,7,,0.47,-23.14,M,0.0,M,0.0,0000*7E
$GPRMC,214013.00,A,3727.359298,N,12207.994796,W,069.2,306.3,030820,,,A*4C
$GPGGA,214014.00,3727.370638,N,12208.014283,W,7,,0.48,-23.14,M,0.0,M,0.0,0000*7C
$GPRMC,214014.00,A,3727.370638,N,12208.014283,W,068.4,306.2,030820,,,A*47
$GPGGA,214015.00,3727.381827,N,12208.033316,W,7,,0.50,-23.22,M,0.0,M,0.0,0000*77
$GPRMC,214015.00,A,3727.381827,N,12208.033316,W,069.2,306.3,030820,,,A*46
$GPGGA,214016.00,3727.393509,N,12208.053008,W,7,,0.52,-23.18,M,0.0,M,0.0,0000*77
$GPRMC,214016.00,A,3727.393509,N,12208.053008,W,068.7,306.5,030820,,,A*4F
$GPGGA,214017.00,3727.404904,N,12208.072142,W,7,,0.56,-23.14,M,0.0,M,0.0,0000*7A
$GPRMC,214017.00,A,3727.404904,N,12208.072142,W,069.6,306.7,030820,,,A*48
$GPGGA,214018.00,3727.416483,N,12208.091798,W,7,,0.56,-23.08,M,0.0,M,0.0,0000*75
$GPRMC,214018.00,A,3727.416483,N,12208.091798,W,069.7,306.6,030820,,,A*4A
$GPGGA,214019.00,3727.427823,N,12208.111165,W,7,,0.57,-22.78,M,0.0,M,0.0,0000*7A
$GPRMC,214019.00,A,3727.427823,N,12208.111165,W,070.2,306.5,030820,,,A*4C
$GPGGA,214020.00,3727.439505,N,12208.131170,W,7,,0.52,-22.53,M,0.0,M,0.0,0000*7C
$GPRMC,214020.00,A,3727.439505,N,12208.131170,W,068.2,306.3,030820,,,A*49
$GPGGA,214021.00,3727.450671,N,12208.150268,W,7,,0.53,-22.55,M,0.0,M,0.0,0000*78
$GPRMC,214021.00,A,3727.450671,N,12208.150268,W,068.9,306.3,030820,,,A*41
$GPGGA,214022.00,3727.462330,N,12208.169935,W,7,,0.56,-22.58,M,0.0,M,0.0,0000*7B
$GPRMC,214022.00,A,3727.462330,N,12208.169935,W,069.9,306.5,030820,,,A*4D
$GPGGA,214023.00,3727.474227,N,12208.189994,W,7,,0.52,-22.57,M,0.0,M,0.0,0000*74
$GPRMC,214023.00,A,3727.474227,N,12208.189994,W,069.6,306.6,030820,,,A*45
$GPGGA,214024.00,3727.485909,N,12208.209758,W,7,,0.48,-22.62,M,0.0,M,0.0,0000*72
$GPRMC,214024.00,A,3727.485909,N,12208.209758,W,069.9,306.6,030820,,,A*41
$GPGGA,214025.00,3727.497562,N,12208.229365,W,7,,0.47,-22.55,M,0.0,M,0.0,0000*72
$GPRMC,214025.00,A,3727.497562,N,12208.229365,W,071.7,306.7,030820,,,A*4C
$GPGGA,214026.00,3727.509466,N,12208.249580,W,7,,0.47,-22.39,M,0.0,M,0.0,0000*73
$GPRMC,214026.00,A,3727.509466,N,12208.249580,W,071.6,306.6,030820,,,A*47
$GPGGA,214027.00,3727.521196,N,12208.269439,W,7,,0.43,-22.38,M,0.0,M,0.0,0000*76
$GPRMC,214027.00,A,3727.521196,N,12208.269439,W,071.3,306.6,030820,,,A*42
$GPGGA,214028.00,3727.532986,N,12208.289383,W,7,,0.40,-22.37,M,0.0,M,0.0,0000*76
$GPRMC,214028.00,A,3727.532986,N,12208.289383,W,070.6,306.6,030820,,,A*4A
$GPGGA,214029.00,3727.544620,N,12208.309028,W,7,,0.40,-22.40,M,0.0,M,0.0,0000*7E
$GPRMC,214029.00,A,3727.544620,N,12208.309028,W,070.9,306.6,030820,,,A*4D
$GPGGA,214030.00,3727.556385,N,12208.328936,W,7,,0.40,-22.62,M,0.0,M,0.0,0000*7A
$GPRMC,214030.00,A,3727.556385,N,12208.328936,W,070.6,306.6,030820,,,A*46
$GPGGA,214031.00,3727.568061,N,12208.348664,W,7,,0.40,-22.76,M,0.0,M,0.0,0000*74
$GPRMC,214031.00,A,3727.568061,N,12208.348664,W,070.7,306.6,030820,,,A*4C
$GPGGA,214032.00,3727.580097,N,12208.369111,W,7,,0.44,-22.95,M,0.0,M,0.0,0000*77
$GPRMC,214032.00,A,3727.580097,N,12208.369111,W,067.9,306.5,030820,,,A*4D
$GPGGA,214033.00,3727.591113,N,12208.387651,W,7,,0.43,-22.98,M,0.0,M,0.0,0000*72
$GPRMC,214033.00,A,3727.591113,N,12208.387651,W,070.8,306.6,030820,,,A*46
$GPGGA,214034.00,3727.602994,N,12208.407722,W,7,,0.44,-23.12,M,0.0,M,0.0,0000*75
$GPRMC,214034.00,A,3727.602994,N,12208.407722,W,071.0,306.6,030820,,,A*4C
$GPGGA,214035.00,3727.614490,N,12208.427221,W,7,,0.43,-23.17,M,0.0,M,0.0,0000*7C
$GPRMC,214035.00,A,3727.614490,N,12208.427221,W,072.2,306.6,030820,,,A*46
$GPGGA,214036.00,3727.626327,N,12208.447610,W,7,,0.43,-23.42,M,0.0,M,0.0,0000*75
$GPRMC,214036.00,A,3727.626327,N,12208.447610,W,070.9,306.3,030820,,,A*43
$GPGGA,214037.00,3727.637931,N,12208.467122,W,7,,0.47,-24.14,M,0.0,M,0.0,0000*7D
$GPRMC,214037.00,A,3727.637931,N,12208.467122,W,070.0,306.4,030820,,,A*45
$GPGGA,214038.00,3727.650075,N,12208.487192,W,7,,0.48,-24.31,M,0.0,M,0.0,0000*77
$GPRMC,214038.00,A,3727.650075,N,12208.487192,W,067.5,306.8,030820,,,A*48
$GPGGA,214039.00,3727.661188,N,12208.505642,W,7,,0.48,-24.24,M,0.0,M,0.0,0000*72
$GPRMC,214039.00,A,3727.661188,N,12208.505642,W,069.7,306.9,030820,,,A*44
$GPGGA,214040.00,3727.672797,N,12208.525123,W,7,,0.48,-24.17,M,0.0,M,0.0,0000*74
$GPRMC,214040.00,A,3727.672797,N,12208.525123,W,070.1,306.9,030820,,,A*4C
$GPGGA,214041.00,3727.684348,N,12208.544557,W,7,,0.52,-24.21,M,0.0,M,0.0,0000*74
$GPRMC,214041.00,A,3727.684348,N,12208.544557,W,069.9,306.8,030820,,,A*43
$GPGGA,214042.00,3727.695880,N,12208.564124,W,7,,0.48,-24.15,M,0.0,M,0.0,0000*76
$GPRMC,214042.00,A,3727.695880,N,12208.564124,W,069.1,306.6,030820,,,A*4B
$GPGGA,214043.00,3727.707268,N,12208.583593,W,7,,0.47,-24.19,M,0.0,M,0.0,0000*73
$GPRMC,214043.00,A,3727.707268,N,12208.583593,W,069.2,306.4,030820,,,A*4C
$GPGGA,214044.00,3727.718746,N,12208.603255,W,7,,0.43,-24.00,M,0.0,M,0.0,0000*79
$GPRMC,214044.00,A,3727.718746,N,12208.603255,W,069.8,306.3,030820,,,A*47
$GPGGA,214045.00,3727.730272,N,12208.623019,W,7,,0.43,-24.09,M,0.0,M,0.0,0000*71
$GPRMC,214045.00,A,3727.730272,N,12208.623019,W,070.3,306.3,030820,,,A*45
$GPGGA,214046.00,3727.741666,N,12208.642651,W,7,,0.43,-24.21,M,0.0,M,0.0,0000*72
$GPRMC,214046.00,A,3727.741666,N,12208.642651,W,071.2,306.3,030820,,,A*4C
$GPGGA,214047.00,3727.753395,N,12208.662775,W,7,,0.43,-24.28,M,0.0,M,0.0,0000*75
$GPRMC,214047.00,A,3727.753395,N,12208.662775,W,070.1,306.2,030820,,,A*41
$GPGGA,214048.00,3727.764688,N,12208.682173,W,7,,0.43,-24.45,M,0.0,M,0.0,0000*72
$GPRMC,214048.00,A,3727.764688,N,12208.682173,W,070.7,306.3,030820,,,A*4A
$GPGGA,214049.00,3727.776202,N,12208.701877,W,7,,0.43,-24.51,M,0.0,M,0.0,0000*74
$GPRMC,214049.00,A,3727.776202,N,12208.701877,W,071.0,306.3,030820,,,A*4F
$GPGGA,214050.00,3727.787763,N,12208.721738,W,7,,0.43,-24.48,M,0.0,M,0.0,0000*7E
$GPRMC,214050.00,A,3727.787763,N,12208.721738,W,069.1,306.2,030820,,,A*44
$GPGGA,214051.00,3727.799260,N,12208.741586,W,7,,0.48,-24.36,M,0.0,M,0.0,0000*75
$GPRMC,214051.00,A,3727.799260,N,12208.741586,W,066.7,306.1,030820,,,A*47
$GPGGA,214052.00,3727.810227,N,12208.760359,W,7,,0.44,-24.04,M,0.0,M,0.0,0000*71
$GPRMC,214052.00,A,3727.810227,N,12208.760359,W,068.1,306.2,030820,,,A*45
$GPGGA,214053.00,3727.821615,N,12208.779806,W,7,,0.44,-23.72,M,0.0,M,0.0,0000*78
$GPRMC,214053.00,A,3727.821615,N,12208.779806,W,070.2,306.3,030820,,,A*41
$GPGGA,214054.00,3727.833376,N,12208.799947,W,7,,0.44,-23.45,M,0.0,M,0.0,0000*72
$GPRMC,214054.00,A,3727.833376,N,12208.799947,W,069.8,306.3,030820,,,A*4D
$GPGGA,214055.00,3727.844824,N,12208.819526,W,7,,0.44,-23.31,M,0.0,M,0.0,0000*70
$GPRMC,214055.00,A,3727.844824,N,12208.819526,W,070.3,306.3,030820,,,A*4F
$GPGGA,214056.00,3727.856415,N,12208.839416,W,7,,0.43,-23.14,M,0.0,M,0.0,0000*7E
$GPRMC,214056.00,A,3727.856415,N,12208.839416,W,070.3,306.3,030820,,,A*41
$GPGGA,214057.00,3727.867971,N,12208.859173,W,7,,0.40,-22.94,M,0.0,M,0.0,0000*78
$GPRMC,214057.00,A,3727.867971,N,12208.859173,W,070.3,306.3,030820,,,A*4D
$GPGGA,214058.00,3727.879666,N,12208.879165,W,7,,0.40,-22.82,M,0.0,M,0.0,0000*73
$GPRMC,214058.00,A,3727.879666,N,12208.879165,W,069.0,306.3,030820,,,A*4A
$GPGGA,214059.00,3727.891060,N,12208.898546,W,7,,0.40,-22.71,M,0.0,M,0.0,0000*72
$GPRMC,214059.00,A,3727.891060,N,12208.898546,W,069.7,306.4,030820,,,A*47
$GPGGA,214100.00,3727.902478,N,12208.917980,W,7,,0.43,-22.73,M,0.0,M,0.0,0000*78
$GPRMC,214100.00,A,3727.902478,N,12208.917980,W,070.9,306.4,030820,,,A*4A
$GPGGA,214101.00,3727.914322,N,12208.937659,W,7,,0.48,-22.39,M,0.0,M,0.0,0000*7A
$GPRMC,214101.00,A,3727.914322,N,12208.937659,W,069.2,306.7,030820,,,A*4D
$GPGGA,214102.00,3727.925691,N,12208.956391,W,7,,0.47,-22.85,M,0.0,M,0.0,0000*78
$GPRMC,214102.00,A,3727.925691,N,12208.956391,W,071.3,307.0,030820,,,A*49
$GPGGA,214103.00,3727.937722,N,12208.976966,W,7,,0.48,-23.08,M,0.0,M,0.0,0000*78
$GPRMC,214103.00,A,3727.937722,N,12208.976966,W,067.4,306.5,030820,,,A*46
$GPGGA,214104.00,3727.948599,N,12208.995685,W,7,,0.47,-22.91,M,0.0,M,0.0,0000*74
$GPRMC,214104.00,A,3727.948599,N,12208.995685,W,069.4,306.3,030820,,,A*4C
$GPGGA,214105.00,3727.960012,N,12209.015521,W,7,,0.44,-22.83,M,0.0,M,0.0,0000*74
$GPRMC,214105.00,A,3727.960012,N,12209.015521,W,070.1,306.1,030820,,,A*43
$GPGGA,214106.00,3727.971507,N,12209.035430,W,7,,0.44,-23.12,M,0.0,M,0.0,0000*7C
$GPRMC,214106.00,A,3727.971507,N,12209.035430,W,069.0,306.0,030820,,,A*4A
$GPGGA,214107.00,3727.982715,N,12209.054713,W,7,,0.44,-23.10,M,0.0,M,0.0,0000*77
$GPRMC,214107.00,A,3727.982715,N,12209.054713,W,068.6,306.1,030820,,,A*45
$GPGGA,214108.00,3727.993936,N,12209.073884,W,7,,0.43,-23.30,M,0.0,M,0.0,0000*76
$GPRMC,214108.00,A,3727.993936,N,12209.073884,W,069.6,306.3,030820,,,A*42
$GPGGA,214109.00,3728.005498,N,12209.093509,W,7,,0.44,-23.37,M,0.0,M,0.0,0000*71
$GPRMC,214109.00,A,3728.005498,N,12209.093509,W,069.3,306.4,030820,,,A*47
$GPGGA,214110.00,3728.016891,N,12209.112932,W,7,,0.44,-23.44,M,0.0,M,0.0,0000*76
$GPRMC,214110.00,A,3728.016891,N,12209.112932,W,069.4,306.4,030820,,,A*43
$GPGGA,214111.00,3728.028262,N,12209.132353,W,7,,0.43,-23.48,M,0.0,M,0.0,0000*78
$GPRMC,214111.00,A,3728.028262,N,12209.132353,W,070.2,306.4,030820,,,A*48
$GPGGA,214112.00,3728.039913,N,12209.152094,W,7,,0.40,-23.67,M,0.0,M,0.0,0000*76
$GPRMC,214112.00,A,3728.039913,N,12209.152094,W,069.5,306.5,030820,,,A*46
$GPGGA,214113.00,3728.051595,N,12209.171821,W,7,,0.40,-23.70,M,0.0,M,0.0,0000*7A
$GPRMC,214113.00,A,3728.051595,N,12209.171821,W,067.4,306.5,030820,,,A*43
$GPGGA,214114.00,3728.062563,N,12209.190319,W,7,,0.40,-23.73,M,0.0,M,0.0,0000*78
$GPRMC,214114.00,A,3728.062563,N,12209.190319,W,071.2,306.7,030820,,,A*41
$GPGGA,214115.00,3728.074605,N,12209.210671,W,7,,0.40,-23.78,M,0.0,M,0.0,0000*76
$GPRMC,214115.00,A,3728.074605,N,12209.210671,W,070.6,306.6,030820,,,A*40
$GPGGA,214116.00,3728.086342,N,12209.230507,W,7,,0.40,-23.79,M,0.0,M,0.0,0000*7F
$GPRMC,214116.00,A,3728.086342,N,12209.230507,W,068.5,306.6,030820,,,A*42
$GPGGA,214117.00,3728.097646,N,12209.249642,W,7,,0.40,-23.70,M,0.0,M,0.0,0000*7A
$GPRMC,214117.00,A,3728.097646,N,12209.249642,W,069.4,306.6,030820,,,A*4E
$GPGGA,214118.00,3728.109220,N,12209.269208,W,7,,0.40,-23.62,M,0.0,M,0.0,0000*7C
$GPRMC,214118.00,A,3728.109220,N,12209.269208,W,069.9,306.6,030820,,,A*46
$GPGGA,214119.00,3728.120854,N,12209.288773,W,7,,0.40,-23.76,M,0.0,M,0.0,0000*7C
$GPRMC,214119.00,A,3728.120854,N,12209.288773,W,069.8,306.7,030820,,,A*43
$GPGGA,214120.00,3728.132355,N,12209.307824,W,7,,0.40,-24.80,M,0.0,M,0.0,0000*7A
$GPRMC,214120.00,A,3728.132355,N,12209.307824,W,069.6,306.8,030820,,,A*4A
$GPGGA,214121.00,3728.143851,N,12209.327216,W,7,,0.47,-24.50,M,0.0,M,0.0,0000*71
$GPRMC,214121.00,A,3728.143851,N,12209.327216,W,069.3,306.8,030820,,,A*4E
$GPGGA,214122.00,3728.155690,N,12209.346799,W,7,,0.53,-24.26,M,0.0,M,0.0,0000*77
$GPRMC,214122.00,A,3728.155690,N,12209.346799,W,069.4,306.9,030820,,,A*4A
$GPGGA,214123.00,3728.167252,N,12209.366227,W,7,,0.60,-24.38,M,0.0,M,0.0,0000*70
$GPRMC,214123.00,A,3728.167252,N,12209.366227,W,069.3,306.8,030820,,,A*44
$GPGGA,214124.00,3728.178490,N,12209.385613,W,7,,0.60,-24.09,M,0.0,M,0.0,0000*7D
$GPRMC,214124.00,A,3728.178490,N,12209.385613,W,071.0,306.4,030820,,,A*4D
$GPGGA,214125.00,3728.190130,N,12209.405935,W,7,,0.63,-24.08,M,0.0,M,0.0,0000*73
$GPRMC,214125.00,A,3728.190130,N,12209.405935,W,070.3,306.0,030820,,,A*47
$GPGGA,214126.00,3728.201650,N,12209.426449,W,7,,0.64,-24.04,M,0.0,M,0.0,0000*76
$GPRMC,214126.00,A,3728.201650,N,12209.426449,W,068.8,305.5,030820,,,A*4D
$GPGGA,214127.00,3728.212437,N,12209.445326,W,7,,0.63,-23.91,M,0.0,M,0.0,0000*71
$GPRMC,214127.00,A,3728.212437,N,12209.445326,W,072.3,305.7,030820,,,A*44
$GPGGA,214128.00,3728.224972,N,12209.466865,W,7,,0.56,-24.11,M,0.0,M,0.0,0000*73
$GPRMC,214128.00,A,3728.224972,N,12209.466865,W,068.6,305.9,030820,,,A*4F
$GPGGA,214129.00,3728.236126,N,12209.485975,W,7,,0.52,-24.16,M,0.0,M,0.0,0000*76
$GPRMC,214129.00,A,3728.236126,N,12209.485975,W,071.7,306.1,030820,,,A*4B
$GPGGA,214130.00,3728.248191,N,12209.506622,W,7,,0.48,-23.88,M,0.0,M,0.0,0000*77
$GPRMC,214130.00,A,3728.248191,N,12209.506622,W,073.0,306.3,030820,,,A*46
$GPGGA,214131.00,3728.260377,N,12209.527376,W,7,,0.47,-24.04,M,0.0,M,0.0,0000*7D
$GPRMC,214131.00,A,3728.260377,N,12209.527376,W,071.8,306.3,030820,,,A*4A
$GPGGA,214132.00,3728.272216,N,12209.547535,W,7,,0.40,-23.99,M,0.0,M,0.0,0000*78
$GPRMC,214132.00,A,3728.272216,N,12209.547535,W,072.4,306.4,030820,,,A*43
$GPGGA,214133.00,3728.284186,N,12209.567917,W,7,,0.40,-24.13,M,0.0,M,0.0,0000*71
$GPRMC,214133.00,A,3728.284186,N,12209.567917,W,073.0,306.4,030820,,,A*4A
$GPGGA,214134.00,3728.296210,N,12209.588425,W,7,,0.40,-24.21,M,0.0,M,0.0,0000*75
$GPRMC,214134.00,A,3728.296210,N,12209.588425,W,073.0,306.4,030820,,,A*4F
$GPGGA,214135.00,3728.308150,N,12209.608729,W,7,,0.40,-24.21,M,0.0,M,0.0,0000*71
$GPRMC,214135.00,A,3728.308150,N,12209.608729,W,072.9,306.5,030820,,,A*42
$GPGGA,214136.00,3728.319862,N,12209.628734,W,7,,0.40,-24.31,M,0.0,M,0.0,0000*75
$GPRMC,214136.00,A,3728.319862,N,12209.628734,W,073.2,306.4,030820,,,A*4C
$GPGGA,214137.00,3728.331850,N,12209.649314,W,7,,0.40,-24.31,M,0.0,M,0.0,0000*7E
$GPRMC,214137.00,A,3728.331850,N,12209.649314,W,071.3,306.3,030820,,,A*43
$GPGGA,214138.00,3728.343483,N,12209.669330,W,7,,0.40,-24.49,M,0.0,M,0.0,0000*7D
$GPRMC,214138.00,A,3728.343483,N,12209.669330,W,070.7,306.2,030820,,,A*4B
$GPGGA,214139.00,3728.354973,N,12209.688896,W,7,,0.40,-24.54,M,0.0,M,0.0,0000*7C
$GPRMC,214139.00,A,3728.354973,N,12209.688896,W,073.0,306.4,030820,,,A*44
$GPGGA,214140.00,3728.367195,N,12209.709734,W,7,,0.40,-24.63,M,0.0,M,0.0,0000*79
$GPRMC,214140.00,A,3728.367195,N,12209.709734,W,071.0,306.4,030820,,,A*47
$GPGGA,214141.00,3728.378907,N,12209.729791,W,7,,0.40,-24.75,M,0.0,M,0.0,0000*7F
$GPRMC,214141.00,A,3728.378907,N,12209.729791,W,069.1,306.3,030820,,,A*49
$GPGGA,214142.00,3728.390302,N,12209.749226,W,7,,0.40,-24.59,M,0.0,M,0.0,0000*74
$GPRMC,214142.00,A,3728.390302,N,12209.749226,W,070.6,306.3,030820,,,A*43
$GPGGA,214143.00,3728.402050,N,12209.769224,W,7,,0.40,-24.61,M,0.0,M,0.0,0000*76
$GPRMC,214143.00,A,3728.402050,N,12209.769224,W,071.5,306.4,030820,,,A*4F
$GPGGA,214144.00,3728.413798,N,12209.789263,W,7,,0.40,-24.75,M,0.0,M,0.0,0000*7A
$GPRMC,214144.00,A,3728.413798,N,12209.789263,W,070.7,306.4,030820,,,A*45
$GPGGA,214145.00,3728.425252,N,12209.808727,W,7,,0.43,-24.74,M,0.0,M,0.0,0000*7C
$GPRMC,214145.00,A,3728.425252,N,12209.808727,W,070.6,306.5,030820,,,A*41
$GPGGA,214146.00,3728.436748,N,12209.828294,W,7,,0.47,-24.77,M,0.0,M,0.0,0000*7B
$GPRMC,214146.00,A,3728.436748,N,12209.828294,W,069.9,306.5,030820,,,A*46
$GPGGA,214147.00,3728.448069,N,12209.847703,W,7,,0.47,-24.89,M,0.0,M,0.0,0000*74
$GPRMC,214147.00,A,3728.448069,N,12209.847703,W,068.8,306.3,030820,,,A*4E
$GPGGA,214148.00,3728.459362,N,12209.867000,W,7,,0.48,-24.86,M,0.0,M,0.0,0000*75
$GPRMC,214148.00,A,3728.459362,N,12209.867000,W,067.8,306.3,030820,,,A*40
$GPGGA,214149.00,3728.470389,N,12209.885845,W,7,,0.47,-24.95,M,0.0,M,0.0,0000*72
$GPRMC,214149.00,A,3728.470389,N,12209.885845,W,068.9,306.4,030820,,,A*43
$GPGGA,214150.00,3728.481783,N,12209.905304,W,7,,0.44,-25.01,M,0.0,M,0.0,0000*72
$GPRMC,214150.00,A,3728.481783,N,12209.905304,W,068.2,306.4,030820,,,A*47
$GPGGA,214151.00,3728.492932,N,12209.924269,W,7,,0.40,-25.11,M,0.0,M,0.0,0000*79
$GPRMC,214151.00,A,3728.492932,N,12209.924269,W,068.3,306.4,030820,,,A*48
$GPGGA,214152.00,3728.504128,N,12209.943374,W,7,,0.40,-25.21,M,0.0,M,0.0,0000*78
$GPRMC,214152.00,A,3728.504128,N,12209.943374,W,068.3,306.4,030820,,,A*4A
$GPGGA,214153.00,3728.515426,N,12209.962796,W,7,,0.40,-25.20,M,0.0,M,0.0,0000*78
$GPRMC,214153.00,A,3728.515426,N,12209.962796,W,067.1,306.3,030820,,,A*41
$GPGGA,214154.00,3728.525703,N,12209.981095,W,7,,0.43,-25.21,M,0.0,M,0.0,0000*73
$GPRMC,214154.00,A,3728.525703,N,12209.981095,W,067.2,305.7,030820,,,A*4C
$GPGGA,214155.00,3728.536852,N,12210.000253,W,7,,0.43,-24.98,M,0.0,M,0.0,0000*78
$GPRMC,214155.00,A,3728.536852,N,12210.000253,W,068.1,306.0,030820,,,A*4C
$GPGGA,214156.00,3728.548167,N,12210.019640,W,7,,0.43,-24.75,M,0.0,M,0.0,0000*70
$GPRMC,214156.00,A,3728.548167,N,12210.019640,W,067.8,306.1,030820,,,A*40
$GPGGA,214157.00,3728.559513,N,12210.039158,W,7,,0.44,-24.49,M,0.0,M,0.0,0000*72
$GPRMC,214157.00,A,3728.559513,N,12210.039158,W,066.4,306.1,030820,,,A*47
$GPGGA,214158.00,3728.570554,N,12210.057896,W,7,,0.43,-24.26,M,0.0,M,0.0,0000*78
$GPRMC,214158.00,A,3728.570554,N,12210.057896,W,068.2,306.3,030820,,,A*49
$GPGGA,214159.00,3728.581845,N,12210.077102,W,7,,0.40,-24.31,M,0.0,M,0.0,0000*79
$GPRMC,214159.00,A,3728.581845,N,12210.077102,W,069.1,306.4,030820,,,A*48
$GPGGA,214200.00,3728.593276,N,12210.096464,W,7,,0.40,-24.09,M,0.0,M,0.0,0000*7E
$GPRMC,214200.00,A,3728.593276,N,12210.096464,W,068.1,306.5,030820,,,A*44
$GPGGA,214201.00,3728.604501,N,12210.115111,W,7,,0.43,-24.25,M,0.0,M,0.0,0000*75
$GPRMC,214201.00,A,3728.604501,N,12210.115111,W,068.2,306.9,030820,,,A*4D
$GPGGA,214202.00,3728.615872,N,12210.134071,W,7,,0.43,-24.29,M,0.0,M,0.0,0000*77
$GPRMC,214202.00,A,3728.615872,N,12210.134071,W,068.1,306.9,030820,,,A*40
$GPGGA,214203.00,3728.627134,N,12210.153092,W,7,,0.47,-24.27,M,0.0,M,0.0,0000*7A
$GPRMC,214203.00,A,3728.627134,N,12210.153092,W,068.1,306.7,030820,,,A*49
$GPGGA,214204.00,3728.638401,N,12210.172412,W,7,,0.48,-24.58,M,0.0,M,0.0,0000*78
$GPRMC,214204.00,A,3728.638401,N,12210.172412,W,067.9,306.5,030820,,,A*49
$GPGGA,214205.00,3728.649477,N,12210.191636,W,7,,0.47,-24.94,M,0.0,M,0.0,0000*78
$GPRMC,214205.00,A,3728.649477,N,12210.191636,W,069.2,306.1,030820,,,A*47
$GPGGA,214206.00,3728.660890,N,12210.211520,W,7,,0.47,-25.32,M,0.0,M,0.0,0000*77
$GPRMC,214206.00,A,3728.660890,N,12210.211520,W,069.1,305.9,030820,,,A*4D
$GPGGA,214207.00,3728.672302,N,12210.231206,W,7,,0.43,-26.01,M,0.0,M,0.0,0000*73
$GPRMC,214207.00,A,3728.672302,N,12210.231206,W,069.5,306.0,030820,,,A*40
$GPGGA,214208.00,3728.683965,N,12210.251149,W,7,,0.40,-26.73,M,0.0,M,0.0,0000*71
$GPRMC,214208.00,A,3728.683965,N,12210.251149,W,069.4,306.2,030820,,,A*47
$GPGGA,214209.00,3728.695599,N,12210.270920,W,7,,0.40,-27.30,M,0.0,M,0.0,0000*7A
$GPRMC,214209.00,A,3728.695599,N,12210.270920,W,070.0,306.4,030820,,,A*40
$GPGGA,214210.00,3728.707246,N,12210.290713,W,7,,0.40,-28.01,M,0.0,M,0.0,0000*70
$GPRMC,214210.00,A,3728.707246,N,12210.290713,W,071.1,306.4,030820,,,A*47
$GPGGA,214211.00,3728.719108,N,12210.310862,W,7,,0.40,-28.55,M,0.0,M,0.0,0000*76
$GPRMC,214211.00,A,3728.719108,N,12210.310862,W,071.4,306.5,030820,,,A*44
$GPGGA,214212.00,3728.730970,N,12210.331070,W,7,,0.40,-28.82,M,0.0,M,0.0,0000*7B
$GPRMC,214212.00,A,3728.730970,N,12210.331070,W,071.5,306.4,030820,,,A*43
$GPGGA,214213.00,3728.742867,N,12210.350563,W,7,,0.40,-28.84,M,0.0,M,0.0,0000*7E
$GPRMC,214213.00,A,3728.742867,N,12210.350563,W,071.0,306.9,030820,,,A*48
$GPGGA,214214.00,3728.754934,N,12210.370652,W,7,,0.40,-28.11,M,0.0,M,0.0,0000*76
$GPRMC,214214.00,A,3728.754934,N,12210.370652,W,070.1,306.9,030820,,,A*4C
$GPGGA,214215.00,3728.766555,N,12210.390535,W,7,,0.40,-27.39,M,0.0,M,0.0,0000*74
$GPRMC,214215.00,A,3728.766555,N,12210.390535,W,071.5,306.6,030820,,,A*41
$GPGGA,214216.00,3728.778621,N,12210.411062,W,7,,0.44,-26.60,M,0.0,M,0.0,0000*78
$GPRMC,214216.00,A,3728.778621,N,12210.411062,W,070.1,306.4,030820,,,A*43
$GPGGA,214217.00,3728.790214,N,12210.430766,W,7,,0.44,-25.84,M,0.0,M,0.0,0000*74
$GPRMC,214217.00,A,3728.790214,N,12210.430766,W,071.7,306.5,030820,,,A*40
$GPGGA,214218.00,3728.802057,N,12210.450992,W,7,,0.44,-25.22,M,0.0,M,0.0,0000*75
$GPRMC,214218.00,A,3728.802057,N,12210.450992,W,072.5,306.4,030820,,,A*4D
$GPGGA,214219.00,3728.813757,N,12210.471505,W,7,,0.43,-24.87,M,0.0,M,0.0,0000*7B
$GPRMC,214219.00,A,3728.813757,N,12210.471505,W,072.7,306.0,030820,,,A*4C
$GPGGA,214220.00,3728.825884,N,12210.492296,W,7,,0.44,-24.55,M,0.0,M,0.0,0000*7D
$GPRMC,214220.00,A,3728.825884,N,12210.492296,W,072.2,306.2,030820,,,A*45
$GPGGA,214221.00,3728.837949,N,12210.512462,W,7,,0.43,-24.06,M,0.0,M,0.0,0000*7A
$GPRMC,214221.00,A,3728.837949,N,12210.512462,W,072.2,306.6,030820,,,A*47
$GPGGA,214222.00,3728.849841,N,12210.532652,W,7,,0.40,-23.92,M,0.0,M,0.0,0000*73
$GPRMC,214222.00,A,3728.849841,N,12210.532652,W,072.9,306.6,030820,,,A*4C
$GPGGA,214223.00,3728.861860,N,12210.553195,W,7,,0.44,-23.93,M,0.0,M,0.0,0000*75
$GPRMC,214223.00,A,3728.861860,N,12210.553195,W,072.4,306.4,030820,,,A*40
$GPGGA,214224.00,3728.873631,N,12210.573691,W,7,,0.44,-23.84,M,0.0,M,0.0,0000*7C
$GPRMC,214224.00,A,3728.873631,N,12210.573691,W,072.0,306.1,030820,,,A*4E
$GPGGA,214225.00,3728.885320,N,12210.594134,W,7,,0.43,-23.90,M,0.0,M,0.0,0000*72
$GPRMC,214225.00,A,3728.885320,N,12210.594134,W,072.5,305.9,030820,,,A*4C
$GPGGA,214226.00,3728.897091,N,12210.614846,W,7,,0.43,-23.87,M,0.0,M,0.0,0000*7A
$GPRMC,214226.00,A,3728.897091,N,12210.614846,W,072.4,305.7,030820,,,A*4D
$GPGGA,214227.00,3728.908846,N,12210.635558,W,7,,0.44,-23.30,M,0.0,M,0.0,0000*74
$GPRMC,214227.00,A,3728.908846,N,12210.635558,W,072.5,305.6,030820,,,A*48
$GPGGA,214228.00,3728.920359,N,12210.656359,W,7,,0.43,-23.34,M,0.0,M,0.0,0000*75
$GPRMC,214228.00,A,3728.920359,N,12210.656359,W,073.5,305.1,030820,,,A*4C
$GPGGA,214229.00,3728.931982,N,12210.677900,W,7,,0.40,-23.09,M,0.0,M,0.0,0000*70
$GPRMC,214229.00,A,3728.931982,N,12210.677900,W,072.3,304.5,030820,,,A*46
$GPGGA,214230.00,3728.942691,N,12210.698773,W,7,,0.40,-23.03,M,0.0,M,0.0,0000*70
$GPRMC,214230.00,A,3728.942691,N,12210.698773,W,073.7,303.5,030820,,,A*4E
$GPGGA,214231.00,3728.953479,N,12210.720866,W,7,,0.40,-22.97,M,0.0,M,0.0,0000*70
$GPRMC,214231.00,A,3728.953479,N,12210.720866,W,072.6,302.3,030820,,,A*45
$GPGGA,214232.00,3728.963511,N,12210.742363,W,7,,0.43,-22.92,M,0.0,M,0.0,0000*73
$GPRMC,214232.00,A,3728.963511,N,12210.742363,W,073.1,301.2,030820,,,A*44
$GPGGA,214233.00,3728.973477,N,12210.765020,W,7,,0.48,-23.02,M,0.0,M,0.0,0000*70
$GPRMC,214233.00,A,3728.973477,N,12210.765020,W,071.6,299.9,030820,,,A*4A
$GPGGA,214234.00,3728.982466,N,12210.786667,W,7,,0.47,-23.14,M,0.0,M,0.0,0000*79
$GPRMC,214234.00,A,3728.982466,N,12210.786667,W,073.1,298.7,030820,,,A*41
$GPGGA,214235.00,3728.991484,N,12210.809377,W,7,,0.48,-23.06,M,0.0,M,0.0,0000*76
$GPRMC,214235.00,A,3728.991484,N,12210.809377,W,072.0,297.4,030820,,,A*4E
$GPGGA,214236.00,3728.999955,N,12210.831512,W,7,,0.47,-22.97,M,0.0,M,0.0,0000*74
$GPRMC,214236.00,A,3728.999955,N,12210.831512,W,071.1,296.4,030820,,,A*49
$GPGGA,214237.00,3729.008806,N,12210.854071,W,7,,0.48,-23.30,M,0.0,M,0.0,0000*72
$GPRMC,214237.00,A,3729.008806,N,12210.854071,W,070.5,296.2,030820,,,A*4F
$GPGGA,214238.00,3729.016840,N,12210.875911,W,7,,0.47,-23.33,M,0.0,M,0.0,0000*70
$GPRMC,214238.00,A,3729.016840,N,12210.875911,W,070.7,295.4,030820,,,A*46
$GPGGA,214239.00,3729.024574,N,12210.898537,W,7,,0.44,-23.17,M,0.0,M,0.0,0000*74
$GPRMC,214239.00,A,3729.024574,N,12210.898537,W,070.7,294.2,030820,,,A*40
$GPGGA,214240.00,3729.032014,N,12210.921266,W,7,,0.44,-22.89,M,0.0,M,0.0,0000*78
$GPRMC,214240.00,A,3729.032014,N,12210.921266,W,069.6,293.1,030820,,,A*47
$GPGGA,214241.00,3729.038853,N,12210.943447,W,7,,0.44,-22.90,M,0.0,M,0.0,0000*71
$GPRMC,214241.00,A,3729.038853,N,12210.943447,W,069.0,292.0,030820,,,A*40
$GPGGA,214242.00,3729.045567,N,12210.965521,W,7,,0.47,-22.91,M,0.0,M,0.0,0000*75
$GPRMC,214242.00,A,3729.045567,N,12210.965521,W,068.9,291.4,030820,,,A*49
$GPGGA,214243.00,3729.052281,N,12210.988076,W,7,,0.44,-22.80,M,0.0,M,0.0,0000*7A
$GPRMC,214243.00,A,3729.052281,N,12210.988076,W,068.1,290.8,030820,,,A*40
$GPGGA,214244.00,3729.058708,N,12211.010090,W,7,,0.44,-22.94,M,0.0,M,0.0,0000*77
$GPRMC,214244.00,A,3729.058708,N,12211.010090,W,068.1,290.4,030820,,,A*44
$GPGGA,214245.00,3729.064996,N,12211.032542,W,7,,0.43,-22.89,M,0.0,M,0.0,0000*71
$GPRMC,214245.00,A,3729.064996,N,12211.032542,W,068.0,289.8,030820,,,A*4C
$GPGGA,214246.00,3729.070936,N,12211.054760,W,7,,0.43,-23.06,M,0.0,M,0.0,0000*79
$GPRMC,214246.00,A,3729.070936,N,12211.054760,W,068.5,289.1,030820,,,A*4E
$GPGGA,214247.00,3729.076816,N,12211.077218,W,7,,0.44,-22.65,M,0.0,M,0.0,0000*75
$GPRMC,214247.00,A,3729.076816,N,12211.077218,W,067.0,288.3,030820,,,A*48
$GPGGA,214248.00,3729.082371,N,12211.098859,W,7,,0.43,-22.97,M,0.0,M,0.0,0000*7F
$GPRMC,214248.00,A,3729.082371,N,12211.098859,W,067.6,288.0,030820,,,A*4D
$GPGGA,214249.00,3729.087951,N,12211.121479,W,7,,0.43,-22.94,M,0.0,M,0.0,0000*7D
$GPRMC,214249.00,A,3729.087951,N,12211.121479,W,067.7,287.5,030820,,,A*47
$GPGGA,214250.00,3729.093370,N,12211.144322,W,7,,0.44,-23.04,M,0.0,M,0.0,0000*7C
$GPRMC,214250.00,A,3729.093370,N,12211.144322,W,067.2,286.8,030820,,,A*40
$GPGGA,214251.00,3729.098463,N,12211.166780,W,7,,0.44,-23.10,M,0.0,M,0.0,0000*7A
$GPRMC,214251.00,A,3729.098463,N,12211.166780,W,067.4,286.2,030820,,,A*4F
$GPGGA,214252.00,3729.103120,N,12211.189502,W,7,,0.43,-23.30,M,0.0,M,0.0,0000*74
$GPRMC,214252.00,A,3729.103120,N,12211.189502,W,067.6,285.2,030820,,,A*45
$GPGGA,214253.00,3729.107685,N,12211.212385,W,7,,0.40,-23.86,M,0.0,M,0.0,0000*7F
$GPRMC,214253.00,A,3729.107685,N,12211.212385,W,067.5,284.6,030820,,,A*46
$GPGGA,214254.00,3729.112107,N,12211.235564,W,7,,0.40,-24.35,M,0.0,M,0.0,0000*72
$GPRMC,214254.00,A,3729.112107,N,12211.235564,W,067.0,283.9,030820,,,A*49
$GPGGA,214255.00,3729.116254,N,12211.258226,W,7,,0.40,-24.74,M,0.0,M,0.0,0000*7D
$GPRMC,214255.00,A,3729.116254,N,12211.258226,W,067.2,283.3,030820,,,A*4B
$GPGGA,214256.00,3729.120220,N,12211.281236,W,7,,0.40,-25.08,M,0.0,M,0.0,0000*77
$GPRMC,214256.00,A,3729.120220,N,12211.281236,W,067.4,282.7,030820,,,A*48
$GPGGA,214257.00,3729.123982,N,12211.304372,W,7,,0.40,-25.30,M,0.0,M,0.0,0000*70
$GPRMC,214257.00,A,3729.123982,N,12211.304372,W,067.9,282.1,030820,,,A*4F
$GPGGA,214258.00,3729.127510,N,12211.327975,W,7,,0.40,-25.57,M,0.0,M,0.0,0000*71
$GPRMC,214258.00,A,3729.127510,N,12211.327975,W,068.1,281.2,030820,,,A*48
$GPGGA,214259.00,3729.130726,N,12211.351754,W,7,,0.40,-25.53,M,0.0,M,0.0,0000*79
$GPRMC,214259.00,A,3729.130726,N,12211.351754,W,068.4,280.2,030820,,,A*40
$GPGGA,214300.00,3729.133798,N,12211.375136,W,7,,0.40,-25.66,M,0.0,M,0.0,0000*70
$GPRMC,214300.00,A,3729.133798,N,12211.375136,W,068.8,279.7,030820,,,A*40
$GPGGA,214301.00,3729.136822,N,12211.399399,W,7,,0.40,-25.79,M,0.0,M,0.0,0000*71
$GPRMC,214301.00,A,3729.136822,N,12211.399399,W,068.6,279.2,030820,,,A*44
$GPGGA,214302.00,3729.139660,N,12211.422800,W,7,,0.40,-25.86,M,0.0,M,0.0,0000*79
$GPRMC,214302.00,A,3729.139660,N,12211.422800,W,068.9,278.9,030820,,,A*49
$GPGGA,214303.00,3729.142558,N,12211.446926,W,7,,0.40,-25.85,M,0.0,M,0.0,0000*78
$GPRMC,214303.00,A,3729.142558,N,12211.446926,W,069.0,278.6,030820,,,A*4C
$GPGGA,214304.00,3729.145455,N,12211.470205,W,7,,0.40,-25.81,M,0.0,M,0.0,0000*7F
$GPRMC,214304.00,A,3729.145455,N,12211.470205,W,069.3,278.9,030820,,,A*43
$GPGGA,214305.00,3729.148462,N,12211.494415,W,7,,0.40,-25.84,M,0.0,M,0.0,0000*7F
$GPRMC,214305.00,A,3729.148462,N,12211.494415,W,069.3,278.9,030820,,,A*46
$GPGGA,214306.00,3729.151425,N,12211.518505,W,7,,0.40,-25.89,M,0.0,M,0.0,0000*7F
$GPRMC,214306.00,A,3729.151425,N,12211.518505,W,069.5,278.8,030820,,,A*4C
$GPGGA,214307.00,3729.154402,N,12211.542499,W,7,,0.40,-25.88,M,0.0,M,0.0,0000*74
$GPRMC,214307.00,A,3729.154402,N,12211.542499,W,069.9,278.8,030820,,,A*4A
$GPGGA,214308.00,3729.157402,N,12211.567196,W,7,,0.40,-25.85,M,0.0,M,0.0,0000*78
$GPRMC,214308.00,A,3729.157402,N,12211.567196,W,069.8,278.6,030820,,,A*44
$GPGGA,214309.00,3729.160324,N,12211.590692,W,7,,0.40,-25.82,M,0.0,M,0.0,0000*72
$GPRMC,214309.00,A,3729.160324,N,12211.590692,W,070.3,278.8,030820,,,A*44
$GPGGA,214310.00,3729.163365,N,12211.615633,W,7,,0.40,-25.84,M,0.0,M,0.0,0000*7F
$GPRMC,214310.00,A,3729.163365,N,12211.615633,W,070.0,278.6,030820,,,A*42
$GPGGA,214311.00,3729.166228,N,12211.639015,W,7,,0.40,-26.04,M,0.0,M,0.0,0000*74
$GPRMC,214311.00,A,3729.166228,N,12211.639015,W,070.1,278.8,030820,,,A*4D
$GPGGA,214312.00,3729.169227,N,12211.663610,W,7,,0.40,-25.88,M,0.0,M,0.0,0000*7C
$GPRMC,214312.00,A,3729.169227,N,12211.663610,W,069.7,278.7,030820,,,A*43
$GPGGA,214313.00,3729.172174,N,12211.687454,W,7,,0.40,-25.79,M,0.0,M,0.0,0000*74
$GPRMC,214313.00,A,3729.172174,N,12211.687454,W,069.6,278.7,030820,,,A*44
$GPGGA,214314.00,3729.175077,N,12211.711238,W,7,,0.40,-25.78,M,0.0,M,0.0,0000*75
$GPRMC,214314.00,A,3729.175077,N,12211.711238,W,069.5,278.7,030820,,,A*47
$GPGGA,214315.00,3729.178029,N,12211.735136,W,7,,0.40,-25.73,M,0.0,M,0.0,0000*72
$GPRMC,214315.00,A,3729.178029,N,12211.735136,W,069.3,278.8,030820,,,A*42
$GPGGA,214316.00,3729.180994,N,12211.759046,W,7,,0.40,-25.73,M,0.0,M,0.0,0000*75
$GPRMC,214316.00,A,3729.180994,N,12211.759046,W,069.1,278.8,030820,,,A*47
$GPGGA,214317.00,3729.183945,N,12211.782776,W,7,,0.43,-25.63,M,0.0,M,0.0,0000*7B
$GPRMC,214317.00,A,3729.183945,N,12211.782776,W,069.1,278.8,030820,,,A*4B
$GPGGA,214318.00,3729.186933,N,12211.807177,W,7,,0.48,-25.59,M,0.0,M,0.0,0000*77
$GPRMC,214318.00,A,3729.186933,N,12211.807177,W,068.9,278.7,030820,,,A*43
$GPGGA,214319.00,3729.189813,N,12211.830415,W,7,,0.48,-25.49,M,0.0,M,0.0,0000*7E
$GPRMC,214319.00,A,3729.189813,N,12211.830415,W,069.1,278.7,030820,,,A*42
$GPGGA,214320.00,3729.192759,N,12211.854577,W,7,,0.48,-25.50,M,0.0,M,0.0,0000*70
$GPRMC,214320.00,A,3729.192759,N,12211.854577,W,068.8,278.7,030820,,,A*4C
$GPGGA,214321.00,3729.195634,N,12211.877516,W,7,,0.47,-25.56,M,0.0,M,0.0,0000*73
$GPRMC,214321.00,A,3729.195634,N,12211.877516,W,068.4,278.9,030820,,,A*44
$GPGGA,214322.00,3729.198561,N,12211.901042,W,7,,0.44,-25.49,M,0.0,M,0.0,0000*77
$GPRMC,214322.00,A,3729.198561,N,12211.901042,W,067.8,278.9,030820,,,A*4E
$GPGGA,214323.00,3729.201483,N,12211.924514,W,7,,0.43,-25.46,M,0.0,M,0.0,0000*71
$GPRMC,214323.00,A,3729.201483,N,12211.924514,W,067.5,278.8,030820,,,A*4C
$GPGGA,214324.00,3729.204304,N,12211.947536,W,7,,0.40,-25.46,M,0.0,M,0.0,0000*7D
$GPRMC,214324.00,A,3729.204304,N,12211.947536,W,067.6,278.8,030820,,,A*40
$GPGGA,214325.00,3729.207154,N,12211.971362,W,7,,0.40,-25.50,M,0.0,M,0.0,0000*7D
$GPRMC,214325.00,A,3729.207154,N,12211.971362,W,067.6,278.5,030820,,,A*4A
$GPGGA,214326.00,3729.209949,N,12211.994096,W,7,,0.40,-25.49,M,0.0,M,0.0,0000*7F
$GPRMC,214326.00,A,3729.209949,N,12211.994096,W,068.2,278.7,030820,,,A*49
$GPGGA,214327.00,3729.212884,N,12212.018203,W,7,,0.40,-25.49,M,0.0,M,0.0,0000*74
$GPRMC,214327.00,A,3729.212884,N,12212.018203,W,068.2,278.6,030820,,,A*43
$GPGGA,214328.00,3729.215740,N,12212.041550,W,7,,0.40,-25.42,M,0.0,M,0.0,0000*7D
$GPRMC,214328.00,A,3729.215740,N,12212.041550,W,068.3,278.7,030820,,,A*41
$GPGGA,214329.00,3729.218697,N,12212.065483,W,7,,0.40,-25.42,M,0.0,M,0.0,0000*73
$GPRMC,214329.00,A,3729.218697,N,12212.065483,W,068.1,278.7,030820,,,A*4D
$GPGGA,214330.00,3729.221644,N,12212.088361,W,7,,0.40,-25.40,M,0.0,M,0.0,0000*75
$GPRMC,214330.00,A,3729.221644,N,12212.088361,W,068.2,279.0,030820,,,A*4C
$GPGGA,214331.00,3729.224710,N,12212.112343,W,7,,0.44,-25.39,M,0.0,M,0.0,0000*79
$GPRMC,214331.00,A,3729.224710,N,12212.112343,W,068.0,279.1,030820,,,A*49
$GPGGA,214332.00,3729.227649,N,12212.135467,W,7,,0.43,-25.35,M,0.0,M,0.0,0000*7B
$GPRMC,214332.00,A,3729.227649,N,12212.135467,W,068.4,279.1,030820,,,A*44
$GPGGA,214333.00,3729.230601,N,12212.159360,W,7,,0.44,-25.34,M,0.0,M,0.0,0000*7C
$GPRMC,214333.00,A,3729.230601,N,12212.159360,W,068.5,278.9,030820,,,A*4D
$GPGGA,214334.00,3729.233506,N,12212.183090,W,7,,0.43,-25.27,M,0.0,M,0.0,0000*72
$GPRMC,214334.00,A,3729.233506,N,12212.183090,W,068.6,278.7,030820,,,A*4B
$GPGGA,214335.00,3729.236380,N,12212.206705,W,7,,0.44,-25.25,M,0.0,M,0.0,0000*7E
$GPRMC,214335.00,A,3729.236380,N,12212.206705,W,068.7,278.7,030820,,,A*43
$GPGGA,214336.00,3729.239271,N,12212.230742,W,7,,0.40,-25.25,M,0.0,M,0.0,0000*7F
$GPRMC,214336.00,A,3729.239271,N,12212.230742,W,068.6,278.6,030820,,,A*46
$GPGGA,214337.00,3729.242097,N,12212.254034,W,7,,0.40,-25.29,M,0.0,M,0.0,0000*70
$GPRMC,214337.00,A,3729.242097,N,12212.254034,W,068.8,278.6,030820,,,A*4B
$GPGGA,214338.00,3729.245013,N,12212.278094,W,7,,0.40,-25.27,M,0.0,M,0.0,0000*7E
$GPRMC,214338.00,A,3729.245013,N,12212.278094,W,068.6,278.6,030820,,,A*45
$GPGGA,214339.00,3729.247917,N,12212.301644,W,7,,0.40,-25.23,M,0.0,M,0.0,0000*70
$GPRMC,214339.00,A,3729.247917,N,12212.301644,W,068.6,278.7,030820,,,A*4E
$GPGGA,214340.00,3729.250839,N,12212.325188,W,7,,0.40,-25.16,M,0.0,M,0.0,0000*72
$GPRMC,214340.00,A,3729.250839,N,12212.325188,W,068.6,278.8,030820,,,A*45
$GPGGA,214341.00,3729.253774,N,12212.348917,W,7,,0.40,-24.97,M,0.0,M,0.0,0000*7B
$GPRMC,214341.00,A,3729.253774,N,12212.348917,W,068.2,278.8,030820,,,A*40
$GPGGA,214342.00,3729.256708,N,12212.371994,W,7,,0.40,-24.99,M,0.0,M,0.0,0000*79
$GPRMC,214342.00,A,3729.256708,N,12212.371994,W,067.8,279.0,030820,,,A*40
$GPGGA,214343.00,3729.259720,N,12212.395520,W,7,,0.40,-24.94,M,0.0,M,0.0,0000*79
$GPRMC,214343.00,A,3729.259720,N,12212.395520,W,067.4,279.1,030820,,,A*40
$GPGGA,214344.00,3729.262720,N,12212.418398,W,7,,0.40,-24.94,M,0.0,M,0.0,0000*71
$GPRMC,214344.00,A,3729.262720,N,12212.418398,W,067.5,279.2,030820,,,A*4A
$GPGGA,214345.00,3729.265947,N,12212.442008,W,7,,0.40,-24.84,M,0.0,M,0.0,0000*7C
$GPRMC,214345.00,A,3729.265947,N,12212.442008,W,067.5,279.5,030820,,,A*41
$GPGGA,214346.00,3729.269392,N,12212.464802,W,7,,0.40,-24.82,M,0.0,M,0.0,0000*71
$GPRMC,214346.00,A,3729.269392,N,12212.464802,W,068.0,280.2,030820,,,A*41
$GPGGA,214347.00,3729.273184,N,12212.488543,W,7,,0.40,-24.78,M,0.0,M,0.0,0000*71
$GPRMC,214347.00,A,3729.273184,N,12212.488543,W,068.1,280.9,030820,,,A*4E
$GPGGA,214348.00,3729.277096,N,12212.512112,W,7,,0.40,-24.75,M,0.0,M,0.0,0000*77
$GPRMC,214348.00,A,3729.277096,N,12212.512112,W,068.2,281.3,030820,,,A*4D
$GPGGA,214349.00,3729.281134,N,12212.535248,W,7,,0.40,-24.75,M,0.0,M,0.0,0000*7F
$GPRMC,214349.00,A,3729.281134,N,12212.535248,W,068.5,281.9,030820,,,A*48
$GPGGA,214350.00,3729.285567,N,12212.558786,W,7,,0.40,-24.77,M,0.0,M,0.0,0000*7F
$GPRMC,214350.00,A,3729.285567,N,12212.558786,W,068.5,282.7,030820,,,A*47
$GPGGA,214351.00,3729.290289,N,12212.581999,W,7,,0.40,-24.76,M,0.0,M,0.0,0000*78
$GPRMC,214351.00,A,3729.290289,N,12212.581999,W,068.6,283.6,030820,,,A*42
$GPGGA,214352.00,3729.295209,N,12212.605267,W,7,,0.40,-24.77,M,0.0,M,0.0,0000*72
$GPRMC,214352.00,A,3729.295209,N,12212.605267,W,069.0,284.3,030820,,,A*4C
$GPGGA,214353.00,3729.300345,N,12212.628775,W,7,,0.40,-24.72,M,0.0,M,0.0,0000*7B
$GPRMC,214353.00,A,3729.300345,N,12212.628775,W,069.2,284.9,030820,,,A*48
$GPGGA,214354.00,3729.305679,N,12212.652103,W,7,,0.40,-24.29,M,0.0,M,0.0,0000*77
$GPRMC,214354.00,A,3729.305679,N,12212.652103,W,069.8,285.6,030820,,,A*4E
$GPGGA,214355.00,3729.311397,N,12212.675443,W,7,,0.40,-23.48,M,0.0,M,0.0,0000*72
$GPRMC,214355.00,A,3729.311397,N,12212.675443,W,070.4,286.5,030820,,,A*4F
$GPGGA,214356.00,3729.317427,N,12212.699042,W,7,,0.40,-22.42,M,0.0,M,0.0,0000*77
$GPRMC,214356.00,A,3729.317427,N,12212.699042,W,070.4,287.3,030820,,,A*46
$GPGGA,214357.00,3729.323614,N,12212.722405,W,7,,0.40,-21.33,M,0.0,M,0.0,0000*70
$GPRMC,214357.00,A,3729.323614,N,12212.722405,W,069.8,287.9,030820,,,A*4A
$GPGGA,214358.00,3729.329895,N,12212.745139,W,7,,0.40,-20.47,M,0.0,M,0.0,0000*7B
$GPRMC,214358.00,A,3729.329895,N,12212.745139,W,069.5,288.7,030820,,,A*4F
$GPGGA,214359.00,3729.336399,N,12212.767801,W,7,,0.40,-19.42,M,0.0,M,0.0,0000*7E
$GPRMC,214359.00,A,3729.336399,N,12212.767801,W,068.5,289.3,030820,,,A*41
$GPGGA,214400.00,3729.342976,N,12212.789600,W,7,,0.40,-18.83,M,0.0,M,0.0,0000*7E
$GPRMC,214400.00,A,3729.342976,N,12212.789600,W,068.3,290.2,030820,,,A*42
$GPGGA,214401.00,3729.349935,N,12212.811853,W,7,,0.40,-18.44,M,0.0,M,0.0,0000*7E
$GPRMC,214401.00,A,3729.349935,N,12212.811853,W,066.9,290.9,030820,,,A*46
$GPGGA,214402.00,3729.356853,N,12212.833063,W,7,,0.40,-18.30,M,0.0,M,0.0,0000*7A
$GPRMC,214402.00,A,3729.356853,N,12212.833063,W,067.3,291.7,030820,,,A*45
$GPGGA,214403.00,3729.364227,N,12212.854939,W,7,,0.44,-18.23,M,0.0,M,0.0,0000*72
$GPRMC,214403.00,A,3729.364227,N,12212.854939,W,067.1,292.5,030820,,,A*48
$GPGGA,214404.00,3729.371866,N,12212.876449,W,7,,0.43,-18.31,M,0.0,M,0.0,0000*70
$GPRMC,214404.00,A,3729.371866,N,12212.876449,W,067.2,293.3,030820,,,A*4A
$GPGGA,214405.00,3729.379653,N,12212.897906,W,7,,0.44,-18.55,M,0.0,M,0.0,0000*7D
$GPRMC,214405.00,A,3729.379653,N,12212.897906,W,067.0,294.0,030820,,,A*44
$GPGGA,214406.00,3729.387501,N,12212.918828,W,7,,0.43,-19.28,M,0.0,M,0.0,0000*7C
$GPRMC,214406.00,A,3729.387501,N,12212.918828,W,067.7,294.8,030820,,,A*46
$GPGGA,214407.00,3729.395679,N,12212.940230,W,7,,0.44,-20.02,M,0.0,M,0.0,0000*79
$GPRMC,214407.00,A,3729.395679,N,12212.940230,W,067.3,295.3,030820,,,A*48
$GPGGA,214408.00,3729.403911,N,12212.961296,W,7,,0.40,-20.98,M,0.0,M,0.0,0000*77
$GPRMC,214408.00,A,3729.403911,N,12212.961296,W,066.7,295.8,030820,,,A*4F
$GPGGA,214409.00,3729.412341,N,12212.981887,W,7,,0.40,-21.96,M,0.0,M,0.0,0000*72
$GPRMC,214409.00,A,3729.412341,N,12212.981887,W,067.3,296.7,030820,,,A*4C
$GPGGA,214410.00,3729.421179,N,12213.002953,W,7,,0.40,-22.92,M,0.0,M,0.0,0000*7F
$GPRMC,214410.00,A,3729.421179,N,12213.002953,W,066.2,297.2,030820,,,A*42
$GPGGA,214411.00,3729.429760,N,12213.022898,W,7,,0.40,-23.82,M,0.0,M,0.0,0000*7C
$GPRMC,214411.00,A,3729.429760,N,12213.022898,W,067.7,298.0,030820,,,A*48
$GPGGA,214412.00,3729.438880,N,12213.043868,W,7,,0.40,-24.53,M,0.0,M,0.0,0000*7D
$GPRMC,214412.00,A,3729.438880,N,12213.043868,W,066.6,298.3,030820,,,A*41
$GPGGA,214413.00,3729.447669,N,12213.063895,W,7,,0.40,-24.92,M,0.0,M,0.0,0000*70
$GPRMC,214413.00,A,3729.447669,N,12213.063895,W,066.0,298.6,030820,,,A*42
$GPGGA,214414.00,3729.456466,N,12213.083774,W,7,,0.40,-24.95,M,0.0,M,0.0,0000*73
$GPRMC,214414.00,A,3729.456466,N,12213.083774,W,065.2,298.9,030820,,,A*48
$GPGGA,214415.00,3729.465207,N,12213.103273,W,7,,0.40,-24.98,M,0.0,M,0.0,0000*75
$GPRMC,214415.00,A,3729.465207,N,12213.103273,W,065.0,299.2,030820,,,A*4B
$GPGGA,214416.00,3729.474028,N,12213.123002,W,7,,0.40,-24.98,M,0.0,M,0.0,0000*7F
$GPRMC,214416.00,A,3729.474028,N,12213.123002,W,064.7,299.3,030820,,,A*46
$GPGGA,214417.00,3729.482757,N,12213.142622,W,7,,0.40,-25.01,M,0.0,M,0.0,0000*7A
$GPRMC,214417.00,A,3729.482757,N,12213.142622,W,065.6,299.3,030820,,,A*42
$GPGGA,214418.00,3729.491782,N,12213.162926,W,7,,0.40,-25.06,M,0.0,M,0.0,0000*71
$GPRMC,214418.00,A,3729.491782,N,12213.162926,W,065.4,299.2,030820,,,A*4D
$GPGGA,214419.00,3729.500739,N,12213.183037,W,7,,0.40,-25.04,M,0.0,M,0.0,0000*7D
$GPRMC,214419.00,A,3729.500739,N,12213.183037,W,065.2,299.2,030820,,,A*45
$GPGGA,214420.00,3729.509632,N,12213.202945,W,7,,0.40,-25.04,M,0.0,M,0.0,0000*72
$GPRMC,214420.00,A,3729.509632,N,12213.202945,W,066.0,299.3,030820,,,A*4A
$GPGGA,214421.00,3729.518638,N,12213.223441,W,7,,0.40,-25.25,M,0.0,M,0.0,0000*70
$GPRMC,214421.00,A,3729.518638,N,12213.223441,W,065.1,299.0,030820,,,A*4A
$GPGGA,214422.00,3729.527278,N,12213.243187,W,7,,0.40,-25.27,M,0.0,M,0.0,0000*74
$GPRMC,214422.00,A,3729.527278,N,12213.243187,W,065.6,298.9,030820,,,A*43
$GPGGA,214423.00,3729.536241,N,12213.263450,W,7,,0.40,-25.21,M,0.0,M,0.0,0000*74
$GPRMC,214423.00,A,3729.536241,N,12213.263450,W,064.6,299.0,030820,,,A*4C
$GPGGA,214424.00,3729.544936,N,12213.282997,W,7,,0.40,-25.03,M,0.0,M,0.0,0000*74
$GPRMC,214424.00,A,3729.544936,N,12213.282997,W,065.7,299.2,030820,,,A*4E
$GPGGA,214425.00,3729.553929,N,12213.303200,W,7,,0.40,-24.93,M,0.0,M,0.0,0000*78
$GPRMC,214425.00,A,3729.553929,N,12213.303200,W,066.0,299.2,030820,,,A*4E
$GPGGA,214426.00,3729.562918,N,12213.323210,W,7,,0.40,-24.88,M,0.0,M,0.0,0000*72
$GPRMC,214426.00,A,3729.562918,N,12213.323210,W,066.6,299.4,030820,,,A*4E
$GPGGA,214427.00,3729.571983,N,12213.343412,W,7,,0.40,-24.96,M,0.0,M,0.0,0000*7E
$GPRMC,214427.00,A,3729.571983,N,12213.343412,W,066.5,299.4,030820,,,A*4E
$GPGGA,214428.00,3729.581043,N,12213.363740,W,7,,0.40,-25.05,M,0.0,M,0.0,0000*76
$GPRMC,214428.00,A,3729.581043,N,12213.363740,W,065.5,299.3,030820,,,A*49
$GPGGA,214429.00,3729.589857,N,12213.383695,W,7,,0.40,-25.25,M,0.0,M,0.0,0000*77
$GPRMC,214429.00,A,3729.589857,N,12213.383695,W,066.4,299.1,030820,,,A*4A
$GPGGA,214430.00,3729.598828,N,12213.404503,W,7,,0.40,-25.31,M,0.0,M,0.0,0000*76
$GPRMC,214430.00,A,3729.598828,N,12213.404503,W,066.2,298.7,030820,,,A*4F
$GPGGA,214431.00,3729.607443,N,12213.425095,W,7,,0.40,-25.27,M,0.0,M,0.0,0000*7D
$GPRMC,214431.00,A,3729.607443,N,12213.425095,W,067.2,298.1,030820,,,A*44
$GPGGA,214432.00,3729.616000,N,12213.446306,W,7,,0.40,-25.17,M,0.0,M,0.0,0000*72
$GPRMC,214432.00,A,3729.616000,N,12213.446306,W,067.8,297.3,030820,,,A*4F
$GPGGA,214433.00,3729.624616,N,12213.468254,W,7,,0.40,-24.94,M,0.0,M,0.0,0000*73
$GPRMC,214433.00,A,3729.624616,N,12213.468254,W,065.3,296.5,030820,,,A*4A
$GPGGA,214434.00,3729.632229,N,12213.488072,W,7,,0.40,-24.42,M,0.0,M,0.0,0000*78
$GPRMC,214434.00,A,3729.632229,N,12213.488072,W,068.8,296.2,030820,,,A*4B
$GPGGA,214435.00,3729.640389,N,12213.510290,W,7,,0.40,-24.01,M,0.0,M,0.0,0000*7E
$GPRMC,214435.00,A,3729.640389,N,12213.510290,W,068.1,295.4,030820,,,A*46
$GPGGA,214436.00,3729.647884,N,12213.531374,W,7,,0.40,-23.83,M,0.0,M,0.0,0000*79
$GPRMC,214436.00,A,3729.647884,N,12213.531374,W,067.6,294.7,030820,,,A*46
$GPGGA,214437.00,3729.655173,N,12213.552554,W,7,,0.40,-23.87,M,0.0,M,0.0,0000*7F
$GPRMC,214437.00,A,3729.655173,N,12213.552554,W,066.4,294.0,030820,,,A*40
$GPGGA,214438.00,3729.662074,N,12213.573505,W,7,,0.40,-23.85,M,0.0,M,0.0,0000*77
$GPRMC,214438.00,A,3729.662074,N,12213.573505,W,064.9,293.1,030820,,,A*43
$GPGGA,214439.00,3729.668697,N,12213.594529,W,7,,0.40,-23.85,M,0.0,M,0.0,0000*70
$GPRMC,214439.00,A,3729.668697,N,12213.594529,W,062.5,292.0,030820,,,A*4E
$GPGGA,214440.00,3729.674835,N,12213.614593,W,7,,0.40,-23.85,M,0.0,M,0.0,0000*7F
$GPRMC,214440.00,A,3729.674835,N,12213.614593,W,061.9,291.3,030820,,,A*4E
$GPGGA,214441.00,3729.680722,N,12213.633902,W,7,,0.40,-23.75,M,0.0,M,0.0,0000*72
$GPRMC,214441.00,A,3729.680722,N,12213.633902,W,063.5,291.3,030820,,,A*42
$GPGGA,214442.00,3729.686992,N,12213.654800,W,7,,0.40,-23.88,M,0.0,M,0.0,0000*72
$GPRMC,214442.00,A,3729.686992,N,12213.654800,W,062.0,290.9,030820,,,A*4F
$GPGGA,214443.00,3729.692847,N,12213.675025,W,7,,0.40,-24.21,M,0.0,M,0.0,0000*77
$GPRMC,214443.00,A,3729.692847,N,12213.675025,W,061.4,290.2,030820,,,A*42
$GPGGA,214444.00,3729.698463,N,12213.694861,W,7,,0.40,-24.72,M,0.0,M,0.0,0000*71
$GPRMC,214444.00,A,3729.698463,N,12213.694861,W,063.2,290.0,030820,,,A*44
$GPGGA,214445.00,3729.704584,N,12213.716816,W,7,,0.40,-25.09,M,0.0,M,0.0,0000*7A
$GPRMC,214445.00,A,3729.704584,N,12213.716816,W,063.5,289.4,030820,,,A*49
$GPGGA,214446.00,3729.710511,N,12213.738061,W,7,,0.40,-25.20,M,0.0,M,0.0,0000*7F
$GPRMC,214446.00,A,3729.710511,N,12213.738061,W,065.5,289.4,030820,,,A*41
$GPGGA,214447.00,3729.716673,N,12213.760369,W,7,,0.40,-25.21,M,0.0,M,0.0,0000*78
$GPRMC,214447.00,A,3729.716673,N,12213.760369,W,066.6,289.3,030820,,,A*40
$GPGGA,214448.00,3729.722883,N,12213.782852,W,7,,0.40,-25.34,M,0.0,M,0.0,0000*7A
$GPRMC,214448.00,A,3729.722883,N,12213.782852,W,066.8,289.2,030820,,,A*49
$GPGGA,214449.00,3729.729028,N,12213.804944,W,7,,0.40,-25.39,M,0.0,M,0.0,0000*73
$GPRMC,214449.00,A,3729.729028,N,12213.804944,W,067.5,289.3,030820,,,A*40
$GPGGA,214450.00,3729.735292,N,12213.827263,W,7,,0.40,-25.40,M,0.0,M,0.0,0000*74
$GPRMC,214450.00,A,3729.735292,N,12213.827263,W,067.4,289.4,030820,,,A*4F
$GPGGA,214451.00,3729.741472,N,12213.849074,W,7,,0.40,-25.48,M,0.0,M,0.0,0000*7A
$GPRMC,214451.00,A,3729.741472,N,12213.849074,W,067.9,289.6,030820,,,A*46
$GPGGA,214452.00,3729.747820,N,12213.871561,W,7,,0.40,-25.40,M,0.0,M,0.0,0000*76
$GPRMC,214452.00,A,3729.747820,N,12213.871561,W,067.0,289.5,030820,,,A*48
$GPGGA,214453.00,3729.754041,N,12213.893342,W,7,,0.40,-25.43,M,0.0,M,0.0,0000*72
$GPRMC,214453.00,A,3729.754041,N,12213.893342,W,066.7,289.6,030820,,,A*4A
$GPGGA,214454.00,3729.760258,N,12213.915128,W,7,,0.40,-25.56,M,0.0,M,0.0,0000*7D
$GPRMC,214454.00,A,3729.760258,N,12213.915128,W,066.6,289.6,030820,,,A*40
$GPGGA,214455.00,3729.766401,N,12213.936991,W,7,,0.40,-25.53,M,0.0,M,0.0,0000*7E
$GPRMC,214455.00,A,3729.766401,N,12213.936991,W,067.0,289.6,030820,,,A*41
$GPGGA,214456.00,3729.772774,N,12213.959731,W,7,,0.40,-25.58,M,0.0,M,0.0,0000*7F
$GPRMC,214456.00,A,3729.772774,N,12213.959731,W,065.7,289.3,030820,,,A*4B
$GPGGA,214457.00,3729.778864,N,12213.980941,W,7,,0.40,-25.54,M,0.0,M,0.0,0000*7B
$GPRMC,214457.00,A,3729.778864,N,12213.980941,W,067.4,289.6,030820,,,A*47
$GPGGA,214458.00,3729.785337,N,12214.003514,W,7,,0.40,-24.88,M,0.0,M,0.0,0000*72
$GPRMC,214458.00,A,3729.785337,N,12214.003514,W,069.8,289.8,030820,,,A*42
$GPGGA,214459.00,3729.792094,N,12214.027442,W,7,,0.40,-24.68,M,0.0,M,0.0,0000*75
$GPRMC,214459.00,A,3729.792094,N,12214.027442,W,067.3,289.5,030820,,,A*43
$GPGGA,214500.00,3729.798478,N,12214.049798,W,7,,0.40,-24.69,M,0.0,M,0.0,0000*79
$GPRMC,214500.00,A,3729.798478,N,12214.049798,W,066.9,289.4,030820,,,A*44
$GPGGA,214501.00,3729.804819,N,12214.071763,W,7,,0.40,-24.64,M,0.0,M,0.0,0000*7B
$GPRMC,214501.00,A,3729.804819,N,12214.071763,W,068.8,289.7,030820,,,A*47
$GPGGA,214502.00,3729.811684,N,12214.094564,W,7,,0.40,-24.61,M,0.0,M,0.0,0000*7D
$GPRMC,214502.00,A,3729.811684,N,12214.094564,W,069.7,290.3,030820,,,A*46
$GPGGA,214503.00,3729.818956,N,12214.117100,W,7,,0.40,-24.54,M,0.0,M,0.0,0000*7F
$GPRMC,214503.00,A,3729.818956,N,12214.117100,W,070.4,291.4,030820,,,A*4F
$GPGGA,214504.00,3729.826635,N,12214.139395,W,7,,0.40,-24.49,M,0.0,M,0.0,0000*71
$GPRMC,214504.00,A,3729.826635,N,12214.139395,W,071.5,292.7,030820,,,A*4D
$GPGGA,214505.00,3729.835156,N,12214.162231,W,7,,0.40,-24.36,M,0.0,M,0.0,0000*79
$GPRMC,214505.00,A,3729.835156,N,12214.162231,W,070.3,294.1,030820,,,A*4A
$GPGGA,214506.00,3729.843951,N,12214.184042,W,7,,0.40,-24.34,M,0.0,M,0.0,0000*78
$GPRMC,214506.00,A,3729.843951,N,12214.184042,W,070.3,295.7,030820,,,A*4E
$GPGGA,214507.00,3729.853312,N,12214.205756,W,7,,0.40,-24.29,M,0.0,M,0.0,0000*71
$GPRMC,214507.00,A,3729.853312,N,12214.205756,W,070.6,297.3,030820,,,A*48
$GPGGA,214508.00,3729.863236,N,12214.227079,W,7,,0.40,-24.35,M,0.0,M,0.0,0000*7D
$GPRMC,214508.00,A,3729.863236,N,12214.227079,W,071.7,299.1,030820,,,A*45
$GPGGA,214509.00,3729.874252,N,12214.249339,W,7,,0.40,-24.25,M,0.0,M,0.0,0000*76
$GPRMC,214509.00,A,3729.874252,N,12214.249339,W,067.0,300.7,030820,,,A*48
$GPGGA,214510.00,3729.884650,N,12214.268587,W,7,,0.40,-24.38,M,0.0,M,0.0,0000*7B
$GPRMC,214510.00,A,3729.884650,N,12214.268587,W,071.1,302.7,030820,,,A*4D
$GPGGA,214511.00,3729.896565,N,12214.289095,W,7,,0.40,-24.34,M,0.0,M,0.0,0000*79
$GPRMC,214511.00,A,3729.896565,N,12214.289095,W,074.8,304.7,030820,,,A*49
$GPGGA,214512.00,3729.910239,N,12214.310893,W,7,,0.40,-24.37,M,0.0,M,0.0,0000*77
$GPRMC,214512.00,A,3729.910239,N,12214.310893,W,068.1,306.8,030820,,,A*4D
$GPGGA,214513.00,3729.922120,N,12214.328257,W,7,,0.40,-24.19,M,0.0,M,0.0,0000*79
$GPRMC,214513.00,A,3729.922120,N,12214.328257,W,074.4,308.9,030820,,,A*48
$GPGGA,214514.00,3729.936670,N,12214.348334,W,7,,0.40,-24.21,M,0.0,M,0.0,0000*70
$GPRMC,214514.00,A,3729.936670,N,12214.348334,W,074.8,310.9,030820,,,A*4F
$GPGGA,214515.00,3729.950986,N,12214.366646,W,7,,0.40,-24.16,M,0.0,M,0.0,0000*7F
$GPRMC,214515.00,A,3729.950986,N,12214.366646,W,075.9,313.0,030820,,,A*4E
$GPGGA,214516.00,3729.966304,N,12214.384831,W,7,,0.40,-24.10,M,0.0,M,0.0,0000*7D
$GPRMC,214516.00,A,3729.966304,N,12214.384831,W,073.8,315.1,030820,,,A*4A
$GPGGA,214517.00,3729.981099,N,12214.401632,W,7,,0.40,-24.11,M,0.0,M,0.0,0000*74
$GPRMC,214517.00,A,3729.981099,N,12214.401632,W,074.4,316.7,030820,,,A*4C
$GPGGA,214518.00,3729.996297,N,12214.418720,W,7,,0.40,-24.05,M,0.0,M,0.0,0000*7E
$GPRMC,214518.00,A,3729.996297,N,12214.418720,W,073.0,317.5,030820,,,A*43
$GPGGA,214519.00,3730.011081,N,12214.435345,W,7,,0.40,-24.02,M,0.0,M,0.0,0000*7B
$GPRMC,214519.00,A,3730.011081,N,12214.435345,W,071.5,317.8,030820,,,A*4B
$GPGGA,214520.00,3730.025523,N,12214.451678,W,7,,0.40,-24.19,M,0.0,M,0.0,0000*78
$GPRMC,214520.00,A,3730.025523,N,12214.451678,W,070.8,317.9,030820,,,A*4F
$GPGGA,214521.00,3730.039918,N,12214.468033,W,7,,0.40,-24.20,M,0.0,M,0.0,0000*79
$GPRMC,214521.00,A,3730.039918,N,12214.468033,W,069.7,317.9,030820,,,A*43
$GPGGA,214522.00,3730.053970,N,12214.484047,W,7,,0.40,-24.39,M,0.0,M,0.0,0000*71
$GPRMC,214522.00,A,3730.053970,N,12214.484047,W,069.5,317.8,030820,,,A*40
$GPGGA,214523.00,3730.068105,N,12214.500277,W,7,,0.40,-24.51,M,0.0,M,0.0,0000*70
$GPRMC,214523.00,A,3730.068105,N,12214.500277,W,068.3,317.7,030820,,,A*47
$GPGGA,214524.00,3730.082014,N,12214.516238,W,7,,0.40,-24.47,M,0.0,M,0.0,0000*79
$GPRMC,214524.00,A,3730.082014,N,12214.516238,W,067.3,317.6,030820,,,A*47
$GPGGA,214525.00,3730.095747,N,12214.531952,W,7,,0.40,-24.52,M,0.0,M,0.0,0000*79
$GPRMC,214525.00,A,3730.095747,N,12214.531952,W,067.4,317.6,030820,,,A*44
$GPGGA,214526.00,3730.109505,N,12214.547564,W,7,,0.40,-24.35,M,0.0,M,0.0,0000*73
$GPRMC,214526.00,A,3730.109505,N,12214.547564,W,067.9,317.8,030820,,,A*4C
$GPGGA,214527.00,3730.123617,N,12214.563620,W,7,,0.40,-24.31,M,0.0,M,0.0,0000*7B
$GPRMC,214527.00,A,3730.123617,N,12214.563620,W,065.9,317.8,030820,,,A*42
$GPGGA,214528.00,3730.137328,N,12214.579249,W,7,,0.40,-24.28,M,0.0,M,0.0,0000*70
$GPRMC,214528.00,A,3730.137328,N,12214.579249,W,065.4,317.8,030820,,,A*4C
$GPGGA,214529.00,3730.150581,N,12214.594370,W,7,,0.40,-24.41,M,0.0,M,0.0,0000*72
$GPRMC,214529.00,A,3730.150581,N,12214.594370,W,070.0,317.7,030820,,,A*4E
$GPGGA,214530.00,3730.165539,N,12214.611344,W,7,,0.40,-24.35,M,0.0,M,0.0,0000*75
$GPRMC,214530.00,A,3730.165539,N,12214.611344,W,067.2,317.8,030820,,,A*41
$GPGGA,214531.00,3730.179310,N,12214.626919,W,7,,0.40,-24.41,M,0.0,M,0.0,0000*71
$GPRMC,214531.00,A,3730.179310,N,12214.626919,W,067.0,318.0,030820,,,A*43
$GPGGA,214532.00,3730.193115,N,12214.642459,W,7,,0.40,-24.28,M,0.0,M,0.0,0000*75
$GPRMC,214532.00,A,3730.193115,N,12214.642459,W,069.3,318.1,030820,,,A*44
$GPGGA,214533.00,3730.207419,N,12214.658438,W,7,,0.40,-24.36,M,0.0,M,0.0,0000*70
$GPRMC,214533.00,A,3730.207419,N,12214.658438,W,070.4,318.2,030820,,,A*42
$GPGGA,214534.00,3730.222089,N,12214.674799,W,7,,0.40,-24.40,M,0.0,M,0.0,0000*7A
$GPRMC,214534.00,A,3730.222089,N,12214.674799,W,067.5,318.4,030820,,,A*48
$GPGGA,214535.00,3730.235733,N,12214.690022,W,7,,0.40,-24.32,M,0.0,M,0.0,0000*73
$GPRMC,214535.00,A,3730.235733,N,12214.690022,W,068.1,318.4,030820,,,A*4F
$GPGGA,214536.00,3730.249468,N,12214.705556,W,7,,0.40,-24.25,M,0.0,M,0.0,0000*7B
$GPRMC,214536.00,A,3730.249468,N,12214.705556,W,069.2,318.1,030820,,,A*46
$GPGGA,214537.00,3730.263717,N,12214.721720,W,7,,0.40,-24.24,M,0.0,M,0.0,0000*7D
$GPRMC,214537.00,A,3730.263717,N,12214.721720,W,066.7,318.0,030820,,,A*4A
$GPGGA,214538.00,3730.277524,N,12214.737403,W,7,,0.40,-24.25,M,0.0,M,0.0,0000*71
$GPRMC,214538.00,A,3730.277524,N,12214.737403,W,063.7,317.9,030820,,,A*44
$GPGGA,214539.00,3730.290531,N,12214.752253,W,7,,0.40,-24.19,M,0.0,M,0.0,0000*72
$GPRMC,214539.00,A,3730.290531,N,12214.752253,W,066.6,317.8,030820,,,A*4D
$GPGGA,214540.00,3730.304463,N,12214.768195,W,7,,0.40,-24.13,M,0.0,M,0.0,0000*7C
$GPRMC,214540.00,A,3730.304463,N,12214.768195,W,068.0,317.7,030820,,,A*4E
$GPGGA,214541.00,3730.318594,N,12214.784390,W,7,,0.40,-24.02,M,0.0,M,0.0,0000*7C
$GPRMC,214541.00,A,3730.318594,N,12214.784390,W,067.3,317.7,030820,,,A*42
$GPGGA,214542.00,3730.332472,N,12214.800206,W,7,,0.40,-24.06,M,0.0,M,0.0,0000*77
$GPRMC,214542.00,A,3730.332472,N,12214.800206,W,067.5,317.7,030820,,,A*4B
$GPGGA,214543.00,3730.346493,N,12214.816039,W,7,,0.40,-24.06,M,0.0,M,0.0,0000*73
$GPRMC,214543.00,A,3730.346493,N,12214.816039,W,068.1,318.0,030820,,,A*4C
$GPGGA,214544.00,3730.360816,N,12214.832174,W,7,,0.40,-24.03,M,0.0,M,0.0,0000*7A
$GPRMC,214544.00,A,3730.360816,N,12214.832174,W,067.6,318.1,030820,,,A*49
$GPGGA,214545.00,3730.374837,N,12214.848092,W,7,,0.40,-24.04,M,0.0,M,0.0,0000*7E
$GPRMC,214545.00,A,3730.374837,N,12214.848092,W,068.9,318.0,030820,,,A*4B
$GPGGA,214546.00,3730.389357,N,12214.864634,W,7,,0.40,-23.87,M,0.0,M,0.0,0000*7A
$GPRMC,214546.00,A,3730.389357,N,12214.864634,W,068.3,317.9,030820,,,A*4F
$GPGGA,214547.00,3730.403458,N,12214.880702,W,7,,0.40,-23.89,M,0.0,M,0.0,0000*76
$GPRMC,214547.00,A,3730.403458,N,12214.880702,W,069.9,317.8,030820,,,A*47
$GPGGA,214548.00,3730.417972,N,12214.897243,W,7,,0.44,-23.84,M,0.0,M,0.0,0000*76
$GPRMC,214548.00,A,3730.417972,N,12214.897243,W,070.1,317.8,030820,,,A*4E
$GPGGA,214549.00,3730.432672,N,12214.913954,W,7,,0.44,-23.83,M,0.0,M,0.0,0000*78
$GPRMC,214549.00,A,3730.432672,N,12214.913954,W,068.1,317.8,030820,,,A*4E
$GPGGA,214550.00,3730.446544,N,12214.929662,W,7,,0.43,-23.89,M,0.0,M,0.0,0000*7B
$GPRMC,214550.00,A,3730.446544,N,12214.929662,W,070.6,317.9,030820,,,A*4F
$GPGGA,214551.00,3730.461454,N,12214.946528,W,7,,0.44,-23.87,M,0.0,M,0.0,0000*72
$GPRMC,214551.00,A,3730.461454,N,12214.946528,W,068.7,318.0,030820,,,A*41
$GPGGA,214552.00,3730.475379,N,12214.962301,W,7,,0.44,-23.89,M,0.0,M,0.0,0000*79
$GPRMC,214552.00,A,3730.475379,N,12214.962301,W,070.1,318.0,030820,,,A*4B
$GPGGA,214553.00,3730.489768,N,12214.978591,W,7,,0.40,-23.96,M,0.0,M,0.0,0000*71
$GPRMC,214553.00,A,3730.489768,N,12214.978591,W,070.1,318.0,030820,,,A*49
$GPGGA,214554.00,3730.503856,N,12214.994552,W,7,,0.40,-23.97,M,0.0,M,0.0,0000*7B
$GPRMC,214554.00,A,3730.503856,N,12214.994552,W,069.4,318.0,030820,,,A*4F
$GPGGA,214555.00,3730.517794,N,12215.010283,W,7,,0.40,-23.89,M,0.0,M,0.0,0000*7E
$GPRMC,214555.00,A,3730.517794,N,12215.010283,W,068.2,318.1,030820,,,A*43
$GPGGA,214556.00,3730.531563,N,12215.025823,W,7,,0.40,-23.98,M,0.0,M,0.0,0000*75
$GPRMC,214556.00,A,3730.531563,N,12215.025823,W,066.4,318.1,030820,,,A*40
$GPGGA,214557.00,3730.545177,N,12215.041142,W,7,,0.40,-23.89,M,0.0,M,0.0,0000*7A
$GPRMC,214557.00,A,3730.545177,N,12215.041142,W,065.5,318.2,030820,,,A*4E
$GPGGA,214558.00,3730.558642,N,12215.056405,W,7,,0.40,-23.82,M,0.0,M,0.0,0000*73
$GPRMC,214558.00,A,3730.558642,N,12215.056405,W,066.6,318.0,030820,,,A*4E
$GPGGA,214559.00,3730.572465,N,12215.072143,W,7,,0.40,-23.83,M,0.0,M,0.0,0000*7D
$GPRMC,214559.00,A,3730.572465,N,12215.072143,W,066.9,317.9,030820,,,A*48
$GPGGA,214600.00,3730.586302,N,12215.087911,W,7,,0.40,-23.82,M,0.0,M,0.0,0000*7B
$GPRMC,214600.00,A,3730.586302,N,12215.087911,W,067.0,317.8,030820,,,A*46
$GPGGA,214601.00,3730.600137,N,12215.103757,W,7,,0.40,-23.95,M,0.0,M,0.0,0000*74
$GPRMC,214601.00,A,3730.600137,N,12215.103757,W,067.1,317.7,030820,,,A*41
$GPGGA,214602.00,3730.614214,N,12215.119862,W,7,,0.40,-23.93,M,0.0,M,0.0,0000*74
$GPRMC,214602.00,A,3730.614214,N,12215.119862,W,066.5,317.7,030820,,,A*42
$GPGGA,214603.00,3730.628002,N,12215.135534,W,7,,0.40,-24.06,M,0.0,M,0.0,0000*74
$GPRMC,214603.00,A,3730.628002,N,12215.135534,W,068.5,317.8,030820,,,A*48
$GPGGA,214604.00,3730.642431,N,12215.151799,W,7,,0.40,-24.07,M,0.0,M,0.0,0000*7D
$GPRMC,214604.00,A,3730.642431,N,12215.151799,W,068.5,318.0,030820,,,A*47
$GPGGA,214605.00,3730.656574,N,12215.167663,W,7,,0.40,-24.04,M,0.0,M,0.0,0000*7B
$GPRMC,214605.00,A,3730.656574,N,12215.167663,W,068.2,318.2,030820,,,A*47
$GPGGA,214606.00,3730.670451,N,12215.183342,W,7,,0.40,-24.02,M,0.0,M,0.0,0000*70
$GPRMC,214606.00,A,3730.670451,N,12215.183342,W,067.5,318.0,030820,,,A*40
$GPGGA,214607.00,3730.684023,N,12215.198815,W,7,,0.40,-24.12,M,0.0,M,0.0,0000*79
$GPRMC,214607.00,A,3730.684023,N,12215.198815,W,067.5,317.9,030820,,,A*4E
$GPGGA,214608.00,3730.697794,N,12215.214613,W,7,,0.40,-24.14,M,0.0,M,0.0,0000*76
$GPRMC,214608.00,A,3730.697794,N,12215.214613,W,066.8,317.7,030820,,,A*45
$GPGGA,214609.00,3730.711468,N,12215.230382,W,7,,0.40,-24.11,M,0.0,M,0.0,0000*76
$GPRMC,214609.00,A,3730.711468,N,12215.230382,W,066.0,317.6,030820,,,A*49
$GPGGA,214610.00,3730.725057,N,12215.246083,W,7,,0.40,-24.22,M,0.0,M,0.0,0000*72
$GPRMC,214610.00,A,3730.725057,N,12215.246083,W,066.5,317.5,030820,,,A*4B
$GPGGA,214611.00,3730.738917,N,12215.261923,W,7,,0.40,-24.20,M,0.0,M,0.0,0000*76
$GPRMC,214611.00,A,3730.738917,N,12215.261923,W,066.8,317.6,030820,,,A*43
$GPGGA,214612.00,3730.752681,N,12215.277572,W,7,,0.40,-24.22,M,0.0,M,0.0,0000*74
$GPRMC,214612.00,A,3730.752681,N,12215.277572,W,067.9,317.7,030820,,,A*42
$GPGGA,214613.00,3730.766757,N,12215.293574,W,7,,0.40,-24.23,M,0.0,M,0.0,0000*75
$GPRMC,214613.00,A,3730.766757,N,12215.293574,W,067.5,317.8,030820,,,A*41
$GPGGA,214614.00,3730.780623,N,12215.309372,W,7,,0.40,-24.31,M,0.0,M,0.0,0000*79
$GPRMC,214614.00,A,3730.780623,N,12215.309372,W,067.3,317.8,030820,,,A*48
$GPGGA,214615.00,3730.794519,N,12215.325284,W,7,,0.40,-24.29,M,0.0,M,0.0,0000*78
$GPRMC,214615.00,A,3730.794519,N,12215.325284,W,067.0,317.7,030820,,,A*4C
$GPGGA,214616.00,3730.808301,N,12215.341099,W,7,,0.40,-24.31,M,0.0,M,0.0,0000*7B
$GPRMC,214616.00,A,3730.808301,N,12215.341099,W,067.5,317.6,030820,,,A*42
$GPGGA,214617.00,3730.822143,N,12215.356922,W,7,,0.40,-24.31,M,0.0,M,0.0,0000*79
$GPRMC,214617.00,A,3730.822143,N,12215.356922,W,068.3,317.7,030820,,,A*48
$GPGGA,214618.00,3730.836837,N,12215.371063,W,7,,0.44,-24.64,M,0.0,M,0.0,0000*74
$GPRMC,214618.00,A,3730.836837,N,12215.371063,W,066.1,320.1,030820,,,A*4F
$GPGGA,214619.00,3730.851238,N,12215.385349,W,7,,0.48,-24.68,M,0.0,M,0.0,0000*71
$GPRMC,214619.00,A,3730.851238,N,12215.385349,W,066.0,320.6,030820,,,A*4C
$GPGGA,214620.00,3730.865739,N,12215.400152,W,7,,0.52,-24.55,M,0.0,M,0.0,0000*7F
$GPRMC,214620.00,A,3730.865739,N,12215.400152,W,066.4,320.5,030820,,,A*40
$GPGGA,214621.00,3730.879678,N,12215.415385,W,7,,0.52,-24.71,M,0.0,M,0.0,0000*7D
$GPRMC,214621.00,A,3730.879678,N,12215.415385,W,066.6,319.5,030820,,,A*4C
$GPGGA,214622.00,3730.893813,N,12215.430902,W,7,,0.52,-24.94,M,0.0,M,0.0,0000*70
$GPRMC,214622.00,A,3730.893813,N,12215.430902,W,067.7,319.1,030820,,,A*4E
$GPGGA,214623.00,3730.907914,N,12215.446579,W,7,,0.50,-24.89,M,0.0,M,0.0,0000*74
$GPRMC,214623.00,A,3730.907914,N,12215.446579,W,067.8,318.8,030820,,,A*43
$GPGGA,214624.00,3730.921930,N,12215.462161,W,7,,0.47,-24.83,M,0.0,M,0.0,0000*76
$GPRMC,214624.00,A,3730.921930,N,12215.462161,W,067.6,318.6,030820,,,A*4D
$GPGGA,214625.00,3730.935957,N,12215.477611,W,7,,0.40,-24.53,M,0.0,M,0.0,0000*7D
$GPRMC,214625.00,A,3730.935957,N,12215.477611,W,066.2,318.7,030820,,,A*48
$GPGGA,214626.00,3730.949476,N,12215.492858,W,7,,0.40,-24.55,M,0.0,M,0.0,0000*75
$GPRMC,214626.00,A,3730.949476,N,12215.492858,W,066.3,318.3,030820,,,A*43
$GPGGA,214627.00,3730.963294,N,12215.508319,W,7,,0.40,-24.29,M,0.0,M,0.0,0000*71
$GPRMC,214627.00,A,3730.963294,N,12215.508319,W,066.4,318.2,030820,,,A*4A
$GPGGA,214628.00,3730.976938,N,12215.523685,W,7,,0.40,-24.43,M,0.0,M,0.0,0000*72
$GPRMC,214628.00,A,3730.976938,N,12215.523685,W,067.1,318.1,030820,,,A*42
$GPGGA,214629.00,3730.990821,N,12215.539424,W,7,,0.40,-24.43,M,0.0,M,0.0,0000*70
$GPRMC,214629.00,A,3730.990821,N,12215.539424,W,066.4,318.0,030820,,,A*45
$GPGGA,214630.00,3731.004441,N,12215.554964,W,7,,0.40,-24.27,M,0.0,M,0.0,0000*77
$GPRMC,214630.00,A,3731.004441,N,12215.554964,W,066.5,317.8,030820,,,A*46
$GPGGA,214631.00,3731.018265,N,12215.570563,W,7,,0.40,-24.25,M,0.0,M,0.0,0000*74
$GPRMC,214631.00,A,3731.018265,N,12215.570563,W,065.7,317.9,030820,,,A*47
$GPGGA,214632.00,3731.032060,N,12215.585431,W,7,,0.40,-24.07,M,0.0,M,0.0,0000*74
$GPRMC,214632.00,A,3731.032060,N,12215.585431,W,066.7,318.7,030820,,,A*45
$GPGGA,214633.00,3731.045782,N,12215.601115,W,7,,0.40,-24.00,M,0.0,M,0.0,0000*75
$GPRMC,214633.00,A,3731.045782,N,12215.601115,W,065.7,318.2,030820,,,A*45
$GPGGA,214634.00,3731.059462,N,12215.616349,W,7,,0.40,-23.76,M,0.0,M,0.0,0000*79
$GPRMC,214634.00,A,3731.059462,N,12215.616349,W,066.6,318.4,030820,,,A*4B
$GPGGA,214635.00,3731.073700,N,12215.632207,W,7,,0.40,-23.27,M,0.0,M,0.0,0000*7E
$GPRMC,214635.00,A,3731.073700,N,12215.632207,W,064.2,318.4,030820,,,A*4E
$GPGGA,214636.00,3731.086659,N,12215.646787,W,7,,0.40,-23.23,M,0.0,M,0.0,0000*70
$GPRMC,214636.00,A,3731.086659,N,12215.646787,W,067.0,318.2,030820,,,A*43
$GPGGA,214637.00,3731.100502,N,12215.662376,W,7,,0.40,-23.09,M,0.0,M,0.0,0000*77
$GPRMC,214637.00,A,3731.100502,N,12215.662376,W,066.6,318.2,030820,,,A*4B
$GPGGA,214638.00,3731.114008,N,12215.677519,W,7,,0.40,-22.75,M,0.0,M,0.0,0000*73
$GPRMC,214638.00,A,3731.114008,N,12215.677519,W,065.0,318.3,030820,,,A*41
$GPGGA,214639.00,3731.127201,N,12215.692310,W,7,,0.40,-22.79,M,0.0,M,0.0,0000*71
$GPRMC,214639.00,A,3731.127201,N,12215.692310,W,063.9,318.2,030820,,,A*41
$GPGGA,214640.00,3731.140012,N,12215.707189,W,7,,0.40,-22.68,M,0.0,M,0.0,0000*71
$GPRMC,214640.00,A,3731.140012,N,12215.707189,W,063.9,317.7,030820,,,A*4B
$GPGGA,214641.00,3731.153002,N,12215.722154,W,7,,0.40,-22.55,M,0.0,M,0.0,0000*7A
$GPRMC,214641.00,A,3731.153002,N,12215.722154,W,063.7,317.6,030820,,,A*41
$GPGGA,214642.00,3731.166034,N,12215.737093,W,7,,0.44,-22.34,M,0.0,M,0.0,0000*77
$GPRMC,214642.00,A,3731.166034,N,12215.737093,W,063.2,317.6,030820,,,A*4A
$GPGGA,214643.00,3731.178910,N,12215.751794,W,7,,0.47,-22.19,M,0.0,M,0.0,0000*7A
$GPRMC,214643.00,A,3731.178910,N,12215.751794,W,063.0,317.6,030820,,,A*49
$GPGGA,214644.00,3731.191930,N,12215.766572,W,7,,0.47,-21.97,M,0.0,M,0.0,0000*73
$GPRMC,214644.00,A,3731.191930,N,12215.766572,W,062.9,317.7,030820,,,A*4C
$GPGGA,214645.00,3731.204943,N,12215.781361,W,7,,0.47,-21.71,M,0.0,M,0.0,0000*7C
$GPRMC,214645.00,A,3731.204943,N,12215.781361,W,063.2,317.8,030820,,,A*4E
$GPGGA,214646.00,3731.218143,N,12215.796260,W,7,,0.48,-21.64,M,0.0,M,0.0,0000*77
$GPRMC,214646.00,A,3731.218143,N,12215.796260,W,063.2,318.0,030820,,,A*49
$GPGGA,214647.00,3731.231343,N,12215.811073,W,7,,0.47,-21.48,M,0.0,M,0.0,0000*7E
$GPRMC,214647.00,A,3731.231343,N,12215.811073,W,063.8,318.2,030820,,,A*49
$GPGGA,214648.00,3731.244741,N,12215.826151,W,7,,0.40,-21.50,M,0.0,M,0.0,0000*7E
$GPRMC,214648.00,A,3731.244741,N,12215.826151,W,063.8,318.1,030820,,,A*44
$GPGGA,214649.00,3731.257983,N,12215.841175,W,7,,0.40,-21.54,M,0.0,M,0.0,0000*7E
$GPRMC,214649.00,A,3731.257983,N,12215.841175,W,065.0,318.0,030820,,,A*4F
$GPGGA,214650.00,3731.271543,N,12215.856583,W,7,,0.40,-21.40,M,0.0,M,0.0,0000*7C
$GPRMC,214650.00,A,3731.271543,N,12215.856583,W,064.7,317.9,030820,,,A*48
$GPGGA,214651.00,3731.284899,N,12215.871751,W,7,,0.40,-21.32,M,0.0,M,0.0,0000*70
$GPRMC,214651.00,A,3731.284899,N,12215.871751,W,065.6,317.8,030820,,,A*40
$GPGGA,214652.00,3731.298826,N,12215.887514,W,7,,0.40,-21.24,M,0.0,M,0.0,0000*77
$GPRMC,214652.00,A,3731.298826,N,12215.887514,W,063.5,318.0,030820,,,A*42
$GPGGA,214653.00,3731.312085,N,12215.902561,W,7,,0.40,-21.01,M,0.0,M,0.0,0000*7D
$GPRMC,214653.00,A,3731.312085,N,12215.902561,W,064.1,317.9,030820,,,A*4A
$GPGGA,214654.00,3731.325621,N,12215.917981,W,7,,0.40,-21.02,M,0.0,M,0.0,0000*73
$GPRMC,214654.00,A,3731.325621,N,12215.917981,W,064.1,317.8,030820,,,A*46
$GPGGA,214655.00,3731.338846,N,12215.932946,W,7,,0.40,-21.03,M,0.0,M,0.0,0000*7C
$GPRMC,214655.00,A,3731.338846,N,12215.932946,W,065.2,318.0,030820,,,A*4D
$GPGGA,214656.00,3731.352207,N,12215.948029,W,7,,0.40,-21.10,M,0.0,M,0.0,0000*73
$GPRMC,214656.00,A,3731.352207,N,12215.948029,W,066.3,318.0,030820,,,A*42
$GPGGA,214657.00,3731.365629,N,12215.963383,W,7,,0.40,-21.05,M,0.0,M,0.0,0000*70
$GPRMC,214657.00,A,3731.365629,N,12215.963383,W,066.6,317.8,030820,,,A*47
$GPGGA,214658.00,3731.379129,N,12215.978876,W,7,,0.40,-21.04,M,0.0,M,0.0,0000*7F
$GPRMC,214658.00,A,3731.379129,N,12215.978876,W,065.6,317.7,030820,,,A*45
$GPGGA,214659.00,3731.392390,N,12215.994073,W,7,,0.40,-20.98,M,0.0,M,0.0,0000*70
$GPRMC,214659.00,A,3731.392390,N,12215.994073,W,065.0,317.6,030820,,,A*49
$GPGGA,214700.00,3731.405776,N,12216.009218,W,7,,0.40,-21.00,M,0.0,M,0.0,0000*79
$GPRMC,214700.00,A,3731.405776,N,12216.009218,W,065.1,317.9,030820,,,A*4E
$GPGGA,214701.00,3731.419282,N,12216.024398,W,7,,0.40,-21.20,M,0.0,M,0.0,0000*7F
$GPRMC,214701.00,A,3731.419282,N,12216.024398,W,064.5,318.1,030820,,,A*48
$GPGGA,214702.00,3731.432613,N,12216.039385,W,7,,0.40,-21.26,M,0.0,M,0.0,0000*7F
$GPRMC,214702.00,A,3731.432613,N,12216.039385,W,065.1,318.2,030820,,,A*48
$GPGGA,214703.00,3731.446174,N,12216.054590,W,7,,0.40,-21.24,M,0.0,M,0.0,0000*70
$GPRMC,214703.00,A,3731.446174,N,12216.054590,W,065.8,318.2,030820,,,A*4C
$GPGGA,214704.00,3731.459968,N,12216.070051,W,7,,0.40,-21.19,M,0.0,M,0.0,0000*7C
$GPRMC,214704.00,A,3731.459968,N,12216.070051,W,065.5,318.3,030820,,,A*42
$GPGGA,214705.00,3731.473617,N,12216.085345,W,7,,0.40,-21.08,M,0.0,M,0.0,0000*7E
$GPRMC,214705.00,A,3731.473617,N,12216.085345,W,065.7,318.3,030820,,,A*42
$GPGGA,214706.00,3731.487292,N,12216.100766,W,7,,0.40,-20.99,M,0.0,M,0.0,0000*7F
$GPRMC,214706.00,A,3731.487292,N,12216.100766,W,066.2,318.2,030820,,,A*4D
$GPGGA,214707.00,3731.501248,N,12216.116425,W,7,,0.40,-21.01,M,0.0,M,0.0,0000*75
$GPRMC,214707.00,A,3731.501248,N,12216.116425,W,065.9,318.3,030820,,,A*4E
$GPGGA,214708.00,3731.514904,N,12216.131798,W,7,,0.40,-21.03,M,0.0,M,0.0,0000*7F
$GPRMC,214708.00,A,3731.514904,N,12216.131798,W,066.9,318.2,030820,,,A*44
$GPGGA,214709.00,3731.528817,N,12216.147607,W,7,,0.40,-21.06,M,0.0,M,0.0,0000*71
$GPRMC,214709.00,A,3731.528817,N,12216.147607,W,066.7,318.0,030820,,,A*43
$GPGGA,214710.00,3731.542558,N,12216.163171,W,7,,0.40,-21.10,M,0.0,M,0.0,0000*74
$GPRMC,214710.00,A,3731.542558,N,12216.163171,W,066.6,318.0,030820,,,A*40
$GPGGA,214711.00,3731.556304,N,12216.178639,W,7,,0.40,-20.94,M,0.0,M,0.0,0000*73
$GPRMC,214711.00,A,3731.556304,N,12216.178639,W,066.2,318.1,030820,,,A*4F
$GPGGA,214712.00,3731.569882,N,12216.193976,W,7,,0.40,-21.04,M,0.0,M,0.0,0000*70
$GPRMC,214712.00,A,3731.569882,N,12216.193976,W,065.8,318.1,030820,,,A*4D
$GPGGA,214713.00,3731.583418,N,12216.208640,W,7,,0.40,-21.95,M,0.0,M,0.0,0000*79
$GPRMC,214713.00,A,3731.583418,N,12216.208640,W,064.7,318.6,030820,,,A*45
$GPGGA,214714.00,3731.597344,N,12216.223346,W,7,,0.44,-22.60,M,0.0,M,0.0,0000*72
$GPRMC,214714.00,A,3731.597344,N,12216.223346,W,064.4,319.2,030820,,,A*45
$GPGGA,214715.00,3731.610340,N,12216.237632,W,7,,0.47,-22.23,M,0.0,M,0.0,0000*7C
$GPRMC,214715.00,A,3731.610340,N,12216.237632,W,064.5,318.9,030820,,,A*44
$GPGGA,214716.00,3731.623299,N,12216.252242,W,7,,0.47,-22.05,M,0.0,M,0.0,0000*7E
$GPRMC,214716.00,A,3731.623299,N,12216.252242,W,063.0,318.5,030820,,,A*4C
$GPGGA,214717.00,3731.635863,N,12216.266449,W,7,,0.47,-21.77,M,0.0,M,0.0,0000*7B
$GPRMC,214717.00,A,3731.635863,N,12216.266449,W,062.2,318.3,030820,,,A*4A
$GPGGA,214718.00,3731.648524,N,12216.280820,W,7,,0.47,-21.74,M,0.0,M,0.0,0000*78
$GPRMC,214718.00,A,3731.648524,N,12216.280820,W,061.4,318.1,030820,,,A*4D
$GPGGA,214719.00,3731.661232,N,12216.295165,W,7,,0.47,-21.63,M,0.0,M,0.0,0000*78
$GPRMC,214719.00,A,3731.661232,N,12216.295165,W,061.4,318.1,030820,,,A*4B
$GPGGA,214720.00,3731.674000,N,12216.309578,W,7,,0.40,-21.33,M,0.0,M,0.0,0000*7B
$GPRMC,214720.00,A,3731.674000,N,12216.309578,W,061.9,318.1,030820,,,A*47
$GPGGA,214721.00,3731.686785,N,12216.324319,W,7,,0.40,-21.12,M,0.0,M,0.0,0000*70
$GPRMC,214721.00,A,3731.686785,N,12216.324319,W,061.8,317.7,030820,,,A*47
$GPGGA,214722.00,3731.699301,N,12216.339014,W,7,,0.40,-20.93,M,0.0,M,0.0,0000*7F
$GPRMC,214722.00,A,3731.699301,N,12216.339014,W,062.1,317.3,030820,,,A*4E
$GPGGA,214723.00,3731.712057,N,12216.353887,W,7,,0.40,-20.99,M,0.0,M,0.0,0000*78
$GPRMC,214723.00,A,3731.712057,N,12216.353887,W,062.6,317.3,030820,,,A*44
$GPGGA,214724.00,3731.725203,N,12216.368725,W,7,,0.40,-20.97,M,0.0,M,0.0,0000*79
$GPRMC,214724.00,A,3731.725203,N,12216.368725,W,063.2,317.7,030820,,,A*4A
$GPGGA,214725.00,3731.738422,N,12216.383863,W,7,,0.40,-21.00,M,0.0,M,0.0,0000*76
$GPRMC,214725.00,A,3731.738422,N,12216.383863,W,063.1,317.7,030820,,,A*49
$GPGGA,214726.00,3731.751495,N,12216.398708,W,7,,0.40,-20.71,M,0.0,M,0.0,0000*79
$GPRMC,214726.00,A,3731.751495,N,12216.398708,W,063.5,317.8,030820,,,A*4A
$GPGGA,214727.00,3731.764965,N,12216.413689,W,7,,0.40,-20.19,M,0.0,M,0.0,0000*7E
$GPRMC,214727.00,A,3731.764965,N,12216.413689,W,064.2,318.1,030820,,,A*45
$GPGGA,214728.00,3731.778412,N,12216.428629,W,7,,0.40,-20.21,M,0.0,M,0.0,0000*78
$GPRMC,214728.00,A,3731.778412,N,12216.428629,W,064.0,318.4,030820,,,A*4F
$GPGGA,214729.00,3731.791714,N,12216.443665,W,7,,0.40,-19.93,M,0.0,M,0.0,0000*7D
$GPRMC,214729.00,A,3731.791714,N,12216.443665,W,064.3,318.2,030820,,,A*4C
$GPGGA,214730.00,3731.805171,N,12216.458677,W,7,,0.40,-19.76,M,0.0,M,0.0,0000*70
$GPRMC,214730.00,A,3731.805171,N,12216.458677,W,065.2,318.3,030820,,,A*4B
$GPGGA,214731.00,3731.819031,N,12216.473804,W,7,,0.40,-20.07,M,0.0,M,0.0,0000*76
$GPRMC,214731.00,A,3731.819031,N,12216.473804,W,065.5,318.8,030820,,,A*4D
$GPGGA,214732.00,3731.833120,N,12216.488798,W,7,,0.40,-20.22,M,0.0,M,0.0,0000*75
$GPRMC,214732.00,A,3731.833120,N,12216.488798,W,066.1,319.4,030820,,,A*43
$GPGGA,214733.00,3731.847591,N,12216.503629,W,7,,0.40,-20.35,M,0.0,M,0.0,0000*76
$GPRMC,214733.00,A,3731.847591,N,12216.503629,W,066.2,320.3,030820,,,A*48
$GPGGA,214734.00,3731.862219,N,12216.518354,W,7,,0.40,-20.59,M,0.0,M,0.0,0000*7E
$GPRMC,214734.00,A,3731.862219,N,12216.518354,W,066.6,320.9,030820,,,A*44
$GPGGA,214735.00,3731.876967,N,12216.532904,W,7,,0.40,-21.01,M,0.0,M,0.0,0000*73
$GPRMC,214735.00,A,3731.876967,N,12216.532904,W,067.4,321.5,030820,,,A*4B
$GPGGA,214736.00,3731.892069,N,12216.547514,W,7,,0.40,-21.20,M,0.0,M,0.0,0000*71
$GPRMC,214736.00,A,3731.892069,N,12216.547514,W,068.0,322.0,030820,,,A*47
$GPGGA,214737.00,3731.907267,N,12216.562039,W,7,,0.40,-20.97,M,0.0,M,0.0,0000*71
$GPRMC,214737.00,A,3731.907267,N,12216.562039,W,068.5,322.4,030820,,,A*4B
$GPGGA,214738.00,3731.922544,N,12216.576397,W,7,,0.40,-20.97,M,0.0,M,0.0,0000*7D
$GPRMC,214738.00,A,3731.922544,N,12216.576397,W,068.8,322.9,030820,,,A*47
$GPGGA,214739.00,3731.938084,N,12216.590702,W,7,,0.40,-21.13,M,0.0,M,0.0,0000*73
$GPRMC,214739.00,A,3731.938084,N,12216.590702,W,068.1,323.4,030820,,,A*41
$GPGGA,214740.00,3731.953474,N,12216.604795,W,7,,0.40,-21.37,M,0.0,M,0.0,0000*7D
$GPRMC,214740.00,A,3731.953474,N,12216.604795,W,067.7,323.7,030820,,,A*43
$GPGGA,214741.00,3731.968635,N,12216.618818,W,7,,0.40,-21.41,M,0.0,M,0.0,0000*75
$GPRMC,214741.00,A,3731.968635,N,12216.618818,W,068.1,323.7,030820,,,A*43
$GPGGA,214742.00,3731.983635,N,12216.632797,W,7,,0.40,-21.36,M,0.0,M,0.0,0000*73
$GPRMC,214742.00,A,3731.983635,N,12216.632797,W,068.6,323.5,030820,,,A*40
$GPGGA,214743.00,3731.998798,N,12216.646796,W,7,,0.40,-21.45,M,0.0,M,0.0,0000*78
$GPRMC,214743.00,A,3731.998798,N,12216.646796,W,067.4,323.6,030820,,,A*41
$GPGGA,214744.00,3732.013708,N,12216.660403,W,7,,0.40,-21.34,M,0.0,M,0.0,0000*72
$GPRMC,214744.00,A,3732.013708,N,12216.660403,W,066.1,323.8,030820,,,A*47
$GPGGA,214745.00,3732.028264,N,12216.673819,W,7,,0.40,-21.38,M,0.0,M,0.0,0000*7D
$GPRMC,214745.00,A,3732.028264,N,12216.673819,W,066.6,323.7,030820,,,A*4C
$GPGGA,214746.00,3732.043114,N,12216.687554,W,7,,0.40,-21.15,M,0.0,M,0.0,0000*77
$GPRMC,214746.00,A,3732.043114,N,12216.687554,W,066.4,323.7,030820,,,A*4B
$GPGGA,214747.00,3732.057873,N,12216.701335,W,7,,0.40,-21.36,M,0.0,M,0.0,0000*74
$GPRMC,214747.00,A,3732.057873,N,12216.701335,W,066.0,323.5,030820,,,A*4F
$GPGGA,214748.00,3732.072634,N,12216.715141,W,7,,0.40,-21.71,M,0.0,M,0.0,0000*76
$GPRMC,214748.00,A,3732.072634,N,12216.715141,W,065.9,323.4,030820,,,A*45
$GPGGA,214749.00,3732.087531,N,12216.729085,W,7,,0.40,-21.77,M,0.0,M,0.0,0000*7B
$GPRMC,214749.00,A,3732.087531,N,12216.729085,W,066.0,323.4,030820,,,A*44
$GPGGA,214750.00,3732.102351,N,12216.742831,W,7,,0.40,-21.77,M,0.0,M,0.0,0000*75
$GPRMC,214750.00,A,3732.102351,N,12216.742831,W,066.2,323.5,030820,,,A*49
$GPGGA,214751.00,3732.117064,N,12216.756350,W,7,,0.40,-21.80,M,0.0,M,0.0,0000*74
$GPRMC,214751.00,A,3732.117064,N,12216.756350,W,066.4,323.6,030820,,,A*45
$GPGGA,214752.00,3732.131745,N,12216.769850,W,7,,0.40,-21.66,M,0.0,M,0.0,0000*78
$GPRMC,214752.00,A,3732.131745,N,12216.769850,W,065.2,323.7,030820,,,A*45
$GPGGA,214753.00,3732.145977,N,12216.782869,W,7,,0.40,-22.06,M,0.0,M,0.0,0000*7F
$GPRMC,214753.00,A,3732.145977,N,12216.782869,W,064.5,323.8,030820,,,A*4E
$GPGGA,214754.00,3732.160216,N,12216.795955,W,7,,0.40,-22.22,M,0.0,M,0.0,0000*7D
$GPRMC,214754.00,A,3732.160216,N,12216.795955,W,063.0,323.8,030820,,,A*48
$GPGGA,214755.00,3732.173925,N,12216.808730,W,7,,0.40,-22.40,M,0.0,M,0.0,0000*77
$GPRMC,214755.00,A,3732.173925,N,12216.808730,W,063.1,323.6,030820,,,A*49
$GPGGA,214756.00,3732.187990,N,12216.821942,W,7,,0.40,-22.54,M,0.0,M,0.0,0000*74
$GPRMC,214756.00,A,3732.187990,N,12216.821942,W,062.8,323.4,030820,,,A*45
$GPGGA,214757.00,3732.202089,N,12216.835244,W,7,,0.40,-22.43,M,0.0,M,0.0,0000*74
$GPRMC,214757.00,A,3732.202089,N,12216.835244,W,063.1,323.3,030820,,,A*4C
$GPGGA,214758.00,3732.216622,N,12216.848828,W,7,,0.40,-22.50,M,0.0,M,0.0,0000*71
$GPRMC,214758.00,A,3732.216622,N,12216.848828,W,062.9,323.4,030820,,,A*45
$GPGGA,214759.00,3732.231009,N,12216.862177,W,7,,0.40,-22.46,M,0.0,M,0.0,0000*76
$GPRMC,214759.00,A,3732.231009,N,12216.862177,W,065.4,323.5,030820,,,A*4E
$GPGGA,214800.00,3732.246225,N,12216.876260,W,7,,0.40,-22.50,M,0.0,M,0.0,0000*7E
$GPRMC,214800.00,A,3732.246225,N,12216.876260,W,065.9,323.6,030820,,,A*4F
$GPGGA,214801.00,3732.261166,N,12216.890083,W,7,,0.40,-22.55,M,0.0,M,0.0,0000*7C
$GPRMC,214801.00,A,3732.261166,N,12216.890083,W,067.4,323.6,030820,,,A*47
$GPGGA,214802.00,3732.276507,N,12216.904285,W,7,,0.40,-22.67,M,0.0,M,0.0,0000*73
$GPRMC,214802.00,A,3732.276507,N,12216.904285,W,067.4,323.6,030820,,,A*49
$GPGGA,214803.00,3732.291694,N,12216.918296,W,7,,0.40,-22.83,M,0.0,M,0.0,0000*77
$GPRMC,214803.00,A,3732.291694,N,12216.918296,W,067.6,323.7,030820,,,A*44
$GPGGA,214804.00,3732.306921,N,12216.932384,W,7,,0.44,-22.96,M,0.0,M,0.0,0000*74
$GPRMC,214804.00,A,3732.306921,N,12216.932384,W,067.3,323.7,030820,,,A*42
$GPGGA,214805.00,3732.321891,N,12216.946351,W,7,,0.47,-23.13,M,0.0,M,0.0,0000*7E
$GPRMC,214805.00,A,3732.321891,N,12216.946351,W,067.8,323.5,030820,,,A*4E
$GPGGA,214806.00,3732.337006,N,12216.960589,W,7,,0.52,-23.13,M,0.0,M,0.0,0000*7F
$GPRMC,214806.00,A,3732.337006,N,12216.960589,W,068.0,323.3,030820,,,A*4A
$GPGGA,214807.00,3732.352192,N,12216.974912,W,7,,0.50,-23.04,M,0.0,M,0.0,0000*7E
$GPRMC,214807.00,A,3732.352192,N,12216.974912,W,068.0,323.3,030820,,,A*4F
$GPGGA,214808.00,3732.367335,N,12216.989072,W,7,,0.50,-23.02,M,0.0,M,0.0,0000*73
$GPRMC,214808.00,A,3732.367335,N,12216.989072,W,068.3,323.3,030820,,,A*47
$GPGGA,214809.00,3732.382978,N,12217.003508,W,7,,0.48,-23.05,M,0.0,M,0.0,0000*76
$GPRMC,214809.00,A,3732.382978,N,12217.003508,W,065.8,323.6,030820,,,A*4F
$GPGGA,214810.00,3732.397521,N,12217.016936,W,7,,0.44,-23.03,M,0.0,M,0.0,0000*75
$GPRMC,214810.00,A,3732.397521,N,12217.016936,W,068.3,323.6,030820,,,A*40
$GPGGA,214811.00,3732.412977,N,12217.031233,W,7,,0.40,-23.10,M,0.0,M,0.0,0000*7C
$GPRMC,214811.00,A,3732.412977,N,12217.031233,W,068.9,323.6,030820,,,A*45
$GPGGA,214812.00,3732.428314,N,12217.045453,W,7,,0.40,-22.97,M,0.0,M,0.0,0000*74
$GPRMC,214812.00,A,3732.428314,N,12217.045453,W,068.7,323.6,030820,,,A*4D
$GPGGA,214813.00,3732.443661,N,12217.059655,W,7,,0.40,-22.95,M,0.0,M,0.0,0000*74
$GPRMC,214813.00,A,3732.443661,N,12217.059655,W,068.3,323.6,030820,,,A*4B
$GPGGA,214814.00,3732.458991,N,12217.073870,W,7,,0.40,-23.09,M,0.0,M,0.0,0000*7C
$GPRMC,214814.00,A,3732.458991,N,12217.073870,W,068.3,323.6,030820,,,A*47
$GPGGA,214815.00,3732.474538,N,12217.088432,W,7,,0.40,-23.18,M,0.0,M,0.0,0000*72
$GPRMC,214815.00,A,3732.474538,N,12217.088432,W,066.8,323.5,030820,,,A*4F
$GPGGA,214816.00,3732.489657,N,12217.102585,W,7,,0.40,-23.16,M,0.0,M,0.0,0000*79
$GPRMC,214816.00,A,3732.489657,N,12217.102585,W,067.5,323.4,030820,,,A*47
$GPGGA,214817.00,3732.504741,N,12217.116703,W,7,,0.40,-23.25,M,0.0,M,0.0,0000*73
$GPRMC,214817.00,A,3732.504741,N,12217.116703,W,070.2,323.4,030820,,,A*4C
$GPGGA,214818.00,3732.520497,N,12217.131434,W,7,,0.40,-23.35,M,0.0,M,0.0,0000*71
$GPRMC,214818.00,A,3732.520497,N,12217.131434,W,070.1,323.4,030820,,,A*4C
$GPGGA,214819.00,3732.535942,N,12217.145822,W,7,,0.40,-23.47,M,0.0,M,0.0,0000*7C
$GPRMC,214819.00,A,3732.535942,N,12217.145822,W,068.2,323.4,030820,,,A*4E
$GPGGA,214820.00,3732.550648,N,12217.159513,W,7,,0.40,-23.45,M,0.0,M,0.0,0000*70
$GPRMC,214820.00,A,3732.550648,N,12217.159513,W,067.1,323.5,030820,,,A*4D
$GPGGA,214821.00,3732.564988,N,12217.172857,W,7,,0.40,-23.40,M,0.0,M,0.0,0000*74
$GPRMC,214821.00,A,3732.564988,N,12217.172857,W,066.0,323.4,030820,,,A*4D
$GPGGA,214822.00,3732.579075,N,12217.186015,W,7,,0.40,-23.60,M,0.0,M,0.0,0000*77
$GPRMC,214822.00,A,3732.579075,N,12217.186015,W,064.6,323.4,030820,,,A*48
$GPGGA,214823.00,3732.593038,N,12217.199029,W,7,,0.40,-23.72,M,0.0,M,0.0,0000*79
$GPRMC,214823.00,A,3732.593038,N,12217.199029,W,062.6,323.4,030820,,,A*43
$GPGGA,214824.00,3732.606502,N,12217.211533,W,7,,0.40,-23.87,M,0.0,M,0.0,0000*7A
$GPRMC,214824.00,A,3732.606502,N,12217.211533,W,062.1,323.5,030820,,,A*4C
$GPGGA,214825.00,3732.619977,N,12217.224128,W,7,,0.40,-23.99,M,0.0,M,0.0,0000*7C
$GPRMC,214825.00,A,3732.619977,N,12217.224128,W,061.2,323.4,030820,,,A*44
$GPGGA,214826.00,3732.633196,N,12217.236560,W,7,,0.40,-24.04,M,0.0,M,0.0,0000*78
$GPRMC,214826.00,A,3732.633196,N,12217.236560,W,060.4,323.3,030820,,,A*43
$GPGGA,214827.00,3732.646311,N,12217.248854,W,7,,0.40,-24.13,M,0.0,M,0.0,0000*73
$GPRMC,214827.00,A,3732.646311,N,12217.248854,W,059.2,323.3,030820,,,A*42
$GPGGA,214828.00,3732.659379,N,12217.261022,W,7,,0.40,-24.12,M,0.0,M,0.0,0000*7F
$GPRMC,214828.00,A,3732.659379,N,12217.261022,W,058.4,323.4,030820,,,A*4F
$GPGGA,214829.00,3732.672399,N,12217.273088,W,7,,0.40,-24.27,M,0.0,M,0.0,0000*7C
$GPRMC,214829.00,A,3732.672399,N,12217.273088,W,058.6,323.5,030820,,,A*49
$GPGGA,214830.00,3732.685899,N,12217.284764,W,7,,0.44,-24.04,M,0.0,M,0.0,0000*7F
$GPRMC,214830.00,A,3732.685899,N,12217.284764,W,058.1,324.5,030820,,,A*4F
$GPGGA,214831.00,3732.699118,N,12217.296373,W,7,,0.48,-24.01,M,0.0,M,0.0,0000*7B
$GPRMC,214831.00,A,3732.699118,N,12217.296373,W,059.0,324.6,030820,,,A*41
$GPGGA,214832.00,3732.712815,N,12217.308830,W,7,,0.48,-24.03,M,0.0,M,0.0,0000*76
$GPRMC,214832.00,A,3732.712815,N,12217.308830,W,059.7,324.3,030820,,,A*4C
$GPGGA,214833.00,3732.726556,N,12217.321291,W,7,,0.48,-24.15,M,0.0,M,0.0,0000*77
$GPRMC,214833.00,A,3732.726556,N,12217.321291,W,060.0,324.1,030820,,,A*45
$GPGGA,214834.00,3732.740043,N,12217.333585,W,7,,0.47,-23.96,M,0.0,M,0.0,0000*73
$GPRMC,214834.00,A,3732.740043,N,12217.333585,W,060.3,324.0,030820,,,A*40
$GPGGA,214835.00,3732.753309,N,12217.346011,W,7,,0.47,-23.83,M,0.0,M,0.0,0000*73
$GPRMC,214835.00,A,3732.753309,N,12217.346011,W,059.9,323.6,030820,,,A*45
$GPGGA,214836.00,3732.766546,N,12217.358431,W,7,,0.40,-23.76,M,0.0,M,0.0,0000*7F
$GPRMC,214836.00,A,3732.766546,N,12217.358431,W,059.4,323.4,030820,,,A*4B
$GPGGA,214837.00,3732.779458,N,12217.370767,W,7,,0.40,-23.76,M,0.0,M,0.0,0000*74
$GPRMC,214837.00,A,3732.779458,N,12217.370767,W,058.2,323.1,030820,,,A*42
$GPGGA,214838.00,3732.792315,N,12217.382917,W,7,,0.40,-23.44,M,0.0,M,0.0,0000*75
$GPRMC,214838.00,A,3732.792315,N,12217.382917,W,058.6,323.1,030820,,,A*46
$GPGGA,214839.00,3732.805546,N,12217.395134,W,7,,0.40,-23.56,M,0.0,M,0.0,0000*79
$GPRMC,214839.00,A,3732.805546,N,12217.395134,W,059.0,323.4,030820,,,A*4B
$GPGGA,214840.00,3732.819046,N,12217.407572,W,7,,0.40,-23.59,M,0.0,M,0.0,0000*7A
$GPRMC,214840.00,A,3732.819046,N,12217.407572,W,059.4,323.6,030820,,,A*41
$GPGGA,214841.00,3732.832473,N,12217.419938,W,7,,0.40,-23.68,M,0.0,M,0.0,0000*7F
$GPRMC,214841.00,A,3732.832473,N,12217.419938,W,059.6,323.7,030820,,,A*45
$GPGGA,214842.00,3732.846093,N,12217.432351,W,7,,0.40,-23.76,M,0.0,M,0.0,0000*76
$GPRMC,214842.00,A,3732.846093,N,12217.432351,W,059.2,323.9,030820,,,A*49
$GPGGA,214843.00,3732.859318,N,12217.444568,W,7,,0.40,-23.73,M,0.0,M,0.0,0000*71
$GPRMC,214843.00,A,3732.859318,N,12217.444568,W,060.2,323.7,030820,,,A*4F
$GPGGA,214844.00,3732.872979,N,12217.457162,W,7,,0.40,-23.90,M,0.0,M,0.0,0000*73
$GPRMC,214844.00,A,3732.872979,N,12217.457162,W,060.5,323.7,030820,,,A*47
$GPGGA,214845.00,3732.886678,N,12217.469828,W,7,,0.40,-23.71,M,0.0,M,0.0,0000*72
$GPRMC,214845.00,A,3732.886678,N,12217.469828,W,060.9,323.7,030820,,,A*45
$GPGGA,214846.00,3732.900819,N,12217.482812,W,7,,0.40,-23.83,M,0.0,M,0.0,0000*76
$GPRMC,214846.00,A,3732.900819,N,12217.482812,W,060.8,323.8,030820,,,A*42
$GPGGA,214847.00,3732.914650,N,12217.495622,W,7,,0.40,-24.20,M,0.0,M,0.0,0000*74
$GPRMC,214847.00,A,3732.914650,N,12217.495622,W,063.3,323.7,030820,,,A*49
$GPGGA,214848.00,3732.929440,N,12217.509086,W,7,,0.40,-24.15,M,0.0,M,0.0,0000*7C
$GPRMC,214848.00,A,3732.929440,N,12217.509086,W,063.9,324.0,030820,,,A*4D
$GPGGA,214849.00,3732.944104,N,12217.522357,W,7,,0.40,-24.12,M,0.0,M,0.0,0000*72
$GPRMC,214849.00,A,3732.944104,N,12217.522357,W,064.5,324.2,030820,,,A*4D
$GPGGA,214850.00,3732.958995,N,12217.535192,W,7,,0.40,-24.14,M,0.0,M,0.0,0000*7C
$GPRMC,214850.00,A,3732.958995,N,12217.535192,W,064.6,324.8,030820,,,A*4C
$GPGGA,214851.00,3732.973371,N,12217.548668,W,7,,0.40,-23.73,M,0.0,M,0.0,0000*7A
$GPRMC,214851.00,A,3732.973371,N,12217.548668,W,065.1,323.9,030820,,,A*4C
$GPGGA,214852.00,3732.987969,N,12217.562389,W,7,,0.40,-23.77,M,0.0,M,0.0,0000*77
$GPRMC,214852.00,A,3732.987969,N,12217.562389,W,065.2,323.5,030820,,,A*4A
$GPGGA,214853.00,3733.002849,N,12217.576196,W,7,,0.40,-23.85,M,0.0,M,0.0,0000*74
$GPRMC,214853.00,A,3733.002849,N,12217.576196,W,061.7,323.6,030820,,,A*46
$GPGGA,214854.00,3733.016319,N,12217.588574,W,7,,0.40,-24.07,M,0.0,M,0.0,0000*7C
$GPRMC,214854.00,A,3733.016319,N,12217.588574,W,065.4,323.7,030820,,,A*45
$GPGGA,214855.00,3733.031373,N,12217.602008,W,7,,0.40,-23.44,M,0.0,M,0.0,0000*7B
$GPRMC,214855.00,A,3733.031373,N,12217.602008,W,065.5,324.1,030820,,,A*42
$GPGGA,214856.00,3733.045713,N,12217.615478,W,7,,0.40,-23.18,M,0.0,M,0.0,0000*75
$GPRMC,214856.00,A,3733.045713,N,12217.615478,W,064.3,323.6,030820,,,A*42
$GPGGA,214857.00,3733.059825,N,12217.628581,W,7,,0.40,-22.93,M,0.0,M,0.0,0000*78
$GPRMC,214857.00,A,3733.059825,N,12217.628581,W,062.9,323.6,030820,,,A*41
$GPGGA,214858.00,3733.073481,N,12217.641746,W,7,,0.40,-23.74,M,0.0,M,0.0,0000*73
$GPRMC,214858.00,A,3733.073481,N,12217.641746,W,062.0,323.1,030820,,,A*4C
$GPGGA,214859.00,3733.087072,N,12217.654688,W,7,,0.40,-24.47,M,0.0,M,0.0,0000*71
$GPRMC,214859.00,A,3733.087072,N,12217.654688,W,062.3,323.0,030820,,,A*4B
$GPGGA,214900.00,3733.100835,N,12217.667540,W,7,,0.40,-25.14,M,0.0,M,0.0,0000*79
$GPRMC,214900.00,A,3733.100835,N,12217.667540,W,062.2,323.2,030820,,,A*47
$GPGGA,214901.00,3733.114551,N,12217.680482,W,7,,0.40,-25.65,M,0.0,M,0.0,0000*72
$GPRMC,214901.00,A,3733.114551,N,12217.680482,W,061.6,323.2,030820,,,A*4D
$GPGGA,214902.00,3733.128178,N,12217.693381,W,7,,0.40,-26.02,M,0.0,M,0.0,0000*75
$GPRMC,214902.00,A,3733.128178,N,12217.693381,W,061.1,323.1,030820,,,A*4C
$GPGGA,214903.00,3733.141822,N,12217.706599,W,7,,0.40,-27.06,M,0.0,M,0.0,0000*7A
$GPRMC,214903.00,A,3733.141822,N,12217.706599,W,060.1,322.8,030820,,,A*4F
$GPGGA,214904.00,3733.155292,N,12217.719590,W,7,,0.44,-28.03,M,0.0,M,0.0,0000*70
$GPRMC,214904.00,A,3733.155292,N,12217.719590,W,060.8,322.8,030820,,,A*42
$GPGGA,214905.00,3733.169332,N,12217.732837,W,7,,0.44,-28.53,M,0.0,M,0.0,0000*79
$GPRMC,214905.00,A,3733.169332,N,12217.732837,W,061.3,323.0,030820,,,A*4D
$GPGGA,214906.00,3733.183558,N,12217.746151,W,7,,0.44,-28.73,M,0.0,M,0.0,0000*7C
$GPRMC,214906.00,A,3733.183558,N,12217.746151,W,063.5,323.2,030820,,,A*4C
$GPGGA,214907.00,3733.197765,N,12217.759819,W,7,,0.48,-29.75,M,0.0,M,0.0,0000*74
$GPRMC,214907.00,A,3733.197765,N,12217.759819,W,065.1,322.8,030820,,,A*46
$GPGGA,214908.00,3733.211902,N,12217.773056,W,7,,0.53,-29.65,M,0.0,M,0.0,0000*79
$GPRMC,214908.00,A,3733.211902,N,12217.773056,W,067.3,323.0,030820,,,A*49
$GPGGA,214909.00,3733.227340,N,12217.787857,W,7,,0.60,-30.08,M,0.0,M,0.0,0000*70
$GPRMC,214909.00,A,3733.227340,N,12217.787857,W,066.6,322.9,030820,,,A*4F
$GPGGA,214910.00,3733.241158,N,12217.801153,W,7,,0.63,-30.51,M,0.0,M,0.0,0000*70
$GPRMC,214910.00,A,3733.241158,N,12217.801153,W,065.2,322.7,030820,,,A*49
$GPGGA,214911.00,3733.255635,N,12217.815031,W,7,,0.67,-29.65,M,0.0,M,0.0,0000*73
$GPRMC,214911.00,A,3733.255635,N,12217.815031,W,064.8,322.6,030820,,,A*4B
$GPGGA,214912.00,3733.269675,N,12217.828231,W,7,,0.67,-29.62,M,0.0,M,0.0,0000*70
$GPRMC,214912.00,A,3733.269675,N,12217.828231,W,062.5,323.0,030820,,,A*43
$GPGGA,214913.00,3733.283319,N,12217.840418,W,7,,0.60,-29.32,M,0.0,M,0.0,0000*7B
$GPRMC,214913.00,A,3733.283319,N,12217.840418,W,061.3,323.8,030820,,,A*47
$GPGGA,214914.00,3733.296813,N,12217.852843,W,7,,0.60,-28.92,M,0.0,M,0.0,0000*73
$GPRMC,214914.00,A,3733.296813,N,12217.852843,W,062.0,323.7,030820,,,A*4B
$GPGGA,214915.00,3733.310476,N,12217.865557,W,7,,0.57,-29.28,M,0.0,M,0.0,0000*7A
$GPRMC,214915.00,A,3733.310476,N,12217.865557,W,063.5,323.5,030820,,,A*40
$GPGGA,214916.00,3733.325224,N,12217.878932,W,7,,0.52,-29.30,M,0.0,M,0.0,0000*71
$GPRMC,214916.00,A,3733.325224,N,12217.878932,W,061.9,324.0,030820,,,A*4B
$GPGGA,214917.00,3733.339924,N,12217.892053,W,7,,0.52,-29.12,M,0.0,M,0.0,0000*7C
$GPRMC,214917.00,A,3733.339924,N,12217.892053,W,060.5,324.5,030820,,,A*4E
$GPGGA,214918.00,3733.354137,N,12217.904858,W,7,,0.50,-29.20,M,0.0,M,0.0,0000*7C
$GPRMC,214918.00,A,3733.354137,N,12217.904858,W,065.7,324.4,030820,,,A*4B
$GPGGA,214919.00,3733.369929,N,12217.919155,W,7,,0.48,-29.17,M,0.0,M,0.0,0000*71
$GPRMC,214919.00,A,3733.369929,N,12217.919155,W,068.2,324.3,030820,,,A*44
$GPGGA,214920.00,3733.385860,N,12217.933591,W,7,,0.44,-29.21,M,0.0,M,0.0,0000*78
$GPRMC,214920.00,A,3733.385860,N,12217.933591,W,069.0,324.3,030820,,,A*47
$GPGGA,214921.00,3733.401333,N,12217.947776,W,7,,0.43,-29.27,M,0.0,M,0.0,0000*76
$GPRMC,214921.00,A,3733.401333,N,12217.947776,W,071.5,324.0,030820,,,A*47
$GPGGA,214922.00,3733.417624,N,12217.962943,W,7,,0.40,-29.22,M,0.0,M,0.0,0000*78
$GPRMC,214922.00,A,3733.417624,N,12217.962943,W,070.4,323.7,030820,,,A*4F
$GPGGA,214923.00,3733.433200,N,12217.977602,W,7,,0.40,-29.13,M,0.0,M,0.0,0000*71
$GPRMC,214923.00,A,3733.433200,N,12217.977602,W,070.5,323.4,030820,,,A*46
$GPGGA,214924.00,3733.449040,N,12217.992194,W,7,,0.40,-29.18,M,0.0,M,0.0,0000*75
$GPRMC,214924.00,A,3733.449040,N,12217.992194,W,070.3,323.6,030820,,,A*4D
$GPGGA,214925.00,3733.464963,N,12218.006516,W,7,,0.40,-29.23,M,0.0,M,0.0,0000*7E
$GPRMC,214925.00,A,3733.464963,N,12218.006516,W,069.7,324.1,030820,,,A*42
$GPGGA,214926.00,3733.480869,N,12218.020639,W,7,,0.40,-29.34,M,0.0,M,0.0,0000*70
$GPRMC,214926.00,A,3733.480869,N,12218.020639,W,069.3,324.5,030820,,,A*4A
$GPGGA,214927.00,3733.496674,N,12218.034655,W,7,,0.40,-29.34,M,0.0,M,0.0,0000*7B
$GPRMC,214927.00,A,3733.496674,N,12218.034655,W,070.5,324.6,030820,,,A*4C
$GPGGA,214928.00,3733.512556,N,12218.048845,W,7,,0.40,-29.40,M,0.0,M,0.0,0000*7D
$GPRMC,214928.00,A,3733.512556,N,12218.048845,W,072.0,324.6,030820,,,A*4E
$GPGGA,214929.00,3733.529116,N,12218.063834,W,7,,0.40,-29.30,M,0.0,M,0.0,0000*7C
$GPRMC,214929.00,A,3733.529116,N,12218.063834,W,068.7,324.5,030820,,,A*47
$GPGGA,214930.00,3733.544739,N,12218.078096,W,7,,0.40,-29.34,M,0.0,M,0.0,0000*7A
$GPRMC,214930.00,A,3733.544739,N,12218.078096,W,067.5,324.3,030820,,,A*4E
$GPGGA,214931.00,3733.559794,N,12218.092058,W,7,,0.40,-29.31,M,0.0,M,0.0,0000*73
$GPRMC,214931.00,A,3733.559794,N,12218.092058,W,070.9,323.9,030820,,,A*45
$GPGGA,214932.00,3733.575855,N,12218.107052,W,7,,0.40,-29.45,M,0.0,M,0.0,0000*78
$GPRMC,214932.00,A,3733.575855,N,12218.107052,W,071.5,323.6,030820,,,A*4F
$GPGGA,214933.00,3733.591456,N,12218.121956,W,7,,0.40,-29.60,M,0.0,M,0.0,0000*72
$GPRMC,214933.00,A,3733.591456,N,12218.121956,W,071.5,323.1,030820,,,A*45
$GPGGA,214934.00,3733.606833,N,12218.137171,W,7,,0.40,-29.74,M,0.0,M,0.0,0000*78
$GPRMC,214934.00,A,3733.606833,N,12218.137171,W,070.8,322.3,030820,,,A*45
$GPGGA,214935.00,3733.621971,N,12218.152490,W,7,,0.40,-29.55,M,0.0,M,0.0,0000*71
$GPRMC,214935.00,A,3733.621971,N,12218.152490,W,070.0,321.7,030820,,,A*40
$GPGGA,214936.00,3733.637020,N,12218.167832,W,7,,0.40,-29.47,M,0.0,M,0.0,0000*79
$GPRMC,214936.00,A,3733.637020,N,12218.167832,W,069.0,321.3,030820,,,A*47
$GPGGA,214937.00,3733.651846,N,12218.183161,W,7,,0.40,-29.50,M,0.0,M,0.0,0000*73
$GPRMC,214937.00,A,3733.651846,N,12218.183161,W,068.5,320.9,030820,,,A*44
$GPGGA,214938.00,3733.666324,N,12218.198522,W,7,,0.40,-29.50,M,0.0,M,0.0,0000*7E
$GPRMC,214938.00,A,3733.666324,N,12218.198522,W,069.4,320.3,030820,,,A*43
$GPGGA,214939.00,3733.680838,N,12218.214392,W,7,,0.40,-29.38,M,0.0,M,0.0,0000*75
$GPRMC,214939.00,A,3733.680838,N,12218.214392,W,069.3,319.5,030820,,,A*4D
$GPGGA,214940.00,3733.695117,N,12218.230244,W,7,,0.40,-29.38,M,0.0,M,0.0,0000*77
$GPRMC,214940.00,A,3733.695117,N,12218.230244,W,068.8,318.9,030820,,,A*48
$GPGGA,214941.00,3733.709032,N,12218.245633,W,7,,0.40,-29.29,M,0.0,M,0.0,0000*72
$GPRMC,214941.00,A,3733.709032,N,12218.245633,W,070.6,318.8,030820,,,A*4B
$GPGGA,214942.00,3733.724229,N,12218.262355,W,7,,0.40,-29.28,M,0.0,M,0.0,0000*77
$GPRMC,214942.00,A,3733.724229,N,12218.262355,W,064.3,318.8,030820,,,A*4F
$GPGGA,214943.00,3733.737310,N,12218.276780,W,7,,0.40,-29.25,M,0.0,M,0.0,0000*7B
$GPRMC,214943.00,A,3733.737310,N,12218.276780,W,067.7,318.8,030820,,,A*49
$GPGGA,214944.00,3733.751836,N,12218.292710,W,7,,0.40,-29.23,M,0.0,M,0.0,0000*76
$GPRMC,214944.00,A,3733.751836,N,12218.292710,W,069.5,318.9,030820,,,A*4F
$GPGGA,214945.00,3733.766631,N,12218.308801,W,7,,0.40,-29.28,M,0.0,M,0.0,0000*7C
$GPRMC,214945.00,A,3733.766631,N,12218.308801,W,068.2,319.1,030820,,,A*41
$GPGGA,214946.00,3733.780671,N,12218.323993,W,7,,0.40,-29.32,M,0.0,M,0.0,0000*7B
$GPRMC,214946.00,A,3733.780671,N,12218.323993,W,070.1,319.2,030820,,,A*44
$GPGGA,214947.00,3733.795534,N,12218.339995,W,7,,0.40,-29.28,M,0.0,M,0.0,0000*7A
$GPRMC,214947.00,A,3733.795534,N,12218.339995,W,069.6,319.3,030820,,,A*40
$GPGGA,214948.00,3733.810306,N,12218.355865,W,7,,0.40,-29.17,M,0.0,M,0.0,0000*78
$GPRMC,214948.00,A,3733.810306,N,12218.355865,W,068.3,319.4,030820,,,A*4D
$GPGGA,214949.00,3733.824777,N,12218.371424,W,7,,0.40,-29.08,M,0.0,M,0.0,0000*7D
$GPRMC,214949.00,A,3733.824777,N,12218.371424,W,068.9,319.5,030820,,,A*4D
$GPGGA,214950.00,3733.839549,N,12218.387384,W,7,,0.40,-29.10,M,0.0,M,0.0,0000*7B
$GPRMC,214950.00,A,3733.839549,N,12218.387384,W,068.9,319.4,030820,,,A*43
$GPGGA,214951.00,3733.854147,N,12218.403247,W,7,,0.40,-29.02,M,0.0,M,0.0,0000*7D
$GPRMC,214951.00,A,3733.854147,N,12218.403247,W,069.4,319.3,030820,,,A*4D
$GPGGA,214952.00,3733.869105,N,12218.419550,W,7,,0.40,-28.95,M,0.0,M,0.0,0000*73
$GPRMC,214952.00,A,3733.869105,N,12218.419550,W,067.4,319.2,030820,,,A*43
$GPGGA,214953.00,3733.882815,N,12218.434585,W,7,,0.40,-28.99,M,0.0,M,0.0,0000*74
$GPRMC,214953.00,A,3733.882815,N,12218.434585,W,072.0,319.1,030820,,,A*4B
$GPGGA,214954.00,3733.898805,N,12218.452154,W,7,,0.40,-29.00,M,0.0,M,0.0,0000*70
$GPRMC,214954.00,A,3733.898805,N,12218.452154,W,064.7,319.0,030820,,,A*4F
$GPGGA,214955.00,3733.912041,N,12218.466685,W,7,,0.40,-28.99,M,0.0,M,0.0,0000*77
$GPRMC,214955.00,A,3733.912041,N,12218.466685,W,067.9,319.0,030820,,,A*44
$GPGGA,214956.00,3733.926544,N,12218.482567,W,7,,0.40,-28.92,M,0.0,M,0.0,0000*7D
$GPRMC,214956.00,A,3733.926544,N,12218.482567,W,069.7,319.0,030820,,,A*45
$GPGGA,214957.00,3733.940895,N,12218.498233,W,7,,0.40,-28.85,M,0.0,M,0.0,0000*76
$GPRMC,214957.00,A,3733.940895,N,12218.498233,W,070.8,319.0,030820,,,A*4F
$GPGGA,214958.00,3733.955254,N,12218.513887,W,7,,0.40,-28.92,M,0.0,M,0.0,0000*7B
$GPRMC,214958.00,A,3733.955254,N,12218.513887,W,070.5,319.1,030820,,,A*48
$GPGGA,214959.00,3733.969522,N,12218.529517,W,7,,0.40,-28.87,M,0.0,M,0.0,0000*7A
$GPRMC,214959.00,A,3733.969522,N,12218.529517,W,069.0,319.0,030820,,,A*41
$GPGGA,215000.00,3733.983579,N,12218.544985,W,7,,0.40,-28.83,M,0.0,M,0.0,0000*7C
$GPRMC,215000.00,A,3733.983579,N,12218.544985,W,067.3,318.8,030820,,,A*47
$GPGGA,215001.00,3733.997451,N,12218.560274,W,7,,0.40,-28.82,M,0.0,M,0.0,0000*71
$GPRMC,215001.00,A,3733.997451,N,12218.560274,W,066.0,318.8,030820,,,A*49
$GPGGA,215002.00,3734.011150,N,12218.575363,W,7,,0.40,-28.78,M,0.0,M,0.0,0000*70
$GPRMC,215002.00,A,3734.011150,N,12218.575363,W,065.7,318.8,030820,,,A*49
$GPGGA,215003.00,3734.024841,N,12218.590316,W,7,,0.40,-28.68,M,0.0,M,0.0,0000*76
$GPRMC,215003.00,A,3734.024841,N,12218.590316,W,065.8,319.0,030820,,,A*48
$GPGGA,215004.00,3734.038510,N,12218.605172,W,7,,0.40,-28.68,M,0.0,M,0.0,0000*7A
$GPRMC,215004.00,A,3734.038510,N,12218.605172,W,066.0,319.1,030820,,,A*4E
$GPGGA,215005.00,3734.052279,N,12218.620123,W,7,,0.40,-28.55,M,0.0,M,0.0,0000*72
$GPRMC,215005.00,A,3734.052279,N,12218.620123,W,065.3,319.2,030820,,,A*4B
$GPGGA,215006.00,3734.065540,N,12218.634536,W,7,,0.40,-28.44,M,0.0,M,0.0,0000*7D
$GPRMC,215006.00,A,3734.065540,N,12218.634536,W,066.5,319.2,030820,,,A*41
$GPGGA,215007.00,3734.079730,N,12218.649931,W,7,,0.40,-28.26,M,0.0,M,0.0,0000*71
$GPRMC,215007.00,A,3734.079730,N,12218.649931,W,061.0,319.3,030820,,,A*4A
$GPGGA,215008.00,3734.091982,N,12218.663227,W,7,,0.40,-28.14,M,0.0,M,0.0,0000*7A
$GPRMC,215008.00,A,3734.091982,N,12218.663227,W,062.8,319.2,030820,,,A*4A
$GPGGA,215009.00,3734.105116,N,12218.677501,W,7,,0.40,-28.04,M,0.0,M,0.0,0000*75
$GPRMC,215009.00,A,3734.105116,N,12218.677501,W,063.0,319.2,030820,,,A*4D
$GPGGA,215010.00,3734.118142,N,12218.691656,W,7,,0.40,-28.00,M,0.0,M,0.0,0000*7D
$GPRMC,215010.00,A,3734.118142,N,12218.691656,W,060.8,319.2,030820,,,A*4A
$GPGGA,215011.00,3734.130190,N,12218.704814,W,7,,0.40,-27.84,M,0.0,M,0.0,0000*7F
$GPRMC,215011.00,A,3734.130190,N,12218.704814,W,061.9,319.1,030820,,,A*48
$GPGGA,215012.00,3734.142880,N,12218.718818,W,7,,0.40,-27.73,M,0.0,M,0.0,0000*78
$GPRMC,215012.00,A,3734.142880,N,12218.718818,W,059.6,318.9,030820,,,A*4A
$GPGGA,215013.00,3734.154844,N,12218.732270,W,7,,0.40,-27.66,M,0.0,M,0.0,0000*7E
$GPRMC,215013.00,A,3734.154844,N,12218.732270,W,058.0,318.5,030820,,,A*43
$GPGGA,215014.00,3734.166639,N,12218.745793,W,7,,0.40,-27.65,M,0.0,M,0.0,0000*77
$GPRMC,215014.00,A,3734.166639,N,12218.745793,W,058.1,318.0,030820,,,A*4D
$GPGGA,215015.00,3734.178687,N,12218.759767,W,7,,0.40,-27.64,M,0.0,M,0.0,0000*7B
$GPRMC,215015.00,A,3734.178687,N,12218.759767,W,058.3,317.6,030820,,,A*4B
$GPGGA,215016.00,3734.190880,N,12218.773831,W,7,,0.40,-27.64,M,0.0,M,0.0,0000*73
$GPRMC,215016.00,A,3734.190880,N,12218.773831,W,059.2,317.5,030820,,,A*40
$GPGGA,215017.00,3734.203449,N,12218.787877,W,7,,0.40,-27.64,M,0.0,M,0.0,0000*7B
$GPRMC,215017.00,A,3734.203449,N,12218.787877,W,059.8,318.0,030820,,,A*48
$GPGGA,215018.00,3734.215935,N,12218.801540,W,7,,0.40,-27.60,M,0.0,M,0.0,0000*79
$GPRMC,215018.00,A,3734.215935,N,12218.801540,W,062.3,318.6,030820,,,A*4B
$GPGGA,215019.00,3734.229693,N,12218.816383,W,7,,0.40,-27.70,M,0.0,M,0.0,0000*7A
$GPRMC,215019.00,A,3734.229693,N,12218.816383,W,059.7,319.1,030820,,,A*43
$GPGGA,215020.00,3734.242366,N,12218.830094,W,7,,0.40,-27.66,M,0.0,M,0.0,0000*74
$GPRMC,215020.00,A,3734.242366,N,12218.830094,W,061.7,319.2,030820,,,A*42
$GPGGA,215021.00,3734.256093,N,12218.843755,W,7,,0.43,-28.40,M,0.0,M,0.0,0000*7F
$GPRMC,215021.00,A,3734.256093,N,12218.843755,W,062.9,320.5,030820,,,A*41
$GPGGA,215022.00,3734.270302,N,12218.858054,W,7,,0.48,-28.37,M,0.0,M,0.0,0000*74
$GPRMC,215022.00,A,3734.270302,N,12218.858054,W,063.1,320.8,030820,,,A*45
$GPGGA,215023.00,3734.283628,N,12218.872118,W,7,,0.52,-28.30,M,0.0,M,0.0,0000*79
$GPRMC,215023.00,A,3734.283628,N,12218.872118,W,064.3,320.3,030820,,,A*4A
$GPGGA,215024.00,3734.297277,N,12218.886956,W,7,,0.50,-28.23,M,0.0,M,0.0,0000*7C
$GPRMC,215024.00,A,3734.297277,N,12218.886956,W,064.1,319.6,030820,,,A*42
$GPGGA,215025.00,3734.310489,N,12218.901655,W,7,,0.50,-28.25,M,0.0,M,0.0,0000*70
$GPRMC,215025.00,A,3734.310489,N,12218.901655,W,063.7,319.0,030820,,,A*4F
$GPGGA,215026.00,3734.324044,N,12218.916649,W,7,,0.48,-28.15,M,0.0,M,0.0,0000*70
$GPRMC,215026.00,A,3734.324044,N,12218.916649,W,063.7,318.8,030820,,,A*4C
$GPGGA,215027.00,3734.337591,N,12218.931464,W,7,,0.47,-28.20,M,0.0,M,0.0,0000*7F
$GPRMC,215027.00,A,3734.337591,N,12218.931464,W,064.9,318.9,030820,,,A*42
$GPGGA,215028.00,3734.351601,N,12218.946733,W,7,,0.40,-28.30,M,0.0,M,0.0,0000*7D
$GPRMC,215028.00,A,3734.351601,N,12218.946733,W,064.7,319.1,030820,,,A*41
$GPGGA,215029.00,3734.365168,N,12218.961613,W,7,,0.40,-28.22,M,0.0,M,0.0,0000*76
$GPRMC,215029.00,A,3734.365168,N,12218.961613,W,066.2,319.0,030820,,,A*4F
$GPGGA,215030.00,3734.379322,N,12218.976949,W,7,,0.40,-28.17,M,0.0,M,0.0,0000*7F
$GPRMC,215030.00,A,3734.379322,N,12218.976949,W,065.6,319.2,030820,,,A*45
$GPGGA,215031.00,3734.392797,N,12218.991571,W,7,,0.40,-28.22,M,0.0,M,0.0,0000*79
$GPRMC,215031.00,A,3734.392797,N,12218.991571,W,068.3,319.2,030820,,,A*4D
$GPGGA,215032.00,3734.407713,N,12219.007736,W,7,,0.40,-28.06,M,0.0,M,0.0,0000*7D
$GPRMC,215032.00,A,3734.407713,N,12219.007736,W,063.2,319.3,030820,,,A*44
$GPGGA,215033.00,3734.420637,N,12219.021817,W,7,,0.40,-28.16,M,0.0,M,0.0,0000*77
$GPRMC,215033.00,A,3734.420637,N,12219.021817,W,066.4,319.2,030820,,,A*4D
$GPGGA,215034.00,3734.434965,N,12219.037322,W,7,,0.40,-28.20,M,0.0,M,0.0,0000*72
$GPRMC,215034.00,A,3734.434965,N,12219.037322,W,067.4,319.3,030820,,,A*4D
$GPGGA,215035.00,3734.449221,N,12219.052771,W,7,,0.40,-28.25,M,0.0,M,0.0,0000*76
$GPRMC,215035.00,A,3734.449221,N,12219.052771,W,066.5,319.3,030820,,,A*4C
$GPGGA,215036.00,3734.462871,N,12219.067663,W,7,,0.40,-28.27,M,0.0,M,0.0,0000*75
$GPRMC,215036.00,A,3734.462871,N,12219.067663,W,068.5,319.2,030820,,,A*42
$GPGGA,215037.00,3734.477277,N,12219.083414,W,7,,0.40,-28.33,M,0.0,M,0.0,0000*71
$GPRMC,215037.00,A,3734.477277,N,12219.083414,W,067.0,319.1,030820,,,A*4A
$GPGGA,215038.00,3734.491221,N,12219.098611,W,7,,0.40,-28.42,M,0.0,M,0.0,0000*7E
$GPRMC,215038.00,A,3734.491221,N,12219.098611,W,066.8,319.1,030820,,,A*4A
$GPGGA,215039.00,3734.505345,N,12219.113972,W,7,,0.40,-28.55,M,0.0,M,0.0,0000*7E
$GPRMC,215039.00,A,3734.505345,N,12219.113972,W,066.5,319.2,030820,,,A*42
$GPGGA,215040.00,3734.519559,N,12219.129416,W,7,,0.40,-28.73,M,0.0,M,0.0,0000*74
$GPRMC,215040.00,A,3734.519559,N,12219.129416,W,065.8,319.2,030820,,,A*42
$GPGGA,215041.00,3734.533473,N,12219.144668,W,7,,0.40,-28.89,M,0.0,M,0.0,0000*71
$GPRMC,215041.00,A,3734.533473,N,12219.144668,W,066.9,319.0,030820,,,A*42
$GPGGA,215042.00,3734.547604,N,12219.160304,W,7,,0.40,-28.97,M,0.0,M,0.0,0000*75
$GPRMC,215042.00,A,3734.547604,N,12219.160304,W,067.8,318.8,030820,,,A*40
$GPGGA,215043.00,3734.561709,N,12219.175850,W,7,,0.40,-29.14,M,0.0,M,0.0,0000*78
$GPRMC,215043.00,A,3734.561709,N,12219.175850,W,069.6,318.8,030820,,,A*47
$GPGGA,215044.00,3734.576794,N,12219.192223,W,7,,0.40,-29.41,M,0.0,M,0.0,0000*7A
$GPRMC,215044.00,A,3734.576794,N,12219.192223,W,066.2,319.1,030820,,,A*46
$GPGGA,215045.00,3734.590576,N,12219.207121,W,7,,0.40,-29.43,M,0.0,M,0.0,0000*71
$GPRMC,215045.00,A,3734.590576,N,12219.207121,W,067.9,319.2,030820,,,A*46
$GPGGA,215046.00,3734.605011,N,12219.222782,W,7,,0.40,-29.36,M,0.0,M,0.0,0000*73
$GPRMC,215046.00,A,3734.605011,N,12219.222782,W,068.9,319.2,030820,,,A*49
$GPGGA,215047.00,3734.619580,N,12219.238682,W,7,,0.40,-29.40,M,0.0,M,0.0,0000*79
$GPRMC,215047.00,A,3734.619580,N,12219.238682,W,068.3,319.2,030820,,,A*48
$GPGGA,215048.00,3734.634094,N,12219.254438,W,7,,0.40,-29.53,M,0.0,M,0.0,0000*72
$GPRMC,215048.00,A,3734.634094,N,12219.254438,W,067.4,319.2,030820,,,A*49
$GPGGA,215049.00,3734.648512,N,12219.270080,W,7,,0.40,-29.59,M,0.0,M,0.0,0000*78
$GPRMC,215049.00,A,3734.648512,N,12219.270080,W,067.3,319.3,030820,,,A*4F
$GPGGA,215050.00,3734.662929,N,12219.285716,W,7,,0.40,-29.69,M,0.0,M,0.0,0000*7D
$GPRMC,215050.00,A,3734.662929,N,12219.285716,W,067.5,319.3,030820,,,A*4F
$GPGGA,215051.00,3734.676922,N,12219.300896,W,7,,0.40,-29.64,M,0.0,M,0.0,0000*74
$GPRMC,215051.00,A,3734.676922,N,12219.300896,W,070.3,319.2,030820,,,A*4A
$GPGGA,215052.00,3734.691628,N,12219.316843,W,7,,0.40,-29.76,M,0.0,M,0.0,0000*77
$GPRMC,215052.00,A,3734.691628,N,12219.316843,W,069.5,319.2,030820,,,A*44
$GPGGA,215053.00,3734.705799,N,12219.332257,W,7,,0.40,-29.82,M,0.0,M,0.0,0000*73
$GPRMC,215053.00,A,3734.705799,N,12219.332257,W,068.2,319.2,030820,,,A*4D
$GPGGA,215054.00,3734.719750,N,12219.347504,W,7,,0.40,-29.80,M,0.0,M,0.0,0000*7D
$GPRMC,215054.00,A,3734.719750,N,12219.347504,W,066.5,319.1,030820,,,A*4B
$GPGGA,215055.00,3734.733394,N,12219.362396,W,7,,0.40,-29.73,M,0.0,M,0.0,0000*7E
$GPRMC,215055.00,A,3734.733394,N,12219.362396,W,065.6,319.1,030820,,,A*44
$GPGGA,215056.00,3734.746894,N,12219.377083,W,7,,0.40,-29.67,M,0.0,M,0.0,0000*72
$GPRMC,215056.00,A,3734.746894,N,12219.377083,W,066.1,319.1,030820,,,A*49
$GPGGA,215057.00,3734.760639,N,12219.392089,W,7,,0.40,-29.67,M,0.0,M,0.0,0000*7F
$GPRMC,215057.00,A,3734.760639,N,12219.392089,W,065.8,319.1,030820,,,A*4E
$GPGGA,215058.00,3734.774091,N,12219.406867,W,7,,0.40,-29.57,M,0.0,M,0.0,0000*70
$GPRMC,215058.00,A,3734.774091,N,12219.406867,W,066.9,318.9,030820,,,A*49
$GPGGA,215059.00,3734.788456,N,12219.422509,W,7,,0.40,-29.55,M,0.0,M,0.0,0000*7C
$GPRMC,215059.00,A,3734.788456,N,12219.422509,W,061.7,319.1,030820,,,A*47
$GPGGA,215100.00,3734.801116,N,12219.436244,W,7,,0.40,-29.59,M,0.0,M,0.0,0000*79
$GPRMC,215100.00,A,3734.801116,N,12219.436244,W,064.3,319.2,030820,,,A*4C
$GPGGA,215101.00,3734.814874,N,12219.451208,W,7,,0.40,-29.69,M,0.0,M,0.0,0000*7B
$GPRMC,215101.00,A,3734.814874,N,12219.451208,W,065.1,319.2,030820,,,A*4E
$GPGGA,215102.00,3734.828751,N,12219.466352,W,7,,0.40,-29.84,M,0.0,M,0.0,0000*76
$GPRMC,215102.00,A,3734.828751,N,12219.466352,W,063.7,319.2,030820,,,A*40
$GPGGA,215103.00,3734.841879,N,12219.480722,W,7,,0.40,-30.02,M,0.0,M,0.0,0000*70
$GPRMC,215103.00,A,3734.841879,N,12219.480722,W,066.3,319.1,030820,,,A*42
$GPGGA,215104.00,3734.856039,N,12219.496285,W,7,,0.40,-30.06,M,0.0,M,0.0,0000*76
$GPRMC,215104.00,A,3734.856039,N,12219.496285,W,066.1,318.9,030820,,,A*4B
$GPGGA,215105.00,3734.869954,N,12219.511376,W,7,,0.40,-30.04,M,0.0,M,0.0,0000*78
$GPRMC,215105.00,A,3734.869954,N,12219.511376,W,065.7,319.1,030820,,,A*4B
$GPGGA,215106.00,3734.883651,N,12219.526117,W,7,,0.40,-30.06,M,0.0,M,0.0,0000*76
$GPRMC,215106.00,A,3734.883651,N,12219.526117,W,065.0,319.3,030820,,,A*42
$GPGGA,215107.00,3734.896923,N,12219.540440,W,7,,0.40,-29.98,M,0.0,M,0.0,0000*71
$GPRMC,215107.00,A,3734.896923,N,12219.540440,W,063.0,319.4,030820,,,A*4B
$GPGGA,215108.00,3734.909686,N,12219.554281,W,7,,0.40,-29.93,M,0.0,M,0.0,0000*7C
$GPRMC,215108.00,A,3734.909686,N,12219.554281,W,061.4,319.3,030820,,,A*4C
$GPGGA,215109.00,3734.922166,N,12219.567848,W,7,,0.40,-29.80,M,0.0,M,0.0,0000*70
$GPRMC,215109.00,A,3734.922166,N,12219.567848,W,061.0,319.2,030820,,,A*47
$GPGGA,215110.00,3734.934496,N,12219.581221,W,7,,0.40,-29.75,M,0.0,M,0.0,0000*72
$GPRMC,215110.00,A,3734.934496,N,12219.581221,W,061.9,319.2,030820,,,A*46
$GPGGA,215111.00,3734.947611,N,12219.595418,W,7,,0.40,-29.66,M,0.0,M,0.0,0000*71
$GPRMC,215111.00,A,3734.947611,N,12219.595418,W,057.9,319.3,030820,,,A*43
$GPGGA,215112.00,3734.959438,N,12219.608234,W,7,,0.40,-29.54,M,0.0,M,0.0,0000*7A
$GPRMC,215112.00,A,3734.959438,N,12219.608234,W,058.4,319.3,030820,,,A*4B
$GPGGA,215113.00,3734.971689,N,12219.621644,W,7,,0.40,-29.43,M,0.0,M,0.0,0000*77
$GPRMC,215113.00,A,3734.971689,N,12219.621644,W,058.8,319.0,030820,,,A*4F
$GPGGA,215114.00,3734.984110,N,12219.635179,W,7,,0.40,-29.36,M,0.0,M,0.0,0000*73
$GPRMC,215114.00,A,3734.984110,N,12219.635179,W,058.0,319.1,030820,,,A*40
$GPGGA,215115.00,3734.996199,N,12219.648283,W,7,,0.40,-29.18,M,0.0,M,0.0,0000*70
$GPRMC,215115.00,A,3734.996199,N,12219.648283,W,059.0,319.2,030820,,,A*4D
$GPGGA,215116.00,3735.008667,N,12219.661897,W,7,,0.40,-29.08,M,0.0,M,0.0,0000*7F
$GPRMC,215116.00,A,3735.008667,N,12219.661897,W,059.1,319.0,030820,,,A*40
$GPGGA,215117.00,3735.021208,N,12219.675650,W,7,,0.40,-28.92,M,0.0,M,0.0,0000*7A
$GPRMC,215117.00,A,3735.021208,N,12219.675650,W,059.0,318.9,030820,,,A*4E
$GPGGA,215118.00,3735.033754,N,12219.689281,W,7,,0.40,-28.81,M,0.0,M,0.0,0000*73
$GPRMC,215118.00,A,3735.033754,N,12219.689281,W,060.0,319.1,030820,,,A*46
$GPGGA,215119.00,3735.046858,N,12219.703412,W,7,,0.40,-28.69,M,0.0,M,0.0,0000*7A
$GPRMC,215119.00,A,3735.046858,N,12219.703412,W,059.7,319.3,030820,,,A*46
$GPGGA,215120.00,3735.059529,N,12219.716696,W,7,,0.44,-29.15,M,0.0,M,0.0,0000*71
$GPRMC,215120.00,A,3735.059529,N,12219.716696,W,060.0,319.7,030820,,,A*4A
$GPGGA,215121.00,3735.072490,N,12219.730471,W,7,,0.48,-29.17,M,0.0,M,0.0,0000*7B
$GPRMC,215121.00,A,3735.072490,N,12219.730471,W,061.0,319.6,030820,,,A*4E
$GPGGA,215122.00,3735.085833,N,12219.744691,W,7,,0.50,-29.01,M,0.0,M,0.0,0000*74
$GPRMC,215122.00,A,3735.085833,N,12219.744691,W,062.5,319.5,030820,,,A*4A
$GPGGA,215123.00,3735.099249,N,12219.759259,W,7,,0.52,-28.93,M,0.0,M,0.0,0000*7B
$GPRMC,215123.00,A,3735.099249,N,12219.759259,W,062.8,319.3,030820,,,A*46
$GPGGA,215124.00,3735.112101,N,12219.774116,W,7,,0.50,-28.87,M,0.0,M,0.0,0000*71
$GPRMC,215124.00,A,3735.112101,N,12219.774116,W,061.9,318.1,030820,,,A*4A
$GPGGA,215125.00,3735.123993,N,12219.788978,W,7,,0.50,-29.08,M,0.0,M,0.0,0000*74
$GPRMC,215125.00,A,3735.123993,N,12219.788978,W,062.8,316.1,030820,,,A*45
$GPGGA,215126.00,3735.135735,N,12219.805652,W,7,,0.47,-29.22,M,0.0,M,0.0,0000*71
$GPRMC,215126.00,A,3735.135735,N,12219.805652,W,062.1,313.3,030820,,,A*40
$GPGGA,215127.00,3735.145972,N,12219.822458,W,7,,0.43,-29.29,M,0.0,M,0.0,0000*78
$GPRMC,215127.00,A,3735.145972,N,12219.822458,W,063.9,309.9,030820,,,A*4E
$GPGGA,215128.00,3735.156118,N,12219.841639,W,7,,0.40,-29.34,M,0.0,M,0.0,0000*7E
$GPRMC,215128.00,A,3735.156118,N,12219.841639,W,059.9,305.9,030820,,,A*42
$GPGGA,215129.00,3735.164398,N,12219.859315,W,7,,0.40,-29.39,M,0.0,M,0.0,0000*7B
$GPRMC,215129.00,A,3735.164398,N,12219.859315,W,062.2,303.0,030820,,,A*46
$GPGGA,215130.00,3735.172623,N,12219.878840,W,7,,0.40,-29.40,M,0.0,M,0.0,0000*77
$GPRMC,215130.00,A,3735.172623,N,12219.878840,W,063.3,300.1,030820,,,A*46
$GPGGA,215131.00,3735.180069,N,12219.899162,W,7,,0.40,-29.46,M,0.0,M,0.0,0000*73
$GPRMC,215131.00,A,3735.180069,N,12219.899162,W,062.4,296.8,030820,,,A*45
$GPGGA,215132.00,3735.186178,N,12219.918793,W,7,,0.40,-29.50,M,0.0,M,0.0,0000*70
$GPRMC,215132.00,A,3735.186178,N,12219.918793,W,063.1,293.8,030820,,,A*40
$GPGGA,215133.00,3735.191908,N,12219.939685,W,7,,0.43,-29.43,M,0.0,M,0.0,0000*7C
$GPRMC,215133.00,A,3735.191908,N,12219.939685,W,061.7,291.0,030820,,,A*43
$GPGGA,215134.00,3735.196138,N,12219.959863,W,7,,0.43,-29.34,M,0.0,M,0.0,0000*77
$GPRMC,215134.00,A,3735.196138,N,12219.959863,W,060.7,287.6,030820,,,A*48
$GPGGA,215135.00,3735.199761,N,12219.980185,W,7,,0.44,-29.18,M,0.0,M,0.0,0000*7F
$GPRMC,215135.00,A,3735.199761,N,12219.980185,W,059.9,284.7,030820,,,A*4F
$GPGGA,215136.00,3735.202611,N,12220.000669,W,7,,0.44,-29.29,M,0.0,M,0.0,0000*77
$GPRMC,215136.00,A,3735.202611,N,12220.000669,W,058.9,281.8,030820,,,A*4E
$GPGGA,215137.00,3735.204729,N,12220.020680,W,7,,0.44,-29.18,M,0.0,M,0.0,0000*7D
$GPRMC,215137.00,A,3735.204729,N,12220.020680,W,058.4,279.3,030820,,,A*47
$GPGGA,215138.00,3735.206230,N,12220.040323,W,7,,0.40,-29.07,M,0.0,M,0.0,0000*7D
$GPRMC,215138.00,A,3735.206230,N,12220.040323,W,057.7,277.1,030820,,,A*4D
$GPGGA,215139.00,3735.207112,N,12220.059518,W,7,,0.40,-29.02,M,0.0,M,0.0,0000*7D
$GPRMC,215139.00,A,3735.207112,N,12220.059518,W,056.8,275.2,030820,,,A*47
$GPGGA,215140.00,3735.207681,N,12220.081016,W,7,,0.40,-29.15,M,0.0,M,0.0,0000*76
$GPRMC,215140.00,A,3735.207681,N,12220.081016,W,055.7,273.1,030820,,,A*43
$GPGGA,215141.00,3735.208060,N,12220.098961,W,7,,0.40,-29.03,M,0.0,M,0.0,0000*77
$GPRMC,215141.00,A,3735.208060,N,12220.098961,W,055.5,272.3,030820,,,A*44
$GPGGA,215142.00,3735.208437,N,12220.118395,W,7,,0.40,-28.84,M,0.0,M,0.0,0000*74
$GPRMC,215142.00,A,3735.208437,N,12220.118395,W,056.4,271.7,030820,,,A*4C
$GPGGA,215143.00,3735.208930,N,12220.138987,W,7,,0.40,-28.69,M,0.0,M,0.0,0000*77
$GPRMC,215143.00,A,3735.208930,N,12220.138987,W,058.0,271.7,030820,,,A*46
$GPGGA,215144.00,3735.209530,N,12220.159130,W,7,,0.40,-28.60,M,0.0,M,0.0,0000*77
$GPRMC,215144.00,A,3735.209530,N,12220.159130,W,058.7,272.0,030820,,,A*4C
$GPGGA,215145.00,3735.210136,N,12220.179853,W,7,,0.40,-28.40,M,0.0,M,0.0,0000*70
$GPRMC,215145.00,A,3735.210136,N,12220.179853,W,058.6,272.1,030820,,,A*49
$GPGGA,215146.00,3735.210741,N,12220.200715,W,7,,0.40,-28.39,M,0.0,M,0.0,0000*7B
$GPRMC,215146.00,A,3735.210741,N,12220.200715,W,058.3,272.1,030820,,,A*49
$GPGGA,215147.00,3735.211287,N,12220.220750,W,7,,0.40,-28.30,M,0.0,M,0.0,0000*7E
$GPRMC,215147.00,A,3735.211287,N,12220.220750,W,058.1,272.0,030820,,,A*46
$GPGGA,215148.00,3735.211875,N,12220.241444,W,7,,0.40,-28.18,M,0.0,M,0.0,0000*7D
$GPRMC,215148.00,A,3735.211875,N,12220.241444,W,057.4,272.0,030820,,,A*45
$GPGGA,215149.00,3735.212421,N,12220.261009,W,7,,0.40,-28.22,M,0.0,M,0.0,0000*74
$GPRMC,215149.00,A,3735.212421,N,12220.261009,W,056.9,272.0,030820,,,A*49
$GPGGA,215150.00,3735.212931,N,12220.280750,W,7,,0.40,-28.24,M,0.0,M,0.0,0000*72
$GPRMC,215150.00,A,3735.212931,N,12220.280750,W,056.8,271.9,030820,,,A*42
$GPGGA,215151.00,3735.213363,N,12220.300663,W,7,,0.40,-28.15,M,0.0,M,0.0,0000*75
$GPRMC,215151.00,A,3735.213363,N,12220.300663,W,057.1,271.7,030820,,,A*41
$GPGGA,215152.00,3735.213754,N,12220.319911,W,7,,0.40,-28.08,M,0.0,M,0.0,0000*78
$GPRMC,215152.00,A,3735.213754,N,12220.319911,W,057.7,271.5,030820,,,A*44
$GPGGA,215153.00,3735.214203,N,12220.342771,W,7,,0.40,-27.99,M,0.0,M,0.0,0000*78
$GPRMC,215153.00,A,3735.214203,N,12220.342771,W,058.4,271.4,030820,,,A*4E
$GPGGA,215154.00,3735.214660,N,12220.362542,W,7,,0.40,-28.10,M,0.0,M,0.0,0000*70
$GPRMC,215154.00,A,3735.214660,N,12220.362542,W,059.7,271.5,030820,,,A*4B
$GPGGA,215155.00,3735.215170,N,12220.382629,W,7,,0.40,-28.16,M,0.0,M,0.0,0000*70
$GPRMC,215155.00,A,3735.215170,N,12220.382629,W,061.0,271.6,030820,,,A*42
$GPGGA,215156.00,3735.215716,N,12220.405309,W,7,,0.40,-28.11,M,0.0,M,0.0,0000*7D
$GPRMC,215156.00,A,3735.215716,N,12220.405309,W,062.0,271.6,030820,,,A*4B
$GPGGA,215157.00,3735.216291,N,12220.426303,W,7,,0.40,-28.07,M,0.0,M,0.0,0000*79
$GPRMC,215157.00,A,3735.216291,N,12220.426303,W,062.7,271.8,030820,,,A*41
$GPGGA,215158.00,3735.216958,N,12220.449074,W,7,,0.40,-27.98,M,0.0,M,0.0,0000*7B
$GPRMC,215158.00,A,3735.216958,N,12220.449074,W,063.2,272.0,030820,,,A*45
$GPGGA,215159.00,3735.217569,N,12220.471424,W,7,,0.40,-27.87,M,0.0,M,0.0,0000*71
$GPRMC,215159.00,A,3735.217569,N,12220.471424,W,063.8,271.9,030820,,,A*41
$GPGGA,215200.00,3735.218212,N,12220.494205,W,7,,0.40,-27.79,M,0.0,M,0.0,0000*75
$GPRMC,215200.00,A,3735.218212,N,12220.494205,W,064.1,272.0,030820,,,A*40
$GPGGA,215201.00,3735.218902,N,12220.517078,W,7,,0.40,-27.70,M,0.0,M,0.0,0000*75
$GPRMC,215201.00,A,3735.218902,N,12220.517078,W,064.6,272.1,030820,,,A*4F
$GPGGA,215202.00,3735.219567,N,12220.539721,W,7,,0.40,-27.57,M,0.0,M,0.0,0000*7A
$GPRMC,215202.00,A,3735.219567,N,12220.539721,W,065.2,272.1,030820,,,A*40
$GPGGA,215203.00,3735.220227,N,12220.562539,W,7,,0.40,-27.47,M,0.0,M,0.0,0000*76
$GPRMC,215203.00,A,3735.220227,N,12220.562539,W,065.5,272.1,030820,,,A*4A
$GPGGA,215204.00,3735.220870,N,12220.584601,W,7,,0.40,-27.26,M,0.0,M,0.0,0000*7E
$GPRMC,215204.00,A,3735.220870,N,12220.584601,W,065.6,272.1,030820,,,A*46
$GPGGA,215205.00,3735.221518,N,12220.609807,W,7,,0.40,-27.08,M,0.0,M,0.0,0000*7F
$GPRMC,215205.00,A,3735.221518,N,12220.609807,W,065.7,271.9,030820,,,A*41
$GPGGA,215206.00,3735.222178,N,12220.631414,W,7,,0.40,-26.84,M,0.0,M,0.0,0000*7D
$GPRMC,215206.00,A,3735.222178,N,12220.631414,W,066.0,272.0,030820,,,A*48
$GPGGA,215207.00,3735.223138,N,12220.654250,W,7,,0.40,-26.74,M,0.0,M,0.0,0000*73
$GPRMC,215207.00,A,3735.223138,N,12220.654250,W,066.2,272.6,030820,,,A*4D
$GPGGA,215208.00,3735.224290,N,12220.677871,W,7,,0.40,-26.67,M,0.0,M,0.0,0000*70
$GPRMC,215208.00,A,3735.224290,N,12220.677871,W,066.3,273.1,030820,,,A*4B
$GPGGA,215209.00,3735.225202,N,12220.702094,W,7,,0.40,-26.66,M,0.0,M,0.0,0000*7A
$GPRMC,215209.00,A,3735.225202,N,12220.702094,W,066.6,272.8,030820,,,A*4D
$GPGGA,215210.00,3735.225904,N,12220.724047,W,7,,0.40,-26.70,M,0.0,M,0.0,0000*72
$GPRMC,215210.00,A,3735.225904,N,12220.724047,W,067.1,272.5,030820,,,A*49
$GPGGA,215211.00,3735.226569,N,12220.748048,W,7,,0.40,-26.82,M,0.0,M,0.0,0000*7F
$GPRMC,215211.00,A,3735.226569,N,12220.748048,W,067.5,272.2,030820,,,A*4A
$GPGGA,215212.00,3735.227121,N,12220.771981,W,7,,0.40,-27.00,M,0.0,M,0.0,0000*78
$GPRMC,215212.00,A,3735.227121,N,12220.771981,W,067.7,271.9,030820,,,A*4C
$GPGGA,215213.00,3735.227656,N,12220.795639,W,7,,0.40,-27.02,M,0.0,M,0.0,0000*7A
$GPRMC,215213.00,A,3735.227656,N,12220.795639,W,067.9,271.7,030820,,,A*4C
$GPGGA,215214.00,3735.228202,N,12220.819651,W,7,,0.40,-27.13,M,0.0,M,0.0,0000*72
$GPRMC,215214.00,A,3735.228202,N,12220.819651,W,068.2,271.6,030820,,,A*41
$GPGGA,215215.00,3735.228718,N,12220.843418,W,7,,0.40,-27.22,M,0.0,M,0.0,0000*7F
$GPRMC,215215.00,A,3735.228718,N,12220.843418,W,068.3,271.6,030820,,,A*4F
$GPGGA,215216.00,3735.229294,N,12220.868083,W,7,,0.40,-27.28,M,0.0,M,0.0,0000*79
$GPRMC,215216.00,A,3735.229294,N,12220.868083,W,068.4,271.6,030820,,,A*44
$GPGGA,215217.00,3735.229821,N,12220.890176,W,7,,0.40,-27.35,M,0.0,M,0.0,0000*7C
$GPRMC,215217.00,A,3735.229821,N,12220.890176,W,069.0,271.7,030820,,,A*49
$GPGGA,215218.00,3735.230451,N,12220.917020,W,7,,0.40,-27.45,M,0.0,M,0.0,0000*7B
$GPRMC,215218.00,A,3735.230451,N,12220.917020,W,069.4,271.6,030820,,,A*4C
$GPGGA,215219.00,3735.231112,N,12220.940191,W,7,,0.40,-27.58,M,0.0,M,0.0,0000*7C
$GPRMC,215219.00,A,3735.231112,N,12220.940191,W,069.8,271.9,030820,,,A*44
$GPGGA,215220.00,3735.231772,N,12220.964665,W,7,,0.40,-27.64,M,0.0,M,0.0,0000*73
$GPRMC,215220.00,A,3735.231772,N,12220.964665,W,070.1,271.9,030820,,,A*45
$GPGGA,215221.00,3735.232413,N,12220.988365,W,7,,0.40,-27.75,M,0.0,M,0.0,0000*72
$GPRMC,215221.00,A,3735.232413,N,12220.988365,W,070.4,271.9,030820,,,A*41
$GPGGA,215222.00,3735.233122,N,12221.014861,W,7,,0.40,-27.84,M,0.0,M,0.0,0000*7B
$GPRMC,215222.00,A,3735.233122,N,12221.014861,W,070.6,271.9,030820,,,A*44
$GPGGA,215223.00,3735.233805,N,12221.039042,W,7,,0.40,-27.91,M,0.0,M,0.0,0000*74
$GPRMC,215223.00,A,3735.233805,N,12221.039042,W,070.8,272.0,030820,,,A*4B
$GPGGA,215224.00,3735.234489,N,12221.064992,W,7,,0.40,-28.05,M,0.0,M,0.0,0000*72
$GPRMC,215224.00,A,3735.234489,N,12221.064992,W,071.0,271.9,030820,,,A*4C
$GPGGA,215225.00,3735.235107,N,12221.088367,W,7,,0.40,-28.06,M,0.0,M,0.0,0000*70
$GPRMC,215225.00,A,3735.235107,N,12221.088367,W,071.2,271.9,030820,,,A*4F
$GPGGA,215226.00,3735.235737,N,12221.113843,W,7,,0.40,-28.05,M,0.0,M,0.0,0000*7B
$GPRMC,215226.00,A,3735.235737,N,12221.113843,W,071.3,271.8,030820,,,A*47
$GPGGA,215227.00,3735.236488,N,12221.138528,W,7,,0.40,-28.08,M,0.0,M,0.0,0000*7A
$GPRMC,215227.00,A,3735.236488,N,12221.138528,W,071.5,272.0,030820,,,A*46
$GPGGA,215228.00,3735.237394,N,12221.163818,W,7,,0.40,-28.13,M,0.0,M,0.0,0000*74
$GPRMC,215228.00,A,3735.237394,N,12221.163818,W,071.7,272.3,030820,,,A*43
$GPGGA,215229.00,3735.238516,N,12221.187727,W,7,,0.40,-28.20,M,0.0,M,0.0,0000*7F
$GPRMC,215229.00,A,3735.238516,N,12221.187727,W,071.9,273.0,030820,,,A*44
$GPGGA,215230.00,3735.240249,N,12221.215513,W,7,,0.40,-28.24,M,0.0,M,0.0,0000*7C
$GPRMC,215230.00,A,3735.240249,N,12221.215513,W,071.6,273.8,030820,,,A*44
$GPGGA,215231.00,3735.242445,N,12221.238992,W,7,,0.40,-28.19,M,0.0,M,0.0,0000*71
$GPRMC,215231.00,A,3735.242445,N,12221.238992,W,071.8,275.4,030820,,,A*43
$GPGGA,215232.00,3735.245380,N,12221.263532,W,7,,0.40,-28.20,M,0.0,M,0.0,0000*79
$GPRMC,215232.00,A,3735.245380,N,12221.263532,W,071.9,277.2,030820,,,A*44
$GPGGA,215233.00,3735.249040,N,12221.288815,W,7,,0.40,-28.27,M,0.0,M,0.0,0000*71
$GPRMC,215233.00,A,3735.249040,N,12221.288815,W,071.6,279.0,030820,,,A*48
$GPGGA,215234.00,3735.253065,N,12221.312786,W,7,,0.44,-28.28,M,0.0,M,0.0,0000*76
$GPRMC,215234.00,A,3735.253065,N,12221.312786,W,071.7,280.7,030820,,,A*44
$GPGGA,215235.00,3735.257811,N,12221.337307,W,7,,0.47,-28.21,M,0.0,M,0.0,0000*78
$GPRMC,215235.00,A,3735.257811,N,12221.337307,W,071.7,282.4,030820,,,A*41
$GPGGA,215236.00,3735.263230,N,12221.361530,W,7,,0.47,-28.17,M,0.0,M,0.0,0000*71
$GPRMC,215236.00,A,3735.263230,N,12221.361530,W,071.2,284.2,030820,,,A*48
$GPGGA,215237.00,3735.269217,N,12221.385145,W,7,,0.48,-28.14,M,0.0,M,0.0,0000*7F
$GPRMC,215237.00,A,3735.269217,N,12221.385145,W,071.0,286.2,030820,,,A*4A
$GPGGA,215238.00,3735.276015,N,12221.408671,W,7,,0.47,-28.21,M,0.0,M,0.0,0000*75
$GPRMC,215238.00,A,3735.276015,N,12221.408671,W,070.6,288.4,030820,,,A*46
$GPGGA,215239.00,3735.283443,N,12221.431465,W,7,,0.44,-28.23,M,0.0,M,0.0,0000*75
$GPRMC,215239.00,A,3735.283443,N,12221.431465,W,071.2,290.7,030820,,,A*48
$GPGGA,215240.00,3735.291483,N,12221.454313,W,7,,0.40,-28.23,M,0.0,M,0.0,0000*75
$GPRMC,215240.00,A,3735.291483,N,12221.454313,W,071.2,292.6,030820,,,A*4F
$GPGGA,215241.00,3735.299985,N,12221.476886,W,7,,0.40,-28.24,M,0.0,M,0.0,0000*77
$GPRMC,215241.00,A,3735.299985,N,12221.476886,W,070.6,294.2,030820,,,A*4D
$GPGGA,215242.00,3735.308794,N,12221.498749,W,7,,0.40,-28.27,M,0.0,M,0.0,0000*7C
$GPRMC,215242.00,A,3735.308794,N,12221.498749,W,071.3,295.8,030820,,,A*4A
$GPGGA,215243.00,3735.318369,N,12221.520895,W,7,,0.40,-28.38,M,0.0,M,0.0,0000*78
$GPRMC,215243.00,A,3735.318369,N,12221.520895,W,069.7,297.4,030820,,,A*43
$GPGGA,215244.00,3735.328059,N,12221.541428,W,7,,0.40,-28.37,M,0.0,M,0.0,0000*7E
$GPRMC,215244.00,A,3735.328059,N,12221.541428,W,070.3,299.3,030820,,,A*4F
$GPGGA,215245.00,3735.338583,N,12221.562259,W,7,,0.40,-28.42,M,0.0,M,0.0,0000*7F
$GPRMC,215245.00,A,3735.338583,N,12221.562259,W,069.5,301.2,030820,,,A*43
$GPGGA,215246.00,3735.349276,N,12221.582251,W,7,,0.40,-28.48,M,0.0,M,0.0,0000*7B
$GPRMC,215246.00,A,3735.349276,N,12221.582251,W,070.2,302.8,030820,,,A*4B
$GPGGA,215247.00,3735.360651,N,12221.602292,W,7,,0.40,-28.46,M,0.0,M,0.0,0000*7A
$GPRMC,215247.00,A,3735.360651,N,12221.602292,W,070.4,304.4,030820,,,A*48
$GPGGA,215248.00,3735.372454,N,12221.622031,W,7,,0.40,-28.38,M,0.0,M,0.0,0000*71
$GPRMC,215248.00,A,3735.372454,N,12221.622031,W,070.1,305.9,030820,,,A*43
$GPGGA,215249.00,3735.384490,N,12221.641405,W,7,,0.40,-28.53,M,0.0,M,0.0,0000*7A
$GPRMC,215249.00,A,3735.384490,N,12221.641405,W,070.2,307.1,030820,,,A*4C
$GPGGA,215250.00,3735.396981,N,12221.660809,W,7,,0.40,-28.72,M,0.0,M,0.0,0000*7C
$GPRMC,215250.00,A,3735.396981,N,12221.660809,W,069.5,308.3,030820,,,A*4B
$GPGGA,215251.00,3735.409408,N,12221.679488,W,7,,0.40,-28.50,M,0.0,M,0.0,0000*7D
$GPRMC,215251.00,A,3735.409408,N,12221.679488,W,071.5,309.2,030820,,,A*43
$GPGGA,215252.00,3735.422781,N,12221.698100,W,7,,0.44,-28.59,M,0.0,M,0.0,0000*72
$GPRMC,215252.00,A,3735.422781,N,12221.698100,W,070.3,310.8,030820,,,A*44
$GPGGA,215253.00,3735.435681,N,12221.716303,W,7,,0.47,-28.90,M,0.0,M,0.0,0000*74
$GPRMC,215253.00,A,3735.435681,N,12221.716303,W,071.2,311.1,030820,,,A*4C
$GPGGA,215254.00,3735.448389,N,12221.735347,W,7,,0.50,-28.62,M,0.0,M,0.0,0000*7E
$GPRMC,215254.00,A,3735.448389,N,12221.735347,W,071.4,310.5,030820,,,A*4E
$GPGGA,215255.00,3735.461500,N,12221.754158,W,7,,0.53,-28.09,M,0.0,M,0.0,0000*76
$GPRMC,215255.00,A,3735.461500,N,12221.754158,W,071.0,310.7,030820,,,A*4E
$GPGGA,215256.00,3735.474238,N,12221.773033,W,7,,0.60,-27.24,M,0.0,M,0.0,0000*74
$GPRMC,215256.00,A,3735.474238,N,12221.773033,W,070.9,310.3,030820,,,A*40
$GPGGA,215257.00,3735.486238,N,12221.792792,W,7,,0.57,-27.44,M,0.0,M,0.0,0000*79
$GPRMC,215257.00,A,3735.486238,N,12221.792792,W,070.9,308.8,030820,,,A*4D
$GPGGA,215258.00,3735.498693,N,12221.812759,W,7,,0.52,-27.84,M,0.0,M,0.0,0000*75
$GPRMC,215258.00,A,3735.498693,N,12221.812759,W,071.0,308.5,030820,,,A*4D
$GPGGA,215259.00,3735.511197,N,12221.832337,W,7,,0.48,-28.14,M,0.0,M,0.0,0000*74
$GPRMC,215259.00,A,3735.511197,N,12221.832337,W,072.1,308.7,030820,,,A*41
$GPGGA,215300.00,3735.523905,N,12221.852017,W,7,,0.44,-28.40,M,0.0,M,0.0,0000*71
$GPRMC,215300.00,A,3735.523905,N,12221.852017,W,072.0,309.0,030820,,,A*4E
$GPGGA,215301.00,3735.536337,N,12221.871463,W,7,,0.43,-28.36,M,0.0,M,0.0,0000*7F
$GPRMC,215301.00,A,3735.536337,N,12221.871463,W,072.3,308.9,030820,,,A*4D
$GPGGA,215302.00,3735.548679,N,12221.891407,W,7,,0.40,-28.29,M,0.0,M,0.0,0000*7B
$GPRMC,215302.00,A,3735.548679,N,12221.891407,W,071.0,308.3,030820,,,A*4E
$GPGGA,215303.00,3735.560565,N,12221.910841,W,7,,0.40,-28.36,M,0.0,M,0.0,0000*76
$GPRMC,215303.00,A,3735.560565,N,12221.910841,W,072.0,307.9,030820,,,A*4B
$GPGGA,215304.00,3735.572673,N,12221.930396,W,7,,0.40,-28.74,M,0.0,M,0.0,0000*73
$GPRMC,215304.00,A,3735.572673,N,12221.930396,W,072.8,308.0,030820,,,A*46
$GPGGA,215305.00,3735.585166,N,12221.950160,W,7,,0.40,-29.08,M,0.0,M,0.0,0000*7E
$GPRMC,215305.00,A,3735.585166,N,12221.950160,W,071.0,308.3,030820,,,A*49
$GPGGA,215306.00,3735.597358,N,12221.969132,W,7,,0.40,-29.37,M,0.0,M,0.0,0000*70
$GPRMC,215306.00,A,3735.597358,N,12221.969132,W,070.4,308.6,030820,,,A*4B
$GPGGA,215307.00,3735.609646,N,12221.988218,W,7,,0.40,-29.48,M,0.0,M,0.0,0000*73
$GPRMC,215307.00,A,3735.609646,N,12221.988218,W,069.9,308.8,030820,,,A*4B
$GPGGA,215308.00,3735.621921,N,12222.007232,W,7,,0.40,-29.55,M,0.0,M,0.0,0000*71
$GPRMC,215308.00,A,3735.621921,N,12222.007232,W,069.2,309.0,030820,,,A*47
$GPGGA,215309.00,3735.634119,N,12222.025976,W,7,,0.40,-29.68,M,0.0,M,0.0,0000*72
$GPRMC,215309.00,A,3735.634119,N,12222.025976,W,069.3,309.2,030820,,,A*49
$GPGGA,215310.00,3735.646401,N,12222.044792,W,7,,0.40,-29.71,M,0.0,M,0.0,0000*78
$GPRMC,215310.00,A,3735.646401,N,12222.044792,W,068.7,309.3,030820,,,A*4F
$GPGGA,215311.00,3735.658210,N,12222.062726,W,7,,0.40,-29.70,M,0.0,M,0.0,0000*7A
$GPRMC,215311.00,A,3735.658210,N,12222.062726,W,071.8,309.5,030820,,,A*4D
$GPGGA,215312.00,3735.671194,N,12222.082418,W,7,,0.40,-29.73,M,0.0,M,0.0,0000*7E
$GPRMC,215312.00,A,3735.671194,N,12222.082418,W,068.4,309.6,030820,,,A*4D
$GPGGA,215313.00,3735.683067,N,12222.100526,W,7,,0.40,-29.79,M,0.0,M,0.0,0000*72
$GPRMC,215313.00,A,3735.683067,N,12222.100526,W,069.1,309.6,030820,,,A*4F
$GPGGA,215314.00,3735.695583,N,12222.119737,W,7,,0.40,-29.88,M,0.0,M,0.0,0000*79
$GPRMC,215314.00,A,3735.695583,N,12222.119737,W,067.6,309.4,030820,,,A*41
$GPGGA,215315.00,3735.707481,N,12222.137960,W,7,,0.40,-29.95,M,0.0,M,0.0,0000*7D
$GPRMC,215315.00,A,3735.707481,N,12222.137960,W,070.1,309.4,030820,,,A*48
$GPGGA,215316.00,3735.720105,N,12222.157316,W,7,,0.40,-29.97,M,0.0,M,0.0,0000*7D
$GPRMC,215316.00,A,3735.720105,N,12222.157316,W,070.0,309.4,030820,,,A*4B
$GPGGA,215317.00,3735.732370,N,12222.175988,W,7,,0.40,-30.04,M,0.0,M,0.0,0000*70
$GPRMC,215317.00,A,3735.732370,N,12222.175988,W,071.0,309.5,030820,,,A*44
$GPGGA,215318.00,3735.745047,N,12222.195362,W,7,,0.40,-30.07,M,0.0,M,0.0,0000*7B
$GPRMC,215318.00,A,3735.745047,N,12222.195362,W,069.7,309.5,030820,,,A*42
$GPGGA,215319.00,3735.757288,N,12222.214153,W,7,,0.40,-30.14,M,0.0,M,0.0,0000*70
$GPRMC,215319.00,A,3735.757288,N,12222.214153,W,070.5,309.4,030820,,,A*40
$GPGGA,215320.00,3735.769821,N,12222.233299,W,7,,0.40,-30.21,M,0.0,M,0.0,0000*78
$GPRMC,215320.00,A,3735.769821,N,12222.233299,W,071.2,309.5,030820,,,A*49
$GPGGA,215321.00,3735.782295,N,12222.252355,W,7,,0.40,-30.23,M,0.0,M,0.0,0000*7D
$GPRMC,215321.00,A,3735.782295,N,12222.252355,W,072.3,309.5,030820,,,A*4C
$GPGGA,215322.00,3735.795118,N,12222.271987,W,7,,0.40,-30.27,M,0.0,M,0.0,0000*7E
$GPRMC,215322.00,A,3735.795118,N,12222.271987,W,070.8,309.5,030820,,,A*42
$GPGGA,215323.00,3735.807477,N,12222.290984,W,7,,0.40,-30.33,M,0.0,M,0.0,0000*7E
$GPRMC,215323.00,A,3735.807477,N,12222.290984,W,071.1,309.4,030820,,,A*4E
$GPGGA,215324.00,3735.820078,N,12222.310448,W,7,,0.40,-30.35,M,0.0,M,0.0,0000*75
$GPRMC,215324.00,A,3735.820078,N,12222.310448,W,070.5,309.3,030820,,,A*41
$GPGGA,215325.00,3735.832582,N,12222.329797,W,7,,0.40,-30.37,M,0.0,M,0.0,0000*7E
$GPRMC,215325.00,A,3735.832582,N,12222.329797,W,070.3,309.2,030820,,,A*4F
$GPGGA,215326.00,3735.845176,N,12222.349129,W,7,,0.40,-30.51,M,0.0,M,0.0,0000*77
$GPRMC,215326.00,A,3735.845176,N,12222.349129,W,071.0,309.3,030820,,,A*45
$GPGGA,215327.00,3735.857883,N,12222.368510,W,7,,0.40,-30.59,M,0.0,M,0.0,0000*73
$GPRMC,215327.00,A,3735.857883,N,12222.368510,W,071.8,309.4,030820,,,A*46
$GPGGA,215328.00,3735.870424,N,12222.387554,W,7,,0.40,-30.54,M,0.0,M,0.0,0000*74
$GPRMC,215328.00,A,3735.870424,N,12222.387554,W,074.1,309.6,030820,,,A*42
$GPGGA,215329.00,3735.883744,N,12222.407804,W,7,,0.40,-30.31,M,0.0,M,0.0,0000*78
$GPRMC,215329.00,A,3735.883744,N,12222.407804,W,071.1,309.6,030820,,,A*48
$GPGGA,215330.00,3735.896428,N,12222.427082,W,7,,0.40,-30.09,M,0.0,M,0.0,0000*72
$GPRMC,215330.00,A,3735.896428,N,12222.427082,W,069.9,309.6,030820,,,A*48
$GPGGA,215331.00,3735.908950,N,12222.446287,W,7,,0.40,-29.89,M,0.0,M,0.0,0000*77
$GPRMC,215331.00,A,3735.908950,N,12222.446287,W,071.8,309.5,030820,,,A*46
$GPGGA,215332.00,3735.921826,N,12222.465986,W,7,,0.40,-29.87,M,0.0,M,0.0,0000*7A
$GPRMC,215332.00,A,3735.921826,N,12222.465986,W,074.0,309.5,030820,,,A*48
$GPGGA,215333.00,3735.935079,N,12222.486055,W,7,,0.40,-29.91,M,0.0,M,0.0,0000*71
$GPRMC,215333.00,A,3735.935079,N,12222.486055,W,073.1,309.6,030820,,,A*41
$GPGGA,215334.00,3735.947842,N,12222.505268,W,7,,0.40,-29.95,M,0.0,M,0.0,0000*71
$GPRMC,215334.00,A,3735.947842,N,12222.505268,W,073.3,309.8,030820,,,A*49
$GPGGA,215335.00,3735.960742,N,12222.524774,W,7,,0.40,-29.92,M,0.0,M,0.0,0000*76
$GPRMC,215335.00,A,3735.960742,N,12222.524774,W,072.8,309.8,030820,,,A*43
$GPGGA,215336.00,3735.973582,N,12222.544274,W,7,,0.40,-30.09,M,0.0,M,0.0,0000*70
$GPRMC,215336.00,A,3735.973582,N,12222.544274,W,072.3,309.7,030820,,,A*4B
$GPGGA,215337.00,3735.986271,N,12222.563552,W,7,,0.40,-30.35,M,0.0,M,0.0,0000*79
$GPRMC,215337.00,A,3735.986271,N,12222.563552,W,074.1,309.7,030820,,,A*49
$GPGGA,215338.00,3735.999418,N,12222.583459,W,7,,0.40,-30.45,M,0.0,M,0.0,0000*72
$GPRMC,215338.00,A,3735.999418,N,12222.583459,W,074.6,309.7,030820,,,A*42
$GPGGA,215339.00,3736.013026,N,12222.604099,W,7,,0.40,-30.54,M,0.0,M,0.0,0000*76
$GPRMC,215339.00,A,3736.013026,N,12222.604099,W,069.7,309.6,030820,,,A*4A
$GPGGA,215340.00,3736.025403,N,12222.622969,W,7,,0.40,-30.57,M,0.0,M,0.0,0000*7F
$GPRMC,215340.00,A,3736.025403,N,12222.622969,W,072.8,309.6,030820,,,A*45
$GPGGA,215341.00,3736.038657,N,12222.643321,W,7,,0.40,-30.55,M,0.0,M,0.0,0000*72
$GPRMC,215341.00,A,3736.038657,N,12222.643321,W,074.7,309.5,030820,,,A*40
$GPGGA,215342.00,3736.052134,N,12222.663877,W,7,,0.40,-30.56,M,0.0,M,0.0,0000*76
$GPRMC,215342.00,A,3736.052134,N,12222.663877,W,074.5,309.5,030820,,,A*45
$GPGGA,215343.00,3736.065298,N,12222.683972,W,7,,0.40,-30.52,M,0.0,M,0.0,0000*78
$GPRMC,215343.00,A,3736.065298,N,12222.683972,W,075.6,309.5,030820,,,A*4D
$GPGGA,215344.00,3736.078737,N,12222.704600,W,7,,0.40,-30.48,M,0.0,M,0.0,0000*7C
$GPRMC,215344.00,A,3736.078737,N,12222.704600,W,075.6,309.4,030820,,,A*43
$GPGGA,215345.00,3736.092052,N,12222.725036,W,7,,0.40,-30.61,M,0.0,M,0.0,0000*76
$GPRMC,215345.00,A,3736.092052,N,12222.725036,W,076.1,309.4,030820,,,A*46
$GPGGA,215346.00,3736.105462,N,12222.745604,W,7,,0.40,-30.66,M,0.0,M,0.0,0000*7B
$GPRMC,215346.00,A,3736.105462,N,12222.745604,W,076.5,309.4,030820,,,A*48
$GPGGA,215347.00,3736.118962,N,12222.766291,W,7,,0.40,-30.70,M,0.0,M,0.0,0000*75
$GPRMC,215347.00,A,3736.118962,N,12222.766291,W,076.4,309.4,030820,,,A*40
$GPGGA,215348.00,3736.132396,N,12222.787064,W,7,,0.40,-30.59,M,0.0,M,0.0,0000*7F
$GPRMC,215348.00,A,3736.132396,N,12222.787064,W,075.9,309.3,030820,,,A*48
$GPGGA,215349.00,3736.145871,N,12222.807739,W,7,,0.40,-30.42,M,0.0,M,0.0,0000*7E
$GPRMC,215349.00,A,3736.145871,N,12222.807739,W,075.6,309.3,030820,,,A*4C
$GPGGA,215350.00,3736.159335,N,12222.828068,W,7,,0.44,-31.05,M,0.0,M,0.0,0000*78
$GPRMC,215350.00,A,3736.159335,N,12222.828068,W,075.2,309.6,030820,,,A*4D
$GPGGA,215351.00,3736.173250,N,12222.848030,W,7,,0.48,-30.77,M,0.0,M,0.0,0000*70
$GPRMC,215351.00,A,3736.173250,N,12222.848030,W,076.2,310.4,030820,,,A*44
$GPGGA,215352.00,3736.187031,N,12222.868621,W,7,,0.48,-30.56,M,0.0,M,0.0,0000*7A
$GPRMC,215352.00,A,3736.187031,N,12222.868621,W,076.4,310.2,030820,,,A*4D
$GPGGA,215353.00,3736.200214,N,12222.888818,W,7,,0.47,-30.47,M,0.0,M,0.0,0000*77
$GPRMC,215353.00,A,3736.200214,N,12222.888818,W,079.1,309.8,030820,,,A*47
$GPGGA,215354.00,3736.214529,N,12222.910622,W,7,,0.48,-30.57,M,0.0,M,0.0,0000*75
$GPRMC,215354.00,A,3736.214529,N,12222.910622,W,075.2,309.6,030820,,,A*4A
$GPGGA,215355.00,3736.228251,N,12222.930883,W,7,,0.44,-30.60,M,0.0,M,0.0,0000*7C
$GPRMC,215355.00,A,3736.228251,N,12222.930883,W,073.3,310.1,030820,,,A*43
$GPGGA,215356.00,3736.241614,N,12222.950413,W,7,,0.40,-30.34,M,0.0,M,0.0,0000*73
$GPRMC,215356.00,A,3736.241614,N,12222.950413,W,076.4,310.5,030820,,,A*4F
$GPGGA,215357.00,3736.255630,N,12222.970837,W,7,,0.40,-30.46,M,0.0,M,0.0,0000*7C
$GPRMC,215357.00,A,3736.255630,N,12222.970837,W,078.6,310.7,030820,,,A*4B
$GPGGA,215358.00,3736.269958,N,12222.991772,W,7,,0.40,-30.57,M,0.0,M,0.0,0000*7C
$GPRMC,215358.00,A,3736.269958,N,12222.991772,W,077.0,310.7,030820,,,A*42
$GPGGA,215359.00,3736.283517,N,12223.011925,W,7,,0.40,-30.78,M,0.0,M,0.0,0000*7F
$GPRMC,215359.00,A,3736.283517,N,12223.011925,W,077.9,310.5,030820,,,A*47
$GPGGA,215400.00,3736.297432,N,12223.032763,W,7,,0.40,-30.81,M,0.0,M,0.0,0000*7C
$GPRMC,215400.00,A,3736.297432,N,12223.032763,W,077.3,310.3,030820,,,A*4E
$GPGGA,215401.00,3736.310926,N,12223.053301,W,7,,0.40,-30.77,M,0.0,M,0.0,0000*75
$GPRMC,215401.00,A,3736.310926,N,12223.053301,W,075.9,309.9,030820,,,A*44
$GPGGA,215402.00,3736.324024,N,12223.073216,W,7,,0.40,-30.94,M,0.0,M,0.0,0000*72
$GPRMC,215402.00,A,3736.324024,N,12223.073216,W,077.2,309.8,030820,,,A*46
$GPGGA,215403.00,3736.337266,N,12223.093700,W,7,,0.43,-30.79,M,0.0,M,0.0,0000*79
$GPRMC,215403.00,A,3736.337266,N,12223.093700,W,077.5,309.5,030820,,,A*47
$GPGGA,215404.00,3736.350753,N,12223.114880,W,7,,0.44,-30.69,M,0.0,M,0.0,0000*73
$GPRMC,215404.00,A,3736.350753,N,12223.114880,W,070.5,309.0,030820,,,A*49
$GPGGA,215405.00,3736.362874,N,12223.133887,W,7,,0.44,-30.58,M,0.0,M,0.0,0000*79
$GPRMC,215405.00,A,3736.362874,N,12223.133887,W,074.1,308.9,030820,,,A*49
$GPGGA,215406.00,3736.376278,N,12223.154894,W,7,,0.43,-30.55,M,0.0,M,0.0,0000*70
$GPRMC,215406.00,A,3736.376278,N,12223.154894,W,075.5,308.8,030820,,,A*4E
$GPGGA,215407.00,3736.389592,N,12223.175630,W,7,,0.48,-30.54,M,0.0,M,0.0,0000*7B
$GPRMC,215407.00,A,3736.389592,N,12223.175630,W,076.2,308.9,030820,,,A*4A
$GPGGA,215408.00,3736.403158,N,12223.196449,W,7,,0.48,-30.63,M,0.0,M,0.0,0000*76
$GPRMC,215408.00,A,3736.403158,N,12223.196449,W,076.7,309.2,030820,,,A*4C
$GPGGA,215409.00,3736.416855,N,12223.217245,W,7,,0.50,-30.69,M,0.0,M,0.0,0000*74
$GPRMC,215409.00,A,3736.416855,N,12223.217245,W,076.9,309.4,030820,,,A*45
$GPGGA,215410.00,3736.430577,N,12223.237994,W,7,,0.50,-30.56,M,0.0,M,0.0,0000*7C
$GPRMC,215410.00,A,3736.430577,N,12223.237994,W,076.8,309.6,030820,,,A*42
$GPGGA,215411.00,3736.444090,N,12223.258646,W,7,,0.50,-30.55,M,0.0,M,0.0,0000*78
$GPRMC,215411.00,A,3736.444090,N,12223.258646,W,078.1,309.6,030820,,,A*42
$GPGGA,215412.00,3736.457979,N,12223.279976,W,7,,0.50,-30.86,M,0.0,M,0.0,0000*76
$GPRMC,215412.00,A,3736.457979,N,12223.279976,W,077.2,309.4,030820,,,A*4C
$GPGGA,215413.00,3736.471581,N,12223.300963,W,7,,0.44,-31.14,M,0.0,M,0.0,0000*7C
$GPRMC,215413.00,A,3736.471581,N,12223.300963,W,077.0,309.3,030820,,,A*4C
$GPGGA,215414.00,3736.485189,N,12223.321940,W,7,,0.44,-31.11,M,0.0,M,0.0,0000*7B
$GPRMC,215414.00,A,3736.485189,N,12223.321940,W,077.3,309.3,030820,,,A*4D
$GPGGA,215415.00,3736.498947,N,12223.342945,W,7,,0.48,-31.14,M,0.0,M,0.0,0000*75
$GPRMC,215415.00,A,3736.498947,N,12223.342945,W,077.0,309.4,030820,,,A*4E
$GPGGA,215416.00,3736.512634,N,12223.363760,W,7,,0.48,-30.95,M,0.0,M,0.0,0000*7C
$GPRMC,215416.00,A,3736.512634,N,12223.363760,W,077.3,309.5,030820,,,A*4D
$GPGGA,215417.00,3736.526331,N,12223.384598,W,7,,0.47,-30.59,M,0.0,M,0.0,0000*79
$GPRMC,215417.00,A,3736.526331,N,12223.384598,W,078.3,309.6,030820,,,A*4B
$GPGGA,215418.00,3736.539886,N,12223.405310,W,7,,0.47,-30.60,M,0.0,M,0.0,0000*7D
$GPRMC,215418.00,A,3736.539886,N,12223.405310,W,079.9,309.6,030820,,,A*4E
$GPGGA,215419.00,3736.553883,N,12223.426831,W,7,,0.44,-30.63,M,0.0,M,0.0,0000*7C
$GPRMC,215419.00,A,3736.553883,N,12223.426831,W,075.9,309.4,030820,,,A*41
$GPGGA,215420.00,3736.567095,N,12223.447123,W,7,,0.40,-30.68,M,0.0,M,0.0,0000*7C
$GPRMC,215420.00,A,3736.567095,N,12223.447123,W,072.9,309.3,030820,,,A*4E
$GPGGA,215421.00,3736.579737,N,12223.466557,W,7,,0.40,-30.44,M,0.0,M,0.0,0000*77
$GPRMC,215421.00,A,3736.579737,N,12223.466557,W,074.3,309.4,030820,,,A*40
$GPGGA,215422.00,3736.592667,N,12223.486633,W,7,,0.40,-30.50,M,0.0,M,0.0,0000*7F
$GPRMC,215422.00,A,3736.592667,N,12223.486633,W,075.4,309.2,030820,,,A*4D
$GPGGA,215423.00,3736.605670,N,12223.507003,W,7,,0.40,-30.42,M,0.0,M,0.0,0000*7B
$GPRMC,215423.00,A,3736.605670,N,12223.507003,W,074.2,309.0,030820,,,A*4F
$GPGGA,215424.00,3736.618324,N,12223.526833,W,7,,0.40,-30.29,M,0.0,M,0.0,0000*71
$GPRMC,215424.00,A,3736.618324,N,12223.526833,W,074.1,308.8,030820,,,A*42
$GPGGA,215425.00,3736.631031,N,12223.547006,W,7,,0.40,-30.14,M,0.0,M,0.0,0000*7B
$GPRMC,215425.00,A,3736.631031,N,12223.547006,W,073.5,308.6,030820,,,A*4B
$GPGGA,215426.00,3736.643650,N,12223.567316,W,7,,0.40,-29.81,M,0.0,M,0.0,0000*78
$GPRMC,215426.00,A,3736.643650,N,12223.567316,W,073.5,308.2,030820,,,A*48
$GPGGA,215427.00,3736.656327,N,12223.587698,W,7,,0.40,-29.50,M,0.0,M,0.0,0000*79
$GPRMC,215427.00,A,3736.656327,N,12223.587698,W,073.7,308.2,030820,,,A*47
$GPGGA,215428.00,3736.669197,N,12223.608199,W,7,,0.40,-29.52,M,0.0,M,0.0,0000*73
$GPRMC,215428.00,A,3736.669197,N,12223.608199,W,073.3,308.2,030820,,,A*4B
$GPGGA,215429.00,3736.682062,N,12223.628257,W,7,,0.40,-29.52,M,0.0,M,0.0,0000*7F
$GPRMC,215429.00,A,3736.682062,N,12223.628257,W,074.3,308.7,030820,,,A*45
$GPGGA,215430.00,3736.695393,N,12223.648676,W,7,,0.40,-29.44,M,0.0,M,0.0,0000*7A
$GPRMC,215430.00,A,3736.695393,N,12223.648676,W,073.5,309.1,030820,,,A*41
$GPGGA,215431.00,3736.708563,N,12223.668134,W,7,,0.44,-29.40,M,0.0,M,0.0,0000*74
$GPRMC,215431.00,A,3736.708563,N,12223.668134,W,074.4,309.9,030820,,,A*41
$GPGGA,215432.00,3736.722412,N,12223.687472,W,7,,0.48,-29.26,M,0.0,M,0.0,0000*72
$GPRMC,215432.00,A,3736.722412,N,12223.687472,W,074.6,311.1,030820,,,A*48
$GPGGA,215433.00,3736.736740,N,12223.706101,W,7,,0.47,-29.20,M,0.0,M,0.0,0000*72
$GPRMC,215433.00,A,3736.736740,N,12223.706101,W,074.2,312.8,030820,,,A*4F
$GPGGA,215434.00,3736.751241,N,12223.723855,W,7,,0.47,-29.06,M,0.0,M,0.0,0000*7B
$GPRMC,215434.00,A,3736.751241,N,12223.723855,W,074.8,314.6,030820,,,A*40
$GPGGA,215435.00,3736.766506,N,12223.741345,W,7,,0.47,-29.19,M,0.0,M,0.0,0000*7A
$GPRMC,215435.00,A,3736.766506,N,12223.741345,W,073.7,316.4,030820,,,A*47
$GPGGA,215436.00,3736.781895,N,12223.757942,W,7,,0.47,-29.40,M,0.0,M,0.0,0000*71
$GPRMC,215436.00,A,3736.781895,N,12223.757942,W,073.5,318.2,030820,,,A*4A
$GPGGA,215437.00,3736.797969,N,12223.774100,W,7,,0.40,-29.63,M,0.0,M,0.0,0000*7C
$GPRMC,215437.00,A,3736.797969,N,12223.774100,W,072.5,320.1,030820,,,A*48
$GPGGA,215438.00,3736.813839,N,12223.789027,W,7,,0.43,-29.95,M,0.0,M,0.0,0000*78
$GPRMC,215438.00,A,3736.813839,N,12223.789027,W,072.9,321.9,030820,,,A*43
$GPGGA,215439.00,3736.830280,N,12223.803302,W,7,,0.48,-30.17,M,0.0,M,0.0,0000*70
$GPRMC,215439.00,A,3736.830280,N,12223.803302,W,072.2,323.8,030820,,,A*4A
$GPGGA,215440.00,3736.847001,N,12223.816568,W,7,,0.52,-29.74,M,0.0,M,0.0,0000*7D
$GPRMC,215440.00,A,3736.847001,N,12223.816568,W,071.3,325.9,030820,,,A*44
$GPGGA,215441.00,3736.863634,N,12223.829197,W,7,,0.56,-29.73,M,0.0,M,0.0,0000*71
$GPRMC,215441.00,A,3736.863634,N,12223.829197,W,069.6,327.5,030820,,,A*49
$GPGGA,215442.00,3736.880008,N,12223.840586,W,7,,0.53,-29.30,M,0.0,M,0.0,0000*7F
$GPRMC,215442.00,A,3736.880008,N,12223.840586,W,069.5,329.4,030820,,,A*49
$GPGGA,215443.00,3736.896856,N,12223.851349,W,7,,0.53,-29.03,M,0.0,M,0.0,0000*7F
$GPRMC,215443.00,A,3736.896856,N,12223.851349,W,068.8,331.5,030820,,,A*4D
$GPGGA,215444.00,3736.913500,N,12223.861034,W,7,,0.50,-29.25,M,0.0,M,0.0,0000*77
$GPRMC,215444.00,A,3736.913500,N,12223.861034,W,069.0,333.5,030820,,,A*49
$GPGGA,215445.00,3736.930636,N,12223.870430,W,7,,0.50,-28.96,M,0.0,M,0.0,0000*78
$GPRMC,215445.00,A,3736.930636,N,12223.870430,W,066.6,335.4,030820,,,A*41
$GPGGA,215446.00,3736.947363,N,12223.878967,W,7,,0.50,-29.46,M,0.0,M,0.0,0000*75
$GPRMC,215446.00,A,3736.947363,N,12223.878967,W,065.1,336.9,030820,,,A*4A
$GPGGA,215447.00,3736.964686,N,12223.887007,W,7,,0.52,-29.79,M,0.0,M,0.0,0000*7A
$GPRMC,215447.00,A,3736.964686,N,12223.887007,W,063.5,338.7,030820,,,A*49
$GPGGA,215448.00,3736.980772,N,12223.893896,W,7,,0.56,-30.08,M,0.0,M,0.0,0000*7A
$GPRMC,215448.00,A,3736.980772,N,12223.893896,W,065.2,340.0,030820,,,A*4A
$GPGGA,215449.00,3736.998274,N,12223.900549,W,7,,0.56,-30.25,M,0.0,M,0.0,0000*7A
$GPRMC,215449.00,A,3736.998274,N,12223.900549,W,065.2,341.5,030820,,,A*41
$GPGGA,215450.00,3737.015667,N,12223.906880,W,7,,0.52,-30.41,M,0.0,M,0.0,0000*71
$GPRMC,215450.00,A,3737.015667,N,12223.906880,W,064.5,342.8,030820,,,A*44
$GPGGA,215451.00,3737.033181,N,12223.912694,W,7,,0.48,-29.91,M,0.0,M,0.0,0000*7B
$GPRMC,215451.00,A,3737.033181,N,12223.912694,W,064.7,344.2,030820,,,A*4E
$GPGGA,215452.00,3737.050611,N,12223.918345,W,7,,0.47,-29.94,M,0.0,M,0.0,0000*7A
$GPRMC,215452.00,A,3737.050611,N,12223.918345,W,064.4,345.0,030820,,,A*45
$GPGGA,215453.00,3737.067778,N,12223.923859,W,7,,0.40,-30.06,M,0.0,M,0.0,0000*7B
$GPRMC,215453.00,A,3737.067778,N,12223.923859,W,063.8,345.4,030820,,,A*4F
$GPGGA,215454.00,3737.084674,N,12223.929410,W,7,,0.40,-30.08,M,0.0,M,0.0,0000*79
$GPRMC,215454.00,A,3737.084674,N,12223.929410,W,063.3,345.4,030820,,,A*48
$GPGGA,215455.00,3737.101696,N,12223.935188,W,7,,0.40,-30.08,M,0.0,M,0.0,0000*71
$GPRMC,215455.00,A,3737.101696,N,12223.935188,W,063.5,345.1,030820,,,A*43
$GPGGA,215456.00,3737.118748,N,12223.941146,W,7,,0.40,-29.93,M,0.0,M,0.0,0000*73
$GPRMC,215456.00,A,3737.118748,N,12223.941146,W,064.5,344.7,030820,,,A*4B
$GPGGA,215457.00,3737.136195,N,12223.947134,W,7,,0.40,-29.93,M,0.0,M,0.0,0000*7B
$GPRMC,215457.00,A,3737.136195,N,12223.947134,W,064.2,344.6,030820,,,A*45
$GPGGA,215458.00,3737.153229,N,12223.952720,W,7,,0.40,-30.05,M,0.0,M,0.0,0000*73
$GPRMC,215458.00,A,3737.153229,N,12223.952720,W,063.6,345.0,030820,,,A*4E
$GPGGA,215459.00,3737.170402,N,12223.957880,W,7,,0.40,-30.17,M,0.0,M,0.0,0000*7F
$GPRMC,215459.00,A,3737.170402,N,12223.957880,W,062.1,346.0,030820,,,A*44
$GPGGA,215500.00,3737.186530,N,12223.962349,W,7,,0.40,-30.25,M,0.0,M,0.0,0000*72
$GPRMC,215500.00,A,3737.186530,N,12223.962349,W,061.9,346.8,030820,,,A*4B
$GPGGA,215501.00,3737.203185,N,12223.966717,W,7,,0.40,-30.36,M,0.0,M,0.0,0000*7E
$GPRMC,215501.00,A,3737.203185,N,12223.966717,W,060.9,347.5,030820,,,A*48
$GPGGA,215502.00,3737.219500,N,12223.970936,W,7,,0.40,-30.39,M,0.0,M,0.0,0000*7A
$GPRMC,215502.00,A,3737.219500,N,12223.970936,W,060.0,348.0,030820,,,A*40
$GPGGA,215503.00,3737.235687,N,12223.975514,W,7,,0.40,-30.45,M,0.0,M,0.0,0000*7B
$GPRMC,215503.00,A,3737.235687,N,12223.975514,W,059.4,347.5,030820,,,A*4E
$GPGGA,215504.00,3737.251629,N,12223.980463,W,7,,0.40,-30.50,M,0.0,M,0.0,0000*75
$GPRMC,215504.00,A,3737.251629,N,12223.980463,W,058.9,346.7,030820,,,A*4B
$GPGGA,215505.00,3737.267104,N,12223.985605,W,7,,0.40,-30.49,M,0.0,M,0.0,0000*76
$GPRMC,215505.00,A,3737.267104,N,12223.985605,W,058.8,345.7,030820,,,A*42
$GPGGA,215506.00,3737.282271,N,12223.990861,W,7,,0.40,-30.53,M,0.0,M,0.0,0000*7C
$GPRMC,215506.00,A,3737.282271,N,12223.990861,W,058.7,344.8,030820,,,A*42
$GPGGA,215507.00,3737.298088,N,12223.996345,W,7,,0.40,-30.58,M,0.0,M,0.0,0000*72
$GPRMC,215507.00,A,3737.298088,N,12223.996345,W,057.1,344.7,030820,,,A*41
$GPGGA,215508.00,3737.313364,N,12224.001524,W,7,,0.40,-30.55,M,0.0,M,0.0,0000*72
$GPRMC,215508.00,A,3737.313364,N,12224.001524,W,055.3,345.0,030820,,,A*4A
$GPGGA,215509.00,3737.327626,N,12224.006401,W,7,,0.40,-30.51,M,0.0,M,0.0,0000*72
$GPRMC,215509.00,A,3737.327626,N,12224.006401,W,055.1,344.8,030820,,,A*45
$GPGGA,215510.00,3737.342080,N,12224.011376,W,7,,0.40,-30.47,M,0.0,M,0.0,0000*75
$GPRMC,215510.00,A,3737.342080,N,12224.011376,W,055.3,344.6,030820,,,A*49
$GPGGA,215511.00,3737.356509,N,12224.016337,W,7,,0.40,-30.47,M,0.0,M,0.0,0000*77
$GPRMC,215511.00,A,3737.356509,N,12224.016337,W,055.3,344.4,030820,,,A*49
$GPGGA,215512.00,3737.372055,N,12224.021528,W,7,,0.40,-30.42,M,0.0,M,0.0,0000*77
$GPRMC,215512.00,A,3737.372055,N,12224.021528,W,052.7,345.1,030820,,,A*4B
$GPGGA,215513.00,3737.385141,N,12224.026021,W,7,,0.40,-30.51,M,0.0,M,0.0,0000*73
$GPRMC,215513.00,A,3737.385141,N,12224.026021,W,053.0,344.7,030820,,,A*4C
$GPGGA,215514.00,3737.399235,N,12224.030792,W,7,,0.40,-30.46,M,0.0,M,0.0,0000*77
$GPRMC,215514.00,A,3737.399235,N,12224.030792,W,052.6,344.8,030820,,,A*46
$GPGGA,215515.00,3737.413186,N,12224.035418,W,7,,0.40,-30.45,M,0.0,M,0.0,0000*7F
$GPRMC,215515.00,A,3737.413186,N,12224.035418,W,051.8,345.0,030820,,,A*49
$GPGGA,215516.00,3737.426955,N,12224.039942,W,7,,0.40,-30.36,M,0.0,M,0.0,0000*76
$GPRMC,215516.00,A,3737.426955,N,12224.039942,W,051.1,345.2,030820,,,A*4F
$GPGGA,215517.00,3737.440624,N,12224.044454,W,7,,0.40,-30.28,M,0.0,M,0.0,0000*71
$GPRMC,215517.00,A,3737.440624,N,12224.044454,W,051.1,345.3,030820,,,A*46
$GPGGA,215518.00,3737.454670,N,12224.049169,W,7,,0.40,-30.21,M,0.0,M,0.0,0000*75
$GPRMC,215518.00,A,3737.454670,N,12224.049169,W,051.0,345.2,030820,,,A*4B
$GPGGA,215519.00,3737.468206,N,12224.053820,W,7,,0.40,-30.13,M,0.0,M,0.0,0000*70
$GPRMC,215519.00,A,3737.468206,N,12224.053820,W,051.7,344.9,030820,,,A*42
$GPGGA,215520.00,3737.482102,N,12224.058572,W,7,,0.40,-30.07,M,0.0,M,0.0,0000*7D
$GPRMC,215520.00,A,3737.482102,N,12224.058572,W,051.9,344.7,030820,,,A*4A
$GPGGA,215521.00,3737.496081,N,12224.063317,W,7,,0.40,-30.04,M,0.0,M,0.0,0000*7D
$GPRMC,215521.00,A,3737.496081,N,12224.063317,W,051.9,344.7,030820,,,A*49
$GPGGA,215522.00,3737.509947,N,12224.068034,W,7,,0.40,-29.94,M,0.0,M,0.0,0000*72
$GPRMC,215522.00,A,3737.509947,N,12224.068034,W,051.3,344.7,030820,,,A*4D
$GPGGA,215523.00,3737.523430,N,12224.072672,W,7,,0.40,-29.91,M,0.0,M,0.0,0000*7C
$GPRMC,215523.00,A,3737.523430,N,12224.072672,W,050.9,344.6,030820,,,A*4C
$GPGGA,215524.00,3737.537169,N,12224.077363,W,7,,0.40,-29.87,M,0.0,M,0.0,0000*70
$GPRMC,215524.00,A,3737.537169,N,12224.077363,W,049.6,344.8,030820,,,A*4E
$GPGGA,215525.00,3737.549787,N,12224.081683,W,7,,0.40,-29.82,M,0.0,M,0.0,0000*79
$GPRMC,215525.00,A,3737.549787,N,12224.081683,W,049.5,344.7,030820,,,A*4E
$GPGGA,215526.00,3737.562934,N,12224.086135,W,7,,0.40,-29.79,M,0.0,M,0.0,0000*7C
$GPRMC,215526.00,A,3737.562934,N,12224.086135,W,048.7,344.7,030820,,,A*4C
$GPGGA,215527.00,3737.575659,N,12224.090515,W,7,,0.40,-29.77,M,0.0,M,0.0,0000*70
$GPRMC,215527.00,A,3737.575659,N,12224.090515,W,047.9,344.5,030820,,,A*4D
$GPGGA,215528.00,3737.588512,N,12224.094818,W,7,,0.40,-29.85,M,0.0,M,0.0,0000*78
$GPRMC,215528.00,A,3737.588512,N,12224.094818,W,047.1,345.0,030820,,,A*44
$GPGGA,215529.00,3737.600817,N,12224.098796,W,7,,0.40,-29.84,M,0.0,M,0.0,0000*76
$GPRMC,215529.00,A,3737.600817,N,12224.098796,W,046.9,345.2,030820,,,A*40
$GPGGA,215530.00,3737.613394,N,12224.102797,W,7,,0.40,-29.85,M,0.0,M,0.0,0000*7E
$GPRMC,215530.00,A,3737.613394,N,12224.102797,W,047.0,345.5,030820,,,A*46
$GPGGA,215531.00,3737.626029,N,12224.106566,W,7,,0.40,-29.93,M,0.0,M,0.0,0000*73
$GPRMC,215531.00,A,3737.626029,N,12224.106566,W,047.6,346.0,030820,,,A*4C
$GPGGA,215532.00,3737.639578,N,12224.110021,W,7,,0.40,-29.96,M,0.0,M,0.0,0000*7B
$GPRMC,215532.00,A,3737.639578,N,12224.110021,W,047.2,347.7,030820,,,A*43
$GPGGA,215533.00,3737.652489,N,12224.112805,W,7,,0.40,-30.04,M,0.0,M,0.0,0000*77
$GPRMC,215533.00,A,3737.652489,N,12224.112805,W,046.9,349.4,030820,,,A*4B
$GPGGA,215534.00,3737.665054,N,12224.115265,W,7,,0.40,-30.16,M,0.0,M,0.0,0000*78
$GPRMC,215534.00,A,3737.665054,N,12224.115265,W,047.0,350.4,030820,,,A*47
$GPGGA,215535.00,3737.678104,N,12224.117672,W,7,,0.40,-30.23,M,0.0,M,0.0,0000*77
$GPRMC,215535.00,A,3737.678104,N,12224.117672,W,047.4,351.2,030820,,,A*4D
$GPGGA,215536.00,3737.690800,N,12224.119891,W,7,,0.40,-30.26,M,0.0,M,0.0,0000*77
$GPRMC,215536.00,A,3737.690800,N,12224.119891,W,048.8,351.6,030820,,,A*4F
$GPGGA,215537.00,3737.705997,N,12224.122171,W,7,,0.40,-30.22,M,0.0,M,0.0,0000*7F
$GPRMC,215537.00,A,3737.705997,N,12224.122171,W,049.8,352.9,030820,,,A*4E
$GPGGA,215538.00,3737.719179,N,12224.123893,W,7,,0.40,-30.22,M,0.0,M,0.0,0000*71
$GPRMC,215538.00,A,3737.719179,N,12224.123893,W,051.3,353.5,030820,,,A*4F
$GPGGA,215539.00,3737.733748,N,12224.125598,W,7,,0.40,-30.25,M,0.0,M,0.0,0000*7B
$GPRMC,215539.00,A,3737.733748,N,12224.125598,W,052.1,354.1,030820,,,A*40
$GPGGA,215540.00,3737.748634,N,12224.127127,W,7,,0.40,-30.31,M,0.0,M,0.0,0000*74
$GPRMC,215540.00,A,3737.748634,N,12224.127127,W,052.8,354.8,030820,,,A*4A
$GPGGA,215541.00,3737.763736,N,12224.128430,W,7,,0.40,-30.54,M,0.0,M,0.0,0000*70
$GPRMC,215541.00,A,3737.763736,N,12224.128430,W,053.5,355.6,030820,,,A*4E
$GPGGA,215542.00,3737.778802,N,12224.129480,W,7,,0.40,-30.54,M,0.0,M,0.0,0000*7B
$GPRMC,215542.00,A,3737.778802,N,12224.129480,W,054.4,356.3,030820,,,A*45
$GPGGA,215543.00,3737.793993,N,12224.130415,W,7,,0.40,-30.50,M,0.0,M,0.0,0000*76
$GPRMC,215543.00,A,3737.793993,N,12224.130415,W,055.0,356.8,030820,,,A*42
$GPGGA,215544.00,3737.809192,N,12224.131393,W,7,,0.40,-30.45,M,0.0,M,0.0,0000*78
$GPRMC,215544.00,A,3737.809192,N,12224.131393,W,055.0,356.9,030820,,,A*49
$GPGGA,215545.00,3737.824671,N,12224.132539,W,7,,0.40,-30.50,M,0.0,M,0.0,0000*7D
$GPRMC,215545.00,A,3737.824671,N,12224.132539,W,055.2,356.7,030820,,,A*44
$GPGGA,215546.00,3737.840134,N,12224.133847,W,7,,0.40,-30.49,M,0.0,M,0.0,0000*77
$GPRMC,215546.00,A,3737.840134,N,12224.133847,W,055.8,356.4,030820,,,A*4F
$GPGGA,215547.00,3737.855787,N,12224.135222,W,7,,0.40,-30.25,M,0.0,M,0.0,0000*79
$GPRMC,215547.00,A,3737.855787,N,12224.135222,W,056.3,356.2,030820,,,A*45
$GPGGA,215548.00,3737.871375,N,12224.136584,W,7,,0.40,-29.94,M,0.0,M,0.0,0000*73
$GPRMC,215548.00,A,3737.871375,N,12224.136584,W,056.5,356.1,030820,,,A*48
$GPGGA,215549.00,3737.887605,N,12224.137862,W,7,,0.40,-28.90,M,0.0,M,0.0,0000*78
$GPRMC,215549.00,A,3737.887605,N,12224.137862,W,055.7,356.3,030820,,,A*45
$GPGGA,215550.00,3737.902269,N,12224.139031,W,7,,0.40,-26.53,M,0.0,M,0.0,0000*73
$GPRMC,215550.00,A,3737.902269,N,12224.139031,W,056.1,356.3,030820,,,A*4A
$GPGGA,215551.00,3737.917678,N,12224.140339,W,7,,0.40,-24.87,M,0.0,M,0.0,0000*7C
$GPRMC,215551.00,A,3737.917678,N,12224.140339,W,053.1,356.0,030820,,,A*48
$GPGGA,215552.00,3737.931453,N,12224.142158,W,7,,0.40,-23.54,M,0.0,M,0.0,0000*7E
$GPRMC,215552.00,A,3737.931453,N,12224.142158,W,050.9,354.7,030820,,,A*4D
$GPGGA,215553.00,3737.945266,N,12224.144911,W,7,,0.40,-22.32,M,0.0,M,0.0,0000*7E
$GPRMC,215553.00,A,3737.945266,N,12224.144911,W,049.1,352.4,030820,,,A*49
$GPGGA,215554.00,3737.957770,N,12224.148854,W,7,,0.40,-20.99,M,0.0,M,0.0,0000*77
$GPRMC,215554.00,A,3737.957770,N,12224.148854,W,048.5,348.6,030820,,,A*4F
$GPGGA,215555.00,3737.970628,N,12224.153293,W,7,,0.40,-20.02,M,0.0,M,0.0,0000*76
$GPRMC,215555.00,A,3737.970628,N,12224.153293,W,047.4,345.4,030820,,,A*4D
$GPGGA,215556.00,3737.982645,N,12224.159857,W,7,,0.40,-18.52,M,0.0,M,0.0,0000*75
$GPRMC,215556.00,A,3737.982645,N,12224.159857,W,046.3,339.9,030820,,,A*40
$GPGGA,215557.00,3737.993602,N,12224.167903,W,7,,0.40,-17.32,M,0.0,M,0.0,0000*73
$GPRMC,215557.00,A,3737.993602,N,12224.167903,W,045.3,333.8,030820,,,A*47
$GPGGA,215558.00,3738.003441,N,12224.177084,W,7,,0.40,-16.46,M,0.0,M,0.0,0000*73
$GPRMC,215558.00,A,3738.003441,N,12224.177084,W,044.6,327.9,030820,,,A*45
$GPGGA,215559.00,3738.012699,N,12224.187193,W,7,,0.40,-15.99,M,0.0,M,0.0,0000*7C
$GPRMC,215559.00,A,3738.012699,N,12224.187193,W,043.8,322.7,030820,,,A*49
$GPGGA,215600.00,3738.021063,N,12224.197831,W,7,,0.40,-15.71,M,0.0,M,0.0,0000*76
$GPRMC,215600.00,A,3738.021063,N,12224.197831,W,043.7,318.0,030820,,,A*44
$GPGGA,215601.00,3738.028791,N,12224.209562,W,7,,0.40,-15.38,M,0.0,M,0.0,0000*76
$GPRMC,215601.00,A,3738.028791,N,12224.209562,W,042.5,313.0,030820,,,A*41
$GPGGA,215602.00,3738.035541,N,12224.221573,W,7,,0.40,-14.85,M,0.0,M,0.0,0000*7B
$GPRMC,215602.00,A,3738.035541,N,12224.221573,W,042.6,308.3,030820,,,A*41
$GPGGA,215603.00,3738.041902,N,12224.234731,W,7,,0.40,-14.65,M,0.0,M,0.0,0000*7C
$GPRMC,215603.00,A,3738.041902,N,12224.234731,W,043.6,303.9,030820,,,A*48
$GPGGA,215604.00,3738.047962,N,12224.248856,W,7,,0.40,-14.35,M,0.0,M,0.0,0000*7B
$GPRMC,215604.00,A,3738.047962,N,12224.248856,W,045.1,300.4,030820,,,A*45
$GPGGA,215605.00,3738.053769,N,12224.263957,W,7,,0.40,-14.08,M,0.0,M,0.0,0000*7D
$GPRMC,215605.00,A,3738.053769,N,12224.263957,W,046.1,297.4,030820,,,A*41
$GPGGA,215606.00,3738.058917,N,12224.279330,W,7,,0.40,-13.71,M,0.0,M,0.0,0000*7B
$GPRMC,215606.00,A,3738.058917,N,12224.279330,W,048.4,294.6,030820,,,A*44
$GPGGA,215607.00,3738.063676,N,12224.295920,W,7,,0.40,-13.27,M,0.0,M,0.0,0000*70
$GPRMC,215607.00,A,3738.063676,N,12224.295920,W,049.6,291.6,030820,,,A*4A
$GPGGA,215608.00,3738.067713,N,12224.313001,W,7,,0.40,-12.74,M,0.0,M,0.0,0000*7B
$GPRMC,215608.00,A,3738.067713,N,12224.313001,W,050.3,288.5,030820,,,A*40
$GPGGA,215609.00,3738.070887,N,12224.330467,W,7,,0.40,-12.44,M,0.0,M,0.0,0000*78
$GPRMC,215609.00,A,3738.070887,N,12224.330467,W,051.0,285.0,030820,,,A*4A
$GPGGA,215610.00,3738.073132,N,12224.348335,W,7,,0.40,-12.29,M,0.0,M,0.0,0000*70
$GPRMC,215610.00,A,3738.073132,N,12224.348335,W,051.4,281.2,030820,,,A*4B
$GPGGA,215611.00,3738.074433,N,12224.365927,W,7,,0.40,-12.42,M,0.0,M,0.0,0000*79
$GPRMC,215611.00,A,3738.074433,N,12224.365927,W,051.8,277.8,030820,,,A*40
$GPGGA,215612.00,3738.074848,N,12224.383856,W,7,,0.40,-12.85,M,0.0,M,0.0,0000*7E
$GPRMC,215612.00,A,3738.074848,N,12224.383856,W,052.3,274.3,030820,,,A*4C
$GPGGA,215613.00,3738.074169,N,12224.403434,W,7,,0.40,-13.56,M,0.0,M,0.0,0000*7D
$GPRMC,215613.00,A,3738.074169,N,12224.403434,W,052.0,270.1,030820,,,A*45
$GPGGA,215614.00,3738.072292,N,12224.421019,W,7,,0.40,-14.50,M,0.0,M,0.0,0000*71
$GPRMC,215614.00,A,3738.072292,N,12224.421019,W,051.6,265.6,030820,,,A*4E
$GPGGA,215615.00,3738.069706,N,12224.439308,W,7,,0.40,-15.31,M,0.0,M,0.0,0000*7E
$GPRMC,215615.00,A,3738.069706,N,12224.439308,W,050.9,262.2,030820,,,A*4A
$GPGGA,215616.00,3738.067173,N,12224.456228,W,7,,0.40,-16.00,M,0.0,M,0.0,0000*7C
$GPRMC,215616.00,A,3738.067173,N,12224.456228,W,050.7,260.6,030820,,,A*41
$GPGGA,215617.00,3738.064894,N,12224.473381,W,7,,0.40,-16.83,M,0.0,M,0.0,0000*70
$GPRMC,215617.00,A,3738.064894,N,12224.473381,W,050.0,260.5,030820,,,A*42
$GPGGA,215618.00,3738.063009,N,12224.489815,W,7,,0.40,-17.61,M,0.0,M,0.0,0000*7A
$GPRMC,215618.00,A,3738.063009,N,12224.489815,W,049.5,261.0,030820,,,A*4C
$GPGGA,215619.00,3738.061329,N,12224.507834,W,7,,0.40,-18.37,M,0.0,M,0.0,0000*70
$GPRMC,215619.00,A,3738.061329,N,12224.507834,W,048.5,262.4,030820,,,A*4C
$GPGGA,215620.00,3738.060009,N,12224.524322,W,7,,0.40,-18.81,M,0.0,M,0.0,0000*7A
$GPRMC,215620.00,A,3738.060009,N,12224.524322,W,047.7,263.5,030820,,,A*46
$GPGGA,215621.00,3738.058965,N,12224.540155,W,7,,0.40,-19.01,M,0.0,M,0.0,0000*7A
$GPRMC,215621.00,A,3738.058965,N,12224.540155,W,046.8,264.4,030820,,,A*47
$GPGGA,215622.00,3738.058366,N,12224.556121,W,7,,0.40,-18.93,M,0.0,M,0.0,0000*7E
$GPRMC,215622.00,A,3738.058366,N,12224.556121,W,045.9,266.0,030820,,,A*4D
$GPGGA,215623.00,3738.058161,N,12224.572400,W,7,,0.40,-18.66,M,0.0,M,0.0,0000*70
$GPRMC,215623.00,A,3738.058161,N,12224.572400,W,045.4,267.9,030820,,,A*4C
$GPGGA,215624.00,3738.058276,N,12224.587975,W,7,,0.40,-18.25,M,0.0,M,0.0,0000*70
$GPRMC,215624.00,A,3738.058276,N,12224.587975,W,045.9,269.4,030820,,,A*45
$GPGGA,215625.00,3738.058576,N,12224.604133,W,7,,0.40,-17.72,M,0.0,M,0.0,0000*79
$GPRMC,215625.00,A,3738.058576,N,12224.604133,W,046.8,270.5,030820,,,A*4A
$GPGGA,215626.00,3738.059025,N,12224.621102,W,7,,0.40,-17.17,M,0.0,M,0.0,0000*7E
$GPRMC,215626.00,A,3738.059025,N,12224.621102,W,047.7,271.2,030820,,,A*46
$GPGGA,215627.00,3738.059590,N,12224.638124,W,7,,0.40,-16.70,M,0.0,M,0.0,0000*78
$GPRMC,215627.00,A,3738.059590,N,12224.638124,W,048.2,271.9,030820,,,A*41
$GPGGA,215628.00,3738.060148,N,12224.655151,W,7,,0.40,-16.28,M,0.0,M,0.0,0000*78
$GPRMC,215628.00,A,3738.060148,N,12224.655151,W,049.0,272.1,030820,,,A*44
$GPGGA,215629.00,3738.060717,N,12224.672582,W,7,,0.40,-15.84,M,0.0,M,0.0,0000*7F
$GPRMC,215629.00,A,3738.060717,N,12224.672582,W,049.9,272.2,030820,,,A*4C
$GPGGA,215630.00,3738.061528,N,12224.690065,W,7,,0.40,-15.51,M,0.0,M,0.0,0000*70
$GPRMC,215630.00,A,3738.061528,N,12224.690065,W,050.6,272.8,030820,,,A*46
$GPGGA,215631.00,3738.062668,N,12224.708084,W,7,,0.40,-15.30,M,0.0,M,0.0,0000*7D
$GPRMC,215631.00,A,3738.062668,N,12224.708084,W,050.2,273.8,030820,,,A*49
$GPGGA,215632.00,3738.064059,N,12224.725160,W,7,,0.40,-14.82,M,0.0,M,0.0,0000*70
$GPRMC,215632.00,A,3738.064059,N,12224.725160,W,049.4,275.0,030820,,,A*4C
$GPGGA,215633.00,3738.065565,N,12224.741941,W,7,,0.40,-14.24,M,0.0,M,0.0,0000*7F
$GPRMC,215633.00,A,3738.065565,N,12224.741941,W,048.3,275.9,030820,,,A*40
$GPGGA,215634.00,3738.067084,N,12224.758411,W,7,,0.40,-13.54,M,0.0,M,0.0,0000*70
$GPRMC,215634.00,A,3738.067084,N,12224.758411,W,046.9,276.4,030820,,,A*45
$GPGGA,215635.00,3738.068428,N,12224.774587,W,7,,0.40,-12.83,M,0.0,M,0.0,0000*77
$GPRMC,215635.00,A,3738.068428,N,12224.774587,W,045.6,276.0,030820,,,A*41
$GPGGA,215636.00,3738.069573,N,12224.789528,W,7,,0.40,-12.22,M,0.0,M,0.0,0000*76
$GPRMC,215636.00,A,3738.069573,N,12224.789528,W,044.4,275.8,030820,,,A*43
$GPGGA,215637.00,3738.070570,N,12224.804743,W,7,,0.40,-11.76,M,0.0,M,0.0,0000*7B
$GPRMC,215637.00,A,3738.070570,N,12224.804743,W,043.3,275.1,030820,,,A*45
$GPGGA,215638.00,3738.071331,N,12224.819263,W,7,,0.40,-11.29,M,0.0,M,0.0,0000*77
$GPRMC,215638.00,A,3738.071331,N,12224.819263,W,042.3,274.3,030820,,,A*41
$GPGGA,215639.00,3738.071818,N,12224.833232,W,7,,0.40,-11.00,M,0.0,M,0.0,0000*71
$GPRMC,215639.00,A,3738.071818,N,12224.833232,W,041.4,273.3,030820,,,A*4F
$GPGGA,215640.00,3738.071998,N,12224.848214,W,7,,0.40,-10.72,M,0.0,M,0.0,0000*7A
$GPRMC,215640.00,A,3738.071998,N,12224.848214,W,040.5,271.7,030820,,,A*46
$GPGGA,215641.00,3738.071812,N,12224.861947,W,7,,0.40,-10.51,M,0.0,M,0.0,0000*7F
$GPRMC,215641.00,A,3738.071812,N,12224.861947,W,039.7,270.1,030820,,,A*49
$GPGGA,215642.00,3738.071350,N,12224.875556,W,7,,0.40,-10.01,M,0.0,M,0.0,0000*7D
$GPRMC,215642.00,A,3738.071350,N,12224.875556,W,038.8,268.5,030820,,,A*4D
$GPGGA,215643.00,3738.070713,N,12224.888149,W,7,,0.40,-9.71,M,0.0,M,0.0,0000*49
$GPRMC,215643.00,A,3738.070713,N,12224.888149,W,038.3,267.2,030820,,,A*45
$GPGGA,215644.00,3738.069814,N,12224.902304,W,7,,0.40,-9.54,M,0.0,M,0.0,0000*41
$GPRMC,215644.00,A,3738.069814,N,12224.902304,W,038.2,266.1,030820,,,A*49
$GPGGA,215645.00,3738.068674,N,12224.915570,W,7,,0.40,-9.30,M,0.0,M,0.0,0000*48
$GPRMC,215645.00,A,3738.068674,N,12224.915570,W,038.4,264.7,030820,,,A*40
$GPGGA,215646.00,3738.067294,N,12224.928482,W,7,,0.40,-8.95,M,0.0,M,0.0,0000*42
$GPRMC,215646.00,A,3738.067294,N,12224.928482,W,038.8,263.3,030820,,,A*4B
$GPGGA,215647.00,3738.065662,N,12224.941994,W,7,,0.40,-8.67,M,0.0,M,0.0,0000*44
$GPRMC,215647.00,A,3738.065662,N,12224.941994,W,038.9,262.0,030820,,,A*43
$GPGGA,215648.00,3738.063999,N,12224.955710,W,7,,0.40,-8.43,M,0.0,M,0.0,0000*47
$GPRMC,215648.00,A,3738.063999,N,12224.955710,W,038.5,261.6,030820,,,A*4F
$GPGGA,215649.00,3738.062440,N,12224.968573,W,7,,0.40,-8.12,M,0.0,M,0.0,0000*43
$GPRMC,215649.00,A,3738.062440,N,12224.968573,W,037.9,261.3,030820,,,A*49
$GPGGA,215650.00,3738.060753,N,12224.981611,W,7,,0.40,-7.83,M,0.0,M,0.0,0000*4F
$GPRMC,215650.00,A,3738.060753,N,12224.981611,W,037.4,260.8,030820,,,A*45
$GPGGA,215651.00,3738.058851,N,12224.994211,W,7,,0.40,-7.50,M,0.0,M,0.0,0000*46
$GPRMC,215651.00,A,3738.058851,N,12224.994211,W,036.7,259.6,030820,,,A*44
$GPGGA,215652.00,3738.056608,N,12225.006661,W,7,,0.40,-7.35,M,0.0,M,0.0,0000*4A
$GPRMC,215652.00,A,3738.056608,N,12225.006661,W,035.6,257.9,030820,,,A*48
$GPGGA,215653.00,3738.054058,N,12225.018128,W,7,,0.40,-7.30,M,0.0,M,0.0,0000*4A
$GPRMC,215653.00,A,3738.054058,N,12225.018128,W,034.6,255.6,030820,,,A*41
$GPGGA,215654.00,3738.051339,N,12225.029083,W,7,,0.40,-7.29,M,0.0,M,0.0,0000*46
$GPRMC,215654.00,A,3738.051339,N,12225.029083,W,032.9,253.5,030820,,,A*49
$GPGGA,215655.00,3738.048796,N,12225.039170,W,7,,0.40,-7.36,M,0.0,M,0.0,0000*4C
$GPRMC,215655.00,A,3738.048796,N,12225.039170,W,031.4,252.7,030820,,,A*40
$GPGGA,215656.00,3738.046665,N,12225.049352,W,7,,0.40,-7.46,M,0.0,M,0.0,0000*4E
$GPRMC,215656.00,A,3738.046665,N,12225.049352,W,030.0,254.3,030820,,,A*42
$GPGGA,215657.00,3738.045406,N,12225.059180,W,7,,0.40,-7.68,M,0.0,M,0.0,0000*4B
$GPRMC,215657.00,A,3738.045406,N,12225.059180,W,029.2,258.5,030820,,,A*4B
$GPGGA,215658.00,3738.045207,N,12225.069067,W,7,,0.40,-7.93,M,0.0,M,0.0,0000*4C
$GPRMC,215658.00,A,3738.045207,N,12225.069067,W,028.4,264.7,030820,,,A*42
$GPGGA,215659.00,3738.046132,N,12225.078656,W,7,,0.40,-8.22,M,0.0,M,0.0,0000*4A
$GPRMC,215659.00,A,3738.046132,N,12225.078656,W,027.7,272.2,030820,,,A*4F
$GPGGA,215700.00,3738.048214,N,12225.088009,W,7,,0.40,-8.56,M,0.0,M,0.0,0000*4E
$GPRMC,215700.00,A,3738.048214,N,12225.088009,W,027.1,280.9,030820,,,A*48
$GPGGA,215701.00,3738.051369,N,12225.096739,W,7,,0.40,-9.00,M,0.0,M,0.0,0000*45
$GPRMC,215701.00,A,3738.051369,N,12225.096739,W,026.6,289.6,030820,,,A*41
$GPGGA,215702.00,3738.055017,N,12225.104792,W,7,,0.40,-9.46,M,0.0,M,0.0,0000*41
$GPRMC,215702.00,A,3738.055017,N,12225.104792,W,026.3,295.7,030820,,,A*4E
$GPGGA,215703.00,3738.058438,N,12225.112562,W,7,,0.40,-9.91,M,0.0,M,0.0,0000*44
$GPRMC,215703.00,A,3738.058438,N,12225.112562,W,026.2,296.9,030820,,,A*4D
$GPGGA,215704.00,3738.061174,N,12225.120602,W,7,,0.40,-10.44,M,0.0,M,0.0,0000*70
$GPRMC,215704.00,A,3738.061174,N,12225.120602,W,026.2,293.9,030820,,,A*4C
$GPGGA,215705.00,3738.062931,N,12225.129631,W,7,,0.40,-11.05,M,0.0,M,0.0,0000*76
$GPRMC,215705.00,A,3738.062931,N,12225.129631,W,024.6,286.2,030820,,,A*47
$GPGGA,215706.00,3738.062998,N,12225.137108,W,7,,0.40,-11.57,M,0.0,M,0.0,0000*73
$GPRMC,215706.00,A,3738.062998,N,12225.137108,W,022.8,276.7,030820,,,A*47
$GPGGA,215707.00,3738.061833,N,12225.144409,W,7,,0.40,-12.11,M,0.0,M,0.0,0000*70
$GPRMC,215707.00,A,3738.061833,N,12225.144409,W,020.3,264.3,030820,,,A*4B
$GPGGA,215708.00,3738.060159,N,12225.150422,W,7,,0.40,-12.66,M,0.0,M,0.0,0000*77
$GPRMC,215708.00,A,3738.060159,N,12225.150422,W,018.8,255.7,030820,,,A*4A
$GPGGA,215709.00,3738.058246,N,12225.156398,W,7,,0.40,-13.25,M,0.0,M,0.0,0000*76
$GPRMC,215709.00,A,3738.058246,N,12225.156398,W,017.4,250.5,030820,,,A*49
$GPGGA,215710.00,3738.056488,N,12225.161353,W,7,,0.40,-13.76,M,0.0,M,0.0,0000*71
$GPRMC,215710.00,A,3738.056488,N,12225.161353,W,015.1,247.4,030820,,,A*48
$GPGGA,215711.00,3738.055042,N,12225.165091,W,7,,0.40,-14.15,M,0.0,M,0.0,0000*7A
$GPRMC,215711.00,A,3738.055042,N,12225.165091,W,012.6,245.0,030820,,,A*47
$GPGGA,215712.00,3738.053914,N,12225.168002,W,7,,0.40,-14.38,M,0.0,M,0.0,0000*7D
$GPRMC,215712.00,A,3738.053914,N,12225.168002,W,009.5,244.3,030820,,,A*44
$GPGGA,215713.00,3738.053242,N,12225.169627,W,7,,0.40,-14.60,M,0.0,M,0.0,0000*79
$GPRMC,215713.00,A,3738.053242,N,12225.169627,W,007.2,244.5,030820,,,A*42
$GPGGA,215714.00,3738.052713,N,12225.170977,W,7,,0.40,-14.67,M,0.0,M,0.0,0000*7B
$GPRMC,215714.00,A,3738.052713,N,12225.170977,W,004.4,244.3,030820,,,A*44
$GPGGA,215715.00,3738.052366,N,12225.171866,W,7,,0.40,-14.71,M,0.0,M,0.0,0000*7B
$GPRMC,215715.00,A,3738.052366,N,12225.171866,W,002.7,245.3,030820,,,A*47
$GPGGA,215716.00,3738.052203,N,12225.172268,W,7,,0.40,-14.74,M,0.0,M,0.0,0000*78
$GPRMC,215716.00,A,3738.052203,N,12225.172268,W,001.5,245.7,030820,,,A*44
$GPGGA,215717.00,3738.052162,N,12225.172322,W,7,,0.40,-14.78,M,0.0,M,0.0,0000*7E
$GPRMC,215717.00,A,3738.052162,N,12225.172322,W,000.5,246.2,030820,,,A*49
$GPGGA,215718.00,3738.052192,N,12225.172190,W,7,,0.40,-14.72,M,0.0,M,0.0,0000*7F
$GPRMC,215718.00,A,3738.052192,N,12225.172190,W,000.1,249.1,030820,,,A*4A
$GPGGA,215719.00,3738.052239,N,12225.172010,W,7,,0.40,-6.00,M,0.0,M,0.0,0000*43
$GPRMC,215719.00,A,3738.052239,N,12225.172010,W,000.1,241.3,030820,,,A*4A
$GPGGA,215720.00,3738.052258,N,12225.171938,W,7,,0.40,-6.00,M,0.0,M,0.0,0000*4E
$GPRMC,215720.00,A,3738.052258,N,12225.171938,W,000.0,244.4,030820,,,A*44
$GPGGA,215721.00,3738.052275,N,12225.171890,W,7,,0.40,-6.00,M,0.0,M,0.0,0000*43
$GPRMC,215721.00,A,3738.052275,N,12225.171890,W,000.0,240.2,030820,,,A*4B
$GPGGA,215722.00,3738.052287,N,12225.171860,W,7,,0.40,-6.00,M,0.0,M,0.0,0000*42
$GPRMC,215722.00,A,3738.052287,N,12225.171860,W,000.0,241.0,030820,,,A*49
$GPGGA,215723.00,3738.052300,N,12225.171836,W,7,,0.42,-6.00,M,0.0,M,0.0,0000*4C
$GPRMC,215723.00,A,3738.052300,N,12225.171836,W,000.0,241.1,030820,,,A*44
$GPGGA,215724.00,3738.052306,N,12225.171829,W,7,,0.42,-6.00,M,0.0,M,0.0,0000*43
$GPRMC,215724.00,A,3738.052306,N,12225.171829,W,000.0,242.1,030820,,,A*48
$GPGGA,215725.00,3738.052311,N,12225.171823,W,7,,0.42,-6.00,M,0.0,M,0.0,0000*4E
$GPRMC,215725.00,A,3738.052311,N,12225.171823,W,000.0,241.3,030820,,,A*44
$GPGGA,215726.00,3738.052323,N,12225.171823,W,7,,0.42,-6.00,M,0.0,M,0.0,0000*4C
$GPRMC,215726.00,A,3738.052323,N,12225.171823,W,000.0,241.4,030820,,,A*41
$GPGGA,215727.00,3738.052311,N,12225.171823,W,7,,0.42,-6.00,M,0.0,M,0.0,0000*4C
$GPRMC,215727.00,A,3738.052311,N,12225.171823,W,000.1,239.4,030820,,,A*4F
$GPGGA,215728.00,3738.052323,N,12225.171806,W,7,,0.40,-6.00,M,0.0,M,0.0,0000*47
$GPRMC,215728.00,A,3738.052323,N,12225.171806,W,000.0,239.4,030820,,,A*47
$GPGGA,215729.00,3738.052323,N,12225.171799,W,7,,0.40,-6.00,M,0.0,M,0.0,0000*4F
$GPRMC,215729.00,A,3738.052323,N,12225.171799,W,000.0,243.0,030820,,,A*46
$GPGGA,215730.00,3738.052330,N,12225.171794,W,7,,0.40,-6.00,M,0.0,M,0.0,0000*48
$GPRMC,215730.00,A,3738.052330,N,12225.171794,W,000.0,239.0,030820,,,A*4C
$GPGGA,215731.00,3738.052336,N,12225.171788,W,7,,0.40,-6.00,M,0.0,M,0.0,0000*42
$GPRMC,215731.00,A,3738.052336,N,12225.171788,W,000.0,239.5,030820,,,A*43
$GPGGA,215732.00,3738.052336,N,12225.171781,W,7,,0.40,-6.00,M,0.0,M,0.0,0000*48
$GPRMC,215732.00,A,3738.052336,N,12225.171781,W,000.0,240.5,030820,,,A*47
$GPGGA,215733.00,3738.052330,N,12225.171746,W,7,,0.40,-6.10,M,0.0,M,0.0,0000*45
$GPRMC,215733.00,A,3738.052330,N,12225.171746,W,000.0,238.6,030820,,,A*47
$GPGGA,215734.00,3738.052330,N,12225.171734,W,7,,0.40,-6.10,M,0.0,M,0.0,0000*47
$GPRMC,215734.00,A,3738.052330,N,12225.171734,W,000.0,239.5,030820,,,A*47
$GPGGA,215735.00,3738.052330,N,12225.171727,W,7,,0.40,-6.10,M,0.0,M,0.0,0000*44
$GPRMC,215735.00,A,3738.052330,N,12225.171727,W,000.0,239.2,030820,,,A*43
$GPGGA,215736.00,3738.052323,N,12225.171716,W,7,,0.40,-6.10,M,0.0,M,0.0,0000*47
$GPRMC,215736.00,A,3738.052323,N,12225.171716,W,000.0,240.1,030820,,,A*4D
$GPGGA,215737.00,3738.052317,N,12225.171704,W,7,,0.40,-6.10,M,0.0,M,0.0,0000*42
$GPRMC,215737.00,A,3738.052317,N,12225.171704,W,000.1,237.2,030820,,,A*4A
$GPGGA,215738.00,3738.052306,N,12225.171704,W,7,,0.40,-6.00,M,0.0,M,0.0,0000*4C
$GPRMC,215738.00,A,3738.052306,N,12225.171704,W,000.0,239.2,030820,,,A*4A
$GPGGA,215739.00,3738.052306,N,12225.171685,W,7,,0.40,-6.00,M,0.0,M,0.0,0000*45
$GPRMC,215739.00,A,3738.052306,N,12225.171685,W,000.0,238.2,030820,,,A*42
$GPGGA,215740.00,3738.052306,N,12225.171667,W,7,,0.40,-6.00,M,0.0,M,0.0,0000*47
$GPRMC,215740.00,A,3738.052306,N,12225.171667,W,000.0,237.7,030820,,,A*4A
$GPGGA,215741.00,3738.052311,N,12225.171655,W,7,,0.40,-6.00,M,0.0,M,0.0,0000*41
$GPRMC,215741.00,A,3738.052311,N,12225.171655,W,000.0,237.5,030820,,,A*4E
$GPGGA,215742.00,3738.052317,N,12225.171644,W,7,,0.40,-6.00,M,0.0,M,0.0,0000*44
$GPRMC,215742.00,A,3738.052317,N,12225.171644,W,000.0,237.4,030820,,,A*4A
$GPGGA,215743.00,3738.052311,N,12225.171620,W,7,,0.40,-6.00,M,0.0,M,0.0,0000*41
$GPRMC,215743.00,A,3738.052311,N,12225.171620,W,000.1,235.4,030820,,,A*4C
$GPGGA,215744.00,3738.052311,N,12225.171625,W,7,,0.40,-6.00,M,0.0,M,0.0,0000*43
$GPRMC,215744.00,A,3738.052311,N,12225.171625,W,000.0,237.3,030820,,,A*4A
$GPGGA,215745.00,3738.052317,N,12225.171613,W,7,,0.40,-6.00,M,0.0,M,0.0,0000*41
$GPRMC,215745.00,A,3738.052317,N,12225.171613,W,000.0,235.7,030820,,,A*4E
$GPGGA,215746.00,3738.052330,N,12225.171620,W,7,,0.40,-6.00,M,0.0,M,0.0,0000*47
$GPRMC,215746.00,A,3738.052330,N,12225.171620,W,000.0,236.4,030820,,,A*48
$GPGGA,215747.00,3738.052336,N,12225.171613,W,7,,0.40,-6.00,M,0.0,M,0.0,0000*40
$GPRMC,215747.00,A,3738.052336,N,12225.171613,W,000.0,235.8,030820,,,A*40
$GPGGA,215748.00,3738.052342,N,12225.171620,W,7,,0.40,-6.00,M,0.0,M,0.0,0000*4C
$GPRMC,215748.00,A,3738.052342,N,12225.171620,W,000.0,237.6,030820,,,A*40
$GPGGA,215749.00,3738.052347,N,12225.171620,W,7,,0.40,-6.00,M,0.0,M,0.0,0000*48
$GPRMC,215749.00,A,3738.052347,N,12225.171620,W,000.1,234.3,030820,,,A*43
$GPGGA,215750.00,3738.052342,N,12225.171625,W,7,,0.40,-6.00,M,0.0,M,0.0,0000*40
$GPRMC,215750.00,A,3738.052342,N,12225.171625,W,000.0,237.3,030820,,,A*49
$GPGGA,215751.00,3738.052347,N,12225.171620,W,7,,0.40,-6.00,M,0.0,M,0.0,0000*41
$GPRMC,215751.00,A,3738.052347,N,12225.171620,W,000.0,236.8,030820,,,A*42
$GPGGA,215752.00,3738.052359,N,12225.171620,W,7,,0.40,-6.00,M,0.0,M,0.0,0000*4D
$GPRMC,215752.00,A,3738.052359,N,12225.171620,W,000.0,234.9,030820,,,A*4D
$GPGGA,215753.00,3738.052378,N,12225.171607,W,7,,0.40,-6.00,M,0.0,M,0.0,0000*4A
$GPRMC,215753.00,A,3738.052378,N,12225.171607,W,000.0,234.5,030820,,,A*46
$GPGGA,215754.00,3738.052378,N,12225.171607,W,7,,0.40,-6.00,M,0.0,M,0.0,0000*4D
$GPRMC,215754.00,A,3738.052378,N,12225.171607,W,000.0,235.3,030820,,,A*46
$GPGGA,215755.00,3738.052383,N,12225.171602,W,7,,0.40,-6.00,M,0.0,M,0.0,0000*4D
$GPRMC,215755.00,A,3738.052383,N,12225.171602,W,000.0,235.0,030820,,,A*45
$GPGGA,215756.00,3738.052383,N,12225.171590,W,7,,0.40,-6.00,M,0.0,M,0.0,0000*46
$GPRMC,215756.00,A,3738.052383,N,12225.171590,W,000.0,234.4,030820,,,A*4B
$GPGGA,215757.00,3738.052389,N,12225.171583,W,7,,0.40,-6.00,M,0.0,M,0.0,0000*4F
$GPRMC,215757.00,A,3738.052389,N,12225.171583,W,000.0,234.3,030820,,,A*45
$GPGGA,215758.00,3738.052389,N,12225.171572,W,7,,0.40,-6.00,M,0.0,M,0.0,0000*4E
$GPRMC,215758.00,A,3738.052389,N,12225.171572,W,000.0,234.9,030820,,,A*4E
$GPGGA,215759.00,3738.052395,N,12225.171565,W,7,,0.40,-8.30,M,0.0,M,0.0,0000*49
$GPRMC,215759.00,A,3738.052395,N,12225.171565,W,000.0,234.6,030820,,,A*4B
$GPGGA,215800.00,3738.052402,N,12225.171560,W,7,,0.40,-8.30,M,0.0,M,0.0,0000*46
$GPRMC,215800.00,A,3738.052402,N,12225.171560,W,000.0,235.9,030820,,,A*4A
$GPGGA,215801.00,3738.052408,N,12225.171548,W,7,,0.40,-8.30,M,0.0,M,0.0,0000*47
$GPRMC,215801.00,A,3738.052408,N,12225.171548,W,000.0,234.4,030820,,,A*47
$GPGGA,215802.00,3738.052414,N,12225.171536,W,7,,0.40,-8.30,M,0.0,M,0.0,0000*40
$GPRMC,215802.00,A,3738.052414,N,12225.171536,W,000.0,235.0,030820,,,A*45
$GPGGA,215803.00,3738.052425,N,12225.171530,W,7,,0.40,-8.30,M,0.0,M,0.0,0000*45
$GPRMC,215803.00,A,3738.052425,N,12225.171530,W,000.0,234.3,030820,,,A*42
$GPGGA,215804.00,3738.052425,N,12225.171523,W,7,,0.40,-8.30,M,0.0,M,0.0,0000*40
$GPRMC,215804.00,A,3738.052425,N,12225.171523,W,000.0,238.6,030820,,,A*4E
$GPGGA,215805.00,3738.052437,N,12225.171511,W,7,,0.40,-8.30,M,0.0,M,0.0,0000*43
$GPRMC,215805.00,A,3738.052437,N,12225.171511,W,000.0,234.3,030820,,,A*44
$GPGGA,215806.00,3738.052444,N,12225.171499,W,7,,0.40,-8.30,M,0.0,M,0.0,0000*45
$GPRMC,215806.00,A,3738.052444,N,12225.171499,W,000.0,234.6,030820,,,A*47
$GPGGA,215807.00,3738.052450,N,12225.171481,W,7,,0.40,-8.30,M,0.0,M,0.0,0000*48
$GPRMC,215807.00,A,3738.052450,N,12225.171481,W,000.0,235.1,030820,,,A*4C
$GPGGA,215808.00,3738.052456,N,12225.171469,W,7,,0.40,-8.30,M,0.0,M,0.0,0000*47
$GPRMC,215808.00,A,3738.052456,N,12225.171469,W,000.0,234.4,030820,,,A*47
$GPGGA,215809.00,3738.052461,N,12225.171451,W,7,,0.40,-7.00,M,0.0,M,0.0,0000*45
$GPRMC,215809.00,A,3738.052461,N,12225.171451,W,000.0,234.5,030820,,,A*48
$GPGGA,215810.00,3738.052467,N,12225.171439,W,7,,0.40,-7.00,M,0.0,M,0.0,0000*45
$GPRMC,215810.00,A,3738.052467,N,12225.171439,W,000.0,235.8,030820,,,A*44
$GPGGA,215811.00,3738.052473,N,12225.171427,W,7,,0.40,-7.00,M,0.0,M,0.0,0000*4E
$GPRMC,215811.00,A,3738.052473,N,12225.171427,W,000.0,234.3,030820,,,A*45
$GPGGA,215812.00,3738.052473,N,12225.171416,W,7,,0.40,-7.00,M,0.0,M,0.0,0000*4F
$GPRMC,215812.00,A,3738.052473,N,12225.171416,W,000.0,235.8,030820,,,A*4E
$GPGGA,215813.00,3738.052480,N,12225.171404,W,7,,0.40,-7.00,M,0.0,M,0.0,0000*41
$GPRMC,215813.00,A,3738.052480,N,12225.171404,W,000.0,234.2,030820,,,A*4B
$GPGGA,215814.00,3738.052480,N,12225.171392,W,7,,0.40,-7.00,M,0.0,M,0.0,0000*4E
$GPRMC,215814.00,A,3738.052480,N,12225.171392,W,000.0,234.5,030820,,,A*43
$GPGGA,215815.00,3738.052480,N,12225.171392,W,7,,0.40,-7.00,M,0.0,M,0.0,0000*4F
$GPRMC,215815.00,A,3738.052480,N,12225.171392,W,000.0,234.8,030820,,,A*4F
$GPGGA,215816.00,3738.052480,N,12225.171392,W,7,,0.40,-7.00,M,0.0,M,0.0,0000*4C
$GPRMC,215816.00,A,3738.052480,N,12225.171392,W,000.0,234.7,030820,,,A*43
$GPGGA,215817.00,3738.052473,N,12225.171386,W,7,,0.40,-7.00,M,0.0,M,0.0,0000*44
$GPRMC,215817.00,A,3738.052473,N,12225.171386,W,000.0,235.3,030820,,,A*4E
$GPGGA,215818.00,3738.052473,N,12225.171379,W,7,,0.40,-7.00,M,0.0,M,0.0,0000*4B
$GPRMC,215818.00,A,3738.052473,N,12225.171379,W,000.0,235.8,030820,,,A*4A
$GPGGA,215819.00,3738.052473,N,12225.171379,W,7,,0.40,-6.60,M,0.0,M,0.0,0000*4D
$GPRMC,215819.00,A,3738.052473,N,12225.171379,W,000.0,235.1,030820,,,A*42
$GPGGA,215820.00,3738.052480,N,12225.171379,W,7,,0.40,-6.60,M,0.0,M,0.0,0000*4B
$GPRMC,215820.00,A,3738.052480,N,12225.171379,W,000.0,234.9,030820,,,A*4D
$GPGGA,215821.00,3738.052480,N,12225.171374,W,7,,0.40,-6.60,M,0.0,M,0.0,0000*47
$GPRMC,215821.00,A,3738.052480,N,12225.171374,W,000.0,234.6,030820,,,A*4E
$GPGGA,215822.00,3738.052473,N,12225.171367,W,7,,0.40,-6.60,M,0.0,M,0.0,0000*4A
$GPRMC,215822.00,A,3738.052473,N,12225.171367,W,000.0,234.4,030820,,,A*41
$GPGGA,215823.00,3738.052473,N,12225.171367,W,7,,0.43,-5.80,M,0.0,M,0.0,0000*45
$GPRMC,215823.00,A,3738.052473,N,12225.171367,W,000.0,234.6,030820,,,A*42
$GPGGA,215824.00,3738.052480,N,12225.171362,W,7,,0.43,-5.80,M,0.0,M,0.0,0000*4B
$GPRMC,215824.00,A,3738.052480,N,12225.171362,W,000.0,234.8,030820,,,A*42
$GPGGA,215825.00,3738.052480,N,12225.171362,W,7,,0.43,-5.80,M,0.0,M,0.0,0000*4A
$GPRMC,215825.00,A,3738.052480,N,12225.171362,W,000.0,235.7,030820,,,A*4D
$GPGGA,215826.00,3738.052480,N,12225.171355,W,7,,0.43,-5.80,M,0.0,M,0.0,0000*4D
$GPRMC,215826.00,A,3738.052480,N,12225.171355,W,000.0,234.3,030820,,,A*4F
$GPGGA,215827.00,3738.052480,N,12225.171355,W,7,,0.43,-5.80,M,0.0,M,0.0,0000*4C
$GPRMC,215827.00,A,3738.052480,N,12225.171355,W,000.0,235.5,030820,,,A*49
$GPGGA,215828.00,3738.052486,N,12225.171349,W,7,,0.40,-5.80,M,0.0,M,0.0,0000*4B
$GPRMC,215828.00,A,3738.052486,N,12225.171349,W,000.0,234.7,030820,,,A*4E
$GPGGA,215829.00,3738.052486,N,12225.171344,W,7,,0.40,-5.80,M,0.0,M,0.0,0000*47
$GPRMC,215829.00,A,3738.052486,N,12225.171344,W,000.0,234.5,030820,,,A*40
$GPGGA,215830.00,3738.052486,N,12225.171332,W,7,,0.40,-5.80,M,0.0,M,0.0,0000*4E
$GPRMC,215830.00,A,3738.052486,N,12225.171332,W,000.0,234.5,030820,,,A*49
$GPGGA,215831.00,3738.052486,N,12225.171325,W,7,,0.40,-5.80,M,0.0,M,0.0,0000*49
$GPRMC,215831.00,A,3738.052486,N,12225.171325,W,000.0,235.7,030820,,,A*4D
$GPGGA,215832.00,3738.052444,N,12225.171458,W,7,,0.40,-5.80,M,0.0,M,0.0,0000*49
$GPRMC,215832.00,A,3738.052444,N,12225.171458,W,000.8,244.9,030820,,,A*4D
$GPGGA,215833.00,3738.052006,N,12225.172664,W,7,,0.40,-6.10,M,0.0,M,0.0,0000*4E
$GPRMC,215833.00,A,3738.052006,N,12225.172664,W,003.1,244.8,030820,,,A*4B
$GPGGA,215834.00,3738.051640,N,12225.173732,W,7,,0.40,-6.10,M,0.0,M,0.0,0000*4D
$GPRMC,215834.00,A,3738.051640,N,12225.173732,W,004.5,248.3,030820,,,A*4C
$GPGGA,215835.00,3738.050806,N,12225.176281,W,7,,0.40,-6.10,M,0.0,M,0.0,0000*49
$GPRMC,215835.00,A,3738.050806,N,12225.176281,W,008.0,249.0,030820,,,A*43
$GPGGA,215836.00,3738.049515,N,12225.180145,W,7,,0.40,-6.10,M,0.0,M,0.0,0000*4F
$GPRMC,215836.00,A,3738.049515,N,12225.180145,W,010.7,248.4,030820,,,A*4E
$GPGGA,215837.00,3738.047998,N,12225.184346,W,7,,0.40,-6.10,M,0.0,M,0.0,0000*4C
$GPRMC,215837.00,A,3738.047998,N,12225.184346,W,011.1,244.8,030820,,,A*4A
$GPGGA,215838.00,3738.046024,N,12225.187897,W,7,,0.36,-6.10,M,0.0,M,0.0,0000*49
$GPRMC,215838.00,A,3738.046024,N,12225.187897,W,011.3,232.6,030820,,,A*43
$GPGGA,215839.00,3738.043125,N,12225.190183,W,7,,0.36,-6.10,M,0.0,M,0.0,0000*47
$GPRMC,215839.00,A,3738.043125,N,12225.190183,W,012.3,209.9,030820,,,A*49
$GPGGA,215840.00,3738.039069,N,12225.190490,W,7,,0.34,-6.10,M,0.0,M,0.0,0000*48
$GPRMC,215840.00,A,3738.039069,N,12225.190490,W,014.9,187.1,030820,,,A*45
$GPGGA,215841.00,3738.034191,N,12225.188696,W,7,,0.35,-6.10,M,0.0,M,0.0,0000*4E
$GPRMC,215841.00,A,3738.034191,N,12225.188696,W,017.9,171.2,030820,,,A*4B
$GPGGA,215842.00,3738.028353,N,12225.185311,W,7,,0.35,-6.10,M,0.0,M,0.0,0000*4B
$GPRMC,215842.00,A,3738.028353,N,12225.185311,W,022.3,161.7,030820,,,A*46
$GPGGA,215843.00,3738.021292,N,12225.181058,W,7,,0.35,-6.10,M,0.0,M,0.0,0000*45
$GPRMC,215843.00,A,3738.021292,N,12225.181058,W,025.7,157.4,030820,,,A*4D
$GPGGA,215844.00,3738.013816,N,12225.176570,W,7,,0.40,-6.10,M,0.0,M,0.0,0000*40
$GPRMC,215844.00,A,3738.013816,N,12225.176570,W,029.0,155.5,030820,,,A*42
$GPGGA,215845.00,3738.004749,N,12225.171374,W,7,,0.40,-6.10,M,0.0,M,0.0,0000*47
$GPRMC,215845.00,A,3738.004749,N,12225.171374,W,030.4,155.9,030820,,,A*45
$GPGGA,215846.00,3737.997070,N,12225.166838,W,7,,0.44,-6.10,M,0.0,M,0.0,0000*44
$GPRMC,215846.00,A,3737.997070,N,12225.166838,W,032.0,155.1,030820,,,A*4C
$GPGGA,215847.00,3737.988765,N,12225.161671,W,7,,0.48,-6.10,M,0.0,M,0.0,0000*40
$GPRMC,215847.00,A,3737.988765,N,12225.161671,W,032.4,154.3,030820,,,A*43
$GPGGA,215848.00,3737.980462,N,12225.156626,W,7,,0.53,-6.10,M,0.0,M,0.0,0000*4F
$GPRMC,215848.00,A,3737.980462,N,12225.156626,W,032.8,154.0,030820,,,A*49
$GPGGA,215849.00,3737.972110,N,12225.151328,W,7,,0.72,-6.10,M,0.0,M,0.0,0000*4C
$GPRMC,215849.00,A,3737.972110,N,12225.151328,W,032.7,153.9,030820,,,A*48
$GPGGA,215850.00,3737.964039,N,12225.146300,W,7,,0.80,-6.10,M,0.0,M,0.0,0000*48
$GPRMC,215850.00,A,3737.964039,N,12225.146300,W,033.1,154.2,030820,,,A*4A
$GPGGA,215851.00,3737.954824,N,12225.141523,W,7,,1.00,-6.10,M,0.0,M,0.0,0000*47
$GPRMC,215851.00,A,3737.954824,N,12225.141523,W,033.4,155.4,030820,,,A*4E
$GPGGA,215852.00,3737.946165,N,12225.136423,W,7,,0.97,-6.10,M,0.0,M,0.0,0000*45
$GPRMC,215852.00,A,3737.946165,N,12225.136423,W,034.0,155.1,030820,,,A*45
$GPGGA,215853.00,3737.937369,N,12225.131041,W,7,,1.04,-6.10,M,0.0,M,0.0,0000*40
$GPRMC,215853.00,A,3737.937369,N,12225.131041,W,034.5,154.8,030820,,,A*46
$GPGGA,215854.00,3737.928753,N,12225.125720,W,7,,0.88,-6.10,M,0.0,M,0.0,0000*44
$GPRMC,215854.00,A,3737.928753,N,12225.125720,W,034.3,154.6,030820,,,A*4F
$GPGGA,215855.00,3737.920090,N,12225.120421,W,7,,0.72,-6.10,M,0.0,M,0.0,0000*47
$GPRMC,215855.00,A,3737.920090,N,12225.120421,W,033.9,154.4,030820,,,A*46
$GPGGA,215856.00,3737.911791,N,12225.116366,W,7,,0.67,-6.10,M,0.0,M,0.0,0000*45
$GPRMC,215856.00,A,3737.911791,N,12225.116366,W,033.2,155.9,030820,,,A*47
$GPGGA,215857.00,3737.903619,N,12225.112418,W,7,,0.48,-6.10,M,0.0,M,0.0,0000*41
$GPRMC,215857.00,A,3737.903619,N,12225.112418,W,031.1,156.8,030820,,,A*4D
$GPGGA,215858.00,3737.896365,N,12225.108668,W,7,,0.47,-6.10,M,0.0,M,0.0,0000*4C
$GPRMC,215858.00,A,3737.896365,N,12225.108668,W,029.8,156.5,030820,,,A*42
$GPGGA,215859.00,3737.889274,N,12225.104881,W,7,,0.40,-6.10,M,0.0,M,0.0,0000*40
$GPRMC,215859.00,A,3737.889274,N,12225.104881,W,028.1,156.3,030820,,,A*47
$GPGGA,215900.00,3737.882751,N,12225.101467,W,7,,0.40,-6.10,M,0.0,M,0.0,0000*45
$GPRMC,215900.00,A,3737.882751,N,12225.101467,W,025.6,156.4,030820,,,A*4F
$GPGGA,215901.00,3737.877004,N,12225.098318,W,7,,0.39,-6.10,M,0.0,M,0.0,0000*49
$GPRMC,215901.00,A,3737.877004,N,12225.098318,W,023.2,156.3,030820,,,A*48
$GPGGA,215902.00,3737.871525,N,12225.095287,W,7,,0.39,-6.10,M,0.0,M,0.0,0000*40
$GPRMC,215902.00,A,3737.871525,N,12225.095287,W,022.0,156.6,030820,,,A*47
$GPGGA,215903.00,3737.866401,N,12225.092461,W,7,,0.35,-6.10,M,0.0,M,0.0,0000*45
$GPRMC,215903.00,A,3737.866401,N,12225.092461,W,021.2,156.6,030820,,,A*4F
$GPGGA,215904.00,3737.861343,N,12225.089780,W,7,,0.31,-6.10,M,0.0,M,0.0,0000*46
$GPRMC,215904.00,A,3737.861343,N,12225.089780,W,019.7,156.7,030820,,,A*47
$GPGGA,215905.00,3737.857024,N,12225.087872,W,7,,0.33,-6.10,M,0.0,M,0.0,0000*4E
$GPRMC,215905.00,A,3737.857024,N,12225.087872,W,017.1,158.9,030820,,,A*45
$GPGGA,215906.00,3737.853165,N,12225.087302,W,7,,0.30,-6.10,M,0.0,M,0.0,0000*42
$GPRMC,215906.00,A,3737.853165,N,12225.087302,W,014.2,170.5,030820,,,A*4C
$GPGGA,215907.00,3737.849733,N,12225.088862,W,7,,0.30,-6.10,M,0.0,M,0.0,0000*4F
$GPRMC,215907.00,A,3737.849733,N,12225.088862,W,012.9,194.8,030820,,,A*4B
$GPGGA,215908.00,3737.846770,N,12225.092017,W,7,,0.36,-6.10,M,0.0,M,0.0,0000*4F
$GPRMC,215908.00,A,3737.846770,N,12225.092017,W,014.6,228.1,030820,,,A*49
$GPGGA,215909.00,3737.845810,N,12225.097610,W,7,,0.44,-6.10,M,0.0,M,0.0,0000*45
$GPRMC,215909.00,A,3737.845810,N,12225.097610,W,015.9,242.6,030820,,,A*43
$GPGGA,215910.00,3737.843662,N,12225.104042,W,7,,0.46,-6.10,M,0.0,M,0.0,0000*48
$GPRMC,215910.00,A,3737.843662,N,12225.104042,W,017.6,242.6,030820,,,A*41
$GPGGA,215911.00,3737.841694,N,12225.111428,W,7,,0.56,-6.10,M,0.0,M,0.0,0000*4F
$GPRMC,215911.00,A,3737.841694,N,12225.111428,W,018.9,241.8,030820,,,A*4A
$GPGGA,215912.00,3737.838831,N,12225.118141,W,7,,0.53,-6.10,M,0.0,M,0.0,0000*45
$GPRMC,215912.00,A,3737.838831,N,12225.118141,W,020.1,238.1,030820,,,A*41
$GPGGA,215913.00,3737.834650,N,12225.124184,W,7,,0.53,-6.10,M,0.0,M,0.0,0000*47
$GPRMC,215913.00,A,3737.834650,N,12225.124184,W,021.3,231.1,030820,,,A*49
$GPGGA,215914.00,3737.830168,N,12225.129854,W,7,,0.48,-6.10,M,0.0,M,0.0,0000*4B
$GPRMC,215914.00,A,3737.830168,N,12225.129854,W,022.2,228.2,030820,,,A*46
$GPGGA,215915.00,3737.825703,N,12225.135386,W,7,,0.44,-6.10,M,0.0,M,0.0,0000*40
$GPRMC,215915.00,A,3737.825703,N,12225.135386,W,023.2,226.7,030820,,,A*4B
$GPGGA,215916.00,3737.820957,N,12225.141356,W,7,,0.43,-6.10,M,0.0,M,0.0,0000*40
$GPRMC,215916.00,A,3737.820957,N,12225.141356,W,023.8,225.9,030820,,,A*4B
$GPGGA,215917.00,3737.816361,N,12225.147307,W,7,,0.40,-6.10,M,0.0,M,0.0,0000*4A
$GPRMC,215917.00,A,3737.816361,N,12225.147307,W,023.7,225.9,030820,,,A*4D
$GPGGA,215918.00,3737.811801,N,12225.153085,W,7,,0.39,-6.10,M,0.0,M,0.0,0000*4D
$GPRMC,215918.00,A,3737.811801,N,12225.153085,W,022.9,225.3,030820,,,A*41
$GPGGA,215919.00,3737.807487,N,12225.158792,W,7,,0.39,-6.10,M,0.0,M,0.0,0000*43
$GPRMC,215919.00,A,3737.807487,N,12225.158792,W,023.4,226.3,030820,,,A*40
$GPGGA,215920.00,3737.803155,N,12225.164996,W,7,,0.39,-6.10,M,0.0,M,0.0,0000*42
$GPRMC,215920.00,A,3737.803155,N,12225.164996,W,023.8,228.0,030820,,,A*40
$GPGGA,215921.00,3737.799202,N,12225.171458,W,7,,0.36,-6.10,M,0.0,M,0.0,0000*4A
$GPRMC,215921.00,A,3737.799202,N,12225.171458,W,023.4,231.1,030820,,,A*42
$GPGGA,215922.00,3737.795859,N,12225.177980,W,7,,0.35,-6.10,M,0.0,M,0.0,0000*4C
$GPRMC,215922.00,A,3737.795859,N,12225.177980,W,022.2,235.1,030820,,,A*44
$GPGGA,215923.00,3737.793238,N,12225.184135,W,7,,0.32,-6.10,M,0.0,M,0.0,0000*4B
$GPRMC,215923.00,A,3737.793238,N,12225.184135,W,020.4,239.0,030820,,,A*4D
$GPGGA,215924.00,3737.791185,N,12225.189433,W,7,,0.30,-6.10,M,0.0,M,0.0,0000*47
$GPRMC,215924.00,A,3737.791185,N,12225.189433,W,017.5,240.9,030820,,,A*41
$GPGGA,215925.00,3737.789769,N,12225.193453,W,7,,0.32,-6.10,M,0.0,M,0.0,0000*44
$GPRMC,215925.00,A,3737.789769,N,12225.193453,W,013.6,242.2,030820,,,A*4E
$GPGGA,215926.00,3737.788612,N,12225.196843,W,7,,0.34,-6.10,M,0.0,M,0.0,0000*45
$GPRMC,215926.00,A,3737.788612,N,12225.196843,W,009.8,243.2,030820,,,A*4D
$GPGGA,215927.00,3737.788036,N,12225.198608,W,7,,0.35,-14.66,M,0.0,M,0.0,0000*78
$GPRMC,215927.00,A,3737.788036,N,12225.198608,W,006.3,243.6,030820,,,A*43
$GPGGA,215928.00,3737.787556,N,12225.199928,W,7,,0.36,-14.74,M,0.0,M,0.0,0000*77
$GPRMC,215928.00,A,3737.787556,N,12225.199928,W,004.9,243.9,030820,,,A*4B
$GPGGA,215929.00,3737.787184,N,12225.200965,W,7,,0.39,-14.86,M,0.0,M,0.0,0000*75
$GPRMC,215929.00,A,3737.787184,N,12225.200965,W,005.7,244.9,030820,,,A*43
$GPGGA,215930.00,3737.786367,N,12225.203179,W,7,,0.38,-14.72,M,0.0,M,0.0,0000*7F
$GPRMC,215930.00,A,3737.786367,N,12225.203179,W,007.9,245.8,030820,,,A*4F
$GPGGA,215931.00,3737.784837,N,12225.207182,W,7,,0.38,-14.77,M,0.0,M,0.0,0000*77
$GPRMC,215931.00,A,3737.784837,N,12225.207182,W,012.9,246.6,030820,,,A*4B
$GPGGA,215932.00,3737.782461,N,12225.213224,W,7,,0.36,-14.87,M,0.0,M,0.0,0000*76
$GPRMC,215932.00,A,3737.782461,N,12225.213224,W,016.5,244.5,030820,,,A*42
$GPGGA,215933.00,3737.779492,N,12225.219823,W,7,,0.34,-15.69,M,0.0,M,0.0,0000*7B
$GPRMC,215933.00,A,3737.779492,N,12225.219823,W,019.9,242.4,030820,,,A*48
$GPGGA,215934.00,3737.776360,N,12225.227209,W,7,,0.33,-15.60,M,0.0,M,0.0,0000*78
$GPRMC,215934.00,A,3737.776360,N,12225.227209,W,021.8,242.1,030820,,,A*4A
$GPGGA,215935.00,3737.773461,N,12225.234398,W,7,,0.31,-15.63,M,0.0,M,0.0,0000*70
$GPRMC,215935.00,A,3737.773461,N,12225.234398,W,022.9,242.6,030820,,,A*46
$GPGGA,215936.00,3737.770503,N,12225.241952,W,7,,0.32,-15.47,M,0.0,M,0.0,0000*7E
$GPRMC,215936.00,A,3737.770503,N,12225.241952,W,023.8,243.3,030820,,,A*49
$GPGGA,215937.00,3737.767564,N,12225.249667,W,7,,0.33,-15.48,M,0.0,M,0.0,0000*77
$GPRMC,215937.00,A,3737.767564,N,12225.249667,W,024.2,243.5,030820,,,A*45
$GPGGA,215938.00,3737.764557,N,12225.257504,W,7,,0.39,-15.32,M,0.0,M,0.0,0000*75
$GPRMC,215938.00,A,3737.764557,N,12225.257504,W,024.1,243.9,030820,,,A*4F
$GPGGA,215939.00,3737.762145,N,12225.265100,W,7,,0.40,-15.53,M,0.0,M,0.0,0000*7D
$GPRMC,215939.00,A,3737.762145,N,12225.265100,W,023.2,244.5,030820,,,A*41
$GPGGA,215940.00,3737.759422,N,12225.272096,W,7,,0.40,-15.44,M,0.0,M,0.0,0000*71
$GPRMC,215940.00,A,3737.759422,N,12225.272096,W,022.3,243.6,030820,,,A*4F
$GPGGA,215941.00,3737.756920,N,12225.278293,W,7,,0.40,-15.39,M,0.0,M,0.0,0000*77
$GPRMC,215941.00,A,3737.756920,N,12225.278293,W,020.4,242.5,030820,,,A*44
$GPGGA,215942.00,3737.754525,N,12225.283705,W,7,,0.40,-15.21,M,0.0,M,0.0,0000*78
$GPRMC,215942.00,A,3737.754525,N,12225.283705,W,018.0,240.6,030820,,,A*4C
$GPGGA,215943.00,3737.752270,N,12225.288145,W,7,,0.40,-15.13,M,0.0,M,0.0,0000*70
$GPRMC,215943.00,A,3737.752270,N,12225.288145,W,015.4,237.8,030820,,,A*42
$GPGGA,215944.00,3737.750344,N,12225.291475,W,7,,0.39,-14.86,M,0.0,M,0.0,0000*7E
$GPRMC,215944.00,A,3737.750344,N,12225.291475,W,012.4,235.8,030820,,,A*4A
$GPGGA,215945.00,3737.748933,N,12225.293828,W,7,,0.39,-14.55,M,0.0,M,0.0,0000*74
$GPRMC,215945.00,A,3737.748933,N,12225.293828,W,009.0,235.8,030820,,,A*40
$GPGGA,215946.00,3737.748298,N,12225.294830,W,7,,0.39,-14.52,M,0.0,M,0.0,0000*74
$GPRMC,215946.00,A,3737.748298,N,12225.294830,W,006.6,237.8,030820,,,A*4C
$GPGGA,215947.00,3737.747763,N,12225.296096,W,7,,0.39,-14.65,M,0.0,M,0.0,0000*79
$GPRMC,215947.00,A,3737.747763,N,12225.296096,W,004.7,244.2,030820,,,A*48
$GPGGA,215948.00,3737.747619,N,12225.297218,W,7,,0.39,-14.25,M,0.0,M,0.0,0000*7B
$GPRMC,215948.00,A,3737.747619,N,12225.297218,W,004.2,260.1,030820,,,A*4E
$GPGGA,215949.00,3737.747583,N,12225.298652,W,7,,0.39,-13.64,M,0.0,M,0.0,0000*7D
$GPRMC,215949.00,A,3737.747583,N,12225.298652,W,004.1,289.1,030820,,,A*4E
$GPGGA,215950.00,3737.748514,N,12225.299840,W,7,,0.39,-13.71,M,0.0,M,0.0,0000*7C
$GPRMC,215950.00,A,3737.748514,N,12225.299840,W,004.9,314.6,030820,,,A*41
$GPGGA,215951.00,3737.750596,N,12225.300625,W,7,,0.39,-6.80,M,0.0,M,0.0,0000*48
$GPRMC,215951.00,A,3737.750596,N,12225.300625,W,007.0,325.4,030820,,,A*45
$GPGGA,215952.00,3737.752509,N,12225.301736,W,7,,0.39,-6.80,M,0.0,M,0.0,0000*4D
$GPRMC,215952.00,A,3737.752509,N,12225.301736,W,008.5,330.1,030820,,,A*4B
$GPGGA,215953.00,3737.754957,N,12225.303151,W,7,,0.39,-6.80,M,0.0,M,0.0,0000*48
$GPRMC,215953.00,A,3737.754957,N,12225.303151,W,010.0,333.3,030820,,,A*43
$GPGGA,215954.00,3737.758372,N,12225.305186,W,7,,0.39,-6.80,M,0.0,M,0.0,0000*42
$GPRMC,215954.00,A,3737.758372,N,12225.305186,W,011.9,334.4,030820,,,A*41
$GPGGA,215955.00,3737.762050,N,12225.307298,W,7,,0.37,-6.80,M,0.0,M,0.0,0000*49
$GPRMC,215955.00,A,3737.762050,N,12225.307298,W,013.2,334.4,030820,,,A*4D
$GPGGA,215956.00,3737.765751,N,12225.309506,W,7,,0.37,-6.80,M,0.0,M,0.0,0000*45
$GPRMC,215956.00,A,3737.765751,N,12225.309506,W,014.3,334.3,030820,,,A*40
$GPGGA,215957.00,3737.769718,N,12225.311743,W,7,,0.36,-6.80,M,0.0,M,0.0,0000*4E
$GPRMC,215957.00,A,3737.769718,N,12225.311743,W,014.0,334.2,030820,,,A*48
$GPGGA,215958.00,3737.773233,N,12225.313813,W,7,,0.36,-6.80,M,0.0,M,0.0,0000*4E
$GPRMC,215958.00,A,3737.773233,N,12225.313813,W,012.8,332.8,030820,,,A*4A
$GPGGA,215959.00,3737.776432,N,12225.315572,W,7,,0.36,-6.80,M,0.0,M,0.0,0000*41
$GPRMC,215959.00,A,3737.776432,N,12225.315572,W,011.9,332.4,030820,,,A*4B
$GPGGA,220000.00,3737.779101,N,12225.317269,W,7,,0.36,-6.80,M,0.0,M,0.0,0000*47
$GPRMC,220000.00,A,3737.779101,N,12225.317269,W,010.9,332.1,030820,,,A*49
$GPGGA,220001.00,3737.781358,N,12225.319093,W,7,,0.39,-6.80,M,0.0,M,0.0,0000*49
$GPRMC,220001.00,A,3737.781358,N,12225.319093,W,010.0,325.8,030820,,,A*4E
$GPGGA,220002.00,3737.782954,N,12225.321451,W,7,,0.38,-6.80,M,0.0,M,0.0,0000*4F
$GPRMC,220002.00,A,3737.782954,N,12225.321451,W,009.0,310.9,030820,,,A*46
$GPGGA,220003.00,3737.783271,N,12225.323587,W,7,,0.35,-6.80,M,0.0,M,0.0,0000*46
$GPRMC,220003.00,A,3737.783271,N,12225.323587,W,008.1,295.9,030820,,,A*4E
$GPGGA,220004.00,3737.783019,N,12225.325970,W,7,,0.36,-6.80,M,0.0,M,0.0,0000*4C
$GPRMC,220004.00,A,3737.783019,N,12225.325970,W,007.4,273.1,030820,,,A*4D
$GPGGA,220005.00,3737.782186,N,12225.328831,W,7,,0.37,-6.80,M,0.0,M,0.0,0000*43
$GPRMC,220005.00,A,3737.782186,N,12225.328831,W,007.8,255.5,030820,,,A*4F
$GPGGA,220006.00,3737.781231,N,12225.331615,W,7,,0.35,-6.80,M,0.0,M,0.0,0000*4E
$GPRMC,220006.00,A,3737.781231,N,12225.331615,W,008.6,253.7,030820,,,A*45
$GPGGA,220007.00,3737.780698,N,12225.334958,W,7,,0.35,-6.80,M,0.0,M,0.0,0000*4A
$GPRMC,220007.00,A,3737.780698,N,12225.334958,W,009.8,260.2,030820,,,A*4B
$GPGGA,220008.00,3737.780463,N,12225.339356,W,7,,0.36,-6.80,M,0.0,M,0.0,0000*49
$GPRMC,220008.00,A,3737.780463,N,12225.339356,W,011.0,266.2,030820,,,A*4C
$GPGGA,220009.00,3737.780332,N,12225.343711,W,7,,0.35,-6.80,M,0.0,M,0.0,0000*42
$GPRMC,220009.00,A,3737.780332,N,12225.343711,W,010.4,265.6,030820,,,A*46
$GPGGA,220010.00,3737.779881,N,12225.347173,W,7,,0.35,-6.80,M,0.0,M,0.0,0000*49
$GPRMC,220010.00,A,3737.779881,N,12225.347173,W,009.2,257.9,030820,,,A*4D
$GPGGA,220011.00,3737.779143,N,12225.349945,W,7,,0.37,-6.80,M,0.0,M,0.0,0000*4E
$GPRMC,220011.00,A,3737.779143,N,12225.349945,W,007.1,247.9,030820,,,A*44
$GPGGA,220012.00,3737.778561,N,12225.351416,W,7,,0.39,-6.80,M,0.0,M,0.0,0000*44
$GPRMC,220012.00,A,3737.778561,N,12225.351416,W,003.7,244.8,030820,,,A*40
$GPGGA,220013.00,3737.778345,N,12225.351794,W,7,,0.39,-6.80,M,0.0,M,0.0,0000*4C
$GPRMC,220013.00,A,3737.778345,N,12225.351794,W,001.4,246.8,030820,,,A*4B
$GPGGA,220014.00,3737.778339,N,12225.351644,W,7,,0.39,-6.80,M,0.0,M,0.0,0000*4C
$GPRMC,220014.00,A,3737.778339,N,12225.351644,W,000.1,258.0,030820,,,A*48
$GPGGA,220015.00,3737.778406,N,12225.351362,W,7,,0.39,-6.80,M,0.0,M,0.0,0000*47
$GPRMC,220015.00,A,3737.778406,N,12225.351362,W,000.1,244.1,030820,,,A*4F
$GPGGA,220016.00,3737.778430,N,12225.351181,W,7,,0.39,-6.80,M,0.0,M,0.0,0000*4E
$GPRMC,220016.00,A,3737.778430,N,12225.351181,W,000.0,244.7,030820,,,A*41
$GPGGA,220017.00,3737.778453,N,12225.350905,W,7,,0.39,1.80,M,0.0,M,0.0,0000*65
$GPRMC,220017.00,A,3737.778453,N,12225.350905,W,000.0,242.7,030820,,,A*46
$GPGGA,220018.00,3737.778447,N,12225.350881,W,7,,0.39,1.80,M,0.0,M,0.0,0000*62
$GPRMC,220018.00,A,3737.778447,N,12225.350881,W,000.0,243.4,030820,,,A*43
$GPGGA,220019.00,3737.778459,N,12225.350875,W,7,,0.39,1.80,M,0.0,M,0.0,0000*67
$GPRMC,220019.00,A,3737.778459,N,12225.350875,W,000.1,244.0,030820,,,A*44
$GPGGA,220020.00,3737.778436,N,12225.350846,W,7,,0.39,1.80,M,0.0,M,0.0,0000*64
$GPRMC,220020.00,A,3737.778436,N,12225.350846,W,000.0,247.1,030820,,,A*44
$GPGGA,220021.00,3737.778417,N,12225.350816,W,7,,0.39,1.80,M,0.0,M,0.0,0000*63
$GPRMC,220021.00,A,3737.778417,N,12225.350816,W,000.0,245.4,030820,,,A*44
$GPGGA,220022.00,3737.778400,N,12225.350786,W,7,,0.39,1.80,M,0.0,M,0.0,0000*60
$GPRMC,220022.00,A,3737.778400,N,12225.350786,W,000.0,244.3,030820,,,A*41
$GPGGA,220023.00,3737.778334,N,12225.350744,W,7,,0.39,0.70,M,0.0,M,0.0,0000*61
$GPRMC,220023.00,A,3737.778334,N,12225.350744,W,000.0,243.8,030820,,,A*42
$GPGGA,220024.00,3737.778328,N,12225.350749,W,7,,0.39,0.70,M,0.0,M,0.0,0000*66
$GPRMC,220024.00,A,3737.778328,N,12225.350749,W,000.0,244.6,030820,,,A*4C
$GPGGA,220025.00,3737.778315,N,12225.350744,W,7,,0.40,0.70,M,0.0,M,0.0,0000*6A
$GPRMC,220025.00,A,3737.778315,N,12225.350744,W,000.0,244.7,030820,,,A*4F
$GPGGA,220026.00,3737.778298,N,12225.350737,W,7,,0.40,0.70,M,0.0,M,0.0,0000*69
$GPRMC,220026.00,A,3737.778298,N,12225.350737,W,000.0,245.8,030820,,,A*42
$GPGGA,220027.00,3737.778273,N,12225.350714,W,7,,0.40,0.70,M,0.0,M,0.0,0000*6C
$GPRMC,220027.00,A,3737.778273,N,12225.350714,W,000.0,244.0,030820,,,A*4E
$GPGGA,220028.00,3737.778237,N,12225.350707,W,7,,0.40,0.70,M,0.0,M,0.0,0000*61
$GPRMC,220028.00,A,3737.778237,N,12225.350707,W,000.0,244.2,030820,,,A*41
$GPGGA,220029.00,3737.778201,N,12225.350707,W,7,,0.40,1.50,M,0.0,M,0.0,0000*66
$GPRMC,220029.00,A,3737.778201,N,12225.350707,W,000.0,244.3,030820,,,A*44
$GPGGA,220030.00,3737.778165,N,12225.350714,W,7,,0.40,1.50,M,0.0,M,0.0,0000*6D
$GPRMC,220030.00,A,3737.778165,N,12225.350714,W,000.0,244.7,030820,,,A*4B
$GPGGA,220031.00,3737.777932,N,12225.351002,W,7,,0.40,1.50,M,0.0,M,0.0,0000*68
$GPRMC,220031.00,A,3737.777932,N,12225.351002,W,000.0,249.2,030820,,,A*46
$GPGGA,220032.00,3737.777740,N,12225.351104,W,7,,0.40,1.50,M,0.0,M,0.0,0000*67
$GPRMC,220032.00,A,3737.777740,N,12225.351104,W,000.0,246.6,030820,,,A*42
$GPGGA,220033.00,3737.777338,N,12225.351302,W,7,,0.40,1.50,M,0.0,M,0.0,0000*69
$GPRMC,220033.00,A,3737.777338,N,12225.351302,W,000.0,244.2,030820,,,A*4A
$GPGGA,220034.00,3737.777313,N,12225.351332,W,7,,0.40,1.50,M,0.0,M,0.0,0000*64
$GPRMC,220034.00,A,3737.777313,N,12225.351332,W,000.0,251.8,030820,,,A*49
$GPGGA,220035.00,3737.777277,N,12225.351362,W,7,,0.40,1.50,M,0.0,M,0.0,0000*63
$GPRMC,220035.00,A,3737.777277,N,12225.351362,W,000.0,246.6,030820,,,A*46
$GPGGA,220036.00,3737.777241,N,12225.351416,W,7,,0.40,1.50,M,0.0,M,0.0,0000*61
$GPRMC,220036.00,A,3737.777241,N,12225.351416,W,000.0,244.8,030820,,,A*48
$GPGGA,220037.00,3737.777175,N,12225.351458,W,7,,0.40,1.50,M,0.0,M,0.0,0000*6E
$GPRMC,220037.00,A,3737.777175,N,12225.351458,W,000.0,246.7,030820,,,A*4A
$GPGGA,220038.00,3737.777001,N,12225.351523,W,7,,0.40,0.80,M,0.0,M,0.0,0000*62
$GPRMC,220038.00,A,3737.777001,N,12225.351523,W,000.0,243.4,030820,,,A*4C
$GPGGA,220039.00,3737.776953,N,12225.351548,W,7,,0.40,0.80,M,0.0,M,0.0,0000*61
$GPRMC,220039.00,A,3737.776953,N,12225.351548,W,000.0,245.3,030820,,,A*4E
$GPGGA,220040.00,3737.776917,N,12225.351511,W,7,,0.40,0.80,M,0.0,M,0.0,0000*63
$GPRMC,220040.00,A,3737.776917,N,12225.351511,W,000.0,243.6,030820,,,A*4F
$GPGGA,220041.00,3737.776917,N,12225.351506,W,7,,0.40,0.80,M,0.0,M,0.0,0000*64
$GPRMC,220041.00,A,3737.776917,N,12225.351506,W,000.0,244.4,030820,,,A*4D
$GPGGA,220042.00,3737.776917,N,12225.351493,W,7,,0.40,0.80,M,0.0,M,0.0,0000*6A
$GPRMC,220042.00,A,3737.776917,N,12225.351493,W,000.0,245.5,030820,,,A*43
$GPGGA,220043.00,3737.776900,N,12225.351469,W,7,,0.40,0.80,M,0.0,M,0.0,0000*68
$GPRMC,220043.00,A,3737.776900,N,12225.351469,W,000.0,243.2,030820,,,A*40
$GPGGA,220044.00,3737.776864,N,12225.351476,W,7,,0.40,1.80,M,0.0,M,0.0,0000*63
$GPRMC,220044.00,A,3737.776864,N,12225.351476,W,000.0,245.7,030820,,,A*49
$GPGGA,220045.00,3737.776870,N,12225.351458,W,7,,0.40,1.80,M,0.0,M,0.0,0000*6B
$GPRMC,220045.00,A,3737.776870,N,12225.351458,W,000.0,244.1,030820,,,A*46
$GPGGA,220046.00,3737.776864,N,12225.351416,W,7,,0.40,1.80,M,0.0,M,0.0,0000*67
$GPRMC,220046.00,A,3737.776864,N,12225.351416,W,000.0,244.5,030820,,,A*4E
$GPGGA,220047.00,3737.776870,N,12225.351349,W,7,,0.40,1.80,M,0.0,M,0.0,0000*6E
$GPRMC,220047.00,A,3737.776870,N,12225.351349,W,000.0,243.2,030820,,,A*47
$GPGGA,220048.00,3737.776875,N,12225.351320,W,7,,0.44,1.80,M,0.0,M,0.0,0000*6F
$GPRMC,220048.00,A,3737.776875,N,12225.351320,W,000.0,243.8,030820,,,A*48
$GPGGA,220049.00,3737.776828,N,12225.351476,W,7,,0.47,1.80,M,0.0,M,0.0,0000*61
$GPRMC,220049.00,A,3737.776828,N,12225.351476,W,000.0,267.3,030820,,,A*48
$GPGGA,220050.00,3737.776858,N,12225.351481,W,7,,0.52,1.80,M,0.0,M,0.0,0000*62
$GPRMC,220050.00,A,3737.776858,N,12225.351481,W,000.0,275.2,030820,,,A*4D
$GPGGA,220051.00,3737.776851,N,12225.351469,W,7,,0.56,1.80,M,0.0,M,0.0,0000*68
$GPRMC,220051.00,A,3737.776851,N,12225.351469,W,000.0,091.5,030820,,,A*4C
$GPGGA,220052.00,3737.776917,N,12225.351416,W,7,,0.53,1.80,M,0.0,M,0.0,0000*65
$GPRMC,220052.00,A,3737.776917,N,12225.351416,W,000.0,242.7,030820,,,A*4A
$GPGGA,220053.00,3737.776959,N,12225.351404,W,7,,0.52,1.80,M,0.0,M,0.0,0000*6C
$GPRMC,220053.00,A,3737.776959,N,12225.351404,W,000.0,246.7,030820,,,A*46
$GPGGA,220054.00,3737.777020,N,12225.351314,W,7,,0.49,0.80,M,0.0,M,0.0,0000*60
$GPRMC,220054.00,A,3737.777020,N,12225.351314,W,000.0,238.0,030820,,,A*4F
$GPGGA,220055.00,3737.777037,N,12225.351176,W,7,,0.46,0.80,M,0.0,M,0.0,0000*6E
$GPRMC,220055.00,A,3737.777037,N,12225.351176,W,000.1,242.9,030820,,,A*4B
$GPGGA,220056.00,3737.777014,N,12225.351044,W,7,,0.43,0.80,M,0.0,M,0.0,0000*69
$GPRMC,220056.00,A,3737.777014,N,12225.351044,W,000.0,244.2,030820,,,A*45
$GPGGA,220057.00,3737.777020,N,12225.350935,W,7,,0.40,0.80,M,0.0,M,0.0,0000*62
$GPRMC,220057.00,A,3737.777020,N,12225.350935,W,000.0,238.5,030820,,,A*41
$GPGGA,220058.00,3737.777014,N,12225.350828,W,7,,0.40,0.80,M,0.0,M,0.0,0000*67
$GPRMC,220058.00,A,3737.777014,N,12225.350828,W,000.0,238.6,030820,,,A*47
$GPGGA,220059.00,3737.777001,N,12225.350719,W,7,,0.40,0.80,M,0.0,M,0.0,0000*6F
$GPRMC,220059.00,A,3737.777001,N,12225.350719,W,000.0,241.6,030820,,,A*41
$GPGGA,220100.00,3737.777025,N,12225.350635,W,7,,0.44,0.80,M,0.0,M,0.0,0000*6F
$GPRMC,220100.00,A,3737.777025,N,12225.350635,W,000.0,242.9,030820,,,A*49
$GPGGA,220101.00,3737.777067,N,12225.350491,W,7,,0.44,0.80,M,0.0,M,0.0,0000*64
$GPRMC,220101.00,A,3737.777067,N,12225.350491,W,000.0,233.4,030820,,,A*49
$GPGGA,220102.00,3737.777080,N,12225.350366,W,7,,0.43,0.80,M,0.0,M,0.0,0000*66
$GPRMC,220102.00,A,3737.777080,N,12225.350366,W,000.0,236.5,030820,,,A*48
$GPGGA,220103.00,3737.777097,N,12225.350270,W,7,,0.43,0.80,M,0.0,M,0.0,0000*67
$GPRMC,220103.00,A,3737.777097,N,12225.350270,W,000.0,242.2,030820,,,A*4D
$GPGGA,220104.00,3737.777128,N,12225.350168,W,7,,0.43,1.80,M,0.0,M,0.0,0000*6E
$GPRMC,220104.00,A,3737.777128,N,12225.350168,W,000.0,243.6,030820,,,A*40
$GPGGA,220105.00,3737.777145,N,12225.350126,W,7,,0.46,1.80,M,0.0,M,0.0,0000*6B
$GPRMC,220105.00,A,3737.777145,N,12225.350126,W,000.0,243.5,030820,,,A*43
$GPGGA,220106.00,3737.777133,N,12225.350096,W,7,,0.46,1.80,M,0.0,M,0.0,0000*63
$GPRMC,220106.00,A,3737.777133,N,12225.350096,W,000.0,243.5,030820,,,A*4B
$GPGGA,220107.00,3737.777116,N,12225.350059,W,7,,0.46,1.80,M,0.0,M,0.0,0000*66
$GPRMC,220107.00,A,3737.777116,N,12225.350059,W,000.0,244.3,030820,,,A*4F
$GPGGA,220108.00,3737.777122,N,12225.350024,W,7,,0.48,1.80,M,0.0,M,0.0,0000*6A
$GPRMC,220108.00,A,3737.777122,N,12225.350024,W,000.0,244.4,030820,,,A*4A
$GPGGA,220109.00,3737.777097,N,12225.350029,W,7,,0.47,1.80,M,0.0,M,0.0,0000*66
$GPRMC,220109.00,A,3737.777097,N,12225.350029,W,000.0,248.4,030820,,,A*45
$GPGGA,220110.00,3737.777086,N,12225.350036,W,7,,0.44,1.80,M,0.0,M,0.0,0000*63
$GPRMC,220110.00,A,3737.777086,N,12225.350036,W,000.0,246.5,030820,,,A*4C
$GPGGA,220111.00,3737.777061,N,12225.350047,W,7,,0.44,1.80,M,0.0,M,0.0,0000*6D
$GPRMC,220111.00,A,3737.777061,N,12225.350047,W,000.0,245.3,030820,,,A*47
$GPGGA,220112.00,3737.777031,N,12225.350066,W,7,,0.48,1.80,M,0.0,M,0.0,0000*64
$GPRMC,220112.00,A,3737.777031,N,12225.350066,W,000.0,245.7,030820,,,A*46
$GPGGA,220113.00,3737.777014,N,12225.350089,W,7,,0.52,1.80,M,0.0,M,0.0,0000*68
$GPRMC,220113.00,A,3737.777014,N,12225.350089,W,000.0,246.6,030820,,,A*43
$GPGGA,220114.00,3737.776984,N,12225.350077,W,7,,0.53,1.80,M,0.0,M,0.0,0000*6E
$GPRMC,220114.00,A,3737.776984,N,12225.350077,W,000.2,244.9,030820,,,A*4B
$GPGGA,220115.00,3737.776948,N,12225.350119,W,7,,0.51,1.80,M,0.0,M,0.0,0000*64
$GPRMC,220115.00,A,3737.776948,N,12225.350119,W,000.0,256.8,030820,,,A*43
$GPGGA,220116.00,3737.776942,N,12225.350131,W,7,,0.51,1.80,M,0.0,M,0.0,0000*67
$GPRMC,220116.00,A,3737.776942,N,12225.350131,W,000.0,246.1,030820,,,A*48
$GPGGA,220117.00,3737.776936,N,12225.350161,W,7,,0.49,1.80,M,0.0,M,0.0,0000*69
$GPRMC,220117.00,A,3737.776936,N,12225.350161,W,000.0,246.3,030820,,,A*4D
$GPGGA,220118.00,3737.776906,N,12225.350191,W,7,,0.43,1.80,M,0.0,M,0.0,0000*60
$GPRMC,220118.00,A,3737.776906,N,12225.350191,W,000.0,246.5,030820,,,A*48
$GPGGA,220119.00,3737.776881,N,12225.350210,W,7,,0.40,1.80,M,0.0,M,0.0,0000*66
$GPRMC,220119.00,A,3737.776881,N,12225.350210,W,000.1,245.3,030820,,,A*49
$GPGGA,220120.00,3737.776870,N,12225.350252,W,7,,0.40,1.80,M,0.0,M,0.0,0000*64
$GPRMC,220120.00,A,3737.776870,N,12225.350252,W,000.0,254.7,030820,,,A*4E
$GPGGA,220121.00,3737.776875,N,12225.350287,W,7,,0.40,1.80,M,0.0,M,0.0,0000*68
$GPRMC,220121.00,A,3737.776875,N,12225.350287,W,000.0,246.9,030820,,,A*4F
$GPGGA,220122.00,3737.776887,N,12225.350329,W,7,,0.40,1.80,M,0.0,M,0.0,0000*63
$GPRMC,220122.00,A,3737.776887,N,12225.350329,W,000.0,249.7,030820,,,A*45
$GPGGA,220123.00,3737.776893,N,12225.350377,W,7,,0.40,1.80,M,0.0,M,0.0,0000*6C
$GPRMC,220123.00,A,3737.776893,N,12225.350377,W,000.0,246.6,030820,,,A*44
$GPGGA,220124.00,3737.776906,N,12225.350438,W,7,,0.40,0.90,M,0.0,M,0.0,0000*6A
$GPRMC,220124.00,A,3737.776906,N,12225.350438,W,000.0,247.2,030820,,,A*47
$GPGGA,220125.00,3737.776917,N,12225.350479,W,7,,0.40,0.90,M,0.0,M,0.0,0000*6E
$GPRMC,220125.00,A,3737.776917,N,12225.350479,W,000.0,246.6,030820,,,A*46
$GPGGA,220126.00,3737.776942,N,12225.350521,W,7,,0.40,0.90,M,0.0,M,0.0,0000*61
$GPRMC,220126.00,A,3737.776942,N,12225.350521,W,000.0,247.8,030820,,,A*46
$GPGGA,220127.00,3737.776959,N,12225.350545,W,7,,0.40,0.90,M,0.0,M,0.0,0000*68
$GPRMC,220127.00,A,3737.776959,N,12225.350545,W,000.0,245.2,030820,,,A*47
$GPGGA,220128.00,3737.776978,N,12225.350558,W,7,,0.40,0.90,M,0.0,M,0.0,0000*68
$GPRMC,220128.00,A,3737.776978,N,12225.350558,W,000.0,248.4,030820,,,A*4C
$GPGGA,220129.00,3737.776995,N,12225.350563,W,7,,0.40,0.90,M,0.0,M,0.0,0000*62
$GPRMC,220129.00,A,3737.776995,N,12225.350563,W,000.0,246.7,030820,,,A*4B
$GPGGA,220130.00,3737.777020,N,12225.350570,W,7,,0.40,0.90,M,0.0,M,0.0,0000*6E
$GPRMC,220130.00,A,3737.777020,N,12225.350570,W,000.0,246.1,030820,,,A*41
$GPGGA,220131.00,3737.777037,N,12225.350575,W,7,,0.40,0.90,M,0.0,M,0.0,0000*6C
$GPRMC,220131.00,A,3737.777037,N,12225.350575,W,000.0,245.3,030820,,,A*42
$GPGGA,220132.00,3737.777056,N,12225.350588,W,7,,0.40,0.90,M,0.0,M,0.0,0000*6A
$GPRMC,220132.00,A,3737.777056,N,12225.350588,W,000.0,245.9,030820,,,A*4E
$GPGGA,220133.00,3737.777067,N,12225.350612,W,7,,0.40,0.90,M,0.0,M,0.0,0000*69
$GPRMC,220133.00,A,3737.777067,N,12225.350612,W,000.0,250.4,030820,,,A*44
$GPGGA,220134.00,3737.777103,N,12225.350630,W,7,,0.40,1.50,M,0.0,M,0.0,0000*60
$GPRMC,220134.00,A,3737.777103,N,12225.350630,W,000.0,245.7,030820,,,A*47
$GPGGA,220135.00,3737.777139,N,12225.350635,W,7,,0.40,1.50,M,0.0,M,0.0,0000*6D
$GPRMC,220135.00,A,3737.777139,N,12225.350635,W,000.0,245.7,030820,,,A*4A
$GPGGA,220136.00,3737.777175,N,12225.350630,W,7,,0.40,1.50,M,0.0,M,0.0,0000*63
$GPRMC,220136.00,A,3737.777175,N,12225.350630,W,000.0,246.5,030820,,,A*45
$GPGGA,220137.00,3737.777217,N,12225.350630,W,7,,0.40,1.50,M,0.0,M,0.0,0000*65
$GPRMC,220137.00,A,3737.777217,N,12225.350630,W,000.1,245.0,030820,,,A*44
$GPGGA,220138.00,3737.777260,N,12225.350635,W,7,,0.40,1.50,M,0.0,M,0.0,0000*6F
$GPRMC,220138.00,A,3737.777260,N,12225.350635,W,000.0,247.4,030820,,,A*49
$GPGGA,220139.00,3737.777277,N,12225.350635,W,7,,0.40,1.50,M,0.0,M,0.0,0000*68
$GPRMC,220139.00,A,3737.777277,N,12225.350635,W,000.0,245.7,030820,,,A*4F
$GPGGA,220140.00,3737.777296,N,12225.350642,W,7,,0.40,1.50,M,0.0,M,0.0,0000*69
$GPRMC,220140.00,A,3737.777296,N,12225.350642,W,000.0,246.6,030820,,,A*4C
$GPGGA,220141.00,3737.777313,N,12225.350630,W,7,,0.40,1.50,M,0.0,M,0.0,0000*61
$GPRMC,220141.00,A,3737.777313,N,12225.350630,W,000.0,245.5,030820,,,A*44
$GPGGA,220142.00,3737.777325,N,12225.350623,W,7,,0.40,1.50,M,0.0,M,0.0,0000*65
$GPRMC,220142.00,A,3737.777325,N,12225.350623,W,000.0,245.3,030820,,,A*46
$GPGGA,220143.00,3737.777319,N,12225.350617,W,7,,0.40,1.50,M,0.0,M,0.0,0000*6C
$GPRMC,220143.00,A,3737.777319,N,12225.350617,W,000.0,246.0,030820,,,A*4F
$GPGGA,220144.00,3737.777325,N,12225.350617,W,7,,0.40,1.50,M,0.0,M,0.0,0000*64
$GPRMC,220144.00,A,3737.777325,N,12225.350617,W,000.0,247.2,030820,,,A*44
$GPGGA,220145.00,3737.777332,N,12225.350605,W,7,,0.40,1.50,M,0.0,M,0.0,0000*60
$GPRMC,220145.00,A,3737.777332,N,12225.350605,W,000.0,245.5,030820,,,A*45
$GPGGA,220146.00,3737.777344,N,12225.350593,W,7,,0.40,1.50,M,0.0,M,0.0,0000*6E
$GPRMC,220146.00,A,3737.777344,N,12225.350593,W,000.0,246.1,030820,,,A*4C
$GPGGA,220147.00,3737.777355,N,12225.350582,W,7,,0.40,1.50,M,0.0,M,0.0,0000*6F
$GPRMC,220147.00,A,3737.777355,N,12225.350582,W,000.0,245.4,030820,,,A*4B
$GPGGA,220148.00,3737.777361,N,12225.350563,W,7,,0.40,1.50,M,0.0,M,0.0,0000*68
$GPRMC,220148.00,A,3737.777361,N,12225.350563,W,000.0,245.2,030820,,,A*4A
$GPGGA,220149.00,3737.777355,N,12225.350551,W,7,,0.40,1.50,M,0.0,M,0.0,0000*6F
$GPRMC,220149.00,A,3737.777355,N,12225.350551,W,000.0,245.7,030820,,,A*48
$GPGGA,220150.00,3737.777355,N,12225.350563,W,7,,0.40,1.50,M,0.0,M,0.0,0000*66
$GPRMC,220150.00,A,3737.777355,N,12225.350563,W,000.0,248.8,030820,,,A*43
$GPGGA,220151.00,3737.777355,N,12225.350558,W,7,,0.40,1.50,M,0.0,M,0.0,0000*6F
$GPRMC,220151.00,A,3737.777355,N,12225.350558,W,000.0,245.1,030820,,,A*4E
$GPGGA,220152.00,3737.777350,N,12225.350558,W,7,,0.40,1.50,M,0.0,M,0.0,0000*69
$GPRMC,220152.00,A,3737.777350,N,12225.350558,W,000.0,248.1,030820,,,A*45
$GPGGA,220153.00,3737.777350,N,12225.350558,W,7,,0.40,1.50,M,0.0,M,0.0,0000*68
$GPRMC,220153.00,A,3737.777350,N,12225.350558,W,000.0,245.7,030820,,,A*4F
$GPGGA,220154.00,3737.777344,N,12225.350551,W,7,,0.40,8.80,M,0.0,M,0.0,0000*67
$GPRMC,220154.00,A,3737.777344,N,12225.350551,W,000.0,245.6,030820,,,A*45
$GPGGA,220155.00,3737.777344,N,12225.350540,W,7,,0.40,8.80,M,0.0,M,0.0,0000*66
$GPRMC,220155.00,A,3737.777344,N,12225.350540,W,000.0,246.4,030820,,,A*45
$GPGGA,220156.00,3737.777344,N,12225.350528,W,7,,0.40,8.80,M,0.0,M,0.0,0000*6B
$GPRMC,220156.00,A,3737.777344,N,12225.350528,W,000.0,245.1,030820,,,A*4E
$GPGGA,220157.00,3737.777344,N,12225.350521,W,7,,0.38,8.80,M,0.0,M,0.0,0000*6C
$GPRMC,220157.00,A,3737.777344,N,12225.350521,W,000.0,245.6,030820,,,A*41
$GPGGA,220158.00,3737.777350,N,12225.350503,W,7,,0.37,8.80,M,0.0,M,0.0,0000*69
$GPRMC,220158.00,A,3737.777350,N,12225.350503,W,000.0,245.6,030820,,,A*4B
$GPGGA,220159.00,3737.777355,N,12225.350491,W,7,,0.37,8.80,M,0.0,M,0.0,0000*67
$GPRMC,220159.00,A,3737.777355,N,12225.350491,W,000.0,246.7,030820,,,A*47
$GPGGA,220200.00,3737.777350,N,12225.350486,W,7,,0.36,8.80,M,0.0,M,0.0,0000*6A
$GPRMC,220200.00,A,3737.777350,N,12225.350486,W,000.0,245.2,030820,,,A*4D
$GPGGA,220201.00,3737.777350,N,12225.350479,W,7,,0.35,8.80,M,0.0,M,0.0,0000*68
$GPRMC,220201.00,A,3737.777350,N,12225.350479,W,000.0,245.3,030820,,,A*4D
$GPGGA,220202.00,3737.777344,N,12225.350479,W,7,,0.37,8.80,M,0.0,M,0.0,0000*6C
$GPRMC,220202.00,A,3737.777344,N,12225.350479,W,000.0,245.6,030820,,,A*4E
$GPGGA,220203.00,3737.777332,N,12225.350486,W,7,,0.36,8.80,M,0.0,M,0.0,0000*6D
$GPRMC,220203.00,A,3737.777332,N,12225.350486,W,000.0,245.8,030820,,,A*40
$GPGGA,220204.00,3737.777332,N,12225.350491,W,7,,0.35,0.80,M,0.0,M,0.0,0000*67
$GPRMC,220204.00,A,3737.777332,N,12225.350491,W,000.0,248.8,030820,,,A*4C
$GPGGA,220205.00,3737.777332,N,12225.350491,W,7,,0.35,0.80,M,0.0,M,0.0,0000*66
$GPRMC,220205.00,A,3737.777332,N,12225.350491,W,000.0,247.5,030820,,,A*4F
$GPGGA,220206.00,3737.777332,N,12225.350486,W,7,,0.36,0.80,M,0.0,M,0.0,0000*60
$GPRMC,220206.00,A,3737.777332,N,12225.350486,W,000.0,245.0,030820,,,A*4D
$GPGGA,220207.00,3737.777332,N,12225.350491,W,7,,0.36,0.80,M,0.0,M,0.0,0000*67
$GPRMC,220207.00,A,3737.777332,N,12225.350491,W,000.0,245.8,030820,,,A*42
$GPGGA,220208.00,3737.777338,N,12225.350498,W,7,,0.39,0.80,M,0.0,M,0.0,0000*64
$GPRMC,220208.00,A,3737.777338,N,12225.350498,W,000.0,246.9,030820,,,A*4C
$GPGGA,220209.00,3737.777350,N,12225.350503,W,7,,0.39,0.80,M,0.0,M,0.0,0000*68
$GPRMC,220209.00,A,3737.777350,N,12225.350503,W,000.0,246.5,030820,,,A*4C
$GPGGA,220210.00,3737.777361,N,12225.350516,W,7,,0.39,0.80,M,0.0,M,0.0,0000*66
$GPRMC,220210.00,A,3737.777361,N,12225.350516,W,000.0,245.7,030820,,,A*43
$GPGGA,220211.00,3737.777367,N,12225.350528,W,7,,0.39,0.80,M,0.0,M,0.0,0000*6C
$GPRMC,220211.00,A,3737.777367,N,12225.350528,W,000.0,246.4,030820,,,A*49
$GPGGA,220212.00,3737.777367,N,12225.350528,W,7,,0.39,0.80,M,0.0,M,0.0,0000*6F
$GPRMC,220212.00,A,3737.777367,N,12225.350528,W,000.0,248.3,030820,,,A*43
$GPGGA,220213.00,3737.777374,N,12225.350521,W,7,,0.39,0.80,M,0.0,M,0.0,0000*65
$GPRMC,220213.00,A,3737.777374,N,12225.350521,W,000.0,244.9,030820,,,A*4F
