$GPGGA,224431.00,3724.994619,N,12204.804416,W,7,,0.38,-27.76,M,0.0,M,0.0,0000*74
$GPRMC,224431.00,A,3724.994619,N,12204.804416,W,000.0,000.0,290520,,,A*40
$GPGGA,224432.00,3724.994614,N,12204.804421,W,7,,0.38,-27.73,M,0.0,M,0.0,0000*7B
$GPRMC,224432.00,A,3724.994614,N,12204.804421,W,000.0,000.0,290520,,,A*4A
$GPGGA,224433.00,3724.994602,N,12204.804427,W,7,,0.38,-27.70,M,0.0,M,0.0,0000*78
$GPRMC,224433.00,A,3724.994602,N,12204.804427,W,000.0,000.0,290520,,,A*4A
$GPGGA,224434.00,3724.994595,N,12204.804446,W,7,,0.38,-27.68,M,0.0,M,0.0,0000*7C
$GPRMC,224434.00,A,3724.994595,N,12204.804446,W,000.0,000.0,290520,,,A*47
$GPGGA,224435.00,3724.994589,N,12204.804446,W,7,,0.38,-27.66,M,0.0,M,0.0,0000*7E
$GPRMC,224435.00,A,3724.994589,N,12204.804446,W,000.0,000.0,290520,,,A*4B
$GPGGA,224436.00,3724.994583,N,12204.804446,W,7,,0.38,-27.64,M,0.0,M,0.0,0000*75
$GPRMC,224436.00,A,3724.994583,N,12204.804446,W,000.0,000.0,290520,,,A*42
$GPGGA,224437.00,3724.994578,N,12204.804439,W,7,,0.38,-27.62,M,0.0,M,0.0,0000*7E
$GPRMC,224437.00,A,3724.994578,N,12204.804439,W,000.0,000.0,290520,,,A*4F
$GPGGA,224438.00,3724.994572,N,12204.804439,W,7,,0.38,-27.61,M,0.0,M,0.0,0000*78
$GPRMC,224438.00,A,3724.994572,N,12204.804439,W,000.0,000.0,290520,,,A*4A
$GPGGA,224439.00,3724.994572,N,12204.804427,W,7,,0.38,-27.61,M,0.0,M,0.0,0000*76
$GPRMC,224439.00,A,3724.994572,N,12204.804427,W,000.0,000.0,290520,,,A*44
$GPGGA,224440.00,3724.994164,N,12204.804337,W,7,,0.38,-27.04,M,0.0,M,0.0,0000*7E
$GPRMC,224440.00,A,3724.994164,N,12204.804337,W,000.7,188.5,290520,,,A*4C
$GPGGA,224441.00,3724.994068,N,12204.804379,W,7,,0.38,-26.44,M,0.0,M,0.0,0000*7D
$GPRMC,224441.00,A,3724.994068,N,12204.804379,W,000.0,000.0,290520,,,A*49
$GPGGA,224442.00,3724.994134,N,12204.804523,W,7,,0.38,-25.99,M,0.0,M,0.0,0000*7C
$GPRMC,224442.00,A,3724.994134,N,12204.804523,W,000.0,000.0,290520,,,A*4B
$GPGGA,224443.00,3724.994181,N,12204.804637,W,7,,0.39,-26.05,M,0.0,M,0.0,0000*72
$GPRMC,224443.00,A,3724.994181,N,12204.804637,W,000.0,000.0,290520,,,A*42
$GPGGA,224444.00,3724.994248,N,12204.804734,W,7,,0.40,-25.86,M,0.0,M,0.0,0000*77
$GPRMC,224444.00,A,3724.994248,N,12204.804734,W,000.0,000.0,290520,,,A*41
$GPGGA,224445.00,3724.994337,N,12204.804853,W,7,,0.39,-25.69,M,0.0,M,0.0,0000*7E
$GPRMC,224445.00,A,3724.994337,N,12204.804853,W,000.0,000.0,290520,,,A*47
$GPGGA,224446.00,3724.994464,N,12204.804866,W,7,,0.38,-25.58,M,0.0,M,0.0,0000*79
$GPRMC,224446.00,A,3724.994464,N,12204.804866,W,000.0,000.0,290520,,,A*43
$GPGGA,224447.00,3724.994475,N,12204.804752,W,7,,0.38,-25.25,M,0.0,M,0.0,0000*7A
$GPRMC,224447.00,A,3724.994475,N,12204.804752,W,000.0,000.0,290520,,,A*4A
$GPGGA,224448.00,3724.994350,N,12204.804883,W,7,,0.38,-25.20,M,0.0,M,0.0,0000*73
$GPRMC,224448.00,A,3724.994350,N,12204.804883,W,000.0,000.0,290520,,,A*46
$GPGGA,224449.00,3724.994200,N,12204.804895,W,7,,0.38,-25.00,M,0.0,M,0.0,0000*73
$GPRMC,224449.00,A,3724.994200,N,12204.804895,W,000.0,000.0,290520,,,A*44
$GPGGA,224450.00,3724.994145,N,12204.804908,W,7,,0.38,-24.87,M,0.0,M,0.0,0000*72
$GPRMC,224450.00,A,3724.994145,N,12204.804908,W,000.0,000.0,290520,,,A*4B
$GPGGA,224451.00,3724.994200,N,12204.804920,W,7,,0.38,-24.85,M,0.0,M,0.0,0000*79
$GPRMC,224451.00,A,3724.994200,N,12204.804920,W,000.0,000.0,290520,,,A*42
$GPGGA,224452.00,3724.994206,N,12204.804883,W,7,,0.38,-24.79,M,0.0,M,0.0,0000*77
$GPRMC,224452.00,A,3724.994206,N,12204.804883,W,000.0,000.0,290520,,,A*4F
$GPGGA,224453.00,3724.994200,N,12204.804890,W,7,,0.38,-24.76,M,0.0,M,0.0,0000*7D
$GPRMC,224453.00,A,3724.994200,N,12204.804890,W,000.0,000.0,290520,,,A*4A
$GPGGA,224454.00,3724.994200,N,12204.804901,W,7,,0.38,-24.76,M,0.0,M,0.0,0000*73
$GPRMC,224454.00,A,3724.994200,N,12204.804901,W,000.0,000.0,290520,,,A*44
$GPGGA,224455.00,3724.994193,N,12204.804895,W,7,,0.38,-24.76,M,0.0,M,0.0,0000*77
$GPRMC,224455.00,A,3724.994193,N,12204.804895,W,000.0,000.0,290520,,,A*40
$GPGGA,224456.00,3724.994193,N,12204.804895,W,7,,0.38,-24.76,M,0.0,M,0.0,0000*74
$GPRMC,224456.00,A,3724.994193,N,12204.804895,W,000.0,000.0,290520,,,A*43
$GPGGA,224457.00,3724.994193,N,12204.804890,W,7,,0.38,-24.76,M,0.0,M,0.0,0000*70
$GPRMC,224457.00,A,3724.994193,N,12204.804890,W,000.0,000.0,290520,,,A*47
$GPGGA,224458.00,3724.994193,N,12204.804890,W,7,,0.38,-24.75,M,0.0,M,0.0,0000*7C
$GPRMC,224458.00,A,3724.994193,N,12204.804890,W,000.0,000.0,290520,,,A*48
$GPGGA,224459.00,3724.994193,N,12204.804883,W,7,,0.38,-24.75,M,0.0,M,0.0,0000*7F
$GPRMC,224459.00,A,3724.994193,N,12204.804883,W,000.0,000.0,290520,,,A*4B
$GPGGA,224500.00,3724.994193,N,12204.804883,W,7,,0.38,-24.75,M,0.0,M,0.0,0000*72
$GPRMC,224500.00,A,3724.994193,N,12204.804883,W,000.0,000.0,290520,,,A*46
$GPGGA,224501.00,3724.994193,N,12204.804878,W,7,,0.38,-24.75,M,0.0,M,0.0,0000*77
$GPRMC,224501.00,A,3724.994193,N,12204.804878,W,000.0,000.0,290520,,,A*43
$GPGGA,224502.00,3724.994193,N,12204.804871,W,7,,0.38,-24.74,M,0.0,M,0.0,0000*7C
$GPRMC,224502.00,A,3724.994193,N,12204.804871,W,000.0,000.0,290520,,,A*49
$GPGGA,224503.00,3724.994193,N,12204.804866,W,7,,0.38,-24.74,M,0.0,M,0.0,0000*7B
$GPRMC,224503.00,A,3724.994193,N,12204.804866,W,000.0,000.0,290520,,,A*4E
$GPGGA,224504.00,3724.994187,N,12204.804866,W,7,,0.38,-24.74,M,0.0,M,0.0,0000*79
$GPRMC,224504.00,A,3724.994187,N,12204.804866,W,000.0,000.0,290520,,,A*4C
$GPGGA,224505.00,3724.994187,N,12204.804860,W,7,,0.38,-24.73,M,0.0,M,0.0,0000*79
$GPRMC,224505.00,A,3724.994187,N,12204.804860,W,000.0,000.0,290520,,,A*4B
$GPGGA,224506.00,3724.994181,N,12204.804853,W,7,,0.38,-24.72,M,0.0,M,0.0,0000*7D
$GPRMC,224506.00,A,3724.994181,N,12204.804853,W,000.0,000.0,290520,,,A*4E
$GPGGA,224507.00,3724.994181,N,12204.804853,W,7,,0.38,-24.73,M,0.0,M,0.0,0000*7D
$GPRMC,224507.00,A,3724.994181,N,12204.804853,W,000.0,000.0,290520,,,A*4F
$GPGGA,224508.00,3724.994181,N,12204.804853,W,7,,0.38,-24.73,M,0.0,M,0.0,0000*72
$GPRMC,224508.00,A,3724.994181,N,12204.804853,W,000.0,000.0,290520,,,A*40
$GPGGA,224509.00,3724.994181,N,12204.804848,W,7,,0.38,-24.74,M,0.0,M,0.0,0000*7E
$GPRMC,224509.00,A,3724.994181,N,12204.804848,W,000.0,000.0,290520,,,A*4B
$GPGGA,224510.00,3724.994176,N,12204.804848,W,7,,0.38,-24.73,M,0.0,M,0.0,0000*79
$GPRMC,224510.00,A,3724.994176,N,12204.804848,W,000.0,000.0,290520,,,A*4B
$GPGGA,224511.00,3724.994176,N,12204.804848,W,7,,0.38,-24.74,M,0.0,M,0.0,0000*7F
$GPRMC,224511.00,A,3724.994176,N,12204.804848,W,000.0,000.0,290520,,,A*4A
$GPGGA,224512.00,3724.994170,N,12204.804848,W,7,,0.38,-24.74,M,0.0,M,0.0,0000*7A
$GPRMC,224512.00,A,3724.994170,N,12204.804848,W,000.0,000.0,290520,,,A*4F
$GPGGA,224513.00,3724.994170,N,12204.804841,W,7,,0.38,-24.74,M,0.0,M,0.0,0000*72
$GPRMC,224513.00,A,3724.994170,N,12204.804841,W,000.0,000.0,290520,,,A*47
$GPGGA,224514.00,3724.993984,N,12204.804464,W,7,,0.38,-25.09,M,0.0,M,0.0,0000*71
$GPRMC,224514.00,A,3724.993984,N,12204.804464,W,000.4,089.3,290520,,,A*49
$GPGGA,224515.00,3724.993539,N,12204.803126,W,7,,0.38,-25.62,M,0.0,M,0.0,0000*73
$GPRMC,224515.00,A,3724.993539,N,12204.803126,W,003.2,095.9,290520,,,A*44
$GPGGA,224516.00,3724.993203,N,12204.800443,W,7,,0.38,-26.18,M,0.0,M,0.0,0000*75
$GPRMC,224516.00,A,3724.993203,N,12204.800443,W,007.3,095.5,290520,,,A*45
$GPGGA,224517.00,3724.992831,N,12204.796388,W,7,,0.38,-26.71,M,0.0,M,0.0,0000*71
$GPRMC,224517.00,A,3724.992831,N,12204.796388,W,010.7,095.3,290520,,,A*4A
$GPGGA,224518.00,3724.992388,N,12204.791204,W,7,,0.38,-26.76,M,0.0,M,0.0,0000*72
$GPRMC,224518.00,A,3724.992388,N,12204.791204,W,014.0,095.5,290520,,,A*4B
$GPGGA,224519.00,3724.991895,N,12204.785569,W,7,,0.38,-26.91,M,0.0,M,0.0,0000*77
$GPRMC,224519.00,A,3724.991895,N,12204.785569,W,016.4,095.5,290520,,,A*41
$GPGGA,224520.00,3724.991715,N,12204.778814,W,7,,0.38,-27.29,M,0.0,M,0.0,0000*7D
$GPRMC,224520.00,A,3724.991715,N,12204.778814,W,018.4,095.2,290520,,,A*40
$GPGGA,224521.00,3724.991584,N,12204.771979,W,7,,0.38,-27.95,M,0.0,M,0.0,0000*72
$GPRMC,224521.00,A,3724.991584,N,12204.771979,W,019.6,094.4,290520,,,A*4C
$GPGGA,224522.00,3724.991127,N,12204.764606,W,7,,0.38,-28.78,M,0.0,M,0.0,0000*73
$GPRMC,224522.00,A,3724.991127,N,12204.764606,W,020.6,094.9,290520,,,A*46
$GPGGA,224523.00,3724.990348,N,12204.757454,W,7,,0.38,-29.29,M,0.0,M,0.0,0000*78
$GPRMC,224523.00,A,3724.990348,N,12204.757454,W,020.9,095.3,290520,,,A*4C
$GPGGA,224524.00,3724.989970,N,12204.749587,W,7,,0.38,-29.40,M,0.0,M,0.0,0000*79
$GPRMC,224524.00,A,3724.989970,N,12204.749587,W,022.2,095.3,290520,,,A*4B
$GPGGA,224525.00,3724.989783,N,12204.741512,W,7,,0.38,-28.42,M,0.0,M,0.0,0000*7D
$GPRMC,224525.00,A,3724.989783,N,12204.741512,W,022.1,095.2,290520,,,A*4E
$GPGGA,224526.00,3724.989333,N,12204.733916,W,7,,0.38,-28.77,M,0.0,M,0.0,0000*7A
$GPRMC,224526.00,A,3724.989333,N,12204.733916,W,021.4,095.4,290520,,,A*4F
$GPGGA,224527.00,3724.988884,N,12204.726751,W,7,,0.38,-28.67,M,0.0,M,0.0,0000*75
$GPRMC,224527.00,A,3724.988884,N,12204.726751,W,019.9,094.5,290520,,,A*47
$GPGGA,224528.00,3724.988440,N,12204.720512,W,7,,0.38,-29.20,M,0.0,M,0.0,0000*7F
$GPRMC,224528.00,A,3724.988440,N,12204.720512,W,018.1,094.4,290520,,,A*47
$GPGGA,224529.00,3724.988014,N,12204.714559,W,7,,0.38,-28.89,M,0.0,M,0.0,0000*71
$GPRMC,224529.00,A,3724.988014,N,12204.714559,W,015.2,094.8,290520,,,A*49
$GPGGA,224530.00,3724.987623,N,12204.709933,W,7,,0.38,-29.01,M,0.0,M,0.0,0000*79
$GPRMC,224530.00,A,3724.987623,N,12204.709933,W,012.1,096.1,290520,,,A*4F
$GPGGA,224531.00,3724.987378,N,12204.706507,W,7,,0.38,-29.34,M,0.0,M,0.0,0000*71
$GPRMC,224531.00,A,3724.987378,N,12204.706507,W,008.6,095.9,290520,,,A*46
$GPGGA,224532.00,3724.987162,N,12204.704000,W,7,,0.38,-29.33,M,0.0,M,0.0,0000*7C
$GPRMC,224532.00,A,3724.987162,N,12204.704000,W,005.9,097.3,290520,,,A*46
$GPGGA,224533.00,3724.986904,N,12204.702272,W,7,,0.38,-29.05,M,0.0,M,0.0,0000*70
$GPRMC,224533.00,A,3724.986904,N,12204.702272,W,004.6,097.9,290520,,,A*4B
$GPGGA,224534.00,3724.986628,N,12204.700640,W,7,,0.38,-28.66,M,0.0,M,0.0,0000*75
$GPRMC,224534.00,A,3724.986628,N,12204.700640,W,004.4,097.8,290520,,,A*49
$GPGGA,224535.00,3724.986400,N,12204.699109,W,7,,0.38,-28.40,M,0.0,M,0.0,0000*73
$GPRMC,224535.00,A,3724.986400,N,12204.699109,W,004.3,097.7,290520,,,A*43
$GPGGA,224536.00,3724.986099,N,12204.697627,W,7,,0.38,-28.65,M,0.0,M,0.0,0000*76
$GPRMC,224536.00,A,3724.986099,N,12204.697627,W,004.4,097.9,290520,,,A*48
$GPGGA,224537.00,3724.985829,N,12204.695965,W,7,,0.38,-28.42,M,0.0,M,0.0,0000*79
$GPRMC,224537.00,A,3724.985829,N,12204.695965,W,004.6,098.6,290520,,,A*40
$GPGGA,224538.00,3724.985655,N,12204.694759,W,7,,0.38,-28.43,M,0.0,M,0.0,0000*72
$GPRMC,224538.00,A,3724.985655,N,12204.694759,W,002.7,100.9,290520,,,A*42
$GPGGA,224539.00,3724.985530,N,12204.694172,W,7,,0.38,-28.44,M,0.0,M,0.0,0000*7B
$GPRMC,224539.00,A,3724.985530,N,12204.694172,W,000.6,102.8,290520,,,A*4C
$GPGGA,224540.00,3724.985547,N,12204.694309,W,7,,0.38,-29.00,M,0.0,M,0.0,0000*7A
$GPRMC,224540.00,A,3724.985547,N,12204.694309,W,000.0,000.0,290520,,,A*41
$GPGGA,224541.00,3724.985613,N,12204.694483,W,7,,0.38,-29.57,M,0.0,M,0.0,0000*7E
$GPRMC,224541.00,A,3724.985613,N,12204.694483,W,000.0,000.0,290520,,,A*47
$GPGGA,224542.00,3724.985613,N,12204.694471,W,7,,0.38,-29.56,M,0.0,M,0.0,0000*71
$GPRMC,224542.00,A,3724.985613,N,12204.694471,W,000.3,102.9,290520,,,A*40
$GPGGA,224543.00,3724.985541,N,12204.694244,W,7,,0.38,-29.65,M,0.0,M,0.0,0000*74
$GPRMC,224543.00,A,3724.985541,N,12204.694244,W,001.2,103.2,290520,,,A*4F
$GPGGA,224544.00,3724.985031,N,12204.693140,W,7,,0.38,-29.43,M,0.0,M,0.0,0000*75
$GPRMC,224544.00,A,3724.985031,N,12204.693140,W,005.0,106.8,290520,,,A*43
$GPGGA,224545.00,3724.983495,N,12204.691532,W,7,,0.38,-29.42,M,0.0,M,0.0,0000*7A
$GPRMC,224545.00,A,3724.983495,N,12204.691532,W,008.3,133.8,290520,,,A*45
$GPGGA,224546.00,3724.980795,N,12204.690349,W,7,,0.38,-29.73,M,0.0,M,0.0,0000*70
$GPRMC,224546.00,A,3724.980795,N,12204.690349,W,011.6,159.1,290520,,,A*45
$GPGGA,224547.00,3724.977070,N,12204.689395,W,7,,0.38,-29.67,M,0.0,M,0.0,0000*79
$GPRMC,224547.00,A,3724.977070,N,12204.689395,W,014.7,168.4,290520,,,A*4A
$GPGGA,224548.00,3724.972762,N,12204.689060,W,7,,0.38,-29.59,M,0.0,M,0.0,0000*73
$GPRMC,224548.00,A,3724.972762,N,12204.689060,W,016.0,176.0,290520,,,A*43
$GPGGA,224549.00,3724.968579,N,12204.688946,W,7,,0.38,-29.38,M,0.0,M,0.0,0000*7A
$GPRMC,224549.00,A,3724.968579,N,12204.688946,W,016.0,178.6,290520,,,A*45
$GPGGA,224550.00,3724.964002,N,12204.689071,W,7,,0.38,-29.26,M,0.0,M,0.0,0000*74
$GPRMC,224550.00,A,3724.964002,N,12204.689071,W,016.4,180.8,290520,,,A*49
$GPGGA,224551.00,3724.959802,N,12204.689281,W,7,,0.38,-29.07,M,0.0,M,0.0,0000*7D
$GPRMC,224551.00,A,3724.959802,N,12204.689281,W,014.7,181.5,290520,,,A*4E
$GPGGA,224552.00,3724.956274,N,12204.689492,W,7,,0.38,-29.02,M,0.0,M,0.0,0000*7B
$GPRMC,224552.00,A,3724.956274,N,12204.689492,W,012.0,182.8,290520,,,A*42
$GPGGA,224553.00,3724.953363,N,12204.689689,W,7,,0.38,-28.93,M,0.0,M,0.0,0000*79
$GPRMC,224553.00,A,3724.953363,N,12204.689689,W,009.3,183.2,290520,,,A*4B
$GPGGA,224554.00,3724.951234,N,12204.689797,W,7,,0.38,-28.80,M,0.0,M,0.0,0000*73
$GPRMC,224554.00,A,3724.951234,N,12204.689797,W,006.7,183.6,290520,,,A*4C
$GPGGA,224555.00,3724.949842,N,12204.689827,W,7,,0.38,-28.70,M,0.0,M,0.0,0000*7B
$GPRMC,224555.00,A,3724.949842,N,12204.689827,W,004.1,183.5,290520,,,A*4C
$GPGGA,224556.00,3724.948983,N,12204.689840,W,7,,0.38,-28.63,M,0.0,M,0.0,0000*76
$GPRMC,224556.00,A,3724.948983,N,12204.689840,W,002.4,183.3,290520,,,A*46
$GPGGA,224557.00,3724.948534,N,12204.689845,W,7,,0.38,-28.54,M,0.0,M,0.0,0000*76
$GPRMC,224557.00,A,3724.948534,N,12204.689845,W,001.1,183.2,290520,,,A*45
$GPGGA,224558.00,3724.948401,N,12204.689857,W,7,,0.38,-28.55,M,0.0,M,0.0,0000*7C
$GPRMC,224558.00,A,3724.948401,N,12204.689857,W,000.0,000.0,290520,,,A*46
$GPGGA,224559.00,3724.948413,N,12204.689887,W,7,,0.38,-28.57,M,0.0,M,0.0,0000*71
$GPRMC,224559.00,A,3724.948413,N,12204.689887,W,000.0,000.0,290520,,,A*49
$GPGGA,224600.00,3724.948437,N,12204.689852,W,7,,0.38,-28.53,M,0.0,M,0.0,0000*74
$GPRMC,224600.00,A,3724.948437,N,12204.689852,W,000.0,000.0,290520,,,A*48
$GPGGA,224601.00,3724.948437,N,12204.689852,W,7,,0.38,-28.52,M,0.0,M,0.0,0000*74
$GPRMC,224601.00,A,3724.948437,N,12204.689852,W,000.0,000.0,290520,,,A*49
$GPGGA,224602.00,3724.948432,N,12204.689857,W,7,,0.38,-28.53,M,0.0,M,0.0,0000*76
$GPRMC,224602.00,A,3724.948432,N,12204.689857,W,000.0,000.0,290520,,,A*4A
$GPGGA,224603.00,3724.948437,N,12204.689852,W,7,,0.38,-28.53,M,0.0,M,0.0,0000*77
$GPRMC,224603.00,A,3724.948437,N,12204.689852,W,000.0,000.0,290520,,,A*4B
$GPGGA,224604.00,3724.948432,N,12204.689852,W,7,,0.38,-28.53,M,0.0,M,0.0,0000*75
$GPRMC,224604.00,A,3724.948432,N,12204.689852,W,000.0,000.0,290520,,,A*49
$GPGGA,224605.00,3724.948437,N,12204.689852,W,7,,0.38,-28.53,M,0.0,M,0.0,0000*71
$GPRMC,224605.00,A,3724.948437,N,12204.689852,W,000.0,000.0,290520,,,A*4D
$GPGGA,224606.00,3724.948437,N,12204.689852,W,7,,0.38,-28.53,M,0.0,M,0.0,0000*72
$GPRMC,224606.00,A,3724.948437,N,12204.689852,W,000.0,000.0,290520,,,A*4E
$GPGGA,224607.00,3724.948437,N,12204.689852,W,7,,0.38,-28.53,M,0.0,M,0.0,0000*73
$GPRMC,224607.00,A,3724.948437,N,12204.689852,W,000.0,000.0,290520,,,A*4F
$GPGGA,224608.00,3724.948437,N,12204.689852,W,7,,0.38,-28.53,M,0.0,M,0.0,0000*7C
$GPRMC,224608.00,A,3724.948437,N,12204.689852,W,000.0,000.0,290520,,,A*40
$GPGGA,224609.00,3724.948437,N,12204.689852,W,7,,0.38,-28.52,M,0.0,M,0.0,0000*7C
$GPRMC,224609.00,A,3724.948437,N,12204.689852,W,000.0,000.0,290520,,,A*41
$GPGGA,224610.00,3724.948437,N,12204.689852,W,7,,0.38,-28.53,M,0.0,M,0.0,0000*75
$GPRMC,224610.00,A,3724.948437,N,12204.689852,W,000.0,000.0,290520,,,A*49
$GPGGA,224611.00,3724.948437,N,12204.689852,W,7,,0.38,-28.53,M,0.0,M,0.0,0000*74
$GPRMC,224611.00,A,3724.948437,N,12204.689852,W,000.0,000.0,290520,,,A*48
$GPGGA,224612.00,3724.948437,N,12204.689852,W,7,,0.38,-28.52,M,0.0,M,0.0,0000*76
$GPRMC,224612.00,A,3724.948437,N,12204.689852,W,000.0,000.0,290520,,,A*4B
$GPGGA,224613.00,3724.948437,N,12204.689857,W,7,,0.38,-28.53,M,0.0,M,0.0,0000*73
$GPRMC,224613.00,A,3724.948437,N,12204.689857,W,000.0,000.0,290520,,,A*4F
$GPGGA,224614.00,3724.948437,N,12204.689852,W,7,,0.38,-28.53,M,0.0,M,0.0,0000*71
$GPRMC,224614.00,A,3724.948437,N,12204.689852,W,000.0,000.0,290520,,,A*4D
$GPGGA,224615.00,3724.948437,N,12204.689852,W,7,,0.38,-28.53,M,0.0,M,0.0,0000*70
$GPRMC,224615.00,A,3724.948437,N,12204.689852,W,000.0,000.0,290520,,,A*4C
$GPGGA,224616.00,3724.948437,N,12204.689852,W,7,,0.38,-28.53,M,0.0,M,0.0,0000*73
$GPRMC,224616.00,A,3724.948437,N,12204.689852,W,000.0,000.0,290520,,,A*4F
$GPGGA,224617.00,3724.948437,N,12204.689857,W,7,,0.38,-28.53,M,0.0,M,0.0,0000*77
$GPRMC,224617.00,A,3724.948437,N,12204.689857,W,000.0,000.0,290520,,,A*4B
$GPGGA,224618.00,3724.948437,N,12204.689852,W,7,,0.38,-28.53,M,0.0,M,0.0,0000*7D
$GPRMC,224618.00,A,3724.948437,N,12204.689852,W,000.0,000.0,290520,,,A*41
$GPGGA,224619.00,3724.948437,N,12204.689857,W,7,,0.38,-28.53,M,0.0,M,0.0,0000*79
$GPRMC,224619.00,A,3724.948437,N,12204.689857,W,000.0,000.0,290520,,,A*45
$GPGGA,224620.00,3724.948437,N,12204.689852,W,7,,0.38,-28.53,M,0.0,M,0.0,0000*76
$GPRMC,224620.00,A,3724.948437,N,12204.689852,W,000.0,000.0,290520,,,A*4A
$GPGGA,224621.00,3724.948437,N,12204.689852,W,7,,0.38,-28.53,M,0.0,M,0.0,0000*77
$GPRMC,224621.00,A,3724.948437,N,12204.689852,W,000.0,000.0,290520,,,A*4B
$GPGGA,224622.00,3724.948437,N,12204.689857,W,7,,0.38,-28.53,M,0.0,M,0.0,0000*71
$GPRMC,224622.00,A,3724.948437,N,12204.689857,W,000.0,000.0,290520,,,A*4D
$GPGGA,224623.00,3724.948437,N,12204.689857,W,7,,0.38,-28.53,M,0.0,M,0.0,0000*70
$GPRMC,224623.00,A,3724.948437,N,12204.689857,W,000.0,000.0,290520,,,A*4C
$GPGGA,224624.00,3724.948437,N,12204.689852,W,7,,0.38,-28.53,M,0.0,M,0.0,0000*72
$GPRMC,224624.00,A,3724.948437,N,12204.689852,W,000.0,000.0,290520,,,A*4E
$GPGGA,224625.00,3724.948437,N,12204.689852,W,7,,0.38,-28.53,M,0.0,M,0.0,0000*73
$GPRMC,224625.00,A,3724.948437,N,12204.689852,W,000.0,000.0,290520,,,A*4F
$GPGGA,224626.00,3724.948437,N,12204.689852,W,7,,0.38,-28.53,M,0.0,M,0.0,0000*70
$GPRMC,224626.00,A,3724.948437,N,12204.689852,W,000.0,000.0,290520,,,A*4C
$GPGGA,224627.00,3724.948437,N,12204.689857,W,7,,0.38,-28.53,M,0.0,M,0.0,0000*74
$GPRMC,224627.00,A,3724.948437,N,12204.689857,W,000.0,000.0,290520,,,A*48
$GPGGA,224628.00,3724.948437,N,12204.689852,W,7,,0.38,-28.52,M,0.0,M,0.0,0000*7F
$GPRMC,224628.00,A,3724.948437,N,12204.689852,W,000.0,000.0,290520,,,A*42
$GPGGA,224629.00,3724.948437,N,12204.689852,W,7,,0.38,-28.53,M,0.0,M,0.0,0000*7F
$GPRMC,224629.00,A,3724.948437,N,12204.689852,W,000.0,000.0,290520,,,A*43
$GPGGA,224630.00,3724.948437,N,12204.689852,W,7,,0.38,-28.53,M,0.0,M,0.0,0000*77
$GPRMC,224630.00,A,3724.948437,N,12204.689852,W,000.0,000.0,290520,,,A*4B
$GPGGA,224631.00,3724.948432,N,12204.689852,W,7,,0.38,-28.53,M,0.0,M,0.0,0000*73
$GPRMC,224631.00,A,3724.948432,N,12204.689852,W,000.0,000.0,290520,,,A*4F
$GPGGA,224632.00,3724.948437,N,12204.689857,W,7,,0.38,-28.53,M,0.0,M,0.0,0000*70
$GPRMC,224632.00,A,3724.948437,N,12204.689857,W,000.0,000.0,290520,,,A*4C
$GPGGA,224633.00,3724.948437,N,12204.689852,W,7,,0.38,-28.53,M,0.0,M,0.0,0000*74
$GPRMC,224633.00,A,3724.948437,N,12204.689852,W,000.0,000.0,290520,,,A*48
$GPGGA,224634.00,3724.948479,N,12204.689761,W,7,,0.38,-28.28,M,0.0,M,0.0,0000*7A
$GPRMC,224634.00,A,3724.948479,N,12204.689761,W,001.6,183.5,290520,,,A*42
$GPGGA,224635.00,3724.947165,N,12204.689785,W,7,,0.38,-28.38,M,0.0,M,0.0,0000*77
$GPRMC,224635.00,A,3724.947165,N,12204.689785,W,006.5,182.4,290520,,,A*4A
$GPGGA,224636.00,3724.944622,N,12204.689815,W,7,,0.38,-28.40,M,0.0,M,0.0,0000*7A
$GPRMC,224636.00,A,3724.944622,N,12204.689815,W,010.9,180.9,290520,,,A*4C
$GPGGA,224637.00,3724.941010,N,12204.689857,W,7,,0.38,-28.52,M,0.0,M,0.0,0000*7C
$GPRMC,224637.00,A,3724.941010,N,12204.689857,W,014.4,180.3,290520,,,A*4A
$GPGGA,224638.00,3724.936684,N,12204.689936,W,7,,0.38,-28.63,M,0.0,M,0.0,0000*7C
$GPRMC,224638.00,A,3724.936684,N,12204.689936,W,016.4,180.8,290520,,,A*41
$GPGGA,224639.00,3724.931871,N,12204.689996,W,7,,0.38,-28.66,M,0.0,M,0.0,0000*71
$GPRMC,224639.00,A,3724.931871,N,12204.689996,W,017.9,180.3,290520,,,A*4E
$GPGGA,224640.00,3724.926868,N,12204.690038,W,7,,0.38,-28.57,M,0.0,M,0.0,0000*76
$GPRMC,224640.00,A,3724.926868,N,12204.690038,W,019.1,180.7,290520,,,A*49
$GPGGA,224641.00,3724.921185,N,12204.690085,W,7,,0.38,-28.44,M,0.0,M,0.0,0000*7E
$GPRMC,224641.00,A,3724.921185,N,12204.690085,W,020.3,180.8,290520,,,A*44
$GPGGA,224642.00,3724.915395,N,12204.690115,W,7,,0.38,-28.32,M,0.0,M,0.0,0000*70
$GPRMC,224642.00,A,3724.915395,N,12204.690115,W,020.9,180.6,290520,,,A*4F
$GPGGA,224643.00,3724.909401,N,12204.690140,W,7,,0.38,-28.20,M,0.0,M,0.0,0000*75
$GPRMC,224643.00,A,3724.909401,N,12204.690140,W,021.8,180.3,290520,,,A*4C
$GPGGA,224644.00,3724.903137,N,12204.690259,W,7,,0.38,-28.33,M,0.0,M,0.0,0000*71
$GPRMC,224644.00,A,3724.903137,N,12204.690259,W,021.9,180.1,290520,,,A*49
$GPGGA,224645.00,3724.897162,N,12204.690205,W,7,,0.38,-28.25,M,0.0,M,0.0,0000*72
$GPRMC,224645.00,A,3724.897162,N,12204.690205,W,022.1,179.5,290520,,,A*44
$GPGGA,224646.00,3724.890879,N,12204.690157,W,7,,0.38,-28.14,M,0.0,M,0.0,0000*73
$GPRMC,224646.00,A,3724.890879,N,12204.690157,W,022.8,179.6,290520,,,A*4D
$GPGGA,224647.00,3724.884544,N,12204.690103,W,7,,0.38,-27.62,M,0.0,M,0.0,0000*7B
$GPRMC,224647.00,A,3724.884544,N,12204.690103,W,022.8,179.5,290520,,,A*48
$GPGGA,224648.00,3724.878496,N,12204.690073,W,7,,0.38,-27.61,M,0.0,M,0.0,0000*7C
$GPRMC,224648.00,A,3724.878496,N,12204.690073,W,021.8,179.4,290520,,,A*4E
$GPGGA,224649.00,3724.872610,N,12204.690031,W,7,,0.38,-27.44,M,0.0,M,0.0,0000*7A
$GPRMC,224649.00,A,3724.872610,N,12204.690031,W,019.7,179.4,290520,,,A*4B
$GPGGA,224650.00,3724.867521,N,12204.689941,W,7,,0.38,-27.41,M,0.0,M,0.0,0000*74
$GPRMC,224650.00,A,3724.867521,N,12204.689941,W,017.3,179.4,290520,,,A*4A
$GPGGA,224651.00,3724.863033,N,12204.689894,W,7,,0.38,-27.24,M,0.0,M,0.0,0000*7D
$GPRMC,224651.00,A,3724.863033,N,12204.689894,W,014.9,178.9,290520,,,A*45
$GPGGA,224652.00,3724.859397,N,12204.690110,W,7,,0.38,-27.23,M,0.0,M,0.0,0000*70
$GPRMC,224652.00,A,3724.859397,N,12204.690110,W,011.9,183.6,290520,,,A*41
$GPGGA,224653.00,3724.856289,N,12204.690637,W,7,,0.38,-27.25,M,0.0,M,0.0,0000*74
$GPRMC,224653.00,A,3724.856289,N,12204.690637,W,010.8,189.5,290520,,,A*4A
$GPGGA,224654.00,3724.853415,N,12204.691214,W,7,,0.38,-26.90,M,0.0,M,0.0,0000*7E
$GPRMC,224654.00,A,3724.853415,N,12204.691214,W,010.3,190.0,290520,,,A*49
$GPGGA,224655.00,3724.850614,N,12204.691567,W,7,,0.38,-26.75,M,0.0,M,0.0,0000*77
$GPRMC,224655.00,A,3724.850614,N,12204.691567,W,009.8,187.6,290520,,,A*48
$GPGGA,224656.00,3724.848238,N,12204.691778,W,7,,0.38,-26.53,M,0.0,M,0.0,0000*7F
$GPRMC,224656.00,A,3724.848238,N,12204.691778,W,008.1,183.7,290520,,,A*49
$GPGGA,224657.00,3724.846299,N,12204.691832,W,7,,0.38,-26.43,M,0.0,M,0.0,0000*7B
$GPRMC,224657.00,A,3724.846299,N,12204.691832,W,005.5,181.8,290520,,,A*48
$GPGGA,224658.00,3724.845525,N,12204.691850,W,7,,0.38,-26.47,M,0.0,M,0.0,0000*77
$GPRMC,224658.00,A,3724.845525,N,12204.691850,W,000.9,181.5,290520,,,A*44
$GPGGA,224659.00,3724.845411,N,12204.691850,W,7,,0.38,-26.40,M,0.0,M,0.0,0000*77
$GPRMC,224659.00,A,3724.845411,N,12204.691850,W,000.0,000.0,290520,,,A*47
$GPGGA,224700.00,3724.845411,N,12204.691855,W,7,,0.38,-26.43,M,0.0,M,0.0,0000*7C
$GPRMC,224700.00,A,3724.845411,N,12204.691855,W,000.0,000.0,290520,,,A*4F
$GPGGA,224701.00,3724.845417,N,12204.691855,W,7,,0.38,-26.42,M,0.0,M,0.0,0000*7A
$GPRMC,224701.00,A,3724.845417,N,12204.691855,W,000.0,000.0,290520,,,A*48
$GPGGA,224702.00,3724.845417,N,12204.691855,W,7,,0.38,-26.42,M,0.0,M,0.0,0000*79
$GPRMC,224702.00,A,3724.845417,N,12204.691855,W,000.0,000.0,290520,,,A*4B
$GPGGA,224703.00,3724.845417,N,12204.691855,W,7,,0.38,-26.42,M,0.0,M,0.0,0000*78
$GPRMC,224703.00,A,3724.845417,N,12204.691855,W,000.0,000.0,290520,,,A*4A
$GPGGA,224704.00,3724.845417,N,12204.691855,W,7,,0.38,-26.42,M,0.0,M,0.0,0000*7F
$GPRMC,224704.00,A,3724.845417,N,12204.691855,W,000.0,000.0,290520,,,A*4D
$GPGGA,224705.00,3724.845334,N,12204.691760,W,7,,0.38,-26.16,M,0.0,M,0.0,0000*70
$GPRMC,224705.00,A,3724.845334,N,12204.691760,W,000.0,000.0,290520,,,A*43
$GPGGA,224706.00,3724.845303,N,12204.691723,W,7,,0.38,-26.12,M,0.0,M,0.0,0000*74
$GPRMC,224706.00,A,3724.845303,N,12204.691723,W,000.0,000.0,290520,,,A*43
$GPGGA,224707.00,3724.845303,N,12204.691718,W,7,,0.38,-26.12,M,0.0,M,0.0,0000*7D
$GPRMC,224707.00,A,3724.845303,N,12204.691718,W,000.0,000.0,290520,,,A*4A
$GPGGA,224708.00,3724.845303,N,12204.691718,W,7,,0.38,-26.11,M,0.0,M,0.0,0000*71
$GPRMC,224708.00,A,3724.845303,N,12204.691718,W,000.0,000.0,290520,,,A*45
$GPGGA,224709.00,3724.845298,N,12204.691718,W,7,,0.38,-26.11,M,0.0,M,0.0,0000*73
$GPRMC,224709.00,A,3724.845298,N,12204.691718,W,000.0,000.0,290520,,,A*47
$GPGGA,224710.00,3724.845070,N,12204.691627,W,7,,0.38,-25.90,M,0.0,M,0.0,0000*78
$GPRMC,224710.00,A,3724.845070,N,12204.691627,W,001.1,181.2,290520,,,A*4C
$GPGGA,224711.00,3724.844289,N,12204.691609,W,7,,0.38,-25.85,M,0.0,M,0.0,0000*74
$GPRMC,224711.00,A,3724.844289,N,12204.691609,W,004.0,180.9,290520,,,A*4A
$GPGGA,224712.00,3724.842670,N,12204.691669,W,7,,0.38,-25.77,M,0.0,M,0.0,0000*78
$GPRMC,224712.00,A,3724.842670,N,12204.691669,W,007.4,180.9,290520,,,A*4C
$GPGGA,224713.00,3724.840120,N,12204.691669,W,7,,0.38,-25.54,M,0.0,M,0.0,0000*78
$GPRMC,224713.00,A,3724.840120,N,12204.691669,W,010.0,180.9,290520,,,A*4F
$GPGGA,224714.00,3724.836957,N,12204.691718,W,7,,0.38,-25.41,M,0.0,M,0.0,0000*75
$GPRMC,224714.00,A,3724.836957,N,12204.691718,W,012.3,181.1,290520,,,A*4E
$GPGGA,224715.00,3724.833129,N,12204.691837,W,7,,0.38,-25.35,M,0.0,M,0.0,0000*71
$GPRMC,224715.00,A,3724.833129,N,12204.691837,W,014.8,181.8,290520,,,A*4D
$GPGGA,224716.00,3724.828347,N,12204.691994,W,7,,0.38,-25.43,M,0.0,M,0.0,0000*7B
$GPRMC,224716.00,A,3724.828347,N,12204.691994,W,017.3,181.1,290520,,,A*47
$GPGGA,224717.00,3724.823265,N,12204.692006,W,7,,0.38,-25.09,M,0.0,M,0.0,0000*7F
$GPRMC,224717.00,A,3724.823265,N,12204.692006,W,019.3,180.4,290520,,,A*47
$GPGGA,224718.00,3724.817577,N,12204.692036,W,7,,0.38,-24.77,M,0.0,M,0.0,0000*78
$GPRMC,224718.00,A,3724.817577,N,12204.692036,W,021.0,180.9,290520,,,A*4D
$GPGGA,224719.00,3724.811398,N,12204.692108,W,7,,0.38,-24.48,M,0.0,M,0.0,0000*78
$GPRMC,224719.00,A,3724.811398,N,12204.692108,W,022.9,180.6,290520,,,A*44
$GPGGA,224720.00,3724.804965,N,12204.692197,W,7,,0.38,-23.96,M,0.0,M,0.0,0000*7C
$GPRMC,224720.00,A,3724.804965,N,12204.692197,W,024.3,180.5,290520,,,A*4B
$GPGGA,224721.00,3724.797843,N,12204.692311,W,7,,0.38,-23.30,M,0.0,M,0.0,0000*7D
$GPRMC,224721.00,A,3724.797843,N,12204.692311,W,025.3,180.6,290520,,,A*44
$GPGGA,224722.00,3724.790644,N,12204.692371,W,7,,0.38,-22.56,M,0.0,M,0.0,0000*77
$GPRMC,224722.00,A,3724.790644,N,12204.692371,W,026.5,180.3,290520,,,A*4F
$GPGGA,224723.00,3724.783312,N,12204.692371,W,7,,0.38,-21.59,M,0.0,M,0.0,0000*7E
$GPRMC,224723.00,A,3724.783312,N,12204.692371,W,027.5,180.1,290520,,,A*49
$GPGGA,224724.00,3724.775343,N,12204.692282,W,7,,0.38,-20.44,M,0.0,M,0.0,0000*74
$GPRMC,224724.00,A,3724.775343,N,12204.692282,W,028.4,180.1,290520,,,A*40
$GPGGA,224725.00,3724.767315,N,12204.692257,W,7,,0.38,-19.50,M,0.0,M,0.0,0000*72
$GPRMC,224725.00,A,3724.767315,N,12204.692257,W,029.1,179.2,290520,,,A*48
$GPGGA,224726.00,3724.759071,N,12204.692143,W,7,,0.38,-18.39,M,0.0,M,0.0,0000*75
$GPRMC,224726.00,A,3724.759071,N,12204.692143,W,030.0,179.4,290520,,,A*4E
$GPGGA,224727.00,3724.750660,N,12204.692125,W,7,,0.38,-17.39,M,0.0,M,0.0,0000*74
$GPRMC,224727.00,A,3724.750660,N,12204.692125,W,030.4,179.6,290520,,,A*46
$GPGGA,224728.00,3724.742560,N,12204.692113,W,7,,0.38,-16.57,M,0.0,M,0.0,0000*77
$GPRMC,224728.00,A,3724.742560,N,12204.692113,W,030.1,180.0,290520,,,A*49
$GPGGA,224729.00,3724.734009,N,12204.692143,W,7,,0.38,-15.89,M,0.0,M,0.0,0000*78
$GPRMC,224729.00,A,3724.734009,N,12204.692143,W,029.8,180.0,290520,,,A*47
$GPGGA,224730.00,3724.725759,N,12204.692167,W,7,,0.38,-15.37,M,0.0,M,0.0,0000*71
$GPRMC,224730.00,A,3724.725759,N,12204.692167,W,029.3,180.1,290520,,,A*41
$GPGGA,224731.00,3724.717756,N,12204.692192,W,7,,0.38,-15.15,M,0.0,M,0.0,0000*74
$GPRMC,224731.00,A,3724.717756,N,12204.692192,W,028.7,180.0,290520,,,A*40
$GPGGA,224732.00,3724.709938,N,12204.692282,W,7,,0.38,-14.90,M,0.0,M,0.0,0000*70
$GPRMC,224732.00,A,3724.709938,N,12204.692282,W,028.0,180.3,290520,,,A*4C
$GPGGA,224733.00,3724.702185,N,12204.692408,W,7,,0.38,-14.92,M,0.0,M,0.0,0000*72
$GPRMC,224733.00,A,3724.702185,N,12204.692408,W,027.2,180.9,290520,,,A*4B
$GPGGA,224734.00,3724.694823,N,12204.692552,W,7,,0.38,-15.12,M,0.0,M,0.0,0000*79
$GPRMC,224734.00,A,3724.694823,N,12204.692552,W,026.0,181.0,290520,,,A*42
$GPGGA,224735.00,3724.687863,N,12204.692798,W,7,,0.38,-15.37,M,0.0,M,0.0,0000*7D
$GPRMC,224735.00,A,3724.687863,N,12204.692798,W,024.6,181.5,290520,,,A*40
$GPGGA,224736.00,3724.681611,N,12204.693331,W,7,,0.38,-15.70,M,0.0,M,0.0,0000*76
$GPRMC,224736.00,A,3724.681611,N,12204.693331,W,022.5,184.8,290520,,,A*45
$GPGGA,224737.00,3724.675413,N,12204.694597,W,7,,0.38,-16.14,M,0.0,M,0.0,0000*70
$GPRMC,224737.00,A,3724.675413,N,12204.694597,W,021.3,191.2,290520,,,A*49
$GPGGA,224738.00,3724.669977,N,12204.696848,W,7,,0.38,-16.76,M,0.0,M,0.0,0000*74
$GPRMC,224738.00,A,3724.669977,N,12204.696848,W,020.2,202.1,290520,,,A*43
$GPGGA,224739.00,3724.665309,N,12204.700280,W,7,,0.38,-17.57,M,0.0,M,0.0,0000*78
$GPRMC,224739.00,A,3724.665309,N,12204.700280,W,019.6,214.9,290520,,,A*4C
$GPGGA,224740.00,3724.661325,N,12204.705139,W,7,,0.38,-18.42,M,0.0,M,0.0,0000*73
$GPRMC,224740.00,A,3724.661325,N,12204.705139,W,020.1,229.7,290520,,,A*41
$GPGGA,224741.00,3724.658656,N,12204.711194,W,7,,0.38,-19.54,M,0.0,M,0.0,0000*7D
$GPRMC,224741.00,A,3724.658656,N,12204.711194,W,020.0,247.1,290520,,,A*46
$GPGGA,224742.00,3724.657569,N,12204.718105,W,7,,0.38,-20.61,M,0.0,M,0.0,0000*73
$GPRMC,224742.00,A,3724.657569,N,12204.718105,W,020.6,265.2,290520,,,A*41
$GPGGA,224743.00,3724.658349,N,12204.725342,W,7,,0.38,-21.68,M,0.0,M,0.0,0000*7E
$GPRMC,224743.00,A,3724.658349,N,12204.725342,W,021.9,284.0,290520,,,A*47
$GPGGA,224744.00,3724.660887,N,12204.732229,W,7,,0.38,-22.32,M,0.0,M,0.0,0000*7D
$GPRMC,224744.00,A,3724.660887,N,12204.732229,W,022.3,302.4,290520,,,A*4A
$GPGGA,224745.00,3724.665087,N,12204.738229,W,7,,0.38,-23.03,M,0.0,M,0.0,0000*78
$GPRMC,224745.00,A,3724.665087,N,12204.738229,W,022.6,317.0,290520,,,A*49
$GPGGA,224746.00,3724.670205,N,12204.742627,W,7,,0.38,-23.45,M,0.0,M,0.0,0000*72
$GPRMC,224746.00,A,3724.670205,N,12204.742627,W,022.6,329.7,290520,,,A*4B
$GPGGA,224747.00,3724.676067,N,12204.745364,W,7,,0.38,-23.71,M,0.0,M,0.0,0000*71
$GPRMC,224747.00,A,3724.676067,N,12204.745364,W,022.4,343.5,290520,,,A*43
$GPGGA,224748.00,3724.682169,N,12204.746468,W,7,,0.38,-23.93,M,0.0,M,0.0,0000*7E
$GPRMC,224748.00,A,3724.682169,N,12204.746468,W,022.3,356.3,290520,,,A*45
$GPGGA,224749.00,3724.688086,N,12204.745669,W,7,,0.38,-24.15,M,0.0,M,0.0,0000*7C
$GPRMC,224749.00,A,3724.688086,N,12204.745669,W,021.7,012.0,290520,,,A*49
$GPGGA,224750.00,3724.693564,N,12204.742604,W,7,,0.38,-24.31,M,0.0,M,0.0,0000*7D
$GPRMC,224750.00,A,3724.693564,N,12204.742604,W,021.7,029.1,290520,,,A*47
$GPGGA,224751.00,3724.698171,N,12204.737678,W,7,,0.38,-24.44,M,0.0,M,0.0,0000*7C
$GPRMC,224751.00,A,3724.698171,N,12204.737678,W,022.6,044.9,290520,,,A*45
$GPGGA,224752.00,3724.701711,N,12204.731186,W,7,,0.38,-24.28,M,0.0,M,0.0,0000*74
$GPRMC,224752.00,A,3724.701711,N,12204.731186,W,024.1,061.3,290520,,,A*4B
$GPGGA,224753.00,3724.703860,N,12204.722761,W,7,,0.38,-24.29,M,0.0,M,0.0,0000*72
$GPRMC,224753.00,A,3724.703860,N,12204.722761,W,025.0,077.9,290520,,,A*41
$GPGGA,224754.00,3724.704093,N,12204.714199,W,7,,0.38,-24.27,M,0.0,M,0.0,0000*7C
$GPRMC,224754.00,A,3724.704093,N,12204.714199,W,025.0,094.5,290520,,,A*40
$GPGGA,224755.00,3724.702491,N,12204.705824,W,7,,0.38,-24.26,M,0.0,M,0.0,0000*73
$GPRMC,224755.00,A,3724.702491,N,12204.705824,W,025.0,109.2,290520,,,A*4C
$GPGGA,224756.00,3724.699599,N,12204.697418,W,7,,0.38,-24.29,M,0.0,M,0.0,0000*7C
$GPRMC,224756.00,A,3724.699599,N,12204.697418,W,025.9,116.3,290520,,,A*4A
$GPGGA,224757.00,3724.696359,N,12204.689353,W,7,,0.39,-24.39,M,0.0,M,0.0,0000*7F
$GPRMC,224757.00,A,3724.696359,N,12204.689353,W,026.7,117.0,290520,,,A*46
$GPGGA,224758.00,3724.692855,N,12204.680906,W,7,,0.38,-24.48,M,0.0,M,0.0,0000*77
$GPRMC,224758.00,A,3724.692855,N,12204.680906,W,027.7,117.2,290520,,,A*4A
$GPGGA,224759.00,3724.689237,N,12204.672181,W,7,,0.38,-24.47,M,0.0,M,0.0,0000*77
$GPRMC,224759.00,A,3724.689237,N,12204.672181,W,028.6,117.7,290520,,,A*4E
$GPGGA,224800.00,3724.685500,N,12204.663277,W,7,,0.38,-24.46,M,0.0,M,0.0,0000*70
$GPRMC,224800.00,A,3724.685500,N,12204.663277,W,029.7,118.1,290520,,,A*41
$GPGGA,224801.00,3724.681528,N,12204.654044,W,7,,0.38,-24.08,M,0.0,M,0.0,0000*73
$GPRMC,224801.00,A,3724.681528,N,12204.654044,W,030.3,118.3,290520,,,A*46
$GPGGA,224802.00,3724.677525,N,12204.644642,W,7,,0.38,-24.17,M,0.0,M,0.0,0000*7B
$GPRMC,224802.00,A,3724.677525,N,12204.644642,W,031.1,117.6,290520,,,A*49
$GPGGA,224803.00,3724.673475,N,12204.634795,W,7,,0.38,-23.77,M,0.0,M,0.0,0000*77
$GPRMC,224803.00,A,3724.673475,N,12204.634795,W,031.9,117.1,290520,,,A*4B
$GPGGA,224804.00,3724.669270,N,12204.624704,W,7,,0.38,-23.66,M,0.0,M,0.0,0000*71
$GPRMC,224804.00,A,3724.669270,N,12204.624704,W,033.0,117.0,290520,,,A*47
$GPGGA,224805.00,3724.664998,N,12204.614341,W,7,,0.38,-23.48,M,0.0,M,0.0,0000*7A
$GPRMC,224805.00,A,3724.664998,N,12204.614341,W,034.0,117.3,290520,,,A*44
$GPGGA,224806.00,3724.660599,N,12204.603625,W,7,,0.38,-23.39,M,0.0,M,0.0,0000*77
$GPRMC,224806.00,A,3724.660599,N,12204.603625,W,035.1,118.0,290520,,,A*43
$GPGGA,224807.00,3724.656100,N,12204.592615,W,7,,0.38,-23.51,M,0.0,M,0.0,0000*71
$GPRMC,224807.00,A,3724.656100,N,12204.592615,W,035.5,117.2,290520,,,A*42
$GPGGA,224808.00,3724.651762,N,12204.582073,W,7,,0.38,-23.61,M,0.0,M,0.0,0000*7F
$GPRMC,224808.00,A,3724.651762,N,12204.582073,W,035.0,117.3,290520,,,A*4B
$GPGGA,224809.00,3724.647369,N,12204.571352,W,7,,0.38,-23.86,M,0.0,M,0.0,0000*73
$GPRMC,224809.00,A,3724.647369,N,12204.571352,W,032.6,117.2,290520,,,A*4E
$GPGGA,224810.00,3724.643338,N,12204.561296,W,7,,0.38,-23.93,M,0.0,M,0.0,0000*77
$GPRMC,224810.00,A,3724.643338,N,12204.561296,W,031.7,116.2,290520,,,A*4D
$GPGGA,224811.00,3724.639432,N,12204.551216,W,7,,0.38,-23.90,M,0.0,M,0.0,0000*7E
$GPRMC,224811.00,A,3724.639432,N,12204.551216,W,032.6,115.5,290520,,,A*41
$GPGGA,224812.00,3724.635442,N,12204.540865,W,7,,0.38,-24.01,M,0.0,M,0.0,0000*77
$GPRMC,224812.00,A,3724.635442,N,12204.540865,W,033.6,115.9,290520,,,A*4A
$GPGGA,224813.00,3724.631296,N,12204.530239,W,7,,0.38,-23.84,M,0.0,M,0.0,0000*73
$GPRMC,224813.00,A,3724.631296,N,12204.530239,W,034.4,115.8,290520,,,A*40
$GPGGA,224814.00,3724.626939,N,12204.519176,W,7,,0.38,-23.82,M,0.0,M,0.0,0000*79
$GPRMC,224814.00,A,3724.626939,N,12204.519176,W,035.5,116.3,290520,,,A*44
$GPGGA,224815.00,3724.622475,N,12204.507973,W,7,,0.38,-23.74,M,0.0,M,0.0,0000*72
$GPRMC,224815.00,A,3724.622475,N,12204.507973,W,036.4,116.9,290520,,,A*4E
$GPGGA,224816.00,3724.617951,N,12204.496891,W,7,,0.38,-23.73,M,0.0,M,0.0,0000*7F
$GPRMC,224816.00,A,3724.617951,N,12204.496891,W,037.6,117.4,290520,,,A*4B
$GPGGA,224817.00,3724.612876,N,12204.484676,W,7,,0.38,-23.58,M,0.0,M,0.0,0000*72
$GPRMC,224817.00,A,3724.612876,N,12204.484676,W,038.5,118.1,290520,,,A*49
$GPGGA,224818.00,3724.607823,N,12204.472759,W,7,,0.38,-23.43,M,0.0,M,0.0,0000*76
$GPRMC,224818.00,A,3724.607823,N,12204.472759,W,039.4,118.5,290520,,,A*43
$GPGGA,224819.00,3724.602555,N,12204.460532,W,7,,0.38,-23.49,M,0.0,M,0.0,0000*78
$GPRMC,224819.00,A,3724.602555,N,12204.460532,W,040.3,118.7,290520,,,A*4C
$GPGGA,224820.00,3724.596981,N,12204.447997,W,7,,0.38,-23.23,M,0.0,M,0.0,0000*73
$GPRMC,224820.00,A,3724.596981,N,12204.447997,W,041.1,119.2,290520,,,A*4C
$GPGGA,224821.00,3724.591348,N,12204.435272,W,7,,0.38,-22.93,M,0.0,M,0.0,0000*75
$GPRMC,224821.00,A,3724.591348,N,12204.435272,W,042.1,120.0,290520,,,A*4B
$GPGGA,224822.00,3724.585510,N,12204.422419,W,7,,0.38,-22.77,M,0.0,M,0.0,0000*7F
$GPRMC,224822.00,A,3724.585510,N,12204.422419,W,042.8,120.0,290520,,,A*42
$GPGGA,224823.00,3724.579545,N,12204.409309,W,7,,0.38,-22.58,M,0.0,M,0.0,0000*7F
$GPRMC,224823.00,A,3724.579545,N,12204.409309,W,043.7,119.9,290520,,,A*42
$GPGGA,224824.00,3724.573576,N,12204.396188,W,7,,0.38,-22.27,M,0.0,M,0.0,0000*70
$GPRMC,224824.00,A,3724.573576,N,12204.396188,W,044.7,119.9,290520,,,A*42
$GPGGA,224825.00,3724.567215,N,12204.382040,W,7,,0.38,-21.62,M,0.0,M,0.0,0000*74
$GPRMC,224825.00,A,3724.567215,N,12204.382040,W,045.5,119.3,290520,,,A*4D
$GPGGA,224826.00,3724.560609,N,12204.367994,W,7,,0.38,-21.23,M,0.0,M,0.0,0000*77
$GPRMC,224826.00,A,3724.560609,N,12204.367994,W,046.8,119.3,290520,,,A*45
$GPGGA,224827.00,3724.554363,N,12204.354008,W,7,,0.38,-20.58,M,0.0,M,0.0,0000*79
$GPRMC,224827.00,A,3724.554363,N,12204.354008,W,047.4,118.9,290520,,,A*40
$GPGGA,224828.00,3724.547818,N,12204.339139,W,7,,0.38,-19.47,M,0.0,M,0.0,0000*7F
$GPRMC,224828.00,A,3724.547818,N,12204.339139,W,047.6,119.4,290520,,,A*4C
$GPGGA,224829.00,3724.541313,N,12204.324668,W,7,,0.38,-18.37,M,0.0,M,0.0,0000*71
$GPRMC,224829.00,A,3724.541313,N,12204.324668,W,047.8,119.7,290520,,,A*49
$GPGGA,224830.00,3724.534551,N,12204.310304,W,7,,0.38,-17.14,M,0.0,M,0.0,0000*7D
$GPRMC,224830.00,A,3724.534551,N,12204.310304,W,048.1,120.8,290520,,,A*48
$GPGGA,224831.00,3724.527310,N,12204.296023,W,7,,0.38,-16.01,M,0.0,M,0.0,0000*71
$GPRMC,224831.00,A,3724.527310,N,12204.296023,W,048.3,123.5,290520,,,A*4D
$GPGGA,224832.00,3724.519732,N,12204.282830,W,7,,0.38,-14.90,M,0.0,M,0.0,0000*7E
$GPRMC,224832.00,A,3724.519732,N,12204.282830,W,048.6,127.2,290520,,,A*4E
$GPGGA,224833.00,3724.510803,N,12204.269509,W,7,,0.38,-13.81,M,0.0,M,0.0,0000*7E
$GPRMC,224833.00,A,3724.510803,N,12204.269509,W,048.7,131.9,290520,,,A*44
$GPGGA,224834.00,3724.501179,N,12204.257312,W,7,,0.38,-12.72,M,0.0,M,0.0,0000*71
$GPRMC,224834.00,A,3724.501179,N,12204.257312,W,049.1,136.5,290520,,,A*4A
$GPGGA,224835.00,3724.490806,N,12204.246169,W,7,,0.38,-11.62,M,0.0,M,0.0,0000*74
$GPRMC,224835.00,A,3724.490806,N,12204.246169,W,049.4,141.6,290520,,,A*4B
$GPGGA,224836.00,3724.479651,N,12204.236138,W,7,,0.38,-10.86,M,0.0,M,0.0,0000*74
$GPRMC,224836.00,A,3724.479651,N,12204.236138,W,049.7,146.3,290520,,,A*41
$GPGGA,224837.00,3724.467670,N,12204.227180,W,7,,0.38,-10.24,M,0.0,M,0.0,0000*72
$GPRMC,224837.00,A,3724.467670,N,12204.227180,W,049.8,150.8,290520,,,A*4C
$GPGGA,224838.00,3724.455160,N,12204.219494,W,7,,0.38,-9.82,M,0.0,M,0.0,0000*43
$GPRMC,224838.00,A,3724.455160,N,12204.219494,W,050.5,156.0,290520,,,A*42
$GPGGA,224839.00,3724.442001,N,12204.213128,W,7,,0.38,-9.31,M,0.0,M,0.0,0000*42
$GPRMC,224839.00,A,3724.442001,N,12204.213128,W,051.2,160.6,290520,,,A*4E
$GPGGA,224840.00,3724.428729,N,12204.208237,W,7,,0.38,-9.10,M,0.0,M,0.0,0000*49
$GPRMC,224840.00,A,3724.428729,N,12204.208237,W,052.1,165.8,290520,,,A*4D
$GPGGA,224841.00,3724.413873,N,12204.204584,W,7,,0.38,-8.98,M,0.0,M,0.0,0000*42
$GPRMC,224841.00,A,3724.413873,N,12204.204584,W,052.7,170.8,290520,,,A*45
$GPGGA,224842.00,3724.399179,N,12204.202664,W,7,,0.38,-8.97,M,0.0,M,0.0,0000*43
$GPRMC,224842.00,A,3724.399179,N,12204.202664,W,053.7,175.9,290520,,,A*4E
$GPGGA,224843.00,3724.384119,N,12204.201716,W,7,,0.38,-9.07,M,0.0,M,0.0,0000*47
$GPRMC,224843.00,A,3724.384119,N,12204.201716,W,054.6,177.9,290520,,,A*46
$GPGGA,224844.00,3724.368706,N,12204.201289,W,7,,0.38,-9.30,M,0.0,M,0.0,0000*4D
$GPRMC,224844.00,A,3724.368706,N,12204.201289,W,055.6,178.9,290520,,,A*46
$GPGGA,224845.00,3724.353105,N,12204.201013,W,7,,0.38,-9.84,M,0.0,M,0.0,0000*4F
$GPRMC,224845.00,A,3724.353105,N,12204.201013,W,056.7,178.9,290520,,,A*49
$GPGGA,224846.00,3724.337182,N,12204.200696,W,7,,0.38,-10.46,M,0.0,M,0.0,0000*7D
$GPRMC,224846.00,A,3724.337182,N,12204.200696,W,057.7,178.8,290520,,,A*4D
$GPGGA,224847.00,3724.321348,N,12204.200336,W,7,,0.38,-10.87,M,0.0,M,0.0,0000*7D
$GPRMC,224847.00,A,3724.321348,N,12204.200336,W,058.9,178.7,290520,,,A*4E
$GPGGA,224848.00,3724.304901,N,12204.199976,W,7,,0.38,-11.15,M,0.0,M,0.0,0000*75
$GPRMC,224848.00,A,3724.304901,N,12204.199976,W,059.8,179.1,290520,,,A*4B
$GPGGA,224849.00,3724.287765,N,12204.199753,W,7,,0.38,-11.04,M,0.0,M,0.0,0000*7B
$GPRMC,224849.00,A,3724.287765,N,12204.199753,W,060.1,179.7,290520,,,A*40
$GPGGA,224850.00,3724.271044,N,12204.199777,W,7,,0.38,-10.88,M,0.0,M,0.0,0000*7D
$GPRMC,224850.00,A,3724.271044,N,12204.199777,W,060.6,180.3,290520,,,A*46
$GPGGA,224851.00,3724.254135,N,12204.200036,W,7,,0.38,-11.15,M,0.0,M,0.0,0000*78
$GPRMC,224851.00,A,3724.254135,N,12204.200036,W,060.7,180.8,290520,,,A*4C
$GPGGA,224852.00,3724.237347,N,12204.200239,W,7,,0.38,-10.80,M,0.0,M,0.0,0000*79
$GPRMC,224852.00,A,3724.237347,N,12204.200239,W,060.7,180.7,290520,,,A*4F
$GPGGA,224853.00,3724.220446,N,12204.200450,W,7,,0.38,-10.95,M,0.0,M,0.0,0000*75
$GPRMC,224853.00,A,3724.220446,N,12204.200450,W,061.1,180.2,290520,,,A*45
$GPGGA,224854.00,3724.203322,N,12204.200606,W,7,,0.38,-10.93,M,0.0,M,0.0,0000*71
$GPRMC,224854.00,A,3724.203322,N,12204.200606,W,061.2,180.4,290520,,,A*42
$GPGGA,224855.00,3724.186305,N,12204.200666,W,7,,0.38,-10.34,M,0.0,M,0.0,0000*70
$GPRMC,224855.00,A,3724.186305,N,12204.200666,W,061.5,180.8,290520,,,A*45
$GPGGA,224856.00,3724.169847,N,12204.200887,W,7,,0.38,-10.14,M,0.0,M,0.0,0000*7C
$GPRMC,224856.00,A,3724.169847,N,12204.200887,W,061.6,180.4,290520,,,A*44
$GPGGA,224857.00,3724.152015,N,12204.201020,W,7,,0.38,-10.03,M,0.0,M,0.0,0000*78
$GPRMC,224857.00,A,3724.152015,N,12204.201020,W,061.8,180.5,290520,,,A*49
$GPGGA,224858.00,3724.134850,N,12204.201157,W,7,,0.38,-10.02,M,0.0,M,0.0,0000*7E
$GPRMC,224858.00,A,3724.134850,N,12204.201157,W,062.1,180.4,290520,,,A*45
$GPGGA,224859.00,3724.117581,N,12204.201326,W,7,,0.38,-10.19,M,0.0,M,0.0,0000*71
$GPRMC,224859.00,A,3724.117581,N,12204.201326,W,062.4,180.9,290520,,,A*48
$GPGGA,224900.00,3724.099714,N,12204.201554,W,7,,0.38,-10.45,M,0.0,M,0.0,0000*7F
$GPRMC,224900.00,A,3724.099714,N,12204.201554,W,062.7,180.4,290520,,,A*41
$GPGGA,224901.00,3724.082661,N,12204.201505,W,7,,0.38,-10.66,M,0.0,M,0.0,0000*72
$GPRMC,224901.00,A,3724.082661,N,12204.201505,W,062.9,179.6,290520,,,A*47
$GPGGA,224902.00,3724.065117,N,12204.201361,W,7,,0.38,-10.97,M,0.0,M,0.0,0000*74
$GPRMC,224902.00,A,3724.065117,N,12204.201361,W,063.4,179.9,290520,,,A*4C
$GPGGA,224903.00,3724.047465,N,12204.201020,W,7,,0.38,-11.52,M,0.0,M,0.0,0000*7B
$GPRMC,224903.00,A,3724.047465,N,12204.201020,W,063.8,178.1,290520,,,A*4E
$GPGGA,224904.00,3724.030305,N,12204.199867,W,7,,0.38,-11.93,M,0.0,M,0.0,0000*79
$GPRMC,224904.00,A,3724.030305,N,12204.199867,W,064.0,175.2,290520,,,A*40
$GPGGA,224905.00,3724.011772,N,12204.197678,W,7,,0.38,-12.42,M,0.0,M,0.0,0000*7E
$GPRMC,224905.00,A,3724.011772,N,12204.197678,W,064.6,173.7,290520,,,A*4D
$GPGGA,224906.00,3723.993975,N,12204.194449,W,7,,0.38,-12.79,M,0.0,M,0.0,0000*7B
$GPRMC,224906.00,A,3723.993975,N,12204.194449,W,065.1,170.7,290520,,,A*45
$GPGGA,224907.00,3723.976131,N,12204.190243,W,7,,0.38,-13.19,M,0.0,M,0.0,0000*76
$GPRMC,224907.00,A,3723.976131,N,12204.190243,W,065.6,168.6,290520,,,A*40
$GPGGA,224908.00,3723.958047,N,12204.185431,W,7,,0.38,-13.52,M,0.0,M,0.0,0000*7D
$GPRMC,224908.00,A,3723.958047,N,12204.185431,W,066.1,168.3,290520,,,A*45
$GPGGA,224909.00,3723.940161,N,12204.180614,W,7,,0.38,-13.66,M,0.0,M,0.0,0000*77
$GPRMC,224909.00,A,3723.940161,N,12204.180614,W,066.2,167.9,290520,,,A*4E
$GPGGA,224910.00,3723.922215,N,12204.175639,W,7,,0.38,-13.36,M,0.0,M,0.0,0000*7B
$GPRMC,224910.00,A,3723.922215,N,12204.175639,W,066.3,167.5,290520,,,A*4A
$GPGGA,224911.00,3723.903928,N,12204.170546,W,7,,0.38,-13.05,M,0.0,M,0.0,0000*72
$GPRMC,224911.00,A,3723.903928,N,12204.170546,W,066.6,167.7,290520,,,A*44
$GPGGA,224912.00,3723.886528,N,12204.165866,W,7,,0.38,-12.35,M,0.0,M,0.0,0000*78
$GPRMC,224912.00,A,3723.886528,N,12204.165866,W,066.3,168.0,290520,,,A*41
$GPGGA,224913.00,3723.867975,N,12204.160880,W,7,,0.38,-11.97,M,0.0,M,0.0,0000*74
$GPRMC,224913.00,A,3723.867975,N,12204.160880,W,066.1,168.0,290520,,,A*44
$GPGGA,224914.00,3723.849940,N,12204.155977,W,7,,0.38,-11.38,M,0.0,M,0.0,0000*73
$GPRMC,224914.00,A,3723.849940,N,12204.155977,W,065.8,167.8,290520,,,A*4B
$GPGGA,224915.00,3723.832155,N,12204.151165,W,7,,0.38,-10.80,M,0.0,M,0.0,0000*7F
$GPRMC,224915.00,A,3723.832155,N,12204.151165,W,065.5,168.0,290520,,,A*4F
$GPGGA,224916.00,3723.814419,N,12204.146425,W,7,,0.38,-10.58,M,0.0,M,0.0,0000*77
$GPRMC,224916.00,A,3723.814419,N,12204.146425,W,065.4,168.0,290520,,,A*43
$GPGGA,224917.00,3723.796708,N,12204.141817,W,7,,0.38,-10.39,M,0.0,M,0.0,0000*7D
$GPRMC,224917.00,A,3723.796708,N,12204.141817,W,065.2,168.1,290520,,,A*49
$GPGGA,224918.00,3723.778815,N,12204.137131,W,7,,0.38,-10.22,M,0.0,M,0.0,0000*77
$GPRMC,224918.00,A,3723.778815,N,12204.137131,W,065.3,168.1,290520,,,A*48
$GPGGA,224919.00,3723.761145,N,12204.132379,W,7,,0.38,-9.69,M,0.0,M,0.0,0000*4E
$GPRMC,224919.00,A,3723.761145,N,12204.132379,W,065.1,168.0,290520,,,A*45
$GPGGA,224920.00,3723.744070,N,12204.127946,W,7,,0.38,-9.38,M,0.0,M,0.0,0000*42
$GPRMC,224920.00,A,3723.744070,N,12204.127946,W,064.9,168.8,290520,,,A*4C
$GPGGA,224921.00,3723.725721,N,12204.123589,W,7,,0.38,-8.97,M,0.0,M,0.0,0000*48
$GPRMC,224921.00,A,3723.725721,N,12204.123589,W,064.6,169.8,290520,,,A*4C
$GPGGA,224922.00,3723.708141,N,12204.119941,W,7,,0.38,-8.26,M,0.0,M,0.0,0000*4F
$GPRMC,224922.00,A,3723.708141,N,12204.119941,W,064.2,171.0,290520,,,A*44
$GPGGA,224923.00,3723.690567,N,12204.116876,W,7,,0.38,-7.08,M,0.0,M,0.0,0000*47
$GPRMC,224923.00,A,3723.690567,N,12204.116876,W,063.8,173.0,290520,,,A*40
$GPGGA,224924.00,3723.672928,N,12204.114320,W,7,,0.38,-5.73,M,0.0,M,0.0,0000*4F
$GPRMC,224924.00,A,3723.672928,N,12204.114320,W,063.4,174.9,290520,,,A*44
$GPGGA,224925.00,3723.655569,N,12204.112364,W,7,,0.38,-4.34,M,0.0,M,0.0,0000*46
$GPRMC,224925.00,A,3723.655569,N,12204.112364,W,062.7,176.3,290520,,,A*45
$GPGGA,224926.00,3723.638277,N,12204.111151,W,7,,0.38,-3.12,M,0.0,M,0.0,0000*42
$GPRMC,224926.00,A,3723.638277,N,12204.111151,W,062.3,177.4,290520,,,A*40
$GPGGA,224927.00,3723.621112,N,12204.110414,W,7,,0.38,-1.78,M,0.0,M,0.0,0000*40
$GPRMC,224927.00,A,3723.621112,N,12204.110414,W,061.7,178.7,290520,,,A*47
$GPGGA,224928.00,3723.604431,N,12204.110317,W,7,,0.38,-0.73,M,0.0,M,0.0,0000*42
$GPRMC,224928.00,A,3723.604431,N,12204.110317,W,061.3,180.7,290520,,,A*4C
$GPGGA,224929.00,3723.586978,N,12204.110798,W,7,,0.38,0.28,M,0.0,M,0.0,0000*6A
$GPRMC,224929.00,A,3723.586978,N,12204.110798,W,060.9,181.1,290520,,,A*4B
$GPGGA,224930.00,3723.570232,N,12204.111764,W,7,,0.38,1.12,M,0.0,M,0.0,0000*64
$GPRMC,224930.00,A,3723.570232,N,12204.111764,W,060.3,182.2,290520,,,A*47
$GPGGA,224931.00,3723.553983,N,12204.112970,W,7,,0.38,1.90,M,0.0,M,0.0,0000*67
$GPRMC,224931.00,A,3723.553983,N,12204.112970,W,059.9,183.1,290520,,,A*4C
$GPGGA,224932.00,3723.536962,N,12204.114409,W,7,,0.38,2.71,M,0.0,M,0.0,0000*61
$GPRMC,224932.00,A,3723.536962,N,12204.114409,W,059.4,183.7,290520,,,A*4D
$GPGGA,224933.00,3723.520534,N,12204.115946,W,7,,0.38,3.23,M,0.0,M,0.0,0000*69
$GPRMC,224933.00,A,3723.520534,N,12204.115946,W,059.2,183.8,290520,,,A*4A
$GPGGA,224934.00,3723.503997,N,12204.117445,W,7,,0.38,3.63,M,0.0,M,0.0,0000*62
$GPRMC,224934.00,A,3723.503997,N,12204.117445,W,059.1,184.1,290520,,,A*48
$GPGGA,224935.00,3723.487659,N,12204.119060,W,7,,0.38,3.90,M,0.0,M,0.0,0000*62
$GPRMC,224935.00,A,3723.487659,N,12204.119060,W,059.1,184.4,290520,,,A*41
$GPGGA,224936.00,3723.471844,N,12204.120638,W,7,,0.38,3.94,M,0.0,M,0.0,0000*6F
$GPRMC,224936.00,A,3723.471844,N,12204.120638,W,059.2,184.2,290520,,,A*4D
$GPGGA,224937.00,3723.455020,N,12204.122239,W,7,,0.38,3.63,M,0.0,M,0.0,0000*6D
$GPRMC,224937.00,A,3723.455020,N,12204.122239,W,058.9,184.2,290520,,,A*4D
$GPGGA,224938.00,3723.438615,N,12204.123865,W,7,,0.38,3.20,M,0.0,M,0.0,0000*6C
$GPRMC,224938.00,A,3723.438615,N,12204.123865,W,058.7,184.8,290520,,,A*4F
$GPGGA,224939.00,3723.422457,N,12204.125534,W,7,,0.38,2.81,M,0.0,M,0.0,0000*67
$GPRMC,224939.00,A,3723.422457,N,12204.125534,W,058.6,184.6,290520,,,A*41
$GPGGA,224940.00,3723.406305,N,12204.127153,W,7,,0.38,2.41,M,0.0,M,0.0,0000*64
$GPRMC,224940.00,A,3723.406305,N,12204.127153,W,058.5,184.3,290520,,,A*48
$GPGGA,224941.00,3723.389980,N,12204.128677,W,7,,0.38,1.89,M,0.0,M,0.0,0000*6B
$GPRMC,224941.00,A,3723.389980,N,12204.128677,W,058.6,184.2,290520,,,A*42
$GPGGA,224942.00,3723.373774,N,12204.130207,W,7,,0.38,1.26,M,0.0,M,0.0,0000*67
$GPRMC,224942.00,A,3723.373774,N,12204.130207,W,058.7,184.1,290520,,,A*49
$GPGGA,224943.00,3723.357525,N,12204.131659,W,7,,0.38,0.83,M,0.0,M,0.0,0000*66
$GPRMC,224943.00,A,3723.357525,N,12204.131659,W,058.7,184.1,290520,,,A*46
$GPGGA,224944.00,3723.341535,N,12204.132890,W,7,,0.38,0.17,M,0.0,M,0.0,0000*62
$GPRMC,224944.00,A,3723.341535,N,12204.132890,W,059.1,183.0,290520,,,A*4E
$GPGGA,224945.00,3723.324615,N,12204.133657,W,7,,0.38,-0.42,M,0.0,M,0.0,0000*48
$GPRMC,224945.00,A,3723.324615,N,12204.133657,W,059.2,181.1,290520,,,A*49
$GPGGA,224946.00,3723.308212,N,12204.133724,W,7,,0.38,-1.00,M,0.0,M,0.0,0000*44
$GPRMC,224946.00,A,3723.308212,N,12204.133724,W,059.2,179.3,290520,,,A*47
$GPGGA,224947.00,3723.291766,N,12204.133111,W,7,,0.38,-1.28,M,0.0,M,0.0,0000*48
$GPRMC,224947.00,A,3723.291766,N,12204.133111,W,059.3,177.7,290520,,,A*4A
$GPGGA,224948.00,3723.275092,N,12204.132086,W,7,,0.38,-1.43,M,0.0,M,0.0,0000*42
$GPRMC,224948.00,A,3723.275092,N,12204.132086,W,059.8,176.6,290520,,,A*46
$GPGGA,224949.00,3723.258555,N,12204.130597,W,7,,0.38,-1.39,M,0.0,M,0.0,0000*48
$GPRMC,224949.00,A,3723.258555,N,12204.130597,W,060.0,175.7,290520,,,A*41
$GPGGA,224950.00,3723.241905,N,12204.128803,W,7,,0.38,-1.24,M,0.0,M,0.0,0000*44
$GPRMC,224950.00,A,3723.241905,N,12204.128803,W,060.2,175.2,290520,,,A*46
$GPGGA,224951.00,3723.225118,N,12204.126998,W,7,,0.38,-0.73,M,0.0,M,0.0,0000*4D
$GPRMC,224951.00,A,3723.225118,N,12204.126998,W,060.2,175.1,290520,,,A*4F
$GPGGA,224952.00,3723.209043,N,12204.125204,W,7,,0.38,-0.02,M,0.0,M,0.0,0000*44
$GPRMC,224952.00,A,3723.209043,N,12204.125204,W,060.0,174.8,290520,,,A*4A
$GPGGA,224953.00,3723.191937,N,12204.123224,W,7,,0.38,0.76,M,0.0,M,0.0,0000*67
$GPRMC,224953.00,A,3723.191937,N,12204.123224,W,059.8,175.0,290520,,,A*4C
$GPGGA,224954.00,3723.175413,N,12204.121405,W,7,,0.38,1.42,M,0.0,M,0.0,0000*60
$GPRMC,224954.00,A,3723.175413,N,12204.121405,W,059.7,175.0,290520,,,A*42
$GPGGA,224955.00,3723.158775,N,12204.119569,W,7,,0.38,2.02,M,0.0,M,0.0,0000*6A
$GPRMC,224955.00,A,3723.158775,N,12204.119569,W,059.6,175.0,290520,,,A*4E
$GPGGA,224956.00,3723.142378,N,12204.117745,W,7,,0.38,2.63,M,0.0,M,0.0,0000*6E
$GPRMC,224956.00,A,3723.142378,N,12204.117745,W,059.3,174.9,290520,,,A*40
$GPGGA,224957.00,3723.126058,N,12204.115861,W,7,,0.38,3.40,M,0.0,M,0.0,0000*67
$GPRMC,224957.00,A,3723.126058,N,12204.115861,W,058.9,174.7,290520,,,A*4C
$GPGGA,224958.00,3723.109678,N,12204.114020,W,7,,0.38,4.08,M,0.0,M,0.0,0000*66
$GPRMC,224958.00,A,3723.109678,N,12204.114020,W,058.8,174.7,290520,,,A*47
$GPGGA,224959.00,3723.093465,N,12204.112208,W,7,,0.38,4.81,M,0.0,M,0.0,0000*64
$GPRMC,224959.00,A,3723.093465,N,12204.112208,W,058.6,174.8,290520,,,A*45
$GPGGA,225000.00,3723.077847,N,12204.110335,W,7,,0.38,5.53,M,0.0,M,0.0,0000*65
$GPRMC,225000.00,A,3723.077847,N,12204.110335,W,058.3,174.6,290520,,,A*41
$GPGGA,225001.00,3723.061179,N,12204.108500,W,7,,0.38,5.78,M,0.0,M,0.0,0000*67
$GPRMC,225001.00,A,3723.061179,N,12204.108500,W,057.7,174.6,290520,,,A*41
$GPGGA,225002.00,3723.045328,N,12204.106669,W,7,,0.38,6.09,M,0.0,M,0.0,0000*63
$GPRMC,225002.00,A,3723.045328,N,12204.106669,W,057.0,174.7,290520,,,A*46
$GPGGA,225003.00,3723.029745,N,12204.104984,W,7,,0.38,6.06,M,0.0,M,0.0,0000*66
$GPRMC,225003.00,A,3723.029745,N,12204.104984,W,055.9,175.2,290520,,,A*43
$GPGGA,225004.00,3723.013839,N,12204.103292,W,7,,0.38,6.19,M,0.0,M,0.0,0000*69
$GPRMC,225004.00,A,3723.013839,N,12204.103292,W,055.7,175.3,290520,,,A*4D
$GPGGA,225005.00,3722.998761,N,12204.101689,W,7,,0.38,5.98,M,0.0,M,0.0,0000*67
$GPRMC,225005.00,A,3722.998761,N,12204.101689,W,056.0,175.0,290520,,,A*4E
$GPGGA,225006.00,3722.983432,N,12204.100028,W,7,,0.38,5.87,M,0.0,M,0.0,0000*69
$GPRMC,225006.00,A,3722.983432,N,12204.100028,W,055.8,175.0,290520,,,A*45
$GPGGA,225007.00,3722.968036,N,12204.098353,W,7,,0.38,5.79,M,0.0,M,0.0,0000*63
$GPRMC,225007.00,A,3722.968036,N,12204.098353,W,055.8,174.9,290520,,,A*46
$GPGGA,225008.00,3722.952934,N,12204.096686,W,7,,0.38,5.81,M,0.0,M,0.0,0000*6A
$GPRMC,225008.00,A,3722.952934,N,12204.096686,W,055.8,174.9,290520,,,A*48
$GPGGA,225009.00,3722.937022,N,12204.094988,W,7,,0.38,5.61,M,0.0,M,0.0,0000*6B
$GPRMC,225009.00,A,3722.937022,N,12204.094988,W,055.7,175.1,290520,,,A*41
$GPGGA,225010.00,3722.921524,N,12204.093338,W,7,,0.38,5.53,M,0.0,M,0.0,0000*60
$GPRMC,225010.00,A,3722.921524,N,12204.093338,W,056.0,175.0,290520,,,A*4E
$GPGGA,225011.00,3722.906338,N,12204.091640,W,7,,0.38,5.26,M,0.0,M,0.0,0000*65
$GPRMC,225011.00,A,3722.906338,N,12204.091640,W,056.3,174.7,290520,,,A*4C
$GPGGA,225012.00,3722.890305,N,12204.089797,W,7,,0.38,5.05,M,0.0,M,0.0,0000*65
$GPRMC,225012.00,A,3722.890305,N,12204.089797,W,056.3,174.5,290520,,,A*4F
$GPGGA,225013.00,3722.874687,N,12204.087968,W,7,,0.38,4.81,M,0.0,M,0.0,0000*6C
$GPRMC,225013.00,A,3722.874687,N,12204.087968,W,056.6,174.7,290520,,,A*4C
$GPGGA,225014.00,3722.859069,N,12204.086161,W,7,,0.38,4.60,M,0.0,M,0.0,0000*6D
$GPRMC,225014.00,A,3722.859069,N,12204.086161,W,056.6,175.0,290520,,,A*44
$GPGGA,225015.00,3722.843235,N,12204.084265,W,7,,0.38,4.83,M,0.0,M,0.0,0000*64
$GPRMC,225015.00,A,3722.843235,N,12204.084265,W,056.7,174.7,290520,,,A*47
$GPGGA,225016.00,3722.828025,N,12204.082550,W,7,,0.38,4.80,M,0.0,M,0.0,0000*6D
$GPRMC,225016.00,A,3722.828025,N,12204.082550,W,057.0,174.9,290520,,,A*45
$GPGGA,225017.00,3722.811729,N,12204.080642,W,7,,0.38,4.77,M,0.0,M,0.0,0000*67
$GPRMC,225017.00,A,3722.811729,N,12204.080642,W,057.4,174.9,290520,,,A*43
$GPGGA,225018.00,3722.795698,N,12204.078781,W,7,,0.38,4.75,M,0.0,M,0.0,0000*6B
$GPRMC,225018.00,A,3722.795698,N,12204.078781,W,057.7,174.7,290520,,,A*40
$GPGGA,225019.00,3722.779780,N,12204.076987,W,7,,0.38,4.76,M,0.0,M,0.0,0000*65
$GPRMC,225019.00,A,3722.779780,N,12204.076987,W,057.7,175.0,290520,,,A*4B
$GPGGA,225020.00,3722.763747,N,12204.075319,W,7,,0.38,4.63,M,0.0,M,0.0,0000*65
$GPRMC,225020.00,A,3722.763747,N,12204.075319,W,058.0,175.3,290520,,,A*44
$GPGGA,225021.00,3722.747536,N,12204.073711,W,7,,0.38,4.24,M,0.0,M,0.0,0000*6F
$GPRMC,225021.00,A,3722.747536,N,12204.073711,W,058.2,175.1,290520,,,A*4D
$GPGGA,225022.00,3722.731431,N,12204.071941,W,7,,0.38,4.15,M,0.0,M,0.0,0000*60
$GPRMC,225022.00,A,3722.731431,N,12204.071941,W,058.3,174.8,290520,,,A*49
$GPGGA,225023.00,3722.715267,N,12204.070249,W,7,,0.38,4.00,M,0.0,M,0.0,0000*64
$GPRMC,225023.00,A,3722.715267,N,12204.070249,W,058.6,175.4,290520,,,A*41
$GPGGA,225024.00,3722.699518,N,12204.068762,W,7,,0.38,4.01,M,0.0,M,0.0,0000*6D
$GPRMC,225024.00,A,3722.699518,N,12204.068762,W,058.9,176.1,290520,,,A*40
$GPGGA,225025.00,3722.682543,N,12204.067561,W,7,,0.39,4.43,M,0.0,M,0.0,0000*61
$GPRMC,225025.00,A,3722.682543,N,12204.067561,W,058.9,177.2,290520,,,A*49
$GPGGA,225026.00,3722.665941,N,12204.067105,W,7,,0.38,4.79,M,0.0,M,0.0,0000*6B
$GPRMC,225026.00,A,3722.665941,N,12204.067105,W,059.5,179.6,290520,,,A*4C
$GPGGA,225027.00,3722.649645,N,12204.067279,W,7,,0.38,5.42,M,0.0,M,0.0,0000*6E
$GPRMC,225027.00,A,3722.649645,N,12204.067279,W,059.2,181.5,290520,,,A*43
$GPGGA,225028.00,3722.633050,N,12204.068221,W,7,,0.38,6.04,M,0.0,M,0.0,0000*6D
$GPRMC,225028.00,A,3722.633050,N,12204.068221,W,059.2,183.3,290520,,,A*45
$GPGGA,225029.00,3722.616759,N,12204.069698,W,7,,0.38,6.84,M,0.0,M,0.0,0000*6A
$GPRMC,225029.00,A,3722.616759,N,12204.069698,W,059.0,184.8,290520,,,A*44
$GPGGA,225030.00,3722.600470,N,12204.071701,W,7,,0.38,7.39,M,0.0,M,0.0,0000*62
$GPRMC,225030.00,A,3722.600470,N,12204.071701,W,059.0,185.7,290520,,,A*45
$GPGGA,225031.00,3722.584521,N,12204.073862,W,7,,0.38,7.87,M,0.0,M,0.0,0000*64
$GPRMC,225031.00,A,3722.584521,N,12204.073862,W,059.0,186.0,290520,,,A*42
$GPGGA,225032.00,3722.568274,N,12204.076070,W,7,,0.38,8.47,M,0.0,M,0.0,0000*6F
$GPRMC,225032.00,A,3722.568274,N,12204.076070,W,059.1,185.8,290520,,,A*40
$GPGGA,225033.00,3722.551456,N,12204.078049,W,7,,0.38,9.18,M,0.0,M,0.0,0000*6D
$GPRMC,225033.00,A,3722.551456,N,12204.078049,W,059.0,184.6,290520,,,A*47
$GPGGA,225034.00,3722.535123,N,12204.079346,W,7,,0.38,10.21,M,0.0,M,0.0,0000*50
$GPRMC,225034.00,A,3722.535123,N,12204.079346,W,059.1,183.2,290520,,,A*4A
$GPGGA,225035.00,3722.519122,N,12204.080270,W,7,,0.38,10.72,M,0.0,M,0.0,0000*5A
$GPRMC,225035.00,A,3722.519122,N,12204.080270,W,059.1,182.2,290520,,,A*47
$GPGGA,225036.00,3722.502135,N,12204.080749,W,7,,0.38,11.13,M,0.0,M,0.0,0000*5C
$GPRMC,225036.00,A,3722.502135,N,12204.080749,W,059.4,180.7,290520,,,A*45
$GPGGA,225037.00,3722.485653,N,12204.080486,W,7,,0.38,11.55,M,0.0,M,0.0,0000*56
$GPRMC,225037.00,A,3722.485653,N,12204.080486,W,059.4,178.4,290520,,,A*49
$GPGGA,225038.00,3722.469040,N,12204.079376,W,7,,0.38,12.01,M,0.0,M,0.0,0000*53
$GPRMC,225038.00,A,3722.469040,N,12204.079376,W,059.3,175.9,290520,,,A*49
$GPGGA,225039.00,3722.452749,N,12204.077312,W,7,,0.38,12.40,M,0.0,M,0.0,0000*5D
$GPRMC,225039.00,A,3722.452749,N,12204.077312,W,059.0,173.1,290520,,,A*4F
$GPGGA,225040.00,3722.437089,N,12204.074366,W,7,,0.38,12.87,M,0.0,M,0.0,0000*50
$GPRMC,225040.00,A,3722.437089,N,12204.074366,W,058.8,170.5,290520,,,A*47
$GPGGA,225041.00,3722.420649,N,12204.070279,W,7,,0.38,12.92,M,0.0,M,0.0,0000*52
$GPRMC,225041.00,A,3722.420649,N,12204.070279,W,058.5,167.4,290520,,,A*4B
$GPGGA,225042.00,3722.404839,N,12204.065119,W,7,,0.38,13.26,M,0.0,M,0.0,0000*51
$GPRMC,225042.00,A,3722.404839,N,12204.065119,W,058.4,164.2,290520,,,A*42
$GPGGA,225043.00,3722.389341,N,12204.059054,W,7,,0.38,13.67,M,0.0,M,0.0,0000*54
$GPRMC,225043.00,A,3722.389341,N,12204.059054,W,058.6,161.9,290520,,,A*4E
$GPGGA,225044.00,3722.373867,N,12204.052100,W,7,,0.38,13.85,M,0.0,M,0.0,0000*5E
$GPRMC,225044.00,A,3722.373867,N,12204.052100,W,058.8,159.3,290520,,,A*47
$GPGGA,225045.00,3722.358790,N,12204.044281,W,7,,0.38,14.06,M,0.0,M,0.0,0000*50
$GPRMC,225045.00,A,3722.358790,N,12204.044281,W,059.0,156.4,290520,,,A*44
$GPGGA,225046.00,3722.343790,N,12204.035804,W,7,,0.38,14.05,M,0.0,M,0.0,0000*5B
$GPRMC,225046.00,A,3722.343790,N,12204.035804,W,059.4,154.9,290520,,,A*47
$GPGGA,225047.00,3722.328910,N,12204.026840,W,7,,0.38,13.97,M,0.0,M,0.0,0000*5F
$GPRMC,225047.00,A,3722.328910,N,12204.026840,W,059.8,154.4,290520,,,A*4E
$GPGGA,225048.00,3722.314197,N,12204.018001,W,7,,0.38,14.03,M,0.0,M,0.0,0000*52
$GPRMC,225048.00,A,3722.314197,N,12204.018001,W,060.2,154.6,290520,,,A*4B
$GPGGA,225049.00,3722.298676,N,12204.008612,W,7,,0.38,14.24,M,0.0,M,0.0,0000*5E
$GPRMC,225049.00,A,3722.298676,N,12204.008612,W,060.6,154.4,290520,,,A*44
$GPGGA,225050.00,3722.283496,N,12203.999383,W,7,,0.38,14.46,M,0.0,M,0.0,0000*5F
$GPRMC,225050.00,A,3722.283496,N,12203.999383,W,060.9,154.2,290520,,,A*48
$GPGGA,225051.00,3722.268250,N,12203.990119,W,7,,0.38,14.48,M,0.0,M,0.0,0000*51
$GPRMC,225051.00,A,3722.268250,N,12203.990119,W,061.2,154.4,290520,,,A*44
$GPGGA,225052.00,3722.252812,N,12203.980784,W,7,,0.38,14.55,M,0.0,M,0.0,0000*58
$GPRMC,225052.00,A,3722.252812,N,12203.980784,W,061.3,154.3,290520,,,A*47
$GPGGA,225053.00,3722.237541,N,12203.971448,W,7,,0.38,14.57,M,0.0,M,0.0,0000*5E
$GPRMC,225053.00,A,3722.237541,N,12203.971448,W,061.4,154.0,290520,,,A*47
$GPGGA,225054.00,3722.222175,N,12203.962057,W,7,,0.38,14.63,M,0.0,M,0.0,0000*51
$GPRMC,225054.00,A,3722.222175,N,12203.962057,W,061.7,154.1,290520,,,A*4D
$GPGGA,225055.00,3722.206605,N,12203.952553,W,7,,0.38,14.59,M,0.0,M,0.0,0000*5D
$GPRMC,225055.00,A,3722.206605,N,12203.952553,W,062.0,154.2,290520,,,A*4F
$GPGGA,225056.00,3722.191600,N,12203.943433,W,7,,0.38,14.78,M,0.0,M,0.0,0000*52
$GPRMC,225056.00,A,3722.191600,N,12203.943433,W,062.2,154.2,290520,,,A*41
$GPGGA,225057.00,3722.175586,N,12203.933725,W,7,,0.38,14.71,M,0.0,M,0.0,0000*5E
$GPRMC,225057.00,A,3722.175586,N,12203.933725,W,062.4,154.2,290520,,,A*42
$GPGGA,225058.00,3722.159769,N,12203.924138,W,7,,0.38,14.73,M,0.0,M,0.0,0000*52
$GPRMC,225058.00,A,3722.159769,N,12203.924138,W,062.7,154.4,290520,,,A*49
$GPGGA,225059.00,3722.144001,N,12203.914670,W,7,,0.38,14.77,M,0.0,M,0.0,0000*5A
$GPRMC,225059.00,A,3722.144001,N,12203.914670,W,063.2,154.4,290520,,,A*41
$GPGGA,225100.00,3722.128186,N,12203.905118,W,7,,0.38,14.94,M,0.0,M,0.0,0000*57
$GPRMC,225100.00,A,3722.128186,N,12203.905118,W,063.7,154.2,290520,,,A*42
$GPGGA,225101.00,3722.112309,N,12203.895440,W,7,,0.38,15.10,M,0.0,M,0.0,0000*57
$GPRMC,225101.00,A,3722.112309,N,12203.895440,W,063.9,154.1,290520,,,A*42
$GPGGA,225102.00,3722.096205,N,12203.885606,W,7,,0.38,15.17,M,0.0,M,0.0,0000*52
$GPRMC,225102.00,A,3722.096205,N,12203.885606,W,064.0,154.1,290520,,,A*4E
$GPGGA,225103.00,3722.080269,N,12203.875922,W,7,,0.38,15.36,M,0.0,M,0.0,0000*5B
$GPRMC,225103.00,A,3722.080269,N,12203.875922,W,063.8,154.2,290520,,,A*48
$GPGGA,225104.00,3722.064909,N,12203.866591,W,7,,0.38,15.54,M,0.0,M,0.0,0000*59
$GPRMC,225104.00,A,3722.064909,N,12203.866591,W,063.3,154.2,290520,,,A*45
$GPGGA,225105.00,3722.048457,N,12203.856667,W,7,,0.38,15.68,M,0.0,M,0.0,0000*56
$GPRMC,225105.00,A,3722.048457,N,12203.856667,W,063.0,154.2,290520,,,A*46
$GPGGA,225106.00,3722.032887,N,12203.847163,W,7,,0.38,16.02,M,0.0,M,0.0,0000*55
$GPRMC,225106.00,A,3722.032887,N,12203.847163,W,062.1,154.1,290520,,,A*49
$GPGGA,225107.00,3722.017491,N,12203.837894,W,7,,0.38,16.10,M,0.0,M,0.0,0000*5D
$GPRMC,225107.00,A,3722.017491,N,12203.837894,W,061.1,154.6,290520,,,A*46
$GPGGA,225108.00,3722.002072,N,12203.828851,W,7,,0.38,16.40,M,0.0,M,0.0,0000*5D
$GPRMC,225108.00,A,3722.002072,N,12203.828851,W,060.2,155.5,290520,,,A*43
$GPGGA,225109.00,3721.986849,N,12203.820493,W,7,,0.38,16.56,M,0.0,M,0.0,0000*57
$GPRMC,225109.00,A,3721.986849,N,12203.820493,W,059.9,156.9,290520,,,A*40
$GPGGA,225110.00,3721.971477,N,12203.812676,W,7,,0.38,16.88,M,0.0,M,0.0,0000*5D
$GPRMC,225110.00,A,3721.971477,N,12203.812676,W,060.0,158.8,290520,,,A*45
$GPGGA,225111.00,3721.955812,N,12203.805608,W,7,,0.38,17.13,M,0.0,M,0.0,0000*59
$GPRMC,225111.00,A,3721.955812,N,12203.805608,W,060.1,161.2,290520,,,A*43
$GPGGA,225112.00,3721.940278,N,12203.799439,W,7,,0.38,17.45,M,0.0,M,0.0,0000*51
$GPRMC,225112.00,A,3721.940278,N,12203.799439,W,060.3,163.4,290520,,,A*4E
$GPGGA,225113.00,3721.923627,N,12203.793644,W,7,,0.38,17.83,M,0.0,M,0.0,0000*53
$GPRMC,225113.00,A,3721.923627,N,12203.793644,W,060.5,165.4,290520,,,A*46
$GPGGA,225114.00,3721.907349,N,12203.788981,W,7,,0.38,18.16,M,0.0,M,0.0,0000*50
$GPRMC,225114.00,A,3721.907349,N,12203.788981,W,060.5,168.1,290520,,,A*4E
$GPGGA,225115.00,3721.891263,N,12203.785303,W,7,,0.38,18.15,M,0.0,M,0.0,0000*58
$GPRMC,225115.00,A,3721.891263,N,12203.785303,W,060.5,170.8,290520,,,A*45
$GPGGA,225116.00,3721.874062,N,12203.782273,W,7,,0.38,18.43,M,0.0,M,0.0,0000*51
$GPRMC,225116.00,A,3721.874062,N,12203.782273,W,060.7,173.0,290520,,,A*46
$GPGGA,225117.00,3721.857297,N,12203.780293,W,7,,0.38,18.79,M,0.0,M,0.0,0000*5C
$GPRMC,225117.00,A,3721.857297,N,12203.780293,W,060.8,175.4,290520,,,A*4F
$GPGGA,225118.00,3721.840276,N,12203.779040,W,7,,0.38,19.07,M,0.0,M,0.0,0000*58
$GPRMC,225118.00,A,3721.840276,N,12203.779040,W,060.8,177.7,290520,,,A*42
$GPGGA,225119.00,3721.823464,N,12203.778583,W,7,,0.38,19.46,M,0.0,M,0.0,0000*57
$GPRMC,225119.00,A,3721.823464,N,12203.778583,W,060.6,179.6,290520,,,A*49
$GPGGA,225120.00,3721.807179,N,12203.778709,W,7,,0.38,19.85,M,0.0,M,0.0,0000*5D
$GPRMC,225120.00,A,3721.807179,N,12203.778709,W,060.6,180.4,290520,,,A*48
$GPGGA,225121.00,3721.789870,N,12203.778980,W,7,,0.38,20.12,M,0.0,M,0.0,0000*5E
$GPRMC,225121.00,A,3721.789870,N,12203.778980,W,060.6,180.7,290520,,,A*4C
$GPGGA,225122.00,3721.772907,N,12203.779352,W,7,,0.38,20.38,M,0.0,M,0.0,0000*54
$GPRMC,225122.00,A,3721.772907,N,12203.779352,W,060.7,180.9,290520,,,A*41
$GPGGA,225123.00,3721.756048,N,12203.779856,W,7,,0.38,20.44,M,0.0,M,0.0,0000*55
$GPRMC,225123.00,A,3721.756048,N,12203.779856,W,060.7,180.9,290520,,,A*4B
$GPGGA,225124.00,3721.739319,N,12203.780102,W,7,,0.38,21.03,M,0.0,M,0.0,0000*50
$GPRMC,225124.00,A,3721.739319,N,12203.780102,W,060.1,180.6,290520,,,A*45
$GPGGA,225125.00,3721.722508,N,12203.780419,W,7,,0.38,21.34,M,0.0,M,0.0,0000*56
$GPRMC,225125.00,A,3721.722508,N,12203.780419,W,059.9,180.7,290520,,,A*44
$GPGGA,225126.00,3721.705852,N,12203.780846,W,7,,0.38,21.72,M,0.0,M,0.0,0000*56
$GPRMC,225126.00,A,3721.705852,N,12203.780846,W,060.1,181.0,290520,,,A*42
$GPGGA,225127.00,3721.689231,N,12203.781199,W,7,,0.38,22.12,M,0.0,M,0.0,0000*52
$GPRMC,225127.00,A,3721.689231,N,12203.781199,W,060.0,180.7,290520,,,A*44
$GPGGA,225128.00,3721.673037,N,12203.781446,W,7,,0.38,22.29,M,0.0,M,0.0,0000*53
$GPRMC,225128.00,A,3721.673037,N,12203.781446,W,059.5,180.6,290520,,,A*43
$GPGGA,225129.00,3721.656016,N,12203.781787,W,7,,0.38,22.34,M,0.0,M,0.0,0000*54
$GPRMC,225129.00,A,3721.656016,N,12203.781787,W,059.4,180.9,290520,,,A*46
$GPGGA,225130.00,3721.639558,N,12203.782177,W,7,,0.38,22.45,M,0.0,M,0.0,0000*56
$GPRMC,225130.00,A,3721.639558,N,12203.782177,W,059.5,181.2,290520,,,A*49
$GPGGA,225131.00,3721.623411,N,12203.782616,W,7,,0.38,22.46,M,0.0,M,0.0,0000*53
$GPRMC,225131.00,A,3721.623411,N,12203.782616,W,059.7,181.4,290520,,,A*4B
$GPGGA,225132.00,3721.606360,N,12203.783102,W,7,,0.38,22.83,M,0.0,M,0.0,0000*5C
$GPRMC,225132.00,A,3721.606360,N,12203.783102,W,059.6,180.9,290520,,,A*40
$GPGGA,225133.00,3721.589878,N,12203.783311,W,7,,0.38,23.04,M,0.0,M,0.0,0000*55
$GPRMC,225133.00,A,3721.589878,N,12203.783311,W,059.3,180.2,290520,,,A*49
$GPGGA,225134.00,3721.573473,N,12203.783270,W,7,,0.38,23.13,M,0.0,M,0.0,0000*50
$GPRMC,225134.00,A,3721.573473,N,12203.783270,W,059.0,179.4,290520,,,A*49
$GPGGA,225135.00,3721.556962,N,12203.782928,W,7,,0.38,23.16,M,0.0,M,0.0,0000*59
$GPRMC,225135.00,A,3721.556962,N,12203.782928,W,059.0,178.5,290520,,,A*45
$GPGGA,225136.00,3721.541134,N,12203.782201,W,7,,0.38,23.38,M,0.0,M,0.0,0000*5B
$GPRMC,225136.00,A,3721.541134,N,12203.782201,W,059.1,177.3,290520,,,A*43
$GPGGA,225137.00,3721.524225,N,12203.780995,W,7,,0.38,23.74,M,0.0,M,0.0,0000*56
$GPRMC,225137.00,A,3721.524225,N,12203.780995,W,059.2,176.4,290520,,,A*43
$GPGGA,225138.00,3721.507665,N,12203.779459,W,7,,0.38,23.77,M,0.0,M,0.0,0000*50
$GPRMC,225138.00,A,3721.507665,N,12203.779459,W,059.3,175.3,290520,,,A*43
$GPGGA,225139.00,3721.491268,N,12203.777461,W,7,,0.38,23.86,M,0.0,M,0.0,0000*5D
$GPRMC,225139.00,A,3721.491268,N,12203.777461,W,059.4,174.0,290520,,,A*45
$GPGGA,225140.00,3721.474882,N,12203.774935,W,7,,0.38,24.22,M,0.0,M,0.0,0000*50
$GPRMC,225140.00,A,3721.474882,N,12203.774935,W,059.5,172.5,290520,,,A*43
$GPGGA,225141.00,3721.458447,N,12203.772002,W,7,,0.38,24.32,M,0.0,M,0.0,0000*50
$GPRMC,225141.00,A,3721.458447,N,12203.772002,W,059.2,171.5,290520,,,A*46
$GPGGA,225142.00,3721.442283,N,12203.768641,W,7,,0.38,24.70,M,0.0,M,0.0,0000*5A
$GPRMC,225142.00,A,3721.442283,N,12203.768641,W,059.0,170.4,290520,,,A*48
$GPGGA,225143.00,3721.426246,N,12203.764904,W,7,,0.38,24.84,M,0.0,M,0.0,0000*59
$GPRMC,225143.00,A,3721.426246,N,12203.764904,W,058.8,168.9,290520,,,A*4D
$GPGGA,225144.00,3721.410826,N,12203.760968,W,7,,0.38,24.93,M,0.0,M,0.0,0000*5F
$GPRMC,225144.00,A,3721.410826,N,12203.760968,W,058.7,168.1,290520,,,A*4A
$GPGGA,225145.00,3721.394235,N,12203.756353,W,7,,0.38,25.24,M,0.0,M,0.0,0000*57
$GPRMC,225145.00,A,3721.394235,N,12203.756353,W,058.8,167.2,290520,,,A*4C
$GPGGA,225146.00,3721.378449,N,12203.751613,W,7,,0.38,25.53,M,0.0,M,0.0,0000*5D
$GPRMC,225146.00,A,3721.378449,N,12203.751613,W,058.5,166.1,290520,,,A*49
$GPGGA,225147.00,3721.362819,N,12203.746460,W,7,,0.38,26.02,M,0.0,M,0.0,0000*59
$GPRMC,225147.00,A,3721.362819,N,12203.746460,W,058.1,164.8,290520,,,A*45
$GPGGA,225148.00,3721.347243,N,12203.740939,W,7,,0.38,26.49,M,0.0,M,0.0,0000*5C
$GPRMC,225148.00,A,3721.347243,N,12203.740939,W,057.6,163.8,290520,,,A*40
$GPGGA,225149.00,3721.332045,N,12203.735102,W,7,,0.38,27.11,M,0.0,M,0.0,0000*55
$GPRMC,225149.00,A,3721.332045,N,12203.735102,W,057.1,162.6,290520,,,A*4D
$GPGGA,225150.00,3721.317022,N,12203.729000,W,7,,0.38,27.91,M,0.0,M,0.0,0000*5D
$GPRMC,225150.00,A,3721.317022,N,12203.729000,W,056.9,161.7,290520,,,A*46
$GPGGA,225151.00,3721.302136,N,12203.722573,W,7,,0.38,28.78,M,0.0,M,0.0,0000*5E
$GPRMC,225151.00,A,3721.302136,N,12203.722573,W,056.8,160.9,290520,,,A*43
$GPGGA,225152.00,3721.287753,N,12203.716130,W,7,,0.38,29.24,M,0.0,M,0.0,0000*58
$GPRMC,225152.00,A,3721.287753,N,12203.716130,W,056.6,159.6,290520,,,A*46
$GPGGA,225153.00,3721.272579,N,12203.708906,W,7,,0.38,30.23,M,0.0,M,0.0,0000*54
$GPRMC,225153.00,A,3721.272579,N,12203.708906,W,056.6,159.2,290520,,,A*41
$GPGGA,225154.00,3721.257928,N,12203.701993,W,7,,0.38,30.98,M,0.0,M,0.0,0000*59
$GPRMC,225154.00,A,3721.257928,N,12203.701993,W,056.5,159.6,290520,,,A*4B
$GPGGA,225155.00,3721.243599,N,12203.695346,W,7,,0.38,31.75,M,0.0,M,0.0,0000*57
$GPRMC,225155.00,A,3721.243599,N,12203.695346,W,056.4,159.7,290520,,,A*47
$GPGGA,225156.00,3721.228486,N,12203.688319,W,7,,0.38,32.33,M,0.0,M,0.0,0000*51
$GPRMC,225156.00,A,3721.228486,N,12203.688319,W,056.5,159.3,290520,,,A*45
$GPGGA,225157.00,3721.213852,N,12203.681444,W,7,,0.38,33.00,M,0.0,M,0.0,0000*5A
$GPRMC,225157.00,A,3721.213852,N,12203.681444,W,056.4,159.3,290520,,,A*4E
$GPGGA,225158.00,3721.199080,N,12203.674369,W,7,,0.38,33.68,M,0.0,M,0.0,0000*5F
$GPRMC,225158.00,A,3721.199080,N,12203.674369,W,056.4,159.0,290520,,,A*46
$GPGGA,225159.00,3721.184469,N,12203.667475,W,7,,0.38,34.10,M,0.0,M,0.0,0000*51
$GPRMC,225159.00,A,3721.184469,N,12203.667475,W,056.5,159.4,290520,,,A*45
$GPGGA,225200.00,3721.170262,N,12203.660911,W,7,,0.38,34.51,M,0.0,M,0.0,0000*55
$GPRMC,225200.00,A,3721.170262,N,12203.660911,W,056.6,160.0,290520,,,A*49
$GPGGA,225201.00,3721.154794,N,12203.654161,W,7,,0.38,34.67,M,0.0,M,0.0,0000*53
$GPRMC,225201.00,A,3721.154794,N,12203.654161,W,056.9,161.3,290520,,,A*47
$GPGGA,225202.00,3721.139800,N,12203.648012,W,7,,0.38,34.97,M,0.0,M,0.0,0000*5E
$GPRMC,225202.00,A,3721.139800,N,12203.648012,W,057.0,162.4,290520,,,A*49
$GPGGA,225203.00,3721.124614,N,12203.642252,W,7,,0.38,34.96,M,0.0,M,0.0,0000*55
$GPRMC,225203.00,A,3721.124614,N,12203.642252,W,057.2,163.8,290520,,,A*4C
$GPGGA,225204.00,3721.109296,N,12203.636912,W,7,,0.38,34.76,M,0.0,M,0.0,0000*51
$GPRMC,225204.00,A,3721.109296,N,12203.636912,W,057.4,165.0,290520,,,A*4E
$GPGGA,225205.00,3721.093659,N,12203.631889,W,7,,0.38,34.60,M,0.0,M,0.0,0000*56
$GPRMC,225205.00,A,3721.093659,N,12203.631889,W,057.8,165.9,290520,,,A*4B
$GPGGA,225206.00,3721.077981,N,12203.627198,W,7,,0.38,34.22,M,0.0,M,0.0,0000*5D
$GPRMC,225206.00,A,3721.077981,N,12203.627198,W,058.3,166.9,290520,,,A*41
$GPGGA,225207.00,3721.062117,N,12203.622853,W,7,,0.38,33.87,M,0.0,M,0.0,0000*5C
$GPRMC,225207.00,A,3721.062117,N,12203.622853,W,058.7,168.0,290520,,,A*4B
$GPGGA,225208.00,3721.046469,N,12203.618882,W,7,,0.38,33.32,M,0.0,M,0.0,0000*52
$GPRMC,225208.00,A,3721.046469,N,12203.618882,W,058.8,169.0,290520,,,A*45
$GPGGA,225209.00,3721.029952,N,12203.615090,W,7,,0.38,32.78,M,0.0,M,0.0,0000*56
$GPRMC,225209.00,A,3721.029952,N,12203.615090,W,058.5,170.2,290520,,,A*49
$GPGGA,225210.00,3721.013944,N,12203.611946,W,7,,0.38,32.38,M,0.0,M,0.0,0000*52
$GPRMC,225210.00,A,3721.013944,N,12203.611946,W,058.5,171.7,290520,,,A*4D
$GPGGA,225211.00,3720.998284,N,12203.609360,W,7,,0.38,32.20,M,0.0,M,0.0,0000*51
$GPRMC,225211.00,A,3720.998284,N,12203.609360,W,058.0,173.0,290520,,,A*47
$GPGGA,225212.00,3720.981832,N,12203.607085,W,7,,0.38,32.29,M,0.0,M,0.0,0000*52
$GPRMC,225212.00,A,3720.981832,N,12203.607085,W,057.4,174.1,290520,,,A*40
$GPGGA,225213.00,3720.966093,N,12203.605249,W,7,,0.38,32.62,M,0.0,M,0.0,0000*56
$GPRMC,225213.00,A,3720.966093,N,12203.605249,W,056.6,175.1,290520,,,A*49
$GPGGA,225214.00,3720.950530,N,12203.603792,W,7,,0.38,32.98,M,0.0,M,0.0,0000*58
$GPRMC,225214.00,A,3720.950530,N,12203.603792,W,056.1,176.1,290520,,,A*46
$GPGGA,225215.00,3720.934846,N,12203.602531,W,7,,0.38,33.42,M,0.0,M,0.0,0000*5B
$GPRMC,225215.00,A,3720.934846,N,12203.602531,W,056.2,177.0,290520,,,A*40
$GPGGA,225216.00,3720.919725,N,12203.601571,W,7,,0.38,33.82,M,0.0,M,0.0,0000*56
$GPRMC,225216.00,A,3720.919725,N,12203.601571,W,056.5,177.3,290520,,,A*45
$GPGGA,225217.00,3720.903514,N,12203.600893,W,7,,0.38,34.19,M,0.0,M,0.0,0000*59
$GPRMC,225217.00,A,3720.903514,N,12203.600893,W,056.7,178.5,290520,,,A*44
$GPGGA,225218.00,3720.887619,N,12203.600593,W,7,,0.38,34.52,M,0.0,M,0.0,0000*57
$GPRMC,225218.00,A,3720.887619,N,12203.600593,W,056.9,179.6,290520,,,A*49
$GPGGA,225219.00,3720.871827,N,12203.600695,W,7,,0.38,34.70,M,0.0,M,0.0,0000*59
$GPRMC,225219.00,A,3720.871827,N,12203.600695,W,057.0,180.2,290520,,,A*4D
$GPGGA,225220.00,3720.855982,N,12203.600749,W,7,,0.38,35.04,M,0.0,M,0.0,0000*59
$GPRMC,225220.00,A,3720.855982,N,12203.600749,W,057.0,180.0,290520,,,A*4D
$GPGGA,225221.00,3720.840051,N,12203.600834,W,7,,0.38,35.38,M,0.0,M,0.0,0000*51
$GPRMC,225221.00,A,3720.840051,N,12203.600834,W,056.8,180.5,290520,,,A*46
$GPGGA,225222.00,3720.824374,N,12203.600995,W,7,,0.38,35.55,M,0.0,M,0.0,0000*55
$GPRMC,225222.00,A,3720.824374,N,12203.600995,W,056.5,180.4,290520,,,A*45
$GPGGA,225223.00,3720.808762,N,12203.601116,W,7,,0.38,35.96,M,0.0,M,0.0,0000*54
$GPRMC,225223.00,A,3720.808762,N,12203.601116,W,056.2,180.2,290520,,,A*4A
$GPGGA,225224.00,3720.793671,N,12203.601151,W,7,,0.38,36.32,M,0.0,M,0.0,0000*53
$GPRMC,225224.00,A,3720.793671,N,12203.601151,W,056.2,180.4,290520,,,A*46
$GPGGA,225225.00,3720.777453,N,12203.601236,W,7,,0.38,36.72,M,0.0,M,0.0,0000*5C
$GPRMC,225225.00,A,3720.777453,N,12203.601236,W,056.3,180.0,290520,,,A*48
$GPGGA,225226.00,3720.761842,N,12203.601248,W,7,,0.38,37.07,M,0.0,M,0.0,0000*5E
$GPRMC,225226.00,A,3720.761842,N,12203.601248,W,056.3,179.8,290520,,,A*47
$GPGGA,225227.00,3720.746230,N,12203.601169,W,7,,0.38,37.50,M,0.0,M,0.0,0000*57
$GPRMC,225227.00,A,3720.746230,N,12203.601169,W,056.4,179.9,290520,,,A*4A
$GPGGA,225228.00,3720.730396,N,12203.601122,W,7,,0.38,37.81,M,0.0,M,0.0,0000*57
$GPRMC,225228.00,A,3720.730396,N,12203.601122,W,056.4,179.9,290520,,,A*46
$GPGGA,225229.00,3720.714837,N,12203.601085,W,7,,0.38,38.12,M,0.0,M,0.0,0000*59
$GPRMC,225229.00,A,3720.714837,N,12203.601085,W,055.8,179.9,290520,,,A*42
$GPGGA,225230.00,3720.699472,N,12203.600978,W,7,,0.38,38.52,M,0.0,M,0.0,0000*56
$GPRMC,225230.00,A,3720.699472,N,12203.600978,W,055.1,179.8,290520,,,A*41
$GPGGA,225231.00,3720.684609,N,12203.600918,W,7,,0.38,38.80,M,0.0,M,0.0,0000*5C
$GPRMC,225231.00,A,3720.684609,N,12203.600918,W,054.6,179.6,290520,,,A*4C
$GPGGA,225232.00,3720.669429,N,12203.600755,W,7,,0.38,39.08,M,0.0,M,0.0,0000*5A
$GPRMC,225232.00,A,3720.669429,N,12203.600755,W,054.6,179.4,290520,,,A*49
$GPGGA,225233.00,3720.653811,N,12203.600528,W,7,,0.38,39.41,M,0.0,M,0.0,0000*50
$GPRMC,225233.00,A,3720.653811,N,12203.600528,W,054.4,179.5,290520,,,A*4D
$GPGGA,225234.00,3720.638728,N,12203.600323,W,7,,0.38,39.51,M,0.0,M,0.0,0000*53
$GPRMC,225234.00,A,3720.638728,N,12203.600323,W,054.3,179.4,290520,,,A*49
$GPGGA,225235.00,3720.623565,N,12203.600096,W,7,,0.38,39.70,M,0.0,M,0.0,0000*5D
$GPRMC,225235.00,A,3720.623565,N,12203.600096,W,054.1,179.5,290520,,,A*47
$GPGGA,225236.00,3720.608541,N,12203.600030,W,7,,0.38,39.77,M,0.0,M,0.0,0000*5A
$GPRMC,225236.00,A,3720.608541,N,12203.600030,W,054.2,180.1,290520,,,A*46
$GPGGA,225237.00,3720.593427,N,12203.600077,W,7,,0.38,39.86,M,0.0,M,0.0,0000*56
$GPRMC,225237.00,A,3720.593427,N,12203.600077,W,054.5,180.4,290520,,,A*46
$GPGGA,225238.00,3720.578151,N,12203.600246,W,7,,0.38,40.04,M,0.0,M,0.0,0000*5C
$GPRMC,225238.00,A,3720.578151,N,12203.600246,W,054.7,180.7,290520,,,A*49
$GPGGA,225239.00,3720.562912,N,12203.600384,W,7,,0.38,40.36,M,0.0,M,0.0,0000*57
$GPRMC,225239.00,A,3720.562912,N,12203.600384,W,055.2,180.6,290520,,,A*46
$GPGGA,225240.00,3720.548104,N,12203.600593,W,7,,0.38,40.39,M,0.0,M,0.0,0000*51
$GPRMC,225240.00,A,3720.548104,N,12203.600593,W,055.4,180.5,290520,,,A*4A
$GPGGA,225241.00,3720.532048,N,12203.600755,W,7,,0.38,40.52,M,0.0,M,0.0,0000*51
$GPRMC,225241.00,A,3720.532048,N,12203.600755,W,055.8,180.3,290520,,,A*4D
$GPGGA,225242.00,3720.516525,N,12203.600834,W,7,,0.38,40.61,M,0.0,M,0.0,0000*52
$GPRMC,225242.00,A,3720.516525,N,12203.600834,W,056.1,180.0,290520,,,A*47
$GPGGA,225243.00,3720.500866,N,12203.600792,W,7,,0.38,40.79,M,0.0,M,0.0,0000*54
$GPRMC,225243.00,A,3720.500866,N,12203.600792,W,056.6,179.8,290520,,,A*41
$GPGGA,225244.00,3720.484647,N,12203.600767,W,7,,0.38,40.84,M,0.0,M,0.0,0000*5B
$GPRMC,225244.00,A,3720.484647,N,12203.600767,W,056.8,180.0,290520,,,A*4C
$GPGGA,225245.00,3720.469162,N,12203.600755,W,7,,0.38,40.96,M,0.0,M,0.0,0000*5B
$GPRMC,225245.00,A,3720.469162,N,12203.600755,W,057.1,179.9,290520,,,A*48
$GPGGA,225246.00,3720.453267,N,12203.600707,W,7,,0.38,41.10,M,0.0,M,0.0,0000*5F
$GPRMC,225246.00,A,3720.453267,N,12203.600707,W,057.4,179.8,290520,,,A*47
$GPGGA,225247.00,3720.437367,N,12203.600660,W,7,,0.38,41.09,M,0.0,M,0.0,0000*55
$GPRMC,225247.00,A,3720.437367,N,12203.600660,W,057.5,180.0,290520,,,A*4A
$GPGGA,225248.00,3720.421743,N,12203.600605,W,7,,0.38,41.12,M,0.0,M,0.0,0000*56
$GPRMC,225248.00,A,3720.421743,N,12203.600605,W,057.6,179.8,290520,,,A*4E
$GPGGA,225249.00,3720.405327,N,12203.600576,W,7,,0.38,41.10,M,0.0,M,0.0,0000*52
$GPRMC,225249.00,A,3720.405327,N,12203.600576,W,057.3,179.9,290520,,,A*4C
$GPGGA,225250.00,3720.389626,N,12203.600576,W,7,,0.38,41.20,M,0.0,M,0.0,0000*5E
$GPRMC,225250.00,A,3720.389626,N,12203.600576,W,056.4,180.2,290520,,,A*48
$GPGGA,225251.00,3720.374446,N,12203.600605,W,7,,0.38,41.50,M,0.0,M,0.0,0000*59
$GPRMC,225251.00,A,3720.374446,N,12203.600605,W,055.6,180.3,290520,,,A*48
$GPGGA,225252.00,3720.358690,N,12203.600558,W,7,,0.38,41.80,M,0.0,M,0.0,0000*5B
$GPRMC,225252.00,A,3720.358690,N,12203.600558,W,054.6,179.7,290520,,,A*44
$GPGGA,225253.00,3720.343594,N,12203.600251,W,7,,0.38,42.11,M,0.0,M,0.0,0000*52
$GPRMC,225253.00,A,3720.343594,N,12203.600251,W,054.2,179.0,290520,,,A*45
$GPGGA,225254.00,3720.328395,N,12203.599831,W,7,,0.38,42.30,M,0.0,M,0.0,0000*53
$GPRMC,225254.00,A,3720.328395,N,12203.599831,W,054.4,178.4,290520,,,A*44
$GPGGA,225255.00,3720.313335,N,12203.599082,W,7,,0.38,42.48,M,0.0,M,0.0,0000*5F
$GPRMC,225255.00,A,3720.313335,N,12203.599082,W,054.6,177.1,290520,,,A*4F
$GPGGA,225256.00,3720.298684,N,12203.597677,W,7,,0.38,42.68,M,0.0,M,0.0,0000*51
$GPRMC,225256.00,A,3720.298684,N,12203.597677,W,054.9,174.8,290520,,,A*46
$GPGGA,225257.00,3720.283125,N,12203.595511,W,7,,0.38,42.86,M,0.0,M,0.0,0000*57
$GPRMC,225257.00,A,3720.283125,N,12203.595511,W,054.8,172.4,290520,,,A*4B
$GPGGA,225258.00,3720.267807,N,12203.592632,W,7,,0.38,42.99,M,0.0,M,0.0,0000*50
$GPRMC,225258.00,A,3720.267807,N,12203.592632,W,055.4,170.5,290520,,,A*4C
$GPGGA,225259.00,3720.252741,N,12203.588989,W,7,,0.38,43.24,M,0.0,M,0.0,0000*59
$GPRMC,225259.00,A,3720.252741,N,12203.588989,W,055.6,168.4,290520,,,A*48
$GPGGA,225300.00,3720.237688,N,12203.584753,W,7,,0.38,43.57,M,0.0,M,0.0,0000*52
$GPRMC,225300.00,A,3720.237688,N,12203.584753,W,055.7,166.7,290520,,,A*4B
$GPGGA,225301.00,3720.222736,N,12203.580350,W,7,,0.38,44.05,M,0.0,M,0.0,0000*50
$GPRMC,225301.00,A,3720.222736,N,12203.580350,W,055.1,166.3,290520,,,A*4B
$GPGGA,225302.00,3720.207831,N,12203.575742,W,7,,0.38,44.98,M,0.0,M,0.0,0000*55
$GPRMC,225302.00,A,3720.207831,N,12203.575742,W,055.0,166.4,290520,,,A*4C
$GPGGA,225303.00,3720.193000,N,12203.571265,W,7,,0.38,45.72,M,0.0,M,0.0,0000*51
$GPRMC,225303.00,A,3720.193000,N,12203.571265,W,054.7,166.7,290520,,,A*48
$GPGGA,225304.00,3720.178624,N,12203.566982,W,7,,0.38,46.51,M,0.0,M,0.0,0000*55
$GPRMC,225304.00,A,3720.178624,N,12203.566982,W,054.0,166.8,290520,,,A*46
$GPGGA,225305.00,3720.163768,N,12203.562703,W,7,,0.38,47.52,M,0.0,M,0.0,0000*56
$GPRMC,225305.00,A,3720.163768,N,12203.562703,W,052.8,166.6,290520,,,A*47
$GPGGA,225306.00,3720.149607,N,12203.558815,W,7,,0.38,48.31,M,0.0,M,0.0,0000*5E
$GPRMC,225306.00,A,3720.149607,N,12203.558815,W,051.4,168.0,290520,,,A*42
$GPGGA,225307.00,3720.135874,N,12203.555402,W,7,,0.38,49.03,M,0.0,M,0.0,0000*59
$GPRMC,225307.00,A,3720.135874,N,12203.555402,W,049.8,168.9,290520,,,A*49
$GPGGA,225308.00,3720.122379,N,12203.552228,W,7,,0.38,50.04,M,0.0,M,0.0,0000*50
$GPRMC,225308.00,A,3720.122379,N,12203.552228,W,048.1,170.1,290520,,,A*46
$GPGGA,225309.00,3720.109708,N,12203.549533,W,7,,0.38,50.89,M,0.0,M,0.0,0000*58
$GPRMC,225309.00,A,3720.109708,N,12203.549533,W,045.3,169.9,290520,,,A*44
$GPGGA,225310.00,3720.097666,N,12203.547032,W,7,,0.38,51.48,M,0.0,M,0.0,0000*59
$GPRMC,225310.00,A,3720.097666,N,12203.547032,W,043.3,169.8,290520,,,A*4E
$GPGGA,225311.00,3720.086349,N,12203.544572,W,7,,0.38,52.24,M,0.0,M,0.0,0000*5B
$GPRMC,225311.00,A,3720.086349,N,12203.544572,W,041.8,169.9,290520,,,A*4D
$GPGGA,225312.00,3720.075238,N,12203.542201,W,7,,0.38,52.88,M,0.0,M,0.0,0000*50
$GPRMC,225312.00,A,3720.075238,N,12203.542201,W,039.7,170.3,290520,,,A*42
$GPGGA,225313.00,3720.064354,N,12203.540143,W,7,,0.38,53.69,M,0.0,M,0.0,0000*53
$GPRMC,225313.00,A,3720.064354,N,12203.540143,W,037.4,170.6,290520,,,A*47
$GPGGA,225314.00,3720.054465,N,12203.538182,W,7,,0.38,53.90,M,0.0,M,0.0,0000*56
$GPRMC,225314.00,A,3720.054465,N,12203.538182,W,034.7,171.0,290520,,,A*43
$GPGGA,225315.00,3720.045070,N,12203.536441,W,7,,0.38,54.09,M,0.0,M,0.0,0000*54
$GPRMC,225315.00,A,3720.045070,N,12203.536441,W,033.9,171.5,290520,,,A*4A
$GPGGA,225316.00,3720.035919,N,12203.535157,W,7,,0.38,54.23,M,0.0,M,0.0,0000*5F
$GPRMC,225316.00,A,3720.035919,N,12203.535157,W,032.9,175.2,290520,,,A*4B
$GPGGA,225317.00,3720.026841,N,12203.535145,W,7,,0.38,53.98,M,0.0,M,0.0,0000*54
$GPRMC,225317.00,A,3720.026841,N,12203.535145,W,032.5,182.2,290520,,,A*43
$GPGGA,225318.00,3720.017818,N,12203.536651,W,7,,0.38,53.48,M,0.0,M,0.0,0000*59
$GPRMC,225318.00,A,3720.017818,N,12203.536651,W,032.6,190.1,290520,,,A*40
$GPGGA,225319.00,3720.009291,N,12203.539850,W,7,,0.38,53.24,M,0.0,M,0.0,0000*56
$GPRMC,225319.00,A,3720.009291,N,12203.539850,W,032.2,201.7,290520,,,A*4C
$GPGGA,225320.00,3720.001732,N,12203.544938,W,7,,0.38,52.90,M,0.0,M,0.0,0000*53
$GPRMC,225320.00,A,3720.001732,N,12203.544938,W,032.0,213.4,290520,,,A*45
$GPGGA,225321.00,3719.994688,N,12203.552377,W,7,,0.38,52.38,M,0.0,M,0.0,0000*59
$GPRMC,225321.00,A,3719.994688,N,12203.552377,W,031.8,225.4,290520,,,A*43
$GPGGA,225322.00,3719.989227,N,12203.560939,W,7,,0.38,51.84,M,0.0,M,0.0,0000*52
$GPRMC,225322.00,A,3719.989227,N,12203.560939,W,031.6,236.3,290520,,,A*47
$GPGGA,225323.00,3719.984883,N,12203.570438,W,7,,0.38,51.70,M,0.0,M,0.0,0000*5C
$GPRMC,225323.00,A,3719.984883,N,12203.570438,W,031.4,243.2,290520,,,A*43
$GPGGA,225324.00,3719.981578,N,12203.580914,W,7,,0.38,51.69,M,0.0,M,0.0,0000*53
$GPRMC,225324.00,A,3719.981578,N,12203.580914,W,032.6,251.2,290520,,,A*46
$GPGGA,225325.00,3719.979045,N,12203.592079,W,7,,0.38,51.72,M,0.0,M,0.0,0000*55
$GPRMC,225325.00,A,3719.979045,N,12203.592079,W,033.6,256.3,290520,,,A*4D
$GPGGA,225326.00,3719.977269,N,12203.603822,W,7,,0.38,51.74,M,0.0,M,0.0,0000*5F
$GPRMC,225326.00,A,3719.977269,N,12203.603822,W,034.6,260.6,290520,,,A*46
$GPGGA,225327.00,3719.976213,N,12203.615989,W,7,,0.38,51.72,M,0.0,M,0.0,0000*53
$GPRMC,225327.00,A,3719.976213,N,12203.615989,W,035.4,265.3,290520,,,A*4F
$GPGGA,225328.00,3719.975866,N,12203.628223,W,7,,0.38,51.85,M,0.0,M,0.0,0000*5A
$GPRMC,225328.00,A,3719.975866,N,12203.628223,W,036.3,269.8,290520,,,A*4D
$GPGGA,225329.00,3719.976406,N,12203.641441,W,7,,0.38,52.03,M,0.0,M,0.0,0000*52
$GPRMC,225329.00,A,3719.976406,N,12203.641441,W,037.2,275.2,290520,,,A*4F
$GPGGA,225330.00,3719.977858,N,12203.654342,W,7,,0.38,52.39,M,0.0,M,0.0,0000*55
$GPRMC,225330.00,A,3719.977858,N,12203.654342,W,037.7,279.7,290520,,,A*4D
$GPGGA,225331.00,3719.980137,N,12203.666984,W,7,,0.38,53.04,M,0.0,M,0.0,0000*52
$GPRMC,225331.00,A,3719.980137,N,12203.666984,W,038.3,285.0,290520,,,A*4A
$GPGGA,225332.00,3719.983455,N,12203.680303,W,7,,0.38,53.46,M,0.0,M,0.0,0000*58
$GPRMC,225332.00,A,3719.983455,N,12203.680303,W,039.0,288.5,290520,,,A*4C
$GPGGA,225333.00,3719.987200,N,12203.693227,W,7,,0.38,53.90,M,0.0,M,0.0,0000*55
$GPRMC,225333.00,A,3719.987200,N,12203.693227,W,039.8,290.1,290520,,,A*4F
$GPGGA,225334.00,3719.991262,N,12203.706482,W,7,,0.38,54.07,M,0.0,M,0.0,0000*5C
$GPRMC,225334.00,A,3719.991262,N,12203.706482,W,040.6,291.5,290520,,,A*4A
$GPGGA,225335.00,3719.995545,N,12203.719927,W,7,,0.38,54.34,M,0.0,M,0.0,0000*57
$GPRMC,225335.00,A,3719.995545,N,12203.719927,W,042.1,292.0,290520,,,A*42
$GPGGA,225336.00,3719.999752,N,12203.733008,W,7,,0.38,54.56,M,0.0,M,0.0,0000*54
$GPRMC,225336.00,A,3719.999752,N,12203.733008,W,042.0,291.2,290520,,,A*45
$GPGGA,225337.00,3720.004126,N,12203.746855,W,7,,0.38,54.83,M,0.0,M,0.0,0000*5D
$GPRMC,225337.00,A,3720.004126,N,12203.746855,W,041.4,291.1,290520,,,A*40
$GPGGA,225338.00,3720.008373,N,12203.760199,W,7,,0.38,54.87,M,0.0,M,0.0,0000*55
$GPRMC,225338.00,A,3720.008373,N,12203.760199,W,040.8,291.8,290520,,,A*48
$GPGGA,225339.00,3720.012556,N,12203.773243,W,7,,0.38,54.97,M,0.0,M,0.0,0000*59
$GPRMC,225339.00,A,3720.012556,N,12203.773243,W,040.3,292.1,290520,,,A*44
$GPGGA,225340.00,3720.016815,N,12203.786390,W,7,,0.38,55.13,M,0.0,M,0.0,0000*51
$GPRMC,225340.00,A,3720.016815,N,12203.786390,W,040.9,291.8,290520,,,A*41
$GPGGA,225341.00,3720.021069,N,12203.799902,W,7,,0.38,55.30,M,0.0,M,0.0,0000*59
$GPRMC,225341.00,A,3720.021069,N,12203.799902,W,041.7,291.5,290520,,,A*4A
$GPGGA,225342.00,3720.025449,N,12203.813539,W,7,,0.38,55.77,M,0.0,M,0.0,0000*52
$GPRMC,225342.00,A,3720.025449,N,12203.813539,W,042.5,292.4,290520,,,A*41
$GPGGA,225343.00,3720.029860,N,12203.827429,W,7,,0.38,56.27,M,0.0,M,0.0,0000*59
$GPRMC,225343.00,A,3720.029860,N,12203.827429,W,043.2,291.9,290520,,,A*44
$GPGGA,225344.00,3720.034287,N,12203.841212,W,7,,0.38,56.73,M,0.0,M,0.0,0000*5E
$GPRMC,225344.00,A,3720.034287,N,12203.841212,W,043.8,292.2,290520,,,A*40
$GPGGA,225345.00,3720.038985,N,12203.855942,W,7,,0.38,57.18,M,0.0,M,0.0,0000*5D
$GPRMC,225345.00,A,3720.038985,N,12203.855942,W,044.5,291.8,290520,,,A*4C
$GPGGA,225346.00,3720.043431,N,12203.870408,W,7,,0.38,57.58,M,0.0,M,0.0,0000*50
$GPRMC,225346.00,A,3720.043431,N,12203.870408,W,044.9,290.8,290520,,,A*48
$GPGGA,225347.00,3720.047698,N,12203.885383,W,7,,0.38,58.03,M,0.0,M,0.0,0000*5B
$GPRMC,225347.00,A,3720.047698,N,12203.885383,W,046.0,289.0,290520,,,A*49
$GPGGA,225348.00,3720.051753,N,12203.900996,W,7,,0.38,58.46,M,0.0,M,0.0,0000*56
$GPRMC,225348.00,A,3720.051753,N,12203.900996,W,047.1,287.6,290520,,,A*4D
$GPGGA,225349.00,3720.055587,N,12203.916830,W,7,,0.38,59.10,M,0.0,M,0.0,0000*50
$GPRMC,225349.00,A,3720.055587,N,12203.916830,W,048.0,286.5,290520,,,A*45
$GPGGA,225350.00,3720.059121,N,12203.933161,W,7,,0.38,59.77,M,0.0,M,0.0,0000*57
$GPRMC,225350.00,A,3720.059121,N,12203.933161,W,049.0,284.5,290520,,,A*40
$GPGGA,225351.00,3720.062254,N,12203.950123,W,7,,0.38,60.52,M,0.0,M,0.0,0000*51
$GPRMC,225351.00,A,3720.062254,N,12203.950123,W,050.0,282.4,290520,,,A*44
$GPGGA,225352.00,3720.064918,N,12203.966804,W,7,,0.38,61.29,M,0.0,M,0.0,0000*53
$GPRMC,225352.00,A,3720.064918,N,12203.966804,W,051.0,280.8,290520,,,A*44
$GPGGA,225353.00,3720.067437,N,12203.984918,W,7,,0.38,62.10,M,0.0,M,0.0,0000*58
$GPRMC,225353.00,A,3720.067437,N,12203.984918,W,051.7,279.4,290520,,,A*4B
$GPGGA,225354.00,3720.069555,N,12204.003007,W,7,,0.38,62.94,M,0.0,M,0.0,0000*5E
$GPRMC,225354.00,A,3720.069555,N,12204.003007,W,052.4,277.8,290520,,,A*43
$GPGGA,225355.00,3720.071127,N,12204.021236,W,7,,0.38,63.65,M,0.0,M,0.0,0000*58
$GPRMC,225355.00,A,3720.071127,N,12204.021236,W,052.7,275.7,290520,,,A*44
$GPGGA,225356.00,3720.072183,N,12204.039410,W,7,,0.38,64.28,M,0.0,M,0.0,0000*53
$GPRMC,225356.00,A,3720.072183,N,12204.039410,W,052.3,273.6,290520,,,A*42
$GPGGA,225357.00,3720.072754,N,12204.057578,W,7,,0.38,65.14,M,0.0,M,0.0,0000*57
$GPRMC,225357.00,A,3720.072754,N,12204.057578,W,051.5,271.6,290520,,,A*4F
$GPGGA,225358.00,3720.072820,N,12204.075421,W,7,,0.38,65.89,M,0.0,M,0.0,0000*5D
$GPRMC,225358.00,A,3720.072820,N,12204.075421,W,050.9,269.9,290520,,,A*4A
$GPGGA,225359.00,3720.072346,N,12204.092888,W,7,,0.38,66.52,M,0.0,M,0.0,0000*54
$GPRMC,225359.00,A,3720.072346,N,12204.092888,W,049.6,266.4,290520,,,A*43
$GPGGA,225400.00,3720.071085,N,12204.109687,W,7,,0.38,67.24,M,0.0,M,0.0,0000*52
$GPRMC,225400.00,A,3720.071085,N,12204.109687,W,050.1,263.5,290520,,,A*4E
$GPGGA,225401.00,3720.069328,N,12204.127688,W,7,,0.38,68.00,M,0.0,M,0.0,0000*54
$GPRMC,225401.00,A,3720.069328,N,12204.127688,W,050.2,262.8,290520,,,A*4E
$GPGGA,225402.00,3720.067462,N,12204.145015,W,7,,0.38,68.37,M,0.0,M,0.0,0000*52
$GPRMC,225402.00,A,3720.067462,N,12204.145015,W,050.4,262.5,290520,,,A*47
$GPGGA,225403.00,3720.065511,N,12204.162404,W,7,,0.38,68.91,M,0.0,M,0.0,0000*59
$GPRMC,225403.00,A,3720.065511,N,12204.162404,W,050.6,261.9,290520,,,A*4D
$GPGGA,225404.00,3720.063249,N,12204.179984,W,7,,0.38,69.44,M,0.0,M,0.0,0000*54
$GPRMC,225404.00,A,3720.063249,N,12204.179984,W,050.9,259.9,290520,,,A*4D
$GPGGA,225405.00,3720.060519,N,12204.197383,W,7,,0.38,69.68,M,0.0,M,0.0,0000*57
$GPRMC,225405.00,A,3720.060519,N,12204.197383,W,051.3,258.3,290520,,,A*40
$GPGGA,225406.00,3720.057513,N,12204.214766,W,7,,0.38,69.65,M,0.0,M,0.0,0000*50
$GPRMC,225406.00,A,3720.057513,N,12204.214766,W,051.4,257.5,290520,,,A*44
$GPGGA,225407.00,3720.054495,N,12204.231848,W,7,,0.38,69.75,M,0.0,M,0.0,0000*58
$GPRMC,225407.00,A,3720.054495,N,12204.231848,W,051.5,257.6,290520,,,A*4F
$GPGGA,225408.00,3720.051340,N,12204.249361,W,7,,0.38,69.87,M,0.0,M,0.0,0000*5F
$GPRMC,225408.00,A,3720.051340,N,12204.249361,W,051.6,257.0,290520,,,A*40
$GPGGA,225409.00,3720.047908,N,12204.267638,W,7,,0.38,70.14,M,0.0,M,0.0,0000*58
$GPRMC,225409.00,A,3720.047908,N,12204.267638,W,052.3,256.7,290520,,,A*45
$GPGGA,225410.00,3720.044524,N,12204.285349,W,7,,0.38,70.45,M,0.0,M,0.0,0000*5A
$GPRMC,225410.00,A,3720.044524,N,12204.285349,W,052.6,256.7,290520,,,A*46
$GPGGA,225411.00,3720.041223,N,12204.302864,W,7,,0.38,70.61,M,0.0,M,0.0,0000*52
$GPRMC,225411.00,A,3720.041223,N,12204.302864,W,053.1,256.8,290520,,,A*41
$GPGGA,225412.00,3720.037804,N,12204.321482,W,7,,0.38,70.94,M,0.0,M,0.0,0000*50
$GPRMC,225412.00,A,3720.037804,N,12204.321482,W,053.5,257.2,290520,,,A*46
$GPGGA,225413.00,3720.034480,N,12204.339655,W,7,,0.38,71.23,M,0.0,M,0.0,0000*5E
$GPRMC,225413.00,A,3720.034480,N,12204.339655,W,053.8,257.2,290520,,,A*48
$GPGGA,225414.00,3720.031132,N,12204.358232,W,7,,0.38,71.41,M,0.0,M,0.0,0000*56
$GPRMC,225414.00,A,3720.031132,N,12204.358232,W,054.8,257.2,290520,,,A*43
$GPGGA,225415.00,3720.027825,N,12204.376963,W,7,,0.38,71.69,M,0.0,M,0.0,0000*56
$GPRMC,225415.00,A,3720.027825,N,12204.376963,W,055.6,258.0,290520,,,A*4B
$GPGGA,225416.00,3720.024789,N,12204.395467,W,7,,0.38,72.10,M,0.0,M,0.0,0000*56
$GPRMC,225416.00,A,3720.024789,N,12204.395467,W,056.5,258.8,290520,,,A*4E
$GPGGA,225417.00,3720.021921,N,12204.415759,W,7,,0.38,72.92,M,0.0,M,0.0,0000*55
$GPRMC,225417.00,A,3720.021921,N,12204.415759,W,057.2,260.5,290520,,,A*47
$GPGGA,225418.00,3720.019642,N,12204.435505,W,7,,0.38,73.85,M,0.0,M,0.0,0000*55
$GPRMC,225418.00,A,3720.019642,N,12204.435505,W,057.7,262.7,290520,,,A*45
$GPGGA,225419.00,3720.018015,N,12204.455527,W,7,,0.38,74.66,M,0.0,M,0.0,0000*5D
$GPRMC,225419.00,A,3720.018015,N,12204.455527,W,058.2,265.3,290520,,,A*4E
$GPGGA,225420.00,3720.017091,N,12204.475807,W,7,,0.38,75.51,M,0.0,M,0.0,0000*5C
$GPRMC,225420.00,A,3720.017091,N,12204.475807,W,058.7,267.5,290520,,,A*4B
$GPGGA,225421.00,3720.016894,N,12204.496459,W,7,,0.38,76.29,M,0.0,M,0.0,0000*57
$GPRMC,225421.00,A,3720.016894,N,12204.496459,W,059.0,270.3,290520,,,A*4A
$GPGGA,225422.00,3720.017421,N,12204.516985,W,7,,0.38,77.01,M,0.0,M,0.0,0000*59
$GPRMC,225422.00,A,3720.017421,N,12204.516985,W,059.2,272.7,290520,,,A*4B
$GPGGA,225423.00,3720.018591,N,12204.537542,W,7,,0.38,77.46,M,0.0,M,0.0,0000*5A
$GPRMC,225423.00,A,3720.018591,N,12204.537542,W,059.4,275.0,290520,,,A*4D
$GPGGA,225424.00,3720.020326,N,12204.557557,W,7,,0.38,77.80,M,0.0,M,0.0,0000*54
$GPRMC,225424.00,A,3720.020326,N,12204.557557,W,059.4,277.1,290520,,,A*4A
$GPGGA,225425.00,3720.022774,N,12204.578630,W,7,,0.38,78.31,M,0.0,M,0.0,0000*5E
$GPRMC,225425.00,A,3720.022774,N,12204.578630,W,059.5,279.4,290520,,,A*4F
$GPGGA,225426.00,3720.025870,N,12204.598843,W,7,,0.38,78.26,M,0.0,M,0.0,0000*53
$GPRMC,225426.00,A,3720.025870,N,12204.598843,W,059.5,282.7,290520,,,A*43
$GPGGA,225427.00,3720.029776,N,12204.618565,W,7,,0.38,78.31,M,0.0,M,0.0,0000*53
$GPRMC,225427.00,A,3720.029776,N,12204.618565,W,060.0,284.9,290520,,,A*42
$GPGGA,225428.00,3720.034437,N,12204.639338,W,7,,0.38,78.27,M,0.0,M,0.0,0000*5C
$GPRMC,225428.00,A,3720.034437,N,12204.639338,W,060.4,286.4,290520,,,A*41
$GPGGA,225429.00,3720.039700,N,12204.659372,W,7,,0.38,78.32,M,0.0,M,0.0,0000*5B
$GPRMC,225429.00,A,3720.039700,N,12204.659372,W,060.8,289.6,290520,,,A*43
$GPGGA,225430.00,3720.045718,N,12204.679082,W,7,,0.38,78.26,M,0.0,M,0.0,0000*5A
$GPRMC,225430.00,A,3720.045718,N,12204.679082,W,061.2,291.7,290520,,,A*44
$GPGGA,225431.00,3720.052294,N,12204.698215,W,7,,0.38,77.80,M,0.0,M,0.0,0000*5C
$GPRMC,225431.00,A,3720.052294,N,12204.698215,W,061.6,294.2,290520,,,A*45
$GPGGA,225432.00,3720.059739,N,12204.717542,W,7,,0.38,77.30,M,0.0,M,0.0,0000*5E
$GPRMC,225432.00,A,3720.059739,N,12204.717542,W,062.0,296.8,290520,,,A*41
$GPGGA,225433.00,3720.068302,N,12204.737083,W,7,,0.38,76.60,M,0.0,M,0.0,0000*5F
$GPRMC,225433.00,A,3720.068302,N,12204.737083,W,062.4,299.8,290520,,,A*4F
$GPGGA,225434.00,3720.077422,N,12204.755888,W,7,,0.38,76.00,M,0.0,M,0.0,0000*52
$GPRMC,225434.00,A,3720.077422,N,12204.755888,W,062.8,302.1,290520,,,A*42
$GPGGA,225435.00,3720.087177,N,12204.774019,W,7,,0.38,75.46,M,0.0,M,0.0,0000*5B
$GPRMC,225435.00,A,3720.087177,N,12204.774019,W,063.2,304.7,290520,,,A*41
$GPGGA,225436.00,3720.097575,N,12204.791762,W,7,,0.38,74.98,M,0.0,M,0.0,0000*5D
$GPRMC,225436.00,A,3720.097575,N,12204.791762,W,063.4,307.1,290520,,,A*46
$GPGGA,225437.00,3720.108705,N,12204.809030,W,7,,0.38,74.39,M,0.0,M,0.0,0000*5B
$GPRMC,225437.00,A,3720.108705,N,12204.809030,W,063.3,309.9,290520,,,A*4A
$GPGGA,225438.00,3720.120309,N,12204.825548,W,7,,0.38,74.01,M,0.0,M,0.0,0000*59
$GPRMC,225438.00,A,3720.120309,N,12204.825548,W,063.3,312.3,290520,,,A*43
$GPGGA,225439.00,3720.132279,N,12204.841609,W,7,,0.38,73.66,M,0.0,M,0.0,0000*5F
$GPRMC,225439.00,A,3720.132279,N,12204.841609,W,063.1,313.2,290520,,,A*41
$GPGGA,225440.00,3720.144087,N,12204.856880,W,7,,0.38,73.17,M,0.0,M,0.0,0000*5C
$GPRMC,225440.00,A,3720.144087,N,12204.856880,W,063.3,313.8,290520,,,A*4C
$GPGGA,225441.00,3720.156891,N,12204.873374,W,7,,0.38,72.40,M,0.0,M,0.0,0000*55
$GPRMC,225441.00,A,3720.156891,N,12204.873374,W,063.7,313.7,290520,,,A*4D
$GPGGA,225442.00,3720.169210,N,12204.889333,W,7,,0.38,71.88,M,0.0,M,0.0,0000*58
$GPRMC,225442.00,A,3720.169210,N,12204.889333,W,064.0,313.6,290520,,,A*46
$GPGGA,225443.00,3720.181527,N,12204.905366,W,7,,0.38,71.55,M,0.0,M,0.0,0000*59
$GPRMC,225443.00,A,3720.181527,N,12204.905366,W,064.0,313.7,290520,,,A*46
$GPGGA,225444.00,3720.193900,N,12204.921565,W,7,,0.38,71.68,M,0.0,M,0.0,0000*59
$GPRMC,225444.00,A,3720.193900,N,12204.921565,W,063.6,313.7,290520,,,A*49
$GPGGA,225445.00,3720.206014,N,12204.937615,W,7,,0.38,71.99,M,0.0,M,0.0,0000*56
$GPRMC,225445.00,A,3720.206014,N,12204.937615,W,063.4,313.3,290520,,,A*4E
$GPGGA,225446.00,3720.217984,N,12204.953707,W,7,,0.38,72.44,M,0.0,M,0.0,0000*56
$GPRMC,225446.00,A,3720.217984,N,12204.953707,W,063.4,312.7,290520,,,A*48
$GPGGA,225447.00,3720.229450,N,12204.969715,W,7,,0.38,72.96,M,0.0,M,0.0,0000*5B
$GPRMC,225447.00,A,3720.229450,N,12204.969715,W,063.3,311.4,290520,,,A*4D
$GPGGA,225448.00,3720.240820,N,12204.986395,W,7,,0.38,73.88,M,0.0,M,0.0,0000*53
$GPRMC,225448.00,A,3720.240820,N,12204.986395,W,063.1,309.8,290520,,,A*4C
$GPGGA,225449.00,3720.252124,N,12205.003910,W,7,,0.38,74.67,M,0.0,M,0.0,0000*58
$GPRMC,225449.00,A,3720.252124,N,12205.003910,W,062.8,308.2,290520,,,A*42
$GPGGA,225450.00,3720.262630,N,12205.021340,W,7,,0.38,75.52,M,0.0,M,0.0,0000*59
$GPRMC,225450.00,A,3720.262630,N,12205.021340,W,062.7,306.6,290520,,,A*41
$GPGGA,225451.00,3720.272571,N,12205.038601,W,7,,0.38,76.09,M,0.0,M,0.0,0000*5A
$GPRMC,225451.00,A,3720.272571,N,12205.038601,W,062.6,305.5,290520,,,A*4E
$GPGGA,225452.00,3720.282964,N,12205.056955,W,7,,0.38,76.39,M,0.0,M,0.0,0000*5B
$GPRMC,225452.00,A,3720.282964,N,12205.056955,W,062.7,305.4,290520,,,A*4C
$GPGGA,225453.00,3720.292984,N,12205.074835,W,7,,0.38,76.61,M,0.0,M,0.0,0000*5F
$GPRMC,225453.00,A,3720.292984,N,12205.074835,W,062.9,305.0,290520,,,A*4F
$GPGGA,225454.00,3720.303069,N,12205.093045,W,7,,0.38,76.76,M,0.0,M,0.0,0000*5B
$GPRMC,225454.00,A,3720.303069,N,12205.093045,W,063.2,304.7,290520,,,A*41
$GPGGA,225455.00,3720.313041,N,12205.111111,W,7,,0.38,76.72,M,0.0,M,0.0,0000*5E
$GPRMC,225455.00,A,3720.313041,N,12205.111111,W,063.4,304.8,290520,,,A*49
$GPGGA,225456.00,3720.322785,N,12205.128674,W,7,,0.38,76.56,M,0.0,M,0.0,0000*58
$GPRMC,225456.00,A,3720.322785,N,12205.128674,W,063.6,305.0,290520,,,A*42
$GPGGA,225457.00,3720.333340,N,12205.147507,W,7,,0.38,76.27,M,0.0,M,0.0,0000*5C
$GPRMC,225457.00,A,3720.333340,N,12205.147507,W,063.7,305.3,290520,,,A*42
$GPGGA,225458.00,3720.343624,N,12205.165526,W,7,,0.38,75.80,M,0.0,M,0.0,0000*5E
$GPRMC,225458.00,A,3720.343624,N,12205.165526,W,063.9,305.6,290520,,,A*45
$GPGGA,225459.00,3720.353817,N,12205.183687,W,7,,0.38,75.26,M,0.0,M,0.0,0000*5C
$GPRMC,225459.00,A,3720.353817,N,12205.183687,W,064.0,304.7,290520,,,A*45
$GPGGA,225500.00,3720.363916,N,12205.201946,W,7,,0.38,74.40,M,0.0,M,0.0,0000*58
$GPRMC,225500.00,A,3720.363916,N,12205.201946,W,064.0,304.6,290520,,,A*41
$GPGGA,225501.00,3720.374122,N,12205.220444,W,7,,0.38,73.59,M,0.0,M,0.0,0000*53
$GPRMC,225501.00,A,3720.374122,N,12205.220444,W,064.0,304.7,290520,,,A*44
$GPGGA,225502.00,3720.384124,N,12205.238756,W,7,,0.38,72.87,M,0.0,M,0.0,0000*52
$GPRMC,225502.00,A,3720.384124,N,12205.238756,W,063.7,304.1,290520,,,A*41
$GPGGA,225503.00,3720.394012,N,12205.257056,W,7,,0.38,71.97,M,0.0,M,0.0,0000*5A
$GPRMC,225503.00,A,3720.394012,N,12205.257056,W,063.3,304.1,290520,,,A*4F
$GPGGA,225504.00,3720.403528,N,12205.274743,W,7,,0.38,71.09,M,0.0,M,0.0,0000*5D
$GPRMC,225504.00,A,3720.403528,N,12205.274743,W,062.6,304.0,290520,,,A*4A
$GPGGA,225505.00,3720.413374,N,12205.293367,W,7,,0.38,70.23,M,0.0,M,0.0,0000*50
$GPRMC,225505.00,A,3720.413374,N,12205.293367,W,062.2,302.9,290520,,,A*45
$GPGGA,225506.00,3720.422631,N,12205.311607,W,7,,0.38,69.24,M,0.0,M,0.0,0000*52
$GPRMC,225506.00,A,3720.422631,N,12205.311607,W,062.2,301.9,290520,,,A*4B
$GPGGA,225507.00,3720.431434,N,12205.329626,W,7,,0.38,68.36,M,0.0,M,0.0,0000*5C
$GPRMC,225507.00,A,3720.431434,N,12205.329626,W,062.2,300.9,290520,,,A*46
$GPGGA,225508.00,3720.440632,N,12205.348705,W,7,,0.38,67.26,M,0.0,M,0.0,0000*58
$GPRMC,225508.00,A,3720.440632,N,12205.348705,W,062.2,300.9,290520,,,A*4C
$GPGGA,225509.00,3720.449452,N,12205.367305,W,7,,0.38,66.19,M,0.0,M,0.0,0000*50
$GPRMC,225509.00,A,3720.449452,N,12205.367305,W,062.2,300.6,290520,,,A*46
$GPGGA,225510.00,3720.458277,N,12205.385977,W,7,,0.38,65.28,M,0.0,M,0.0,0000*5B
$GPRMC,225510.00,A,3720.458277,N,12205.385977,W,062.5,300.9,290520,,,A*44
$GPGGA,225511.00,3720.467055,N,12205.404194,W,7,,0.38,64.23,M,0.0,M,0.0,0000*55
$GPRMC,225511.00,A,3720.467055,N,12205.404194,W,062.7,300.7,290520,,,A*4C
$GPGGA,225512.00,3720.476236,N,12205.422697,W,7,,0.38,63.14,M,0.0,M,0.0,0000*52
$GPRMC,225512.00,A,3720.476236,N,12205.422697,W,063.1,301.1,290520,,,A*48
$GPGGA,225513.00,3720.485794,N,12205.441801,W,7,,0.38,61.93,M,0.0,M,0.0,0000*5B
$GPRMC,225513.00,A,3720.485794,N,12205.441801,W,063.1,302.0,290520,,,A*4E
$GPGGA,225514.00,3720.495472,N,12205.460185,W,7,,0.38,61.34,M,0.0,M,0.0,0000*5D
$GPRMC,225514.00,A,3720.495472,N,12205.460185,W,062.7,304.1,290520,,,A*45
$GPGGA,225515.00,3720.505570,N,12205.477951,W,7,,0.38,61.08,M,0.0,M,0.0,0000*5F
$GPRMC,225515.00,A,3720.505570,N,12205.477951,W,062.7,306.2,290520,,,A*49
$GPGGA,225516.00,3720.516250,N,12205.495220,W,7,,0.38,60.88,M,0.0,M,0.0,0000*53
$GPRMC,225516.00,A,3720.516250,N,12205.495220,W,063.0,308.9,290520,,,A*4F
$GPGGA,225517.00,3720.527685,N,12205.512061,W,7,,0.38,61.28,M,0.0,M,0.0,0000*5E
$GPRMC,225517.00,A,3720.527685,N,12205.512061,W,063.2,311.7,290520,,,A*4D
$GPGGA,225518.00,3720.539674,N,12205.528124,W,7,,0.38,61.78,M,0.0,M,0.0,0000*5C
$GPRMC,225518.00,A,3720.539674,N,12205.528124,W,063.2,314.1,290520,,,A*49
$GPGGA,225519.00,3720.552088,N,12205.543543,W,7,,0.38,62.79,M,0.0,M,0.0,0000*5F
$GPRMC,225519.00,A,3720.552088,N,12205.543543,W,062.9,315.9,290520,,,A*4B
$GPGGA,225520.00,3720.564543,N,12205.558130,W,7,,0.38,63.61,M,0.0,M,0.0,0000*50
$GPRMC,225520.00,A,3720.564543,N,12205.558130,W,062.7,317.2,290520,,,A*4B
$GPGGA,225521.00,3720.577785,N,12205.573213,W,7,,0.38,64.17,M,0.0,M,0.0,0000*56
$GPRMC,225521.00,A,3720.577785,N,12205.573213,W,062.6,317.6,290520,,,A*4E
$GPGGA,225522.00,3720.590625,N,12205.587854,W,7,,0.38,64.87,M,0.0,M,0.0,0000*5C
$GPRMC,225522.00,A,3720.590625,N,12205.587854,W,062.5,317.5,290520,,,A*4D
$GPGGA,225523.00,3720.603399,N,12205.602481,W,7,,0.38,65.52,M,0.0,M,0.0,0000*55
$GPRMC,225523.00,A,3720.603399,N,12205.602481,W,062.2,317.5,290520,,,A*4A
$GPGGA,225524.00,3720.616246,N,12205.617205,W,7,,0.38,66.11,M,0.0,M,0.0,0000*5F
$GPRMC,225524.00,A,3720.616246,N,12205.617205,W,062.1,317.5,290520,,,A*47
$GPGGA,225525.00,3720.628912,N,12205.631839,W,7,,0.38,66.67,M,0.0,M,0.0,0000*59
$GPRMC,225525.00,A,3720.628912,N,12205.631839,W,062.0,317.1,290520,,,A*45
$GPGGA,225526.00,3720.641379,N,12205.646930,W,7,,0.38,67.36,M,0.0,M,0.0,0000*5F
$GPRMC,225526.00,A,3720.641379,N,12205.646930,W,062.2,315.8,290520,,,A*4F
$GPGGA,225527.00,3720.653229,N,12205.661594,W,7,,0.38,67.70,M,0.0,M,0.0,0000*5C
$GPRMC,225527.00,A,3720.653229,N,12205.661594,W,061.7,315.2,290520,,,A*42
$GPGGA,225528.00,3720.665151,N,12205.676972,W,7,,0.38,67.79,M,0.0,M,0.0,0000*51
$GPRMC,225528.00,A,3720.665151,N,12205.676972,W,061.7,313.3,290520,,,A*41
$GPGGA,225529.00,3720.677043,N,12205.693393,W,7,,0.38,67.74,M,0.0,M,0.0,0000*52
$GPRMC,225529.00,A,3720.677043,N,12205.693393,W,061.8,311.3,290520,,,A*42
$GPGGA,225530.00,3720.688090,N,12205.709755,W,7,,0.38,67.50,M,0.0,M,0.0,0000*5E
$GPRMC,225530.00,A,3720.688090,N,12205.709755,W,061.8,309.2,290520,,,A*40
$GPGGA,225531.00,3720.698139,N,12205.726394,W,7,,0.38,67.03,M,0.0,M,0.0,0000*5E
$GPRMC,225531.00,A,3720.698139,N,12205.726394,W,061.4,306.1,290520,,,A*46
$GPGGA,225532.00,3720.708148,N,12205.744483,W,7,,0.38,66.70,M,0.0,M,0.0,0000*53
$GPRMC,225532.00,A,3720.708148,N,12205.744483,W,061.1,303.7,290520,,,A*48
$GPGGA,225533.00,3720.717352,N,12205.762226,W,7,,0.38,66.16,M,0.0,M,0.0,0000*58
$GPRMC,225533.00,A,3720.717352,N,12205.762226,W,060.7,302.4,290520,,,A*46
$GPGGA,225534.00,3720.726219,N,12205.780454,W,7,,0.38,65.44,M,0.0,M,0.0,0000*58
$GPRMC,225534.00,A,3720.726219,N,12205.780454,W,061.2,300.3,290520,,,A*43
$GPGGA,225535.00,3720.734674,N,12205.799120,W,7,,0.38,64.26,M,0.0,M,0.0,0000*5E
$GPRMC,225535.00,A,3720.734674,N,12205.799120,W,062.0,298.6,290520,,,A*44
$GPGGA,225536.00,3720.742630,N,12205.817581,W,7,,0.38,63.07,M,0.0,M,0.0,0000*5E
$GPRMC,225536.00,A,3720.742630,N,12205.817581,W,062.7,298.5,290520,,,A*44
$GPGGA,225537.00,3720.751348,N,12205.837633,W,7,,0.38,61.76,M,0.0,M,0.0,0000*5B
$GPRMC,225537.00,A,3720.751348,N,12205.837633,W,063.4,298.5,290520,,,A*47
$GPGGA,225538.00,3720.759717,N,12205.857062,W,7,,0.38,60.57,M,0.0,M,0.0,0000*54
$GPRMC,225538.00,A,3720.759717,N,12205.857062,W,063.8,298.2,290520,,,A*41
$GPGGA,225539.00,3720.768046,N,12205.876555,W,7,,0.38,59.35,M,0.0,M,0.0,0000*58
$GPRMC,225539.00,A,3720.768046,N,12205.876555,W,063.7,297.9,290520,,,A*48
$GPGGA,225540.00,3720.776260,N,12205.896001,W,7,,0.38,58.31,M,0.0,M,0.0,0000*50
$GPRMC,225540.00,A,3720.776260,N,12205.896001,W,063.2,297.9,290520,,,A*40
$GPGGA,225541.00,3720.784521,N,12205.915489,W,7,,0.38,57.32,M,0.0,M,0.0,0000*5C
$GPRMC,225541.00,A,3720.784521,N,12205.915489,W,062.7,297.8,290520,,,A*45
$GPGGA,225542.00,3720.792532,N,12205.934600,W,7,,0.38,56.87,M,0.0,M,0.0,0000*55
$GPRMC,225542.00,A,3720.792532,N,12205.934600,W,061.8,297.8,290520,,,A*4F
$GPGGA,225543.00,3720.800452,N,12205.953500,W,7,,0.38,56.59,M,0.0,M,0.0,0000*56
$GPRMC,225543.00,A,3720.800452,N,12205.953500,W,061.2,297.6,290520,,,A*4B
$GPGGA,225544.00,3720.808167,N,12205.971931,W,7,,0.38,56.36,M,0.0,M,0.0,0000*5D
$GPRMC,225544.00,A,3720.808167,N,12205.971931,W,061.4,298.0,290520,,,A*46
$GPGGA,225545.00,3720.816430,N,12205.991270,W,7,,0.38,56.32,M,0.0,M,0.0,0000*50
$GPRMC,225545.00,A,3720.816430,N,12205.991270,W,061.3,298.4,290520,,,A*4C
$GPGGA,225546.00,3720.824494,N,12206.010037,W,7,,0.38,56.62,M,0.0,M,0.0,0000*5B
$GPRMC,225546.00,A,3720.824494,N,12206.010037,W,061.3,298.5,290520,,,A*43
$GPGGA,225547.00,3720.832366,N,12206.028410,W,7,,0.38,57.11,M,0.0,M,0.0,0000*58
$GPRMC,225547.00,A,3720.832366,N,12206.028410,W,061.4,298.3,290520,,,A*44
$GPGGA,225548.00,3720.840694,N,12206.047700,W,7,,0.38,57.23,M,0.0,M,0.0,0000*50
$GPRMC,225548.00,A,3720.840694,N,12206.047700,W,061.3,298.3,290520,,,A*4A
$GPGGA,225549.00,3720.848703,N,12206.066479,W,7,,0.38,57.23,M,0.0,M,0.0,0000*58
$GPRMC,225549.00,A,3720.848703,N,12206.066479,W,061.3,298.1,290520,,,A*40
$GPGGA,225550.00,3720.856791,N,12206.085188,W,7,,0.38,57.08,M,0.0,M,0.0,0000*5B
$GPRMC,225550.00,A,3720.856791,N,12206.085188,W,061.4,299.1,290520,,,A*4C
$GPGGA,225551.00,3720.865492,N,12206.103626,W,7,,0.38,56.85,M,0.0,M,0.0,0000*52
$GPRMC,225551.00,A,3720.865492,N,12206.103626,W,060.9,302.2,290520,,,A*4D
$GPGGA,225552.00,3720.874311,N,12206.120713,W,7,,0.38,56.82,M,0.0,M,0.0,0000*5C
$GPRMC,225552.00,A,3720.874311,N,12206.120713,W,060.2,303.4,290520,,,A*48
$GPGGA,225553.00,3720.884032,N,12206.138456,W,7,,0.38,56.62,M,0.0,M,0.0,0000*55
$GPRMC,225553.00,A,3720.884032,N,12206.138456,W,059.9,305.5,290520,,,A*49
$GPGGA,225554.00,3720.894189,N,12206.155256,W,7,,0.38,56.24,M,0.0,M,0.0,0000*5D
$GPRMC,225554.00,A,3720.894189,N,12206.155256,W,060.2,308.4,290520,,,A*4E
$GPGGA,225555.00,3720.904924,N,12206.171330,W,7,,0.38,55.64,M,0.0,M,0.0,0000*5B
$GPRMC,225555.00,A,3720.904924,N,12206.171330,W,060.5,311.3,290520,,,A*47
$GPGGA,225556.00,3720.916401,N,12206.186821,W,7,,0.38,55.04,M,0.0,M,0.0,0000*54
$GPRMC,225556.00,A,3720.916401,N,12206.186821,W,060.8,314.1,290520,,,A*44
$GPGGA,225557.00,3720.928701,N,12206.201695,W,7,,0.38,54.24,M,0.0,M,0.0,0000*55
$GPRMC,225557.00,A,3720.928701,N,12206.201695,W,061.3,317.2,290520,,,A*4C
$GPGGA,225558.00,3720.941499,N,12206.215808,W,7,,0.38,53.14,M,0.0,M,0.0,0000*5C
$GPRMC,225558.00,A,3720.941499,N,12206.215808,W,061.8,319.2,290520,,,A*44
$GPGGA,225559.00,3720.954819,N,12206.229391,W,7,,0.38,52.23,M,0.0,M,0.0,0000*5C
$GPRMC,225559.00,A,3720.954819,N,12206.229391,W,062.1,321.6,290520,,,A*44
$GPGGA,225600.00,3720.968302,N,12206.241727,W,7,,0.38,51.33,M,0.0,M,0.0,0000*58
$GPRMC,225600.00,A,3720.968302,N,12206.241727,W,062.2,324.9,290520,,,A*4B
$GPGGA,225601.00,3720.983224,N,12206.254298,W,7,,0.38,50.37,M,0.0,M,0.0,0000*59
$GPRMC,225601.00,A,3720.983224,N,12206.254298,W,062.3,326.8,290520,,,A*4D
$GPGGA,225602.00,3720.997816,N,12206.265818,W,7,,0.38,49.53,M,0.0,M,0.0,0000*5E
$GPRMC,225602.00,A,3720.997816,N,12206.265818,W,062.1,328.3,290520,,,A*47
$GPGGA,225603.00,3721.012605,N,12206.276959,W,7,,0.38,48.59,M,0.0,M,0.0,0000*5B
$GPRMC,225603.00,A,3721.012605,N,12206.276959,W,062.1,328.9,290520,,,A*43
$GPGGA,225604.00,3721.027516,N,12206.288155,W,7,,0.38,47.78,M,0.0,M,0.0,0000*52
$GPRMC,225604.00,A,3721.027516,N,12206.288155,W,062.1,328.5,290520,,,A*4A
$GPGGA,225605.00,3721.042149,N,12206.299345,W,7,,0.38,47.13,M,0.0,M,0.0,0000*50
$GPRMC,225605.00,A,3721.042149,N,12206.299345,W,061.7,328.3,290520,,,A*46
$GPGGA,225606.00,3721.056753,N,12206.310470,W,7,,0.38,46.91,M,0.0,M,0.0,0000*51
$GPRMC,225606.00,A,3721.056753,N,12206.310470,W,061.2,328.7,290520,,,A*4D
$GPGGA,225607.00,3721.071153,N,12206.321437,W,7,,0.38,47.14,M,0.0,M,0.0,0000*5E
$GPRMC,225607.00,A,3721.071153,N,12206.321437,W,060.5,328.5,290520,,,A*4A
$GPGGA,225608.00,3721.084936,N,12206.332226,W,7,,0.38,47.48,M,0.0,M,0.0,0000*5D
$GPRMC,225608.00,A,3721.084936,N,12206.332226,W,059.6,327.9,290520,,,A*4A
$GPGGA,225609.00,3721.099209,N,12206.343751,W,7,,0.38,47.90,M,0.0,M,0.0,0000*51
$GPRMC,225609.00,A,3721.099209,N,12206.343751,W,059.3,326.9,290520,,,A*47
$GPGGA,225610.00,3721.112794,N,12206.355343,W,7,,0.38,48.46,M,0.0,M,0.0,0000*5E
$GPRMC,225610.00,A,3721.112794,N,12206.355343,W,059.2,324.6,290520,,,A*40
$GPGGA,225611.00,3721.125652,N,12206.367374,W,7,,0.38,49.12,M,0.0,M,0.0,0000*55
$GPRMC,225611.00,A,3721.125652,N,12206.367374,W,059.1,321.9,290520,,,A*42
$GPGGA,225612.00,3721.138774,N,12206.380688,W,7,,0.38,49.98,M,0.0,M,0.0,0000*52
$GPRMC,225612.00,A,3721.138774,N,12206.380688,W,059.0,320.2,290520,,,A*4C
$GPGGA,225613.00,3721.151085,N,12206.394104,W,7,,0.38,50.78,M,0.0,M,0.0,0000*55
$GPRMC,225613.00,A,3721.151085,N,12206.394104,W,058.8,318.4,290520,,,A*49
$GPGGA,225614.00,3721.163110,N,12206.408102,W,7,,0.38,51.69,M,0.0,M,0.0,0000*5B
$GPRMC,225614.00,A,3721.163110,N,12206.408102,W,058.4,316.5,290520,,,A*45
$GPGGA,225615.00,3721.174570,N,12206.422382,W,7,,0.38,52.44,M,0.0,M,0.0,0000*50
$GPRMC,225615.00,A,3721.174570,N,12206.422382,W,058.1,314.2,290520,,,A*42
$GPGGA,225616.00,3721.185201,N,12206.436698,W,7,,0.38,53.30,M,0.0,M,0.0,0000*55
$GPRMC,225616.00,A,3721.185201,N,12206.436698,W,058.0,311.9,290520,,,A*4A
$GPGGA,225617.00,3721.196122,N,12206.452538,W,7,,0.38,54.16,M,0.0,M,0.0,0000*5C
$GPRMC,225617.00,A,3721.196122,N,12206.452538,W,057.7,310.1,290520,,,A*41
$GPGGA,225618.00,3721.206226,N,12206.468059,W,7,,0.38,54.83,M,0.0,M,0.0,0000*59
$GPRMC,225618.00,A,3721.206226,N,12206.468059,W,057.5,308.4,290520,,,A*46
$GPGGA,225619.00,3721.215892,N,12206.484062,W,7,,0.38,55.38,M,0.0,M,0.0,0000*54
$GPRMC,225619.00,A,3721.215892,N,12206.484062,W,057.6,306.5,290520,,,A*46
$GPGGA,225620.00,3721.225071,N,12206.500496,W,7,,0.38,55.80,M,0.0,M,0.0,0000*59
$GPRMC,225620.00,A,3721.225071,N,12206.500496,W,057.7,304.2,290520,,,A*4C
$GPGGA,225621.00,3721.233861,N,12206.517463,W,7,,0.38,56.01,M,0.0,M,0.0,0000*50
$GPRMC,225621.00,A,3721.233861,N,12206.517463,W,057.8,302.3,290520,,,A*47
$GPGGA,225622.00,3721.242130,N,12206.534690,W,7,,0.38,56.17,M,0.0,M,0.0,0000*50
$GPRMC,225622.00,A,3721.242130,N,12206.534690,W,057.9,300.2,290520,,,A*42
$GPGGA,225623.00,3721.249887,N,12206.552354,W,7,,0.38,56.15,M,0.0,M,0.0,0000*50
$GPRMC,225623.00,A,3721.249887,N,12206.552354,W,058.0,297.9,290520,,,A*42
$GPGGA,225624.00,3721.256974,N,12206.569982,W,7,,0.38,56.07,M,0.0,M,0.0,0000*5E
$GPRMC,225624.00,A,3721.256974,N,12206.569982,W,058.2,296.0,290520,,,A*45
$GPGGA,225625.00,3721.264029,N,12206.588959,W,7,,0.38,56.00,M,0.0,M,0.0,0000*51
$GPRMC,225625.00,A,3721.264029,N,12206.588959,W,058.5,294.5,290520,,,A*4D
$GPGGA,225626.00,3721.270449,N,12206.607655,W,7,,0.38,55.71,M,0.0,M,0.0,0000*57
$GPRMC,225626.00,A,3721.270449,N,12206.607655,W,058.7,292.6,290520,,,A*49
$GPGGA,225627.00,3721.276191,N,12206.626339,W,7,,0.38,55.34,M,0.0,M,0.0,0000*5D
$GPRMC,225627.00,A,3721.276191,N,12206.626339,W,059.1,290.2,290520,,,A*43
$GPGGA,225628.00,3721.281873,N,12206.646433,W,7,,0.38,54.75,M,0.0,M,0.0,0000*50
$GPRMC,225628.00,A,3721.281873,N,12206.646433,W,059.4,289.2,290520,,,A*47
$GPGGA,225629.00,3721.287154,N,12206.666185,W,7,,0.38,54.17,M,0.0,M,0.0,0000*55
$GPRMC,225629.00,A,3721.287154,N,12206.666185,W,060.1,288.2,290520,,,A*48
$GPGGA,225630.00,3721.292265,N,12206.686177,W,7,,0.38,53.81,M,0.0,M,0.0,0000*53
$GPRMC,225630.00,A,3721.292265,N,12206.686177,W,060.5,287.6,290520,,,A*49
$GPGGA,225631.00,3721.297294,N,12206.706469,W,7,,0.38,53.79,M,0.0,M,0.0,0000*5D
$GPRMC,225631.00,A,3721.297294,N,12206.706469,W,060.5,287.2,290520,,,A*44
$GPGGA,225632.00,3721.302021,N,12206.725964,W,7,,0.38,54.17,M,0.0,M,0.0,0000*51
$GPRMC,225632.00,A,3721.302021,N,12206.725964,W,060.5,287.1,290520,,,A*44
$GPGGA,225633.00,3721.307110,N,12206.746616,W,7,,0.38,54.69,M,0.0,M,0.0,0000*50
$GPRMC,225633.00,A,3721.307110,N,12206.746616,W,060.0,287.5,290520,,,A*4D
$GPGGA,225634.00,3721.312204,N,12206.766494,W,7,,0.38,55.36,M,0.0,M,0.0,0000*54
$GPRMC,225634.00,A,3721.312204,N,12206.766494,W,059.4,288.3,290520,,,A*45
$GPGGA,225635.00,3721.317466,N,12206.785933,W,7,,0.38,55.99,M,0.0,M,0.0,0000*5A
$GPRMC,225635.00,A,3721.317466,N,12206.785933,W,058.8,289.3,290520,,,A*42
$GPGGA,225636.00,3721.322991,N,12206.805133,W,7,,0.38,56.76,M,0.0,M,0.0,0000*57
$GPRMC,225636.00,A,3721.322991,N,12206.805133,W,058.5,290.4,290520,,,A*4F
$GPGGA,225637.00,3721.328973,N,12206.824135,W,7,,0.38,57.68,M,0.0,M,0.0,0000*5B
$GPRMC,225637.00,A,3721.328973,N,12206.824135,W,058.3,292.6,290520,,,A*4B
$GPGGA,225638.00,3721.335274,N,12206.842777,W,7,,0.38,58.70,M,0.0,M,0.0,0000*52
$GPRMC,225638.00,A,3721.335274,N,12206.842777,W,058.0,293.8,290520,,,A*48
$GPGGA,225639.00,3721.342024,N,12206.860987,W,7,,0.38,59.59,M,0.0,M,0.0,0000*5F
$GPRMC,225639.00,A,3721.342024,N,12206.860987,W,057.8,296.2,290520,,,A*47
$GPGGA,225640.00,3721.349103,N,12206.878237,W,7,,0.38,60.52,M,0.0,M,0.0,0000*56
$GPRMC,225640.00,A,3721.349103,N,12206.878237,W,057.4,298.3,290520,,,A*4C
$GPGGA,225641.00,3721.357239,N,12206.896237,W,7,,0.38,61.36,M,0.0,M,0.0,0000*51
$GPRMC,225641.00,A,3721.357239,N,12206.896237,W,057.1,300.1,290520,,,A*4F
$GPGGA,225642.00,3721.365447,N,12206.913241,W,7,,0.38,62.34,M,0.0,M,0.0,0000*50
$GPRMC,225642.00,A,3721.365447,N,12206.913241,W,057.0,302.1,290520,,,A*4C
$GPGGA,225643.00,3721.374141,N,12206.929736,W,7,,0.38,63.22,M,0.0,M,0.0,0000*58
$GPRMC,225643.00,A,3721.374141,N,12206.929736,W,056.6,304.2,290520,,,A*40
$GPGGA,225644.00,3721.383321,N,12206.945869,W,7,,0.38,64.09,M,0.0,M,0.0,0000*52
$GPRMC,225644.00,A,3721.383321,N,12206.945869,W,056.5,306.1,290520,,,A*46
$GPGGA,225645.00,3721.392862,N,12206.961416,W,7,,0.38,65.07,M,0.0,M,0.0,0000*52
$GPRMC,225645.00,A,3721.392862,N,12206.961416,W,056.4,307.9,290520,,,A*41
$GPGGA,225646.00,3721.402737,N,12206.976602,W,7,,0.38,65.94,M,0.0,M,0.0,0000*5B
$GPRMC,225646.00,A,3721.402737,N,12206.976602,W,056.3,309.9,290520,,,A*4B
$GPGGA,225647.00,3721.412775,N,12206.990911,W,7,,0.38,66.86,M,0.0,M,0.0,0000*58
$GPRMC,225647.00,A,3721.412775,N,12206.990911,W,056.1,312.0,290520,,,A*49
$GPGGA,225648.00,3721.423414,N,12207.005185,W,7,,0.38,67.62,M,0.0,M,0.0,0000*5B
$GPRMC,225648.00,A,3721.423414,N,12207.005185,W,056.2,313.9,290520,,,A*4A
$GPGGA,225649.00,3721.434820,N,12207.019333,W,7,,0.38,68.23,M,0.0,M,0.0,0000*5F
$GPRMC,225649.00,A,3721.434820,N,12207.019333,W,056.1,316.4,290520,,,A*4F
$GPGGA,225650.00,3721.446369,N,12207.032491,W,7,,0.38,68.77,M,0.0,M,0.0,0000*53
$GPRMC,225650.00,A,3721.446369,N,12207.032491,W,056.3,317.8,290520,,,A*4D
$GPGGA,225651.00,3721.457901,N,12207.044930,W,7,,0.38,69.36,M,0.0,M,0.0,0000*55
$GPRMC,225651.00,A,3721.457901,N,12207.044930,W,056.2,319.7,290520,,,A*4F
$GPGGA,225652.00,3721.470388,N,12207.057667,W,7,,0.38,69.65,M,0.0,M,0.0,0000*51
$GPRMC,225652.00,A,3721.470388,N,12207.057667,W,056.3,321.8,290520,,,A*48
$GPGGA,225653.00,3721.482796,N,12207.069553,W,7,,0.38,69.89,M,0.0,M,0.0,0000*5D
$GPRMC,225653.00,A,3721.482796,N,12207.069553,W,056.2,323.0,290520,,,A*4D
$GPGGA,225654.00,3721.495653,N,12207.080936,W,7,,0.38,69.92,M,0.0,M,0.0,0000*56
$GPRMC,225654.00,A,3721.495653,N,12207.080936,W,056.3,325.7,290520,,,A*4C
$GPGGA,225655.00,3721.508692,N,12207.091538,W,7,,0.38,70.01,M,0.0,M,0.0,0000*5F
$GPRMC,225655.00,A,3721.508692,N,12207.091538,W,056.1,327.7,290520,,,A*47
$GPGGA,225656.00,3721.521538,N,12207.101234,W,7,,0.38,69.91,M,0.0,M,0.0,0000*56
$GPRMC,225656.00,A,3721.521538,N,12207.101234,W,055.7,329.6,290520,,,A*45
$GPGGA,225657.00,3721.535548,N,12207.111037,W,7,,0.38,69.71,M,0.0,M,0.0,0000*5B
$GPRMC,225657.00,A,3721.535548,N,12207.111037,W,055.4,331.3,290520,,,A*49
$GPGGA,225658.00,3721.549156,N,12207.119906,W,7,,0.38,69.55,M,0.0,M,0.0,0000*51
$GPRMC,225658.00,A,3721.549156,N,12207.119906,W,055.2,332.9,290520,,,A*4A
$GPGGA,225659.00,3721.562775,N,12207.128557,W,7,,0.38,69.14,M,0.0,M,0.0,0000*51
$GPRMC,225659.00,A,3721.562775,N,12207.128557,W,054.9,333.1,290520,,,A*4C
$GPGGA,225700.00,3721.576539,N,12207.137036,W,7,,0.38,68.62,M,0.0,M,0.0,0000*5F
$GPRMC,225700.00,A,3721.576539,N,12207.137036,W,054.8,333.9,290520,,,A*4B
$GPGGA,225701.00,3721.590304,N,12207.145363,W,7,,0.38,68.08,M,0.0,M,0.0,0000*54
$GPRMC,225701.00,A,3721.590304,N,12207.145363,W,055.2,334.5,290520,,,A*4C
$GPGGA,225702.00,3721.604200,N,12207.153596,W,7,,0.38,67.35,M,0.0,M,0.0,0000*56
$GPRMC,225702.00,A,3721.604200,N,12207.153596,W,055.8,334.5,290520,,,A*45
$GPGGA,225703.00,3721.618318,N,12207.161959,W,7,,0.38,66.57,M,0.0,M,0.0,0000*59
$GPRMC,225703.00,A,3721.618318,N,12207.161959,W,056.5,334.4,290520,,,A*40
$GPGGA,225704.00,3721.632201,N,12207.170372,W,7,,0.38,65.67,M,0.0,M,0.0,0000*5C
$GPRMC,225704.00,A,3721.632201,N,12207.170372,W,057.2,333.9,290520,,,A*49
$GPGGA,225705.00,3721.646979,N,12207.179455,W,7,,0.38,64.43,M,0.0,M,0.0,0000*56
$GPRMC,225705.00,A,3721.646979,N,12207.179455,W,057.9,333.8,290520,,,A*4E
$GPGGA,225706.00,3721.661457,N,12207.188359,W,7,,0.38,63.40,M,0.0,M,0.0,0000*50
$GPRMC,225706.00,A,3721.661457,N,12207.188359,W,058.0,333.6,290520,,,A*44
$GPGGA,225707.00,3721.675515,N,12207.197144,W,7,,0.38,62.42,M,0.0,M,0.0,0000*50
$GPRMC,225707.00,A,3721.675515,N,12207.197144,W,058.0,333.3,290520,,,A*42
$GPGGA,225708.00,3721.690348,N,12207.206708,W,7,,0.38,61.32,M,0.0,M,0.0,0000*5B
$GPRMC,225708.00,A,3721.690348,N,12207.206708,W,058.3,332.2,290520,,,A*4E
$GPGGA,225709.00,3721.704646,N,12207.216458,W,7,,0.38,60.48,M,0.0,M,0.0,0000*56
$GPRMC,225709.00,A,3721.704646,N,12207.216458,W,058.8,330.3,290520,,,A*47
$GPGGA,225710.00,3721.718733,N,12207.227005,W,7,,0.38,59.41,M,0.0,M,0.0,0000*5D
$GPRMC,225710.00,A,3721.718733,N,12207.227005,W,059.4,327.7,290520,,,A*40
$GPGGA,225711.00,3721.732618,N,12207.238604,W,7,,0.38,58.25,M,0.0,M,0.0,0000*56
$GPRMC,225711.00,A,3721.732618,N,12207.238604,W,059.9,325.0,290520,,,A*40
$GPGGA,225712.00,3721.745733,N,12207.250538,W,7,,0.38,57.23,M,0.0,M,0.0,0000*56
$GPRMC,225712.00,A,3721.745733,N,12207.250538,W,060.6,323.1,290520,,,A*4B
$GPGGA,225713.00,3721.759324,N,12207.264116,W,7,,0.38,56.30,M,0.0,M,0.0,0000*54
$GPRMC,225713.00,A,3721.759324,N,12207.264116,W,060.8,320.1,290520,,,A*47
$GPGGA,225714.00,3721.772037,N,12207.278114,W,7,,0.38,55.67,M,0.0,M,0.0,0000*55
$GPRMC,225714.00,A,3721.772037,N,12207.278114,W,060.4,317.8,290520,,,A*46
$GPGGA,225715.00,3721.784236,N,12207.292496,W,7,,0.38,55.02,M,0.0,M,0.0,0000*56
$GPRMC,225715.00,A,3721.784236,N,12207.292496,W,060.3,315.9,290520,,,A*42
$GPGGA,225716.00,3721.795863,N,12207.307574,W,7,,0.38,54.90,M,0.0,M,0.0,0000*55
$GPRMC,225716.00,A,3721.795863,N,12207.307574,W,060.4,312.9,290520,,,A*4B
$GPGGA,225717.00,3721.806945,N,12207.323461,W,7,,0.38,54.96,M,0.0,M,0.0,0000*51
$GPRMC,225717.00,A,3721.806945,N,12207.323461,W,060.1,310.4,290520,,,A*43
$GPGGA,225718.00,3721.817398,N,12207.339602,W,7,,0.38,55.07,M,0.0,M,0.0,0000*51
$GPRMC,225718.00,A,3721.817398,N,12207.339602,W,059.6,307.9,290520,,,A*4C
$GPGGA,225719.00,3721.827190,N,12207.356221,W,7,,0.38,55.18,M,0.0,M,0.0,0000*5B
$GPRMC,225719.00,A,3721.827190,N,12207.356221,W,059.1,305.5,290520,,,A*41
$GPGGA,225720.00,3721.836112,N,12207.372613,W,7,,0.38,55.32,M,0.0,M,0.0,0000*50
$GPRMC,225720.00,A,3721.836112,N,12207.372613,W,058.9,303.3,290520,,,A*4B
$GPGGA,225721.00,3721.845069,N,12207.390674,W,7,,0.38,55.54,M,0.0,M,0.0,0000*55
$GPRMC,225721.00,A,3721.845069,N,12207.390674,W,058.7,300.7,290520,,,A*47
$GPGGA,225722.00,3721.853092,N,12207.408547,W,7,,0.38,55.93,M,0.0,M,0.0,0000*5B
$GPRMC,225722.00,A,3721.853092,N,12207.408547,W,058.7,298.4,290520,,,A*41
$GPGGA,225723.00,3721.860435,N,12207.426757,W,7,,0.38,56.19,M,0.0,M,0.0,0000*5D
$GPRMC,225723.00,A,3721.860435,N,12207.426757,W,058.7,295.9,290520,,,A*46
$GPGGA,225724.00,3721.867126,N,12207.445520,W,7,,0.38,56.30,M,0.0,M,0.0,0000*56
$GPRMC,225724.00,A,3721.867126,N,12207.445520,W,058.5,293.0,290520,,,A*4B
$GPGGA,225725.00,3721.873084,N,12207.464455,W,7,,0.38,56.46,M,0.0,M,0.0,0000*5A
$GPRMC,225725.00,A,3721.873084,N,12207.464455,W,058.4,290.6,290520,,,A*42
$GPGGA,225726.00,3721.878406,N,12207.483578,W,7,,0.38,56.63,M,0.0,M,0.0,0000*5C
$GPRMC,225726.00,A,3721.878406,N,12207.483578,W,058.2,288.5,290520,,,A*4F
$GPGGA,225727.00,3721.882990,N,12207.502447,W,7,,0.38,56.91,M,0.0,M,0.0,0000*52
$GPRMC,225727.00,A,3721.882990,N,12207.502447,W,058.0,286.1,290520,,,A*44
$GPGGA,225728.00,3721.887069,N,12207.521905,W,7,,0.38,57.07,M,0.0,M,0.0,0000*53
$GPRMC,225728.00,A,3721.887069,N,12207.521905,W,057.7,283.9,290520,,,A*4E
$GPGGA,225729.00,3721.890633,N,12207.542108,W,7,,0.38,57.36,M,0.0,M,0.0,0000*5F
$GPRMC,225729.00,A,3721.890633,N,12207.542108,W,057.6,281.5,290520,,,A*4F
$GPGGA,225730.00,3721.893453,N,12207.561812,W,7,,0.38,57.80,M,0.0,M,0.0,0000*5E
$GPRMC,225730.00,A,3721.893453,N,12207.561812,W,057.7,279.2,290520,,,A*42
$GPGGA,225731.00,3721.895379,N,12207.581246,W,7,,0.38,58.34,M,0.0,M,0.0,0000*53
$GPRMC,225731.00,A,3721.895379,N,12207.581246,W,057.6,276.0,290520,,,A*43
$GPGGA,225732.00,3721.896729,N,12207.601771,W,7,,0.38,59.03,M,0.0,M,0.0,0000*5D
$GPRMC,225732.00,A,3721.896729,N,12207.601771,W,057.4,274.0,290520,,,A*48
$GPGGA,225733.00,3721.897450,N,12207.621709,W,7,,0.38,59.73,M,0.0,M,0.0,0000*5A
$GPRMC,225733.00,A,3721.897450,N,12207.621709,W,057.2,272.1,290520,,,A*49
$GPGGA,225734.00,3721.897617,N,12207.641810,W,7,,0.38,60.36,M,0.0,M,0.0,0000*56
$GPRMC,225734.00,A,3721.897617,N,12207.641810,W,057.2,270.3,290520,,,A*4E
$GPGGA,225735.00,3721.897791,N,12207.661688,W,7,,0.38,61.33,M,0.0,M,0.0,0000*51
$GPRMC,225735.00,A,3721.897791,N,12207.661688,W,057.1,270.7,290520,,,A*4A
$GPGGA,225736.00,3721.897984,N,12207.680858,W,7,,0.38,62.23,M,0.0,M,0.0,0000*56
$GPRMC,225736.00,A,3721.897984,N,12207.680858,W,056.9,270.8,290520,,,A*49
$GPGGA,225737.00,3721.898206,N,12207.701359,W,7,,0.38,63.13,M,0.0,M,0.0,0000*59
$GPRMC,225737.00,A,3721.898206,N,12207.701359,W,056.6,270.6,290520,,,A*45
$GPGGA,225738.00,3721.898392,N,12207.720968,W,7,,0.38,64.05,M,0.0,M,0.0,0000*51
$GPRMC,225738.00,A,3721.898392,N,12207.720968,W,056.1,270.8,290520,,,A*44
$GPGGA,225739.00,3721.898536,N,12207.740390,W,7,,0.38,65.18,M,0.0,M,0.0,0000*5E
$GPRMC,225739.00,A,3721.898536,N,12207.740390,W,055.5,270.8,290520,,,A*41
$GPGGA,225740.00,3721.898944,N,12207.759566,W,7,,0.38,65.82,M,0.0,M,0.0,0000*5D
$GPRMC,225740.00,A,3721.898944,N,12207.759566,W,055.0,271.9,290520,,,A*44
$GPGGA,225741.00,3721.899837,N,12207.778801,W,7,,0.38,66.48,M,0.0,M,0.0,0000*52
$GPRMC,225741.00,A,3721.899837,N,12207.778801,W,054.8,274.0,290520,,,A*4B
$GPGGA,225742.00,3721.901320,N,12207.797683,W,7,,0.38,67.40,M,0.0,M,0.0,0000*50
$GPRMC,225742.00,A,3721.901320,N,12207.797683,W,054.4,276.6,290520,,,A*48
$GPGGA,225743.00,3721.903384,N,12207.816410,W,7,,0.38,68.38,M,0.0,M,0.0,0000*53
$GPRMC,225743.00,A,3721.903384,N,12207.816410,W,054.2,279.1,290520,,,A*45
$GPGGA,225744.00,3721.906149,N,12207.834427,W,7,,0.38,69.20,M,0.0,M,0.0,0000*5E
$GPRMC,225744.00,A,3721.906149,N,12207.834427,W,054.0,281.8,290520,,,A*4C
$GPGGA,225745.00,3721.909755,N,12207.853250,W,7,,0.38,70.13,M,0.0,M,0.0,0000*54
$GPRMC,225745.00,A,3721.909755,N,12207.853250,W,053.9,284.7,290520,,,A*4A
$GPGGA,225746.00,3721.913968,N,12207.871154,W,7,,0.38,70.99,M,0.0,M,0.0,0000*59
$GPRMC,225746.00,A,3721.913968,N,12207.871154,W,053.6,287.4,290520,,,A*4A
$GPGGA,225747.00,3721.918581,N,12207.888344,W,7,,0.38,71.91,M,0.0,M,0.0,0000*54
$GPRMC,225747.00,A,3721.918581,N,12207.888344,W,053.2,289.2,290520,,,A*42
$GPGGA,225748.00,3721.923729,N,12207.906284,W,7,,0.38,72.84,M,0.0,M,0.0,0000*5E
$GPRMC,225748.00,A,3721.923729,N,12207.906284,W,053.1,289.7,290520,,,A*49
$GPGGA,225749.00,3721.928818,N,12207.923564,W,7,,0.38,73.73,M,0.0,M,0.0,0000*5E
$GPRMC,225749.00,A,3721.928818,N,12207.923564,W,052.9,290.1,290520,,,A*47
$GPGGA,225750.00,3721.933947,N,12207.940772,W,7,,0.38,74.61,M,0.0,M,0.0,0000*53
$GPRMC,225750.00,A,3721.933947,N,12207.940772,W,052.9,290.4,290520,,,A*4B
$GPGGA,225751.00,3721.939095,N,12207.958232,W,7,,0.38,75.49,M,0.0,M,0.0,0000*5D
$GPRMC,225751.00,A,3721.939095,N,12207.958232,W,053.2,290.3,290520,,,A*43
$GPGGA,225752.00,3721.944159,N,12207.975236,W,7,,0.38,76.35,M,0.0,M,0.0,0000*56
$GPRMC,225752.00,A,3721.944159,N,12207.975236,W,054.4,290.4,290520,,,A*46
$GPGGA,225753.00,3721.949589,N,12207.993541,W,7,,0.38,77.13,M,0.0,M,0.0,0000*59
$GPRMC,225753.00,A,3721.949589,N,12207.993541,W,054.9,290.7,290520,,,A*42
$GPGGA,225754.00,3721.955080,N,12208.011704,W,7,,0.38,78.03,M,0.0,M,0.0,0000*5E
$GPRMC,225754.00,A,3721.955080,N,12208.011704,W,055.6,290.8,290520,,,A*4A
$GPGGA,225755.00,3721.960569,N,12208.029847,W,7,,0.38,78.87,M,0.0,M,0.0,0000*54
$GPRMC,225755.00,A,3721.960569,N,12208.029847,W,056.3,290.6,290520,,,A*44
$GPGGA,225756.00,3721.966036,N,12208.048231,W,7,,0.38,79.67,M,0.0,M,0.0,0000*5D
$GPRMC,225756.00,A,3721.966036,N,12208.048231,W,056.8,290.4,290520,,,A*4B
$GPGGA,225757.00,3721.971616,N,12208.067054,W,7,,0.38,80.57,M,0.0,M,0.0,0000*57
$GPRMC,225757.00,A,3721.971616,N,12208.067054,W,057.4,290.5,290520,,,A*48
$GPGGA,225758.00,3721.977166,N,12208.085786,W,7,,0.38,81.32,M,0.0,M,0.0,0000*58
$GPRMC,225758.00,A,3721.977166,N,12208.085786,W,057.6,290.4,290520,,,A*46
$GPGGA,225759.00,3721.982806,N,12208.104626,W,7,,0.38,82.09,M,0.0,M,0.0,0000*54
$GPRMC,225759.00,A,3721.982806,N,12208.104626,W,058.0,290.3,290520,,,A*4F
$GPGGA,225800.00,3721.988331,N,12208.122961,W,7,,0.38,82.76,M,0.0,M,0.0,0000*52
$GPRMC,225800.00,A,3721.988331,N,12208.122961,W,058.3,290.8,290520,,,A*49
$GPGGA,225801.00,3721.994302,N,12208.142858,W,7,,0.38,83.64,M,0.0,M,0.0,0000*51
$GPRMC,225801.00,A,3721.994302,N,12208.142858,W,058.8,290.5,290520,,,A*4E
$GPGGA,225802.00,3721.999924,N,12208.161979,W,7,,0.38,84.67,M,0.0,M,0.0,0000*56
$GPRMC,225802.00,A,3721.999924,N,12208.161979,W,058.7,290.1,290520,,,A*46
$GPGGA,225803.00,3722.005587,N,12208.181036,W,7,,0.38,85.40,M,0.0,M,0.0,0000*55
$GPRMC,225803.00,A,3722.005587,N,12208.181036,W,058.5,290.6,290520,,,A*44
$GPGGA,225804.00,3722.011450,N,12208.200164,W,7,,0.38,85.91,M,0.0,M,0.0,0000*5C
$GPRMC,225804.00,A,3722.011450,N,12208.200164,W,058.4,291.4,290520,,,A*43
$GPGGA,225805.00,3722.017510,N,12208.218848,W,7,,0.38,86.48,M,0.0,M,0.0,0000*57
$GPRMC,225805.00,A,3722.017510,N,12208.218848,W,058.2,292.5,290520,,,A*4B
$GPGGA,225806.00,3722.023924,N,12208.237436,W,7,,0.38,86.96,M,0.0,M,0.0,0000*53
$GPRMC,225806.00,A,3722.023924,N,12208.237436,W,058.2,294.3,290520,,,A*4C
$GPGGA,225807.00,3722.030746,N,12208.255256,W,7,,0.38,87.24,M,0.0,M,0.0,0000*56
$GPRMC,225807.00,A,3722.030746,N,12208.255256,W,058.2,296.6,290520,,,A*46
$GPGGA,225808.00,3722.038186,N,12208.273226,W,7,,0.38,87.52,M,0.0,M,0.0,0000*59
$GPRMC,225808.00,A,3722.038186,N,12208.273226,W,058.3,298.0,290520,,,A*41
$GPGGA,225809.00,3722.046231,N,12208.291585,W,7,,0.38,87.96,M,0.0,M,0.0,0000*54
$GPRMC,225809.00,A,3722.046231,N,12208.291585,W,058.5,299.4,290520,,,A*47
$GPGGA,225810.00,3722.054542,N,12208.309028,W,7,,0.38,88.36,M,0.0,M,0.0,0000*5B
$GPRMC,225810.00,A,3722.054542,N,12208.309028,W,058.6,301.8,290520,,,A*42
$GPGGA,225811.00,3722.063205,N,12208.325630,W,7,,0.38,88.67,M,0.0,M,0.0,0000*5F
$GPRMC,225811.00,A,3722.063205,N,12208.325630,W,058.6,304.1,290520,,,A*4E
$GPGGA,225812.00,3722.073034,N,12208.342657,W,7,,0.38,89.05,M,0.0,M,0.0,0000*58
$GPRMC,225812.00,A,3722.073034,N,12208.342657,W,058.6,307.1,290520,,,A*4F
$GPGGA,225813.00,3722.083276,N,12208.358539,W,7,,0.38,89.34,M,0.0,M,0.0,0000*50
$GPRMC,225813.00,A,3722.083276,N,12208.358539,W,058.7,310.0,290520,,,A*43
$GPGGA,225814.00,3722.094040,N,12208.374062,W,7,,0.38,89.61,M,0.0,M,0.0,0000*53
$GPRMC,225814.00,A,3722.094040,N,12208.374062,W,058.4,311.2,290520,,,A*40
$GPGGA,225815.00,3722.104696,N,12208.389157,W,7,,0.38,89.95,M,0.0,M,0.0,0000*59
$GPRMC,225815.00,A,3722.104696,N,12208.389157,W,057.8,311.5,290520,,,A*45
$GPGGA,225816.00,3722.115141,N,12208.403300,W,7,,0.38,90.22,M,0.0,M,0.0,0000*56
$GPRMC,225816.00,A,3722.115141,N,12208.403300,W,056.9,313.2,290520,,,A*4B
$GPGGA,225817.00,3722.126559,N,12208.417904,W,7,,0.38,90.57,M,0.0,M,0.0,0000*53
$GPRMC,225817.00,A,3722.126559,N,12208.417904,W,056.1,315.3,290520,,,A*43
$GPGGA,225818.00,3722.137809,N,12208.431229,W,7,,0.38,90.78,M,0.0,M,0.0,0000*59
$GPRMC,225818.00,A,3722.137809,N,12208.431229,W,055.5,317.4,290520,,,A*46
$GPGGA,225819.00,3722.149204,N,12208.444034,W,7,,0.38,90.92,M,0.0,M,0.0,0000*5E
$GPRMC,225819.00,A,3722.149204,N,12208.444034,W,055.0,318.8,290520,,,A*43
$GPGGA,225820.00,3722.160813,N,12208.456105,W,7,,0.38,90.97,M,0.0,M,0.0,0000*56
$GPRMC,225820.00,A,3722.160813,N,12208.456105,W,054.2,321.3,290520,,,A*4C
$GPGGA,225821.00,3722.172723,N,12208.467728,W,7,,0.38,90.88,M,0.0,M,0.0,0000*5D
$GPRMC,225821.00,A,3722.172723,N,12208.467728,W,053.7,322.5,290520,,,A*4E
$GPGGA,225822.00,3722.184526,N,12208.478797,W,7,,0.38,90.94,M,0.0,M,0.0,0000*57
$GPRMC,225822.00,A,3722.184526,N,12208.478797,W,053.0,323.4,290520,,,A*4E
$GPGGA,225823.00,3722.196382,N,12208.489700,W,7,,0.38,90.77,M,0.0,M,0.0,0000*50
$GPRMC,225823.00,A,3722.196382,N,12208.489700,W,053.0,323.7,290520,,,A*47
$GPGGA,225824.00,3722.208076,N,12208.500302,W,7,,0.38,90.37,M,0.0,M,0.0,0000*59
$GPRMC,225824.00,A,3722.208076,N,12208.500302,W,053.3,324.2,290520,,,A*4B
$GPGGA,225825.00,3722.220568,N,12208.511588,W,7,,0.38,90.09,M,0.0,M,0.0,0000*51
$GPRMC,225825.00,A,3722.220568,N,12208.511588,W,054.0,324.2,290520,,,A*4A
$GPGGA,225826.00,3722.232814,N,12208.522609,W,7,,0.38,89.56,M,0.0,M,0.0,0000*5F
$GPRMC,225826.00,A,3722.232814,N,12208.522609,W,054.7,323.9,290520,,,A*4D
$GPGGA,225827.00,3722.244928,N,12208.533494,W,7,,0.38,89.18,M,0.0,M,0.0,0000*5D
$GPRMC,225827.00,A,3722.244928,N,12208.533494,W,055.3,324.2,290520,,,A*4C
$GPGGA,225828.00,3722.257857,N,12208.545121,W,7,,0.38,88.78,M,0.0,M,0.0,0000*54
$GPRMC,225828.00,A,3722.257857,N,12208.545121,W,055.7,324.2,290520,,,A*46
$GPGGA,225829.00,3722.270440,N,12208.556491,W,7,,0.38,88.42,M,0.0,M,0.0,0000*5F
$GPRMC,225829.00,A,3722.270440,N,12208.556491,W,056.0,324.1,290520,,,A*43
$GPGGA,225830.00,3722.283022,N,12208.567909,W,7,,0.38,88.08,M,0.0,M,0.0,0000*5B
$GPRMC,225830.00,A,3722.283022,N,12208.567909,W,056.1,324.0,290520,,,A*49
$GPGGA,225831.00,3722.295304,N,12208.579081,W,7,,0.38,87.54,M,0.0,M,0.0,0000*5A
$GPRMC,225831.00,A,3722.295304,N,12208.579081,W,056.0,323.9,290520,,,A*41
$GPGGA,225832.00,3722.307964,N,12208.590457,W,7,,0.38,86.87,M,0.0,M,0.0,0000*58
$GPRMC,225832.00,A,3722.307964,N,12208.590457,W,056.3,324.2,290520,,,A*43
$GPGGA,225833.00,3722.321098,N,12208.602212,W,7,,0.38,86.62,M,0.0,M,0.0,0000*53
$GPRMC,225833.00,A,3722.321098,N,12208.602212,W,056.6,324.2,290520,,,A*46
$GPGGA,225834.00,3722.333938,N,12208.613834,W,7,,0.38,86.22,M,0.0,M,0.0,0000*5E
$GPRMC,225834.00,A,3722.333938,N,12208.613834,W,056.7,324.2,290520,,,A*4E
$GPGGA,225835.00,3722.346657,N,12208.625371,W,7,,0.38,85.80,M,0.0,M,0.0,0000*5F
$GPRMC,225835.00,A,3722.346657,N,12208.625371,W,056.7,324.1,290520,,,A*47
$GPGGA,225836.00,3722.359467,N,12208.636868,W,7,,0.38,85.22,M,0.0,M,0.0,0000*5A
$GPRMC,225836.00,A,3722.359467,N,12208.636868,W,056.9,324.5,290520,,,A*40
$GPGGA,225837.00,3722.372487,N,12208.648453,W,7,,0.38,84.89,M,0.0,M,0.0,0000*51
$GPRMC,225837.00,A,3722.372487,N,12208.648453,W,057.1,324.7,290520,,,A*40
$GPGGA,225838.00,3722.385412,N,12208.659997,W,7,,0.38,84.25,M,0.0,M,0.0,0000*59
$GPRMC,225838.00,A,3722.385412,N,12208.659997,W,057.3,324.4,290520,,,A*4F
$GPGGA,225839.00,3722.398378,N,12208.671559,W,7,,0.38,83.66,M,0.0,M,0.0,0000*5B
$GPRMC,225839.00,A,3722.398378,N,12208.671559,W,057.4,324.5,290520,,,A*4B
$GPGGA,225840.00,3722.410911,N,12208.682839,W,7,,0.38,82.76,M,0.0,M,0.0,0000*50
$GPRMC,225840.00,A,3722.410911,N,12208.682839,W,057.3,324.3,290520,,,A*41
$GPGGA,225841.00,3722.424321,N,12208.695050,W,7,,0.38,82.07,M,0.0,M,0.0,0000*58
$GPRMC,225841.00,A,3722.424321,N,12208.695050,W,057.2,323.8,290520,,,A*42
$GPGGA,225842.00,3722.437120,N,12208.706791,W,7,,0.38,81.24,M,0.0,M,0.0,0000*59
$GPRMC,225842.00,A,3722.437120,N,12208.706791,W,057.1,323.5,290520,,,A*4F
$GPGGA,225843.00,3722.449905,N,12208.718708,W,7,,0.38,80.18,M,0.0,M,0.0,0000*5F
$GPRMC,225843.00,A,3722.449905,N,12208.718708,W,057.7,322.9,290520,,,A*4C
$GPGGA,225844.00,3722.462823,N,12208.731121,W,7,,0.38,79.14,M,0.0,M,0.0,0000*58
$GPRMC,225844.00,A,3722.462823,N,12208.731121,W,058.4,322.2,290520,,,A*46
$GPGGA,225845.00,3722.475663,N,12208.743728,W,7,,0.38,77.96,M,0.0,M,0.0,0000*5B
$GPRMC,225845.00,A,3722.475663,N,12208.743728,W,059.0,321.3,290520,,,A*46
$GPGGA,225846.00,3722.488486,N,12208.756729,W,7,,0.38,76.58,M,0.0,M,0.0,0000*55
$GPRMC,225846.00,A,3722.488486,N,12208.756729,W,059.7,320.4,290520,,,A*4A
$GPGGA,225847.00,3722.500911,N,12208.769959,W,7,,0.38,75.37,M,0.0,M,0.0,0000*59
$GPRMC,225847.00,A,3722.500911,N,12208.769959,W,060.3,319.0,290520,,,A*4C
$GPGGA,225848.00,3722.513476,N,12208.783831,W,7,,0.38,74.03,M,0.0,M,0.0,0000*55
$GPRMC,225848.00,A,3722.513476,N,12208.783831,W,060.5,318.4,290520,,,A*45
$GPGGA,225849.00,3722.526441,N,12208.798358,W,7,,0.38,72.79,M,0.0,M,0.0,0000*53
$GPRMC,225849.00,A,3722.526441,N,12208.798358,W,060.9,318.1,290520,,,A*41
$GPGGA,225850.00,3722.539072,N,12208.812511,W,7,,0.38,71.41,M,0.0,M,0.0,0000*5F
$GPRMC,225850.00,A,3722.539072,N,12208.812511,W,061.1,317.9,290520,,,A*4B
$GPGGA,225851.00,3722.551366,N,12208.826480,W,7,,0.38,70.16,M,0.0,M,0.0,0000*5B
$GPRMC,225851.00,A,3722.551366,N,12208.826480,W,061.3,317.7,290520,,,A*40
$GPGGA,225852.00,3722.564398,N,12208.841204,W,7,,0.38,68.70,M,0.0,M,0.0,0000*5D
$GPRMC,225852.00,A,3722.564398,N,12208.841204,W,061.3,317.8,290520,,,A*40
$GPGGA,225853.00,3722.577016,N,12208.855483,W,7,,0.38,67.40,M,0.0,M,0.0,0000*5B
$GPRMC,225853.00,A,3722.577016,N,12208.855483,W,061.2,318.0,290520,,,A*4C
$GPGGA,225854.00,3722.589705,N,12208.869926,W,7,,0.38,66.29,M,0.0,M,0.0,0000*5B
$GPRMC,225854.00,A,3722.589705,N,12208.869926,W,061.0,317.7,290520,,,A*48
$GPGGA,225855.00,3722.602258,N,12208.884121,W,7,,0.38,65.11,M,0.0,M,0.0,0000*53
$GPRMC,225855.00,A,3722.602258,N,12208.884121,W,060.8,317.8,290520,,,A*4E
$GPGGA,225856.00,3722.614395,N,12208.897832,W,7,,0.38,63.73,M,0.0,M,0.0,0000*5C
$GPRMC,225856.00,A,3722.614395,N,12208.897832,W,060.9,317.8,290520,,,A*42
$GPGGA,225857.00,3722.627499,N,12208.912622,W,7,,0.38,62.35,M,0.0,M,0.0,0000*56
$GPRMC,225857.00,A,3722.627499,N,12208.912622,W,061.0,317.6,290520,,,A*4D
$GPGGA,225858.00,3722.640106,N,12208.926872,W,7,,0.38,61.29,M,0.0,M,0.0,0000*59
$GPRMC,225858.00,A,3722.640106,N,12208.926872,W,061.2,318.0,290520,,,A*47
$GPGGA,225859.00,3722.652777,N,12208.940948,W,7,,0.38,60.19,M,0.0,M,0.0,0000*51
$GPRMC,225859.00,A,3722.652777,N,12208.940948,W,061.1,318.7,290520,,,A*49
$GPGGA,225900.00,3722.665600,N,12208.954795,W,7,,0.38,59.54,M,0.0,M,0.0,0000*51
$GPRMC,225900.00,A,3722.665600,N,12208.954795,W,061.0,320.5,290520,,,A*42
$GPGGA,225901.00,3722.678956,N,12208.968074,W,7,,0.38,59.19,M,0.0,M,0.0,0000*5E
$GPRMC,225901.00,A,3722.678956,N,12208.968074,W,060.7,322.5,290520,,,A*40
$GPGGA,225902.00,3722.692605,N,12208.980524,W,7,,0.38,58.78,M,0.0,M,0.0,0000*50
$GPRMC,225902.00,A,3722.692605,N,12208.980524,W,060.8,324.0,290520,,,A*44
$GPGGA,225903.00,3722.706466,N,12208.992374,W,7,,0.38,58.90,M,0.0,M,0.0,0000*5C
$GPRMC,225903.00,A,3722.706466,N,12208.992374,W,060.5,326.3,290520,,,A*42
$GPGGA,225904.00,3722.720326,N,12209.003246,W,7,,0.38,59.18,M,0.0,M,0.0,0000*5D
$GPRMC,225904.00,A,3722.720326,N,12209.003246,W,060.1,327.7,290520,,,A*43
$GPGGA,225905.00,3722.735181,N,12209.014129,W,7,,0.38,59.37,M,0.0,M,0.0,0000*56
$GPRMC,225905.00,A,3722.735181,N,12209.014129,W,060.1,329.8,290520,,,A*44
$GPGGA,225906.00,3722.749821,N,12209.024053,W,7,,0.38,59.48,M,0.0,M,0.0,0000*5A
$GPRMC,225906.00,A,3722.749821,N,12209.024053,W,060.0,332.1,290520,,,A*42
$GPGGA,225907.00,3722.764420,N,12209.033029,W,7,,0.38,59.37,M,0.0,M,0.0,0000*5A
$GPRMC,225907.00,A,3722.764420,N,12209.033029,W,060.0,334.2,290520,,,A*4F
$GPGGA,225908.00,3722.780110,N,12209.041861,W,7,,0.38,59.23,M,0.0,M,0.0,0000*5D
$GPRMC,225908.00,A,3722.780110,N,12209.041861,W,060.1,336.2,290520,,,A*4E
$GPGGA,225909.00,3722.795523,N,12209.049829,W,7,,0.38,58.80,M,0.0,M,0.0,0000*50
$GPRMC,225909.00,A,3722.795523,N,12209.049829,W,060.1,338.3,290520,,,A*44
$GPGGA,225910.00,3722.811063,N,12209.057197,W,7,,0.38,58.27,M,0.0,M,0.0,0000*54
$GPRMC,225910.00,A,3722.811063,N,12209.057197,W,059.8,339.9,290520,,,A*45
$GPGGA,225911.00,3722.826328,N,12209.063714,W,7,,0.38,57.80,M,0.0,M,0.0,0000*55
$GPRMC,225911.00,A,3722.826328,N,12209.063714,W,059.1,342.0,290520,,,A*4A
$GPGGA,225912.00,3722.841933,N,12209.069575,W,7,,0.38,57.03,M,0.0,M,0.0,0000*53
$GPRMC,225912.00,A,3722.841933,N,12209.069575,W,058.7,344.4,290520,,,A*42
$GPGGA,225913.00,3722.858271,N,12209.074826,W,7,,0.38,56.23,M,0.0,M,0.0,0000*53
$GPRMC,225913.00,A,3722.858271,N,12209.074826,W,059.2,345.5,290520,,,A*45
$GPGGA,225914.00,3722.874501,N,12209.079487,W,7,,0.38,55.34,M,0.0,M,0.0,0000*55
$GPRMC,225914.00,A,3722.874501,N,12209.079487,W,059.7,347.2,290520,,,A*46
$GPGGA,225915.00,3722.890773,N,12209.083693,W,7,,0.38,54.63,M,0.0,M,0.0,0000*58
$GPRMC,225915.00,A,3722.890773,N,12209.083693,W,060.0,348.5,290520,,,A*4D
$GPGGA,225916.00,3722.907195,N,12209.087575,W,7,,0.38,53.61,M,0.0,M,0.0,0000*50
$GPRMC,225916.00,A,3722.907195,N,12209.087575,W,060.2,349.1,290520,,,A*47
$GPGGA,225917.00,3722.923894,N,12209.091307,W,7,,0.38,52.83,M,0.0,M,0.0,0000*56
$GPRMC,225917.00,A,3722.923894,N,12209.091307,W,060.6,349.8,290520,,,A*41
$GPGGA,225918.00,3722.940501,N,12209.094878,W,7,,0.38,51.75,M,0.0,M,0.0,0000*51
$GPRMC,225918.00,A,3722.940501,N,12209.094878,W,060.7,350.4,290520,,,A*49
$GPGGA,225919.00,3722.957188,N,12209.098447,W,7,,0.38,51.03,M,0.0,M,0.0,0000*5E
$GPRMC,225919.00,A,3722.957188,N,12209.098447,W,061.0,350.4,290520,,,A*41
$GPGGA,225920.00,3722.973297,N,12209.101909,W,7,,0.38,50.44,M,0.0,M,0.0,0000*5B
$GPRMC,225920.00,A,3722.973297,N,12209.101909,W,060.9,350.5,290520,,,A*4F
$GPGGA,225921.00,3722.990728,N,12209.105564,W,7,,0.38,49.50,M,0.0,M,0.0,0000*58
$GPRMC,225921.00,A,3722.990728,N,12209.105564,W,061.2,350.6,290520,,,A*48
$GPGGA,225922.00,3723.007407,N,12209.109110,W,7,,0.38,48.58,M,0.0,M,0.0,0000*51
$GPRMC,225922.00,A,3723.007407,N,12209.109110,W,060.9,350.6,290520,,,A*42
$GPGGA,225923.00,3723.023967,N,12209.112691,W,7,,0.38,48.06,M,0.0,M,0.0,0000*52
$GPRMC,225923.00,A,3723.023967,N,12209.112691,W,060.3,350.0,290520,,,A*46
$GPGGA,225924.00,3723.040467,N,12209.116634,W,7,,0.38,47.43,M,0.0,M,0.0,0000*58
$GPRMC,225924.00,A,3723.040467,N,12209.116634,W,059.7,349.0,290520,,,A*44
$GPGGA,225925.00,3723.056530,N,12209.120965,W,7,,0.38,46.89,M,0.0,M,0.0,0000*54
$GPRMC,225925.00,A,3723.056530,N,12209.120965,W,059.0,347.4,290520,,,A*42
$GPGGA,225926.00,3723.072406,N,12209.125916,W,7,,0.38,46.37,M,0.0,M,0.0,0000*51
$GPRMC,225926.00,A,3723.072406,N,12209.125916,W,059.1,345.1,290520,,,A*44
$GPGGA,225927.00,3723.087862,N,12209.131597,W,7,,0.38,45.80,M,0.0,M,0.0,0000*5B
$GPRMC,225927.00,A,3723.087862,N,12209.131597,W,059.7,342.4,290520,,,A*45
$GPGGA,225928.00,3723.103467,N,12209.138528,W,7,,0.38,45.48,M,0.0,M,0.0,0000*59
$GPRMC,225928.00,A,3723.103467,N,12209.138528,W,060.0,339.4,290520,,,A*42
$GPGGA,225929.00,3723.119409,N,12209.146712,W,7,,0.38,45.29,M,0.0,M,0.0,0000*5E
$GPRMC,225929.00,A,3723.119409,N,12209.146712,W,060.4,336.9,290520,,,A*44
$GPGGA,225930.00,3723.134583,N,12209.155519,W,7,,0.38,45.21,M,0.0,M,0.0,0000*59
$GPRMC,225930.00,A,3723.134583,N,12209.155519,W,060.2,334.6,290520,,,A*40
$GPGGA,225931.00,3723.149014,N,12209.164957,W,7,,0.38,45.06,M,0.0,M,0.0,0000*58
$GPRMC,225931.00,A,3723.149014,N,12209.164957,W,059.9,331.5,290520,,,A*43
$GPGGA,225932.00,3723.163648,N,12209.175794,W,7,,0.38,45.51,M,0.0,M,0.0,0000*5F
$GPRMC,225932.00,A,3723.163648,N,12209.175794,W,059.3,328.5,290520,,,A*44
$GPGGA,225933.00,3723.177142,N,12209.187001,W,7,,0.38,46.12,M,0.0,M,0.0,0000*54
$GPRMC,225933.00,A,3723.177142,N,12209.187001,W,058.2,325.7,290520,,,A*44
$GPGGA,225934.00,3723.190191,N,12209.198881,W,7,,0.38,46.89,M,0.0,M,0.0,0000*58
$GPRMC,225934.00,A,3723.190191,N,12209.198881,W,057.1,322.8,290520,,,A*4E
$GPGGA,225935.00,3723.202473,N,12209.211145,W,7,,0.38,48.05,M,0.0,M,0.0,0000*51
$GPRMC,225935.00,A,3723.202473,N,12209.211145,W,056.1,321.1,290520,,,A*46
$GPGGA,225936.00,3723.213736,N,12209.223434,W,7,,0.38,48.61,M,0.0,M,0.0,0000*50
$GPRMC,225936.00,A,3723.213736,N,12209.223434,W,055.3,317.9,290520,,,A*49
$GPGGA,225937.00,3723.225226,N,12209.237204,W,7,,0.38,49.61,M,0.0,M,0.0,0000*51
$GPRMC,225937.00,A,3723.225226,N,12209.237204,W,054.7,315.4,290520,,,A*43
$GPGGA,225938.00,3723.235425,N,12209.251106,W,7,,0.38,50.34,M,0.0,M,0.0,0000*53
$GPRMC,225938.00,A,3723.235425,N,12209.251106,W,054.0,310.7,290520,,,A*48
$GPGGA,225939.00,3723.244780,N,12209.265637,W,7,,0.38,51.07,M,0.0,M,0.0,0000*5B
$GPRMC,225939.00,A,3723.244780,N,12209.265637,W,053.5,307.9,290520,,,A*4B
$GPGGA,225940.00,3723.253642,N,12209.280452,W,7,,0.38,51.68,M,0.0,M,0.0,0000*5F
$GPRMC,225940.00,A,3723.253642,N,12209.280452,W,053.0,306.6,290520,,,A*4D
$GPGGA,225941.00,3723.262239,N,12209.295818,W,7,,0.38,52.47,M,0.0,M,0.0,0000*5C
$GPRMC,225941.00,A,3723.262239,N,12209.295818,W,052.9,305.1,290520,,,A*4C
$GPGGA,225942.00,3723.270267,N,12209.311093,W,7,,0.38,53.22,M,0.0,M,0.0,0000*53
$GPRMC,225942.00,A,3723.270267,N,12209.311093,W,052.4,303.0,290520,,,A*4B
$GPGGA,225943.00,3723.277756,N,12209.326598,W,7,,0.38,53.90,M,0.0,M,0.0,0000*51
$GPRMC,225943.00,A,3723.277756,N,12209.326598,W,052.0,300.5,290520,,,A*42
$GPGGA,225944.00,3723.284506,N,12209.341946,W,7,,0.38,54.44,M,0.0,M,0.0,0000*5D
$GPRMC,225944.00,A,3723.284506,N,12209.341946,W,051.3,298.2,290520,,,A*47
$GPGGA,225945.00,3723.290979,N,12209.358301,W,7,,0.38,54.84,M,0.0,M,0.0,0000*50
$GPRMC,225945.00,A,3723.290979,N,12209.358301,W,050.6,295.6,290520,,,A*4B
$GPGGA,225946.00,3723.296656,N,12209.374267,W,7,,0.38,55.16,M,0.0,M,0.0,0000*52
$GPRMC,225946.00,A,3723.296656,N,12209.374267,W,050.0,293.6,290520,,,A*43
$GPGGA,225947.00,3723.301665,N,12209.389951,W,7,,0.38,55.50,M,0.0,M,0.0,0000*52
$GPRMC,225947.00,A,3723.301665,N,12209.389951,W,049.5,291.2,290520,,,A*4A
$GPGGA,225948.00,3723.306381,N,12209.406673,W,7,,0.38,55.80,M,0.0,M,0.0,0000*57
$GPRMC,225948.00,A,3723.306381,N,12209.406673,W,049.3,288.5,290520,,,A*4B
$GPGGA,225949.00,3723.310366,N,12209.423029,W,7,,0.38,55.98,M,0.0,M,0.0,0000*5F
$GPRMC,225949.00,A,3723.310366,N,12209.423029,W,049.2,286.2,290520,,,A*42
$GPGGA,225950.00,3723.313876,N,12209.439596,W,7,,0.38,56.06,M,0.0,M,0.0,0000*50
$GPRMC,225950.00,A,3723.313876,N,12209.439596,W,049.4,284.2,290520,,,A*4D
$GPGGA,225951.00,3723.316887,N,12209.456012,W,7,,0.38,55.89,M,0.0,M,0.0,0000*5E
$GPRMC,225951.00,A,3723.316887,N,12209.456012,W,049.7,282.3,290520,,,A*43
$GPGGA,225952.00,3723.319600,N,12209.473051,W,7,,0.38,55.70,M,0.0,M,0.0,0000*55
$GPRMC,225952.00,A,3723.319600,N,12209.473051,W,050.2,281.0,290520,,,A*43
$GPGGA,225953.00,3723.322294,N,12209.490884,W,7,,0.38,55.32,M,0.0,M,0.0,0000*5E
$GPRMC,225953.00,A,3723.322294,N,12209.490884,W,050.9,280.7,290520,,,A*43
$GPGGA,225954.00,3723.324934,N,12209.508566,W,7,,0.38,54.89,M,0.0,M,0.0,0000*5E
$GPRMC,225954.00,A,3723.324934,N,12209.508566,W,051.4,280.5,290520,,,A*4C
$GPGGA,225955.00,3723.327400,N,12209.525726,W,7,,0.38,54.49,M,0.0,M,0.0,0000*53
$GPRMC,225955.00,A,3723.327400,N,12209.525726,W,051.9,280.4,290520,,,A*41
$GPGGA,225956.00,3723.330004,N,12209.544091,W,7,,0.38,54.06,M,0.0,M,0.0,0000*51
$GPRMC,225956.00,A,3723.330004,N,12209.544091,W,052.0,279.7,290520,,,A*47
$GPGGA,225957.00,3723.332482,N,12209.562097,W,7,,0.38,53.69,M,0.0,M,0.0,0000*54
$GPRMC,225957.00,A,3723.332482,N,12209.562097,W,052.2,279.7,290520,,,A*4E
$GPGGA,225958.00,3723.334966,N,12209.579965,W,7,,0.38,53.04,M,0.0,M,0.0,0000*5F
$GPRMC,225958.00,A,3723.334966,N,12209.579965,W,052.3,280.4,290520,,,A*4A
$GPGGA,225959.00,3723.337810,N,12209.597773,W,7,,0.38,52.41,M,0.0,M,0.0,0000*54
$GPRMC,225959.00,A,3723.337810,N,12209.597773,W,052.1,281.9,290520,,,A*4F
$GPGGA,230000.00,3723.340732,N,12209.614886,W,7,,0.38,51.65,M,0.0,M,0.0,0000*52
$GPRMC,230000.00,A,3723.340732,N,12209.614886,W,051.9,281.6,290520,,,A*48
$GPGGA,230001.00,3723.343773,N,12209.633240,W,7,,0.38,50.65,M,0.0,M,0.0,0000*51
$GPRMC,230001.00,A,3723.343773,N,12209.633240,W,051.6,281.2,290520,,,A*41
$GPGGA,230002.00,3723.346719,N,12209.650634,W,7,,0.38,49.70,M,0.0,M,0.0,0000*55
$GPRMC,230002.00,A,3723.346719,N,12209.650634,W,051.1,281.8,290520,,,A*44
$GPGGA,230003.00,3723.349996,N,12209.667931,W,7,,0.38,48.81,M,0.0,M,0.0,0000*53
$GPRMC,230003.00,A,3723.349996,N,12209.667931,W,050.8,284.2,290520,,,A*4A
$GPGGA,230004.00,3723.353805,N,12209.685044,W,7,,0.38,48.06,M,0.0,M,0.0,0000*5C
$GPRMC,230004.00,A,3723.353805,N,12209.685044,W,050.4,286.4,290520,,,A*42
$GPGGA,230005.00,3723.357963,N,12209.701729,W,7,,0.38,47.19,M,0.0,M,0.0,0000*58
$GPRMC,230005.00,A,3723.357963,N,12209.701729,W,050.1,288.3,290520,,,A*4B
$GPGGA,230006.00,3723.362475,N,12209.718259,W,7,,0.38,46.33,M,0.0,M,0.0,0000*54
$GPRMC,230006.00,A,3723.362475,N,12209.718259,W,050.4,289.4,290520,,,A*4D
$GPGGA,230007.00,3723.367227,N,12209.734310,W,7,,0.38,45.52,M,0.0,M,0.0,0000*57
$GPRMC,230007.00,A,3723.367227,N,12209.734310,W,050.5,290.7,290520,,,A*40
$GPGGA,230008.00,3723.372561,N,12209.750606,W,7,,0.38,44.61,M,0.0,M,0.0,0000*58
$GPRMC,230008.00,A,3723.372561,N,12209.750606,W,050.8,293.4,290520,,,A*43
$GPGGA,230009.00,3723.378681,N,12209.767268,W,7,,0.38,43.71,M,0.0,M,0.0,0000*50
$GPRMC,230009.00,A,3723.378681,N,12209.767268,W,051.2,296.0,290520,,,A*47
$GPGGA,230010.00,3723.385126,N,12209.783299,W,7,,0.38,42.93,M,0.0,M,0.0,0000*59
$GPRMC,230010.00,A,3723.385126,N,12209.783299,W,051.8,297.2,290520,,,A*4A
$GPGGA,230011.00,3723.391792,N,12209.798839,W,7,,0.38,41.99,M,0.0,M,0.0,0000*57
$GPRMC,230011.00,A,3723.391792,N,12209.798839,W,052.0,298.7,290520,,,A*4C
$GPGGA,230012.00,3723.399238,N,12209.815117,W,7,,0.38,41.21,M,0.0,M,0.0,0000*55
$GPRMC,230012.00,A,3723.399238,N,12209.815117,W,052.5,300.6,290520,,,A*49
$GPGGA,230013.00,3723.407067,N,12209.830657,W,7,,0.38,40.31,M,0.0,M,0.0,0000*58
$GPRMC,230013.00,A,3723.407067,N,12209.830657,W,052.9,303.5,290520,,,A*48
$GPGGA,230014.00,3723.415557,N,12209.846114,W,7,,0.38,39.39,M,0.0,M,0.0,0000*5D
$GPRMC,230014.00,A,3723.415557,N,12209.846114,W,053.6,305.3,290520,,,A*45
$GPGGA,230015.00,3723.424378,N,12209.861198,W,7,,0.38,38.64,M,0.0,M,0.0,0000*5D
$GPRMC,230015.00,A,3723.424378,N,12209.861198,W,054.1,306.7,290520,,,A*4B
$GPGGA,230016.00,3723.433132,N,12209.875742,W,7,,0.38,37.92,M,0.0,M,0.0,0000*56
$GPRMC,230016.00,A,3723.433132,N,12209.875742,W,054.3,307.4,290520,,,A*46
$GPGGA,230017.00,3723.442660,N,12209.891054,W,7,,0.38,37.47,M,0.0,M,0.0,0000*53
$GPRMC,230017.00,A,3723.442660,N,12209.891054,W,054.2,308.1,290520,,,A*40
$GPGGA,230018.00,3723.452043,N,12209.905964,W,7,,0.38,37.31,M,0.0,M,0.0,0000*5D
$GPRMC,230018.00,A,3723.452043,N,12209.905964,W,053.8,308.4,290520,,,A*47
$GPGGA,230019.00,3723.461230,N,12209.920712,W,7,,0.38,37.44,M,0.0,M,0.0,0000*50
$GPRMC,230019.00,A,3723.461230,N,12209.920712,W,053.8,308.1,290520,,,A*4D
$GPGGA,230020.00,3723.470164,N,12209.935718,W,7,,0.38,37.72,M,0.0,M,0.0,0000*53
$GPRMC,230020.00,A,3723.470164,N,12209.935718,W,053.9,306.2,290520,,,A*47
$GPGGA,230021.00,3723.478779,N,12209.951137,W,7,,0.38,38.02,M,0.0,M,0.0,0000*51
$GPRMC,230021.00,A,3723.478779,N,12209.951137,W,053.9,303.9,290520,,,A*43
$GPGGA,230022.00,3723.486885,N,12209.966846,W,7,,0.38,38.16,M,0.0,M,0.0,0000*51
$GPRMC,230022.00,A,3723.486885,N,12209.966846,W,054.0,302.1,290520,,,A*41
$GPGGA,230023.00,3723.494530,N,12209.982926,W,7,,0.38,38.45,M,0.0,M,0.0,0000*5B
$GPRMC,230023.00,A,3723.494530,N,12209.982926,W,053.9,300.0,290520,,,A*40
$GPGGA,230024.00,3723.501430,N,12209.999119,W,7,,0.38,39.05,M,0.0,M,0.0,0000*5B
$GPRMC,230024.00,A,3723.501430,N,12209.999119,W,053.9,296.9,290520,,,A*42
$GPGGA,230025.00,3723.507981,N,12210.016592,W,7,,0.38,39.94,M,0.0,M,0.0,0000*52
$GPRMC,230025.00,A,3723.507981,N,12210.016592,W,053.9,294.0,290520,,,A*48
$GPGGA,230026.00,3723.513640,N,12210.033919,W,7,,0.38,40.74,M,0.0,M,0.0,0000*5E
$GPRMC,230026.00,A,3723.513640,N,12210.033919,W,053.8,291.7,290520,,,A*47
$GPGGA,230027.00,3723.518625,N,12210.051067,W,7,,0.38,41.57,M,0.0,M,0.0,0000*53
$GPRMC,230027.00,A,3723.518625,N,12210.051067,W,053.5,289.4,290520,,,A*4D
$GPGGA,230028.00,3723.523251,N,12210.069427,W,7,,0.38,42.67,M,0.0,M,0.0,0000*58
$GPRMC,230028.00,A,3723.523251,N,12210.069427,W,053.5,287.1,290520,,,A*4D
$GPGGA,230029.00,3723.527068,N,12210.087314,W,7,,0.38,43.45,M,0.0,M,0.0,0000*53
$GPRMC,230029.00,A,3723.527068,N,12210.087314,W,053.3,284.2,290520,,,A*41
$GPGGA,230030.00,3723.530181,N,12210.105320,W,7,,0.38,44.35,M,0.0,M,0.0,0000*57
$GPRMC,230030.00,A,3723.530181,N,12210.105320,W,053.0,281.6,290520,,,A*47
$GPGGA,230031.00,3723.532641,N,12210.122990,W,7,,0.38,45.28,M,0.0,M,0.0,0000*56
$GPRMC,230031.00,A,3723.532641,N,12210.122990,W,052.6,279.1,290520,,,A*4C
$GPGGA,230032.00,3723.534520,N,12210.140959,W,7,,0.38,46.03,M,0.0,M,0.0,0000*5C
$GPRMC,230032.00,A,3723.534520,N,12210.140959,W,051.8,277.0,290520,,,A*4E
$GPGGA,230033.00,3723.536074,N,12210.159517,W,7,,0.38,46.55,M,0.0,M,0.0,0000*56
$GPRMC,230033.00,A,3723.536074,N,12210.159517,W,051.8,276.1,290520,,,A*47
$GPGGA,230034.00,3723.537339,N,12210.177452,W,7,,0.38,47.03,M,0.0,M,0.0,0000*54
$GPRMC,230034.00,A,3723.537339,N,12210.177452,W,051.0,274.9,290520,,,A*45
$GPGGA,230035.00,3723.538425,N,12210.194954,W,7,,0.38,47.58,M,0.0,M,0.0,0000*58
$GPRMC,230035.00,A,3723.538425,N,12210.194954,W,050.3,274.4,290520,,,A*48
$GPGGA,230036.00,3723.539457,N,12210.212353,W,7,,0.38,48.26,M,0.0,M,0.0,0000*59
$GPRMC,230036.00,A,3723.539457,N,12210.212353,W,050.0,274.4,290520,,,A*4C
$GPGGA,230037.00,3723.540394,N,12210.229544,W,7,,0.38,49.35,M,0.0,M,0.0,0000*55
$GPRMC,230037.00,A,3723.540394,N,12210.229544,W,049.4,274.1,290520,,,A*4A
$GPGGA,230038.00,3723.541395,N,12210.246871,W,7,,0.38,50.16,M,0.0,M,0.0,0000*51
$GPRMC,230038.00,A,3723.541395,N,12210.246871,W,049.2,274.2,290520,,,A*42
$GPGGA,230039.00,3723.542439,N,12210.263899,W,7,,0.38,50.98,M,0.0,M,0.0,0000*55
$GPRMC,230039.00,A,3723.542439,N,12210.263899,W,048.9,274.4,290520,,,A*4C
$GPGGA,230040.00,3723.543645,N,12210.280261,W,7,,0.38,51.55,M,0.0,M,0.0,0000*53
$GPRMC,230040.00,A,3723.543645,N,12210.280261,W,048.6,275.8,290520,,,A*48
$GPGGA,230041.00,3723.545320,N,12210.297739,W,7,,0.38,52.44,M,0.0,M,0.0,0000*5F
$GPRMC,230041.00,A,3723.545320,N,12210.297739,W,048.4,277.5,290520,,,A*4A
$GPGGA,230042.00,3723.547257,N,12210.314348,W,7,,0.38,53.53,M,0.0,M,0.0,0000*50
$GPRMC,230042.00,A,3723.547257,N,12210.314348,W,048.1,278.6,290520,,,A*4B
$GPGGA,230043.00,3723.549514,N,12210.330817,W,7,,0.38,54.52,M,0.0,M,0.0,0000*5E
$GPRMC,230043.00,A,3723.549514,N,12210.330817,W,047.9,280.2,290520,,,A*47
$GPGGA,230044.00,3723.552225,N,12210.347185,W,7,,0.38,55.46,M,0.0,M,0.0,0000*50
$GPRMC,230044.00,A,3723.552225,N,12210.347185,W,047.6,282.4,290520,,,A*46
$GPGGA,230045.00,3723.555333,N,12210.363247,W,7,,0.38,56.41,M,0.0,M,0.0,0000*5F
$GPRMC,230045.00,A,3723.555333,N,12210.363247,W,047.3,284.5,290520,,,A*4F
$GPGGA,230046.00,3723.558922,N,12210.379069,W,7,,0.38,57.45,M,0.0,M,0.0,0000*5B
$GPRMC,230046.00,A,3723.558922,N,12210.379069,W,047.0,286.8,290520,,,A*42
$GPGGA,230047.00,3723.562972,N,12210.394585,W,7,,0.38,58.36,M,0.0,M,0.0,0000*59
$GPRMC,230047.00,A,3723.562972,N,12210.394585,W,047.0,288.7,290520,,,A*4A
$GPGGA,230048.00,3723.567310,N,12210.409712,W,7,,0.38,59.28,M,0.0,M,0.0,0000*5C
$GPRMC,230048.00,A,3723.567310,N,12210.409712,W,047.4,290.5,290520,,,A*4E
$GPGGA,230049.00,3723.572325,N,12210.425587,W,7,,0.38,60.23,M,0.0,M,0.0,0000*5E
$GPRMC,230049.00,A,3723.572325,N,12210.425587,W,047.8,291.9,290520,,,A*4C
$GPGGA,230050.00,3723.577570,N,12210.440894,W,7,,0.38,61.14,M,0.0,M,0.0,0000*5C
$GPRMC,230050.00,A,3723.577570,N,12210.440894,W,048.1,294.3,290520,,,A*42
$GPGGA,230051.00,3723.583155,N,12210.455707,W,7,,0.38,61.99,M,0.0,M,0.0,0000*51
$GPRMC,230051.00,A,3723.583155,N,12210.455707,W,048.4,296.2,290520,,,A*4C
$GPGGA,230052.00,3723.589539,N,12210.471128,W,7,,0.38,63.03,M,0.0,M,0.0,0000*5A
$GPRMC,230052.00,A,3723.589539,N,12210.471128,W,048.5,298.2,290520,,,A*49
$GPGGA,230053.00,3723.596193,N,12210.485749,W,7,,0.38,63.89,M,0.0,M,0.0,0000*59
$GPRMC,230053.00,A,3723.596193,N,12210.485749,W,048.5,300.6,290520,,,A*4C
$GPGGA,230054.00,3723.603388,N,12210.500275,W,7,,0.38,64.82,M,0.0,M,0.0,0000*53
$GPRMC,230054.00,A,3723.603388,N,12210.500275,W,048.9,302.7,290520,,,A*45
$GPGGA,230055.00,3723.610948,N,12210.514544,W,7,,0.38,65.78,M,0.0,M,0.0,0000*52
$GPRMC,230055.00,A,3723.610948,N,12210.514544,W,049.5,304.0,290520,,,A*4C
$GPGGA,230056.00,3723.618718,N,12210.528158,W,7,,0.38,66.72,M,0.0,M,0.0,0000*5D
$GPRMC,230056.00,A,3723.618718,N,12210.528158,W,050.0,306.6,290520,,,A*43
$GPGGA,230057.00,3723.627603,N,12210.542390,W,7,,0.38,67.79,M,0.0,M,0.0,0000*5B
$GPRMC,230057.00,A,3723.627603,N,12210.542390,W,050.5,309.1,290520,,,A*42
$GPGGA,230058.00,3723.636808,N,12210.556046,W,7,,0.38,68.81,M,0.0,M,0.0,0000*54
$GPRMC,230058.00,A,3723.636808,N,12210.556046,W,051.1,310.8,290520,,,A*41
$GPGGA,230059.00,3723.646053,N,12210.568981,W,7,,0.38,69.74,M,0.0,M,0.0,0000*50
$GPRMC,230059.00,A,3723.646053,N,12210.568981,W,051.4,312.9,290520,,,A*48
$GPGGA,230100.00,3723.656421,N,12210.582272,W,7,,0.38,70.65,M,0.0,M,0.0,0000*56
$GPRMC,230100.00,A,3723.656421,N,12210.582272,W,052.0,315.3,290520,,,A*4C
$GPGGA,230101.00,3723.666940,N,12210.594787,W,7,,0.38,71.36,M,0.0,M,0.0,0000*51
$GPRMC,230101.00,A,3723.666940,N,12210.594787,W,052.5,317.3,290520,,,A*4B
$GPGGA,230102.00,3723.677907,N,12210.606943,W,7,,0.38,71.95,M,0.0,M,0.0,0000*56
$GPRMC,230102.00,A,3723.677907,N,12210.606943,W,053.0,319.1,290520,,,A*4D
$GPGGA,230103.00,3723.688965,N,12210.618554,W,7,,0.38,72.77,M,0.0,M,0.0,0000*59
$GPRMC,230103.00,A,3723.688965,N,12210.618554,W,053.5,320.8,290520,,,A*4B
$GPGGA,230104.00,3723.700576,N,12210.630272,W,7,,0.38,73.62,M,0.0,M,0.0,0000*5D
$GPRMC,230104.00,A,3723.700576,N,12210.630272,W,054.0,321.5,290520,,,A*44
$GPGGA,230105.00,3723.712762,N,12210.642278,W,7,,0.38,74.10,M,0.0,M,0.0,0000*55
$GPRMC,230105.00,A,3723.712762,N,12210.642278,W,054.4,321.8,290520,,,A*47
$GPGGA,230106.00,3723.724768,N,12210.654151,W,7,,0.38,74.46,M,0.0,M,0.0,0000*55
$GPRMC,230106.00,A,3723.724768,N,12210.654151,W,055.0,321.9,290520,,,A*40
$GPGGA,230107.00,3723.736863,N,12210.665965,W,7,,0.38,74.72,M,0.0,M,0.0,0000*59
$GPRMC,230107.00,A,3723.736863,N,12210.665965,W,055.5,322.0,290520,,,A*44
$GPGGA,230108.00,3723.749013,N,12210.677900,W,7,,0.38,74.91,M,0.0,M,0.0,0000*5C
$GPRMC,230108.00,A,3723.749013,N,12210.677900,W,055.8,321.8,290520,,,A*4A
$GPGGA,230109.00,3723.761295,N,12210.690044,W,7,,0.38,75.13,M,0.0,M,0.0,0000*50
$GPRMC,230109.00,A,3723.761295,N,12210.690044,W,056.0,321.8,290520,,,A*46
$GPGGA,230110.00,3723.773523,N,12210.702014,W,7,,0.38,75.26,M,0.0,M,0.0,0000*58
$GPRMC,230110.00,A,3723.773523,N,12210.702014,W,055.8,322.1,290520,,,A*49
$GPGGA,230111.00,3723.785733,N,12210.713965,W,7,,0.38,75.09,M,0.0,M,0.0,0000*51
$GPRMC,230111.00,A,3723.785733,N,12210.713965,W,055.8,321.9,290520,,,A*46
$GPGGA,230112.00,3723.797500,N,12210.725557,W,7,,0.38,74.94,M,0.0,M,0.0,0000*5E
$GPRMC,230112.00,A,3723.797500,N,12210.725557,W,055.8,321.8,290520,,,A*4D
$GPGGA,230113.00,3723.810130,N,12210.738055,W,7,,0.38,74.69,M,0.0,M,0.0,0000*51
$GPRMC,230113.00,A,3723.810130,N,12210.738055,W,055.7,321.7,290520,,,A*40
$GPGGA,230114.00,3723.822208,N,12210.750031,W,7,,0.38,74.40,M,0.0,M,0.0,0000*58
$GPRMC,230114.00,A,3723.822208,N,12210.750031,W,055.4,321.6,290520,,,A*40
$GPGGA,230115.00,3723.834189,N,12210.761881,W,7,,0.38,73.93,M,0.0,M,0.0,0000*5C
$GPRMC,230115.00,A,3723.834189,N,12210.761881,W,054.9,321.8,290520,,,A*4F
$GPGGA,230116.00,3723.846214,N,12210.773743,W,7,,0.38,73.37,M,0.0,M,0.0,0000*51
$GPRMC,230116.00,A,3723.846214,N,12210.773743,W,054.3,321.9,290520,,,A*47
$GPGGA,230117.00,3723.858034,N,12210.785300,W,7,,0.38,72.71,M,0.0,M,0.0,0000*56
$GPRMC,230117.00,A,3723.858034,N,12210.785300,W,053.8,321.9,290520,,,A*4F
$GPGGA,230118.00,3723.869704,N,12210.796807,W,7,,0.38,71.99,M,0.0,M,0.0,0000*54
$GPRMC,230118.00,A,3723.869704,N,12210.796807,W,053.3,321.8,290520,,,A*42
$GPGGA,230119.00,3723.881314,N,12210.808232,W,7,,0.38,71.25,M,0.0,M,0.0,0000*55
$GPRMC,230119.00,A,3723.881314,N,12210.808232,W,053.1,321.9,290520,,,A*47
$GPGGA,230120.00,3723.892677,N,12210.819367,W,7,,0.38,70.45,M,0.0,M,0.0,0000*5B
$GPRMC,230120.00,A,3723.892677,N,12210.819367,W,053.3,321.9,290520,,,A*4C
$GPGGA,230121.00,3723.904732,N,12210.831200,W,7,,0.38,69.67,M,0.0,M,0.0,0000*56
$GPRMC,230121.00,A,3723.904732,N,12210.831200,W,053.8,321.8,290520,,,A*43
$GPGGA,230122.00,3723.916521,N,12210.842834,W,7,,0.38,68.93,M,0.0,M,0.0,0000*55
$GPRMC,230122.00,A,3723.916521,N,12210.842834,W,054.2,321.6,290520,,,A*49
$GPGGA,230123.00,3723.928125,N,12210.854329,W,7,,0.38,68.23,M,0.0,M,0.0,0000*52
$GPRMC,230123.00,A,3723.928125,N,12210.854329,W,054.7,321.6,290520,,,A*40
$GPGGA,230124.00,3723.940408,N,12210.866498,W,7,,0.38,67.47,M,0.0,M,0.0,0000*50
$GPRMC,230124.00,A,3723.940408,N,12210.866498,W,054.9,321.7,290520,,,A*40
$GPGGA,230125.00,3723.952450,N,12210.878408,W,7,,0.38,66.60,M,0.0,M,0.0,0000*5D
$GPRMC,230125.00,A,3723.952450,N,12210.878408,W,055.3,321.7,290520,,,A*42
$GPGGA,230126.00,3723.964666,N,12210.890503,W,7,,0.38,65.79,M,0.0,M,0.0,0000*5B
$GPRMC,230126.00,A,3723.964666,N,12210.890503,W,055.8,321.7,290520,,,A*44
$GPGGA,230127.00,3723.976899,N,12210.902539,W,7,,0.38,64.94,M,0.0,M,0.0,0000*56
$GPRMC,230127.00,A,3723.976899,N,12210.902539,W,056.4,321.7,290520,,,A*44
$GPGGA,230128.00,3723.988888,N,12210.914282,W,7,,0.38,64.11,M,0.0,M,0.0,0000*55
$GPRMC,230128.00,A,3723.988888,N,12210.914282,W,056.9,321.8,290520,,,A*48
$GPGGA,230129.00,3724.001679,N,12210.926929,W,7,,0.38,63.30,M,0.0,M,0.0,0000*54
$GPRMC,230129.00,A,3724.001679,N,12210.926929,W,057.2,321.5,290520,,,A*4A
$GPGGA,230130.00,3724.014261,N,12210.939488,W,7,,0.38,62.47,M,0.0,M,0.0,0000*5C
$GPRMC,230130.00,A,3724.014261,N,12210.939488,W,057.6,321.5,290520,,,A*47
$GPGGA,230131.00,3724.026807,N,12210.952040,W,7,,0.38,61.80,M,0.0,M,0.0,0000*53
$GPRMC,230131.00,A,3724.026807,N,12210.952040,W,058.0,321.3,290520,,,A*4F
$GPGGA,230132.00,3724.039342,N,12210.964664,W,7,,0.38,61.19,M,0.0,M,0.0,0000*51
$GPRMC,230132.00,A,3724.039342,N,12210.964664,W,058.1,321.2,290520,,,A*4D
$GPGGA,230133.00,3724.051989,N,12210.977407,W,7,,0.38,60.58,M,0.0,M,0.0,0000*52
$GPRMC,230133.00,A,3724.051989,N,12210.977407,W,057.8,321.1,290520,,,A*4F
$GPGGA,230134.00,3724.064379,N,12210.989959,W,7,,0.38,60.23,M,0.0,M,0.0,0000*5D
$GPRMC,230134.00,A,3724.064379,N,12210.989959,W,057.1,321.2,290520,,,A*46
$GPGGA,230135.00,3724.076590,N,12211.002320,W,7,,0.38,59.90,M,0.0,M,0.0,0000*53
$GPRMC,230135.00,A,3724.076590,N,12211.002320,W,056.4,321.1,290520,,,A*4D
$GPGGA,230136.00,3724.088410,N,12211.014277,W,7,,0.38,59.62,M,0.0,M,0.0,0000*51
$GPRMC,230136.00,A,3724.088410,N,12211.014277,W,055.7,321.0,290520,,,A*43
$GPGGA,230137.00,3724.100734,N,12211.026673,W,7,,0.38,59.43,M,0.0,M,0.0,0000*56
$GPRMC,230137.00,A,3724.100734,N,12211.026673,W,054.9,321.3,290520,,,A*4B
$GPGGA,230138.00,3724.112607,N,12211.038589,W,7,,0.38,59.16,M,0.0,M,0.0,0000*52
$GPRMC,230138.00,A,3724.112607,N,12211.038589,W,054.7,321.3,290520,,,A*41
$GPGGA,230139.00,3724.124439,N,12211.050464,W,7,,0.38,58.91,M,0.0,M,0.0,0000*5B
$GPRMC,230139.00,A,3724.124439,N,12211.050464,W,054.6,321.3,290520,,,A*47
$GPGGA,230140.00,3724.136409,N,12211.062463,W,7,,0.38,58.53,M,0.0,M,0.0,0000*5D
$GPRMC,230140.00,A,3724.136409,N,12211.062463,W,054.7,321.2,290520,,,A*4F
$GPGGA,230141.00,3724.148242,N,12211.074434,W,7,,0.38,58.16,M,0.0,M,0.0,0000*58
$GPRMC,230141.00,A,3724.148242,N,12211.074434,W,054.9,321.0,290520,,,A*47
$GPGGA,230142.00,3724.160026,N,12211.086452,W,7,,0.38,57.99,M,0.0,M,0.0,0000*54
$GPRMC,230142.00,A,3724.160026,N,12211.086452,W,054.7,320.6,290520,,,A*4A
$GPGGA,230143.00,3724.171480,N,12211.098146,W,7,,0.38,57.66,M,0.0,M,0.0,0000*52
$GPRMC,230143.00,A,3724.171480,N,12211.098146,W,054.5,320.8,290520,,,A*40
$GPGGA,230144.00,3724.183167,N,12211.110073,W,7,,0.38,57.42,M,0.0,M,0.0,0000*54
$GPRMC,230144.00,A,3724.183167,N,12211.110073,W,054.2,320.9,290520,,,A*46
$GPGGA,230145.00,3724.195198,N,12211.122265,W,7,,0.38,57.18,M,0.0,M,0.0,0000*59
$GPRMC,230145.00,A,3724.195198,N,12211.122265,W,054.0,321.1,290520,,,A*4F
$GPGGA,230146.00,3724.206898,N,12211.134199,W,7,,0.38,56.73,M,0.0,M,0.0,0000*51
$GPRMC,230146.00,A,3724.206898,N,12211.134199,W,053.8,320.9,290520,,,A*4D
$GPGGA,230147.00,3724.218142,N,12211.145630,W,7,,0.38,56.57,M,0.0,M,0.0,0000*55
$GPRMC,230147.00,A,3724.218142,N,12211.145630,W,054.0,320.9,290520,,,A*40
$GPGGA,230148.00,3724.230208,N,12211.157839,W,7,,0.38,56.43,M,0.0,M,0.0,0000*5C
$GPRMC,230148.00,A,3724.230208,N,12211.157839,W,054.3,321.0,290520,,,A*47
$GPGGA,230149.00,3724.241956,N,12211.169749,W,7,,0.38,56.13,M,0.0,M,0.0,0000*5B
$GPRMC,230149.00,A,3724.241956,N,12211.169749,W,054.6,320.9,290520,,,A*48
$GPGGA,230150.00,3724.253884,N,12211.181822,W,7,,0.38,55.91,M,0.0,M,0.0,0000*53
$GPRMC,230150.00,A,3724.253884,N,12211.181822,W,054.8,320.9,290520,,,A*47
$GPGGA,230151.00,3724.265727,N,12211.193852,W,7,,0.38,55.63,M,0.0,M,0.0,0000*58
$GPRMC,230151.00,A,3724.265727,N,12211.193852,W,055.1,320.9,290520,,,A*49
$GPGGA,230152.00,3724.277247,N,12211.205504,W,7,,0.38,55.24,M,0.0,M,0.0,0000*5A
$GPRMC,230152.00,A,3724.277247,N,12211.205504,W,055.2,321.0,290520,,,A*43
$GPGGA,230153.00,3724.289559,N,12211.218019,W,7,,0.38,54.88,M,0.0,M,0.0,0000*50
$GPRMC,230153.00,A,3724.289559,N,12211.218019,W,055.1,320.8,290520,,,A*44
$GPGGA,230154.00,3724.301386,N,12211.230122,W,7,,0.38,54.30,M,0.0,M,0.0,0000*52
$GPRMC,230154.00,A,3724.301386,N,12211.230122,W,054.7,320.8,290520,,,A*42
$GPGGA,230155.00,3724.312857,N,12211.241822,W,7,,0.38,53.82,M,0.0,M,0.0,0000*57
$GPRMC,230155.00,A,3724.312857,N,12211.241822,W,054.4,320.8,290520,,,A*4A
$GPGGA,230156.00,3724.324899,N,12211.253990,W,7,,0.38,53.20,M,0.0,M,0.0,0000*50
$GPRMC,230156.00,A,3724.324899,N,12211.253990,W,053.9,321.4,290520,,,A*42
$GPGGA,230157.00,3724.336486,N,12211.265636,W,7,,0.38,52.58,M,0.0,M,0.0,0000*58
$GPRMC,230157.00,A,3724.336486,N,12211.265636,W,053.5,321.4,290520,,,A*48
$GPGGA,230158.00,3724.348162,N,12211.277354,W,7,,0.38,51.94,M,0.0,M,0.0,0000*50
$GPRMC,230158.00,A,3724.348162,N,12211.277354,W,053.2,321.2,290520,,,A*42
$GPGGA,230159.00,3724.359574,N,12211.289030,W,7,,0.38,51.41,M,0.0,M,0.0,0000*5A
$GPRMC,230159.00,A,3724.359574,N,12211.289030,W,053.3,320.4,290520,,,A*46
$GPGGA,230200.00,3724.370554,N,12211.300622,W,7,,0.38,50.81,M,0.0,M,0.0,0000*54
$GPRMC,230200.00,A,3724.370554,N,12211.300622,W,053.6,319.9,290520,,,A*47
$GPGGA,230201.00,3724.382236,N,12211.313185,W,7,,0.38,50.08,M,0.0,M,0.0,0000*52
$GPRMC,230201.00,A,3724.382236,N,12211.313185,W,054.0,319.2,290520,,,A*4A
$GPGGA,230202.00,3724.393540,N,12211.325803,W,7,,0.38,49.30,M,0.0,M,0.0,0000*56
$GPRMC,230202.00,A,3724.393540,N,12211.325803,W,054.2,317.7,290520,,,A*44
$GPGGA,230203.00,3724.404418,N,12211.338770,W,7,,0.38,48.45,M,0.0,M,0.0,0000*56
$GPRMC,230203.00,A,3724.404418,N,12211.338770,W,054.0,315.6,290520,,,A*46
$GPGGA,230204.00,3724.414990,N,12211.352114,W,7,,0.38,47.64,M,0.0,M,0.0,0000*59
$GPRMC,230204.00,A,3724.414990,N,12211.352114,W,054.0,313.8,290520,,,A*4D
$GPGGA,230205.00,3724.425280,N,12211.365949,W,7,,0.38,46.79,M,0.0,M,0.0,0000*59
$GPRMC,230205.00,A,3724.425280,N,12211.365949,W,054.1,312.0,290520,,,A*48
$GPGGA,230206.00,3724.435126,N,12211.380169,W,7,,0.38,46.08,M,0.0,M,0.0,0000*53
$GPRMC,230206.00,A,3724.435126,N,12211.380169,W,054.2,310.2,290520,,,A*47
$GPGGA,230207.00,3724.444684,N,12211.394713,W,7,,0.38,45.35,M,0.0,M,0.0,0000*58
$GPRMC,230207.00,A,3724.444684,N,12211.394713,W,054.1,308.6,290520,,,A*4F
$GPGGA,230208.00,3724.453683,N,12211.409209,W,7,,0.38,44.43,M,0.0,M,0.0,0000*5B
$GPRMC,230208.00,A,3724.453683,N,12211.409209,W,054.1,307.0,290520,,,A*45
$GPGGA,230209.00,3724.462816,N,12211.424893,W,7,,0.38,43.40,M,0.0,M,0.0,0000*58
$GPRMC,230209.00,A,3724.462816,N,12211.424893,W,054.3,305.1,290520,,,A*43
$GPGGA,230210.00,3724.471324,N,12211.440559,W,7,,0.38,42.45,M,0.0,M,0.0,0000*55
$GPRMC,230210.00,A,3724.471324,N,12211.440559,W,054.5,303.1,290520,,,A*4A
$GPGGA,230211.00,3724.479412,N,12211.456573,W,7,,0.38,41.36,M,0.0,M,0.0,0000*56
$GPRMC,230211.00,A,3724.479412,N,12211.456573,W,054.6,301.4,290520,,,A*4A
$GPGGA,230212.00,3724.487211,N,12211.473019,W,7,,0.38,40.46,M,0.0,M,0.0,0000*59
$GPRMC,230212.00,A,3724.487211,N,12211.473019,W,054.4,300.0,290520,,,A*44
$GPGGA,230213.00,3724.494478,N,12211.489561,W,7,,0.38,39.44,M,0.0,M,0.0,0000*50
$GPRMC,230213.00,A,3724.494478,N,12211.489561,W,054.2,298.2,290520,,,A*45
$GPGGA,230214.00,3724.501359,N,12211.506200,W,7,,0.38,38.34,M,0.0,M,0.0,0000*5E
$GPRMC,230214.00,A,3724.501359,N,12211.506200,W,053.8,296.8,290520,,,A*44
$GPGGA,230215.00,3724.507677,N,12211.522574,W,7,,0.38,37.27,M,0.0,M,0.0,0000*5F
$GPRMC,230215.00,A,3724.507677,N,12211.522574,W,053.4,295.0,290520,,,A*4F
$GPGGA,230216.00,3724.513720,N,12211.539439,W,7,,0.38,36.05,M,0.0,M,0.0,0000*59
$GPRMC,230216.00,A,3724.513720,N,12211.539439,W,053.2,293.2,290520,,,A*4A
$GPGGA,230217.00,3724.519702,N,12211.557121,W,7,,0.38,35.12,M,0.0,M,0.0,0000*53
$GPRMC,230217.00,A,3724.519702,N,12211.557121,W,053.7,292.6,290520,,,A*45
$GPGGA,230218.00,3724.525462,N,12211.574666,W,7,,0.38,34.15,M,0.0,M,0.0,0000*55
$GPRMC,230218.00,A,3724.525462,N,12211.574666,W,054.2,292.0,290520,,,A*41
$GPGGA,230219.00,3724.530928,N,12211.591633,W,7,,0.38,33.42,M,0.0,M,0.0,0000*5D
$GPRMC,230219.00,A,3724.530928,N,12211.591633,W,054.3,291.8,290520,,,A*46
$GPGGA,230220.00,3724.536705,N,12211.609729,W,7,,0.38,32.83,M,0.0,M,0.0,0000*54
$GPRMC,230220.00,A,3724.536705,N,12211.609729,W,054.3,291.7,290520,,,A*4C
$GPGGA,230221.00,3724.542202,N,12211.627237,W,7,,0.38,32.52,M,0.0,M,0.0,0000*5E
$GPRMC,230221.00,A,3724.542202,N,12211.627237,W,054.0,291.4,290520,,,A*4A
$GPGGA,230222.00,3724.547733,N,12211.644871,W,7,,0.38,32.41,M,0.0,M,0.0,0000*50
$GPRMC,230222.00,A,3724.547733,N,12211.644871,W,053.8,291.5,290520,,,A*48
$GPGGA,230223.00,3724.553163,N,12211.662260,W,7,,0.38,32.32,M,0.0,M,0.0,0000*5D
$GPRMC,230223.00,A,3724.553163,N,12211.662260,W,053.6,291.5,290520,,,A*4F
$GPGGA,230224.00,3724.558461,N,12211.678952,W,7,,0.38,32.18,M,0.0,M,0.0,0000*5F
$GPRMC,230224.00,A,3724.558461,N,12211.678952,W,053.3,291.8,290520,,,A*4D
$GPGGA,230225.00,3724.564174,N,12211.696807,W,7,,0.38,31.97,M,0.0,M,0.0,0000*55
$GPRMC,230225.00,A,3724.564174,N,12211.696807,W,052.9,291.9,290520,,,A*49
$GPGGA,230226.00,3724.569663,N,12211.713829,W,7,,0.38,31.76,M,0.0,M,0.0,0000*55
$GPRMC,230226.00,A,3724.569663,N,12211.713829,W,052.7,291.8,290520,,,A*49
$GPGGA,230227.00,3724.575070,N,12211.730606,W,7,,0.38,31.82,M,0.0,M,0.0,0000*54
$GPRMC,230227.00,A,3724.575070,N,12211.730606,W,052.1,292.0,290520,,,A*4E
$GPGGA,230228.00,3724.580457,N,12211.747412,W,7,,0.38,31.64,M,0.0,M,0.0,0000*5F
$GPRMC,230228.00,A,3724.580457,N,12211.747412,W,051.5,291.8,290520,,,A*41
$GPGGA,230229.00,3724.585701,N,12211.763947,W,7,,0.38,31.44,M,0.0,M,0.0,0000*52
$GPRMC,230229.00,A,3724.585701,N,12211.763947,W,051.3,291.3,290520,,,A*43
$GPGGA,230230.00,3724.590891,N,12211.780453,W,7,,0.38,31.29,M,0.0,M,0.0,0000*56
$GPRMC,230230.00,A,3724.590891,N,12211.780453,W,051.1,291.3,290520,,,A*4E
$GPGGA,230231.00,3724.596022,N,12211.797020,W,7,,0.38,31.20,M,0.0,M,0.0,0000*5E
$GPRMC,230231.00,A,3724.596022,N,12211.797020,W,051.1,291.1,290520,,,A*4D
$GPGGA,230232.00,3724.601067,N,12211.813225,W,7,,0.38,31.04,M,0.0,M,0.0,0000*53
$GPRMC,230232.00,A,3724.601067,N,12211.813225,W,051.1,291.4,290520,,,A*43
$GPGGA,230233.00,3724.606395,N,12211.830368,W,7,,0.38,30.99,M,0.0,M,0.0,0000*57
$GPRMC,230233.00,A,3724.606395,N,12211.830368,W,051.2,291.7,290520,,,A*42
$GPGGA,230234.00,3724.611723,N,12211.846891,W,7,,0.38,30.78,M,0.0,M,0.0,0000*5C
$GPRMC,230234.00,A,3724.611723,N,12211.846891,W,051.3,291.9,290520,,,A*49
$GPGGA,230235.00,3724.616878,N,12211.863074,W,7,,0.38,30.61,M,0.0,M,0.0,0000*57
$GPRMC,230235.00,A,3724.616878,N,12211.863074,W,051.3,291.8,290520,,,A*4B
$GPGGA,230236.00,3724.622278,N,12211.880125,W,7,,0.38,30.32,M,0.0,M,0.0,0000*57
$GPRMC,230236.00,A,3724.622278,N,12211.880125,W,051.2,291.5,290520,,,A*41
$GPGGA,230237.00,3724.627564,N,12211.896692,W,7,,0.38,30.19,M,0.0,M,0.0,0000*5C
$GPRMC,230237.00,A,3724.627564,N,12211.896692,W,051.4,291.9,290520,,,A*49
$GPGGA,230238.00,3724.632928,N,12211.913312,W,7,,0.38,29.94,M,0.0,M,0.0,0000*5F
$GPRMC,230238.00,A,3724.632928,N,12211.913312,W,051.5,292.4,290520,,,A*48
$GPGGA,230239.00,3724.638159,N,12211.929584,W,7,,0.38,29.89,M,0.0,M,0.0,0000*56
$GPRMC,230239.00,A,3724.638159,N,12211.929584,W,051.6,291.6,290520,,,A*4F
$GPGGA,230240.00,3724.643523,N,12211.946191,W,7,,0.38,29.87,M,0.0,M,0.0,0000*5A
$GPRMC,230240.00,A,3724.643523,N,12211.946191,W,051.6,291.7,290520,,,A*4C
$GPGGA,230241.00,3724.649026,N,12211.963430,W,7,,0.38,30.10,M,0.0,M,0.0,0000*5E
$GPRMC,230241.00,A,3724.649026,N,12211.963430,W,051.6,291.8,290520,,,A*41
$GPGGA,230242.00,3724.654384,N,12211.980266,W,7,,0.38,30.30,M,0.0,M,0.0,0000*50
$GPRMC,230242.00,A,3724.654384,N,12211.980266,W,051.7,291.9,290520,,,A*4D
$GPGGA,230243.00,3724.659526,N,12211.996447,W,7,,0.38,31.21,M,0.0,M,0.0,0000*51
$GPRMC,230243.00,A,3724.659526,N,12211.996447,W,051.5,292.0,290520,,,A*45
$GPGGA,230244.00,3724.664998,N,12212.013632,W,7,,0.38,31.78,M,0.0,M,0.0,0000*5A
$GPRMC,230244.00,A,3724.664998,N,12212.013632,W,051.7,291.5,290520,,,A*46
$GPGGA,230245.00,3724.670349,N,12212.030395,W,7,,0.38,32.01,M,0.0,M,0.0,0000*5C
$GPRMC,230245.00,A,3724.670349,N,12212.030395,W,051.6,291.5,290520,,,A*4C
$GPGGA,230246.00,3724.675618,N,12212.047004,W,7,,0.38,32.50,M,0.0,M,0.0,0000*54
$GPRMC,230246.00,A,3724.675618,N,12212.047004,W,051.4,291.5,290520,,,A*42
$GPGGA,230247.00,3724.680832,N,12212.063575,W,7,,0.38,33.29,M,0.0,M,0.0,0000*53
$GPRMC,230247.00,A,3724.680832,N,12212.063575,W,051.2,291.3,290520,,,A*4A
$GPGGA,230248.00,3724.685866,N,12212.079601,W,7,,0.38,33.96,M,0.0,M,0.0,0000*57
$GPRMC,230248.00,A,3724.685866,N,12212.079601,W,051.2,291.6,290520,,,A*4F
$GPGGA,230249.00,3724.691344,N,12212.096786,W,7,,0.38,34.86,M,0.0,M,0.0,0000*51
$GPRMC,230249.00,A,3724.691344,N,12212.096786,W,051.0,291.8,290520,,,A*43
$GPGGA,230250.00,3724.696641,N,12212.113249,W,7,,0.38,35.73,M,0.0,M,0.0,0000*5F
$GPRMC,230250.00,A,3724.696641,N,12212.113249,W,050.9,292.2,290520,,,A*47
$GPGGA,230251.00,3724.701994,N,12212.129690,W,7,,0.38,36.55,M,0.0,M,0.0,0000*58
$GPRMC,230251.00,A,3724.701994,N,12212.129690,W,050.9,292.3,290520,,,A*46
$GPGGA,230252.00,3724.707381,N,12212.146178,W,7,,0.38,37.29,M,0.0,M,0.0,0000*51
$GPRMC,230252.00,A,3724.707381,N,12212.146178,W,050.6,292.2,290520,,,A*4B
$GPGGA,230253.00,3724.712619,N,12212.162515,W,7,,0.38,38.16,M,0.0,M,0.0,0000*5A
$GPRMC,230253.00,A,3724.712619,N,12212.162515,W,050.5,291.8,290520,,,A*49
$GPGGA,230254.00,3724.717750,N,12212.178841,W,7,,0.38,39.02,M,0.0,M,0.0,0000*57
$GPRMC,230254.00,A,3724.717750,N,12212.178841,W,050.3,291.3,290520,,,A*4D
$GPGGA,230255.00,3724.722687,N,12212.194790,W,7,,0.38,39.77,M,0.0,M,0.0,0000*58
$GPRMC,230255.00,A,3724.722687,N,12212.194790,W,050.2,291.2,290520,,,A*40
$GPGGA,230256.00,3724.727763,N,12212.210959,W,7,,0.38,40.51,M,0.0,M,0.0,0000*5B
$GPRMC,230256.00,A,3724.727763,N,12212.210959,W,049.8,291.7,290520,,,A*4E
$GPGGA,230257.00,3724.733044,N,12212.227489,W,7,,0.38,41.29,M,0.0,M,0.0,0000*57
$GPRMC,230257.00,A,3724.733044,N,12212.227489,W,049.5,292.0,290520,,,A*45
$GPGGA,230258.00,3724.738155,N,12212.243468,W,7,,0.38,42.15,M,0.0,M,0.0,0000*53
$GPRMC,230258.00,A,3724.738155,N,12212.243468,W,049.3,291.9,290520,,,A*41
$GPGGA,230259.00,3724.743112,N,12212.259097,W,7,,0.38,42.88,M,0.0,M,0.0,0000*56
$GPRMC,230259.00,A,3724.743112,N,12212.259097,W,049.7,291.6,290520,,,A*4B
$GPGGA,230300.00,3724.748404,N,12212.275783,W,7,,0.38,43.71,M,0.0,M,0.0,0000*59
$GPRMC,230300.00,A,3724.748404,N,12212.275783,W,050.3,291.6,290520,,,A*4F
$GPGGA,230301.00,3724.753599,N,12212.292236,W,7,,0.38,44.42,M,0.0,M,0.0,0000*52
$GPRMC,230301.00,A,3724.753599,N,12212.292236,W,051.2,291.9,290520,,,A*4C
$GPGGA,230302.00,3724.758957,N,12212.309084,W,7,,0.38,45.26,M,0.0,M,0.0,0000*5F
$GPRMC,230302.00,A,3724.758957,N,12212.309084,W,052.0,291.7,290520,,,A*4D
$GPGGA,230303.00,3724.764346,N,12212.325992,W,7,,0.38,46.05,M,0.0,M,0.0,0000*59
$GPRMC,230303.00,A,3724.764346,N,12212.325992,W,052.8,291.7,290520,,,A*41
$GPGGA,230304.00,3724.769698,N,12212.342534,W,7,,0.38,46.84,M,0.0,M,0.0,0000*5D
$GPRMC,230304.00,A,3724.769698,N,12212.342534,W,053.3,292.0,290520,,,A*42
$GPGGA,230305.00,3724.775481,N,12212.360209,W,7,,0.38,47.65,M,0.0,M,0.0,0000*5C
$GPRMC,230305.00,A,3724.775481,N,12212.360209,W,053.3,292.2,290520,,,A*4F
$GPGGA,230306.00,3724.781205,N,12212.377436,W,7,,0.38,48.20,M,0.0,M,0.0,0000*5C
$GPRMC,230306.00,A,3724.781205,N,12212.377436,W,052.7,293.0,290520,,,A*47
$GPGGA,230307.00,3724.787043,N,12212.394115,W,7,,0.38,49.13,M,0.0,M,0.0,0000*53
$GPRMC,230307.00,A,3724.787043,N,12212.394115,W,052.2,294.2,290520,,,A*49
$GPGGA,230308.00,3724.793164,N,12212.410357,W,7,,0.38,50.04,M,0.0,M,0.0,0000*5C
$GPRMC,230308.00,A,3724.793164,N,12212.410357,W,051.4,296.1,290520,,,A*4C
$GPGGA,230309.00,3724.799734,N,12212.426234,W,7,,0.38,50.98,M,0.0,M,0.0,0000*50
$GPRMC,230309.00,A,3724.799734,N,12212.426234,W,050.9,298.0,290520,,,A*46
$GPGGA,230310.00,3724.806639,N,12212.441576,W,7,,0.38,51.83,M,0.0,M,0.0,0000*56
$GPRMC,230310.00,A,3724.806639,N,12212.441576,W,050.6,300.0,290520,,,A*44
$GPGGA,230311.00,3724.813954,N,12212.456605,W,7,,0.38,52.66,M,0.0,M,0.0,0000*5E
$GPRMC,230311.00,A,3724.813954,N,12212.456605,W,050.5,302.0,290520,,,A*45
$GPGGA,230312.00,3724.821417,N,12212.470927,W,7,,0.38,53.34,M,0.0,M,0.0,0000*5B
$GPRMC,230312.00,A,3724.821417,N,12212.470927,W,050.4,303.8,290520,,,A*4E
$GPGGA,230313.00,3724.829697,N,12212.485682,W,7,,0.38,54.26,M,0.0,M,0.0,0000*56
$GPRMC,230313.00,A,3724.829697,N,12212.485682,W,050.2,305.7,290520,,,A*48
$GPGGA,230314.00,3724.838062,N,12212.499547,W,7,,0.38,54.99,M,0.0,M,0.0,0000*5E
$GPRMC,230314.00,A,3724.838062,N,12212.499547,W,049.9,307.7,290520,,,A*45
$GPGGA,230315.00,3724.846737,N,12212.513005,W,7,,0.38,55.91,M,0.0,M,0.0,0000*58
$GPRMC,230315.00,A,3724.846737,N,12212.513005,W,049.6,309.8,290520,,,A*44
$GPGGA,230316.00,3724.855857,N,12212.526163,W,7,,0.38,56.63,M,0.0,M,0.0,0000*59
$GPRMC,230316.00,A,3724.855857,N,12212.526163,W,049.6,311.6,290520,,,A*4C
$GPGGA,230317.00,3724.865290,N,12212.538799,W,7,,0.38,57.50,M,0.0,M,0.0,0000*57
$GPRMC,230317.00,A,3724.865290,N,12212.538799,W,050.0,313.8,290520,,,A*41
$GPGGA,230318.00,3724.875105,N,12212.551105,W,7,,0.38,58.29,M,0.0,M,0.0,0000*5B
$GPRMC,230318.00,A,3724.875105,N,12212.551105,W,050.1,315.8,290520,,,A*4B
$GPGGA,230319.00,3724.885143,N,12212.562674,W,7,,0.38,59.00,M,0.0,M,0.0,0000*5C
$GPRMC,230319.00,A,3724.885143,N,12212.562674,W,050.3,318.0,290520,,,A*41
$GPGGA,230320.00,3724.895776,N,12212.574187,W,7,,0.38,59.87,M,0.0,M,0.0,0000*54
$GPRMC,230320.00,A,3724.895776,N,12212.574187,W,050.7,319.8,290520,,,A*4B
$GPGGA,230321.00,3724.907050,N,12212.585840,W,7,,0.38,60.76,M,0.0,M,0.0,0000*54
$GPRMC,230321.00,A,3724.907050,N,12212.585840,W,051.1,320.6,290520,,,A*4C
$GPGGA,230322.00,3724.918246,N,12212.597179,W,7,,0.38,61.42,M,0.0,M,0.0,0000*5A
$GPRMC,230322.00,A,3724.918246,N,12212.597179,W,051.5,321.1,290520,,,A*46
$GPGGA,230323.00,3724.929099,N,12212.608081,W,7,,0.38,61.78,M,0.0,M,0.0,0000*53
$GPRMC,230323.00,A,3724.929099,N,12212.608081,W,051.9,321.2,290520,,,A*49
$GPGGA,230324.00,3724.940794,N,12212.619836,W,7,,0.38,62.12,M,0.0,M,0.0,0000*5A
$GPRMC,230324.00,A,3724.940794,N,12212.619836,W,052.6,321.1,290520,,,A*40
$GPGGA,230325.00,3724.952169,N,12212.631403,W,7,,0.38,62.38,M,0.0,M,0.0,0000*54
$GPRMC,230325.00,A,3724.952169,N,12212.631403,W,053.0,320.9,290520,,,A*48
$GPGGA,230326.00,3724.963672,N,12212.643271,W,7,,0.38,62.79,M,0.0,M,0.0,0000*5B
$GPRMC,230326.00,A,3724.963672,N,12212.643271,W,053.1,320.7,290520,,,A*4D
$GPGGA,230327.00,3724.974916,N,12212.655019,W,7,,0.38,63.21,M,0.0,M,0.0,0000*56
$GPRMC,230327.00,A,3724.974916,N,12212.655019,W,052.4,320.1,290520,,,A*4E
$GPGGA,230328.00,3724.985452,N,12212.666551,W,7,,0.38,63.33,M,0.0,M,0.0,0000*50
$GPRMC,230328.00,A,3724.985452,N,12212.666551,W,051.7,318.5,290520,,,A*44
$GPGGA,230329.00,3724.996462,N,12212.679157,W,7,,0.38,63.31,M,0.0,M,0.0,0000*5E
$GPRMC,230329.00,A,3724.996462,N,12212.679157,W,051.2,317.2,290520,,,A*45
$GPGGA,230330.00,3725.006811,N,12212.691625,W,7,,0.38,63.01,M,0.0,M,0.0,0000*58
$GPRMC,230330.00,A,3725.006811,N,12212.691625,W,051.7,315.4,290520,,,A*41
$GPGGA,230331.00,3725.016873,N,12212.704627,W,7,,0.38,62.76,M,0.0,M,0.0,0000*52
$GPRMC,230331.00,A,3725.016873,N,12212.704627,W,052.3,313.5,290520,,,A*4A
$GPGGA,230332.00,3725.026636,N,12212.718199,W,7,,0.38,62.37,M,0.0,M,0.0,0000*57
$GPRMC,230332.00,A,3725.026636,N,12212.718199,W,052.1,311.1,290520,,,A*4E
$GPGGA,230333.00,3725.035821,N,12212.732048,W,7,,0.38,61.88,M,0.0,M,0.0,0000*5E
$GPRMC,230333.00,A,3725.035821,N,12212.732048,W,051.7,308.7,290520,,,A*4B
$GPGGA,230334.00,3725.044503,N,12212.746171,W,7,,0.38,61.07,M,0.0,M,0.0,0000*5D
$GPRMC,230334.00,A,3725.044503,N,12212.746171,W,051.2,307.0,290520,,,A*42
$GPGGA,230335.00,3725.052897,N,12212.760602,W,7,,0.38,60.54,M,0.0,M,0.0,0000*5B
$GPRMC,230335.00,A,3725.052897,N,12212.760602,W,051.3,305.3,290520,,,A*43
$GPGGA,230336.00,3725.060686,N,12212.775020,W,7,,0.38,59.94,M,0.0,M,0.0,0000*53
$GPRMC,230336.00,A,3725.060686,N,12212.775020,W,051.5,303.1,290520,,,A*4F
$GPGGA,230337.00,3725.068545,N,12212.790788,W,7,,0.38,59.34,M,0.0,M,0.0,0000*52
$GPRMC,230337.00,A,3725.068545,N,12212.790788,W,051.8,301.0,290520,,,A*4A
$GPGGA,230338.00,3725.075721,N,12212.806435,W,7,,0.38,58.91,M,0.0,M,0.0,0000*5A
$GPRMC,230338.00,A,3725.075721,N,12212.806435,W,052.0,299.0,290520,,,A*47
$GPGGA,230339.00,3725.082316,N,12212.822077,W,7,,0.38,58.56,M,0.0,M,0.0,0000*5C
$GPRMC,230339.00,A,3725.082316,N,12212.822077,W,051.8,297.0,290520,,,A*4F
$GPGGA,230340.00,3725.088819,N,12212.838776,W,7,,0.38,58.28,M,0.0,M,0.0,0000*58
$GPRMC,230340.00,A,3725.088819,N,12212.838776,W,051.5,295.4,290520,,,A*49
$GPGGA,230341.00,3725.094657,N,12212.855107,W,7,,0.38,58.09,M,0.0,M,0.0,0000*58
$GPRMC,230341.00,A,3725.094657,N,12212.855107,W,051.3,293.6,290520,,,A*48
$GPGGA,230342.00,3725.100076,N,12212.871595,W,7,,0.38,57.93,M,0.0,M,0.0,0000*57
$GPRMC,230342.00,A,3725.100076,N,12212.871595,W,051.1,291.7,290520,,,A*4A
$GPGGA,230343.00,3725.104905,N,12212.887904,W,7,,0.38,57.84,M,0.0,M,0.0,0000*54
$GPRMC,230343.00,A,3725.104905,N,12212.887904,W,051.0,289.6,290520,,,A*46
$GPGGA,230344.00,3725.109369,N,12212.904800,W,7,,0.38,57.67,M,0.0,M,0.0,0000*5C
$GPRMC,230344.00,A,3725.109369,N,12212.904800,W,051.1,287.5,290520,,,A*4F
$GPGGA,230345.00,3725.113498,N,12212.922439,W,7,,0.38,57.46,M,0.0,M,0.0,0000*5E
$GPRMC,230345.00,A,3725.113498,N,12212.922439,W,051.3,285.5,290520,,,A*4E
$GPGGA,230346.00,3725.117091,N,12212.939924,W,7,,0.38,57.32,M,0.0,M,0.0,0000*5C
$GPRMC,230346.00,A,3725.117091,N,12212.939924,W,051.4,283.8,290520,,,A*43
$GPGGA,230347.00,3725.120127,N,12212.956819,W,7,,0.38,57.10,M,0.0,M,0.0,0000*53
$GPRMC,230347.00,A,3725.120127,N,12212.956819,W,051.6,281.7,290520,,,A*43
$GPGGA,230348.00,3725.123068,N,12212.974970,W,7,,0.38,56.63,M,0.0,M,0.0,0000*5E
$GPRMC,230348.00,A,3725.123068,N,12212.974970,W,051.8,281.0,290520,,,A*42
$GPGGA,230349.00,3725.125821,N,12212.992843,W,7,,0.38,56.17,M,0.0,M,0.0,0000*56
$GPRMC,230349.00,A,3725.125821,N,12212.992843,W,051.9,280.8,290520,,,A*41
$GPGGA,230350.00,3725.128509,N,12213.010634,W,7,,0.38,55.89,M,0.0,M,0.0,0000*5C
$GPRMC,230350.00,A,3725.128509,N,12213.010634,W,051.9,280.6,290520,,,A*41
$GPGGA,230351.00,3725.131113,N,12213.028435,W,7,,0.38,55.67,M,0.0,M,0.0,0000*52
$GPRMC,230351.00,A,3725.131113,N,12213.028435,W,051.9,280.4,290520,,,A*4D
$GPGGA,230352.00,3725.133562,N,12213.045602,W,7,,0.38,55.52,M,0.0,M,0.0,0000*5A
$GPRMC,230352.00,A,3725.133562,N,12213.045602,W,051.6,280.2,290520,,,A*4A
$GPGGA,230353.00,3725.136268,N,12213.064009,W,7,,0.38,55.39,M,0.0,M,0.0,0000*50
$GPRMC,230353.00,A,3725.136268,N,12213.064009,W,051.3,280.4,290520,,,A*4E
$GPGGA,230354.00,3725.138866,N,12213.081536,W,7,,0.38,55.28,M,0.0,M,0.0,0000*5F
$GPRMC,230354.00,A,3725.138866,N,12213.081536,W,051.1,280.5,290520,,,A*42
$GPGGA,230355.00,3725.141482,N,12213.098972,W,7,,0.38,55.15,M,0.0,M,0.0,0000*5C
$GPRMC,230355.00,A,3725.141482,N,12213.098972,W,051.1,280.7,290520,,,A*4D
$GPGGA,230356.00,3725.144188,N,12213.116636,W,7,,0.38,54.99,M,0.0,M,0.0,0000*58
$GPRMC,230356.00,A,3725.144188,N,12213.116636,W,051.3,281.0,290520,,,A*48
$GPGGA,230357.00,3725.146893,N,12213.134246,W,7,,0.38,54.66,M,0.0,M,0.0,0000*5B
$GPRMC,230357.00,A,3725.146893,N,12213.134246,W,051.7,280.6,290520,,,A*48
$GPGGA,230358.00,3725.149552,N,12213.151933,W,7,,0.38,54.45,M,0.0,M,0.0,0000*50
$GPRMC,230358.00,A,3725.149552,N,12213.151933,W,051.8,280.5,290520,,,A*4E
$GPGGA,230359.00,3725.152324,N,12213.169604,W,7,,0.38,53.97,M,0.0,M,0.0,0000*54
$GPRMC,230359.00,A,3725.152324,N,12213.169604,W,051.7,281.4,290520,,,A*4D
$GPGGA,230400.00,3725.155443,N,12213.186740,W,7,,0.38,53.78,M,0.0,M,0.0,0000*5F
$GPRMC,230400.00,A,3725.155443,N,12213.186740,W,051.6,283.4,290520,,,A*44
$GPGGA,230401.00,3725.159176,N,12213.204746,W,7,,0.38,53.59,M,0.0,M,0.0,0000*5D
$GPRMC,230401.00,A,3725.159176,N,12213.204746,W,051.8,285.4,290520,,,A*4D
$GPGGA,230402.00,3725.163226,N,12213.222110,W,7,,0.38,53.38,M,0.0,M,0.0,0000*57
$GPRMC,230402.00,A,3725.163226,N,12213.222110,W,052.2,287.2,290520,,,A*4D
$GPGGA,230403.00,3725.167672,N,12213.239065,W,7,,0.38,53.22,M,0.0,M,0.0,0000*55
$GPRMC,230403.00,A,3725.167672,N,12213.239065,W,052.5,289.2,290520,,,A*4D
$GPGGA,230404.00,3725.172934,N,12213.256735,W,7,,0.38,53.02,M,0.0,M,0.0,0000*52
$GPRMC,230404.00,A,3725.172934,N,12213.256735,W,052.8,291.7,290520,,,A*49
$GPGGA,230405.00,3725.178537,N,12213.273721,W,7,,0.38,52.80,M,0.0,M,0.0,0000*5F
$GPRMC,230405.00,A,3725.178537,N,12213.273721,W,053.0,293.5,290520,,,A*46
$GPGGA,230406.00,3725.184754,N,12213.290671,W,7,,0.38,52.52,M,0.0,M,0.0,0000*5E
$GPRMC,230406.00,A,3725.184754,N,12213.290671,W,053.2,295.6,290520,,,A*4F
$GPGGA,230407.00,3725.191498,N,12213.307201,W,7,,0.38,52.28,M,0.0,M,0.0,0000*59
$GPRMC,230407.00,A,3725.191498,N,12213.307201,W,053.5,298.0,290520,,,A*49
$GPGGA,230408.00,3725.198523,N,12213.322915,W,7,,0.38,52.00,M,0.0,M,0.0,0000*5D
$GPRMC,230408.00,A,3725.198523,N,12213.322915,W,053.5,300.2,290520,,,A*45
$GPGGA,230409.00,3725.206365,N,12213.339296,W,7,,0.38,51.78,M,0.0,M,0.0,0000*5A
$GPRMC,230409.00,A,3725.206365,N,12213.339296,W,053.5,301.3,290520,,,A*4E
$GPGGA,230410.00,3725.214346,N,12213.354902,W,7,,0.38,51.65,M,0.0,M,0.0,0000*51
$GPRMC,230410.00,A,3725.214346,N,12213.354902,W,052.8,304.0,290520,,,A*43
$GPGGA,230411.00,3725.222751,N,12213.369763,W,7,,0.38,51.38,M,0.0,M,0.0,0000*58
$GPRMC,230411.00,A,3725.222751,N,12213.369763,W,052.3,306.3,290520,,,A*48
$GPGGA,230412.00,3725.231596,N,12213.384104,W,7,,0.38,51.35,M,0.0,M,0.0,0000*59
$GPRMC,230412.00,A,3725.231596,N,12213.384104,W,051.9,308.4,290520,,,A*44
$GPGGA,230413.00,3725.240854,N,12213.398167,W,7,,0.38,51.33,M,0.0,M,0.0,0000*53
$GPRMC,230413.00,A,3725.240854,N,12213.398167,W,051.6,310.1,290520,,,A*4B
$GPGGA,230414.00,3725.250141,N,12213.411752,W,7,,0.38,51.19,M,0.0,M,0.0,0000*56
$GPRMC,230414.00,A,3725.250141,N,12213.411752,W,051.4,310.9,290520,,,A*4C
$GPGGA,230415.00,3725.259532,N,12213.425120,W,7,,0.38,51.21,M,0.0,M,0.0,0000*51
$GPRMC,230415.00,A,3725.259532,N,12213.425120,W,051.4,311.1,290520,,,A*49
$GPGGA,230416.00,3725.268550,N,12213.438079,W,7,,0.38,50.97,M,0.0,M,0.0,0000*59
$GPRMC,230416.00,A,3725.268550,N,12213.438079,W,051.1,310.6,290520,,,A*4E
$GPGGA,230417.00,3725.278078,N,12213.451957,W,7,,0.38,50.82,M,0.0,M,0.0,0000*58
$GPRMC,230417.00,A,3725.278078,N,12213.451957,W,050.6,310.2,290520,,,A*49
$GPGGA,230418.00,3725.287143,N,12213.465134,W,7,,0.38,50.52,M,0.0,M,0.0,0000*59
$GPRMC,230418.00,A,3725.287143,N,12213.465134,W,050.1,310.8,290520,,,A*48
$GPGGA,230419.00,3725.296210,N,12213.478123,W,7,,0.38,50.31,M,0.0,M,0.0,0000*52
$GPRMC,230419.00,A,3725.296210,N,12213.478123,W,049.7,311.4,290520,,,A*45
$GPGGA,230420.00,3725.305347,N,12213.491137,W,7,,0.38,49.91,M,0.0,M,0.0,0000*50
$GPRMC,230420.00,A,3725.305347,N,12213.491137,W,049.5,311.1,290520,,,A*42
$GPGGA,230421.00,3725.314455,N,12213.504151,W,7,,0.38,49.55,M,0.0,M,0.0,0000*50
$GPRMC,230421.00,A,3725.314455,N,12213.504151,W,049.9,311.0,290520,,,A*47
$GPGGA,230422.00,3725.323528,N,12213.517298,W,7,,0.38,49.05,M,0.0,M,0.0,0000*5D
$GPRMC,230422.00,A,3725.323528,N,12213.517298,W,050.2,310.7,290520,,,A*4A
$GPGGA,230423.00,3725.332432,N,12213.530264,W,7,,0.38,48.63,M,0.0,M,0.0,0000*51
$GPRMC,230423.00,A,3725.332432,N,12213.530264,W,050.4,310.8,290520,,,A*4E
$GPGGA,230424.00,3725.341593,N,12213.543601,W,7,,0.38,48.09,M,0.0,M,0.0,0000*57
$GPRMC,230424.00,A,3725.341593,N,12213.543601,W,050.6,311.0,290520,,,A*4F
$GPGGA,230425.00,3725.351104,N,12213.557359,W,7,,0.38,47.46,M,0.0,M,0.0,0000*54
$GPRMC,230425.00,A,3725.351104,N,12213.557359,W,050.6,311.2,290520,,,A*4A
$GPGGA,230426.00,3725.360308,N,12213.570757,W,7,,0.38,46.80,M,0.0,M,0.0,0000*5F
$GPRMC,230426.00,A,3725.360308,N,12213.570757,W,050.8,310.8,290520,,,A*4F
$GPGGA,230427.00,3725.369289,N,12213.583850,W,7,,0.38,46.09,M,0.0,M,0.0,0000*5A
$GPRMC,230427.00,A,3725.369289,N,12213.583850,W,050.7,310.8,290520,,,A*44
$GPGGA,230428.00,3725.378788,N,12213.597787,W,7,,0.38,45.58,M,0.0,M,0.0,0000*56
$GPRMC,230428.00,A,3725.378788,N,12213.597787,W,050.9,310.7,290520,,,A*4E
$GPGGA,230429.00,3725.387967,N,12213.611156,W,7,,0.38,44.74,M,0.0,M,0.0,0000*50
$GPRMC,230429.00,A,3725.387967,N,12213.611156,W,050.7,311.0,290520,,,A*4F
$GPGGA,230430.00,3725.397303,N,12213.624584,W,7,,0.38,43.95,M,0.0,M,0.0,0000*54
$GPRMC,230430.00,A,3725.397303,N,12213.624584,W,050.7,311.2,290520,,,A*41
$GPGGA,230431.00,3725.406454,N,12213.637880,W,7,,0.38,43.00,M,0.0,M,0.0,0000*58
$GPRMC,230431.00,A,3725.406454,N,12213.637880,W,050.5,310.8,290520,,,A*48
$GPGGA,230432.00,3725.415267,N,12213.650725,W,7,,0.38,42.25,M,0.0,M,0.0,0000*58
$GPRMC,230432.00,A,3725.415267,N,12213.650725,W,050.2,310.8,290520,,,A*49
$GPGGA,230433.00,3725.424669,N,12213.664387,W,7,,0.38,41.41,M,0.0,M,0.0,0000*5B
$GPRMC,230433.00,A,3725.424669,N,12213.664387,W,050.2,310.9,290520,,,A*4A
$GPGGA,230434.00,3725.433880,N,12213.677768,W,7,,0.38,40.46,M,0.0,M,0.0,0000*52
$GPRMC,230434.00,A,3725.433880,N,12213.677768,W,050.3,310.8,290520,,,A*45
$GPGGA,230435.00,3725.442987,N,12213.691045,W,7,,0.38,39.70,M,0.0,M,0.0,0000*58
$GPRMC,230435.00,A,3725.442987,N,12213.691045,W,050.4,310.9,290520,,,A*42
$GPGGA,230436.00,3725.452192,N,12213.704360,W,7,,0.38,39.19,M,0.0,M,0.0,0000*50
$GPRMC,230436.00,A,3725.452192,N,12213.704360,W,050.7,311.2,290520,,,A*4C
$GPGGA,230437.00,3725.461557,N,12213.717769,W,7,,0.38,38.72,M,0.0,M,0.0,0000*5F
$GPRMC,230437.00,A,3725.461557,N,12213.717769,W,051.0,311.4,290520,,,A*4F
$GPGGA,230438.00,3725.470918,N,12213.731150,W,7,,0.38,38.40,M,0.0,M,0.0,0000*5E
$GPRMC,230438.00,A,3725.470918,N,12213.731150,W,051.3,311.5,290520,,,A*4D
$GPGGA,230439.00,3725.480415,N,12213.744715,W,7,,0.38,38.22,M,0.0,M,0.0,0000*51
$GPRMC,230439.00,A,3725.480415,N,12213.744715,W,051.8,311.5,290520,,,A*4D
$GPGGA,230440.00,3725.489806,N,12213.757909,W,7,,0.38,37.98,M,0.0,M,0.0,0000*57
$GPRMC,230440.00,A,3725.489806,N,12213.757909,W,052.3,312.0,290520,,,A*4B
$GPGGA,230441.00,3725.499988,N,12213.771787,W,7,,0.38,37.85,M,0.0,M,0.0,0000*50
$GPRMC,230441.00,A,3725.499988,N,12213.771787,W,052.8,312.7,290520,,,A*4C
$GPGGA,230442.00,3725.510026,N,12213.785083,W,7,,0.38,37.95,M,0.0,M,0.0,0000*57
$GPRMC,230442.00,A,3725.510026,N,12213.785083,W,053.0,313.5,290520,,,A*40
$GPGGA,230443.00,3725.520171,N,12213.798392,W,7,,0.38,38.27,M,0.0,M,0.0,0000*5F
$GPRMC,230443.00,A,3725.520171,N,12213.798392,W,053.0,313.9,290520,,,A*42
$GPGGA,230444.00,3725.530564,N,12213.811664,W,7,,0.38,38.73,M,0.0,M,0.0,0000*5A
$GPRMC,230444.00,A,3725.530564,N,12213.811664,W,052.7,314.9,290520,,,A*47
$GPGGA,230445.00,3725.541058,N,12213.824665,W,7,,0.38,39.46,M,0.0,M,0.0,0000*57
$GPRMC,230445.00,A,3725.541058,N,12213.824665,W,053.1,315.7,290520,,,A*45
$GPGGA,230446.00,3725.551629,N,12213.837560,W,7,,0.38,40.08,M,0.0,M,0.0,0000*55
$GPRMC,230446.00,A,3725.551629,N,12213.837560,W,053.3,315.7,290520,,,A*41
$GPGGA,230447.00,3725.561913,N,12213.850154,W,7,,0.38,40.93,M,0.0,M,0.0,0000*51
$GPRMC,230447.00,A,3725.561913,N,12213.850154,W,053.0,315.9,290520,,,A*4A
$GPGGA,230448.00,3725.572455,N,12213.862922,W,7,,0.38,41.72,M,0.0,M,0.0,0000*55
$GPRMC,230448.00,A,3725.572455,N,12213.862922,W,052.6,315.8,290520,,,A*46
$GPGGA,230449.00,3725.583141,N,12213.875990,W,7,,0.38,42.64,M,0.0,M,0.0,0000*51
$GPRMC,230449.00,A,3725.583141,N,12213.875990,W,051.8,316.0,290520,,,A*40
$GPGGA,230450.00,3725.593479,N,12213.888554,W,7,,0.38,43.74,M,0.0,M,0.0,0000*50
$GPRMC,230450.00,A,3725.593479,N,12213.888554,W,051.0,316.0,290520,,,A*49
$GPGGA,230451.00,3725.603230,N,12213.900362,W,7,,0.38,44.70,M,0.0,M,0.0,0000*51
$GPRMC,230451.00,A,3725.603230,N,12213.900362,W,050.1,315.8,290520,,,A*40
$GPGGA,230452.00,3725.613490,N,12213.912728,W,7,,0.38,46.01,M,0.0,M,0.0,0000*52
$GPRMC,230452.00,A,3725.613490,N,12213.912728,W,049.4,315.9,290520,,,A*4B
$GPGGA,230453.00,3725.623245,N,12213.924620,W,7,,0.38,47.07,M,0.0,M,0.0,0000*55
$GPRMC,230453.00,A,3725.623245,N,12213.924620,W,048.9,315.7,290520,,,A*49
$GPGGA,230454.00,3725.632983,N,12213.936607,W,7,,0.38,48.26,M,0.0,M,0.0,0000*59
$GPRMC,230454.00,A,3725.632983,N,12213.936607,W,048.5,315.5,290520,,,A*47
$GPGGA,230455.00,3725.642571,N,12213.948421,W,7,,0.38,49.33,M,0.0,M,0.0,0000*54
$GPRMC,230455.00,A,3725.642571,N,12213.948421,W,048.4,315.4,290520,,,A*4F
$GPGGA,230456.00,3725.651733,N,12213.959839,W,7,,0.38,50.29,M,0.0,M,0.0,0000*57
$GPRMC,230456.00,A,3725.651733,N,12213.959839,W,047.9,315.1,290520,,,A*48
$GPGGA,230457.00,3725.661376,N,12213.972230,W,7,,0.38,51.33,M,0.0,M,0.0,0000*50
$GPRMC,230457.00,A,3725.661376,N,12213.972230,W,047.7,313.9,290520,,,A*45
$GPGGA,230458.00,3725.670405,N,12213.984289,W,7,,0.38,52.30,M,0.0,M,0.0,0000*57
$GPRMC,230458.00,A,3725.670405,N,12213.984289,W,047.4,312.8,290520,,,A*41
$GPGGA,230459.00,3725.679262,N,12213.996446,W,7,,0.38,53.25,M,0.0,M,0.0,0000*5B
$GPRMC,230459.00,A,3725.679262,N,12213.996446,W,047.2,312.2,290520,,,A*44
$GPGGA,230500.00,3725.688004,N,12214.008656,W,7,,0.38,54.07,M,0.0,M,0.0,0000*57
$GPRMC,230500.00,A,3725.688004,N,12214.008656,W,047.1,311.9,290520,,,A*44
$GPGGA,230501.00,3725.696679,N,12214.021064,W,7,,0.38,54.87,M,0.0,M,0.0,0000*51
$GPRMC,230501.00,A,3725.696679,N,12214.021064,W,046.8,311.4,290520,,,A*4F
$GPGGA,230502.00,3725.705241,N,12214.033400,W,7,,0.38,55.73,M,0.0,M,0.0,0000*59
$GPRMC,230502.00,A,3725.705241,N,12214.033400,W,046.9,311.0,290520,,,A*48
$GPGGA,230503.00,3725.713762,N,12214.045759,W,7,,0.38,56.53,M,0.0,M,0.0,0000*54
$GPRMC,230503.00,A,3725.713762,N,12214.045759,W,046.9,310.6,290520,,,A*43
$GPGGA,230504.00,3725.722035,N,12214.057916,W,7,,0.38,57.33,M,0.0,M,0.0,0000*55
$GPRMC,230504.00,A,3725.722035,N,12214.057916,W,046.9,310.5,290520,,,A*46
$GPGGA,230505.00,3725.730724,N,12214.070726,W,7,,0.38,58.02,M,0.0,M,0.0,0000*55
$GPRMC,230505.00,A,3725.730724,N,12214.070726,W,046.8,310.5,290520,,,A*4A
$GPGGA,230506.00,3725.739166,N,12214.083080,W,7,,0.38,58.85,M,0.0,M,0.0,0000*57
$GPRMC,230506.00,A,3725.739166,N,12214.083080,W,046.6,310.8,290520,,,A*44
$GPGGA,230507.00,3725.747529,N,12214.095200,W,7,,0.38,59.78,M,0.0,M,0.0,0000*5E
$GPRMC,230507.00,A,3725.747529,N,12214.095200,W,046.8,310.9,290520,,,A*41
$GPGGA,230508.00,3725.756247,N,12214.107961,W,7,,0.38,60.49,M,0.0,M,0.0,0000*50
$GPRMC,230508.00,A,3725.756247,N,12214.107961,W,046.8,310.5,290520,,,A*4B
$GPGGA,230509.00,3725.764671,N,12214.120358,W,7,,0.38,61.04,M,0.0,M,0.0,0000*5C
$GPRMC,230509.00,A,3725.764671,N,12214.120358,W,046.8,310.2,290520,,,A*48
$GPGGA,230510.00,3725.773077,N,12214.132772,W,7,,0.38,61.61,M,0.0,M,0.0,0000*5E
$GPRMC,230510.00,A,3725.773077,N,12214.132772,W,046.9,310.6,290520,,,A*4C
$GPGGA,230511.00,3725.781345,N,12214.144843,W,7,,0.38,62.07,M,0.0,M,0.0,0000*5F
$GPRMC,230511.00,A,3725.781345,N,12214.144843,W,046.8,310.6,290520,,,A*4F
$GPGGA,230512.00,3725.789914,N,12214.157186,W,7,,0.38,62.69,M,0.0,M,0.0,0000*50
$GPRMC,230512.00,A,3725.789914,N,12214.157186,W,046.9,310.9,290520,,,A*46
$GPGGA,230513.00,3725.798728,N,12214.169929,W,7,,0.38,63.08,M,0.0,M,0.0,0000*56
$GPRMC,230513.00,A,3725.798728,N,12214.169929,W,047.2,310.9,290520,,,A*4C
$GPGGA,230514.00,3725.807386,N,12214.182524,W,7,,0.38,63.35,M,0.0,M,0.0,0000*52
$GPRMC,230514.00,A,3725.807386,N,12214.182524,W,047.6,310.5,290520,,,A*4E
$GPGGA,230515.00,3725.815804,N,12214.194770,W,7,,0.38,63.77,M,0.0,M,0.0,0000*53
$GPRMC,230515.00,A,3725.815804,N,12214.194770,W,048.4,310.8,290520,,,A*49
$GPGGA,230516.00,3725.824936,N,12214.208102,W,7,,0.38,64.10,M,0.0,M,0.0,0000*51
$GPRMC,230516.00,A,3725.824936,N,12214.208102,W,049.3,310.7,290520,,,A*44
$GPGGA,230517.00,3725.833930,N,12214.221205,W,7,,0.38,64.45,M,0.0,M,0.0,0000*5F
$GPRMC,230517.00,A,3725.833930,N,12214.221205,W,050.1,310.7,290520,,,A*40
$GPGGA,230518.00,3725.843145,N,12214.234663,W,7,,0.38,64.75,M,0.0,M,0.0,0000*5E
$GPRMC,230518.00,A,3725.843145,N,12214.234663,W,050.8,310.8,290520,,,A*44
$GPGGA,230519.00,3725.852434,N,12214.248121,W,7,,0.38,64.93,M,0.0,M,0.0,0000*5E
$GPRMC,230519.00,A,3725.852434,N,12214.248121,W,051.3,311.1,290520,,,A*4E
$GPGGA,230520.00,3725.861596,N,12214.260950,W,7,,0.38,65.02,M,0.0,M,0.0,0000*50
$GPRMC,230520.00,A,3725.861596,N,12214.260950,W,051.3,312.3,290520,,,A*48
$GPGGA,230521.00,3725.871639,N,12214.274503,W,7,,0.38,65.13,M,0.0,M,0.0,0000*59
$GPRMC,230521.00,A,3725.871639,N,12214.274503,W,050.9,313.0,290520,,,A*48
$GPGGA,230522.00,3725.881269,N,12214.287397,W,7,,0.38,65.40,M,0.0,M,0.0,0000*55
$GPRMC,230522.00,A,3725.881269,N,12214.287397,W,050.6,313.3,290520,,,A*4E
$GPGGA,230523.00,3725.890821,N,12214.299890,W,7,,0.38,65.23,M,0.0,M,0.0,0000*54
$GPRMC,230523.00,A,3725.890821,N,12214.299890,W,049.7,314.0,290520,,,A*47
$GPGGA,230524.00,3725.900313,N,12214.312124,W,7,,0.38,65.35,M,0.0,M,0.0,0000*52
$GPRMC,230524.00,A,3725.900313,N,12214.312124,W,048.7,314.5,290520,,,A*42
$GPGGA,230525.00,3725.909829,N,12214.324255,W,7,,0.38,65.39,M,0.0,M,0.0,0000*54
$GPRMC,230525.00,A,3725.909829,N,12214.324255,W,048.1,314.7,290520,,,A*4C
$GPGGA,230526.00,3725.919255,N,12214.335985,W,7,,0.38,65.29,M,0.0,M,0.0,0000*50
$GPRMC,230526.00,A,3725.919255,N,12214.335985,W,047.6,315.6,290520,,,A*41
$GPGGA,230527.00,3725.928693,N,12214.347482,W,7,,0.38,64.93,M,0.0,M,0.0,0000*52
$GPRMC,230527.00,A,3725.928693,N,12214.347482,W,047.4,316.0,290520,,,A*44
$GPGGA,230528.00,3725.937982,N,12214.358737,W,7,,0.38,64.89,M,0.0,M,0.0,0000*54
$GPRMC,230528.00,A,3725.937982,N,12214.358737,W,047.7,316.4,290520,,,A*4E
$GPGGA,230529.00,3725.947870,N,12214.370450,W,7,,0.38,64.73,M,0.0,M,0.0,0000*53
$GPRMC,230529.00,A,3725.947870,N,12214.370450,W,047.7,316.5,290520,,,A*4D
$GPGGA,230530.00,3725.957559,N,12214.381927,W,7,,0.38,64.50,M,0.0,M,0.0,0000*5E
$GPRMC,230530.00,A,3725.957559,N,12214.381927,W,048.2,316.6,290520,,,A*48
$GPGGA,230531.00,3725.967088,N,12214.393184,W,7,,0.38,64.15,M,0.0,M,0.0,0000*56
$GPRMC,230531.00,A,3725.967088,N,12214.393184,W,048.8,316.6,290520,,,A*4B
$GPGGA,230532.00,3725.977312,N,12214.405304,W,7,,0.38,63.94,M,0.0,M,0.0,0000*58
$GPRMC,230532.00,A,3725.977312,N,12214.405304,W,049.5,316.4,290520,,,A*45
$GPGGA,230533.00,3725.987331,N,12214.417214,W,7,,0.38,63.78,M,0.0,M,0.0,0000*56
$GPRMC,230533.00,A,3725.987331,N,12214.417214,W,050.0,316.6,290520,,,A*46
$GPGGA,230534.00,3725.997435,N,12214.429267,W,7,,0.38,63.38,M,0.0,M,0.0,0000*5E
$GPRMC,230534.00,A,3725.997435,N,12214.429267,W,050.6,316.5,290520,,,A*4F
$GPGGA,230535.00,3726.007438,N,12214.441208,W,7,,0.38,63.18,M,0.0,M,0.0,0000*54
$GPRMC,230535.00,A,3726.007438,N,12214.441208,W,051.2,316.3,290520,,,A*44
$GPGGA,230536.00,3726.017715,N,12214.453483,W,7,,0.38,62.88,M,0.0,M,0.0,0000*54
$GPRMC,230536.00,A,3726.017715,N,12214.453483,W,051.4,316.4,290520,,,A*4D
$GPGGA,230537.00,3726.028498,N,12214.466263,W,7,,0.38,62.33,M,0.0,M,0.0,0000*51
$GPRMC,230537.00,A,3726.028498,N,12214.466263,W,051.8,316.6,290520,,,A*46
$GPGGA,230538.00,3726.039123,N,12214.478857,W,7,,0.38,61.76,M,0.0,M,0.0,0000*5B
$GPRMC,230538.00,A,3726.039123,N,12214.478857,W,052.1,316.9,290520,,,A*4B
$GPGGA,230539.00,3726.049354,N,12214.490893,W,7,,0.38,61.14,M,0.0,M,0.0,0000*55
$GPRMC,230539.00,A,3726.049354,N,12214.490893,W,052.3,316.7,290520,,,A*4D
$GPGGA,230540.00,3726.060357,N,12214.503865,W,7,,0.38,60.47,M,0.0,M,0.0,0000*56
$GPRMC,230540.00,A,3726.060357,N,12214.503865,W,052.7,316.5,290520,,,A*4F
$GPGGA,230541.00,3726.070966,N,12214.516489,W,7,,0.38,59.62,M,0.0,M,0.0,0000*59
$GPRMC,230541.00,A,3726.070966,N,12214.516489,W,052.9,316.6,290520,,,A*40
$GPGGA,230542.00,3726.081718,N,12214.529257,W,7,,0.38,58.92,M,0.0,M,0.0,0000*54
$GPRMC,230542.00,A,3726.081718,N,12214.529257,W,053.0,316.6,290520,,,A*4B
$GPGGA,230543.00,3726.092433,N,12214.541923,W,7,,0.38,58.28,M,0.0,M,0.0,0000*5A
$GPRMC,230543.00,A,3726.092433,N,12214.541923,W,053.1,316.5,290520,,,A*46
$GPGGA,230544.00,3726.102844,N,12214.554235,W,7,,0.38,57.77,M,0.0,M,0.0,0000*54
$GPRMC,230544.00,A,3726.102844,N,12214.554235,W,053.2,316.7,290520,,,A*4C
$GPGGA,230545.00,3726.114112,N,12214.567652,W,7,,0.38,57.33,M,0.0,M,0.0,0000*5D
$GPRMC,230545.00,A,3726.114112,N,12214.567652,W,053.7,316.7,290520,,,A*40
$GPGGA,230546.00,3726.124918,N,12214.580378,W,7,,0.38,56.74,M,0.0,M,0.0,0000*59
$GPRMC,230546.00,A,3726.124918,N,12214.580378,W,053.7,316.6,290520,,,A*47
$GPGGA,230547.00,3726.135784,N,12214.593211,W,7,,0.38,56.71,M,0.0,M,0.0,0000*5A
$GPRMC,230547.00,A,3726.135784,N,12214.593211,W,054.0,316.6,290520,,,A*41
$GPGGA,230548.00,3726.146793,N,12214.606279,W,7,,0.38,56.65,M,0.0,M,0.0,0000*53
$GPRMC,230548.00,A,3726.146793,N,12214.606279,W,054.2,316.2,290520,,,A*4B
$GPGGA,230549.00,3726.157708,N,12214.619270,W,7,,0.38,56.73,M,0.0,M,0.0,0000*50
$GPRMC,230549.00,A,3726.157708,N,12214.619270,W,054.6,316.5,290520,,,A*4C
$GPGGA,230550.00,3726.168711,N,12214.632296,W,7,,0.38,56.82,M,0.0,M,0.0,0000*53
$GPRMC,230550.00,A,3726.168711,N,12214.632296,W,054.6,316.5,290520,,,A*41
$GPGGA,230551.00,3726.179704,N,12214.645328,W,7,,0.38,57.20,M,0.0,M,0.0,0000*5B
$GPRMC,230551.00,A,3726.179704,N,12214.645328,W,054.5,316.4,290520,,,A*42
$GPGGA,230552.00,3726.190407,N,12214.658108,W,7,,0.38,57.75,M,0.0,M,0.0,0000*53
$GPRMC,230552.00,A,3726.190407,N,12214.658108,W,054.3,316.1,290520,,,A*49
$GPGGA,230553.00,3726.201645,N,12214.671559,W,7,,0.38,58.38,M,0.0,M,0.0,0000*50
$GPRMC,230553.00,A,3726.201645,N,12214.671559,W,054.1,316.3,290520,,,A*4C
$GPGGA,230554.00,3726.212476,N,12214.684550,W,7,,0.38,59.25,M,0.0,M,0.0,0000*59
$GPRMC,230554.00,A,3726.212476,N,12214.684550,W,053.8,316.1,290520,,,A*44
$GPGGA,230555.00,3726.222970,N,12214.697119,W,7,,0.38,60.12,M,0.0,M,0.0,0000*55
$GPRMC,230555.00,A,3726.222970,N,12214.697119,W,053.3,316.5,290520,,,A*49
$GPGGA,230556.00,3726.233998,N,12214.710284,W,7,,0.38,61.17,M,0.0,M,0.0,0000*5D
$GPRMC,230556.00,A,3726.233998,N,12214.710284,W,052.8,316.6,290520,,,A*4C
$GPGGA,230557.00,3726.244623,N,12214.722896,W,7,,0.38,62.30,M,0.0,M,0.0,0000*5D
$GPRMC,230557.00,A,3726.244623,N,12214.722896,W,052.5,316.7,290520,,,A*46
$GPGGA,230558.00,3726.255177,N,12214.735400,W,7,,0.38,63.52,M,0.0,M,0.0,0000*54
$GPRMC,230558.00,A,3726.255177,N,12214.735400,W,052.2,316.7,290520,,,A*4D
$GPGGA,230559.00,3726.265389,N,12214.747615,W,7,,0.38,64.64,M,0.0,M,0.0,0000*54
$GPRMC,230559.00,A,3726.265389,N,12214.747615,W,051.9,316.2,290520,,,A*42
$GPGGA,230600.00,3726.275734,N,12214.760029,W,7,,0.38,65.76,M,0.0,M,0.0,0000*56
$GPRMC,230600.00,A,3726.275734,N,12214.760029,W,051.4,316.1,290520,,,A*4C
$GPGGA,230601.00,3726.286365,N,12214.772839,W,7,,0.38,66.88,M,0.0,M,0.0,0000*53
$GPRMC,230601.00,A,3726.286365,N,12214.772839,W,051.3,316.2,290520,,,A*4F
$GPGGA,230602.00,3726.296691,N,12214.785289,W,7,,0.38,67.95,M,0.0,M,0.0,0000*5B
$GPRMC,230602.00,A,3726.296691,N,12214.785289,W,051.0,316.1,290520,,,A*4A
$GPGGA,230603.00,3726.306567,N,12214.797158,W,7,,0.38,69.12,M,0.0,M,0.0,0000*55
$GPRMC,230603.00,A,3726.306567,N,12214.797158,W,050.8,316.3,290520,,,A*4E
$GPGGA,230604.00,3726.317056,N,12214.809793,W,7,,0.38,70.29,M,0.0,M,0.0,0000*5C
$GPRMC,230604.00,A,3726.317056,N,12214.809793,W,050.6,316.0,290520,,,A*4A
$GPGGA,230605.00,3726.327208,N,12214.822220,W,7,,0.38,71.41,M,0.0,M,0.0,0000*5C
$GPRMC,230605.00,A,3726.327208,N,12214.822220,W,050.4,315.5,290520,,,A*41
$GPGGA,230606.00,3726.337090,N,12214.834532,W,7,,0.38,72.42,M,0.0,M,0.0,0000*5E
$GPRMC,230606.00,A,3726.337090,N,12214.834532,W,050.1,315.2,290520,,,A*41
$GPGGA,230607.00,3726.347001,N,12214.846826,W,7,,0.38,73.55,M,0.0,M,0.0,0000*5A
$GPRMC,230607.00,A,3726.347001,N,12214.846826,W,050.0,315.3,290520,,,A*42
$GPGGA,230608.00,3726.356487,N,12214.858616,W,7,,0.38,74.51,M,0.0,M,0.0,0000*5E
$GPRMC,230608.00,A,3726.356487,N,12214.858616,W,049.6,315.3,290520,,,A*4B
$GPGGA,230609.00,3726.366670,N,12214.871270,W,7,,0.38,75.62,M,0.0,M,0.0,0000*58
$GPRMC,230609.00,A,3726.366670,N,12214.871270,W,049.4,315.1,290520,,,A*4C
$GPGGA,230610.00,3726.376317,N,12214.883371,W,7,,0.38,76.63,M,0.0,M,0.0,0000*5A
$GPRMC,230610.00,A,3726.376317,N,12214.883371,W,049.1,314.8,290520,,,A*41
$GPGGA,230611.00,3726.385887,N,12214.895521,W,7,,0.38,77.62,M,0.0,M,0.0,0000*51
$GPRMC,230611.00,A,3726.385887,N,12214.895521,W,049.3,314.6,290520,,,A*46
$GPGGA,230612.00,3726.395583,N,12214.907959,W,7,,0.38,78.75,M,0.0,M,0.0,0000*5A
$GPRMC,230612.00,A,3726.395583,N,12214.907959,W,049.8,314.3,290520,,,A*4A
$GPGGA,230613.00,3726.405316,N,12214.920542,W,7,,0.38,79.79,M,0.0,M,0.0,0000*51
$GPRMC,230613.00,A,3726.405316,N,12214.920542,W,050.6,314.0,290520,,,A*49
$GPGGA,230614.00,3726.415137,N,12214.933291,W,7,,0.38,80.87,M,0.0,M,0.0,0000*5A
$GPRMC,230614.00,A,3726.415137,N,12214.933291,W,051.4,314.0,290520,,,A*46
$GPGGA,230615.00,3726.425097,N,12214.946317,W,7,,0.38,81.97,M,0.0,M,0.0,0000*5E
$GPRMC,230615.00,A,3726.425097,N,12214.946317,W,052.2,313.8,290520,,,A*48
$GPGGA,230616.00,3726.434949,N,12214.959289,W,7,,0.38,83.11,M,0.0,M,0.0,0000*53
$GPRMC,230616.00,A,3726.434949,N,12214.959289,W,053.0,313.9,290520,,,A*4B
$GPGGA,230617.00,3726.445503,N,12214.973173,W,7,,0.38,84.25,M,0.0,M,0.0,0000*58
$GPRMC,230617.00,A,3726.445503,N,12214.973173,W,053.7,313.9,290520,,,A*47
$GPGGA,230618.00,3726.455950,N,12214.986824,W,7,,0.38,85.34,M,0.0,M,0.0,0000*5C
$GPRMC,230618.00,A,3726.455950,N,12214.986824,W,054.6,313.9,290520,,,A*44
$GPGGA,230619.00,3726.466293,N,12215.000252,W,7,,0.38,86.48,M,0.0,M,0.0,0000*5C
$GPRMC,230619.00,A,3726.466293,N,12215.000252,W,055.3,314.3,290520,,,A*45
$GPGGA,230620.00,3726.477442,N,12215.014562,W,7,,0.38,87.67,M,0.0,M,0.0,0000*51
$GPRMC,230620.00,A,3726.477442,N,12215.014562,W,055.8,314.3,290520,,,A*4F
$GPGGA,230621.00,3726.488242,N,12215.028523,W,7,,0.38,88.88,M,0.0,M,0.0,0000*52
$GPRMC,230621.00,A,3726.488242,N,12215.028523,W,056.0,314.0,290520,,,A*4A
$GPGGA,230622.00,3726.498988,N,12215.042599,W,7,,0.38,90.25,M,0.0,M,0.0,0000*5E
$GPRMC,230622.00,A,3726.498988,N,12215.042599,W,056.0,313.7,290520,,,A*48
$GPGGA,230623.00,3726.509445,N,12215.056394,W,7,,0.38,91.61,M,0.0,M,0.0,0000*55
$GPRMC,230623.00,A,3726.509445,N,12215.056394,W,055.8,313.7,290520,,,A*49
$GPGGA,230624.00,3726.520065,N,12215.070470,W,7,,0.38,92.88,M,0.0,M,0.0,0000*52
$GPRMC,230624.00,A,3726.520065,N,12215.070470,W,055.7,313.6,290520,,,A*44
$GPGGA,230625.00,3726.530956,N,12215.085104,W,7,,0.38,94.21,M,0.0,M,0.0,0000*52
$GPRMC,230625.00,A,3726.530956,N,12215.085104,W,055.8,313.0,290520,,,A*48
$GPGGA,230626.00,3726.541390,N,12215.099719,W,7,,0.38,95.41,M,0.0,M,0.0,0000*57
$GPRMC,230626.00,A,3726.541390,N,12215.099719,W,055.9,311.1,290520,,,A*48
$GPGGA,230627.00,3726.550953,N,12215.114137,W,7,,0.38,96.50,M,0.0,M,0.0,0000*5E
$GPRMC,230627.00,A,3726.550953,N,12215.114137,W,055.8,309.0,290520,,,A*4B
$GPGGA,230628.00,3726.560758,N,12215.129977,W,7,,0.38,97.68,M,0.0,M,0.0,0000*5F
$GPRMC,230628.00,A,3726.560758,N,12215.129977,W,055.9,307.0,290520,,,A*4F
$GPGGA,230629.00,3726.569817,N,12215.145919,W,7,,0.38,98.76,M,0.0,M,0.0,0000*51
$GPRMC,230629.00,A,3726.569817,N,12215.145919,W,055.7,305.0,290520,,,A*4D
$GPGGA,230630.00,3726.578397,N,12215.162119,W,7,,0.38,99.96,M,0.0,M,0.0,0000*58
$GPRMC,230630.00,A,3726.578397,N,12215.162119,W,055.8,303.2,290520,,,A*40
$GPGGA,230631.00,3726.586647,N,12215.178541,W,7,,0.38,100.92,M,0.0,M,0.0,0000*67
$GPRMC,230631.00,A,3726.586647,N,12215.178541,W,055.7,301.7,290520,,,A*42
$GPGGA,230632.00,3726.594292,N,12215.194700,W,7,,0.38,101.99,M,0.0,M,0.0,0000*64
$GPRMC,230632.00,A,3726.594292,N,12215.194700,W,055.7,300.2,290520,,,A*4F
$GPGGA,230633.00,3726.602073,N,12215.212429,W,7,,0.38,103.16,M,0.0,M,0.0,0000*64
$GPRMC,230633.00,A,3726.602073,N,12215.212429,W,055.7,298.3,290520,,,A*4B
$GPGGA,230634.00,3726.609069,N,12215.229674,W,7,,0.38,104.38,M,0.0,M,0.0,0000*6A
$GPRMC,230634.00,A,3726.609069,N,12215.229674,W,055.6,296.7,290520,,,A*45
$GPGGA,230635.00,3726.615664,N,12215.247050,W,7,,0.38,105.55,M,0.0,M,0.0,0000*6F
$GPRMC,230635.00,A,3726.615664,N,12215.247050,W,055.2,295.1,290520,,,A*4B
$GPGGA,230636.00,3726.621868,N,12215.264737,W,7,,0.38,106.72,M,0.0,M,0.0,0000*68
$GPRMC,230636.00,A,3726.621868,N,12215.264737,W,054.8,293.2,290520,,,A*44
$GPGGA,230637.00,3726.627543,N,12215.282359,W,7,,0.38,107.87,M,0.0,M,0.0,0000*64
$GPRMC,230637.00,A,3726.627543,N,12215.282359,W,054.4,291.6,290520,,,A*49
$GPGGA,230638.00,3726.632787,N,12215.300041,W,7,,0.38,108.97,M,0.0,M,0.0,0000*6A
$GPRMC,230638.00,A,3726.632787,N,12215.300041,W,053.9,289.9,290520,,,A*45
$GPGGA,230639.00,3726.637582,N,12215.317772,W,7,,0.38,110.12,M,0.0,M,0.0,0000*6C
$GPRMC,230639.00,A,3726.637582,N,12215.317772,W,053.6,288.4,290520,,,A*44
$GPGGA,230640.00,3726.641788,N,12215.335099,W,7,,0.38,111.18,M,0.0,M,0.0,0000*62
$GPRMC,230640.00,A,3726.641788,N,12215.335099,W,053.1,286.2,290520,,,A*4E
$GPGGA,230641.00,3726.645669,N,12215.353393,W,7,,0.38,112.40,M,0.0,M,0.0,0000*6E
$GPRMC,230641.00,A,3726.645669,N,12215.353393,W,052.6,284.2,290520,,,A*48
$GPGGA,230642.00,3726.649006,N,12215.371184,W,7,,0.38,113.42,M,0.0,M,0.0,0000*69
$GPRMC,230642.00,A,3726.649006,N,12215.371184,W,052.3,282.7,290520,,,A*4A
$GPGGA,230643.00,3726.651867,N,12215.388529,W,7,,0.38,114.55,M,0.0,M,0.0,0000*6A
$GPRMC,230643.00,A,3726.651867,N,12215.388529,W,051.9,281.7,290520,,,A*42
$GPGGA,230644.00,3726.654561,N,12215.406878,W,7,,0.38,115.45,M,0.0,M,0.0,0000*6B
$GPRMC,230644.00,A,3726.654561,N,12215.406878,W,051.8,280.0,290520,,,A*44
$GPGGA,230645.00,3726.656715,N,12215.424673,W,7,,0.38,116.30,M,0.0,M,0.0,0000*6D
$GPRMC,230645.00,A,3726.656715,N,12215.424673,W,051.9,278.1,290520,,,A*44
$GPGGA,230646.00,3726.658401,N,12215.442643,W,7,,0.38,117.12,M,0.0,M,0.0,0000*64
$GPRMC,230646.00,A,3726.658401,N,12215.442643,W,052.2,276.1,290520,,,A*4A
$GPGGA,230647.00,3726.659698,N,12215.460325,W,7,,0.38,117.95,M,0.0,M,0.0,0000*6C
$GPRMC,230647.00,A,3726.659698,N,12215.460325,W,052.3,274.8,290520,,,A*47
$GPGGA,230648.00,3726.660621,N,12215.478547,W,7,,0.38,118.67,M,0.0,M,0.0,0000*62
$GPRMC,230648.00,A,3726.660621,N,12215.478547,W,052.7,273.1,290520,,,A*41
$GPGGA,230649.00,3726.661137,N,12215.497531,W,7,,0.38,119.34,M,0.0,M,0.0,0000*65
$GPRMC,230649.00,A,3726.661137,N,12215.497531,W,053.0,271.2,290520,,,A*46
$GPGGA,230650.00,3726.661162,N,12215.516198,W,7,,0.38,119.86,M,0.0,M,0.0,0000*6B
$GPRMC,230650.00,A,3726.661162,N,12215.516198,W,053.2,269.3,290520,,,A*4B
$GPGGA,230651.00,3726.660718,N,12215.534155,W,7,,0.38,120.39,M,0.0,M,0.0,0000*6F
$GPRMC,230651.00,A,3726.660718,N,12215.534155,W,053.4,267.6,290520,,,A*4C
$GPGGA,230652.00,3726.659757,N,12215.553343,W,7,,0.38,120.88,M,0.0,M,0.0,0000*63
$GPRMC,230652.00,A,3726.659757,N,12215.553343,W,053.6,265.9,290520,,,A*45
$GPGGA,230653.00,3726.658528,N,12215.571968,W,7,,0.38,121.25,M,0.0,M,0.0,0000*6C
$GPRMC,230653.00,A,3726.658528,N,12215.571968,W,053.6,264.9,290520,,,A*4D
$GPGGA,230654.00,3726.657040,N,12215.590717,W,7,,0.38,121.52,M,0.0,M,0.0,0000*66
$GPRMC,230654.00,A,3726.657040,N,12215.590717,W,053.6,264.4,290520,,,A*4A
$GPGGA,230655.00,3726.655576,N,12215.609299,W,7,,0.38,121.65,M,0.0,M,0.0,0000*61
$GPRMC,230655.00,A,3726.655576,N,12215.609299,W,053.5,264.5,290520,,,A*4B
$GPGGA,230656.00,3726.654171,N,12215.627336,W,7,,0.38,121.89,M,0.0,M,0.0,0000*6A
$GPRMC,230656.00,A,3726.654171,N,12215.627336,W,053.7,264.5,290520,,,A*40
$GPGGA,230657.00,3726.652612,N,12215.646734,W,7,,0.38,122.01,M,0.0,M,0.0,0000*6D
$GPRMC,230657.00,A,3726.652612,N,12215.646734,W,053.9,264.3,290520,,,A*4C
$GPGGA,230658.00,3726.651141,N,12215.665411,W,7,,0.38,122.25,M,0.0,M,0.0,0000*63
$GPRMC,230658.00,A,3726.651141,N,12215.665411,W,053.8,264.3,290520,,,A*45
$GPGGA,230659.00,3726.649653,N,12215.684071,W,7,,0.38,122.50,M,0.0,M,0.0,0000*60
$GPRMC,230659.00,A,3726.649653,N,12215.684071,W,053.9,264.2,290520,,,A*44
$GPGGA,230700.00,3726.648166,N,12215.702857,W,7,,0.38,122.73,M,0.0,M,0.0,0000*6F
$GPRMC,230700.00,A,3726.648166,N,12215.702857,W,054.2,264.3,290520,,,A*47
$GPGGA,230701.00,3726.646647,N,12215.721799,W,7,,0.38,122.90,M,0.0,M,0.0,0000*65
$GPRMC,230701.00,A,3726.646647,N,12215.721799,W,054.1,264.2,290520,,,A*42
$GPGGA,230702.00,3726.645165,N,12215.740466,W,7,,0.38,123.09,M,0.0,M,0.0,0000*67
$GPRMC,230702.00,A,3726.645165,N,12215.740466,W,053.8,264.3,290520,,,A*4E
$GPGGA,230703.00,3726.643678,N,12215.758958,W,7,,0.38,123.22,M,0.0,M,0.0,0000*6B
$GPRMC,230703.00,A,3726.643678,N,12215.758958,W,053.0,264.2,290520,,,A*42
$GPGGA,230704.00,3726.642226,N,12215.776682,W,7,,0.38,123.27,M,0.0,M,0.0,0000*63
$GPRMC,230704.00,A,3726.642226,N,12215.776682,W,051.9,264.6,290520,,,A*40
$GPGGA,230705.00,3726.640785,N,12215.795096,W,7,,0.38,123.38,M,0.0,M,0.0,0000*6C
$GPRMC,230705.00,A,3726.640785,N,12215.795096,W,050.9,264.3,290520,,,A*45
$GPGGA,230706.00,3726.639448,N,12215.812621,W,7,,0.38,123.55,M,0.0,M,0.0,0000*62
$GPRMC,230706.00,A,3726.639448,N,12215.812621,W,050.0,264.7,290520,,,A*4D
$GPGGA,230707.00,3726.638248,N,12215.829410,W,7,,0.38,123.58,M,0.0,M,0.0,0000*61
$GPRMC,230707.00,A,3726.638248,N,12215.829410,W,049.1,265.2,290520,,,A*4E
$GPGGA,230708.00,3726.637161,N,12215.846798,W,7,,0.38,123.61,M,0.0,M,0.0,0000*69
$GPRMC,230708.00,A,3726.637161,N,12215.846798,W,048.2,266.2,290520,,,A*4D
$GPGGA,230709.00,3726.636466,N,12215.863346,W,7,,0.38,123.53,M,0.0,M,0.0,0000*6A
$GPRMC,230709.00,A,3726.636466,N,12215.863346,W,047.4,267.6,290520,,,A*43
$GPGGA,230710.00,3726.636039,N,12215.879774,W,7,,0.38,123.37,M,0.0,M,0.0,0000*60
$GPRMC,230710.00,A,3726.636039,N,12215.879774,W,047.1,268.7,290520,,,A*40
$GPGGA,230711.00,3726.635938,N,12215.895691,W,7,,0.38,123.41,M,0.0,M,0.0,0000*63
$GPRMC,230711.00,A,3726.635938,N,12215.895691,W,046.7,270.0,290520,,,A*4B
$GPGGA,230712.00,3726.636094,N,12215.911897,W,7,,0.38,123.32,M,0.0,M,0.0,0000*6D
$GPRMC,230712.00,A,3726.636094,N,12215.911897,W,046.5,271.5,290520,,,A*47
$GPGGA,230713.00,3726.636615,N,12215.928541,W,7,,0.38,123.22,M,0.0,M,0.0,0000*6E
$GPRMC,230713.00,A,3726.636615,N,12215.928541,W,046.2,272.9,290520,,,A*4D
$GPGGA,230714.00,3726.637539,N,12215.944699,W,7,,0.38,123.08,M,0.0,M,0.0,0000*61
$GPRMC,230714.00,A,3726.637539,N,12215.944699,W,046.0,274.6,290520,,,A*41
$GPGGA,230715.00,3726.638716,N,12215.960095,W,7,,0.38,122.84,M,0.0,M,0.0,0000*69
$GPRMC,230715.00,A,3726.638716,N,12215.960095,W,046.0,276.3,290520,,,A*4B
$GPGGA,230716.00,3726.640282,N,12215.976565,W,7,,0.38,122.62,M,0.0,M,0.0,0000*68
$GPRMC,230716.00,A,3726.640282,N,12215.976565,W,046.2,277.4,290520,,,A*46
$GPGGA,230717.00,3726.642087,N,12215.992579,W,7,,0.38,122.38,M,0.0,M,0.0,0000*64
$GPRMC,230717.00,A,3726.642087,N,12215.992579,W,046.7,278.4,290520,,,A*4F
$GPGGA,230718.00,3726.644116,N,12216.008864,W,7,,0.38,122.06,M,0.0,M,0.0,0000*61
$GPRMC,230718.00,A,3726.644116,N,12216.008864,W,047.2,279.2,290520,,,A*44
$GPGGA,230719.00,3726.646414,N,12216.025118,W,7,,0.38,121.77,M,0.0,M,0.0,0000*6D
$GPRMC,230719.00,A,3726.646414,N,12216.025118,W,047.7,280.3,290520,,,A*4F
$GPGGA,230720.00,3726.648957,N,12216.040964,W,7,,0.38,121.46,M,0.0,M,0.0,0000*61
$GPRMC,230720.00,A,3726.648957,N,12216.040964,W,048.4,281.9,290520,,,A*46
$GPGGA,230721.00,3726.652138,N,12216.058136,W,7,,0.38,121.11,M,0.0,M,0.0,0000*6E
$GPRMC,230721.00,A,3726.652138,N,12216.058136,W,048.9,283.7,290520,,,A*4A
$GPGGA,230722.00,3726.655659,N,12216.074696,W,7,,0.38,120.78,M,0.0,M,0.0,0000*67
$GPRMC,230722.00,A,3726.655659,N,12216.074696,W,049.6,285.7,290520,,,A*45
$GPGGA,230723.00,3726.659692,N,12216.091405,W,7,,0.38,120.46,M,0.0,M,0.0,0000*63
$GPRMC,230723.00,A,3726.659692,N,12216.091405,W,050.4,287.2,290520,,,A*41
$GPGGA,230724.00,3726.664131,N,12216.108164,W,7,,0.38,120.02,M,0.0,M,0.0,0000*67
$GPRMC,230724.00,A,3726.664131,N,12216.108164,W,051.1,288.6,290520,,,A*4A
$GPGGA,230725.00,3726.668962,N,12216.125161,W,7,,0.38,119.63,M,0.0,M,0.0,0000*63
$GPRMC,230725.00,A,3726.668962,N,12216.125161,W,051.8,290.0,290520,,,A*45
$GPGGA,230726.00,3726.674140,N,12216.142130,W,7,,0.38,119.26,M,0.0,M,0.0,0000*61
$GPRMC,230726.00,A,3726.674140,N,12216.142130,W,052.4,291.3,290520,,,A*4B
$GPGGA,230727.00,3726.679720,N,12216.159055,W,7,,0.38,118.62,M,0.0,M,0.0,0000*64
$GPRMC,230727.00,A,3726.679720,N,12216.159055,W,052.7,293.4,290520,,,A*49
$GPGGA,230728.00,3726.685564,N,12216.175652,W,7,,0.38,118.19,M,0.0,M,0.0,0000*69
$GPRMC,230728.00,A,3726.685564,N,12216.175652,W,053.4,294.3,290520,,,A*4A
$GPGGA,230729.00,3726.692151,N,12216.193112,W,7,,0.38,117.82,M,0.0,M,0.0,0000*6A
$GPRMC,230729.00,A,3726.692151,N,12216.193112,W,053.8,295.8,290520,,,A*42
$GPGGA,230730.00,3726.698925,N,12216.210014,W,7,,0.38,117.43,M,0.0,M,0.0,0000*61
$GPRMC,230730.00,A,3726.698925,N,12216.210014,W,054.4,297.5,290520,,,A*40
$GPGGA,230731.00,3726.706096,N,12216.226430,W,7,,0.38,117.11,M,0.0,M,0.0,0000*67
$GPRMC,230731.00,A,3726.706096,N,12216.226430,W,055.0,299.4,290520,,,A*4B
$GPGGA,230732.00,3726.714063,N,12216.243559,W,7,,0.38,116.81,M,0.0,M,0.0,0000*68
$GPRMC,230732.00,A,3726.714063,N,12216.243559,W,055.6,300.9,290520,,,A*46
$GPGGA,230733.00,3726.722277,N,12216.259975,W,7,,0.38,116.34,M,0.0,M,0.0,0000*6C
$GPRMC,230733.00,A,3726.722277,N,12216.259975,W,055.8,302.7,290520,,,A*4E
$GPGGA,230734.00,3726.730923,N,12216.276266,W,7,,0.38,116.17,M,0.0,M,0.0,0000*67
$GPRMC,230734.00,A,3726.730923,N,12216.276266,W,056.2,304.4,290520,,,A*48
$GPGGA,230735.00,3726.739791,N,12216.291913,W,7,,0.38,115.99,M,0.0,M,0.0,0000*6D
$GPRMC,230735.00,A,3726.739791,N,12216.291913,W,056.7,305.9,290520,,,A*4E
$GPGGA,230736.00,3726.749260,N,12216.307771,W,7,,0.38,115.99,M,0.0,M,0.0,0000*66
$GPRMC,230736.00,A,3726.749260,N,12216.307771,W,057.1,307.5,290520,,,A*4C
$GPGGA,230737.00,3726.759387,N,12216.323869,W,7,,0.38,116.06,M,0.0,M,0.0,0000*6B
$GPRMC,230737.00,A,3726.759387,N,12216.323869,W,057.3,309.0,290520,,,A*4D
$GPGGA,230738.00,3726.769732,N,12216.339409,W,7,,0.38,116.42,M,0.0,M,0.0,0000*6C
$GPRMC,230738.00,A,3726.769732,N,12216.339409,W,057.6,310.5,290520,,,A*42
$GPGGA,230739.00,3726.779877,N,12216.354049,W,7,,0.38,116.81,M,0.0,M,0.0,0000*66
$GPRMC,230739.00,A,3726.779877,N,12216.354049,W,057.8,311.3,290520,,,A*4E
$GPGGA,230740.00,3726.790785,N,12216.369578,W,7,,0.38,117.12,M,0.0,M,0.0,0000*6F
$GPRMC,230740.00,A,3726.790785,N,12216.369578,W,057.8,311.4,290520,,,A*4B
$GPGGA,230741.00,3726.801297,N,12216.384649,W,7,,0.38,117.44,M,0.0,M,0.0,0000*6E
$GPRMC,230741.00,A,3726.801297,N,12216.384649,W,057.7,311.1,290520,,,A*43
$GPGGA,230742.00,3726.811905,N,12216.399877,W,7,,0.38,118.02,M,0.0,M,0.0,0000*6E
$GPRMC,230742.00,A,3726.811905,N,12216.399877,W,057.7,311.1,290520,,,A*4E
$GPGGA,230743.00,3726.822448,N,12216.414955,W,7,,0.38,118.80,M,0.0,M,0.0,0000*62
$GPRMC,230743.00,A,3726.822448,N,12216.414955,W,057.6,311.3,290520,,,A*4B
$GPGGA,230744.00,3726.832641,N,12216.429524,W,7,,0.38,119.48,M,0.0,M,0.0,0000*6E
$GPRMC,230744.00,A,3726.832641,N,12216.429524,W,057.4,311.3,290520,,,A*40
$GPGGA,230745.00,3726.843537,N,12216.445189,W,7,,0.38,120.41,M,0.0,M,0.0,0000*61
$GPRMC,230745.00,A,3726.843537,N,12216.445189,W,057.3,311.2,290520,,,A*4A
$GPGGA,230746.00,3726.853983,N,12216.460195,W,7,,0.38,121.27,M,0.0,M,0.0,0000*6B
$GPRMC,230746.00,A,3726.853983,N,12216.460195,W,057.1,311.2,290520,,,A*43
$GPGGA,230747.00,3726.864345,N,12216.475117,W,7,,0.38,122.21,M,0.0,M,0.0,0000*65
$GPRMC,230747.00,A,3726.864345,N,12216.475117,W,056.8,311.2,290520,,,A*40
$GPGGA,230748.00,3726.874737,N,12216.490022,W,7,,0.38,123.04,M,0.0,M,0.0,0000*60
$GPRMC,230748.00,A,3726.874737,N,12216.490022,W,056.6,311.3,290520,,,A*4C
$GPGGA,230749.00,3726.885093,N,12216.504812,W,7,,0.38,123.92,M,0.0,M,0.0,0000*6E
$GPRMC,230749.00,A,3726.885093,N,12216.504812,W,056.5,311.4,290520,,,A*49
$GPGGA,230750.00,3726.895546,N,12216.519650,W,7,,0.38,124.89,M,0.0,M,0.0,0000*63
$GPRMC,230750.00,A,3726.895546,N,12216.519650,W,056.3,311.4,290520,,,A*4F
$GPGGA,230751.00,3726.905548,N,12216.533810,W,7,,0.38,125.72,M,0.0,M,0.0,0000*63
$GPRMC,230751.00,A,3726.905548,N,12216.533810,W,056.1,311.6,290520,,,A*4A
$GPGGA,230752.00,3726.915832,N,12216.548425,W,7,,0.38,126.57,M,0.0,M,0.0,0000*63
$GPRMC,230752.00,A,3726.915832,N,12216.548425,W,056.0,311.5,290520,,,A*4C
$GPGGA,230753.00,3726.926427,N,12216.563540,W,7,,0.38,127.52,M,0.0,M,0.0,0000*65
$GPRMC,230753.00,A,3726.926427,N,12216.563540,W,055.8,311.1,290520,,,A*41
$GPGGA,230754.00,3726.936664,N,12216.578276,W,7,,0.38,128.38,M,0.0,M,0.0,0000*6D
$GPRMC,230754.00,A,3726.936664,N,12216.578276,W,055.6,311.1,290520,,,A*44
$GPGGA,230755.00,3726.946413,N,12216.592424,W,7,,0.38,129.19,M,0.0,M,0.0,0000*6E
$GPRMC,230755.00,A,3726.946413,N,12216.592424,W,055.4,310.8,290520,,,A*4F
$GPGGA,230756.00,3726.956722,N,12216.607490,W,7,,0.38,129.94,M,0.0,M,0.0,0000*68
$GPRMC,230756.00,A,3726.956722,N,12216.607490,W,055.2,310.4,290520,,,A*46
$GPGGA,230757.00,3726.966663,N,12216.622298,W,7,,0.38,130.57,M,0.0,M,0.0,0000*60
$GPRMC,230757.00,A,3726.966663,N,12216.622298,W,055.0,310.1,290520,,,A*4E
$GPGGA,230758.00,3726.976462,N,12216.637016,W,7,,0.38,131.30,M,0.0,M,0.0,0000*6D
$GPRMC,230758.00,A,3726.976462,N,12216.637016,W,055.0,309.9,290520,,,A*43
$GPGGA,230759.00,3726.986200,N,12216.651787,W,7,,0.38,132.07,M,0.0,M,0.0,0000*69
$GPRMC,230759.00,A,3726.986200,N,12216.651787,W,055.0,309.5,290520,,,A*4C
$GPGGA,230800.00,3726.995529,N,12216.666121,W,7,,0.38,132.51,M,0.0,M,0.0,0000*69
$GPRMC,230800.00,A,3726.995529,N,12216.666121,W,054.8,309.4,290520,,,A*47
$GPGGA,230801.00,3727.005627,N,12216.681631,W,7,,0.38,133.12,M,0.0,M,0.0,0000*6D
$GPRMC,230801.00,A,3727.005627,N,12216.681631,W,055.2,309.2,290520,,,A*48
$GPGGA,230802.00,3727.015288,N,12216.696446,W,7,,0.38,133.43,M,0.0,M,0.0,0000*6E
$GPRMC,230802.00,A,3727.015288,N,12216.696446,W,055.0,309.7,290520,,,A*48
$GPGGA,230803.00,3727.025092,N,12216.711331,W,7,,0.38,134.19,M,0.0,M,0.0,0000*64
$GPRMC,230803.00,A,3727.025092,N,12216.711331,W,055.2,309.8,290520,,,A*47
$GPGGA,230804.00,3727.035022,N,12216.726350,W,7,,0.38,134.49,M,0.0,M,0.0,0000*6F
$GPRMC,230804.00,A,3727.035022,N,12216.726350,W,055.6,309.9,290520,,,A*4C
$GPGGA,230805.00,3727.044904,N,12216.741230,W,7,,0.38,134.75,M,0.0,M,0.0,0000*6C
$GPRMC,230805.00,A,3727.044904,N,12216.741230,W,055.7,310.0,290520,,,A*40
$GPGGA,230806.00,3727.054875,N,12216.756025,W,7,,0.38,134.90,M,0.0,M,0.0,0000*62
$GPRMC,230806.00,A,3727.054875,N,12216.756025,W,055.7,310.3,290520,,,A*46
$GPGGA,230807.00,3727.064758,N,12216.770888,W,7,,0.38,134.87,M,0.0,M,0.0,0000*6D
$GPRMC,230807.00,A,3727.064758,N,12216.770888,W,055.7,309.6,290520,,,A*42
$GPGGA,230808.00,3727.074399,N,12216.785492,W,7,,0.38,134.93,M,0.0,M,0.0,0000*62
$GPRMC,230808.00,A,3727.074399,N,12216.785492,W,055.7,309.3,290520,,,A*4D
$GPGGA,230809.00,3727.084509,N,12216.800858,W,7,,0.38,134.88,M,0.0,M,0.0,0000*61
$GPRMC,230809.00,A,3727.084509,N,12216.800858,W,055.5,309.4,290520,,,A*41
$GPGGA,230810.00,3727.094241,N,12216.815761,W,7,,0.38,134.88,M,0.0,M,0.0,0000*62
$GPRMC,230810.00,A,3727.094241,N,12216.815761,W,055.3,309.4,290520,,,A*44
$GPGGA,230811.00,3727.103746,N,12216.830221,W,7,,0.38,134.72,M,0.0,M,0.0,0000*6D
$GPRMC,230811.00,A,3727.103746,N,12216.830221,W,055.0,309.3,290520,,,A*4A
$GPGGA,230812.00,3727.113645,N,12216.845396,W,7,,0.38,134.44,M,0.0,M,0.0,0000*67
$GPRMC,230812.00,A,3727.113645,N,12216.845396,W,054.4,309.3,290520,,,A*40
$GPGGA,230813.00,3727.123156,N,12216.859969,W,7,,0.38,134.10,M,0.0,M,0.0,0000*66
$GPRMC,230813.00,A,3727.123156,N,12216.859969,W,053.9,309.3,290520,,,A*4A
$GPGGA,230814.00,3727.132612,N,12216.874322,W,7,,0.38,133.87,M,0.0,M,0.0,0000*65
$GPRMC,230814.00,A,3727.132612,N,12216.874322,W,053.1,309.6,290520,,,A*4D
$GPGGA,230815.00,3727.141720,N,12216.888103,W,7,,0.38,133.50,M,0.0,M,0.0,0000*68
$GPRMC,230815.00,A,3727.141720,N,12216.888103,W,052.5,309.6,290520,,,A*4F
$GPGGA,230816.00,3727.150977,N,12216.902131,W,7,,0.38,133.13,M,0.0,M,0.0,0000*62
$GPRMC,230816.00,A,3727.150977,N,12216.902131,W,052.2,309.5,290520,,,A*46
$GPGGA,230817.00,3727.160463,N,12216.916537,W,7,,0.38,132.65,M,0.0,M,0.0,0000*6F
$GPRMC,230817.00,A,3727.160463,N,12216.916537,W,052.0,309.5,290520,,,A*49
$GPGGA,230818.00,3727.169769,N,12216.930541,W,7,,0.38,132.16,M,0.0,M,0.0,0000*61
$GPRMC,230818.00,A,3727.169769,N,12216.930541,W,051.9,309.5,290520,,,A*49
$GPGGA,230819.00,3727.178739,N,12216.944180,W,7,,0.38,131.64,M,0.0,M,0.0,0000*69
$GPRMC,230819.00,A,3727.178739,N,12216.944180,W,052.4,309.5,290520,,,A*49
$GPGGA,230820.00,3727.188327,N,12216.958712,W,7,,0.38,131.04,M,0.0,M,0.0,0000*61
$GPRMC,230820.00,A,3727.188327,N,12216.958712,W,052.8,309.4,290520,,,A*4A
$GPGGA,230821.00,3727.197760,N,12216.973076,W,7,,0.38,130.44,M,0.0,M,0.0,0000*60
$GPRMC,230821.00,A,3727.197760,N,12216.973076,W,053.2,309.5,290520,,,A*44
$GPGGA,230822.00,3727.207191,N,12216.987434,W,7,,0.38,129.78,M,0.0,M,0.0,0000*6F
$GPRMC,230822.00,A,3727.207191,N,12216.987434,W,053.7,309.3,290520,,,A*4F
$GPGGA,230823.00,3727.216683,N,12217.001965,W,7,,0.38,129.11,M,0.0,M,0.0,0000*6A
$GPRMC,230823.00,A,3727.216683,N,12217.001965,W,054.3,309.4,290520,,,A*41
$GPGGA,230824.00,3727.225947,N,12217.016132,W,7,,0.38,128.46,M,0.0,M,0.0,0000*65
$GPRMC,230824.00,A,3727.225947,N,12217.016132,W,054.7,309.2,290520,,,A*4F
$GPGGA,230825.00,3727.235979,N,12217.031516,W,7,,0.38,127.89,M,0.0,M,0.0,0000*63
$GPRMC,230825.00,A,3727.235979,N,12217.031516,W,055.1,309.1,290520,,,A*41
$GPGGA,230826.00,3727.245814,N,12217.046425,W,7,,0.38,127.17,M,0.0,M,0.0,0000*6B
$GPRMC,230826.00,A,3727.245814,N,12217.046425,W,055.7,309.4,290520,,,A*4D
$GPGGA,230827.00,3727.255713,N,12217.061444,W,7,,0.38,126.56,M,0.0,M,0.0,0000*65
$GPRMC,230827.00,A,3727.255713,N,12217.061444,W,056.2,309.7,290520,,,A*42
$GPGGA,230828.00,3727.265823,N,12217.076689,W,7,,0.38,125.92,M,0.0,M,0.0,0000*6B
$GPRMC,230828.00,A,3727.265823,N,12217.076689,W,056.7,309.7,290520,,,A*42
$GPGGA,230829.00,3727.275934,N,12217.091936,W,7,,0.38,125.30,M,0.0,M,0.0,0000*66
$GPRMC,230829.00,A,3727.275934,N,12217.091936,W,057.1,309.9,290520,,,A*4E
$GPGGA,230830.00,3727.286152,N,12217.107206,W,7,,0.38,124.74,M,0.0,M,0.0,0000*6D
$GPRMC,230830.00,A,3727.286152,N,12217.107206,W,057.4,309.8,290520,,,A*40
$GPGGA,230831.00,3727.296417,N,12217.122614,W,7,,0.38,124.07,M,0.0,M,0.0,0000*6D
$GPRMC,230831.00,A,3727.296417,N,12217.122614,W,057.8,309.6,290520,,,A*46
$GPGGA,230832.00,3727.306419,N,12217.137811,W,7,,0.38,123.40,M,0.0,M,0.0,0000*63
$GPRMC,230832.00,A,3727.306419,N,12217.137811,W,058.1,309.5,290520,,,A*49
$GPGGA,230833.00,3727.317022,N,12217.154006,W,7,,0.38,122.77,M,0.0,M,0.0,0000*60
$GPRMC,230833.00,A,3727.317022,N,12217.154006,W,058.5,309.5,290520,,,A*4B
$GPGGA,230834.00,3727.327384,N,12217.169785,W,7,,0.38,122.05,M,0.0,M,0.0,0000*6C
$GPRMC,230834.00,A,3727.327384,N,12217.169785,W,058.9,309.5,290520,,,A*4E
$GPGGA,230835.00,3727.337583,N,12217.185235,W,7,,0.38,121.35,M,0.0,M,0.0,0000*61
$GPRMC,230835.00,A,3727.337583,N,12217.185235,W,059.2,309.6,290520,,,A*4A
$GPGGA,230836.00,3727.348443,N,12217.201609,W,7,,0.38,120.36,M,0.0,M,0.0,0000*61
$GPRMC,230836.00,A,3727.348443,N,12217.201609,W,059.5,309.7,290520,,,A*4E
$GPGGA,230837.00,3727.359124,N,12217.217492,W,7,,0.38,119.50,M,0.0,M,0.0,0000*69
$GPRMC,230837.00,A,3727.359124,N,12217.217492,W,059.7,310.5,290520,,,A*44
$GPGGA,230838.00,3727.370104,N,12217.233044,W,7,,0.38,119.04,M,0.0,M,0.0,0000*67
$GPRMC,230838.00,A,3727.370104,N,12217.233044,W,059.5,312.3,290520,,,A*4D
$GPGGA,230839.00,3727.381114,N,12217.247713,W,7,,0.38,118.59,M,0.0,M,0.0,0000*66
$GPRMC,230839.00,A,3727.381114,N,12217.247713,W,059.0,314.3,290520,,,A*46
$GPGGA,230840.00,3727.392597,N,12217.262198,W,7,,0.38,118.32,M,0.0,M,0.0,0000*6A
$GPRMC,230840.00,A,3727.392597,N,12217.262198,W,058.3,315.5,290520,,,A*42
$GPGGA,230841.00,3727.404616,N,12217.276525,W,7,,0.38,118.08,M,0.0,M,0.0,0000*67
$GPRMC,230841.00,A,3727.404616,N,12217.276525,W,057.4,317.1,290520,,,A*48
$GPGGA,230842.00,3727.416574,N,12217.289756,W,7,,0.38,118.08,M,0.0,M,0.0,0000*66
$GPRMC,230842.00,A,3727.416574,N,12217.289756,W,056.5,319.6,290520,,,A*40
$GPGGA,230843.00,3727.428292,N,12217.301731,W,7,,0.38,118.20,M,0.0,M,0.0,0000*6F
$GPRMC,230843.00,A,3727.428292,N,12217.301731,W,056.0,321.6,290520,,,A*4D
$GPGGA,230844.00,3727.440940,N,12217.313918,W,7,,0.38,118.37,M,0.0,M,0.0,0000*62
$GPRMC,230844.00,A,3727.440940,N,12217.313918,W,055.7,323.1,290520,,,A*47
$GPGGA,230845.00,3727.453570,N,12217.325371,W,7,,0.38,118.64,M,0.0,M,0.0,0000*68
$GPRMC,230845.00,A,3727.453570,N,12217.325371,W,055.7,324.8,290520,,,A*45
$GPGGA,230846.00,3727.466344,N,12217.336255,W,7,,0.38,119.05,M,0.0,M,0.0,0000*6F
$GPRMC,230846.00,A,3727.466344,N,12217.336255,W,055.6,326.7,290520,,,A*48
$GPGGA,230847.00,3727.479417,N,12217.346497,W,7,,0.38,119.54,M,0.0,M,0.0,0000*6A
$GPRMC,230847.00,A,3727.479417,N,12217.346497,W,055.5,328.7,290520,,,A*44
$GPGGA,230848.00,3727.492306,N,12217.355857,W,7,,0.38,120.04,M,0.0,M,0.0,0000*6A
$GPRMC,230848.00,A,3727.492306,N,12217.355857,W,055.4,330.8,290520,,,A*4C
$GPGGA,230849.00,3727.506453,N,12217.365223,W,7,,0.38,120.69,M,0.0,M,0.0,0000*61
$GPRMC,230849.00,A,3727.506453,N,12217.365223,W,055.4,333.0,290520,,,A*47
$GPGGA,230850.00,3727.520260,N,12217.373623,W,7,,0.38,121.16,M,0.0,M,0.0,0000*61
$GPRMC,230850.00,A,3727.520260,N,12217.373623,W,055.4,334.9,290520,,,A*40
$GPGGA,230851.00,3727.533856,N,12217.381262,W,7,,0.38,121.72,M,0.0,M,0.0,0000*63
$GPRMC,230851.00,A,3727.533856,N,12217.381262,W,055.3,336.7,290520,,,A*4B
$GPGGA,230852.00,3727.548441,N,12217.388809,W,7,,0.38,122.31,M,0.0,M,0.0,0000*6C
$GPRMC,230852.00,A,3727.548441,N,12217.388809,W,055.2,338.2,290520,,,A*4A
$GPGGA,230853.00,3727.562733,N,12217.395673,W,7,,0.38,122.84,M,0.0,M,0.0,0000*62
$GPRMC,230853.00,A,3727.562733,N,12217.395673,W,055.1,339.6,290520,,,A*4C
$GPGGA,230854.00,3727.577289,N,12217.402142,W,7,,0.38,123.44,M,0.0,M,0.0,0000*64
$GPRMC,230854.00,A,3727.577289,N,12217.402142,W,055.0,341.1,290520,,,A*4E
$GPGGA,230855.00,3727.591263,N,12217.407835,W,7,,0.38,123.96,M,0.0,M,0.0,0000*6A
$GPRMC,230855.00,A,3727.591263,N,12217.407835,W,054.8,342.7,290520,,,A*43
$GPGGA,230856.00,3727.605772,N,12217.413205,W,7,,0.38,124.58,M,0.0,M,0.0,0000*6B
$GPRMC,230856.00,A,3727.605772,N,12217.413205,W,054.6,344.3,290520,,,A*4B
$GPGGA,230857.00,3727.621060,N,12217.418077,W,7,,0.38,125.32,M,0.0,M,0.0,0000*69
$GPRMC,230857.00,A,3727.621060,N,12217.418077,W,054.6,346.6,290520,,,A*43
$GPGGA,230858.00,3727.635807,N,12217.422055,W,7,,0.38,125.83,M,0.0,M,0.0,0000*69
$GPRMC,230858.00,A,3727.635807,N,12217.422055,W,054.4,348.7,290520,,,A*44
$GPGGA,230859.00,3727.650183,N,12217.425301,W,7,,0.38,126.38,M,0.0,M,0.0,0000*68
$GPRMC,230859.00,A,3727.650183,N,12217.425301,W,054.3,350.7,290520,,,A*48
$GPGGA,230900.00,3727.665604,N,12217.428289,W,7,,0.38,126.91,M,0.0,M,0.0,0000*64
$GPRMC,230900.00,A,3727.665604,N,12217.428289,W,054.4,352.1,290520,,,A*44
$GPGGA,230901.00,3727.680645,N,12217.430587,W,7,,0.38,127.55,M,0.0,M,0.0,0000*62
$GPRMC,230901.00,A,3727.680645,N,12217.430587,W,054.2,353.9,290520,,,A*44
$GPGGA,230902.00,3727.695514,N,12217.432262,W,7,,0.38,128.32,M,0.0,M,0.0,0000*62
$GPRMC,230902.00,A,3727.695514,N,12217.432262,W,054.0,355.7,290520,,,A*40
$GPGGA,230903.00,3727.710483,N,12217.433329,W,7,,0.38,129.00,M,0.0,M,0.0,0000*6F
$GPRMC,230903.00,A,3727.710483,N,12217.433329,W,054.0,357.3,290520,,,A*4B
$GPGGA,230904.00,3727.725100,N,12217.434014,W,7,,0.38,129.70,M,0.0,M,0.0,0000*6D
$GPRMC,230904.00,A,3727.725100,N,12217.434014,W,054.0,358.0,290520,,,A*42
$GPGGA,230905.00,3727.740555,N,12217.434530,W,7,,0.38,130.33,M,0.0,M,0.0,0000*67
$GPRMC,230905.00,A,3727.740555,N,12217.434530,W,053.9,358.3,290520,,,A*4A
$GPGGA,230906.00,3727.755501,N,12217.435046,W,7,,0.38,130.98,M,0.0,M,0.0,0000*65
$GPRMC,230906.00,A,3727.755501,N,12217.435046,W,053.9,358.4,290520,,,A*4E
$GPGGA,230907.00,3727.770370,N,12217.435466,W,7,,0.38,131.57,M,0.0,M,0.0,0000*67
$GPRMC,230907.00,A,3727.770370,N,12217.435466,W,053.8,358.5,290520,,,A*4E
$GPGGA,230908.00,3727.785417,N,12217.435922,W,7,,0.38,131.92,M,0.0,M,0.0,0000*60
$GPRMC,230908.00,A,3727.785417,N,12217.435922,W,053.6,358.5,290520,,,A*4E
$GPGGA,230909.00,3727.800273,N,12217.436366,W,7,,0.38,132.57,M,0.0,M,0.0,0000*64
$GPRMC,230909.00,A,3727.800273,N,12217.436366,W,053.5,358.5,290520,,,A*43
$GPGGA,230910.00,3727.815117,N,12217.436863,W,7,,0.38,133.17,M,0.0,M,0.0,0000*62
$GPRMC,230910.00,A,3727.815117,N,12217.436863,W,053.4,358.4,290520,,,A*40
$GPGGA,230911.00,3727.829535,N,12217.437505,W,7,,0.38,133.89,M,0.0,M,0.0,0000*63
$GPRMC,230911.00,A,3727.829535,N,12217.437505,W,053.2,357.7,290520,,,A*4C
$GPGGA,230912.00,3727.844290,N,12217.438364,W,7,,0.38,134.45,M,0.0,M,0.0,0000*6A
$GPRMC,230912.00,A,3727.844290,N,12217.438364,W,053.2,357.1,290520,,,A*44
$GPGGA,230913.00,3727.859530,N,12217.439521,W,7,,0.38,134.86,M,0.0,M,0.0,0000*63
$GPRMC,230913.00,A,3727.859530,N,12217.439521,W,053.3,356.3,290520,,,A*40
$GPGGA,230914.00,3727.874314,N,12217.440908,W,7,,0.38,135.19,M,0.0,M,0.0,0000*65
$GPRMC,230914.00,A,3727.874314,N,12217.440908,W,053.4,355.4,290520,,,A*42
$GPGGA,230915.00,3727.888720,N,12217.442744,W,7,,0.38,135.48,M,0.0,M,0.0,0000*64
$GPRMC,230915.00,A,3727.888720,N,12217.442744,W,053.6,353.6,290520,,,A*41
$GPGGA,230916.00,3727.903900,N,12217.445198,W,7,,0.38,135.57,M,0.0,M,0.0,0000*67
$GPRMC,230916.00,A,3727.903900,N,12217.445198,W,053.5,352.1,290520,,,A*49
$GPGGA,230917.00,3727.918528,N,12217.448060,W,7,,0.38,135.77,M,0.0,M,0.0,0000*63
$GPRMC,230917.00,A,3727.918528,N,12217.448060,W,053.5,350.8,290520,,,A*44
$GPGGA,230918.00,3727.933270,N,12217.451330,W,7,,0.38,135.97,M,0.0,M,0.0,0000*6F
$GPRMC,230918.00,A,3727.933270,N,12217.451330,W,053.4,349.5,290520,,,A*42
$GPGGA,230919.00,3727.947327,N,12217.454768,W,7,,0.38,136.22,M,0.0,M,0.0,0000*6F
$GPRMC,230919.00,A,3727.947327,N,12217.454768,W,053.3,348.4,290520,,,A*48
$GPGGA,230920.00,3727.961824,N,12217.458619,W,7,,0.38,136.47,M,0.0,M,0.0,0000*61
$GPRMC,230920.00,A,3727.961824,N,12217.458619,W,053.5,347.5,290520,,,A*4D
$GPGGA,230921.00,3727.976794,N,12217.463084,W,7,,0.38,136.78,M,0.0,M,0.0,0000*64
$GPRMC,230921.00,A,3727.976794,N,12217.463084,W,053.6,346.1,290520,,,A*42
$GPGGA,230922.00,3727.991325,N,12217.467799,W,7,,0.38,137.09,M,0.0,M,0.0,0000*68
$GPRMC,230922.00,A,3727.991325,N,12217.467799,W,053.8,344.7,290520,,,A*43
$GPGGA,230923.00,3728.005221,N,12217.472876,W,7,,0.38,137.25,M,0.0,M,0.0,0000*63
$GPRMC,230923.00,A,3728.005221,N,12217.472876,W,054.0,343.2,290520,,,A*4B
$GPGGA,230924.00,3728.020005,N,12217.478834,W,7,,0.38,137.62,M,0.0,M,0.0,0000*68
$GPRMC,230924.00,A,3728.020005,N,12217.478834,W,054.3,341.7,290520,,,A*47
$GPGGA,230925.00,3728.034441,N,12217.485103,W,7,,0.38,137.89,M,0.0,M,0.0,0000*62
$GPRMC,230925.00,A,3728.034441,N,12217.485103,W,054.6,340.7,290520,,,A*4C
$GPGGA,230926.00,3728.048662,N,12217.491704,W,7,,0.38,138.07,M,0.0,M,0.0,0000*64
$GPRMC,230926.00,A,3728.048662,N,12217.491704,W,054.8,339.1,290520,,,A*45
$GPGGA,230927.00,3728.062810,N,12217.498868,W,7,,0.38,138.37,M,0.0,M,0.0,0000*69
$GPRMC,230927.00,A,3728.062810,N,12217.498868,W,055.0,337.6,290520,,,A*4B
$GPGGA,230928.00,3728.076526,N,12217.506266,W,7,,0.38,138.01,M,0.0,M,0.0,0000*6C
$GPRMC,230928.00,A,3728.076526,N,12217.506266,W,055.0,336.1,290520,,,A*4D
$GPGGA,230929.00,3728.090866,N,12217.514563,W,7,,0.38,138.53,M,0.0,M,0.0,0000*6A
$GPRMC,230929.00,A,3728.090866,N,12217.514563,W,055.2,334.9,290520,,,A*44
$GPGGA,230930.00,3728.104635,N,12217.522921,W,7,,0.38,138.81,M,0.0,M,0.0,0000*66
$GPRMC,230930.00,A,3728.104635,N,12217.522921,W,055.2,333.8,290520,,,A*41
$GPGGA,230931.00,3728.118345,N,12217.531658,W,7,,0.38,139.07,M,0.0,M,0.0,0000*64
$GPRMC,230931.00,A,3728.118345,N,12217.531658,W,055.4,332.8,290520,,,A*4B
$GPGGA,230932.00,3728.132044,N,12217.540892,W,7,,0.38,139.49,M,0.0,M,0.0,0000*69
$GPRMC,230932.00,A,3728.132044,N,12217.540892,W,055.4,331.3,290520,,,A*44
$GPGGA,230933.00,3728.145417,N,12217.550516,W,7,,0.38,139.66,M,0.0,M,0.0,0000*67
$GPRMC,230933.00,A,3728.145417,N,12217.550516,W,055.5,329.7,290520,,,A*4B
$GPGGA,230934.00,3728.158654,N,12217.560554,W,7,,0.38,139.88,M,0.0,M,0.0,0000*6C
$GPRMC,230934.00,A,3728.158654,N,12217.560554,W,055.7,328.3,290520,,,A*47
$GPGGA,230935.00,3728.171482,N,12217.570724,W,7,,0.38,140.13,M,0.0,M,0.0,0000*67
$GPRMC,230935.00,A,3728.171482,N,12217.570724,W,055.9,327.4,290520,,,A*46
$GPGGA,230936.00,3728.184430,N,12217.581524,W,7,,0.38,139.89,M,0.0,M,0.0,0000*66
$GPRMC,230936.00,A,3728.184430,N,12217.581524,W,056.2,325.8,290520,,,A*4C
$GPGGA,230937.00,3728.197636,N,12217.593116,W,7,,0.38,140.32,M,0.0,M,0.0,0000*69
$GPRMC,230937.00,A,3728.197636,N,12217.593116,W,056.4,324.5,290520,,,A*47
$GPGGA,230938.00,3728.210128,N,12217.604774,W,7,,0.38,140.75,M,0.0,M,0.0,0000*6E
$GPRMC,230938.00,A,3728.210128,N,12217.604774,W,056.4,322.8,290520,,,A*48
$GPGGA,230939.00,3728.222230,N,12217.616540,W,7,,0.38,141.25,M,0.0,M,0.0,0000*66
$GPRMC,230939.00,A,3728.222230,N,12217.616540,W,056.3,321.8,290520,,,A*40
$GPGGA,230940.00,3728.234799,N,12217.629199,W,7,,0.38,141.79,M,0.0,M,0.0,0000*6C
$GPRMC,230940.00,A,3728.234799,N,12217.629199,W,056.4,321.0,290520,,,A*4C
$GPGGA,230941.00,3728.246968,N,12217.641602,W,7,,0.38,142.09,M,0.0,M,0.0,0000*67
$GPRMC,230941.00,A,3728.246968,N,12217.641602,W,056.4,321.0,290520,,,A*43
$GPGGA,230942.00,3728.259249,N,12217.654028,W,7,,0.38,142.58,M,0.0,M,0.0,0000*6C
$GPRMC,230942.00,A,3728.259249,N,12217.654028,W,056.4,321.6,290520,,,A*4A
$GPGGA,230943.00,3728.271033,N,12217.665860,W,7,,0.38,143.20,M,0.0,M,0.0,0000*60
$GPRMC,230943.00,A,3728.271033,N,12217.665860,W,056.3,321.6,290520,,,A*4F
$GPGGA,230944.00,3728.283249,N,12217.677985,W,7,,0.38,144.01,M,0.0,M,0.0,0000*68
$GPRMC,230944.00,A,3728.283249,N,12217.677985,W,056.1,321.5,290520,,,A*42
$GPGGA,230945.00,3728.295886,N,12217.690652,W,7,,0.38,144.87,M,0.0,M,0.0,0000*65
$GPRMC,230945.00,A,3728.295886,N,12217.690652,W,055.9,321.2,290520,,,A*4D
$GPGGA,230946.00,3728.307928,N,12217.702819,W,7,,0.38,145.76,M,0.0,M,0.0,0000*6D
$GPRMC,230946.00,A,3728.307928,N,12217.702819,W,055.7,321.2,290520,,,A*44
$GPGGA,230947.00,3728.319922,N,12217.714976,W,7,,0.38,146.73,M,0.0,M,0.0,0000*60
$GPRMC,230947.00,A,3728.319922,N,12217.714976,W,055.5,320.9,290520,,,A*47
$GPGGA,230948.00,3728.331928,N,12217.727072,W,7,,0.38,147.60,M,0.0,M,0.0,0000*61
$GPRMC,230948.00,A,3728.331928,N,12217.727072,W,055.5,321.4,290520,,,A*49
$GPGGA,230949.00,3728.344017,N,12217.739197,W,7,,0.38,148.44,M,0.0,M,0.0,0000*6B
$GPRMC,230949.00,A,3728.344017,N,12217.739197,W,055.3,321.4,290520,,,A*4C
$GPGGA,230950.00,3728.355964,N,12217.751240,W,7,,0.38,149.42,M,0.0,M,0.0,0000*6E
$GPRMC,230950.00,A,3728.355964,N,12217.751240,W,055.1,321.2,290520,,,A*4A
$GPGGA,230951.00,3728.367855,N,12217.763257,W,7,,0.38,150.35,M,0.0,M,0.0,0000*62
$GPRMC,230951.00,A,3728.367855,N,12217.763257,W,055.0,321.0,290520,,,A*4D
$GPGGA,230952.00,3728.379424,N,12217.775005,W,7,,0.38,151.26,M,0.0,M,0.0,0000*65
$GPRMC,230952.00,A,3728.379424,N,12217.775005,W,054.9,321.0,290520,,,A*41
$GPGGA,230953.00,3728.391586,N,12217.787395,W,7,,0.38,152.18,M,0.0,M,0.0,0000*62
$GPRMC,230953.00,A,3728.391586,N,12217.787395,W,054.7,320.9,290520,,,A*4E
$GPGGA,230954.00,3728.403339,N,12217.799245,W,7,,0.38,153.09,M,0.0,M,0.0,0000*69
$GPRMC,230954.00,A,3728.403339,N,12217.799245,W,054.3,321.4,290520,,,A*4C
$GPGGA,230955.00,3728.415112,N,12217.810946,W,7,,0.38,153.85,M,0.0,M,0.0,0000*66
$GPRMC,230955.00,A,3728.415112,N,12217.810946,W,054.1,321.9,290520,,,A*48
$GPGGA,230956.00,3728.427106,N,12217.822508,W,7,,0.38,154.44,M,0.0,M,0.0,0000*6C
$GPRMC,230956.00,A,3728.427106,N,12217.822508,W,054.1,323.0,290520,,,A*43
$GPGGA,230957.00,3728.439201,N,12217.833578,W,7,,0.38,155.30,M,0.0,M,0.0,0000*63
$GPRMC,230957.00,A,3728.439201,N,12217.833578,W,053.9,324.6,290520,,,A*40
$GPGGA,230958.00,3728.451507,N,12217.844210,W,7,,0.38,156.10,M,0.0,M,0.0,0000*6B
$GPRMC,230958.00,A,3728.451507,N,12217.844210,W,053.8,326.3,290520,,,A*4F
$GPGGA,230959.00,3728.463784,N,12217.854104,W,7,,0.38,157.02,M,0.0,M,0.0,0000*67
$GPRMC,230959.00,A,3728.463784,N,12217.854104,W,053.7,328.0,290520,,,A*43
$GPGGA,231000.00,3728.476516,N,12217.863763,W,7,,0.38,157.90,M,0.0,M,0.0,0000*66
$GPRMC,231000.00,A,3728.476516,N,12217.863763,W,053.6,329.5,290520,,,A*4C
$GPGGA,231001.00,3728.489811,N,12217.873285,W,7,,0.38,158.78,M,0.0,M,0.0,0000*68
$GPRMC,231001.00,A,3728.489811,N,12217.873285,W,053.5,331.1,290520,,,A*45
$GPGGA,231002.00,3728.502922,N,12217.882040,W,7,,0.38,159.56,M,0.0,M,0.0,0000*60
$GPRMC,231002.00,A,3728.502922,N,12217.882040,W,053.4,332.7,290520,,,A*44
$GPGGA,231003.00,3728.515929,N,12217.890085,W,7,,0.38,160.36,M,0.0,M,0.0,0000*6A
$GPRMC,231003.00,A,3728.515929,N,12217.890085,W,053.4,334.7,290520,,,A*44
$GPGGA,231004.00,3728.529874,N,12217.897976,W,7,,0.38,161.25,M,0.0,M,0.0,0000*6A
$GPRMC,231004.00,A,3728.529874,N,12217.897976,W,053.4,336.7,290520,,,A*45
$GPGGA,231005.00,3728.543596,N,12217.904995,W,7,,0.38,162.01,M,0.0,M,0.0,0000*65
$GPRMC,231005.00,A,3728.543596,N,12217.904995,W,053.4,338.6,290520,,,A*40
$GPGGA,231006.00,3728.557593,N,12217.911529,W,7,,0.38,162.72,M,0.0,M,0.0,0000*6D
$GPRMC,231006.00,A,3728.557593,N,12217.911529,W,053.3,340.2,290520,,,A*40
$GPGGA,231007.00,3728.571159,N,12217.917314,W,7,,0.38,163.21,M,0.0,M,0.0,0000*63
$GPRMC,231007.00,A,3728.571159,N,12217.917314,W,053.4,341.9,290520,,,A*44
$GPGGA,231008.00,3728.585338,N,12217.922773,W,7,,0.38,163.73,M,0.0,M,0.0,0000*66
$GPRMC,231008.00,A,3728.585338,N,12217.922773,W,053.5,343.6,290520,,,A*4A
$GPGGA,231009.00,3728.600248,N,12217.928029,W,7,,0.38,164.28,M,0.0,M,0.0,0000*64
$GPRMC,231009.00,A,3728.600248,N,12217.928029,W,053.7,344.9,290520,,,A*4B
$GPGGA,231010.00,3728.614635,N,12217.932620,W,7,,0.38,164.68,M,0.0,M,0.0,0000*67
$GPRMC,231010.00,A,3728.614635,N,12217.932620,W,053.7,346.2,290520,,,A*45
$GPGGA,231011.00,3728.629180,N,12217.936670,W,7,,0.38,165.16,M,0.0,M,0.0,0000*68
$GPRMC,231011.00,A,3728.629180,N,12217.936670,W,053.7,348.2,290520,,,A*4C
$GPGGA,231012.00,3728.643886,N,12217.940060,W,7,,0.38,165.47,M,0.0,M,0.0,0000*6A
$GPRMC,231012.00,A,3728.643886,N,12217.940060,W,053.9,350.4,290520,,,A*4B
$GPGGA,231013.00,3728.658772,N,12217.942825,W,7,,0.38,165.74,M,0.0,M,0.0,0000*6E
$GPRMC,231013.00,A,3728.658772,N,12217.942825,W,053.7,352.2,290520,,,A*45
$GPGGA,231014.00,3728.673436,N,12217.944956,W,7,,0.38,166.03,M,0.0,M,0.0,0000*63
$GPRMC,231014.00,A,3728.673436,N,12217.944956,W,053.1,354.2,290520,,,A*4B
$GPGGA,231015.00,3728.688087,N,12217.946510,W,7,,0.38,166.14,M,0.0,M,0.0,0000*62
$GPRMC,231015.00,A,3728.688087,N,12217.946510,W,052.8,355.8,290520,,,A*4F
$GPGGA,231016.00,3728.702307,N,12217.947481,W,7,,0.38,166.33,M,0.0,M,0.0,0000*64
$GPRMC,231016.00,A,3728.702307,N,12217.947481,W,052.4,357.5,290520,,,A*4F
$GPGGA,231017.00,3728.717229,N,12217.947932,W,7,,0.38,166.48,M,0.0,M,0.0,0000*65
$GPRMC,231017.00,A,3728.717229,N,12217.947932,W,052.0,359.1,290520,,,A*4C
$GPGGA,231018.00,3728.731588,N,12217.947811,W,7,,0.38,166.71,M,0.0,M,0.0,0000*68
$GPRMC,231018.00,A,3728.731588,N,12217.947811,W,051.5,000.9,290520,,,A*4A
$GPGGA,231019.00,3728.745837,N,12217.947224,W,7,,0.38,166.92,M,0.0,M,0.0,0000*62
$GPRMC,231019.00,A,3728.745837,N,12217.947224,W,051.3,002.5,290520,,,A*45
$GPGGA,231020.00,3728.760057,N,12217.946120,W,7,,0.38,167.02,M,0.0,M,0.0,0000*6F
$GPRMC,231020.00,A,3728.760057,N,12217.946120,W,050.8,004.2,290520,,,A*4B
$GPGGA,231021.00,3728.774056,N,12217.944547,W,7,,0.38,167.26,M,0.0,M,0.0,0000*6B
$GPRMC,231021.00,A,3728.774056,N,12217.944547,W,050.4,005.7,290520,,,A*41
$GPGGA,231022.00,3728.787844,N,12217.942544,W,7,,0.38,167.55,M,0.0,M,0.0,0000*6E
$GPRMC,231022.00,A,3728.787844,N,12217.942544,W,049.7,007.1,290520,,,A*4F
$GPGGA,231023.00,3728.801086,N,12217.940360,W,7,,0.38,167.82,M,0.0,M,0.0,0000*60
$GPRMC,231023.00,A,3728.801086,N,12217.940360,W,048.9,007.3,290520,,,A*46
$GPGGA,231024.00,3728.814514,N,12217.938182,W,7,,0.38,168.11,M,0.0,M,0.0,0000*69
$GPRMC,231024.00,A,3728.814514,N,12217.938182,W,048.7,007.0,290520,,,A*47
$GPGGA,231025.00,3728.828404,N,12217.935901,W,7,,0.38,168.31,M,0.0,M,0.0,0000*6B
$GPRMC,231025.00,A,3728.828404,N,12217.935901,W,049.0,007.3,290520,,,A*42
$GPGGA,231026.00,3728.842041,N,12217.933663,W,7,,0.38,168.50,M,0.0,M,0.0,0000*6B
$GPRMC,231026.00,A,3728.842041,N,12217.933663,W,049.2,007.5,290520,,,A*41
$GPGGA,231027.00,3728.855140,N,12217.931444,W,7,,0.38,168.64,M,0.0,M,0.0,0000*6E
$GPRMC,231027.00,A,3728.855140,N,12217.931444,W,049.2,007.7,290520,,,A*41
$GPGGA,231028.00,3728.869084,N,12217.929056,W,7,,0.38,168.81,M,0.0,M,0.0,0000*62
$GPRMC,231028.00,A,3728.869084,N,12217.929056,W,049.0,007.7,290520,,,A*44
$GPGGA,231029.00,3728.882476,N,12217.926836,W,7,,0.38,168.92,M,0.0,M,0.0,0000*6C
$GPRMC,231029.00,A,3728.882476,N,12217.926836,W,048.6,006.9,290520,,,A*40
$GPGGA,231030.00,3728.895873,N,12217.924711,W,7,,0.38,169.09,M,0.0,M,0.0,0000*60
$GPRMC,231030.00,A,3728.895873,N,12217.924711,W,047.9,007.1,290520,,,A*46
$GPGGA,231031.00,3728.908924,N,12217.922714,W,7,,0.38,169.23,M,0.0,M,0.0,0000*6C
$GPRMC,231031.00,A,3728.908924,N,12217.922714,W,047.1,006.9,290520,,,A*43
$GPGGA,231032.00,3728.921385,N,12217.920781,W,7,,0.38,169.44,M,0.0,M,0.0,0000*6A
$GPRMC,231032.00,A,3728.921385,N,12217.920781,W,046.4,007.0,290520,,,A*48
$GPGGA,231033.00,3728.934621,N,12217.918639,W,7,,0.38,169.59,M,0.0,M,0.0,0000*61
$GPRMC,231033.00,A,3728.934621,N,12217.918639,W,045.9,007.4,290520,,,A*45
$GPGGA,231034.00,3728.947245,N,12217.916522,W,7,,0.38,169.73,M,0.0,M,0.0,0000*6B
$GPRMC,231034.00,A,3728.947245,N,12217.916522,W,045.8,007.9,290520,,,A*4B
$GPGGA,231035.00,3728.959899,N,12217.914380,W,7,,0.38,170.01,M,0.0,M,0.0,0000*6F
$GPRMC,231035.00,A,3728.959899,N,12217.914380,W,046.0,007.7,290520,,,A*47
$GPGGA,231036.00,3728.972548,N,12217.912273,W,7,,0.38,170.16,M,0.0,M,0.0,0000*69
$GPRMC,231036.00,A,3728.972548,N,12217.912273,W,046.0,007.6,290520,,,A*46
$GPGGA,231037.00,3728.985352,N,12217.910162,W,7,,0.38,170.25,M,0.0,M,0.0,0000*6C
$GPRMC,231037.00,A,3728.985352,N,12217.910162,W,046.2,007.5,290520,,,A*42
$GPGGA,231038.00,3728.998114,N,12217.908092,W,7,,0.38,170.47,M,0.0,M,0.0,0000*6C
$GPRMC,231038.00,A,3728.998114,N,12217.908092,W,046.4,007.4,290520,,,A*41
$GPGGA,231039.00,3729.010954,N,12217.905943,W,7,,0.38,170.56,M,0.0,M,0.0,0000*61
$GPRMC,231039.00,A,3729.010954,N,12217.905943,W,046.7,007.6,290520,,,A*4D
$GPGGA,231040.00,3729.023529,N,12217.903831,W,7,,0.38,170.70,M,0.0,M,0.0,0000*6F
$GPRMC,231040.00,A,3729.023529,N,12217.903831,W,046.8,007.8,290520,,,A*46
$GPGGA,231041.00,3729.036784,N,12217.901605,W,7,,0.38,170.87,M,0.0,M,0.0,0000*6C
$GPRMC,231041.00,A,3729.036784,N,12217.901605,W,046.6,007.6,290520,,,A*4D
$GPGGA,231042.00,3729.049581,N,12217.899476,W,7,,0.38,171.04,M,0.0,M,0.0,0000*6C
$GPRMC,231042.00,A,3729.049581,N,12217.899476,W,046.4,007.6,290520,,,A*45
$GPGGA,231043.00,3729.062032,N,12217.897411,W,7,,0.38,171.20,M,0.0,M,0.0,0000*60
$GPRMC,231043.00,A,3729.062032,N,12217.897411,W,046.1,007.5,290520,,,A*49
$GPGGA,231044.00,3729.075136,N,12217.895269,W,7,,0.38,171.42,M,0.0,M,0.0,0000*6B
$GPRMC,231044.00,A,3729.075136,N,12217.895269,W,046.0,007.4,290520,,,A*46
$GPGGA,231045.00,3729.087796,N,12217.893212,W,7,,0.38,171.65,M,0.0,M,0.0,0000*64
$GPRMC,231045.00,A,3729.087796,N,12217.893212,W,045.9,007.5,290520,,,A*47
$GPGGA,231046.00,3729.100431,N,12217.891165,W,7,,0.38,171.77,M,0.0,M,0.0,0000*65
$GPRMC,231046.00,A,3729.100431,N,12217.891165,W,045.8,007.4,290520,,,A*45
$GPGGA,231047.00,3729.112731,N,12217.889276,W,7,,0.38,172.14,M,0.0,M,0.0,0000*6A
$GPRMC,231047.00,A,3729.112731,N,12217.889276,W,045.6,007.0,290520,,,A*46
$GPGGA,231048.00,3729.125290,N,12217.887368,W,7,,0.38,172.51,M,0.0,M,0.0,0000*6E
$GPRMC,231048.00,A,3729.125290,N,12217.887368,W,045.5,007.2,290520,,,A*42
$GPGGA,231049.00,3729.138231,N,12217.885435,W,7,,0.38,172.99,M,0.0,M,0.0,0000*61
$GPRMC,231049.00,A,3729.138231,N,12217.885435,W,045.4,007.0,290520,,,A*4A
$GPGGA,231050.00,3729.150790,N,12217.883690,W,7,,0.38,173.30,M,0.0,M,0.0,0000*60
$GPRMC,231050.00,A,3729.150790,N,12217.883690,W,045.0,006.3,290520,,,A*4F
$GPGGA,231051.00,3729.162741,N,12217.882261,W,7,,0.38,173.46,M,0.0,M,0.0,0000*66
$GPRMC,231051.00,A,3729.162741,N,12217.882261,W,044.5,005.0,290520,,,A*4C
$GPGGA,231052.00,3729.175401,N,12217.881025,W,7,,0.38,173.63,M,0.0,M,0.0,0000*62
$GPRMC,231052.00,A,3729.175401,N,12217.881025,W,044.0,003.8,290520,,,A*44
$GPGGA,231053.00,3729.187479,N,12217.880258,W,7,,0.38,173.86,M,0.0,M,0.0,0000*63
$GPRMC,231053.00,A,3729.187479,N,12217.880258,W,043.4,002.3,290520,,,A*47
$GPGGA,231054.00,3729.199581,N,12217.879898,W,7,,0.38,174.04,M,0.0,M,0.0,0000*60
$GPRMC,231054.00,A,3729.199581,N,12217.879898,W,043.1,001.0,290520,,,A*4C
$GPGGA,231055.00,3729.211107,N,12217.879759,W,7,,0.38,174.03,M,0.0,M,0.0,0000*6D
$GPRMC,231055.00,A,3729.211107,N,12217.879759,W,042.7,000.2,290520,,,A*42
$GPGGA,231056.00,3729.222933,N,12217.879952,W,7,,0.38,174.26,M,0.0,M,0.0,0000*63
$GPRMC,231056.00,A,3729.222933,N,12217.879952,W,042.6,358.7,290520,,,A*41
$GPGGA,231057.00,3729.235233,N,12217.880570,W,7,,0.38,174.39,M,0.0,M,0.0,0000*6B
$GPRMC,231057.00,A,3729.235233,N,12217.880570,W,042.7,356.9,290520,,,A*46
$GPGGA,231058.00,3729.247047,N,12217.881710,W,7,,0.38,174.42,M,0.0,M,0.0,0000*69
$GPRMC,231058.00,A,3729.247047,N,12217.881710,W,042.8,354.8,290520,,,A*44
$GPGGA,231059.00,3729.258867,N,12217.883270,W,7,,0.38,174.56,M,0.0,M,0.0,0000*68
$GPRMC,231059.00,A,3729.258867,N,12217.883270,W,042.8,353.5,290520,,,A*4A
$GPGGA,231100.00,3729.270645,N,12217.885184,W,7,,0.38,174.64,M,0.0,M,0.0,0000*6E
$GPRMC,231100.00,A,3729.270645,N,12217.885184,W,043.0,352.3,290520,,,A*43
$GPGGA,231101.00,3729.282549,N,12217.887403,W,7,,0.38,174.78,M,0.0,M,0.0,0000*68
$GPRMC,231101.00,A,3729.282549,N,12217.887403,W,042.9,351.3,290520,,,A*43
$GPGGA,231102.00,3729.294244,N,12217.889780,W,7,,0.38,174.83,M,0.0,M,0.0,0000*64
$GPRMC,231102.00,A,3729.294244,N,12217.889780,W,042.6,350.4,290520,,,A*42
$GPGGA,231103.00,3729.305853,N,12217.892485,W,7,,0.38,175.01,M,0.0,M,0.0,0000*67
$GPRMC,231103.00,A,3729.305853,N,12217.892485,W,042.3,349.0,290520,,,A*43
$GPGGA,231104.00,3729.316966,N,12217.895413,W,7,,0.38,175.15,M,0.0,M,0.0,0000*68
$GPRMC,231104.00,A,3729.316966,N,12217.895413,W,041.7,347.4,290520,,,A*44
$GPGGA,231105.00,3729.328521,N,12217.898893,W,7,,0.38,175.20,M,0.0,M,0.0,0000*64
$GPRMC,231105.00,A,3729.328521,N,12217.898893,W,041.3,345.8,290520,,,A*44
$GPGGA,231106.00,3729.339531,N,12217.902578,W,7,,0.38,175.27,M,0.0,M,0.0,0000*6B
$GPRMC,231106.00,A,3729.339531,N,12217.902578,W,041.2,344.5,290520,,,A*41
$GPGGA,231107.00,3729.350331,N,12217.906501,W,7,,0.38,175.39,M,0.0,M,0.0,0000*66
$GPRMC,231107.00,A,3729.350331,N,12217.906501,W,041.5,343.6,290520,,,A*40
$GPGGA,231108.00,3729.361762,N,12217.910923,W,7,,0.38,175.63,M,0.0,M,0.0,0000*6D
$GPRMC,231108.00,A,3729.361762,N,12217.910923,W,041.8,342.7,290520,,,A*49
$GPGGA,231109.00,3729.372682,N,12217.915442,W,7,,0.38,175.93,M,0.0,M,0.0,0000*61
$GPRMC,231109.00,A,3729.372682,N,12217.915442,W,041.4,341.4,290520,,,A*46
$GPGGA,231110.00,3729.383440,N,12217.920187,W,7,,0.38,176.18,M,0.0,M,0.0,0000*61
$GPRMC,231110.00,A,3729.383440,N,12217.920187,W,041.0,340.3,290520,,,A*44
$GPGGA,231111.00,3729.393760,N,12217.925126,W,7,,0.38,176.46,M,0.0,M,0.0,0000*65
$GPRMC,231111.00,A,3729.393760,N,12217.925126,W,040.5,338.5,290520,,,A*46
$GPGGA,231112.00,3729.404097,N,12217.930471,W,7,,0.38,176.72,M,0.0,M,0.0,0000*64
$GPRMC,231112.00,A,3729.404097,N,12217.930471,W,040.3,336.9,290520,,,A*44
$GPGGA,231113.00,3729.414628,N,12217.936321,W,7,,0.38,176.92,M,0.0,M,0.0,0000*6C
$GPRMC,231113.00,A,3729.414628,N,12217.936321,W,040.3,335.8,290520,,,A*40
$GPGGA,231114.00,3729.424905,N,12217.942274,W,7,,0.38,177.13,M,0.0,M,0.0,0000*62
$GPRMC,231114.00,A,3729.424905,N,12217.942274,W,040.5,335.1,290520,,,A*49
$GPGGA,231115.00,3729.434715,N,12217.948130,W,7,,0.38,177.19,M,0.0,M,0.0,0000*6E
$GPRMC,231115.00,A,3729.434715,N,12217.948130,W,040.5,334.1,290520,,,A*4E
$GPGGA,231116.00,3729.445113,N,12217.954712,W,7,,0.38,177.38,M,0.0,M,0.0,0000*63
$GPRMC,231116.00,A,3729.445113,N,12217.954712,W,040.7,332.9,290520,,,A*4C
$GPGGA,231117.00,3729.455086,N,12217.961479,W,7,,0.38,177.52,M,0.0,M,0.0,0000*6A
$GPRMC,231117.00,A,3729.455086,N,12217.961479,W,040.6,331.0,290520,,,A*42
$GPGGA,231118.00,3729.464841,N,12217.968589,W,7,,0.38,177.66,M,0.0,M,0.0,0000*64
$GPRMC,231118.00,A,3729.464841,N,12217.968589,W,040.6,329.0,290520,,,A*42
$GPGGA,231119.00,3729.474160,N,12217.975801,W,7,,0.38,177.75,M,0.0,M,0.0,0000*6D
$GPRMC,231119.00,A,3729.474160,N,12217.975801,W,040.7,328.0,290520,,,A*49
$GPGGA,231120.00,3729.483688,N,12217.983451,W,7,,0.38,177.79,M,0.0,M,0.0,0000*62
$GPRMC,231120.00,A,3729.483688,N,12217.983451,W,040.7,327.1,290520,,,A*44
$GPGGA,231121.00,3729.493492,N,12217.991569,W,7,,0.38,177.81,M,0.0,M,0.0,0000*65
$GPRMC,231121.00,A,3729.493492,N,12217.991569,W,040.5,326.4,290520,,,A*42
$GPGGA,231122.00,3729.502804,N,12217.999513,W,7,,0.38,177.86,M,0.0,M,0.0,0000*6E
$GPRMC,231122.00,A,3729.502804,N,12217.999513,W,040.4,325.5,290520,,,A*4D
$GPGGA,231123.00,3729.511899,N,12218.007613,W,7,,0.38,177.85,M,0.0,M,0.0,0000*68
$GPRMC,231123.00,A,3729.511899,N,12218.007613,W,040.3,323.8,290520,,,A*44
$GPGGA,231124.00,3729.520839,N,12218.016187,W,7,,0.38,177.57,M,0.0,M,0.0,0000*62
$GPRMC,231124.00,A,3729.520839,N,12218.016187,W,040.1,321.8,290520,,,A*41
$GPGGA,231125.00,3729.529449,N,12218.024947,W,7,,0.38,177.58,M,0.0,M,0.0,0000*6B
$GPRMC,231125.00,A,3729.529449,N,12218.024947,W,040.0,320.3,290520,,,A*4C
$GPGGA,231126.00,3729.537885,N,12218.033953,W,7,,0.38,177.44,M,0.0,M,0.0,0000*65
$GPRMC,231126.00,A,3729.537885,N,12218.033953,W,040.0,319.2,290520,,,A*44
$GPGGA,231127.00,3729.546189,N,12218.043092,W,7,,0.38,177.35,M,0.0,M,0.0,0000*62
$GPRMC,231127.00,A,3729.546189,N,12218.043092,W,039.9,318.5,290520,,,A*44
$GPGGA,231128.00,3729.554248,N,12218.052242,W,7,,0.38,177.08,M,0.0,M,0.0,0000*61
$GPRMC,231128.00,A,3729.554248,N,12218.052242,W,040.2,317.5,290520,,,A*43
$GPGGA,231129.00,3729.562725,N,12218.062159,W,7,,0.38,176.78,M,0.0,M,0.0,0000*67
$GPRMC,231129.00,A,3729.562725,N,12218.062159,W,040.8,316.3,290520,,,A*4E
$GPGGA,231130.00,3729.570952,N,12218.072041,W,7,,0.38,176.55,M,0.0,M,0.0,0000*64
$GPRMC,231130.00,A,3729.570952,N,12218.072041,W,041.2,316.2,290520,,,A*48
$GPGGA,231131.00,3729.579027,N,12218.081840,W,7,,0.38,176.23,M,0.0,M,0.0,0000*63
$GPRMC,231131.00,A,3729.579027,N,12218.081840,W,041.7,315.2,290520,,,A*48
$GPGGA,231132.00,3729.587175,N,12218.092819,W,7,,0.38,175.98,M,0.0,M,0.0,0000*6A
$GPRMC,231132.00,A,3729.587175,N,12218.092819,W,042.0,311.0,290520,,,A*40
$GPGGA,231133.00,3729.594736,N,12218.103992,W,7,,0.38,175.68,M,0.0,M,0.0,0000*6C
$GPRMC,231133.00,A,3729.594736,N,12218.103992,W,042.4,309.3,290520,,,A*47
$GPGGA,231134.00,3729.602176,N,12218.115613,W,7,,0.38,175.15,M,0.0,M,0.0,0000*6E
$GPRMC,231134.00,A,3729.602176,N,12218.115613,W,043.1,308.4,290520,,,A*4D
$GPGGA,231135.00,3729.609453,N,12218.127307,W,7,,0.38,174.53,M,0.0,M,0.0,0000*64
$GPRMC,231135.00,A,3729.609453,N,12218.127307,W,044.0,307.5,290520,,,A*4C
$GPGGA,231136.00,3729.616876,N,12218.139734,W,7,,0.38,173.89,M,0.0,M,0.0,0000*69
$GPRMC,231136.00,A,3729.616876,N,12218.139734,W,045.0,306.1,290520,,,A*45
$GPGGA,231137.00,3729.624394,N,12218.153048,W,7,,0.38,173.17,M,0.0,M,0.0,0000*69
$GPRMC,231137.00,A,3729.624394,N,12218.153048,W,045.8,304.7,290520,,,A*4E
$GPGGA,231138.00,3729.631599,N,12218.166596,W,7,,0.38,172.55,M,0.0,M,0.0,0000*6E
$GPRMC,231138.00,A,3729.631599,N,12218.166596,W,046.7,302.9,290520,,,A*4A
$GPGGA,231139.00,3729.638487,N,12218.179976,W,7,,0.38,171.93,M,0.0,M,0.0,0000*6D
$GPRMC,231139.00,A,3729.638487,N,12218.179976,W,047.6,302.2,290520,,,A*4B
$GPGGA,231140.00,3729.645717,N,12218.194700,W,7,,0.38,171.16,M,0.0,M,0.0,0000*62
$GPRMC,231140.00,A,3729.645717,N,12218.194700,W,048.5,300.9,290520,,,A*4C
$GPGGA,231141.00,3729.652594,N,12218.209664,W,7,,0.38,170.36,M,0.0,M,0.0,0000*6B
$GPRMC,231141.00,A,3729.652594,N,12218.209664,W,049.5,299.1,290520,,,A*4E
$GPGGA,231142.00,3729.659211,N,12218.224999,W,7,,0.38,169.50,M,0.0,M,0.0,0000*63
$GPRMC,231142.00,A,3729.659211,N,12218.224999,W,050.4,297.6,290520,,,A*4E
$GPGGA,231143.00,3729.665440,N,12218.240342,W,7,,0.38,168.59,M,0.0,M,0.0,0000*69
$GPRMC,231143.00,A,3729.665440,N,12218.240342,W,051.3,296.1,290520,,,A*4C
$GPGGA,231144.00,3729.671661,N,12218.256662,W,7,,0.38,167.52,M,0.0,M,0.0,0000*6E
$GPRMC,231144.00,A,3729.671661,N,12218.256662,W,052.3,294.7,290520,,,A*48
$GPGGA,231145.00,3729.677757,N,12218.274080,W,7,,0.38,166.42,M,0.0,M,0.0,0000*67
$GPRMC,231145.00,A,3729.677757,N,12218.274080,W,053.5,292.8,290520,,,A*4F
$GPGGA,231146.00,3729.683403,N,12218.291558,W,7,,0.38,165.32,M,0.0,M,0.0,0000*62
$GPRMC,231146.00,A,3729.683403,N,12218.291558,W,054.5,291.2,290520,,,A*40
$GPGGA,231147.00,3729.688606,N,12218.309120,W,7,,0.38,164.31,M,0.0,M,0.0,0000*66
$GPRMC,231147.00,A,3729.688606,N,12218.309120,W,055.5,289.6,290520,,,A*4A
$GPGGA,231148.00,3729.693807,N,12218.328212,W,7,,0.38,163.02,M,0.0,M,0.0,0000*6A
$GPRMC,231148.00,A,3729.693807,N,12218.328212,W,056.5,288.1,290520,,,A*44
$GPGGA,231149.00,3729.698554,N,12218.347129,W,7,,0.38,161.61,M,0.0,M,0.0,0000*6E
$GPRMC,231149.00,A,3729.698554,N,12218.347129,W,057.3,286.8,290520,,,A*47
$GPGGA,231150.00,3729.703276,N,12218.366558,W,7,,0.38,160.26,M,0.0,M,0.0,0000*61
$GPRMC,231150.00,A,3729.703276,N,12218.366558,W,057.9,286.8,290520,,,A*40
$GPGGA,231151.00,3729.707889,N,12218.385883,W,7,,0.38,158.88,M,0.0,M,0.0,0000*67
$GPRMC,231151.00,A,3729.707889,N,12218.385883,W,058.0,286.5,290520,,,A*42
$GPGGA,231152.00,3729.712390,N,12218.404586,W,7,,0.38,157.61,M,0.0,M,0.0,0000*6D
$GPRMC,231152.00,A,3729.712390,N,12218.404586,W,057.8,287.0,290520,,,A*43
$GPGGA,231153.00,3729.717441,N,12218.424517,W,7,,0.38,155.98,M,0.0,M,0.0,0000*6C
$GPRMC,231153.00,A,3729.717441,N,12218.424517,W,057.5,287.9,290520,,,A*42
$GPGGA,231154.00,3729.722530,N,12218.443399,W,7,,0.38,154.57,M,0.0,M,0.0,0000*69
$GPRMC,231154.00,A,3729.722530,N,12218.443399,W,057.0,288.7,290520,,,A*41
$GPGGA,231155.00,3729.727600,N,12218.461478,W,7,,0.38,153.56,M,0.0,M,0.0,0000*63
$GPRMC,231155.00,A,3729.727600,N,12218.461478,W,056.6,288.8,290520,,,A*45
$GPGGA,231156.00,3729.732922,N,12218.480509,W,7,,0.38,152.63,M,0.0,M,0.0,0000*64
$GPRMC,231156.00,A,3729.732922,N,12218.480509,W,055.9,288.3,290520,,,A*42
$GPGGA,231157.00,3729.737805,N,12218.499109,W,7,,0.38,151.53,M,0.0,M,0.0,0000*68
$GPRMC,231157.00,A,3729.737805,N,12218.499109,W,055.5,287.8,290520,,,A*46
$GPGGA,231158.00,3729.742450,N,12218.517565,W,7,,0.38,150.59,M,0.0,M,0.0,0000*6B
$GPRMC,231158.00,A,3729.742450,N,12218.517565,W,055.5,287.1,290520,,,A*47
$GPGGA,231159.00,3729.746949,N,12218.535991,W,7,,0.38,149.50,M,0.0,M,0.0,0000*6D
$GPRMC,231159.00,A,3729.746949,N,12218.535991,W,055.5,286.9,290520,,,A*49
$GPGGA,231200.00,3729.751293,N,12218.554052,W,7,,0.38,148.42,M,0.0,M,0.0,0000*6B
$GPRMC,231200.00,A,3729.751293,N,12218.554052,W,055.3,287.0,290520,,,A*43
$GPGGA,231201.00,3729.755992,N,12218.573024,W,7,,0.38,147.33,M,0.0,M,0.0,0000*69
$GPRMC,231201.00,A,3729.755992,N,12218.573024,W,055.2,287.5,290520,,,A*4C
$GPGGA,231202.00,3729.760762,N,12218.591329,W,7,,0.38,146.13,M,0.0,M,0.0,0000*6C
$GPRMC,231202.00,A,3729.760762,N,12218.591329,W,055.2,288.6,290520,,,A*46
$GPGGA,231203.00,3729.765639,N,12218.609132,W,7,,0.38,145.03,M,0.0,M,0.0,0000*6F
$GPRMC,231203.00,A,3729.765639,N,12218.609132,W,055.2,289.4,290520,,,A*44
$GPGGA,231204.00,3729.771003,N,12218.627762,W,7,,0.38,143.80,M,0.0,M,0.0,0000*60
$GPRMC,231204.00,A,3729.771003,N,12218.627762,W,055.2,290.4,290520,,,A*4E
$GPGGA,231205.00,3729.776499,N,12218.645672,W,7,,0.38,142.43,M,0.0,M,0.0,0000*6B
$GPRMC,231205.00,A,3729.776499,N,12218.645672,W,055.0,291.7,290520,,,A*4B
$GPGGA,231206.00,3729.782343,N,12218.663455,W,7,,0.38,141.28,M,0.0,M,0.0,0000*6E
$GPRMC,231206.00,A,3729.782343,N,12218.663455,W,055.3,293.0,290520,,,A*46
$GPGGA,231207.00,3729.788319,N,12218.680633,W,7,,0.38,140.14,M,0.0,M,0.0,0000*6B
$GPRMC,231207.00,A,3729.788319,N,12218.680633,W,055.0,293.8,290520,,,A*46
$GPGGA,231208.00,3729.794542,N,12218.697583,W,7,,0.38,139.01,M,0.0,M,0.0,0000*65
$GPRMC,231208.00,A,3729.794542,N,12218.697583,W,052.9,294.6,290520,,,A*45
$GPGGA,231209.00,3729.800932,N,12218.713957,W,7,,0.38,137.94,M,0.0,M,0.0,0000*67
$GPRMC,231209.00,A,3729.800932,N,12218.713957,W,049.5,296.2,290520,,,A*45
$GPGGA,231210.00,3729.807316,N,12218.728628,W,7,,0.38,136.96,M,0.0,M,0.0,0000*68
$GPRMC,231210.00,A,3729.807316,N,12218.728628,W,046.2,298.9,290520,,,A*44
$GPGGA,231211.00,3729.813070,N,12218.742493,W,7,,0.38,136.11,M,0.0,M,0.0,0000*6E
$GPRMC,231211.00,A,3729.813070,N,12218.742493,W,046.1,296.3,290520,,,A*4A
$GPGGA,231212.00,3729.819058,N,12218.757206,W,7,,0.38,135.11,M,0.0,M,0.0,0000*60
$GPRMC,231212.00,A,3729.819058,N,12218.757206,W,045.9,296.6,290520,,,A*49
$GPGGA,231213.00,3729.824974,N,12218.771359,W,7,,0.38,134.29,M,0.0,M,0.0,0000*6D
$GPRMC,231213.00,A,3729.824974,N,12218.771359,W,046.0,298.1,290520,,,A*4D
$GPGGA,231214.00,3729.831310,N,12218.785442,W,7,,0.38,133.32,M,0.0,M,0.0,0000*6D
$GPRMC,231214.00,A,3729.831310,N,12218.785442,W,046.0,300.2,290520,,,A*43
$GPGGA,231215.00,3729.838005,N,12218.799230,W,7,,0.38,132.49,M,0.0,M,0.0,0000*61
$GPRMC,231215.00,A,3729.838005,N,12218.799230,W,046.4,301.9,290520,,,A*4C
$GPGGA,231216.00,3729.844767,N,12218.812598,W,7,,0.38,131.46,M,0.0,M,0.0,0000*6F
$GPRMC,231216.00,A,3729.844767,N,12218.812598,W,047.1,302.4,290520,,,A*44
$GPGGA,231217.00,3729.852178,N,12218.827039,W,7,,0.38,130.51,M,0.0,M,0.0,0000*6E
$GPRMC,231217.00,A,3729.852178,N,12218.827039,W,047.5,302.8,290520,,,A*4A
$GPGGA,231218.00,3729.859522,N,12218.840936,W,7,,0.38,129.58,M,0.0,M,0.0,0000*67
$GPRMC,231218.00,A,3729.859522,N,12218.840936,W,047.9,303.9,290520,,,A*4E
$GPGGA,231219.00,3729.867106,N,12218.854754,W,7,,0.38,128.55,M,0.0,M,0.0,0000*6A
$GPRMC,231219.00,A,3729.867106,N,12218.854754,W,048.5,304.7,290520,,,A*45
$GPGGA,231220.00,3729.874977,N,12218.868758,W,7,,0.38,127.47,M,0.0,M,0.0,0000*63
$GPRMC,231220.00,A,3729.874977,N,12218.868758,W,049.0,305.1,290520,,,A*43
$GPGGA,231221.00,3729.882843,N,12218.882677,W,7,,0.38,126.41,M,0.0,M,0.0,0000*62
$GPRMC,231221.00,A,3729.882843,N,12218.882677,W,049.3,305.3,290520,,,A*44
$GPGGA,231222.00,3729.890727,N,12218.896718,W,7,,0.38,125.52,M,0.0,M,0.0,0000*63
$GPRMC,231222.00,A,3729.890727,N,12218.896718,W,049.4,304.9,290520,,,A*48
$GPGGA,231223.00,3729.898516,N,12218.910871,W,7,,0.38,124.56,M,0.0,M,0.0,0000*60
$GPRMC,231223.00,A,3729.898516,N,12218.910871,W,049.4,304.2,290520,,,A*45
$GPGGA,231224.00,3729.906112,N,12218.924689,W,7,,0.38,123.81,M,0.0,M,0.0,0000*62
$GPRMC,231224.00,A,3729.906112,N,12218.924689,W,049.1,304.9,290520,,,A*44
$GPGGA,231225.00,3729.914115,N,12218.939162,W,7,,0.38,123.02,M,0.0,M,0.0,0000*62
$GPRMC,231225.00,A,3729.914115,N,12218.939162,W,049.0,304.9,290520,,,A*4E
$GPGGA,231226.00,3729.921813,N,12218.953225,W,7,,0.38,122.58,M,0.0,M,0.0,0000*6A
$GPRMC,231226.00,A,3729.921813,N,12218.953225,W,049.0,304.8,290520,,,A*49
$GPGGA,231227.00,3729.929361,N,12218.966929,W,7,,0.38,121.98,M,0.0,M,0.0,0000*63
$GPRMC,231227.00,A,3729.929361,N,12218.966929,W,048.8,304.8,290520,,,A*46
$GPGGA,231228.00,3729.937317,N,12218.981402,W,7,,0.38,121.72,M,0.0,M,0.0,0000*6B
$GPRMC,231228.00,A,3729.937317,N,12218.981402,W,048.9,304.9,290520,,,A*4A
$GPGGA,231229.00,3729.945076,N,12218.995393,W,7,,0.38,121.42,M,0.0,M,0.0,0000*62
$GPRMC,231229.00,A,3729.945076,N,12218.995393,W,049.1,304.9,290520,,,A*49
$GPGGA,231230.00,3729.952779,N,12219.009536,W,7,,0.38,121.21,M,0.0,M,0.0,0000*65
$GPRMC,231230.00,A,3729.952779,N,12219.009536,W,049.3,304.2,290520,,,A*42
$GPGGA,231231.00,3729.960183,N,12219.023545,W,7,,0.38,121.02,M,0.0,M,0.0,0000*6B
$GPRMC,231231.00,A,3729.960183,N,12219.023545,W,049.4,303.2,290520,,,A*4D
$GPGGA,231232.00,3729.967599,N,12219.038084,W,7,,0.38,120.98,M,0.0,M,0.0,0000*60
$GPRMC,231232.00,A,3729.967599,N,12219.038084,W,049.6,302.3,290520,,,A*46
$GPGGA,231233.00,3729.975052,N,12219.053264,W,7,,0.38,120.82,M,0.0,M,0.0,0000*6A
$GPRMC,231233.00,A,3729.975052,N,12219.053264,W,049.7,301.3,290520,,,A*45
$GPGGA,231234.00,3729.982138,N,12219.068378,W,7,,0.38,120.71,M,0.0,M,0.0,0000*60
$GPRMC,231234.00,A,3729.982138,N,12219.068378,W,049.9,300.1,290520,,,A*4E
$GPGGA,231235.00,3729.988630,N,12219.083089,W,7,,0.38,120.63,M,0.0,M,0.0,0000*6F
$GPRMC,231235.00,A,3729.988630,N,12219.083089,W,049.9,298.2,290520,,,A*41
$GPGGA,231236.00,3729.995152,N,12219.099110,W,7,,0.38,120.68,M,0.0,M,0.0,0000*62
$GPRMC,231236.00,A,3729.995152,N,12219.099110,W,050.1,296.5,290520,,,A*4E
$GPGGA,231237.00,3730.001212,N,12219.115087,W,7,,0.38,120.55,M,0.0,M,0.0,0000*6C
$GPRMC,231237.00,A,3730.001212,N,12219.115087,W,050.4,295.0,290520,,,A*4D
$GPGGA,231238.00,3730.006942,N,12219.131108,W,7,,0.38,120.51,M,0.0,M,0.0,0000*6E
$GPRMC,231238.00,A,3730.006942,N,12219.131108,W,050.6,293.9,290520,,,A*46
$GPGGA,231239.00,3730.012450,N,12219.147296,W,7,,0.38,120.44,M,0.0,M,0.0,0000*65
$GPRMC,231239.00,A,3730.012450,N,12219.147296,W,050.7,292.9,290520,,,A*49
$GPGGA,231240.00,3730.017573,N,12219.163141,W,7,,0.38,120.44,M,0.0,M,0.0,0000*61
$GPRMC,231240.00,A,3730.017573,N,12219.163141,W,050.8,291.8,290520,,,A*40
$GPGGA,231241.00,3730.022740,N,12219.180440,W,7,,0.38,120.28,M,0.0,M,0.0,0000*67
$GPRMC,231241.00,A,3730.022740,N,12219.180440,W,051.0,289.9,290520,,,A*4D
$GPGGA,231242.00,3730.027408,N,12219.197264,W,7,,0.38,120.27,M,0.0,M,0.0,0000*67
$GPRMC,231242.00,A,3730.027408,N,12219.197264,W,051.1,289.0,290520,,,A*4A
$GPGGA,231243.00,3730.031805,N,12219.214220,W,7,,0.38,120.18,M,0.0,M,0.0,0000*64
$GPRMC,231243.00,A,3730.031805,N,12219.214220,W,051.3,287.8,290520,,,A*41
$GPGGA,231244.00,3730.035976,N,12219.231517,W,7,,0.38,120.10,M,0.0,M,0.0,0000*6E
$GPRMC,231244.00,A,3730.035976,N,12219.231517,W,051.5,286.3,290520,,,A*4F
$GPGGA,231245.00,3730.039719,N,12219.248822,W,7,,0.38,119.98,M,0.0,M,0.0,0000*6B
$GPRMC,231245.00,A,3730.039719,N,12219.248822,W,051.6,284.4,290520,,,A*46
$GPGGA,231246.00,3730.043043,N,12219.266384,W,7,,0.38,119.91,M,0.0,M,0.0,0000*6F
$GPRMC,231246.00,A,3730.043043,N,12219.266384,W,051.8,282.7,290520,,,A*40
$GPGGA,231247.00,3730.046014,N,12219.283904,W,7,,0.38,119.91,M,0.0,M,0.0,0000*60
$GPRMC,231247.00,A,3730.046014,N,12219.283904,W,051.2,281.5,290520,,,A*44
$GPGGA,231248.00,3730.048672,N,12219.300824,W,7,,0.38,119.84,M,0.0,M,0.0,0000*6A
$GPRMC,231248.00,A,3730.048672,N,12219.300824,W,050.3,280.9,290520,,,A*47
$GPGGA,231249.00,3730.051203,N,12219.318601,W,7,,0.38,119.75,M,0.0,M,0.0,0000*6F
$GPRMC,231249.00,A,3730.051203,N,12219.318601,W,050.1,279.9,290520,,,A*48
$GPGGA,231250.00,3730.053393,N,12219.335870,W,7,,0.38,119.64,M,0.0,M,0.0,0000*6A
$GPRMC,231250.00,A,3730.053393,N,12219.335870,W,050.2,278.6,290520,,,A*40
$GPGGA,231251.00,3730.055176,N,12219.352867,W,7,,0.38,119.37,M,0.0,M,0.0,0000*65
$GPRMC,231251.00,A,3730.055176,N,12219.352867,W,050.4,276.6,290520,,,A*41
$GPGGA,231252.00,3730.056681,N,12219.370970,W,7,,0.38,119.26,M,0.0,M,0.0,0000*6D
$GPRMC,231252.00,A,3730.056681,N,12219.370970,W,050.7,275.2,290520,,,A*4D
$GPGGA,231253.00,3730.057834,N,12219.388615,W,7,,0.38,119.01,M,0.0,M,0.0,0000*63
$GPRMC,231253.00,A,3730.057834,N,12219.388615,W,050.9,274.6,290520,,,A*4D
$GPGGA,231254.00,3730.059076,N,12219.406567,W,7,,0.38,119.17,M,0.0,M,0.0,0000*64
$GPRMC,231254.00,A,3730.059076,N,12219.406567,W,051.2,275.5,290520,,,A*45
$GPGGA,231255.00,3730.060390,N,12219.423841,W,7,,0.38,119.07,M,0.0,M,0.0,0000*6B
$GPRMC,231255.00,A,3730.060390,N,12219.423841,W,051.6,275.8,290520,,,A*42
$GPGGA,231256.00,3730.061715,N,12219.441686,W,7,,0.38,118.88,M,0.0,M,0.0,0000*67
$GPRMC,231256.00,A,3730.061715,N,12219.441686,W,051.5,275.0,290520,,,A*43
$GPGGA,231257.00,3730.062879,N,12219.460165,W,7,,0.38,118.70,M,0.0,M,0.0,0000*6E
$GPRMC,231257.00,A,3730.062879,N,12219.460165,W,051.5,274.0,290520,,,A*4C
$GPGGA,231258.00,3730.063930,N,12219.478159,W,7,,0.38,118.56,M,0.0,M,0.0,0000*6E
$GPRMC,231258.00,A,3730.063930,N,12219.478159,W,051.1,273.9,290520,,,A*42
$GPGGA,231259.00,3730.064800,N,12219.495200,W,7,,0.38,118.32,M,0.0,M,0.0,0000*64
$GPRMC,231259.00,A,3730.064800,N,12219.495200,W,050.5,273.7,290520,,,A*41
$GPGGA,231300.00,3730.065742,N,12219.513103,W,7,,0.38,118.05,M,0.0,M,0.0,0000*6A
$GPRMC,231300.00,A,3730.065742,N,12219.513103,W,049.6,273.7,290520,,,A*40
$GPGGA,231301.00,3730.066719,N,12219.530407,W,7,,0.38,117.78,M,0.0,M,0.0,0000*63
$GPRMC,231301.00,A,3730.066719,N,12219.530407,W,048.9,274.2,290520,,,A*40
$GPGGA,231302.00,3730.067853,N,12219.547243,W,7,,0.38,117.34,M,0.0,M,0.0,0000*6E
$GPRMC,231302.00,A,3730.067853,N,12219.547243,W,048.4,275.5,290520,,,A*4E
$GPGGA,231303.00,3730.069419,N,12219.564043,W,7,,0.38,116.87,M,0.0,M,0.0,0000*69
$GPRMC,231303.00,A,3730.069419,N,12219.564043,W,048.3,277.3,290520,,,A*43
$GPGGA,231304.00,3730.071207,N,12219.580268,W,7,,0.38,116.33,M,0.0,M,0.0,0000*60
$GPRMC,231304.00,A,3730.071207,N,12219.580268,W,048.7,278.6,290520,,,A*4B
$GPGGA,231305.00,3730.073410,N,12219.597769,W,7,,0.38,115.77,M,0.0,M,0.0,0000*62
$GPRMC,231305.00,A,3730.073410,N,12219.597769,W,048.9,279.5,290520,,,A*46
$GPGGA,231306.00,3730.075810,N,12219.614671,W,7,,0.38,115.04,M,0.0,M,0.0,0000*6F
$GPRMC,231306.00,A,3730.075810,N,12219.614671,W,049.4,280.6,290520,,,A*46
$GPGGA,231307.00,3730.078486,N,12219.631603,W,7,,0.38,114.57,M,0.0,M,0.0,0000*65
$GPRMC,231307.00,A,3730.078486,N,12219.631603,W,049.7,282.1,290520,,,A*4D
$GPGGA,231308.00,3730.081690,N,12219.648751,W,7,,0.38,114.02,M,0.0,M,0.0,0000*61
$GPRMC,231308.00,A,3730.081690,N,12219.648751,W,050.3,283.9,290520,,,A*4C
$GPGGA,231309.00,3730.085355,N,12219.665726,W,7,,0.38,113.24,M,0.0,M,0.0,0000*64
$GPRMC,231309.00,A,3730.085355,N,12219.665726,W,050.7,286.0,290520,,,A*42
$GPGGA,231310.00,3730.089519,N,12219.682682,W,7,,0.38,112.42,M,0.0,M,0.0,0000*69
$GPRMC,231310.00,A,3730.089519,N,12219.682682,W,051.1,287.9,290520,,,A*41
$GPGGA,231311.00,3730.094031,N,12219.699265,W,7,,0.38,111.35,M,0.0,M,0.0,0000*6F
$GPRMC,231311.00,A,3730.094031,N,12219.699265,W,051.7,289.5,290520,,,A*40
$GPGGA,231312.00,3730.099090,N,12219.716162,W,7,,0.38,110.52,M,0.0,M,0.0,0000*68
$GPRMC,231312.00,A,3730.099090,N,12219.716162,W,052.0,291.0,290520,,,A*4F
$GPGGA,231313.00,3730.104706,N,12219.733616,W,7,,0.38,109.42,M,0.0,M,0.0,0000*6E
$GPRMC,231313.00,A,3730.104706,N,12219.733616,W,052.6,292.6,290520,,,A*43
$GPGGA,231314.00,3730.110681,N,12219.750463,W,7,,0.38,108.37,M,0.0,M,0.0,0000*64
$GPRMC,231314.00,A,3730.110681,N,12219.750463,W,053.0,294.7,290520,,,A*4A
$GPGGA,231315.00,3730.116945,N,12219.766688,W,7,,0.38,107.25,M,0.0,M,0.0,0000*6A
$GPRMC,231315.00,A,3730.116945,N,12219.766688,W,053.0,296.6,290520,,,A*4B
$GPGGA,231316.00,3730.123875,N,12219.783559,W,7,,0.38,106.03,M,0.0,M,0.0,0000*6C
$GPRMC,231316.00,A,3730.123875,N,12219.783559,W,052.7,297.8,290520,,,A*41
$GPGGA,231317.00,3730.130872,N,12219.799592,W,7,,0.38,105.02,M,0.0,M,0.0,0000*66
$GPRMC,231317.00,A,3730.130872,N,12219.799592,W,052.4,298.9,290520,,,A*44
$GPGGA,231318.00,3730.138126,N,12219.815762,W,7,,0.38,103.90,M,0.0,M,0.0,0000*62
$GPRMC,231318.00,A,3730.138126,N,12219.815762,W,053.0,298.8,290520,,,A*49
$GPGGA,231319.00,3730.145248,N,12219.831416,W,7,,0.38,102.92,M,0.0,M,0.0,0000*67
$GPRMC,231319.00,A,3730.145248,N,12219.831416,W,053.9,299.7,290520,,,A*48
$GPGGA,231320.00,3730.153035,N,12219.847627,W,7,,0.38,101.85,M,0.0,M,0.0,0000*66
$GPRMC,231320.00,A,3730.153035,N,12219.847627,W,054.6,301.9,290520,,,A*4A
$GPGGA,231321.00,3730.161561,N,12219.864032,W,7,,0.38,100.68,M,0.0,M,0.0,0000*63
$GPRMC,231321.00,A,3730.161561,N,12219.864032,W,054.4,303.5,290520,,,A*41
$GPGGA,231322.00,3730.170429,N,12219.879518,W,7,,0.38,99.43,M,0.0,M,0.0,0000*54
$GPRMC,231322.00,A,3730.170429,N,12219.879518,W,054.1,307.1,290520,,,A*4B
$GPGGA,231323.00,3730.179394,N,12219.894050,W,7,,0.38,98.61,M,0.0,M,0.0,0000*56
$GPRMC,231323.00,A,3730.179394,N,12219.894050,W,054.5,307.9,290520,,,A*44
$GPGGA,231324.00,3730.189090,N,12219.909523,W,7,,0.38,97.37,M,0.0,M,0.0,0000*51
$GPRMC,231324.00,A,3730.189090,N,12219.909523,W,055.0,307.8,290520,,,A*4A
$GPGGA,231325.00,3730.198563,N,12219.924895,W,7,,0.38,96.16,M,0.0,M,0.0,0000*54
$GPRMC,231325.00,A,3730.198563,N,12219.924895,W,055.7,307.4,290520,,,A*46
$GPGGA,231326.00,3730.207912,N,12219.940147,W,7,,0.38,94.87,M,0.0,M,0.0,0000*56
$GPRMC,231326.00,A,3730.207912,N,12219.940147,W,056.0,307.4,290520,,,A*4A
$GPGGA,231327.00,3730.217457,N,12219.955645,W,7,,0.38,93.80,M,0.0,M,0.0,0000*5B
$GPRMC,231327.00,A,3730.217457,N,12219.955645,W,056.6,307.6,290520,,,A*43
$GPGGA,231328.00,3730.226890,N,12219.970969,W,7,,0.38,92.79,M,0.0,M,0.0,0000*50
$GPRMC,231328.00,A,3730.226890,N,12219.970969,W,057.2,307.3,290520,,,A*4F
$GPGGA,231329.00,3730.236838,N,12219.987265,W,7,,0.38,91.57,M,0.0,M,0.0,0000*52
$GPRMC,231329.00,A,3730.236838,N,12219.987265,W,057.5,307.2,290520,,,A*44
$GPGGA,231330.00,3730.246569,N,12220.003244,W,7,,0.38,90.58,M,0.0,M,0.0,0000*56
$GPRMC,231330.00,A,3730.246569,N,12220.003244,W,058.0,307.1,290520,,,A*47
$GPGGA,231331.00,3730.256320,N,12220.019474,W,7,,0.38,89.28,M,0.0,M,0.0,0000*5C
$GPRMC,231331.00,A,3730.256320,N,12220.019474,W,058.7,306.9,290520,,,A*4C
$GPGGA,231332.00,3730.266112,N,12220.036027,W,7,,0.38,88.09,M,0.0,M,0.0,0000*52
$GPRMC,231332.00,A,3730.266112,N,12220.036027,W,058.9,306.6,290520,,,A*41
$GPGGA,231333.00,3730.275946,N,12220.052575,W,7,,0.38,86.92,M,0.0,M,0.0,0000*54
$GPRMC,231333.00,A,3730.275946,N,12220.052575,W,059.3,306.8,290520,,,A*4E
$GPGGA,231334.00,3730.285857,N,12220.069226,W,7,,0.38,85.77,M,0.0,M,0.0,0000*5C
$GPRMC,231334.00,A,3730.285857,N,12220.069226,W,059.8,306.7,290520,,,A*4A
$GPGGA,231335.00,3730.295656,N,12220.085528,W,7,,0.38,84.36,M,0.0,M,0.0,0000*5C
$GPRMC,231335.00,A,3730.295656,N,12220.085528,W,060.2,306.9,290520,,,A*40
$GPGGA,231336.00,3730.305699,N,12220.102363,W,7,,0.38,83.27,M,0.0,M,0.0,0000*54
$GPRMC,231336.00,A,3730.305699,N,12220.102363,W,060.6,306.8,290520,,,A*4A
$GPGGA,231337.00,3730.316116,N,12220.119824,W,7,,0.38,82.25,M,0.0,M,0.0,0000*56
$GPRMC,231337.00,A,3730.316116,N,12220.119824,W,060.8,306.9,290520,,,A*44
$GPGGA,231338.00,3730.326196,N,12220.136726,W,7,,0.38,81.41,M,0.0,M,0.0,0000*53
$GPRMC,231338.00,A,3730.326196,N,12220.136726,W,060.5,306.7,290520,,,A*43
$GPGGA,231339.00,3730.335951,N,12220.153081,W,7,,0.38,80.83,M,0.0,M,0.0,0000*55
$GPRMC,231339.00,A,3730.335951,N,12220.153081,W,059.6,306.8,290520,,,A*4C
$GPGGA,231340.00,3730.346061,N,12220.170055,W,7,,0.38,80.34,M,0.0,M,0.0,0000*51
$GPRMC,231340.00,A,3730.346061,N,12220.170055,W,058.6,306.9,290520,,,A*44
$GPGGA,231341.00,3730.355685,N,12220.186153,W,7,,0.38,80.11,M,0.0,M,0.0,0000*57
$GPRMC,231341.00,A,3730.355685,N,12220.186153,W,057.3,307.1,290520,,,A*46
$GPGGA,231342.00,3730.365273,N,12220.202030,W,7,,0.38,79.95,M,0.0,M,0.0,0000*5B
$GPRMC,231342.00,A,3730.365273,N,12220.202030,W,056.2,307.6,290520,,,A*47
$GPGGA,231343.00,3730.374340,N,12220.216729,W,7,,0.38,79.88,M,0.0,M,0.0,0000*5D
$GPRMC,231343.00,A,3730.374340,N,12220.216729,W,054.7,307.7,290520,,,A*4B
$GPGGA,231344.00,3730.383538,N,12220.231495,W,7,,0.38,79.97,M,0.0,M,0.0,0000*54
$GPRMC,231344.00,A,3730.383538,N,12220.231495,W,053.3,307.9,290520,,,A*41
$GPGGA,231345.00,3730.392867,N,12220.246556,W,7,,0.38,80.09,M,0.0,M,0.0,0000*5D
$GPRMC,231345.00,A,3730.392867,N,12220.246556,W,052.2,307.9,290520,,,A*49
$GPGGA,231346.00,3730.401634,N,12220.260877,W,7,,0.38,80.57,M,0.0,M,0.0,0000*5A
$GPRMC,231346.00,A,3730.401634,N,12220.260877,W,051.6,307.6,290520,,,A*4D
$GPGGA,231347.00,3730.409973,N,12220.274581,W,7,,0.38,81.18,M,0.0,M,0.0,0000*54
$GPRMC,231347.00,A,3730.409973,N,12220.274581,W,051.1,307.6,290520,,,A*4E
$GPGGA,231348.00,3730.418973,N,12220.289173,W,7,,0.38,81.64,M,0.0,M,0.0,0000*5B
$GPRMC,231348.00,A,3730.418973,N,12220.289173,W,051.4,307.6,290520,,,A*4F
$GPGGA,231349.00,3730.427638,N,12220.303370,W,7,,0.38,82.31,M,0.0,M,0.0,0000*57
$GPRMC,231349.00,A,3730.427638,N,12220.303370,W,051.0,307.4,290520,,,A*46
$GPGGA,231350.00,3730.436188,N,12220.317451,W,7,,0.38,82.78,M,0.0,M,0.0,0000*5F
$GPRMC,231350.00,A,3730.436188,N,12220.317451,W,050.8,307.2,290520,,,A*4C
$GPGGA,231351.00,3730.444701,N,12220.331624,W,7,,0.38,83.34,M,0.0,M,0.0,0000*51
$GPRMC,231351.00,A,3730.444701,N,12220.331624,W,050.9,307.2,290520,,,A*4A
$GPGGA,231352.00,3730.452964,N,12220.345454,W,7,,0.38,84.03,M,0.0,M,0.0,0000*5D
$GPRMC,231352.00,A,3730.452964,N,12220.345454,W,050.7,307.2,290520,,,A*4B
$GPGGA,231353.00,3730.461699,N,12220.359998,W,7,,0.38,84.72,M,0.0,M,0.0,0000*57
$GPRMC,231353.00,A,3730.461699,N,12220.359998,W,050.7,307.3,290520,,,A*46
$GPGGA,231354.00,3730.470303,N,12220.374092,W,7,,0.38,85.34,M,0.0,M,0.0,0000*59
$GPRMC,231354.00,A,3730.470303,N,12220.374092,W,050.9,307.4,290520,,,A*42
$GPGGA,231355.00,3730.478788,N,12220.388041,W,7,,0.38,85.93,M,0.0,M,0.0,0000*57
$GPRMC,231355.00,A,3730.478788,N,12220.388041,W,050.5,307.5,290520,,,A*4C
$GPGGA,231356.00,3730.487391,N,12220.402040,W,7,,0.38,86.53,M,0.0,M,0.0,0000*53
$GPRMC,231356.00,A,3730.487391,N,12220.402040,W,050.2,307.5,290520,,,A*40
$GPGGA,231357.00,3730.495906,N,12220.415972,W,7,,0.38,87.12,M,0.0,M,0.0,0000*5F
$GPRMC,231357.00,A,3730.495906,N,12220.415972,W,050.2,307.6,290520,,,A*4B
$GPGGA,231358.00,3730.504419,N,12220.429747,W,7,,0.38,87.72,M,0.0,M,0.0,0000*5B
$GPRMC,231358.00,A,3730.504419,N,12220.429747,W,050.1,307.8,290520,,,A*44
$GPGGA,231359.00,3730.512682,N,12220.443265,W,7,,0.38,88.31,M,0.0,M,0.0,0000*5C
$GPRMC,231359.00,A,3730.512682,N,12220.443265,W,050.0,307.4,290520,,,A*46
$GPGGA,231400.00,3730.521051,N,12220.457053,W,7,,0.38,88.88,M,0.0,M,0.0,0000*5F
$GPRMC,231400.00,A,3730.521051,N,12220.457053,W,049.7,307.5,290520,,,A*49
$GPGGA,231401.00,3730.529752,N,12220.471213,W,7,,0.38,89.39,M,0.0,M,0.0,0000*5B
$GPRMC,231401.00,A,3730.529752,N,12220.471213,W,049.7,308.0,290520,,,A*4C
$GPGGA,231402.00,3730.538296,N,12220.484954,W,7,,0.38,90.07,M,0.0,M,0.0,0000*52
$GPRMC,231402.00,A,3730.538296,N,12220.484954,W,049.6,308.1,290520,,,A*40
$GPGGA,231403.00,3730.546527,N,12220.498117,W,7,,0.38,90.66,M,0.0,M,0.0,0000*52
$GPRMC,231403.00,A,3730.546527,N,12220.498117,W,049.6,308.2,290520,,,A*44
$GPGGA,231404.00,3730.555347,N,12220.512145,W,7,,0.38,91.18,M,0.0,M,0.0,0000*5B
$GPRMC,231404.00,A,3730.555347,N,12220.512145,W,049.7,308.4,290520,,,A*42
$GPGGA,231405.00,3730.563927,N,12220.525663,W,7,,0.38,91.62,M,0.0,M,0.0,0000*59
$GPRMC,231405.00,A,3730.563927,N,12220.525663,W,049.7,309.0,290520,,,A*48
$GPGGA,231406.00,3730.572741,N,12220.539247,W,7,,0.38,92.09,M,0.0,M,0.0,0000*55
$GPRMC,231406.00,A,3730.572741,N,12220.539247,W,049.9,309.6,290520,,,A*42
$GPGGA,231407.00,3730.581346,N,12220.552057,W,7,,0.38,92.48,M,0.0,M,0.0,0000*50
$GPRMC,231407.00,A,3730.581346,N,12220.552057,W,049.6,310.6,290520,,,A*45
$GPGGA,231408.00,3730.590513,N,12220.564957,W,7,,0.38,92.82,M,0.0,M,0.0,0000*53
$GPRMC,231408.00,A,3730.590513,N,12220.564957,W,049.7,312.5,290520,,,A*40
$GPGGA,231409.00,3730.600276,N,12220.578199,W,7,,0.38,93.03,M,0.0,M,0.0,0000*53
$GPRMC,231409.00,A,3730.600276,N,12220.578199,W,049.8,313.2,290520,,,A*41
$GPGGA,231410.00,3730.609768,N,12220.590830,W,7,,0.38,93.27,M,0.0,M,0.0,0000*52
$GPRMC,231410.00,A,3730.609768,N,12220.590830,W,050.0,313.5,290520,,,A*41
$GPGGA,231411.00,3730.619290,N,12220.603508,W,7,,0.38,93.48,M,0.0,M,0.0,0000*56
$GPRMC,231411.00,A,3730.619290,N,12220.603508,W,050.2,313.2,290520,,,A*49
$GPGGA,231412.00,3730.628986,N,12220.616329,W,7,,0.38,93.60,M,0.0,M,0.0,0000*50
$GPRMC,231412.00,A,3730.628986,N,12220.616329,W,050.3,313.6,290520,,,A*40
$GPGGA,231413.00,3730.638741,N,12220.628960,W,7,,0.38,93.85,M,0.0,M,0.0,0000*54
$GPRMC,231413.00,A,3730.638741,N,12220.628960,W,050.6,314.5,290520,,,A*4E
$GPGGA,231414.00,3730.648642,N,12220.641530,W,7,,0.38,94.10,M,0.0,M,0.0,0000*5B
$GPRMC,231414.00,A,3730.648642,N,12220.641530,W,050.8,314.6,290520,,,A*47
$GPGGA,231415.00,3730.658608,N,12220.654045,W,7,,0.38,94.41,M,0.0,M,0.0,0000*52
$GPRMC,231415.00,A,3730.658608,N,12220.654045,W,050.9,315.4,290520,,,A*48
$GPGGA,231416.00,3730.668519,N,12220.666219,W,7,,0.38,94.59,M,0.0,M,0.0,0000*52
$GPRMC,231416.00,A,3730.668519,N,12220.666219,W,051.1,316.5,290520,,,A*4A
$GPGGA,231417.00,3730.679199,N,12220.678898,W,7,,0.38,94.93,M,0.0,M,0.0,0000*55
$GPRMC,231417.00,A,3730.679199,N,12220.678898,W,051.3,317.1,290520,,,A*4C
$GPGGA,231418.00,3730.689688,N,12220.691113,W,7,,0.38,95.25,M,0.0,M,0.0,0000*53
$GPRMC,231418.00,A,3730.689688,N,12220.691113,W,051.6,317.2,290520,,,A*40
$GPGGA,231419.00,3730.700001,N,12220.703000,W,7,,0.38,95.52,M,0.0,M,0.0,0000*5C
$GPRMC,231419.00,A,3730.700001,N,12220.703000,W,051.8,317.5,290520,,,A*46
$GPGGA,231420.00,3730.710922,N,12220.715546,W,7,,0.38,95.97,M,0.0,M,0.0,0000*56
$GPRMC,231420.00,A,3730.710922,N,12220.715546,W,051.8,317.3,290520,,,A*43
$GPGGA,231421.00,3730.721494,N,12220.727726,W,7,,0.38,96.33,M,0.0,M,0.0,0000*5D
$GPRMC,231421.00,A,3730.721494,N,12220.727726,W,051.7,317.4,290520,,,A*4D
$GPGGA,231422.00,3730.732143,N,12220.739924,W,7,,0.38,96.70,M,0.0,M,0.0,0000*57
$GPRMC,231422.00,A,3730.732143,N,12220.739924,W,052.1,317.8,290520,,,A*49
$GPGGA,231423.00,3730.742632,N,12220.751833,W,7,,0.38,97.15,M,0.0,M,0.0,0000*5B
$GPRMC,231423.00,A,3730.742632,N,12220.751833,W,052.3,318.2,290520,,,A*40
$GPGGA,231424.00,3730.753443,N,12220.764110,W,7,,0.38,97.64,M,0.0,M,0.0,0000*50
$GPRMC,231424.00,A,3730.753443,N,12220.764110,W,052.8,318.0,290520,,,A*44
$GPGGA,231425.00,3730.764639,N,12220.776890,W,7,,0.38,97.98,M,0.0,M,0.0,0000*5B
$GPRMC,231425.00,A,3730.764639,N,12220.776890,W,053.3,317.7,290520,,,A*4E
$GPGGA,231426.00,3730.775697,N,12220.789586,W,7,,0.38,98.45,M,0.0,M,0.0,0000*59
$GPRMC,231426.00,A,3730.775697,N,12220.789586,W,053.8,317.4,290520,,,A*4B
$GPGGA,231427.00,3730.786408,N,12220.801969,W,7,,0.38,99.14,M,0.0,M,0.0,0000*57
$GPRMC,231427.00,A,3730.786408,N,12220.801969,W,054.4,317.3,290520,,,A*4C
$GPGGA,231428.00,3730.797898,N,12220.815236,W,7,,0.38,99.77,M,0.0,M,0.0,0000*5C
$GPRMC,231428.00,A,3730.797898,N,12220.815236,W,054.7,317.4,290520,,,A*46
$GPGGA,231429.00,3730.809130,N,12220.828232,W,7,,0.38,100.49,M,0.0,M,0.0,0000*68
$GPRMC,231429.00,A,3730.809130,N,12220.828232,W,055.1,317.5,290520,,,A*48
$GPGGA,231430.00,3730.820542,N,12220.841395,W,7,,0.38,101.17,M,0.0,M,0.0,0000*63
$GPRMC,231430.00,A,3730.820542,N,12220.841395,W,055.5,317.3,290520,,,A*4B
$GPGGA,231431.00,3730.831924,N,12220.854518,W,7,,0.38,101.88,M,0.0,M,0.0,0000*6F
$GPRMC,231431.00,A,3730.831924,N,12220.854518,W,055.8,317.3,290520,,,A*4C
$GPGGA,231432.00,3730.843018,N,12220.867298,W,7,,0.38,102.52,M,0.0,M,0.0,0000*64
$GPRMC,231432.00,A,3730.843018,N,12220.867298,W,056.0,317.5,290520,,,A*4E
$GPGGA,231433.00,3730.854999,N,12220.881002,W,7,,0.38,103.28,M,0.0,M,0.0,0000*66
$GPRMC,231433.00,A,3730.854999,N,12220.881002,W,056.3,317.6,290520,,,A*40
$GPGGA,231434.00,3730.866592,N,12220.894165,W,7,,0.38,103.96,M,0.0,M,0.0,0000*66
$GPRMC,231434.00,A,3730.866592,N,12220.894165,W,056.4,318.0,290520,,,A*4B
$GPGGA,231435.00,3730.878213,N,12220.907347,W,7,,0.38,104.70,M,0.0,M,0.0,0000*60
$GPRMC,231435.00,A,3730.878213,N,12220.907347,W,056.5,318.0,290520,,,A*43
$GPGGA,231436.00,3730.890010,N,12220.920740,W,7,,0.38,105.43,M,0.0,M,0.0,0000*63
$GPRMC,231436.00,A,3730.890010,N,12220.920740,W,056.7,317.8,290520,,,A*44
$GPGGA,231437.00,3730.901673,N,12220.934017,W,7,,0.38,106.13,M,0.0,M,0.0,0000*6E
$GPRMC,231437.00,A,3730.901673,N,12220.934017,W,056.8,317.7,290520,,,A*4F
$GPGGA,231438.00,3730.913337,N,12220.947338,W,7,,0.38,106.87,M,0.0,M,0.0,0000*60
$GPRMC,231438.00,A,3730.913337,N,12220.947338,W,056.9,317.7,290520,,,A*4D
$GPGGA,231439.00,3730.925038,N,12220.960694,W,7,,0.38,107.59,M,0.0,M,0.0,0000*6C
$GPRMC,231439.00,A,3730.925038,N,12220.960694,W,057.1,317.7,290520,,,A*4A
$GPGGA,231440.00,3730.936456,N,12220.973792,W,7,,0.38,108.33,M,0.0,M,0.0,0000*6A
$GPRMC,231440.00,A,3730.936456,N,12220.973792,W,057.2,317.4,290520,,,A*4F
$GPGGA,231441.00,3730.948498,N,12220.987759,W,7,,0.38,109.05,M,0.0,M,0.0,0000*68
$GPRMC,231441.00,A,3730.948498,N,12220.987759,W,057.3,317.2,290520,,,A*4E
$GPGGA,231442.00,3730.960185,N,12221.001319,W,7,,0.38,109.72,M,0.0,M,0.0,0000*6E
$GPRMC,231442.00,A,3730.960185,N,12221.001319,W,057.2,317.3,290520,,,A*48
$GPGGA,231443.00,3730.971531,N,12221.014531,W,7,,0.38,110.27,M,0.0,M,0.0,0000*64
$GPRMC,231443.00,A,3730.971531,N,12221.014531,W,056.9,317.3,290520,,,A*40
$GPGGA,231444.00,3730.983406,N,12221.028277,W,7,,0.38,110.79,M,0.0,M,0.0,0000*6A
$GPRMC,231444.00,A,3730.983406,N,12221.028277,W,056.2,317.6,290520,,,A*4B
$GPGGA,231445.00,3730.994854,N,12221.041471,W,7,,0.38,111.25,M,0.0,M,0.0,0000*61
$GPRMC,231445.00,A,3730.994854,N,12221.041471,W,055.8,317.5,290520,,,A*42
$GPGGA,231446.00,3731.006272,N,12221.054552,W,7,,0.38,111.54,M,0.0,M,0.0,0000*6D
$GPRMC,231446.00,A,3731.006272,N,12221.054552,W,055.7,317.7,290520,,,A*45
$GPGGA,231447.00,3731.017455,N,12221.067320,W,7,,0.38,111.80,M,0.0,M,0.0,0000*65
$GPRMC,231447.00,A,3731.017455,N,12221.067320,W,055.7,317.8,290520,,,A*4B
$GPGGA,231448.00,3731.028885,N,12221.080393,W,7,,0.38,112.05,M,0.0,M,0.0,0000*68
$GPRMC,231448.00,A,3731.028885,N,12221.080393,W,055.6,317.6,290520,,,A*47
$GPGGA,231449.00,3731.040615,N,12221.093858,W,7,,0.38,112.11,M,0.0,M,0.0,0000*6B
$GPRMC,231449.00,A,3731.040615,N,12221.093858,W,055.4,317.5,290520,,,A*40
$GPGGA,231450.00,3731.052106,N,12221.106823,W,7,,0.38,112.10,M,0.0,M,0.0,0000*65
$GPRMC,231450.00,A,3731.052106,N,12221.106823,W,055.2,318.5,290520,,,A*46
$GPGGA,231451.00,3731.063362,N,12221.118901,W,7,,0.38,111.86,M,0.0,M,0.0,0000*64
$GPRMC,231451.00,A,3731.063362,N,12221.118901,W,055.0,320.2,290520,,,A*45
$GPGGA,231452.00,3731.075518,N,12221.131279,W,7,,0.38,111.57,M,0.0,M,0.0,0000*68
$GPRMC,231452.00,A,3731.075518,N,12221.131279,W,054.5,321.4,290520,,,A*46
$GPGGA,231453.00,3731.087416,N,12221.142968,W,7,,0.38,111.29,M,0.0,M,0.0,0000*6D
$GPRMC,231453.00,A,3731.087416,N,12221.142968,W,053.7,322.1,290520,,,A*49
$GPGGA,231454.00,3731.099073,N,12221.154259,W,7,,0.38,110.88,M,0.0,M,0.0,0000*66
$GPRMC,231454.00,A,3731.099073,N,12221.154259,W,052.7,322.4,290520,,,A*4C
$GPGGA,231455.00,3731.110599,N,12221.165240,W,7,,0.38,110.42,M,0.0,M,0.0,0000*6A
$GPRMC,231455.00,A,3731.110599,N,12221.165240,W,052.1,323.1,290520,,,A*44
$GPGGA,231456.00,3731.121723,N,12221.175596,W,7,,0.38,109.88,M,0.0,M,0.0,0000*6B
$GPRMC,231456.00,A,3731.121723,N,12221.175596,W,051.4,323.8,290520,,,A*44
$GPGGA,231457.00,3731.133753,N,12221.186317,W,7,,0.38,109.24,M,0.0,M,0.0,0000*6B
$GPRMC,231457.00,A,3731.133753,N,12221.186317,W,050.8,325.1,290520,,,A*40
$GPGGA,231458.00,3731.145340,N,12221.196104,W,7,,0.38,108.54,M,0.0,M,0.0,0000*64
$GPRMC,231458.00,A,3731.145340,N,12221.196104,W,050.0,326.6,290520,,,A*45
$GPGGA,231459.00,3731.156866,N,12221.205289,W,7,,0.38,107.94,M,0.0,M,0.0,0000*64
$GPRMC,231459.00,A,3731.156866,N,12221.205289,W,048.7,327.8,290520,,,A*47
$GPGGA,231500.00,3731.168368,N,12221.213840,W,7,,0.38,107.39,M,0.0,M,0.0,0000*6E
$GPRMC,231500.00,A,3731.168368,N,12221.213840,W,047.1,329.6,290520,,,A*43
$GPGGA,231501.00,3731.179695,N,12221.221484,W,7,,0.38,106.86,M,0.0,M,0.0,0000*68
$GPRMC,231501.00,A,3731.179695,N,12221.221484,W,045.9,332.2,290520,,,A*44
$GPGGA,231502.00,3731.191041,N,12221.228450,W,7,,0.38,106.33,M,0.0,M,0.0,0000*6C
$GPRMC,231502.00,A,3731.191041,N,12221.228450,W,045.4,334.8,290520,,,A*4F
$GPGGA,231503.00,3731.202171,N,12221.234917,W,7,,0.38,105.58,M,0.0,M,0.0,0000*6B
$GPRMC,231503.00,A,3731.202171,N,12221.234917,W,045.2,335.2,290520,,,A*4B
$GPGGA,231504.00,3731.213481,N,12221.241272,W,7,,0.38,105.14,M,0.0,M,0.0,0000*64
$GPRMC,231504.00,A,3731.213481,N,12221.241272,W,044.6,336.1,290520,,,A*49
$GPGGA,231505.00,3731.225211,N,12221.247499,W,7,,0.38,104.55,M,0.0,M,0.0,0000*6E
$GPRMC,231505.00,A,3731.225211,N,12221.247499,W,044.4,337.5,290520,,,A*40
$GPGGA,231506.00,3731.236624,N,12221.253134,W,7,,0.38,104.00,M,0.0,M,0.0,0000*6A
$GPRMC,231506.00,A,3731.236624,N,12221.253134,W,044.2,339.0,290520,,,A*49
$GPGGA,231507.00,3731.247759,N,12221.258317,W,7,,0.38,103.56,M,0.0,M,0.0,0000*6A
$GPRMC,231507.00,A,3731.247759,N,12221.258317,W,043.6,339.9,290520,,,A*47
$GPGGA,231508.00,3731.259568,N,12221.263550,W,7,,0.38,103.30,M,0.0,M,0.0,0000*67
$GPRMC,231508.00,A,3731.259568,N,12221.263550,W,043.3,341.2,290520,,,A*4B
$GPGGA,231509.00,3731.270944,N,12221.268320,W,7,,0.38,103.25,M,0.0,M,0.0,0000*61
$GPRMC,231509.00,A,3731.270944,N,12221.268320,W,043.0,341.2,290520,,,A*4A
$GPGGA,231510.00,3731.282163,N,12221.273084,W,7,,0.38,103.19,M,0.0,M,0.0,0000*61
$GPRMC,231510.00,A,3731.282163,N,12221.273084,W,041.8,341.1,290520,,,A*4C
$GPGGA,231511.00,3731.292616,N,12221.277536,W,7,,0.38,103.49,M,0.0,M,0.0,0000*69
$GPRMC,231511.00,A,3731.292616,N,12221.277536,W,040.5,341.2,290520,,,A*4E
$GPGGA,231512.00,3731.303086,N,12221.281885,W,7,,0.38,104.01,M,0.0,M,0.0,0000*6B
$GPRMC,231512.00,A,3731.303086,N,12221.281885,W,039.3,341.6,290520,,,A*4B
$GPGGA,231513.00,3731.313592,N,12221.286163,W,7,,0.38,104.73,M,0.0,M,0.0,0000*68
$GPRMC,231513.00,A,3731.313592,N,12221.286163,W,038.1,342.4,290520,,,A*4F
$GPGGA,231514.00,3731.323408,N,12221.290118,W,7,,0.38,105.61,M,0.0,M,0.0,0000*67
$GPRMC,231514.00,A,3731.323408,N,12221.290118,W,036.1,342.2,290520,,,A*4A
$GPGGA,231515.00,3731.332185,N,12221.293670,W,7,,0.38,106.41,M,0.0,M,0.0,0000*6D
$GPRMC,231515.00,A,3731.332185,N,12221.293670,W,033.4,341.8,290520,,,A*48
$GPGGA,231516.00,3731.340747,N,12221.297360,W,7,,0.38,107.27,M,0.0,M,0.0,0000*62
$GPRMC,231516.00,A,3731.340747,N,12221.297360,W,030.5,341.5,290520,,,A*49
$GPGGA,231517.00,3731.348290,N,12221.300569,W,7,,0.38,108.11,M,0.0,M,0.0,0000*6E
$GPRMC,231517.00,A,3731.348290,N,12221.300569,W,027.1,342.0,290520,,,A*4B
$GPGGA,231518.00,3731.354902,N,12221.303072,W,7,,0.38,108.79,M,0.0,M,0.0,0000*6E
$GPRMC,231518.00,A,3731.354902,N,12221.303072,W,023.3,344.7,290520,,,A*42
$GPGGA,231519.00,3731.360770,N,12221.304512,W,7,,0.38,109.49,M,0.0,M,0.0,0000*65
$GPRMC,231519.00,A,3731.360770,N,12221.304512,W,020.3,351.3,290520,,,A*48
$GPGGA,231520.00,3731.366062,N,12221.304782,W,7,,0.38,110.02,M,0.0,M,0.0,0000*61
$GPRMC,231520.00,A,3731.366062,N,12221.304782,W,018.8,001.7,290520,,,A*49
$GPGGA,231521.00,3731.371204,N,12221.303701,W,7,,0.38,110.55,M,0.0,M,0.0,0000*6A
$GPRMC,231521.00,A,3731.371204,N,12221.303701,W,017.8,013.6,290520,,,A*4D
$GPGGA,231522.00,3731.375637,N,12221.301536,W,7,,0.38,111.13,M,0.0,M,0.0,0000*6E
$GPRMC,231522.00,A,3731.375637,N,12221.301536,W,016.6,025.1,290520,,,A*47
$GPGGA,231523.00,3731.379345,N,12221.298583,W,7,,0.38,111.71,M,0.0,M,0.0,0000*68
$GPRMC,231523.00,A,3731.379345,N,12221.298583,W,015.3,035.5,290520,,,A*46
$GPGGA,231524.00,3731.382243,N,12221.295151,W,7,,0.38,112.21,M,0.0,M,0.0,0000*6C
$GPRMC,231524.00,A,3731.382243,N,12221.295151,W,013.6,047.0,290520,,,A*47
$GPGGA,231525.00,3731.384247,N,12221.291558,W,7,,0.38,112.75,M,0.0,M,0.0,0000*67
$GPRMC,231525.00,A,3731.384247,N,12221.291558,W,012.0,058.2,290520,,,A*46
$GPGGA,231526.00,3731.385532,N,12221.287934,W,7,,0.38,113.26,M,0.0,M,0.0,0000*66
$GPRMC,231526.00,A,3731.385532,N,12221.287934,W,011.1,066.8,290520,,,A*45
$GPGGA,231527.00,3731.386395,N,12221.284123,W,7,,0.38,113.78,M,0.0,M,0.0,0000*69
$GPRMC,231527.00,A,3731.386395,N,12221.284123,W,012.0,076.1,290520,,,A*4B
$GPGGA,231528.00,3731.386983,N,12221.279906,W,7,,0.38,114.24,M,0.0,M,0.0,0000*68
$GPRMC,231528.00,A,3731.386983,N,12221.279906,W,012.8,082.0,290520,,,A*46
$GPGGA,231529.00,3731.387517,N,12221.275022,W,7,,0.38,114.67,M,0.0,M,0.0,0000*6D
$GPRMC,231529.00,A,3731.387517,N,12221.275022,W,014.2,083.0,290520,,,A*49
$GPGGA,231530.00,3731.388046,N,12221.269766,W,7,,0.38,115.29,M,0.0,M,0.0,0000*6A
$GPRMC,231530.00,A,3731.388046,N,12221.269766,W,015.9,083.2,290520,,,A*4D
$GPGGA,231531.00,3731.388699,N,12221.264143,W,7,,0.38,115.94,M,0.0,M,0.0,0000*65
$GPRMC,231531.00,A,3731.388699,N,12221.264143,W,017.4,082.5,290520,,,A*4D
$GPGGA,231532.00,3731.389810,N,12221.257718,W,7,,0.38,116.65,M,0.0,M,0.0,0000*6D
$GPRMC,231532.00,A,3731.389810,N,12221.257718,W,019.1,077.0,290520,,,A*4C
$GPGGA,231533.00,3731.391723,N,12221.251310,W,7,,0.38,117.45,M,0.0,M,0.0,0000*63
$GPRMC,231533.00,A,3731.391723,N,12221.251310,W,020.4,067.6,290520,,,A*49
$GPGGA,231534.00,3731.394741,N,12221.245027,W,7,,0.38,118.33,M,0.0,M,0.0,0000*69
$GPRMC,231534.00,A,3731.394741,N,12221.245027,W,021.5,055.1,290520,,,A*4B
$GPGGA,231535.00,3731.398719,N,12221.239699,W,7,,0.38,119.17,M,0.0,M,0.0,0000*66
$GPRMC,231535.00,A,3731.398719,N,12221.239699,W,022.2,042.6,290520,,,A*46
$GPGGA,231536.00,3731.403772,N,12221.234996,W,7,,0.38,120.08,M,0.0,M,0.0,0000*64
$GPRMC,231536.00,A,3731.403772,N,12221.234996,W,023.1,033.0,290520,,,A*42
$GPGGA,231537.00,3731.409813,N,12221.231090,W,7,,0.38,121.27,M,0.0,M,0.0,0000*61
$GPRMC,231537.00,A,3731.409813,N,12221.231090,W,023.9,024.3,290520,,,A*46
$GPGGA,231538.00,3731.416083,N,12221.227904,W,7,,0.38,122.32,M,0.0,M,0.0,0000*65
$GPRMC,231538.00,A,3731.416083,N,12221.227904,W,024.6,020.3,290520,,,A*49
$GPGGA,231539.00,3731.422420,N,12221.225060,W,7,,0.38,123.35,M,0.0,M,0.0,0000*61
$GPRMC,231539.00,A,3731.422420,N,12221.225060,W,024.9,019.8,290520,,,A*45
$GPGGA,231540.00,3731.428749,N,12221.221898,W,7,,0.38,124.47,M,0.0,M,0.0,0000*60
$GPRMC,231540.00,A,3731.428749,N,12221.221898,W,023.2,023.2,290520,,,A*49
$GPGGA,231541.00,3731.434564,N,12221.218196,W,7,,0.38,125.51,M,0.0,M,0.0,0000*6A
$GPRMC,231541.00,A,3731.434564,N,12221.218196,W,022.0,028.6,290520,,,A*49
$GPGGA,231542.00,3731.439460,N,12221.214302,W,7,,0.38,126.50,M,0.0,M,0.0,0000*60
$GPRMC,231542.00,A,3731.439460,N,12221.214302,W,020.1,034.7,290520,,,A*4E
$GPGGA,231543.00,3731.443881,N,12221.209987,W,7,,0.38,127.24,M,0.0,M,0.0,0000*66
$GPRMC,231543.00,A,3731.443881,N,12221.209987,W,019.8,038.7,290520,,,A*45
$GPGGA,231544.00,3731.448034,N,12221.205542,W,7,,0.38,127.93,M,0.0,M,0.0,0000*69
$GPRMC,231544.00,A,3731.448034,N,12221.205542,W,020.1,041.2,290520,,,A*4E
$GPGGA,231545.00,3731.452353,N,12221.200640,W,7,,0.38,128.55,M,0.0,M,0.0,0000*60
$GPRMC,231545.00,A,3731.452353,N,12221.200640,W,020.4,042.3,290520,,,A*45
$GPGGA,231546.00,3731.456536,N,12221.195660,W,7,,0.38,129.41,M,0.0,M,0.0,0000*6B
$GPRMC,231546.00,A,3731.456536,N,12221.195660,W,020.8,043.1,290520,,,A*45
$GPGGA,231547.00,3731.460544,N,12221.190799,W,7,,0.38,129.97,M,0.0,M,0.0,0000*63
$GPRMC,231547.00,A,3731.460544,N,12221.190799,W,020.4,044.2,290520,,,A*4E
$GPGGA,231548.00,3731.464564,N,12221.185694,W,7,,0.38,130.53,M,0.0,M,0.0,0000*62
$GPRMC,231548.00,A,3731.464564,N,12221.185694,W,019.5,044.9,290520,,,A*4F
$GPGGA,231549.00,3731.468128,N,12221.180924,W,7,,0.38,131.02,M,0.0,M,0.0,0000*67
$GPRMC,231549.00,A,3731.468128,N,12221.180924,W,018.4,047.0,290520,,,A*45
$GPGGA,231550.00,3731.471325,N,12221.176495,W,7,,0.38,131.44,M,0.0,M,0.0,0000*64
$GPRMC,231550.00,A,3731.471325,N,12221.176495,W,016.3,049.0,290520,,,A*43
$GPGGA,231551.00,3731.473816,N,12221.172817,W,7,,0.38,131.75,M,0.0,M,0.0,0000*6C
$GPRMC,231551.00,A,3731.473816,N,12221.172817,W,012.5,050.1,290520,,,A*42
$GPGGA,231552.00,3731.475544,N,12221.170171,W,7,,0.38,131.91,M,0.0,M,0.0,0000*62
$GPRMC,231552.00,A,3731.475544,N,12221.170171,W,007.6,051.7,290520,,,A*46
$GPGGA,231553.00,3731.476408,N,12221.168816,W,7,,0.38,132.03,M,0.0,M,0.0,0000*60
$GPRMC,231553.00,A,3731.476408,N,12221.168816,W,002.7,052.8,290520,,,A*44
$GPGGA,231554.00,3731.476689,N,12221.168191,W,7,,0.38,132.06,M,0.0,M,0.0,0000*6F
$GPRMC,231554.00,A,3731.476689,N,12221.168191,W,001.5,053.1,290520,,,A*47
$GPGGA,231555.00,3731.477026,N,12221.167610,W,7,,0.38,132.09,M,0.0,M,0.0,0000*62
$GPRMC,231555.00,A,3731.477026,N,12221.167610,W,002.9,052.7,290520,,,A*4D
$GPGGA,231556.00,3731.478124,N,12221.166374,W,7,,0.38,132.19,M,0.0,M,0.0,0000*6A
$GPRMC,231556.00,A,3731.478124,N,12221.166374,W,006.6,044.9,290520,,,A*46
$GPGGA,231557.00,3731.480181,N,12221.165282,W,7,,0.38,132.30,M,0.0,M,0.0,0000*63
$GPRMC,231557.00,A,3731.480181,N,12221.165282,W,009.1,024.5,290520,,,A*46
$GPGGA,231558.00,3731.482881,N,12221.165221,W,7,,0.38,132.10,M,0.0,M,0.0,0000*6C
$GPRMC,231558.00,A,3731.482881,N,12221.165221,W,010.7,359.8,290520,,,A*41
$GPGGA,231559.00,3731.485930,N,12221.166434,W,7,,0.38,132.03,M,0.0,M,0.0,0000*62
$GPRMC,231559.00,A,3731.485930,N,12221.166434,W,012.7,338.8,290520,,,A*48
$GPGGA,231600.00,3731.489224,N,12221.168888,W,7,,0.38,131.70,M,0.0,M,0.0,0000*6D
$GPRMC,231600.00,A,3731.489224,N,12221.168888,W,014.7,326.4,290520,,,A*45
$GPGGA,231601.00,3731.492769,N,12221.171864,W,7,,0.38,131.48,M,0.0,M,0.0,0000*6B
$GPRMC,231601.00,A,3731.492769,N,12221.171864,W,015.3,325.8,290520,,,A*42
$GPGGA,231602.00,3731.496448,N,12221.174887,W,7,,0.38,131.25,M,0.0,M,0.0,0000*6F
$GPRMC,231602.00,A,3731.496448,N,12221.174887,W,015.8,326.8,290520,,,A*45
$GPGGA,231603.00,3731.499927,N,12221.177648,W,7,,0.38,130.99,M,0.0,M,0.0,0000*6D
$GPRMC,231603.00,A,3731.499927,N,12221.177648,W,014.6,327.8,290520,,,A*4F
$GPGGA,231604.00,3731.503072,N,12221.180239,W,7,,0.38,130.63,M,0.0,M,0.0,0000*6E
$GPRMC,231604.00,A,3731.503072,N,12221.180239,W,012.0,325.0,290520,,,A*43
$GPGGA,231605.00,3731.505171,N,12221.182220,W,7,,0.38,130.51,M,0.0,M,0.0,0000*60
$GPRMC,231605.00,A,3731.505171,N,12221.182220,W,007.3,320.8,290520,,,A*46
$GPGGA,231606.00,3731.505958,N,12221.183018,W,7,,0.38,130.49,M,0.0,M,0.0,0000*61
$GPRMC,231606.00,A,3731.505958,N,12221.183018,W,001.3,319.5,290520,,,A*4F
$GPGGA,231607.00,3731.506138,N,12221.183138,W,7,,0.38,130.36,M,0.0,M,0.0,0000*66
$GPRMC,231607.00,A,3731.506138,N,12221.183138,W,000.0,000.0,290520,,,A*4C
$GPGGA,231608.00,3731.506186,N,12221.183143,W,7,,0.38,130.46,M,0.0,M,0.0,0000*67
$GPRMC,231608.00,A,3731.506186,N,12221.183143,W,000.3,319.6,290520,,,A*44
$GPGGA,231609.00,3731.506155,N,12221.183125,W,7,,0.38,130.46,M,0.0,M,0.0,0000*68
$GPRMC,231609.00,A,3731.506155,N,12221.183125,W,000.0,000.0,290520,,,A*45
$GPGGA,231610.00,3731.506108,N,12221.183125,W,7,,0.38,130.45,M,0.0,M,0.0,0000*6B
$GPRMC,231610.00,A,3731.506108,N,12221.183125,W,000.0,000.0,290520,,,A*45
$GPGGA,231611.00,3731.506095,N,12221.183101,W,7,,0.38,130.10,M,0.0,M,0.0,0000*69
$GPRMC,231611.00,A,3731.506095,N,12221.183101,W,000.0,000.0,290520,,,A*47
$GPGGA,231612.00,3731.506089,N,12221.183125,W,7,,0.38,130.05,M,0.0,M,0.0,0000*65
$GPRMC,231612.00,A,3731.506089,N,12221.183125,W,000.0,000.0,290520,,,A*4F
$GPGGA,231613.00,3731.506089,N,12221.183125,W,7,,0.38,130.06,M,0.0,M,0.0,0000*67
$GPRMC,231613.00,A,3731.506089,N,12221.183125,W,000.0,000.0,290520,,,A*4E
$GPGGA,231614.00,3731.506089,N,12221.183125,W,7,,0.38,130.06,M,0.0,M,0.0,0000*60
$GPRMC,231614.00,A,3731.506089,N,12221.183125,W,000.0,000.0,290520,,,A*49
$GPGGA,231615.00,3731.506089,N,12221.183125,W,7,,0.38,130.06,M,0.0,M,0.0,0000*61
$GPRMC,231615.00,A,3731.506089,N,12221.183125,W,000.0,000.0,290520,,,A*48
$GPGGA,231616.00,3731.506053,N,12221.183101,W,7,,0.38,130.12,M,0.0,M,0.0,0000*66
$GPRMC,231616.00,A,3731.506053,N,12221.183101,W,000.0,000.0,290520,,,A*4A
$GPGGA,231617.00,3731.506066,N,12221.183108,W,7,,0.38,130.12,M,0.0,M,0.0,0000*68
$GPRMC,231617.00,A,3731.506066,N,12221.183108,W,000.0,000.0,290520,,,A*44
$GPGGA,231618.00,3731.506059,N,12221.183108,W,7,,0.38,130.11,M,0.0,M,0.0,0000*68
$GPRMC,231618.00,A,3731.506059,N,12221.183108,W,000.0,000.0,290520,,,A*47
$GPGGA,231619.00,3731.506072,N,12221.183096,W,7,,0.38,130.29,M,0.0,M,0.0,0000*6D
$GPRMC,231619.00,A,3731.506072,N,12221.183096,W,000.0,000.0,290520,,,A*49
$GPGGA,231620.00,3731.506053,N,12221.183101,W,7,,0.38,130.32,M,0.0,M,0.0,0000*61
$GPRMC,231620.00,A,3731.506053,N,12221.183101,W,000.0,000.0,290520,,,A*4F
$GPGGA,231621.00,3731.506059,N,12221.183108,W,7,,0.38,130.39,M,0.0,M,0.0,0000*68
$GPRMC,231621.00,A,3731.506059,N,12221.183108,W,000.0,000.0,290520,,,A*4D
