$GPGGA,224428.00,3724.991529,N,12204.805561,W,7,,0.38,-39.29,M,0.0,M,0.0,0000*7C
$GPRMC,224428.00,A,3724.991529,N,12204.805561,W,000.0,000.0,290520,,,A*4D
$GPGGA,224429.00,3724.991529,N,12204.805561,W,7,,0.38,-39.28,M,0.0,M,0.0,0000*7C
$GPRMC,224429.00,A,3724.991529,N,12204.805561,W,000.0,000.0,290520,,,A*4C
$GPGGA,224430.00,3724.991529,N,12204.805561,W,7,,0.38,-39.26,M,0.0,M,0.0,0000*7A
$GPRMC,224430.00,A,3724.991529,N,12204.805561,W,000.0,000.0,290520,,,A*44
$GPGGA,224431.00,3724.991529,N,12204.805561,W,7,,0.38,-39.25,M,0.0,M,0.0,0000*78
$GPRMC,224431.00,A,3724.991529,N,12204.805561,W,000.0,000.0,290520,,,A*45
$GPGGA,224432.00,3724.991529,N,12204.805561,W,7,,0.38,-39.24,M,0.0,M,0.0,0000*7A
$GPRMC,224432.00,A,3724.991529,N,12204.805561,W,000.0,000.0,290520,,,A*46
$GPGGA,224433.00,3724.991631,N,12204.805915,W,7,,0.38,-38.58,M,0.0,M,0.0,0000*74
$GPRMC,224433.00,A,3724.991631,N,12204.805915,W,000.3,284.7,290520,,,A*48
$GPGGA,224434.00,3724.991872,N,12204.805952,W,7,,0.38,-37.91,M,0.0,M,0.0,0000*73
$GPRMC,224434.00,A,3724.991872,N,12204.805952,W,000.0,000.0,290520,,,A*4F
$GPGGA,224435.00,3724.991938,N,12204.805910,W,7,,0.38,-37.63,M,0.0,M,0.0,0000*76
$GPRMC,224435.00,A,3724.991938,N,12204.805910,W,000.0,000.0,290520,,,A*47
$GPGGA,224436.00,3724.992100,N,12204.805754,W,7,,0.38,-37.53,M,0.0,M,0.0,0000*78
$GPRMC,224436.00,A,3724.992100,N,12204.805754,W,000.0,000.0,290520,,,A*4A
$GPGGA,224437.00,3724.992507,N,12204.805436,W,7,,0.38,-37.17,M,0.0,M,0.0,0000*7D
$GPRMC,224437.00,A,3724.992507,N,12204.805436,W,000.0,000.0,290520,,,A*4F
$GPGGA,224438.00,3724.992634,N,12204.805538,W,7,,0.38,-37.60,M,0.0,M,0.0,0000*7E
$GPRMC,224438.00,A,3724.992634,N,12204.805538,W,000.0,000.0,290520,,,A*4C
$GPGGA,224439.00,3724.992699,N,12204.805645,W,7,,0.38,-36.95,M,0.0,M,0.0,0000*7A
$GPRMC,224439.00,A,3724.992699,N,12204.805645,W,000.0,000.0,290520,,,A*43
$GPGGA,224440.00,3724.992712,N,12204.805615,W,7,,0.38,-36.31,M,0.0,M,0.0,0000*7D
$GPRMC,224440.00,A,3724.992712,N,12204.805615,W,000.0,000.0,290520,,,A*4A
$GPGGA,224441.00,3724.992928,N,12204.805585,W,7,,0.38,-36.57,M,0.0,M,0.0,0000*71
$GPRMC,224441.00,A,3724.992928,N,12204.805585,W,000.0,000.0,290520,,,A*46
$GPGGA,224442.00,3724.992771,N,12204.805819,W,7,,0.38,-36.59,M,0.0,M,0.0,0000*76
$GPRMC,224442.00,A,3724.992771,N,12204.805819,W,000.0,000.0,290520,,,A*4F
$GPGGA,224443.00,3724.992843,N,12204.805814,W,7,,0.38,-36.49,M,0.0,M,0.0,0000*75
$GPRMC,224443.00,A,3724.992843,N,12204.805814,W,000.0,000.0,290520,,,A*4D
$GPGGA,224444.00,3724.992735,N,12204.805789,W,7,,0.38,-36.20,M,0.0,M,0.0,0000*78
$GPRMC,224444.00,A,3724.992735,N,12204.805789,W,000.0,000.0,290520,,,A*4F
$GPGGA,224445.00,3724.992754,N,12204.805814,W,7,,0.38,-35.86,M,0.0,M,0.0,0000*7A
$GPRMC,224445.00,A,3724.992754,N,12204.805814,W,000.0,000.0,290520,,,A*42
$GPGGA,224446.00,3724.992814,N,12204.806059,W,7,,0.38,-36.56,M,0.0,M,0.0,0000*7E
$GPRMC,224446.00,A,3724.992814,N,12204.806059,W,000.0,000.0,290520,,,A*48
$GPGGA,224447.00,3724.992807,N,12204.806012,W,7,,0.38,-36.30,M,0.0,M,0.0,0000*72
$GPRMC,224447.00,A,3724.992807,N,12204.806012,W,000.0,000.0,290520,,,A*44
$GPGGA,224448.00,3724.992814,N,12204.806000,W,7,,0.38,-36.29,M,0.0,M,0.0,0000*74
$GPRMC,224448.00,A,3724.992814,N,12204.806000,W,000.0,000.0,290520,,,A*4A
$GPGGA,224449.00,3724.992807,N,12204.806000,W,7,,0.38,-36.28,M,0.0,M,0.0,0000*76
$GPRMC,224449.00,A,3724.992807,N,12204.806000,W,000.0,000.0,290520,,,A*49
$GPGGA,224450.00,3724.992807,N,12204.805993,W,7,,0.38,-36.28,M,0.0,M,0.0,0000*7E
$GPRMC,224450.00,A,3724.992807,N,12204.805993,W,000.0,000.0,290520,,,A*41
$GPGGA,224451.00,3724.992801,N,12204.805993,W,7,,0.38,-36.28,M,0.0,M,0.0,0000*79
$GPRMC,224451.00,A,3724.992801,N,12204.805993,W,000.0,000.0,290520,,,A*46
$GPGGA,224452.00,3724.992801,N,12204.805987,W,7,,0.99,-36.27,M,0.0,M,0.0,0000*7B
$GPRMC,224452.00,A,3724.992801,N,12204.805987,W,000.0,000.0,290520,,,A*40
$GPGGA,224453.00,3724.992801,N,12204.805987,W,7,,0.99,-36.26,M,0.0,M,0.0,0000*7B
$GPRMC,224453.00,A,3724.992801,N,12204.805987,W,000.0,000.0,290520,,,A*41
$GPGGA,224454.00,3724.992795,N,12204.805987,W,7,,0.99,-36.25,M,0.0,M,0.0,0000*7D
$GPRMC,224454.00,A,3724.992795,N,12204.805987,W,000.0,000.0,290520,,,A*44
$GPGGA,224455.00,3724.992795,N,12204.805987,W,7,,0.99,-36.25,M,0.0,M,0.0,0000*7C
$GPRMC,224455.00,A,3724.992795,N,12204.805987,W,000.0,000.0,290520,,,A*45
$GPGGA,224456.00,3724.992795,N,12204.805987,W,7,,0.99,-36.24,M,0.0,M,0.0,0000*7E
$GPRMC,224456.00,A,3724.992795,N,12204.805987,W,000.0,000.0,290520,,,A*46
$GPGGA,224457.00,3724.992790,N,12204.805987,W,7,,0.99,-36.24,M,0.0,M,0.0,0000*7A
$GPRMC,224457.00,A,3724.992790,N,12204.805987,W,000.0,000.0,290520,,,A*42
$GPGGA,224458.00,3724.992820,N,12204.805945,W,7,,0.99,-36.18,M,0.0,M,0.0,0000*70
$GPRMC,224458.00,A,3724.992820,N,12204.805945,W,000.0,000.0,290520,,,A*47
$GPGGA,224459.00,3724.992820,N,12204.805945,W,7,,0.99,-36.18,M,0.0,M,0.0,0000*71
$GPRMC,224459.00,A,3724.992820,N,12204.805945,W,000.0,000.0,290520,,,A*46
$GPGGA,224500.00,3724.992820,N,12204.805940,W,7,,0.99,-36.12,M,0.0,M,0.0,0000*73
$GPRMC,224500.00,A,3724.992820,N,12204.805940,W,000.0,000.0,290520,,,A*4E
$GPGGA,224501.00,3724.992820,N,12204.805915,W,7,,0.99,-35.93,M,0.0,M,0.0,0000*78
$GPRMC,224501.00,A,3724.992820,N,12204.805915,W,000.0,000.0,290520,,,A*4F
$GPGGA,224502.00,3724.992801,N,12204.805880,W,7,,0.99,-35.73,M,0.0,M,0.0,0000*7B
$GPRMC,224502.00,A,3724.992801,N,12204.805880,W,000.0,000.0,290520,,,A*42
$GPGGA,224503.00,3724.992795,N,12204.805868,W,7,,0.99,-35.66,M,0.0,M,0.0,0000*7A
$GPRMC,224503.00,A,3724.992795,N,12204.805868,W,000.0,000.0,290520,,,A*47
$GPGGA,224504.00,3724.992790,N,12204.805861,W,7,,0.99,-35.60,M,0.0,M,0.0,0000*77
$GPRMC,224504.00,A,3724.992790,N,12204.805861,W,000.0,000.0,290520,,,A*4C
$GPGGA,224505.00,3724.992795,N,12204.805849,W,7,,0.38,-35.56,M,0.0,M,0.0,0000*77
$GPRMC,224505.00,A,3724.992795,N,12204.805849,W,000.0,000.0,290520,,,A*42
$GPGGA,224506.00,3724.992790,N,12204.805856,W,7,,0.38,-35.50,M,0.0,M,0.0,0000*79
$GPRMC,224506.00,A,3724.992790,N,12204.805856,W,000.0,000.0,290520,,,A*4A
$GPGGA,224507.00,3724.992790,N,12204.805849,W,7,,0.38,-35.47,M,0.0,M,0.0,0000*70
$GPRMC,224507.00,A,3724.992790,N,12204.805849,W,000.0,000.0,290520,,,A*45
$GPGGA,224508.00,3724.992795,N,12204.805843,W,7,,0.38,-35.44,M,0.0,M,0.0,0000*73
$GPRMC,224508.00,A,3724.992795,N,12204.805843,W,000.0,000.0,290520,,,A*45
$GPGGA,224509.00,3724.992801,N,12204.805843,W,7,,0.38,-35.41,M,0.0,M,0.0,0000*75
$GPRMC,224509.00,A,3724.992801,N,12204.805843,W,000.0,000.0,290520,,,A*46
$GPGGA,224510.00,3724.992807,N,12204.805849,W,7,,0.38,-35.42,M,0.0,M,0.0,0000*72
$GPRMC,224510.00,A,3724.992807,N,12204.805849,W,000.0,000.0,290520,,,A*42
$GPGGA,224511.00,3724.992807,N,12204.805849,W,7,,0.38,-35.43,M,0.0,M,0.0,0000*72
$GPRMC,224511.00,A,3724.992807,N,12204.805849,W,000.0,000.0,290520,,,A*43
$GPGGA,224512.00,3724.992814,N,12204.805849,W,7,,0.38,-35.46,M,0.0,M,0.0,0000*76
$GPRMC,224512.00,A,3724.992814,N,12204.805849,W,000.0,000.0,290520,,,A*42
$GPGGA,224513.00,3724.993161,N,12204.805759,W,7,,0.38,-36.28,M,0.0,M,0.0,0000*78
$GPRMC,224513.00,A,3724.993161,N,12204.805759,W,000.0,000.0,290520,,,A*47
$GPGGA,224514.00,3724.993588,N,12204.805375,W,7,,0.38,-36.73,M,0.0,M,0.0,0000*78
$GPRMC,224514.00,A,3724.993588,N,12204.805375,W,000.0,000.0,290520,,,A*49
$GPGGA,224515.00,3724.993516,N,12204.804014,W,7,,0.38,-36.73,M,0.0,M,0.0,0000*7B
$GPRMC,224515.00,A,3724.993516,N,12204.804014,W,003.0,089.3,290520,,,A*4B
$GPGGA,224516.00,3724.993186,N,12204.801637,W,7,,0.38,-36.13,M,0.0,M,0.0,0000*71
$GPRMC,224516.00,A,3724.993186,N,12204.801637,W,007.0,093.4,290520,,,A*4F
$GPGGA,224517.00,3724.992585,N,12204.797629,W,7,,0.38,-35.26,M,0.0,M,0.0,0000*7C
$GPRMC,224517.00,A,3724.992585,N,12204.797629,W,010.8,093.6,290520,,,A*4B
$GPGGA,224518.00,3724.992202,N,12204.792601,W,7,,0.38,-34.35,M,0.0,M,0.0,0000*77
$GPRMC,224518.00,A,3724.992202,N,12204.792601,W,013.8,093.5,290520,,,A*43
$GPGGA,224519.00,3724.991973,N,12204.786752,W,7,,0.38,-33.07,M,0.0,M,0.0,0000*7C
$GPRMC,224519.00,A,3724.991973,N,12204.786752,W,016.6,094.0,290520,,,A*47
$GPGGA,224520.00,3724.991523,N,12204.780127,W,7,,0.38,-33.20,M,0.0,M,0.0,0000*78
$GPRMC,224520.00,A,3724.991523,N,12204.780127,W,018.4,094.7,290520,,,A*4D
$GPGGA,224521.00,3724.991152,N,12204.773252,W,7,,0.38,-32.83,M,0.0,M,0.0,0000*7E
$GPRMC,224521.00,A,3724.991152,N,12204.773252,W,019.7,094.0,290520,,,A*46
$GPGGA,224522.00,3724.990636,N,12204.765872,W,7,,0.38,-32.35,M,0.0,M,0.0,0000*7B
$GPRMC,224522.00,A,3724.990636,N,12204.765872,W,020.6,094.0,290520,,,A*45
$GPGGA,224523.00,3724.990359,N,12204.758504,W,7,,0.38,-30.46,M,0.0,M,0.0,0000*72
$GPRMC,224523.00,A,3724.990359,N,12204.758504,W,020.9,094.1,290520,,,A*44
$GPGGA,224524.00,3724.989807,N,12204.750734,W,7,,0.38,-30.38,M,0.0,M,0.0,0000*7D
$GPRMC,224524.00,A,3724.989807,N,12204.750734,W,022.1,094.7,290520,,,A*4E
$GPGGA,224525.00,3724.989202,N,12204.742867,W,7,,0.38,-32.02,M,0.0,M,0.0,0000*72
$GPRMC,224525.00,A,3724.989202,N,12204.742867,W,021.8,094.6,290520,,,A*41
$GPGGA,224526.00,3724.988776,N,12204.735157,W,7,,0.38,-31.28,M,0.0,M,0.0,0000*77
$GPRMC,224526.00,A,3724.988776,N,12204.735157,W,020.8,095.0,290520,,,A*49
$GPGGA,224527.00,3724.988296,N,12204.728426,W,7,,0.38,-31.73,M,0.0,M,0.0,0000*7C
$GPRMC,224527.00,A,3724.988296,N,12204.728426,W,019.7,094.7,290520,,,A*4F
$GPGGA,224528.00,3724.987900,N,12204.721790,W,7,,0.38,-31.53,M,0.0,M,0.0,0000*7D
$GPRMC,224528.00,A,3724.987900,N,12204.721790,W,018.2,093.4,290520,,,A*4C
$GPGGA,224529.00,3724.987528,N,12204.715897,W,7,,0.38,-31.35,M,0.0,M,0.0,0000*75
$GPRMC,224529.00,A,3724.987528,N,12204.715897,W,015.6,095.3,290520,,,A*4C
$GPGGA,224530.00,3724.987215,N,12204.711313,W,7,,0.38,-30.34,M,0.0,M,0.0,0000*77
$GPRMC,224530.00,A,3724.987215,N,12204.711313,W,011.9,095.5,290520,,,A*43
$GPGGA,224531.00,3724.987005,N,12204.707762,W,7,,0.38,-29.97,M,0.0,M,0.0,0000*71
$GPRMC,224531.00,A,3724.987005,N,12204.707762,W,008.8,096.4,290520,,,A*4F
$GPGGA,224532.00,3724.986891,N,12204.705194,W,7,,0.38,-29.30,M,0.0,M,0.0,0000*76
$GPRMC,224532.00,A,3724.986891,N,12204.705194,W,005.9,097.1,290520,,,A*4D
$GPGGA,224533.00,3724.986772,N,12204.703478,W,7,,0.38,-29.11,M,0.0,M,0.0,0000*77
$GPRMC,224533.00,A,3724.986772,N,12204.703478,W,004.6,096.6,290520,,,A*47
$GPGGA,224534.00,3724.986544,N,12204.701870,W,7,,0.38,-28.79,M,0.0,M,0.0,0000*7E
$GPRMC,224534.00,A,3724.986544,N,12204.701870,W,004.3,097.6,290520,,,A*45
$GPGGA,224535.00,3724.986190,N,12204.700352,W,7,,0.38,-28.55,M,0.0,M,0.0,0000*76
$GPRMC,224535.00,A,3724.986190,N,12204.700352,W,004.4,098.1,290520,,,A*4C
$GPGGA,224536.00,3724.986028,N,12204.698749,W,7,,0.38,-28.45,M,0.0,M,0.0,0000*78
$GPRMC,224536.00,A,3724.986028,N,12204.698749,W,004.5,098.5,290520,,,A*46
$GPGGA,224537.00,3724.985788,N,12204.697039,W,7,,0.38,-28.04,M,0.0,M,0.0,0000*7D
$GPRMC,224537.00,A,3724.985788,N,12204.697039,W,004.7,098.8,290520,,,A*49
$GPGGA,224538.00,3724.985661,N,12204.695791,W,7,,0.38,-27.62,M,0.0,M,0.0,0000*7C
$GPRMC,224538.00,A,3724.985661,N,12204.695791,W,002.8,101.3,290520,,,A*44
$GPGGA,224539.00,3724.985499,N,12204.695264,W,7,,0.38,-27.55,M,0.0,M,0.0,0000*73
$GPRMC,224539.00,A,3724.985499,N,12204.695264,W,000.5,103.2,290520,,,A*43
$GPGGA,224540.00,3724.985494,N,12204.695306,W,7,,0.38,-27.87,M,0.0,M,0.0,0000*7A
$GPRMC,224540.00,A,3724.985494,N,12204.695306,W,000.0,000.0,290520,,,A*40
$GPGGA,224541.00,3724.985541,N,12204.695366,W,7,,0.38,-27.97,M,0.0,M,0.0,0000*75
$GPRMC,224541.00,A,3724.985541,N,12204.695366,W,000.0,000.0,290520,,,A*4E
$GPGGA,224542.00,3724.985535,N,12204.695354,W,7,,0.38,-27.97,M,0.0,M,0.0,0000*74
$GPRMC,224542.00,A,3724.985535,N,12204.695354,W,000.0,000.0,290520,,,A*4F
$GPGGA,224543.00,3724.985361,N,12204.695120,W,7,,0.38,-28.02,M,0.0,M,0.0,0000*70
$GPRMC,224543.00,A,3724.985361,N,12204.695120,W,001.2,103.9,290520,,,A*40
$GPGGA,224544.00,3724.984840,N,12204.694016,W,7,,0.38,-27.99,M,0.0,M,0.0,0000*76
$GPRMC,224544.00,A,3724.984840,N,12204.694016,W,005.1,107.6,290520,,,A*47
$GPGGA,224545.00,3724.983279,N,12204.692317,W,7,,0.38,-28.00,M,0.0,M,0.0,0000*7B
$GPRMC,224545.00,A,3724.983279,N,12204.692317,W,008.6,129.0,290520,,,A*45
$GPGGA,224546.00,3724.980471,N,12204.691088,W,7,,0.38,-28.16,M,0.0,M,0.0,0000*74
$GPRMC,224546.00,A,3724.980471,N,12204.691088,W,011.8,155.0,290520,,,A*40
$GPGGA,224547.00,3724.976740,N,12204.690236,W,7,,0.38,-27.94,M,0.0,M,0.0,0000*7E
$GPRMC,224547.00,A,3724.976740,N,12204.690236,W,014.5,163.8,290520,,,A*4A
$GPGGA,224548.00,3724.972462,N,12204.689864,W,7,,0.38,-27.98,M,0.0,M,0.0,0000*7F
$GPRMC,224548.00,A,3724.972462,N,12204.689864,W,015.7,172.0,290520,,,A*4C
$GPGGA,224549.00,3724.968183,N,12204.689894,W,7,,0.38,-28.02,M,0.0,M,0.0,0000*7C
$GPRMC,224549.00,A,3724.968183,N,12204.689894,W,016.0,177.1,290520,,,A*43
$GPGGA,224550.00,3724.963575,N,12204.690038,W,7,,0.38,-28.02,M,0.0,M,0.0,0000*74
$GPRMC,224550.00,A,3724.963575,N,12204.690038,W,016.5,179.9,290520,,,A*48
$GPGGA,224551.00,3724.959459,N,12204.690308,W,7,,0.38,-27.93,M,0.0,M,0.0,0000*74
$GPRMC,224551.00,A,3724.959459,N,12204.690308,W,014.5,181.0,290520,,,A*43
$GPGGA,224552.00,3724.955925,N,12204.690487,W,7,,0.38,-27.89,M,0.0,M,0.0,0000*76
$GPRMC,224552.00,A,3724.955925,N,12204.690487,W,011.9,182.7,290520,,,A*47
$GPGGA,224553.00,3724.952914,N,12204.690661,W,7,,0.38,-27.92,M,0.0,M,0.0,0000*72
$GPRMC,224553.00,A,3724.952914,N,12204.690661,W,009.3,183.9,290520,,,A*45
$GPGGA,224554.00,3724.950807,N,12204.690751,W,7,,0.38,-27.80,M,0.0,M,0.0,0000*75
$GPRMC,224554.00,A,3724.950807,N,12204.690751,W,006.5,184.5,290520,,,A*43
$GPGGA,224555.00,3724.949446,N,12204.690823,W,7,,0.38,-27.91,M,0.0,M,0.0,0000*7F
$GPRMC,224555.00,A,3724.949446,N,12204.690823,W,004.0,184.6,290520,,,A*4D
$GPGGA,224556.00,3724.948612,N,12204.690817,W,7,,0.38,-27.89,M,0.0,M,0.0,0000*70
$GPRMC,224556.00,A,3724.948612,N,12204.690817,W,002.3,184.8,290520,,,A*40
$GPGGA,224557.00,3724.948126,N,12204.690817,W,7,,0.38,-27.89,M,0.0,M,0.0,0000*71
$GPRMC,224557.00,A,3724.948126,N,12204.690817,W,001.1,184.7,290520,,,A*4F
$GPGGA,224558.00,3724.947922,N,12204.690793,W,7,,0.38,-27.73,M,0.0,M,0.0,0000*7B
$GPRMC,224558.00,A,3724.947922,N,12204.690793,W,000.0,000.0,290520,,,A*4A
$GPGGA,224559.00,3724.947867,N,12204.690740,W,7,,0.38,-27.83,M,0.0,M,0.0,0000*7B
$GPRMC,224559.00,A,3724.947867,N,12204.690740,W,000.0,000.0,290520,,,A*45
$GPGGA,224600.00,3724.947832,N,12204.690721,W,7,,0.38,-27.85,M,0.0,M,0.0,0000*75
$GPRMC,224600.00,A,3724.947832,N,12204.690721,W,000.0,000.0,290520,,,A*4D
$GPGGA,224601.00,3724.947832,N,12204.690721,W,7,,0.38,-27.84,M,0.0,M,0.0,0000*75
$GPRMC,224601.00,A,3724.947832,N,12204.690721,W,000.0,000.0,290520,,,A*4C
$GPGGA,224602.00,3724.947832,N,12204.690721,W,7,,0.38,-27.84,M,0.0,M,0.0,0000*76
$GPRMC,224602.00,A,3724.947832,N,12204.690721,W,000.0,000.0,290520,,,A*4F
$GPGGA,224603.00,3724.947832,N,12204.690721,W,7,,0.38,-27.84,M,0.0,M,0.0,0000*77
$GPRMC,224603.00,A,3724.947832,N,12204.690721,W,000.0,000.0,290520,,,A*4E
$GPGGA,224604.00,3724.947832,N,12204.690721,W,7,,0.38,-27.84,M,0.0,M,0.0,0000*70
$GPRMC,224604.00,A,3724.947832,N,12204.690721,W,000.0,000.0,290520,,,A*49
$GPGGA,224605.00,3724.947832,N,12204.690721,W,7,,0.38,-27.84,M,0.0,M,0.0,0000*71
$GPRMC,224605.00,A,3724.947832,N,12204.690721,W,000.0,000.0,290520,,,A*48
$GPGGA,224606.00,3724.947832,N,12204.690721,W,7,,0.38,-27.84,M,0.0,M,0.0,0000*72
$GPRMC,224606.00,A,3724.947832,N,12204.690721,W,000.0,000.0,290520,,,A*4B
$GPGGA,224607.00,3724.947832,N,12204.690716,W,7,,0.38,-27.84,M,0.0,M,0.0,0000*77
$GPRMC,224607.00,A,3724.947832,N,12204.690716,W,000.0,000.0,290520,,,A*4E
$GPGGA,224608.00,3724.947832,N,12204.690721,W,7,,0.38,-27.84,M,0.0,M,0.0,0000*7C
$GPRMC,224608.00,A,3724.947832,N,12204.690721,W,000.0,000.0,290520,,,A*45
$GPGGA,224609.00,3724.947832,N,12204.690721,W,7,,0.38,-27.84,M,0.0,M,0.0,0000*7D
$GPRMC,224609.00,A,3724.947832,N,12204.690721,W,000.0,000.0,290520,,,A*44
$GPGGA,224610.00,3724.947832,N,12204.690721,W,7,,0.38,-27.84,M,0.0,M,0.0,0000*75
$GPRMC,224610.00,A,3724.947832,N,12204.690721,W,000.0,000.0,290520,,,A*4C
$GPGGA,224611.00,3724.947832,N,12204.690721,W,7,,0.38,-27.84,M,0.0,M,0.0,0000*74
$GPRMC,224611.00,A,3724.947832,N,12204.690721,W,000.0,000.0,290520,,,A*4D
$GPGGA,224612.00,3724.947832,N,12204.690716,W,7,,0.38,-27.84,M,0.0,M,0.0,0000*73
$GPRMC,224612.00,A,3724.947832,N,12204.690716,W,000.0,000.0,290520,,,A*4A
$GPGGA,224613.00,3724.947832,N,12204.690721,W,7,,0.38,-27.84,M,0.0,M,0.0,0000*76
$GPRMC,224613.00,A,3724.947832,N,12204.690721,W,000.0,000.0,290520,,,A*4F
$GPGGA,224614.00,3724.947832,N,12204.690721,W,7,,0.38,-27.84,M,0.0,M,0.0,0000*71
$GPRMC,224614.00,A,3724.947832,N,12204.690721,W,000.0,000.0,290520,,,A*48
$GPGGA,224615.00,3724.947832,N,12204.690721,W,7,,0.38,-27.84,M,0.0,M,0.0,0000*70
$GPRMC,224615.00,A,3724.947832,N,12204.690721,W,000.0,000.0,290520,,,A*49
$GPGGA,224616.00,3724.947832,N,12204.690716,W,7,,0.38,-27.84,M,0.0,M,0.0,0000*77
$GPRMC,224616.00,A,3724.947832,N,12204.690716,W,000.0,000.0,290520,,,A*4E
$GPGGA,224617.00,3724.947832,N,12204.690716,W,7,,0.38,-27.84,M,0.0,M,0.0,0000*76
$GPRMC,224617.00,A,3724.947832,N,12204.690716,W,000.0,000.0,290520,,,A*4F
$GPGGA,224618.00,3724.947832,N,12204.690721,W,7,,0.38,-27.84,M,0.0,M,0.0,0000*7D
$GPRMC,224618.00,A,3724.947832,N,12204.690721,W,000.0,000.0,290520,,,A*44
$GPGGA,224619.00,3724.947832,N,12204.690721,W,7,,0.38,-27.84,M,0.0,M,0.0,0000*7C
$GPRMC,224619.00,A,3724.947832,N,12204.690721,W,000.0,000.0,290520,,,A*45
$GPGGA,224620.00,3724.947832,N,12204.690721,W,7,,0.38,-27.84,M,0.0,M,0.0,0000*76
$GPRMC,224620.00,A,3724.947832,N,12204.690721,W,000.0,000.0,290520,,,A*4F
$GPGGA,224621.00,3724.947832,N,12204.690721,W,7,,0.38,-27.84,M,0.0,M,0.0,0000*77
$GPRMC,224621.00,A,3724.947832,N,12204.690721,W,000.0,000.0,290520,,,A*4E
$GPGGA,224622.00,3724.947832,N,12204.690721,W,7,,0.38,-27.84,M,0.0,M,0.0,0000*74
$GPRMC,224622.00,A,3724.947832,N,12204.690721,W,000.0,000.0,290520,,,A*4D
$GPGGA,224623.00,3724.947832,N,12204.690721,W,7,,0.38,-27.84,M,0.0,M,0.0,0000*75
$GPRMC,224623.00,A,3724.947832,N,12204.690721,W,000.0,000.0,290520,,,A*4C
$GPGGA,224624.00,3724.947832,N,12204.690721,W,7,,0.38,-27.84,M,0.0,M,0.0,0000*72
$GPRMC,224624.00,A,3724.947832,N,12204.690721,W,000.0,000.0,290520,,,A*4B
$GPGGA,224625.00,3724.947832,N,12204.690721,W,7,,0.38,-27.84,M,0.0,M,0.0,0000*73
$GPRMC,224625.00,A,3724.947832,N,12204.690721,W,000.0,000.0,290520,,,A*4A
$GPGGA,224626.00,3724.947832,N,12204.690716,W,7,,0.38,-27.84,M,0.0,M,0.0,0000*74
$GPRMC,224626.00,A,3724.947832,N,12204.690716,W,000.0,000.0,290520,,,A*4D
$GPGGA,224627.00,3724.947832,N,12204.690716,W,7,,0.38,-27.84,M,0.0,M,0.0,0000*75
$GPRMC,224627.00,A,3724.947832,N,12204.690716,W,000.0,000.0,290520,,,A*4C
$GPGGA,224628.00,3724.947832,N,12204.690721,W,7,,0.38,-27.84,M,0.0,M,0.0,0000*7E
$GPRMC,224628.00,A,3724.947832,N,12204.690721,W,000.0,000.0,290520,,,A*47
$GPGGA,224629.00,3724.947832,N,12204.690716,W,7,,0.38,-27.84,M,0.0,M,0.0,0000*7B
$GPRMC,224629.00,A,3724.947832,N,12204.690716,W,000.0,000.0,290520,,,A*42
$GPGGA,224630.00,3724.947832,N,12204.690716,W,7,,0.38,-27.84,M,0.0,M,0.0,0000*73
$GPRMC,224630.00,A,3724.947832,N,12204.690716,W,000.0,000.0,290520,,,A*4A
$GPGGA,224631.00,3724.947832,N,12204.690721,W,7,,0.38,-27.84,M,0.0,M,0.0,0000*76
$GPRMC,224631.00,A,3724.947832,N,12204.690721,W,000.0,000.0,290520,,,A*4F
$GPGGA,224632.00,3724.947832,N,12204.690721,W,7,,0.38,-27.84,M,0.0,M,0.0,0000*75
$GPRMC,224632.00,A,3724.947832,N,12204.690721,W,000.0,000.0,290520,,,A*4C
$GPGGA,224633.00,3724.947832,N,12204.690721,W,7,,0.38,-27.84,M,0.0,M,0.0,0000*74
$GPRMC,224633.00,A,3724.947832,N,12204.690721,W,000.0,000.0,290520,,,A*4D
$GPGGA,224634.00,3724.947021,N,12204.690860,W,7,,0.38,-29.78,M,0.0,M,0.0,0000*7E
$GPRMC,224634.00,A,3724.947021,N,12204.690860,W,001.6,184.5,290520,,,A*45
$GPGGA,224635.00,3724.945707,N,12204.690919,W,7,,0.38,-29.73,M,0.0,M,0.0,0000*7A
$GPRMC,224635.00,A,3724.945707,N,12204.690919,W,006.6,183.6,290520,,,A*49
$GPGGA,224636.00,3724.943176,N,12204.690944,W,7,,0.38,-29.54,M,0.0,M,0.0,0000*72
$GPRMC,224636.00,A,3724.943176,N,12204.690944,W,010.8,181.5,290520,,,A*4C
$GPGGA,224637.00,3724.939569,N,12204.690944,W,7,,0.38,-29.58,M,0.0,M,0.0,0000*78
$GPRMC,224637.00,A,3724.939569,N,12204.690944,W,014.3,180.6,290520,,,A*47
$GPGGA,224638.00,3724.935243,N,12204.691033,W,7,,0.38,-29.58,M,0.0,M,0.0,0000*7C
$GPRMC,224638.00,A,3724.935243,N,12204.691033,W,016.3,180.7,290520,,,A*40
$GPGGA,224639.00,3724.930455,N,12204.691081,W,7,,0.38,-29.42,M,0.0,M,0.0,0000*7B
$GPRMC,224639.00,A,3724.930455,N,12204.691081,W,017.7,180.3,290520,,,A*4D
$GPGGA,224640.00,3724.925463,N,12204.691244,W,7,,0.38,-29.31,M,0.0,M,0.0,0000*7B
$GPRMC,224640.00,A,3724.925463,N,12204.691244,W,019.0,180.9,290520,,,A*4A
$GPGGA,224641.00,3724.919769,N,12204.691279,W,7,,0.38,-29.26,M,0.0,M,0.0,0000*74
$GPRMC,224641.00,A,3724.919769,N,12204.691279,W,020.3,180.8,290520,,,A*4B
$GPGGA,224642.00,3724.913914,N,12204.691177,W,7,,0.38,-28.82,M,0.0,M,0.0,0000*7B
$GPRMC,224642.00,A,3724.913914,N,12204.691177,W,021.0,180.5,290520,,,A*44
$GPGGA,224643.00,3724.908118,N,12204.691262,W,7,,0.38,-28.81,M,0.0,M,0.0,0000*70
$GPRMC,224643.00,A,3724.908118,N,12204.691262,W,021.8,180.4,290520,,,A*45
$GPGGA,224644.00,3724.901817,N,12204.691316,W,7,,0.38,-28.74,M,0.0,M,0.0,0000*70
$GPRMC,224644.00,A,3724.901817,N,12204.691316,W,021.9,180.0,290520,,,A*4A
$GPGGA,224645.00,3724.895740,N,12204.691339,W,7,,0.38,-28.66,M,0.0,M,0.0,0000*7E
$GPRMC,224645.00,A,3724.895740,N,12204.691339,W,022.2,179.6,290520,,,A*4F
$GPGGA,224646.00,3724.889368,N,12204.691111,W,7,,0.38,-28.39,M,0.0,M,0.0,0000*7C
$GPRMC,224646.00,A,3724.889368,N,12204.691111,W,022.9,179.4,290520,,,A*4E
$GPGGA,224647.00,3724.883217,N,12204.691147,W,7,,0.38,-28.26,M,0.0,M,0.0,0000*73
$GPRMC,224647.00,A,3724.883217,N,12204.691147,W,022.8,179.4,290520,,,A*4E
$GPGGA,224648.00,3724.877055,N,12204.691076,W,7,,0.38,-28.19,M,0.0,M,0.0,0000*7C
$GPRMC,224648.00,A,3724.877055,N,12204.691076,W,021.7,179.4,290520,,,A*41
$GPGGA,224649.00,3724.871128,N,12204.690967,W,7,,0.38,-27.97,M,0.0,M,0.0,0000*71
$GPRMC,224649.00,A,3724.871128,N,12204.690967,W,019.8,179.2,290520,,,A*47
$GPGGA,224650.00,3724.866021,N,12204.690895,W,7,,0.38,-27.77,M,0.0,M,0.0,0000*75
$GPRMC,224650.00,A,3724.866021,N,12204.690895,W,017.4,179.0,290520,,,A*4D
$GPGGA,224651.00,3724.861630,N,12204.690782,W,7,,0.38,-27.72,M,0.0,M,0.0,0000*79
$GPRMC,224651.00,A,3724.861630,N,12204.690782,W,014.8,178.8,290520,,,A*42
$GPGGA,224652.00,3724.857975,N,12204.691076,W,7,,0.38,-27.94,M,0.0,M,0.0,0000*74
$GPRMC,224652.00,A,3724.857975,N,12204.691076,W,012.0,182.4,290520,,,A*40
$GPGGA,224653.00,3724.854825,N,12204.691562,W,7,,0.38,-27.72,M,0.0,M,0.0,0000*7A
$GPRMC,224653.00,A,3724.854825,N,12204.691562,W,010.9,188.6,290520,,,A*45
$GPGGA,224654.00,3724.851934,N,12204.692150,W,7,,0.38,-27.51,M,0.0,M,0.0,0000*7E
$GPRMC,224654.00,A,3724.851934,N,12204.692150,W,010.4,189.3,290520,,,A*49
$GPGGA,224655.00,3724.849198,N,12204.692612,W,7,,0.38,-27.49,M,0.0,M,0.0,0000*70
$GPRMC,224655.00,A,3724.849198,N,12204.692612,W,009.8,187.0,290520,,,A*47
$GPGGA,224656.00,3724.846864,N,12204.692791,W,7,,0.38,-27.89,M,0.0,M,0.0,0000*70
$GPRMC,224656.00,A,3724.846864,N,12204.692791,W,007.9,183.1,290520,,,A*41
$GPGGA,224657.00,3724.845034,N,12204.692863,W,7,,0.39,-27.78,M,0.0,M,0.0,0000*72
$GPRMC,224657.00,A,3724.845034,N,12204.692863,W,005.2,180.9,290520,,,A*4E
$GPGGA,224658.00,3724.844331,N,12204.692894,W,7,,0.38,-27.68,M,0.0,M,0.0,0000*72
$GPRMC,224658.00,A,3724.844331,N,12204.692894,W,000.6,180.6,290520,,,A*40
$GPGGA,224659.00,3724.844139,N,12204.692870,W,7,,0.38,-27.49,M,0.0,M,0.0,0000*70
$GPRMC,224659.00,A,3724.844139,N,12204.692870,W,000.0,000.0,290520,,,A*48
$GPGGA,224700.00,3724.844139,N,12204.692870,W,7,,0.38,-27.49,M,0.0,M,0.0,0000*7D
$GPRMC,224700.00,A,3724.844139,N,12204.692870,W,000.0,000.0,290520,,,A*45
$GPGGA,224701.00,3724.844139,N,12204.692870,W,7,,0.38,-27.49,M,0.0,M,0.0,0000*7C
$GPRMC,224701.00,A,3724.844139,N,12204.692870,W,000.0,000.0,290520,,,A*44
$GPGGA,224702.00,3724.844139,N,12204.692870,W,7,,0.38,-27.49,M,0.0,M,0.0,0000*7F
$GPRMC,224702.00,A,3724.844139,N,12204.692870,W,000.0,000.0,290520,,,A*47
$GPGGA,224703.00,3724.844139,N,12204.692870,W,7,,0.38,-27.49,M,0.0,M,0.0,0000*7E
$GPRMC,224703.00,A,3724.844139,N,12204.692870,W,000.0,000.0,290520,,,A*46
$GPGGA,224704.00,3724.844139,N,12204.692870,W,7,,0.38,-27.49,M,0.0,M,0.0,0000*79
$GPRMC,224704.00,A,3724.844139,N,12204.692870,W,000.0,000.0,290520,,,A*41
$GPGGA,224705.00,3724.844139,N,12204.692870,W,7,,0.38,-27.49,M,0.0,M,0.0,0000*78
$GPRMC,224705.00,A,3724.844139,N,12204.692870,W,000.0,000.0,290520,,,A*40
$GPGGA,224706.00,3724.844139,N,12204.692870,W,7,,0.38,-27.49,M,0.0,M,0.0,0000*7B
$GPRMC,224706.00,A,3724.844139,N,12204.692870,W,000.0,000.0,290520,,,A*43
$GPGGA,224707.00,3724.844139,N,12204.692870,W,7,,0.38,-27.49,M,0.0,M,0.0,0000*7A
$GPRMC,224707.00,A,3724.844139,N,12204.692870,W,000.0,000.0,290520,,,A*42
$GPGGA,224708.00,3724.844139,N,12204.692870,W,7,,0.38,-27.49,M,0.0,M,0.0,0000*75
$GPRMC,224708.00,A,3724.844139,N,12204.692870,W,000.0,000.0,290520,,,A*4D
$GPGGA,224709.00,3724.844139,N,12204.692870,W,7,,0.38,-27.49,M,0.0,M,0.0,0000*74
$GPRMC,224709.00,A,3724.844139,N,12204.692870,W,000.0,000.0,290520,,,A*4C
$GPGGA,224710.00,3724.843948,N,12204.692840,W,7,,0.38,-27.74,M,0.0,M,0.0,0000*78
$GPRMC,224710.00,A,3724.843948,N,12204.692840,W,001.1,180.2,290520,,,A*45
$GPGGA,224711.00,3724.843144,N,12204.692845,W,7,,0.38,-27.60,M,0.0,M,0.0,0000*7D
$GPRMC,224711.00,A,3724.843144,N,12204.692845,W,003.9,180.1,290520,,,A*4C
$GPGGA,224712.00,3724.841530,N,12204.692863,W,7,,0.38,-27.52,M,0.0,M,0.0,0000*7E
$GPRMC,224712.00,A,3724.841530,N,12204.692863,W,007.4,180.0,290520,,,A*46
$GPGGA,224713.00,3724.838974,N,12204.692870,W,7,,0.38,-27.36,M,0.0,M,0.0,0000*7D
$GPRMC,224713.00,A,3724.838974,N,12204.692870,W,009.9,180.3,290520,,,A*47
$GPGGA,224714.00,3724.835823,N,12204.692912,W,7,,0.38,-27.08,M,0.0,M,0.0,0000*7C
$GPRMC,224714.00,A,3724.835823,N,12204.692912,W,012.3,180.7,290520,,,A*4F
$GPGGA,224715.00,3724.832031,N,12204.693001,W,7,,0.38,-26.94,M,0.0,M,0.0,0000*7F
$GPRMC,224715.00,A,3724.832031,N,12204.693001,W,014.9,181.1,290520,,,A*43
$GPGGA,224716.00,3724.827363,N,12204.693061,W,7,,0.38,-26.73,M,0.0,M,0.0,0000*73
$GPRMC,224716.00,A,3724.827363,N,12204.693061,W,017.3,180.9,290520,,,A*46
$GPGGA,224717.00,3724.822113,N,12204.693068,W,7,,0.38,-26.60,M,0.0,M,0.0,0000*79
$GPRMC,224717.00,A,3724.822113,N,12204.693068,W,019.4,180.3,290520,,,A*4D
$GPGGA,224718.00,3724.816366,N,12204.693115,W,7,,0.38,-26.17,M,0.0,M,0.0,0000*7A
$GPRMC,224718.00,A,3724.816366,N,12204.693115,W,021.2,180.6,290520,,,A*46
$GPGGA,224719.00,3724.810336,N,12204.693182,W,7,,0.38,-25.85,M,0.0,M,0.0,0000*7E
$GPRMC,224719.00,A,3724.810336,N,12204.693182,W,023.0,180.6,290520,,,A*4A
$GPGGA,224720.00,3724.803784,N,12204.693247,W,7,,0.38,-25.30,M,0.0,M,0.0,0000*7F
$GPRMC,224720.00,A,3724.803784,N,12204.693247,W,024.3,180.5,290520,,,A*42
$GPGGA,224721.00,3724.796613,N,12204.693307,W,7,,0.38,-24.51,M,0.0,M,0.0,0000*71
$GPRMC,224721.00,A,3724.796613,N,12204.693307,W,025.3,180.2,290520,,,A*4C
$GPGGA,224722.00,3724.789330,N,12204.693331,W,7,,0.38,-23.72,M,0.0,M,0.0,0000*7B
$GPRMC,224722.00,A,3724.789330,N,12204.693331,W,026.5,179.9,290520,,,A*48
$GPGGA,224723.00,3724.781895,N,12204.693319,W,7,,0.38,-22.76,M,0.0,M,0.0,0000*79
$GPRMC,224723.00,A,3724.781895,N,12204.693319,W,027.4,179.6,290520,,,A*40
$GPGGA,224724.00,3724.774078,N,12204.693265,W,7,,0.38,-21.73,M,0.0,M,0.0,0000*73
$GPRMC,224724.00,A,3724.774078,N,12204.693265,W,028.3,179.3,290520,,,A*41
$GPGGA,224725.00,3724.766043,N,12204.693254,W,7,,0.38,-20.84,M,0.0,M,0.0,0000*72
$GPRMC,224725.00,A,3724.766043,N,12204.693254,W,029.1,178.9,290520,,,A*41
$GPGGA,224726.00,3724.757781,N,12204.693115,W,7,,0.38,-19.72,M,0.0,M,0.0,0000*7F
$GPRMC,224726.00,A,3724.757781,N,12204.693115,W,030.0,179.1,290520,,,A*4F
$GPGGA,224727.00,3724.749412,N,12204.693068,W,7,,0.38,-18.66,M,0.0,M,0.0,0000*77
$GPRMC,224727.00,A,3724.749412,N,12204.693068,W,030.5,179.5,290520,,,A*42
$GPGGA,224728.00,3724.741329,N,12204.693068,W,7,,0.38,-17.86,M,0.0,M,0.0,0000*7E
$GPRMC,224728.00,A,3724.741329,N,12204.693068,W,030.0,179.7,290520,,,A*4D
$GPGGA,224729.00,3724.732738,N,12204.693103,W,7,,0.38,-17.25,M,0.0,M,0.0,0000*7A
$GPRMC,224729.00,A,3724.732738,N,12204.693103,W,029.8,179.9,290520,,,A*4E
$GPGGA,224730.00,3724.724589,N,12204.693103,W,7,,0.38,-16.69,M,0.0,M,0.0,0000*74
$GPRMC,224730.00,A,3724.724589,N,12204.693103,W,029.2,180.0,290520,,,A*4C
$GPGGA,224731.00,3724.716520,N,12204.693170,W,7,,0.38,-16.37,M,0.0,M,0.0,0000*78
$GPRMC,224731.00,A,3724.716520,N,12204.693170,W,028.6,180.1,290520,,,A*4F
$GPGGA,224732.00,3724.708636,N,12204.693265,W,7,,0.38,-16.17,M,0.0,M,0.0,0000*75
$GPRMC,224732.00,A,3724.708636,N,12204.693265,W,028.1,180.5,290520,,,A*43
$GPGGA,224733.00,3724.700943,N,12204.693374,W,7,,0.38,-16.14,M,0.0,M,0.0,0000*73
$GPRMC,224733.00,A,3724.700943,N,12204.693374,W,027.1,180.8,290520,,,A*44
$GPGGA,224734.00,3724.693623,N,12204.693565,W,7,,0.38,-16.32,M,0.0,M,0.0,0000*74
$GPRMC,224734.00,A,3724.693623,N,12204.693565,W,026.0,181.1,290520,,,A*4F
$GPGGA,224735.00,3724.686562,N,12204.693818,W,7,,0.38,-16.51,M,0.0,M,0.0,0000*75
$GPRMC,224735.00,A,3724.686562,N,12204.693818,W,024.6,181.7,290520,,,A*49
$GPGGA,224736.00,3724.680273,N,12204.694358,W,7,,0.38,-16.97,M,0.0,M,0.0,0000*75
$GPRMC,224736.00,A,3724.680273,N,12204.694358,W,022.5,184.7,290520,,,A*43
$GPGGA,224737.00,3724.674099,N,12204.695557,W,7,,0.38,-17.39,M,0.0,M,0.0,0000*74
$GPRMC,224737.00,A,3724.674099,N,12204.695557,W,021.3,190.9,290520,,,A*49
$GPGGA,224738.00,3724.668669,N,12204.697801,W,7,,0.38,-18.05,M,0.0,M,0.0,0000*73
$GPRMC,224738.00,A,3724.668669,N,12204.697801,W,020.0,200.9,290520,,,A*46
$GPGGA,224739.00,3724.664080,N,12204.701156,W,7,,0.38,-18.78,M,0.0,M,0.0,0000*70
$GPRMC,224739.00,A,3724.664080,N,12204.701156,W,019.8,213.8,290520,,,A*4E
$GPGGA,224740.00,3724.659964,N,12204.706064,W,7,,0.38,-19.49,M,0.0,M,0.0,0000*77
$GPRMC,224740.00,A,3724.659964,N,12204.706064,W,020.1,227.9,290520,,,A*4F
$GPGGA,224741.00,3724.657239,N,12204.712237,W,7,,0.38,-20.52,M,0.0,M,0.0,0000*7A
$GPRMC,224741.00,A,3724.657239,N,12204.712237,W,020.4,245.2,290520,,,A*48
$GPGGA,224742.00,3724.656075,N,12204.719264,W,7,,0.38,-21.54,M,0.0,M,0.0,0000*78
$GPRMC,224742.00,A,3724.656075,N,12204.719264,W,021.1,263.4,290520,,,A*4B
$GPGGA,224743.00,3724.656777,N,12204.726481,W,7,,0.38,-22.62,M,0.0,M,0.0,0000*7B
$GPRMC,224743.00,A,3724.656777,N,12204.726481,W,022.0,282.1,290520,,,A*46
$GPGGA,224744.00,3724.659333,N,12204.733417,W,7,,0.38,-23.40,M,0.0,M,0.0,0000*7D
$GPRMC,224744.00,A,3724.659333,N,12204.733417,W,022.4,300.6,290520,,,A*49
$GPGGA,224745.00,3724.663599,N,12204.739442,W,7,,0.38,-24.06,M,0.0,M,0.0,0000*7C
$GPRMC,224745.00,A,3724.663599,N,12204.739442,W,022.6,315.5,290520,,,A*48
$GPGGA,224746.00,3724.668796,N,12204.743899,W,7,,0.38,-24.48,M,0.0,M,0.0,0000*74
$GPRMC,224746.00,A,3724.668796,N,12204.743899,W,022.7,328.5,290520,,,A*45
$GPGGA,224747.00,3724.674459,N,12204.746570,W,7,,0.38,-24.78,M,0.0,M,0.0,0000*74
$GPRMC,224747.00,A,3724.674459,N,12204.746570,W,022.6,342.6,290520,,,A*48
$GPGGA,224748.00,3724.680766,N,12204.747674,W,7,,0.38,-25.18,M,0.0,M,0.0,0000*7E
$GPRMC,224748.00,A,3724.680766,N,12204.747674,W,022.4,355.3,290520,,,A*44
$GPGGA,224749.00,3724.686808,N,12204.746870,W,7,,0.38,-25.26,M,0.0,M,0.0,0000*78
$GPRMC,224749.00,A,3724.686808,N,12204.746870,W,021.9,010.7,290520,,,A*47
$GPGGA,224750.00,3724.692292,N,12204.743833,W,7,,0.38,-25.18,M,0.0,M,0.0,0000*73
$GPRMC,224750.00,A,3724.692292,N,12204.743833,W,021.7,028.0,290520,,,A*43
$GPGGA,224751.00,3724.697019,N,12204.738889,W,7,,0.38,-25.09,M,0.0,M,0.0,0000*7B
$GPRMC,224751.00,A,3724.697019,N,12204.738889,W,022.9,044.0,290520,,,A*4C
$GPGGA,224752.00,3724.700566,N,12204.732338,W,7,,0.38,-25.02,M,0.0,M,0.0,0000*7A
$GPRMC,224752.00,A,3724.700566,N,12204.732338,W,024.2,060.5,290520,,,A*48
$GPGGA,224753.00,3724.702786,N,12204.723920,W,7,,0.38,-25.05,M,0.0,M,0.0,0000*71
$GPRMC,224753.00,A,3724.702786,N,12204.723920,W,025.1,076.8,290520,,,A*4C
$GPGGA,224754.00,3724.702965,N,12204.715219,W,7,,0.38,-24.97,M,0.0,M,0.0,0000*7B
$GPRMC,224754.00,A,3724.702965,N,12204.715219,W,025.1,093.3,290520,,,A*4C
$GPGGA,224755.00,3724.701345,N,12204.706777,W,7,,0.38,-24.57,M,0.0,M,0.0,0000*72
$GPRMC,224755.00,A,3724.701345,N,12204.706777,W,025.2,108.3,290520,,,A*49
$GPGGA,224756.00,3724.698520,N,12204.698480,W,7,,0.39,-24.44,M,0.0,M,0.0,0000*7B
$GPRMC,224756.00,A,3724.698520,N,12204.698480,W,026.1,116.0,290520,,,A*4F
$GPGGA,224757.00,3724.695255,N,12204.690103,W,7,,0.39,-24.29,M,0.0,M,0.0,0000*7F
$GPRMC,224757.00,A,3724.695255,N,12204.690103,W,027.0,116.8,290520,,,A*48
$GPGGA,224758.00,3724.691854,N,12204.681662,W,7,,0.39,-24.12,M,0.0,M,0.0,0000*77
$GPRMC,224758.00,A,3724.691854,N,12204.681662,W,027.9,116.8,290520,,,A*41
$GPGGA,224759.00,3724.688247,N,12204.672890,W,7,,0.39,-23.75,M,0.0,M,0.0,0000*7F
$GPRMC,224759.00,A,3724.688247,N,12204.672890,W,028.7,117.3,290520,,,A*44
$GPGGA,224800.00,3724.684599,N,12204.664177,W,7,,0.38,-23.69,M,0.0,M,0.0,0000*7F
$GPRMC,224800.00,A,3724.684599,N,12204.664177,W,029.6,117.8,290520,,,A*43
$GPGGA,224801.00,3724.680567,N,12204.654757,W,7,,0.38,-23.18,M,0.0,M,0.0,0000*7A
$GPRMC,224801.00,A,3724.680567,N,12204.654757,W,030.4,118.2,290520,,,A*4F
$GPGGA,224802.00,3724.676553,N,12204.645217,W,7,,0.38,-23.16,M,0.0,M,0.0,0000*78
$GPRMC,224802.00,A,3724.676553,N,12204.645217,W,031.1,117.9,290520,,,A*43
$GPGGA,224803.00,3724.672605,N,12204.635725,W,7,,0.38,-22.98,M,0.0,M,0.0,0000*79
$GPRMC,224803.00,A,3724.672605,N,12204.635725,W,031.9,117.5,290520,,,A*41
$GPGGA,224804.00,3724.668345,N,12204.625315,W,7,,0.38,-22.71,M,0.0,M,0.0,0000*75
$GPRMC,224804.00,A,3724.668345,N,12204.625315,W,032.9,117.4,290520,,,A*48
$GPGGA,224805.00,3724.664092,N,12204.615031,W,7,,0.38,-22.64,M,0.0,M,0.0,0000*73
$GPRMC,224805.00,A,3724.664092,N,12204.615031,W,033.9,117.5,290520,,,A*4A
$GPGGA,224806.00,3724.659646,N,12204.604286,W,7,,0.38,-22.42,M,0.0,M,0.0,0000*7B
$GPRMC,224806.00,A,3724.659646,N,12204.604286,W,035.0,117.6,290520,,,A*4A
$GPGGA,224807.00,3724.655307,N,12204.593701,W,7,,0.38,-22.44,M,0.0,M,0.0,0000*77
$GPRMC,224807.00,A,3724.655307,N,12204.593701,W,035.3,117.4,290520,,,A*41
$GPGGA,224808.00,3724.650855,N,12204.582866,W,7,,0.38,-22.51,M,0.0,M,0.0,0000*7B
$GPRMC,224808.00,A,3724.650855,N,12204.582866,W,035.0,117.1,290520,,,A*4F
$GPGGA,224809.00,3724.646440,N,12204.572138,W,7,,0.38,-22.70,M,0.0,M,0.0,0000*7B
$GPRMC,224809.00,A,3724.646440,N,12204.572138,W,032.6,116.8,290520,,,A*45
$GPGGA,224810.00,3724.642407,N,12204.562105,W,7,,0.38,-22.92,M,0.0,M,0.0,0000*77
$GPRMC,224810.00,A,3724.642407,N,12204.562105,W,031.8,116.6,290520,,,A*46
$GPGGA,224811.00,3724.638616,N,12204.552350,W,7,,0.38,-23.01,M,0.0,M,0.0,0000*73
$GPRMC,224811.00,A,3724.638616,N,12204.552350,W,032.6,115.6,290520,,,A*47
$GPGGA,224812.00,3724.634511,N,12204.541699,W,7,,0.38,-23.02,M,0.0,M,0.0,0000*79
$GPRMC,224812.00,A,3724.634511,N,12204.541699,W,033.6,115.8,290520,,,A*41
$GPGGA,224813.00,3724.630348,N,12204.531001,W,7,,0.38,-22.92,M,0.0,M,0.0,0000*7E
$GPRMC,224813.00,A,3724.630348,N,12204.531001,W,034.4,116.2,290520,,,A*42
$GPGGA,224814.00,3724.626027,N,12204.520069,W,7,,0.38,-22.92,M,0.0,M,0.0,0000*7A
$GPRMC,224814.00,A,3724.626027,N,12204.520069,W,035.4,116.5,290520,,,A*40
$GPGGA,224815.00,3724.621575,N,12204.508904,W,7,,0.38,-22.85,M,0.0,M,0.0,0000*70
$GPRMC,224815.00,A,3724.621575,N,12204.508904,W,036.4,116.9,290520,,,A*43
$GPGGA,224816.00,3724.617009,N,12204.497779,W,7,,0.38,-22.86,M,0.0,M,0.0,0000*78
$GPRMC,224816.00,A,3724.617009,N,12204.497779,W,037.4,117.3,290520,,,A*42
$GPGGA,224817.00,3724.611952,N,12204.485599,W,7,,0.38,-22.62,M,0.0,M,0.0,0000*7D
$GPRMC,224817.00,A,3724.611952,N,12204.485599,W,038.3,118.0,290520,,,A*49
$GPGGA,224818.00,3724.606869,N,12204.473570,W,7,,0.38,-22.57,M,0.0,M,0.0,0000*75
$GPRMC,224818.00,A,3724.606869,N,12204.473570,W,039.2,118.4,290520,,,A*43
$GPGGA,224819.00,3724.601602,N,12204.461408,W,7,,0.38,-22.53,M,0.0,M,0.0,0000*79
$GPRMC,224819.00,A,3724.601602,N,12204.461408,W,040.3,118.8,290520,,,A*48
$GPGGA,224820.00,3724.596058,N,12204.448988,W,7,,0.38,-22.41,M,0.0,M,0.0,0000*7A
$GPRMC,224820.00,A,3724.596058,N,12204.448988,W,041.2,119.3,290520,,,A*42
$GPGGA,224821.00,3724.590339,N,12204.436255,W,7,,0.38,-22.26,M,0.0,M,0.0,0000*7A
$GPRMC,224821.00,A,3724.590339,N,12204.436255,W,042.2,119.8,290520,,,A*4B
$GPGGA,224822.00,3724.584507,N,12204.423434,W,7,,0.38,-22.16,M,0.0,M,0.0,0000*71
$GPRMC,224822.00,A,3724.584507,N,12204.423434,W,043.0,120.1,290520,,,A*43
$GPGGA,224823.00,3724.578574,N,12204.410222,W,7,,0.38,-21.79,M,0.0,M,0.0,0000*7C
$GPRMC,224823.00,A,3724.578574,N,12204.410222,W,043.9,120.0,290520,,,A*4C
$GPGGA,224824.00,3724.572598,N,12204.397112,W,7,,0.38,-21.65,M,0.0,M,0.0,0000*76
$GPRMC,224824.00,A,3724.572598,N,12204.397112,W,045.0,119.9,290520,,,A*47
$GPGGA,224825.00,3724.566081,N,12204.382855,W,7,,0.38,-21.18,M,0.0,M,0.0,0000*7B
$GPRMC,224825.00,A,3724.566081,N,12204.382855,W,045.8,119.8,290520,,,A*49
$GPGGA,224826.00,3724.559763,N,12204.368900,W,7,,0.38,-20.33,M,0.0,M,0.0,0000*72
$GPRMC,224826.00,A,3724.559763,N,12204.368900,W,046.6,119.4,290520,,,A*49
$GPGGA,224827.00,3724.553614,N,12204.354968,W,7,,0.38,-19.50,M,0.0,M,0.0,0000*76
$GPRMC,224827.00,A,3724.553614,N,12204.354968,W,047.3,119.0,290520,,,A*42
$GPGGA,224828.00,3724.546954,N,12204.339985,W,7,,0.38,-18.35,M,0.0,M,0.0,0000*7C
$GPRMC,224828.00,A,3724.546954,N,12204.339985,W,047.6,119.3,290520,,,A*4C
$GPGGA,224829.00,3724.540437,N,12204.325621,W,7,,0.38,-17.16,M,0.0,M,0.0,0000*71
$GPRMC,224829.00,A,3724.540437,N,12204.325621,W,047.8,119.9,290520,,,A*4B
$GPGGA,224830.00,3724.533579,N,12204.311143,W,7,,0.38,-15.83,M,0.0,M,0.0,0000*7C
$GPRMC,224830.00,A,3724.533579,N,12204.311143,W,048.1,121.0,290520,,,A*4C
$GPGGA,224831.00,3724.526584,N,12204.297427,W,7,,0.38,-14.90,M,0.0,M,0.0,0000*70
$GPRMC,224831.00,A,3724.526584,N,12204.297427,W,048.3,123.5,290520,,,A*46
$GPGGA,224832.00,3724.518670,N,12204.283676,W,7,,0.38,-13.71,M,0.0,M,0.0,0000*7D
$GPRMC,224832.00,A,3724.518670,N,12204.283676,W,048.6,127.1,290520,,,A*46
$GPGGA,224833.00,3724.509783,N,12204.270343,W,7,,0.38,-12.69,M,0.0,M,0.0,0000*76
$GPRMC,224833.00,A,3724.509783,N,12204.270343,W,048.8,131.8,290520,,,A*45
$GPGGA,224834.00,3724.500189,N,12204.258182,W,7,,0.38,-11.68,M,0.0,M,0.0,0000*73
$GPRMC,224834.00,A,3724.500189,N,12204.258182,W,049.1,136.6,290520,,,A*43
$GPGGA,224835.00,3724.490080,N,12204.247340,W,7,,0.38,-10.80,M,0.0,M,0.0,0000*77
$GPRMC,224835.00,A,3724.490080,N,12204.247340,W,049.5,141.4,290520,,,A*46
$GPGGA,224836.00,3724.478667,N,12204.236912,W,7,,0.38,-10.20,M,0.0,M,0.0,0000*7C
$GPRMC,224836.00,A,3724.478667,N,12204.236912,W,049.7,146.0,290520,,,A*46
$GPGGA,224837.00,3724.466775,N,12204.227966,W,7,,0.38,-9.48,M,0.0,M,0.0,0000*45
$GPRMC,224837.00,A,3724.466775,N,12204.227966,W,049.8,150.9,290520,,,A*48
$GPGGA,224838.00,3724.454176,N,12204.220273,W,7,,0.38,-9.25,M,0.0,M,0.0,0000*4D
$GPRMC,224838.00,A,3724.454176,N,12204.220273,W,050.5,155.8,290520,,,A*4A
$GPGGA,224839.00,3724.441419,N,12204.214034,W,7,,0.38,-8.66,M,0.0,M,0.0,0000*44
$GPRMC,224839.00,A,3724.441419,N,12204.214034,W,051.2,160.7,290520,,,A*4A
$GPGGA,224840.00,3724.427692,N,12204.208999,W,7,,0.38,-8.44,M,0.0,M,0.0,0000*48
$GPRMC,224840.00,A,3724.427692,N,12204.208999,W,052.1,165.8,290520,,,A*4C
$GPGGA,224841.00,3724.412865,N,12204.205346,W,7,,0.38,-8.30,M,0.0,M,0.0,0000*4F
$GPRMC,224841.00,A,3724.412865,N,12204.205346,W,053.0,170.9,290520,,,A*4D
$GPGGA,224842.00,3724.398034,N,12204.203413,W,7,,0.38,-8.09,M,0.0,M,0.0,0000*4E
$GPRMC,224842.00,A,3724.398034,N,12204.203413,W,053.9,175.9,290520,,,A*4A
$GPGGA,224843.00,3724.383028,N,12204.202514,W,7,,0.39,-8.05,M,0.0,M,0.0,0000*42
$GPRMC,224843.00,A,3724.383028,N,12204.202514,W,054.8,178.1,290520,,,A*48
$GPGGA,224844.00,3724.367613,N,12204.202225,W,7,,0.38,-8.69,M,0.0,M,0.0,0000*4F
$GPRMC,224844.00,A,3724.367613,N,12204.202225,W,055.7,179.2,290520,,,A*42
$GPGGA,224845.00,3724.351876,N,12204.202021,W,7,,0.38,-9.41,M,0.0,M,0.0,0000*4B
$GPRMC,224845.00,A,3724.351876,N,12204.202021,W,056.8,179.3,290520,,,A*40
$GPGGA,224846.00,3724.336054,N,12204.201758,W,7,,0.38,-10.05,M,0.0,M,0.0,0000*73
$GPRMC,224846.00,A,3724.336054,N,12204.201758,W,057.8,179.1,290520,,,A*43
$GPGGA,224847.00,3724.319740,N,12204.201386,W,7,,0.38,-10.37,M,0.0,M,0.0,0000*7B
$GPRMC,224847.00,A,3724.319740,N,12204.201386,W,058.9,179.0,290520,,,A*45
$GPGGA,224848.00,3724.303720,N,12204.201038,W,7,,0.38,-10.66,M,0.0,M,0.0,0000*7B
$GPRMC,224848.00,A,3724.303720,N,12204.201038,W,059.8,179.2,290520,,,A*43
$GPGGA,224849.00,3724.286500,N,12204.200899,W,7,,0.38,-10.81,M,0.0,M,0.0,0000*7D
$GPRMC,224849.00,A,3724.286500,N,12204.200899,W,060.1,179.8,290520,,,A*45
$GPGGA,224850.00,3724.269826,N,12204.200882,W,7,,0.38,-10.57,M,0.0,M,0.0,0000*7C
$GPRMC,224850.00,A,3724.269826,N,12204.200882,W,060.5,180.3,290520,,,A*46
$GPGGA,224851.00,3724.252887,N,12204.201092,W,7,,0.38,-10.72,M,0.0,M,0.0,0000*71
$GPRMC,224851.00,A,3724.252887,N,12204.201092,W,060.6,180.7,290520,,,A*4B
$GPGGA,224852.00,3724.235967,N,12204.201356,W,7,,0.38,-10.51,M,0.0,M,0.0,0000*76
$GPRMC,224852.00,A,3724.235967,N,12204.201356,W,060.8,180.8,290520,,,A*4C
$GPGGA,224853.00,3724.218934,N,12204.201524,W,7,,0.38,-10.65,M,0.0,M,0.0,0000*7A
$GPRMC,224853.00,A,3724.218934,N,12204.201524,W,061.1,180.4,290520,,,A*43
$GPGGA,224854.00,3724.202050,N,12204.201596,W,7,,0.38,-10.15,M,0.0,M,0.0,0000*73
$GPRMC,224854.00,A,3724.202050,N,12204.201596,W,061.2,180.2,290520,,,A*48
$GPGGA,224855.00,3724.185490,N,12204.201661,W,7,,0.38,-9.79,M,0.0,M,0.0,0000*4F
$GPRMC,224855.00,A,3724.185490,N,12204.201661,W,061.4,180.7,290520,,,A*45
$GPGGA,224856.00,3724.168365,N,12204.201926,W,7,,0.38,-9.39,M,0.0,M,0.0,0000*4A
$GPRMC,224856.00,A,3724.168365,N,12204.201926,W,061.6,180.6,290520,,,A*47
$GPGGA,224857.00,3724.150803,N,12204.202118,W,7,,0.38,-9.19,M,0.0,M,0.0,0000*4F
$GPRMC,224857.00,A,3724.150803,N,12204.202118,W,061.7,180.5,290520,,,A*42
$GPGGA,224858.00,3724.133523,N,12204.202190,W,7,,0.38,-9.04,M,0.0,M,0.0,0000*46
$GPRMC,224858.00,A,3724.133523,N,12204.202190,W,062.0,180.4,290520,,,A*42
$GPGGA,224859.00,3724.116766,N,12204.202388,W,7,,0.38,-9.22,M,0.0,M,0.0,0000*4C
$GPRMC,224859.00,A,3724.116766,N,12204.202388,W,062.2,180.7,290520,,,A*4D
$GPGGA,224900.00,3724.098946,N,12204.202699,W,7,,0.38,-9.52,M,0.0,M,0.0,0000*48
$GPRMC,224900.00,A,3724.098946,N,12204.202699,W,062.6,180.6,290520,,,A*4B
$GPGGA,224901.00,3724.081395,N,12204.202639,W,7,,0.38,-9.74,M,0.0,M,0.0,0000*4B
$GPRMC,224901.00,A,3724.081395,N,12204.202639,W,063.0,179.6,290520,,,A*4D
$GPGGA,224902.00,3724.063744,N,12204.202502,W,7,,0.38,-10.08,M,0.0,M,0.0,0000*74
$GPRMC,224902.00,A,3724.063744,N,12204.202502,W,063.4,179.8,290520,,,A*4B
$GPGGA,224903.00,3724.046602,N,12204.202135,W,7,,0.38,-10.56,M,0.0,M,0.0,0000*7A
$GPRMC,224903.00,A,3724.046602,N,12204.202135,W,063.8,178.5,290520,,,A*4E
$GPGGA,224904.00,3724.028967,N,12204.200887,W,7,,0.38,-11.06,M,0.0,M,0.0,0000*7F
$GPRMC,224904.00,A,3724.028967,N,12204.200887,W,064.1,175.5,290520,,,A*4C
$GPGGA,224905.00,3724.010511,N,12204.198673,W,7,,0.38,-11.59,M,0.0,M,0.0,0000*75
$GPRMC,224905.00,A,3724.010511,N,12204.198673,W,064.6,173.6,290520,,,A*4E
$GPGGA,224906.00,3723.992608,N,12204.195469,W,7,,0.38,-11.93,M,0.0,M,0.0,0000*7B
$GPRMC,224906.00,A,3723.992608,N,12204.195469,W,065.1,170.8,290520,,,A*4D
$GPGGA,224907.00,3723.974842,N,12204.191281,W,7,,0.38,-12.30,M,0.0,M,0.0,0000*7C
$GPRMC,224907.00,A,3723.974842,N,12204.191281,W,065.5,168.4,290520,,,A*41
$GPGGA,224908.00,3723.956866,N,12204.186620,W,7,,0.38,-12.62,M,0.0,M,0.0,0000*7B
$GPRMC,224908.00,A,3723.956866,N,12204.186620,W,066.0,168.0,290520,,,A*43
$GPGGA,224909.00,3723.938728,N,12204.181820,W,7,,0.38,-12.75,M,0.0,M,0.0,0000*78
$GPRMC,224909.00,A,3723.938728,N,12204.181820,W,066.6,167.9,290520,,,A*46
$GPGGA,224910.00,3723.920535,N,12204.176840,W,7,,0.39,-12.54,M,0.0,M,0.0,0000*7B
$GPRMC,224910.00,A,3723.920535,N,12204.176840,W,066.7,167.6,290520,,,A*49
$GPGGA,224911.00,3723.902661,N,12204.171896,W,7,,0.38,-11.97,M,0.0,M,0.0,0000*79
$GPRMC,224911.00,A,3723.902661,N,12204.171896,W,066.4,167.7,290520,,,A*44
$GPGGA,224912.00,3723.885106,N,12204.167204,W,7,,0.38,-11.59,M,0.0,M,0.0,0000*76
$GPRMC,224912.00,A,3723.885106,N,12204.167204,W,066.3,168.0,290520,,,A*46
$GPGGA,224913.00,3723.866439,N,12204.162109,W,7,,0.38,-10.94,M,0.0,M,0.0,0000*78
$GPRMC,224913.00,A,3723.866439,N,12204.162109,W,066.1,167.9,290520,,,A*4C
$GPGGA,224914.00,3723.848626,N,12204.157381,W,7,,0.38,-10.50,M,0.0,M,0.0,0000*73
$GPRMC,224914.00,A,3723.848626,N,12204.157381,W,065.8,167.9,290520,,,A*45
$GPGGA,224915.00,3723.830812,N,12204.152629,W,7,,0.38,-9.87,M,0.0,M,0.0,0000*44
$GPRMC,224915.00,A,3723.830812,N,12204.152629,W,065.4,167.9,290520,,,A*4C
$GPGGA,224916.00,3723.812949,N,12204.147859,W,7,,0.38,-9.69,M,0.0,M,0.0,0000*45
$GPRMC,224916.00,A,3723.812949,N,12204.147859,W,065.4,168.0,290520,,,A*4B
$GPGGA,224917.00,3723.795147,N,12204.143228,W,7,,0.38,-9.15,M,0.0,M,0.0,0000*41
$GPRMC,224917.00,A,3723.795147,N,12204.143228,W,065.2,168.2,290520,,,A*40
$GPGGA,224918.00,3723.777453,N,12204.138578,W,7,,0.38,-8.72,M,0.0,M,0.0,0000*4C
$GPRMC,224918.00,A,3723.777453,N,12204.138578,W,065.3,168.2,290520,,,A*4C
$GPGGA,224919.00,3723.759693,N,12204.133855,W,7,,0.38,-8.36,M,0.0,M,0.0,0000*46
$GPRMC,224919.00,A,3723.759693,N,12204.133855,W,065.1,168.0,290520,,,A*46
$GPGGA,224920.00,3723.742503,N,12204.129386,W,7,,0.38,-8.12,M,0.0,M,0.0,0000*44
$GPRMC,224920.00,A,3723.742503,N,12204.129386,W,064.9,168.7,290520,,,A*4C
$GPGGA,224921.00,3723.724389,N,12204.125095,W,7,,0.38,-7.63,M,0.0,M,0.0,0000*45
$GPRMC,224921.00,A,3723.724389,N,12204.125095,W,064.5,169.7,290520,,,A*49
$GPGGA,224922.00,3723.706725,N,12204.121363,W,7,,0.38,-7.06,M,0.0,M,0.0,0000*49
$GPRMC,224922.00,A,3723.706725,N,12204.121363,W,064.1,171.0,290520,,,A*4C
$GPGGA,224923.00,3723.689643,N,12204.118321,W,7,,0.38,-6.24,M,0.0,M,0.0,0000*42
$GPRMC,224923.00,A,3723.689643,N,12204.118321,W,063.7,172.7,290520,,,A*43
$GPGGA,224924.00,3723.671439,N,12204.115796,W,7,,0.38,-4.89,M,0.0,M,0.0,0000*4D
$GPRMC,224924.00,A,3723.671439,N,12204.115796,W,063.3,174.3,290520,,,A*4F
$GPGGA,224925.00,3723.654130,N,12204.113911,W,7,,0.38,-3.45,M,0.0,M,0.0,0000*47
$GPRMC,224925.00,A,3723.654130,N,12204.113911,W,062.6,175.8,290520,,,A*4C
$GPGGA,224926.00,3723.636742,N,12204.112717,W,7,,0.38,-2.47,M,0.0,M,0.0,0000*49
$GPRMC,224926.00,A,3723.636742,N,12204.112717,W,062.2,176.5,290520,,,A*4B
$GPGGA,224927.00,3723.620049,N,12204.112034,W,7,,0.38,-1.16,M,0.0,M,0.0,0000*42
$GPRMC,224927.00,A,3723.620049,N,12204.112034,W,061.6,178.0,290520,,,A*4B
$GPGGA,224928.00,3723.603070,N,12204.111950,W,7,,0.38,-0.10,M,0.0,M,0.0,0000*49
$GPRMC,224928.00,A,3723.603070,N,12204.111950,W,061.3,180.1,290520,,,A*44
$GPGGA,224929.00,3723.585508,N,12204.112412,W,7,,0.38,0.96,M,0.0,M,0.0,0000*64
$GPRMC,224929.00,A,3723.585508,N,12204.112412,W,060.9,180.8,290520,,,A*48
$GPGGA,224930.00,3723.568671,N,12204.113335,W,7,,0.38,1.88,M,0.0,M,0.0,0000*6F
$GPRMC,224930.00,A,3723.568671,N,12204.113335,W,060.3,182.2,290520,,,A*4F
$GPGGA,224931.00,3723.552513,N,12204.114541,W,7,,0.38,2.69,M,0.0,M,0.0,0000*6E
$GPRMC,224931.00,A,3723.552513,N,12204.114541,W,059.8,183.2,290520,,,A*42
$GPGGA,224932.00,3723.535528,N,12204.115970,W,7,,0.38,3.46,M,0.0,M,0.0,0000*67
$GPRMC,224932.00,A,3723.535528,N,12204.115970,W,059.5,183.8,290520,,,A*40
$GPGGA,224933.00,3723.519052,N,12204.117482,W,7,,0.38,3.96,M,0.0,M,0.0,0000*6F
$GPRMC,224933.00,A,3723.519052,N,12204.117482,W,059.3,184.0,290520,,,A*4C
$GPGGA,224934.00,3723.502617,N,12204.118963,W,7,,0.38,4.29,M,0.0,M,0.0,0000*6B
$GPRMC,224934.00,A,3723.502617,N,12204.118963,W,059.2,184.2,290520,,,A*48
$GPGGA,224935.00,3723.486322,N,12204.120554,W,7,,0.38,4.47,M,0.0,M,0.0,0000*6F
$GPRMC,224935.00,A,3723.486322,N,12204.120554,W,059.1,184.7,290520,,,A*42
$GPGGA,224936.00,3723.470427,N,12204.122120,W,7,,0.38,4.42,M,0.0,M,0.0,0000*67
$GPRMC,224936.00,A,3723.470427,N,12204.122120,W,059.1,184.5,290520,,,A*4D
$GPGGA,224937.00,3723.453520,N,12204.123716,W,7,,0.38,4.19,M,0.0,M,0.0,0000*6D
$GPRMC,224937.00,A,3723.453520,N,12204.123716,W,058.9,184.3,290520,,,A*46
$GPGGA,224938.00,3723.437248,N,12204.125390,W,7,,0.38,3.70,M,0.0,M,0.0,0000*6D
$GPRMC,224938.00,A,3723.437248,N,12204.125390,W,058.5,184.9,290520,,,A*48
$GPGGA,224939.00,3723.421138,N,12204.127058,W,7,,0.38,3.24,M,0.0,M,0.0,0000*6B
$GPRMC,224939.00,A,3723.421138,N,12204.127058,W,058.5,184.9,290520,,,A*4F
$GPGGA,224940.00,3723.404883,N,12204.128642,W,7,,0.38,2.95,M,0.0,M,0.0,0000*62
$GPRMC,224940.00,A,3723.404883,N,12204.128642,W,058.5,184.6,290520,,,A*42
$GPGGA,224941.00,3723.388654,N,12204.130039,W,7,,0.38,2.59,M,0.0,M,0.0,0000*67
$GPRMC,224941.00,A,3723.388654,N,12204.130039,W,058.5,184.4,290520,,,A*45
$GPGGA,224942.00,3723.372477,N,12204.131570,W,7,,0.38,1.92,M,0.0,M,0.0,0000*6F
$GPRMC,224942.00,A,3723.372477,N,12204.131570,W,058.7,184.4,290520,,,A*4B
$GPGGA,224943.00,3723.356116,N,12204.132967,W,7,,0.38,1.48,M,0.0,M,0.0,0000*64
$GPRMC,224943.00,A,3723.356116,N,12204.132967,W,058.9,184.3,290520,,,A*4E
$GPGGA,224944.00,3723.340203,N,12204.134173,W,7,,0.38,0.79,M,0.0,M,0.0,0000*6B
$GPRMC,224944.00,A,3723.340203,N,12204.134173,W,059.2,183.3,290520,,,A*4F
$GPGGA,224945.00,3723.323187,N,12204.134893,W,7,,0.38,0.13,M,0.0,M,0.0,0000*6B
$GPRMC,224945.00,A,3723.323187,N,12204.134893,W,059.2,181.4,290520,,,A*46
$GPGGA,224946.00,3723.306862,N,12204.134953,W,7,,0.38,-0.43,M,0.0,M,0.0,0000*48
$GPRMC,224946.00,A,3723.306862,N,12204.134953,W,059.2,179.5,290520,,,A*4B
$GPGGA,224947.00,3723.290776,N,12204.134396,W,7,,0.38,-0.85,M,0.0,M,0.0,0000*44
$GPRMC,224947.00,A,3723.290776,N,12204.134396,W,059.6,177.8,290520,,,A*4A
$GPGGA,224948.00,3723.273579,N,12204.133339,W,7,,0.39,-0.95,M,0.0,M,0.0,0000*49
$GPRMC,224948.00,A,3723.273579,N,12204.133339,W,060.0,176.8,290520,,,A*4A
$GPGGA,224949.00,3723.257133,N,12204.131845,W,7,,0.38,-0.91,M,0.0,M,0.0,0000*43
$GPRMC,224949.00,A,3723.257133,N,12204.131845,W,060.0,175.8,290520,,,A*46
$GPGGA,224950.00,3723.240442,N,12204.130135,W,7,,0.38,-0.76,M,0.0,M,0.0,0000*48
$GPRMC,224950.00,A,3723.240442,N,12204.130135,W,060.1,175.3,290520,,,A*4E
$GPGGA,224951.00,3723.224242,N,12204.128371,W,7,,0.38,-0.16,M,0.0,M,0.0,0000*40
$GPRMC,224951.00,A,3723.224242,N,12204.128371,W,060.1,175.2,290520,,,A*41
$GPGGA,224952.00,3723.207706,N,12204.126547,W,7,,0.38,0.42,M,0.0,M,0.0,0000*66
$GPRMC,224952.00,A,3723.207706,N,12204.126547,W,060.0,175.0,290520,,,A*48
$GPGGA,224953.00,3723.190558,N,12204.124681,W,7,,0.38,0.87,M,0.0,M,0.0,0000*61
$GPRMC,224953.00,A,3723.190558,N,12204.124681,W,059.8,175.1,290520,,,A*45
$GPGGA,224954.00,3723.173998,N,12204.122869,W,7,,0.38,1.43,M,0.0,M,0.0,0000*6C
$GPRMC,224954.00,A,3723.173998,N,12204.122869,W,059.6,175.1,290520,,,A*4F
$GPGGA,224955.00,3723.158013,N,12204.121087,W,7,,0.38,2.01,M,0.0,M,0.0,0000*60
$GPRMC,224955.00,A,3723.158013,N,12204.121087,W,059.3,175.1,290520,,,A*43
$GPGGA,224956.00,3723.141166,N,12204.119162,W,7,,0.38,2.72,M,0.0,M,0.0,0000*6D
$GPRMC,224956.00,A,3723.141166,N,12204.119162,W,059.2,175.0,290520,,,A*4A
$GPGGA,224957.00,3723.124750,N,12204.117278,W,7,,0.38,3.50,M,0.0,M,0.0,0000*6B
$GPRMC,224957.00,A,3723.124750,N,12204.117278,W,059.0,174.9,290520,,,A*47
$GPGGA,224958.00,3723.108382,N,12204.115477,W,7,,0.38,4.18,M,0.0,M,0.0,0000*61
$GPRMC,224958.00,A,3723.108382,N,12204.115477,W,058.7,175.0,290520,,,A*48
$GPGGA,224959.00,3723.092265,N,12204.113732,W,7,,0.38,4.76,M,0.0,M,0.0,0000*66
$GPRMC,224959.00,A,3723.092265,N,12204.113732,W,058.4,175.1,290520,,,A*45
$GPGGA,225000.00,3723.076617,N,12204.112010,W,7,,0.38,5.36,M,0.0,M,0.0,0000*6A
$GPRMC,225000.00,A,3723.076617,N,12204.112010,W,058.1,174.9,290520,,,A*40
$GPGGA,225001.00,3723.060015,N,12204.110084,W,7,,0.38,5.88,M,0.0,M,0.0,0000*62
$GPRMC,225001.00,A,3723.060015,N,12204.110084,W,057.7,174.8,290520,,,A*45
$GPGGA,225002.00,3723.044134,N,12204.108253,W,7,,0.38,6.16,M,0.0,M,0.0,0000*60
$GPRMC,225002.00,A,3723.044134,N,12204.108253,W,056.8,174.9,290520,,,A*4C
$GPGGA,225003.00,3723.028635,N,12204.106610,W,7,,0.38,6.13,M,0.0,M,0.0,0000*65
$GPRMC,225003.00,A,3723.028635,N,12204.106610,W,055.9,175.4,290520,,,A*42
$GPGGA,225004.00,3723.013114,N,12204.104942,W,7,,0.38,6.19,M,0.0,M,0.0,0000*6E
$GPRMC,225004.00,A,3723.013114,N,12204.104942,W,055.6,175.2,290520,,,A*4A
$GPGGA,225005.00,3722.997730,N,12204.103339,W,7,,0.38,6.16,M,0.0,M,0.0,0000*65
$GPRMC,225005.00,A,3722.997730,N,12204.103339,W,055.6,175.2,290520,,,A*4E
$GPGGA,225006.00,3722.982417,N,12204.101731,W,7,,0.38,5.98,M,0.0,M,0.0,0000*6F
$GPRMC,225006.00,A,3722.982417,N,12204.101731,W,055.6,175.2,290520,,,A*41
$GPGGA,225007.00,3722.966902,N,12204.100135,W,7,,0.38,5.74,M,0.0,M,0.0,0000*6C
$GPRMC,225007.00,A,3722.966902,N,12204.100135,W,055.8,175.2,290520,,,A*4E
$GPGGA,225008.00,3722.951913,N,12204.098636,W,7,,0.38,5.54,M,0.0,M,0.0,0000*61
$GPRMC,225008.00,A,3722.951913,N,12204.098636,W,055.8,175.4,290520,,,A*47
$GPGGA,225009.00,3722.935894,N,12204.096926,W,7,,0.38,5.45,M,0.0,M,0.0,0000*6C
$GPRMC,225009.00,A,3722.935894,N,12204.096926,W,055.9,175.4,290520,,,A*4B
$GPGGA,225010.00,3722.920473,N,12204.095323,W,7,,0.38,5.40,M,0.0,M,0.0,0000*6C
$GPRMC,225010.00,A,3722.920473,N,12204.095323,W,056.0,175.2,290520,,,A*42
$GPGGA,225011.00,3722.905329,N,12204.093566,W,7,,0.38,5.30,M,0.0,M,0.0,0000*64
$GPRMC,225011.00,A,3722.905329,N,12204.093566,W,056.3,174.8,290520,,,A*45
$GPGGA,225012.00,3722.889171,N,12204.091651,W,7,,0.38,5.57,M,0.0,M,0.0,0000*69
$GPRMC,225012.00,A,3722.889171,N,12204.091651,W,056.4,174.6,290520,,,A*40
$GPGGA,225013.00,3722.873589,N,12204.089779,W,7,,0.38,5.26,M,0.0,M,0.0,0000*6A
$GPRMC,225013.00,A,3722.873589,N,12204.089779,W,056.7,174.6,290520,,,A*46
$GPGGA,225014.00,3722.857852,N,12204.087943,W,7,,0.38,5.20,M,0.0,M,0.0,0000*6F
$GPRMC,225014.00,A,3722.857852,N,12204.087943,W,056.7,174.8,290520,,,A*4B
$GPGGA,225015.00,3722.842581,N,12204.086240,W,7,,0.38,5.28,M,0.0,M,0.0,0000*68
$GPRMC,225015.00,A,3722.842581,N,12204.086240,W,056.7,174.8,290520,,,A*44
$GPGGA,225016.00,3722.826772,N,12204.084488,W,7,,0.38,5.07,M,0.0,M,0.0,0000*6A
$GPRMC,225016.00,A,3722.826772,N,12204.084488,W,057.0,175.0,290520,,,A*44
$GPGGA,225017.00,3722.810530,N,12204.082754,W,7,,0.38,5.06,M,0.0,M,0.0,0000*6F
$GPRMC,225017.00,A,3722.810530,N,12204.082754,W,057.3,175.1,290520,,,A*42
$GPGGA,225018.00,3722.794605,N,12204.080984,W,7,,0.38,4.91,M,0.0,M,0.0,0000*68
$GPRMC,225018.00,A,3722.794605,N,12204.080984,W,057.5,175.0,290520,,,A*4D
$GPGGA,225019.00,3722.779065,N,12204.079322,W,7,,0.38,4.87,M,0.0,M,0.0,0000*6D
$GPRMC,225019.00,A,3722.779065,N,12204.079322,W,057.8,175.2,290520,,,A*40
$GPGGA,225020.00,3722.762608,N,12204.077587,W,7,,0.38,4.82,M,0.0,M,0.0,0000*62
$GPRMC,225020.00,A,3722.762608,N,12204.077587,W,058.1,175.4,290520,,,A*4A
$GPGGA,225021.00,3722.746491,N,12204.075962,W,7,,0.38,4.66,M,0.0,M,0.0,0000*68
$GPRMC,225021.00,A,3722.746491,N,12204.075962,W,058.1,175.3,290520,,,A*4D
$GPGGA,225022.00,3722.730399,N,12204.074281,W,7,,0.38,4.50,M,0.0,M,0.0,0000*67
$GPRMC,225022.00,A,3722.730399,N,12204.074281,W,058.1,175.2,290520,,,A*46
$GPGGA,225023.00,3722.714590,N,12204.072751,W,7,,0.38,3.71,M,0.0,M,0.0,0000*65
$GPRMC,225023.00,A,3722.714590,N,12204.072751,W,058.5,175.5,290520,,,A*43
$GPGGA,225024.00,3722.698377,N,12204.071353,W,7,,0.38,3.49,M,0.0,M,0.0,0000*66
$GPRMC,225024.00,A,3722.698377,N,12204.071353,W,058.9,176.3,290520,,,A*42
$GPGGA,225025.00,3722.681415,N,12204.070231,W,7,,0.39,3.59,M,0.0,M,0.0,0000*68
$GPRMC,225025.00,A,3722.681415,N,12204.070231,W,059.0,177.5,290520,,,A*43
$GPGGA,225026.00,3722.664946,N,12204.069715,W,7,,0.39,3.96,M,0.0,M,0.0,0000*63
$GPRMC,225026.00,A,3722.664946,N,12204.069715,W,059.1,179.6,290520,,,A*47
$GPGGA,225027.00,3722.648505,N,12204.069787,W,7,,0.38,5.19,M,0.0,M,0.0,0000*6C
$GPRMC,225027.00,A,3722.648505,N,12204.069787,W,059.1,181.7,290520,,,A*4E
$GPGGA,225028.00,3722.632023,N,12204.070598,W,7,,0.38,5.71,M,0.0,M,0.0,0000*65
$GPRMC,225028.00,A,3722.632023,N,12204.070598,W,059.1,183.4,290520,,,A*48
$GPGGA,225029.00,3722.615571,N,12204.072073,W,7,,0.38,6.37,M,0.0,M,0.0,0000*60
$GPRMC,225029.00,A,3722.615571,N,12204.072073,W,059.0,184.9,290520,,,A*47
$GPGGA,225030.00,3722.599306,N,12204.074018,W,7,,0.38,6.83,M,0.0,M,0.0,0000*6D
$GPRMC,225030.00,A,3722.599306,N,12204.074018,W,059.1,185.9,290520,,,A*45
$GPGGA,225031.00,3722.582907,N,12204.076148,W,7,,0.38,7.33,M,0.0,M,0.0,0000*61
$GPRMC,225031.00,A,3722.582907,N,12204.076148,W,059.1,186.1,290520,,,A*48
$GPGGA,225032.00,3722.567020,N,12204.078193,W,7,,0.38,7.87,M,0.0,M,0.0,0000*62
$GPRMC,225032.00,A,3722.567020,N,12204.078193,W,059.1,185.9,290520,,,A*4F
$GPGGA,225033.00,3722.550130,N,12204.080113,W,7,,0.38,8.56,M,0.0,M,0.0,0000*6B
$GPRMC,225033.00,A,3722.550130,N,12204.080113,W,059.0,184.8,290520,,,A*44
$GPGGA,225034.00,3722.533875,N,12204.081470,W,7,,0.38,9.34,M,0.0,M,0.0,0000*65
$GPRMC,225034.00,A,3722.533875,N,12204.081470,W,059.1,183.2,290520,,,A*43
$GPGGA,225035.00,3722.517964,N,12204.082345,W,7,,0.38,9.90,M,0.0,M,0.0,0000*6F
$GPRMC,225035.00,A,3722.517964,N,12204.082345,W,059.1,182.2,290520,,,A*46
$GPGGA,225036.00,3722.500911,N,12204.082778,W,7,,0.38,10.36,M,0.0,M,0.0,0000*56
$GPRMC,225036.00,A,3722.500911,N,12204.082778,W,059.4,180.7,290520,,,A*49
$GPGGA,225037.00,3722.484447,N,12204.082513,W,7,,0.38,10.69,M,0.0,M,0.0,0000*51
$GPRMC,225037.00,A,3722.484447,N,12204.082513,W,059.6,178.4,290520,,,A*42
$GPGGA,225038.00,3722.467912,N,12204.081409,W,7,,0.38,11.08,M,0.0,M,0.0,0000*51
$GPRMC,225038.00,A,3722.467912,N,12204.081409,W,059.5,176.0,290520,,,A*4D
$GPGGA,225039.00,3722.451537,N,12204.079297,W,7,,0.38,11.67,M,0.0,M,0.0,0000*51
$GPRMC,225039.00,A,3722.451537,N,12204.079297,W,059.1,173.3,290520,,,A*46
$GPGGA,225040.00,3722.435800,N,12204.076418,W,7,,0.38,12.12,M,0.0,M,0.0,0000*5B
$GPRMC,225040.00,A,3722.435800,N,12204.076418,W,058.8,170.6,290520,,,A*43
$GPGGA,225041.00,3722.419414,N,12204.072289,W,7,,0.38,12.44,M,0.0,M,0.0,0000*54
$GPRMC,225041.00,A,3722.419414,N,12204.072289,W,058.7,167.5,290520,,,A*45
$GPGGA,225042.00,3722.403628,N,12204.067070,W,7,,0.38,12.94,M,0.0,M,0.0,0000*5C
$GPRMC,225042.00,A,3722.403628,N,12204.067070,W,058.5,164.2,290520,,,A*46
$GPGGA,225043.00,3722.388526,N,12204.061178,W,7,,0.38,12.90,M,0.0,M,0.0,0000*5F
$GPRMC,225043.00,A,3722.388526,N,12204.061178,W,058.5,161.8,290520,,,A*4E
$GPGGA,225044.00,3722.372823,N,12204.054133,W,7,,0.38,13.17,M,0.0,M,0.0,0000*52
$GPRMC,225044.00,A,3722.372823,N,12204.054133,W,058.7,159.3,290520,,,A*4F
$GPGGA,225045.00,3722.357607,N,12204.046249,W,7,,0.38,12.93,M,0.0,M,0.0,0000*5C
$GPRMC,225045.00,A,3722.357607,N,12204.046249,W,059.0,156.4,290520,,,A*42
$GPGGA,225046.00,3722.342632,N,12204.037633,W,7,,0.38,13.02,M,0.0,M,0.0,0000*5B
$GPRMC,225046.00,A,3722.342632,N,12204.037633,W,059.2,154.5,290520,,,A*4D
$GPGGA,225047.00,3722.328106,N,12204.028831,W,7,,0.38,12.95,M,0.0,M,0.0,0000*5B
$GPRMC,225047.00,A,3722.328106,N,12204.028831,W,059.7,154.0,290520,,,A*42
$GPGGA,225048.00,3722.313190,N,12204.019802,W,7,,0.38,13.13,M,0.0,M,0.0,0000*5E
$GPRMC,225048.00,A,3722.313190,N,12204.019802,W,060.0,154.2,290520,,,A*47
$GPGGA,225049.00,3722.297500,N,12204.010273,W,7,,0.38,13.28,M,0.0,M,0.0,0000*52
$GPRMC,225049.00,A,3722.297500,N,12204.010273,W,060.5,154.2,290520,,,A*46
$GPGGA,225050.00,3722.282254,N,12204.000979,W,7,,0.38,13.34,M,0.0,M,0.0,0000*55
$GPRMC,225050.00,A,3722.282254,N,12204.000979,W,060.8,154.1,290520,,,A*42
$GPGGA,225051.00,3722.267061,N,12203.991770,W,7,,0.38,13.47,M,0.0,M,0.0,0000*5E
$GPRMC,225051.00,A,3722.267061,N,12203.991770,W,061.1,154.1,290520,,,A*45
$GPGGA,225052.00,3722.251648,N,12203.982374,W,7,,0.38,13.65,M,0.0,M,0.0,0000*57
$GPRMC,225052.00,A,3722.251648,N,12203.982374,W,061.4,154.0,290520,,,A*48
$GPGGA,225053.00,3722.236263,N,12203.972942,W,7,,0.38,13.76,M,0.0,M,0.0,0000*58
$GPRMC,225053.00,A,3722.236263,N,12203.972942,W,061.4,153.9,290520,,,A*4B
$GPGGA,225054.00,3722.220837,N,12203.963462,W,7,,0.38,13.97,M,0.0,M,0.0,0000*53
$GPRMC,225054.00,A,3722.220837,N,12203.963462,W,061.7,153.9,290520,,,A*4C
$GPGGA,225055.00,3722.205471,N,12203.954066,W,7,,0.38,14.25,M,0.0,M,0.0,0000*51
$GPRMC,225055.00,A,3722.205471,N,12203.954066,W,061.9,154.0,290520,,,A*40
$GPGGA,225056.00,3722.190394,N,12203.944904,W,7,,0.38,14.32,M,0.0,M,0.0,0000*5B
$GPRMC,225056.00,A,3722.190394,N,12203.944904,W,062.2,154.1,290520,,,A*45
$GPGGA,225057.00,3722.174205,N,12203.935106,W,7,,0.38,14.37,M,0.0,M,0.0,0000*50
$GPRMC,225057.00,A,3722.174205,N,12203.935106,W,062.5,154.2,290520,,,A*4F
$GPGGA,225058.00,3722.158726,N,12203.925674,W,7,,0.38,14.43,M,0.0,M,0.0,0000*55
$GPRMC,225058.00,A,3722.158726,N,12203.925674,W,062.6,154.3,290520,,,A*4B
$GPGGA,225059.00,3722.142820,N,12203.916175,W,7,,0.38,14.22,M,0.0,M,0.0,0000*57
$GPRMC,225059.00,A,3722.142820,N,12203.916175,W,063.1,154.4,290520,,,A*4F
$GPGGA,225100.00,3722.126878,N,12203.906563,W,7,,0.38,14.42,M,0.0,M,0.0,0000*51
$GPRMC,225100.00,A,3722.126878,N,12203.906563,W,063.6,154.2,290520,,,A*4E
$GPGGA,225101.00,3722.111025,N,12203.896915,W,7,,0.38,14.50,M,0.0,M,0.0,0000*52
$GPRMC,225101.00,A,3722.111025,N,12203.896915,W,063.9,154.0,290520,,,A*43
$GPGGA,225102.00,3722.095000,N,12203.887087,W,7,,0.38,14.61,M,0.0,M,0.0,0000*5B
$GPRMC,225102.00,A,3722.095000,N,12203.887087,W,064.0,154.0,290520,,,A*46
$GPGGA,225103.00,3722.079435,N,12203.877625,W,7,,0.38,14.76,M,0.0,M,0.0,0000*5D
$GPRMC,225103.00,A,3722.079435,N,12203.877625,W,063.9,154.1,290520,,,A*49
$GPGGA,225104.00,3722.063457,N,12203.867947,W,7,,0.38,15.00,M,0.0,M,0.0,0000*5F
$GPRMC,225104.00,A,3722.063457,N,12203.867947,W,063.5,154.2,290520,,,A*44
$GPGGA,225105.00,3722.047240,N,12203.858047,W,7,,0.38,15.27,M,0.0,M,0.0,0000*58
$GPRMC,225105.00,A,3722.047240,N,12203.858047,W,062.9,154.1,290520,,,A*48
$GPGGA,225106.00,3722.031550,N,12203.848471,W,7,,0.38,15.69,M,0.0,M,0.0,0000*56
$GPRMC,225106.00,A,3722.031550,N,12203.848471,W,062.2,154.1,290520,,,A*47
$GPGGA,225107.00,3722.016556,N,12203.839393,W,7,,0.38,15.95,M,0.0,M,0.0,0000*5A
$GPRMC,225107.00,A,3722.016556,N,12203.839393,W,061.2,154.4,290520,,,A*4E
$GPGGA,225108.00,3722.000908,N,12203.830226,W,7,,0.38,16.09,M,0.0,M,0.0,0000*55
$GPRMC,225108.00,A,3722.000908,N,12203.830226,W,060.1,155.4,290520,,,A*44
$GPGGA,225109.00,3721.985571,N,12203.821838,W,7,,0.38,16.22,M,0.0,M,0.0,0000*5D
$GPRMC,225109.00,A,3721.985571,N,12203.821838,W,059.9,156.9,290520,,,A*49
$GPGGA,225110.00,3721.970122,N,12203.813929,W,7,,0.38,16.47,M,0.0,M,0.0,0000*5E
$GPRMC,225110.00,A,3721.970122,N,12203.813929,W,059.9,158.8,290520,,,A*46
$GPGGA,225111.00,3721.954893,N,12203.807065,W,7,,0.38,16.79,M,0.0,M,0.0,0000*53
$GPRMC,225111.00,A,3721.954893,N,12203.807065,W,059.9,161.2,290520,,,A*46
$GPGGA,225112.00,3721.939072,N,12203.800771,W,7,,0.38,17.27,M,0.0,M,0.0,0000*53
$GPRMC,225112.00,A,3721.939072,N,12203.800771,W,060.1,163.3,290520,,,A*4D
$GPGGA,225113.00,3721.922385,N,12203.795078,W,7,,0.38,17.54,M,0.0,M,0.0,0000*5A
$GPRMC,225113.00,A,3721.922385,N,12203.795078,W,060.2,165.5,290520,,,A*43
$GPGGA,225114.00,3721.905993,N,12203.790349,W,7,,0.38,17.90,M,0.0,M,0.0,0000*59
$GPRMC,225114.00,A,3721.905993,N,12203.790349,W,060.4,168.0,290520,,,A*46
$GPGGA,225115.00,3721.889536,N,12203.786588,W,7,,0.38,18.27,M,0.0,M,0.0,0000*51
$GPRMC,225115.00,A,3721.889536,N,12203.786588,W,060.6,170.7,290520,,,A*41
$GPGGA,225116.00,3721.872790,N,12203.783732,W,7,,0.38,18.51,M,0.0,M,0.0,0000*5F
$GPRMC,225116.00,A,3721.872790,N,12203.783732,W,060.7,173.2,290520,,,A*49
$GPGGA,225117.00,3721.855875,N,12203.781740,W,7,,0.38,18.98,M,0.0,M,0.0,0000*5D
$GPRMC,225117.00,A,3721.855875,N,12203.781740,W,060.8,175.5,290520,,,A*40
$GPGGA,225118.00,3721.838955,N,12203.780533,W,7,,0.38,19.25,M,0.0,M,0.0,0000*5A
$GPRMC,225118.00,A,3721.838955,N,12203.780533,W,060.8,177.7,290520,,,A*40
$GPGGA,225119.00,3721.822216,N,12203.780179,W,7,,0.38,19.70,M,0.0,M,0.0,0000*56
$GPRMC,225119.00,A,3721.822216,N,12203.780179,W,060.6,179.9,290520,,,A*42
$GPGGA,225120.00,3721.805848,N,12203.780305,W,7,,0.38,20.12,M,0.0,M,0.0,0000*5F
$GPRMC,225120.00,A,3721.805848,N,12203.780305,W,060.6,180.6,290520,,,A*4C
$GPGGA,225121.00,3721.788370,N,12203.780593,W,7,,0.38,20.60,M,0.0,M,0.0,0000*58
$GPRMC,225121.00,A,3721.788370,N,12203.780593,W,060.7,180.9,290520,,,A*40
$GPGGA,225122.00,3721.771635,N,12203.780960,W,7,,0.38,21.00,M,0.0,M,0.0,0000*5E
$GPRMC,225122.00,A,3721.771635,N,12203.780960,W,060.8,181.1,290520,,,A*47
$GPGGA,225123.00,3721.754728,N,12203.781343,W,7,,0.38,21.39,M,0.0,M,0.0,0000*55
$GPRMC,225123.00,A,3721.754728,N,12203.781343,W,060.6,180.9,290520,,,A*41
$GPGGA,225124.00,3721.737874,N,12203.781608,W,7,,0.38,21.89,M,0.0,M,0.0,0000*50
$GPRMC,225124.00,A,3721.737874,N,12203.781608,W,060.3,180.8,290520,,,A*4B
$GPGGA,225125.00,3721.721109,N,12203.781908,W,7,,0.38,22.41,M,0.0,M,0.0,0000*5D
$GPRMC,225125.00,A,3721.721109,N,12203.781908,W,060.0,180.8,290520,,,A*42
$GPGGA,225126.00,3721.704519,N,12203.782231,W,7,,0.38,22.79,M,0.0,M,0.0,0000*55
$GPRMC,225126.00,A,3721.704519,N,12203.782231,W,060.1,181.0,290520,,,A*49
$GPGGA,225127.00,3721.687809,N,12203.782633,W,7,,0.38,23.14,M,0.0,M,0.0,0000*5E
$GPRMC,225127.00,A,3721.687809,N,12203.782633,W,060.1,180.9,290520,,,A*40
$GPGGA,225128.00,3721.671658,N,12203.782874,W,7,,0.38,23.42,M,0.0,M,0.0,0000*5C
$GPRMC,225128.00,A,3721.671658,N,12203.782874,W,059.6,180.6,290520,,,A*43
$GPGGA,225129.00,3721.654719,N,12203.783107,W,7,,0.38,24.00,M,0.0,M,0.0,0000*53
$GPRMC,225129.00,A,3721.654719,N,12203.783107,W,059.4,180.7,290520,,,A*4E
$GPGGA,225130.00,3721.638111,N,12203.783449,W,7,,0.38,24.16,M,0.0,M,0.0,0000*57
$GPRMC,225130.00,A,3721.638111,N,12203.783449,W,059.5,181.0,290520,,,A*4A
$GPGGA,225131.00,3721.622019,N,12203.783881,W,7,,0.38,24.29,M,0.0,M,0.0,0000*50
$GPRMC,225131.00,A,3721.622019,N,12203.783881,W,059.6,181.4,290520,,,A*46
$GPGGA,225132.00,3721.604919,N,12203.784343,W,7,,0.38,24.78,M,0.0,M,0.0,0000*58
$GPRMC,225132.00,A,3721.604919,N,12203.784343,W,059.6,181.1,290520,,,A*4F
$GPGGA,225133.00,3721.588503,N,12203.784529,W,7,,0.38,24.77,M,0.0,M,0.0,0000*5C
$GPRMC,225133.00,A,3721.588503,N,12203.784529,W,059.2,180.2,290520,,,A*42
$GPGGA,225134.00,3721.572064,N,12203.784373,W,7,,0.38,24.81,M,0.0,M,0.0,0000*5A
$GPRMC,225134.00,A,3721.572064,N,12203.784373,W,059.0,179.3,290520,,,A*48
$GPGGA,225135.00,3721.556133,N,12203.784008,W,7,,0.38,25.01,M,0.0,M,0.0,0000*58
$GPRMC,225135.00,A,3721.556133,N,12203.784008,W,058.9,178.6,290520,,,A*4F
$GPGGA,225136.00,3721.539826,N,12203.783239,W,7,,0.38,25.06,M,0.0,M,0.0,0000*5F
$GPRMC,225136.00,A,3721.539826,N,12203.783239,W,059.2,177.4,290520,,,A*48
$GPGGA,225137.00,3721.522852,N,12203.782033,W,7,,0.38,25.31,M,0.0,M,0.0,0000*5A
$GPRMC,225137.00,A,3721.522852,N,12203.782033,W,059.3,176.3,290520,,,A*4E
$GPGGA,225138.00,3721.506411,N,12203.780521,W,7,,0.38,25.39,M,0.0,M,0.0,0000*54
$GPRMC,225138.00,A,3721.506411,N,12203.780521,W,059.2,175.3,290520,,,A*4A
$GPGGA,225139.00,3721.490139,N,12203.778518,W,7,,0.38,25.57,M,0.0,M,0.0,0000*51
$GPRMC,225139.00,A,3721.490139,N,12203.778518,W,059.3,173.9,290520,,,A*4A
$GPGGA,225140.00,3721.473735,N,12203.775967,W,7,,0.38,25.75,M,0.0,M,0.0,0000*51
$GPRMC,225140.00,A,3721.473735,N,12203.775967,W,059.4,172.5,290520,,,A*40
$GPGGA,225141.00,3721.457374,N,12203.773069,W,7,,0.38,25.87,M,0.0,M,0.0,0000*5B
$GPRMC,225141.00,A,3721.457374,N,12203.773069,W,059.2,171.5,290520,,,A*42
$GPGGA,225142.00,3721.441161,N,12203.769781,W,7,,0.38,26.00,M,0.0,M,0.0,0000*5F
$GPRMC,225142.00,A,3721.441161,N,12203.769781,W,058.9,170.3,290520,,,A*47
$GPGGA,225143.00,3721.425135,N,12203.766050,W,7,,0.38,26.18,M,0.0,M,0.0,0000*50
$GPRMC,225143.00,A,3721.425135,N,12203.766050,W,058.7,169.0,290520,,,A*44
$GPGGA,225144.00,3721.409631,N,12203.762053,W,7,,0.38,26.43,M,0.0,M,0.0,0000*53
$GPRMC,225144.00,A,3721.409631,N,12203.762053,W,058.8,168.0,290520,,,A*47
$GPGGA,225145.00,3721.393113,N,12203.757415,W,7,,0.38,26.87,M,0.0,M,0.0,0000*59
$GPRMC,225145.00,A,3721.393113,N,12203.757415,W,058.8,167.2,290520,,,A*48
$GPGGA,225146.00,3721.377381,N,12203.752694,W,7,,0.38,27.29,M,0.0,M,0.0,0000*52
$GPRMC,225146.00,A,3721.377381,N,12203.752694,W,058.5,166.1,290520,,,A*49
$GPGGA,225147.00,3721.361691,N,12203.747515,W,7,,0.38,27.94,M,0.0,M,0.0,0000*58
$GPRMC,225147.00,A,3721.361691,N,12203.747515,W,058.0,164.9,290520,,,A*4A
$GPGGA,225148.00,3721.346182,N,12203.741875,W,7,,0.38,28.56,M,0.0,M,0.0,0000*5B
$GPRMC,225148.00,A,3721.346182,N,12203.741875,W,057.6,163.6,290520,,,A*49
$GPGGA,225149.00,3721.330888,N,12203.736127,W,7,,0.38,29.45,M,0.0,M,0.0,0000*55
$GPRMC,225149.00,A,3721.330888,N,12203.736127,W,057.2,162.7,290520,,,A*40
$GPGGA,225150.00,3721.315875,N,12203.730020,W,7,,0.38,30.19,M,0.0,M,0.0,0000*59
$GPRMC,225150.00,A,3721.315875,N,12203.730020,W,056.9,161.7,290520,,,A*44
$GPGGA,225151.00,3721.301308,N,12203.723833,W,7,,0.38,30.81,M,0.0,M,0.0,0000*55
$GPRMC,225151.00,A,3721.301308,N,12203.723833,W,056.8,160.9,290520,,,A*47
$GPGGA,225152.00,3721.286494,N,12203.717173,W,7,,0.38,31.57,M,0.0,M,0.0,0000*5A
$GPRMC,225152.00,A,3721.286494,N,12203.717173,W,056.6,159.7,290520,,,A*48
$GPGGA,225153.00,3721.271361,N,12203.709973,W,7,,0.38,32.27,M,0.0,M,0.0,0000*5D
$GPRMC,225153.00,A,3721.271361,N,12203.709973,W,056.5,159.2,290520,,,A*4D
$GPGGA,225154.00,3721.256631,N,12203.703002,W,7,,0.38,33.16,M,0.0,M,0.0,0000*59
$GPRMC,225154.00,A,3721.256631,N,12203.703002,W,056.4,159.6,290520,,,A*4F
$GPGGA,225155.00,3721.242393,N,12203.696270,W,7,,0.38,33.89,M,0.0,M,0.0,0000*5C
$GPRMC,225155.00,A,3721.242393,N,12203.696270,W,056.3,159.5,290520,,,A*48
$GPGGA,225156.00,3721.227106,N,12203.689190,W,7,,0.38,34.53,M,0.0,M,0.0,0000*51
$GPRMC,225156.00,A,3721.227106,N,12203.689190,W,056.4,159.6,290520,,,A*41
$GPGGA,225157.00,3721.212555,N,12203.682350,W,7,,0.38,35.17,M,0.0,M,0.0,0000*50
$GPRMC,225157.00,A,3721.212555,N,12203.682350,W,056.4,159.3,290520,,,A*44
$GPGGA,225158.00,3721.197844,N,12203.675305,W,7,,0.38,35.78,M,0.0,M,0.0,0000*5D
$GPRMC,225158.00,A,3721.197844,N,12203.675305,W,056.4,159.0,290520,,,A*43
$GPGGA,225159.00,3721.183606,N,12203.668550,W,7,,0.38,36.17,M,0.0,M,0.0,0000*51
$GPRMC,225159.00,A,3721.183606,N,12203.668550,W,056.4,159.4,290520,,,A*41
$GPGGA,225200.00,3721.168935,N,12203.661763,W,7,,0.38,36.56,M,0.0,M,0.0,0000*5A
$GPRMC,225200.00,A,3721.168935,N,12203.661763,W,056.6,160.0,290520,,,A*43
$GPGGA,225201.00,3721.153503,N,12203.654978,W,7,,0.38,36.89,M,0.0,M,0.0,0000*5A
$GPRMC,225201.00,A,3721.153503,N,12203.654978,W,056.8,161.2,290520,,,A*4C
$GPGGA,225202.00,3721.138425,N,12203.648833,W,7,,0.38,37.05,M,0.0,M,0.0,0000*57
$GPRMC,225202.00,A,3721.138425,N,12203.648833,W,057.1,162.4,290520,,,A*49
$GPGGA,225203.00,3721.123647,N,12203.643223,W,7,,0.38,37.03,M,0.0,M,0.0,0000*5C
$GPRMC,225203.00,A,3721.123647,N,12203.643223,W,057.2,163.7,290520,,,A*45
$GPGGA,225204.00,3721.107939,N,12203.637751,W,7,,0.38,36.97,M,0.0,M,0.0,0000*54
$GPRMC,225204.00,A,3721.107939,N,12203.637751,W,057.2,165.0,290520,,,A*40
$GPGGA,225205.00,3721.092370,N,12203.632760,W,7,,0.38,36.92,M,0.0,M,0.0,0000*5D
$GPRMC,225205.00,A,3721.092370,N,12203.632760,W,057.8,166.0,290520,,,A*45
$GPGGA,225206.00,3721.076644,N,12203.628050,W,7,,0.38,36.61,M,0.0,M,0.0,0000*55
$GPRMC,225206.00,A,3721.076644,N,12203.628050,W,058.3,166.8,290520,,,A*4D
$GPGGA,225207.00,3721.060888,N,12203.623754,W,7,,0.38,36.16,M,0.0,M,0.0,0000*55
$GPRMC,225207.00,A,3721.060888,N,12203.623754,W,058.5,168.0,290520,,,A*4D
$GPGGA,225208.00,3721.045359,N,12203.619818,W,7,,0.38,35.51,M,0.0,M,0.0,0000*54
$GPRMC,225208.00,A,3721.045359,N,12203.619818,W,058.8,169.0,290520,,,A*40
$GPGGA,225209.00,3721.028818,N,12203.616079,W,7,,0.38,34.97,M,0.0,M,0.0,0000*5B
$GPRMC,225209.00,A,3721.028818,N,12203.616079,W,058.4,170.2,290520,,,A*42
$GPGGA,225210.00,3721.012840,N,12203.612942,W,7,,0.38,34.65,M,0.0,M,0.0,0000*5F
$GPRMC,225210.00,A,3721.012840,N,12203.612942,W,058.4,171.6,290520,,,A*4E
$GPGGA,225211.00,3720.996712,N,12203.610259,W,7,,0.38,34.66,M,0.0,M,0.0,0000*52
$GPRMC,225211.00,A,3720.996712,N,12203.610259,W,058.1,173.0,290520,,,A*41
$GPGGA,225212.00,3720.980746,N,12203.608063,W,7,,0.38,34.87,M,0.0,M,0.0,0000*5A
$GPRMC,225212.00,A,3720.980746,N,12203.608063,W,057.5,174.2,290520,,,A*48
$GPGGA,225213.00,3720.964936,N,12203.606246,W,7,,0.38,35.12,M,0.0,M,0.0,0000*5E
$GPRMC,225213.00,A,3720.964936,N,12203.606246,W,056.6,175.1,290520,,,A*41
$GPGGA,225214.00,3720.949468,N,12203.604782,W,7,,0.38,35.36,M,0.0,M,0.0,0000*59
$GPRMC,225214.00,A,3720.949468,N,12203.604782,W,056.1,176.1,290520,,,A*44
$GPGGA,225215.00,3720.933796,N,12203.603611,W,7,,0.38,35.77,M,0.0,M,0.0,0000*5E
$GPRMC,225215.00,A,3720.933796,N,12203.603611,W,056.3,176.9,290520,,,A*4C
$GPGGA,225216.00,3720.918568,N,12203.602688,W,7,,0.38,36.20,M,0.0,M,0.0,0000*57
$GPRMC,225216.00,A,3720.918568,N,12203.602688,W,056.5,177.5,290520,,,A*4F
$GPGGA,225217.00,3720.902505,N,12203.602003,W,7,,0.38,36.56,M,0.0,M,0.0,0000*52
$GPRMC,225217.00,A,3720.902505,N,12203.602003,W,056.6,178.5,290520,,,A*47
$GPGGA,225218.00,3720.886696,N,12203.601710,W,7,,0.38,36.89,M,0.0,M,0.0,0000*5D
$GPRMC,225218.00,A,3720.886696,N,12203.601710,W,056.8,179.6,290520,,,A*46
$GPGGA,225219.00,3720.871317,N,12203.601662,W,7,,0.38,37.23,M,0.0,M,0.0,0000*5D
$GPRMC,225219.00,A,3720.871317,N,12203.601662,W,057.1,180.1,290520,,,A*4E
$GPGGA,225220.00,3720.854872,N,12203.601740,W,7,,0.38,37.60,M,0.0,M,0.0,0000*5E
$GPRMC,225220.00,A,3720.854872,N,12203.601740,W,057.0,180.1,290520,,,A*4B
$GPGGA,225221.00,3720.839169,N,12203.601836,W,7,,0.38,37.94,M,0.0,M,0.0,0000*52
$GPRMC,225221.00,A,3720.839169,N,12203.601836,W,056.8,180.5,290520,,,A*41
$GPGGA,225222.00,3720.823390,N,12203.602022,W,7,,0.38,38.35,M,0.0,M,0.0,0000*54
$GPRMC,225222.00,A,3720.823390,N,12203.602022,W,056.5,180.5,290520,,,A*4E
$GPGGA,225223.00,3720.808197,N,12203.602094,W,7,,0.38,38.86,M,0.0,M,0.0,0000*5C
$GPRMC,225223.00,A,3720.808197,N,12203.602094,W,056.1,180.2,290520,,,A*4D
$GPGGA,225224.00,3720.792663,N,12203.602112,W,7,,0.38,39.14,M,0.0,M,0.0,0000*5E
$GPRMC,225224.00,A,3720.792663,N,12203.602112,W,056.1,180.1,290520,,,A*46
$GPGGA,225225.00,3720.776488,N,12203.602129,W,7,,0.38,39.60,M,0.0,M,0.0,0000*59
$GPRMC,225225.00,A,3720.776488,N,12203.602129,W,056.2,180.1,290520,,,A*41
$GPGGA,225226.00,3720.760828,N,12203.602154,W,7,,0.38,39.84,M,0.0,M,0.0,0000*5B
$GPRMC,225226.00,A,3720.760828,N,12203.602154,W,056.2,179.9,290520,,,A*47
$GPGGA,225227.00,3720.745576,N,12203.602112,W,7,,0.38,40.27,M,0.0,M,0.0,0000*5E
$GPRMC,225227.00,A,3720.745576,N,12203.602112,W,056.5,179.8,290520,,,A*43
$GPGGA,225228.00,3720.729477,N,12203.602033,W,7,,0.38,40.56,M,0.0,M,0.0,0000*5F
$GPRMC,225228.00,A,3720.729477,N,12203.602033,W,056.4,179.8,290520,,,A*45
$GPGGA,225229.00,3720.713817,N,12203.601943,W,7,,0.38,40.78,M,0.0,M,0.0,0000*5C
$GPRMC,225229.00,A,3720.713817,N,12203.601943,W,056.0,179.8,290520,,,A*4E
$GPGGA,225230.00,3720.698283,N,12203.601841,W,7,,0.38,41.17,M,0.0,M,0.0,0000*5A
$GPRMC,225230.00,A,3720.698283,N,12203.601841,W,055.3,179.7,290520,,,A*4F
$GPGGA,225231.00,3720.683092,N,12203.601710,W,7,,0.38,41.67,M,0.0,M,0.0,0000*5F
$GPRMC,225231.00,A,3720.683092,N,12203.601710,W,054.8,179.5,290520,,,A*45
$GPGGA,225232.00,3720.668367,N,12203.601596,W,7,,0.38,41.87,M,0.0,M,0.0,0000*52
$GPRMC,225232.00,A,3720.668367,N,12203.601596,W,054.6,179.5,290520,,,A*48
$GPGGA,225233.00,3720.652647,N,12203.601367,W,7,,0.38,41.99,M,0.0,M,0.0,0000*5A
$GPRMC,225233.00,A,3720.652647,N,12203.601367,W,054.4,179.4,290520,,,A*4C
$GPGGA,225234.00,3720.637486,N,12203.601134,W,7,,0.38,42.10,M,0.0,M,0.0,0000*57
$GPRMC,225234.00,A,3720.637486,N,12203.601134,W,054.3,179.4,290520,,,A*44
$GPGGA,225235.00,3720.622545,N,12203.600911,W,7,,0.38,42.13,M,0.0,M,0.0,0000*51
$GPRMC,225235.00,A,3720.622545,N,12203.600911,W,054.1,179.4,290520,,,A*43
$GPGGA,225236.00,3720.607396,N,12203.600864,W,7,,0.38,42.26,M,0.0,M,0.0,0000*58
$GPRMC,225236.00,A,3720.607396,N,12203.600864,W,054.2,180.0,290520,,,A*4D
$GPGGA,225237.00,3720.592252,N,12203.600941,W,7,,0.38,42.29,M,0.0,M,0.0,0000*56
$GPRMC,225237.00,A,3720.592252,N,12203.600941,W,054.4,180.3,290520,,,A*49
$GPGGA,225238.00,3720.577155,N,12203.601092,W,7,,0.38,42.41,M,0.0,M,0.0,0000*5E
$GPRMC,225238.00,A,3720.577155,N,12203.601092,W,054.7,180.6,290520,,,A*49
$GPGGA,225239.00,3720.561837,N,12203.601278,W,7,,0.38,42.46,M,0.0,M,0.0,0000*54
$GPRMC,225239.00,A,3720.561837,N,12203.601278,W,055.0,180.6,290520,,,A*42
$GPGGA,225240.00,3720.546910,N,12203.601487,W,7,,0.38,42.58,M,0.0,M,0.0,0000*52
$GPRMC,225240.00,A,3720.546910,N,12203.601487,W,055.4,180.5,290520,,,A*4C
$GPGGA,225241.00,3720.530896,N,12203.601685,W,7,,0.38,42.43,M,0.0,M,0.0,0000*57
$GPRMC,225241.00,A,3720.530896,N,12203.601685,W,055.8,180.4,290520,,,A*4E
$GPGGA,225242.00,3720.515403,N,12203.601757,W,7,,0.38,42.57,M,0.0,M,0.0,0000*58
$GPRMC,225242.00,A,3720.515403,N,12203.601757,W,056.2,180.1,290520,,,A*48
$GPGGA,225243.00,3720.500193,N,12203.601727,W,7,,0.38,42.68,M,0.0,M,0.0,0000*5A
$GPRMC,225243.00,A,3720.500193,N,12203.601727,W,056.5,179.8,290520,,,A*4E
$GPGGA,225244.00,3720.483879,N,12203.601722,W,7,,0.38,42.86,M,0.0,M,0.0,0000*5F
$GPRMC,225244.00,A,3720.483879,N,12203.601722,W,056.8,180.0,290520,,,A*48
$GPGGA,225245.00,3720.468165,N,12203.601740,W,7,,0.38,43.03,M,0.0,M,0.0,0000*57
$GPRMC,225245.00,A,3720.468165,N,12203.601740,W,057.1,180.0,290520,,,A*44
$GPGGA,225246.00,3720.452181,N,12203.601692,W,7,,0.38,42.97,M,0.0,M,0.0,0000*55
$GPRMC,225246.00,A,3720.452181,N,12203.601692,W,057.3,179.9,290520,,,A*47
$GPGGA,225247.00,3720.436671,N,12203.601620,W,7,,0.38,43.06,M,0.0,M,0.0,0000*5E
$GPRMC,225247.00,A,3720.436671,N,12203.601620,W,057.4,179.8,290520,,,A*43
$GPGGA,225248.00,3720.420801,N,12203.601559,W,7,,0.38,43.13,M,0.0,M,0.0,0000*56
$GPRMC,225248.00,A,3720.420801,N,12203.601559,W,057.4,179.9,290520,,,A*4E
$GPGGA,225249.00,3720.404338,N,12203.601553,W,7,,0.38,43.23,M,0.0,M,0.0,0000*59
$GPRMC,225249.00,A,3720.404338,N,12203.601553,W,057.1,180.0,290520,,,A*48
$GPGGA,225250.00,3720.388504,N,12203.601613,W,7,,0.38,43.37,M,0.0,M,0.0,0000*59
$GPRMC,225250.00,A,3720.388504,N,12203.601613,W,056.4,180.2,290520,,,A*4B
$GPGGA,225251.00,3720.373390,N,12203.601715,W,7,,0.38,43.52,M,0.0,M,0.0,0000*53
$GPRMC,225251.00,A,3720.373390,N,12203.601715,W,055.6,180.3,290520,,,A*42
$GPGGA,225252.00,3720.357693,N,12203.601710,W,7,,0.38,43.90,M,0.0,M,0.0,0000*5B
$GPRMC,225252.00,A,3720.357693,N,12203.601710,W,054.7,179.8,290520,,,A*49
$GPGGA,225253.00,3720.342568,N,12203.601518,W,7,,0.38,44.03,M,0.0,M,0.0,0000*5E
$GPRMC,225253.00,A,3720.342568,N,12203.601518,W,054.1,179.0,290520,,,A*4F
$GPGGA,225254.00,3720.327447,N,12203.601109,W,7,,0.38,44.05,M,0.0,M,0.0,0000*54
$GPRMC,225254.00,A,3720.327447,N,12203.601109,W,054.2,178.6,290520,,,A*47
$GPGGA,225255.00,3720.312783,N,12203.600365,W,7,,0.38,44.33,M,0.0,M,0.0,0000*54
$GPRMC,225255.00,A,3720.312783,N,12203.600365,W,054.5,177.5,290520,,,A*49
$GPGGA,225256.00,3720.297700,N,12203.598955,W,7,,0.38,44.40,M,0.0,M,0.0,0000*5F
$GPRMC,225256.00,A,3720.297700,N,12203.598955,W,054.9,174.9,290520,,,A*45
$GPGGA,225257.00,3720.282093,N,12203.596801,W,7,,0.38,44.46,M,0.0,M,0.0,0000*5F
$GPRMC,225257.00,A,3720.282093,N,12203.596801,W,054.9,172.5,290520,,,A*49
$GPGGA,225258.00,3720.266931,N,12203.593868,W,7,,0.38,44.86,M,0.0,M,0.0,0000*5D
$GPRMC,225258.00,A,3720.266931,N,12203.593868,W,055.1,170.6,290520,,,A*4F
$GPGGA,225259.00,3720.251961,N,12203.590304,W,7,,0.39,45.17,M,0.0,M,0.0,0000*57
$GPRMC,225259.00,A,3720.251961,N,12203.590304,W,055.3,168.5,290520,,,A*45
$GPGGA,225300.00,3720.236901,N,12203.586056,W,7,,0.39,45.65,M,0.0,M,0.0,0000*5B
$GPRMC,225300.00,A,3720.236901,N,12203.586056,W,055.3,166.7,290520,,,A*40
$GPGGA,225301.00,3720.221956,N,12203.581567,W,7,,0.38,46.43,M,0.0,M,0.0,0000*58
$GPRMC,225301.00,A,3720.221956,N,12203.581567,W,055.2,166.2,290520,,,A*41
$GPGGA,225302.00,3720.207135,N,12203.576911,W,7,,0.38,47.66,M,0.0,M,0.0,0000*51
$GPRMC,225302.00,A,3720.207135,N,12203.576911,W,055.0,166.2,290520,,,A*4C
$GPGGA,225303.00,3720.192196,N,12203.572357,W,7,,0.38,48.53,M,0.0,M,0.0,0000*53
$GPRMC,225303.00,A,3720.192196,N,12203.572357,W,055.0,166.4,290520,,,A*41
$GPGGA,225304.00,3720.177892,N,12203.568121,W,7,,0.38,49.28,M,0.0,M,0.0,0000*57
$GPRMC,225304.00,A,3720.177892,N,12203.568121,W,054.2,166.6,290520,,,A*49
$GPGGA,225305.00,3720.162915,N,12203.563795,W,7,,0.38,50.27,M,0.0,M,0.0,0000*59
$GPRMC,225305.00,A,3720.162915,N,12203.563795,W,053.0,167.1,290520,,,A*43
$GPGGA,225306.00,3720.148858,N,12203.560028,W,7,,0.38,51.15,M,0.0,M,0.0,0000*58
$GPRMC,225306.00,A,3720.148858,N,12203.560028,W,051.4,168.0,290520,,,A*4A
$GPGGA,225307.00,3720.135489,N,12203.556584,W,7,,0.38,52.25,M,0.0,M,0.0,0000*55
$GPRMC,225307.00,A,3720.135489,N,12203.556584,W,049.9,168.8,290520,,,A*4B
$GPGGA,225308.00,3720.121642,N,12203.553392,W,7,,0.38,53.10,M,0.0,M,0.0,0000*59
$GPRMC,225308.00,A,3720.121642,N,12203.553392,W,048.0,170.0,290520,,,A*49
$GPGGA,225309.00,3720.109041,N,12203.550650,W,7,,0.38,53.90,M,0.0,M,0.0,0000*57
$GPRMC,225309.00,A,3720.109041,N,12203.550650,W,045.3,170.1,290520,,,A*40
$GPGGA,225310.00,3720.096885,N,12203.548034,W,7,,0.38,54.71,M,0.0,M,0.0,0000*5D
$GPRMC,225310.00,A,3720.096885,N,12203.548034,W,043.4,170.0,290520,,,A*42
$GPGGA,225311.00,3720.085594,N,12203.545526,W,7,,0.38,55.47,M,0.0,M,0.0,0000*5C
$GPRMC,225311.00,A,3720.085594,N,12203.545526,W,041.9,169.9,290520,,,A*49
$GPGGA,225312.00,3720.074457,N,12203.543198,W,7,,0.38,55.94,M,0.0,M,0.0,0000*56
$GPRMC,225312.00,A,3720.074457,N,12203.543198,W,039.8,170.3,290520,,,A*41
$GPGGA,225313.00,3720.063651,N,12203.541007,W,7,,0.38,56.36,M,0.0,M,0.0,0000*5B
$GPRMC,225313.00,A,3720.063651,N,12203.541007,W,037.2,170.6,290520,,,A*46
$GPGGA,225314.00,3720.053812,N,12203.539063,W,7,,0.38,56.53,M,0.0,M,0.0,0000*58
$GPRMC,225314.00,A,3720.053812,N,12203.539063,W,034.7,171.0,290520,,,A*47
$GPGGA,225315.00,3720.044662,N,12203.537408,W,7,,0.38,56.51,M,0.0,M,0.0,0000*53
$GPRMC,225315.00,A,3720.044662,N,12203.537408,W,033.7,171.8,290520,,,A*41
$GPGGA,225316.00,3720.035278,N,12203.536207,W,7,,0.38,56.41,M,0.0,M,0.0,0000*50
$GPRMC,225316.00,A,3720.035278,N,12203.536207,W,032.9,175.1,290520,,,A*41
$GPGGA,225317.00,3720.026145,N,12203.536249,W,7,,0.38,55.86,M,0.0,M,0.0,0000*5C
$GPRMC,225317.00,A,3720.026145,N,12203.536249,W,032.5,182.2,290520,,,A*42
$GPGGA,225318.00,3720.017145,N,12203.537666,W,7,,0.38,55.73,M,0.0,M,0.0,0000*53
$GPRMC,225318.00,A,3720.017145,N,12203.537666,W,032.4,190.1,290520,,,A*46
$GPGGA,225319.00,3720.008626,N,12203.540905,W,7,,0.38,55.32,M,0.0,M,0.0,0000*51
$GPRMC,225319.00,A,3720.008626,N,12203.540905,W,032.2,200.6,290520,,,A*4A
$GPGGA,225320.00,3720.000952,N,12203.545982,W,7,,0.38,54.80,M,0.0,M,0.0,0000*5D
$GPRMC,225320.00,A,3720.000952,N,12203.545982,W,032.1,212.4,290520,,,A*4C
$GPGGA,225321.00,3719.993931,N,12203.553392,W,7,,0.38,54.44,M,0.0,M,0.0,0000*54
$GPRMC,225321.00,A,3719.993931,N,12203.553392,W,031.9,224.3,290520,,,A*44
$GPGGA,225322.00,3719.988436,N,12203.562080,W,7,,0.38,53.71,M,0.0,M,0.0,0000*54
$GPRMC,225322.00,A,3719.988436,N,12203.562080,W,031.7,235.3,290520,,,A*4B
$GPGGA,225323.00,3719.984157,N,12203.571590,W,7,,0.38,53.48,M,0.0,M,0.0,0000*57
$GPRMC,225323.00,A,3719.984157,N,12203.571590,W,031.5,243.2,290520,,,A*40
$GPGGA,225324.00,3719.980869,N,12203.582060,W,7,,0.38,53.21,M,0.0,M,0.0,0000*59
$GPRMC,225324.00,A,3719.980869,N,12203.582060,W,032.7,250.7,290520,,,A*47
$GPGGA,225325.00,3719.978338,N,12203.593309,W,7,,0.38,53.30,M,0.0,M,0.0,0000*5C
$GPRMC,225325.00,A,3719.978338,N,12203.593309,W,034.0,256.2,290520,,,A*40
$GPGGA,225326.00,3719.976537,N,12203.605105,W,7,,0.38,53.26,M,0.0,M,0.0,0000*5D
$GPRMC,225326.00,A,3719.976537,N,12203.605105,W,034.8,260.8,290520,,,A*41
$GPGGA,225327.00,3719.975452,N,12203.617232,W,7,,0.38,53.05,M,0.0,M,0.0,0000*58
$GPRMC,225327.00,A,3719.975452,N,12203.617232,W,035.7,265.0,290520,,,A*46
$GPGGA,225328.00,3719.975115,N,12203.629435,W,7,,0.38,53.17,M,0.0,M,0.0,0000*5E
$GPRMC,225328.00,A,3719.975115,N,12203.629435,W,036.5,269.7,290520,,,A*49
$GPGGA,225329.00,3719.975649,N,12203.642647,W,7,,0.38,53.38,M,0.0,M,0.0,0000*56
$GPRMC,225329.00,A,3719.975649,N,12203.642647,W,037.1,275.1,290520,,,A*42
$GPGGA,225330.00,3719.977047,N,12203.655511,W,7,,0.38,53.75,M,0.0,M,0.0,0000*5B
$GPRMC,225330.00,A,3719.977047,N,12203.655511,W,037.8,279.7,290520,,,A*45
$GPGGA,225331.00,3719.979328,N,12203.668130,W,7,,0.38,54.26,M,0.0,M,0.0,0000*56
$GPRMC,225331.00,A,3719.979328,N,12203.668130,W,038.4,284.8,290520,,,A*47
$GPGGA,225332.00,3719.982610,N,12203.681479,W,7,,0.38,54.72,M,0.0,M,0.0,0000*51
$GPRMC,225332.00,A,3719.982610,N,12203.681479,W,039.1,288.8,290520,,,A*49
$GPGGA,225333.00,3719.986336,N,12203.694374,W,7,,0.38,55.13,M,0.0,M,0.0,0000*5D
$GPRMC,225333.00,A,3719.986336,N,12203.694374,W,040.0,290.5,290520,,,A*48
$GPGGA,225334.00,3719.990391,N,12203.707549,W,7,,0.38,55.41,M,0.0,M,0.0,0000*54
$GPRMC,225334.00,A,3719.990391,N,12203.707549,W,040.9,291.5,290520,,,A*4E
$GPGGA,225335.00,3719.994561,N,12203.720642,W,7,,0.38,55.73,M,0.0,M,0.0,0000*54
$GPRMC,225335.00,A,3719.994561,N,12203.720642,W,042.1,292.3,290520,,,A*40
$GPGGA,225336.00,3719.998960,N,12203.734177,W,7,,0.38,55.84,M,0.0,M,0.0,0000*5A
$GPRMC,225336.00,A,3719.998960,N,12203.734177,W,041.8,291.9,290520,,,A*45
$GPGGA,225337.00,3720.003345,N,12203.747965,W,7,,0.38,56.01,M,0.0,M,0.0,0000*56
$GPRMC,225337.00,A,3720.003345,N,12203.747965,W,041.2,291.6,290520,,,A*42
$GPGGA,225338.00,3720.007600,N,12203.761202,W,7,,0.38,55.97,M,0.0,M,0.0,0000*5B
$GPRMC,225338.00,A,3720.007600,N,12203.761202,W,040.6,292.1,290520,,,A*42
$GPGGA,225339.00,3720.011703,N,12203.773903,W,7,,0.38,56.03,M,0.0,M,0.0,0000*58
$GPRMC,225339.00,A,3720.011703,N,12203.773903,W,040.3,292.2,290520,,,A*49
$GPGGA,225340.00,3720.016090,N,12203.787373,W,7,,0.38,56.02,M,0.0,M,0.0,0000*5B
$GPRMC,225340.00,A,3720.016090,N,12203.787373,W,040.9,292.1,290520,,,A*42
$GPGGA,225341.00,3720.020368,N,12203.800831,W,7,,0.38,56.19,M,0.0,M,0.0,0000*5C
$GPRMC,225341.00,A,3720.020368,N,12203.800831,W,041.7,291.9,290520,,,A*4B
$GPGGA,225342.00,3720.024801,N,12203.814535,W,7,,0.38,56.60,M,0.0,M,0.0,0000*5D
$GPRMC,225342.00,A,3720.024801,N,12203.814535,W,042.5,292.3,290520,,,A*4C
$GPGGA,225343.00,3720.029109,N,12203.828047,W,7,,0.38,56.99,M,0.0,M,0.0,0000*59
$GPRMC,225343.00,A,3720.029109,N,12203.828047,W,043.2,292.1,290520,,,A*4A
$GPGGA,225344.00,3720.033580,N,12203.842021,W,7,,0.38,57.56,M,0.0,M,0.0,0000*5E
$GPRMC,225344.00,A,3720.033580,N,12203.842021,W,043.7,292.1,290520,,,A*4A
$GPGGA,225345.00,3720.038301,N,12203.856824,W,7,,0.38,58.02,M,0.0,M,0.0,0000*5D
$GPRMC,225345.00,A,3720.038301,N,12203.856824,W,044.4,292.0,290520,,,A*42
$GPGGA,225346.00,3720.042802,N,12203.871361,W,7,,0.38,58.54,M,0.0,M,0.0,0000*57
$GPRMC,225346.00,A,3720.042802,N,12203.871361,W,044.9,290.9,290520,,,A*4D
$GPGGA,225347.00,3720.047026,N,12203.886199,W,7,,0.38,58.91,M,0.0,M,0.0,0000*59
$GPRMC,225347.00,A,3720.047026,N,12203.886199,W,046.0,289.1,290520,,,A*41
$GPGGA,225348.00,3720.051010,N,12203.901704,W,7,,0.38,59.49,M,0.0,M,0.0,0000*5C
$GPRMC,225348.00,A,3720.051010,N,12203.901704,W,047.0,287.6,290520,,,A*48
$GPGGA,225349.00,3720.054874,N,12203.917651,W,7,,0.38,60.14,M,0.0,M,0.0,0000*56
$GPRMC,225349.00,A,3720.054874,N,12203.917651,W,048.1,286.5,290520,,,A*4C
$GPGGA,225350.00,3720.058395,N,12203.933893,W,7,,0.38,60.84,M,0.0,M,0.0,0000*59
$GPRMC,225350.00,A,3720.058395,N,12203.933893,W,049.1,284.5,290520,,,A*49
$GPGGA,225351.00,3720.061510,N,12203.950838,W,7,,0.38,61.56,M,0.0,M,0.0,0000*53
$GPRMC,225351.00,A,3720.061510,N,12203.950838,W,050.1,282.3,290520,,,A*45
$GPGGA,225352.00,3720.064174,N,12203.967601,W,7,,0.38,62.17,M,0.0,M,0.0,0000*55
$GPRMC,225352.00,A,3720.064174,N,12203.967601,W,051.0,280.8,290520,,,A*4C
$GPGGA,225353.00,3720.066681,N,12203.985859,W,7,,0.38,62.91,M,0.0,M,0.0,0000*5A
$GPRMC,225353.00,A,3720.066681,N,12203.985859,W,051.7,279.4,290520,,,A*40
$GPGGA,225354.00,3720.068763,N,12204.003728,W,7,,0.38,63.66,M,0.0,M,0.0,0000*5E
$GPRMC,225354.00,A,3720.068763,N,12204.003728,W,052.5,277.8,290520,,,A*4E
$GPGGA,225355.00,3720.070317,N,12204.021440,W,7,,0.38,64.44,M,0.0,M,0.0,0000*5B
$GPRMC,225355.00,A,3720.070317,N,12204.021440,W,052.8,275.8,290520,,,A*43
$GPGGA,225356.00,3720.071415,N,12204.040280,W,7,,0.38,65.23,M,0.0,M,0.0,0000*51
$GPRMC,225356.00,A,3720.071415,N,12204.040280,W,052.3,273.6,290520,,,A*4A
$GPGGA,225357.00,3720.071967,N,12204.058171,W,7,,0.38,65.97,M,0.0,M,0.0,0000*53
$GPRMC,225357.00,A,3720.071967,N,12204.058171,W,051.5,271.5,290520,,,A*43
$GPGGA,225358.00,3720.072075,N,12204.076076,W,7,,0.38,66.66,M,0.0,M,0.0,0000*52
$GPRMC,225358.00,A,3720.072075,N,12204.076076,W,051.0,269.9,290520,,,A*4F
$GPGGA,225359.00,3720.071650,N,12204.093050,W,7,,0.38,67.28,M,0.0,M,0.0,0000*55
$GPRMC,225359.00,A,3720.071650,N,12204.093050,W,049.9,267.0,290520,,,A*44
$GPGGA,225400.00,3720.070348,N,12204.110426,W,7,,0.38,67.97,M,0.0,M,0.0,0000*58
$GPRMC,225400.00,A,3720.070348,N,12204.110426,W,050.0,263.5,290520,,,A*4D
$GPGGA,225401.00,3720.068590,N,12204.128138,W,7,,0.38,68.78,M,0.0,M,0.0,0000*5C
$GPRMC,225401.00,A,3720.068590,N,12204.128138,W,050.1,262.5,290520,,,A*47
$GPGGA,225402.00,3720.066675,N,12204.145549,W,7,,0.38,69.37,M,0.0,M,0.0,0000*5A
$GPRMC,225402.00,A,3720.066675,N,12204.145549,W,050.2,262.4,290520,,,A*49
$GPGGA,225403.00,3720.064768,N,12204.162499,W,7,,0.38,69.84,M,0.0,M,0.0,0000*55
$GPRMC,225403.00,A,3720.064768,N,12204.162499,W,050.6,261.8,290520,,,A*45
$GPGGA,225404.00,3720.062409,N,12204.180374,W,7,,0.38,70.51,M,0.0,M,0.0,0000*58
$GPRMC,225404.00,A,3720.062409,N,12204.180374,W,050.8,259.9,290520,,,A*4C
$GPGGA,225405.00,3720.059656,N,12204.197899,W,7,,0.38,70.85,M,0.0,M,0.0,0000*5E
$GPRMC,225405.00,A,3720.059656,N,12204.197899,W,051.1,258.1,290520,,,A*42
$GPGGA,225406.00,3720.056596,N,12204.215365,W,7,,0.38,70.96,M,0.0,M,0.0,0000*5E
$GPRMC,225406.00,A,3720.056596,N,12204.215365,W,051.4,257.3,290520,,,A*48
$GPGGA,225407.00,3720.053583,N,12204.232441,W,7,,0.38,71.42,M,0.0,M,0.0,0000*52
$GPRMC,225407.00,A,3720.053583,N,12204.232441,W,051.7,257.4,290520,,,A*48
$GPGGA,225408.00,3720.050428,N,12204.249931,W,7,,0.38,71.77,M,0.0,M,0.0,0000*5E
$GPRMC,225408.00,A,3720.050428,N,12204.249931,W,051.9,257.1,290520,,,A*49
$GPGGA,225409.00,3720.046947,N,12204.268208,W,7,,0.38,71.91,M,0.0,M,0.0,0000*56
$GPRMC,225409.00,A,3720.046947,N,12204.268208,W,052.2,256.5,290520,,,A*44
$GPGGA,225410.00,3720.043570,N,12204.286027,W,7,,0.38,72.24,M,0.0,M,0.0,0000*51
$GPRMC,225410.00,A,3720.043570,N,12204.286027,W,052.6,256.6,290520,,,A*49
$GPGGA,225411.00,3720.040185,N,12204.303859,W,7,,0.38,72.45,M,0.0,M,0.0,0000*57
$GPRMC,225411.00,A,3720.040185,N,12204.303859,W,053.1,256.8,290520,,,A*40
$GPGGA,225412.00,3720.036820,N,12204.322022,W,7,,0.38,72.90,M,0.0,M,0.0,0000*5C
$GPRMC,225412.00,A,3720.036820,N,12204.322022,W,053.5,257.2,290520,,,A*4C
$GPGGA,225413.00,3720.033447,N,12204.340304,W,7,,0.38,73.25,M,0.0,M,0.0,0000*59
$GPRMC,225413.00,A,3720.033447,N,12204.340304,W,053.8,257.1,290520,,,A*48
$GPGGA,225414.00,3720.030087,N,12204.358813,W,7,,0.38,73.61,M,0.0,M,0.0,0000*51
$GPRMC,225414.00,A,3720.030087,N,12204.358813,W,054.7,257.2,290520,,,A*4B
$GPGGA,225415.00,3720.026799,N,12204.377485,W,7,,0.38,74.04,M,0.0,M,0.0,0000*55
$GPRMC,225415.00,A,3720.026799,N,12204.377485,W,055.7,257.9,290520,,,A*41
$GPGGA,225416.00,3720.023811,N,12204.396158,W,7,,0.38,74.66,M,0.0,M,0.0,0000*52
$GPRMC,225416.00,A,3720.023811,N,12204.396158,W,056.6,259.0,290520,,,A*47
$GPGGA,225417.00,3720.020944,N,12204.416396,W,7,,0.38,75.62,M,0.0,M,0.0,0000*5B
$GPRMC,225417.00,A,3720.020944,N,12204.416396,W,057.2,260.7,290520,,,A*43
$GPGGA,225418.00,3720.018688,N,12204.436093,W,7,,0.38,76.65,M,0.0,M,0.0,0000*50
$GPRMC,225418.00,A,3720.018688,N,12204.436093,W,057.7,262.6,290520,,,A*4A
$GPGGA,225419.00,3720.017097,N,12204.455618,W,7,,0.38,77.41,M,0.0,M,0.0,0000*51
$GPRMC,225419.00,A,3720.017097,N,12204.455618,W,058.2,265.3,290520,,,A*44
$GPGGA,225420.00,3720.016138,N,12204.476678,W,7,,0.38,78.29,M,0.0,M,0.0,0000*58
$GPRMC,225420.00,A,3720.016138,N,12204.476678,W,058.7,267.7,290520,,,A*4F
$GPGGA,225421.00,3720.015939,N,12204.497035,W,7,,0.38,78.85,M,0.0,M,0.0,0000*55
$GPRMC,225421.00,A,3720.015939,N,12204.497035,W,058.9,270.3,290520,,,A*48
$GPGGA,225422.00,3720.016498,N,12204.517676,W,7,,0.38,79.21,M,0.0,M,0.0,0000*54
$GPRMC,225422.00,A,3720.016498,N,12204.517676,W,059.2,272.8,290520,,,A*45
$GPGGA,225423.00,3720.017626,N,12204.537674,W,7,,0.38,79.58,M,0.0,M,0.0,0000*5D
$GPRMC,225423.00,A,3720.017626,N,12204.537674,W,059.4,275.0,290520,,,A*4B
$GPGGA,225424.00,3720.019384,N,12204.558278,W,7,,0.38,80.00,M,0.0,M,0.0,0000*53
$GPRMC,225424.00,A,3720.019384,N,12204.558278,W,059.4,277.1,290520,,,A*4D
$GPGGA,225425.00,3720.021843,N,12204.579271,W,7,,0.38,80.36,M,0.0,M,0.0,0000*56
$GPRMC,225425.00,A,3720.021843,N,12204.579271,W,059.4,279.3,290520,,,A*41
$GPGGA,225426.00,3720.025078,N,12204.599695,W,7,,0.38,80.39,M,0.0,M,0.0,0000*5E
$GPRMC,225426.00,A,3720.025078,N,12204.599695,W,059.7,282.4,290520,,,A*46
$GPGGA,225427.00,3720.028984,N,12204.619280,W,7,,0.38,80.37,M,0.0,M,0.0,0000*5D
$GPRMC,225427.00,A,3720.028984,N,12204.619280,W,060.0,284.9,290520,,,A*4D
$GPGGA,225428.00,3720.033724,N,12204.639919,W,7,,0.38,80.35,M,0.0,M,0.0,0000*57
$GPRMC,225428.00,A,3720.033724,N,12204.639919,W,060.3,286.6,290520,,,A*4B
$GPGGA,225429.00,3720.039057,N,12204.659953,W,7,,0.38,74.48,M,0.0,M,0.0,0000*56
$GPRMC,225429.00,A,3720.039057,N,12204.659953,W,060.6,289.6,290520,,,A*41
$GPGGA,225430.00,3720.045070,N,12204.679831,W,7,,0.38,76.53,M,0.0,M,0.0,0000*5F
$GPRMC,225430.00,A,3720.045070,N,12204.679831,W,061.0,291.9,290520,,,A*41
$GPGGA,225431.00,3720.051603,N,12204.698893,W,7,,0.38,78.64,M,0.0,M,0.0,0000*54
$GPRMC,225431.00,A,3720.051603,N,12204.698893,W,061.6,294.3,290520,,,A*49
$GPGGA,225432.00,3720.059002,N,12204.718220,W,7,,0.38,78.83,M,0.0,M,0.0,0000*5A
$GPRMC,225432.00,A,3720.059002,N,12204.718220,W,062.1,296.8,290520,,,A*43
$GPGGA,225433.00,3720.067606,N,12204.737959,W,7,,0.38,78.61,M,0.0,M,0.0,0000*50
$GPRMC,225433.00,A,3720.067606,N,12204.737959,W,062.5,299.7,290520,,,A*41
$GPGGA,225434.00,3720.076690,N,12204.756739,W,7,,0.38,78.19,M,0.0,M,0.0,0000*58
$GPRMC,225434.00,A,3720.076690,N,12204.756739,W,062.9,302.2,290520,,,A*4C
$GPGGA,225435.00,3720.086404,N,12204.774860,W,7,,0.38,77.87,M,0.0,M,0.0,0000*52
$GPRMC,225435.00,A,3720.086404,N,12204.774860,W,063.2,304.8,290520,,,A*48
$GPGGA,225436.00,3720.096843,N,12204.792728,W,7,,0.38,77.35,M,0.0,M,0.0,0000*5D
$GPRMC,225436.00,A,3720.096843,N,12204.792728,W,063.4,307.2,290520,,,A*41
$GPGGA,225437.00,3720.107950,N,12204.809978,W,7,,0.38,76.89,M,0.0,M,0.0,0000*56
$GPRMC,225437.00,A,3720.107950,N,12204.809978,W,063.4,309.9,290520,,,A*49
$GPGGA,225438.00,3720.119655,N,12204.826525,W,7,,0.38,76.43,M,0.0,M,0.0,0000*53
$GPRMC,225438.00,A,3720.119655,N,12204.826525,W,063.3,312.5,290520,,,A*4B
$GPGGA,225439.00,3720.131554,N,12204.842510,W,7,,0.38,76.10,M,0.0,M,0.0,0000*58
$GPRMC,225439.00,A,3720.131554,N,12204.842510,W,063.1,313.5,290520,,,A*45
$GPGGA,225440.00,3720.143397,N,12204.857869,W,7,,0.38,75.58,M,0.0,M,0.0,0000*52
$GPRMC,225440.00,A,3720.143397,N,12204.857869,W,063.4,314.0,290520,,,A*47
$GPGGA,225441.00,3720.156129,N,12204.874316,W,7,,0.38,74.96,M,0.0,M,0.0,0000*51
$GPRMC,225441.00,A,3720.156129,N,12204.874316,W,063.9,313.9,290520,,,A*44
$GPGGA,225442.00,3720.168340,N,12204.890288,W,7,,0.38,74.47,M,0.0,M,0.0,0000*52
$GPRMC,225442.00,A,3720.168340,N,12204.890288,W,064.1,313.8,290520,,,A*45
$GPGGA,225443.00,3720.180315,N,12204.905935,W,7,,0.38,74.20,M,0.0,M,0.0,0000*54
$GPRMC,225443.00,A,3720.180315,N,12204.905935,W,064.1,313.8,290520,,,A*42
$GPGGA,225444.00,3720.193024,N,12204.922574,W,7,,0.38,74.38,M,0.0,M,0.0,0000*55
$GPRMC,225444.00,A,3720.193024,N,12204.922574,W,063.6,313.8,290520,,,A*4A
$GPGGA,225445.00,3720.205144,N,12204.938678,W,7,,0.38,74.76,M,0.0,M,0.0,0000*51
$GPRMC,225445.00,A,3720.205144,N,12204.938678,W,063.3,313.3,290520,,,A*4A
$GPGGA,225446.00,3720.217036,N,12204.954746,W,7,,0.38,75.12,M,0.0,M,0.0,0000*50
$GPRMC,225446.00,A,3720.217036,N,12204.954746,W,063.4,312.6,290520,,,A*4B
$GPGGA,225447.00,3720.228418,N,12204.970700,W,7,,0.38,75.83,M,0.0,M,0.0,0000*59
$GPRMC,225447.00,A,3720.228418,N,12204.970700,W,063.3,311.4,290520,,,A*4C
$GPGGA,225448.00,3720.239866,N,12204.987511,W,7,,0.38,76.64,M,0.0,M,0.0,0000*53
$GPRMC,225448.00,A,3720.239866,N,12204.987511,W,063.2,309.8,290520,,,A*48
$GPGGA,225449.00,3720.251091,N,12205.004996,W,7,,0.38,77.56,M,0.0,M,0.0,0000*5C
$GPRMC,225449.00,A,3720.251091,N,12205.004996,W,062.8,308.2,290520,,,A*47
$GPGGA,225450.00,3720.261658,N,12205.022467,W,7,,0.38,78.30,M,0.0,M,0.0,0000*5C
$GPRMC,225450.00,A,3720.261658,N,12205.022467,W,062.6,306.6,290520,,,A*4C
$GPGGA,225451.00,3720.271540,N,12205.039628,W,7,,0.38,78.83,M,0.0,M,0.0,0000*5D
$GPRMC,225451.00,A,3720.271540,N,12205.039628,W,062.5,305.5,290520,,,A*46
$GPGGA,225452.00,3720.281866,N,12205.057903,W,7,,0.38,79.30,M,0.0,M,0.0,0000*5F
$GPRMC,225452.00,A,3720.281866,N,12205.057903,W,062.7,305.4,290520,,,A*4E
$GPGGA,225453.00,3720.291945,N,12205.075862,W,7,,0.38,79.41,M,0.0,M,0.0,0000*5F
$GPRMC,225453.00,A,3720.291945,N,12205.075862,W,062.9,305.0,290520,,,A*42
$GPGGA,225454.00,3720.301977,N,12205.093958,W,7,,0.38,79.60,M,0.0,M,0.0,0000*52
$GPRMC,225454.00,A,3720.301977,N,12205.093958,W,063.1,304.7,290520,,,A*43
$GPGGA,225455.00,3720.311674,N,12205.111568,W,7,,0.38,79.69,M,0.0,M,0.0,0000*53
$GPRMC,225455.00,A,3720.311674,N,12205.111568,W,063.3,304.8,290520,,,A*46
$GPGGA,225456.00,3720.321687,N,12205.129651,W,7,,0.38,79.74,M,0.0,M,0.0,0000*51
$GPRMC,225456.00,A,3720.321687,N,12205.129651,W,063.5,304.9,290520,,,A*4F
$GPGGA,225457.00,3720.332200,N,12205.148455,W,7,,0.38,79.53,M,0.0,M,0.0,0000*5D
$GPRMC,225457.00,A,3720.332200,N,12205.148455,W,063.8,305.2,290520,,,A*41
$GPGGA,225458.00,3720.342549,N,12205.166635,W,7,,0.38,79.10,M,0.0,M,0.0,0000*50
$GPRMC,225458.00,A,3720.342549,N,12205.166635,W,063.9,305.5,290520,,,A*4D
$GPGGA,225459.00,3720.352678,N,12205.184768,W,7,,0.38,78.75,M,0.0,M,0.0,0000*56
$GPRMC,225459.00,A,3720.352678,N,12205.184768,W,064.0,304.7,290520,,,A*44
$GPGGA,225500.00,3720.362793,N,12205.203242,W,7,,0.38,78.00,M,0.0,M,0.0,0000*5F
$GPRMC,225500.00,A,3720.362793,N,12205.203242,W,064.1,304.5,290520,,,A*4C
$GPGGA,225501.00,3720.372945,N,12205.221685,W,7,,0.38,77.24,M,0.0,M,0.0,0000*5C
$GPRMC,225501.00,A,3720.372945,N,12205.221685,W,064.1,304.6,290520,,,A*45
$GPGGA,225502.00,3720.382960,N,12205.240111,W,7,,0.38,76.84,M,0.0,M,0.0,0000*51
$GPRMC,225502.00,A,3720.382960,N,12205.240111,W,063.8,304.1,290520,,,A*4A
$GPGGA,225503.00,3720.392800,N,12205.258369,W,7,,0.38,75.90,M,0.0,M,0.0,0000*54
$GPRMC,225503.00,A,3720.392800,N,12205.258369,W,063.3,303.9,290520,,,A*4D
$GPGGA,225504.00,3720.402273,N,12205.276003,W,7,,0.38,74.88,M,0.0,M,0.0,0000*58
$GPRMC,225504.00,A,3720.402273,N,12205.276003,W,062.7,303.8,290520,,,A*4D
$GPGGA,225505.00,3720.412144,N,12205.294814,W,7,,0.38,73.84,M,0.0,M,0.0,0000*56
$GPRMC,225505.00,A,3720.412144,N,12205.294814,W,062.3,302.9,290520,,,A*4C
$GPGGA,225506.00,3720.421389,N,12205.312969,W,7,,0.38,72.73,M,0.0,M,0.0,0000*5B
$GPRMC,225506.00,A,3720.421389,N,12205.312969,W,062.2,301.8,290520,,,A*4B
$GPGGA,225507.00,3720.430132,N,12205.330939,W,7,,0.38,71.78,M,0.0,M,0.0,0000*55
$GPRMC,225507.00,A,3720.430132,N,12205.330939,W,062.2,300.8,290520,,,A*4C
$GPGGA,225508.00,3720.439390,N,12205.350218,W,7,,0.38,70.75,M,0.0,M,0.0,0000*5B
$GPRMC,225508.00,A,3720.439390,N,12205.350218,W,062.3,300.8,290520,,,A*4F
$GPGGA,225509.00,3720.448216,N,12205.368739,W,7,,0.38,69.76,M,0.0,M,0.0,0000*55
$GPRMC,225509.00,A,3720.448216,N,12205.368739,W,062.4,300.6,290520,,,A*43
$GPGGA,225510.00,3720.457048,N,12205.387562,W,7,,0.38,68.77,M,0.0,M,0.0,0000*57
$GPRMC,225510.00,A,3720.457048,N,12205.387562,W,062.5,300.5,290520,,,A*43
$GPGGA,225511.00,3720.465747,N,12205.405748,W,7,,0.38,67.71,M,0.0,M,0.0,0000*51
$GPRMC,225511.00,A,3720.465747,N,12205.405748,W,062.7,300.6,290520,,,A*4D
$GPGGA,225512.00,3720.474958,N,12205.424377,W,7,,0.38,66.62,M,0.0,M,0.0,0000*5A
$GPRMC,225512.00,A,3720.474958,N,12205.424377,W,062.9,301.2,290520,,,A*4E
$GPGGA,225513.00,3720.484545,N,12205.443481,W,7,,0.38,65.47,M,0.0,M,0.0,0000*5F
$GPRMC,225513.00,A,3720.484545,N,12205.443481,W,063.1,301.9,290520,,,A*4D
$GPGGA,225514.00,3720.494218,N,12205.461782,W,7,,0.38,64.89,M,0.0,M,0.0,0000*55
$GPRMC,225514.00,A,3720.494218,N,12205.461782,W,062.6,303.9,290520,,,A*40
$GPGGA,225515.00,3720.504021,N,12205.479062,W,7,,0.38,64.72,M,0.0,M,0.0,0000*50
$GPRMC,225515.00,A,3720.504021,N,12205.479062,W,062.8,306.1,290520,,,A*42
$GPGGA,225516.00,3720.515001,N,12205.496798,W,7,,0.38,64.38,M,0.0,M,0.0,0000*5C
$GPRMC,225516.00,A,3720.515001,N,12205.496798,W,062.9,308.9,290520,,,A*47
$GPGGA,225517.00,3720.526419,N,12205.513555,W,7,,0.38,64.58,M,0.0,M,0.0,0000*59
$GPRMC,225517.00,A,3720.526419,N,12205.513555,W,063.0,311.6,290520,,,A*4B
$GPGGA,225518.00,3720.538497,N,12205.529695,W,7,,0.38,64.84,M,0.0,M,0.0,0000*58
$GPRMC,225518.00,A,3720.538497,N,12205.529695,W,063.2,314.2,290520,,,A*48
$GPGGA,225519.00,3720.550563,N,12205.544647,W,7,,0.38,65.62,M,0.0,M,0.0,0000*50
$GPRMC,225519.00,A,3720.550563,N,12205.544647,W,062.9,316.1,290520,,,A*42
$GPGGA,225520.00,3720.563212,N,12205.559527,W,7,,0.38,66.38,M,0.0,M,0.0,0000*5E
$GPRMC,225520.00,A,3720.563212,N,12205.559527,W,062.7,317.5,290520,,,A*4B
$GPGGA,225521.00,3720.576526,N,12205.574756,W,7,,0.38,67.12,M,0.0,M,0.0,0000*59
$GPRMC,225521.00,A,3720.576526,N,12205.574756,W,062.6,317.8,290520,,,A*49
$GPGGA,225522.00,3720.589444,N,12205.589485,W,7,,0.38,67.81,M,0.0,M,0.0,0000*5A
$GPRMC,225522.00,A,3720.589444,N,12205.589485,W,062.6,317.7,290520,,,A*4F
$GPGGA,225523.00,3720.602092,N,12205.603982,W,7,,0.38,68.41,M,0.0,M,0.0,0000*5C
$GPRMC,225523.00,A,3720.602092,N,12205.603982,W,062.3,317.6,290520,,,A*4E
$GPGGA,225524.00,3720.614860,N,12205.618699,W,7,,0.38,69.14,M,0.0,M,0.0,0000*57
$GPRMC,225524.00,A,3720.614860,N,12205.618699,W,062.2,317.5,290520,,,A*46
$GPGGA,225525.00,3720.627585,N,12205.633484,W,7,,0.38,69.75,M,0.0,M,0.0,0000*50
$GPRMC,225525.00,A,3720.627585,N,12205.633484,W,062.2,317.2,290520,,,A*41
$GPGGA,225526.00,3720.640114,N,12205.648490,W,7,,0.38,70.14,M,0.0,M,0.0,0000*58
$GPRMC,225526.00,A,3720.640114,N,12205.648490,W,062.2,315.9,290520,,,A*4F
$GPGGA,225527.00,3720.652161,N,12205.663333,W,7,,0.38,70.44,M,0.0,M,0.0,0000*5A
$GPRMC,225527.00,A,3720.652161,N,12205.663333,W,061.6,315.2,290520,,,A*44
$GPGGA,225528.00,3720.663754,N,12205.678334,W,7,,0.38,70.37,M,0.0,M,0.0,0000*5E
$GPRMC,225528.00,A,3720.663754,N,12205.678334,W,061.8,313.5,290520,,,A*4B
$GPGGA,225529.00,3720.675646,N,12205.694857,W,7,,0.38,70.57,M,0.0,M,0.0,0000*50
$GPRMC,225529.00,A,3720.675646,N,12205.694857,W,061.8,311.2,290520,,,A*46
$GPGGA,225530.00,3720.686620,N,12205.711166,W,7,,0.38,70.32,M,0.0,M,0.0,0000*50
$GPRMC,225530.00,A,3720.686620,N,12205.711166,W,061.8,309.1,290520,,,A*4F
$GPGGA,225531.00,3720.696700,N,12205.727714,W,7,,0.38,69.87,M,0.0,M,0.0,0000*53
$GPRMC,225531.00,A,3720.696700,N,12205.727714,W,061.5,306.4,290520,,,A*4D
$GPGGA,225532.00,3720.706720,N,12205.745882,W,7,,0.38,69.41,M,0.0,M,0.0,0000*54
$GPRMC,225532.00,A,3720.706720,N,12205.745882,W,061.1,303.6,290520,,,A*43
$GPGGA,225533.00,3720.715941,N,12205.763720,W,7,,0.38,68.77,M,0.0,M,0.0,0000*59
$GPRMC,225533.00,A,3720.715941,N,12205.763720,W,060.8,302.3,290520,,,A*46
$GPGGA,225534.00,3720.724665,N,12205.781791,W,7,,0.38,68.05,M,0.0,M,0.0,0000*56
$GPRMC,225534.00,A,3720.724665,N,12205.781791,W,061.3,300.3,290520,,,A*44
$GPGGA,225535.00,3720.732867,N,12205.799942,W,7,,0.38,66.94,M,0.0,M,0.0,0000*53
$GPRMC,225535.00,A,3720.732867,N,12205.799942,W,062.0,298.5,290520,,,A*41
$GPGGA,225536.00,3720.741196,N,12205.819142,W,7,,0.38,65.55,M,0.0,M,0.0,0000*52
$GPRMC,225536.00,A,3720.741196,N,12205.819142,W,062.7,298.3,290520,,,A*4F
$GPGGA,225537.00,3720.749812,N,12205.838953,W,7,,0.38,64.38,M,0.0,M,0.0,0000*5F
$GPRMC,225537.00,A,3720.749812,N,12205.838953,W,063.3,298.4,290520,,,A*4A
$GPGGA,225538.00,3720.758217,N,12205.858585,W,7,,0.38,63.29,M,0.0,M,0.0,0000*59
$GPRMC,225538.00,A,3720.758217,N,12205.858585,W,063.7,298.2,290520,,,A*49
$GPGGA,225539.00,3720.766306,N,12205.877540,W,7,,0.38,62.14,M,0.0,M,0.0,0000*5F
$GPRMC,225539.00,A,3720.766306,N,12205.877540,W,063.6,297.9,290520,,,A*45
$GPGGA,225540.00,3720.774772,N,12205.897604,W,7,,0.38,61.01,M,0.0,M,0.0,0000*5F
$GPRMC,225540.00,A,3720.774772,N,12205.897604,W,063.3,297.9,290520,,,A*47
$GPGGA,225541.00,3720.782985,N,12205.917025,W,7,,0.38,60.18,M,0.0,M,0.0,0000*54
$GPRMC,225541.00,A,3720.782985,N,12205.917025,W,062.6,297.8,290520,,,A*40
$GPGGA,225542.00,3720.790966,N,12205.936231,W,7,,0.38,59.61,M,0.0,M,0.0,0000*59
$GPRMC,225542.00,A,3720.790966,N,12205.936231,W,061.7,297.6,290520,,,A*45
$GPGGA,225543.00,3720.798694,N,12205.954681,W,7,,0.38,59.30,M,0.0,M,0.0,0000*5D
$GPRMC,225543.00,A,3720.798694,N,12205.954681,W,061.3,297.6,290520,,,A*41
$GPGGA,225544.00,3720.806565,N,12205.973510,W,7,,0.38,59.22,M,0.0,M,0.0,0000*52
$GPRMC,225544.00,A,3720.806565,N,12205.973510,W,061.4,297.8,290520,,,A*44
$GPGGA,225545.00,3720.814864,N,12205.993105,W,7,,0.38,59.35,M,0.0,M,0.0,0000*54
$GPRMC,225545.00,A,3720.814864,N,12205.993105,W,061.5,298.2,290520,,,A*40
$GPGGA,225546.00,3720.822933,N,12206.011963,W,7,,0.38,59.74,M,0.0,M,0.0,0000*5C
$GPRMC,225546.00,A,3720.822933,N,12206.011963,W,061.4,298.4,290520,,,A*4A
$GPGGA,225547.00,3720.830919,N,12206.030677,W,7,,0.38,60.32,M,0.0,M,0.0,0000*57
$GPRMC,225547.00,A,3720.830919,N,12206.030677,W,061.4,298.2,290520,,,A*4F
$GPGGA,225548.00,3720.839025,N,12206.049577,W,7,,0.38,60.56,M,0.0,M,0.0,0000*58
$GPRMC,225548.00,A,3720.839025,N,12206.049577,W,061.3,298.2,290520,,,A*45
$GPGGA,225549.00,3720.847042,N,12206.068489,W,7,,0.38,60.73,M,0.0,M,0.0,0000*55
$GPRMC,225549.00,A,3720.847042,N,12206.068489,W,061.3,297.9,290520,,,A*4B
$GPGGA,225550.00,3720.855208,N,12206.087342,W,7,,0.38,60.53,M,0.0,M,0.0,0000*51
$GPRMC,225550.00,A,3720.855208,N,12206.087342,W,061.4,298.8,290520,,,A*44
$GPGGA,225551.00,3720.863824,N,12206.105503,W,7,,0.38,60.41,M,0.0,M,0.0,0000*5A
$GPRMC,225551.00,A,3720.863824,N,12206.105503,W,060.7,301.9,290520,,,A*4E
$GPGGA,225552.00,3720.872680,N,12206.122718,W,7,,0.38,60.34,M,0.0,M,0.0,0000*56
$GPRMC,225552.00,A,3720.872680,N,12206.122718,W,060.2,303.5,290520,,,A*4B
$GPGGA,225553.00,3720.882502,N,12206.140550,W,7,,0.38,59.88,M,0.0,M,0.0,0000*56
$GPRMC,225553.00,A,3720.882502,N,12206.140550,W,060.0,305.4,290520,,,A*43
$GPGGA,225554.00,3720.892534,N,12206.157068,W,7,,0.38,59.46,M,0.0,M,0.0,0000*5F
$GPRMC,225554.00,A,3720.892534,N,12206.157068,W,060.1,308.3,290520,,,A*43
$GPGGA,225555.00,3720.903015,N,12206.172661,W,7,,0.38,58.74,M,0.0,M,0.0,0000*59
$GPRMC,225555.00,A,3720.903015,N,12206.172661,W,060.4,311.3,290520,,,A*48
$GPGGA,225556.00,3720.914907,N,12206.188682,W,7,,0.38,57.92,M,0.0,M,0.0,0000*59
$GPRMC,225556.00,A,3720.914907,N,12206.188682,W,060.8,314.2,290520,,,A*47
$GPGGA,225557.00,3720.927063,N,12206.203333,W,7,,0.38,57.07,M,0.0,M,0.0,0000*50
$GPRMC,225557.00,A,3720.927063,N,12206.203333,W,061.2,317.2,290520,,,A*4A
$GPGGA,225558.00,3720.939975,N,12206.217608,W,7,,0.38,56.16,M,0.0,M,0.0,0000*57
$GPRMC,225558.00,A,3720.939975,N,12206.217608,W,061.8,319.4,290520,,,A*4E
$GPGGA,225559.00,3720.952936,N,12206.230832,W,7,,0.38,59.92,M,0.0,M,0.0,0000*5D
$GPRMC,225559.00,A,3720.952936,N,12206.230832,W,062.1,321.7,290520,,,A*45
$GPGGA,225600.00,3720.966927,N,12206.243642,W,7,,0.38,57.29,M,0.0,M,0.0,0000*56
$GPRMC,225600.00,A,3720.966927,N,12206.243642,W,062.2,325.0,290520,,,A*40
$GPGGA,225601.00,3720.981675,N,12206.256013,W,7,,0.38,54.54,M,0.0,M,0.0,0000*59
$GPRMC,225601.00,A,3720.981675,N,12206.256013,W,062.3,326.9,290520,,,A*4D
$GPGGA,225602.00,3720.996399,N,12206.267563,W,7,,0.38,53.23,M,0.0,M,0.0,0000*5C
$GPRMC,225602.00,A,3720.996399,N,12206.267563,W,062.2,328.4,290520,,,A*4D
$GPGGA,225603.00,3721.010758,N,12206.278423,W,7,,0.38,52.05,M,0.0,M,0.0,0000*5C
$GPRMC,225603.00,A,3721.010758,N,12206.278423,W,062.3,329.0,290520,,,A*4C
$GPGGA,225604.00,3721.026010,N,12206.289925,W,7,,0.38,51.03,M,0.0,M,0.0,0000*55
$GPRMC,225604.00,A,3721.026010,N,12206.289925,W,062.4,328.7,290520,,,A*41
$GPGGA,225605.00,3721.040667,N,12206.301152,W,7,,0.38,50.41,M,0.0,M,0.0,0000*5C
$GPRMC,225605.00,A,3721.040667,N,12206.301152,W,061.8,328.3,290520,,,A*44
$GPGGA,225606.00,3721.055355,N,12206.312347,W,7,,0.38,50.10,M,0.0,M,0.0,0000*5F
$GPRMC,225606.00,A,3721.055355,N,12206.312347,W,061.3,328.7,290520,,,A*4C
$GPGGA,225607.00,3721.069407,N,12206.322985,W,7,,0.38,50.02,M,0.0,M,0.0,0000*55
$GPRMC,225607.00,A,3721.069407,N,12206.322985,W,060.5,328.7,290520,,,A*42
$GPGGA,225608.00,3721.083478,N,12206.333936,W,7,,0.38,50.20,M,0.0,M,0.0,0000*5E
$GPRMC,225608.00,A,3721.083478,N,12206.333936,W,059.7,327.8,290520,,,A*41
$GPGGA,225609.00,3721.097895,N,12206.345605,W,7,,0.38,50.60,M,0.0,M,0.0,0000*5F
$GPRMC,225609.00,A,3721.097895,N,12206.345605,W,059.4,326.9,290520,,,A*47
$GPGGA,225610.00,3721.111575,N,12206.357197,W,7,,0.38,50.90,M,0.0,M,0.0,0000*5B
$GPRMC,225610.00,A,3721.111575,N,12206.357197,W,059.3,324.9,290520,,,A*49
$GPGGA,225611.00,3721.124668,N,12206.369486,W,7,,0.38,52.30,M,0.0,M,0.0,0000*53
$GPRMC,225611.00,A,3721.124668,N,12206.369486,W,059.3,322.1,290520,,,A*47
$GPGGA,225612.00,3721.137472,N,12206.382487,W,7,,0.38,52.76,M,0.0,M,0.0,0000*5D
$GPRMC,225612.00,A,3721.137472,N,12206.382487,W,059.1,320.2,290520,,,A*48
$GPGGA,225613.00,3721.149891,N,12206.395975,W,7,,0.38,53.44,M,0.0,M,0.0,0000*52
$GPRMC,225613.00,A,3721.149891,N,12206.395975,W,058.9,318.4,290520,,,A*43
$GPGGA,225614.00,3721.161826,N,12206.409884,W,7,,0.38,54.09,M,0.0,M,0.0,0000*50
$GPRMC,225614.00,A,3721.161826,N,12206.409884,W,058.5,316.4,290520,,,A*4D
$GPGGA,225615.00,3721.173178,N,12206.424139,W,7,,0.38,54.33,M,0.0,M,0.0,0000*59
$GPRMC,225615.00,A,3721.173178,N,12206.424139,W,058.1,314.4,290520,,,A*4B
$GPGGA,225616.00,3721.183834,N,12206.438510,W,7,,0.38,55.22,M,0.0,M,0.0,0000*57
$GPRMC,225616.00,A,3721.183834,N,12206.438510,W,058.0,312.0,290520,,,A*47
$GPGGA,225617.00,3721.194723,N,12206.454259,W,7,,0.38,56.16,M,0.0,M,0.0,0000*5D
$GPRMC,225617.00,A,3721.194723,N,12206.454259,W,057.7,310.2,290520,,,A*41
$GPGGA,225618.00,3721.204744,N,12206.469769,W,7,,0.38,56.61,M,0.0,M,0.0,0000*51
$GPRMC,225618.00,A,3721.204744,N,12206.469769,W,057.5,308.4,290520,,,A*40
$GPGGA,225619.00,3721.214121,N,12206.485291,W,7,,0.38,57.16,M,0.0,M,0.0,0000*55
$GPRMC,225619.00,A,3721.214121,N,12206.485291,W,057.5,306.4,290520,,,A*4B
$GPGGA,225620.00,3721.223679,N,12206.502290,W,7,,0.38,57.68,M,0.0,M,0.0,0000*57
$GPRMC,225620.00,A,3721.223679,N,12206.502290,W,057.7,304.3,290520,,,A*47
$GPGGA,225621.00,3721.232386,N,12206.519017,W,7,,0.38,58.08,M,0.0,M,0.0,0000*5D
$GPRMC,225621.00,A,3721.232386,N,12206.519017,W,057.8,302.3,290520,,,A*4D
$GPGGA,225622.00,3721.240666,N,12206.536435,W,7,,0.38,58.34,M,0.0,M,0.0,0000*56
$GPRMC,225622.00,A,3721.240666,N,12206.536435,W,057.9,300.1,290520,,,A*48
$GPGGA,225623.00,3721.248207,N,12206.553650,W,7,,0.38,58.56,M,0.0,M,0.0,0000*5A
$GPRMC,225623.00,A,3721.248207,N,12206.553650,W,058.1,297.9,290520,,,A*40
$GPGGA,225624.00,3721.255510,N,12206.571853,W,7,,0.38,58.56,M,0.0,M,0.0,0000*5D
$GPRMC,225624.00,A,3721.255510,N,12206.571853,W,058.3,295.8,290520,,,A*46
$GPGGA,225625.00,3721.262535,N,12206.590753,W,7,,0.38,58.59,M,0.0,M,0.0,0000*50
$GPRMC,225625.00,A,3721.262535,N,12206.590753,W,058.5,294.3,290520,,,A*48
$GPGGA,225626.00,3721.268986,N,12206.609581,W,7,,0.38,58.60,M,0.0,M,0.0,0000*59
$GPRMC,225626.00,A,3721.268986,N,12206.609581,W,058.7,292.5,290520,,,A*49
$GPGGA,225627.00,3721.274704,N,12206.628169,W,7,,0.38,58.22,M,0.0,M,0.0,0000*56
$GPRMC,225627.00,A,3721.274704,N,12206.628169,W,059.0,290.2,290520,,,A*43
$GPGGA,225628.00,3721.280368,N,12206.648101,W,7,,0.38,57.43,M,0.0,M,0.0,0000*5C
$GPRMC,225628.00,A,3721.280368,N,12206.648101,W,059.4,288.9,290520,,,A*47
$GPGGA,225629.00,3721.285660,N,12206.667919,W,7,,0.38,56.83,M,0.0,M,0.0,0000*54
$GPRMC,225629.00,A,3721.285660,N,12206.667919,W,060.0,288.1,290520,,,A*44
$GPGGA,225630.00,3721.290760,N,12206.687971,W,7,,0.38,56.48,M,0.0,M,0.0,0000*5E
$GPRMC,225630.00,A,3721.290760,N,12206.687971,W,060.5,287.4,290520,,,A*46
$GPGGA,225631.00,3721.295595,N,12206.707519,W,7,,0.38,56.48,M,0.0,M,0.0,0000*59
$GPRMC,225631.00,A,3721.295595,N,12206.707519,W,060.5,287.0,290520,,,A*45
$GPGGA,225632.00,3721.300492,N,12206.727493,W,7,,0.38,56.71,M,0.0,M,0.0,0000*5A
$GPRMC,225632.00,A,3721.300492,N,12206.727493,W,060.4,287.0,290520,,,A*4D
$GPGGA,225633.00,3721.305652,N,12206.748133,W,7,,0.38,57.16,M,0.0,M,0.0,0000*56
$GPRMC,225633.00,A,3721.305652,N,12206.748133,W,059.8,287.5,290520,,,A*42
$GPGGA,225634.00,3721.310775,N,12206.767927,W,7,,0.38,57.85,M,0.0,M,0.0,0000*5B
$GPRMC,225634.00,A,3721.310775,N,12206.767927,W,059.3,288.2,290520,,,A*46
$GPGGA,225635.00,3721.316019,N,12206.787301,W,7,,0.38,58.58,M,0.0,M,0.0,0000*5E
$GPRMC,225635.00,A,3721.316019,N,12206.787301,W,058.7,289.2,290520,,,A*48
$GPGGA,225636.00,3721.321582,N,12206.806603,W,7,,0.38,59.62,M,0.0,M,0.0,0000*57
$GPRMC,225636.00,A,3721.321582,N,12206.806603,W,058.5,290.4,290520,,,A*45
$GPGGA,225637.00,3721.327570,N,12206.825605,W,7,,0.38,60.49,M,0.0,M,0.0,0000*59
$GPRMC,225637.00,A,3721.327570,N,12206.825605,W,058.3,292.4,290520,,,A*4C
$GPGGA,225638.00,3721.333905,N,12206.844284,W,7,,0.38,61.38,M,0.0,M,0.0,0000*50
$GPRMC,225638.00,A,3721.333905,N,12206.844284,W,058.0,293.8,290520,,,A*4C
$GPGGA,225639.00,3721.340607,N,12206.862409,W,7,,0.38,62.41,M,0.0,M,0.0,0000*52
$GPRMC,225639.00,A,3721.340607,N,12206.862409,W,057.6,295.9,290520,,,A*4D
$GPGGA,225640.00,3721.347820,N,12206.879726,W,7,,0.38,63.32,M,0.0,M,0.0,0000*51
$GPRMC,225640.00,A,3721.347820,N,12206.879726,W,057.4,298.4,290520,,,A*49
$GPGGA,225641.00,3721.355865,N,12206.897743,W,7,,0.38,64.29,M,0.0,M,0.0,0000*5C
$GPRMC,225641.00,A,3721.355865,N,12206.897743,W,057.2,300.1,290520,,,A*4A
$GPGGA,225642.00,3721.364067,N,12206.914759,W,7,,0.38,63.70,M,0.0,M,0.0,0000*5D
$GPRMC,225642.00,A,3721.364067,N,12206.914759,W,057.1,302.0,290520,,,A*40
$GPGGA,225643.00,3721.372533,N,12206.930803,W,7,,0.38,65.23,M,0.0,M,0.0,0000*59
$GPRMC,225643.00,A,3721.372533,N,12206.930803,W,056.8,304.3,290520,,,A*49
$GPGGA,225644.00,3721.381983,N,12206.947477,W,7,,0.38,66.56,M,0.0,M,0.0,0000*5B
$GPRMC,225644.00,A,3721.381983,N,12206.947477,W,056.7,306.2,290520,,,A*46
$GPGGA,225645.00,3721.391452,N,12206.963054,W,7,,0.38,67.78,M,0.0,M,0.0,0000*54
$GPRMC,225645.00,A,3721.391452,N,12206.963054,W,056.5,307.9,290520,,,A*4C
$GPGGA,225646.00,3721.401459,N,12206.978180,W,7,,0.38,68.48,M,0.0,M,0.0,0000*5C
$GPRMC,225646.00,A,3721.401459,N,12206.978180,W,056.3,309.9,290520,,,A*40
$GPGGA,225647.00,3721.411413,N,12206.992519,W,7,,0.38,69.59,M,0.0,M,0.0,0000*53
$GPRMC,225647.00,A,3721.411413,N,12206.992519,W,056.1,311.9,290520,,,A*45
$GPGGA,225648.00,3721.422130,N,12207.006830,W,7,,0.38,70.27,M,0.0,M,0.0,0000*5A
$GPRMC,225648.00,A,3721.422130,N,12207.006830,W,056.2,313.9,290520,,,A*4C
$GPGGA,225649.00,3721.433548,N,12207.020906,W,7,,0.38,70.90,M,0.0,M,0.0,0000*5C
$GPRMC,225649.00,A,3721.433548,N,12207.020906,W,056.2,316.4,290520,,,A*4E
$GPGGA,225650.00,3721.445140,N,12207.034118,W,7,,0.38,71.48,M,0.0,M,0.0,0000*5F
$GPRMC,225650.00,A,3721.445140,N,12207.034118,W,056.3,318.0,290520,,,A*42
$GPGGA,225651.00,3721.456665,N,12207.046514,W,7,,0.38,72.17,M,0.0,M,0.0,0000*58
$GPRMC,225651.00,A,3721.456665,N,12207.046514,W,056.2,319.8,290520,,,A*44
$GPGGA,225652.00,3721.469139,N,12207.059113,W,7,,0.38,72.33,M,0.0,M,0.0,0000*52
$GPRMC,225652.00,A,3721.469139,N,12207.059113,W,056.2,321.8,290520,,,A*43
$GPGGA,225653.00,3721.481662,N,12207.071005,W,7,,0.38,72.59,M,0.0,M,0.0,0000*5C
$GPRMC,225653.00,A,3721.481662,N,12207.071005,W,056.3,323.2,290520,,,A*48
$GPGGA,225654.00,3721.494453,N,12207.082327,W,7,,0.38,72.63,M,0.0,M,0.0,0000*59
$GPRMC,225654.00,A,3721.494453,N,12207.082327,W,056.2,325.7,290520,,,A*46
$GPGGA,225655.00,3721.507162,N,12207.092665,W,7,,0.38,72.56,M,0.0,M,0.0,0000*50
$GPRMC,225655.00,A,3721.507162,N,12207.092665,W,056.0,327.8,290520,,,A*46
$GPGGA,225656.00,3721.520380,N,12207.102631,W,7,,0.38,72.30,M,0.0,M,0.0,0000*51
$GPRMC,225656.00,A,3721.520380,N,12207.102631,W,055.7,329.7,290520,,,A*42
$GPGGA,225657.00,3721.534354,N,12207.112381,W,7,,0.38,70.19,M,0.0,M,0.0,0000*5A
$GPRMC,225657.00,A,3721.534354,N,12207.112381,W,055.6,331.4,290520,,,A*4B
$GPGGA,225658.00,3721.548070,N,12207.121352,W,7,,0.38,70.78,M,0.0,M,0.0,0000*52
$GPRMC,225658.00,A,3721.548070,N,12207.121352,W,055.2,333.0,290520,,,A*46
$GPGGA,225659.00,3721.561647,N,12207.129914,W,7,,0.38,67.51,M,0.0,M,0.0,0000*57
$GPRMC,225659.00,A,3721.561647,N,12207.129914,W,054.8,333.3,290520,,,A*46
$GPGGA,225700.00,3721.575363,N,12207.138397,W,7,,0.38,68.48,M,0.0,M,0.0,0000*5A
$GPRMC,225700.00,A,3721.575363,N,12207.138397,W,054.9,333.8,290520,,,A*46
$GPGGA,225701.00,3721.589248,N,12207.146720,W,7,,0.38,68.75,M,0.0,M,0.0,0000*5F
$GPRMC,225701.00,A,3721.589248,N,12207.146720,W,055.2,334.4,290520,,,A*4C
$GPGGA,225702.00,3721.603137,N,12207.154939,W,7,,0.38,68.55,M,0.0,M,0.0,0000*51
$GPRMC,225702.00,A,3721.603137,N,12207.154939,W,055.8,334.7,290520,,,A*49
$GPGGA,225703.00,3721.617315,N,12207.163369,W,7,,0.38,67.99,M,0.0,M,0.0,0000*53
$GPRMC,225703.00,A,3721.617315,N,12207.163369,W,056.5,334.3,290520,,,A*4E
$GPGGA,225704.00,3721.631164,N,12207.171764,W,7,,0.38,67.08,M,0.0,M,0.0,0000*56
$GPRMC,225704.00,A,3721.631164,N,12207.171764,W,057.3,333.9,290520,,,A*49
$GPGGA,225705.00,3721.646097,N,12207.180896,W,7,,0.38,66.07,M,0.0,M,0.0,0000*58
$GPRMC,225705.00,A,3721.646097,N,12207.180896,W,058.0,333.8,290520,,,A*44
$GPGGA,225706.00,3721.660473,N,12207.189788,W,7,,0.38,65.11,M,0.0,M,0.0,0000*5C
$GPRMC,225706.00,A,3721.660473,N,12207.189788,W,058.0,333.8,290520,,,A*44
$GPGGA,225707.00,3721.674508,N,12207.198536,W,7,,0.38,64.10,M,0.0,M,0.0,0000*52
$GPRMC,225707.00,A,3721.674508,N,12207.198536,W,058.0,333.3,290520,,,A*41
$GPGGA,225708.00,3721.689400,N,12207.208160,W,7,,0.38,63.01,M,0.0,M,0.0,0000*5C
$GPRMC,225708.00,A,3721.689400,N,12207.208160,W,058.4,332.1,290520,,,A*4F
$GPGGA,225709.00,3721.703595,N,12207.217891,W,7,,0.38,61.89,M,0.0,M,0.0,0000*58
$GPRMC,225709.00,A,3721.703595,N,12207.217891,W,058.8,330.4,290520,,,A*42
$GPGGA,225710.00,3721.717749,N,12207.228499,W,7,,0.38,60.88,M,0.0,M,0.0,0000*5E
$GPRMC,225710.00,A,3721.717749,N,12207.228499,W,059.4,327.9,290520,,,A*42
$GPGGA,225711.00,3721.731154,N,12207.239672,W,7,,0.38,59.75,M,0.0,M,0.0,0000*5E
$GPRMC,225711.00,A,3721.731154,N,12207.239672,W,059.9,325.0,290520,,,A*4C
$GPGGA,225712.00,3721.744762,N,12207.252013,W,7,,0.38,58.62,M,0.0,M,0.0,0000*57
$GPRMC,225712.00,A,3721.744762,N,12207.252013,W,060.5,323.0,290520,,,A*42
$GPGGA,225713.00,3721.758291,N,12207.265508,W,7,,0.38,57.67,M,0.0,M,0.0,0000*53
$GPRMC,225713.00,A,3721.758291,N,12207.265508,W,060.7,320.3,290520,,,A*4E
$GPGGA,225714.00,3721.770951,N,12207.279494,W,7,,0.38,57.09,M,0.0,M,0.0,0000*58
$GPRMC,225714.00,A,3721.770951,N,12207.279494,W,060.3,317.5,290520,,,A*4B
$GPGGA,225715.00,3721.782837,N,12207.293521,W,7,,0.38,56.62,M,0.0,M,0.0,0000*52
$GPRMC,225715.00,A,3721.782837,N,12207.293521,W,060.4,315.8,290520,,,A*45
$GPGGA,225716.00,3721.794778,N,12207.309001,W,7,,0.38,56.43,M,0.0,M,0.0,0000*54
$GPRMC,225716.00,A,3721.794778,N,12207.309001,W,060.4,312.9,290520,,,A*46
$GPGGA,225717.00,3721.805806,N,12207.324824,W,7,,0.38,56.45,M,0.0,M,0.0,0000*52
$GPRMC,225717.00,A,3721.805806,N,12207.324824,W,060.0,310.2,290520,,,A*4B
$GPGGA,225718.00,3721.816246,N,12207.341101,W,7,,0.38,56.58,M,0.0,M,0.0,0000*50
$GPRMC,225718.00,A,3721.816246,N,12207.341101,W,059.5,307.9,290520,,,A*47
$GPGGA,225719.00,3721.825870,N,12207.357643,W,7,,0.38,56.73,M,0.0,M,0.0,0000*51
$GPRMC,225719.00,A,3721.825870,N,12207.357643,W,059.0,305.4,290520,,,A*45
$GPGGA,225720.00,3721.834798,N,12207.374114,W,7,,0.38,56.85,M,0.0,M,0.0,0000*5F
$GPRMC,225720.00,A,3721.834798,N,12207.374114,W,058.8,303.3,290520,,,A*4A
$GPGGA,225721.00,3721.843750,N,12207.392138,W,7,,0.38,57.07,M,0.0,M,0.0,0000*57
$GPRMC,225721.00,A,3721.843750,N,12207.392138,W,058.8,300.8,290520,,,A*41
$GPGGA,225722.00,3721.851766,N,12207.410048,W,7,,0.38,57.23,M,0.0,M,0.0,0000*5F
$GPRMC,225722.00,A,3721.851766,N,12207.410048,W,058.7,298.3,290520,,,A*4B
$GPGGA,225723.00,3721.859104,N,12207.428203,W,7,,0.38,57.42,M,0.0,M,0.0,0000*55
$GPRMC,225723.00,A,3721.859104,N,12207.428203,W,058.7,295.8,290520,,,A*40
$GPGGA,225724.00,3721.865734,N,12207.446851,W,7,,0.38,57.48,M,0.0,M,0.0,0000*57
$GPRMC,225724.00,A,3721.865734,N,12207.446851,W,058.5,292.9,290520,,,A*4C
$GPGGA,225725.00,3721.871698,N,12207.465842,W,7,,0.38,57.64,M,0.0,M,0.0,0000*59
$GPRMC,225725.00,A,3721.871698,N,12207.465842,W,058.3,290.6,290520,,,A*47
$GPGGA,225726.00,3721.876989,N,12207.484879,W,7,,0.38,60.15,M,0.0,M,0.0,0000*57
$GPRMC,225726.00,A,3721.876989,N,12207.484879,W,058.1,288.4,290520,,,A*42
$GPGGA,225727.00,3721.881682,N,12207.504308,W,7,,0.38,59.57,M,0.0,M,0.0,0000*52
$GPRMC,225727.00,A,3721.881682,N,12207.504308,W,057.9,286.0,290520,,,A*46
$GPGGA,225728.00,3721.885594,N,12207.523183,W,7,,0.38,59.33,M,0.0,M,0.0,0000*5B
$GPRMC,225728.00,A,3721.885594,N,12207.523183,W,057.6,283.7,290520,,,A*40
$GPGGA,225729.00,3721.889164,N,12207.543500,W,7,,0.38,59.22,M,0.0,M,0.0,0000*54
$GPRMC,225729.00,A,3721.889164,N,12207.543500,W,057.6,281.6,290520,,,A*4C
$GPGGA,225730.00,3721.891983,N,12207.563113,W,7,,0.38,59.23,M,0.0,M,0.0,0000*51
$GPRMC,225730.00,A,3721.891983,N,12207.563113,W,057.6,279.3,290520,,,A*4A
$GPGGA,225731.00,3721.893940,N,12207.582422,W,7,,0.38,59.63,M,0.0,M,0.0,0000*51
$GPRMC,225731.00,A,3721.893940,N,12207.582422,W,057.6,276.2,290520,,,A*40
$GPGGA,225732.00,3721.895284,N,12207.603074,W,7,,0.38,60.24,M,0.0,M,0.0,0000*53
$GPRMC,225732.00,A,3721.895284,N,12207.603074,W,057.3,273.8,290520,,,A*41
$GPGGA,225733.00,3721.896022,N,12207.623059,W,7,,0.38,61.03,M,0.0,M,0.0,0000*56
$GPRMC,225733.00,A,3721.896022,N,12207.623059,W,057.1,272.0,290520,,,A*4B
$GPGGA,225734.00,3721.896250,N,12207.642902,W,7,,0.38,61.81,M,0.0,M,0.0,0000*5C
$GPRMC,225734.00,A,3721.896250,N,12207.642902,W,057.2,270.3,290520,,,A*49
$GPGGA,225735.00,3721.896411,N,12207.662239,W,7,,0.38,62.36,M,0.0,M,0.0,0000*50
$GPRMC,225735.00,A,3721.896411,N,12207.662239,W,057.0,270.7,290520,,,A*4C
$GPGGA,225736.00,3721.896634,N,12207.682117,W,7,,0.38,63.12,M,0.0,M,0.0,0000*50
$GPRMC,225736.00,A,3721.896634,N,12207.682117,W,056.8,270.8,290520,,,A*4D
$GPGGA,225737.00,3721.896820,N,12207.702367,W,7,,0.38,63.83,M,0.0,M,0.0,0000*5E
$GPRMC,225737.00,A,3721.896820,N,12207.702367,W,056.5,270.7,290520,,,A*49
$GPGGA,225738.00,3721.897017,N,12207.722053,W,7,,0.38,64.82,M,0.0,M,0.0,0000*5C
$GPRMC,225738.00,A,3721.897017,N,12207.722053,W,056.0,270.8,290520,,,A*47
$GPGGA,225739.00,3721.897245,N,12207.740881,W,7,,0.38,65.54,M,0.0,M,0.0,0000*51
$GPRMC,225739.00,A,3721.897245,N,12207.740881,W,055.4,270.9,290520,,,A*46
$GPGGA,225740.00,3721.897696,N,12207.760573,W,7,,0.38,66.13,M,0.0,M,0.0,0000*57
$GPRMC,225740.00,A,3721.897696,N,12207.760573,W,055.0,271.9,290520,,,A*45
$GPGGA,225741.00,3721.898553,N,12207.779719,W,7,,0.38,66.96,M,0.0,M,0.0,0000*58
$GPRMC,225741.00,A,3721.898553,N,12207.779719,W,054.7,274.0,290520,,,A*4D
$GPGGA,225742.00,3721.900011,N,12207.798679,W,7,,0.38,64.82,M,0.0,M,0.0,0000*57
$GPRMC,225742.00,A,3721.900011,N,12207.798679,W,054.4,276.5,290520,,,A*41
$GPGGA,225743.00,3721.902051,N,12207.816884,W,7,,0.38,66.66,M,0.0,M,0.0,0000*5D
$GPRMC,225743.00,A,3721.902051,N,12207.816884,W,054.2,279.0,290520,,,A*4F
$GPGGA,225744.00,3721.904829,N,12207.835315,W,7,,0.38,68.17,M,0.0,M,0.0,0000*51
$GPRMC,225744.00,A,3721.904829,N,12207.835315,W,054.0,281.9,290520,,,A*47
$GPGGA,225745.00,3721.908496,N,12207.854138,W,7,,0.38,69.29,M,0.0,M,0.0,0000*52
$GPRMC,225745.00,A,3721.908496,N,12207.854138,W,053.7,284.8,290520,,,A*4C
$GPGGA,225746.00,3721.912738,N,12207.872144,W,7,,0.38,70.35,M,0.0,M,0.0,0000*57
$GPRMC,225746.00,A,3721.912738,N,12207.872144,W,053.6,287.6,290520,,,A*40
$GPGGA,225747.00,3721.917453,N,12207.889621,W,7,,0.38,71.39,M,0.0,M,0.0,0000*50
$GPRMC,225747.00,A,3721.917453,N,12207.889621,W,053.3,289.3,290520,,,A*44
$GPGGA,225748.00,3721.922434,N,12207.907183,W,7,,0.38,72.44,M,0.0,M,0.0,0000*59
$GPRMC,225748.00,A,3721.922434,N,12207.907183,W,053.2,289.9,290520,,,A*4F
$GPGGA,225749.00,3721.927527,N,12207.924529,W,7,,0.38,73.34,M,0.0,M,0.0,0000*5D
$GPRMC,225749.00,A,3721.927527,N,12207.924529,W,053.0,290.3,290520,,,A*4D
$GPGGA,225750.00,3721.932603,N,12207.941672,W,7,,0.38,74.02,M,0.0,M,0.0,0000*58
$GPRMC,225750.00,A,3721.932603,N,12207.941672,W,052.9,290.4,290520,,,A*45
$GPGGA,225751.00,3721.937595,N,12207.958508,W,7,,0.38,74.85,M,0.0,M,0.0,0000*59
$GPRMC,225751.00,A,3721.937595,N,12207.958508,W,053.3,290.2,290520,,,A*46
$GPGGA,225752.00,3721.942786,N,12207.976117,W,7,,0.38,75.81,M,0.0,M,0.0,0000*5B
$GPRMC,225752.00,A,3721.942786,N,12207.976117,W,054.2,290.3,290520,,,A*46
$GPGGA,225753.00,3721.948323,N,12207.994514,W,7,,0.38,76.58,M,0.0,M,0.0,0000*57
$GPRMC,225753.00,A,3721.948323,N,12207.994514,W,054.9,290.7,290520,,,A*42
$GPGGA,225754.00,3721.953730,N,12208.012382,W,7,,0.38,67.02,M,0.0,M,0.0,0000*52
$GPRMC,225754.00,A,3721.953730,N,12208.012382,W,055.6,290.9,290520,,,A*48
$GPGGA,225755.00,3721.959075,N,12208.030058,W,7,,0.38,71.75,M,0.0,M,0.0,0000*5C
$GPRMC,225755.00,A,3721.959075,N,12208.030058,W,056.2,290.7,290520,,,A*48
$GPGGA,225756.00,3721.964775,N,12208.049144,W,7,,0.38,74.61,M,0.0,M,0.0,0000*54
$GPRMC,225756.00,A,3721.964775,N,12208.049144,W,056.9,290.3,290520,,,A*4F
$GPGGA,225757.00,3721.970277,N,12208.067719,W,7,,0.38,76.78,M,0.0,M,0.0,0000*5F
$GPRMC,225757.00,A,3721.970277,N,12208.067719,W,057.5,290.4,290520,,,A*44
$GPGGA,225758.00,3721.975882,N,12208.086614,W,7,,0.38,78.49,M,0.0,M,0.0,0000*5A
$GPRMC,225758.00,A,3721.975882,N,12208.086614,W,057.8,290.5,290520,,,A*41
$GPGGA,225759.00,3721.981384,N,12208.104961,W,7,,0.38,79.74,M,0.0,M,0.0,0000*54
$GPRMC,225759.00,A,3721.981384,N,12208.104961,W,058.2,290.6,290520,,,A*46
$GPGGA,225800.00,3721.987053,N,12208.123819,W,7,,0.38,80.73,M,0.0,M,0.0,0000*52
$GPRMC,225800.00,A,3721.987053,N,12208.123819,W,058.4,290.6,290520,,,A*47
$GPGGA,225801.00,3721.992994,N,12208.143637,W,7,,0.38,81.88,M,0.0,M,0.0,0000*54
$GPRMC,225801.00,A,3721.992994,N,12208.143637,W,058.8,290.5,290520,,,A*4B
$GPGGA,225802.00,3721.998682,N,12208.162892,W,7,,0.38,83.10,M,0.0,M,0.0,0000*54
$GPRMC,225802.00,A,3721.998682,N,12208.162892,W,058.7,290.3,290520,,,A*41
$GPGGA,225803.00,3722.004177,N,12208.181425,W,7,,0.38,84.10,M,0.0,M,0.0,0000*5D
$GPRMC,225803.00,A,3722.004177,N,12208.181425,W,058.4,290.6,290520,,,A*49
$GPGGA,225804.00,3722.010147,N,12208.200847,W,7,,0.38,80.75,M,0.0,M,0.0,0000*59
$GPRMC,225804.00,A,3722.010147,N,12208.200847,W,058.2,291.4,290520,,,A*4F
$GPGGA,225805.00,3722.016201,N,12208.219724,W,7,,0.38,83.17,M,0.0,M,0.0,0000*5A
$GPRMC,225805.00,A,3722.016201,N,12208.219724,W,058.2,292.5,290520,,,A*49
$GPGGA,225806.00,3722.022718,N,12208.238378,W,7,,0.38,84.67,M,0.0,M,0.0,0000*5D
$GPRMC,225806.00,A,3722.022718,N,12208.238378,W,058.1,294.3,290520,,,A*4D
$GPGGA,225807.00,3722.029677,N,12208.256569,W,7,,0.38,85.51,M,0.0,M,0.0,0000*55
$GPRMC,225807.00,A,3722.029677,N,12208.256569,W,058.2,296.5,290520,,,A*46
$GPGGA,225808.00,3722.036925,N,12208.274102,W,7,,0.38,86.30,M,0.0,M,0.0,0000*51
$GPRMC,225808.00,A,3722.036925,N,12208.274102,W,058.3,298.0,290520,,,A*4C
$GPGGA,225809.00,3722.045044,N,12208.292515,W,7,,0.38,86.94,M,0.0,M,0.0,0000*5E
$GPRMC,225809.00,A,3722.045044,N,12208.292515,W,058.4,299.5,290520,,,A*4E
$GPGGA,225810.00,3722.053438,N,12208.310090,W,7,,0.38,87.45,M,0.0,M,0.0,0000*50
$GPRMC,225810.00,A,3722.053438,N,12208.310090,W,058.5,301.8,290520,,,A*41
$GPGGA,225811.00,3722.062018,N,12208.326452,W,7,,0.38,87.91,M,0.0,M,0.0,0000*53
$GPRMC,225811.00,A,3722.062018,N,12208.326452,W,058.5,304.3,290520,,,A*45
$GPGGA,225812.00,3722.071906,N,12208.343540,W,7,,0.38,88.34,M,0.0,M,0.0,0000*55
$GPRMC,225812.00,A,3722.071906,N,12208.343540,W,058.6,307.2,290520,,,A*42
$GPGGA,225813.00,3722.082232,N,12208.359517,W,7,,0.38,87.28,M,0.0,M,0.0,0000*5F
$GPRMC,225813.00,A,3722.082232,N,12208.359517,W,058.8,310.2,290520,,,A*42
$GPGGA,225814.00,3722.092815,N,12208.374866,W,7,,0.38,88.18,M,0.0,M,0.0,0000*5E
$GPRMC,225814.00,A,3722.092815,N,12208.374866,W,058.5,311.3,290520,,,A*42
$GPGGA,225815.00,3722.103225,N,12208.389559,W,7,,0.38,88.76,M,0.0,M,0.0,0000*54
$GPRMC,225815.00,A,3722.103225,N,12208.389559,W,057.8,311.6,290520,,,A*47
$GPGGA,225816.00,3722.114080,N,12208.404290,W,7,,0.38,89.22,M,0.0,M,0.0,0000*5C
$GPRMC,225816.00,A,3722.114080,N,12208.404290,W,057.0,313.2,290520,,,A*41
$GPGGA,225817.00,3722.125348,N,12208.418696,W,7,,0.38,89.70,M,0.0,M,0.0,0000*50
$GPRMC,225817.00,A,3722.125348,N,12208.418696,W,056.2,315.3,290520,,,A*4E
$GPGGA,225818.00,3722.136682,N,12208.432129,W,7,,0.38,90.03,M,0.0,M,0.0,0000*59
$GPRMC,225818.00,A,3722.136682,N,12208.432129,W,055.5,317.3,290520,,,A*4D
$GPGGA,225819.00,3722.147763,N,12208.444532,W,7,,0.38,90.02,M,0.0,M,0.0,0000*5E
$GPRMC,225819.00,A,3722.147763,N,12208.444532,W,054.8,319.0,290520,,,A*4A
$GPGGA,225820.00,3722.159812,N,12208.457072,W,7,,0.38,90.03,M,0.0,M,0.0,0000*50
$GPRMC,225820.00,A,3722.159812,N,12208.457072,W,054.2,321.3,290520,,,A*47
$GPGGA,225821.00,3722.171602,N,12208.468567,W,7,,0.38,89.99,M,0.0,M,0.0,0000*52
$GPRMC,225821.00,A,3722.171602,N,12208.468567,W,053.7,322.6,290520,,,A*4A
$GPGGA,225822.00,3722.183458,N,12208.479667,W,7,,0.38,83.94,M,0.0,M,0.0,0000*55
$GPRMC,225822.00,A,3722.183458,N,12208.479667,W,052.9,323.4,290520,,,A*46
$GPGGA,225823.00,3722.194965,N,12208.490264,W,7,,0.38,88.37,M,0.0,M,0.0,0000*53
$GPRMC,225823.00,A,3722.194965,N,12208.490264,W,052.9,323.8,290520,,,A*4E
$GPGGA,225824.00,3722.206918,N,12208.501136,W,7,,0.38,88.64,M,0.0,M,0.0,0000*5D
$GPRMC,225824.00,A,3722.206918,N,12208.501136,W,053.5,324.1,290520,,,A*45
$GPGGA,225825.00,3722.219500,N,12208.512482,W,7,,0.38,88.60,M,0.0,M,0.0,0000*5B
$GPRMC,225825.00,A,3722.219500,N,12208.512482,W,054.1,324.3,290520,,,A*46
$GPGGA,225826.00,3722.231859,N,12208.523563,W,7,,0.38,88.33,M,0.0,M,0.0,0000*59
$GPRMC,225826.00,A,3722.231859,N,12208.523563,W,054.8,324.2,290520,,,A*4A
$GPGGA,225827.00,3722.243859,N,12208.534472,W,7,,0.38,87.93,M,0.0,M,0.0,0000*5F
$GPRMC,225827.00,A,3722.243859,N,12208.534472,W,055.2,324.2,290520,,,A*42
$GPGGA,225828.00,3722.256765,N,12208.546081,W,7,,0.38,87.56,M,0.0,M,0.0,0000*50
$GPRMC,225828.00,A,3722.256765,N,12208.546081,W,055.9,324.3,290520,,,A*4E
$GPGGA,225829.00,3722.269455,N,12208.557457,W,7,,0.38,87.05,M,0.0,M,0.0,0000*54
$GPRMC,225829.00,A,3722.269455,N,12208.557457,W,056.1,324.2,290520,,,A*46
$GPGGA,225830.00,3722.282134,N,12208.569019,W,7,,0.38,86.83,M,0.0,M,0.0,0000*57
$GPRMC,225830.00,A,3722.282134,N,12208.569019,W,056.1,323.9,290520,,,A*46
$GPGGA,225831.00,3722.294662,N,12208.580384,W,7,,0.38,86.32,M,0.0,M,0.0,0000*5F
$GPRMC,225831.00,A,3722.294662,N,12208.580384,W,056.0,324.2,290520,,,A*49
$GPGGA,225832.00,3722.306997,N,12208.591484,W,7,,0.38,85.69,M,0.0,M,0.0,0000*59
$GPRMC,225832.00,A,3722.306997,N,12208.591484,W,056.3,324.4,290520,,,A*47
$GPGGA,225833.00,3722.320179,N,12208.603262,W,7,,0.38,85.35,M,0.0,M,0.0,0000*5B
$GPRMC,225833.00,A,3722.320179,N,12208.603262,W,056.4,324.2,290520,,,A*4D
$GPGGA,225834.00,3722.332977,N,12208.614877,W,7,,0.38,84.99,M,0.0,M,0.0,0000*56
$GPRMC,225834.00,A,3722.332977,N,12208.614877,W,056.6,324.1,290520,,,A*46
$GPGGA,225835.00,3722.345277,N,12208.626007,W,7,,0.38,84.56,M,0.0,M,0.0,0000*51
$GPRMC,225835.00,A,3722.345277,N,12208.626007,W,056.7,324.1,290520,,,A*43
$GPGGA,225836.00,3722.358568,N,12208.638043,W,7,,0.38,84.06,M,0.0,M,0.0,0000*5D
$GPRMC,225836.00,A,3722.358568,N,12208.638043,W,057.0,324.3,290520,,,A*4E
$GPGGA,225837.00,3722.371492,N,12208.649503,W,7,,0.38,83.60,M,0.0,M,0.0,0000*53
$GPRMC,225837.00,A,3722.371492,N,12208.649503,W,057.0,324.6,290520,,,A*42
$GPGGA,225838.00,3722.384385,N,12208.661042,W,7,,0.38,82.97,M,0.0,M,0.0,0000*54
$GPRMC,225838.00,A,3722.384385,N,12208.661042,W,057.3,324.4,290520,,,A*4D
$GPGGA,225839.00,3722.397016,N,12208.672214,W,7,,0.38,82.37,M,0.0,M,0.0,0000*57
$GPRMC,225839.00,A,3722.397016,N,12208.672214,W,057.4,324.5,290520,,,A*42
$GPGGA,225840.00,3722.410078,N,12208.683896,W,7,,0.38,81.36,M,0.0,M,0.0,0000*55
$GPRMC,225840.00,A,3722.410078,N,12208.683896,W,057.4,324.3,290520,,,A*44
$GPGGA,225841.00,3722.423337,N,12208.695937,W,7,,0.38,80.68,M,0.0,M,0.0,0000*5B
$GPRMC,225841.00,A,3722.423337,N,12208.695937,W,057.3,323.9,290520,,,A*4A
$GPGGA,225842.00,3722.436225,N,12208.707806,W,7,,0.38,79.82,M,0.0,M,0.0,0000*55
$GPRMC,225842.00,A,3722.436225,N,12208.707806,W,057.2,323.4,290520,,,A*4A
$GPGGA,225843.00,3722.448604,N,12208.719487,W,7,,0.38,78.90,M,0.0,M,0.0,0000*52
$GPRMC,225843.00,A,3722.448604,N,12208.719487,W,057.7,322.8,290520,,,A*47
$GPGGA,225844.00,3722.461918,N,12208.732267,W,7,,0.38,77.89,M,0.0,M,0.0,0000*5A
$GPRMC,225844.00,A,3722.461918,N,12208.732267,W,058.4,322.1,290520,,,A*4D
$GPGGA,225845.00,3722.474703,N,12208.744783,W,7,,0.38,76.65,M,0.0,M,0.0,0000*56
$GPRMC,225845.00,A,3722.474703,N,12208.744783,W,059.1,321.3,290520,,,A*47
$GPGGA,225846.00,3722.487574,N,12208.757840,W,7,,0.38,75.42,M,0.0,M,0.0,0000*5F
$GPRMC,225846.00,A,3722.487574,N,12208.757840,W,059.7,320.2,290520,,,A*4E
$GPGGA,225847.00,3722.499981,N,12208.771021,W,7,,0.38,74.20,M,0.0,M,0.0,0000*59
$GPRMC,225847.00,A,3722.499981,N,12208.771021,W,060.4,318.8,290520,,,A*45
$GPGGA,225848.00,3722.512522,N,12208.784833,W,7,,0.38,72.93,M,0.0,M,0.0,0000*5E
$GPRMC,225848.00,A,3722.512522,N,12208.784833,W,060.6,318.2,290520,,,A*44
$GPGGA,225849.00,3722.525559,N,12208.799420,W,7,,0.38,71.59,M,0.0,M,0.0,0000*50
$GPRMC,225849.00,A,3722.525559,N,12208.799420,W,060.7,317.9,290520,,,A*4A
$GPGGA,225850.00,3722.538310,N,12208.813585,W,7,,0.38,70.13,M,0.0,M,0.0,0000*53
$GPRMC,225850.00,A,3722.538310,N,12208.813585,W,061.0,318.0,290520,,,A*46
$GPGGA,225851.00,3722.550585,N,12208.827500,W,7,,0.38,68.82,M,0.0,M,0.0,0000*5D
$GPRMC,225851.00,A,3722.550585,N,12208.827500,W,061.2,317.8,290520,,,A*4C
$GPGGA,225852.00,3722.563564,N,12208.842115,W,7,,0.38,67.38,M,0.0,M,0.0,0000*5C
$GPRMC,225852.00,A,3722.563564,N,12208.842115,W,061.1,317.8,290520,,,A*40
$GPGGA,225853.00,3722.576205,N,12208.856419,W,7,,0.38,66.04,M,0.0,M,0.0,0000*5B
$GPRMC,225853.00,A,3722.576205,N,12208.856419,W,061.0,317.9,290520,,,A*49
$GPGGA,225854.00,3722.588895,N,12208.870772,W,7,,0.38,64.91,M,0.0,M,0.0,0000*5A
$GPRMC,225854.00,A,3722.588895,N,12208.870772,W,061.0,317.9,290520,,,A*46
$GPGGA,225855.00,3722.601382,N,12208.884848,W,7,,0.38,63.68,M,0.0,M,0.0,0000*58
$GPRMC,225855.00,A,3722.601382,N,12208.884848,W,060.7,317.9,290520,,,A*43
$GPGGA,225856.00,3722.613610,N,12208.898683,W,7,,0.38,62.45,M,0.0,M,0.0,0000*5C
$GPRMC,225856.00,A,3722.613610,N,12208.898683,W,060.9,317.8,290520,,,A*46
$GPGGA,225857.00,3722.626666,N,12208.913324,W,7,,0.38,60.89,M,0.0,M,0.0,0000*52
$GPRMC,225857.00,A,3722.626666,N,12208.913324,W,061.0,317.9,290520,,,A*43
$GPGGA,225858.00,3722.639194,N,12208.927532,W,7,,0.38,59.94,M,0.0,M,0.0,0000*59
$GPRMC,225858.00,A,3722.639194,N,12208.927532,W,061.2,317.9,290520,,,A*4C
$GPGGA,225859.00,3722.651560,N,12208.941302,W,7,,0.38,58.86,M,0.0,M,0.0,0000*5E
$GPRMC,225859.00,A,3722.651560,N,12208.941302,W,061.1,318.7,290520,,,A*4B
$GPGGA,225900.00,3722.664999,N,12208.955540,W,7,,0.38,58.06,M,0.0,M,0.0,0000*52
$GPRMC,225900.00,A,3722.664999,N,12208.955540,W,060.9,320.5,290520,,,A*4F
$GPGGA,225901.00,3722.678355,N,12208.968848,W,7,,0.38,57.61,M,0.0,M,0.0,0000*51
$GPRMC,225901.00,A,3722.678355,N,12208.968848,W,060.9,322.4,290520,,,A*41
$GPGGA,225902.00,3722.691874,N,12208.981430,W,7,,0.39,57.43,M,0.0,M,0.0,0000*58
$GPRMC,225902.00,A,3722.691874,N,12208.981430,W,060.8,324.4,290520,,,A*4E
$GPGGA,225903.00,3722.705392,N,12208.993082,W,7,,0.38,57.83,M,0.0,M,0.0,0000*55
$GPRMC,225903.00,A,3722.705392,N,12208.993082,W,060.6,326.5,290520,,,A*43
$GPGGA,225904.00,3722.719696,N,12209.004259,W,7,,0.38,58.01,M,0.0,M,0.0,0000*59
$GPRMC,225904.00,A,3722.719696,N,12209.004259,W,060.3,327.9,290520,,,A*42
$GPGGA,225905.00,3722.734521,N,12209.015059,W,7,,0.38,58.42,M,0.0,M,0.0,0000*5D
$GPRMC,225905.00,A,3722.734521,N,12209.015059,W,060.2,329.9,290520,,,A*4E
$GPGGA,225906.00,3722.749282,N,12209.025067,W,7,,0.38,58.50,M,0.0,M,0.0,0000*57
$GPRMC,225906.00,A,3722.749282,N,12209.025067,W,060.1,332.2,290520,,,A*45
$GPGGA,225907.00,3722.763844,N,12209.033977,W,7,,0.38,58.34,M,0.0,M,0.0,0000*53
$GPRMC,225907.00,A,3722.763844,N,12209.033977,W,060.0,334.4,290520,,,A*42
$GPGGA,225908.00,3722.779594,N,12209.042905,W,7,,0.38,57.99,M,0.0,M,0.0,0000*5C
$GPRMC,225908.00,A,3722.779594,N,12209.042905,W,060.1,336.2,290520,,,A*40
$GPGGA,225909.00,3722.794935,N,12209.050849,W,7,,0.38,57.57,M,0.0,M,0.0,0000*51
$GPRMC,225909.00,A,3722.794935,N,12209.050849,W,060.0,338.2,290520,,,A*40
$GPGGA,225910.00,3722.810536,N,12209.058338,W,7,,0.38,57.13,M,0.0,M,0.0,0000*50
$GPRMC,225910.00,A,3722.810536,N,12209.058338,W,059.8,339.8,290520,,,A*48
$GPGGA,225911.00,3722.825703,N,12209.064848,W,7,,0.38,56.60,M,0.0,M,0.0,0000*55
$GPRMC,225911.00,A,3722.825703,N,12209.064848,W,059.1,342.0,290520,,,A*45
$GPGGA,225912.00,3722.841334,N,12209.070673,W,7,,0.38,55.84,M,0.0,M,0.0,0000*5E
$GPRMC,225912.00,A,3722.841334,N,12209.070673,W,058.8,344.3,290520,,,A*4A
$GPGGA,225913.00,3722.857780,N,12209.076020,W,7,,0.38,62.46,M,0.0,M,0.0,0000*5F
$GPRMC,225913.00,A,3722.857780,N,12209.076020,W,059.1,345.5,290520,,,A*4E
$GPGGA,225914.00,3722.873944,N,12209.080676,W,7,,0.38,59.06,M,0.0,M,0.0,0000*58
$GPRMC,225914.00,A,3722.873944,N,12209.080676,W,059.8,347.1,290520,,,A*4A
$GPGGA,225915.00,3722.890138,N,12209.084912,W,7,,0.38,56.89,M,0.0,M,0.0,0000*56
$GPRMC,225915.00,A,3722.890138,N,12209.084912,W,060.1,348.3,290520,,,A*42
$GPGGA,225916.00,3722.906638,N,12209.088830,W,7,,0.38,55.13,M,0.0,M,0.0,0000*51
$GPRMC,225916.00,A,3722.906638,N,12209.088830,W,060.4,349.5,290520,,,A*47
$GPGGA,225917.00,3722.923239,N,12209.092627,W,7,,0.38,53.86,M,0.0,M,0.0,0000*5B
$GPRMC,225917.00,A,3722.923239,N,12209.092627,W,060.7,349.7,290520,,,A*46
$GPGGA,225918.00,3722.939925,N,12209.096191,W,7,,0.38,52.34,M,0.0,M,0.0,0000*5F
$GPRMC,225918.00,A,3722.939925,N,12209.096191,W,060.8,350.3,290520,,,A*49
$GPGGA,225919.00,3722.956504,N,12209.099720,W,7,,0.38,51.13,M,0.0,M,0.0,0000*5D
$GPRMC,225919.00,A,3722.956504,N,12209.099720,W,060.9,350.3,290520,,,A*4C
$GPGGA,225920.00,3722.972745,N,12209.103176,W,7,,0.38,50.06,M,0.0,M,0.0,0000*54
$GPRMC,225920.00,A,3722.972745,N,12209.103176,W,061.1,350.4,290520,,,A*4E
$GPGGA,225921.00,3722.990092,N,12209.106847,W,7,,0.38,48.85,M,0.0,M,0.0,0000*58
$GPRMC,225921.00,A,3722.990092,N,12209.106847,W,061.2,350.5,290520,,,A*42
$GPGGA,225922.00,3723.006658,N,12209.110376,W,7,,0.38,47.81,M,0.0,M,0.0,0000*59
$GPRMC,225922.00,A,3723.006658,N,12209.110376,W,060.9,350.6,290520,,,A*41
$GPGGA,225923.00,3723.022767,N,12209.113945,W,7,,0.38,47.29,M,0.0,M,0.0,0000*58
$GPRMC,225923.00,A,3723.022767,N,12209.113945,W,060.3,350.0,290520,,,A*4E
$GPGGA,225924.00,3723.039646,N,12209.117888,W,7,,0.38,46.27,M,0.0,M,0.0,0000*5C
$GPRMC,225924.00,A,3723.039646,N,12209.117888,W,059.5,348.9,290520,,,A*49
$GPGGA,225925.00,3723.055804,N,12209.122268,W,7,,0.38,45.64,M,0.0,M,0.0,0000*59
$GPRMC,225925.00,A,3723.055804,N,12209.122268,W,059.0,347.2,290520,,,A*49
$GPGGA,225926.00,3723.071619,N,12209.127278,W,7,,0.38,44.92,M,0.0,M,0.0,0000*52
$GPRMC,225926.00,A,3723.071619,N,12209.127278,W,059.2,345.1,290520,,,A*49
$GPGGA,225927.00,3723.086998,N,12209.132917,W,7,,0.38,44.31,M,0.0,M,0.0,0000*52
$GPRMC,225927.00,A,3723.086998,N,12209.132917,W,059.6,342.6,290520,,,A*44
$GPGGA,225928.00,3723.102735,N,12209.139872,W,7,,0.38,43.95,M,0.0,M,0.0,0000*59
$GPRMC,225928.00,A,3723.102735,N,12209.139872,W,060.0,339.4,290520,,,A*44
$GPGGA,225929.00,3723.118599,N,12209.148032,W,7,,0.38,43.65,M,0.0,M,0.0,0000*52
$GPRMC,225929.00,A,3723.118599,N,12209.148032,W,060.3,336.7,290520,,,A*4F
$GPGGA,225930.00,3723.133827,N,12209.156917,W,7,,0.38,43.49,M,0.0,M,0.0,0000*54
$GPRMC,225930.00,A,3723.133827,N,12209.156917,W,060.0,334.3,290520,,,A*42
$GPGGA,225931.00,3723.148180,N,12209.166272,W,7,,0.38,43.76,M,0.0,M,0.0,0000*5A
$GPRMC,225931.00,A,3723.148180,N,12209.166272,W,059.8,331.6,290520,,,A*42
$GPGGA,225932.00,3723.162736,N,12209.177072,W,7,,0.38,44.28,M,0.0,M,0.0,0000*54
$GPRMC,225932.00,A,3723.162736,N,12209.177072,W,059.1,328.4,290520,,,A*43
$GPGGA,225933.00,3723.176308,N,12209.188358,W,7,,0.38,44.64,M,0.0,M,0.0,0000*5A
$GPRMC,225933.00,A,3723.176308,N,12209.188358,W,058.1,325.6,290520,,,A*4B
$GPGGA,225934.00,3723.189273,N,12209.200226,W,7,,0.38,45.22,M,0.0,M,0.0,0000*58
$GPRMC,225934.00,A,3723.189273,N,12209.200226,W,057.2,323.1,290520,,,A*47
$GPGGA,225935.00,3723.201214,N,12209.212093,W,7,,0.38,46.00,M,0.0,M,0.0,0000*57
$GPRMC,225935.00,A,3723.201214,N,12209.212093,W,056.0,320.7,290520,,,A*4D
$GPGGA,225936.00,3723.212776,N,12209.224735,W,7,,0.38,46.78,M,0.0,M,0.0,0000*56
$GPRMC,225936.00,A,3723.212776,N,12209.224735,W,055.3,318.2,290520,,,A*4D
$GPGGA,225937.00,3723.224200,N,12209.238398,W,7,,0.38,47.50,M,0.0,M,0.0,0000*53
$GPRMC,225937.00,A,3723.224200,N,12209.238398,W,054.7,315.4,290520,,,A*4D
$GPGGA,225938.00,3723.234405,N,12209.252384,W,7,,0.38,48.16,M,0.0,M,0.0,0000*52
$GPRMC,225938.00,A,3723.234405,N,12209.252384,W,054.1,311.0,290520,,,A*47
$GPGGA,225939.00,3723.243657,N,12209.266945,W,7,,0.38,49.09,M,0.0,M,0.0,0000*59
$GPRMC,225939.00,A,3723.243657,N,12209.266945,W,053.6,307.6,290520,,,A*42
$GPGGA,225940.00,3723.252531,N,12209.281867,W,7,,0.38,49.69,M,0.0,M,0.0,0000*5A
$GPRMC,225940.00,A,3723.252531,N,12209.281867,W,053.0,306.2,290520,,,A*44
$GPGGA,225941.00,3723.261063,N,12209.297131,W,7,,0.38,50.56,M,0.0,M,0.0,0000*50
$GPRMC,225941.00,A,3723.261063,N,12209.297131,W,052.8,304.8,290520,,,A*4B
$GPGGA,225942.00,3723.269085,N,12209.312480,W,7,,0.38,51.33,M,0.0,M,0.0,0000*52
$GPRMC,225942.00,A,3723.269085,N,12209.312480,W,052.3,302.8,290520,,,A*46
$GPGGA,225943.00,3723.276321,N,12209.327444,W,7,,0.38,51.89,M,0.0,M,0.0,0000*5F
$GPRMC,225943.00,A,3723.276321,N,12209.327444,W,052.0,300.4,290520,,,A*47
$GPGGA,225944.00,3723.283281,N,12209.343247,W,7,,0.38,52.45,M,0.0,M,0.0,0000*5D
$GPRMC,225944.00,A,3723.283281,N,12209.343247,W,051.3,298.1,290520,,,A*43
$GPGGA,225945.00,3723.289779,N,12209.359693,W,7,,0.38,53.03,M,0.0,M,0.0,0000*51
$GPRMC,225945.00,A,3723.289779,N,12209.359693,W,050.6,295.5,290520,,,A*41
$GPGGA,225946.00,3723.295414,N,12209.375588,W,7,,0.38,53.48,M,0.0,M,0.0,0000*5F
$GPRMC,225946.00,A,3723.295414,N,12209.375588,W,049.9,293.2,290520,,,A*46
$GPGGA,225947.00,3723.300387,N,12209.391212,W,7,,0.38,53.80,M,0.0,M,0.0,0000*54
$GPRMC,225947.00,A,3723.300387,N,12209.391212,W,049.5,291.0,290520,,,A*45
$GPGGA,225948.00,3723.305086,N,12209.407958,W,7,,0.38,54.09,M,0.0,M,0.0,0000*57
$GPRMC,225948.00,A,3723.305086,N,12209.407958,W,049.1,288.4,290520,,,A*48
$GPGGA,225949.00,3723.309009,N,12209.424230,W,7,,0.38,54.26,M,0.0,M,0.0,0000*54
$GPRMC,225949.00,A,3723.309009,N,12209.424230,W,049.1,286.0,290520,,,A*4C
$GPGGA,225950.00,3723.312501,N,12209.440874,W,7,,0.38,54.25,M,0.0,M,0.0,0000*50
$GPRMC,225950.00,A,3723.312501,N,12209.440874,W,049.3,284.0,290520,,,A*4B
$GPGGA,225951.00,3723.315478,N,12209.457229,W,7,,0.38,54.20,M,0.0,M,0.0,0000*58
$GPRMC,225951.00,A,3723.315478,N,12209.457229,W,049.7,282.0,290520,,,A*44
$GPGGA,225952.00,3723.318225,N,12209.474377,W,7,,0.38,53.97,M,0.0,M,0.0,0000*58
$GPRMC,225952.00,A,3723.318225,N,12209.474377,W,050.2,280.8,290520,,,A*48
$GPGGA,225953.00,3723.320914,N,12209.492113,W,7,,0.38,53.51,M,0.0,M,0.0,0000*59
$GPRMC,225953.00,A,3723.320914,N,12209.492113,W,050.7,280.5,290520,,,A*4B
$GPGGA,225954.00,3723.323536,N,12209.509735,W,7,,0.38,53.33,M,0.0,M,0.0,0000*54
$GPRMC,225954.00,A,3723.323536,N,12209.509735,W,051.3,280.3,290520,,,A*41
$GPGGA,225955.00,3723.326043,N,12209.526985,W,7,,0.38,52.98,M,0.0,M,0.0,0000*5F
$GPRMC,225955.00,A,3723.326043,N,12209.526985,W,051.8,280.4,290520,,,A*46
$GPGGA,225956.00,3723.328671,N,12209.545232,W,7,,0.38,52.47,M,0.0,M,0.0,0000*55
$GPRMC,225956.00,A,3723.328671,N,12209.545232,W,051.9,279.8,290520,,,A*45
$GPGGA,225957.00,3723.331060,N,12209.563129,W,7,,0.38,51.84,M,0.0,M,0.0,0000*5B
$GPRMC,225957.00,A,3723.331060,N,12209.563129,W,052.0,279.6,290520,,,A*43
$GPGGA,225958.00,3723.333597,N,12209.581099,W,7,,0.38,53.60,M,0.0,M,0.0,0000*55
$GPRMC,225958.00,A,3723.333597,N,12209.581099,W,052.3,280.2,290520,,,A*44
$GPGGA,225959.00,3723.336316,N,12209.598356,W,7,,0.38,51.96,M,0.0,M,0.0,0000*5D
$GPRMC,225959.00,A,3723.336316,N,12209.598356,W,051.9,281.7,290520,,,A*4A
$GPGGA,230000.00,3723.339315,N,12209.615966,W,7,,0.38,50.69,M,0.0,M,0.0,0000*5E
$GPRMC,230000.00,A,3723.339315,N,12209.615966,W,051.8,282.1,290520,,,A*4C
$GPGGA,230001.00,3723.342375,N,12209.634188,W,7,,0.38,49.43,M,0.0,M,0.0,0000*5E
$GPRMC,230001.00,A,3723.342375,N,12209.634188,W,051.6,281.5,290520,,,A*45
$GPGGA,230002.00,3723.345322,N,12209.651726,W,7,,0.38,48.29,M,0.0,M,0.0,0000*54
$GPRMC,230002.00,A,3723.345322,N,12209.651726,W,051.2,282.0,290520,,,A*40
$GPGGA,230003.00,3723.348490,N,12209.668375,W,7,,0.38,47.29,M,0.0,M,0.0,0000*51
$GPRMC,230003.00,A,3723.348490,N,12209.668375,W,050.8,284.1,290520,,,A*46
$GPGGA,230004.00,3723.352347,N,12209.685925,W,7,,0.38,46.51,M,0.0,M,0.0,0000*52
$GPRMC,230004.00,A,3723.352347,N,12209.685925,W,050.3,286.4,290520,,,A*47
$GPGGA,230005.00,3723.356565,N,12209.702684,W,7,,0.38,45.63,M,0.0,M,0.0,0000*59
$GPRMC,230005.00,A,3723.356565,N,12209.702684,W,050.0,288.1,290520,,,A*46
$GPGGA,230006.00,3723.361084,N,12209.719082,W,7,,0.38,44.75,M,0.0,M,0.0,0000*58
$GPRMC,230006.00,A,3723.361084,N,12209.719082,W,050.2,289.5,290520,,,A*46
$GPGGA,230007.00,3723.365830,N,12209.735066,W,7,,0.38,43.91,M,0.0,M,0.0,0000*53
$GPRMC,230007.00,A,3723.365830,N,12209.735066,W,050.6,290.9,290520,,,A*40
$GPGGA,230008.00,3723.371175,N,12209.751500,W,7,,0.38,43.07,M,0.0,M,0.0,0000*59
$GPRMC,230008.00,A,3723.371175,N,12209.751500,W,050.9,293.1,290520,,,A*41
$GPGGA,230009.00,3723.377337,N,12209.768234,W,7,,0.38,42.35,M,0.0,M,0.0,0000*50
$GPRMC,230009.00,A,3723.377337,N,12209.768234,W,051.2,295.7,290520,,,A*42
$GPGGA,230010.00,3723.383776,N,12209.784128,W,7,,0.38,41.45,M,0.0,M,0.0,0000*5A
$GPRMC,230010.00,A,3723.383776,N,12209.784128,W,051.7,297.6,290520,,,A*4A
$GPGGA,230011.00,3723.390442,N,12209.799661,W,7,,0.38,40.72,M,0.0,M,0.0,0000*5E
$GPRMC,230011.00,A,3723.390442,N,12209.799661,W,052.1,298.7,290520,,,A*40
$GPGGA,230012.00,3723.397930,N,12209.816072,W,7,,0.38,39.79,M,0.0,M,0.0,0000*5B
$GPRMC,230012.00,A,3723.397930,N,12209.816072,W,052.6,300.4,290520,,,A*44
$GPGGA,230013.00,3723.405783,N,12209.831570,W,7,,0.38,39.13,M,0.0,M,0.0,0000*5E
$GPRMC,230013.00,A,3723.405783,N,12209.831570,W,053.0,303.3,290520,,,A*4E
$GPGGA,230014.00,3723.414262,N,12209.846966,W,7,,0.38,38.28,M,0.0,M,0.0,0000*51
$GPRMC,230014.00,A,3723.414262,N,12209.846966,W,053.6,305.3,290520,,,A*48
$GPGGA,230015.00,3723.422842,N,12209.861707,W,7,,0.38,37.72,M,0.0,M,0.0,0000*51
$GPRMC,230015.00,A,3723.422842,N,12209.861707,W,054.1,306.7,290520,,,A*4F
$GPGGA,230016.00,3723.431979,N,12209.876762,W,7,,0.38,37.05,M,0.0,M,0.0,0000*5C
$GPRMC,230016.00,A,3723.431979,N,12209.876762,W,054.4,307.4,290520,,,A*45
$GPGGA,230017.00,3723.441490,N,12209.892055,W,7,,0.38,40.35,M,0.0,M,0.0,0000*5A
$GPRMC,230017.00,A,3723.441490,N,12209.892055,W,054.3,308.2,290520,,,A*4E
$GPGGA,230018.00,3723.450843,N,12209.906882,W,7,,0.38,38.85,M,0.0,M,0.0,0000*5D
$GPRMC,230018.00,A,3723.450843,N,12209.906882,W,054.0,308.4,290520,,,A*48
$GPGGA,230019.00,3723.459796,N,12209.921198,W,7,,0.38,38.01,M,0.0,M,0.0,0000*59
$GPRMC,230019.00,A,3723.459796,N,12209.921198,W,053.8,307.9,290520,,,A*4D
$GPGGA,230020.00,3723.469000,N,12209.936491,W,7,,0.38,37.55,M,0.0,M,0.0,0000*5C
$GPRMC,230020.00,A,3723.469000,N,12209.936491,W,053.7,306.4,290520,,,A*45
$GPGGA,230021.00,3723.477562,N,12209.951887,W,7,,0.38,37.51,M,0.0,M,0.0,0000*5D
$GPRMC,230021.00,A,3723.477562,N,12209.951887,W,053.8,304.1,290520,,,A*48
$GPGGA,230022.00,3723.485679,N,12209.967704,W,7,,0.38,37.57,M,0.0,M,0.0,0000*5D
$GPRMC,230022.00,A,3723.485679,N,12209.967704,W,054.0,302.0,290520,,,A*46
$GPGGA,230023.00,3723.493294,N,12209.983802,W,7,,0.38,37.93,M,0.0,M,0.0,0000*57
$GPRMC,230023.00,A,3723.493294,N,12209.983802,W,054.1,299.9,290520,,,A*4F
$GPGGA,230024.00,3723.500152,N,12209.999929,W,7,,0.38,38.44,M,0.0,M,0.0,0000*54
$GPRMC,230024.00,A,3723.500152,N,12209.999929,W,054.1,297.0,290520,,,A*4E
$GPGGA,230025.00,3723.506686,N,12210.017630,W,7,,0.38,39.23,M,0.0,M,0.0,0000*5D
$GPRMC,230025.00,A,3723.506686,N,12210.017630,W,054.1,293.9,290520,,,A*4A
$GPGGA,230026.00,3723.512332,N,12210.035078,W,7,,0.38,40.03,M,0.0,M,0.0,0000*57
$GPRMC,230026.00,A,3723.512332,N,12210.035078,W,053.9,291.4,290520,,,A*4C
$GPGGA,230027.00,3723.517209,N,12210.051980,W,7,,0.38,40.83,M,0.0,M,0.0,0000*5E
$GPRMC,230027.00,A,3723.517209,N,12210.051980,W,053.7,289.2,290520,,,A*4C
$GPGGA,230028.00,3723.521854,N,12210.070364,W,7,,0.38,41.87,M,0.0,M,0.0,0000*50
$GPRMC,230028.00,A,3723.521854,N,12210.070364,W,053.5,286.8,290520,,,A*40
$GPGGA,230029.00,3723.525646,N,12210.088322,W,7,,0.38,42.58,M,0.0,M,0.0,0000*5C
$GPRMC,230029.00,A,3723.525646,N,12210.088322,W,053.1,283.9,290520,,,A*4D
$GPGGA,230030.00,3723.528748,N,12210.106274,W,7,,0.38,43.36,M,0.0,M,0.0,0000*5A
$GPRMC,230030.00,A,3723.528748,N,12210.106274,W,052.9,281.4,290520,,,A*44
$GPGGA,230031.00,3723.531202,N,12210.123848,W,7,,0.38,44.18,M,0.0,M,0.0,0000*51
$GPRMC,230031.00,A,3723.531202,N,12210.123848,W,052.5,278.9,290520,,,A*43
$GPGGA,230032.00,3723.533109,N,12210.141932,W,7,,0.38,44.98,M,0.0,M,0.0,0000*58
$GPRMC,230032.00,A,3723.533109,N,12210.141932,W,051.9,276.7,290520,,,A*4D
$GPGGA,230033.00,3723.534652,N,12210.160333,W,7,,0.38,45.56,M,0.0,M,0.0,0000*5C
$GPRMC,230033.00,A,3723.534652,N,12210.160333,W,051.6,275.6,290520,,,A*47
$GPGGA,230034.00,3723.535947,N,12210.178171,W,7,,0.38,46.11,M,0.0,M,0.0,0000*5C
$GPRMC,230034.00,A,3723.535947,N,12210.178171,W,050.9,274.9,290520,,,A*47
$GPGGA,230035.00,3723.537034,N,12210.195247,W,7,,0.38,46.70,M,0.0,M,0.0,0000*50
$GPRMC,230035.00,A,3723.537034,N,12210.195247,W,050.2,274.3,290520,,,A*4D
$GPGGA,230036.00,3723.538173,N,12210.213284,W,7,,0.38,47.47,M,0.0,M,0.0,0000*59
$GPRMC,230036.00,A,3723.538173,N,12210.213284,W,049.9,274.2,290520,,,A*43
$GPGGA,230037.00,3723.539169,N,12210.230395,W,7,,0.38,48.37,M,0.0,M,0.0,0000*5A
$GPRMC,230037.00,A,3723.539169,N,12210.230395,W,049.5,274.2,290520,,,A*44
$GPGGA,230038.00,3723.540166,N,12210.247622,W,7,,0.38,49.11,M,0.0,M,0.0,0000*58
$GPRMC,230038.00,A,3723.540166,N,12210.247622,W,049.2,274.3,290520,,,A*45
$GPGGA,230039.00,3723.541209,N,12210.264133,W,7,,0.38,49.65,M,0.0,M,0.0,0000*57
$GPRMC,230039.00,A,3723.541209,N,12210.264133,W,048.8,274.5,290520,,,A*44
$GPGGA,230040.00,3723.542434,N,12210.280958,W,7,,0.38,50.39,M,0.0,M,0.0,0000*5C
$GPRMC,230040.00,A,3723.542434,N,12210.280958,W,048.6,275.9,290520,,,A*4D
$GPGGA,230041.00,3723.544078,N,12210.298399,W,7,,0.38,51.26,M,0.0,M,0.0,0000*56
$GPRMC,230041.00,A,3723.544078,N,12210.298399,W,048.4,277.5,290520,,,A*44
$GPGGA,230042.00,3723.546046,N,12210.315085,W,7,,0.38,52.31,M,0.0,M,0.0,0000*55
$GPRMC,230042.00,A,3723.546046,N,12210.315085,W,048.1,278.9,290520,,,A*44
$GPGGA,230043.00,3723.548217,N,12210.331099,W,7,,0.38,53.33,M,0.0,M,0.0,0000*54
$GPRMC,230043.00,A,3723.548217,N,12210.331099,W,047.8,280.2,290520,,,A*4C
$GPGGA,230044.00,3723.550960,N,12210.347798,W,7,,0.38,54.29,M,0.0,M,0.0,0000*5A
$GPRMC,230044.00,A,3723.550960,N,12210.347798,W,047.5,282.4,290520,,,A*47
$GPGGA,230045.00,3723.554104,N,12210.363842,W,7,,0.38,55.24,M,0.0,M,0.0,0000*57
$GPRMC,230045.00,A,3723.554104,N,12210.363842,W,047.2,284.7,290520,,,A*44
$GPGGA,230046.00,3723.557788,N,12210.379700,W,7,,0.38,56.16,M,0.0,M,0.0,0000*55
$GPRMC,230046.00,A,3723.557788,N,12210.379700,W,047.1,286.9,290520,,,A*4B
$GPGGA,230047.00,3723.561844,N,12210.395203,W,7,,0.38,56.94,M,0.0,M,0.0,0000*50
$GPRMC,230047.00,A,3723.561844,N,12210.395203,W,047.1,288.9,290520,,,A*4A
$GPGGA,230048.00,3723.566218,N,12210.410216,W,7,,0.38,57.76,M,0.0,M,0.0,0000*58
$GPRMC,230048.00,A,3723.566218,N,12210.410216,W,047.4,290.6,290520,,,A*4C
$GPGGA,230049.00,3723.571239,N,12210.426181,W,7,,0.38,58.70,M,0.0,M,0.0,0000*5D
$GPRMC,230049.00,A,3723.571239,N,12210.426181,W,047.8,292.1,290520,,,A*49
$GPGGA,230050.00,3723.576502,N,12210.441422,W,7,,0.38,59.59,M,0.0,M,0.0,0000*5A
$GPRMC,230050.00,A,3723.576502,N,12210.441422,W,048.1,294.1,290520,,,A*44
$GPGGA,230051.00,3723.582099,N,12210.456218,W,7,,0.38,60.51,M,0.0,M,0.0,0000*5C
$GPRMC,230051.00,A,3723.582099,N,12210.456218,W,048.4,296.2,290520,,,A*44
$GPGGA,230052.00,3723.588525,N,12210.471751,W,7,,0.38,61.48,M,0.0,M,0.0,0000*53
$GPRMC,230052.00,A,3723.588525,N,12210.471751,W,048.5,298.2,290520,,,A*4D
$GPGGA,230053.00,3723.595246,N,12210.486476,W,7,,0.38,62.44,M,0.0,M,0.0,0000*5D
$GPRMC,230053.00,A,3723.595246,N,12210.486476,W,048.4,300.6,290520,,,A*49
$GPGGA,230054.00,3723.602338,N,12210.500798,W,7,,0.38,63.42,M,0.0,M,0.0,0000*54
$GPRMC,230054.00,A,3723.602338,N,12210.500798,W,048.9,302.6,290520,,,A*48
$GPGGA,230055.00,3723.609651,N,12210.514718,W,7,,0.38,64.40,M,0.0,M,0.0,0000*5C
$GPRMC,230055.00,A,3723.609651,N,12210.514718,W,049.5,304.1,290520,,,A*49
$GPGGA,230056.00,3723.617715,N,12210.528902,W,7,,0.38,65.38,M,0.0,M,0.0,0000*55
$GPRMC,230056.00,A,3723.617715,N,12210.528902,W,050.1,306.5,290520,,,A*44
$GPGGA,230057.00,3723.626571,N,12210.543092,W,7,,0.38,66.42,M,0.0,M,0.0,0000*55
$GPRMC,230057.00,A,3723.626571,N,12210.543092,W,050.6,309.0,290520,,,A*47
$GPGGA,230058.00,3723.635752,N,12210.556712,W,7,,0.38,67.40,M,0.0,M,0.0,0000*53
$GPRMC,230058.00,A,3723.635752,N,12210.556712,W,051.1,310.9,290520,,,A*45
$GPGGA,230059.00,3723.645027,N,12210.569624,W,7,,0.38,62.25,M,0.0,M,0.0,0000*5E
$GPRMC,230059.00,A,3723.645027,N,12210.569624,W,051.6,312.8,290520,,,A*4A
$GPGGA,230100.00,3723.655353,N,12210.582908,W,7,,0.38,65.27,M,0.0,M,0.0,0000*53
$GPRMC,230100.00,A,3723.655353,N,12210.582908,W,052.0,315.2,290520,,,A*4A
$GPGGA,230101.00,3723.665962,N,12210.595502,W,7,,0.38,67.32,M,0.0,M,0.0,0000*5F
$GPRMC,230101.00,A,3723.665962,N,12210.595502,W,052.5,317.4,290520,,,A*41
$GPGGA,230102.00,3723.676983,N,12210.607747,W,7,,0.38,68.77,M,0.0,M,0.0,0000*54
$GPRMC,230102.00,A,3723.676983,N,12210.607747,W,053.0,319.1,290520,,,A*4B
$GPGGA,230103.00,3723.687994,N,12210.619291,W,7,,0.38,70.04,M,0.0,M,0.0,0000*51
$GPRMC,230103.00,A,3723.687994,N,12210.619291,W,053.4,320.8,290520,,,A*44
$GPGGA,230104.00,3723.699562,N,12210.630955,W,7,,0.38,71.20,M,0.0,M,0.0,0000*53
$GPRMC,230104.00,A,3723.699562,N,12210.630955,W,053.9,321.6,290520,,,A*43
$GPGGA,230105.00,3723.711850,N,12210.643057,W,7,,0.38,71.99,M,0.0,M,0.0,0000*52
$GPRMC,230105.00,A,3723.711850,N,12210.643057,W,054.4,321.9,290520,,,A*45
$GPGGA,230106.00,3723.723856,N,12210.654877,W,7,,0.38,72.60,M,0.0,M,0.0,0000*5F
$GPRMC,230106.00,A,3723.723856,N,12210.654877,W,055.0,321.8,290520,,,A*49
$GPGGA,230107.00,3723.735831,N,12210.666697,W,7,,0.38,71.06,M,0.0,M,0.0,0000*5A
$GPRMC,230107.00,A,3723.735831,N,12210.666697,W,055.4,321.8,290520,,,A*4B
$GPGGA,230108.00,3723.748078,N,12210.678721,W,7,,0.38,72.17,M,0.0,M,0.0,0000*5A
$GPRMC,230108.00,A,3723.748078,N,12210.678721,W,055.8,321.8,290520,,,A*44
$GPGGA,230109.00,3723.760317,N,12210.690764,W,7,,0.38,72.73,M,0.0,M,0.0,0000*5E
$GPRMC,230109.00,A,3723.760317,N,12210.690764,W,055.8,321.9,290520,,,A*43
$GPGGA,230110.00,3723.772264,N,12210.702428,W,7,,0.38,73.07,M,0.0,M,0.0,0000*53
$GPRMC,230110.00,A,3723.772264,N,12210.702428,W,055.9,322.0,290520,,,A*47
$GPGGA,230111.00,3723.784431,N,12210.714320,W,7,,0.38,73.08,M,0.0,M,0.0,0000*5A
$GPRMC,230111.00,A,3723.784431,N,12210.714320,W,055.8,321.8,290520,,,A*4B
$GPGGA,230112.00,3723.796666,N,12210.726349,W,7,,0.38,73.08,M,0.0,M,0.0,0000*54
$GPRMC,230112.00,A,3723.796666,N,12210.726349,W,055.7,321.7,290520,,,A*45
$GPGGA,230113.00,3723.809271,N,12210.738781,W,7,,0.38,72.91,M,0.0,M,0.0,0000*50
$GPRMC,230113.00,A,3723.809271,N,12210.738781,W,055.7,321.7,290520,,,A*40
$GPGGA,230114.00,3723.821313,N,12210.750721,W,7,,0.38,72.65,M,0.0,M,0.0,0000*57
$GPRMC,230114.00,A,3723.821313,N,12210.750721,W,055.5,321.6,290520,,,A*4F
$GPGGA,230115.00,3723.833025,N,12210.762260,W,7,,0.38,72.19,M,0.0,M,0.0,0000*59
$GPRMC,230115.00,A,3723.833025,N,12210.762260,W,054.9,321.8,290520,,,A*49
$GPGGA,230116.00,3723.845410,N,12210.774433,W,7,,0.38,71.70,M,0.0,M,0.0,0000*52
$GPRMC,230116.00,A,3723.845410,N,12210.774433,W,054.4,321.8,290520,,,A*43
$GPGGA,230117.00,3723.857175,N,12210.785960,W,7,,0.38,71.05,M,0.0,M,0.0,0000*51
$GPRMC,230117.00,A,3723.857175,N,12210.785960,W,053.8,321.9,290520,,,A*48
$GPGGA,230118.00,3723.868936,N,12210.797551,W,7,,0.38,70.35,M,0.0,M,0.0,0000*52
$GPRMC,230118.00,A,3723.868936,N,12210.797551,W,053.3,321.7,290520,,,A*4C
$GPGGA,230119.00,3723.880204,N,12210.808627,W,7,,0.38,69.62,M,0.0,M,0.0,0000*5E
$GPRMC,230119.00,A,3723.880204,N,12210.808627,W,053.0,321.8,290520,,,A*46
$GPGGA,230120.00,3723.891861,N,12210.820099,W,7,,0.38,68.83,M,0.0,M,0.0,0000*5A
$GPRMC,230120.00,A,3723.891861,N,12210.820099,W,053.2,321.9,290520,,,A*4F
$GPGGA,230121.00,3723.903837,N,12210.831860,W,7,,0.38,67.96,M,0.0,M,0.0,0000*57
$GPRMC,230121.00,A,3723.903837,N,12210.831860,W,053.6,321.8,290520,,,A*4C
$GPGGA,230122.00,3723.915687,N,12210.843560,W,7,,0.38,67.22,M,0.0,M,0.0,0000*51
$GPRMC,230122.00,A,3723.915687,N,12210.843560,W,054.2,321.6,290520,,,A*48
$GPGGA,230123.00,3723.927219,N,12210.854978,W,7,,0.38,66.40,M,0.0,M,0.0,0000*54
$GPRMC,230123.00,A,3723.927219,N,12210.854978,W,054.5,321.6,290520,,,A*4F
$GPGGA,230124.00,3723.939519,N,12210.867158,W,7,,0.38,65.74,M,0.0,M,0.0,0000*55
$GPRMC,230124.00,A,3723.939519,N,12210.867158,W,055.0,321.7,290520,,,A*4F
$GPGGA,230125.00,3723.951610,N,12210.879068,W,7,,0.38,64.86,M,0.0,M,0.0,0000*51
$GPRMC,230125.00,A,3723.951610,N,12210.879068,W,055.2,321.7,290520,,,A*45
$GPGGA,230126.00,3723.963807,N,12210.891121,W,7,,0.38,64.13,M,0.0,M,0.0,0000*5D
$GPRMC,230126.00,A,3723.963807,N,12210.891121,W,055.8,321.7,290520,,,A*4F
$GPGGA,230127.00,3723.975585,N,12210.902810,W,7,,0.38,63.07,M,0.0,M,0.0,0000*5E
$GPRMC,230127.00,A,3723.975585,N,12210.902810,W,056.0,321.7,290520,,,A*45
$GPGGA,230128.00,3723.987891,N,12210.914942,W,7,,0.38,62.19,M,0.0,M,0.0,0000*5B
$GPRMC,230128.00,A,3723.987891,N,12210.914942,W,056.7,321.7,290520,,,A*49
$GPGGA,230129.00,3724.000755,N,12210.927698,W,7,,0.38,61.36,M,0.0,M,0.0,0000*5A
$GPRMC,230129.00,A,3724.000755,N,12210.927698,W,057.2,321.5,290520,,,A*40
$GPGGA,230130.00,3724.013319,N,12210.940213,W,7,,0.38,60.63,M,0.0,M,0.0,0000*5B
$GPRMC,230130.00,A,3724.013319,N,12210.940213,W,057.6,321.4,290520,,,A*45
$GPGGA,230131.00,3724.025416,N,12210.952286,W,7,,0.38,60.03,M,0.0,M,0.0,0000*5E
$GPRMC,230131.00,A,3724.025416,N,12210.952286,W,057.9,321.3,290520,,,A*4E
$GPGGA,230132.00,3724.038436,N,12210.965401,W,7,,0.38,59.53,M,0.0,M,0.0,0000*51
$GPRMC,230132.00,A,3724.038436,N,12210.965401,W,058.1,321.3,290520,,,A*49
$GPGGA,230133.00,3724.051024,N,12210.978085,W,7,,0.38,58.99,M,0.0,M,0.0,0000*5B
$GPRMC,230133.00,A,3724.051024,N,12210.978085,W,057.8,321.1,290520,,,A*40
$GPGGA,230134.00,3724.063354,N,12210.990553,W,7,,0.38,58.60,M,0.0,M,0.0,0000*57
$GPRMC,230134.00,A,3724.063354,N,12210.990553,W,057.1,321.1,290520,,,A*43
$GPGGA,230135.00,3724.075282,N,12211.002578,W,7,,0.38,58.17,M,0.0,M,0.0,0000*51
$GPRMC,230135.00,A,3724.075282,N,12211.002578,W,056.3,321.1,290520,,,A*46
$GPGGA,230136.00,3724.087485,N,12211.014902,W,7,,0.38,58.01,M,0.0,M,0.0,0000*5F
$GPRMC,230136.00,A,3724.087485,N,12211.014902,W,055.7,321.0,290520,,,A*49
$GPGGA,230137.00,3724.099834,N,12211.027303,W,7,,0.38,57.58,M,0.0,M,0.0,0000*5F
$GPRMC,230137.00,A,3724.099834,N,12211.027303,W,054.7,321.3,290520,,,A*48
$GPGGA,230138.00,3724.111665,N,12211.039172,W,7,,0.38,57.38,M,0.0,M,0.0,0000*56
$GPRMC,230138.00,A,3724.111665,N,12211.039172,W,054.6,321.3,290520,,,A*46
$GPGGA,230139.00,3724.123174,N,12211.050710,W,7,,0.38,57.01,M,0.0,M,0.0,0000*56
$GPRMC,230139.00,A,3724.123174,N,12211.050710,W,054.5,321.4,290520,,,A*48
$GPGGA,230140.00,3724.135480,N,12211.063051,W,7,,0.38,56.68,M,0.0,M,0.0,0000*5D
$GPRMC,230140.00,A,3724.135480,N,12211.063051,W,054.7,321.2,290520,,,A*49
$GPGGA,230141.00,3724.147269,N,12211.074973,W,7,,0.38,56.45,M,0.0,M,0.0,0000*58
$GPRMC,230141.00,A,3724.147269,N,12211.074973,W,054.9,321.0,290520,,,A*4F
$GPGGA,230142.00,3724.159137,N,12211.087070,W,7,,0.38,56.23,M,0.0,M,0.0,0000*5A
$GPRMC,230142.00,A,3724.159137,N,12211.087070,W,054.7,320.8,290520,,,A*4A
$GPGGA,230143.00,3724.170604,N,12211.098722,W,7,,0.38,55.94,M,0.0,M,0.0,0000*56
$GPRMC,230143.00,A,3724.170604,N,12211.098722,W,054.5,320.8,290520,,,A*4B
$GPGGA,230144.00,3724.182375,N,12211.110673,W,7,,0.38,55.70,M,0.0,M,0.0,0000*51
$GPRMC,230144.00,A,3724.182375,N,12211.110673,W,054.2,320.9,290520,,,A*40
$GPGGA,230145.00,3724.194322,N,12211.122860,W,7,,0.38,55.40,M,0.0,M,0.0,0000*5B
$GPRMC,230145.00,A,3724.194322,N,12211.122860,W,053.9,320.9,290520,,,A*45
$GPGGA,230146.00,3724.205998,N,12211.134740,W,7,,0.38,55.10,M,0.0,M,0.0,0000*57
$GPRMC,230146.00,A,3724.205998,N,12211.134740,W,053.8,320.9,290520,,,A*4D
$GPGGA,230147.00,3724.217266,N,12211.146230,W,7,,0.38,54.75,M,0.0,M,0.0,0000*5A
$GPRMC,230147.00,A,3724.217266,N,12211.146230,W,053.8,320.9,290520,,,A*42
$GPGGA,230148.00,3724.229260,N,12211.158380,W,7,,0.38,54.45,M,0.0,M,0.0,0000*58
$GPRMC,230148.00,A,3724.229260,N,12211.158380,W,054.1,321.1,290520,,,A*44
$GPGGA,230149.00,3724.241061,N,12211.170284,W,7,,0.38,54.04,M,0.0,M,0.0,0000*5E
$GPRMC,230149.00,A,3724.241061,N,12211.170284,W,054.5,321.0,290520,,,A*42
$GPGGA,230150.00,3724.252972,N,12211.182338,W,7,,0.38,53.79,M,0.0,M,0.0,0000*59
$GPRMC,230150.00,A,3724.252972,N,12211.182338,W,054.8,320.9,290520,,,A*4D
$GPGGA,230151.00,3724.264821,N,12211.194326,W,7,,0.38,53.56,M,0.0,M,0.0,0000*5F
$GPRMC,230151.00,A,3724.264821,N,12211.194326,W,055.1,321.0,290520,,,A*46
$GPGGA,230152.00,3724.276408,N,12211.206085,W,7,,0.38,53.15,M,0.0,M,0.0,0000*5D
$GPRMC,230152.00,A,3724.276408,N,12211.206085,W,055.2,321.0,290520,,,A*40
$GPGGA,230153.00,3724.288768,N,12211.218667,W,7,,0.38,52.81,M,0.0,M,0.0,0000*51
$GPRMC,230153.00,A,3724.288768,N,12211.218667,W,055.2,320.9,290520,,,A*48
$GPGGA,230154.00,3724.300647,N,12211.230794,W,7,,0.38,52.43,M,0.0,M,0.0,0000*52
$GPRMC,230154.00,A,3724.300647,N,12211.230794,W,054.8,320.7,290520,,,A*40
$GPGGA,230155.00,3724.311940,N,12211.242368,W,7,,0.38,51.93,M,0.0,M,0.0,0000*57
$GPRMC,230155.00,A,3724.311940,N,12211.242368,W,054.3,320.7,290520,,,A*40
$GPGGA,230156.00,3724.324078,N,12211.254608,W,7,,0.38,51.32,M,0.0,M,0.0,0000*5F
$GPRMC,230156.00,A,3724.324078,N,12211.254608,W,053.9,321.4,290520,,,A*4C
$GPGGA,230157.00,3724.335735,N,12211.266272,W,7,,0.38,50.63,M,0.0,M,0.0,0000*5D
$GPRMC,230157.00,A,3724.335735,N,12211.266272,W,053.4,321.5,290520,,,A*47
$GPGGA,230158.00,3724.347292,N,12211.277846,W,7,,0.38,50.01,M,0.0,M,0.0,0000*56
$GPRMC,230158.00,A,3724.347292,N,12211.277846,W,053.1,321.2,290520,,,A*4A
$GPGGA,230159.00,3724.358421,N,12211.289269,W,7,,0.38,49.52,M,0.0,M,0.0,0000*5F
$GPRMC,230159.00,A,3724.358421,N,12211.289269,W,053.3,320.5,290520,,,A*49
$GPGGA,230200.00,3724.369815,N,12211.301258,W,7,,0.38,48.91,M,0.0,M,0.0,0000*54
$GPRMC,230200.00,A,3724.369815,N,12211.301258,W,053.6,319.6,290520,,,A*40
$GPGGA,230201.00,3724.381485,N,12211.313762,W,7,,0.38,48.21,M,0.0,M,0.0,0000*52
$GPRMC,230201.00,A,3724.381485,N,12211.313762,W,053.9,319.0,290520,,,A*44
$GPGGA,230202.00,3724.392753,N,12211.326332,W,7,,0.38,47.41,M,0.0,M,0.0,0000*55
$GPRMC,230202.00,A,3724.392753,N,12211.326332,W,054.2,317.6,290520,,,A*4E
$GPGGA,230203.00,3724.403409,N,12211.338968,W,7,,0.38,46.61,M,0.0,M,0.0,0000*5E
$GPRMC,230203.00,A,3724.403409,N,12211.338968,W,054.3,315.7,290520,,,A*44
$GPGGA,230204.00,3724.414306,N,12211.352749,W,7,,0.38,45.61,M,0.0,M,0.0,0000*55
$GPRMC,230204.00,A,3724.414306,N,12211.352749,W,054.0,313.9,290520,,,A*47
$GPGGA,230205.00,3724.424446,N,12211.366465,W,7,,0.38,44.85,M,0.0,M,0.0,0000*55
$GPRMC,230205.00,A,3724.424446,N,12211.366465,W,054.0,312.1,290520,,,A*45
$GPGGA,230206.00,3724.434394,N,12211.380769,W,7,,0.38,43.99,M,0.0,M,0.0,0000*52
$GPRMC,230206.00,A,3724.434394,N,12211.380769,W,054.2,310.3,290520,,,A*4A
$GPGGA,230207.00,3724.443664,N,12211.394870,W,7,,0.38,43.22,M,0.0,M,0.0,0000*5B
$GPRMC,230207.00,A,3724.443664,N,12211.394870,W,054.1,308.7,290520,,,A*4D
$GPGGA,230208.00,3724.452843,N,12211.409660,W,7,,0.38,42.35,M,0.0,M,0.0,0000*54
$GPRMC,230208.00,A,3724.452843,N,12211.409660,W,054.1,307.1,290520,,,A*4C
$GPGGA,230209.00,3724.462035,N,12211.425428,W,7,,0.38,41.39,M,0.0,M,0.0,0000*50
$GPRMC,230209.00,A,3724.462035,N,12211.425428,W,054.3,305.2,290520,,,A*44
$GPGGA,230210.00,3724.470537,N,12211.441147,W,7,,0.38,40.38,M,0.0,M,0.0,0000*52
$GPRMC,230210.00,A,3724.470537,N,12211.441147,W,054.4,303.2,290520,,,A*47
$GPGGA,230211.00,3724.478578,N,12211.457131,W,7,,0.38,39.43,M,0.0,M,0.0,0000*54
$GPRMC,230211.00,A,3724.478578,N,12211.457131,W,054.5,301.5,290520,,,A*47
$GPGGA,230212.00,3724.486318,N,12211.473517,W,7,,0.38,38.54,M,0.0,M,0.0,0000*57
$GPRMC,230212.00,A,3724.486318,N,12211.473517,W,054.4,299.9,290520,,,A*4E
$GPGGA,230213.00,3724.493697,N,12211.490156,W,7,,0.38,37.66,M,0.0,M,0.0,0000*52
$GPRMC,230213.00,A,3724.493697,N,12211.490156,W,054.2,298.2,290520,,,A*49
$GPGGA,230214.00,3724.500622,N,12211.506895,W,7,,0.38,36.69,M,0.0,M,0.0,0000*56
$GPRMC,230214.00,A,3724.500622,N,12211.506895,W,053.8,296.6,290520,,,A*44
$GPGGA,230215.00,3724.507042,N,12211.523606,W,7,,0.38,35.77,M,0.0,M,0.0,0000*5F
$GPRMC,230215.00,A,3724.507042,N,12211.523606,W,053.4,295.1,290520,,,A*49
$GPGGA,230216.00,3724.512946,N,12211.540075,W,7,,0.38,34.80,M,0.0,M,0.0,0000*5B
$GPRMC,230216.00,A,3724.512946,N,12211.540075,W,053.4,293.5,290520,,,A*46
$GPGGA,230217.00,3724.518964,N,12211.557878,W,7,,0.38,33.62,M,0.0,M,0.0,0000*58
$GPRMC,230217.00,A,3724.518964,N,12211.557878,W,053.7,292.5,290520,,,A*4C
$GPGGA,230218.00,3724.524633,N,12211.575194,W,7,,0.38,32.60,M,0.0,M,0.0,0000*5D
$GPRMC,230218.00,A,3724.524633,N,12211.575194,W,054.2,292.0,290520,,,A*4D
$GPGGA,230219.00,3724.530105,N,12211.592258,W,7,,0.38,31.81,M,0.0,M,0.0,0000*5D
$GPRMC,230219.00,A,3724.530105,N,12211.592258,W,054.3,291.8,290520,,,A*4B
$GPGGA,230220.00,3724.535926,N,12211.610491,W,7,,0.38,31.36,M,0.0,M,0.0,0000*5D
$GPRMC,230220.00,A,3724.535926,N,12211.610491,W,054.3,291.7,290520,,,A*48
$GPGGA,230221.00,3724.541470,N,12211.628036,W,7,,0.38,31.02,M,0.0,M,0.0,0000*54
$GPRMC,230221.00,A,3724.541470,N,12211.628036,W,053.9,291.4,290520,,,A*48
$GPGGA,230222.00,3724.546929,N,12211.645388,W,7,,0.38,30.93,M,0.0,M,0.0,0000*55
$GPRMC,230222.00,A,3724.546929,N,12211.645388,W,053.7,291.4,290520,,,A*4E
$GPGGA,230223.00,3724.552245,N,12211.662230,W,7,,0.38,30.74,M,0.0,M,0.0,0000*5E
$GPRMC,230223.00,A,3724.552245,N,12211.662230,W,053.3,291.6,290520,,,A*4A
$GPGGA,230224.00,3724.557717,N,12211.679594,W,7,,0.38,30.61,M,0.0,M,0.0,0000*59
$GPRMC,230224.00,A,3724.557717,N,12211.679594,W,053.2,291.9,290520,,,A*47
$GPGGA,230225.00,3724.563375,N,12211.697239,W,7,,0.38,30.43,M,0.0,M,0.0,0000*5F
$GPRMC,230225.00,A,3724.563375,N,12211.697239,W,053.0,291.9,290520,,,A*43
$GPGGA,230226.00,3724.568859,N,12211.714357,W,7,,0.38,30.32,M,0.0,M,0.0,0000*57
$GPRMC,230226.00,A,3724.568859,N,12211.714357,W,052.5,291.9,290520,,,A*49
$GPGGA,230227.00,3724.574133,N,12211.730713,W,7,,0.38,30.34,M,0.0,M,0.0,0000*5A
$GPRMC,230227.00,A,3724.574133,N,12211.730713,W,051.9,292.0,290520,,,A*47
$GPGGA,230228.00,3724.579623,N,12211.747874,W,7,,0.38,30.12,M,0.0,M,0.0,0000*54
$GPRMC,230228.00,A,3724.579623,N,12211.747874,W,051.4,291.8,290520,,,A*4B
$GPGGA,230229.00,3724.584861,N,12211.764530,W,7,,0.38,29.97,M,0.0,M,0.0,0000*56
$GPRMC,230229.00,A,3724.584861,N,12211.764530,W,051.2,291.5,290520,,,A*47
$GPGGA,230230.00,3724.590081,N,12211.781132,W,7,,0.38,29.84,M,0.0,M,0.0,0000*52
$GPRMC,230230.00,A,3724.590081,N,12211.781132,W,051.1,291.3,290520,,,A*44
$GPGGA,230231.00,3724.595121,N,12211.797236,W,7,,0.38,29.65,M,0.0,M,0.0,0000*52
$GPRMC,230231.00,A,3724.595121,N,12211.797236,W,051.1,291.2,290520,,,A*4A
$GPGGA,230232.00,3724.600246,N,12211.813759,W,7,,0.38,29.53,M,0.0,M,0.0,0000*56
$GPRMC,230232.00,A,3724.600246,N,12211.813759,W,051.2,291.2,290520,,,A*48
$GPGGA,230233.00,3724.605676,N,12211.830944,W,7,,0.38,29.49,M,0.0,M,0.0,0000*5D
$GPRMC,230233.00,A,3724.605676,N,12211.830944,W,051.2,291.7,290520,,,A*4D
$GPGGA,230234.00,3724.610985,N,12211.847623,W,7,,0.38,29.49,M,0.0,M,0.0,0000*53
$GPRMC,230234.00,A,3724.610985,N,12211.847623,W,051.3,291.9,290520,,,A*4C
$GPGGA,230235.00,3724.616080,N,12211.863565,W,7,,0.38,29.34,M,0.0,M,0.0,0000*55
$GPRMC,230235.00,A,3724.616080,N,12211.863565,W,051.3,291.8,290520,,,A*41
$GPGGA,230236.00,3724.621497,N,12211.880743,W,7,,0.38,29.17,M,0.0,M,0.0,0000*5A
$GPRMC,230236.00,A,3724.621497,N,12211.880743,W,051.3,291.5,290520,,,A*42
$GPGGA,230237.00,3724.626819,N,12211.897442,W,7,,0.38,28.86,M,0.0,M,0.0,0000*5B
$GPRMC,230237.00,A,3724.626819,N,12211.897442,W,051.4,291.9,290520,,,A*41
$GPGGA,230238.00,3724.632033,N,12211.913587,W,7,,0.38,28.77,M,0.0,M,0.0,0000*5A
$GPRMC,230238.00,A,3724.632033,N,12211.913587,W,051.5,292.2,290520,,,A*47
$GPGGA,230239.00,3724.637386,N,12211.930117,W,7,,0.38,28.51,M,0.0,M,0.0,0000*5B
$GPRMC,230239.00,A,3724.637386,N,12211.930117,W,051.6,292.1,290520,,,A*42
$GPGGA,230240.00,3724.642774,N,12211.946906,W,7,,0.38,28.59,M,0.0,M,0.0,0000*5F
$GPRMC,230240.00,A,3724.642774,N,12211.946906,W,051.7,291.7,290520,,,A*4A
$GPGGA,230241.00,3724.648294,N,12211.964203,W,7,,0.38,28.77,M,0.0,M,0.0,0000*5D
$GPRMC,230241.00,A,3724.648294,N,12211.964203,W,051.6,291.8,290520,,,A*4A
$GPGGA,230242.00,3724.653610,N,12211.980787,W,7,,0.38,29.01,M,0.0,M,0.0,0000*5F
$GPRMC,230242.00,A,3724.653610,N,12211.980787,W,051.6,291.9,290520,,,A*49
$GPGGA,230243.00,3724.658806,N,12211.996970,W,7,,0.38,29.25,M,0.0,M,0.0,0000*5B
$GPRMC,230243.00,A,3724.658806,N,12211.996970,W,051.3,292.0,290520,,,A*44
$GPGGA,230244.00,3724.664361,N,12212.014232,W,7,,0.38,29.60,M,0.0,M,0.0,0000*55
$GPRMC,230244.00,A,3724.664361,N,12212.014232,W,051.4,291.9,290520,,,A*46
$GPGGA,230245.00,3724.669630,N,12212.030857,W,7,,0.38,29.95,M,0.0,M,0.0,0000*5D
$GPRMC,230245.00,A,3724.669630,N,12212.030857,W,051.5,291.6,290520,,,A*4A
$GPGGA,230246.00,3724.674892,N,12212.047633,W,7,,0.38,30.69,M,0.0,M,0.0,0000*53
$GPRMC,230246.00,A,3724.674892,N,12212.047633,W,051.4,291.4,290520,,,A*4C
$GPGGA,230247.00,3724.679926,N,12212.063875,W,7,,0.38,31.54,M,0.0,M,0.0,0000*54
$GPRMC,230247.00,A,3724.679926,N,12212.063875,W,051.4,291.4,290520,,,A*44
$GPGGA,230248.00,3724.685170,N,12212.080531,W,7,,0.38,32.36,M,0.0,M,0.0,0000*54
$GPRMC,230248.00,A,3724.685170,N,12212.080531,W,051.2,291.6,290520,,,A*47
$GPGGA,230249.00,3724.690546,N,12212.097493,W,7,,0.38,33.25,M,0.0,M,0.0,0000*5C
$GPRMC,230249.00,A,3724.690546,N,12212.097493,W,051.1,291.8,290520,,,A*41
$GPGGA,230250.00,3724.695879,N,12212.114053,W,7,,0.38,34.22,M,0.0,M,0.0,0000*52
$GPRMC,230250.00,A,3724.695879,N,12212.114053,W,051.0,292.1,290520,,,A*44
$GPGGA,230251.00,3724.701093,N,12212.130020,W,7,,0.38,35.06,M,0.0,M,0.0,0000*56
$GPRMC,230251.00,A,3724.701093,N,12212.130020,W,050.8,292.3,290520,,,A*4C
$GPGGA,230252.00,3724.706565,N,12212.146838,W,7,,0.38,35.99,M,0.0,M,0.0,0000*58
$GPRMC,230252.00,A,3724.706565,N,12212.146838,W,050.7,292.2,290520,,,A*4A
$GPGGA,230253.00,3724.711810,N,12212.163259,W,7,,0.38,36.84,M,0.0,M,0.0,0000*55
$GPRMC,230253.00,A,3724.711810,N,12212.163259,W,050.6,291.7,290520,,,A*4F
$GPGGA,230254.00,3724.716963,N,12212.179693,W,7,,0.38,37.81,M,0.0,M,0.0,0000*5D
$GPRMC,230254.00,A,3724.716963,N,12212.179693,W,050.4,291.4,290520,,,A*42
$GPGGA,230255.00,3724.721997,N,12212.195935,W,7,,0.38,38.64,M,0.0,M,0.0,0000*56
$GPRMC,230255.00,A,3724.721997,N,12212.195935,W,050.2,291.2,290520,,,A*4D
$GPGGA,230256.00,3724.726935,N,12212.211703,W,7,,0.38,39.52,M,0.0,M,0.0,0000*5A
$GPRMC,230256.00,A,3724.726935,N,12212.211703,W,049.9,291.6,290520,,,A*42
$GPGGA,230257.00,3724.732221,N,12212.228372,W,7,,0.38,40.28,M,0.0,M,0.0,0000*5B
$GPRMC,230257.00,A,3724.732221,N,12212.228372,W,049.6,291.9,290520,,,A*40
$GPGGA,230258.00,3724.737340,N,12212.244410,W,7,,0.38,41.22,M,0.0,M,0.0,0000*55
$GPRMC,230258.00,A,3724.737340,N,12212.244410,W,049.2,291.9,290520,,,A*41
$GPGGA,230259.00,3724.742224,N,12212.259829,W,7,,0.38,42.04,M,0.0,M,0.0,0000*58
$GPRMC,230259.00,A,3724.742224,N,12212.259829,W,049.6,291.7,290520,,,A*41
$GPGGA,230300.00,3724.747533,N,12212.276630,W,7,,0.38,42.93,M,0.0,M,0.0,0000*54
$GPRMC,230300.00,A,3724.747533,N,12212.276630,W,050.4,291.7,290520,,,A*49
$GPGGA,230301.00,3724.752772,N,12212.293112,W,7,,0.38,43.72,M,0.0,M,0.0,0000*54
$GPRMC,230301.00,A,3724.752772,N,12212.293112,W,051.1,291.7,290520,,,A*43
$GPGGA,230302.00,3724.758034,N,12212.309720,W,7,,0.38,44.59,M,0.0,M,0.0,0000*53
$GPRMC,230302.00,A,3724.758034,N,12212.309720,W,051.9,291.7,290520,,,A*42
$GPGGA,230303.00,3724.763284,N,12212.326183,W,7,,0.38,45.48,M,0.0,M,0.0,0000*50
$GPRMC,230303.00,A,3724.763284,N,12212.326183,W,052.7,291.9,290520,,,A*43
$GPGGA,230304.00,3724.768786,N,12212.343410,W,7,,0.38,46.47,M,0.0,M,0.0,0000*5B
$GPRMC,230304.00,A,3724.768786,N,12212.343410,W,053.2,292.1,290520,,,A*4B
$GPGGA,230305.00,3724.774539,N,12212.361074,W,7,,0.38,47.32,M,0.0,M,0.0,0000*54
$GPRMC,230305.00,A,3724.774539,N,12212.361074,W,053.4,292.3,290520,,,A*43
$GPGGA,230306.00,3724.780233,N,12212.378198,W,7,,0.38,47.98,M,0.0,M,0.0,0000*5A
$GPRMC,230306.00,A,3724.780233,N,12212.378198,W,052.9,292.7,290520,,,A*45
$GPGGA,230307.00,3724.785892,N,12212.394487,W,7,,0.38,48.70,M,0.0,M,0.0,0000*5F
$GPRMC,230307.00,A,3724.785892,N,12212.394487,W,052.1,294.1,290520,,,A*41
$GPGGA,230308.00,3724.792269,N,12212.411305,W,7,,0.38,49.61,M,0.0,M,0.0,0000*5E
$GPRMC,230308.00,A,3724.792269,N,12212.411305,W,051.2,296.0,290520,,,A*42
$GPGGA,230309.00,3724.798750,N,12212.426984,W,7,,0.38,50.41,M,0.0,M,0.0,0000*57
$GPRMC,230309.00,A,3724.798750,N,12212.426984,W,050.8,298.1,290520,,,A*45
$GPGGA,230310.00,3724.805710,N,12212.442475,W,7,,0.38,51.28,M,0.0,M,0.0,0000*5F
$GPRMC,230310.00,A,3724.805710,N,12212.442475,W,050.6,300.1,290520,,,A*4D
$GPGGA,230311.00,3724.812807,N,12212.457128,W,7,,0.38,52.14,M,0.0,M,0.0,0000*54
$GPRMC,230311.00,A,3724.812807,N,12212.457128,W,050.5,302.1,290520,,,A*4B
$GPGGA,230312.00,3724.820421,N,12212.471738,W,7,,0.38,52.97,M,0.0,M,0.0,0000*56
$GPRMC,230312.00,A,3724.820421,N,12212.471738,W,050.3,303.9,290520,,,A*4D
$GPGGA,230313.00,3724.828732,N,12212.486576,W,7,,0.38,53.87,M,0.0,M,0.0,0000*5E
$GPRMC,230313.00,A,3724.828732,N,12212.486576,W,050.1,305.8,290520,,,A*40
$GPGGA,230314.00,3724.837150,N,12212.500567,W,7,,0.38,54.78,M,0.0,M,0.0,0000*5D
$GPRMC,230314.00,A,3724.837150,N,12212.500567,W,049.9,307.7,290520,,,A*49
$GPGGA,230315.00,3724.845819,N,12212.514002,W,7,,0.38,55.68,M,0.0,M,0.0,0000*5E
$GPRMC,230315.00,A,3724.845819,N,12212.514002,W,049.7,309.7,290520,,,A*4A
$GPGGA,230316.00,3724.854933,N,12212.527118,W,7,,0.38,56.54,M,0.0,M,0.0,0000*52
$GPRMC,230316.00,A,3724.854933,N,12212.527118,W,049.7,311.8,290520,,,A*4C
$GPGGA,230317.00,3724.864402,N,12212.539826,W,7,,0.38,57.40,M,0.0,M,0.0,0000*50
$GPRMC,230317.00,A,3724.864402,N,12212.539826,W,049.9,313.7,290520,,,A*49
$GPGGA,230318.00,3724.873960,N,12212.551813,W,7,,0.38,58.16,M,0.0,M,0.0,0000*54
$GPRMC,230318.00,A,3724.873960,N,12212.551813,W,050.2,315.9,290520,,,A*4A
$GPGGA,230319.00,3724.884195,N,12212.563682,W,7,,0.38,58.96,M,0.0,M,0.0,0000*50
$GPRMC,230319.00,A,3724.884195,N,12212.563682,W,050.5,318.1,290520,,,A*44
$GPGGA,230320.00,3724.894887,N,12212.575286,W,7,,0.38,59.69,M,0.0,M,0.0,0000*57
$GPRMC,230320.00,A,3724.894887,N,12212.575286,W,050.9,319.8,290520,,,A*46
$GPGGA,230321.00,3724.906222,N,12212.587004,W,7,,0.38,60.49,M,0.0,M,0.0,0000*54
$GPRMC,230321.00,A,3724.906222,N,12212.587004,W,051.2,320.8,290520,,,A*4D
$GPGGA,230322.00,3724.917279,N,12212.598206,W,7,,0.38,61.00,M,0.0,M,0.0,0000*5B
$GPRMC,230322.00,A,3724.917279,N,12212.598206,W,051.6,321.2,290520,,,A*41
$GPGGA,230323.00,3724.928242,N,12212.609180,W,7,,0.38,61.39,M,0.0,M,0.0,0000*52
$GPRMC,230323.00,A,3724.928242,N,12212.609180,W,052.1,321.3,290520,,,A*47
$GPGGA,230324.00,3724.939990,N,12212.621023,W,7,,0.38,61.76,M,0.0,M,0.0,0000*58
$GPRMC,230324.00,A,3724.939990,N,12212.621023,W,052.6,321.1,290520,,,A*43
$GPGGA,230325.00,3724.951329,N,12212.632567,W,7,,0.38,62.07,M,0.0,M,0.0,0000*5D
$GPRMC,230325.00,A,3724.951329,N,12212.632567,W,053.1,320.9,290520,,,A*4C
$GPGGA,230326.00,3724.962771,N,12212.644400,W,7,,0.38,62.53,M,0.0,M,0.0,0000*57
$GPRMC,230326.00,A,3724.962771,N,12212.644400,W,053.4,320.4,290520,,,A*4F
$GPGGA,230327.00,3724.973710,N,12212.655865,W,7,,0.38,62.90,M,0.0,M,0.0,0000*51
$GPRMC,230327.00,A,3724.973710,N,12212.655865,W,052.5,320.0,290520,,,A*42
$GPGGA,230328.00,3724.984701,N,12212.667889,W,7,,0.38,63.03,M,0.0,M,0.0,0000*5E
$GPRMC,230328.00,A,3724.984701,N,12212.667889,W,052.0,318.3,290520,,,A*4B
$GPGGA,230329.00,3724.995537,N,12212.680393,W,7,,0.38,64.94,M,0.0,M,0.0,0000*58
$GPRMC,230329.00,A,3724.995537,N,12212.680393,W,051.5,316.8,290520,,,A*47
$GPGGA,230330.00,3725.005912,N,12212.692988,W,7,,0.38,64.07,M,0.0,M,0.0,0000*53
$GPRMC,230330.00,A,3725.005912,N,12212.692988,W,051.8,315.2,290520,,,A*42
$GPGGA,230331.00,3725.015704,N,12212.705629,W,7,,0.38,63.47,M,0.0,M,0.0,0000*52
$GPRMC,230331.00,A,3725.015704,N,12212.705629,W,052.2,313.3,290520,,,A*4E
$GPGGA,230332.00,3725.025664,N,12212.719424,W,7,,0.38,62.95,M,0.0,M,0.0,0000*59
$GPRMC,230332.00,A,3725.025664,N,12212.719424,W,052.1,311.1,290520,,,A*48
$GPGGA,230333.00,3725.034886,N,12212.733349,W,7,,0.38,62.25,M,0.0,M,0.0,0000*55
$GPRMC,230333.00,A,3725.034886,N,12212.733349,W,051.7,308.6,290520,,,A*45
$GPGGA,230334.00,3725.043682,N,12212.747576,W,7,,0.38,61.64,M,0.0,M,0.0,0000*57
$GPRMC,230334.00,A,3725.043682,N,12212.747576,W,051.3,306.9,290520,,,A*44
$GPGGA,230335.00,3725.051859,N,12212.761622,W,7,,0.38,61.03,M,0.0,M,0.0,0000*5A
$GPRMC,230335.00,A,3725.051859,N,12212.761622,W,051.3,305.2,290520,,,A*40
$GPGGA,230336.00,3725.059846,N,12212.776370,W,7,,0.38,60.44,M,0.0,M,0.0,0000*59
$GPRMC,230336.00,A,3725.059846,N,12212.776370,W,051.5,303.1,290520,,,A*42
$GPGGA,230337.00,3725.067729,N,12212.792168,W,7,,0.38,59.86,M,0.0,M,0.0,0000*56
$GPRMC,230337.00,A,3725.067729,N,12212.792168,W,051.8,301.1,290520,,,A*46
$GPGGA,230338.00,3725.074948,N,12212.807912,W,7,,0.38,59.35,M,0.0,M,0.0,0000*5C
$GPRMC,230338.00,A,3725.074948,N,12212.807912,W,051.9,299.0,290520,,,A*44
$GPGGA,230339.00,3725.081445,N,12212.823308,W,7,,0.38,58.91,M,0.0,M,0.0,0000*5F
$GPRMC,230339.00,A,3725.081445,N,12212.823308,W,051.9,297.0,290520,,,A*46
$GPGGA,230340.00,3725.087968,N,12212.840089,W,7,,0.38,58.62,M,0.0,M,0.0,0000*56
$GPRMC,230340.00,A,3725.087968,N,12212.840089,W,051.5,295.2,290520,,,A*4F
$GPGGA,230341.00,3725.093853,N,12212.856470,W,7,,0.38,58.38,M,0.0,M,0.0,0000*51
$GPRMC,230341.00,A,3725.093853,N,12212.856470,W,051.2,293.6,290520,,,A*42
$GPGGA,230342.00,3725.099236,N,12212.872879,W,7,,0.38,58.24,M,0.0,M,0.0,0000*5F
$GPRMC,230342.00,A,3725.099236,N,12212.872879,W,051.1,291.6,290520,,,A*40
$GPGGA,230343.00,3725.104012,N,12212.889086,W,7,,0.38,58.24,M,0.0,M,0.0,0000*53
$GPRMC,230343.00,A,3725.104012,N,12212.889086,W,051.0,289.5,290520,,,A*47
$GPGGA,230344.00,3725.108476,N,12212.906041,W,7,,0.38,58.08,M,0.0,M,0.0,0000*5D
$GPRMC,230344.00,A,3725.108476,N,12212.906041,W,051.1,287.4,290520,,,A*49
$GPGGA,230345.00,3725.112609,N,12212.923766,W,7,,0.38,57.86,M,0.0,M,0.0,0000*51
$GPRMC,230345.00,A,3725.112609,N,12212.923766,W,051.2,285.4,290520,,,A*4D
$GPGGA,230346.00,3725.116155,N,12212.940944,W,7,,0.38,57.71,M,0.0,M,0.0,0000*5B
$GPRMC,230346.00,A,3725.116155,N,12212.940944,W,051.3,283.7,290520,,,A*4B
$GPGGA,230347.00,3725.119215,N,12212.957917,W,7,,0.38,57.34,M,0.0,M,0.0,0000*53
$GPRMC,230347.00,A,3725.119215,N,12212.957917,W,051.5,281.8,290520,,,A*49
$GPGGA,230348.00,3725.122161,N,12212.976188,W,7,,0.38,56.89,M,0.0,M,0.0,0000*5E
$GPRMC,230348.00,A,3725.122161,N,12212.976188,W,051.6,280.9,290520,,,A*40
$GPGGA,230349.00,3725.124916,N,12212.993803,W,7,,0.38,56.47,M,0.0,M,0.0,0000*52
$GPRMC,230349.00,A,3725.124916,N,12212.993803,W,051.8,280.9,290520,,,A*40
$GPGGA,230350.00,3725.127597,N,12213.011671,W,7,,0.38,56.30,M,0.0,M,0.0,0000*55
$GPRMC,230350.00,A,3725.127597,N,12213.011671,W,052.0,280.5,290520,,,A*40
$GPGGA,230351.00,3725.130123,N,12213.029012,W,7,,0.38,56.10,M,0.0,M,0.0,0000*53
$GPRMC,230351.00,A,3725.130123,N,12213.029012,W,052.0,280.2,290520,,,A*43
$GPGGA,230352.00,3725.132673,N,12213.046706,W,7,,0.38,55.96,M,0.0,M,0.0,0000*56
$GPRMC,230352.00,A,3725.132673,N,12213.046706,W,051.7,280.3,290520,,,A*4E
$GPGGA,230353.00,3725.135386,N,12213.064994,W,7,,0.38,55.81,M,0.0,M,0.0,0000*5C
$GPRMC,230353.00,A,3725.135386,N,12213.064994,W,051.4,280.5,290520,,,A*47
$GPGGA,230354.00,3725.138001,N,12213.082628,W,7,,0.38,55.70,M,0.0,M,0.0,0000*54
$GPRMC,230354.00,A,3725.138001,N,12213.082628,W,051.1,280.5,290520,,,A*44
$GPGGA,230355.00,3725.140587,N,12213.099644,W,7,,0.38,55.66,M,0.0,M,0.0,0000*56
$GPRMC,230355.00,A,3725.140587,N,12213.099644,W,051.1,280.8,290520,,,A*4C
$GPGGA,230356.00,3725.143384,N,12213.117644,W,7,,0.39,55.49,M,0.0,M,0.0,0000*58
$GPRMC,230356.00,A,3725.143384,N,12213.117644,W,051.3,281.2,290520,,,A*47
$GPGGA,230357.00,3725.145898,N,12213.135254,W,7,,0.38,55.25,M,0.0,M,0.0,0000*57
$GPRMC,230357.00,A,3725.145898,N,12213.135254,W,051.5,280.5,290520,,,A*43
$GPGGA,230358.00,3725.148549,N,12213.152503,W,7,,0.38,54.96,M,0.0,M,0.0,0000*59
$GPRMC,230358.00,A,3725.148549,N,12213.152503,W,051.8,280.5,290520,,,A*49
$GPGGA,230359.00,3725.151298,N,12213.170108,W,7,,0.38,54.31,M,0.0,M,0.0,0000*59
$GPRMC,230359.00,A,3725.151298,N,12213.170108,W,051.8,281.3,290520,,,A*43
$GPGGA,230400.00,3725.154273,N,12213.187742,W,7,,0.38,54.29,M,0.0,M,0.0,0000*5B
$GPRMC,230400.00,A,3725.154273,N,12213.187742,W,051.4,283.0,290520,,,A*45
$GPGGA,230401.00,3725.157987,N,12213.205784,W,7,,0.38,53.83,M,0.0,M,0.0,0000*5D
$GPRMC,230401.00,A,3725.157987,N,12213.205784,W,051.7,285.3,290520,,,A*42
$GPGGA,230402.00,3725.162049,N,12213.223118,W,7,,0.38,53.64,M,0.0,M,0.0,0000*5D
$GPRMC,230402.00,A,3725.162049,N,12213.223118,W,052.2,287.0,290520,,,A*4C
$GPGGA,230403.00,3725.166453,N,12213.239978,W,7,,0.38,53.36,M,0.0,M,0.0,0000*55
$GPRMC,230403.00,A,3725.166453,N,12213.239978,W,052.5,288.8,290520,,,A*43
$GPGGA,230404.00,3725.171739,N,12213.257690,W,7,,0.38,53.17,M,0.0,M,0.0,0000*59
$GPRMC,230404.00,A,3725.171739,N,12213.257690,W,052.7,291.4,290520,,,A*4A
$GPGGA,230405.00,3725.177403,N,12213.274736,W,7,,0.38,52.95,M,0.0,M,0.0,0000*53
$GPRMC,230405.00,A,3725.177403,N,12213.274736,W,053.0,293.3,290520,,,A*48
$GPGGA,230406.00,3725.183548,N,12213.291524,W,7,,0.38,52.78,M,0.0,M,0.0,0000*5C
$GPRMC,230406.00,A,3725.183548,N,12213.291524,W,053.4,295.4,290520,,,A*41
$GPGGA,230407.00,3725.190099,N,12213.307645,W,7,,0.38,52.47,M,0.0,M,0.0,0000*50
$GPRMC,230407.00,A,3725.190099,N,12213.307645,W,053.5,298.0,290520,,,A*49
$GPGGA,230408.00,3725.197395,N,12213.324056,W,7,,0.38,52.16,M,0.0,M,0.0,0000*56
$GPRMC,230408.00,A,3725.197395,N,12213.324056,W,053.5,300.0,290520,,,A*4B
$GPGGA,230409.00,3725.205184,N,12213.340393,W,7,,0.38,51.92,M,0.0,M,0.0,0000*5A
$GPRMC,230409.00,A,3725.205184,N,12213.340393,W,053.1,301.4,290520,,,A*49
$GPGGA,230410.00,3725.213206,N,12213.355933,W,7,,0.38,51.74,M,0.0,M,0.0,0000*50
$GPRMC,230410.00,A,3725.213206,N,12213.355933,W,052.8,303.6,290520,,,A*43
$GPGGA,230411.00,3725.221372,N,12213.370448,W,7,,0.38,54.42,M,0.0,M,0.0,0000*54
$GPRMC,230411.00,A,3725.221372,N,12213.370448,W,052.3,306.2,290520,,,A*4D
$GPGGA,230412.00,3725.230449,N,12213.385226,W,7,,0.38,53.16,M,0.0,M,0.0,0000*5A
$GPRMC,230412.00,A,3725.230449,N,12213.385226,W,051.9,308.4,290520,,,A*44
$GPGGA,230413.00,3725.239671,N,12213.399170,W,7,,0.38,52.40,M,0.0,M,0.0,0000*54
$GPRMC,230413.00,A,3725.239671,N,12213.399170,W,051.7,310.2,290520,,,A*49
$GPGGA,230414.00,3725.249019,N,12213.412801,W,7,,0.38,51.78,M,0.0,M,0.0,0000*5F
$GPRMC,230414.00,A,3725.249019,N,12213.412801,W,051.4,311.0,290520,,,A*4A
$GPGGA,230415.00,3725.258158,N,12213.425828,W,7,,0.38,51.49,M,0.0,M,0.0,0000*57
$GPRMC,230415.00,A,3725.258158,N,12213.425828,W,051.1,311.2,290520,,,A*47
$GPGGA,230416.00,3725.267403,N,12213.439136,W,7,,0.38,50.96,M,0.0,M,0.0,0000*5B
$GPRMC,230416.00,A,3725.267403,N,12213.439136,W,050.9,310.9,290520,,,A*4B
$GPGGA,230417.00,3725.276896,N,12213.452984,W,7,,0.38,50.59,M,0.0,M,0.0,0000*55
$GPRMC,230417.00,A,3725.276896,N,12213.452984,W,050.4,310.5,290520,,,A*47
$GPGGA,230418.00,3725.286022,N,12213.466261,W,7,,0.38,50.23,M,0.0,M,0.0,0000*58
$GPRMC,230418.00,A,3725.286022,N,12213.466261,W,049.8,310.8,290520,,,A*4E
$GPGGA,230419.00,3725.294793,N,12213.478808,W,7,,0.38,49.92,M,0.0,M,0.0,0000*5F
$GPRMC,230419.00,A,3725.294793,N,12213.478808,W,049.5,311.3,290520,,,A*4C
$GPGGA,230420.00,3725.304190,N,12213.492236,W,7,,0.38,49.59,M,0.0,M,0.0,0000*5C
$GPRMC,230420.00,A,3725.304190,N,12213.492236,W,049.5,311.3,290520,,,A*48
$GPGGA,230421.00,3725.313333,N,12213.505334,W,7,,0.38,49.08,M,0.0,M,0.0,0000*58
$GPRMC,230421.00,A,3725.313333,N,12213.505334,W,049.9,311.0,290520,,,A*47
$GPGGA,230422.00,3725.322352,N,12213.518497,W,7,,0.38,48.61,M,0.0,M,0.0,0000*52
$GPRMC,230422.00,A,3725.322352,N,12213.518497,W,050.3,310.6,290520,,,A*46
$GPGGA,230423.00,3725.331213,N,12213.531475,W,7,,0.38,48.82,M,0.0,M,0.0,0000*5F
$GPRMC,230423.00,A,3725.331213,N,12213.531475,W,050.4,310.6,290520,,,A*41
$GPGGA,230424.00,3725.340460,N,12213.544879,W,7,,0.38,48.21,M,0.0,M,0.0,0000*57
$GPRMC,230424.00,A,3725.340460,N,12213.544879,W,050.7,310.9,290520,,,A*4C
$GPGGA,230425.00,3725.350006,N,12213.558746,W,7,,0.38,47.51,M,0.0,M,0.0,0000*55
$GPRMC,230425.00,A,3725.350006,N,12213.558746,W,050.8,310.8,290520,,,A*48
$GPGGA,230426.00,3725.359191,N,12213.572095,W,7,,0.38,46.81,M,0.0,M,0.0,0000*5D
$GPRMC,230426.00,A,3725.359191,N,12213.572095,W,050.9,310.7,290520,,,A*42
$GPGGA,230427.00,3725.368125,N,12213.585146,W,7,,0.38,46.15,M,0.0,M,0.0,0000*5B
$GPRMC,230427.00,A,3725.368125,N,12213.585146,W,050.9,310.6,290520,,,A*48
$GPGGA,230428.00,3725.377672,N,12213.599060,W,7,,0.38,45.39,M,0.0,M,0.0,0000*5A
$GPRMC,230428.00,A,3725.377672,N,12213.599060,W,050.7,310.6,290520,,,A*4A
$GPGGA,230429.00,3725.386845,N,12213.612349,W,7,,0.38,44.64,M,0.0,M,0.0,0000*5E
$GPRMC,230429.00,A,3725.386845,N,12213.612349,W,050.7,310.9,290520,,,A*48
$GPGGA,230430.00,3725.396152,N,12213.625730,W,7,,0.38,43.71,M,0.0,M,0.0,0000*55
$GPRMC,230430.00,A,3725.396152,N,12213.625730,W,050.6,311.0,290520,,,A*49
$GPGGA,230431.00,3725.405085,N,12213.638719,W,7,,0.38,43.08,M,0.0,M,0.0,0000*5B
$GPRMC,230431.00,A,3725.405085,N,12213.638719,W,050.5,310.7,290520,,,A*4C
$GPGGA,230432.00,3725.414176,N,12213.651907,W,7,,0.38,42.27,M,0.0,M,0.0,0000*57
$GPRMC,230432.00,A,3725.414176,N,12213.651907,W,050.2,310.7,290520,,,A*4B
$GPGGA,230433.00,3725.423662,N,12213.665672,W,7,,0.38,41.53,M,0.0,M,0.0,0000*5A
$GPRMC,230433.00,A,3725.423662,N,12213.665672,W,050.3,310.9,290520,,,A*49
$GPGGA,230434.00,3725.432799,N,12213.679063,W,7,,0.38,40.91,M,0.0,M,0.0,0000*5C
$GPRMC,230434.00,A,3725.432799,N,12213.679063,W,050.5,310.6,290520,,,A*49
$GPGGA,230435.00,3725.441679,N,12213.692072,W,7,,0.38,40.32,M,0.0,M,0.0,0000*5A
$GPRMC,230435.00,A,3725.441679,N,12213.692072,W,050.5,310.6,290520,,,A*46
$GPGGA,230436.00,3725.451117,N,12213.705698,W,7,,0.38,39.58,M,0.0,M,0.0,0000*58
$GPRMC,230436.00,A,3725.451117,N,12213.705698,W,050.6,311.0,290520,,,A*42
$GPGGA,230437.00,3725.460465,N,12213.719030,W,7,,0.38,38.96,M,0.0,M,0.0,0000*51
$GPRMC,230437.00,A,3725.460465,N,12213.719030,W,050.8,311.3,290520,,,A*45
$GPGGA,230438.00,3725.469621,N,12213.732038,W,7,,0.38,38.55,M,0.0,M,0.0,0000*5B
$GPRMC,230438.00,A,3725.469621,N,12213.732038,W,051.3,311.4,290520,,,A*4D
$GPGGA,230439.00,3725.479384,N,12213.745921,W,7,,0.38,38.30,M,0.0,M,0.0,0000*53
$GPRMC,230439.00,A,3725.479384,N,12213.745921,W,051.9,311.4,290520,,,A*4C
$GPGGA,230440.00,3725.488797,N,12213.759014,W,7,,0.38,37.97,M,0.0,M,0.0,0000*55
$GPRMC,230440.00,A,3725.488797,N,12213.759014,W,052.2,312.0,290520,,,A*47
$GPGGA,230441.00,3725.498985,N,12213.773000,W,7,,0.38,37.94,M,0.0,M,0.0,0000*56
$GPRMC,230441.00,A,3725.498985,N,12213.773000,W,052.5,312.8,290520,,,A*48
$GPGGA,230442.00,3725.508951,N,12213.786314,W,7,,0.38,38.04,M,0.0,M,0.0,0000*5E
$GPRMC,230442.00,A,3725.508951,N,12213.786314,W,052.8,313.5,290520,,,A*47
$GPGGA,230443.00,3725.518821,N,12213.799291,W,7,,0.38,38.21,M,0.0,M,0.0,0000*5D
$GPRMC,230443.00,A,3725.518821,N,12213.799291,W,053.0,313.8,290520,,,A*47
$GPGGA,230444.00,3725.529489,N,12213.812942,W,7,,0.38,38.64,M,0.0,M,0.0,0000*5E
$GPRMC,230444.00,A,3725.529489,N,12213.812942,W,052.9,314.8,290520,,,A*4A
$GPGGA,230445.00,3725.540008,N,12213.825998,W,7,,0.38,41.31,M,0.0,M,0.0,0000*50
$GPRMC,230445.00,A,3725.540008,N,12213.825998,W,053.0,315.7,290520,,,A*4C
$GPGGA,230446.00,3725.550508,N,12213.838832,W,7,,0.38,41.09,M,0.0,M,0.0,0000*51
$GPRMC,230446.00,A,3725.550508,N,12213.838832,W,053.1,315.9,290520,,,A*49
$GPGGA,230447.00,3725.560779,N,12213.851353,W,7,,0.38,41.18,M,0.0,M,0.0,0000*54
$GPRMC,230447.00,A,3725.560779,N,12213.851353,W,053.0,315.9,290520,,,A*4D
$GPGGA,230448.00,3725.571388,N,12213.864212,W,7,,0.38,41.63,M,0.0,M,0.0,0000*5F
$GPRMC,230448.00,A,3725.571388,N,12213.864212,W,052.7,315.8,290520,,,A*4D
$GPGGA,230449.00,3725.582043,N,12213.877201,W,7,,0.38,42.39,M,0.0,M,0.0,0000*5A
$GPRMC,230449.00,A,3725.582043,N,12213.877201,W,051.8,315.9,290520,,,A*49
$GPGGA,230450.00,3725.592375,N,12213.889639,W,7,,0.38,43.22,M,0.0,M,0.0,0000*50
$GPRMC,230450.00,A,3725.592375,N,12213.889639,W,050.9,316.3,290520,,,A*41
$GPGGA,230451.00,3725.602191,N,12213.901454,W,7,,0.38,44.06,M,0.0,M,0.0,0000*5A
$GPRMC,230451.00,A,3725.602191,N,12213.901454,W,050.0,316.1,290520,,,A*41
$GPGGA,230452.00,3725.612361,N,12213.913766,W,7,,0.38,45.01,M,0.0,M,0.0,0000*52
$GPRMC,230452.00,A,3725.612361,N,12213.913766,W,049.4,316.0,290520,,,A*42
$GPGGA,230453.00,3725.622189,N,12213.925759,W,7,,0.38,46.04,M,0.0,M,0.0,0000*5B
$GPRMC,230453.00,A,3725.622189,N,12213.925759,W,048.9,315.9,290520,,,A*4B
$GPGGA,230454.00,3725.631904,N,12213.937706,W,7,,0.38,47.17,M,0.0,M,0.0,0000*59
$GPRMC,230454.00,A,3725.631904,N,12213.937706,W,048.6,315.6,290520,,,A*4A
$GPGGA,230455.00,3725.641204,N,12213.949231,W,7,,0.38,48.18,M,0.0,M,0.0,0000*5C
$GPRMC,230455.00,A,3725.641204,N,12213.949231,W,048.2,315.4,290520,,,A*49
$GPGGA,230456.00,3725.650641,N,12213.960974,W,7,,0.38,49.12,M,0.0,M,0.0,0000*50
$GPRMC,230456.00,A,3725.650641,N,12213.960974,W,048.0,315.1,290520,,,A*49
$GPGGA,230457.00,3725.660218,N,12213.973322,W,7,,0.38,50.07,M,0.0,M,0.0,0000*5D
$GPRMC,230457.00,A,3725.660218,N,12213.973322,W,047.7,314.0,290520,,,A*40
$GPGGA,230458.00,3725.669277,N,12213.985502,W,7,,0.38,51.04,M,0.0,M,0.0,0000*5D
$GPRMC,230458.00,A,3725.669277,N,12213.985502,W,047.4,312.7,290520,,,A*40
$GPGGA,230459.00,3725.677785,N,12213.997225,W,7,,0.38,51.98,M,0.0,M,0.0,0000*5F
$GPRMC,230459.00,A,3725.677785,N,12213.997225,W,047.2,312.2,290520,,,A*44
$GPGGA,230500.00,3725.686863,N,12214.009916,W,7,,0.38,52.91,M,0.0,M,0.0,0000*53
$GPRMC,230500.00,A,3725.686863,N,12214.009916,W,047.1,311.8,290520,,,A*48
$GPGGA,230501.00,3725.695564,N,12214.022257,W,7,,0.38,53.82,M,0.0,M,0.0,0000*5E
$GPRMC,230501.00,A,3725.695564,N,12214.022257,W,047.0,311.4,290520,,,A*4B
$GPGGA,230502.00,3725.704119,N,12214.034467,W,7,,0.38,54.60,M,0.0,M,0.0,0000*53
$GPRMC,230502.00,A,3725.704119,N,12214.034467,W,046.9,311.1,290520,,,A*40
$GPGGA,230503.00,3725.712393,N,12214.046528,W,7,,0.38,55.43,M,0.0,M,0.0,0000*5A
$GPRMC,230503.00,A,3725.712393,N,12214.046528,W,047.0,310.7,290520,,,A*46
$GPGGA,230504.00,3725.720895,N,12214.059032,W,7,,0.38,56.23,M,0.0,M,0.0,0000*54
$GPRMC,230504.00,A,3725.720895,N,12214.059032,W,046.9,310.5,290520,,,A*47
$GPGGA,230505.00,3725.729632,N,12214.071907,W,7,,0.38,57.18,M,0.0,M,0.0,0000*53
$GPRMC,230505.00,A,3725.729632,N,12214.071907,W,046.9,310.5,290520,,,A*49
$GPGGA,230506.00,3725.738037,N,12214.084226,W,7,,0.38,58.01,M,0.0,M,0.0,0000*56
$GPRMC,230506.00,A,3725.738037,N,12214.084226,W,046.8,310.8,290520,,,A*47
$GPGGA,230507.00,3725.746306,N,12214.096244,W,7,,0.38,58.66,M,0.0,M,0.0,0000*59
$GPRMC,230507.00,A,3725.746306,N,12214.096244,W,046.8,310.9,290520,,,A*48
$GPGGA,230508.00,3725.755113,N,12214.109047,W,7,,0.38,59.34,M,0.0,M,0.0,0000*52
$GPRMC,230508.00,A,3725.755113,N,12214.109047,W,046.7,310.6,290520,,,A*45
$GPGGA,230509.00,3725.763477,N,12214.121401,W,7,,0.38,60.05,M,0.0,M,0.0,0000*55
$GPRMC,230509.00,A,3725.763477,N,12214.121401,W,046.8,310.3,290520,,,A*40
$GPGGA,230510.00,3725.771967,N,12214.133762,W,7,,0.38,60.60,M,0.0,M,0.0,0000*54
$GPRMC,230510.00,A,3725.771967,N,12214.133762,W,046.7,310.5,290520,,,A*4B
$GPGGA,230511.00,3725.780200,N,12214.145845,W,7,,0.38,61.23,M,0.0,M,0.0,0000*5C
$GPRMC,230511.00,A,3725.780200,N,12214.145845,W,046.8,310.7,290520,,,A*48
$GPGGA,230512.00,3725.788696,N,12214.158157,W,7,,0.38,61.82,M,0.0,M,0.0,0000*51
$GPRMC,230512.00,A,3725.788696,N,12214.158157,W,047.0,311.0,290520,,,A*41
$GPGGA,230513.00,3725.797611,N,12214.170956,W,7,,0.38,62.26,M,0.0,M,0.0,0000*5F
$GPRMC,230513.00,A,3725.797611,N,12214.170956,W,047.1,311.0,290520,,,A*43
$GPGGA,230514.00,3725.806252,N,12214.183591,W,7,,0.38,62.84,M,0.0,M,0.0,0000*5F
$GPRMC,230514.00,A,3725.806252,N,12214.183591,W,047.7,310.6,290520,,,A*4A
$GPGGA,230515.00,3725.814693,N,12214.195946,W,7,,0.38,63.24,M,0.0,M,0.0,0000*5E
$GPRMC,230515.00,A,3725.814693,N,12214.195946,W,048.4,310.6,290520,,,A*4C
$GPGGA,230516.00,3725.823766,N,12214.209211,W,7,,0.38,63.49,M,0.0,M,0.0,0000*56
$GPRMC,230516.00,A,3725.823766,N,12214.209211,W,049.3,310.6,290520,,,A*49
$GPGGA,230517.00,3725.832814,N,12214.222411,W,7,,0.38,63.86,M,0.0,M,0.0,0000*51
$GPRMC,230517.00,A,3725.832814,N,12214.222411,W,050.1,310.8,290520,,,A*49
$GPGGA,230518.00,3725.841717,N,12214.235353,W,7,,0.38,64.15,M,0.0,M,0.0,0000*5C
$GPRMC,230518.00,A,3725.841717,N,12214.235353,W,050.7,310.8,290520,,,A*4F
$GPGGA,230519.00,3725.850957,N,12214.248721,W,7,,0.38,64.38,M,0.0,M,0.0,0000*53
$GPRMC,230519.00,A,3725.850957,N,12214.248721,W,051.2,311.0,290520,,,A*42
$GPGGA,230520.00,3725.860504,N,12214.262084,W,7,,0.38,64.43,M,0.0,M,0.0,0000*5C
$GPRMC,230520.00,A,3725.860504,N,12214.262084,W,051.3,312.3,290520,,,A*40
$GPGGA,230521.00,3725.870464,N,12214.275644,W,7,,0.38,64.61,M,0.0,M,0.0,0000*57
$GPRMC,230521.00,A,3725.870464,N,12214.275644,W,050.9,313.1,290520,,,A*43
$GPGGA,230522.00,3725.880039,N,12214.288363,W,7,,0.38,64.73,M,0.0,M,0.0,0000*56
$GPRMC,230522.00,A,3725.880039,N,12214.288363,W,050.2,313.4,290520,,,A*4F
$GPGGA,230523.00,3725.889363,N,12214.300532,W,7,,0.38,64.71,M,0.0,M,0.0,0000*53
$GPRMC,230523.00,A,3725.889363,N,12214.300532,W,049.5,313.9,290520,,,A*4A
$GPGGA,230524.00,3725.899246,N,12214.313228,W,7,,0.38,64.73,M,0.0,M,0.0,0000*5F
$GPRMC,230524.00,A,3725.899246,N,12214.313228,W,048.8,314.5,290520,,,A*43
$GPGGA,230525.00,3725.908660,N,12214.325113,W,7,,0.38,64.64,M,0.0,M,0.0,0000*5F
$GPRMC,230525.00,A,3725.908660,N,12214.325113,W,048.1,314.9,290520,,,A*40
$GPGGA,230526.00,3725.918121,N,12214.336903,W,7,,0.38,64.44,M,0.0,M,0.0,0000*56
$GPRMC,230526.00,A,3725.918121,N,12214.336903,W,047.6,315.4,290520,,,A*4F
$GPGGA,230527.00,3725.927332,N,12214.348135,W,7,,0.38,64.26,M,0.0,M,0.0,0000*5B
$GPRMC,230527.00,A,3725.927332,N,12214.348135,W,047.4,315.9,290520,,,A*49
$GPGGA,230528.00,3725.936907,N,12214.359643,W,7,,0.38,63.99,M,0.0,M,0.0,0000*5D
$GPRMC,230528.00,A,3725.936907,N,12214.359643,W,047.5,316.4,290520,,,A*43
$GPGGA,230529.00,3725.946730,N,12214.371326,W,7,,0.38,63.78,M,0.0,M,0.0,0000*52
$GPRMC,230529.00,A,3725.946730,N,12214.371326,W,047.6,316.6,290520,,,A*42
$GPGGA,230530.00,3725.956474,N,12214.382798,W,7,,0.38,63.52,M,0.0,M,0.0,0000*5D
$GPRMC,230530.00,A,3725.956474,N,12214.382798,W,048.1,316.6,290520,,,A*4D
$GPGGA,230531.00,3725.966032,N,12214.394095,W,7,,0.38,63.37,M,0.0,M,0.0,0000*57
$GPRMC,230531.00,A,3725.966032,N,12214.394095,W,048.8,316.7,290520,,,A*4C
$GPGGA,230532.00,3725.976231,N,12214.406156,W,7,,0.38,63.09,M,0.0,M,0.0,0000*5B
$GPRMC,230532.00,A,3725.976231,N,12214.406156,W,049.4,316.5,290520,,,A*42
$GPGGA,230533.00,3725.986305,N,12214.418119,W,7,,0.38,62.85,M,0.0,M,0.0,0000*52
$GPRMC,230533.00,A,3725.986305,N,12214.418119,W,050.0,316.5,290520,,,A*42
$GPGGA,230534.00,3725.996500,N,12214.430282,W,7,,0.38,62.57,M,0.0,M,0.0,0000*53
$GPRMC,230534.00,A,3725.996500,N,12214.430282,W,050.6,316.5,290520,,,A*4A
$GPGGA,230535.00,3726.006471,N,12214.442179,W,7,,0.38,62.34,M,0.0,M,0.0,0000*51
$GPRMC,230535.00,A,3726.006471,N,12214.442179,W,051.2,316.3,290520,,,A*4E
$GPGGA,230536.00,3726.016750,N,12214.454480,W,7,,0.38,62.15,M,0.0,M,0.0,0000*54
$GPRMC,230536.00,A,3726.016750,N,12214.454480,W,051.6,316.3,290520,,,A*4C
$GPGGA,230537.00,3726.027567,N,12214.467385,W,7,,0.38,61.71,M,0.0,M,0.0,0000*52
$GPRMC,230537.00,A,3726.027567,N,12214.467385,W,052.0,316.6,290520,,,A*4B
$GPGGA,230538.00,3726.038170,N,12214.479925,W,7,,0.38,61.25,M,0.0,M,0.0,0000*5F
$GPRMC,230538.00,A,3726.038170,N,12214.479925,W,052.3,316.7,290520,,,A*45
$GPGGA,230539.00,3726.048376,N,12214.491980,W,7,,0.38,60.84,M,0.0,M,0.0,0000*5E
$GPRMC,230539.00,A,3726.048376,N,12214.491980,W,052.5,316.7,290520,,,A*48
$GPGGA,230540.00,3726.059379,N,12214.505024,W,7,,0.38,60.19,M,0.0,M,0.0,0000*50
$GPRMC,230540.00,A,3726.059379,N,12214.505024,W,052.7,316.4,290520,,,A*43
$GPGGA,230541.00,3726.070078,N,12214.517690,W,7,,0.38,59.58,M,0.0,M,0.0,0000*5D
$GPRMC,230541.00,A,3726.070078,N,12214.517690,W,052.8,316.5,290520,,,A*4F
$GPGGA,230542.00,3726.080709,N,12214.530344,W,7,,0.38,58.95,M,0.0,M,0.0,0000*59
$GPRMC,230542.00,A,3726.080709,N,12214.530344,W,053.1,316.6,290520,,,A*40
$GPGGA,230543.00,3726.091185,N,12214.542704,W,7,,0.38,58.39,M,0.0,M,0.0,0000*59
$GPRMC,230543.00,A,3726.091185,N,12214.542704,W,053.3,316.6,290520,,,A*44
$GPGGA,230544.00,3726.102010,N,12214.555532,W,7,,0.38,57.93,M,0.0,M,0.0,0000*56
$GPRMC,230544.00,A,3726.102010,N,12214.555532,W,053.4,316.6,290520,,,A*43
$GPGGA,230545.00,3726.113212,N,12214.568804,W,7,,0.38,53.09,M,0.0,M,0.0,0000*56
$GPRMC,230545.00,A,3726.113212,N,12214.568804,W,053.6,316.6,290520,,,A*46
$GPGGA,230546.00,3726.124030,N,12214.581542,W,7,,0.38,54.38,M,0.0,M,0.0,0000*5E
$GPRMC,230546.00,A,3726.124030,N,12214.581542,W,053.7,316.7,290520,,,A*4B
$GPGGA,230547.00,3726.134614,N,12214.594075,W,7,,0.38,55.23,M,0.0,M,0.0,0000*50
$GPRMC,230547.00,A,3726.134614,N,12214.594075,W,054.0,316.7,290520,,,A*4E
$GPGGA,230548.00,3726.145936,N,12214.607438,W,7,,0.38,55.53,M,0.0,M,0.0,0000*55
$GPRMC,230548.00,A,3726.145936,N,12214.607438,W,054.1,316.5,290520,,,A*4F
$GPGGA,230549.00,3726.156790,N,12214.620404,W,7,,0.38,55.75,M,0.0,M,0.0,0000*5A
$GPRMC,230549.00,A,3726.156790,N,12214.620404,W,054.3,316.5,290520,,,A*46
$GPGGA,230550.00,3726.167818,N,12214.633508,W,7,,0.38,56.07,M,0.0,M,0.0,0000*56
$GPRMC,230550.00,A,3726.167818,N,12214.633508,W,054.5,316.6,290520,,,A*49
$GPGGA,230551.00,3726.178515,N,12214.646198,W,7,,0.38,56.55,M,0.0,M,0.0,0000*51
$GPRMC,230551.00,A,3726.178515,N,12214.646198,W,054.5,316.4,290520,,,A*4B
$GPGGA,230552.00,3726.189406,N,12214.659259,W,7,,0.38,57.14,M,0.0,M,0.0,0000*5B
$GPRMC,230552.00,A,3726.189406,N,12214.659259,W,054.3,316.2,290520,,,A*45
$GPGGA,230553.00,3726.200667,N,12214.672826,W,7,,0.38,57.85,M,0.0,M,0.0,0000*5E
$GPRMC,230553.00,A,3726.200667,N,12214.672826,W,054.1,316.2,290520,,,A*4A
$GPGGA,230554.00,3726.211522,N,12214.685852,W,7,,0.38,57.89,M,0.0,M,0.0,0000*5C
$GPRMC,230554.00,A,3726.211522,N,12214.685852,W,053.7,316.2,290520,,,A*45
$GPGGA,230555.00,3726.221992,N,12214.698392,W,7,,0.38,59.06,M,0.0,M,0.0,0000*5B
$GPRMC,230555.00,A,3726.221992,N,12214.698392,W,053.4,316.4,290520,,,A*4E
$GPGGA,230556.00,3726.232989,N,12214.711520,W,7,,0.38,60.29,M,0.0,M,0.0,0000*58
$GPRMC,230556.00,A,3726.232989,N,12214.711520,W,053.0,316.5,290520,,,A*4F
$GPGGA,230557.00,3726.243670,N,12214.724228,W,7,,0.38,61.52,M,0.0,M,0.0,0000*52
$GPRMC,230557.00,A,3726.243670,N,12214.724228,W,052.6,316.6,290520,,,A*4C
$GPGGA,230558.00,3726.253942,N,12214.736438,W,7,,0.38,62.75,M,0.0,M,0.0,0000*50
$GPRMC,230558.00,A,3726.253942,N,12214.736438,W,052.2,316.6,290520,,,A*4C
$GPGGA,230559.00,3726.264340,N,12214.748851,W,7,,0.38,63.85,M,0.0,M,0.0,0000*59
$GPRMC,230559.00,A,3726.264340,N,12214.748851,W,051.8,316.3,290520,,,A*47
$GPGGA,230600.00,3726.274774,N,12214.761398,W,7,,0.38,65.02,M,0.0,M,0.0,0000*58
$GPRMC,230600.00,A,3726.274774,N,12214.761398,W,051.6,316.2,290520,,,A*40
$GPGGA,230601.00,3726.285436,N,12214.774256,W,7,,0.38,66.22,M,0.0,M,0.0,0000*54
$GPRMC,230601.00,A,3726.285436,N,12214.774256,W,051.3,316.2,290520,,,A*48
$GPGGA,230602.00,3726.295648,N,12214.786585,W,7,,0.38,67.43,M,0.0,M,0.0,0000*5F
$GPRMC,230602.00,A,3726.295648,N,12214.786585,W,051.1,316.2,290520,,,A*47
$GPGGA,230603.00,3726.305572,N,12214.798568,W,7,,0.38,68.59,M,0.0,M,0.0,0000*54
$GPRMC,230603.00,A,3726.305572,N,12214.798568,W,050.9,316.3,290520,,,A*40
$GPGGA,230604.00,3726.316108,N,12214.811282,W,7,,0.38,69.74,M,0.0,M,0.0,0000*5B
$GPRMC,230604.00,A,3726.316108,N,12214.811282,W,050.7,316.1,290520,,,A*4D
$GPGGA,230605.00,3726.326176,N,12214.823695,W,7,,0.38,70.88,M,0.0,M,0.0,0000*58
$GPRMC,230605.00,A,3726.326176,N,12214.823695,W,050.5,315.5,290520,,,A*40
$GPGGA,230606.00,3726.336064,N,12214.835989,W,7,,0.38,72.00,M,0.0,M,0.0,0000*5F
$GPRMC,230606.00,A,3726.336064,N,12214.835989,W,050.3,315.1,290520,,,A*47
$GPGGA,230607.00,3726.345658,N,12214.847953,W,7,,0.38,73.08,M,0.0,M,0.0,0000*58
$GPRMC,230607.00,A,3726.345658,N,12214.847953,W,050.0,315.2,290520,,,A*49
$GPGGA,230608.00,3726.355533,N,12214.860254,W,7,,0.38,74.18,M,0.0,M,0.0,0000*57
$GPRMC,230608.00,A,3726.355533,N,12214.860254,W,049.7,315.3,290520,,,A*4E
$GPGGA,230609.00,3726.365542,N,12214.872746,W,7,,0.38,75.26,M,0.0,M,0.0,0000*5A
$GPRMC,230609.00,A,3726.365542,N,12214.872746,W,049.4,315.2,290520,,,A*4D
$GPGGA,230610.00,3726.375244,N,12214.884937,W,7,,0.38,76.35,M,0.0,M,0.0,0000*52
$GPRMC,230610.00,A,3726.375244,N,12214.884937,W,049.1,314.9,290520,,,A*4B
$GPGGA,230611.00,3726.384544,N,12214.896788,W,7,,0.38,77.35,M,0.0,M,0.0,0000*52
$GPRMC,230611.00,A,3726.384544,N,12214.896788,W,049.3,314.5,290520,,,A*44
$GPGGA,230612.00,3726.394377,N,12214.909418,W,7,,0.38,78.32,M,0.0,M,0.0,0000*53
$GPRMC,230612.00,A,3726.394377,N,12214.909418,W,049.7,314.3,290520,,,A*4F
$GPGGA,230613.00,3726.404133,N,12214.922054,W,7,,0.38,79.41,M,0.0,M,0.0,0000*5E
$GPRMC,230613.00,A,3726.404133,N,12214.922054,W,050.5,314.1,290520,,,A*4F
$GPGGA,230614.00,3726.413992,N,12214.934924,W,7,,0.38,80.46,M,0.0,M,0.0,0000*54
$GPRMC,230614.00,A,3726.413992,N,12214.934924,W,051.3,313.9,290520,,,A*4C
$GPGGA,230615.00,3726.423675,N,12214.947602,W,7,,0.38,81.47,M,0.0,M,0.0,0000*5F
$GPRMC,230615.00,A,3726.423675,N,12214.947602,W,052.2,313.7,290520,,,A*4B
$GPGGA,230616.00,3726.433707,N,12214.960790,W,7,,0.38,82.65,M,0.0,M,0.0,0000*55
$GPRMC,230616.00,A,3726.433707,N,12214.960790,W,053.0,313.6,290520,,,A*40
$GPGGA,230617.00,3726.444297,N,12214.974709,W,7,,0.38,83.80,M,0.0,M,0.0,0000*57
$GPRMC,230617.00,A,3726.444297,N,12214.974709,W,053.6,313.7,290520,,,A*4F
$GPGGA,230618.00,3726.454444,N,12214.988011,W,7,,0.38,79.14,M,0.0,M,0.0,0000*54
$GPRMC,230618.00,A,3726.454444,N,12214.988011,W,054.6,313.9,290520,,,A*4D
$GPGGA,230619.00,3726.465009,N,12215.001709,W,7,,0.38,82.26,M,0.0,M,0.0,0000*58
$GPRMC,230619.00,A,3726.465009,N,12215.001709,W,055.3,314.3,290520,,,A*4D
$GPGGA,230620.00,3726.476217,N,12215.016068,W,7,,0.38,84.59,M,0.0,M,0.0,0000*55
$GPRMC,230620.00,A,3726.476217,N,12215.016068,W,055.8,314.4,290520,,,A*42
$GPGGA,230621.00,3726.487083,N,12215.030126,W,7,,0.38,86.53,M,0.0,M,0.0,0000*52
$GPRMC,230621.00,A,3726.487083,N,12215.030126,W,056.0,314.1,290520,,,A*43
$GPGGA,230622.00,3726.497746,N,12215.044123,W,7,,0.38,88.26,M,0.0,M,0.0,0000*54
$GPRMC,230622.00,A,3726.497746,N,12215.044123,W,055.9,313.7,290520,,,A*42
$GPGGA,230623.00,3726.508137,N,12215.057858,W,7,,0.38,89.84,M,0.0,M,0.0,0000*5C
$GPRMC,230623.00,A,3726.508137,N,12215.057858,W,055.8,313.7,290520,,,A*42
$GPGGA,230624.00,3726.518848,N,12215.072024,W,7,,0.38,91.37,M,0.0,M,0.0,0000*5E
$GPRMC,230624.00,A,3726.518848,N,12215.072024,W,055.8,313.6,290520,,,A*40
$GPGGA,230625.00,3726.529678,N,12215.086598,W,7,,0.38,92.74,M,0.0,M,0.0,0000*5D
$GPRMC,230625.00,A,3726.529678,N,12215.086598,W,055.8,312.9,290520,,,A*49
$GPGGA,230626.00,3726.540045,N,12215.101171,W,7,,0.38,94.13,M,0.0,M,0.0,0000*53
$GPRMC,230626.00,A,3726.540045,N,12215.101171,W,055.9,311.2,290520,,,A*49
$GPGGA,230627.00,3726.549634,N,12215.115686,W,7,,0.38,95.34,M,0.0,M,0.0,0000*55
$GPRMC,230627.00,A,3726.549634,N,12215.115686,W,055.8,309.0,290520,,,A*41
$GPGGA,230628.00,3726.559431,N,12215.131663,W,7,,0.38,96.64,M,0.0,M,0.0,0000*57
$GPRMC,230628.00,A,3726.559431,N,12215.131663,W,055.9,306.9,290520,,,A*42
$GPGGA,230629.00,3726.568395,N,12215.147401,W,7,,0.38,97.84,M,0.0,M,0.0,0000*55
$GPRMC,230629.00,A,3726.568395,N,12215.147401,W,055.8,304.9,290520,,,A*4C
$GPGGA,230630.00,3726.577066,N,12215.163638,W,7,,0.38,99.09,M,0.0,M,0.0,0000*59
$GPRMC,230630.00,A,3726.577066,N,12215.163638,W,055.8,303.2,290520,,,A*47
$GPGGA,230631.00,3726.585111,N,12215.179615,W,7,,0.38,100.18,M,0.0,M,0.0,0000*61
$GPRMC,230631.00,A,3726.585111,N,12215.179615,W,055.8,301.8,290520,,,A*46
$GPGGA,230632.00,3726.592953,N,12215.196247,W,7,,0.38,101.37,M,0.0,M,0.0,0000*64
$GPRMC,230632.00,A,3726.592953,N,12215.196247,W,055.7,300.2,290520,,,A*4B
$GPGGA,230633.00,3726.600729,N,12215.213876,W,7,,0.38,102.62,M,0.0,M,0.0,0000*6B
$GPRMC,230633.00,A,3726.600729,N,12215.213876,W,055.7,298.3,290520,,,A*46
$GPGGA,230634.00,3726.607767,N,12215.231191,W,7,,0.38,103.77,M,0.0,M,0.0,0000*64
$GPRMC,230634.00,A,3726.607767,N,12215.231191,W,055.4,296.6,290520,,,A*44
$GPGGA,230635.00,3726.614139,N,12215.247944,W,7,,0.38,104.78,M,0.0,M,0.0,0000*63
$GPRMC,230635.00,A,3726.614139,N,12215.247944,W,055.1,295.1,290520,,,A*4A
$GPGGA,230636.00,3726.620493,N,12215.266094,W,7,,0.38,105.95,M,0.0,M,0.0,0000*67
$GPRMC,230636.00,A,3726.620493,N,12215.266094,W,054.7,293.2,290520,,,A*4E
$GPGGA,230637.00,3726.626164,N,12215.283781,W,7,,0.38,107.05,M,0.0,M,0.0,0000*6E
$GPRMC,230637.00,A,3726.626164,N,12215.283781,W,054.3,291.6,290520,,,A*4E
$GPGGA,230638.00,3726.631270,N,12215.300984,W,7,,0.38,108.11,M,0.0,M,0.0,0000*6A
$GPRMC,230638.00,A,3726.631270,N,12215.300984,W,054.0,289.9,290520,,,A*45
$GPGGA,230639.00,3726.636075,N,12215.318611,W,7,,0.38,109.30,M,0.0,M,0.0,0000*63
$GPRMC,230639.00,A,3726.636075,N,12215.318611,W,053.5,288.3,290520,,,A*47
$GPGGA,230640.00,3726.640402,N,12215.336419,W,7,,0.38,110.44,M,0.0,M,0.0,0000*65
$GPRMC,230640.00,A,3726.640402,N,12215.336419,W,053.0,286.2,290520,,,A*40
$GPGGA,230641.00,3726.644302,N,12215.354840,W,7,,0.38,111.57,M,0.0,M,0.0,0000*60
$GPRMC,230641.00,A,3726.644302,N,12215.354840,W,052.6,284.2,290520,,,A*43
$GPGGA,230642.00,3726.647565,N,12215.372509,W,7,,0.38,112.67,M,0.0,M,0.0,0000*63
$GPRMC,230642.00,A,3726.647565,N,12215.372509,W,052.2,282.6,290520,,,A*46
$GPGGA,230643.00,3726.650451,N,12215.389766,W,7,,0.38,113.51,M,0.0,M,0.0,0000*69
$GPRMC,230643.00,A,3726.650451,N,12215.389766,W,051.9,281.4,290520,,,A*41
$GPGGA,230644.00,3726.653158,N,12215.408185,W,7,,0.38,114.60,M,0.0,M,0.0,0000*61
$GPRMC,230644.00,A,3726.653158,N,12215.408185,W,051.7,280.0,290520,,,A*47
$GPGGA,230645.00,3726.655312,N,12215.425964,W,7,,0.38,115.50,M,0.0,M,0.0,0000*60
$GPRMC,230645.00,A,3726.655312,N,12215.425964,W,051.8,278.1,290520,,,A*4D
$GPGGA,230646.00,3726.657034,N,12215.444012,W,7,,0.38,116.36,M,0.0,M,0.0,0000*6A
$GPRMC,230646.00,A,3726.657034,N,12215.444012,W,052.1,276.2,290520,,,A*43
$GPGGA,230647.00,3726.658306,N,12215.461615,W,7,,0.38,117.16,M,0.0,M,0.0,0000*63
$GPRMC,230647.00,A,3726.658306,N,12215.461615,W,052.2,274.8,290520,,,A*42
$GPGGA,230648.00,3726.659271,N,12215.479939,W,7,,0.38,117.89,M,0.0,M,0.0,0000*62
$GPRMC,230648.00,A,3726.659271,N,12215.479939,W,052.6,273.1,290520,,,A*4F
$GPGGA,230649.00,3726.659770,N,12215.498797,W,7,,0.38,118.56,M,0.0,M,0.0,0000*6F
$GPRMC,230649.00,A,3726.659770,N,12215.498797,W,052.9,271.3,290520,,,A*40
$GPGGA,230650.00,3726.659836,N,12215.517367,W,7,,0.38,119.10,M,0.0,M,0.0,0000*64
$GPRMC,230650.00,A,3726.659836,N,12215.517367,W,053.2,269.4,290520,,,A*4C
$GPGGA,230651.00,3726.659385,N,12215.535409,W,7,,0.38,119.57,M,0.0,M,0.0,0000*6A
$GPRMC,230651.00,A,3726.659385,N,12215.535409,W,053.5,267.5,290520,,,A*49
$GPGGA,230652.00,3726.658431,N,12215.554520,W,7,,0.38,119.92,M,0.0,M,0.0,0000*64
$GPRMC,230652.00,A,3726.658431,N,12215.554520,W,053.6,265.8,290520,,,A*42
$GPGGA,230653.00,3726.657159,N,12215.573197,W,7,,0.38,120.29,M,0.0,M,0.0,0000*66
$GPRMC,230653.00,A,3726.657159,N,12215.573197,W,053.5,264.7,290520,,,A*47
$GPGGA,230654.00,3726.655743,N,12215.591275,W,7,,0.38,120.72,M,0.0,M,0.0,0000*63
$GPRMC,230654.00,A,3726.655743,N,12215.591275,W,053.6,264.3,290520,,,A*4B
$GPGGA,230655.00,3726.654304,N,12215.609761,W,7,,0.38,120.99,M,0.0,M,0.0,0000*63
$GPRMC,230655.00,A,3726.654304,N,12215.609761,W,053.6,264.4,290520,,,A*49
$GPGGA,230656.00,3726.652834,N,12215.628427,W,7,,0.38,121.13,M,0.0,M,0.0,0000*6F
$GPRMC,230656.00,A,3726.652834,N,12215.628427,W,053.7,264.3,290520,,,A*40
$GPGGA,230657.00,3726.651315,N,12215.647724,W,7,,0.38,121.13,M,0.0,M,0.0,0000*6C
$GPRMC,230657.00,A,3726.651315,N,12215.647724,W,053.7,264.3,290520,,,A*43
$GPGGA,230658.00,3726.649893,N,12215.665873,W,7,,0.38,121.30,M,0.0,M,0.0,0000*63
$GPRMC,230658.00,A,3726.649893,N,12215.665873,W,053.9,264.3,290520,,,A*43
$GPGGA,230659.00,3726.648418,N,12215.684497,W,7,,0.38,106.53,M,0.0,M,0.0,0000*65
$GPRMC,230659.00,A,3726.648418,N,12215.684497,W,054.0,264.3,290520,,,A*4B
$GPGGA,230700.00,3726.646894,N,12215.703943,W,7,,0.38,112.19,M,0.0,M,0.0,0000*6F
$GPRMC,230700.00,A,3726.646894,N,12215.703943,W,054.1,264.3,290520,,,A*4B
$GPGGA,230701.00,3726.645388,N,12215.722789,W,7,,0.38,115.40,M,0.0,M,0.0,0000*6B
$GPRMC,230701.00,A,3726.645388,N,12215.722789,W,054.1,264.2,290520,,,A*45
$GPGGA,230702.00,3726.643917,N,12215.741396,W,7,,0.38,117.36,M,0.0,M,0.0,0000*6E
$GPRMC,230702.00,A,3726.643917,N,12215.741396,W,053.8,264.3,290520,,,A*4C
$GPGGA,230703.00,3726.642472,N,12215.759378,W,7,,0.38,118.70,M,0.0,M,0.0,0000*64
$GPRMC,230703.00,A,3726.642472,N,12215.759378,W,053.0,264.1,290520,,,A*41
$GPGGA,230704.00,3726.641050,N,12215.777635,W,7,,0.38,119.66,M,0.0,M,0.0,0000*62
$GPRMC,230704.00,A,3726.641050,N,12215.777635,W,052.0,264.3,290520,,,A*42
$GPGGA,230705.00,3726.639628,N,12215.795953,W,7,,0.38,120.31,M,0.0,M,0.0,0000*6E
$GPRMC,230705.00,A,3726.639628,N,12215.795953,W,051.1,264.5,290520,,,A*42
$GPGGA,230706.00,3726.638301,N,12215.813503,W,7,,0.38,120.76,M,0.0,M,0.0,0000*69
$GPRMC,230706.00,A,3726.638301,N,12215.813503,W,050.1,264.6,290520,,,A*44
$GPGGA,230707.00,3726.637131,N,12215.830154,W,7,,0.38,120.95,M,0.0,M,0.0,0000*6C
$GPRMC,230707.00,A,3726.637131,N,12215.830154,W,049.0,265.0,290520,,,A*42
$GPGGA,230708.00,3726.636081,N,12215.847493,W,7,,0.38,121.26,M,0.0,M,0.0,0000*6F
$GPRMC,230708.00,A,3726.636081,N,12215.847493,W,048.1,266.0,290520,,,A*4B
$GPGGA,230709.00,3726.635368,N,12215.864167,W,7,,0.38,121.47,M,0.0,M,0.0,0000*61
$GPRMC,230709.00,A,3726.635368,N,12215.864167,W,047.4,267.3,290520,,,A*4A
$GPGGA,230710.00,3726.634941,N,12215.880710,W,7,,0.38,121.65,M,0.0,M,0.0,0000*65
$GPRMC,230710.00,A,3726.634941,N,12215.880710,W,047.0,268.7,290520,,,A*41
$GPGGA,230711.00,3726.634863,N,12215.896585,W,7,,0.38,121.76,M,0.0,M,0.0,0000*6E
$GPRMC,230711.00,A,3726.634863,N,12215.896585,W,046.7,270.1,290520,,,A*41
$GPGGA,230712.00,3726.635062,N,12215.912720,W,7,,0.38,121.80,M,0.0,M,0.0,0000*6C
$GPRMC,230712.00,A,3726.635062,N,12215.912720,W,046.5,271.4,290520,,,A*4C
$GPGGA,230713.00,3726.635578,N,12215.929442,W,7,,0.38,121.86,M,0.0,M,0.0,0000*6A
$GPRMC,230713.00,A,3726.635578,N,12215.929442,W,046.2,272.9,290520,,,A*45
$GPGGA,230714.00,3726.636519,N,12215.945533,W,7,,0.38,121.85,M,0.0,M,0.0,0000*67
$GPRMC,230714.00,A,3726.636519,N,12215.945533,W,046.0,274.7,290520,,,A*41
$GPGGA,230715.00,3726.637713,N,12215.960894,W,7,,0.38,121.66,M,0.0,M,0.0,0000*65
$GPRMC,230715.00,A,3726.637713,N,12215.960894,W,046.0,276.1,290520,,,A*4A
$GPGGA,230716.00,3726.639315,N,12215.977466,W,7,,0.38,121.53,M,0.0,M,0.0,0000*6B
$GPRMC,230716.00,A,3726.639315,N,12215.977466,W,046.3,277.4,290520,,,A*45
$GPGGA,230717.00,3726.641122,N,12215.993569,W,7,,0.38,121.20,M,0.0,M,0.0,0000*63
$GPRMC,230717.00,A,3726.641122,N,12215.993569,W,046.7,278.5,290520,,,A*43
$GPGGA,230718.00,3726.643132,N,12216.009673,W,7,,0.38,121.00,M,0.0,M,0.0,0000*6C
$GPRMC,230718.00,A,3726.643132,N,12216.009673,W,047.2,279.3,290520,,,A*4D
$GPGGA,230719.00,3726.645388,N,12216.025483,W,7,,0.38,120.74,M,0.0,M,0.0,0000*69
$GPRMC,230719.00,A,3726.645388,N,12216.025483,W,047.7,280.6,290520,,,A*4C
$GPGGA,230720.00,3726.648022,N,12216.041971,W,7,,0.38,120.46,M,0.0,M,0.0,0000*6E
$GPRMC,230720.00,A,3726.648022,N,12216.041971,W,048.3,282.0,290520,,,A*45
$GPGGA,230721.00,3726.651171,N,12216.059077,W,7,,0.38,120.15,M,0.0,M,0.0,0000*60
$GPRMC,230721.00,A,3726.651171,N,12216.059077,W,048.9,283.8,290520,,,A*4E
$GPGGA,230722.00,3726.654717,N,12216.075553,W,7,,0.38,119.70,M,0.0,M,0.0,0000*64
$GPRMC,230722.00,A,3726.654717,N,12216.075553,W,049.5,285.9,290520,,,A*49
$GPGGA,230723.00,3726.658606,N,12216.091753,W,7,,0.38,119.32,M,0.0,M,0.0,0000*66
$GPRMC,230723.00,A,3726.658606,N,12216.091753,W,050.3,287.4,290520,,,A*4C
$GPGGA,230724.00,3726.663160,N,12216.109141,W,7,,0.38,119.04,M,0.0,M,0.0,0000*6E
$GPRMC,230724.00,A,3726.663160,N,12216.109141,W,051.1,288.8,290520,,,A*41
$GPGGA,230725.00,3726.667929,N,12216.125972,W,7,,0.38,118.76,M,0.0,M,0.0,0000*6C
$GPRMC,230725.00,A,3726.667929,N,12216.125972,W,051.8,290.0,290520,,,A*4F
$GPGGA,230726.00,3726.673137,N,12216.142999,W,7,,0.38,118.39,M,0.0,M,0.0,0000*62
$GPRMC,230726.00,A,3726.673137,N,12216.142999,W,052.4,291.5,290520,,,A*41
$GPGGA,230727.00,3726.678531,N,12216.159511,W,7,,0.38,117.84,M,0.0,M,0.0,0000*65
$GPRMC,230727.00,A,3726.678531,N,12216.159511,W,052.9,293.2,290520,,,A*47
$GPGGA,230728.00,3726.684483,N,12216.176396,W,7,,0.38,117.44,M,0.0,M,0.0,0000*69
$GPRMC,230728.00,A,3726.684483,N,12216.176396,W,053.4,294.4,290520,,,A*4A
$GPGGA,230729.00,3726.691138,N,12216.193921,W,7,,0.38,117.09,M,0.0,M,0.0,0000*6D
$GPRMC,230729.00,A,3726.691138,N,12216.193921,W,054.0,295.8,290520,,,A*49
$GPGGA,230730.00,3726.697989,N,12216.210908,W,7,,0.38,116.77,M,0.0,M,0.0,0000*6A
$GPRMC,230730.00,A,3726.697989,N,12216.210908,W,054.6,297.5,290520,,,A*4F
$GPGGA,230731.00,3726.705051,N,12216.227150,W,7,,0.38,114.44,M,0.0,M,0.0,0000*6E
$GPRMC,230731.00,A,3726.705051,N,12216.227150,W,055.2,299.3,290520,,,A*44
$GPGGA,230732.00,3726.713062,N,12216.244417,W,7,,0.38,115.14,M,0.0,M,0.0,0000*6D
$GPRMC,230732.00,A,3726.713062,N,12216.244417,W,055.6,300.9,290520,,,A*4C
$GPGGA,230733.00,3726.721287,N,12216.261020,W,7,,0.38,115.55,M,0.0,M,0.0,0000*66
$GPRMC,230733.00,A,3726.721287,N,12216.261020,W,056.0,302.6,290520,,,A*4A
$GPGGA,230734.00,3726.729712,N,12216.276877,W,7,,0.38,115.72,M,0.0,M,0.0,0000*69
$GPRMC,230734.00,A,3726.729712,N,12216.276877,W,056.4,304.3,290520,,,A*47
$GPGGA,230735.00,3726.738760,N,12216.292879,W,7,,0.38,115.94,M,0.0,M,0.0,0000*61
$GPRMC,230735.00,A,3726.738760,N,12216.292879,W,056.7,306.0,290520,,,A*45
$GPGGA,230736.00,3726.748281,N,12216.308779,W,7,,0.38,116.11,M,0.0,M,0.0,0000*6C
$GPRMC,230736.00,A,3726.748281,N,12216.308779,W,057.0,307.5,290520,,,A*44
$GPGGA,230737.00,3726.758488,N,12216.325003,W,7,,0.38,116.40,M,0.0,M,0.0,0000*62
$GPRMC,230737.00,A,3726.758488,N,12216.325003,W,057.3,309.0,290520,,,A*46
$GPGGA,230738.00,3726.768664,N,12216.340291,W,7,,0.38,116.64,M,0.0,M,0.0,0000*62
$GPRMC,230738.00,A,3726.768664,N,12216.340291,W,057.5,310.4,290520,,,A*4A
$GPGGA,230739.00,3726.778876,N,12216.355021,W,7,,0.38,117.06,M,0.0,M,0.0,0000*67
$GPRMC,230739.00,A,3726.778876,N,12216.355021,W,057.7,311.4,290520,,,A*49
$GPGGA,230740.00,3726.789856,N,12216.370663,W,7,,0.38,117.52,M,0.0,M,0.0,0000*63
$GPRMC,230740.00,A,3726.789856,N,12216.370663,W,057.8,311.4,290520,,,A*43
$GPGGA,230741.00,3726.800338,N,12216.385717,W,7,,0.38,117.91,M,0.0,M,0.0,0000*68
$GPRMC,230741.00,A,3726.800338,N,12216.385717,W,057.7,311.0,290520,,,A*4C
$GPGGA,230742.00,3726.810897,N,12216.400904,W,7,,0.38,118.46,M,0.0,M,0.0,0000*67
$GPRMC,230742.00,A,3726.810897,N,12216.400904,W,057.6,311.2,290520,,,A*45
$GPGGA,230743.00,3726.821158,N,12216.415561,W,7,,0.38,119.10,M,0.0,M,0.0,0000*67
$GPRMC,230743.00,A,3726.821158,N,12216.415561,W,057.5,311.3,290520,,,A*45
$GPGGA,230744.00,3726.831700,N,12216.430694,W,7,,0.38,119.77,M,0.0,M,0.0,0000*65
$GPRMC,230744.00,A,3726.831700,N,12216.430694,W,057.4,311.2,290520,,,A*46
$GPGGA,230745.00,3726.842445,N,12216.446084,W,7,,0.38,119.34,M,0.0,M,0.0,0000*63
$GPRMC,230745.00,A,3726.842445,N,12216.446084,W,057.2,311.1,290520,,,A*42
$GPGGA,230746.00,3726.852940,N,12216.461126,W,7,,0.38,120.50,M,0.0,M,0.0,0000*6D
$GPRMC,230746.00,A,3726.852940,N,12216.461126,W,057.1,311.2,290520,,,A*44
$GPGGA,230747.00,3726.863061,N,12216.475646,W,7,,0.38,121.53,M,0.0,M,0.0,0000*62
$GPRMC,230747.00,A,3726.863061,N,12216.475646,W,056.7,311.3,290520,,,A*4F
$GPGGA,230748.00,3726.873741,N,12216.490861,W,7,,0.38,122.59,M,0.0,M,0.0,0000*60
$GPRMC,230748.00,A,3726.873741,N,12216.490861,W,056.5,311.3,290520,,,A*46
$GPGGA,230749.00,3726.884092,N,12216.505736,W,7,,0.38,123.44,M,0.0,M,0.0,0000*6D
$GPRMC,230749.00,A,3726.884092,N,12216.505736,W,056.4,311.4,290520,,,A*40
$GPGGA,230750.00,3726.894160,N,12216.520045,W,7,,0.38,124.31,M,0.0,M,0.0,0000*69
$GPRMC,230750.00,A,3726.894160,N,12216.520045,W,056.3,311.4,290520,,,A*46
$GPGGA,230751.00,3726.904431,N,12216.534691,W,7,,0.38,125.19,M,0.0,M,0.0,0000*60
$GPRMC,230751.00,A,3726.904431,N,12216.534691,W,056.2,311.5,290520,,,A*44
$GPGGA,230752.00,3726.914812,N,12216.549392,W,7,,0.38,126.07,M,0.0,M,0.0,0000*6F
$GPRMC,230752.00,A,3726.914812,N,12216.549392,W,056.0,311.5,290520,,,A*45
$GPGGA,230753.00,3726.925432,N,12216.564595,W,7,,0.38,127.00,M,0.0,M,0.0,0000*6A
$GPRMC,230753.00,A,3726.925432,N,12216.564595,W,055.8,311.2,290520,,,A*4A
$GPGGA,230754.00,3726.935320,N,12216.578810,W,7,,0.38,127.89,M,0.0,M,0.0,0000*64
$GPRMC,230754.00,A,3726.935320,N,12216.578810,W,055.6,311.1,290520,,,A*48
$GPGGA,230755.00,3726.945363,N,12216.593365,W,7,,0.38,128.69,M,0.0,M,0.0,0000*68
$GPRMC,230755.00,A,3726.945363,N,12216.593365,W,055.4,310.8,290520,,,A*4F
$GPGGA,230756.00,3726.955689,N,12216.608534,W,7,,0.38,129.63,M,0.0,M,0.0,0000*63
$GPRMC,230756.00,A,3726.955689,N,12216.608534,W,055.3,310.4,290520,,,A*44
$GPGGA,230757.00,3726.965626,N,12216.623288,W,7,,0.38,130.27,M,0.0,M,0.0,0000*65
$GPRMC,230757.00,A,3726.965626,N,12216.623288,W,055.1,310.1,290520,,,A*4D
$GPGGA,230758.00,3726.975406,N,12216.637964,W,7,,0.38,130.88,M,0.0,M,0.0,0000*62
$GPRMC,230758.00,A,3726.975406,N,12216.637964,W,055.0,309.9,290520,,,A*4E
$GPGGA,230759.00,3726.984879,N,12216.652303,W,7,,0.38,113.12,M,0.0,M,0.0,0000*63
$GPRMC,230759.00,A,3726.984879,N,12216.652303,W,054.9,309.6,290520,,,A*4A
$GPGGA,230800.00,3726.994630,N,12216.667195,W,7,,0.38,120.35,M,0.0,M,0.0,0000*6C
$GPRMC,230800.00,A,3726.994630,N,12216.667195,W,055.0,309.3,290520,,,A*4D
$GPGGA,230801.00,3727.004577,N,12216.682495,W,7,,0.38,124.58,M,0.0,M,0.0,0000*6D
$GPRMC,230801.00,A,3727.004577,N,12216.682495,W,055.1,309.2,290520,,,A*43
$GPGGA,230802.00,3727.014334,N,12216.697484,W,7,,0.38,127.11,M,0.0,M,0.0,0000*64
$GPRMC,230802.00,A,3727.014334,N,12216.697484,W,055.3,309.5,290520,,,A*41
$GPGGA,230803.00,3727.023903,N,12216.711932,W,7,,0.38,129.04,M,0.0,M,0.0,0000*6A
$GPRMC,230803.00,A,3727.023903,N,12216.711932,W,055.3,309.7,290520,,,A*47
$GPGGA,230804.00,3727.034121,N,12216.727363,W,7,,0.38,130.29,M,0.0,M,0.0,0000*6F
$GPRMC,230804.00,A,3727.034121,N,12216.727363,W,055.6,309.8,290520,,,A*4F
$GPGGA,230805.00,3727.044015,N,12216.742148,W,7,,0.38,131.13,M,0.0,M,0.0,0000*6F
$GPRMC,230805.00,A,3727.044015,N,12216.742148,W,055.8,310.0,290520,,,A*49
$GPGGA,230806.00,3727.054077,N,12216.757075,W,7,,0.38,131.86,M,0.0,M,0.0,0000*6E
$GPRMC,230806.00,A,3727.054077,N,12216.757075,W,055.8,310.3,290520,,,A*47
$GPGGA,230807.00,3727.063726,N,12216.771553,W,7,,0.38,129.46,M,0.0,M,0.0,0000*68
$GPRMC,230807.00,A,3727.063726,N,12216.771553,W,055.7,309.6,290520,,,A*46
$GPGGA,230808.00,3727.073506,N,12216.786440,W,7,,0.38,131.16,M,0.0,M,0.0,0000*61
$GPRMC,230808.00,A,3727.073506,N,12216.786440,W,055.7,309.3,290520,,,A*46
$GPGGA,230809.00,3727.083682,N,12216.801943,W,7,,0.38,132.05,M,0.0,M,0.0,0000*6F
$GPRMC,230809.00,A,3727.083682,N,12216.801943,W,055.5,309.4,290520,,,A*4C
$GPGGA,230810.00,3727.093168,N,12216.816488,W,7,,0.38,132.59,M,0.0,M,0.0,0000*60
$GPRMC,230810.00,A,3727.093168,N,12216.816488,W,055.3,309.4,290520,,,A*4C
$GPGGA,230811.00,3727.102864,N,12216.831224,W,7,,0.38,132.79,M,0.0,M,0.0,0000*6A
$GPRMC,230811.00,A,3727.102864,N,12216.831224,W,055.1,309.4,290520,,,A*46
$GPGGA,230812.00,3727.112841,N,12216.846505,W,7,,0.38,132.93,M,0.0,M,0.0,0000*6F
$GPRMC,230812.00,A,3727.112841,N,12216.846505,W,054.5,309.2,290520,,,A*44
$GPGGA,230813.00,3727.122394,N,12216.861097,W,7,,0.38,132.78,M,0.0,M,0.0,0000*60
$GPRMC,230813.00,A,3727.122394,N,12216.861097,W,053.8,309.3,290520,,,A*45
$GPGGA,230814.00,3727.131783,N,12216.875402,W,7,,0.38,132.60,M,0.0,M,0.0,0000*63
$GPRMC,230814.00,A,3727.131783,N,12216.875402,W,053.1,309.6,290520,,,A*43
$GPGGA,230815.00,3727.140861,N,12216.889172,W,7,,0.38,132.37,M,0.0,M,0.0,0000*64
$GPRMC,230815.00,A,3727.140861,N,12216.889172,W,052.5,309.6,290520,,,A*43
$GPGGA,230816.00,3727.150173,N,12216.903295,W,7,,0.38,132.04,M,0.0,M,0.0,0000*65
$GPRMC,230816.00,A,3727.150173,N,12216.903295,W,052.2,309.5,290520,,,A*46
$GPGGA,230817.00,3727.159725,N,12216.917810,W,7,,0.38,131.76,M,0.0,M,0.0,0000*6C
$GPRMC,230817.00,A,3727.159725,N,12216.917810,W,052.1,309.5,290520,,,A*4A
$GPGGA,230818.00,3727.168887,N,12216.931717,W,7,,0.38,131.37,M,0.0,M,0.0,0000*6F
$GPRMC,230818.00,A,3727.168887,N,12216.931717,W,052.1,309.5,290520,,,A*4C
$GPGGA,230819.00,3727.177893,N,12216.945326,W,7,,0.38,130.84,M,0.0,M,0.0,0000*69
$GPRMC,230819.00,A,3727.177893,N,12216.945326,W,052.3,309.5,290520,,,A*41
$GPGGA,230820.00,3727.187554,N,12216.959941,W,7,,0.38,130.29,M,0.0,M,0.0,0000*6B
$GPRMC,230820.00,A,3727.187554,N,12216.959941,W,052.7,309.5,290520,,,A*40
$GPGGA,230821.00,3727.196926,N,12216.974389,W,7,,0.38,130.40,M,0.0,M,0.0,0000*6D
$GPRMC,230821.00,A,3727.196926,N,12216.974389,W,053.6,309.4,290520,,,A*48
$GPGGA,230822.00,3727.206393,N,12216.988862,W,7,,0.38,129.81,M,0.0,M,0.0,0000*68
$GPRMC,230822.00,A,3727.206393,N,12216.988862,W,053.8,309.4,290520,,,A*46
$GPGGA,230823.00,3727.215664,N,12217.002992,W,7,,0.38,129.17,M,0.0,M,0.0,0000*6D
$GPRMC,230823.00,A,3727.215664,N,12217.002992,W,054.2,309.3,290520,,,A*46
$GPGGA,230824.00,3727.225215,N,12217.017559,W,7,,0.38,128.56,M,0.0,M,0.0,0000*60
$GPRMC,230824.00,A,3727.225215,N,12217.017559,W,054.7,309.3,290520,,,A*4A
$GPGGA,230825.00,3727.235224,N,12217.032913,W,7,,0.38,127.89,M,0.0,M,0.0,0000*6A
$GPRMC,230825.00,A,3727.235224,N,12217.032913,W,055.1,309.4,290520,,,A*4D
$GPGGA,230826.00,3727.245063,N,12217.047865,W,7,,0.38,127.24,M,0.0,M,0.0,0000*6A
$GPRMC,230826.00,A,3727.245063,N,12217.047865,W,055.7,309.5,290520,,,A*4D
$GPGGA,230827.00,3727.254700,N,12217.062469,W,7,,0.38,126.51,M,0.0,M,0.0,0000*6D
$GPRMC,230827.00,A,3727.254700,N,12217.062469,W,056.2,309.6,290520,,,A*4C
$GPGGA,230828.00,3727.264996,N,12217.078051,W,7,,0.38,125.81,M,0.0,M,0.0,0000*6A
$GPRMC,230828.00,A,3727.264996,N,12217.078051,W,056.7,309.6,290520,,,A*40
$GPGGA,230829.00,3727.275153,N,12217.093375,W,7,,0.38,125.21,M,0.0,M,0.0,0000*60
$GPRMC,230829.00,A,3727.275153,N,12217.093375,W,057.1,309.7,290520,,,A*46
$GPGGA,230830.00,3727.285083,N,12217.108243,W,7,,0.38,124.52,M,0.0,M,0.0,0000*69
$GPRMC,230830.00,A,3727.285083,N,12217.108243,W,057.4,309.8,290520,,,A*40
$GPGGA,230831.00,3727.295289,N,12217.123579,W,7,,0.38,123.85,M,0.0,M,0.0,0000*6B
$GPRMC,230831.00,A,3727.295289,N,12217.123579,W,057.8,309.6,290520,,,A*4D
$GPGGA,230832.00,3727.305585,N,12217.139246,W,7,,0.38,123.25,M,0.0,M,0.0,0000*61
$GPRMC,230832.00,A,3727.305585,N,12217.139246,W,058.2,309.4,290520,,,A*4A
$GPGGA,230833.00,3727.316241,N,12217.155511,W,7,,0.38,122.51,M,0.0,M,0.0,0000*60
$GPRMC,230833.00,A,3727.316241,N,12217.155511,W,058.5,309.4,290520,,,A*4E
$GPGGA,230834.00,3727.326538,N,12217.171214,W,7,,0.38,121.85,M,0.0,M,0.0,0000*63
$GPRMC,230834.00,A,3727.326538,N,12217.171214,W,058.8,309.5,290520,,,A*4B
$GPGGA,230835.00,3727.336731,N,12217.186640,W,7,,0.38,121.10,M,0.0,M,0.0,0000*69
$GPRMC,230835.00,A,3727.336731,N,12217.186640,W,059.1,309.6,290520,,,A*46
$GPGGA,230836.00,3727.347639,N,12217.203116,W,7,,0.38,120.20,M,0.0,M,0.0,0000*6D
$GPRMC,230836.00,A,3727.347639,N,12217.203116,W,059.5,309.7,290520,,,A*45
$GPGGA,230837.00,3727.358380,N,12217.219070,W,7,,0.38,119.45,M,0.0,M,0.0,0000*66
$GPRMC,230837.00,A,3727.358380,N,12217.219070,W,059.7,310.4,290520,,,A*4E
$GPGGA,230838.00,3727.369264,N,12217.234531,W,7,,0.38,118.79,M,0.0,M,0.0,0000*61
$GPRMC,230838.00,A,3727.369264,N,12217.234531,W,059.4,312.1,290520,,,A*43
$GPGGA,230839.00,3727.380255,N,12217.249160,W,7,,0.38,118.36,M,0.0,M,0.0,0000*64
$GPRMC,230839.00,A,3727.380255,N,12217.249160,W,059.0,314.1,290520,,,A*4F
$GPGGA,230840.00,3727.391806,N,12217.263692,W,7,,0.38,118.08,M,0.0,M,0.0,0000*69
$GPRMC,230840.00,A,3727.391806,N,12217.263692,W,058.3,315.5,290520,,,A*48
$GPGGA,230841.00,3727.403781,N,12217.277947,W,7,,0.38,117.86,M,0.0,M,0.0,0000*6F
$GPRMC,230841.00,A,3727.403781,N,12217.277947,W,057.5,317.1,290520,,,A*48
$GPGGA,230842.00,3727.415715,N,12217.291087,W,7,,0.38,117.80,M,0.0,M,0.0,0000*6D
$GPRMC,230842.00,A,3727.415715,N,12217.291087,W,056.5,319.6,290520,,,A*44
$GPGGA,230843.00,3727.427512,N,12217.303165,W,7,,0.38,117.93,M,0.0,M,0.0,0000*6D
$GPRMC,230843.00,A,3727.427512,N,12217.303165,W,056.0,321.6,290520,,,A*48
$GPGGA,230844.00,3727.440172,N,12217.315357,W,7,,0.38,118.17,M,0.0,M,0.0,0000*6E
$GPRMC,230844.00,A,3727.440172,N,12217.315357,W,055.9,323.2,290520,,,A*44
$GPGGA,230845.00,3727.452789,N,12217.326775,W,7,,0.38,118.43,M,0.0,M,0.0,0000*6B
$GPRMC,230845.00,A,3727.452789,N,12217.326775,W,055.8,324.8,290520,,,A*4C
$GPGGA,230846.00,3727.465257,N,12217.337324,W,7,,0.38,118.79,M,0.0,M,0.0,0000*63
$GPRMC,230846.00,A,3727.465257,N,12217.337324,W,055.6,326.8,290520,,,A*41
$GPGGA,230847.00,3727.478253,N,12217.347517,W,7,,0.38,119.18,M,0.0,M,0.0,0000*6D
$GPRMC,230847.00,A,3727.478253,N,12217.347517,W,055.5,328.8,290520,,,A*44
$GPGGA,230848.00,3727.491646,N,12217.357255,W,7,,0.38,119.75,M,0.0,M,0.0,0000*6E
$GPRMC,230848.00,A,3727.491646,N,12217.357255,W,055.4,330.9,290520,,,A*45
$GPGGA,230849.00,3727.505757,N,12217.366550,W,7,,0.38,120.31,M,0.0,M,0.0,0000*68
$GPRMC,230849.00,A,3727.505757,N,12217.366550,W,055.4,333.0,290520,,,A*43
$GPGGA,230850.00,3727.519245,N,12217.374703,W,7,,0.38,120.95,M,0.0,M,0.0,0000*62
$GPRMC,230850.00,A,3727.519245,N,12217.374703,W,055.3,335.0,290520,,,A*46
$GPGGA,230851.00,3727.533183,N,12217.382498,W,7,,0.38,121.45,M,0.0,M,0.0,0000*66
$GPRMC,230851.00,A,3727.533183,N,12217.382498,W,055.3,336.7,290520,,,A*4A
$GPGGA,230852.00,3727.547919,N,12217.390094,W,7,,0.38,122.11,M,0.0,M,0.0,0000*64
$GPRMC,230852.00,A,3727.547919,N,12217.390094,W,055.2,338.2,290520,,,A*40
$GPGGA,230853.00,3727.562271,N,12217.397012,W,7,,0.38,122.58,M,0.0,M,0.0,0000*63
$GPRMC,230853.00,A,3727.562271,N,12217.397012,W,055.1,339.6,290520,,,A*4C
$GPGGA,230854.00,3727.576593,N,12217.403323,W,7,,0.38,123.06,M,0.0,M,0.0,0000*6B
$GPRMC,230854.00,A,3727.576593,N,12217.403323,W,055.0,341.2,290520,,,A*44
$GPGGA,230855.00,3727.590645,N,12217.409126,W,7,,0.38,123.58,M,0.0,M,0.0,0000*6C
$GPRMC,230855.00,A,3727.590645,N,12217.409126,W,054.8,342.5,290520,,,A*45
$GPGGA,230856.00,3727.605273,N,12217.414508,W,7,,0.38,124.06,M,0.0,M,0.0,0000*69
$GPRMC,230856.00,A,3727.605273,N,12217.414508,W,054.6,344.4,290520,,,A*45
$GPGGA,230857.00,3727.620387,N,12217.419283,W,7,,0.38,124.66,M,0.0,M,0.0,0000*6A
$GPRMC,230857.00,A,3727.620387,N,12217.419283,W,054.5,346.7,290520,,,A*42
$GPGGA,230858.00,3727.635189,N,12217.423310,W,7,,0.38,125.27,M,0.0,M,0.0,0000*6B
$GPRMC,230858.00,A,3727.635189,N,12217.423310,W,054.3,348.8,290520,,,A*40
$GPGGA,230859.00,3727.649626,N,12217.426532,W,7,,0.38,125.84,M,0.0,M,0.0,0000*69
$GPRMC,230859.00,A,3727.649626,N,12217.426532,W,054.3,350.7,290520,,,A*4D
$GPGGA,230900.00,3727.665075,N,12217.429400,W,7,,0.38,126.42,M,0.0,M,0.0,0000*6C
$GPRMC,230900.00,A,3727.665075,N,12217.429400,W,054.2,352.3,290520,,,A*46
$GPGGA,230901.00,3727.679925,N,12217.431637,W,7,,0.38,127.00,M,0.0,M,0.0,0000*64
$GPRMC,230901.00,A,3727.679925,N,12217.431637,W,054.1,354.0,290520,,,A*4F
$GPGGA,230902.00,3727.694974,N,12217.433275,W,7,,0.38,127.47,M,0.0,M,0.0,0000*63
$GPRMC,230902.00,A,3727.694974,N,12217.433275,W,054.1,355.8,290520,,,A*42
$GPGGA,230903.00,3727.709524,N,12217.434319,W,7,,0.38,128.01,M,0.0,M,0.0,0000*6F
$GPRMC,230903.00,A,3727.709524,N,12217.434319,W,054.0,357.5,290520,,,A*4D
$GPGGA,230904.00,3727.724415,N,12217.435099,W,7,,0.38,128.81,M,0.0,M,0.0,0000*66
$GPRMC,230904.00,A,3727.724415,N,12217.435099,W,053.9,358.2,290520,,,A*4A
$GPGGA,230905.00,3727.739937,N,12217.435646,W,7,,0.38,129.50,M,0.0,M,0.0,0000*6F
$GPRMC,230905.00,A,3727.739937,N,12217.435646,W,053.9,358.4,290520,,,A*48
$GPGGA,230906.00,3727.754464,N,12217.436108,W,7,,0.38,130.03,M,0.0,M,0.0,0000*6C
$GPRMC,230906.00,A,3727.754464,N,12217.436108,W,053.9,358.5,290520,,,A*44
$GPGGA,230907.00,3727.769295,N,12217.436552,W,7,,0.38,130.50,M,0.0,M,0.0,0000*66
$GPRMC,230907.00,A,3727.769295,N,12217.436552,W,053.8,358.6,290520,,,A*4A
$GPGGA,230908.00,3727.784733,N,12217.437002,W,7,,0.38,131.05,M,0.0,M,0.0,0000*63
$GPRMC,230908.00,A,3727.784733,N,12217.437002,W,053.7,358.6,290520,,,A*41
$GPGGA,230909.00,3727.799662,N,12217.437476,W,7,,0.38,131.59,M,0.0,M,0.0,0000*65
$GPRMC,230909.00,A,3727.799662,N,12217.437476,W,053.5,358.6,290520,,,A*4C
$GPGGA,230910.00,3727.814415,N,12217.437974,W,7,,0.38,132.24,M,0.0,M,0.0,0000*63
$GPRMC,230910.00,A,3727.814415,N,12217.437974,W,053.4,358.4,290520,,,A*40
$GPGGA,230911.00,3727.828774,N,12217.438622,W,7,,0.38,132.94,M,0.0,M,0.0,0000*61
$GPRMC,230911.00,A,3727.828774,N,12217.438622,W,053.2,357.8,290520,,,A*4C
$GPGGA,230912.00,3727.843630,N,12217.439528,W,7,,0.38,133.54,M,0.0,M,0.0,0000*6B
$GPRMC,230912.00,A,3727.843630,N,12217.439528,W,053.3,357.0,290520,,,A*42
$GPGGA,230913.00,3727.858948,N,12217.440716,W,7,,0.38,133.98,M,0.0,M,0.0,0000*61
$GPRMC,230913.00,A,3727.858948,N,12217.440716,W,053.3,356.2,290520,,,A*4B
$GPGGA,230914.00,3727.873654,N,12217.442107,W,7,,0.38,134.42,M,0.0,M,0.0,0000*69
$GPRMC,230914.00,A,3727.873654,N,12217.442107,W,053.4,355.4,290520,,,A*41
$GPGGA,230915.00,3727.888030,N,12217.443950,W,7,,0.38,134.82,M,0.0,M,0.0,0000*6F
$GPRMC,230915.00,A,3727.888030,N,12217.443950,W,053.5,353.7,290520,,,A*4F
$GPGGA,230916.00,3727.903318,N,12217.446410,W,7,,0.38,135.14,M,0.0,M,0.0,0000*65
$GPRMC,230916.00,A,3727.903318,N,12217.446410,W,053.5,352.2,290520,,,A*4F
$GPGGA,230917.00,3727.917927,N,12217.449229,W,7,,0.38,135.44,M,0.0,M,0.0,0000*61
$GPRMC,230917.00,A,3727.917927,N,12217.449229,W,053.5,350.8,290520,,,A*46
$GPGGA,230918.00,3727.932610,N,12217.452440,W,7,,0.38,135.61,M,0.0,M,0.0,0000*66
$GPRMC,230918.00,A,3727.932610,N,12217.452440,W,053.4,349.6,290520,,,A*41
$GPGGA,230919.00,3727.946781,N,12217.455895,W,7,,0.38,135.80,M,0.0,M,0.0,0000*61
$GPRMC,230919.00,A,3727.946781,N,12217.455895,W,053.4,348.6,290520,,,A*48
$GPGGA,230920.00,3727.961212,N,12217.459760,W,7,,0.38,136.11,M,0.0,M,0.0,0000*63
$GPRMC,230920.00,A,3727.961212,N,12217.459760,W,053.5,347.5,290520,,,A*4C
$GPGGA,230921.00,3727.976194,N,12217.464235,W,7,,0.38,136.44,M,0.0,M,0.0,0000*62
$GPRMC,230921.00,A,3727.976194,N,12217.464235,W,053.6,346.3,290520,,,A*49
$GPGGA,230922.00,3727.990695,N,12217.468982,W,7,,0.38,136.71,M,0.0,M,0.0,0000*62
$GPRMC,230922.00,A,3727.990695,N,12217.468982,W,053.8,344.8,290520,,,A*48
$GPGGA,230923.00,3728.004645,N,12217.474117,W,7,,0.38,136.81,M,0.0,M,0.0,0000*63
$GPRMC,230923.00,A,3728.004645,N,12217.474117,W,054.0,343.1,290520,,,A*47
$GPGGA,230924.00,3728.019388,N,12217.480009,W,7,,0.38,137.25,M,0.0,M,0.0,0000*66
$GPRMC,230924.00,A,3728.019388,N,12217.480009,W,054.4,341.7,290520,,,A*4D
$GPGGA,230925.00,3728.033704,N,12217.486244,W,7,,0.38,135.77,M,0.0,M,0.0,0000*67
$GPRMC,230925.00,A,3728.033704,N,12217.486244,W,054.5,340.5,290520,,,A*4B
$GPGGA,230926.00,3728.047552,N,12217.492664,W,7,,0.38,136.63,M,0.0,M,0.0,0000*63
$GPRMC,230926.00,A,3728.047552,N,12217.492664,W,054.7,339.2,290520,,,A*42
$GPGGA,230927.00,3728.061610,N,12217.499792,W,7,,0.38,137.31,M,0.0,M,0.0,0000*66
$GPRMC,230927.00,A,3728.061610,N,12217.499792,W,054.9,337.5,290520,,,A*46
$GPGGA,230928.00,3728.075716,N,12217.507376,W,7,,0.38,137.75,M,0.0,M,0.0,0000*63
$GPRMC,230928.00,A,3728.075716,N,12217.507376,W,055.0,336.2,290520,,,A*4D
$GPGGA,230929.00,3728.090128,N,12217.515679,W,7,,0.38,138.14,M,0.0,M,0.0,0000*63
$GPRMC,230929.00,A,3728.090128,N,12217.515679,W,055.1,334.9,290520,,,A*4D
$GPGGA,230930.00,3728.103873,N,12217.524043,W,7,,0.38,138.47,M,0.0,M,0.0,0000*6C
$GPRMC,230930.00,A,3728.103873,N,12217.524043,W,055.3,333.8,290520,,,A*40
$GPGGA,230931.00,3728.117217,N,12217.532522,W,7,,0.38,138.73,M,0.0,M,0.0,0000*62
$GPRMC,230931.00,A,3728.117217,N,12217.532522,W,055.4,332.8,290520,,,A*4F
$GPGGA,230932.00,3728.131324,N,12217.542019,W,7,,0.38,139.13,M,0.0,M,0.0,0000*69
$GPRMC,230932.00,A,3728.131324,N,12217.542019,W,055.6,331.3,290520,,,A*49
$GPGGA,230933.00,3728.144799,N,12217.551698,W,7,,0.38,139.38,M,0.0,M,0.0,0000*6C
$GPRMC,230933.00,A,3728.144799,N,12217.551698,W,055.7,329.7,290520,,,A*49
$GPGGA,230934.00,3728.157963,N,12217.561711,W,7,,0.38,138.96,M,0.0,M,0.0,0000*64
$GPRMC,230934.00,A,3728.157963,N,12217.561711,W,055.7,328.3,290520,,,A*41
$GPGGA,230935.00,3728.170743,N,12217.571834,W,7,,0.38,139.49,M,0.0,M,0.0,0000*66
$GPRMC,230935.00,A,3728.170743,N,12217.571834,W,055.9,327.3,290520,,,A*41
$GPGGA,230936.00,3728.183757,N,12217.582676,W,7,,0.38,139.68,M,0.0,M,0.0,0000*6B
$GPRMC,230936.00,A,3728.183757,N,12217.582676,W,056.2,325.8,290520,,,A*4E
$GPGGA,230937.00,3728.196916,N,12217.594220,W,7,,0.38,139.96,M,0.0,M,0.0,0000*64
$GPRMC,230937.00,A,3728.196916,N,12217.594220,W,056.3,324.4,290520,,,A*4C
$GPGGA,230938.00,3728.209557,N,12217.605991,W,7,,0.38,140.33,M,0.0,M,0.0,0000*6C
$GPRMC,230938.00,A,3728.209557,N,12217.605991,W,056.4,322.9,290520,,,A*49
$GPGGA,230939.00,3728.221576,N,12217.617709,W,7,,0.38,140.93,M,0.0,M,0.0,0000*62
$GPRMC,230939.00,A,3728.221576,N,12217.617709,W,056.4,321.8,290520,,,A*4F
$GPGGA,230940.00,3728.234103,N,12217.630333,W,7,,0.38,141.35,M,0.0,M,0.0,0000*6B
$GPRMC,230940.00,A,3728.234103,N,12217.630333,W,056.4,320.9,290520,,,A*4B
$GPGGA,230941.00,3728.246319,N,12217.642808,W,7,,0.38,141.74,M,0.0,M,0.0,0000*65
$GPRMC,230941.00,A,3728.246319,N,12217.642808,W,056.4,320.8,290520,,,A*41
$GPGGA,230942.00,3728.258211,N,12217.654802,W,7,,0.38,142.26,M,0.0,M,0.0,0000*69
$GPRMC,230942.00,A,3728.258211,N,12217.654802,W,056.4,321.4,290520,,,A*44
$GPGGA,230943.00,3728.270542,N,12217.667138,W,7,,0.38,142.90,M,0.0,M,0.0,0000*6E
$GPRMC,230943.00,A,3728.270542,N,12217.667138,W,056.3,321.6,290520,,,A*4B
$GPGGA,230944.00,3728.282733,N,12217.679221,W,7,,0.38,143.80,M,0.0,M,0.0,0000*64
$GPRMC,230944.00,A,3728.282733,N,12217.679221,W,056.2,321.6,290520,,,A*40
$GPGGA,230945.00,3728.295304,N,12217.691845,W,7,,0.38,144.60,M,0.0,M,0.0,0000*64
$GPRMC,230945.00,A,3728.295304,N,12217.691845,W,055.9,321.3,290520,,,A*44
$GPGGA,230946.00,3728.307033,N,12217.703744,W,7,,0.38,145.39,M,0.0,M,0.0,0000*63
$GPRMC,230946.00,A,3728.307033,N,12217.703744,W,055.7,321.2,290520,,,A*41
$GPGGA,230947.00,3728.318955,N,12217.715845,W,7,,0.38,146.26,M,0.0,M,0.0,0000*61
$GPRMC,230947.00,A,3728.318955,N,12217.715845,W,055.5,321.0,290520,,,A*4E
$GPGGA,230948.00,3728.331424,N,12217.728385,W,7,,0.38,147.23,M,0.0,M,0.0,0000*63
$GPRMC,230948.00,A,3728.331424,N,12217.728385,W,055.4,321.4,290520,,,A*4D
$GPGGA,230949.00,3728.343466,N,12217.740451,W,7,,0.38,148.23,M,0.0,M,0.0,0000*6E
$GPRMC,230949.00,A,3728.343466,N,12217.740451,W,055.3,321.5,290520,,,A*49
$GPGGA,230950.00,3728.355327,N,12217.752446,W,7,,0.38,149.11,M,0.0,M,0.0,0000*66
$GPRMC,230950.00,A,3728.355327,N,12217.752446,W,055.1,321.2,290520,,,A*44
$GPGGA,230951.00,3728.366931,N,12217.764170,W,7,,0.38,150.06,M,0.0,M,0.0,0000*61
$GPRMC,230951.00,A,3728.366931,N,12217.764170,W,055.1,321.0,290520,,,A*4F
$GPGGA,230952.00,3728.378878,N,12217.776278,W,7,,0.38,151.00,M,0.0,M,0.0,0000*6E
$GPRMC,230952.00,A,3728.378878,N,12217.776278,W,055.0,321.0,290520,,,A*46
$GPGGA,230953.00,3728.390998,N,12217.788649,W,7,,0.38,152.01,M,0.0,M,0.0,0000*63
$GPRMC,230953.00,A,3728.390998,N,12217.788649,W,054.7,321.0,290520,,,A*4F
$GPGGA,230954.00,3728.402841,N,12217.800571,W,7,,0.38,152.98,M,0.0,M,0.0,0000*6A
$GPRMC,230954.00,A,3728.402841,N,12217.800571,W,054.3,321.4,290520,,,A*46
$GPGGA,230955.00,3728.414338,N,12217.811959,W,7,,0.38,153.79,M,0.0,M,0.0,0000*61
$GPRMC,230955.00,A,3728.414338,N,12217.811959,W,054.2,321.9,290520,,,A*4F
$GPGGA,230956.00,3728.426704,N,12217.823882,W,7,,0.38,154.52,M,0.0,M,0.0,0000*60
$GPRMC,230956.00,A,3728.426704,N,12217.823882,W,054.1,323.0,290520,,,A*48
$GPGGA,230957.00,3728.438722,N,12217.834898,W,7,,0.38,155.18,M,0.0,M,0.0,0000*68
$GPRMC,230957.00,A,3728.438722,N,12217.834898,W,053.9,324.5,290520,,,A*42
$GPGGA,230958.00,3728.451124,N,12217.845584,W,7,,0.38,155.97,M,0.0,M,0.0,0000*69
$GPRMC,230958.00,A,3728.451124,N,12217.845584,W,053.7,326.2,290520,,,A*4F
$GPGGA,230959.00,3728.463370,N,12217.855471,W,7,,0.38,157.00,M,0.0,M,0.0,0000*6C
$GPRMC,230959.00,A,3728.463370,N,12217.855471,W,053.7,328.0,290520,,,A*4A
$GPGGA,231000.00,3728.476030,N,12217.865090,W,7,,0.38,157.84,M,0.0,M,0.0,0000*6F
$GPRMC,231000.00,A,3728.476030,N,12217.865090,W,053.7,329.6,290520,,,A*42
$GPGGA,231001.00,3728.489452,N,12217.874630,W,7,,0.38,158.71,M,0.0,M,0.0,0000*67
$GPRMC,231001.00,A,3728.489452,N,12217.874630,W,053.6,331.0,290520,,,A*41
$GPGGA,231002.00,3728.502651,N,12217.883444,W,7,,0.38,159.62,M,0.0,M,0.0,0000*6D
$GPRMC,231002.00,A,3728.502651,N,12217.883444,W,053.5,332.7,290520,,,A*4F
$GPGGA,231003.00,3728.515504,N,12217.891363,W,7,,0.38,160.42,M,0.0,M,0.0,0000*60
$GPRMC,231003.00,A,3728.515504,N,12217.891363,W,053.4,334.6,290520,,,A*4C
$GPGGA,231004.00,3728.529556,N,12217.899272,W,7,,0.38,161.28,M,0.0,M,0.0,0000*6B
$GPRMC,231004.00,A,3728.529556,N,12217.899272,W,053.5,336.7,290520,,,A*48
$GPGGA,231005.00,3728.543338,N,12217.906327,W,7,,0.38,161.94,M,0.0,M,0.0,0000*69
$GPRMC,231005.00,A,3728.543338,N,12217.906327,W,053.4,338.5,290520,,,A*40
$GPGGA,231006.00,3728.556844,N,12217.912640,W,7,,0.38,162.59,M,0.0,M,0.0,0000*6D
$GPRMC,231006.00,A,3728.556844,N,12217.912640,W,053.4,340.3,290520,,,A*4F
$GPGGA,231007.00,3728.570806,N,12217.918597,W,7,,0.38,163.14,M,0.0,M,0.0,0000*65
$GPRMC,231007.00,A,3728.570806,N,12217.918597,W,053.4,341.8,290520,,,A*45
$GPGGA,231008.00,3728.585061,N,12217.924093,W,7,,0.38,163.66,M,0.0,M,0.0,0000*62
$GPRMC,231008.00,A,3728.585061,N,12217.924093,W,053.5,343.5,290520,,,A*49
$GPGGA,231009.00,3728.599875,N,12217.929248,W,7,,0.38,164.21,M,0.0,M,0.0,0000*6E
$GPRMC,231009.00,A,3728.599875,N,12217.929248,W,053.5,344.9,290520,,,A*4A
$GPGGA,231010.00,3728.614245,N,12217.933826,W,7,,0.38,164.60,M,0.0,M,0.0,0000*65
$GPRMC,231010.00,A,3728.614245,N,12217.933826,W,053.7,346.2,290520,,,A*4F
$GPGGA,231011.00,3728.628405,N,12217.937767,W,7,,0.38,165.04,M,0.0,M,0.0,0000*64
$GPRMC,231011.00,A,3728.628405,N,12217.937767,W,053.7,348.2,290520,,,A*43
$GPGGA,231012.00,3728.643658,N,12217.941284,W,7,,0.38,165.34,M,0.0,M,0.0,0000*6A
$GPRMC,231012.00,A,3728.643658,N,12217.941284,W,053.9,350.4,290520,,,A*4F
$GPGGA,231013.00,3728.658345,N,12217.944019,W,7,,0.38,165.57,M,0.0,M,0.0,0000*6E
$GPRMC,231013.00,A,3728.658345,N,12217.944019,W,053.6,352.2,290520,,,A*45
$GPGGA,231014.00,3728.673129,N,12217.946180,W,7,,0.38,165.91,M,0.0,M,0.0,0000*61
$GPRMC,231014.00,A,3728.673129,N,12217.946180,W,053.1,354.1,290520,,,A*42
$GPGGA,231015.00,3728.687410,N,12217.947691,W,7,,0.38,157.96,M,0.0,M,0.0,0000*64
$GPRMC,231015.00,A,3728.687410,N,12217.947691,W,052.8,355.8,290520,,,A*41
$GPGGA,231016.00,3728.702025,N,12217.948729,W,7,,0.38,161.10,M,0.0,M,0.0,0000*6F
$GPRMC,231016.00,A,3728.702025,N,12217.948729,W,052.4,357.5,290520,,,A*42
$GPGGA,231017.00,3728.716882,N,12217.949173,W,7,,0.38,162.90,M,0.0,M,0.0,0000*6D
$GPRMC,231017.00,A,3728.716882,N,12217.949173,W,051.9,359.2,290520,,,A*4C
$GPGGA,231018.00,3728.731311,N,12217.949101,W,7,,0.38,164.09,M,0.0,M,0.0,0000*65
$GPRMC,231018.00,A,3728.731311,N,12217.949101,W,051.6,000.8,290520,,,A*48
$GPGGA,231019.00,3728.745202,N,12217.948520,W,7,,0.38,164.84,M,0.0,M,0.0,0000*67
$GPRMC,231019.00,A,3728.745202,N,12217.948520,W,051.3,002.5,290520,,,A*45
$GPGGA,231020.00,3728.759716,N,12217.947391,W,7,,0.38,165.38,M,0.0,M,0.0,0000*65
$GPRMC,231020.00,A,3728.759716,N,12217.947391,W,050.9,004.1,290520,,,A*48
$GPGGA,231021.00,3728.773750,N,12217.945802,W,7,,0.38,165.86,M,0.0,M,0.0,0000*68
$GPRMC,231021.00,A,3728.773750,N,12217.945802,W,050.4,005.9,290520,,,A*44
$GPGGA,231022.00,3728.787165,N,12217.943864,W,7,,0.38,166.31,M,0.0,M,0.0,0000*69
$GPRMC,231022.00,A,3728.787165,N,12217.943864,W,049.7,007.0,290520,,,A*4A
$GPGGA,231023.00,3728.800642,N,12217.941661,W,7,,0.38,166.68,M,0.0,M,0.0,0000*6F
$GPRMC,231023.00,A,3728.800642,N,12217.941661,W,049.0,007.6,290520,,,A*41
$GPGGA,231024.00,3728.814153,N,12217.939484,W,7,,0.38,166.95,M,0.0,M,0.0,0000*6E
$GPRMC,231024.00,A,3728.814153,N,12217.939484,W,048.8,007.3,290520,,,A*4E
$GPGGA,231025.00,3728.828050,N,12217.937221,W,7,,0.38,167.12,M,0.0,M,0.0,0000*6B
$GPRMC,231025.00,A,3728.828050,N,12217.937221,W,048.9,007.4,290520,,,A*43
$GPGGA,231026.00,3728.841165,N,12217.935062,W,7,,0.38,167.37,M,0.0,M,0.0,0000*60
$GPRMC,231026.00,A,3728.841165,N,12217.935062,W,049.2,007.6,290520,,,A*47
$GPGGA,231027.00,3728.854623,N,12217.932799,W,7,,0.38,167.62,M,0.0,M,0.0,0000*64
$GPRMC,231027.00,A,3728.854623,N,12217.932799,W,049.2,007.7,290520,,,A*42
$GPGGA,231028.00,3728.868633,N,12217.930441,W,7,,0.38,167.88,M,0.0,M,0.0,0000*65
$GPRMC,231028.00,A,3728.868633,N,12217.930441,W,049.0,007.7,290520,,,A*45
$GPGGA,231029.00,3728.882085,N,12217.928215,W,7,,0.38,167.97,M,0.0,M,0.0,0000*6B
$GPRMC,231029.00,A,3728.882085,N,12217.928215,W,048.5,007.3,290520,,,A*45
$GPGGA,231030.00,3728.895261,N,12217.926146,W,7,,0.38,168.13,M,0.0,M,0.0,0000*65
$GPRMC,231030.00,A,3728.895261,N,12217.926146,W,047.9,007.1,290520,,,A*49
$GPGGA,231031.00,3728.907970,N,12217.924190,W,7,,0.38,168.32,M,0.0,M,0.0,0000*6F
$GPRMC,231031.00,A,3728.907970,N,12217.924190,W,047.1,007.0,290520,,,A*49
$GPGGA,231032.00,3728.920869,N,12217.922173,W,7,,0.38,168.44,M,0.0,M,0.0,0000*6A
$GPRMC,231032.00,A,3728.920869,N,12217.922173,W,046.3,007.1,290520,,,A*4F
$GPGGA,231033.00,3728.933884,N,12217.920068,W,7,,0.38,168.54,M,0.0,M,0.0,0000*62
$GPRMC,231033.00,A,3728.933884,N,12217.920068,W,045.9,007.5,290520,,,A*4B
$GPGGA,231034.00,3728.946568,N,12217.917956,W,7,,0.38,168.61,M,0.0,M,0.0,0000*6E
$GPRMC,231034.00,A,3728.946568,N,12217.917956,W,045.9,007.7,290520,,,A*43
$GPGGA,231035.00,3728.958832,N,12217.915879,W,7,,0.38,168.70,M,0.0,M,0.0,0000*6C
$GPRMC,231035.00,A,3728.958832,N,12217.915879,W,045.9,007.7,290520,,,A*41
$GPGGA,231036.00,3728.971852,N,12217.913678,W,7,,0.38,168.94,M,0.0,M,0.0,0000*61
$GPRMC,231036.00,A,3728.971852,N,12217.913678,W,046.0,007.6,290520,,,A*4D
$GPGGA,231037.00,3728.984590,N,12217.911566,W,7,,0.38,169.05,M,0.0,M,0.0,0000*6E
$GPRMC,231037.00,A,3728.984590,N,12217.911566,W,046.2,007.5,290520,,,A*4A
$GPGGA,231038.00,3728.997009,N,12217.909514,W,7,,0.38,169.22,M,0.0,M,0.0,0000*6F
$GPRMC,231038.00,A,3728.997009,N,12217.909514,W,046.4,007.4,290520,,,A*49
$GPGGA,231039.00,3729.009898,N,12217.907360,W,7,,0.38,169.34,M,0.0,M,0.0,0000*6D
$GPRMC,231039.00,A,3729.009898,N,12217.907360,W,046.7,007.6,290520,,,A*4D
$GPGGA,231040.00,3729.022725,N,12217.905218,W,7,,0.38,169.42,M,0.0,M,0.0,0000*6E
$GPRMC,231040.00,A,3729.022725,N,12217.905218,W,046.8,007.7,290520,,,A*41
$GPGGA,231041.00,3729.036039,N,12217.902955,W,7,,0.38,169.59,M,0.0,M,0.0,0000*6F
$GPRMC,231041.00,A,3729.036039,N,12217.902955,W,046.6,007.7,290520,,,A*44
$GPGGA,231042.00,3729.048489,N,12217.900873,W,7,,0.38,169.69,M,0.0,M,0.0,0000*6E
$GPRMC,231042.00,A,3729.048489,N,12217.900873,W,046.4,007.6,290520,,,A*45
$GPGGA,231043.00,3729.061156,N,12217.898761,W,7,,0.38,169.83,M,0.0,M,0.0,0000*6B
$GPRMC,231043.00,A,3729.061156,N,12217.898761,W,046.2,007.5,290520,,,A*41
$GPGGA,231044.00,3729.074313,N,12217.896614,W,7,,0.38,170.02,M,0.0,M,0.0,0000*67
$GPRMC,231044.00,A,3729.074313,N,12217.896614,W,046.0,007.4,290520,,,A*4F
$GPGGA,231045.00,3729.087016,N,12217.894537,W,7,,0.38,170.22,M,0.0,M,0.0,0000*6E
$GPRMC,231045.00,A,3729.087016,N,12217.894537,W,045.9,007.5,290520,,,A*4F
$GPGGA,231046.00,3729.099591,N,12217.892497,W,7,,0.38,170.32,M,0.0,M,0.0,0000*64
$GPRMC,231046.00,A,3729.099591,N,12217.892497,W,045.8,007.3,290520,,,A*43
$GPGGA,231047.00,3729.111802,N,12217.890631,W,7,,0.38,170.63,M,0.0,M,0.0,0000*6B
$GPRMC,231047.00,A,3729.111802,N,12217.890631,W,045.6,007.0,290520,,,A*45
$GPGGA,231048.00,3729.124414,N,12217.888735,W,7,,0.38,171.01,M,0.0,M,0.0,0000*60
$GPRMC,231048.00,A,3729.124414,N,12217.888735,W,045.5,007.0,290520,,,A*48
$GPGGA,231049.00,3729.137415,N,12217.886809,W,7,,0.38,171.49,M,0.0,M,0.0,0000*60
$GPRMC,231049.00,A,3729.137415,N,12217.886809,W,045.3,006.9,290520,,,A*4A
$GPGGA,231050.00,3729.149823,N,12217.885112,W,7,,0.38,171.77,M,0.0,M,0.0,0000*65
$GPRMC,231050.00,A,3729.149823,N,12217.885112,W,045.0,006.1,290520,,,A*49
$GPGGA,231051.00,3729.161848,N,12217.883665,W,7,,0.38,172.03,M,0.0,M,0.0,0000*62
$GPRMC,231051.00,A,3729.161848,N,12217.883665,W,044.5,005.1,290520,,,A*49
$GPGGA,231052.00,3729.174555,N,12217.882477,W,7,,0.38,172.25,M,0.0,M,0.0,0000*60
$GPRMC,231052.00,A,3729.174555,N,12217.882477,W,044.0,003.9,290520,,,A*44
$GPGGA,231053.00,3729.186586,N,12217.881727,W,7,,0.38,172.42,M,0.0,M,0.0,0000*66
$GPRMC,231053.00,A,3729.186586,N,12217.881727,W,043.4,002.3,290520,,,A*4B
$GPGGA,231054.00,3729.198633,N,12217.881380,W,7,,0.38,172.59,M,0.0,M,0.0,0000*60
$GPRMC,231054.00,A,3729.198633,N,12217.881380,W,043.0,000.9,290520,,,A*4B
$GPGGA,231055.00,3729.210220,N,12217.881271,W,7,,0.38,172.74,M,0.0,M,0.0,0000*64
$GPRMC,231055.00,A,3729.210220,N,12217.881271,W,042.7,000.0,290520,,,A*4F
$GPGGA,231056.00,3729.222027,N,12217.881481,W,7,,0.38,172.95,M,0.0,M,0.0,0000*65
$GPRMC,231056.00,A,3729.222027,N,12217.881481,W,042.6,358.8,290520,,,A*46
$GPGGA,231057.00,3729.234292,N,12217.882087,W,7,,0.38,173.22,M,0.0,M,0.0,0000*63
$GPRMC,231057.00,A,3729.234292,N,12217.882087,W,042.6,357.0,290520,,,A*4A
$GPGGA,231058.00,3729.245794,N,12217.883167,W,7,,0.38,173.43,M,0.0,M,0.0,0000*60
$GPRMC,231058.00,A,3729.245794,N,12217.883167,W,042.7,355.0,290520,,,A*4D
$GPGGA,231059.00,3729.257680,N,12217.884770,W,7,,0.38,173.54,M,0.0,M,0.0,0000*67
$GPRMC,231059.00,A,3729.257680,N,12217.884770,W,042.9,353.2,290520,,,A*46
$GPGGA,231100.00,3729.269842,N,12217.886755,W,7,,0.38,173.74,M,0.0,M,0.0,0000*60
$GPRMC,231100.00,A,3729.269842,N,12217.886755,W,043.0,352.2,290520,,,A*4A
$GPGGA,231101.00,3729.281728,N,12217.888934,W,7,,0.38,173.93,M,0.0,M,0.0,0000*6A
$GPRMC,231101.00,A,3729.281728,N,12217.888934,W,042.9,351.4,290520,,,A*44
$GPGGA,231102.00,3729.293140,N,12217.891279,W,7,,0.38,174.13,M,0.0,M,0.0,0000*67
$GPRMC,231102.00,A,3729.293140,N,12217.891279,W,042.7,350.4,290520,,,A*49
$GPGGA,231103.00,3729.304659,N,12217.893956,W,7,,0.38,174.28,M,0.0,M,0.0,0000*6A
$GPRMC,231103.00,A,3729.304659,N,12217.893956,W,042.2,348.9,290520,,,A*4D
$GPGGA,231104.00,3729.316101,N,12217.896997,W,7,,0.38,174.48,M,0.0,M,0.0,0000*6A
$GPRMC,231104.00,A,3729.316101,N,12217.896997,W,041.6,347.4,290520,,,A*4E
$GPGGA,231105.00,3729.327711,N,12217.900471,W,7,,0.38,174.62,M,0.0,M,0.0,0000*6D
$GPRMC,231105.00,A,3729.327711,N,12217.900471,W,041.3,346.0,290520,,,A*41
$GPGGA,231106.00,3729.338733,N,12217.904168,W,7,,0.38,174.84,M,0.0,M,0.0,0000*61
$GPRMC,231106.00,A,3729.338733,N,12217.904168,W,041.3,344.6,290520,,,A*41
$GPGGA,231107.00,3729.349474,N,12217.908062,W,7,,0.38,174.90,M,0.0,M,0.0,0000*64
$GPRMC,231107.00,A,3729.349474,N,12217.908062,W,041.6,343.5,290520,,,A*40
$GPGGA,231108.00,3729.360934,N,12217.912484,W,7,,0.38,175.13,M,0.0,M,0.0,0000*64
$GPRMC,231108.00,A,3729.360934,N,12217.912484,W,041.7,342.6,290520,,,A*49
$GPGGA,231109.00,3729.371811,N,12217.916947,W,7,,0.38,175.43,M,0.0,M,0.0,0000*60
$GPRMC,231109.00,A,3729.371811,N,12217.916947,W,041.3,341.5,290520,,,A*4C
$GPGGA,231110.00,3729.382647,N,12217.921741,W,7,,0.38,175.79,M,0.0,M,0.0,0000*6C
$GPRMC,231110.00,A,3729.382647,N,12217.921741,W,040.9,340.2,290520,,,A*44
$GPGGA,231111.00,3729.392901,N,12217.926632,W,7,,0.38,176.17,M,0.0,M,0.0,0000*68
$GPRMC,231111.00,A,3729.392901,N,12217.926632,W,040.4,338.6,290520,,,A*4D
$GPGGA,231112.00,3729.403288,N,12217.932032,W,7,,0.38,176.46,M,0.0,M,0.0,0000*69
$GPRMC,231112.00,A,3729.403288,N,12217.932032,W,040.3,336.9,290520,,,A*4E
$GPGGA,231113.00,3729.413758,N,12217.937864,W,7,,0.38,176.59,M,0.0,M,0.0,0000*61
$GPRMC,231113.00,A,3729.413758,N,12217.937864,W,040.2,335.6,290520,,,A*45
$GPGGA,231114.00,3729.423957,N,12217.943780,W,7,,0.38,176.69,M,0.0,M,0.0,0000*61
$GPRMC,231114.00,A,3729.423957,N,12217.943780,W,040.3,335.0,290520,,,A*41
$GPGGA,231115.00,3729.433827,N,12217.949696,W,7,,0.38,176.90,M,0.0,M,0.0,0000*6D
$GPRMC,231115.00,A,3729.433827,N,12217.949696,W,040.5,334.1,290520,,,A*4D
$GPGGA,231116.00,3729.444153,N,12217.956253,W,7,,0.38,177.18,M,0.0,M,0.0,0000*66
$GPRMC,231116.00,A,3729.444153,N,12217.956253,W,040.6,332.6,290520,,,A*45
$GPGGA,231117.00,3729.454102,N,12217.963022,W,7,,0.38,177.27,M,0.0,M,0.0,0000*6C
$GPRMC,231117.00,A,3729.454102,N,12217.963022,W,040.6,330.9,290520,,,A*4E
$GPGGA,231118.00,3729.463594,N,12217.969922,W,7,,0.38,177.25,M,0.0,M,0.0,0000*6D
$GPRMC,231118.00,A,3729.463594,N,12217.969922,W,040.7,329.1,290520,,,A*4C
$GPGGA,231119.00,3729.473163,N,12217.977332,W,7,,0.38,177.35,M,0.0,M,0.0,0000*64
$GPRMC,231119.00,A,3729.473163,N,12217.977332,W,040.7,327.8,290520,,,A*43
$GPGGA,231120.00,3729.482734,N,12217.985047,W,7,,0.38,177.41,M,0.0,M,0.0,0000*6B
$GPRMC,231120.00,A,3729.482734,N,12217.985047,W,040.7,327.0,290520,,,A*47
$GPGGA,231121.00,3729.492508,N,12217.993147,W,7,,0.38,177.43,M,0.0,M,0.0,0000*62
$GPRMC,231121.00,A,3729.492508,N,12217.993147,W,040.5,326.3,290520,,,A*4C
$GPGGA,231122.00,3729.501537,N,12218.000875,W,7,,0.38,177.39,M,0.0,M,0.0,0000*6F
$GPRMC,231122.00,A,3729.501537,N,12218.000875,W,040.4,325.4,290520,,,A*49
$GPGGA,231123.00,3729.510616,N,12218.008952,W,7,,0.38,177.39,M,0.0,M,0.0,0000*62
$GPRMC,231123.00,A,3729.510616,N,12218.008952,W,040.2,324.0,290520,,,A*47
$GPGGA,231124.00,3729.519789,N,12218.017765,W,7,,0.38,177.30,M,0.0,M,0.0,0000*66
$GPRMC,231124.00,A,3729.519789,N,12218.017765,W,040.1,321.8,290520,,,A*44
$GPGGA,231125.00,3729.528465,N,12218.026610,W,7,,0.38,177.19,M,0.0,M,0.0,0000*6E
$GPRMC,231125.00,A,3729.528465,N,12218.026610,W,040.0,320.3,290520,,,A*4C
$GPGGA,231126.00,3729.536889,N,12218.035556,W,7,,0.38,172.72,M,0.0,M,0.0,0000*67
$GPRMC,231126.00,A,3729.536889,N,12218.035556,W,039.9,319.2,290520,,,A*41
$GPGGA,231127.00,3729.545020,N,12218.044465,W,7,,0.38,174.24,M,0.0,M,0.0,0000*6B
$GPRMC,231127.00,A,3729.545020,N,12218.044465,W,039.9,318.4,290520,,,A*4F
$GPGGA,231128.00,3729.553324,N,12218.053873,W,7,,0.38,174.93,M,0.0,M,0.0,0000*65
$GPRMC,231128.00,A,3729.553324,N,12218.053873,W,040.3,317.5,290520,,,A*47
$GPGGA,231129.00,3729.561802,N,12218.063779,W,7,,0.38,175.21,M,0.0,M,0.0,0000*64
$GPRMC,231129.00,A,3729.561802,N,12218.063779,W,040.8,316.6,290520,,,A*47
$GPGGA,231130.00,3729.570106,N,12218.073698,W,7,,0.38,175.34,M,0.0,M,0.0,0000*6A
$GPRMC,231130.00,A,3729.570106,N,12218.073698,W,041.3,316.1,290520,,,A*40
$GPGGA,231131.00,3729.578151,N,12218.083454,W,7,,0.38,175.30,M,0.0,M,0.0,0000*68
$GPRMC,231131.00,A,3729.578151,N,12218.083454,W,041.6,315.6,290520,,,A*47
$GPGGA,231132.00,3729.586335,N,12218.094517,W,7,,0.38,175.17,M,0.0,M,0.0,0000*6F
$GPRMC,231132.00,A,3729.586335,N,12218.094517,W,042.0,311.5,290520,,,A*47
$GPGGA,231133.00,3729.593830,N,12218.105672,W,7,,0.38,174.88,M,0.0,M,0.0,0000*6A
$GPRMC,231133.00,A,3729.593830,N,12218.105672,W,042.4,309.2,290520,,,A*4F
$GPGGA,231134.00,3729.601114,N,12218.117005,W,7,,0.38,174.64,M,0.0,M,0.0,0000*6D
$GPRMC,231134.00,A,3729.601114,N,12218.117005,W,043.2,308.4,290520,,,A*4A
$GPGGA,231135.00,3729.608613,N,12218.129041,W,7,,0.38,174.25,M,0.0,M,0.0,0000*6D
$GPRMC,231135.00,A,3729.608613,N,12218.129041,W,044.1,307.6,290520,,,A*46
$GPGGA,231136.00,3729.616012,N,12218.141425,W,7,,0.38,173.78,M,0.0,M,0.0,0000*61
$GPRMC,231136.00,A,3729.616012,N,12218.141425,W,045.0,306.2,290520,,,A*40
$GPGGA,231137.00,3729.623571,N,12218.154830,W,7,,0.38,173.25,M,0.0,M,0.0,0000*62
$GPRMC,231137.00,A,3729.623571,N,12218.154830,W,045.9,304.6,290520,,,A*44
$GPGGA,231138.00,3729.630526,N,12218.167849,W,7,,0.38,172.65,M,0.0,M,0.0,0000*66
$GPRMC,231138.00,A,3729.630526,N,12218.167849,W,046.6,303.0,290520,,,A*48
$GPGGA,231139.00,3729.637587,N,12218.181572,W,7,,0.38,171.98,M,0.0,M,0.0,0000*67
$GPRMC,231139.00,A,3729.637587,N,12218.181572,W,047.6,302.3,290520,,,A*4B
$GPGGA,231140.00,3729.644830,N,12218.196380,W,7,,0.38,171.23,M,0.0,M,0.0,0000*61
$GPRMC,231140.00,A,3729.644830,N,12218.196380,W,048.5,300.9,290520,,,A*49
$GPGGA,231141.00,3729.651682,N,12218.211248,W,7,,0.38,170.47,M,0.0,M,0.0,0000*69
$GPRMC,231141.00,A,3729.651682,N,12218.211248,W,049.5,299.2,290520,,,A*49
$GPGGA,231142.00,3729.658246,N,12218.226487,W,7,,0.38,169.64,M,0.0,M,0.0,0000*67
$GPRMC,231142.00,A,3729.658246,N,12218.226487,W,050.4,297.6,290520,,,A*4D
$GPGGA,231143.00,3729.664486,N,12218.241901,W,7,,0.38,168.73,M,0.0,M,0.0,0000*66
$GPRMC,231143.00,A,3729.664486,N,12218.241901,W,051.4,296.1,290520,,,A*4C
$GPGGA,231144.00,3729.670713,N,12218.258299,W,7,,0.38,167.77,M,0.0,M,0.0,0000*62
$GPRMC,231144.00,A,3729.670713,N,12218.258299,W,052.3,294.7,290520,,,A*43
$GPGGA,231145.00,3729.676845,N,12218.275874,W,7,,0.38,166.69,M,0.0,M,0.0,0000*61
$GPRMC,231145.00,A,3729.676845,N,12218.275874,W,053.6,292.7,290520,,,A*4C
$GPGGA,231146.00,3729.682455,N,12218.293291,W,7,,0.38,165.66,M,0.0,M,0.0,0000*61
$GPRMC,231146.00,A,3729.682455,N,12218.293291,W,054.6,291.2,290520,,,A*41
$GPGGA,231147.00,3729.687675,N,12218.310848,W,7,,0.38,164.59,M,0.0,M,0.0,0000*6C
$GPRMC,231147.00,A,3729.687675,N,12218.310848,W,055.7,289.6,290520,,,A*4C
$GPGGA,231148.00,3729.692908,N,12218.330029,W,7,,0.38,163.34,M,0.0,M,0.0,0000*63
$GPRMC,231148.00,A,3729.692908,N,12218.330029,W,056.5,288.1,290520,,,A*48
$GPGGA,231149.00,3729.697635,N,12218.348857,W,7,,0.38,162.02,M,0.0,M,0.0,0000*6C
$GPRMC,231149.00,A,3729.697635,N,12218.348857,W,057.3,286.9,290520,,,A*42
$GPGGA,231150.00,3729.702352,N,12218.368183,W,7,,0.38,160.73,M,0.0,M,0.0,0000*6B
$GPRMC,231150.00,A,3729.702352,N,12218.368183,W,057.9,286.7,290520,,,A*45
$GPGGA,231151.00,3729.706852,N,12218.386975,W,7,,0.38,159.37,M,0.0,M,0.0,0000*6E
$GPRMC,231151.00,A,3729.706852,N,12218.386975,W,057.9,286.5,290520,,,A*48
$GPGGA,231152.00,3729.711501,N,12218.406182,W,7,,0.38,158.08,M,0.0,M,0.0,0000*62
$GPRMC,231152.00,A,3729.711501,N,12218.406182,W,057.8,286.9,290520,,,A*44
$GPGGA,231153.00,3729.716493,N,12218.426018,W,7,,0.38,156.54,M,0.0,M,0.0,0000*69
$GPRMC,231153.00,A,3729.716493,N,12218.426018,W,057.4,287.8,290520,,,A*44
$GPGGA,231154.00,3729.721624,N,12218.445020,W,7,,0.38,155.10,M,0.0,M,0.0,0000*69
$GPRMC,231154.00,A,3729.721624,N,12218.445020,W,057.0,288.7,290520,,,A*43
$GPGGA,231155.00,3729.726735,N,12218.463217,W,7,,0.38,154.13,M,0.0,M,0.0,0000*6E
$GPRMC,231155.00,A,3729.726735,N,12218.463217,W,056.6,289.0,290520,,,A*47
$GPGGA,231156.00,3729.732003,N,12218.482226,W,7,,0.38,153.19,M,0.0,M,0.0,0000*6A
$GPRMC,231156.00,A,3729.732003,N,12218.482226,W,056.0,288.5,290520,,,A*4C
$GPGGA,231157.00,3729.736857,N,12218.500730,W,7,,0.38,152.18,M,0.0,M,0.0,0000*6F
$GPRMC,231157.00,A,3729.736857,N,12218.500730,W,055.5,288.0,290520,,,A*4A
$GPGGA,231158.00,3729.741381,N,12218.518645,W,7,,0.38,151.26,M,0.0,M,0.0,0000*64
$GPRMC,231158.00,A,3729.741381,N,12218.518645,W,055.5,287.4,290520,,,A*44
$GPGGA,231159.00,3729.745857,N,12218.537036,W,7,,0.38,150.09,M,0.0,M,0.0,0000*62
$GPRMC,231159.00,A,3729.745857,N,12218.537036,W,055.5,287.0,290520,,,A*4A
$GPGGA,231200.00,3729.750334,N,12218.555629,W,7,,0.38,148.97,M,0.0,M,0.0,0000*65
$GPRMC,231200.00,A,3729.750334,N,12218.555629,W,055.4,287.0,290520,,,A*42
$GPGGA,231201.00,3729.755091,N,12218.574704,W,7,,0.38,147.96,M,0.0,M,0.0,0000*6E
$GPRMC,231201.00,A,3729.755091,N,12218.574704,W,055.2,287.7,290520,,,A*46
$GPGGA,231202.00,3729.759861,N,12218.592883,W,7,,0.38,146.85,M,0.0,M,0.0,0000*6D
$GPRMC,231202.00,A,3729.759861,N,12218.592883,W,055.1,288.6,290520,,,A*4B
$GPGGA,231203.00,3729.764746,N,12218.610679,W,7,,0.38,145.82,M,0.0,M,0.0,0000*6E
$GPRMC,231203.00,A,3729.764746,N,12218.610679,W,055.3,289.4,290520,,,A*4D
$GPGGA,231204.00,3729.770187,N,12218.629430,W,7,,0.38,144.71,M,0.0,M,0.0,0000*6F
$GPRMC,231204.00,A,3729.770187,N,12218.629430,W,055.2,290.3,290520,,,A*4F
$GPGGA,231205.00,3729.775714,N,12218.647508,W,7,,0.38,143.60,M,0.0,M,0.0,0000*62
$GPRMC,231205.00,A,3729.775714,N,12218.647508,W,055.2,291.6,290520,,,A*41
$GPGGA,231206.00,3729.781545,N,12218.665244,W,7,,0.38,142.42,M,0.0,M,0.0,0000*62
$GPRMC,231206.00,A,3729.781545,N,12218.665244,W,055.3,292.9,290520,,,A*4D
$GPGGA,231207.00,3729.787491,N,12218.682331,W,7,,0.38,141.34,M,0.0,M,0.0,0000*65
$GPRMC,231207.00,A,3729.787491,N,12218.682331,W,054.9,294.1,290520,,,A*4D
$GPGGA,231208.00,3729.793767,N,12218.699354,W,7,,0.38,140.18,M,0.0,M,0.0,0000*63
$GPRMC,231208.00,A,3729.793767,N,12218.699354,W,052.7,295.0,290520,,,A*4C
$GPGGA,231209.00,3729.800164,N,12218.715661,W,7,,0.38,139.06,M,0.0,M,0.0,0000*65
$GPRMC,231209.00,A,3729.800164,N,12218.715661,W,049.5,296.4,290520,,,A*44
$GPGGA,231210.00,3729.806535,N,12218.730320,W,7,,0.38,138.02,M,0.0,M,0.0,0000*69
$GPRMC,231210.00,A,3729.806535,N,12218.730320,W,046.3,299.1,290520,,,A*4E
$GPGGA,231211.00,3729.812314,N,12218.744234,W,7,,0.38,137.14,M,0.0,M,0.0,0000*67
$GPRMC,231211.00,A,3729.812314,N,12218.744234,W,046.1,296.5,290520,,,A*41
$GPGGA,231212.00,3729.818283,N,12218.758844,W,7,,0.38,136.24,M,0.0,M,0.0,0000*63
$GPRMC,231212.00,A,3729.818283,N,12218.758844,W,045.9,296.4,290520,,,A*4D
$GPGGA,231213.00,3729.824206,N,12218.773081,W,7,,0.38,135.22,M,0.0,M,0.0,0000*6D
$GPRMC,231213.00,A,3729.824206,N,12218.773081,W,045.9,298.0,290520,,,A*4C
$GPGGA,231214.00,3729.830332,N,12218.786701,W,7,,0.38,134.34,M,0.0,M,0.0,0000*6A
$GPRMC,231214.00,A,3729.830332,N,12218.786701,W,046.1,300.1,290520,,,A*47
$GPGGA,231215.00,3729.837021,N,12218.800555,W,7,,0.38,133.30,M,0.0,M,0.0,0000*6C
$GPRMC,231215.00,A,3729.837021,N,12218.800555,W,046.5,301.7,290520,,,A*41
$GPGGA,231216.00,3729.843934,N,12218.814284,W,7,,0.38,132.22,M,0.0,M,0.0,0000*6D
$GPRMC,231216.00,A,3729.843934,N,12218.814284,W,047.1,302.5,290520,,,A*46
$GPGGA,231217.00,3729.851337,N,12218.828677,W,7,,0.38,131.32,M,0.0,M,0.0,0000*63
$GPRMC,231217.00,A,3729.851337,N,12218.828677,W,047.6,302.8,290520,,,A*40
$GPGGA,231218.00,3729.858471,N,12218.842160,W,7,,0.38,130.20,M,0.0,M,0.0,0000*6F
$GPRMC,231218.00,A,3729.858471,N,12218.842160,W,048.0,303.8,290520,,,A*46
$GPGGA,231219.00,3729.866020,N,12218.855995,W,7,,0.38,129.33,M,0.0,M,0.0,0000*6D
$GPRMC,231219.00,A,3729.866020,N,12218.855995,W,048.4,304.7,290520,,,A*42
$GPGGA,231220.00,3729.874120,N,12218.870426,W,7,,0.38,128.31,M,0.0,M,0.0,0000*64
$GPRMC,231220.00,A,3729.874120,N,12218.870426,W,049.0,305.3,290520,,,A*48
$GPGGA,231221.00,3729.882051,N,12218.884435,W,7,,0.38,127.34,M,0.0,M,0.0,0000*68
$GPRMC,231221.00,A,3729.882051,N,12218.884435,W,049.3,305.3,290520,,,A*4D
$GPGGA,231222.00,3729.889887,N,12218.898428,W,7,,0.38,126.46,M,0.0,M,0.0,0000*66
$GPRMC,231222.00,A,3729.889887,N,12218.898428,W,049.5,304.9,290520,,,A*4A
$GPGGA,231223.00,3729.897460,N,12218.912216,W,7,,0.38,125.55,M,0.0,M,0.0,0000*64
$GPRMC,231223.00,A,3729.897460,N,12218.912216,W,049.4,304.3,290520,,,A*42
$GPGGA,231224.00,3729.905260,N,12218.926501,W,7,,0.38,124.83,M,0.0,M,0.0,0000*63
$GPRMC,231224.00,A,3729.905260,N,12218.926501,W,049.3,304.6,290520,,,A*4D
$GPGGA,231225.00,3729.913305,N,12218.941087,W,7,,0.38,124.12,M,0.0,M,0.0,0000*65
$GPRMC,231225.00,A,3729.913305,N,12218.941087,W,049.0,304.6,290520,,,A*40
$GPGGA,231226.00,3729.920931,N,12218.955086,W,7,,0.38,123.73,M,0.0,M,0.0,0000*6F
$GPRMC,231226.00,A,3729.920931,N,12218.955086,W,048.9,304.6,290520,,,A*42
$GPGGA,231227.00,3729.928426,N,12218.968735,W,7,,0.38,134.11,M,0.0,M,0.0,0000*6E
$GPRMC,231227.00,A,3729.928426,N,12218.968735,W,048.9,304.6,290520,,,A*41
$GPGGA,231228.00,3729.936441,N,12218.983322,W,7,,0.38,129.94,M,0.0,M,0.0,0000*69
$GPRMC,231228.00,A,3729.936441,N,12218.983322,W,049.0,304.8,290520,,,A*41
$GPGGA,231229.00,3729.944158,N,12218.997314,W,7,,0.38,127.58,M,0.0,M,0.0,0000*6E
$GPRMC,231229.00,A,3729.944158,N,12218.997314,W,049.1,304.8,290520,,,A*49
$GPGGA,231230.00,3729.951657,N,12219.011084,W,7,,0.38,126.12,M,0.0,M,0.0,0000*69
$GPRMC,231230.00,A,3729.951657,N,12219.011084,W,049.3,304.2,290520,,,A*49
$GPGGA,231231.00,3729.959290,N,12219.025478,W,7,,0.38,125.18,M,0.0,M,0.0,0000*66
$GPRMC,231231.00,A,3729.959290,N,12219.025478,W,049.4,303.3,290520,,,A*4E
$GPGGA,231232.00,3729.966664,N,12219.039926,W,7,,0.38,124.55,M,0.0,M,0.0,0000*65
$GPRMC,231232.00,A,3729.966664,N,12219.039926,W,049.6,302.2,290520,,,A*47
$GPGGA,231233.00,3729.974140,N,12219.055208,W,7,,0.38,123.96,M,0.0,M,0.0,0000*63
$GPRMC,231233.00,A,3729.974140,N,12219.055208,W,049.7,301.2,290520,,,A*4B
$GPGGA,231234.00,3729.980949,N,12219.069733,W,7,,0.38,123.60,M,0.0,M,0.0,0000*65
$GPRMC,231234.00,A,3729.980949,N,12219.069733,W,049.9,300.1,290520,,,A*48
$GPGGA,231235.00,3729.987699,N,12219.084980,W,7,,0.38,123.42,M,0.0,M,0.0,0000*64
$GPRMC,231235.00,A,3729.987699,N,12219.084980,W,050.0,298.3,290520,,,A*4A
$GPGGA,231236.00,3729.994161,N,12219.100867,W,7,,0.38,124.98,M,0.0,M,0.0,0000*60
$GPRMC,231236.00,A,3729.994161,N,12219.100867,W,050.1,296.3,290520,,,A*41
$GPGGA,231237.00,3730.000186,N,12219.116713,W,7,,0.38,123.87,M,0.0,M,0.0,0000*66
$GPRMC,231237.00,A,3730.000186,N,12219.116713,W,050.2,294.9,290520,,,A*45
$GPGGA,231238.00,3730.005736,N,12219.132356,W,7,,0.38,123.21,M,0.0,M,0.0,0000*6E
$GPRMC,231238.00,A,3730.005736,N,12219.132356,W,050.5,293.7,290520,,,A*4F
$GPGGA,231239.00,3730.011238,N,12219.148442,W,7,,0.38,122.72,M,0.0,M,0.0,0000*69
$GPRMC,231239.00,A,3730.011238,N,12219.148442,W,050.6,292.8,290520,,,A*42
$GPGGA,231240.00,3730.016566,N,12219.164900,W,7,,0.38,122.47,M,0.0,M,0.0,0000*6F
$GPRMC,231240.00,A,3730.016566,N,12219.164900,W,050.8,291.8,290520,,,A*4F
$GPGGA,231241.00,3730.021725,N,12219.182113,W,7,,0.38,122.25,M,0.0,M,0.0,0000*69
$GPRMC,231241.00,A,3730.021725,N,12219.182113,W,051.0,289.9,290520,,,A*4C
$GPGGA,231242.00,3730.026346,N,12219.198854,W,7,,0.38,122.04,M,0.0,M,0.0,0000*6E
$GPRMC,231242.00,A,3730.026346,N,12219.198854,W,051.1,288.9,290520,,,A*48
$GPGGA,231243.00,3730.030624,N,12219.215347,W,7,,0.38,121.83,M,0.0,M,0.0,0000*6A
$GPRMC,231243.00,A,3730.030624,N,12219.215347,W,051.3,287.8,290520,,,A*4C
$GPGGA,231244.00,3730.034907,N,12219.233113,W,7,,0.38,121.77,M,0.0,M,0.0,0000*6B
$GPRMC,231244.00,A,3730.034907,N,12219.233113,W,051.4,286.3,290520,,,A*4B
$GPGGA,231245.00,3730.038657,N,12219.250333,W,7,,0.38,121.68,M,0.0,M,0.0,0000*67
$GPRMC,231245.00,A,3730.038657,N,12219.250333,W,051.6,284.7,290520,,,A*4D
$GPGGA,231246.00,3730.041970,N,12219.267962,W,7,,0.38,122.21,M,0.0,M,0.0,0000*64
$GPRMC,231246.00,A,3730.041970,N,12219.267962,W,051.8,282.7,290520,,,A*48
$GPGGA,231247.00,3730.044844,N,12219.285026,W,7,,0.38,121.99,M,0.0,M,0.0,0000*63
$GPRMC,231247.00,A,3730.044844,N,12219.285026,W,051.2,281.5,290520,,,A*44
$GPGGA,231248.00,3730.047586,N,12219.302462,W,7,,0.38,121.85,M,0.0,M,0.0,0000*6B
$GPRMC,231248.00,A,3730.047586,N,12219.302462,W,050.3,280.8,290520,,,A*4D
$GPGGA,231249.00,3730.050106,N,12219.320156,W,7,,0.38,121.65,M,0.0,M,0.0,0000*6C
$GPRMC,231249.00,A,3730.050106,N,12219.320156,W,050.2,279.8,290520,,,A*43
$GPGGA,231250.00,3730.052326,N,12219.337490,W,7,,0.38,121.55,M,0.0,M,0.0,0000*6C
$GPRMC,231250.00,A,3730.052326,N,12219.337490,W,050.2,278.7,290520,,,A*4E
$GPGGA,231251.00,3730.054078,N,12219.354433,W,7,,0.38,121.29,M,0.0,M,0.0,0000*64
$GPRMC,231251.00,A,3730.054078,N,12219.354433,W,050.5,276.6,290520,,,A*45
$GPGGA,231252.00,3730.055595,N,12219.372476,W,7,,0.38,121.12,M,0.0,M,0.0,0000*6D
$GPRMC,231252.00,A,3730.055595,N,12219.372476,W,050.8,275.5,290520,,,A*49
$GPGGA,231253.00,3730.056730,N,12219.390218,W,7,,0.38,120.79,M,0.0,M,0.0,0000*6C
$GPRMC,231253.00,A,3730.056730,N,12219.390218,W,050.9,274.4,290520,,,A*45
$GPGGA,231254.00,3730.057948,N,12219.407473,W,7,,0.38,120.98,M,0.0,M,0.0,0000*66
$GPRMC,231254.00,A,3730.057948,N,12219.407473,W,051.1,275.3,290520,,,A*4F
$GPGGA,231255.00,3730.059322,N,12219.425132,W,7,,0.38,122.71,M,0.0,M,0.0,0000*6A
$GPRMC,231255.00,A,3730.059322,N,12219.425132,W,051.1,275.7,290520,,,A*42
$GPGGA,231256.00,3730.060581,N,12219.443114,W,7,,0.38,121.93,M,0.0,M,0.0,0000*67
$GPRMC,231256.00,A,3730.060581,N,12219.443114,W,051.5,275.0,290520,,,A*43
$GPGGA,231257.00,3730.061787,N,12219.461678,W,7,,0.38,121.37,M,0.0,M,0.0,0000*60
$GPRMC,231257.00,A,3730.061787,N,12219.461678,W,051.6,274.1,290520,,,A*49
$GPGGA,231258.00,3730.062760,N,12219.478981,W,7,,0.38,120.83,M,0.0,M,0.0,0000*6A
$GPRMC,231258.00,A,3730.062760,N,12219.478981,W,051.1,273.9,290520,,,A*45
$GPGGA,231259.00,3730.063708,N,12219.496489,W,7,,0.38,120.36,M,0.0,M,0.0,0000*6F
$GPRMC,231259.00,A,3730.063708,N,12219.496489,W,050.4,273.7,290520,,,A*44
$GPGGA,231300.00,3730.064656,N,12219.514453,W,7,,0.38,119.92,M,0.0,M,0.0,0000*67
$GPRMC,231300.00,A,3730.064656,N,12219.514453,W,049.6,273.8,290520,,,A*4D
$GPGGA,231301.00,3730.065651,N,12219.531650,W,7,,0.38,119.65,M,0.0,M,0.0,0000*6E
$GPRMC,231301.00,A,3730.065651,N,12219.531650,W,048.9,274.2,290520,,,A*4F
$GPGGA,231302.00,3730.066798,N,12219.548461,W,7,,0.38,119.27,M,0.0,M,0.0,0000*62
$GPRMC,231302.00,A,3730.066798,N,12219.548461,W,048.4,275.3,290520,,,A*48
$GPGGA,231303.00,3730.068304,N,12219.564763,W,7,,0.38,118.68,M,0.0,M,0.0,0000*69
$GPRMC,231303.00,A,3730.068304,N,12219.564763,W,048.3,277.1,290520,,,A*4E
$GPGGA,231304.00,3730.070211,N,12219.581636,W,7,,0.38,118.31,M,0.0,M,0.0,0000*64
$GPRMC,231304.00,A,3730.070211,N,12219.581636,W,048.7,278.7,290520,,,A*42
$GPGGA,231305.00,3730.072390,N,12219.598861,W,7,,0.38,117.73,M,0.0,M,0.0,0000*62
$GPRMC,231305.00,A,3730.072390,N,12219.598861,W,049.0,279.4,290520,,,A*49
$GPGGA,231306.00,3730.074777,N,12219.615877,W,7,,0.38,117.40,M,0.0,M,0.0,0000*6B
$GPRMC,231306.00,A,3730.074777,N,12219.615877,W,049.5,280.3,290520,,,A*44
$GPGGA,231307.00,3730.077418,N,12219.632372,W,7,,0.38,116.92,M,0.0,M,0.0,0000*66
$GPRMC,231307.00,A,3730.077418,N,12219.632372,W,049.8,282.0,290520,,,A*4B
$GPGGA,231308.00,3730.080681,N,12219.649831,W,7,,0.38,116.33,M,0.0,M,0.0,0000*68
$GPRMC,231308.00,A,3730.080681,N,12219.649831,W,050.3,284.0,290520,,,A*4B
$GPGGA,231309.00,3730.084371,N,12219.666914,W,7,,0.38,115.55,M,0.0,M,0.0,0000*6F
$GPRMC,231309.00,A,3730.084371,N,12219.666914,W,050.8,285.9,290520,,,A*4C
$GPGGA,231310.00,3730.088451,N,12219.683420,W,7,,0.38,114.77,M,0.0,M,0.0,0000*6E
$GPRMC,231310.00,A,3730.088451,N,12219.683420,W,051.2,288.0,290520,,,A*43
$GPGGA,231311.00,3730.093089,N,12219.700459,W,7,,0.38,113.88,M,0.0,M,0.0,0000*67
$GPRMC,231311.00,A,3730.093089,N,12219.700459,W,051.7,289.5,290520,,,A*4C
$GPGGA,231312.00,3730.098106,N,12219.717314,W,7,,0.38,112.94,M,0.0,M,0.0,0000*6D
$GPRMC,231312.00,A,3730.098106,N,12219.717314,W,052.1,291.1,290520,,,A*42
$GPGGA,231313.00,3730.103751,N,12219.734894,W,7,,0.38,111.84,M,0.0,M,0.0,0000*6B
$GPRMC,231313.00,A,3730.103751,N,12219.734894,W,052.7,292.6,290520,,,A*44
$GPGGA,231314.00,3730.109524,N,12219.751273,W,7,,0.38,110.77,M,0.0,M,0.0,0000*6B
$GPRMC,231314.00,A,3730.109524,N,12219.751273,W,053.1,294.6,290520,,,A*48
$GPGGA,231315.00,3730.115866,N,12219.767815,W,7,,0.38,109.74,M,0.0,M,0.0,0000*68
$GPRMC,231315.00,A,3730.115866,N,12219.767815,W,053.0,296.5,290520,,,A*40
$GPGGA,231316.00,3730.122838,N,12219.784784,W,7,,0.38,108.78,M,0.0,M,0.0,0000*63
$GPRMC,231316.00,A,3730.122838,N,12219.784784,W,052.8,297.8,290520,,,A*43
$GPGGA,231317.00,3730.129905,N,12219.800960,W,7,,0.38,107.67,M,0.0,M,0.0,0000*60
$GPRMC,231317.00,A,3730.129905,N,12219.800960,W,052.5,299.0,290520,,,A*4A
$GPGGA,231318.00,3730.137040,N,12219.816896,W,7,,0.38,106.55,M,0.0,M,0.0,0000*67
$GPRMC,231318.00,A,3730.137040,N,12219.816896,W,053.1,299.2,290520,,,A*4A
$GPGGA,231319.00,3730.144180,N,12219.832628,W,7,,0.38,105.57,M,0.0,M,0.0,0000*63
$GPRMC,231319.00,A,3730.144180,N,12219.832628,W,053.9,299.7,290520,,,A*42
$GPGGA,231320.00,3730.152009,N,12219.848917,W,7,,0.38,119.75,M,0.0,M,0.0,0000*6D
$GPRMC,231320.00,A,3730.152009,N,12219.848917,W,054.7,301.8,290520,,,A*47
$GPGGA,231321.00,3730.160613,N,12219.865454,W,7,,0.38,113.12,M,0.0,M,0.0,0000*6E
$GPRMC,231321.00,A,3730.160613,N,12219.865454,W,054.5,303.7,290520,,,A*40
$GPGGA,231322.00,3730.169409,N,12219.880778,W,7,,0.38,109.07,M,0.0,M,0.0,0000*64
$GPRMC,231322.00,A,3730.169409,N,12219.880778,W,054.3,307.0,290520,,,A*40
$GPGGA,231323.00,3730.178404,N,12219.895423,W,7,,0.38,106.32,M,0.0,M,0.0,0000*68
$GPRMC,231323.00,A,3730.178404,N,12219.895423,W,054.7,308.1,290520,,,A*4F
$GPGGA,231324.00,3730.188148,N,12219.911054,W,7,,0.38,103.80,M,0.0,M,0.0,0000*68
$GPRMC,231324.00,A,3730.188148,N,12219.911054,W,055.3,307.8,290520,,,A*40
$GPGGA,231325.00,3730.197484,N,12219.926210,W,7,,0.38,101.85,M,0.0,M,0.0,0000*63
$GPRMC,231325.00,A,3730.197484,N,12219.926210,W,055.7,307.4,290520,,,A*44
$GPGGA,231326.00,3730.206945,N,12219.941564,W,7,,0.38,100.10,M,0.0,M,0.0,0000*63
$GPRMC,231326.00,A,3730.206945,N,12219.941564,W,056.0,307.5,290520,,,A*4C
$GPGGA,231327.00,3730.216251,N,12219.956647,W,7,,0.38,98.52,M,0.0,M,0.0,0000*5F
$GPRMC,231327.00,A,3730.216251,N,12219.956647,W,056.6,307.7,290520,,,A*42
$GPGGA,231328.00,3730.225822,N,12219.972229,W,7,,0.38,96.97,M,0.0,M,0.0,0000*53
$GPRMC,231328.00,A,3730.225822,N,12219.972229,W,057.0,307.4,290520,,,A*4D
$GPGGA,231329.00,3730.235907,N,12219.988652,W,7,,0.38,95.55,M,0.0,M,0.0,0000*55
$GPRMC,231329.00,A,3730.235907,N,12219.988652,W,057.5,307.4,290520,,,A*43
$GPGGA,231330.00,3730.245382,N,12220.004245,W,7,,0.38,94.28,M,0.0,M,0.0,0000*53
$GPRMC,231330.00,A,3730.245382,N,12220.004245,W,058.0,307.2,290520,,,A*42
$GPGGA,231331.00,3730.255198,N,12220.020517,W,7,,0.38,92.89,M,0.0,M,0.0,0000*51
$GPRMC,231331.00,A,3730.255198,N,12220.020517,W,058.5,307.0,290520,,,A*4A
$GPGGA,231332.00,3730.265224,N,12220.037372,W,7,,0.38,91.50,M,0.0,M,0.0,0000*51
$GPRMC,231332.00,A,3730.265224,N,12220.037372,W,059.0,306.6,290520,,,A*4E
$GPGGA,231333.00,3730.275076,N,12220.053997,W,7,,0.38,90.10,M,0.0,M,0.0,0000*52
$GPRMC,231333.00,A,3730.275076,N,12220.053997,W,059.3,306.7,290520,,,A*4A
$GPGGA,231334.00,3730.284759,N,12220.070227,W,7,,0.38,88.87,M,0.0,M,0.0,0000*57
$GPRMC,231334.00,A,3730.284759,N,12220.070227,W,059.9,306.9,290520,,,A*4C
$GPGGA,231335.00,3730.294797,N,12220.086829,W,7,,0.38,87.39,M,0.0,M,0.0,0000*52
$GPRMC,231335.00,A,3730.294797,N,12220.086829,W,060.3,306.9,290520,,,A*43
$GPGGA,231336.00,3730.304914,N,12220.103768,W,7,,0.38,86.10,M,0.0,M,0.0,0000*50
$GPRMC,231336.00,A,3730.304914,N,12220.103768,W,060.6,307.0,290520,,,A*46
$GPGGA,231337.00,3730.315396,N,12220.121330,W,7,,0.38,84.94,M,0.0,M,0.0,0000*56
$GPRMC,231337.00,A,3730.315396,N,12220.121330,W,060.8,306.9,290520,,,A*48
$GPGGA,231338.00,3730.325422,N,12220.138196,W,7,,0.38,84.06,M,0.0,M,0.0,0000*5F
$GPRMC,231338.00,A,3730.325422,N,12220.138196,W,060.5,306.7,290520,,,A*49
$GPGGA,231339.00,3730.335153,N,12220.154462,W,7,,0.38,83.45,M,0.0,M,0.0,0000*58
$GPRMC,231339.00,A,3730.335153,N,12220.154462,W,059.7,306.9,290520,,,A*48
$GPGGA,231340.00,3730.345353,N,12220.171561,W,7,,0.38,82.96,M,0.0,M,0.0,0000*59
$GPRMC,231340.00,A,3730.345353,N,12220.171561,W,058.6,306.9,290520,,,A*46
$GPGGA,231341.00,3730.355019,N,12220.187809,W,7,,0.38,82.73,M,0.0,M,0.0,0000*55
$GPRMC,231341.00,A,3730.355019,N,12220.187809,W,057.4,306.9,290520,,,A*4C
$GPGGA,231342.00,3730.364433,N,12220.203475,W,7,,0.38,82.46,M,0.0,M,0.0,0000*56
$GPRMC,231342.00,A,3730.364433,N,12220.203475,W,056.1,307.4,290520,,,A*41
$GPGGA,231343.00,3730.373553,N,12220.218313,W,7,,0.38,82.29,M,0.0,M,0.0,0000*52
$GPRMC,231343.00,A,3730.373553,N,12220.218313,W,054.7,307.8,290520,,,A*44
$GPGGA,231344.00,3730.382817,N,12220.233205,W,7,,0.38,82.61,M,0.0,M,0.0,0000*55
$GPRMC,231344.00,A,3730.382817,N,12220.233205,W,053.3,308.0,290520,,,A*4B
$GPGGA,231345.00,3730.392063,N,12220.248073,W,7,,0.38,82.76,M,0.0,M,0.0,0000*57
$GPRMC,231345.00,A,3730.392063,N,12220.248073,W,052.3,307.7,290520,,,A*46
$GPGGA,231346.00,3730.400836,N,12220.262503,W,7,,0.38,83.37,M,0.0,M,0.0,0000*5E
$GPRMC,231346.00,A,3730.400836,N,12220.262503,W,051.7,307.6,290520,,,A*4D
$GPGGA,231347.00,3730.409302,N,12220.276345,W,7,,0.38,84.16,M,0.0,M,0.0,0000*5F
$GPRMC,231347.00,A,3730.409302,N,12220.276345,W,051.4,307.7,290520,,,A*4A
$GPGGA,231348.00,3730.418175,N,12220.290823,W,7,,0.38,84.39,M,0.0,M,0.0,0000*5C
$GPRMC,231348.00,A,3730.418175,N,12220.290823,W,051.0,307.5,290520,,,A*42
$GPGGA,231349.00,3730.426876,N,12220.305020,W,7,,0.38,85.26,M,0.0,M,0.0,0000*53
$GPRMC,231349.00,A,3730.426876,N,12220.305020,W,051.0,307.4,290520,,,A*43
$GPGGA,231350.00,3730.435198,N,12220.318736,W,7,,0.38,85.87,M,0.0,M,0.0,0000*57
$GPRMC,231350.00,A,3730.435198,N,12220.318736,W,050.8,307.2,290520,,,A*43
$GPGGA,231351.00,3730.443741,N,12220.332872,W,7,,0.38,86.35,M,0.0,M,0.0,0000*58
$GPRMC,231351.00,A,3730.443741,N,12220.332872,W,050.7,307.0,290520,,,A*4B
$GPGGA,231352.00,3730.452190,N,12220.346935,W,7,,0.38,86.75,M,0.0,M,0.0,0000*54
$GPRMC,231352.00,A,3730.452190,N,12220.346935,W,050.7,307.1,290520,,,A*42
$GPGGA,231353.00,3730.460986,N,12220.361533,W,7,,0.38,87.29,M,0.0,M,0.0,0000*5C
$GPRMC,231353.00,A,3730.460986,N,12220.361533,W,050.6,307.2,290520,,,A*40
$GPGGA,231354.00,3730.469325,N,12220.375226,W,7,,0.38,87.72,M,0.0,M,0.0,0000*59
$GPRMC,231354.00,A,3730.469325,N,12220.375226,W,050.7,307.4,290520,,,A*4C
$GPGGA,231355.00,3730.477810,N,12220.389170,W,7,,0.38,88.32,M,0.0,M,0.0,0000*52
$GPRMC,231355.00,A,3730.477810,N,12220.389170,W,050.6,307.5,290520,,,A*4C
$GPGGA,231356.00,3730.486642,N,12220.403611,W,7,,0.38,88.93,M,0.0,M,0.0,0000*58
$GPRMC,231356.00,A,3730.486642,N,12220.403611,W,050.4,307.6,290520,,,A*4C
$GPGGA,231357.00,3730.495185,N,12220.417568,W,7,,0.38,89.55,M,0.0,M,0.0,0000*54
$GPRMC,231357.00,A,3730.495185,N,12220.417568,W,050.1,307.5,290520,,,A*4D
$GPGGA,231358.00,3730.503645,N,12220.431338,W,7,,0.38,90.10,M,0.0,M,0.0,0000*50
$GPRMC,231358.00,A,3730.503645,N,12220.431338,W,050.0,307.8,290520,,,A*4C
$GPGGA,231359.00,3730.511884,N,12220.444778,W,7,,0.38,90.61,M,0.0,M,0.0,0000*55
$GPRMC,231359.00,A,3730.511884,N,12220.444778,W,050.0,307.5,290520,,,A*42
$GPGGA,231400.00,3730.520325,N,12220.458668,W,7,,0.38,91.14,M,0.0,M,0.0,0000*52
$GPRMC,231400.00,A,3730.520325,N,12220.458668,W,049.8,307.3,290520,,,A*40
$GPGGA,231401.00,3730.528965,N,12220.472774,W,7,,0.38,91.70,M,0.0,M,0.0,0000*53
$GPRMC,231401.00,A,3730.528965,N,12220.472774,W,049.7,307.8,290520,,,A*47
$GPGGA,231402.00,3730.537492,N,12220.486507,W,7,,0.38,92.25,M,0.0,M,0.0,0000*55
$GPRMC,231402.00,A,3730.537492,N,12220.486507,W,049.7,308.1,290520,,,A*44
$GPGGA,231403.00,3730.545778,N,12220.499744,W,7,,0.38,92.65,M,0.0,M,0.0,0000*59
$GPRMC,231403.00,A,3730.545778,N,12220.499744,W,049.6,308.3,290520,,,A*4F
$GPGGA,231404.00,3730.554604,N,12220.513837,W,7,,0.38,93.09,M,0.0,M,0.0,0000*57
$GPRMC,231404.00,A,3730.554604,N,12220.513837,W,049.7,308.3,290520,,,A*4B
$GPGGA,231405.00,3730.563166,N,12220.527295,W,7,,0.38,93.43,M,0.0,M,0.0,0000*5A
$GPRMC,231405.00,A,3730.563166,N,12220.527295,W,049.7,308.8,290520,,,A*43
$GPGGA,231406.00,3730.571649,N,12220.540406,W,7,,0.38,93.84,M,0.0,M,0.0,0000*56
$GPRMC,231406.00,A,3730.571649,N,12220.540406,W,049.8,309.6,290520,,,A*44
$GPGGA,231407.00,3730.580608,N,12220.553744,W,7,,0.38,94.19,M,0.0,M,0.0,0000*58
$GPRMC,231407.00,A,3730.580608,N,12220.553744,W,049.7,310.7,290520,,,A*4F
$GPGGA,231408.00,3730.589751,N,12220.566595,W,7,,0.38,94.45,M,0.0,M,0.0,0000*52
$GPRMC,231408.00,A,3730.589751,N,12220.566595,W,049.6,312.4,290520,,,A*4C
$GPGGA,231409.00,3730.599519,N,12220.579784,W,7,,0.38,94.79,M,0.0,M,0.0,0000*5F
$GPRMC,231409.00,A,3730.599519,N,12220.579784,W,049.8,313.4,290520,,,A*41
$GPGGA,231410.00,3730.608784,N,12220.592083,W,7,,0.38,95.11,M,0.0,M,0.0,0000*50
$GPRMC,231410.00,A,3730.608784,N,12220.592083,W,050.0,313.5,290520,,,A*40
$GPGGA,231411.00,3730.618269,N,12220.604732,W,7,,0.38,95.38,M,0.0,M,0.0,0000*5C
$GPRMC,231411.00,A,3730.618269,N,12220.604732,W,050.2,313.3,290520,,,A*43
$GPGGA,231412.00,3730.628260,N,12220.617902,W,7,,0.38,95.63,M,0.0,M,0.0,0000*54
$GPRMC,231412.00,A,3730.628260,N,12220.617902,W,050.3,313.7,290520,,,A*40
$GPGGA,231413.00,3730.638057,N,12220.630603,W,7,,0.38,95.93,M,0.0,M,0.0,0000*56
$GPRMC,231413.00,A,3730.638057,N,12220.630603,W,050.5,314.4,290520,,,A*4F
$GPGGA,231414.00,3730.647664,N,12220.642843,W,7,,0.38,96.14,M,0.0,M,0.0,0000*5C
$GPRMC,231414.00,A,3730.647664,N,12220.642843,W,050.8,314.7,290520,,,A*47
$GPGGA,231415.00,3730.657611,N,12220.655335,W,7,,0.38,96.41,M,0.0,M,0.0,0000*52
$GPRMC,231415.00,A,3730.657611,N,12220.655335,W,051.0,315.1,290520,,,A*47
$GPGGA,231416.00,3730.667794,N,12220.667840,W,7,,0.38,96.61,M,0.0,M,0.0,0000*54
$GPRMC,231416.00,A,3730.667794,N,12220.667840,W,051.1,316.1,290520,,,A*41
$GPGGA,231417.00,3730.678539,N,12220.680571,W,7,,0.38,96.83,M,0.0,M,0.0,0000*54
$GPRMC,231417.00,A,3730.678539,N,12220.680571,W,051.4,316.9,290520,,,A*40
$GPGGA,231418.00,3730.688985,N,12220.692763,W,7,,0.38,97.03,M,0.0,M,0.0,0000*54
$GPRMC,231418.00,A,3730.688985,N,12220.692763,W,051.6,317.2,290520,,,A*41
$GPGGA,231419.00,3730.699275,N,12220.704595,W,7,,0.38,102.32,M,0.0,M,0.0,0000*6B
$GPRMC,231419.00,A,3730.699275,N,12220.704595,W,051.7,317.6,290520,,,A*44
$GPGGA,231420.00,3730.710262,N,12220.717225,W,7,,0.38,100.68,M,0.0,M,0.0,0000*64
$GPRMC,231420.00,A,3730.710262,N,12220.717225,W,051.8,317.3,290520,,,A*4C
$GPGGA,231421.00,3730.720797,N,12220.729345,W,7,,0.38,99.95,M,0.0,M,0.0,0000*50
$GPRMC,231421.00,A,3730.720797,N,12220.729345,W,051.8,317.4,290520,,,A*4C
$GPGGA,231422.00,3730.731507,N,12220.741604,W,7,,0.38,99.63,M,0.0,M,0.0,0000*5F
$GPRMC,231422.00,A,3730.731507,N,12220.741604,W,052.1,317.8,290520,,,A*4C
$GPGGA,231423.00,3730.741966,N,12220.753513,W,7,,0.38,99.53,M,0.0,M,0.0,0000*57
$GPRMC,231423.00,A,3730.741966,N,12220.753513,W,052.4,318.0,290520,,,A*45
$GPGGA,231424.00,3730.752855,N,12220.765879,W,7,,0.38,99.67,M,0.0,M,0.0,0000*50
$GPRMC,231424.00,A,3730.752855,N,12220.765879,W,052.8,317.9,290520,,,A*4F
$GPGGA,231425.00,3730.764063,N,12220.778612,W,7,,0.38,99.88,M,0.0,M,0.0,0000*57
$GPRMC,231425.00,A,3730.764063,N,12220.778612,W,053.3,317.7,290520,,,A*4D
$GPGGA,231426.00,3730.775115,N,12220.791284,W,7,,0.38,100.29,M,0.0,M,0.0,0000*62
$GPRMC,231426.00,A,3730.775115,N,12220.791284,W,053.9,317.5,290520,,,A*4A
$GPGGA,231427.00,3730.785867,N,12220.803709,W,7,,0.38,100.82,M,0.0,M,0.0,0000*65
$GPRMC,231427.00,A,3730.785867,N,12220.803709,W,054.3,317.3,290520,,,A*47
$GPGGA,231428.00,3730.797321,N,12220.816928,W,7,,0.38,101.28,M,0.0,M,0.0,0000*68
$GPRMC,231428.00,A,3730.797321,N,12220.816928,W,054.8,317.4,290520,,,A*47
$GPGGA,231429.00,3730.808631,N,12220.829947,W,7,,0.38,101.89,M,0.0,M,0.0,0000*6A
$GPRMC,231429.00,A,3730.808631,N,12220.829947,W,055.2,317.5,290520,,,A*44
$GPGGA,231430.00,3730.819653,N,12220.842638,W,7,,0.38,102.48,M,0.0,M,0.0,0000*62
$GPRMC,231430.00,A,3730.819653,N,12220.842638,W,055.5,317.5,290520,,,A*45
$GPGGA,231431.00,3730.830982,N,12220.855694,W,7,,0.38,103.14,M,0.0,M,0.0,0000*63
$GPRMC,231431.00,A,3730.830982,N,12220.855694,W,055.7,317.4,290520,,,A*4F
$GPGGA,231432.00,3730.842472,N,12220.868954,W,7,,0.38,103.80,M,0.0,M,0.0,0000*67
$GPRMC,231432.00,A,3730.842472,N,12220.868954,W,056.0,317.6,290520,,,A*40
$GPGGA,231433.00,3730.854417,N,12220.882615,W,7,,0.38,104.42,M,0.0,M,0.0,0000*65
$GPRMC,231433.00,A,3730.854417,N,12220.882615,W,056.2,317.8,290520,,,A*47
$GPGGA,231434.00,3730.865703,N,12220.895443,W,7,,0.38,105.01,M,0.0,M,0.0,0000*67
$GPRMC,231434.00,A,3730.865703,N,12220.895443,W,056.5,317.9,290520,,,A*45
$GPGGA,231435.00,3730.877289,N,12220.908578,W,7,,0.38,105.72,M,0.0,M,0.0,0000*6A
$GPRMC,231435.00,A,3730.877289,N,12220.908578,W,056.6,318.0,290520,,,A*49
$GPGGA,231436.00,3730.889434,N,12220.922299,W,7,,0.38,106.44,M,0.0,M,0.0,0000*6E
$GPRMC,231436.00,A,3730.889434,N,12220.922299,W,056.7,317.9,290520,,,A*4C
$GPGGA,231437.00,3730.901176,N,12220.935643,W,7,,0.38,107.11,M,0.0,M,0.0,0000*69
$GPRMC,231437.00,A,3730.901176,N,12220.935643,W,056.8,317.8,290520,,,A*44
$GPGGA,231438.00,3730.912797,N,12220.948904,W,7,,0.38,107.78,M,0.0,M,0.0,0000*64
$GPRMC,231438.00,A,3730.912797,N,12220.948904,W,056.9,317.8,290520,,,A*47
$GPGGA,231439.00,3730.924198,N,12220.961911,W,7,,0.38,108.41,M,0.0,M,0.0,0000*63
$GPRMC,231439.00,A,3730.924198,N,12220.961911,W,057.1,317.8,290520,,,A*4C
$GPGGA,231440.00,3730.935963,N,12220.975418,W,7,,0.38,109.12,M,0.0,M,0.0,0000*67
$GPRMC,231440.00,A,3730.935963,N,12220.975418,W,057.2,317.5,290520,,,A*41
$GPGGA,231441.00,3730.947982,N,12220.989343,W,7,,0.38,109.90,M,0.0,M,0.0,0000*6C
$GPRMC,231441.00,A,3730.947982,N,12220.989343,W,057.3,317.3,290520,,,A*47
$GPGGA,231442.00,3730.959694,N,12221.002939,W,7,,0.38,110.56,M,0.0,M,0.0,0000*66
$GPRMC,231442.00,A,3730.959694,N,12221.002939,W,057.2,317.3,290520,,,A*4E
$GPGGA,231443.00,3730.970973,N,12221.016044,W,7,,0.38,111.13,M,0.0,M,0.0,0000*6C
$GPRMC,231443.00,A,3730.970973,N,12221.016044,W,056.7,317.2,290520,,,A*41
$GPGGA,231444.00,3730.982920,N,12221.029885,W,7,,0.38,111.66,M,0.0,M,0.0,0000*6B
$GPRMC,231444.00,A,3730.982920,N,12221.029885,W,056.2,317.5,290520,,,A*46
$GPGGA,231445.00,3730.994314,N,12221.043037,W,7,,0.38,112.05,M,0.0,M,0.0,0000*6B
$GPRMC,231445.00,A,3730.994314,N,12221.043037,W,055.8,317.5,290520,,,A*49
$GPGGA,231446.00,3731.005455,N,12221.055758,W,7,,0.38,112.32,M,0.0,M,0.0,0000*67
$GPRMC,231446.00,A,3731.005455,N,12221.055758,W,055.7,317.7,290520,,,A*4C
$GPGGA,231447.00,3731.016975,N,12221.068886,W,7,,0.38,112.55,M,0.0,M,0.0,0000*68
$GPRMC,231447.00,A,3731.016975,N,12221.068886,W,055.7,317.8,290520,,,A*4D
$GPGGA,231448.00,3731.028352,N,12221.081917,W,7,,0.38,112.63,M,0.0,M,0.0,0000*6E
$GPRMC,231448.00,A,3731.028352,N,12221.081917,W,055.6,317.6,290520,,,A*41
$GPGGA,231449.00,3731.040141,N,12221.095447,W,7,,0.38,112.69,M,0.0,M,0.0,0000*66
$GPRMC,231449.00,A,3731.040141,N,12221.095447,W,055.4,317.5,290520,,,A*42
$GPGGA,231450.00,3731.051230,N,12221.107964,W,7,,0.38,112.60,M,0.0,M,0.0,0000*64
$GPRMC,231450.00,A,3731.051230,N,12221.107964,W,055.1,318.4,290520,,,A*42
$GPGGA,231451.00,3731.062833,N,12221.120402,W,7,,0.38,112.37,M,0.0,M,0.0,0000*66
$GPRMC,231451.00,A,3731.062833,N,12221.120402,W,055.0,319.7,290520,,,A*41
$GPGGA,231452.00,3731.075067,N,12221.132857,W,7,,0.38,112.11,M,0.0,M,0.0,0000*61
$GPRMC,231452.00,A,3731.075067,N,12221.132857,W,054.5,321.0,290520,,,A*4A
$GPGGA,231453.00,3731.086917,N,12221.144539,W,7,,0.38,111.74,M,0.0,M,0.0,0000*66
$GPRMC,231453.00,A,3731.086917,N,12221.144539,W,053.7,321.8,290520,,,A*40
$GPGGA,231454.00,3731.098282,N,12221.155550,W,7,,0.38,111.46,M,0.0,M,0.0,0000*67
$GPRMC,231454.00,A,3731.098282,N,12221.155550,W,052.8,322.2,290520,,,A*47
$GPGGA,231455.00,3731.109802,N,12221.166518,W,7,,0.38,110.94,M,0.0,M,0.0,0000*6F
$GPRMC,231455.00,A,3731.109802,N,12221.166518,W,052.0,322.9,290520,,,A*42
$GPGGA,231456.00,3731.121387,N,12221.177246,W,7,,0.38,110.38,M,0.0,M,0.0,0000*6A
$GPRMC,231456.00,A,3731.121387,N,12221.177246,W,051.3,323.8,290520,,,A*41
$GPGGA,231457.00,3731.133376,N,12221.187920,W,7,,0.38,109.71,M,0.0,M,0.0,0000*67
$GPRMC,231457.00,A,3731.133376,N,12221.187920,W,050.8,325.1,290520,,,A*4C
$GPGGA,231458.00,3731.144925,N,12221.197670,W,7,,0.38,109.11,M,0.0,M,0.0,0000*69
$GPRMC,231458.00,A,3731.144925,N,12221.197670,W,050.0,326.6,290520,,,A*48
$GPGGA,231459.00,3731.156163,N,12221.206604,W,7,,0.38,108.48,M,0.0,M,0.0,0000*64
$GPRMC,231459.00,A,3731.156163,N,12221.206604,W,048.6,327.9,290520,,,A*49
$GPGGA,231500.00,3731.167996,N,12221.215376,W,7,,0.38,107.84,M,0.0,M,0.0,0000*64
$GPRMC,231500.00,A,3731.167996,N,12221.215376,W,047.0,329.7,290520,,,A*4F
$GPGGA,231501.00,3731.179312,N,12221.222978,W,7,,0.38,107.25,M,0.0,M,0.0,0000*67
$GPRMC,231501.00,A,3731.179312,N,12221.222978,W,045.9,332.3,290520,,,A*42
$GPGGA,231502.00,3731.190741,N,12221.230028,W,7,,0.38,106.73,M,0.0,M,0.0,0000*6C
$GPRMC,231502.00,A,3731.190741,N,12221.230028,W,045.4,334.4,290520,,,A*47
$GPGGA,231503.00,3731.201829,N,12221.236411,W,7,,0.38,106.05,M,0.0,M,0.0,0000*6E
$GPRMC,231503.00,A,3731.201829,N,12221.236411,W,045.1,335.3,290520,,,A*47
$GPGGA,231504.00,3731.213230,N,12221.242796,W,7,,0.38,105.57,M,0.0,M,0.0,0000*63
$GPRMC,231504.00,A,3731.213230,N,12221.242796,W,044.6,336.2,290520,,,A*4A
$GPGGA,231505.00,3731.224887,N,12221.248975,W,7,,0.38,104.98,M,0.0,M,0.0,0000*6B
$GPRMC,231505.00,A,3731.224887,N,12221.248975,W,044.3,337.6,290520,,,A*40
$GPGGA,231506.00,3731.235975,N,12221.254442,W,7,,0.38,104.46,M,0.0,M,0.0,0000*63
$GPRMC,231506.00,A,3731.235975,N,12221.254442,W,044.1,339.1,290520,,,A*40
$GPGGA,231507.00,3731.247477,N,12221.259740,W,7,,0.38,104.07,M,0.0,M,0.0,0000*61
$GPRMC,231507.00,A,3731.247477,N,12221.259740,W,043.9,340.3,290520,,,A*44
$GPGGA,231508.00,3731.259225,N,12221.264893,W,7,,0.38,103.78,M,0.0,M,0.0,0000*60
$GPRMC,231508.00,A,3731.259225,N,12221.264893,W,043.6,341.3,290520,,,A*44
$GPGGA,231509.00,3731.270656,N,12221.269705,W,7,,0.38,103.39,M,0.0,M,0.0,0000*62
$GPRMC,231509.00,A,3731.270656,N,12221.269705,W,043.1,341.6,290520,,,A*41
$GPGGA,231510.00,3731.281498,N,12221.274301,W,7,,0.38,103.66,M,0.0,M,0.0,0000*62
$GPRMC,231510.00,A,3731.281498,N,12221.274301,W,042.0,341.5,290520,,,A*48
$GPGGA,231511.00,3731.292256,N,12221.278874,W,7,,0.38,104.12,M,0.0,M,0.0,0000*64
$GPRMC,231511.00,A,3731.292256,N,12221.278874,W,040.6,341.5,290520,,,A*4E
$GPGGA,231512.00,3731.302798,N,12221.283266,W,7,,0.38,104.71,M,0.0,M,0.0,0000*60
$GPRMC,231512.00,A,3731.302798,N,12221.283266,W,039.3,342.0,290520,,,A*42
$GPGGA,231513.00,3731.313357,N,12221.287567,W,7,,0.38,105.48,M,0.0,M,0.0,0000*6F
$GPRMC,231513.00,A,3731.313357,N,12221.287567,W,038.2,342.5,290520,,,A*43
$GPGGA,231515.00,3731.331910,N,12221.295049,W,7,,0.38,107.21,M,0.0,M,0.0,0000*67
$GPRMC,231515.00,A,3731.331910,N,12221.295049,W,033.5,342.4,290520,,,A*4B
$GPGGA,231516.00,3731.340531,N,12221.298680,W,7,,0.38,108.12,M,0.0,M,0.0,0000*6C
$GPRMC,231516.00,A,3731.340531,N,12221.298680,W,030.4,341.9,290520,,,A*43
$GPGGA,231517.00,3731.348043,N,12221.301896,W,7,,0.38,108.90,M,0.0,M,0.0,0000*67
$GPRMC,231517.00,A,3731.348043,N,12221.301896,W,027.0,342.1,290520,,,A*4B
$GPGGA,231518.00,3731.354638,N,12221.304373,W,7,,0.38,109.63,M,0.0,M,0.0,0000*67
$GPRMC,231518.00,A,3731.354638,N,12221.304373,W,023.3,345.0,290520,,,A*47
$GPGGA,231519.00,3731.360349,N,12221.305795,W,7,,0.38,110.31,M,0.0,M,0.0,0000*60
$GPRMC,231519.00,A,3731.360349,N,12221.305795,W,020.2,351.5,290520,,,A*4D
$GPGGA,231520.00,3731.365827,N,12221.306065,W,7,,0.38,110.85,M,0.0,M,0.0,0000*68
$GPRMC,231520.00,A,3731.365827,N,12221.306065,W,018.9,001.4,290520,,,A*4D
$GPGGA,231521.00,3731.370976,N,12221.305033,W,7,,0.38,111.29,M,0.0,M,0.0,0000*6F
$GPRMC,231521.00,A,3731.370976,N,12221.305033,W,017.9,013.4,290520,,,A*41
$GPGGA,231522.00,3731.375481,N,12221.302802,W,7,,0.38,111.79,M,0.0,M,0.0,0000*64
$GPRMC,231522.00,A,3731.375481,N,12221.302802,W,016.9,025.0,290520,,,A*4F
$GPGGA,231523.00,3731.379105,N,12221.299886,W,7,,0.38,112.38,M,0.0,M,0.0,0000*69
$GPRMC,231523.00,A,3731.379105,N,12221.299886,W,015.4,035.7,290520,,,A*4C
$GPGGA,231524.00,3731.382057,N,12221.296327,W,7,,0.38,112.90,M,0.0,M,0.0,0000*61
$GPRMC,231524.00,A,3731.382057,N,12221.296327,W,013.8,046.8,290520,,,A*47
$GPGGA,231525.00,3731.384080,N,12221.292667,W,7,,0.38,113.50,M,0.0,M,0.0,0000*64
$GPRMC,231525.00,A,3731.384080,N,12221.292667,W,012.1,058.1,290520,,,A*41
$GPGGA,231526.00,3731.385375,N,12221.289086,W,7,,0.38,114.11,M,0.0,M,0.0,0000*6E
$GPRMC,231526.00,A,3731.385375,N,12221.289086,W,011.3,066.8,290520,,,A*4C
$GPGGA,231527.00,3731.386276,N,12221.285143,W,7,,0.38,114.70,M,0.0,M,0.0,0000*6D
$GPRMC,231527.00,A,3731.386276,N,12221.285143,W,012.1,075.5,290520,,,A*46
$GPGGA,231528.00,3731.386888,N,12221.280865,W,7,,0.38,115.22,M,0.0,M,0.0,0000*67
$GPRMC,231528.00,A,3731.386888,N,12221.280865,W,013.0,081.9,290520,,,A*4D
$GPGGA,231529.00,3731.387368,N,12221.275933,W,7,,0.38,115.69,M,0.0,M,0.0,0000*65
$GPRMC,231529.00,A,3731.387368,N,12221.275933,W,014.4,083.2,290520,,,A*4A
$GPGGA,231530.00,3731.387908,N,12221.270846,W,7,,0.38,116.25,M,0.0,M,0.0,0000*6C
$GPRMC,231530.00,A,3731.387908,N,12221.270846,W,015.9,083.3,290520,,,A*45
$GPGGA,231531.00,3731.388574,N,12221.265098,W,7,,0.38,117.04,M,0.0,M,0.0,0000*68
$GPRMC,231531.00,A,3731.388574,N,12221.265098,W,017.4,082.7,290520,,,A*49
$GPGGA,231532.00,3731.389719,N,12221.258654,W,7,,0.38,117.96,M,0.0,M,0.0,0000*60
$GPRMC,231532.00,A,3731.389719,N,12221.258654,W,019.1,077.1,290520,,,A*4D
$GPGGA,231533.00,3731.391592,N,12221.252167,W,7,,0.38,118.89,M,0.0,M,0.0,0000*65
$GPRMC,231533.00,A,3731.391592,N,12221.252167,W,020.4,067.9,290520,,,A*4F
$GPGGA,231534.00,3731.394580,N,12221.245993,W,7,,0.38,119.89,M,0.0,M,0.0,0000*60
$GPRMC,231534.00,A,3731.394580,N,12221.245993,W,021.5,055.9,290520,,,A*4A
$GPGGA,231535.00,3731.398606,N,12221.240689,W,7,,0.38,120.75,M,0.0,M,0.0,0000*68
$GPRMC,231535.00,A,3731.398606,N,12221.240689,W,022.3,043.2,290520,,,A*42
$GPGGA,231536.00,3731.403664,N,12221.236034,W,7,,0.38,121.84,M,0.0,M,0.0,0000*64
$GPRMC,231536.00,A,3731.403664,N,12221.236034,W,023.1,033.2,290520,,,A*45
$GPGGA,231537.00,3731.409627,N,12221.232140,W,7,,0.38,122.84,M,0.0,M,0.0,0000*6D
$GPRMC,231537.00,A,3731.409627,N,12221.232140,W,023.8,024.5,290520,,,A*47
$GPGGA,231538.00,3731.415879,N,12221.229008,W,7,,0.38,123.84,M,0.0,M,0.0,0000*6C
$GPRMC,231538.00,A,3731.415879,N,12221.229008,W,024.6,020.3,290520,,,A*4C
$GPGGA,231539.00,3731.422234,N,12221.226127,W,7,,0.38,124.89,M,0.0,M,0.0,0000*63
$GPRMC,231539.00,A,3731.422234,N,12221.226127,W,024.8,019.6,290520,,,A*48
$GPGGA,231540.00,3731.428707,N,12221.222846,W,7,,0.38,126.06,M,0.0,M,0.0,0000*6D
$GPRMC,231540.00,A,3731.428707,N,12221.222846,W,023.4,022.9,290520,,,A*4F
$GPGGA,231541.00,3731.434318,N,12221.219275,W,7,,0.38,127.07,M,0.0,M,0.0,0000*69
$GPRMC,231541.00,A,3731.434318,N,12221.219275,W,021.9,028.3,290520,,,A*44
$GPGGA,231542.00,3731.439045,N,12221.215526,W,7,,0.38,127.95,M,0.0,M,0.0,0000*6A
$GPRMC,231542.00,A,3731.439045,N,12221.215526,W,019.8,034.2,290520,,,A*4A
$GPGGA,231543.00,3731.443563,N,12221.211140,W,7,,0.38,128.73,M,0.0,M,0.0,0000*60
$GPRMC,231543.00,A,3731.443563,N,12221.211140,W,019.8,038.5,290520,,,A*4C
$GPGGA,231544.00,3731.447782,N,12221.206597,W,7,,0.38,129.54,M,0.0,M,0.0,0000*62
$GPRMC,231544.00,A,3731.447782,N,12221.206597,W,020.1,040.9,290520,,,A*4A
$GPGGA,231545.00,3731.452101,N,12221.201666,W,7,,0.38,130.30,M,0.0,M,0.0,0000*6A
$GPRMC,231545.00,A,3731.452101,N,12221.201666,W,020.4,042.1,290520,,,A*47
$GPGGA,231546.00,3731.456175,N,12221.196871,W,7,,0.38,130.85,M,0.0,M,0.0,0000*65
$GPRMC,231546.00,A,3731.456175,N,12221.196871,W,020.8,043.0,290520,,,A*4A
$GPGGA,231547.00,3731.460273,N,12221.191915,W,7,,0.38,131.44,M,0.0,M,0.0,0000*6C
$GPRMC,231547.00,A,3731.460273,N,12221.191915,W,020.4,043.9,290520,,,A*4A
$GPGGA,231548.00,3731.464330,N,12221.186870,W,7,,0.38,131.95,M,0.0,M,0.0,0000*69
$GPRMC,231548.00,A,3731.464330,N,12221.186870,W,019.4,044.9,290520,,,A*4E
$GPGGA,231549.00,3731.467929,N,12221.182046,W,7,,0.38,132.29,M,0.0,M,0.0,0000*64
$GPRMC,231549.00,A,3731.467929,N,12221.182046,W,018.4,046.5,290520,,,A*48
$GPGGA,231550.00,3731.471001,N,12221.177725,W,7,,0.38,126.19,M,0.0,M,0.0,0000*66
$GPRMC,231550.00,A,3731.471001,N,12221.177725,W,016.2,048.6,290520,,,A*49
$GPGGA,231551.00,3731.473540,N,12221.173970,W,7,,0.38,128.90,M,0.0,M,0.0,0000*60
$GPRMC,231551.00,A,3731.473540,N,12221.173970,W,012.5,050.1,290520,,,A*4D
$GPGGA,231552.00,3731.475255,N,12221.171300,W,7,,0.38,130.42,M,0.0,M,0.0,0000*6F
$GPRMC,231552.00,A,3731.475255,N,12221.171300,W,007.6,051.7,290520,,,A*44
$GPGGA,231553.00,3731.476101,N,12221.169968,W,7,,0.38,131.39,M,0.0,M,0.0,0000*6F
$GPRMC,231553.00,A,3731.476101,N,12221.169968,W,002.6,052.8,290520,,,A*40
$GPGGA,231554.00,3731.476450,N,12221.169374,W,7,,0.38,131.97,M,0.0,M,0.0,0000*6A
$GPRMC,231554.00,A,3731.476450,N,12221.169374,W,001.5,053.2,290520,,,A*4A
$GPGGA,231555.00,3731.476816,N,12221.168816,W,7,,0.38,132.61,M,0.0,M,0.0,0000*61
$GPRMC,231555.00,A,3731.476816,N,12221.168816,W,002.9,052.8,290520,,,A*4F
$GPGGA,231556.00,3731.477902,N,12221.167622,W,7,,0.38,133.12,M,0.0,M,0.0,0000*64
$GPRMC,231556.00,A,3731.477902,N,12221.167622,W,006.4,044.8,290520,,,A*41
$GPGGA,231557.00,3731.479954,N,12221.166613,W,7,,0.38,133.25,M,0.0,M,0.0,0000*6F
$GPRMC,231557.00,A,3731.479954,N,12221.166613,W,008.9,024.6,290520,,,A*45
$GPGGA,231558.00,3731.482612,N,12221.166565,W,7,,0.38,133.37,M,0.0,M,0.0,0000*68
$GPRMC,231558.00,A,3731.482612,N,12221.166565,W,010.4,000.3,290520,,,A*46
$GPGGA,231559.00,3731.485593,N,12221.167807,W,7,,0.38,133.39,M,0.0,M,0.0,0000*62
$GPRMC,231559.00,A,3731.485593,N,12221.167807,W,012.5,339.3,290520,,,A*48
$GPGGA,231600.00,3731.488894,N,12221.170268,W,7,,0.38,132.95,M,0.0,M,0.0,0000*68
$GPRMC,231600.00,A,3731.488894,N,12221.170268,W,014.6,326.2,290520,,,A*4F
$GPGGA,231601.00,3731.492470,N,12221.173279,W,7,,0.38,132.87,M,0.0,M,0.0,0000*64
$GPRMC,231601.00,A,3731.492470,N,12221.173279,W,015.4,325.1,290520,,,A*43
$GPGGA,231602.00,3731.496040,N,12221.176219,W,7,,0.38,132.57,M,0.0,M,0.0,0000*6A
$GPRMC,231602.00,A,3731.496040,N,12221.176219,W,015.9,326.5,290520,,,A*4A
$GPGGA,231603.00,3731.499610,N,12221.179040,W,7,,0.38,132.30,M,0.0,M,0.0,0000*67
$GPRMC,231603.00,A,3731.499610,N,12221.179040,W,014.5,327.7,290520,,,A*48
$GPGGA,231604.00,3731.502735,N,12221.181637,W,7,,0.38,132.17,M,0.0,M,0.0,0000*61
$GPRMC,231604.00,A,3731.502735,N,12221.181637,W,012.0,325.2,290520,,,A*4F
$GPGGA,231605.00,3731.504781,N,12221.183629,W,7,,0.38,131.93,M,0.0,M,0.0,0000*6B
$GPRMC,231605.00,A,3731.504781,N,12221.183629,W,007.1,320.7,290520,,,A*4F
$GPGGA,231606.00,3731.505621,N,12221.184421,W,7,,0.38,131.95,M,0.0,M,0.0,0000*69
$GPRMC,231606.00,A,3731.505621,N,12221.184421,W,001.5,319.3,290520,,,A*47
$GPGGA,231607.00,3731.505789,N,12221.184553,W,7,,0.38,131.97,M,0.0,M,0.0,0000*6D
$GPRMC,231607.00,A,3731.505789,N,12221.184553,W,000.0,000.0,290520,,,A*4D
$GPGGA,231608.00,3731.505814,N,12221.184590,W,7,,0.38,132.00,M,0.0,M,0.0,0000*6B
$GPRMC,231608.00,A,3731.505814,N,12221.184590,W,000.3,320.4,290520,,,A*40
$GPGGA,231609.00,3731.505826,N,12221.184577,W,7,,0.38,132.08,M,0.0,M,0.0,0000*6A
$GPRMC,231609.00,A,3731.505826,N,12221.184577,W,000.0,000.0,290520,,,A*4F
$GPGGA,231610.00,3731.505549,N,12221.184440,W,7,,0.38,131.94,M,0.0,M,0.0,0000*65
$GPRMC,231610.00,A,3731.505549,N,12221.184440,W,002.1,312.1,290520,,,A*44
$GPGGA,231611.00,3731.505376,N,12221.184361,W,7,,0.38,130.68,M,0.0,M,0.0,0000*68
$GPRMC,231611.00,A,3731.505376,N,12221.184361,W,001.2,312.5,290520,,,A*4F
$GPGGA,231612.00,3731.505202,N,12221.184265,W,7,,0.38,132.92,M,0.0,M,0.0,0000*6B
$GPRMC,231612.00,A,3731.505202,N,12221.184265,W,000.0,000.0,290520,,,A*4D
$GPGGA,231613.00,3731.505249,N,12221.184379,W,7,,0.38,132.89,M,0.0,M,0.0,0000*63
$GPRMC,231613.00,A,3731.505249,N,12221.184379,W,000.0,000.0,290520,,,A*4F
$GPGGA,231614.00,3731.505285,N,12221.184518,W,7,,0.38,132.97,M,0.0,M,0.0,0000*6A
$GPRMC,231614.00,A,3731.505285,N,12221.184518,W,000.0,000.0,290520,,,A*49
$GPGGA,231615.00,3731.505255,N,12221.184614,W,7,,0.38,132.94,M,0.0,M,0.0,0000*6A
$GPRMC,231615.00,A,3731.505255,N,12221.184614,W,000.0,000.0,290520,,,A*4A
$GPGGA,231616.00,3731.505183,N,12221.184739,W,7,,0.38,133.04,M,0.0,M,0.0,0000*67
$GPRMC,231616.00,A,3731.505183,N,12221.184739,W,000.0,000.0,290520,,,A*4F
$GPGGA,231617.00,3731.505124,N,12221.184751,W,7,,0.38,132.87,M,0.0,M,0.0,0000*6F
$GPRMC,231617.00,A,3731.505124,N,12221.184751,W,000.0,000.0,290520,,,A*4D
$GPGGA,231618.00,3731.505063,N,12221.184805,W,7,,0.38,132.93,M,0.0,M,0.0,0000*69
$GPRMC,231618.00,A,3731.505063,N,12221.184805,W,000.0,000.0,290520,,,A*4E
$GPGGA,231619.00,3731.504938,N,12221.184853,W,7,,0.38,132.72,M,0.0,M,0.0,0000*62
$GPRMC,231619.00,A,3731.504938,N,12221.184853,W,000.0,000.0,290520,,,A*4A
$GPGGA,231620.00,3731.504841,N,12221.184883,W,7,,0.38,132.55,M,0.0,M,0.0,0000*6F
$GPRMC,231620.00,A,3731.504841,N,12221.184883,W,000.0,000.0,290520,,,A*42
$GPGGA,231621.00,3731.504769,N,12221.184860,W,7,,0.38,132.59,M,0.0,M,0.0,0000*6A
$GPRMC,231621.00,A,3731.504769,N,12221.184860,W,000.0,000.0,290520,,,A*4B
$GPGGA,231622.00,3731.504703,N,12221.184860,W,7,,0.38,132.33,M,0.0,M,0.0,0000*69
$GPRMC,231622.00,A,3731.504703,N,12221.184860,W,000.0,000.0,290520,,,A*44
$GPGGA,231623.00,3731.504758,N,12221.184805,W,7,,0.38,132.19,M,0.0,M,0.0,0000*6D
$GPRMC,231623.00,A,3731.504758,N,12221.184805,W,000.0,000.0,290520,,,A*48
$GPGGA,231624.00,3731.504656,N,12221.184877,W,7,,0.38,132.74,M,0.0,M,0.0,0000*6B
$GPRMC,231624.00,A,3731.504656,N,12221.184877,W,000.0,000.0,290520,,,A*45
$GPGGA,231625.00,3731.504457,N,12221.184830,W,7,,0.38,132.90,M,0.0,M,0.0,0000*60
$GPRMC,231625.00,A,3731.504457,N,12221.184830,W,000.0,000.0,290520,,,A*44
$GPGGA,231626.00,3731.504392,N,12221.184883,W,7,,0.38,132.86,M,0.0,M,0.0,0000*62
$GPRMC,231626.00,A,3731.504392,N,12221.184883,W,000.0,000.0,290520,,,A*41
$GPGGA,231627.00,3731.504337,N,12221.184955,W,7,,0.38,133.28,M,0.0,M,0.0,0000*63
$GPRMC,231627.00,A,3731.504337,N,12221.184955,W,000.0,000.0,290520,,,A*45
$GPGGA,231628.00,3731.504284,N,12221.184932,W,7,,0.38,133.50,M,0.0,M,0.0,0000*6B
$GPRMC,231628.00,A,3731.504284,N,12221.184932,W,000.0,000.0,290520,,,A*42
$GPGGA,231629.00,3731.504284,N,12221.184944,W,7,,0.38,133.59,M,0.0,M,0.0,0000*62
$GPRMC,231629.00,A,3731.504284,N,12221.184944,W,000.0,000.0,290520,,,A*42
