$GPGGA,212227.00,3737.734396,N,12225.578917,W,7,,0.38,-1.73,M,0.0,M,0.0,0000*4C
$GPRMC,212227.00,A,3737.734396,N,12225.578917,W,000.0,000.0,210520,,,A*41
$GPGGA,212228.00,3737.734305,N,12225.578851,W,7,,0.38,-1.65,M,0.0,M,0.0,0000*4D
$GPRMC,212228.00,A,3737.734305,N,12225.578851,W,000.0,000.0,210520,,,A*47
$GPGGA,212229.00,3737.734252,N,12225.578761,W,7,,0.38,-1.70,M,0.0,M,0.0,0000*47
$GPRMC,212229.00,A,3737.734252,N,12225.578761,W,000.0,000.0,210520,,,A*49
$GPGGA,212230.00,3737.734173,N,12225.578642,W,7,,0.38,-1.65,M,0.0,M,0.0,0000*4B
$GPRMC,212230.00,A,3737.734173,N,12225.578642,W,000.0,000.0,210520,,,A*41
$GPGGA,212231.00,3737.734138,N,12225.578617,W,7,,0.38,-1.66,M,0.0,M,0.0,0000*46
$GPRMC,212231.00,A,3737.734138,N,12225.578617,W,000.0,000.0,210520,,,A*4F
$GPGGA,212232.00,3737.734138,N,12225.578612,W,7,,0.38,-1.69,M,0.0,M,0.0,0000*4F
$GPRMC,212232.00,A,3737.734138,N,12225.578612,W,000.0,000.0,210520,,,A*49
$GPGGA,212233.00,3737.734209,N,12225.578654,W,7,,0.38,-1.83,M,0.0,M,0.0,0000*49
$GPRMC,212233.00,A,3737.734209,N,12225.578654,W,000.0,000.0,210520,,,A*4B
$GPGGA,212234.00,3737.734203,N,12225.578654,W,7,,0.38,-2.03,M,0.0,M,0.0,0000*4F
$GPRMC,212234.00,A,3737.734203,N,12225.578654,W,000.0,000.0,210520,,,A*46
$GPGGA,212235.00,3737.734156,N,12225.578563,W,7,,0.38,-1.78,M,0.0,M,0.0,0000*45
$GPRMC,212235.00,A,3737.734156,N,12225.578563,W,000.0,000.0,210520,,,A*43
$GPGGA,212236.00,3737.734173,N,12225.578449,W,7,,0.38,-1.87,M,0.0,M,0.0,0000*48
$GPRMC,212236.00,A,3737.734173,N,12225.578449,W,000.0,000.0,210520,,,A*4E
$GPGGA,212237.00,3737.734083,N,12225.578287,W,7,,0.38,-1.81,M,0.0,M,0.0,0000*45
$GPRMC,212237.00,A,3737.734083,N,12225.578287,W,000.0,000.0,210520,,,A*45
$GPGGA,212238.00,3737.734156,N,12225.578173,W,7,,0.38,-1.77,M,0.0,M,0.0,0000*42
$GPRMC,212238.00,A,3737.734156,N,12225.578173,W,000.0,000.0,210520,,,A*4B
$GPGGA,212239.00,3737.734156,N,12225.577987,W,7,,0.38,-1.72,M,0.0,M,0.0,0000*4A
$GPRMC,212239.00,A,3737.734156,N,12225.577987,W,000.0,000.0,210520,,,A*46
$GPGGA,212240.00,3737.734192,N,12225.577801,W,7,,0.38,-1.83,M,0.0,M,0.0,0000*4D
$GPRMC,212240.00,A,3737.734192,N,12225.577801,W,000.0,000.0,210520,,,A*4F
$GPGGA,212241.00,3737.734197,N,12225.577639,W,7,,0.38,-1.93,M,0.0,M,0.0,0000*4D
$GPRMC,212241.00,A,3737.734197,N,12225.577639,W,000.0,000.0,210520,,,A*4E
$GPGGA,212242.00,3737.734216,N,12225.577718,W,7,,0.38,-2.13,M,0.0,M,0.0,0000*4D
$GPRMC,212242.00,A,3737.734216,N,12225.577718,W,000.0,000.0,210520,,,A*45
$GPGGA,212243.00,3737.734239,N,12225.577741,W,7,,0.38,-2.01,M,0.0,M,0.0,0000*4E
$GPRMC,212243.00,A,3737.734239,N,12225.577741,W,000.0,000.0,210520,,,A*45
$GPGGA,212244.00,3737.734192,N,12225.577790,W,7,,0.38,-1.59,M,0.0,M,0.0,0000*49
$GPRMC,212244.00,A,3737.734192,N,12225.577790,W,000.0,000.0,210520,,,A*4C
$GPGGA,212245.00,3737.734228,N,12225.577820,W,7,,0.38,-1.65,M,0.0,M,0.0,0000*41
$GPRMC,212245.00,A,3737.734228,N,12225.577820,W,000.0,000.0,210520,,,A*4B
$GPGGA,212246.00,3737.734203,N,12225.577862,W,7,,0.38,-1.33,M,0.0,M,0.0,0000*4E
$GPRMC,212246.00,A,3737.734203,N,12225.577862,W,000.0,000.0,210520,,,A*47
$GPGGA,212247.00,3737.734228,N,12225.577885,W,7,,0.38,-1.32,M,0.0,M,0.0,0000*4E
$GPRMC,212247.00,A,3737.734228,N,12225.577885,W,000.0,000.0,210520,,,A*46
$GPGGA,212248.00,3737.734258,N,12225.577987,W,7,,0.38,-1.51,M,0.0,M,0.0,0000*40
$GPRMC,212248.00,A,3737.734258,N,12225.577987,W,000.0,000.0,210520,,,A*4D
$GPGGA,212249.00,3737.734300,N,12225.578048,W,7,,0.38,-1.60,M,0.0,M,0.0,0000*4A
$GPRMC,212249.00,A,3737.734300,N,12225.578048,W,000.0,000.0,210520,,,A*45
$GPGGA,212250.00,3737.734317,N,12225.578083,W,7,,0.38,-1.61,M,0.0,M,0.0,0000*42
$GPRMC,212250.00,A,3737.734317,N,12225.578083,W,000.0,000.0,210520,,,A*4C
$GPGGA,212251.00,3737.734330,N,12225.578089,W,7,,0.38,-1.61,M,0.0,M,0.0,0000*4C
$GPRMC,212251.00,A,3737.734330,N,12225.578089,W,000.0,000.0,210520,,,A*42
$GPGGA,212252.00,3737.734353,N,12225.578054,W,7,,0.38,-1.57,M,0.0,M,0.0,0000*4F
$GPRMC,212252.00,A,3737.734353,N,12225.578054,W,000.0,000.0,210520,,,A*44
$GPGGA,212253.00,3737.734383,N,12225.577999,W,7,,0.38,-1.54,M,0.0,M,0.0,0000*47
$GPRMC,212253.00,A,3737.734383,N,12225.577999,W,000.0,000.0,210520,,,A*4F
$GPGGA,212254.00,3737.734402,N,12225.577957,W,7,,0.38,-1.52,M,0.0,M,0.0,0000*4A
$GPRMC,212254.00,A,3737.734402,N,12225.577957,W,000.0,000.0,210520,,,A*44
$GPGGA,212255.00,3737.734413,N,12225.577927,W,7,,0.38,-1.51,M,0.0,M,0.0,0000*4F
$GPRMC,212255.00,A,3737.734413,N,12225.577927,W,000.0,000.0,210520,,,A*42
$GPGGA,212256.00,3737.734419,N,12225.577915,W,7,,0.38,-1.50,M,0.0,M,0.0,0000*46
$GPRMC,212256.00,A,3737.734419,N,12225.577915,W,000.0,000.0,210520,,,A*4A
$GPGGA,212257.00,3737.734425,N,12225.577910,W,7,,0.38,-1.50,M,0.0,M,0.0,0000*4D
$GPRMC,212257.00,A,3737.734425,N,12225.577910,W,000.0,000.0,210520,,,A*41
$GPGGA,212258.00,3737.734425,N,12225.577903,W,7,,0.38,-1.50,M,0.0,M,0.0,0000*40
$GPRMC,212258.00,A,3737.734425,N,12225.577903,W,000.0,000.0,210520,,,A*4C
$GPGGA,212259.00,3737.734425,N,12225.577903,W,7,,0.38,-1.49,M,0.0,M,0.0,0000*49
$GPRMC,212259.00,A,3737.734425,N,12225.577903,W,000.0,000.0,210520,,,A*4D
$GPGGA,212300.00,3737.734432,N,12225.577903,W,7,,0.38,-1.49,M,0.0,M,0.0,0000*42
$GPRMC,212300.00,A,3737.734432,N,12225.577903,W,000.0,000.0,210520,,,A*46
$GPGGA,212301.00,3737.734432,N,12225.577897,W,7,,0.38,-1.49,M,0.0,M,0.0,0000*4F
$GPRMC,212301.00,A,3737.734432,N,12225.577897,W,000.0,000.0,210520,,,A*4B
$GPGGA,212302.00,3737.734432,N,12225.577897,W,7,,0.38,-1.50,M,0.0,M,0.0,0000*44
$GPRMC,212302.00,A,3737.734432,N,12225.577897,W,000.0,000.0,210520,,,A*48
$GPGGA,212303.00,3737.734432,N,12225.577897,W,7,,0.38,-1.49,M,0.0,M,0.0,0000*4D
$GPRMC,212303.00,A,3737.734432,N,12225.577897,W,000.0,000.0,210520,,,A*49
$GPGGA,212304.00,3737.734432,N,12225.577897,W,7,,0.38,-1.49,M,0.0,M,0.0,0000*4A
$GPRMC,212304.00,A,3737.734432,N,12225.577897,W,000.0,000.0,210520,,,A*4E
$GPGGA,212305.00,3737.734438,N,12225.577897,W,7,,0.38,-1.49,M,0.0,M,0.0,0000*41
$GPRMC,212305.00,A,3737.734438,N,12225.577897,W,000.0,000.0,210520,,,A*45
$GPGGA,212306.00,3737.734485,N,12225.577862,W,7,,0.38,-1.98,M,0.0,M,0.0,0000*42
$GPRMC,212306.00,A,3737.734485,N,12225.577862,W,000.5,357.7,210520,,,A*49
$GPGGA,212307.00,3737.734647,N,12225.577646,W,7,,0.38,-1.66,M,0.0,M,0.0,0000*46
$GPRMC,212307.00,A,3737.734647,N,12225.577646,W,001.6,356.8,210520,,,A*40
$GPGGA,212308.00,3737.733592,N,12225.576895,W,7,,0.38,-1.45,M,0.0,M,0.0,0000*45
$GPRMC,212308.00,A,3737.733592,N,12225.576895,W,004.3,149.9,210520,,,A*4F
$GPGGA,212309.00,3737.731611,N,12225.575455,W,7,,0.38,-1.60,M,0.0,M,0.0,0000*4A
$GPRMC,212309.00,A,3737.731611,N,12225.575455,W,007.8,147.2,210520,,,A*4A
$GPGGA,212310.00,3737.728575,N,12225.573187,W,7,,0.38,-1.30,M,0.0,M,0.0,0000*42
$GPRMC,212310.00,A,3737.728575,N,12225.573187,W,010.1,145.4,210520,,,A*4C
$GPGGA,212311.00,3737.725894,N,12225.570793,W,7,,0.38,-1.31,M,0.0,M,0.0,0000*4D
$GPRMC,212311.00,A,3737.725894,N,12225.570793,W,012.1,145.4,210520,,,A*40
$GPGGA,212312.00,3737.722798,N,12225.568165,W,7,,0.38,-1.17,M,0.0,M,0.0,0000*48
$GPRMC,212312.00,A,3737.722798,N,12225.568165,W,013.4,148.3,210520,,,A*4F
$GPGGA,212313.00,3737.719425,N,12225.566023,W,7,,0.38,-1.16,M,0.0,M,0.0,0000*48
$GPRMC,212313.00,A,3737.719425,N,12225.566023,W,013.9,152.0,210520,,,A*4B
$GPGGA,212314.00,3737.715580,N,12225.563660,W,7,,0.38,-1.16,M,0.0,M,0.0,0000*49
$GPRMC,212314.00,A,3737.715580,N,12225.563660,W,015.6,154.0,210520,,,A*45
$GPGGA,212315.00,3737.711433,N,12225.560972,W,7,,0.38,-1.07,M,0.0,M,0.0,0000*4A
$GPRMC,212315.00,A,3737.711433,N,12225.560972,W,016.7,154.6,210520,,,A*42
$GPGGA,212316.00,3737.707245,N,12225.558434,W,7,,0.38,-1.41,M,0.0,M,0.0,0000*4F
$GPRMC,212316.00,A,3737.707245,N,12225.558434,W,016.6,154.6,210520,,,A*44
$GPGGA,212317.00,3737.703237,N,12225.555716,W,7,,0.38,-0.97,M,0.0,M,0.0,0000*4B
$GPRMC,212317.00,A,3737.703237,N,12225.555716,W,016.5,154.6,210520,,,A*49
$GPGGA,212318.00,3737.698984,N,12225.553202,W,7,,0.38,-0.85,M,0.0,M,0.0,0000*41
$GPRMC,212318.00,A,3737.698984,N,12225.553202,W,016.1,154.5,210520,,,A*47
$GPGGA,212319.00,3737.695167,N,12225.550699,W,7,,0.38,-0.59,M,0.0,M,0.0,0000*4C
$GPRMC,212319.00,A,3737.695167,N,12225.550699,W,016.4,152.8,210520,,,A*45
$GPGGA,212320.00,3737.690956,N,12225.547706,W,7,,0.38,-0.37,M,0.0,M,0.0,0000*40
$GPRMC,212320.00,A,3737.690956,N,12225.547706,W,017.8,150.1,210520,,,A*47
$GPGGA,212321.00,3737.686684,N,12225.544333,W,7,,0.38,-0.17,M,0.0,M,0.0,0000*45
$GPRMC,212321.00,A,3737.686684,N,12225.544333,W,017.8,147.5,210520,,,A*42
$GPGGA,212322.00,3737.682765,N,12225.540980,W,7,,0.38,-0.05,M,0.0,M,0.0,0000*49
$GPRMC,212322.00,A,3737.682765,N,12225.540980,W,017.2,148.0,210520,,,A*4D
$GPGGA,212323.00,3737.678986,N,12225.537794,W,7,,0.38,0.10,M,0.0,M,0.0,0000*6C
$GPRMC,212323.00,A,3737.678986,N,12225.537794,W,016.5,146.1,210520,,,A*48
$GPGGA,212324.00,3737.675103,N,12225.534439,W,7,,0.38,0.03,M,0.0,M,0.0,0000*66
$GPRMC,212324.00,A,3737.675103,N,12225.534439,W,016.8,145.5,210520,,,A*4A
$GPGGA,212325.00,3737.671030,N,12225.531337,W,7,,0.38,0.28,M,0.0,M,0.0,0000*67
$GPRMC,212325.00,A,3737.671030,N,12225.531337,W,016.8,148.9,210520,,,A*43
$GPGGA,212326.00,3737.667615,N,12225.528997,W,7,,0.38,0.17,M,0.0,M,0.0,0000*66
$GPRMC,212326.00,A,3737.667615,N,12225.528997,W,012.6,151.5,210520,,,A*40
$GPGGA,212327.00,3737.665317,N,12225.527528,W,7,,0.38,0.27,M,0.0,M,0.0,0000*66
$GPRMC,212327.00,A,3737.665317,N,12225.527528,W,008.0,152.7,210520,,,A*4F
$GPGGA,212328.00,3737.663998,N,12225.526669,W,7,,0.38,0.28,M,0.0,M,0.0,0000*6A
$GPRMC,212328.00,A,3737.663998,N,12225.526669,W,003.6,153.0,210520,,,A*47
$GPGGA,212329.00,3737.663391,N,12225.526207,W,7,,0.38,0.51,M,0.0,M,0.0,0000*6A
$GPRMC,212329.00,A,3737.663391,N,12225.526207,W,001.4,154.2,210520,,,A*4C
$GPGGA,212330.00,3737.663302,N,12225.526160,W,7,,0.38,0.71,M,0.0,M,0.0,0000*68
$GPRMC,212330.00,A,3737.663302,N,12225.526160,W,000.0,000.0,210520,,,A*4B
$GPGGA,212331.00,3737.663272,N,12225.526123,W,7,,0.38,0.97,M,0.0,M,0.0,0000*60
$GPRMC,212331.00,A,3737.663272,N,12225.526123,W,000.0,000.0,210520,,,A*4B
$GPGGA,212332.00,3737.663319,N,12225.526123,W,7,,0.38,1.01,M,0.0,M,0.0,0000*61
$GPRMC,212332.00,A,3737.663319,N,12225.526123,W,000.0,000.0,210520,,,A*44
$GPGGA,212333.00,3737.663319,N,12225.526123,W,7,,0.38,1.00,M,0.0,M,0.0,0000*61
$GPRMC,212333.00,A,3737.663319,N,12225.526123,W,000.0,000.0,210520,,,A*45
$GPGGA,212334.00,3737.663319,N,12225.526123,W,7,,0.38,1.00,M,0.0,M,0.0,0000*66
$GPRMC,212334.00,A,3737.663319,N,12225.526123,W,000.0,000.0,210520,,,A*42
$GPGGA,212335.00,3737.663319,N,12225.526123,W,7,,0.38,1.00,M,0.0,M,0.0,0000*67
$GPRMC,212335.00,A,3737.663319,N,12225.526123,W,000.0,000.0,210520,,,A*43
$GPGGA,212336.00,3737.663319,N,12225.526123,W,7,,0.38,1.00,M,0.0,M,0.0,0000*64
$GPRMC,212336.00,A,3737.663319,N,12225.526123,W,000.0,000.0,210520,,,A*40
$GPGGA,212337.00,3737.663319,N,12225.526123,W,7,,0.38,1.00,M,0.0,M,0.0,0000*65
$GPRMC,212337.00,A,3737.663319,N,12225.526123,W,000.0,000.0,210520,,,A*41
$GPGGA,212338.00,3737.663319,N,12225.526123,W,7,,0.38,1.00,M,0.0,M,0.0,0000*6A
$GPRMC,212338.00,A,3737.663319,N,12225.526123,W,000.0,000.0,210520,,,A*4E
$GPGGA,212339.00,3737.663319,N,12225.526123,W,7,,0.38,1.01,M,0.0,M,0.0,0000*6A
$GPRMC,212339.00,A,3737.663319,N,12225.526123,W,000.0,000.0,210520,,,A*4F
$GPGGA,212340.00,3737.663319,N,12225.526123,W,7,,0.38,1.00,M,0.0,M,0.0,0000*65
$GPRMC,212340.00,A,3737.663319,N,12225.526123,W,000.0,000.0,210520,,,A*41
$GPGGA,212341.00,3737.663319,N,12225.526123,W,7,,0.38,1.00,M,0.0,M,0.0,0000*64
$GPRMC,212341.00,A,3737.663319,N,12225.526123,W,000.0,000.0,210520,,,A*40
$GPGGA,212342.00,3737.663319,N,12225.526123,W,7,,0.38,1.00,M,0.0,M,0.0,0000*67
$GPRMC,212342.00,A,3737.663319,N,12225.526123,W,000.0,000.0,210520,,,A*43
$GPGGA,212343.00,3737.663319,N,12225.526123,W,7,,0.38,1.00,M,0.0,M,0.0,0000*66
$GPRMC,212343.00,A,3737.663319,N,12225.526123,W,000.0,000.0,210520,,,A*42
$GPGGA,212344.00,3737.663319,N,12225.526123,W,7,,0.38,1.00,M,0.0,M,0.0,0000*61
$GPRMC,212344.00,A,3737.663319,N,12225.526123,W,000.0,000.0,210520,,,A*45
$GPGGA,212345.00,3737.663319,N,12225.526123,W,7,,0.38,1.00,M,0.0,M,0.0,0000*60
$GPRMC,212345.00,A,3737.663319,N,12225.526123,W,000.0,000.0,210520,,,A*44
$GPGGA,212346.00,3737.663319,N,12225.526130,W,7,,0.38,1.01,M,0.0,M,0.0,0000*60
$GPRMC,212346.00,A,3737.663319,N,12225.526130,W,000.0,000.0,210520,,,A*45
$GPGGA,212347.00,3737.663319,N,12225.526123,W,7,,0.38,1.01,M,0.0,M,0.0,0000*63
$GPRMC,212347.00,A,3737.663319,N,12225.526123,W,000.0,000.0,210520,,,A*46
$GPGGA,212348.00,3737.663319,N,12225.526123,W,7,,0.38,1.00,M,0.0,M,0.0,0000*6D
$GPRMC,212348.00,A,3737.663319,N,12225.526123,W,000.0,000.0,210520,,,A*49
$GPGGA,212349.00,3737.663319,N,12225.526123,W,7,,0.38,1.00,M,0.0,M,0.0,0000*6C
$GPRMC,212349.00,A,3737.663319,N,12225.526123,W,000.0,000.0,210520,,,A*48
$GPGGA,212350.00,3737.663319,N,12225.526123,W,7,,0.38,1.00,M,0.0,M,0.0,0000*64
$GPRMC,212350.00,A,3737.663319,N,12225.526123,W,000.0,000.0,210520,,,A*40
$GPGGA,212351.00,3737.663319,N,12225.526123,W,7,,0.38,1.00,M,0.0,M,0.0,0000*65
$GPRMC,212351.00,A,3737.663319,N,12225.526123,W,000.0,000.0,210520,,,A*41
$GPGGA,212352.00,3737.663319,N,12225.526123,W,7,,0.38,1.00,M,0.0,M,0.0,0000*66
$GPRMC,212352.00,A,3737.663319,N,12225.526123,W,000.0,000.0,210520,,,A*42
$GPGGA,212353.00,3737.663319,N,12225.526123,W,7,,0.38,1.00,M,0.0,M,0.0,0000*67
$GPRMC,212353.00,A,3737.663319,N,12225.526123,W,000.0,000.0,210520,,,A*43
$GPGGA,212354.00,3737.663313,N,12225.526118,W,7,,0.38,1.00,M,0.0,M,0.0,0000*62
$GPRMC,212354.00,A,3737.663313,N,12225.526118,W,000.0,000.0,210520,,,A*46
$GPGGA,212355.00,3737.663146,N,12225.525607,W,7,,0.38,1.75,M,0.0,M,0.0,0000*69
$GPRMC,212355.00,A,3737.663146,N,12225.525607,W,002.7,152.9,210520,,,A*45
$GPGGA,212356.00,3737.661952,N,12225.524708,W,7,,0.38,1.84,M,0.0,M,0.0,0000*64
$GPRMC,212356.00,A,3737.661952,N,12225.524708,W,006.2,151.6,210520,,,A*4B
$GPGGA,212357.00,3737.660410,N,12225.522949,W,7,,0.38,1.80,M,0.0,M,0.0,0000*66
$GPRMC,212357.00,A,3737.660410,N,12225.522949,W,008.6,127.7,210520,,,A*47
$GPGGA,212358.00,3737.658873,N,12225.520190,W,7,,0.38,1.96,M,0.0,M,0.0,0000*62
$GPRMC,212358.00,A,3737.658873,N,12225.520190,W,010.7,114.3,210520,,,A*48
$GPGGA,212359.00,3737.657697,N,12225.516355,W,7,,0.38,1.94,M,0.0,M,0.0,0000*64
$GPRMC,212359.00,A,3737.657697,N,12225.516355,W,013.0,097.5,210520,,,A*44
$GPGGA,212400.00,3737.657458,N,12225.511640,W,7,,0.38,1.72,M,0.0,M,0.0,0000*60
$GPRMC,212400.00,A,3737.657458,N,12225.511640,W,014.7,081.9,210520,,,A*43
$GPGGA,212401.00,3737.658501,N,12225.506126,W,7,,0.38,1.50,M,0.0,M,0.0,0000*62
$GPRMC,212401.00,A,3737.658501,N,12225.506126,W,016.7,062.8,210520,,,A*4F
$GPGGA,212402.00,3737.660482,N,12225.500587,W,7,,0.38,1.50,M,0.0,M,0.0,0000*69
$GPRMC,212402.00,A,3737.660482,N,12225.500587,W,018.8,055.9,210520,,,A*40
$GPGGA,212403.00,3737.663008,N,12225.494180,W,7,,0.38,1.27,M,0.0,M,0.0,0000*62
$GPRMC,212403.00,A,3737.663008,N,12225.494180,W,021.3,057.9,210520,,,A*48
$GPGGA,212404.00,3737.666008,N,12225.486817,W,7,,0.38,0.96,M,0.0,M,0.0,0000*6F
$GPRMC,212404.00,A,3737.666008,N,12225.486817,W,023.6,059.9,210520,,,A*47
$GPGGA,212405.00,3737.669187,N,12225.479131,W,7,,0.38,0.51,M,0.0,M,0.0,0000*61
$GPRMC,212405.00,A,3737.669187,N,12225.479131,W,024.6,061.1,210520,,,A*46
$GPGGA,212406.00,3737.672266,N,12225.471056,W,7,,0.38,-0.36,M,0.0,M,0.0,0000*40
$GPRMC,212406.00,A,3737.672266,N,12225.471056,W,025.5,063.0,210520,,,A*4A
$GPGGA,212407.00,3737.675319,N,12225.463159,W,7,,0.38,-1.38,M,0.0,M,0.0,0000*4D
$GPRMC,212407.00,A,3737.675319,N,12225.463159,W,025.9,064.9,210520,,,A*4A
$GPGGA,212408.00,3737.678391,N,12225.454555,W,7,,0.38,-2.11,M,0.0,M,0.0,0000*4B
$GPRMC,212408.00,A,3737.678391,N,12225.454555,W,026.1,067.4,210520,,,A*41
$GPGGA,212409.00,3737.680810,N,12225.445748,W,7,,0.38,-3.00,M,0.0,M,0.0,0000*40
$GPRMC,212409.00,A,3737.680810,N,12225.445748,W,024.7,075.2,210520,,,A*4A
$GPGGA,212410.00,3737.681824,N,12225.437341,W,7,,0.38,-3.65,M,0.0,M,0.0,0000*45
$GPRMC,212410.00,A,3737.681824,N,12225.437341,W,023.9,086.3,210520,,,A*48
$GPGGA,212411.00,3737.681517,N,12225.429260,W,7,,0.38,-4.48,M,0.0,M,0.0,0000*4C
$GPRMC,212411.00,A,3737.681517,N,12225.429260,W,023.5,097.6,210520,,,A*40
$GPGGA,212412.00,3737.679921,N,12225.420451,W,7,,0.38,-4.98,M,0.0,M,0.0,0000*41
$GPRMC,212412.00,A,3737.679921,N,12225.420451,W,024.4,106.6,210520,,,A*4F
$GPGGA,212413.00,3737.677761,N,12225.412058,W,7,,0.38,-5.63,M,0.0,M,0.0,0000*4D
$GPRMC,212413.00,A,3737.677761,N,12225.412058,W,025.2,108.9,210520,,,A*40
$GPGGA,212414.00,3737.676051,N,12225.402488,W,7,,0.38,-6.75,M,0.0,M,0.0,0000*43
$GPRMC,212414.00,A,3737.676051,N,12225.402488,W,027.2,101.3,210520,,,A*4B
$GPGGA,212415.00,3737.675230,N,12225.392701,W,7,,0.38,-7.77,M,0.0,M,0.0,0000*4B
$GPRMC,212415.00,A,3737.675230,N,12225.392701,W,029.1,092.2,210520,,,A*47
$GPGGA,212416.00,3737.675770,N,12225.382754,W,7,,0.38,-8.56,M,0.0,M,0.0,0000*44
$GPRMC,212416.00,A,3737.675770,N,12225.382754,W,028.3,083.3,210520,,,A*46
$GPGGA,212417.00,3737.677528,N,12225.373292,W,7,,0.38,-9.02,M,0.0,M,0.0,0000*49
$GPRMC,212417.00,A,3737.677528,N,12225.373292,W,025.9,073.8,210520,,,A*48
$GPGGA,212418.00,3737.679760,N,12225.365792,W,7,,0.38,-9.19,M,0.0,M,0.0,0000*4E
$GPRMC,212418.00,A,3737.679760,N,12225.365792,W,021.5,067.8,210520,,,A*48
$GPGGA,212419.00,3737.680960,N,12225.363331,W,7,,0.38,-8.11,M,0.0,M,0.0,0000*45
$GPRMC,212419.00,A,3737.680960,N,12225.363331,W,011.8,065.2,210520,,,A*4C
$GPGGA,212420.00,3737.682147,N,12225.360559,W,7,,0.38,-8.07,M,0.0,M,0.0,0000*4C
$GPRMC,212420.00,A,3737.682147,N,12225.360559,W,006.4,068.5,210520,,,A*42
$GPGGA,212421.00,3737.682484,N,12225.359204,W,7,,0.38,-8.32,M,0.0,M,0.0,0000*44
$GPRMC,212421.00,A,3737.682484,N,12225.359204,W,002.0,070.4,210520,,,A*44
$GPGGA,212422.00,3737.682670,N,12225.358358,W,7,,0.38,-8.39,M,0.0,M,0.0,0000*4C
$GPRMC,212422.00,A,3737.682670,N,12225.358358,W,002.1,071.5,210520,,,A*46
$GPGGA,212423.00,3737.682831,N,12225.356744,W,7,,0.38,-8.34,M,0.0,M,0.0,0000*4C
$GPRMC,212423.00,A,3737.682831,N,12225.356744,W,005.8,070.8,210520,,,A*49
$GPGGA,212424.00,3737.683228,N,12225.353935,W,7,,0.38,-8.24,M,0.0,M,0.0,0000*44
$GPRMC,212424.00,A,3737.683228,N,12225.353935,W,009.7,070.6,210520,,,A*4D
$GPGGA,212425.00,3737.685706,N,12225.349922,W,7,,0.38,-8.51,M,0.0,M,0.0,0000*45
$GPRMC,212425.00,A,3737.685706,N,12225.349922,W,014.1,067.3,210520,,,A*47
$GPGGA,212426.00,3737.687632,N,12225.344743,W,7,,0.38,-8.71,M,0.0,M,0.0,0000*44
$GPRMC,212426.00,A,3737.687632,N,12225.344743,W,017.7,066.5,210520,,,A*46
$GPGGA,212427.00,3737.690055,N,12225.338390,W,7,,0.38,-9.01,M,0.0,M,0.0,0000*43
$GPRMC,212427.00,A,3737.690055,N,12225.338390,W,021.5,065.6,210520,,,A*40
$GPGGA,212428.00,3737.693110,N,12225.331082,W,7,,0.38,-9.18,M,0.0,M,0.0,0000*4E
$GPRMC,212428.00,A,3737.693110,N,12225.331082,W,023.9,061.2,210520,,,A*4B
$GPGGA,212429.00,3737.696949,N,12225.323965,W,7,,0.38,-9.55,M,0.0,M,0.0,0000*44
$GPRMC,212429.00,A,3737.696949,N,12225.323965,W,024.9,054.1,210520,,,A*4A
$GPGGA,212430.00,3737.701426,N,12225.317594,W,7,,0.38,-9.79,M,0.0,M,0.0,0000*4C
$GPRMC,212430.00,A,3737.701426,N,12225.317594,W,025.2,044.9,210520,,,A*4F
$GPGGA,212431.00,3737.706976,N,12225.312331,W,7,,0.38,-10.54,M,0.0,M,0.0,0000*79
$GPRMC,212431.00,A,3737.706976,N,12225.312331,W,026.6,033.9,210520,,,A*4A
$GPGGA,212432.00,3737.713371,N,12225.307670,W,7,,0.38,-11.08,M,0.0,M,0.0,0000*7F
$GPRMC,212432.00,A,3737.713371,N,12225.307670,W,027.2,024.6,210520,,,A*48
$GPGGA,212433.00,3737.720589,N,12225.303968,W,7,,0.38,-11.67,M,0.0,M,0.0,0000*74
$GPRMC,212433.00,A,3737.720589,N,12225.303968,W,027.3,020.4,210520,,,A*4D
$GPGGA,212434.00,3737.727508,N,12225.300290,W,7,,0.38,-12.27,M,0.0,M,0.0,0000*75
$GPRMC,212434.00,A,3737.727508,N,12225.300290,W,026.5,023.3,210520,,,A*48
$GPGGA,212435.00,3737.734000,N,12225.295664,W,7,,0.38,-12.86,M,0.0,M,0.0,0000*72
$GPRMC,212435.00,A,3737.734000,N,12225.295664,W,026.7,031.0,210520,,,A*46
$GPGGA,212436.00,3737.740126,N,12225.289699,W,7,,0.38,-13.53,M,0.0,M,0.0,0000*71
$GPRMC,212436.00,A,3737.740126,N,12225.289699,W,026.8,040.7,210520,,,A*42
$GPGGA,212437.00,3737.744991,N,12225.282692,W,7,,0.38,-13.74,M,0.0,M,0.0,0000*75
$GPRMC,212437.00,A,3737.744991,N,12225.282692,W,026.8,052.3,210520,,,A*44
$GPGGA,212438.00,3737.748886,N,12225.274652,W,7,,0.38,-13.94,M,0.0,M,0.0,0000*7A
$GPRMC,212438.00,A,3737.748886,N,12225.274652,W,027.8,060.4,210520,,,A*42
$GPGGA,212439.00,3737.752545,N,12225.265934,W,7,,0.38,-14.10,M,0.0,M,0.0,0000*76
$GPRMC,212439.00,A,3737.752545,N,12225.265934,W,028.4,062.7,210520,,,A*47
$GPGGA,212440.00,3737.756061,N,12225.257162,W,7,,0.38,-14.05,M,0.0,M,0.0,0000*71
$GPRMC,212440.00,A,3737.756061,N,12225.257162,W,028.2,062.0,210520,,,A*45
$GPGGA,212441.00,3737.759733,N,12225.248198,W,7,,0.38,-14.34,M,0.0,M,0.0,0000*76
$GPRMC,212441.00,A,3737.759733,N,12225.248198,W,027.5,062.0,210520,,,A*48
$GPGGA,212442.00,3737.763082,N,12225.239803,W,7,,0.38,-14.65,M,0.0,M,0.0,0000*78
$GPRMC,212442.00,A,3737.763082,N,12225.239803,W,026.2,063.0,210520,,,A*45
$GPGGA,212443.00,3737.765943,N,12225.232507,W,7,,0.38,-14.83,M,0.0,M,0.0,0000*71
$GPRMC,212443.00,A,3737.765943,N,12225.232507,W,023.2,063.3,210520,,,A*42
$GPGGA,212444.00,3737.768745,N,12225.225518,W,7,,0.38,-14.80,M,0.0,M,0.0,0000*78
$GPRMC,212444.00,A,3737.768745,N,12225.225518,W,020.7,063.3,210520,,,A*4E
$GPGGA,212445.00,3737.770960,N,12225.219806,W,7,,0.38,-14.73,M,0.0,M,0.0,0000*78
$GPRMC,212445.00,A,3737.770960,N,12225.219806,W,017.4,063.9,210520,,,A*4F
$GPGGA,212446.00,3737.772676,N,12225.215485,W,7,,0.38,-14.64,M,0.0,M,0.0,0000*7C
$GPRMC,212446.00,A,3737.772676,N,12225.215485,W,011.9,063.8,210520,,,A*47
$GPGGA,212447.00,3737.773654,N,12225.212947,W,7,,0.38,-14.79,M,0.0,M,0.0,0000*74
$GPRMC,212447.00,A,3737.773654,N,12225.212947,W,005.8,064.5,210520,,,A*4D
$GPGGA,212448.00,3737.774079,N,12225.211723,W,7,,0.38,-14.83,M,0.0,M,0.0,0000*7F
$GPRMC,212448.00,A,3737.774079,N,12225.211723,W,002.4,064.9,210520,,,A*44
$GPGGA,212449.00,3737.774397,N,12225.210793,W,7,,0.38,-14.94,M,0.0,M,0.0,0000*71
$GPRMC,212449.00,A,3737.774397,N,12225.210793,W,003.5,064.6,210520,,,A*43
$GPGGA,212450.00,3737.775177,N,12225.209018,W,7,,0.38,-15.20,M,0.0,M,0.0,0000*76
$GPRMC,212450.00,A,3737.775177,N,12225.209018,W,007.4,063.7,210520,,,A*49
$GPGGA,212451.00,3737.776377,N,12225.206023,W,7,,0.38,-15.36,M,0.0,M,0.0,0000*76
$GPRMC,212451.00,A,3737.776377,N,12225.206023,W,011.2,063.6,210520,,,A*4E
$GPGGA,212452.00,3737.777979,N,12225.201722,W,7,,0.38,-15.46,M,0.0,M,0.0,0000*76
$GPRMC,212452.00,A,3737.777979,N,12225.201722,W,014.4,063.8,210520,,,A*44
$GPGGA,212453.00,3737.779977,N,12225.196555,W,7,,0.38,-15.43,M,0.0,M,0.0,0000*7D
$GPRMC,212453.00,A,3737.779977,N,12225.196555,W,017.4,062.8,210520,,,A*48
$GPGGA,212454.00,3737.782209,N,12225.190537,W,7,,0.38,-15.36,M,0.0,M,0.0,0000*7C
$GPRMC,212454.00,A,3737.782209,N,12225.190537,W,019.5,063.2,210520,,,A*4F
$GPGGA,212455.00,3737.784556,N,12225.184333,W,7,,0.38,-15.29,M,0.0,M,0.0,0000*7F
$GPRMC,212455.00,A,3737.784556,N,12225.184333,W,020.7,063.8,210520,,,A*40
$GPGGA,212456.00,3737.787346,N,12225.177434,W,7,,0.39,-15.34,M,0.0,M,0.0,0000*79
$GPRMC,212456.00,A,3737.787346,N,12225.177434,W,022.5,061.4,210520,,,A*45
$GPGGA,212457.00,3737.790789,N,12225.169999,W,7,,0.39,-15.50,M,0.0,M,0.0,0000*7E
$GPRMC,212457.00,A,3737.790789,N,12225.169999,W,024.6,057.5,210520,,,A*41
$GPGGA,212458.00,3737.794816,N,12225.162535,W,7,,0.38,-15.61,M,0.0,M,0.0,0000*7E
$GPRMC,212458.00,A,3737.794816,N,12225.162535,W,026.7,053.6,210520,,,A*46
$GPGGA,212459.00,3737.799249,N,12225.155594,W,7,,0.38,-15.61,M,0.0,M,0.0,0000*7D
$GPRMC,212459.00,A,3737.799249,N,12225.155594,W,026.9,049.3,210520,,,A*45
$GPGGA,212500.00,3737.804446,N,12225.148340,W,7,,0.38,-16.15,M,0.0,M,0.0,0000*71
$GPRMC,212500.00,A,3737.804446,N,12225.148340,W,027.3,045.6,210520,,,A*4B
$GPGGA,212501.00,3737.809569,N,12225.141470,W,7,,0.38,-16.25,M,0.0,M,0.0,0000*7F
$GPRMC,212501.00,A,3737.809569,N,12225.141470,W,027.1,044.9,210520,,,A*4A
$GPGGA,212502.00,3737.814639,N,12225.134803,W,7,,0.38,-16.42,M,0.0,M,0.0,0000*7D
$GPRMC,212502.00,A,3737.814639,N,12225.134803,W,026.4,045.5,210520,,,A*40
$GPGGA,212503.00,3737.819535,N,12225.128341,W,7,,0.38,-16.47,M,0.0,M,0.0,0000*7B
$GPRMC,212503.00,A,3737.819535,N,12225.128341,W,025.7,045.9,210520,,,A*4F
$GPGGA,212504.00,3737.824203,N,12225.121928,W,7,,0.38,-16.56,M,0.0,M,0.0,0000*7C
$GPRMC,212504.00,A,3737.824203,N,12225.121928,W,024.3,046.8,210520,,,A*4F
$GPGGA,212505.00,3737.828727,N,12225.115448,W,7,,0.38,-16.76,M,0.0,M,0.0,0000*7C
$GPRMC,212505.00,A,3737.828727,N,12225.115448,W,023.4,048.4,210520,,,A*4F
$GPGGA,212506.00,3737.832525,N,12225.109453,W,7,,0.38,-16.78,M,0.0,M,0.0,0000*7D
$GPRMC,212506.00,A,3737.832525,N,12225.109453,W,022.1,052.4,210520,,,A*4F
$GPGGA,212507.00,3737.835873,N,12225.103231,W,7,,0.38,-16.79,M,0.0,M,0.0,0000*7C
$GPRMC,212507.00,A,3737.835873,N,12225.103231,W,020.8,056.9,210520,,,A*4D
$GPGGA,212508.00,3737.838634,N,12225.097436,W,7,,0.38,-16.63,M,0.0,M,0.0,0000*75
$GPRMC,212508.00,A,3737.838634,N,12225.097436,W,017.5,060.5,210520,,,A*4F
$GPGGA,212509.00,3737.840661,N,12225.092707,W,7,,0.38,-16.74,M,0.0,M,0.0,0000*79
$GPRMC,212509.00,A,3737.840661,N,12225.092707,W,013.6,062.2,210520,,,A*47
$GPGGA,212510.00,3737.842054,N,12225.089533,W,7,,0.39,-16.73,M,0.0,M,0.0,0000*7A
$GPRMC,212510.00,A,3737.842054,N,12225.089533,W,008.7,061.8,210520,,,A*40
$GPGGA,212511.00,3737.842815,N,12225.087788,W,7,,0.38,-16.86,M,0.0,M,0.0,0000*71
$GPRMC,212511.00,A,3737.842815,N,12225.087788,W,004.3,061.9,210520,,,A*49
$GPGGA,212512.00,3737.843127,N,12225.086929,W,7,,0.38,-16.56,M,0.0,M,0.0,0000*72
$GPRMC,212512.00,A,3737.843127,N,12225.086929,W,001.7,062.0,210520,,,A*4C
$GPGGA,212513.00,3737.843211,N,12225.086743,W,7,,0.38,-16.72,M,0.0,M,0.0,0000*71
$GPRMC,212513.00,A,3737.843211,N,12225.086743,W,000.0,000.0,210520,,,A*4B
$GPGGA,212514.00,3737.843230,N,12225.086684,W,7,,0.38,-16.63,M,0.0,M,0.0,0000*7F
$GPRMC,212514.00,A,3737.843230,N,12225.086684,W,000.0,000.0,210520,,,A*45
$GPGGA,212515.00,3737.843224,N,12225.086684,W,7,,0.38,-16.63,M,0.0,M,0.0,0000*7B
$GPRMC,212515.00,A,3737.843224,N,12225.086684,W,000.0,000.0,210520,,,A*41
$GPGGA,212516.00,3737.843224,N,12225.086684,W,7,,0.38,-16.63,M,0.0,M,0.0,0000*78
$GPRMC,212516.00,A,3737.843224,N,12225.086684,W,000.0,000.0,210520,,,A*42
$GPGGA,212517.00,3737.843224,N,12225.086684,W,7,,0.38,-16.63,M,0.0,M,0.0,0000*79
$GPRMC,212517.00,A,3737.843224,N,12225.086684,W,000.0,000.0,210520,,,A*43
$GPGGA,212518.00,3737.843230,N,12225.086689,W,7,,0.38,-16.63,M,0.0,M,0.0,0000*7E
$GPRMC,212518.00,A,3737.843230,N,12225.086689,W,000.0,000.0,210520,,,A*44
$GPGGA,212519.00,3737.843224,N,12225.086684,W,7,,0.38,-16.63,M,0.0,M,0.0,0000*77
$GPRMC,212519.00,A,3737.843224,N,12225.086684,W,000.0,000.0,210520,,,A*4D
$GPGGA,212520.00,3737.843332,N,12225.086366,W,7,,0.38,-17.04,M,0.0,M,0.0,0000*72
$GPRMC,212520.00,A,3737.843332,N,12225.086366,W,001.5,061.0,210520,,,A*4B
$GPGGA,212521.00,3737.843829,N,12225.085105,W,7,,0.38,-17.02,M,0.0,M,0.0,0000*70
$GPRMC,212521.00,A,3737.843829,N,12225.085105,W,005.1,060.3,210520,,,A*4D
$GPGGA,212522.00,3737.845035,N,12225.083125,W,7,,0.38,-17.27,M,0.0,M,0.0,0000*73
$GPRMC,212522.00,A,3737.845035,N,12225.083125,W,008.6,055.9,210520,,,A*4F
$GPGGA,212523.00,3737.846751,N,12225.080690,W,7,,0.38,-17.51,M,0.0,M,0.0,0000*7F
$GPRMC,212523.00,A,3737.846751,N,12225.080690,W,010.6,045.9,210520,,,A*4A
$GPGGA,212524.00,3737.849481,N,12225.078139,W,7,,0.38,-17.35,M,0.0,M,0.0,0000*78
$GPRMC,212524.00,A,3737.849481,N,12225.078139,W,012.4,032.4,210520,,,A*42
$GPGGA,212525.00,3737.852830,N,12225.076514,W,7,,0.38,-17.30,M,0.0,M,0.0,0000*75
$GPRMC,212525.00,A,3737.852830,N,12225.076514,W,013.3,016.4,210520,,,A*4A
$GPGGA,212526.00,3737.856519,N,12225.076196,W,7,,0.38,-17.44,M,0.0,M,0.0,0000*79
$GPRMC,212526.00,A,3737.856519,N,12225.076196,W,013.4,359.1,210520,,,A*4F
$GPGGA,212527.00,3737.860209,N,12225.076658,W,7,,0.38,-17.55,M,0.0,M,0.0,0000*7E
$GPRMC,212527.00,A,3737.860209,N,12225.076658,W,014.2,349.4,210520,,,A*4D
$GPGGA,212528.00,3737.864373,N,12225.077737,W,7,,0.38,-17.55,M,0.0,M,0.0,0000*70
$GPRMC,212528.00,A,3737.864373,N,12225.077737,W,016.3,345.4,210520,,,A*4C
$GPGGA,212529.00,3737.869173,N,12225.079388,W,7,,0.38,-17.46,M,0.0,M,0.0,0000*72
$GPRMC,212529.00,A,3737.869173,N,12225.079388,W,018.0,342.1,210520,,,A*43
$GPGGA,212530.00,3737.873866,N,12225.081440,W,7,,0.38,-17.35,M,0.0,M,0.0,0000*7C
$GPRMC,212530.00,A,3737.873866,N,12225.081440,W,018.5,338.9,210520,,,A*49
$GPGGA,212531.00,3737.878815,N,12225.083659,W,7,,0.38,-17.18,M,0.0,M,0.0,0000*75
$GPRMC,212531.00,A,3737.878815,N,12225.083659,W,019.0,338.0,210520,,,A*42
$GPGGA,212532.00,3737.883513,N,12225.085927,W,7,,0.38,-17.14,M,0.0,M,0.0,0000*75
$GPRMC,212532.00,A,3737.883513,N,12225.085927,W,016.7,338.0,210520,,,A*46
$GPGGA,212533.00,3737.887408,N,12225.087872,W,7,,0.38,-16.91,M,0.0,M,0.0,0000*74
$GPRMC,212533.00,A,3737.887408,N,12225.087872,W,014.1,337.3,210520,,,A*43
$GPGGA,212534.00,3737.890834,N,12225.089605,W,7,,0.38,-16.81,M,0.0,M,0.0,0000*77
$GPRMC,212534.00,A,3737.890834,N,12225.089605,W,012.6,337.0,210520,,,A*43
$GPGGA,212535.00,3737.893773,N,12225.091123,W,7,,0.38,-16.68,M,0.0,M,0.0,0000*74
$GPRMC,212535.00,A,3737.893773,N,12225.091123,W,011.3,336.8,210520,,,A*48
$GPGGA,212536.00,3737.896401,N,12225.092480,W,7,,0.38,-16.72,M,0.0,M,0.0,0000*70
$GPRMC,212536.00,A,3737.896401,N,12225.092480,W,009.3,336.6,210520,,,A*40
$GPGGA,212537.00,3737.898574,N,12225.093637,W,7,,0.38,-16.75,M,0.0,M,0.0,0000*74
$GPRMC,212537.00,A,3737.898574,N,12225.093637,W,007.4,336.9,210520,,,A*45
$GPGGA,212538.00,3737.900151,N,12225.094441,W,7,,0.38,-16.67,M,0.0,M,0.0,0000*7F
$GPRMC,212538.00,A,3737.900151,N,12225.094441,W,005.6,337.1,210520,,,A*44
$GPGGA,212539.00,3737.901346,N,12225.095042,W,7,,0.38,-16.71,M,0.0,M,0.0,0000*7A
$GPRMC,212539.00,A,3737.901346,N,12225.095042,W,004.0,337.0,210520,,,A*40
$GPGGA,212540.00,3737.902269,N,12225.095528,W,7,,0.38,-16.59,M,0.0,M,0.0,0000*78
$GPRMC,212540.00,A,3737.902269,N,12225.095528,W,003.3,336.9,210520,,,A*44
$GPGGA,212541.00,3737.903062,N,12225.095965,W,7,,0.38,-16.46,M,0.0,M,0.0,0000*7A
$GPRMC,212541.00,A,3737.903062,N,12225.095965,W,003.2,336.9,210520,,,A*49
$GPGGA,212542.00,3737.903769,N,12225.096302,W,7,,0.38,-16.29,M,0.0,M,0.0,0000*74
$GPRMC,212542.00,A,3737.903769,N,12225.096302,W,002.5,337.1,210520,,,A*41
$GPGGA,212543.00,3737.904292,N,12225.096536,W,7,,0.38,-16.22,M,0.0,M,0.0,0000*79
$GPRMC,212543.00,A,3737.904292,N,12225.096536,W,001.7,337.1,210520,,,A*46
$GPGGA,212544.00,3737.904622,N,12225.096727,W,7,,0.38,-16.18,M,0.0,M,0.0,0000*7A
$GPRMC,212544.00,A,3737.904622,N,12225.096727,W,001.0,337.0,210520,,,A*4A
$GPGGA,212545.00,3737.904772,N,12225.096829,W,7,,0.38,-16.19,M,0.0,M,0.0,0000*7F
$GPRMC,212545.00,A,3737.904772,N,12225.096829,W,000.0,000.0,210520,,,A*48
$GPGGA,212546.00,3737.904814,N,12225.096818,W,7,,0.38,-16.16,M,0.0,M,0.0,0000*7E
$GPRMC,212546.00,A,3737.904814,N,12225.096818,W,000.0,000.0,210520,,,A*46
$GPGGA,212547.00,3737.904855,N,12225.096799,W,7,,0.38,-16.29,M,0.0,M,0.0,0000*70
$GPRMC,212547.00,A,3737.904855,N,12225.096799,W,000.0,000.0,210520,,,A*44
$GPGGA,212548.00,3737.904880,N,12225.096787,W,7,,0.38,-16.33,M,0.0,M,0.0,0000*73
$GPRMC,212548.00,A,3737.904880,N,12225.096787,W,000.0,000.0,210520,,,A*4C
$GPGGA,212549.00,3737.904874,N,12225.096787,W,7,,0.38,-16.32,M,0.0,M,0.0,0000*78
$GPRMC,212549.00,A,3737.904874,N,12225.096787,W,000.0,000.0,210520,,,A*46
$GPGGA,212550.00,3737.904874,N,12225.096787,W,7,,0.38,-16.33,M,0.0,M,0.0,0000*71
$GPRMC,212550.00,A,3737.904874,N,12225.096787,W,000.0,000.0,210520,,,A*4E
$GPGGA,212551.00,3737.904880,N,12225.096787,W,7,,0.38,-16.33,M,0.0,M,0.0,0000*7B
$GPRMC,212551.00,A,3737.904880,N,12225.096787,W,000.0,000.0,210520,,,A*44
$GPGGA,212552.00,3737.904880,N,12225.096794,W,7,,0.38,-16.33,M,0.0,M,0.0,0000*7A
$GPRMC,212552.00,A,3737.904880,N,12225.096794,W,000.0,000.0,210520,,,A*45
$GPGGA,212553.00,3737.904880,N,12225.096787,W,7,,0.38,-16.33,M,0.0,M,0.0,0000*79
$GPRMC,212553.00,A,3737.904880,N,12225.096787,W,000.0,000.0,210520,,,A*46
$GPGGA,212554.00,3737.904880,N,12225.096787,W,7,,0.38,-16.33,M,0.0,M,0.0,0000*7E
$GPRMC,212554.00,A,3737.904880,N,12225.096787,W,000.0,000.0,210520,,,A*41
$GPGGA,212555.00,3737.904880,N,12225.096787,W,7,,0.38,-16.33,M,0.0,M,0.0,0000*7F
$GPRMC,212555.00,A,3737.904880,N,12225.096787,W,000.0,000.0,210520,,,A*40
$GPGGA,212556.00,3737.904874,N,12225.096787,W,7,,0.38,-16.32,M,0.0,M,0.0,0000*76
$GPRMC,212556.00,A,3737.904874,N,12225.096787,W,000.0,000.0,210520,,,A*48
$GPGGA,212557.00,3737.904880,N,12225.096787,W,7,,0.38,-16.33,M,0.0,M,0.0,0000*7D
$GPRMC,212557.00,A,3737.904880,N,12225.096787,W,000.0,000.0,210520,,,A*42
$GPGGA,212558.00,3737.904874,N,12225.096787,W,7,,0.38,-16.32,M,0.0,M,0.0,0000*78
$GPRMC,212558.00,A,3737.904874,N,12225.096787,W,000.0,000.0,210520,,,A*46
$GPGGA,212559.00,3737.904742,N,12225.096655,W,7,,0.38,-15.58,M,0.0,M,0.0,0000*72
$GPRMC,212559.00,A,3737.904742,N,12225.096655,W,000.0,000.0,210520,,,A*43
$GPGGA,212600.00,3737.904742,N,12225.096643,W,7,,0.38,-15.58,M,0.0,M,0.0,0000*7A
$GPRMC,212600.00,A,3737.904742,N,12225.096643,W,000.0,000.0,210520,,,A*4B
$GPGGA,212601.00,3737.904742,N,12225.096643,W,7,,0.38,-15.58,M,0.0,M,0.0,0000*7B
$GPRMC,212601.00,A,3737.904742,N,12225.096643,W,000.0,000.0,210520,,,A*4A
$GPGGA,212602.00,3737.904742,N,12225.096643,W,7,,0.38,-15.59,M,0.0,M,0.0,0000*79
$GPRMC,212602.00,A,3737.904742,N,12225.096643,W,000.0,000.0,210520,,,A*49
$GPGGA,212603.00,3737.904742,N,12225.096643,W,7,,0.38,-15.58,M,0.0,M,0.0,0000*79
$GPRMC,212603.00,A,3737.904742,N,12225.096643,W,000.0,000.0,210520,,,A*48
$GPGGA,212604.00,3737.904742,N,12225.096643,W,7,,0.38,-15.58,M,0.0,M,0.0,0000*7E
$GPRMC,212604.00,A,3737.904742,N,12225.096643,W,000.0,000.0,210520,,,A*4F
$GPGGA,212605.00,3737.904742,N,12225.096643,W,7,,0.38,-15.58,M,0.0,M,0.0,0000*7F
$GPRMC,212605.00,A,3737.904742,N,12225.096643,W,000.0,000.0,210520,,,A*4E
$GPGGA,212606.00,3737.904742,N,12225.096643,W,7,,0.38,-15.58,M,0.0,M,0.0,0000*7C
$GPRMC,212606.00,A,3737.904742,N,12225.096643,W,000.0,000.0,210520,,,A*4D
$GPGGA,212607.00,3737.904802,N,12225.096697,W,7,,0.38,-15.44,M,0.0,M,0.0,0000*72
$GPRMC,212607.00,A,3737.904802,N,12225.096697,W,000.7,336.4,210520,,,A*4B
$GPGGA,212608.00,3737.905756,N,12225.097213,W,7,,0.38,-15.33,M,0.0,M,0.0,0000*7B
$GPRMC,212608.00,A,3737.905756,N,12225.097213,W,005.3,335.7,210520,,,A*43
$GPGGA,212609.00,3737.907771,N,12225.098288,W,7,,0.38,-15.21,M,0.0,M,0.0,0000*73
$GPRMC,212609.00,A,3737.907771,N,12225.098288,W,009.5,335.7,210520,,,A*42
$GPGGA,212610.00,3737.910820,N,12225.099866,W,7,,0.38,-15.27,M,0.0,M,0.0,0000*7B
$GPRMC,212610.00,A,3737.910820,N,12225.099866,W,013.6,335.9,210520,,,A*4A
$GPGGA,212611.00,3737.914804,N,12225.101953,W,7,,0.38,-15.21,M,0.0,M,0.0,0000*79
$GPRMC,212611.00,A,3737.914804,N,12225.101953,W,017.4,336.7,210520,,,A*45
$GPGGA,212612.00,3737.919880,N,12225.104606,W,7,,0.38,-15.16,M,0.0,M,0.0,0000*75
$GPRMC,212612.00,A,3737.919880,N,12225.104606,W,020.4,337.0,210520,,,A*4F
$GPGGA,212613.00,3737.925388,N,12225.107515,W,7,,0.38,-15.08,M,0.0,M,0.0,0000*75
$GPRMC,212613.00,A,3737.925388,N,12225.107515,W,021.8,337.3,210520,,,A*4E
$GPGGA,212614.00,3737.931142,N,12225.110443,W,7,,0.38,-14.95,M,0.0,M,0.0,0000*72
$GPRMC,212614.00,A,3737.931142,N,12225.110443,W,022.5,337.9,210520,,,A*48
$GPGGA,212615.00,3737.936734,N,12225.112939,W,7,,0.38,-14.75,M,0.0,M,0.0,0000*7F
$GPRMC,212615.00,A,3737.936734,N,12225.112939,W,021.9,341.1,210520,,,A*4D
$GPGGA,212616.00,3737.942386,N,12225.115069,W,7,,0.38,-14.76,M,0.0,M,0.0,0000*7A
$GPRMC,212616.00,A,3737.942386,N,12225.115069,W,020.7,345.0,210520,,,A*41
$GPGGA,212617.00,3737.947983,N,12225.116419,W,7,,0.38,-14.69,M,0.0,M,0.0,0000*7F
$GPRMC,212617.00,A,3737.947983,N,12225.116419,W,019.7,351.3,210520,,,A*46
$GPGGA,212618.00,3737.953300,N,12225.116414,W,7,,0.38,-14.56,M,0.0,M,0.0,0000*75
$GPRMC,212618.00,A,3737.953300,N,12225.116414,W,019.1,004.1,210520,,,A*47
$GPGGA,212619.00,3737.958334,N,12225.114644,W,7,,0.38,-14.58,M,0.0,M,0.0,0000*73
$GPRMC,212619.00,A,3737.958334,N,12225.114644,W,019.2,021.7,210520,,,A*4D
$GPGGA,212620.00,3737.963104,N,12225.110713,W,7,,0.38,-14.52,M,0.0,M,0.0,0000*7D
$GPRMC,212620.00,A,3737.963104,N,12225.110713,W,020.4,038.5,210520,,,A*4F
$GPGGA,212621.00,3737.967249,N,12225.105254,W,7,,0.38,-14.50,M,0.0,M,0.0,0000*72
$GPRMC,212621.00,A,3737.967249,N,12225.105254,W,022.7,049.7,210520,,,A*47
$GPGGA,212622.00,3737.971221,N,12225.098732,W,7,,0.38,-14.14,M,0.0,M,0.0,0000*78
$GPRMC,212622.00,A,3737.971221,N,12225.098732,W,025.1,054.9,210520,,,A*4E
$GPGGA,212623.00,3737.975307,N,12225.091136,W,7,,0.38,-13.56,M,0.0,M,0.0,0000*72
$GPRMC,212623.00,A,3737.975307,N,12225.091136,W,027.3,057.4,210520,,,A*4B
$GPGGA,212624.00,3737.979609,N,12225.082850,W,7,,0.38,-12.96,M,0.0,M,0.0,0000*74
$GPRMC,212624.00,A,3737.979609,N,12225.082850,W,029.3,057.6,210520,,,A*4C
$GPGGA,212625.00,3737.984296,N,12225.073658,W,7,,0.38,-12.21,M,0.0,M,0.0,0000*71
$GPRMC,212625.00,A,3737.984296,N,12225.073658,W,030.8,058.1,210520,,,A*4E
$GPGGA,212626.00,3737.988964,N,12225.064652,W,7,,0.38,-11.45,M,0.0,M,0.0,0000*75
$GPRMC,212626.00,A,3737.988964,N,12225.064652,W,032.5,057.3,210520,,,A*49
$GPGGA,212627.00,3737.994034,N,12225.054824,W,7,,0.38,-11.00,M,0.0,M,0.0,0000*78
$GPRMC,212627.00,A,3737.994034,N,12225.054824,W,034.4,057.8,210520,,,A*49
$GPGGA,212628.00,3737.999607,N,12225.043915,W,7,,0.38,-10.74,M,0.0,M,0.0,0000*7B
$GPRMC,212628.00,A,3737.999607,N,12225.043915,W,036.4,057.5,210520,,,A*47
$GPGGA,212629.00,3738.005356,N,12225.032624,W,7,,0.38,-10.58,M,0.0,M,0.0,0000*7D
$GPRMC,212629.00,A,3738.005356,N,12225.032624,W,039.1,058.0,210520,,,A*4F
$GPGGA,212630.00,3738.011158,N,12225.020558,W,7,,0.38,-10.46,M,0.0,M,0.0,0000*78
$GPRMC,212630.00,A,3738.011158,N,12225.020558,W,041.2,059.9,210520,,,A*41
$GPGGA,212631.00,3738.016546,N,12225.008108,W,7,,0.38,-10.47,M,0.0,M,0.0,0000*7F
$GPRMC,212631.00,A,3738.016546,N,12225.008108,W,042.8,062.7,210520,,,A*48
$GPGGA,212632.00,3738.021724,N,12224.994494,W,7,,0.38,-10.39,M,0.0,M,0.0,0000*7A
$GPRMC,212632.00,A,3738.021724,N,12224.994494,W,042.9,065.5,210520,,,A*40
$GPGGA,212633.00,3738.026554,N,12224.980477,W,7,,0.38,-10.50,M,0.0,M,0.0,0000*7E
$GPRMC,212633.00,A,3738.026554,N,12224.980477,W,042.3,067.9,210520,,,A*4F
$GPGGA,212634.00,3738.030621,N,12224.966684,W,7,,0.38,-10.83,M,0.0,M,0.0,0000*77
$GPRMC,212634.00,A,3738.030621,N,12224.966684,W,042.0,070.7,210520,,,A*43
$GPGGA,212635.00,3738.034047,N,12224.953051,W,7,,0.38,-11.10,M,0.0,M,0.0,0000*77
$GPRMC,212635.00,A,3738.034047,N,12224.953051,W,042.1,073.6,210520,,,A*4B
$GPGGA,212636.00,3738.037251,N,12224.938381,W,7,,0.38,-11.59,M,0.0,M,0.0,0000*7C
$GPRMC,212636.00,A,3738.037251,N,12224.938381,W,042.4,075.9,210520,,,A*41
$GPGGA,212637.00,3738.039909,N,12224.923993,W,7,,0.38,-11.90,M,0.0,M,0.0,0000*73
$GPRMC,212637.00,A,3738.039909,N,12224.923993,W,042.4,077.7,210520,,,A*47
$GPGGA,212638.00,3738.042075,N,12224.909815,W,7,,0.38,-12.15,M,0.0,M,0.0,0000*7B
$GPRMC,212638.00,A,3738.042075,N,12224.909815,W,042.2,080.0,210520,,,A*48
$GPGGA,212639.00,3738.043737,N,12224.895271,W,7,,0.38,-12.54,M,0.0,M,0.0,0000*73
$GPRMC,212639.00,A,3738.043737,N,12224.895271,W,042.0,083.1,210520,,,A*45
$GPGGA,212640.00,3738.044830,N,12224.880482,W,7,,0.38,-12.92,M,0.0,M,0.0,0000*76
$GPRMC,212640.00,A,3738.044830,N,12224.880482,W,043.0,085.3,210520,,,A*4F
$GPGGA,212641.00,3738.045520,N,12224.864623,W,7,,0.38,-13.19,M,0.0,M,0.0,0000*7B
$GPRMC,212641.00,A,3738.045520,N,12224.864623,W,044.5,087.3,210520,,,A*40
$GPGGA,212642.00,3738.045753,N,12224.849402,W,7,,0.38,-13.67,M,0.0,M,0.0,0000*79
$GPRMC,212642.00,A,3738.045753,N,12224.849402,W,045.8,089.6,210520,,,A*4C
$GPGGA,212643.00,3738.045514,N,12224.833153,W,7,,0.38,-13.88,M,0.0,M,0.0,0000*74
$GPRMC,212643.00,A,3738.045514,N,12224.833153,W,047.1,091.7,210520,,,A*43
$GPGGA,212644.00,3738.044835,N,12224.815729,W,7,,0.38,-14.10,M,0.0,M,0.0,0000*75
$GPRMC,212644.00,A,3738.044835,N,12224.815729,W,048.6,093.7,210520,,,A*4E
$GPGGA,212645.00,3738.043635,N,12224.798641,W,7,,0.38,-14.57,M,0.0,M,0.0,0000*7B
$GPRMC,212645.00,A,3738.043635,N,12224.798641,W,049.7,095.9,210520,,,A*4B
$GPGGA,212646.00,3738.041997,N,12224.781277,W,7,,0.38,-14.68,M,0.0,M,0.0,0000*78
$GPRMC,212646.00,A,3738.041997,N,12224.781277,W,050.5,097.4,210520,,,A*41
$GPGGA,212647.00,3738.040114,N,12224.764027,W,7,,0.38,-14.92,M,0.0,M,0.0,0000*72
$GPRMC,212647.00,A,3738.040114,N,12224.764027,W,051.4,098.2,210520,,,A*47
$GPGGA,212648.00,3738.037947,N,12224.746184,W,7,,0.38,-15.28,M,0.0,M,0.0,0000*7B
$GPRMC,212648.00,A,3738.037947,N,12224.746184,W,052.2,098.7,210520,,,A*4E
$GPGGA,212649.00,3738.035529,N,12224.727505,W,7,,0.38,-15.77,M,0.0,M,0.0,0000*7C
$GPRMC,212649.00,A,3738.035529,N,12224.727505,W,052.9,099.4,210520,,,A*4A
$GPGGA,212650.00,3738.033129,N,12224.709560,W,7,,0.38,-16.23,M,0.0,M,0.0,0000*7B
$GPRMC,212650.00,A,3738.033129,N,12224.709560,W,053.5,099.4,210520,,,A*42
$GPGGA,212651.00,3738.030609,N,12224.691092,W,7,,0.38,-16.63,M,0.0,M,0.0,0000*70
$GPRMC,212651.00,A,3738.030609,N,12224.691092,W,054.0,099.3,210520,,,A*48
$GPGGA,212652.00,3738.027987,N,12224.671934,W,7,,0.38,-16.87,M,0.0,M,0.0,0000*7D
$GPRMC,212652.00,A,3738.027987,N,12224.671934,W,054.0,099.6,210520,,,A*4A
$GPGGA,212653.00,3738.025522,N,12224.653399,W,7,,0.38,-17.27,M,0.0,M,0.0,0000*7B
$GPRMC,212653.00,A,3738.025522,N,12224.653399,W,054.0,099.4,210520,,,A*45
$GPGGA,212654.00,3738.023091,N,12224.635442,W,7,,0.38,-17.32,M,0.0,M,0.0,0000*72
$GPRMC,212654.00,A,3738.023091,N,12224.635442,W,053.3,099.3,210520,,,A*4B
$GPGGA,212655.00,3738.020638,N,12224.617112,W,7,,0.38,-17.25,M,0.0,M,0.0,0000*73
$GPRMC,212655.00,A,3738.020638,N,12224.617112,W,052.9,099.0,210520,,,A*44
$GPGGA,212656.00,3738.018412,N,12224.598932,W,7,,0.38,-17.23,M,0.0,M,0.0,0000*79
$GPRMC,212656.00,A,3738.018412,N,12224.598932,W,052.8,098.6,210520,,,A*4E
$GPGGA,212657.00,3738.016294,N,12224.580049,W,7,,0.38,-17.40,M,0.0,M,0.0,0000*77
$GPRMC,212657.00,A,3738.016294,N,12224.580049,W,052.4,097.4,210520,,,A*44
$GPGGA,212658.00,3738.014883,N,12224.562559,W,7,,0.38,-17.75,M,0.0,M,0.0,0000*78
$GPRMC,212658.00,A,3738.014883,N,12224.562559,W,051.9,094.8,210520,,,A*4C
$GPGGA,212659.00,3738.014182,N,12224.544565,W,7,,0.38,-18.32,M,0.0,M,0.0,0000*76
$GPRMC,212659.00,A,3738.014182,N,12224.544565,W,051.6,091.1,210520,,,A*4D
$GPGGA,212700.00,3738.014248,N,12224.525786,W,7,,0.38,-19.03,M,0.0,M,0.0,0000*75
$GPRMC,212700.00,A,3738.014248,N,12224.525786,W,051.6,088.0,210520,,,A*44
$GPGGA,212701.00,3738.015052,N,12224.507570,W,7,,0.38,-19.81,M,0.0,M,0.0,0000*7D
$GPRMC,212701.00,A,3738.015052,N,12224.507570,W,052.6,085.8,210520,,,A*40
$GPGGA,212702.00,3738.016402,N,12224.489221,W,7,,0.38,-20.47,M,0.0,M,0.0,0000*78
$GPRMC,212702.00,A,3738.016402,N,12224.489221,W,053.3,083.7,210520,,,A*48
$GPGGA,212703.00,3738.018285,N,12224.471168,W,7,,0.38,-21.02,M,0.0,M,0.0,0000*77
$GPRMC,212703.00,A,3738.018285,N,12224.471168,W,053.4,081.4,210520,,,A*41
$GPGGA,212704.00,3738.020524,N,12224.452796,W,7,,0.38,-21.59,M,0.0,M,0.0,0000*7F
$GPRMC,212704.00,A,3738.020524,N,12224.452796,W,053.0,081.3,210520,,,A*44
$GPGGA,212705.00,3738.022833,N,12224.433985,W,7,,0.38,-21.91,M,0.0,M,0.0,0000*78
$GPRMC,212705.00,A,3738.022833,N,12224.433985,W,052.6,081.5,210520,,,A*46
$GPGGA,212706.00,3738.024838,N,12224.416369,W,7,,0.38,-22.02,M,0.0,M,0.0,0000*70
$GPRMC,212706.00,A,3738.024838,N,12224.416369,W,051.9,082.1,210520,,,A*4C
$GPGGA,212707.00,3738.026595,N,12224.398682,W,7,,0.38,-22.09,M,0.0,M,0.0,0000*73
$GPRMC,212707.00,A,3738.026595,N,12224.398682,W,050.9,083.3,210520,,,A*46
$GPGGA,212708.00,3738.028042,N,12224.380621,W,7,,0.38,-22.23,M,0.0,M,0.0,0000*75
$GPRMC,212708.00,A,3738.028042,N,12224.380621,W,050.0,085.0,210520,,,A*44
$GPGGA,212709.00,3738.028599,N,12224.363048,W,7,,0.38,-22.29,M,0.0,M,0.0,0000*79
$GPRMC,212709.00,A,3738.028599,N,12224.363048,W,049.7,089.8,210520,,,A*49
$GPGGA,212710.00,3738.027837,N,12224.346470,W,7,,0.38,-22.45,M,0.0,M,0.0,0000*75
$GPRMC,212710.00,A,3738.027837,N,12224.346470,W,049.1,096.1,210520,,,A*4E
$GPGGA,212711.00,3738.025714,N,12224.329598,W,7,,0.38,-22.42,M,0.0,M,0.0,0000*71
$GPRMC,212711.00,A,3738.025714,N,12224.329598,W,049.0,101.6,210520,,,A*44
$GPGGA,212712.00,3738.022270,N,12224.312864,W,7,,0.38,-22.36,M,0.0,M,0.0,0000*77
$GPRMC,212712.00,A,3738.022270,N,12224.312864,W,049.2,107.0,210520,,,A*43
$GPGGA,212713.00,3738.017397,N,12224.296267,W,7,,0.38,-22.13,M,0.0,M,0.0,0000*7B
$GPRMC,212713.00,A,3738.017397,N,12224.296267,W,049.4,112.4,210520,,,A*4E
$GPGGA,212714.00,3738.011355,N,12224.280901,W,7,,0.38,-22.04,M,0.0,M,0.0,0000*7E
$GPRMC,212714.00,A,3738.011355,N,12224.280901,W,049.2,118.9,210520,,,A*4C
$GPGGA,212715.00,3738.004222,N,12224.266753,W,7,,0.38,-22.06,M,0.0,M,0.0,0000*79
$GPRMC,212715.00,A,3738.004222,N,12224.266753,W,049.1,124.8,210520,,,A*44
$GPGGA,212716.00,3737.995521,N,12224.252911,W,7,,0.38,-22.00,M,0.0,M,0.0,0000*79
$GPRMC,212716.00,A,3737.995521,N,12224.252911,W,049.1,130.6,210520,,,A*49
$GPGGA,212717.00,3737.986126,N,12224.240629,W,7,,0.38,-21.99,M,0.0,M,0.0,0000*7D
$GPRMC,212717.00,A,3737.986126,N,12224.240629,W,049.0,136.1,210520,,,A*4E
$GPGGA,212718.00,3737.975866,N,12224.229475,W,7,,0.38,-22.27,M,0.0,M,0.0,0000*71
$GPRMC,212718.00,A,3737.975866,N,12224.229475,W,049.0,141.4,210520,,,A*41
$GPGGA,212719.00,3737.964970,N,12224.219888,W,7,,0.38,-22.69,M,0.0,M,0.0,0000*71
$GPRMC,212719.00,A,3737.964970,N,12224.219888,W,049.1,147.1,210520,,,A*49
$GPGGA,212720.00,3737.953119,N,12224.211475,W,7,,0.38,-23.38,M,0.0,M,0.0,0000*7B
$GPRMC,212720.00,A,3737.953119,N,12224.211475,W,049.2,153.0,210520,,,A*41
$GPGGA,212721.00,3737.940226,N,12224.204564,W,7,,0.38,-24.20,M,0.0,M,0.0,0000*7C
$GPRMC,212721.00,A,3737.940226,N,12224.204564,W,049.1,159.6,210520,,,A*47
$GPGGA,212722.00,3737.927530,N,12224.199583,W,7,,0.38,-25.23,M,0.0,M,0.0,0000*72
$GPRMC,212722.00,A,3737.927530,N,12224.199583,W,049.2,164.6,210520,,,A*46
$GPGGA,212723.00,3737.914131,N,12224.195767,W,7,,0.38,-26.28,M,0.0,M,0.0,0000*7A
$GPRMC,212723.00,A,3737.914131,N,12224.195767,W,049.9,168.4,210520,,,A*43
$GPGGA,212724.00,3737.899929,N,12224.192893,W,7,,0.38,-27.45,M,0.0,M,0.0,0000*71
$GPRMC,212724.00,A,3737.899929,N,12224.192893,W,050.6,171.9,210520,,,A*40
$GPGGA,212725.00,3737.885775,N,12224.190721,W,7,,0.38,-28.67,M,0.0,M,0.0,0000*71
$GPRMC,212725.00,A,3737.885775,N,12224.190721,W,051.0,173.0,210520,,,A*43
$GPGGA,212726.00,3737.871777,N,12224.188729,W,7,,0.38,-29.65,M,0.0,M,0.0,0000*79
$GPRMC,212726.00,A,3737.871777,N,12224.188729,W,050.9,173.0,210520,,,A*40
$GPGGA,212727.00,3737.858254,N,12224.186731,W,7,,0.39,-30.41,M,0.0,M,0.0,0000*7F
$GPRMC,212727.00,A,3737.858254,N,12224.186731,W,050.6,173.5,210520,,,A*43
$GPGGA,212728.00,3737.843937,N,12224.184673,W,7,,0.38,-30.85,M,0.0,M,0.0,0000*78
$GPRMC,212728.00,A,3737.843937,N,12224.184673,W,051.2,173.3,210520,,,A*4E
$GPGGA,212729.00,3737.829364,N,12224.182646,W,7,,0.38,-31.04,M,0.0,M,0.0,0000*71
$GPRMC,212729.00,A,3737.829364,N,12224.182646,W,051.1,173.8,210520,,,A*47
$GPGGA,212730.00,3737.815528,N,12224.180623,W,7,,0.38,-31.04,M,0.0,M,0.0,0000*79
$GPRMC,212730.00,A,3737.815528,N,12224.180623,W,050.1,173.4,210520,,,A*42
$GPGGA,212731.00,3737.802070,N,12224.178752,W,7,,0.38,-30.74,M,0.0,M,0.0,0000*70
$GPRMC,212731.00,A,3737.802070,N,12224.178752,W,049.9,173.8,210520,,,A*41
$GPGGA,212732.00,3737.787831,N,12224.176933,W,7,,0.38,-30.53,M,0.0,M,0.0,0000*7E
$GPRMC,212732.00,A,3737.787831,N,12224.176933,W,050.3,173.9,210520,,,A*49
$GPGGA,212733.00,3737.773906,N,12224.175176,W,7,,0.38,-30.55,M,0.0,M,0.0,0000*7D
$GPRMC,212733.00,A,3737.773906,N,12224.175176,W,050.7,174.5,210520,,,A*43
$GPGGA,212734.00,3737.760135,N,12224.173496,W,7,,0.38,-30.33,M,0.0,M,0.0,0000*7D
$GPRMC,212734.00,A,3737.760135,N,12224.173496,W,051.2,174.0,210520,,,A*42
$GPGGA,212735.00,3737.746012,N,12224.171563,W,7,,0.38,-30.40,M,0.0,M,0.0,0000*71
$GPRMC,212735.00,A,3737.746012,N,12224.171563,W,051.6,173.2,210520,,,A*4B
$GPGGA,212736.00,3737.731738,N,12224.169421,W,7,,0.38,-30.45,M,0.0,M,0.0,0000*76
$GPRMC,212736.00,A,3737.731738,N,12224.169421,W,052.0,172.8,210520,,,A*47
$GPGGA,212737.00,3737.716822,N,12224.167106,W,7,,0.38,-30.50,M,0.0,M,0.0,0000*7C
$GPRMC,212737.00,A,3737.716822,N,12224.167106,W,052.7,172.7,210520,,,A*41
$GPGGA,212738.00,3737.702590,N,12224.164759,W,7,,0.38,-30.43,M,0.0,M,0.0,0000*7F
$GPRMC,212738.00,A,3737.702590,N,12224.164759,W,053.3,172.3,210520,,,A*41
$GPGGA,212739.00,3737.687949,N,12224.161999,W,7,,0.38,-30.50,M,0.0,M,0.0,0000*7F
$GPRMC,212739.00,A,3737.687949,N,12224.161999,W,053.7,171.1,210520,,,A*46
$GPGGA,212740.00,3737.672782,N,12224.158760,W,7,,0.38,-30.55,M,0.0,M,0.0,0000*75
$GPRMC,212740.00,A,3737.672782,N,12224.158760,W,054.1,170.5,210520,,,A*4D
$GPGGA,212741.00,3737.657841,N,12224.155268,W,7,,0.38,-30.76,M,0.0,M,0.0,0000*72
$GPRMC,212741.00,A,3737.657841,N,12224.155268,W,054.5,169.5,210520,,,A*47
$GPGGA,212742.00,3737.643399,N,12224.151548,W,7,,0.38,-30.69,M,0.0,M,0.0,0000*75
$GPRMC,212742.00,A,3737.643399,N,12224.151548,W,055.0,168.3,210520,,,A*4D
$GPGGA,212743.00,3737.628424,N,12224.147377,W,7,,0.38,-30.73,M,0.0,M,0.0,0000*7E
$GPRMC,212743.00,A,3737.628424,N,12224.147377,W,055.5,166.8,210520,,,A*4D
$GPGGA,212744.00,3737.613309,N,12224.142692,W,7,,0.38,-30.80,M,0.0,M,0.0,0000*7E
$GPRMC,212744.00,A,3737.613309,N,12224.142692,W,055.8,165.8,210520,,,A*4F
$GPGGA,212745.00,3737.597805,N,12224.137525,W,7,,0.38,-30.81,M,0.0,M,0.0,0000*7B
$GPRMC,212745.00,A,3737.597805,N,12224.137525,W,056.2,164.7,210520,,,A*4C
$GPGGA,212746.00,3737.582830,N,12224.132102,W,7,,0.38,-30.92,M,0.0,M,0.0,0000*7C
$GPRMC,212746.00,A,3737.582830,N,12224.132102,W,056.3,163.1,210520,,,A*49
$GPGGA,212747.00,3737.568484,N,12224.126167,W,7,,0.38,-30.99,M,0.0,M,0.0,0000*77
$GPRMC,212747.00,A,3737.568484,N,12224.126167,W,055.6,160.8,210520,,,A*45
$GPGGA,212748.00,3737.553507,N,12224.119645,W,7,,0.38,-30.98,M,0.0,M,0.0,0000*70
$GPRMC,212748.00,A,3737.553507,N,12224.119645,W,055.2,160.8,210520,,,A*47
$GPGGA,212749.00,3737.539143,N,12224.113339,W,7,,0.38,-31.12,M,0.0,M,0.0,0000*7E
$GPRMC,212749.00,A,3737.539143,N,12224.113339,W,054.7,160.7,210520,,,A*41
$GPGGA,212750.00,3737.525104,N,12224.107490,W,7,,0.38,-31.23,M,0.0,M,0.0,0000*7B
$GPRMC,212750.00,A,3737.525104,N,12224.107490,W,054.6,162.4,210520,,,A*46
$GPGGA,212751.00,3737.510751,N,12224.101718,W,7,,0.38,-31.36,M,0.0,M,0.0,0000*7B
$GPRMC,212751.00,A,3737.510751,N,12224.101718,W,054.5,162.2,210520,,,A*47
$GPGGA,212752.00,3737.496430,N,12224.096203,W,7,,0.38,-31.51,M,0.0,M,0.0,0000*72
$GPRMC,212752.00,A,3737.496430,N,12224.096203,W,054.0,163.3,210520,,,A*4A
$GPGGA,212753.00,3737.481658,N,12224.090659,W,7,,0.38,-31.33,M,0.0,M,0.0,0000*70
$GPRMC,212753.00,A,3737.481658,N,12224.090659,W,053.7,163.2,210520,,,A*4D
$GPGGA,212754.00,3737.467756,N,12224.085386,W,7,,0.38,-31.49,M,0.0,M,0.0,0000*7E
$GPRMC,212754.00,A,3737.467756,N,12224.085386,W,053.7,162.9,210520,,,A*44
$GPGGA,212755.00,3737.453488,N,12224.080040,W,7,,0.38,-31.56,M,0.0,M,0.0,0000*7A
$GPRMC,212755.00,A,3737.453488,N,12224.080040,W,053.7,163.1,210520,,,A*47
$GPGGA,212756.00,3737.438860,N,12224.074465,W,7,,0.38,-31.61,M,0.0,M,0.0,0000*72
$GPRMC,212756.00,A,3737.438860,N,12224.074465,W,053.2,162.9,210520,,,A*47
$GPGGA,212757.00,3737.424693,N,12224.069077,W,7,,0.38,-31.58,M,0.0,M,0.0,0000*7D
$GPRMC,212757.00,A,3737.424693,N,12224.069077,W,052.7,163.2,210520,,,A*4C
$GPGGA,212758.00,3737.410990,N,12224.063756,W,7,,0.38,-31.60,M,0.0,M,0.0,0000*7C
$GPRMC,212758.00,A,3737.410990,N,12224.063756,W,051.6,162.9,210520,,,A*4E
$GPGGA,212759.00,3737.397915,N,12224.058721,W,7,,0.38,-31.74,M,0.0,M,0.0,0000*75
$GPRMC,212759.00,A,3737.397915,N,12224.058721,W,050.7,162.8,210520,,,A*43
$GPGGA,212800.00,3737.384362,N,12224.053412,W,7,,0.38,-31.48,M,0.0,M,0.0,0000*79
$GPRMC,212800.00,A,3737.384362,N,12224.053412,W,050.8,162.5,210520,,,A*42
$GPGGA,212801.00,3737.370411,N,12224.047993,W,7,,0.38,-31.50,M,0.0,M,0.0,0000*78
$GPRMC,212801.00,A,3737.370411,N,12224.047993,W,051.2,163.0,210520,,,A*45
$GPGGA,212802.00,3737.356767,N,12224.042821,W,7,,0.38,-31.58,M,0.0,M,0.0,0000*78
$GPRMC,212802.00,A,3737.356767,N,12224.042821,W,051.6,163.7,210520,,,A*4E
$GPGGA,212803.00,3737.343214,N,12224.037937,W,7,,0.38,-31.57,M,0.0,M,0.0,0000*77
$GPRMC,212803.00,A,3737.343214,N,12224.037937,W,052.3,163.9,210520,,,A*46
$GPGGA,212804.00,3737.328796,N,12224.032688,W,7,,0.38,-31.65,M,0.0,M,0.0,0000*7D
$GPRMC,212804.00,A,3737.328796,N,12224.032688,W,052.6,163.6,210520,,,A*47
$GPGGA,212805.00,3737.314606,N,12224.027420,W,7,,0.38,-31.68,M,0.0,M,0.0,0000*72
$GPRMC,212805.00,A,3737.314606,N,12224.027420,W,053.8,163.4,210520,,,A*48
$GPGGA,212806.00,3737.300338,N,12224.022211,W,7,,0.38,-31.72,M,0.0,M,0.0,0000*76
$GPRMC,212806.00,A,3737.300338,N,12224.022211,W,055.3,164.0,210520,,,A*49
$GPGGA,212807.00,3737.285403,N,12224.016806,W,7,,0.38,-31.79,M,0.0,M,0.0,0000*74
$GPRMC,212807.00,A,3737.285403,N,12224.016806,W,056.5,164.3,210520,,,A*46
$GPGGA,212808.00,3737.270176,N,12224.011543,W,7,,0.38,-31.79,M,0.0,M,0.0,0000*7D
$GPRMC,212808.00,A,3737.270176,N,12224.011543,W,057.2,164.7,210520,,,A*4D
$GPGGA,212809.00,3737.254204,N,12224.006101,W,7,,0.38,-31.88,M,0.0,M,0.0,0000*76
$GPRMC,212809.00,A,3737.254204,N,12224.006101,W,057.4,165.1,210520,,,A*49
$GPGGA,212810.00,3737.239299,N,12224.001068,W,7,,0.38,-31.95,M,0.0,M,0.0,0000*74
$GPRMC,212810.00,A,3737.239299,N,12224.001068,W,057.6,165.0,210520,,,A*44
$GPGGA,212811.00,3737.223855,N,12223.995859,W,7,,0.38,-32.04,M,0.0,M,0.0,0000*76
$GPRMC,212811.00,A,3737.223855,N,12223.995859,W,057.8,164.9,210520,,,A*4B
$GPGGA,212812.00,3737.207860,N,12223.990441,W,7,,0.38,-32.07,M,0.0,M,0.0,0000*76
$GPRMC,212812.00,A,3737.207860,N,12223.990441,W,058.0,164.9,210520,,,A*4F
$GPGGA,212813.00,3737.192163,N,12223.985143,W,7,,0.38,-31.92,M,0.0,M,0.0,0000*7E
$GPRMC,212813.00,A,3737.192163,N,12223.985143,W,058.3,165.1,210520,,,A*42
$GPGGA,212814.00,3737.176539,N,12223.979840,W,7,,0.38,-32.01,M,0.0,M,0.0,0000*78
$GPRMC,212814.00,A,3737.176539,N,12223.979840,W,058.5,164.9,210520,,,A*42
$GPGGA,212815.00,3737.161318,N,12223.974638,W,7,,0.38,-31.89,M,0.0,M,0.0,0000*75
$GPRMC,212815.00,A,3737.161318,N,12223.974638,W,058.9,164.9,210520,,,A*40
$GPGGA,212816.00,3737.145448,N,12223.969213,W,7,,0.38,-32.08,M,0.0,M,0.0,0000*79
$GPRMC,212816.00,A,3737.145448,N,12223.969213,W,058.7,164.6,210520,,,A*47
$GPGGA,212817.00,3737.129278,N,12223.963759,W,7,,0.38,-32.07,M,0.0,M,0.0,0000*79
$GPRMC,212817.00,A,3737.129278,N,12223.963759,W,058.5,164.8,210520,,,A*44
$GPGGA,212818.00,3737.113666,N,12223.958540,W,7,,0.38,-32.28,M,0.0,M,0.0,0000*7B
$GPRMC,212818.00,A,3737.113666,N,12223.958540,W,058.1,164.9,210520,,,A*4E
$GPGGA,212819.00,3737.098534,N,12223.953440,W,7,,0.38,-32.57,M,0.0,M,0.0,0000*7E
$GPRMC,212819.00,A,3737.098534,N,12223.953440,W,057.7,165.0,210520,,,A*42
$GPGGA,212820.00,3737.082658,N,12223.948124,W,7,,0.38,-32.89,M,0.0,M,0.0,0000*78
$GPRMC,212820.00,A,3737.082658,N,12223.948124,W,057.4,165.0,210520,,,A*44
$GPGGA,212821.00,3737.067268,N,12223.942982,W,7,,0.38,-32.81,M,0.0,M,0.0,0000*73
$GPRMC,212821.00,A,3737.067268,N,12223.942982,W,057.6,165.2,210520,,,A*47
$GPGGA,212822.00,3737.052160,N,12223.937888,W,7,,0.38,-32.57,M,0.0,M,0.0,0000*7F
$GPRMC,212822.00,A,3737.052160,N,12223.937888,W,057.5,165.0,210520,,,A*41
$GPGGA,212823.00,3737.036787,N,12223.932781,W,7,,0.38,-32.35,M,0.0,M,0.0,0000*74
$GPRMC,212823.00,A,3737.036787,N,12223.932781,W,057.4,165.0,210520,,,A*4F
$GPGGA,212824.00,3737.021433,N,12223.927537,W,7,,0.38,-32.40,M,0.0,M,0.0,0000*70
$GPRMC,212824.00,A,3737.021433,N,12223.927537,W,057.3,165.0,210520,,,A*4E
$GPGGA,212825.00,3737.005515,N,12223.922060,W,7,,0.38,-32.38,M,0.0,M,0.0,0000*7F
$GPRMC,212825.00,A,3737.005515,N,12223.922060,W,057.1,164.5,210520,,,A*48
$GPGGA,212826.00,3736.990779,N,12223.916707,W,7,,0.38,-32.19,M,0.0,M,0.0,0000*72
$GPRMC,212826.00,A,3736.990779,N,12223.916707,W,057.1,163.5,210520,,,A*41
$GPGGA,212827.00,3736.975594,N,12223.910821,W,7,,0.38,-31.96,M,0.0,M,0.0,0000*70
$GPRMC,212827.00,A,3736.975594,N,12223.910821,W,057.3,162.0,210520,,,A*41
$GPGGA,212828.00,3736.959784,N,12223.904167,W,7,,0.38,-31.70,M,0.0,M,0.0,0000*74
$GPRMC,212828.00,A,3736.959784,N,12223.904167,W,057.7,160.9,210520,,,A*42
$GPGGA,212829.00,3736.944760,N,12223.897117,W,7,,0.38,-31.53,M,0.0,M,0.0,0000*7E
$GPRMC,212829.00,A,3736.944760,N,12223.897117,W,057.9,158.8,210520,,,A*4D
$GPGGA,212830.00,3736.929874,N,12223.889528,W,7,,0.39,-31.52,M,0.0,M,0.0,0000*70
$GPRMC,212830.00,A,3736.929874,N,12223.889528,W,058.1,157.2,210520,,,A*41
$GPGGA,212831.00,3736.915510,N,12223.881584,W,7,,0.38,-31.48,M,0.0,M,0.0,0000*75
$GPRMC,212831.00,A,3736.915510,N,12223.881584,W,058.5,155.8,210520,,,A*42
$GPGGA,212832.00,3736.900684,N,12223.872794,W,7,,0.38,-31.50,M,0.0,M,0.0,0000*7A
$GPRMC,212832.00,A,3736.900684,N,12223.872794,W,058.6,154.0,210520,,,A*4E
$GPGGA,212833.00,3736.885683,N,12223.863128,W,7,,0.38,-31.43,M,0.0,M,0.0,0000*73
$GPRMC,212833.00,A,3736.885683,N,12223.863128,W,058.8,152.4,210520,,,A*49
$GPGGA,212834.00,3736.871254,N,12223.853245,W,7,,0.38,-31.56,M,0.0,M,0.0,0000*7E
$GPRMC,212834.00,A,3736.871254,N,12223.853245,W,059.4,151.0,210520,,,A*4A
$GPGGA,212835.00,3736.857316,N,12223.843171,W,7,,0.38,-31.84,M,0.0,M,0.0,0000*76
$GPRMC,212835.00,A,3736.857316,N,12223.843171,W,059.4,149.8,210520,,,A*4C
$GPGGA,212836.00,3736.842766,N,12223.832066,W,7,,0.38,-31.94,M,0.0,M,0.0,0000*72
$GPRMC,212836.00,A,3736.842766,N,12223.832066,W,059.5,148.2,210520,,,A*43
$GPGGA,212837.00,3736.828875,N,12223.820708,W,7,,0.39,-31.87,M,0.0,M,0.0,0000*7D
$GPRMC,212837.00,A,3736.828875,N,12223.820708,W,059.8,146.1,210520,,,A*4F
$GPGGA,212838.00,3736.815514,N,12223.809104,W,7,,0.38,-31.88,M,0.0,M,0.0,0000*79
$GPRMC,212838.00,A,3736.815514,N,12223.809104,W,059.8,144.7,210520,,,A*41
$GPGGA,212839.00,3736.802122,N,12223.796743,W,7,,0.38,-32.14,M,0.0,M,0.0,0000*75
$GPRMC,212839.00,A,3736.802122,N,12223.796743,W,059.8,143.3,210520,,,A*48
$GPGGA,212840.00,3736.788904,N,12223.784066,W,7,,0.38,-32.10,M,0.0,M,0.0,0000*7D
$GPRMC,212840.00,A,3736.788904,N,12223.784066,W,060.0,142.0,210520,,,A*44
$GPGGA,212841.00,3736.775386,N,12223.770385,W,7,,0.38,-32.19,M,0.0,M,0.0,0000*72
$GPRMC,212841.00,A,3736.775386,N,12223.770385,W,060.1,140.3,210520,,,A*42
$GPGGA,212842.00,3736.763014,N,12223.757438,W,7,,0.38,-32.18,M,0.0,M,0.0,0000*7B
$GPRMC,212842.00,A,3736.763014,N,12223.757438,W,060.2,139.5,210520,,,A*41
$GPGGA,212843.00,3736.750443,N,12223.743482,W,7,,0.38,-31.94,M,0.0,M,0.0,0000*7F
$GPRMC,212843.00,A,3736.750443,N,12223.743482,W,060.6,137.7,210520,,,A*4A
$GPGGA,212844.00,3736.737609,N,12223.728374,W,7,,0.38,-31.94,M,0.0,M,0.0,0000*76
$GPRMC,212844.00,A,3736.737609,N,12223.728374,W,061.0,136.2,210520,,,A*40
$GPGGA,212845.00,3736.725483,N,12223.713415,W,7,,0.38,-31.95,M,0.0,M,0.0,0000*7D
$GPRMC,212845.00,A,3736.725483,N,12223.713415,W,061.3,135.1,210520,,,A*49
$GPGGA,212846.00,3736.713597,N,12223.697959,W,7,,0.38,-31.94,M,0.0,M,0.0,0000*76
$GPRMC,212846.00,A,3736.713597,N,12223.697959,W,061.7,133.4,210520,,,A*44
$GPGGA,212847.00,3736.702342,N,12223.682558,W,7,,0.38,-31.97,M,0.0,M,0.0,0000*73
$GPRMC,212847.00,A,3736.702342,N,12223.682558,W,062.0,131.9,210520,,,A*49
$GPGGA,212848.00,3736.690869,N,12223.666147,W,7,,0.38,-32.03,M,0.0,M,0.0,0000*7A
$GPRMC,212848.00,A,3736.690869,N,12223.666147,W,062.1,130.7,210520,,,A*40
$GPGGA,212849.00,3736.679434,N,12223.649041,W,7,,0.38,-32.15,M,0.0,M,0.0,0000*75
$GPRMC,212849.00,A,3736.679434,N,12223.649041,W,062.2,129.9,210520,,,A*4D
$GPGGA,212850.00,3736.668441,N,12223.632272,W,7,,0.38,-32.15,M,0.0,M,0.0,0000*71
$GPRMC,212850.00,A,3736.668441,N,12223.632272,W,062.3,129.1,210520,,,A*40
$GPGGA,212851.00,3736.657804,N,12223.615814,W,7,,0.38,-32.25,M,0.0,M,0.0,0000*7D
$GPRMC,212851.00,A,3736.657804,N,12223.615814,W,062.4,129.2,210520,,,A*4B
$GPGGA,212852.00,3736.646596,N,12223.598341,W,7,,0.38,-32.42,M,0.0,M,0.0,0000*74
$GPRMC,212852.00,A,3736.646596,N,12223.598341,W,062.4,128.8,210520,,,A*48
$GPGGA,212853.00,3736.635783,N,12223.581313,W,7,,0.38,-32.46,M,0.0,M,0.0,0000*7C
$GPRMC,212853.00,A,3736.635783,N,12223.581313,W,062.5,128.2,210520,,,A*4F
$GPGGA,212854.00,3736.625283,N,12223.564633,W,7,,0.38,-32.67,M,0.0,M,0.0,0000*70
$GPRMC,212854.00,A,3736.625283,N,12223.564633,W,062.3,128.2,210520,,,A*46
$GPGGA,212855.00,3736.614657,N,12223.547659,W,7,,0.38,-32.54,M,0.0,M,0.0,0000*73
$GPRMC,212855.00,A,3736.614657,N,12223.547659,W,061.6,128.2,210520,,,A*43
$GPGGA,212856.00,3736.604157,N,12223.530973,W,7,,0.38,-32.43,M,0.0,M,0.0,0000*77
$GPRMC,212856.00,A,3736.604157,N,12223.530973,W,060.9,128.7,210520,,,A*4A
$GPGGA,212857.00,3736.593196,N,12223.513820,W,7,,0.38,-32.38,M,0.0,M,0.0,0000*7C
$GPRMC,212857.00,A,3736.593196,N,12223.513820,W,060.3,129.0,210520,,,A*41
$GPGGA,212858.00,3736.583080,N,12223.498076,W,7,,0.38,-32.45,M,0.0,M,0.0,0000*77
$GPRMC,212858.00,A,3736.583080,N,12223.498076,W,059.9,129.0,210520,,,A*40
$GPGGA,212859.00,3736.572646,N,12223.481869,W,7,,0.38,-32.47,M,0.0,M,0.0,0000*78
$GPRMC,212859.00,A,3736.572646,N,12223.481869,W,059.7,128.8,210520,,,A*4A
$GPGGA,212900.00,3736.561791,N,12223.465028,W,7,,0.38,-32.50,M,0.0,M,0.0,0000*7D
$GPRMC,212900.00,A,3736.561791,N,12223.465028,W,059.6,129.1,210520,,,A*40
$GPGGA,212901.00,3736.551376,N,12223.448942,W,7,,0.38,-32.45,M,0.0,M,0.0,0000*7C
$GPRMC,212901.00,A,3736.551376,N,12223.448942,W,059.5,129.3,210520,,,A*44
$GPGGA,212902.00,3736.540978,N,12223.432837,W,7,,0.38,-32.37,M,0.0,M,0.0,0000*70
$GPRMC,212902.00,A,3736.540978,N,12223.432837,W,059.3,128.9,210520,,,A*40
$GPGGA,212903.00,3736.530958,N,12223.417346,W,7,,0.38,-32.29,M,0.0,M,0.0,0000*71
$GPRMC,212903.00,A,3736.530958,N,12223.417346,W,059.2,129.2,210520,,,A*45
$GPGGA,212904.00,3736.520524,N,12223.401235,W,7,,0.38,-32.35,M,0.0,M,0.0,0000*7F
$GPRMC,212904.00,A,3736.520524,N,12223.401235,W,059.1,129.3,210520,,,A*44
$GPGGA,212905.00,3736.509729,N,12223.384735,W,7,,0.38,-32.47,M,0.0,M,0.0,0000*70
$GPRMC,212905.00,A,3736.509729,N,12223.384735,W,059.4,129.5,210520,,,A*4D
$GPGGA,212906.00,3736.499212,N,12223.368751,W,7,,0.38,-32.66,M,0.0,M,0.0,0000*75
$GPRMC,212906.00,A,3736.499212,N,12223.368751,W,059.6,129.6,210520,,,A*4A
$GPGGA,212907.00,3736.488922,N,12223.353044,W,7,,0.38,-32.60,M,0.0,M,0.0,0000*71
$GPRMC,212907.00,A,3736.488922,N,12223.353044,W,059.7,129.5,210520,,,A*4A
$GPGGA,212908.00,3736.478073,N,12223.336393,W,7,,0.38,-32.53,M,0.0,M,0.0,0000*76
$GPRMC,212908.00,A,3736.478073,N,12223.336393,W,059.8,129.3,210520,,,A*44
$GPGGA,212909.00,3736.467544,N,12223.320260,W,7,,0.38,-32.57,M,0.0,M,0.0,0000*76
$GPRMC,212909.00,A,3736.467544,N,12223.320260,W,059.9,129.2,210520,,,A*40
$GPGGA,212910.00,3736.457169,N,12223.304407,W,7,,0.38,-32.51,M,0.0,M,0.0,0000*71
$GPRMC,212910.00,A,3736.457169,N,12223.304407,W,060.3,129.5,210520,,,A*46
$GPGGA,212911.00,3736.446562,N,12223.288202,W,7,,0.38,-32.41,M,0.0,M,0.0,0000*78
$GPRMC,212911.00,A,3736.446562,N,12223.288202,W,060.4,129.6,210520,,,A*4A
$GPGGA,212912.00,3736.435912,N,12223.271953,W,7,,0.38,-32.30,M,0.0,M,0.0,0000*7B
$GPRMC,212912.00,A,3736.435912,N,12223.271953,W,060.6,129.5,210520,,,A*4E
$GPGGA,212913.00,3736.424794,N,12223.254877,W,7,,0.38,-32.27,M,0.0,M,0.0,0000*7C
$GPRMC,212913.00,A,3736.424794,N,12223.254877,W,060.7,129.1,210520,,,A*4A
$GPGGA,212914.00,3736.414540,N,12223.239068,W,7,,0.38,-32.23,M,0.0,M,0.0,0000*7A
$GPRMC,212914.00,A,3736.414540,N,12223.239068,W,060.3,129.1,210520,,,A*4C
$GPGGA,212915.00,3736.404021,N,12223.222861,W,7,,0.38,-32.24,M,0.0,M,0.0,0000*74
$GPRMC,212915.00,A,3736.404021,N,12223.222861,W,059.8,129.7,210520,,,A*42
$GPGGA,212916.00,3736.393113,N,12223.206140,W,7,,0.38,-32.25,M,0.0,M,0.0,0000*73
$GPRMC,212916.00,A,3736.393113,N,12223.206140,W,059.4,129.5,210520,,,A*4A
$GPGGA,212917.00,3736.382650,N,12223.190233,W,7,,0.38,-32.27,M,0.0,M,0.0,0000*7B
$GPRMC,212917.00,A,3736.382650,N,12223.190233,W,059.0,129.7,210520,,,A*46
$GPGGA,212918.00,3736.372269,N,12223.174514,W,7,,0.38,-32.38,M,0.0,M,0.0,0000*73
$GPRMC,212918.00,A,3736.372269,N,12223.174514,W,058.5,129.3,210520,,,A*40
$GPGGA,212919.00,3736.362351,N,12223.159369,W,7,,0.38,-32.42,M,0.0,M,0.0,0000*77
$GPRMC,212919.00,A,3736.362351,N,12223.159369,W,057.9,129.2,210520,,,A*4B
$GPGGA,212920.00,3736.352037,N,12223.143608,W,7,,0.38,-32.47,M,0.0,M,0.0,0000*71
$GPRMC,212920.00,A,3736.352037,N,12223.143608,W,057.9,129.6,210520,,,A*4C
$GPGGA,212921.00,3736.341502,N,12223.127534,W,7,,0.38,-32.41,M,0.0,M,0.0,0000*79
$GPRMC,212921.00,A,3736.341502,N,12223.127534,W,057.8,129.4,210520,,,A*41
$GPGGA,212922.00,3736.331356,N,12223.112024,W,7,,0.38,-32.46,M,0.0,M,0.0,0000*7F
$GPRMC,212922.00,A,3736.331356,N,12223.112024,W,057.5,129.2,210520,,,A*4B
$GPGGA,212923.00,3736.321594,N,12223.096837,W,7,,0.38,-32.23,M,0.0,M,0.0,0000*73
$GPRMC,212923.00,A,3736.321594,N,12223.096837,W,057.0,128.8,210520,,,A*4A
$GPGGA,212924.00,3736.311328,N,12223.081105,W,7,,0.38,-32.18,M,0.0,M,0.0,0000*70
$GPRMC,212924.00,A,3736.311328,N,12223.081105,W,056.2,129.0,210520,,,A*4B
$GPGGA,212925.00,3736.301535,N,12223.066052,W,7,,0.38,-32.32,M,0.0,M,0.0,0000*78
$GPRMC,212925.00,A,3736.301535,N,12223.066052,W,055.5,129.4,210520,,,A*4B
$GPGGA,212926.00,3736.292091,N,12223.051447,W,7,,0.38,-32.22,M,0.0,M,0.0,0000*7E
$GPRMC,212926.00,A,3736.292091,N,12223.051447,W,054.9,129.0,210520,,,A*45
$GPGGA,212927.00,3736.282539,N,12223.036771,W,7,,0.38,-32.27,M,0.0,M,0.0,0000*7B
$GPRMC,212927.00,A,3736.282539,N,12223.036771,W,054.1,129.3,210520,,,A*4E
$GPGGA,212928.00,3736.273113,N,12223.022335,W,7,,0.38,-32.35,M,0.0,M,0.0,0000*74
$GPRMC,212928.00,A,3736.273113,N,12223.022335,W,053.4,129.0,210520,,,A*43
$GPGGA,212929.00,3736.263442,N,12223.007540,W,7,,0.38,-32.26,M,0.0,M,0.0,0000*74
$GPRMC,212929.00,A,3736.263442,N,12223.007540,W,052.2,129.4,210520,,,A*42
$GPGGA,212930.00,3736.254598,N,12222.994064,W,7,,0.38,-32.02,M,0.0,M,0.0,0000*79
$GPRMC,212930.00,A,3736.254598,N,12222.994064,W,051.3,129.5,210520,,,A*4A
$GPGGA,212931.00,3736.245651,N,12222.980299,W,7,,0.38,-31.93,M,0.0,M,0.0,0000*70
$GPRMC,212931.00,A,3736.245651,N,12222.980299,W,050.6,129.2,210520,,,A*4B
$GPGGA,212932.00,3736.236556,N,12222.966116,W,7,,0.38,-31.91,M,0.0,M,0.0,0000*7D
$GPRMC,212932.00,A,3736.236556,N,12222.966116,W,050.1,128.8,210520,,,A*48
$GPGGA,212933.00,3736.227813,N,12222.952507,W,7,,0.38,-31.92,M,0.0,M,0.0,0000*70
$GPRMC,212933.00,A,3736.227813,N,12222.952507,W,050.3,128.9,210520,,,A*45
$GPGGA,212934.00,3736.219239,N,12222.939332,W,7,,0.38,-31.85,M,0.0,M,0.0,0000*73
$GPRMC,212934.00,A,3736.219239,N,12222.939332,W,050.7,129.3,210520,,,A*4F
$GPGGA,212935.00,3736.210407,N,12222.925711,W,7,,0.38,-31.99,M,0.0,M,0.0,0000*75
$GPRMC,212935.00,A,3736.210407,N,12222.925711,W,050.5,129.1,210520,,,A*44
$GPGGA,212936.00,3736.201408,N,12222.911870,W,7,,0.38,-32.05,M,0.0,M,0.0,0000*70
$GPRMC,212936.00,A,3736.201408,N,12222.911870,W,051.0,129.2,210520,,,A*40
$GPGGA,212937.00,3736.192065,N,12222.897638,W,7,,0.38,-32.01,M,0.0,M,0.0,0000*7E
$GPRMC,212937.00,A,3736.192065,N,12222.897638,W,051.6,129.5,210520,,,A*4B
$GPGGA,212938.00,3736.182952,N,12222.883694,W,7,,0.38,-31.93,M,0.0,M,0.0,0000*76
$GPRMC,212938.00,A,3736.182952,N,12222.883694,W,051.8,129.2,210520,,,A*42
$GPGGA,212939.00,3736.174029,N,12222.870104,W,7,,0.38,-31.85,M,0.0,M,0.0,0000*7E
$GPRMC,212939.00,A,3736.174029,N,12222.870104,W,051.6,129.4,210520,,,A*45
$GPGGA,212940.00,3736.164610,N,12222.855841,W,7,,0.38,-31.96,M,0.0,M,0.0,0000*70
$GPRMC,212940.00,A,3736.164610,N,12222.855841,W,051.5,129.6,210520,,,A*48
$GPGGA,212941.00,3736.155484,N,12222.842023,W,7,,0.38,-32.10,M,0.0,M,0.0,0000*7B
$GPRMC,212941.00,A,3736.155484,N,12222.842023,W,051.6,129.6,210520,,,A*4D
$GPGGA,212942.00,3736.146561,N,12222.828403,W,7,,0.38,-32.25,M,0.0,M,0.0,0000*7C
$GPRMC,212942.00,A,3736.146561,N,12222.828403,W,052.1,129.8,210520,,,A*46
$GPGGA,212943.00,3736.137316,N,12222.814219,W,7,,0.38,-32.42,M,0.0,M,0.0,0000*7E
$GPRMC,212943.00,A,3736.137316,N,12222.814219,W,052.7,129.1,210520,,,A*4A
$GPGGA,212944.00,3736.127961,N,12222.799813,W,7,,0.38,-32.18,M,0.0,M,0.0,0000*77
$GPRMC,212944.00,A,3736.127961,N,12222.799813,W,053.3,129.1,210520,,,A*49
$GPGGA,212945.00,3736.118236,N,12222.784784,W,7,,0.38,-32.16,M,0.0,M,0.0,0000*70
$GPRMC,212945.00,A,3736.118236,N,12222.784784,W,053.7,128.8,210520,,,A*4C
$GPGGA,212946.00,3736.109199,N,12222.770659,W,7,,0.38,-32.10,M,0.0,M,0.0,0000*79
$GPRMC,212946.00,A,3736.109199,N,12222.770659,W,053.7,128.8,210520,,,A*43
$GPGGA,212947.00,3736.100007,N,12222.756109,W,7,,0.38,-32.14,M,0.0,M,0.0,0000*75
$GPRMC,212947.00,A,3736.100007,N,12222.756109,W,053.3,128.5,210520,,,A*42
$GPGGA,212948.00,3736.090425,N,12222.741343,W,7,,0.38,-32.15,M,0.0,M,0.0,0000*7D
$GPRMC,212948.00,A,3736.090425,N,12222.741343,W,052.9,129.8,210520,,,A*4C
$GPGGA,212949.00,3736.081072,N,12222.726986,W,7,,0.38,-32.02,M,0.0,M,0.0,0000*7E
$GPRMC,212949.00,A,3736.081072,N,12222.726986,W,052.6,129.2,210520,,,A*4C
$GPGGA,212950.00,3736.072120,N,12222.713281,W,7,,0.38,-31.94,M,0.0,M,0.0,0000*7A
$GPRMC,212950.00,A,3736.072120,N,12222.713281,W,052.5,129.0,210520,,,A*45
$GPGGA,212951.00,3736.062898,N,12222.699254,W,7,,0.38,-31.99,M,0.0,M,0.0,0000*76
$GPRMC,212951.00,A,3736.062898,N,12222.699254,W,052.2,129.9,210520,,,A*4A
$GPGGA,212952.00,3736.053634,N,12222.685171,W,7,,0.38,-31.94,M,0.0,M,0.0,0000*7B
$GPRMC,212952.00,A,3736.053634,N,12222.685171,W,051.9,129.7,210520,,,A*4C
$GPGGA,212953.00,3736.044159,N,12222.670820,W,7,,0.38,-31.88,M,0.0,M,0.0,0000*7A
$GPRMC,212953.00,A,3736.044159,N,12222.670820,W,051.8,129.8,210520,,,A*4E
$GPGGA,212954.00,3736.034956,N,12222.656911,W,7,,0.38,-31.84,M,0.0,M,0.0,0000*76
$GPRMC,212954.00,A,3736.034956,N,12222.656911,W,052.0,129.7,210520,,,A*4A
$GPGGA,212955.00,3736.025949,N,12222.643214,W,7,,0.38,-31.83,M,0.0,M,0.0,0000*74
$GPRMC,212955.00,A,3736.025949,N,12222.643214,W,052.3,129.5,210520,,,A*4E
$GPGGA,212956.00,3736.016403,N,12222.628580,W,7,,0.38,-31.75,M,0.0,M,0.0,0000*7A
$GPRMC,212956.00,A,3736.016403,N,12222.628580,W,052.7,128.9,210520,,,A*40
$GPGGA,212957.00,3736.007127,N,12222.614395,W,7,,0.38,-31.77,M,0.0,M,0.0,0000*77
$GPRMC,212957.00,A,3736.007127,N,12222.614395,W,052.7,129.6,210520,,,A*41
$GPGGA,212958.00,3735.998002,N,12222.600553,W,7,,0.38,-31.76,M,0.0,M,0.0,0000*7A
$GPRMC,212958.00,A,3735.998002,N,12222.600553,W,052.6,129.6,210520,,,A*4C
$GPGGA,212959.00,3735.988696,N,12222.586465,W,7,,0.38,-31.75,M,0.0,M,0.0,0000*7B
$GPRMC,212959.00,A,3735.988696,N,12222.586465,W,052.4,129.7,210520,,,A*4D
$GPGGA,213000.00,3735.979534,N,12222.572396,W,7,,0.38,-31.72,M,0.0,M,0.0,0000*7D
$GPRMC,213000.00,A,3735.979534,N,12222.572396,W,052.1,129.3,210520,,,A*4D
$GPGGA,213001.00,3735.969957,N,12222.557678,W,7,,0.38,-31.56,M,0.0,M,0.0,0000*70
$GPRMC,213001.00,A,3735.969957,N,12222.557678,W,052.2,129.1,210520,,,A*47
$GPGGA,213002.00,3735.961120,N,12222.543944,W,7,,0.38,-31.35,M,0.0,M,0.0,0000*73
$GPRMC,213002.00,A,3735.961120,N,12222.543944,W,052.5,128.8,210520,,,A*4E
$GPGGA,213003.00,3735.951958,N,12222.529675,W,7,,0.38,-31.21,M,0.0,M,0.0,0000*72
$GPRMC,213003.00,A,3735.951958,N,12222.529675,W,052.7,128.9,210520,,,A*49
$GPGGA,213004.00,3735.942483,N,12222.514874,W,7,,0.38,-31.22,M,0.0,M,0.0,0000*7E
$GPRMC,213004.00,A,3735.942483,N,12222.514874,W,052.9,128.8,210520,,,A*49
$GPGGA,213005.00,3735.933153,N,12222.500305,W,7,,0.38,-31.20,M,0.0,M,0.0,0000*7B
$GPRMC,213005.00,A,3735.933153,N,12222.500305,W,053.3,129.0,210520,,,A*4C
$GPGGA,213006.00,3735.924105,N,12222.486301,W,7,,0.38,-31.21,M,0.0,M,0.0,0000*77
$GPRMC,213006.00,A,3735.924105,N,12222.486301,W,053.6,129.1,210520,,,A*45
$GPGGA,213007.00,3735.914752,N,12222.471823,W,7,,0.38,-31.19,M,0.0,M,0.0,0000*79
$GPRMC,213007.00,A,3735.914752,N,12222.471823,W,053.6,129.1,210520,,,A*40
$GPGGA,213008.00,3735.905307,N,12222.457207,W,7,,0.38,-31.21,M,0.0,M,0.0,0000*71
$GPRMC,213008.00,A,3735.905307,N,12222.457207,W,053.5,128.9,210520,,,A*49
$GPGGA,213009.00,3735.895641,N,12222.442225,W,7,,0.38,-31.36,M,0.0,M,0.0,0000*7D
$GPRMC,213009.00,A,3735.895641,N,12222.442225,W,053.7,129.0,210520,,,A*49
$GPGGA,213010.00,3735.886227,N,12222.427645,W,7,,0.38,-31.47,M,0.0,M,0.0,0000*74
$GPRMC,213010.00,A,3735.886227,N,12222.427645,W,054.0,129.1,210520,,,A*47
$GPGGA,213011.00,3735.876927,N,12222.413252,W,7,,0.38,-31.60,M,0.0,M,0.0,0000*71
$GPRMC,213011.00,A,3735.876927,N,12222.413252,W,054.6,129.1,210520,,,A*41
$GPGGA,213012.00,3735.867058,N,12222.397861,W,7,,0.38,-31.68,M,0.0,M,0.0,0000*7A
$GPRMC,213012.00,A,3735.867058,N,12222.397861,W,055.2,129.2,210520,,,A*44
$GPGGA,213013.00,3735.857415,N,12222.382832,W,7,,0.38,-31.77,M,0.0,M,0.0,0000*79
$GPRMC,213013.00,A,3735.857415,N,12222.382832,W,055.6,128.9,210520,,,A*47
$GPGGA,213014.00,3735.847846,N,12222.368071,W,7,,0.38,-31.72,M,0.0,M,0.0,0000*7B
$GPRMC,213014.00,A,3735.847846,N,12222.368071,W,056.0,129.1,210520,,,A*4C
$GPGGA,213015.00,3735.838035,N,12222.352993,W,7,,0.38,-31.77,M,0.0,M,0.0,0000*77
$GPRMC,213015.00,A,3735.838035,N,12222.352993,W,055.9,129.2,210520,,,A*4C
$GPGGA,213016.00,3735.828256,N,12222.337880,W,7,,0.38,-31.57,M,0.0,M,0.0,0000*70
$GPRMC,213016.00,A,3735.828256,N,12222.337880,W,055.8,129.5,210520,,,A*4F
$GPGGA,213017.00,3735.818032,N,12222.322213,W,7,,0.38,-31.49,M,0.0,M,0.0,0000*79
$GPRMC,213017.00,A,3735.818032,N,12222.322213,W,055.7,129.4,210520,,,A*47
$GPGGA,213018.00,3735.808510,N,12222.307705,W,7,,0.38,-31.48,M,0.0,M,0.0,0000*76
$GPRMC,213018.00,A,3735.808510,N,12222.307705,W,055.9,129.4,210520,,,A*47
$GPGGA,213019.00,3735.798592,N,12222.292652,W,7,,0.38,-31.44,M,0.0,M,0.0,0000*79
$GPRMC,213019.00,A,3735.798592,N,12222.292652,W,056.1,129.4,210520,,,A*4F
$GPGGA,213020.00,3735.788374,N,12222.277082,W,7,,0.38,-31.39,M,0.0,M,0.0,0000*76
$GPRMC,213020.00,A,3735.788374,N,12222.277082,W,056.2,129.4,210520,,,A*49
$GPGGA,213021.00,3735.778317,N,12222.261847,W,7,,0.38,-31.37,M,0.0,M,0.0,0000*75
$GPRMC,213021.00,A,3735.778317,N,12222.261847,W,056.4,129.6,210520,,,A*40
$GPGGA,213022.00,3735.768357,N,12222.246662,W,7,,0.38,-31.32,M,0.0,M,0.0,0000*7A
$GPRMC,213022.00,A,3735.768357,N,12222.246662,W,056.6,129.3,210520,,,A*4D
$GPGGA,213023.00,3735.758674,N,12222.231884,W,7,,0.38,-31.32,M,0.0,M,0.0,0000*7A
$GPRMC,213023.00,A,3735.758674,N,12222.231884,W,056.8,129.2,210520,,,A*42
$GPGGA,213024.00,3735.748551,N,12222.216379,W,7,,0.38,-31.30,M,0.0,M,0.0,0000*76
$GPRMC,213024.00,A,3735.748551,N,12222.216379,W,057.0,129.3,210520,,,A*44
$GPGGA,213025.00,3735.738261,N,12222.200569,W,7,,0.38,-31.27,M,0.0,M,0.0,0000*72
$GPRMC,213025.00,A,3735.738261,N,12222.200569,W,056.8,129.0,210520,,,A*4C
$GPGGA,213026.00,3735.728326,N,12222.185257,W,7,,0.38,-31.14,M,0.0,M,0.0,0000*76
$GPRMC,213026.00,A,3735.728326,N,12222.185257,W,056.6,129.2,210520,,,A*44
$GPGGA,213027.00,3735.718599,N,12222.170275,W,7,,0.38,-31.16,M,0.0,M,0.0,0000*7E
$GPRMC,213027.00,A,3735.718599,N,12222.170275,W,056.9,129.5,210520,,,A*46
$GPGGA,213028.00,3735.708237,N,12222.154507,W,7,,0.38,-31.10,M,0.0,M,0.0,0000*71
$GPRMC,213028.00,A,3735.708237,N,12222.154507,W,056.9,129.6,210520,,,A*4C
$GPGGA,213029.00,3735.698224,N,12222.139183,W,7,,0.38,-31.09,M,0.0,M,0.0,0000*71
$GPRMC,213029.00,A,3735.698224,N,12222.139183,W,056.8,129.4,210520,,,A*47
$GPGGA,213030.00,3735.688467,N,12222.124219,W,7,,0.38,-31.03,M,0.0,M,0.0,0000*7F
$GPRMC,213030.00,A,3735.688467,N,12222.124219,W,056.9,129.4,210520,,,A*42
$GPGGA,213031.00,3735.678490,N,12222.108992,W,7,,0.38,-31.12,M,0.0,M,0.0,0000*7F
$GPRMC,213031.00,A,3735.678490,N,12222.108992,W,056.6,129.4,210520,,,A*4D
$GPGGA,213032.00,3735.668583,N,12222.093859,W,7,,0.38,-31.23,M,0.0,M,0.0,0000*79
$GPRMC,213032.00,A,3735.668583,N,12222.093859,W,056.0,129.5,210520,,,A*4E
$GPGGA,213033.00,3735.658390,N,12222.078296,W,7,,0.38,-31.18,M,0.0,M,0.0,0000*7B
$GPRMC,213033.00,A,3735.658390,N,12222.078296,W,055.3,129.4,210520,,,A*45
$GPGGA,213034.00,3735.649029,N,12222.064009,W,7,,0.38,-31.21,M,0.0,M,0.0,0000*7E
$GPRMC,213034.00,A,3735.649029,N,12222.064009,W,054.6,129.7,210520,,,A*4D
$GPGGA,213035.00,3735.639405,N,12222.049465,W,7,,0.38,-31.29,M,0.0,M,0.0,0000*7B
$GPRMC,213035.00,A,3735.639405,N,12222.049465,W,054.2,129.9,210520,,,A*4A
$GPGGA,213036.00,3735.629500,N,12222.034441,W,7,,0.38,-31.35,M,0.0,M,0.0,0000*7C
$GPRMC,213036.00,A,3735.629500,N,12222.034441,W,054.1,129.3,210520,,,A*49
$GPGGA,213037.00,3735.619851,N,12222.019712,W,7,,0.38,-31.35,M,0.0,M,0.0,0000*7D
$GPRMC,213037.00,A,3735.619851,N,12222.019712,W,054.3,129.3,210520,,,A*4A
$GPGGA,213038.00,3735.610564,N,12222.005468,W,7,,0.38,-31.25,M,0.0,M,0.0,0000*72
$GPRMC,213038.00,A,3735.610564,N,12222.005468,W,054.7,129.2,210520,,,A*41
$GPGGA,213039.00,3735.600904,N,12221.990660,W,7,,0.38,-31.10,M,0.0,M,0.0,0000*72
$GPRMC,213039.00,A,3735.600904,N,12221.990660,W,055.1,129.1,210520,,,A*43
$GPGGA,213040.00,3735.591082,N,12221.975510,W,7,,0.38,-31.05,M,0.0,M,0.0,0000*7B
$GPRMC,213040.00,A,3735.591082,N,12221.975510,W,055.7,129.0,210520,,,A*49
$GPGGA,213041.00,3735.580929,N,12221.959933,W,7,,0.38,-30.91,M,0.0,M,0.0,0000*7D
$GPRMC,213041.00,A,3735.580929,N,12221.959933,W,056.3,129.4,210520,,,A*40
$GPGGA,213042.00,3735.570963,N,12221.944693,W,7,,0.38,-30.73,M,0.0,M,0.0,0000*7A
$GPRMC,213042.00,A,3735.570963,N,12221.944693,W,056.8,129.1,210520,,,A*45
$GPGGA,213043.00,3735.561261,N,12221.929574,W,7,,0.38,-30.41,M,0.0,M,0.0,0000*72
$GPRMC,213043.00,A,3735.561261,N,12221.929574,W,057.2,128.7,210520,,,A*40
$GPGGA,213044.00,3735.550935,N,12221.913446,W,7,,0.38,-30.47,M,0.0,M,0.0,0000*72
$GPRMC,213044.00,A,3735.550935,N,12221.913446,W,057.8,128.9,210520,,,A*42
$GPGGA,213045.00,3735.540808,N,12221.897966,W,7,,0.38,-30.47,M,0.0,M,0.0,0000*7F
$GPRMC,213045.00,A,3735.540808,N,12221.897966,W,057.5,129.6,210520,,,A*4C
$GPGGA,213046.00,3735.530854,N,12221.883007,W,7,,0.38,-30.48,M,0.0,M,0.0,0000*76
$GPRMC,213046.00,A,3735.530854,N,12221.883007,W,057.0,130.2,210520,,,A*43
$GPGGA,213047.00,3735.520731,N,12221.867852,W,7,,0.38,-30.63,M,0.0,M,0.0,0000*71
$GPRMC,213047.00,A,3735.520731,N,12221.867852,W,056.7,130.3,210520,,,A*4A
$GPGGA,213048.00,3735.510634,N,12221.852768,W,7,,0.38,-30.81,M,0.0,M,0.0,0000*75
$GPRMC,213048.00,A,3735.510634,N,12221.852768,W,056.4,130.2,210520,,,A*40
$GPGGA,213049.00,3735.500331,N,12221.837203,W,7,,0.38,-30.87,M,0.0,M,0.0,0000*78
$GPRMC,213049.00,A,3735.500331,N,12221.837203,W,056.0,129.8,210520,,,A*4D
$GPGGA,213050.00,3735.490576,N,12221.822624,W,7,,0.38,-30.75,M,0.0,M,0.0,0000*75
$GPRMC,213050.00,A,3735.490576,N,12221.822624,W,055.7,129.8,210520,,,A*49
$GPGGA,213051.00,3735.480711,N,12221.807761,W,7,,0.38,-30.70,M,0.0,M,0.0,0000*74
$GPRMC,213051.00,A,3735.480711,N,12221.807761,W,055.5,129.6,210520,,,A*41
$GPGGA,213052.00,3735.470595,N,12221.792480,W,7,,0.38,-30.69,M,0.0,M,0.0,0000*71
$GPRMC,213052.00,A,3735.470595,N,12221.792480,W,055.4,129.7,210520,,,A*4C
$GPGGA,213053.00,3735.460660,N,12221.777443,W,7,,0.38,-30.58,M,0.0,M,0.0,0000*7E
$GPRMC,213053.00,A,3735.460660,N,12221.777443,W,055.6,129.7,210520,,,A*43
$GPGGA,213054.00,3735.451108,N,12221.762966,W,7,,0.38,-30.60,M,0.0,M,0.0,0000*77
$GPRMC,213054.00,A,3735.451108,N,12221.762966,W,055.9,129.7,210520,,,A*4E
$GPGGA,213055.00,3735.441165,N,12221.747870,W,7,,0.38,-30.49,M,0.0,M,0.0,0000*76
$GPRMC,213055.00,A,3735.441165,N,12221.747870,W,056.4,129.3,210520,,,A*4E
$GPGGA,213056.00,3735.431091,N,12221.732467,W,7,,0.38,-30.52,M,0.0,M,0.0,0000*7A
$GPRMC,213056.00,A,3735.431091,N,12221.732467,W,056.9,129.4,210520,,,A*42
$GPGGA,213057.00,3735.420771,N,12221.716507,W,7,,0.38,-30.49,M,0.0,M,0.0,0000*79
$GPRMC,213057.00,A,3735.420771,N,12221.716507,W,057.5,129.0,210520,,,A*42
$GPGGA,213058.00,3735.410631,N,12221.700974,W,7,,0.38,-30.45,M,0.0,M,0.0,0000*73
$GPRMC,213058.00,A,3735.410631,N,12221.700974,W,057.8,129.2,210520,,,A*4B
$GPGGA,213059.00,3735.400731,N,12221.685643,W,7,,0.39,-30.56,M,0.0,M,0.0,0000*76
$GPRMC,213059.00,A,3735.400731,N,12221.685643,W,057.8,129.0,210520,,,A*4F
$GPGGA,213100.00,3735.390417,N,12221.669557,W,7,,0.38,-30.37,M,0.0,M,0.0,0000*70
$GPRMC,213100.00,A,3735.390417,N,12221.669557,W,057.6,129.4,210520,,,A*45
$GPGGA,213101.00,3735.380565,N,12221.653724,W,7,,0.38,-30.41,M,0.0,M,0.0,0000*7A
$GPRMC,213101.00,A,3735.380565,N,12221.653724,W,057.6,128.3,210520,,,A*48
$GPGGA,213102.00,3735.370683,N,12221.638070,W,7,,0.38,-30.33,M,0.0,M,0.0,0000*73
$GPRMC,213102.00,A,3735.370683,N,12221.638070,W,057.5,128.7,210520,,,A*43
$GPGGA,213103.00,3735.360994,N,12221.622716,W,7,,0.38,-30.37,M,0.0,M,0.0,0000*72
$GPRMC,213103.00,A,3735.360994,N,12221.622716,W,057.7,128.1,210520,,,A*42
$GPGGA,213104.00,3735.351261,N,12221.606546,W,7,,0.38,-30.32,M,0.0,M,0.0,0000*72
$GPRMC,213104.00,A,3735.351261,N,12221.606546,W,058.0,126.7,210520,,,A*47
$GPGGA,213105.00,3735.341601,N,12221.589721,W,7,,0.38,-30.26,M,0.0,M,0.0,0000*72
$GPRMC,213105.00,A,3735.341601,N,12221.589721,W,057.8,124.8,210520,,,A*48
$GPGGA,213106.00,3735.332872,N,12221.573342,W,7,,0.38,-30.41,M,0.0,M,0.0,0000*7A
$GPRMC,213106.00,A,3735.332872,N,12221.573342,W,057.8,123.4,210520,,,A*4A
$GPGGA,213107.00,3735.324381,N,12221.556350,W,7,,0.38,-30.47,M,0.0,M,0.0,0000*79
$GPRMC,213107.00,A,3735.324381,N,12221.556350,W,057.4,121.2,210520,,,A*47
$GPGGA,213108.00,3735.316137,N,12221.538673,W,7,,0.38,-30.49,M,0.0,M,0.0,0000*7A
$GPRMC,213108.00,A,3735.316137,N,12221.538673,W,056.7,119.5,210520,,,A*44
$GPGGA,213109.00,3735.308373,N,12221.521436,W,7,,0.38,-30.32,M,0.0,M,0.0,0000*71
$GPRMC,213109.00,A,3735.308373,N,12221.521436,W,056.0,119.4,210520,,,A*45
$GPGGA,213110.00,3735.301264,N,12221.504971,W,7,,0.38,-30.33,M,0.0,M,0.0,0000*7F
$GPRMC,213110.00,A,3735.301264,N,12221.504971,W,055.3,118.5,210520,,,A*4A
$GPGGA,213111.00,3735.294232,N,12221.488046,W,7,,0.38,-30.39,M,0.0,M,0.0,0000*72
$GPRMC,213111.00,A,3735.294232,N,12221.488046,W,054.6,117.4,210520,,,A*47
$GPGGA,213112.00,3735.287512,N,12221.470970,W,7,,0.38,-30.42,M,0.0,M,0.0,0000*71
$GPRMC,213112.00,A,3735.287512,N,12221.470970,W,053.8,115.7,210520,,,A*40
$GPGGA,213113.00,3735.281049,N,12221.453539,W,7,,0.38,-30.29,M,0.0,M,0.0,0000*70
$GPRMC,213113.00,A,3735.281049,N,12221.453539,W,053.1,114.3,210520,,,A*40
$GPGGA,213114.00,3735.275326,N,12221.436601,W,7,,0.38,-30.29,M,0.0,M,0.0,0000*7D
$GPRMC,213114.00,A,3735.275326,N,12221.436601,W,052.6,112.6,210520,,,A*48
$GPGGA,213115.00,3735.270069,N,12221.420131,W,7,,0.38,-30.37,M,0.0,M,0.0,0000*7D
$GPRMC,213115.00,A,3735.270069,N,12221.420131,W,052.4,111.7,210520,,,A*47
$GPGGA,213116.00,3735.264735,N,12221.402330,W,7,,0.38,-30.20,M,0.0,M,0.0,0000*70
$GPRMC,213116.00,A,3735.264735,N,12221.402330,W,052.5,110.0,210520,,,A*4B
$GPGGA,213117.00,3735.259965,N,12221.385061,W,7,,0.38,-30.25,M,0.0,M,0.0,0000*7E
$GPRMC,213117.00,A,3735.259965,N,12221.385061,W,052.6,108.7,210520,,,A*4D
$GPGGA,213118.00,3735.255399,N,12221.367535,W,7,,0.38,-30.08,M,0.0,M,0.0,0000*73
$GPRMC,213118.00,A,3735.255399,N,12221.367535,W,053.0,107.8,210520,,,A*48
$GPGGA,213119.00,3735.251152,N,12221.350124,W,7,,0.38,-30.03,M,0.0,M,0.0,0000*78
$GPRMC,213119.00,A,3735.251152,N,12221.350124,W,053.6,106.5,210520,,,A*42
$GPGGA,213120.00,3735.247138,N,12221.332010,W,7,,0.38,-30.06,M,0.0,M,0.0,0000*7E
$GPRMC,213120.00,A,3735.247138,N,12221.332010,W,054.0,105.0,210520,,,A*46
$GPGGA,213121.00,3735.243321,N,12221.313031,W,7,,0.38,-29.96,M,0.0,M,0.0,0000*70
$GPRMC,213121.00,A,3735.243321,N,12221.313031,W,054.6,103.9,210520,,,A*40
$GPGGA,213122.00,3735.240052,N,12221.294900,W,7,,0.38,-30.03,M,0.0,M,0.0,0000*76
$GPRMC,213122.00,A,3735.240052,N,12221.294900,W,054.7,102.3,210520,,,A*48
$GPGGA,213123.00,3735.237142,N,12221.276402,W,7,,0.38,-30.11,M,0.0,M,0.0,0000*77
$GPRMC,213123.00,A,3735.237142,N,12221.276402,W,053.9,100.7,210520,,,A*45
$GPGGA,213124.00,3735.234550,N,12221.257388,W,7,,0.38,-30.15,M,0.0,M,0.0,0000*76
$GPRMC,213124.00,A,3735.234550,N,12221.257388,W,053.4,099.5,210520,,,A*4E
$GPGGA,213125.00,3735.232168,N,12221.238709,W,7,,0.38,-30.06,M,0.0,M,0.0,0000*78
$GPRMC,213125.00,A,3735.232168,N,12221.238709,W,053.8,099.0,210520,,,A*4B
$GPGGA,213126.00,3735.230229,N,12221.220590,W,7,,0.38,-30.11,M,0.0,M,0.0,0000*72
$GPRMC,213126.00,A,3735.230229,N,12221.220590,W,054.1,097.4,210520,,,A*43
$GPGGA,213127.00,3735.228670,N,12221.201857,W,7,,0.38,-30.19,M,0.0,M,0.0,0000*7F
$GPRMC,213127.00,A,3735.228670,N,12221.201857,W,054.1,095.2,210520,,,A*42
$GPGGA,213128.00,3735.227548,N,12221.182987,W,7,,0.38,-30.32,M,0.0,M,0.0,0000*7A
$GPRMC,213128.00,A,3735.227548,N,12221.182987,W,054.3,093.8,210520,,,A*40
$GPGGA,213129.00,3735.226719,N,12221.163290,W,7,,0.38,-30.27,M,0.0,M,0.0,0000*7A
$GPRMC,213129.00,A,3735.226719,N,12221.163290,W,054.1,092.2,210520,,,A*4D
$GPGGA,213130.00,3735.226239,N,12221.145008,W,7,,0.38,-30.25,M,0.0,M,0.0,0000*70
$GPRMC,213130.00,A,3735.226239,N,12221.145008,W,054.3,091.4,210520,,,A*42
$GPGGA,213131.00,3735.225843,N,12221.126072,W,7,,0.38,-30.20,M,0.0,M,0.0,0000*78
$GPRMC,213131.00,A,3735.225843,N,12221.126072,W,054.4,091.2,210520,,,A*4E
$GPGGA,213132.00,3735.225472,N,12221.106193,W,7,,0.38,-30.26,M,0.0,M,0.0,0000*7F
$GPRMC,213132.00,A,3735.225472,N,12221.106193,W,055.0,091.7,210520,,,A*4F
$GPGGA,213133.00,3735.225051,N,12221.086910,W,7,,0.38,-30.26,M,0.0,M,0.0,0000*71
$GPRMC,213133.00,A,3735.225051,N,12221.086910,W,055.6,091.7,210520,,,A*47
$GPGGA,213134.00,3735.224548,N,12221.067446,W,7,,0.38,-30.38,M,0.0,M,0.0,0000*74
$GPRMC,213134.00,A,3735.224548,N,12221.067446,W,056.1,091.9,210520,,,A*47
$GPGGA,213135.00,3735.223995,N,12221.048185,W,7,,0.38,-30.38,M,0.0,M,0.0,0000*79
$GPRMC,213135.00,A,3735.223995,N,12221.048185,W,056.7,092.3,210520,,,A*45
$GPGGA,213136.00,3735.223426,N,12221.028326,W,7,,0.38,-30.21,M,0.0,M,0.0,0000*7A
$GPRMC,213136.00,A,3735.223426,N,12221.028326,W,057.3,092.1,210520,,,A*49
$GPGGA,213137.00,3735.222904,N,12221.007583,W,7,,0.38,-30.21,M,0.0,M,0.0,0000*73
$GPRMC,213137.00,A,3735.222904,N,12221.007583,W,057.7,091.7,210520,,,A*41
$GPGGA,213138.00,3735.222411,N,12220.987831,W,7,,0.38,-30.09,M,0.0,M,0.0,0000*7B
$GPRMC,213138.00,A,3735.222411,N,12220.987831,W,058.2,091.6,210520,,,A*48
$GPGGA,213139.00,3735.221913,N,12220.967455,W,7,,0.38,-30.11,M,0.0,M,0.0,0000*7F
$GPRMC,213139.00,A,3735.221913,N,12220.967455,W,058.6,091.8,210520,,,A*4F
$GPGGA,213140.00,3735.221367,N,12220.946294,W,7,,0.38,-30.02,M,0.0,M,0.0,0000*72
$GPRMC,213140.00,A,3735.221367,N,12220.946294,W,059.0,092.0,210520,,,A*4C
$GPGGA,213141.00,3735.220834,N,12220.925678,W,7,,0.38,-29.87,M,0.0,M,0.0,0000*79
$GPRMC,213141.00,A,3735.220834,N,12220.925678,W,059.3,091.8,210520,,,A*4A
$GPGGA,213142.00,3735.220335,N,12220.905397,W,7,,0.38,-29.82,M,0.0,M,0.0,0000*73
$GPRMC,213142.00,A,3735.220335,N,12220.905397,W,059.5,092.0,210520,,,A*48
$GPGGA,213143.00,3735.219789,N,12220.884829,W,7,,0.38,-29.77,M,0.0,M,0.0,0000*77
$GPRMC,213143.00,A,3735.219789,N,12220.884829,W,058.8,091.9,210520,,,A*40
$GPGGA,213144.00,3735.219262,N,12220.864502,W,7,,0.38,-29.81,M,0.0,M,0.0,0000*73
$GPRMC,213144.00,A,3735.219262,N,12220.864502,W,058.0,091.9,210520,,,A*45
$GPGGA,213145.00,3735.218691,N,12220.843562,W,7,,0.38,-29.78,M,0.0,M,0.0,0000*7E
$GPRMC,213145.00,A,3735.218691,N,12220.843562,W,057.5,092.1,210520,,,A*4F
$GPGGA,213146.00,3735.218200,N,12220.824116,W,7,,0.38,-29.73,M,0.0,M,0.0,0000*7C
$GPRMC,213146.00,A,3735.218200,N,12220.824116,W,057.7,092.0,210520,,,A*45
$GPGGA,213147.00,3735.217683,N,12220.803962,W,7,,0.38,-29.64,M,0.0,M,0.0,0000*75
$GPRMC,213147.00,A,3735.217683,N,12220.803962,W,058.0,092.0,210520,,,A*42
$GPGGA,213148.00,3735.217083,N,12220.782878,W,7,,0.38,-29.56,M,0.0,M,0.0,0000*71
$GPRMC,213148.00,A,3735.217083,N,12220.782878,W,058.1,092.2,210520,,,A*44
$GPGGA,213149.00,3735.216448,N,12220.762586,W,7,,0.38,-29.48,M,0.0,M,0.0,0000*7F
$GPRMC,213149.00,A,3735.216448,N,12220.762586,W,058.1,092.3,210520,,,A*44
$GPGGA,213150.00,3735.215764,N,12220.742383,W,7,,0.38,-29.22,M,0.0,M,0.0,0000*74
$GPRMC,213150.00,A,3735.215764,N,12220.742383,W,057.9,092.1,210520,,,A*46
$GPGGA,213151.00,3735.215187,N,12220.722770,W,7,,0.38,-29.13,M,0.0,M,0.0,0000*72
$GPRMC,213151.00,A,3735.215187,N,12220.722770,W,057.5,092.0,210520,,,A*4F
$GPGGA,213152.00,3735.214653,N,12220.702819,W,7,,0.38,-29.15,M,0.0,M,0.0,0000*7A
$GPRMC,213152.00,A,3735.214653,N,12220.702819,W,057.0,091.9,210520,,,A*4E
$GPGGA,213153.00,3735.214126,N,12220.682437,W,7,,0.38,-29.01,M,0.0,M,0.0,0000*72
$GPRMC,213153.00,A,3735.214126,N,12220.682437,W,056.5,091.8,210520,,,A*46
$GPGGA,213154.00,3735.213663,N,12220.662877,W,7,,0.38,-29.09,M,0.0,M,0.0,0000*7A
$GPRMC,213154.00,A,3735.213663,N,12220.662877,W,056.0,091.8,210520,,,A*43
$GPGGA,213155.00,3735.213178,N,12220.643726,W,7,,0.38,-29.25,M,0.0,M,0.0,0000*70
$GPRMC,213155.00,A,3735.213178,N,12220.643726,W,056.3,091.9,210520,,,A*45
$GPGGA,213156.00,3735.212698,N,12220.623451,W,7,,0.38,-29.25,M,0.0,M,0.0,0000*7E
$GPRMC,213156.00,A,3735.212698,N,12220.623451,W,056.6,091.6,210520,,,A*41
$GPGGA,213157.00,3735.212175,N,12220.603705,W,7,,0.38,-29.41,M,0.0,M,0.0,0000*79
$GPRMC,213157.00,A,3735.212175,N,12220.603705,W,056.9,092.0,210520,,,A*4E
$GPGGA,213158.00,3735.211611,N,12220.584211,W,7,,0.38,-29.43,M,0.0,M,0.0,0000*7E
$GPRMC,213158.00,A,3735.211611,N,12220.584211,W,057.4,092.0,210520,,,A*47
$GPGGA,213159.00,3735.211090,N,12220.564081,W,7,,0.38,-29.66,M,0.0,M,0.0,0000*72
$GPRMC,213159.00,A,3735.211090,N,12220.564081,W,057.9,091.9,210520,,,A*4B
$GPGGA,213200.00,3735.210580,N,12220.543838,W,7,,0.38,-29.65,M,0.0,M,0.0,0000*74
$GPRMC,213200.00,A,3735.210580,N,12220.543838,W,058.3,091.7,210520,,,A*45
$GPGGA,213201.00,3735.210129,N,12220.522526,W,7,,0.38,-29.84,M,0.0,M,0.0,0000*78
$GPRMC,213201.00,A,3735.210129,N,12220.522526,W,058.8,091.4,210520,,,A*4E
$GPGGA,213202.00,3735.209740,N,12220.502606,W,7,,0.38,-29.83,M,0.0,M,0.0,0000*7E
$GPRMC,213202.00,A,3735.209740,N,12220.502606,W,059.3,091.4,210520,,,A*45
$GPGGA,213203.00,3735.209253,N,12220.481881,W,7,,0.38,-29.95,M,0.0,M,0.0,0000*74
$GPRMC,213203.00,A,3735.209253,N,12220.481881,W,059.7,091.8,210520,,,A*40
$GPGGA,213204.00,3735.208701,N,12220.460078,W,7,,0.38,-30.04,M,0.0,M,0.0,0000*71
$GPRMC,213204.00,A,3735.208701,N,12220.460078,W,060.3,091.9,210520,,,A*4A
$GPGGA,213205.00,3735.208168,N,12220.438982,W,7,,0.38,-30.14,M,0.0,M,0.0,0000*79
$GPRMC,213205.00,A,3735.208168,N,12220.438982,W,060.7,091.8,210520,,,A*46
$GPGGA,213206.00,3735.207580,N,12220.418516,W,7,,0.38,-29.99,M,0.0,M,0.0,0000*79
$GPRMC,213206.00,A,3735.207580,N,12220.418516,W,060.7,092.2,210520,,,A*42
$GPGGA,213207.00,3735.206979,N,12220.397342,W,7,,0.38,-30.11,M,0.0,M,0.0,0000*7C
$GPRMC,213207.00,A,3735.206979,N,12220.397342,W,060.8,091.9,210520,,,A*48
$GPGGA,213208.00,3735.206416,N,12220.375946,W,7,,0.38,-30.32,M,0.0,M,0.0,0000*74
$GPRMC,213208.00,A,3735.206416,N,12220.375946,W,060.8,091.6,210520,,,A*4E
$GPGGA,213209.00,3735.205846,N,12220.354040,W,7,,0.38,-30.11,M,0.0,M,0.0,0000*72
$GPRMC,213209.00,A,3735.205846,N,12220.354040,W,061.0,091.8,210520,,,A*4E
$GPGGA,213210.00,3735.205318,N,12220.332751,W,7,,0.38,-30.16,M,0.0,M,0.0,0000*7A
$GPRMC,213210.00,A,3735.205318,N,12220.332751,W,061.1,091.9,210520,,,A*41
$GPGGA,213211.00,3735.204742,N,12220.312016,W,7,,0.38,-30.17,M,0.0,M,0.0,0000*76
$GPRMC,213211.00,A,3735.204742,N,12220.312016,W,061.0,092.0,210520,,,A*47
$GPGGA,213212.00,3735.204124,N,12220.290044,W,7,,0.38,-30.06,M,0.0,M,0.0,0000*7F
$GPRMC,213212.00,A,3735.204124,N,12220.290044,W,061.1,091.9,210520,,,A*45
$GPGGA,213213.00,3735.203542,N,12220.268767,W,7,,0.38,-30.16,M,0.0,M,0.0,0000*7D
$GPRMC,213213.00,A,3735.203542,N,12220.268767,W,060.9,091.9,210520,,,A*4F
$GPGGA,213214.00,3735.202965,N,12220.248097,W,7,,0.38,-30.24,M,0.0,M,0.0,0000*79
$GPRMC,213214.00,A,3735.202965,N,12220.248097,W,060.4,092.3,210520,,,A*4E
$GPGGA,213215.00,3735.202347,N,12220.227199,W,7,,0.38,-30.38,M,0.0,M,0.0,0000*79
$GPRMC,213215.00,A,3735.202347,N,12220.227199,W,059.8,092.2,210520,,,A*44
$GPGGA,213216.00,3735.201754,N,12220.206416,W,7,,0.38,-30.72,M,0.0,M,0.0,0000*70
$GPRMC,213216.00,A,3735.201754,N,12220.206416,W,059.5,092.2,210520,,,A*4E
$GPGGA,213217.00,3735.201147,N,12220.185074,W,7,,0.38,-30.90,M,0.0,M,0.0,0000*71
$GPRMC,213217.00,A,3735.201147,N,12220.185074,W,059.2,092.0,210520,,,A*46
$GPGGA,213218.00,3735.200673,N,12220.164895,W,7,,0.38,-31.13,M,0.0,M,0.0,0000*7D
$GPRMC,213218.00,A,3735.200673,N,12220.164895,W,059.0,091.6,210520,,,A*47
$GPGGA,213219.00,3735.200182,N,12220.144387,W,7,,0.38,-31.26,M,0.0,M,0.0,0000*79
$GPRMC,213219.00,A,3735.200182,N,12220.144387,W,058.8,091.7,210520,,,A*4D
$GPGGA,213220.00,3735.199738,N,12220.123237,W,7,,0.38,-31.32,M,0.0,M,0.0,0000*79
$GPRMC,213220.00,A,3735.199738,N,12220.123237,W,058.7,091.4,210520,,,A*44
$GPGGA,213221.00,3735.199317,N,12220.102736,W,7,,0.38,-31.26,M,0.0,M,0.0,0000*73
$GPRMC,213221.00,A,3735.199317,N,12220.102736,W,058.1,091.7,210520,,,A*4E
$GPGGA,213222.00,3735.198832,N,12220.083218,W,7,,0.38,-31.23,M,0.0,M,0.0,0000*79
$GPRMC,213222.00,A,3735.198832,N,12220.083218,W,057.6,092.3,210520,,,A*4E
$GPGGA,213223.00,3735.198184,N,12220.063280,W,7,,0.38,-31.03,M,0.0,M,0.0,0000*71
$GPRMC,213223.00,A,3735.198184,N,12220.063280,W,056.9,092.3,210520,,,A*4A
$GPGGA,213224.00,3735.197499,N,12220.043437,W,7,,0.38,-30.88,M,0.0,M,0.0,0000*7A
$GPRMC,213224.00,A,3735.197499,N,12220.043437,W,056.1,093.2,210520,,,A*4B
$GPGGA,213225.00,3735.196143,N,12220.023463,W,7,,0.38,-31.06,M,0.0,M,0.0,0000*78
$GPRMC,213225.00,A,3735.196143,N,12220.023463,W,055.4,096.0,210520,,,A*4F
$GPGGA,213226.00,3735.194236,N,12220.005151,W,7,,0.38,-30.90,M,0.0,M,0.0,0000*76
$GPRMC,213226.00,A,3735.194236,N,12220.005151,W,054.8,098.5,210520,,,A*49
$GPGGA,213227.00,3735.191680,N,12219.986221,W,7,,0.38,-31.07,M,0.0,M,0.0,0000*78
$GPRMC,213227.00,A,3735.191680,N,12219.986221,W,054.5,100.8,210520,,,A*48
$GPGGA,213228.00,3735.188451,N,12219.966973,W,7,,0.38,-31.12,M,0.0,M,0.0,0000*77
$GPRMC,213228.00,A,3735.188451,N,12219.966973,W,054.7,102.8,210520,,,A*43
$GPGGA,213229.00,3735.184750,N,12219.948577,W,7,,0.38,-31.09,M,0.0,M,0.0,0000*76
$GPRMC,213229.00,A,3735.184750,N,12219.948577,W,054.4,105.3,210520,,,A*47
$GPGGA,213230.00,3735.180442,N,12219.930937,W,7,,0.38,-31.10,M,0.0,M,0.0,0000*75
$GPRMC,213230.00,A,3735.180442,N,12219.930937,W,054.1,108.6,210520,,,A*41
$GPGGA,213231.00,3735.175258,N,12219.913219,W,7,,0.38,-31.01,M,0.0,M,0.0,0000*75
$GPRMC,213231.00,A,3735.175258,N,12219.913219,W,054.4,111.5,210520,,,A*4F
$GPGGA,213232.00,3735.169360,N,12219.895706,W,7,,0.38,-30.98,M,0.0,M,0.0,0000*74
$GPRMC,213232.00,A,3735.169360,N,12219.895706,W,054.8,114.2,210520,,,A*41
$GPGGA,213233.00,3735.162424,N,12219.877964,W,7,,0.38,-30.89,M,0.0,M,0.0,0000*7F
$GPRMC,213233.00,A,3735.162424,N,12219.877964,W,055.1,117.1,210520,,,A*42
$GPGGA,213234.00,3735.155211,N,12219.861380,W,7,,0.38,-30.98,M,0.0,M,0.0,0000*7B
$GPRMC,213234.00,A,3735.155211,N,12219.861380,W,055.5,119.7,210520,,,A*4A
$GPGGA,213235.00,3735.147178,N,12219.844844,W,7,,0.38,-30.92,M,0.0,M,0.0,0000*7B
$GPRMC,213235.00,A,3735.147178,N,12219.844844,W,055.7,122.4,210520,,,A*49
$GPGGA,213236.00,3735.138232,N,12219.828307,W,7,,0.38,-30.88,M,0.0,M,0.0,0000*70
$GPRMC,213236.00,A,3735.138232,N,12219.828307,W,055.6,125.3,210520,,,A*48
$GPGGA,213237.00,3735.128841,N,12219.812737,W,7,,0.38,-30.89,M,0.0,M,0.0,0000*71
$GPRMC,213237.00,A,3735.128841,N,12219.812737,W,055.5,128.4,210520,,,A*41
$GPGGA,213238.00,3735.119338,N,12219.798421,W,7,,0.38,-30.95,M,0.0,M,0.0,0000*7D
$GPRMC,213238.00,A,3735.119338,N,12219.798421,W,055.2,130.8,210520,,,A*42
$GPGGA,213239.00,3735.109071,N,12219.784357,W,7,,0.38,-30.94,M,0.0,M,0.0,0000*79
$GPRMC,213239.00,A,3735.109071,N,12219.784357,W,054.7,133.3,210520,,,A*4B
$GPGGA,213240.00,3735.098284,N,12219.770810,W,7,,0.38,-30.93,M,0.0,M,0.0,0000*72
$GPRMC,213240.00,A,3735.098284,N,12219.770810,W,054.3,135.9,210520,,,A*4F
$GPGGA,213241.00,3735.086853,N,12219.757670,W,7,,0.38,-30.97,M,0.0,M,0.0,0000*75
$GPRMC,213241.00,A,3735.086853,N,12219.757670,W,054.2,138.3,210520,,,A*4A
$GPGGA,213242.00,3735.075873,N,12219.745627,W,7,,0.38,-31.05,M,0.0,M,0.0,0000*73
$GPRMC,213242.00,A,3735.075873,N,12219.745627,W,054.5,139.2,210520,,,A*41
$GPGGA,213243.00,3735.064371,N,12219.733142,W,7,,0.38,-31.18,M,0.0,M,0.0,0000*72
$GPRMC,213243.00,A,3735.064371,N,12219.733142,W,055.0,138.9,210520,,,A*42
$GPGGA,213244.00,3735.052419,N,12219.720110,W,7,,0.39,-31.27,M,0.0,M,0.0,0000*71
$GPRMC,213244.00,A,3735.052419,N,12219.720110,W,055.2,138.7,210520,,,A*40
$GPGGA,213245.00,3735.040851,N,12219.707402,W,7,,0.38,-31.36,M,0.0,M,0.0,0000*71
$GPRMC,213245.00,A,3735.040851,N,12219.707402,W,055.2,138.4,210520,,,A*42
$GPGGA,213246.00,3735.029181,N,12219.694448,W,7,,0.38,-31.34,M,0.0,M,0.0,0000*7E
$GPRMC,213246.00,A,3735.029181,N,12219.694448,W,055.5,138.6,210520,,,A*4A
$GPGGA,213247.00,3735.017926,N,12219.681919,W,7,,0.38,-31.59,M,0.0,M,0.0,0000*71
$GPRMC,213247.00,A,3735.017926,N,12219.681919,W,055.4,138.5,210520,,,A*4C
$GPGGA,213248.00,3735.006430,N,12219.669284,W,7,,0.38,-31.50,M,0.0,M,0.0,0000*74
$GPRMC,213248.00,A,3735.006430,N,12219.669284,W,055.0,138.7,210520,,,A*46
$GPGGA,213249.00,3734.994621,N,12219.656305,W,7,,0.38,-31.70,M,0.0,M,0.0,0000*72
$GPRMC,213249.00,A,3734.994621,N,12219.656305,W,054.8,139.2,210520,,,A*4F
$GPGGA,213250.00,3734.983366,N,12219.644155,W,7,,0.38,-31.58,M,0.0,M,0.0,0000*74
$GPRMC,213250.00,A,3734.983366,N,12219.644155,W,054.7,139.3,210520,,,A*4D
$GPGGA,213251.00,3734.971846,N,12219.631531,W,7,,0.38,-31.82,M,0.0,M,0.0,0000*72
$GPRMC,213251.00,A,3734.971846,N,12219.631531,W,055.0,139.3,210520,,,A*4A
$GPGGA,213252.00,3734.959869,N,12219.618602,W,7,,0.38,-31.97,M,0.0,M,0.0,0000*7A
$GPRMC,213252.00,A,3734.959869,N,12219.618602,W,055.4,139.6,210520,,,A*47
$GPGGA,213253.00,3734.948236,N,12219.606115,W,7,,0.38,-31.97,M,0.0,M,0.0,0000*75
$GPRMC,213253.00,A,3734.948236,N,12219.606115,W,055.1,139.1,210520,,,A*4A
$GPGGA,213254.00,3734.936835,N,12219.593719,W,7,,0.38,-32.11,M,0.0,M,0.0,0000*7A
$GPRMC,213254.00,A,3734.936835,N,12219.593719,W,055.7,139.1,210520,,,A*4E
$GPGGA,213255.00,3734.925093,N,12219.580946,W,7,,0.38,-32.00,M,0.0,M,0.0,0000*7B
$GPRMC,213255.00,A,3734.925093,N,12219.580946,W,056.2,138.9,210520,,,A*40
$GPGGA,213256.00,3734.913267,N,12219.568118,W,7,,0.38,-32.01,M,0.0,M,0.0,0000*70
$GPRMC,213256.00,A,3734.913267,N,12219.568118,W,056.4,139.4,210520,,,A*40
$GPGGA,213257.00,3734.900932,N,12219.554744,W,7,,0.38,-32.11,M,0.0,M,0.0,0000*79
$GPRMC,213257.00,A,3734.900932,N,12219.554744,W,056.4,139.3,210520,,,A*4F
$GPGGA,213258.00,3734.889459,N,12219.542240,W,7,,0.38,-32.27,M,0.0,M,0.0,0000*75
$GPRMC,213258.00,A,3734.889459,N,12219.542240,W,056.6,138.9,210520,,,A*4F
$GPGGA,213259.00,3734.877532,N,12219.529303,W,7,,0.38,-32.29,M,0.0,M,0.0,0000*7C
$GPRMC,213259.00,A,3734.877532,N,12219.529303,W,057.0,139.2,210520,,,A*45
$GPGGA,213300.00,3734.865106,N,12219.515786,W,7,,0.38,-32.27,M,0.0,M,0.0,0000*79
$GPRMC,213300.00,A,3734.865106,N,12219.515786,W,056.8,139.3,210520,,,A*46
$GPGGA,213301.00,3734.853153,N,12219.503012,W,7,,0.38,-32.09,M,0.0,M,0.0,0000*7C
$GPRMC,213301.00,A,3734.853153,N,12219.503012,W,056.4,139.3,210520,,,A*43
$GPGGA,213302.00,3734.841369,N,12219.490237,W,7,,0.38,-32.07,M,0.0,M,0.0,0000*77
$GPRMC,213302.00,A,3734.841369,N,12219.490237,W,055.9,139.2,210520,,,A*49
$GPGGA,213303.00,3734.829993,N,12219.477961,W,7,,0.38,-32.06,M,0.0,M,0.0,0000*77
$GPRMC,213303.00,A,3734.829993,N,12219.477961,W,055.1,139.3,210520,,,A*41
$GPGGA,213304.00,3734.818575,N,12219.465439,W,7,,0.38,-32.20,M,0.0,M,0.0,0000*71
$GPRMC,213304.00,A,3734.818575,N,12219.465439,W,054.3,139.1,210520,,,A*42
$GPGGA,213305.00,3734.806954,N,12219.452797,W,7,,0.38,-32.28,M,0.0,M,0.0,0000*7B
$GPRMC,213305.00,A,3734.806954,N,12219.452797,W,053.4,139.5,210520,,,A*44
$GPGGA,213306.00,3734.795811,N,12219.440654,W,7,,0.38,-32.31,M,0.0,M,0.0,0000*78
$GPRMC,213306.00,A,3734.795811,N,12219.440654,W,053.1,139.1,210520,,,A*4E
$GPGGA,213307.00,3734.784933,N,12219.428773,W,7,,0.38,-32.32,M,0.0,M,0.0,0000*71
$GPRMC,213307.00,A,3734.784933,N,12219.428773,W,053.2,138.8,210520,,,A*4F
$GPGGA,213308.00,3734.773354,N,12219.416215,W,7,,0.38,-32.36,M,0.0,M,0.0,0000*71
$GPRMC,213308.00,A,3734.773354,N,12219.416215,W,053.5,139.2,210520,,,A*47
$GPGGA,213309.00,3734.762080,N,12219.403934,W,7,,0.38,-32.32,M,0.0,M,0.0,0000*72
$GPRMC,213309.00,A,3734.762080,N,12219.403934,W,053.9,139.1,210520,,,A*4F
$GPGGA,213310.00,3734.750980,N,12219.391868,W,7,,0.38,-32.34,M,0.0,M,0.0,0000*70
$GPRMC,213310.00,A,3734.750980,N,12219.391868,W,054.2,139.1,210520,,,A*47
$GPGGA,213311.00,3734.739568,N,12219.379567,W,7,,0.38,-32.31,M,0.0,M,0.0,0000*75
$GPRMC,213311.00,A,3734.739568,N,12219.379567,W,054.2,139.2,210520,,,A*44
$GPGGA,213312.00,3734.728186,N,12219.367153,W,7,,0.38,-32.34,M,0.0,M,0.0,0000*7B
$GPRMC,213312.00,A,3734.728186,N,12219.367153,W,054.5,139.2,210520,,,A*48
$GPGGA,213313.00,3734.716173,N,12219.354205,W,7,,0.38,-32.35,M,0.0,M,0.0,0000*7C
$GPRMC,213313.00,A,3734.716173,N,12219.354205,W,054.9,139.5,210520,,,A*45
$GPGGA,213314.00,3734.704935,N,12219.342097,W,7,,0.38,-32.34,M,0.0,M,0.0,0000*7D
$GPRMC,213314.00,A,3734.704935,N,12219.342097,W,055.3,139.3,210520,,,A*48
$GPGGA,213315.00,3734.693187,N,12219.329473,W,7,,0.38,-32.30,M,0.0,M,0.0,0000*75
$GPRMC,213315.00,A,3734.693187,N,12219.329473,W,056.0,139.3,210520,,,A*44
$GPGGA,213316.00,3734.680936,N,12219.316190,W,7,,0.38,-32.29,M,0.0,M,0.0,0000*7A
$GPRMC,213316.00,A,3734.680936,N,12219.316190,W,056.3,139.2,210520,,,A*41
$GPGGA,213317.00,3734.669044,N,12219.303326,W,7,,0.38,-32.20,M,0.0,M,0.0,0000*72
$GPRMC,213317.00,A,3734.669044,N,12219.303326,W,056.8,139.4,210520,,,A*4D
$GPGGA,213318.00,3734.657452,N,12219.290809,W,7,,0.38,-32.28,M,0.0,M,0.0,0000*76
$GPRMC,213318.00,A,3734.657452,N,12219.290809,W,057.1,139.6,210520,,,A*4B
$GPGGA,213319.00,3734.645397,N,12219.277735,W,7,,0.38,-32.19,M,0.0,M,0.0,0000*71
$GPRMC,213319.00,A,3734.645397,N,12219.277735,W,057.6,139.2,210520,,,A*4D
$GPGGA,213320.00,3734.633163,N,12219.264451,W,7,,0.38,-32.14,M,0.0,M,0.0,0000*7D
$GPRMC,213320.00,A,3734.633163,N,12219.264451,W,057.7,139.0,210520,,,A*4F
$GPGGA,213321.00,3734.620708,N,12219.250897,W,7,,0.38,-32.14,M,0.0,M,0.0,0000*74
$GPRMC,213321.00,A,3734.620708,N,12219.250897,W,057.6,139.2,210520,,,A*45
$GPGGA,213322.00,3734.608666,N,12219.237823,W,7,,0.38,-32.04,M,0.0,M,0.0,0000*7B
$GPRMC,213322.00,A,3734.608666,N,12219.237823,W,057.3,139.2,210520,,,A*4E
$GPGGA,213323.00,3734.596875,N,12219.225050,W,7,,0.38,-31.92,M,0.0,M,0.0,0000*71
$GPRMC,213323.00,A,3734.596875,N,12219.225050,W,057.3,139.3,210520,,,A*49
$GPGGA,213324.00,3734.584414,N,12219.211550,W,7,,0.38,-31.88,M,0.0,M,0.0,0000*77
$GPRMC,213324.00,A,3734.584414,N,12219.211550,W,057.7,139.3,210520,,,A*40
$GPGGA,213325.00,3734.572306,N,12219.198355,W,7,,0.38,-31.95,M,0.0,M,0.0,0000*76
$GPRMC,213325.00,A,3734.572306,N,12219.198355,W,057.9,138.9,210520,,,A*48
$GPGGA,213326.00,3734.560414,N,12219.185401,W,7,,0.38,-31.82,M,0.0,M,0.0,0000*7E
$GPRMC,213326.00,A,3734.560414,N,12219.185401,W,058.2,139.0,210520,,,A*4A
$GPGGA,213327.00,3734.548245,N,12219.172052,W,7,,0.38,-31.72,M,0.0,M,0.0,0000*72
$GPRMC,213327.00,A,3734.548245,N,12219.172052,W,058.5,139.1,210520,,,A*4F
$GPGGA,213328.00,3734.535898,N,12219.158707,W,7,,0.38,-31.42,M,0.0,M,0.0,0000*71
$GPRMC,213328.00,A,3734.535898,N,12219.158707,W,058.8,139.1,210520,,,A*42
$GPGGA,213329.00,3734.523141,N,12219.144824,W,7,,0.38,-31.27,M,0.0,M,0.0,0000*7A
$GPRMC,213329.00,A,3734.523141,N,12219.144824,W,059.0,139.1,210520,,,A*43
$GPGGA,213330.00,3734.511094,N,12219.131701,W,7,,0.38,-31.15,M,0.0,M,0.0,0000*71
$GPRMC,213330.00,A,3734.511094,N,12219.131701,W,058.8,139.0,210520,,,A*41
$GPGGA,213331.00,3734.498919,N,12219.118393,W,7,,0.38,-31.07,M,0.0,M,0.0,0000*7B
$GPRMC,213331.00,A,3734.498919,N,12219.118393,W,057.9,139.2,210520,,,A*44
$GPGGA,213332.00,3734.486488,N,12219.104798,W,7,,0.38,-31.00,M,0.0,M,0.0,0000*77
$GPRMC,213332.00,A,3734.486488,N,12219.104798,W,057.2,139.0,210520,,,A*46
$GPGGA,213333.00,3734.474500,N,12219.091700,W,7,,0.38,-30.94,M,0.0,M,0.0,0000*7A
$GPRMC,213333.00,A,3734.474500,N,12219.091700,W,056.4,139.2,210520,,,A*42
$GPGGA,213334.00,3734.463184,N,12219.079369,W,7,,0.38,-31.03,M,0.0,M,0.0,0000*71
$GPRMC,213334.00,A,3734.463184,N,12219.079369,W,055.4,139.3,210520,,,A*44
$GPGGA,213335.00,3734.451616,N,12219.066871,W,7,,0.38,-30.95,M,0.0,M,0.0,0000*7F
$GPRMC,213335.00,A,3734.451616,N,12219.066871,W,054.7,139.0,210520,,,A*45
$GPGGA,213336.00,3734.440012,N,12219.054326,W,7,,0.38,-30.74,M,0.0,M,0.0,0000*79
$GPRMC,213336.00,A,3734.440012,N,12219.054326,W,054.5,138.9,210520,,,A*46
$GPGGA,213337.00,3734.428245,N,12219.041492,W,7,,0.38,-30.73,M,0.0,M,0.0,0000*7D
$GPRMC,213337.00,A,3734.428245,N,12219.041492,W,054.5,139.1,210520,,,A*4C
$GPGGA,213338.00,3734.417193,N,12219.029480,W,7,,0.38,-30.60,M,0.0,M,0.0,0000*79
$GPRMC,213338.00,A,3734.417193,N,12219.029480,W,054.3,138.8,210520,,,A*44
$GPGGA,213339.00,3734.405859,N,12219.016963,W,7,,0.38,-30.63,M,0.0,M,0.0,0000*7B
$GPRMC,213339.00,A,3734.405859,N,12219.016963,W,053.7,139.1,210520,,,A*4E
$GPGGA,213340.00,3734.394352,N,12219.004285,W,7,,0.38,-30.65,M,0.0,M,0.0,0000*7C
$GPRMC,213340.00,A,3734.394352,N,12219.004285,W,053.2,138.9,210520,,,A*43
$GPGGA,213341.00,3734.383269,N,12218.992279,W,7,,0.38,-30.53,M,0.0,M,0.0,0000*73
$GPRMC,213341.00,A,3734.383269,N,12218.992279,W,052.5,139.3,210520,,,A*44
$GPGGA,213342.00,3734.372338,N,12218.980273,W,7,,0.38,-30.70,M,0.0,M,0.0,0000*73
$GPRMC,213342.00,A,3734.372338,N,12218.980273,W,052.4,139.0,210520,,,A*47
$GPGGA,213343.00,3734.361453,N,12218.968621,W,7,,0.38,-30.65,M,0.0,M,0.0,0000*7B
$GPRMC,213343.00,A,3734.361453,N,12218.968621,W,052.8,139.4,210520,,,A*43
$GPGGA,213344.00,3734.350263,N,12218.956526,W,7,,0.38,-30.66,M,0.0,M,0.0,0000*71
$GPRMC,213344.00,A,3734.350263,N,12218.956526,W,053.4,139.4,210520,,,A*47
$GPGGA,213345.00,3734.338623,N,12218.943926,W,7,,0.38,-30.67,M,0.0,M,0.0,0000*77
$GPRMC,213345.00,A,3734.338623,N,12218.943926,W,053.8,139.1,210520,,,A*49
$GPGGA,213346.00,3734.327548,N,12218.931859,W,7,,0.38,-30.62,M,0.0,M,0.0,0000*7D
$GPRMC,213346.00,A,3734.327548,N,12218.931859,W,054.2,139.1,210520,,,A*4B
$GPGGA,213347.00,3734.316130,N,12218.919458,W,7,,0.38,-30.59,M,0.0,M,0.0,0000*7A
$GPRMC,213347.00,A,3734.316130,N,12218.919458,W,054.6,139.1,210520,,,A*40
$GPGGA,213348.00,3734.304249,N,12218.906461,W,7,,0.38,-30.48,M,0.0,M,0.0,0000*7F
$GPRMC,213348.00,A,3734.304249,N,12218.906461,W,055.3,139.1,210520,,,A*41
$GPGGA,213349.00,3734.292609,N,12218.893753,W,7,,0.38,-30.40,M,0.0,M,0.0,0000*77
$GPRMC,213349.00,A,3734.292609,N,12218.893753,W,055.8,139.1,210520,,,A*4A
$GPGGA,213350.00,3734.281089,N,12218.881231,W,7,,0.38,-30.36,M,0.0,M,0.0,0000*70
$GPRMC,213350.00,A,3734.281089,N,12218.881231,W,056.4,139.4,210520,,,A*46
$GPGGA,213351.00,3734.269108,N,12218.868314,W,7,,0.38,-30.43,M,0.0,M,0.0,0000*7C
$GPRMC,213351.00,A,3734.269108,N,12218.868314,W,057.1,139.5,210520,,,A*4D
$GPGGA,213352.00,3734.257096,N,12218.855354,W,7,,0.38,-30.35,M,0.0,M,0.0,0000*7F
$GPRMC,213352.00,A,3734.257096,N,12218.855354,W,057.1,139.2,210520,,,A*48
$GPGGA,213353.00,3734.244687,N,12218.841782,W,7,,0.39,-30.38,M,0.0,M,0.0,0000*7C
$GPRMC,213353.00,A,3734.244687,N,12218.841782,W,056.9,138.9,210520,,,A*44
$GPGGA,213354.00,3734.233251,N,12218.829235,W,7,,0.38,-30.40,M,0.0,M,0.0,0000*7D
$GPRMC,213354.00,A,3734.233251,N,12218.829235,W,056.5,139.1,210520,,,A*4E
$GPGGA,213355.00,3734.221365,N,12218.816329,W,7,,0.38,-30.56,M,0.0,M,0.0,0000*7E
$GPRMC,213355.00,A,3734.221365,N,12218.816329,W,056.1,139.4,210520,,,A*4B
$GPGGA,213356.00,3734.209198,N,12218.803082,W,7,,0.38,-30.46,M,0.0,M,0.0,0000*70
$GPRMC,213356.00,A,3734.209198,N,12218.803082,W,055.4,139.1,210520,,,A*47
$GPGGA,213357.00,3734.197714,N,12218.790535,W,7,,0.38,-30.51,M,0.0,M,0.0,0000*7D
$GPRMC,213357.00,A,3734.197714,N,12218.790535,W,054.7,138.8,210520,,,A*46
$GPGGA,213358.00,3734.186320,N,12218.778020,W,7,,0.38,-30.48,M,0.0,M,0.0,0000*7E
$GPRMC,213358.00,A,3734.186320,N,12218.778020,W,054.3,138.6,210520,,,A*47
$GPGGA,213359.00,3734.175238,N,12218.765917,W,7,,0.38,-30.42,M,0.0,M,0.0,0000*70
$GPRMC,213359.00,A,3734.175238,N,12218.765917,W,054.0,139.0,210520,,,A*47
$GPGGA,213400.00,3734.163934,N,12218.753797,W,7,,0.38,-30.28,M,0.0,M,0.0,0000*74
$GPRMC,213400.00,A,3734.163934,N,12218.753797,W,053.5,139.7,210520,,,A*4A
$GPGGA,213401.00,3734.152383,N,12218.741359,W,7,,0.38,-30.38,M,0.0,M,0.0,0000*75
$GPRMC,213401.00,A,3734.152383,N,12218.741359,W,052.9,139.2,210520,,,A*42
$GPGGA,213402.00,3734.141338,N,12218.729335,W,7,,0.38,-30.39,M,0.0,M,0.0,0000*71
$GPRMC,213402.00,A,3734.141338,N,12218.729335,W,052.4,138.7,210520,,,A*4E
$GPGGA,213403.00,3734.130603,N,12218.717768,W,7,,0.38,-30.37,M,0.0,M,0.0,0000*74
$GPRMC,213403.00,A,3734.130603,N,12218.717768,W,052.1,139.5,210520,,,A*43
$GPGGA,213404.00,3734.119234,N,12218.705576,W,7,,0.38,-30.38,M,0.0,M,0.0,0000*79
$GPRMC,213404.00,A,3734.119234,N,12218.705576,W,052.2,139.6,210520,,,A*41
$GPGGA,213405.00,3734.108080,N,12218.693701,W,7,,0.38,-30.57,M,0.0,M,0.0,0000*70
$GPRMC,213405.00,A,3734.108080,N,12218.693701,W,052.9,139.6,210520,,,A*4A
$GPGGA,213406.00,3734.097039,N,12218.681953,W,7,,0.38,-30.57,M,0.0,M,0.0,0000*7C
$GPRMC,213406.00,A,3734.097039,N,12218.681953,W,053.5,139.2,210520,,,A*4F
$GPGGA,213407.00,3734.085759,N,12218.669749,W,7,,0.38,-30.68,M,0.0,M,0.0,0000*70
$GPRMC,213407.00,A,3734.085759,N,12218.669749,W,053.8,139.2,210520,,,A*42
$GPGGA,213408.00,3734.074497,N,12218.657504,W,7,,0.38,-30.62,M,0.0,M,0.0,0000*7C
$GPRMC,213408.00,A,3734.074497,N,12218.657504,W,053.8,139.1,210520,,,A*47
$GPGGA,213409.00,3734.062737,N,12218.644639,W,7,,0.38,-30.68,M,0.0,M,0.0,0000*76
$GPRMC,213409.00,A,3734.062737,N,12218.644639,W,053.9,139.0,210520,,,A*47
$GPGGA,213410.00,3734.051776,N,12218.632651,W,7,,0.38,-30.75,M,0.0,M,0.0,0000*78
$GPRMC,213410.00,A,3734.051776,N,12218.632651,W,054.3,138.9,210520,,,A*40
$GPGGA,213411.00,3734.040315,N,12218.620201,W,7,,0.38,-30.74,M,0.0,M,0.0,0000*7B
$GPRMC,213411.00,A,3734.040315,N,12218.620201,W,054.9,139.2,210520,,,A*42
$GPGGA,213412.00,3734.028267,N,12218.607157,W,7,,0.38,-30.80,M,0.0,M,0.0,0000*7C
$GPRMC,213412.00,A,3734.028267,N,12218.607157,W,055.4,139.4,210520,,,A*44
$GPGGA,213413.00,3734.016591,N,12218.594510,W,7,,0.38,-30.91,M,0.0,M,0.0,0000*70
$GPRMC,213413.00,A,3734.016591,N,12218.594510,W,055.8,139.3,210520,,,A*43
$GPGGA,213414.00,3734.005185,N,12218.582234,W,7,,0.38,-30.83,M,0.0,M,0.0,0000*71
$GPRMC,213414.00,A,3734.005185,N,12218.582234,W,056.1,139.5,210520,,,A*4D
$GPGGA,213415.00,3733.993342,N,12218.569376,W,7,,0.38,-30.94,M,0.0,M,0.0,0000*7C
$GPRMC,213415.00,A,3733.993342,N,12218.569376,W,056.5,139.2,210520,,,A*45
$GPGGA,213416.00,3733.981317,N,12218.556320,W,7,,0.38,-30.87,M,0.0,M,0.0,0000*71
$GPRMC,213416.00,A,3733.981317,N,12218.556320,W,056.9,139.2,210520,,,A*46
$GPGGA,213417.00,3733.968957,N,12218.542843,W,7,,0.38,-30.87,M,0.0,M,0.0,0000*72
$GPRMC,213417.00,A,3733.968957,N,12218.542843,W,056.9,138.9,210520,,,A*4F
$GPGGA,213418.00,3733.957078,N,12218.529968,W,7,,0.38,-30.94,M,0.0,M,0.0,0000*72
$GPRMC,213418.00,A,3733.957078,N,12218.529968,W,056.5,139.6,210520,,,A*4F
$GPGGA,213419.00,3733.945372,N,12218.517416,W,7,,0.38,-30.96,M,0.0,M,0.0,0000*72
$GPRMC,213419.00,A,3733.945372,N,12218.517416,W,057.0,139.6,210520,,,A*49
$GPGGA,213420.00,3733.932964,N,12218.504018,W,7,,0.38,-30.96,M,0.0,M,0.0,0000*7D
$GPRMC,213420.00,A,3733.932964,N,12218.504018,W,057.4,139.3,210520,,,A*47
$GPGGA,213421.00,3733.920759,N,12218.490913,W,7,,0.38,-30.96,M,0.0,M,0.0,0000*71
$GPRMC,213421.00,A,3733.920759,N,12218.490913,W,058.1,139.5,210520,,,A*47
$GPGGA,213422.00,3733.908706,N,12218.477906,W,7,,0.38,-30.93,M,0.0,M,0.0,0000*7A
$GPRMC,213422.00,A,3733.908706,N,12218.477906,W,058.8,139.1,210520,,,A*44
$GPGGA,213423.00,3733.896279,N,12218.464478,W,7,,0.38,-30.99,M,0.0,M,0.0,0000*7C
$GPRMC,213423.00,A,3733.896279,N,12218.464478,W,059.4,139.1,210520,,,A*45
$GPGGA,213424.00,3733.883727,N,12218.450839,W,7,,0.38,-31.06,M,0.0,M,0.0,0000*78
$GPRMC,213424.00,A,3733.883727,N,12218.450839,W,060.1,139.1,210520,,,A*49
$GPGGA,213425.00,3733.870504,N,12218.436458,W,7,,0.38,-30.90,M,0.0,M,0.0,0000*73
$GPRMC,213425.00,A,3733.870504,N,12218.436458,W,060.8,139.2,210520,,,A*46
$GPGGA,213426.00,3733.858096,N,12218.423042,W,7,,0.38,-30.82,M,0.0,M,0.0,0000*7C
$GPRMC,213426.00,A,3733.858096,N,12218.423042,W,061.3,139.2,210520,,,A*40
$GPGGA,213427.00,3733.845262,N,12218.409061,W,7,,0.38,-30.85,M,0.0,M,0.0,0000*76
$GPRMC,213427.00,A,3733.845262,N,12218.409061,W,061.1,139.2,210520,,,A*4F
$GPGGA,213428.00,3733.832014,N,12218.394752,W,7,,0.38,-30.84,M,0.0,M,0.0,0000*7F
$GPRMC,213428.00,A,3733.832014,N,12218.394752,W,061.1,139.4,210520,,,A*41
$GPGGA,213429.00,3733.819119,N,12218.380753,W,7,,0.38,-30.79,M,0.0,M,0.0,0000*7D
$GPRMC,213429.00,A,3733.819119,N,12218.380753,W,060.7,139.2,210520,,,A*40
$GPGGA,213430.00,3733.806837,N,12218.367416,W,7,,0.38,-30.66,M,0.0,M,0.0,0000*7B
$GPRMC,213430.00,A,3733.806837,N,12218.367416,W,060.1,139.0,210520,,,A*4C
$GPGGA,213431.00,3733.794207,N,12218.353676,W,7,,0.38,-30.72,M,0.0,M,0.0,0000*71
$GPRMC,213431.00,A,3733.794207,N,12218.353676,W,060.2,139.0,210520,,,A*40
$GPGGA,213432.00,3733.781469,N,12218.339744,W,7,,0.38,-30.82,M,0.0,M,0.0,0000*7B
$GPRMC,213432.00,A,3733.781469,N,12218.339744,W,060.5,138.9,210520,,,A*4A
$GPGGA,213433.00,3733.768474,N,12218.325626,W,7,,0.38,-30.75,M,0.0,M,0.0,0000*71
$GPRMC,213433.00,A,3733.768474,N,12218.325626,W,059.8,139.2,210520,,,A*45
$GPGGA,213434.00,3733.756443,N,12218.312456,W,7,,0.38,-30.81,M,0.0,M,0.0,0000*75
$GPRMC,213434.00,A,3733.756443,N,12218.312456,W,059.2,139.1,210520,,,A*43
$GPGGA,213435.00,3733.743969,N,12218.298842,W,7,,0.38,-30.81,M,0.0,M,0.0,0000*7F
$GPRMC,213435.00,A,3733.743969,N,12218.298842,W,059.0,138.9,210520,,,A*42
$GPGGA,213436.00,3733.731250,N,12218.284897,W,7,,0.38,-30.74,M,0.0,M,0.0,0000*77
$GPRMC,213436.00,A,3733.731250,N,12218.284897,W,058.9,138.8,210520,,,A*49
$GPGGA,213437.00,3733.718962,N,12218.271512,W,7,,0.38,-30.71,M,0.0,M,0.0,0000*78
$GPRMC,213437.00,A,3733.718962,N,12218.271512,W,058.5,139.1,210520,,,A*47
$GPGGA,213438.00,3733.706679,N,12218.258264,W,7,,0.38,-30.65,M,0.0,M,0.0,0000*75
$GPRMC,213438.00,A,3733.706679,N,12218.258264,W,058.2,139.4,210520,,,A*4D
$GPGGA,213439.00,3733.694812,N,12218.245375,W,7,,0.38,-30.73,M,0.0,M,0.0,0000*77
$GPRMC,213439.00,A,3733.694812,N,12218.245375,W,057.6,139.2,210520,,,A*45
$GPGGA,213440.00,3733.682818,N,12218.232416,W,7,,0.38,-30.70,M,0.0,M,0.0,0000*75
$GPRMC,213440.00,A,3733.682818,N,12218.232416,W,056.7,139.5,210520,,,A*43
$GPGGA,213441.00,3733.670668,N,12218.219156,W,7,,0.38,-30.69,M,0.0,M,0.0,0000*70
$GPRMC,213441.00,A,3733.670668,N,12218.219156,W,055.7,139.3,210520,,,A*4B
$GPGGA,213442.00,3733.659280,N,12218.206838,W,7,,0.38,-30.32,M,0.0,M,0.0,0000*7B
$GPRMC,213442.00,A,3733.659280,N,12218.206838,W,055.1,139.6,210520,,,A*4D
$GPGGA,213443.00,3733.647585,N,12218.194400,W,7,,0.38,-30.26,M,0.0,M,0.0,0000*7D
$GPRMC,213443.00,A,3733.647585,N,12218.194400,W,055.5,139.9,210520,,,A*45
$GPGGA,213444.00,3733.635297,N,12218.181572,W,7,,0.38,-30.28,M,0.0,M,0.0,0000*75
$GPRMC,213444.00,A,3733.635297,N,12218.181572,W,055.9,140.8,210520,,,A*40
$GPGGA,213445.00,3733.623424,N,12218.169469,W,7,,0.38,-30.02,M,0.0,M,0.0,0000*78
$GPRMC,213445.00,A,3733.623424,N,12218.169469,W,056.5,141.1,210520,,,A*42
$GPGGA,213446.00,3733.611094,N,12218.157133,W,7,,0.38,-29.88,M,0.0,M,0.0,0000*78
$GPRMC,213446.00,A,3733.611094,N,12218.157133,W,057.1,141.9,210520,,,A*45
$GPGGA,213447.00,3733.598680,N,12218.144815,W,7,,0.38,-29.82,M,0.0,M,0.0,0000*7D
$GPRMC,213447.00,A,3733.598680,N,12218.144815,W,057.3,142.0,210520,,,A*42
$GPGGA,213448.00,3733.586092,N,12218.132593,W,7,,0.38,-29.71,M,0.0,M,0.0,0000*76
$GPRMC,213448.00,A,3733.586092,N,12218.132593,W,057.3,142.6,210520,,,A*43
$GPGGA,213449.00,3733.572951,N,12218.120041,W,7,,0.38,-29.72,M,0.0,M,0.0,0000*70
$GPRMC,213449.00,A,3733.572951,N,12218.120041,W,057.0,142.9,210520,,,A*4A
$GPGGA,213450.00,3733.560676,N,12218.108570,W,7,,0.38,-29.59,M,0.0,M,0.0,0000*75
$GPRMC,213450.00,A,3733.560676,N,12218.108570,W,057.3,143.6,210520,,,A*4B
$GPGGA,213451.00,3733.547866,N,12218.096792,W,7,,0.38,-29.87,M,0.0,M,0.0,0000*75
$GPRMC,213451.00,A,3733.547866,N,12218.096792,W,057.2,143.9,210520,,,A*46
$GPGGA,213452.00,3733.534474,N,12218.084684,W,7,,0.38,-29.83,M,0.0,M,0.0,0000*7C
$GPRMC,213452.00,A,3733.534474,N,12218.084684,W,057.0,144.5,210520,,,A*42
$GPGGA,213453.00,3733.521676,N,12218.073128,W,7,,0.38,-29.80,M,0.0,M,0.0,0000*73
$GPRMC,213453.00,A,3733.521676,N,12218.073128,W,056.7,144.3,210520,,,A*4E
$GPGGA,213454.00,3733.509291,N,12218.062112,W,7,,0.38,-29.78,M,0.0,M,0.0,0000*7D
$GPRMC,213454.00,A,3733.509291,N,12218.062112,W,056.4,144.5,210520,,,A*42
$GPGGA,213455.00,3733.496475,N,12218.050669,W,7,,0.38,-29.60,M,0.0,M,0.0,0000*74
$GPRMC,213455.00,A,3733.496475,N,12218.050669,W,056.2,144.6,210520,,,A*47
$GPGGA,213456.00,3733.483618,N,12218.039425,W,7,,0.38,-29.53,M,0.0,M,0.0,0000*7F
$GPRMC,213456.00,A,3733.483618,N,12218.039425,W,056.6,145.2,210520,,,A*4D
$GPGGA,213457.00,3733.470249,N,12218.027845,W,7,,0.38,-29.47,M,0.0,M,0.0,0000*72
$GPRMC,213457.00,A,3733.470249,N,12218.027845,W,057.0,145.4,210520,,,A*44
$GPGGA,213458.00,3733.457200,N,12218.016427,W,7,,0.38,-29.48,M,0.0,M,0.0,0000*70
$GPRMC,213458.00,A,3733.457200,N,12218.016427,W,057.6,144.8,210520,,,A*42
$GPGGA,213459.00,3733.444353,N,12218.005081,W,7,,0.38,-29.49,M,0.0,M,0.0,0000*7F
$GPRMC,213459.00,A,3733.444353,N,12218.005081,W,058.1,144.9,210520,,,A*45
$GPGGA,213500.00,3733.430817,N,12217.993003,W,7,,0.38,-29.65,M,0.0,M,0.0,0000*77
$GPRMC,213500.00,A,3733.430817,N,12217.993003,W,057.9,144.5,210520,,,A*48
$GPGGA,213501.00,3733.417738,N,12217.981315,W,7,,0.38,-29.54,M,0.0,M,0.0,0000*74
$GPRMC,213501.00,A,3733.417738,N,12217.981315,W,058.0,144.4,210520,,,A*4E
$GPGGA,213502.00,3733.405072,N,12217.969699,W,7,,0.38,-29.59,M,0.0,M,0.0,0000*77
$GPRMC,213502.00,A,3733.405072,N,12217.969699,W,057.8,143.8,210520,,,A*4C
$GPGGA,213503.00,3733.392147,N,12217.957784,W,7,,0.38,-29.46,M,0.0,M,0.0,0000*76
$GPRMC,213503.00,A,3733.392147,N,12217.957784,W,057.7,143.9,210520,,,A*4D
$GPGGA,213504.00,3733.379343,N,12217.945927,W,7,,0.38,-29.29,M,0.0,M,0.0,0000*7F
$GPRMC,213504.00,A,3733.379343,N,12217.945927,W,057.2,143.7,210520,,,A*46
$GPGGA,213505.00,3733.366114,N,12217.933687,W,7,,0.38,-29.25,M,0.0,M,0.0,0000*78
$GPRMC,213505.00,A,3733.366114,N,12217.933687,W,056.6,143.8,210520,,,A*47
$GPGGA,213506.00,3733.353873,N,12217.922378,W,7,,0.38,-29.36,M,0.0,M,0.0,0000*72
$GPRMC,213506.00,A,3733.353873,N,12217.922378,W,056.6,143.7,210520,,,A*40
$GPGGA,213507.00,3733.341280,N,12217.910660,W,7,,0.38,-29.47,M,0.0,M,0.0,0000*7D
$GPRMC,213507.00,A,3733.341280,N,12217.910660,W,056.4,143.6,210520,,,A*4A
$GPGGA,213508.00,3733.328379,N,12217.898726,W,7,,0.38,-29.54,M,0.0,M,0.0,0000*7A
$GPRMC,213508.00,A,3733.328379,N,12217.898726,W,055.6,143.8,210520,,,A*40
$GPGGA,213509.00,3733.315941,N,12217.887110,W,7,,0.38,-29.68,M,0.0,M,0.0,0000*76
$GPRMC,213509.00,A,3733.315941,N,12217.887110,W,055.0,143.4,210520,,,A*49
$GPGGA,213510.00,3733.304151,N,12217.876208,W,7,,0.38,-29.52,M,0.0,M,0.0,0000*7A
$GPRMC,213510.00,A,3733.304151,N,12217.876208,W,054.2,143.5,210520,,,A*4E
$GPGGA,213511.00,3733.292164,N,12217.865095,W,7,,0.38,-29.49,M,0.0,M,0.0,0000*7D
$GPRMC,213511.00,A,3733.292164,N,12217.865095,W,053.4,143.7,210520,,,A*40
$GPGGA,213512.00,3733.280272,N,12217.854092,W,7,,0.38,-29.40,M,0.0,M,0.0,0000*75
$GPRMC,213512.00,A,3733.280272,N,12217.854092,W,052.3,143.5,210520,,,A*45
$GPGGA,213513.00,3733.268416,N,12217.842800,W,7,,0.38,-29.45,M,0.0,M,0.0,0000*77
$GPRMC,213513.00,A,3733.268416,N,12217.842800,W,051.7,142.2,210520,,,A*43
$GPGGA,213514.00,3733.257550,N,12217.832221,W,7,,0.38,-29.52,M,0.0,M,0.0,0000*77
$GPRMC,213514.00,A,3733.257550,N,12217.832221,W,050.9,141.8,210520,,,A*43
$GPGGA,213515.00,3733.246407,N,12217.821302,W,7,,0.38,-29.40,M,0.0,M,0.0,0000*74
$GPRMC,213515.00,A,3733.246407,N,12217.821302,W,050.3,141.7,210520,,,A*46
$GPGGA,213516.00,3733.234947,N,12217.810033,W,7,,0.38,-29.56,M,0.0,M,0.0,0000*7F
$GPRMC,213516.00,A,3733.234947,N,12217.810033,W,051.1,142.0,210520,,,A*4D
$GPGGA,213517.00,3733.223751,N,12217.799228,W,7,,0.38,-29.47,M,0.0,M,0.0,0000*77
$GPRMC,213517.00,A,3733.223751,N,12217.799228,W,050.9,142.2,210520,,,A*4E
$GPGGA,213518.00,3733.212951,N,12217.788763,W,7,,0.38,-29.52,M,0.0,M,0.0,0000*7A
$GPRMC,213518.00,A,3733.212951,N,12217.788763,W,050.2,142.6,210520,,,A*48
$GPGGA,213519.00,3733.201887,N,12217.778186,W,7,,0.38,-29.40,M,0.0,M,0.0,0000*72
$GPRMC,213519.00,A,3733.201887,N,12217.778186,W,050.1,143.0,210520,,,A*47
$GPGGA,213520.00,3733.190782,N,12217.767721,W,7,,0.39,-29.34,M,0.0,M,0.0,0000*7E
$GPRMC,213520.00,A,3733.190782,N,12217.767721,W,049.8,143.3,210520,,,A*4B
$GPGGA,213521.00,3733.179429,N,12217.757174,W,7,,0.40,-29.34,M,0.0,M,0.0,0000*71
$GPRMC,213521.00,A,3733.179429,N,12217.757174,W,049.2,144.0,210520,,,A*44
$GPGGA,213522.00,3733.168323,N,12217.747387,W,7,,0.38,-29.24,M,0.0,M,0.0,0000*7E
$GPRMC,213522.00,A,3733.168323,N,12217.747387,W,049.2,144.0,210520,,,A*45
$GPGGA,213523.00,3733.157740,N,12217.737566,W,7,,0.38,-29.09,M,0.0,M,0.0,0000*73
$GPRMC,213523.00,A,3733.157740,N,12217.737566,W,048.1,144.3,210520,,,A*46
$GPGGA,213524.00,3733.146699,N,12217.727384,W,7,,0.39,-28.99,M,0.0,M,0.0,0000*73
$GPRMC,213524.00,A,3733.146699,N,12217.727384,W,047.5,143.4,210520,,,A*44
$GPGGA,213525.00,3733.136109,N,12217.717532,W,7,,0.39,-28.91,M,0.0,M,0.0,0000*7B
$GPRMC,213525.00,A,3733.136109,N,12217.717532,W,046.8,143.4,210520,,,A*48
$GPGGA,213526.00,3733.126047,N,12217.708130,W,7,,0.38,-28.77,M,0.0,M,0.0,0000*73
$GPRMC,213526.00,A,3733.126047,N,12217.708130,W,046.4,143.2,210520,,,A*43
$GPGGA,213527.00,3733.115824,N,12217.698488,W,7,,0.38,-28.93,M,0.0,M,0.0,0000*7B
$GPRMC,213527.00,A,3733.115824,N,12217.698488,W,046.0,143.7,210520,,,A*40
$GPGGA,213528.00,3733.105564,N,12217.688942,W,7,,0.38,-29.02,M,0.0,M,0.0,0000*7F
$GPRMC,213528.00,A,3733.105564,N,12217.688942,W,045.5,143.4,210520,,,A*48
$GPGGA,213529.00,3733.095208,N,12217.679191,W,7,,0.38,-29.02,M,0.0,M,0.0,0000*73
$GPRMC,213529.00,A,3733.095208,N,12217.679191,W,044.9,143.0,210520,,,A*4D
$GPGGA,213530.00,3733.085583,N,12217.670168,W,7,,0.38,-29.15,M,0.0,M,0.0,0000*77
$GPRMC,213530.00,A,3733.085583,N,12217.670168,W,044.6,143.5,210520,,,A*45
$GPGGA,213531.00,3733.075623,N,12217.660988,W,7,,0.38,-29.17,M,0.0,M,0.0,0000*75
$GPRMC,213531.00,A,3733.075623,N,12217.660988,W,044.4,143.6,210520,,,A*44
$GPGGA,213532.00,3733.065309,N,12217.651538,W,7,,0.38,-29.04,M,0.0,M,0.0,0000*7D
$GPRMC,213532.00,A,3733.065309,N,12217.651538,W,044.2,143.7,210520,,,A*49
$GPGGA,213533.00,3733.055440,N,12217.642513,W,7,,0.38,-28.75,M,0.0,M,0.0,0000*79
$GPRMC,213533.00,A,3733.055440,N,12217.642513,W,044.1,143.6,210520,,,A*48
$GPGGA,213534.00,3733.045654,N,12217.633279,W,7,,0.38,-28.84,M,0.0,M,0.0,0000*7B
$GPRMC,213534.00,A,3733.045654,N,12217.633279,W,044.1,143.2,210520,,,A*40
$GPGGA,213535.00,3733.036138,N,12217.624340,W,7,,0.38,-28.90,M,0.0,M,0.0,0000*7B
$GPRMC,213535.00,A,3733.036138,N,12217.624340,W,043.6,143.1,210520,,,A*46
$GPGGA,213536.00,3733.026406,N,12217.615262,W,7,,0.38,-28.70,M,0.0,M,0.0,0000*7C
$GPRMC,213536.00,A,3733.026406,N,12217.615262,W,043.7,143.2,210520,,,A*4D
$GPGGA,213537.00,3733.016518,N,12217.605872,W,7,,0.38,-28.93,M,0.0,M,0.0,0000*77
$GPRMC,213537.00,A,3733.016518,N,12217.605872,W,043.3,143.3,210520,,,A*4E
$GPGGA,213538.00,3733.007121,N,12217.597057,W,7,,0.38,-28.95,M,0.0,M,0.0,0000*77
$GPRMC,213538.00,A,3733.007121,N,12217.597057,W,043.2,143.3,210520,,,A*49
$GPGGA,213539.00,3732.997426,N,12217.588076,W,7,,0.38,-28.79,M,0.0,M,0.0,0000*7A
$GPRMC,213539.00,A,3732.997426,N,12217.588076,W,043.8,143.5,210520,,,A*4A
$GPGGA,213540.00,3732.987358,N,12217.578626,W,7,,0.38,-28.90,M,0.0,M,0.0,0000*70
$GPRMC,213540.00,A,3732.987358,N,12217.578626,W,044.1,143.3,210520,,,A*4F
$GPGGA,213541.00,3732.977362,N,12217.569379,W,7,,0.38,-28.86,M,0.0,M,0.0,0000*7F
$GPRMC,213541.00,A,3732.977362,N,12217.569379,W,044.8,143.4,210520,,,A*49
$GPGGA,213542.00,3732.967510,N,12217.560212,W,7,,0.38,-28.87,M,0.0,M,0.0,0000*7A
$GPRMC,213542.00,A,3732.967510,N,12217.560212,W,045.5,143.1,210520,,,A*44
$GPGGA,213543.00,3732.957213,N,12217.550702,W,7,,0.38,-28.69,M,0.0,M,0.0,0000*7B
$GPRMC,213543.00,A,3732.957213,N,12217.550702,W,046.2,143.3,210520,,,A*43
$GPGGA,213544.00,3732.946923,N,12217.540892,W,7,,0.38,-28.78,M,0.0,M,0.0,0000*73
$GPRMC,213544.00,A,3732.946923,N,12217.540892,W,046.9,142.6,210520,,,A*44
$GPGGA,213545.00,3732.936064,N,12217.530505,W,7,,0.38,-28.74,M,0.0,M,0.0,0000*77
$GPRMC,213545.00,A,3732.936064,N,12217.530505,W,047.6,143.0,210520,,,A*45
$GPGGA,213546.00,3732.925822,N,12217.520684,W,7,,0.38,-28.96,M,0.0,M,0.0,0000*7B
$GPRMC,213546.00,A,3732.925822,N,12217.520684,W,048.3,143.2,210520,,,A*4D
$GPGGA,213547.00,3732.915028,N,12217.510555,W,7,,0.38,-29.13,M,0.0,M,0.0,0000*7B
$GPRMC,213547.00,A,3732.915028,N,12217.510555,W,048.9,143.6,210520,,,A*4F
$GPGGA,213548.00,3732.903471,N,12217.500001,W,7,,0.38,-29.12,M,0.0,M,0.0,0000*7F
$GPRMC,213548.00,A,3732.903471,N,12217.500001,W,049.6,144.0,210520,,,A*45
$GPGGA,213549.00,3732.892294,N,12217.489699,W,7,,0.38,-29.01,M,0.0,M,0.0,0000*7F
$GPRMC,213549.00,A,3732.892294,N,12217.489699,W,050.2,143.7,210520,,,A*4B
$GPGGA,213550.00,3732.881337,N,12217.479631,W,7,,0.38,-28.95,M,0.0,M,0.0,0000*7C
$GPRMC,213550.00,A,3732.881337,N,12217.479631,W,050.8,143.6,210520,,,A*4F
$GPGGA,213551.00,3732.869830,N,12217.469017,W,7,,0.38,-28.81,M,0.0,M,0.0,0000*71
$GPRMC,213551.00,A,3732.869830,N,12217.469017,W,051.1,143.3,210520,,,A*4A
$GPGGA,213552.00,3732.858364,N,12217.458314,W,7,,0.38,-28.87,M,0.0,M,0.0,0000*7E
$GPRMC,213552.00,A,3732.858364,N,12217.458314,W,051.6,143.4,210520,,,A*43
$GPGGA,213553.00,3732.846466,N,12217.447184,W,7,,0.38,-28.90,M,0.0,M,0.0,0000*76
$GPRMC,213553.00,A,3732.846466,N,12217.447184,W,052.1,143.1,210520,,,A*4C
$GPGGA,213554.00,3732.835137,N,12217.436744,W,7,,0.38,-28.80,M,0.0,M,0.0,0000*79
$GPRMC,213554.00,A,3732.835137,N,12217.436744,W,052.6,143.2,210520,,,A*46
$GPGGA,213555.00,3732.823251,N,12217.425673,W,7,,0.38,-28.77,M,0.0,M,0.0,0000*73
$GPRMC,213555.00,A,3732.823251,N,12217.425673,W,053.1,143.7,210520,,,A*47
$GPGGA,213556.00,3732.810963,N,12217.414297,W,7,,0.38,-28.67,M,0.0,M,0.0,0000*77
$GPRMC,213556.00,A,3732.810963,N,12217.414297,W,053.5,143.6,210520,,,A*47
$GPGGA,213557.00,3732.798927,N,12217.403162,W,7,,0.38,-28.60,M,0.0,M,0.0,0000*71
$GPRMC,213557.00,A,3732.798927,N,12217.403162,W,054.2,143.6,210520,,,A*46
$GPGGA,213558.00,3732.787029,N,12217.392218,W,7,,0.38,-28.56,M,0.0,M,0.0,0000*73
$GPRMC,213558.00,A,3732.787029,N,12217.392218,W,054.6,143.4,210520,,,A*47
$GPGGA,213559.00,3732.774898,N,12217.380895,W,7,,0.38,-28.68,M,0.0,M,0.0,0000*7D
$GPRMC,213559.00,A,3732.774898,N,12217.380895,W,054.5,143.5,210520,,,A*46
$GPGGA,213600.00,3732.762754,N,12217.369621,W,7,,0.38,-28.64,M,0.0,M,0.0,0000*70
$GPRMC,213600.00,A,3732.762754,N,12217.369621,W,054.6,143.7,210520,,,A*46
$GPGGA,213601.00,3732.750111,N,12217.357915,W,7,,0.38,-28.65,M,0.0,M,0.0,0000*73
$GPRMC,213601.00,A,3732.750111,N,12217.357915,W,054.2,143.6,210520,,,A*41
$GPGGA,213602.00,3732.738520,N,12217.347038,W,7,,0.38,-28.82,M,0.0,M,0.0,0000*76
$GPRMC,213602.00,A,3732.738520,N,12217.347038,W,054.0,143.5,210520,,,A*4C
$GPGGA,213603.00,3732.726435,N,12217.335781,W,7,,0.38,-28.84,M,0.0,M,0.0,0000*7B
$GPRMC,213603.00,A,3732.726435,N,12217.335781,W,054.3,143.7,210520,,,A*46
$GPGGA,213604.00,3732.713925,N,12217.324286,W,7,,0.38,-28.78,M,0.0,M,0.0,0000*77
$GPRMC,213604.00,A,3732.713925,N,12217.324286,W,054.3,144.2,210520,,,A*4B
$GPGGA,213605.00,3732.701589,N,12217.312940,W,7,,0.38,-28.57,M,0.0,M,0.0,0000*76
$GPRMC,213605.00,A,3732.701589,N,12217.312940,W,054.7,144.1,210520,,,A*40
$GPGGA,213606.00,3732.689733,N,12217.302122,W,7,,0.38,-28.45,M,0.0,M,0.0,0000*79
$GPRMC,213606.00,A,3732.689733,N,12217.302122,W,054.6,143.6,210520,,,A*4D
$GPGGA,213607.00,3732.677560,N,12217.290878,W,7,,0.38,-28.61,M,0.0,M,0.0,0000*77
$GPRMC,213607.00,A,3732.677560,N,12217.290878,W,054.5,144.0,210520,,,A*47
$GPGGA,213608.00,3732.665181,N,12217.279550,W,7,,0.39,-28.48,M,0.0,M,0.0,0000*7A
$GPRMC,213608.00,A,3732.665181,N,12217.279550,W,054.6,143.5,210520,,,A*41
$GPGGA,213609.00,3732.652720,N,12217.268030,W,7,,0.38,-28.31,M,0.0,M,0.0,0000*7E
$GPRMC,213609.00,A,3732.652720,N,12217.268030,W,053.9,143.2,210520,,,A*45
$GPGGA,213610.00,3732.641008,N,12217.257290,W,7,,0.38,-28.04,M,0.0,M,0.0,0000*7B
$GPRMC,213610.00,A,3732.641008,N,12217.257290,W,053.5,143.7,210520,,,A*4F
$GPGGA,213611.00,3732.629038,N,12217.246147,W,7,,0.38,-28.11,M,0.0,M,0.0,0000*7A
$GPRMC,213611.00,A,3732.629038,N,12217.246147,W,053.0,143.4,210520,,,A*4C
$GPGGA,213612.00,3732.616852,N,12217.234717,W,7,,0.38,-28.16,M,0.0,M,0.0,0000*70
$GPRMC,213612.00,A,3732.616852,N,12217.234717,W,053.0,143.6,210520,,,A*43
$GPGGA,213613.00,3732.605038,N,12217.223497,W,7,,0.38,-28.40,M,0.0,M,0.0,0000*79
$GPRMC,213613.00,A,3732.605038,N,12217.223497,W,053.4,143.0,210520,,,A*4B
$GPGGA,213614.00,3732.593097,N,12217.212409,W,7,,0.38,-28.32,M,0.0,M,0.0,0000*77
$GPRMC,213614.00,A,3732.593097,N,12217.212409,W,053.8,143.4,210520,,,A*48
$GPGGA,213615.00,3732.581332,N,12217.201460,W,7,,0.38,-28.22,M,0.0,M,0.0,0000*75
$GPRMC,213615.00,A,3732.581332,N,12217.201460,W,054.2,143.6,210520,,,A*44
$GPGGA,213616.00,3732.569176,N,12217.190216,W,7,,0.38,-28.08,M,0.0,M,0.0,0000*76
$GPRMC,213616.00,A,3732.569176,N,12217.190216,W,054.7,143.9,210520,,,A*45
$GPGGA,213617.00,3732.556539,N,12217.178378,W,7,,0.38,-28.48,M,0.0,M,0.0,0000*7F
$GPRMC,213617.00,A,3732.556539,N,12217.178378,W,055.1,143.7,210520,,,A*41
$GPGGA,213618.00,3732.544408,N,12217.167176,W,7,,0.38,-28.49,M,0.0,M,0.0,0000*73
$GPRMC,213618.00,A,3732.544408,N,12217.167176,W,055.8,143.5,210520,,,A*47
$GPGGA,213619.00,3732.531843,N,12217.155667,W,7,,0.38,-28.47,M,0.0,M,0.0,0000*7B
$GPRMC,213619.00,A,3732.531843,N,12217.155667,W,056.3,143.5,210520,,,A*49
$GPGGA,213620.00,3732.518781,N,12217.143547,W,7,,0.38,-28.62,M,0.0,M,0.0,0000*7A
$GPRMC,213620.00,A,3732.518781,N,12217.143547,W,056.9,143.7,210520,,,A*47
$GPGGA,213621.00,3732.506235,N,12217.132094,W,7,,0.38,-28.49,M,0.0,M,0.0,0000*7A
$GPRMC,213621.00,A,3732.506235,N,12217.132094,W,057.5,143.9,210520,,,A*4D
$GPGGA,213622.00,3732.493474,N,12217.120339,W,7,,0.38,-28.63,M,0.0,M,0.0,0000*78
$GPRMC,213622.00,A,3732.493474,N,12217.120339,W,056.9,143.7,210520,,,A*44
$GPGGA,213623.00,3732.480795,N,12217.108873,W,7,,0.38,-28.55,M,0.0,M,0.0,0000*7D
$GPRMC,213623.00,A,3732.480795,N,12217.108873,W,056.2,144.3,210520,,,A*4C
$GPGGA,213624.00,3732.468238,N,12217.097497,W,7,,0.38,-28.40,M,0.0,M,0.0,0000*7B
$GPRMC,213624.00,A,3732.468238,N,12217.097497,W,055.7,143.9,210520,,,A*45
$GPGGA,213625.00,3732.455187,N,12217.085516,W,7,,0.38,-28.42,M,0.0,M,0.0,0000*7A
$GPRMC,213625.00,A,3732.455187,N,12217.085516,W,056.0,144.0,210520,,,A*4C
$GPGGA,213626.00,3732.443056,N,12217.074416,W,7,,0.38,-28.44,M,0.0,M,0.0,0000*7A
$GPRMC,213626.00,A,3732.443056,N,12217.074416,W,056.0,144.4,210520,,,A*4E
$GPGGA,213627.00,3732.430497,N,12217.062931,W,7,,0.38,-28.47,M,0.0,M,0.0,0000*7A
$GPRMC,213627.00,A,3732.430497,N,12217.062931,W,055.9,144.5,210520,,,A*46
$GPGGA,213628.00,3732.417507,N,12217.050955,W,7,,0.38,-28.63,M,0.0,M,0.0,0000*7D
$GPRMC,213628.00,A,3732.417507,N,12217.050955,W,055.6,143.4,210520,,,A*4E
$GPGGA,213629.00,3732.405063,N,12217.039382,W,7,,0.38,-28.65,M,0.0,M,0.0,0000*71
$GPRMC,213629.00,A,3732.405063,N,12217.039382,W,055.7,143.4,210520,,,A*45
$GPGGA,213630.00,3732.393057,N,12217.028222,W,7,,0.38,-28.46,M,0.0,M,0.0,0000*7C
$GPRMC,213630.00,A,3732.393057,N,12217.028222,W,055.6,143.3,210520,,,A*4F
$GPGGA,213631.00,3732.380650,N,12217.016557,W,7,,0.38,-28.52,M,0.0,M,0.0,0000*73
$GPRMC,213631.00,A,3732.380650,N,12217.016557,W,055.4,143.4,210520,,,A*40
$GPGGA,213632.00,3732.368253,N,12217.005074,W,7,,0.38,-28.60,M,0.0,M,0.0,0000*76
$GPRMC,213632.00,A,3732.368253,N,12217.005074,W,055.5,143.7,210520,,,A*46
$GPGGA,213633.00,3732.355383,N,12216.993266,W,7,,0.38,-28.41,M,0.0,M,0.0,0000*70
$GPRMC,213633.00,A,3732.355383,N,12216.993266,W,055.7,143.7,210520,,,A*41
$GPGGA,213634.00,3732.342975,N,12216.981829,W,7,,0.38,-28.36,M,0.0,M,0.0,0000*70
$GPRMC,213634.00,A,3732.342975,N,12216.981829,W,055.3,143.6,210520,,,A*44
$GPGGA,213635.00,3732.330874,N,12216.970838,W,7,,0.38,-28.05,M,0.0,M,0.0,0000*7A
$GPRMC,213635.00,A,3732.330874,N,12216.970838,W,055.0,144.0,210520,,,A*4C
$GPGGA,213636.00,3732.318148,N,12216.959095,W,7,,0.38,-28.04,M,0.0,M,0.0,0000*70
$GPRMC,213636.00,A,3732.318148,N,12216.959095,W,055.2,143.9,210520,,,A*4B
$GPGGA,213637.00,3732.305776,N,12216.947666,W,7,,0.38,-28.13,M,0.0,M,0.0,0000*75
$GPRMC,213637.00,A,3732.305776,N,12216.947666,W,055.5,143.8,210520,,,A*4E
$GPGGA,213638.00,3732.293602,N,12216.936506,W,7,,0.38,-27.93,M,0.0,M,0.0,0000*72
$GPRMC,213638.00,A,3732.293602,N,12216.936506,W,055.8,143.5,210520,,,A*4E
$GPGGA,213639.00,3732.281061,N,12216.924932,W,7,,0.38,-27.86,M,0.0,M,0.0,0000*7F
$GPRMC,213639.00,A,3732.281061,N,12216.924932,W,056.1,143.7,210520,,,A*4F
$GPGGA,213640.00,3732.268557,N,12216.913177,W,7,,0.38,-28.13,M,0.0,M,0.0,0000*78
$GPRMC,213640.00,A,3732.268557,N,12216.913177,W,056.5,143.5,210520,,,A*4D
$GPGGA,213641.00,3732.255453,N,12216.900950,W,7,,0.38,-28.35,M,0.0,M,0.0,0000*79
$GPRMC,213641.00,A,3732.255453,N,12216.900950,W,056.4,143.3,210520,,,A*4F
$GPGGA,213642.00,3732.243364,N,12216.889760,W,7,,0.38,-28.12,M,0.0,M,0.0,0000*76
$GPRMC,213642.00,A,3732.243364,N,12216.889760,W,056.0,143.2,210520,,,A*40
$GPGGA,213643.00,3732.230848,N,12216.878149,W,7,,0.38,-28.15,M,0.0,M,0.0,0000*72
$GPRMC,213643.00,A,3732.230848,N,12216.878149,W,056.3,143.4,210520,,,A*46
$GPGGA,213644.00,3732.217803,N,12216.866132,W,7,,0.38,-28.18,M,0.0,M,0.0,0000*71
$GPRMC,213644.00,A,3732.217803,N,12216.866132,W,056.7,143.7,210520,,,A*4F
$GPGGA,213645.00,3732.204976,N,12216.854186,W,7,,0.38,-28.45,M,0.0,M,0.0,0000*77
$GPRMC,213645.00,A,3732.204976,N,12216.854186,W,057.1,143.7,210520,,,A*46
$GPGGA,213646.00,3732.192591,N,12216.842726,W,7,,0.38,-28.57,M,0.0,M,0.0,0000*75
$GPRMC,213646.00,A,3732.192591,N,12216.842726,W,057.3,143.4,210520,,,A*46
$GPGGA,213647.00,3732.179793,N,12216.830918,W,7,,0.38,-28.48,M,0.0,M,0.0,0000*79
$GPRMC,213647.00,A,3732.179793,N,12216.830918,W,057.2,143.7,210520,,,A*46
$GPGGA,213648.00,3732.166947,N,12216.819031,W,7,,0.38,-28.41,M,0.0,M,0.0,0000*7F
$GPRMC,213648.00,A,3732.166947,N,12216.819031,W,056.9,143.6,210520,,,A*42
$GPGGA,213649.00,3732.153783,N,12216.806834,W,7,,0.38,-28.54,M,0.0,M,0.0,0000*79
$GPRMC,213649.00,A,3732.153783,N,12216.806834,W,057.2,143.7,210520,,,A*4B
$GPGGA,213650.00,3732.141388,N,12216.795290,W,7,,0.38,-28.59,M,0.0,M,0.0,0000*71
$GPRMC,213650.00,A,3732.141388,N,12216.795290,W,057.6,143.7,210520,,,A*4A
$GPGGA,213651.00,3732.128296,N,12216.783338,W,7,,0.38,-28.42,M,0.0,M,0.0,0000*7F
$GPRMC,213651.00,A,3732.128296,N,12216.783338,W,058.1,143.8,210520,,,A*49
$GPGGA,213652.00,3732.114838,N,12216.770923,W,7,,0.38,-28.43,M,0.0,M,0.0,0000*70
$GPRMC,213652.00,A,3732.114838,N,12216.770923,W,058.5,143.8,210520,,,A*43
$GPGGA,213653.00,3732.101679,N,12216.758792,W,7,,0.38,-28.29,M,0.0,M,0.0,0000*7C
$GPRMC,213653.00,A,3732.101679,N,12216.758792,W,059.0,143.7,210520,,,A*48
$GPGGA,213654.00,3732.088443,N,12216.746468,W,7,,0.38,-28.27,M,0.0,M,0.0,0000*77
$GPRMC,213654.00,A,3732.088443,N,12216.746468,W,059.5,143.5,210520,,,A*4A
$GPGGA,213655.00,3732.075495,N,12216.734336,W,7,,0.38,-28.41,M,0.0,M,0.0,0000*76
$GPRMC,213655.00,A,3732.075495,N,12216.734336,W,059.9,143.7,210520,,,A*45
$GPGGA,213656.00,3732.062086,N,12216.721856,W,7,,0.38,-28.46,M,0.0,M,0.0,0000*7B
$GPRMC,213656.00,A,3732.062086,N,12216.721856,W,060.4,143.6,210520,,,A*49
$GPGGA,213657.00,3732.048106,N,12216.708968,W,7,,0.38,-28.24,M,0.0,M,0.0,0000*78
$GPRMC,213657.00,A,3732.048106,N,12216.708968,W,060.6,143.8,210520,,,A*42
$GPGGA,213658.00,3732.034851,N,12216.696680,W,7,,0.38,-28.25,M,0.0,M,0.0,0000*79
$GPRMC,213658.00,A,3732.034851,N,12216.696680,W,060.7,143.4,210520,,,A*4F
$GPGGA,213659.00,3732.021412,N,12216.684170,W,7,,0.38,-28.15,M,0.0,M,0.0,0000*7F
$GPRMC,213659.00,A,3732.021412,N,12216.684170,W,060.2,143.4,210520,,,A*4F
$GPGGA,213700.00,3732.007612,N,12216.671293,W,7,,0.38,-28.18,M,0.0,M,0.0,0000*7D
$GPRMC,213700.00,A,3732.007612,N,12216.671293,W,059.8,143.6,210520,,,A*42
$GPGGA,213701.00,3731.994657,N,12216.659306,W,7,,0.38,-28.30,M,0.0,M,0.0,0000*70
$GPRMC,213701.00,A,3731.994657,N,12216.659306,W,059.3,143.5,210520,,,A*4D
$GPGGA,213702.00,3731.981517,N,12216.647114,W,7,,0.38,-28.29,M,0.0,M,0.0,0000*76
$GPRMC,213702.00,A,3731.981517,N,12216.647114,W,058.8,143.4,210520,,,A*48
$GPGGA,213703.00,3731.968569,N,12216.634999,W,7,,0.38,-28.38,M,0.0,M,0.0,0000*70
$GPRMC,213703.00,A,3731.968569,N,12216.634999,W,058.0,143.3,210520,,,A*41
$GPGGA,213704.00,3731.955693,N,12216.622988,W,7,,0.38,-28.46,M,0.0,M,0.0,0000*71
$GPRMC,213704.00,A,3731.955693,N,12216.622988,W,057.7,143.3,210520,,,A*41
$GPGGA,213705.00,3731.942301,N,12216.610664,W,7,,0.38,-28.26,M,0.0,M,0.0,0000*72
$GPRMC,213705.00,A,3731.942301,N,12216.610664,W,057.5,143.3,210520,,,A*46
$GPGGA,213706.00,3731.929942,N,12216.599204,W,7,,0.38,-28.20,M,0.0,M,0.0,0000*77
$GPRMC,213706.00,A,3731.929942,N,12216.599204,W,057.3,143.7,210520,,,A*47
$GPGGA,213707.00,3731.917125,N,12216.587275,W,7,,0.38,-28.05,M,0.0,M,0.0,0000*7C
$GPRMC,213707.00,A,3731.917125,N,12216.587275,W,057.6,143.6,210520,,,A*4F
$GPGGA,213708.00,3731.903764,N,12216.574730,W,7,,0.38,-28.07,M,0.0,M,0.0,0000*7F
$GPRMC,213708.00,A,3731.903764,N,12216.574730,W,057.9,143.5,210520,,,A*42
$GPGGA,213709.00,3731.890899,N,12216.562681,W,7,,0.38,-28.10,M,0.0,M,0.0,0000*72
$GPRMC,213709.00,A,3731.890899,N,12216.562681,W,057.9,143.2,210520,,,A*4E
$GPGGA,213710.00,3731.878389,N,12216.550753,W,7,,0.38,-28.12,M,0.0,M,0.0,0000*7B
$GPRMC,213710.00,A,3731.878389,N,12216.550753,W,058.5,142.4,210520,,,A*41
$GPGGA,213711.00,3731.865412,N,12216.538118,W,7,,0.38,-28.12,M,0.0,M,0.0,0000*74
$GPRMC,213711.00,A,3731.865412,N,12216.538118,W,058.8,141.9,210520,,,A*4D
$GPGGA,213712.00,3731.852667,N,12216.525326,W,7,,0.38,-28.16,M,0.0,M,0.0,0000*74
$GPRMC,213712.00,A,3731.852667,N,12216.525326,W,058.6,141.5,210520,,,A*4B
$GPGGA,213713.00,3731.839575,N,12216.512161,W,7,,0.38,-28.17,M,0.0,M,0.0,0000*7C
$GPRMC,213713.00,A,3731.839575,N,12216.512161,W,058.3,141.2,210520,,,A*40
$GPGGA,213714.00,3731.827072,N,12216.499333,W,7,,0.38,-28.27,M,0.0,M,0.0,0000*72
$GPRMC,213714.00,A,3731.827072,N,12216.499333,W,057.9,140.2,210520,,,A*49
$GPGGA,213715.00,3731.815125,N,12216.486769,W,7,,0.38,-28.22,M,0.0,M,0.0,0000*71
$GPRMC,213715.00,A,3731.815125,N,12216.486769,W,057.3,140.2,210520,,,A*45
$GPGGA,213716.00,3731.802694,N,12216.473581,W,7,,0.38,-28.16,M,0.0,M,0.0,0000*70
$GPRMC,213716.00,A,3731.802694,N,12216.473581,W,056.4,139.6,210520,,,A*4F
$GPGGA,213717.00,3731.791047,N,12216.460729,W,7,,0.38,-28.35,M,0.0,M,0.0,0000*7F
$GPRMC,213717.00,A,3731.791047,N,12216.460729,W,055.8,138.9,210520,,,A*40
$GPGGA,213718.00,3731.779828,N,12216.448147,W,7,,0.38,-28.32,M,0.0,M,0.0,0000*74
$GPRMC,213718.00,A,3731.779828,N,12216.448147,W,055.3,138.0,210520,,,A*4E
$GPGGA,213719.00,3731.768391,N,12216.435200,W,7,,0.38,-28.34,M,0.0,M,0.0,0000*70
$GPRMC,213719.00,A,3731.768391,N,12216.435200,W,055.4,137.8,210520,,,A*4C
$GPGGA,213720.00,3731.757136,N,12216.422281,W,7,,0.38,-28.32,M,0.0,M,0.0,0000*70
$GPRMC,213720.00,A,3731.757136,N,12216.422281,W,055.0,137.4,210520,,,A*42
$GPGGA,213721.00,3731.745477,N,12216.408955,W,7,,0.38,-28.42,M,0.0,M,0.0,0000*7F
$GPRMC,213721.00,A,3731.745477,N,12216.408955,W,054.3,137.2,210520,,,A*4E
$GPGGA,213722.00,3731.734840,N,12216.396794,W,7,,0.38,-28.27,M,0.0,M,0.0,0000*72
$GPRMC,213722.00,A,3731.734840,N,12216.396794,W,053.4,137.9,210520,,,A*4B
$GPGGA,213723.00,3731.723758,N,12216.384374,W,7,,0.38,-28.23,M,0.0,M,0.0,0000*7E
$GPRMC,213723.00,A,3731.723758,N,12216.384374,W,053.0,138.3,210520,,,A*42
$GPGGA,213724.00,3731.712592,N,12216.371666,W,7,,0.38,-28.21,M,0.0,M,0.0,0000*71
$GPRMC,213724.00,A,3731.712592,N,12216.371666,W,052.4,137.8,210520,,,A*4E
$GPGGA,213725.00,3731.701779,N,12216.359347,W,7,,0.38,-28.34,M,0.0,M,0.0,0000*7D
$GPRMC,213725.00,A,3731.701779,N,12216.359347,W,051.8,137.6,210520,,,A*47
$GPGGA,213726.00,3731.691531,N,12216.347671,W,7,,0.38,-28.14,M,0.0,M,0.0,0000*75
$GPRMC,213726.00,A,3731.691531,N,12216.347671,W,051.5,137.4,210520,,,A*42
$GPGGA,213727.00,3731.681146,N,12216.335630,W,7,,0.38,-28.26,M,0.0,M,0.0,0000*70
$GPRMC,213727.00,A,3731.681146,N,12216.335630,W,051.0,137.5,210520,,,A*42
$GPGGA,213728.00,3731.670646,N,12216.323587,W,7,,0.38,-28.30,M,0.0,M,0.0,0000*79
$GPRMC,213728.00,A,3731.670646,N,12216.323587,W,050.6,137.7,210520,,,A*49
$GPGGA,213729.00,3731.659876,N,12216.311317,W,7,,0.38,-28.18,M,0.0,M,0.0,0000*7A
$GPRMC,213729.00,A,3731.659876,N,12216.311317,W,050.5,137.5,210520,,,A*41
$GPGGA,213730.00,3731.649861,N,12216.299815,W,7,,0.38,-28.08,M,0.0,M,0.0,0000*7C
$GPRMC,213730.00,A,3731.649861,N,12216.299815,W,050.7,137.4,210520,,,A*45
$GPGGA,213731.00,3731.639313,N,12216.287828,W,7,,0.38,-28.03,M,0.0,M,0.0,0000*7E
$GPRMC,213731.00,A,3731.639313,N,12216.287828,W,050.8,138.1,210520,,,A*49
$GPGGA,213732.00,3731.628519,N,12216.275431,W,7,,0.38,-28.06,M,0.0,M,0.0,0000*7D
$GPRMC,213732.00,A,3731.628519,N,12216.275431,W,051.0,137.8,210520,,,A*40
$GPGGA,213733.00,3731.617990,N,12216.263353,W,7,,0.38,-28.11,M,0.0,M,0.0,0000*7F
$GPRMC,213733.00,A,3731.617990,N,12216.263353,W,051.5,137.7,210520,,,A*4E
$GPGGA,213734.00,3731.607376,N,12216.251215,W,7,,0.38,-28.16,M,0.0,M,0.0,0000*7E
$GPRMC,213734.00,A,3731.607376,N,12216.251215,W,052.0,138.1,210520,,,A*47
$GPGGA,213735.00,3731.596743,N,12216.239221,W,7,,0.38,-28.04,M,0.0,M,0.0,0000*7C
$GPRMC,213735.00,A,3731.596743,N,12216.239221,W,052.8,138.0,210520,,,A*4F
$GPGGA,213736.00,3731.585776,N,12216.226790,W,7,,0.38,-28.14,M,0.0,M,0.0,0000*7B
$GPRMC,213736.00,A,3731.585776,N,12216.226790,W,053.7,137.8,210520,,,A*40
$GPGGA,213737.00,3731.574303,N,12216.213782,W,7,,0.38,-28.24,M,0.0,M,0.0,0000*74
$GPRMC,213737.00,A,3731.574303,N,12216.213782,W,054.3,137.9,210520,,,A*4E
$GPGGA,213738.00,3731.563240,N,12216.201361,W,7,,0.39,-28.31,M,0.0,M,0.0,0000*74
$GPRMC,213738.00,A,3731.563240,N,12216.201361,W,055.0,138.0,210520,,,A*4F
$GPGGA,213739.00,3731.551792,N,12216.188576,W,7,,0.38,-28.31,M,0.0,M,0.0,0000*7D
$GPRMC,213739.00,A,3731.551792,N,12216.188576,W,055.5,138.1,210520,,,A*43
$GPGGA,213740.00,3731.539894,N,12216.175220,W,7,,0.38,-28.30,M,0.0,M,0.0,0000*73
$GPRMC,213740.00,A,3731.539894,N,12216.175220,W,055.8,138.4,210520,,,A*44
$GPGGA,213741.00,3731.528631,N,12216.162566,W,7,,0.38,-28.32,M,0.0,M,0.0,0000*72
$GPRMC,213741.00,A,3731.528631,N,12216.162566,W,055.7,138.3,210520,,,A*4F
$GPGGA,213742.00,3731.517099,N,12216.149624,W,7,,0.38,-28.30,M,0.0,M,0.0,0000*77
$GPRMC,213742.00,A,3731.517099,N,12216.149624,W,056.1,138.3,210520,,,A*4D
$GPGGA,213743.00,3731.505405,N,12216.136556,W,7,,0.38,-28.28,M,0.0,M,0.0,0000*73
$GPRMC,213743.00,A,3731.505405,N,12216.136556,W,056.6,138.3,210520,,,A*47
$GPGGA,213744.00,3731.493706,N,12216.123349,W,7,,0.38,-28.33,M,0.0,M,0.0,0000*7C
$GPRMC,213744.00,A,3731.493706,N,12216.123349,W,056.7,138.2,210520,,,A*42
$GPGGA,213745.00,3731.481550,N,12216.109561,W,7,,0.38,-28.45,M,0.0,M,0.0,0000*7A
$GPRMC,213745.00,A,3731.481550,N,12216.109561,W,056.6,137.9,210520,,,A*40
$GPGGA,213746.00,3731.470240,N,12216.096853,W,7,,0.38,-28.32,M,0.0,M,0.0,0000*7A
$GPRMC,213746.00,A,3731.470240,N,12216.096853,W,056.7,138.0,210520,,,A*47
$GPGGA,213747.00,3731.458563,N,12216.083570,W,7,,0.38,-28.38,M,0.0,M,0.0,0000*75
$GPRMC,213747.00,A,3731.458563,N,12216.083570,W,056.9,137.9,210520,,,A*4A
$GPGGA,213748.00,3731.446263,N,12216.069649,W,7,,0.38,-28.41,M,0.0,M,0.0,0000*71
$GPRMC,213748.00,A,3731.446263,N,12216.069649,W,057.5,138.0,210520,,,A*4B
$GPGGA,213749.00,3731.434414,N,12216.056179,W,7,,0.38,-28.55,M,0.0,M,0.0,0000*7E
$GPRMC,213749.00,A,3731.434414,N,12216.056179,W,057.8,138.3,210520,,,A*4F
$GPGGA,213750.00,3731.422845,N,12216.043081,W,7,,0.38,-28.55,M,0.0,M,0.0,0000*7B
$GPRMC,213750.00,A,3731.422845,N,12216.043081,W,058.1,138.0,210520,,,A*4F
$GPGGA,213751.00,3731.410630,N,12216.029300,W,7,,0.38,-28.53,M,0.0,M,0.0,0000*77
$GPRMC,213751.00,A,3731.410630,N,12216.029300,W,058.6,137.8,210520,,,A*45
$GPGGA,213752.00,3731.398480,N,12216.015679,W,7,,0.38,-28.53,M,0.0,M,0.0,0000*7E
$GPRMC,213752.00,A,3731.398480,N,12216.015679,W,058.7,138.1,210520,,,A*4B
$GPGGA,213753.00,3731.386090,N,12216.001603,W,7,,0.38,-28.50,M,0.0,M,0.0,0000*7E
$GPRMC,213753.00,A,3731.386090,N,12216.001603,W,058.2,137.8,210520,,,A*4B
$GPGGA,213754.00,3731.374186,N,12215.988073,W,7,,0.38,-28.52,M,0.0,M,0.0,0000*7A
$GPRMC,213754.00,A,3731.374186,N,12215.988073,W,057.8,138.1,210520,,,A*4E
$GPGGA,213755.00,3731.362558,N,12215.975029,W,7,,0.38,-28.43,M,0.0,M,0.0,0000*76
$GPRMC,213755.00,A,3731.362558,N,12215.975029,W,057.4,138.1,210520,,,A*4E
$GPGGA,213756.00,3731.350300,N,12215.961241,W,7,,0.38,-28.55,M,0.0,M,0.0,0000*71
$GPRMC,213756.00,A,3731.350300,N,12215.961241,W,057.6,138.0,210520,,,A*4D
$GPGGA,213757.00,3731.338413,N,12215.947843,W,7,,0.38,-28.55,M,0.0,M,0.0,0000*77
$GPRMC,213757.00,A,3731.338413,N,12215.947843,W,057.8,138.2,210520,,,A*47
$GPGGA,213758.00,3731.326804,N,12215.934775,W,7,,0.38,-28.61,M,0.0,M,0.0,0000*74
$GPRMC,213758.00,A,3731.326804,N,12215.934775,W,057.5,138.2,210520,,,A*4E
$GPGGA,213759.00,3731.315014,N,12215.921396,W,7,,0.38,-28.82,M,0.0,M,0.0,0000*7C
$GPRMC,213759.00,A,3731.315014,N,12215.921396,W,057.1,137.8,210520,,,A*4A
$GPGGA,213800.00,3731.303253,N,12215.908022,W,7,,0.38,-28.81,M,0.0,M,0.0,0000*7D
$GPRMC,213800.00,A,3731.303253,N,12215.908022,W,057.0,137.6,210520,,,A*47
$GPGGA,213801.00,3731.291439,N,12215.894600,W,7,,0.38,-28.90,M,0.0,M,0.0,0000*7E
$GPRMC,213801.00,A,3731.291439,N,12215.894600,W,056.7,137.8,210520,,,A*4C
$GPGGA,213802.00,3731.279865,N,12215.881477,W,7,,0.38,-28.86,M,0.0,M,0.0,0000*7F
$GPRMC,213802.00,A,3731.279865,N,12215.881477,W,056.0,137.8,210520,,,A*4D
$GPGGA,213803.00,3731.268441,N,12215.868535,W,7,,0.38,-28.90,M,0.0,M,0.0,0000*73
$GPRMC,213803.00,A,3731.268441,N,12215.868535,W,055.2,138.2,210520,,,A*42
$GPGGA,213804.00,3731.256730,N,12215.855330,W,7,,0.38,-28.87,M,0.0,M,0.0,0000*77
$GPRMC,213804.00,A,3731.256730,N,12215.855330,W,054.9,138.3,210520,,,A*4B
$GPGGA,213805.00,3731.245312,N,12215.842423,W,7,,0.38,-28.95,M,0.0,M,0.0,0000*70
$GPRMC,213805.00,A,3731.245312,N,12215.842423,W,055.0,138.0,210520,,,A*44
$GPGGA,213806.00,3731.234295,N,12215.830015,W,7,,0.38,-28.93,M,0.0,M,0.0,0000*79
$GPRMC,213806.00,A,3731.234295,N,12215.830015,W,055.3,138.4,210520,,,A*4C
$GPGGA,213807.00,3731.222980,N,12215.817242,W,7,,0.38,-28.87,M,0.0,M,0.0,0000*70
$GPRMC,213807.00,A,3731.222980,N,12215.817242,W,054.8,138.1,210520,,,A*4F
$GPGGA,213808.00,3731.211514,N,12215.804311,W,7,,0.38,-28.88,M,0.0,M,0.0,0000*74
$GPRMC,213808.00,A,3731.211514,N,12215.804311,W,055.0,138.0,210520,,,A*4C
$GPGGA,213809.00,3731.199886,N,12215.791093,W,7,,0.38,-28.79,M,0.0,M,0.0,0000*74
$GPRMC,213809.00,A,3731.199886,N,12215.791093,W,054.8,137.8,210520,,,A*4C
$GPGGA,213810.00,3731.189061,N,12215.778698,W,7,,0.38,-28.77,M,0.0,M,0.0,0000*78
$GPRMC,213810.00,A,3731.189061,N,12215.778698,W,054.3,137.7,210520,,,A*4A
$GPGGA,213811.00,3731.177763,N,12215.765947,W,7,,0.38,-28.80,M,0.0,M,0.0,0000*74
$GPRMC,213811.00,A,3731.177763,N,12215.765947,W,054.0,137.8,210520,,,A*42
$GPGGA,213812.00,3731.166261,N,12215.752874,W,7,,0.38,-28.84,M,0.0,M,0.0,0000*71
$GPRMC,213812.00,A,3731.166261,N,12215.752874,W,054.3,137.8,210520,,,A*40
$GPGGA,213813.00,3731.155095,N,12215.740202,W,7,,0.38,-28.86,M,0.0,M,0.0,0000*73
$GPRMC,213813.00,A,3731.155095,N,12215.740202,W,054.2,137.8,210520,,,A*41
$GPGGA,213814.00,3731.143912,N,12215.727482,W,7,,0.38,-28.98,M,0.0,M,0.0,0000*75
$GPRMC,213814.00,A,3731.143912,N,12215.727482,W,054.4,138.0,210520,,,A*49
$GPGGA,213815.00,3731.132955,N,12215.715002,W,7,,0.38,-29.05,M,0.0,M,0.0,0000*79
$GPRMC,213815.00,A,3731.132955,N,12215.715002,W,054.6,138.0,210520,,,A*42
$GPGGA,213816.00,3731.121664,N,12215.702251,W,7,,0.38,-28.96,M,0.0,M,0.0,0000*7C
$GPRMC,213816.00,A,3731.121664,N,12215.702251,W,054.9,138.1,210520,,,A*42
$GPGGA,213817.00,3731.109994,N,12215.689039,W,7,,0.38,-28.94,M,0.0,M,0.0,0000*7B
$GPRMC,213817.00,A,3731.109994,N,12215.689039,W,055.4,138.4,210520,,,A*4E
$GPGGA,213818.00,3731.098756,N,12215.676452,W,7,,0.38,-28.86,M,0.0,M,0.0,0000*77
$GPRMC,213818.00,A,3731.098756,N,12215.676452,W,055.6,138.3,210520,,,A*44
$GPGGA,213819.00,3731.087181,N,12215.663468,W,7,,0.38,-28.90,M,0.0,M,0.0,0000*7E
$GPRMC,213819.00,A,3731.087181,N,12215.663468,W,056.1,138.1,210520,,,A*4C
$GPGGA,213820.00,3731.075224,N,12215.649931,W,7,,0.38,-28.92,M,0.0,M,0.0,0000*7E
$GPRMC,213820.00,A,3731.075224,N,12215.649931,W,056.4,137.8,210520,,,A*4D
$GPGGA,213821.00,3731.063889,N,12215.637103,W,7,,0.38,-28.84,M,0.0,M,0.0,0000*72
$GPRMC,213821.00,A,3731.063889,N,12215.637103,W,056.2,138.0,210520,,,A*47
$GPGGA,213822.00,3731.052382,N,12215.623981,W,7,,0.38,-28.82,M,0.0,M,0.0,0000*72
$GPRMC,213822.00,A,3731.052382,N,12215.623981,W,056.4,138.1,210520,,,A*46
$GPGGA,213823.00,3731.040687,N,12215.610835,W,7,,0.38,-28.76,M,0.0,M,0.0,0000*75
$GPRMC,213823.00,A,3731.040687,N,12215.610835,W,056.7,138.3,210520,,,A*4B
$GPGGA,213824.00,3731.028964,N,12215.597641,W,7,,0.38,-28.85,M,0.0,M,0.0,0000*73
$GPRMC,213824.00,A,3731.028964,N,12215.597641,W,056.8,138.0,210520,,,A*4D
$GPGGA,213825.00,3731.016820,N,12215.583956,W,7,,0.38,-28.81,M,0.0,M,0.0,0000*76
$GPRMC,213825.00,A,3731.016820,N,12215.583956,W,056.3,138.0,210520,,,A*47
$GPGGA,213826.00,3731.005557,N,12215.571266,W,7,,0.38,-28.84,M,0.0,M,0.0,0000*7A
$GPRMC,213826.00,A,3731.005557,N,12215.571266,W,056.3,138.2,210520,,,A*4C
$GPGGA,213827.00,3730.994026,N,12215.558210,W,7,,0.38,-28.81,M,0.0,M,0.0,0000*77
$GPRMC,213827.00,A,3730.994026,N,12215.558210,W,055.9,138.2,210520,,,A*4D
$GPGGA,213828.00,3730.982031,N,12215.544776,W,7,,0.38,-28.62,M,0.0,M,0.0,0000*7C
$GPRMC,213828.00,A,3730.982031,N,12215.544776,W,055.4,138.0,210520,,,A*44
$GPGGA,213829.00,3730.970674,N,12215.531917,W,7,,0.38,-28.69,M,0.0,M,0.0,0000*77
$GPRMC,213829.00,A,3730.970674,N,12215.531917,W,054.9,137.7,210520,,,A*40
$GPGGA,213830.00,3730.959747,N,12215.519546,W,7,,0.38,-28.61,M,0.0,M,0.0,0000*7F
$GPRMC,213830.00,A,3730.959747,N,12215.519546,W,054.9,137.8,210520,,,A*4F
$GPGGA,213831.00,3730.948426,N,12215.506646,W,7,,0.38,-28.63,M,0.0,M,0.0,0000*75
$GPRMC,213831.00,A,3730.948426,N,12215.506646,W,054.3,137.6,210520,,,A*43
$GPGGA,213832.00,3730.937379,N,12215.494022,W,7,,0.38,-28.65,M,0.0,M,0.0,0000*7B
$GPRMC,213832.00,A,3730.937379,N,12215.494022,W,053.7,137.4,210520,,,A*4A
$GPGGA,213833.00,3730.926052,N,12215.481121,W,7,,0.38,-28.59,M,0.0,M,0.0,0000*79
$GPRMC,213833.00,A,3730.926052,N,12215.481121,W,053.3,137.8,210520,,,A*4F
$GPGGA,213834.00,3730.915516,N,12215.469134,W,7,,0.38,-28.64,M,0.0,M,0.0,0000*77
$GPRMC,213834.00,A,3730.915516,N,12215.469134,W,053.1,138.0,210520,,,A*4A
$GPGGA,213835.00,3730.904416,N,12215.456617,W,7,,0.38,-28.65,M,0.0,M,0.0,0000*7C
$GPRMC,213835.00,A,3730.904416,N,12215.456617,W,053.4,137.9,210520,,,A*43
$GPGGA,213836.00,3730.893118,N,12215.443730,W,7,,0.38,-28.80,M,0.0,M,0.0,0000*70
$GPRMC,213836.00,A,3730.893118,N,12215.443730,W,053.4,138.0,210520,,,A*42
$GPGGA,213837.00,3730.882066,N,12215.431262,W,7,,0.38,-28.74,M,0.0,M,0.0,0000*75
$GPRMC,213837.00,A,3730.882066,N,12215.431262,W,053.6,137.9,210520,,,A*48
$GPGGA,213838.00,3730.871290,N,12215.418985,W,7,,0.38,-28.62,M,0.0,M,0.0,0000*73
$GPRMC,213838.00,A,3730.871290,N,12215.418985,W,053.5,137.7,210520,,,A*44
$GPGGA,213839.00,3730.860244,N,12215.406458,W,7,,0.38,-28.47,M,0.0,M,0.0,0000*7E
$GPRMC,213839.00,A,3730.860244,N,12215.406458,W,053.8,138.0,210520,,,A*4B
$GPGGA,213840.00,3730.849120,N,12215.393990,W,7,,0.38,-28.59,M,0.0,M,0.0,0000*77
$GPRMC,213840.00,A,3730.849120,N,12215.393990,W,054.0,138.4,210520,,,A*46
$GPGGA,213841.00,3730.837762,N,12215.381359,W,7,,0.38,-28.58,M,0.0,M,0.0,0000*72
$GPRMC,213841.00,A,3730.837762,N,12215.381359,W,054.3,138.3,210520,,,A*46
$GPGGA,213842.00,3730.826602,N,12215.368921,W,7,,0.39,-28.60,M,0.0,M,0.0,0000*7E
$GPRMC,213842.00,A,3730.826602,N,12215.368921,W,053.8,138.2,210520,,,A*4D
$GPGGA,213843.00,3730.815442,N,12215.356550,W,7,,0.38,-28.54,M,0.0,M,0.0,0000*78
$GPRMC,213843.00,A,3730.815442,N,12215.356550,W,053.5,138.4,210520,,,A*46
$GPGGA,213844.00,3730.804035,N,12215.343787,W,7,,0.38,-28.64,M,0.0,M,0.0,0000*74
$GPRMC,213844.00,A,3730.804035,N,12215.343787,W,053.6,138.4,210520,,,A*4A
$GPGGA,213845.00,3730.792756,N,12215.331133,W,7,,0.38,-28.72,M,0.0,M,0.0,0000*7C
$GPRMC,213845.00,A,3730.792756,N,12215.331133,W,053.9,138.2,210520,,,A*4C
$GPGGA,213846.00,3730.782058,N,12215.319031,W,7,,0.38,-28.67,M,0.0,M,0.0,0000*7A
$GPRMC,213846.00,A,3730.782058,N,12215.319031,W,053.4,138.0,210520,,,A*41
$GPGGA,213847.00,3730.771186,N,12215.306587,W,7,,0.38,-28.79,M,0.0,M,0.0,0000*7C
$GPRMC,213847.00,A,3730.771186,N,12215.306587,W,053.0,137.9,210520,,,A*4A
$GPGGA,213848.00,3730.760151,N,12215.294048,W,7,,0.38,-28.88,M,0.0,M,0.0,0000*7B
$GPRMC,213848.00,A,3730.760151,N,12215.294048,W,053.1,137.8,210520,,,A*43
$GPGGA,213849.00,3730.748889,N,12215.281262,W,7,,0.38,-28.82,M,0.0,M,0.0,0000*78
$GPRMC,213849.00,A,3730.748889,N,12215.281262,W,053.0,137.9,210520,,,A*4A
$GPGGA,213850.00,3730.738305,N,12215.269256,W,7,,0.38,-28.71,M,0.0,M,0.0,0000*75
$GPRMC,213850.00,A,3730.738305,N,12215.269256,W,053.2,137.8,210520,,,A*48
$GPGGA,213851.00,3730.727325,N,12215.256781,W,7,,0.38,-28.73,M,0.0,M,0.0,0000*79
$GPRMC,213851.00,A,3730.727325,N,12215.256781,W,053.6,137.9,210520,,,A*43
$GPGGA,213852.00,3730.715799,N,12215.243678,W,7,,0.38,-28.73,M,0.0,M,0.0,0000*7B
$GPRMC,213852.00,A,3730.715799,N,12215.243678,W,054.0,137.9,210520,,,A*40
$GPGGA,213853.00,3730.704477,N,12215.230982,W,7,,0.38,-28.63,M,0.0,M,0.0,0000*76
$GPRMC,213853.00,A,3730.704477,N,12215.230982,W,054.8,138.2,210520,,,A*40
$GPGGA,213854.00,3730.693065,N,12215.218172,W,7,,0.38,-28.59,M,0.0,M,0.0,0000*7D
$GPRMC,213854.00,A,3730.693065,N,12215.218172,W,055.4,138.3,210520,,,A*4E
$GPGGA,213855.00,3730.681744,N,12215.205523,W,7,,0.38,-28.57,M,0.0,M,0.0,0000*79
$GPRMC,213855.00,A,3730.681744,N,12215.205523,W,056.0,138.4,210520,,,A*44
$GPGGA,213856.00,3730.670032,N,12215.192504,W,7,,0.38,-28.57,M,0.0,M,0.0,0000*7A
$GPRMC,213856.00,A,3730.670032,N,12215.192504,W,056.7,138.3,210520,,,A*47
$GPGGA,213857.00,3730.657893,N,12215.178818,W,7,,0.38,-28.59,M,0.0,M,0.0,0000*77
$GPRMC,213857.00,A,3730.657893,N,12215.178818,W,057.2,137.6,210520,,,A*4A
$GPGGA,213858.00,3730.646350,N,12215.165725,W,7,,0.38,-28.57,M,0.0,M,0.0,0000*7F
$GPRMC,213858.00,A,3730.646350,N,12215.165725,W,057.7,137.8,210520,,,A*47
$GPGGA,213859.00,3730.634403,N,12215.152166,W,7,,0.38,-28.51,M,0.0,M,0.0,0000*79
$GPRMC,213859.00,A,3730.634403,N,12215.152166,W,058.3,137.8,210520,,,A*4C
$GPGGA,213900.00,3730.622026,N,12215.138077,W,7,,0.38,-28.56,M,0.0,M,0.0,0000*7A
$GPRMC,213900.00,A,3730.622026,N,12215.138077,W,058.4,137.8,210520,,,A*4F
$GPGGA,213901.00,3730.610008,N,12215.124488,W,7,,0.38,-28.48,M,0.0,M,0.0,0000*70
$GPRMC,213901.00,A,3730.610008,N,12215.124488,W,058.0,138.0,210520,,,A*49
$GPGGA,213902.00,3730.598355,N,12215.111281,W,7,,0.38,-28.44,M,0.0,M,0.0,0000*7E
$GPRMC,213902.00,A,3730.598355,N,12215.111281,W,057.9,138.1,210520,,,A*4C
$GPGGA,213903.00,3730.586380,N,12215.097691,W,7,,0.38,-28.45,M,0.0,M,0.0,0000*73
$GPRMC,213903.00,A,3730.586380,N,12215.097691,W,058.3,137.9,210520,,,A*42
$GPGGA,213904.00,3730.574361,N,12215.084000,W,7,,0.38,-28.39,M,0.0,M,0.0,0000*71
$GPRMC,213904.00,A,3730.574361,N,12215.084000,W,058.4,137.6,210520,,,A*43
$GPGGA,213905.00,3730.561809,N,12215.069815,W,7,,0.38,-28.50,M,0.0,M,0.0,0000*71
$GPRMC,213905.00,A,3730.561809,N,12215.069815,W,058.2,138.2,210520,,,A*41
$GPGGA,213906.00,3730.550277,N,12215.056675,W,7,,0.38,-28.41,M,0.0,M,0.0,0000*77
$GPRMC,213906.00,A,3730.550277,N,12215.056675,W,058.0,137.8,210520,,,A*40
$GPGGA,213907.00,3730.538410,N,12215.043098,W,7,,0.38,-28.50,M,0.0,M,0.0,0000*7E
$GPRMC,213907.00,A,3730.538410,N,12215.043098,W,058.0,137.7,210520,,,A*46
$GPGGA,213908.00,3730.525905,N,12215.028938,W,7,,0.38,-28.57,M,0.0,M,0.0,0000*7D
$GPRMC,213908.00,A,3730.525905,N,12215.028938,W,058.3,138.3,210520,,,A*4A
$GPGGA,213909.00,3730.513983,N,12215.015366,W,7,,0.38,-28.56,M,0.0,M,0.0,0000*79
$GPRMC,213909.00,A,3730.513983,N,12215.015366,W,058.0,137.7,210520,,,A*47
$GPGGA,213910.00,3730.502487,N,12215.002315,W,7,,0.38,-28.56,M,0.0,M,0.0,0000*7A
$GPRMC,213910.00,A,3730.502487,N,12215.002315,W,057.4,137.7,210520,,,A*4F
$GPGGA,213911.00,3730.490836,N,12214.989110,W,7,,0.38,-28.49,M,0.0,M,0.0,0000*75
$GPRMC,213911.00,A,3730.490836,N,12214.989110,W,056.2,138.3,210520,,,A*42
$GPGGA,213912.00,3730.479238,N,12214.976114,W,7,,0.38,-28.50,M,0.0,M,0.0,0000*79
$GPRMC,213912.00,A,3730.479238,N,12214.976114,W,054.9,138.5,210520,,,A*49
$GPGGA,213913.00,3730.467586,N,12214.963118,W,7,,0.38,-28.51,M,0.0,M,0.0,0000*7C
$GPRMC,213913.00,A,3730.467586,N,12214.963118,W,054.0,138.5,210520,,,A*44
$GPGGA,213914.00,3730.456858,N,12214.951099,W,7,,0.38,-28.52,M,0.0,M,0.0,0000*7D
$GPRMC,213914.00,A,3730.456858,N,12214.951099,W,053.5,138.2,210520,,,A*43
$GPGGA,213915.00,3730.445668,N,12214.938505,W,7,,0.38,-28.44,M,0.0,M,0.0,0000*7B
$GPRMC,213915.00,A,3730.445668,N,12214.938505,W,053.8,138.1,210520,,,A*4C
$GPGGA,213916.00,3730.434123,N,12214.925486,W,7,,0.38,-28.44,M,0.0,M,0.0,0000*70
$GPRMC,213916.00,A,3730.434123,N,12214.925486,W,054.4,137.6,210520,,,A*44
$GPGGA,213917.00,3730.422754,N,12214.912699,W,7,,0.38,-28.35,M,0.0,M,0.0,0000*7E
$GPRMC,213917.00,A,3730.422754,N,12214.912699,W,055.2,138.1,210520,,,A*43
$GPGGA,213918.00,3730.411402,N,12214.900045,W,7,,0.38,-28.28,M,0.0,M,0.0,0000*79
$GPRMC,213918.00,A,3730.411402,N,12214.900045,W,056.1,138.1,210520,,,A*48
$GPGGA,213919.00,3730.399725,N,12214.887026,W,7,,0.38,-28.25,M,0.0,M,0.0,0000*7F
$GPRMC,213919.00,A,3730.399725,N,12214.887026,W,056.6,138.2,210520,,,A*47
$GPGGA,213920.00,3730.387960,N,12214.873819,W,7,,0.38,-28.22,M,0.0,M,0.0,0000*7D
$GPRMC,213920.00,A,3730.387960,N,12214.873819,W,057.3,138.3,210520,,,A*47
$GPGGA,213921.00,3730.375647,N,12214.860020,W,7,,0.38,-28.22,M,0.0,M,0.0,0000*7B
$GPRMC,213921.00,A,3730.375647,N,12214.860020,W,057.8,138.3,210520,,,A*4A
$GPGGA,213922.00,3730.363978,N,12214.846784,W,7,,0.38,-28.26,M,0.0,M,0.0,0000*75
$GPRMC,213922.00,A,3730.363978,N,12214.846784,W,058.3,137.9,210520,,,A*41
$GPGGA,213923.00,3730.351864,N,12214.833110,W,7,,0.38,-28.25,M,0.0,M,0.0,0000*73
$GPRMC,213923.00,A,3730.351864,N,12214.833110,W,058.7,138.3,210520,,,A*45
$GPGGA,213924.00,3730.339354,N,12214.819039,W,7,,0.38,-28.23,M,0.0,M,0.0,0000*76
$GPRMC,213924.00,A,3730.339354,N,12214.819039,W,058.7,138.2,210520,,,A*47
$GPGGA,213925.00,3730.327041,N,12214.805318,W,7,,0.38,-28.17,M,0.0,M,0.0,0000*75
$GPRMC,213925.00,A,3730.327041,N,12214.805318,W,058.6,138.4,210520,,,A*44
$GPGGA,213926.00,3730.315263,N,12214.792166,W,7,,0.38,-28.20,M,0.0,M,0.0,0000*7B
$GPRMC,213926.00,A,3730.315263,N,12214.792166,W,058.7,138.5,210520,,,A*4E
$GPGGA,213927.00,3730.303143,N,12214.778539,W,7,,0.38,-28.23,M,0.0,M,0.0,0000*75
$GPRMC,213927.00,A,3730.303143,N,12214.778539,W,058.7,138.1,210520,,,A*47
$GPGGA,213928.00,3730.290946,N,12214.764662,W,7,,0.38,-28.15,M,0.0,M,0.0,0000*79
$GPRMC,213928.00,A,3730.290946,N,12214.764662,W,058.9,137.8,210520,,,A*46
$GPGGA,213929.00,3730.278466,N,12214.750345,W,7,,0.38,-28.19,M,0.0,M,0.0,0000*7A
$GPRMC,213929.00,A,3730.278466,N,12214.750345,W,059.3,137.6,210520,,,A*4C
$GPGGA,213930.00,3730.266639,N,12214.736815,W,7,,0.38,-28.14,M,0.0,M,0.0,0000*76
$GPRMC,213930.00,A,3730.266639,N,12214.736815,W,059.7,137.6,210520,,,A*49
$GPGGA,213931.00,3730.254411,N,12214.722710,W,7,,0.38,-28.09,M,0.0,M,0.0,0000*7D
$GPRMC,213931.00,A,3730.254411,N,12214.722710,W,060.1,137.5,210520,,,A*41
$GPGGA,213932.00,3730.241607,N,12214.707865,W,7,,0.38,-28.13,M,0.0,M,0.0,0000*7E
$GPRMC,213932.00,A,3730.241607,N,12214.707865,W,060.5,137.4,210520,,,A*4C
$GPGGA,213933.00,3730.229182,N,12214.693645,W,7,,0.38,-28.10,M,0.0,M,0.0,0000*78
$GPRMC,213933.00,A,3730.229182,N,12214.693645,W,060.6,137.6,210520,,,A*48
$GPGGA,213934.00,3730.217133,N,12214.679948,W,7,,0.38,-27.99,M,0.0,M,0.0,0000*70
$GPRMC,213934.00,A,3730.217133,N,12214.679948,W,060.3,137.9,210520,,,A*44
$GPGGA,213935.00,3730.204666,N,12214.665739,W,7,,0.38,-27.95,M,0.0,M,0.0,0000*7D
$GPRMC,213935.00,A,3730.204666,N,12214.665739,W,060.0,138.1,210520,,,A*41
$GPGGA,213936.00,3730.192365,N,12214.651711,W,7,,0.38,-28.03,M,0.0,M,0.0,0000*79
$GPRMC,213936.00,A,3730.192365,N,12214.651711,W,060.0,137.8,210520,,,A*43
$GPGGA,213937.00,3730.179657,N,12214.637156,W,7,,0.38,-28.10,M,0.0,M,0.0,0000*7E
$GPRMC,213937.00,A,3730.179657,N,12214.637156,W,060.4,137.7,210520,,,A*4D
$GPGGA,213938.00,3730.167460,N,12214.623253,W,7,,0.38,-28.06,M,0.0,M,0.0,0000*7C
$GPRMC,213938.00,A,3730.167460,N,12214.623253,W,060.9,137.7,210520,,,A*45
$GPGGA,213939.00,3730.154914,N,12214.609009,W,7,,0.38,-28.03,M,0.0,M,0.0,0000*73
$GPRMC,213939.00,A,3730.154914,N,12214.609009,W,061.1,137.8,210520,,,A*49
$GPGGA,213940.00,3730.141899,N,12214.594285,W,7,,0.38,-28.03,M,0.0,M,0.0,0000*7C
$GPRMC,213940.00,A,3730.141899,N,12214.594285,W,061.3,138.1,210520,,,A*42
$GPGGA,213941.00,3730.129311,N,12214.580036,W,7,,0.38,-27.92,M,0.0,M,0.0,0000*70
$GPRMC,213941.00,A,3730.129311,N,12214.580036,W,061.1,138.1,210520,,,A*4B
$GPGGA,213942.00,3730.117108,N,12214.566086,W,7,,0.38,-27.95,M,0.0,M,0.0,0000*70
$GPRMC,213942.00,A,3730.117108,N,12214.566086,W,061.0,137.9,210520,,,A*4A
$GPGGA,213943.00,3730.104568,N,12214.551854,W,7,,0.38,-28.03,M,0.0,M,0.0,0000*72
$GPRMC,213943.00,A,3730.104568,N,12214.551854,W,060.9,138.1,210520,,,A*47
$GPGGA,213944.00,3730.091967,N,12214.537598,W,7,,0.38,-27.95,M,0.0,M,0.0,0000*76
$GPRMC,213944.00,A,3730.091967,N,12214.537598,W,061.2,137.8,210520,,,A*4F
$GPGGA,213945.00,3730.078827,N,12214.522760,W,7,,0.38,-27.91,M,0.0,M,0.0,0000*70
$GPRMC,213945.00,A,3730.078827,N,12214.522760,W,061.1,137.7,210520,,,A*41
$GPGGA,213946.00,3730.066768,N,12214.509079,W,7,,0.38,-27.95,M,0.0,M,0.0,0000*7A
$GPRMC,213946.00,A,3730.066768,N,12214.509079,W,060.3,137.9,210520,,,A*42
$GPGGA,213947.00,3730.054402,N,12214.495057,W,7,,0.38,-27.92,M,0.0,M,0.0,0000*7A
$GPRMC,213947.00,A,3730.054402,N,12214.495057,W,059.8,138.0,210520,,,A*42
$GPGGA,213948.00,3730.041592,N,12214.480609,W,7,,0.38,-27.97,M,0.0,M,0.0,0000*75
$GPRMC,213948.00,A,3730.041592,N,12214.480609,W,059.6,138.1,210520,,,A*47
$GPGGA,213949.00,3730.029207,N,12214.466695,W,7,,0.38,-27.96,M,0.0,M,0.0,0000*7D
$GPRMC,213949.00,A,3730.029207,N,12214.466695,W,059.7,137.8,210520,,,A*49
$GPGGA,213950.00,3730.017454,N,12214.453207,W,7,,0.38,-28.10,M,0.0,M,0.0,0000*70
$GPRMC,213950.00,A,3730.017454,N,12214.453207,W,059.2,137.4,210520,,,A*4C
$GPGGA,213951.00,3730.005381,N,12214.439384,W,7,,0.38,-28.26,M,0.0,M,0.0,0000*7E
$GPRMC,213951.00,A,3730.005381,N,12214.439384,W,058.7,137.7,210520,,,A*40
$GPGGA,213952.00,3729.993334,N,12214.425547,W,7,,0.38,-28.22,M,0.0,M,0.0,0000*7D
$GPRMC,213952.00,A,3729.993334,N,12214.425547,W,058.3,137.9,210520,,,A*4D
$GPGGA,213953.00,3729.980877,N,12214.411357,W,7,,0.38,-28.27,M,0.0,M,0.0,0000*77
$GPRMC,213953.00,A,3729.980877,N,12214.411357,W,058.7,137.9,210520,,,A*46
$GPGGA,213954.00,3729.969262,N,12214.398055,W,7,,0.38,-28.23,M,0.0,M,0.0,0000*7A
$GPRMC,213954.00,A,3729.969262,N,12214.398055,W,058.4,137.5,210520,,,A*40
$GPGGA,213955.00,3729.957298,N,12214.384255,W,7,,0.38,-28.09,M,0.0,M,0.0,0000*74
$GPRMC,213955.00,A,3729.957298,N,12214.384255,W,057.8,137.2,210520,,,A*42
$GPGGA,213956.00,3729.945388,N,12214.370060,W,7,,0.38,-28.02,M,0.0,M,0.0,0000*70
$GPRMC,213956.00,A,3729.945388,N,12214.370060,W,057.1,136.2,210520,,,A*45
$GPGGA,213957.00,3729.934209,N,12214.356086,W,7,,0.38,-27.89,M,0.0,M,0.0,0000*7F
$GPRMC,213957.00,A,3729.934209,N,12214.356086,W,056.8,134.5,210520,,,A*4B
$GPGGA,213958.00,3729.923326,N,12214.341817,W,7,,0.38,-27.74,M,0.0,M,0.0,0000*7E
$GPRMC,213958.00,A,3729.923326,N,12214.341817,W,056.6,132.7,210520,,,A*42
$GPGGA,213959.00,3729.913108,N,12214.327669,W,7,,0.38,-27.68,M,0.0,M,0.0,0000*78
$GPRMC,213959.00,A,3729.913108,N,12214.327669,W,056.0,131.9,210520,,,A*42
$GPGGA,214000.00,3729.902949,N,12214.313137,W,7,,0.38,-27.69,M,0.0,M,0.0,0000*7D
$GPRMC,214000.00,A,3729.902949,N,12214.313137,W,055.4,131.3,210520,,,A*4B
$GPGGA,214001.00,3729.892701,N,12214.298023,W,7,,0.38,-27.59,M,0.0,M,0.0,0000*73
$GPRMC,214001.00,A,3729.892701,N,12214.298023,W,055.0,129.9,210520,,,A*41
$GPGGA,214002.00,3729.883420,N,12214.283516,W,7,,0.38,-27.57,M,0.0,M,0.0,0000*77
$GPRMC,214002.00,A,3729.883420,N,12214.283516,W,054.3,128.4,210520,,,A*45
$GPGGA,214003.00,3729.874402,N,12214.268539,W,7,,0.38,-27.64,M,0.0,M,0.0,0000*76
$GPRMC,214003.00,A,3729.874402,N,12214.268539,W,053.8,126.4,210520,,,A*46
$GPGGA,214004.00,3729.865540,N,12214.252838,W,7,,0.38,-27.41,M,0.0,M,0.0,0000*74
$GPRMC,214004.00,A,3729.865540,N,12214.252838,W,053.3,124.8,210520,,,A*46
$GPGGA,214005.00,3729.857554,N,12214.237760,W,7,,0.38,-27.49,M,0.0,M,0.0,0000*78
$GPRMC,214005.00,A,3729.857554,N,12214.237760,W,053.3,123.1,210520,,,A*4C
$GPGGA,214006.00,3729.849759,N,12214.221895,W,7,,0.38,-27.48,M,0.0,M,0.0,0000*78
$GPRMC,214006.00,A,3729.849759,N,12214.221895,W,053.7,121.0,210520,,,A*4A
$GPGGA,214007.00,3729.842380,N,12214.205690,W,7,,0.38,-27.57,M,0.0,M,0.0,0000*71
$GPRMC,214007.00,A,3729.842380,N,12214.205690,W,053.5,119.3,210520,,,A*47
$GPGGA,214008.00,3729.835455,N,12214.189274,W,7,,0.38,-27.62,M,0.0,M,0.0,0000*7E
$GPRMC,214008.00,A,3729.835455,N,12214.189274,W,053.2,117.3,210520,,,A*47
$GPGGA,214009.00,3729.828705,N,12214.172059,W,7,,0.38,-27.65,M,0.0,M,0.0,0000*7B
$GPRMC,214009.00,A,3729.828705,N,12214.172059,W,052.6,115.7,210520,,,A*46
$GPGGA,214010.00,3729.822718,N,12214.156159,W,7,,0.38,-27.68,M,0.0,M,0.0,0000*7F
$GPRMC,214010.00,A,3729.822718,N,12214.156159,W,052.0,115.1,210520,,,A*4F
$GPGGA,214011.00,3729.816838,N,12214.139755,W,7,,0.38,-27.72,M,0.0,M,0.0,0000*7C
$GPRMC,214011.00,A,3729.816838,N,12214.139755,W,051.4,113.9,210520,,,A*4E
$GPGGA,214012.00,3729.811000,N,12214.122758,W,7,,0.38,-27.71,M,0.0,M,0.0,0000*7F
$GPRMC,214012.00,A,3729.811000,N,12214.122758,W,050.7,113.2,210520,,,A*47
$GPGGA,214013.00,3729.805689,N,12214.106605,W,7,,0.38,-27.69,M,0.0,M,0.0,0000*7A
$GPRMC,214013.00,A,3729.805689,N,12214.106605,W,050.0,112.1,210520,,,A*4E
$GPGGA,214014.00,3729.800829,N,12214.090981,W,7,,0.38,-27.76,M,0.0,M,0.0,0000*7F
$GPRMC,214014.00,A,3729.800829,N,12214.090981,W,049.5,110.9,210520,,,A*42
$GPGGA,214015.00,3729.796059,N,12214.074751,W,7,,0.38,-27.75,M,0.0,M,0.0,0000*7B
$GPRMC,214015.00,A,3729.796059,N,12214.074751,W,049.1,109.9,210520,,,A*49
$GPGGA,214016.00,3729.791385,N,12214.058521,W,7,,0.38,-27.83,M,0.0,M,0.0,0000*7F
$GPRMC,214016.00,A,3729.791385,N,12214.058521,W,049.8,109.8,210520,,,A*4C
$GPGGA,214017.00,3729.786586,N,12214.041637,W,7,,0.38,-28.01,M,0.0,M,0.0,0000*74
$GPRMC,214017.00,A,3729.786586,N,12214.041637,W,050.1,109.9,210520,,,A*42
$GPGGA,214018.00,3729.782074,N,12214.025653,W,7,,0.38,-28.09,M,0.0,M,0.0,0000*7F
$GPRMC,214018.00,A,3729.782074,N,12214.025653,W,050.5,109.8,210520,,,A*44
$GPGGA,214019.00,3729.777411,N,12214.008871,W,7,,0.38,-28.28,M,0.0,M,0.0,0000*71
$GPRMC,214019.00,A,3729.777411,N,12214.008871,W,050.8,109.4,210520,,,A*48
$GPGGA,214020.00,3729.772618,N,12213.991502,W,7,,0.38,-28.34,M,0.0,M,0.0,0000*7F
$GPRMC,214020.00,A,3729.772618,N,12213.991502,W,051.3,108.5,210520,,,A*41
$GPGGA,214021.00,3729.767901,N,12213.974791,W,7,,0.39,-28.55,M,0.0,M,0.0,0000*78
$GPRMC,214021.00,A,3729.767901,N,12213.974791,W,050.9,109.7,210520,,,A*48
$GPGGA,214022.00,3729.763161,N,12213.958261,W,7,,0.38,-28.32,M,0.0,M,0.0,0000*75
$GPRMC,214022.00,A,3729.763161,N,12213.958261,W,051.1,109.7,210520,,,A*4C
$GPGGA,214023.00,3729.758343,N,12213.941557,W,7,,0.38,-28.35,M,0.0,M,0.0,0000*73
$GPRMC,214023.00,A,3729.758343,N,12213.941557,W,051.1,109.9,210520,,,A*43
$GPGGA,214024.00,3729.753519,N,12213.924878,W,7,,0.38,-28.22,M,0.0,M,0.0,0000*73
$GPRMC,214024.00,A,3729.753519,N,12213.924878,W,051.2,109.7,210520,,,A*48
$GPGGA,214025.00,3729.748684,N,12213.907904,W,7,,0.38,-28.22,M,0.0,M,0.0,0000*74
$GPRMC,214025.00,A,3729.748684,N,12213.907904,W,051.5,109.7,210520,,,A*48
$GPGGA,214026.00,3729.743836,N,12213.890912,W,7,,0.38,-28.20,M,0.0,M,0.0,0000*71
$GPRMC,214026.00,A,3729.743836,N,12213.890912,W,052.0,109.6,210520,,,A*48
$GPGGA,214027.00,3729.738952,N,12213.873764,W,7,,0.38,-28.23,M,0.0,M,0.0,0000*7E
$GPRMC,214027.00,A,3729.738952,N,12213.873764,W,052.7,110.0,210520,,,A*4D
$GPGGA,214028.00,3729.733821,N,12213.855877,W,7,,0.38,-28.19,M,0.0,M,0.0,0000*7F
$GPRMC,214028.00,A,3729.733821,N,12213.855877,W,053.1,109.8,210520,,,A*42
$GPGGA,214029.00,3729.728781,N,12213.838178,W,7,,0.38,-28.16,M,0.0,M,0.0,0000*73
$GPRMC,214029.00,A,3729.728781,N,12213.838178,W,053.7,110.1,210520,,,A*46
$GPGGA,214030.00,3729.723922,N,12213.821198,W,7,,0.38,-28.11,M,0.0,M,0.0,0000*76
$GPRMC,214030.00,A,3729.723922,N,12213.821198,W,053.6,110.1,210520,,,A*45
$GPGGA,214031.00,3729.718846,N,12213.803629,W,7,,0.38,-28.08,M,0.0,M,0.0,0000*79
$GPRMC,214031.00,A,3729.718846,N,12213.803629,W,053.9,110.3,210520,,,A*4F
$GPGGA,214032.00,3729.713565,N,12213.785719,W,7,,0.38,-28.05,M,0.0,M,0.0,0000*73
$GPRMC,214032.00,A,3729.713565,N,12213.785719,W,054.5,110.4,210520,,,A*44
$GPGGA,214033.00,3729.708190,N,12213.767173,W,7,,0.38,-28.07,M,0.0,M,0.0,0000*72
$GPRMC,214033.00,A,3729.708190,N,12213.767173,W,055.3,110.2,210520,,,A*46
$GPGGA,214034.00,3729.703126,N,12213.749576,W,7,,0.38,-28.14,M,0.0,M,0.0,0000*7C
$GPRMC,214034.00,A,3729.703126,N,12213.749576,W,055.8,109.8,210520,,,A*43
$GPGGA,214035.00,3729.697917,N,12213.731246,W,7,,0.38,-28.14,M,0.0,M,0.0,0000*70
$GPRMC,214035.00,A,3729.697917,N,12213.731246,W,055.9,109.8,210520,,,A*4E
$GPGGA,214036.00,3729.692548,N,12213.712255,W,7,,0.38,-27.98,M,0.0,M,0.0,0000*78
$GPRMC,214036.00,A,3729.692548,N,12213.712255,W,055.5,109.7,210520,,,A*4E
$GPGGA,214037.00,3729.687453,N,12213.694129,W,7,,0.38,-27.65,M,0.0,M,0.0,0000*73
$GPRMC,214037.00,A,3729.687453,N,12213.694129,W,055.0,109.7,210520,,,A*42
$GPGGA,214038.00,3729.682612,N,12213.676760,W,7,,0.38,-27.26,M,0.0,M,0.0,0000*7E
$GPRMC,214038.00,A,3729.682612,N,12213.676760,W,054.4,109.5,210520,,,A*4F
$GPGGA,214039.00,3729.677518,N,12213.658771,W,7,,0.38,-26.85,M,0.0,M,0.0,0000*78
$GPRMC,214039.00,A,3729.677518,N,12213.658771,W,054.0,109.3,210520,,,A*43
$GPGGA,214040.00,3729.672417,N,12213.641042,W,7,,0.38,-26.60,M,0.0,M,0.0,0000*79
$GPRMC,214040.00,A,3729.672417,N,12213.641042,W,054.4,110.0,210520,,,A*46
$GPGGA,214041.00,3729.666951,N,12213.622742,W,7,,0.38,-26.48,M,0.0,M,0.0,0000*7A
$GPRMC,214041.00,A,3729.666951,N,12213.622742,W,054.5,110.9,210520,,,A*47
$GPGGA,214042.00,3729.661659,N,12213.605461,W,7,,0.38,-26.54,M,0.0,M,0.0,0000*73
$GPRMC,214042.00,A,3729.661659,N,12213.605461,W,054.3,111.3,210520,,,A*4E
$GPGGA,214043.00,3729.656157,N,12213.587726,W,7,,0.38,-26.53,M,0.0,M,0.0,0000*71
$GPRMC,214043.00,A,3729.656157,N,12213.587726,W,054.9,111.4,210520,,,A*46
$GPGGA,214044.00,3729.650302,N,12213.569365,W,7,,0.38,-26.54,M,0.0,M,0.0,0000*76
$GPRMC,214044.00,A,3729.650302,N,12213.569365,W,055.3,112.4,210520,,,A*4E
$GPGGA,214045.00,3729.644397,N,12213.551492,W,7,,0.38,-26.46,M,0.0,M,0.0,0000*79
$GPRMC,214045.00,A,3729.644397,N,12213.551492,W,055.6,113.1,210520,,,A*43
$GPGGA,214046.00,3729.638385,N,12213.534104,W,7,,0.38,-26.52,M,0.0,M,0.0,0000*7E
$GPRMC,214046.00,A,3729.638385,N,12213.534104,W,055.6,113.6,210520,,,A*46
$GPGGA,214047.00,3729.632158,N,12213.516481,W,7,,0.38,-26.84,M,0.0,M,0.0,0000*74
$GPRMC,214047.00,A,3729.632158,N,12213.516481,W,055.5,114.2,210520,,,A*47
$GPGGA,214048.00,3729.625708,N,12213.498926,W,7,,0.38,-27.09,M,0.0,M,0.0,0000*7D
$GPRMC,214048.00,A,3729.625708,N,12213.498926,W,055.6,114.8,210520,,,A*43
$GPGGA,214049.00,3729.619047,N,12213.481262,W,7,,0.38,-27.40,M,0.0,M,0.0,0000*71
$GPRMC,214049.00,A,3729.619047,N,12213.481262,W,055.5,115.5,210520,,,A*4D
$GPGGA,214050.00,3729.612358,N,12213.463796,W,7,,0.38,-27.71,M,0.0,M,0.0,0000*7F
$GPRMC,214050.00,A,3729.612358,N,12213.463796,W,055.7,115.7,210520,,,A*41
$GPGGA,214051.00,3729.605614,N,12213.446401,W,7,,0.38,-27.83,M,0.0,M,0.0,0000*72
$GPRMC,214051.00,A,3729.605614,N,12213.446401,W,055.5,116.2,210520,,,A*45
$GPGGA,214052.00,3729.598515,N,12213.428575,W,7,,0.38,-27.87,M,0.0,M,0.0,0000*7A
$GPRMC,214052.00,A,3729.598515,N,12213.428575,W,055.4,117.0,210520,,,A*4B
$GPGGA,214053.00,3729.591304,N,12213.411206,W,7,,0.38,-27.84,M,0.0,M,0.0,0000*7E
$GPRMC,214053.00,A,3729.591304,N,12213.411206,W,055.7,117.9,210520,,,A*46
$GPGGA,214054.00,3729.584247,N,12213.394556,W,7,,0.38,-27.90,M,0.0,M,0.0,0000*76
$GPRMC,214054.00,A,3729.584247,N,12213.394556,W,056.2,118.5,210520,,,A*4E
$GPGGA,214055.00,3729.576706,N,12213.377317,W,7,,0.38,-27.89,M,0.0,M,0.0,0000*7C
$GPRMC,214055.00,A,3729.576706,N,12213.377317,W,056.6,119.0,210520,,,A*4C
$GPGGA,214056.00,3729.568912,N,12213.359816,W,7,,0.38,-27.78,M,0.0,M,0.0,0000*73
$GPRMC,214056.00,A,3729.568912,N,12213.359816,W,057.3,119.3,210520,,,A*4A
$GPGGA,214057.00,3729.560854,N,12213.341738,W,7,,0.38,-27.59,M,0.0,M,0.0,0000*70
$GPRMC,214057.00,A,3729.560854,N,12213.341738,W,057.8,119.3,210520,,,A*41
$GPGGA,214058.00,3729.553233,N,12213.324644,W,7,,0.38,-27.77,M,0.0,M,0.0,0000*71
$GPRMC,214058.00,A,3729.553233,N,12213.324644,W,058.3,118.9,210520,,,A*43
$GPGGA,214059.00,3729.545188,N,12213.306662,W,7,,0.38,-27.82,M,0.0,M,0.0,0000*7A
$GPRMC,214059.00,A,3729.545188,N,12213.306662,W,058.7,119.5,210520,,,A*4B
$GPGGA,214100.00,3729.536973,N,12213.288403,W,7,,0.38,-27.81,M,0.0,M,0.0,0000*7E
$GPRMC,214100.00,A,3729.536973,N,12213.288403,W,058.3,119.4,210520,,,A*49
$GPGGA,214101.00,3729.529119,N,12213.270728,W,7,,0.38,-27.84,M,0.0,M,0.0,0000*7D
$GPRMC,214101.00,A,3729.529119,N,12213.270728,W,058.1,119.0,210520,,,A*49
$GPGGA,214102.00,3729.521649,N,12213.253568,W,7,,0.38,-28.02,M,0.0,M,0.0,0000*72
$GPRMC,214102.00,A,3729.521649,N,12213.253568,W,058.0,118.1,210520,,,A*46
$GPGGA,214103.00,3729.513934,N,12213.235837,W,7,,0.39,-28.09,M,0.0,M,0.0,0000*7A
$GPRMC,214103.00,A,3729.513934,N,12213.235837,W,057.2,118.6,210520,,,A*4E
$GPGGA,214104.00,3729.506205,N,12213.218383,W,7,,0.38,-27.99,M,0.0,M,0.0,0000*7C
$GPRMC,214104.00,A,3729.506205,N,12213.218383,W,056.8,119.1,210520,,,A*42
$GPGGA,214105.00,3729.498346,N,12213.200677,W,7,,0.38,-28.01,M,0.0,M,0.0,0000*74
$GPRMC,214105.00,A,3729.498346,N,12213.200677,W,056.0,119.4,210520,,,A*49
$GPGGA,214106.00,3729.490995,N,12213.184087,W,7,,0.38,-27.96,M,0.0,M,0.0,0000*7C
$GPRMC,214106.00,A,3729.490995,N,12213.184087,W,055.5,119.1,210520,,,A*43
$GPGGA,214107.00,3729.483561,N,12213.167311,W,7,,0.38,-28.00,M,0.0,M,0.0,0000*79
$GPRMC,214107.00,A,3729.483561,N,12213.167311,W,055.0,119.2,210520,,,A*40
$GPGGA,214108.00,3729.475905,N,12213.150086,W,7,,0.38,-27.99,M,0.0,M,0.0,0000*77
$GPRMC,214108.00,A,3729.475905,N,12213.150086,W,054.7,119.3,210520,,,A*46
$GPGGA,214109.00,3729.468483,N,12213.133424,W,7,,0.38,-27.94,M,0.0,M,0.0,0000*7D
$GPRMC,214109.00,A,3729.468483,N,12213.133424,W,054.8,119.5,210520,,,A*48
$GPGGA,214110.00,3729.461187,N,12213.117098,W,7,,0.38,-27.86,M,0.0,M,0.0,0000*7B
$GPRMC,214110.00,A,3729.461187,N,12213.117098,W,055.1,119.7,210520,,,A*47
$GPGGA,214111.00,3729.453675,N,12213.100268,W,7,,0.38,-27.69,M,0.0,M,0.0,0000*7B
$GPRMC,214111.00,A,3729.453675,N,12213.100268,W,055.6,119.5,210520,,,A*43
$GPGGA,214112.00,3729.446104,N,12213.083372,W,7,,0.38,-27.73,M,0.0,M,0.0,0000*76
$GPRMC,214112.00,A,3729.446104,N,12213.083372,W,055.7,119.4,210520,,,A*45
$GPGGA,214113.00,3729.438196,N,12213.065785,W,7,,0.38,-27.58,M,0.0,M,0.0,0000*78
$GPRMC,214113.00,A,3729.438196,N,12213.065785,W,055.6,119.5,210520,,,A*42
$GPGGA,214114.00,3729.430864,N,12213.049543,W,7,,0.38,-27.27,M,0.0,M,0.0,0000*7D
$GPRMC,214114.00,A,3729.430864,N,12213.049543,W,055.1,119.5,210520,,,A*48
$GPGGA,214115.00,3729.423460,N,12213.032869,W,7,,0.38,-26.66,M,0.0,M,0.0,0000*7B
$GPRMC,214115.00,A,3729.423460,N,12213.032869,W,054.5,119.0,210520,,,A*4A
$GPGGA,214116.00,3729.415923,N,12213.015763,W,7,,0.38,-25.94,M,0.0,M,0.0,0000*79
$GPRMC,214116.00,A,3729.415923,N,12213.015763,W,053.7,118.9,210520,,,A*4B
$GPGGA,214117.00,3729.408849,N,12212.999275,W,7,,0.38,-25.17,M,0.0,M,0.0,0000*7C
$GPRMC,214117.00,A,3729.408849,N,12212.999275,W,053.7,118.4,210520,,,A*48
$GPGGA,214118.00,3729.402093,N,12212.983268,W,7,,0.38,-24.39,M,0.0,M,0.0,0000*7C
$GPRMC,214118.00,A,3729.402093,N,12212.983268,W,053.9,117.7,210520,,,A*47
$GPGGA,214119.00,3729.395235,N,12212.966594,W,7,,0.38,-23.64,M,0.0,M,0.0,0000*7A
$GPRMC,214119.00,A,3729.395235,N,12212.966594,W,054.0,117.4,210520,,,A*43
$GPGGA,214120.00,3729.388438,N,12212.949620,W,7,,0.38,-22.94,M,0.0,M,0.0,0000*78
$GPRMC,214120.00,A,3729.388438,N,12212.949620,W,054.1,116.8,210520,,,A*43
$GPGGA,214121.00,3729.381597,N,12212.932045,W,7,,0.38,-22.14,M,0.0,M,0.0,0000*75
$GPRMC,214121.00,A,3729.381597,N,12212.932045,W,054.4,115.9,210520,,,A*41
$GPGGA,214122.00,3729.375387,N,12212.915480,W,7,,0.38,-21.62,M,0.0,M,0.0,0000*70
$GPRMC,214122.00,A,3729.375387,N,12212.915480,W,054.4,115.0,210520,,,A*4F
$GPGGA,214123.00,3729.368962,N,12212.898122,W,7,,0.38,-21.04,M,0.0,M,0.0,0000*75
$GPRMC,214123.00,A,3729.368962,N,12212.898122,W,054.5,114.8,210520,,,A*42
$GPGGA,214124.00,3729.362445,N,12212.880254,W,7,,0.38,-20.85,M,0.0,M,0.0,0000*73
$GPRMC,214124.00,A,3729.362445,N,12212.880254,W,054.6,114.1,210520,,,A*46
$GPGGA,214125.00,3729.356283,N,12212.862811,W,7,,0.38,-20.75,M,0.0,M,0.0,0000*71
$GPRMC,214125.00,A,3729.356283,N,12212.862811,W,054.7,113.7,210520,,,A*4B
$GPGGA,214126.00,3729.350361,N,12212.845663,W,7,,0.38,-20.75,M,0.0,M,0.0,0000*77
$GPRMC,214126.00,A,3729.350361,N,12212.845663,W,055.0,113.2,210520,,,A*4E
$GPGGA,214127.00,3729.344559,N,12212.828120,W,7,,0.38,-20.81,M,0.0,M,0.0,0000*7E
$GPRMC,214127.00,A,3729.344559,N,12212.828120,W,054.5,112.3,210520,,,A*48
$GPGGA,214128.00,3729.338962,N,12212.810642,W,7,,0.38,-20.99,M,0.0,M,0.0,0000*7F
$GPRMC,214128.00,A,3729.338962,N,12212.810642,W,054.0,111.4,210520,,,A*41
$GPGGA,214129.00,3729.333333,N,12212.792642,W,7,,0.38,-21.37,M,0.0,M,0.0,0000*7B
$GPRMC,214129.00,A,3729.333333,N,12212.792642,W,053.6,111.2,210520,,,A*47
$GPGGA,214130.00,3729.328257,N,12212.775710,W,7,,0.38,-21.89,M,0.0,M,0.0,0000*70
$GPRMC,214130.00,A,3729.328257,N,12212.775710,W,053.1,110.5,210520,,,A*48
$GPGGA,214131.00,3729.323151,N,12212.758369,W,7,,0.38,-22.44,M,0.0,M,0.0,0000*78
$GPRMC,214131.00,A,3729.323151,N,12212.758369,W,053.1,109.4,210520,,,A*4B
$GPGGA,214132.00,3729.317967,N,12212.740340,W,7,,0.38,-23.18,M,0.0,M,0.0,0000*7B
$GPRMC,214132.00,A,3729.317967,N,12212.740340,W,053.4,109.3,210520,,,A*42
$GPGGA,214133.00,3729.313180,N,12212.723162,W,7,,0.38,-23.96,M,0.0,M,0.0,0000*7E
$GPRMC,214133.00,A,3729.313180,N,12212.723162,W,053.4,108.9,210520,,,A*4A
$GPGGA,214134.00,3729.308409,N,12212.705534,W,7,,0.38,-24.80,M,0.0,M,0.0,0000*74
$GPRMC,214134.00,A,3729.308409,N,12212.705534,W,053.4,108.5,210520,,,A*4C
$GPGGA,214135.00,3729.303826,N,12212.687893,W,7,,0.38,-25.67,M,0.0,M,0.0,0000*7C
$GPRMC,214135.00,A,3729.303826,N,12212.687893,W,053.2,107.6,210520,,,A*46
$GPGGA,214136.00,3729.299355,N,12212.670218,W,7,,0.38,-26.39,M,0.0,M,0.0,0000*7B
$GPRMC,214136.00,A,3729.299355,N,12212.670218,W,053.2,107.2,210520,,,A*4D
$GPGGA,214137.00,3729.294892,N,12212.651743,W,7,,0.38,-27.07,M,0.0,M,0.0,0000*73
$GPRMC,214137.00,A,3729.294892,N,12212.651743,W,053.3,106.4,210520,,,A*4F
$GPGGA,214138.00,3729.290871,N,12212.634542,W,7,,0.38,-27.36,M,0.0,M,0.0,0000*77
$GPRMC,214138.00,A,3729.290871,N,12212.634542,W,053.3,105.9,210520,,,A*47
$GPGGA,214139.00,3729.286870,N,12212.616692,W,7,,0.38,-27.56,M,0.0,M,0.0,0000*78
$GPRMC,214139.00,A,3729.286870,N,12212.616692,W,053.2,105.7,210520,,,A*41
$GPGGA,214140.00,3729.282807,N,12212.598212,W,7,,0.38,-27.71,M,0.0,M,0.0,0000*7E
$GPRMC,214140.00,A,3729.282807,N,12212.598212,W,052.6,105.0,210520,,,A*40
$GPGGA,214141.00,3729.279039,N,12212.580619,W,7,,0.38,-27.77,M,0.0,M,0.0,0000*7E
$GPRMC,214141.00,A,3729.279039,N,12212.580619,W,052.2,104.4,210520,,,A*47
$GPGGA,214142.00,3729.275674,N,12212.563687,W,7,,0.38,-27.84,M,0.0,M,0.0,0000*78
$GPRMC,214142.00,A,3729.275674,N,12212.563687,W,051.7,104.0,210520,,,A*4F
$GPGGA,214143.00,3729.272272,N,12212.546371,W,7,,0.38,-27.95,M,0.0,M,0.0,0000*77
$GPRMC,214143.00,A,3729.272272,N,12212.546371,W,051.0,103.2,210520,,,A*42
$GPGGA,214144.00,3729.269104,N,12212.528989,W,7,,0.38,-27.99,M,0.0,M,0.0,0000*71
$GPRMC,214144.00,A,3729.269104,N,12212.528989,W,050.4,102.6,210520,,,A*48
$GPGGA,214145.00,3729.266055,N,12212.511265,W,7,,0.38,-27.96,M,0.0,M,0.0,0000*76
$GPRMC,214145.00,A,3729.266055,N,12212.511265,W,050.3,101.9,210520,,,A*4B
$GPGGA,214146.00,3729.263361,N,12212.494760,W,7,,0.38,-28.10,M,0.0,M,0.0,0000*79
$GPRMC,214146.00,A,3729.263361,N,12212.494760,W,049.9,101.5,210520,,,A*4B
$GPGGA,214147.00,3729.260691,N,12212.477636,W,7,,0.38,-28.20,M,0.0,M,0.0,0000*7D
$GPRMC,214147.00,A,3729.260691,N,12212.477636,W,049.5,101.1,210520,,,A*44
$GPGGA,214148.00,3729.258027,N,12212.460260,W,7,,0.38,-28.26,M,0.0,M,0.0,0000*75
$GPRMC,214148.00,A,3729.258027,N,12212.460260,W,049.1,100.4,210520,,,A*4A
$GPGGA,214149.00,3729.255555,N,12212.443375,W,7,,0.38,-28.28,M,0.0,M,0.0,0000*73
$GPRMC,214149.00,A,3729.255555,N,12212.443375,W,049.5,100.2,210520,,,A*40
$GPGGA,214150.00,3729.253168,N,12212.426642,W,7,,0.38,-28.33,M,0.0,M,0.0,0000*7F
$GPRMC,214150.00,A,3729.253168,N,12212.426642,W,050.3,100.0,210520,,,A*4A
$GPGGA,214151.00,3729.250809,N,12212.409188,W,7,,0.38,-28.43,M,0.0,M,0.0,0000*78
$GPRMC,214151.00,A,3729.250809,N,12212.409188,W,051.0,099.0,210520,,,A*49
$GPGGA,214152.00,3729.248644,N,12212.391482,W,7,,0.38,-28.44,M,0.0,M,0.0,0000*7B
$GPRMC,214152.00,A,3729.248644,N,12212.391482,W,051.7,098.1,210520,,,A*4A
$GPGGA,214153.00,3729.246435,N,12212.372977,W,7,,0.38,-28.50,M,0.0,M,0.0,0000*7F
$GPRMC,214153.00,A,3729.246435,N,12212.372977,W,052.4,098.4,210520,,,A*4E
$GPGGA,214154.00,3729.244269,N,12212.355230,W,7,,0.38,-28.51,M,0.0,M,0.0,0000*79
$GPRMC,214154.00,A,3729.244269,N,12212.355230,W,053.1,098.7,210520,,,A*4E
$GPGGA,214155.00,3729.241935,N,12212.336894,W,7,,0.38,-28.77,M,0.0,M,0.0,0000*7A
$GPRMC,214155.00,A,3729.241935,N,12212.336894,W,053.6,098.9,210520,,,A*40
$GPGGA,214156.00,3729.239601,N,12212.317700,W,7,,0.38,-28.78,M,0.0,M,0.0,0000*70
$GPRMC,214156.00,A,3729.239601,N,12212.317700,W,054.3,098.7,210520,,,A*49
$GPGGA,214157.00,3729.237406,N,12212.299267,W,7,,0.38,-28.78,M,0.0,M,0.0,0000*79
$GPRMC,214157.00,A,3729.237406,N,12212.299267,W,055.0,098.8,210520,,,A*4D
$GPGGA,214158.00,3729.235036,N,12212.280278,W,7,,0.38,-28.82,M,0.0,M,0.0,0000*70
$GPRMC,214158.00,A,3729.235036,N,12212.280278,W,055.6,099.3,210520,,,A*4D
$GPGGA,214159.00,3729.232575,N,12212.261114,W,7,,0.38,-28.82,M,0.0,M,0.0,0000*72
$GPRMC,214159.00,A,3729.232575,N,12212.261114,W,056.0,099.2,210520,,,A*4B
$GPGGA,214200.00,3729.230182,N,12212.241823,W,7,,0.38,-28.77,M,0.0,M,0.0,0000*76
$GPRMC,214200.00,A,3729.230182,N,12212.241823,W,056.1,098.9,210520,,,A*4E
$GPGGA,214201.00,3729.227734,N,12212.221868,W,7,,0.38,-28.75,M,0.0,M,0.0,0000*71
$GPRMC,214201.00,A,3729.227734,N,12212.221868,W,055.4,098.5,210520,,,A*41
$GPGGA,214202.00,3729.225508,N,12212.203610,W,7,,0.38,-28.67,M,0.0,M,0.0,0000*7F
$GPRMC,214202.00,A,3729.225508,N,12212.203610,W,054.5,098.6,210520,,,A*4F
$GPGGA,214203.00,3729.223227,N,12212.184842,W,7,,0.38,-28.71,M,0.0,M,0.0,0000*70
$GPRMC,214203.00,A,3729.223227,N,12212.184842,W,054.3,098.9,210520,,,A*4E
$GPGGA,214204.00,3729.220834,N,12212.165341,W,7,,0.38,-28.69,M,0.0,M,0.0,0000*72
$GPRMC,214204.00,A,3729.220834,N,12212.165341,W,054.4,099.0,210520,,,A*4A
$GPGGA,214205.00,3729.218512,N,12212.146531,W,7,,0.38,-28.65,M,0.0,M,0.0,0000*7D
$GPRMC,214205.00,A,3729.218512,N,12212.146531,W,054.7,098.9,210520,,,A*42
$GPGGA,214206.00,3729.216208,N,12212.128303,W,7,,0.38,-28.61,M,0.0,M,0.0,0000*77
$GPRMC,214206.00,A,3729.216208,N,12212.128303,W,054.9,098.8,210520,,,A*43
$GPGGA,214207.00,3729.213802,N,12212.109289,W,7,,0.38,-28.59,M,0.0,M,0.0,0000*78
$GPRMC,214207.00,A,3729.213802,N,12212.109289,W,054.8,098.8,210520,,,A*46
$GPGGA,214208.00,3729.211426,N,12212.090533,W,7,,0.38,-28.61,M,0.0,M,0.0,0000*73
$GPRMC,214208.00,A,3729.211426,N,12212.090533,W,054.5,099.2,210520,,,A*40
$GPGGA,214209.00,3729.208995,N,12212.071201,W,7,,0.38,-28.66,M,0.0,M,0.0,0000*71
$GPRMC,214209.00,A,3729.208995,N,12212.071201,W,054.5,099.0,210520,,,A*47
$GPGGA,214210.00,3729.206644,N,12212.053027,W,7,,0.38,-28.65,M,0.0,M,0.0,0000*71
$GPRMC,214210.00,A,3729.206644,N,12212.053027,W,054.7,099.2,210520,,,A*44
$GPGGA,214211.00,3729.204141,N,12212.033971,W,7,,0.38,-28.74,M,0.0,M,0.0,0000*7C
$GPRMC,214211.00,A,3729.204141,N,12212.033971,W,055.0,098.8,210520,,,A*44
$GPGGA,214212.00,3729.201891,N,12212.014388,W,7,,0.38,-28.80,M,0.0,M,0.0,0000*7C
$GPRMC,214212.00,A,3729.201891,N,12212.014388,W,055.2,098.3,210520,,,A*46
$GPGGA,214213.00,3729.199678,N,12211.995379,W,7,,0.38,-28.80,M,0.0,M,0.0,0000*7B
$GPRMC,214213.00,A,3729.199678,N,12211.995379,W,055.2,098.5,210520,,,A*47
$GPGGA,214214.00,3729.197488,N,12211.976725,W,7,,0.38,-28.68,M,0.0,M,0.0,0000*79
$GPRMC,214214.00,A,3729.197488,N,12211.976725,W,055.4,098.5,210520,,,A*45
$GPGGA,214215.00,3729.195220,N,12211.957634,W,7,,0.38,-28.68,M,0.0,M,0.0,0000*7C
$GPRMC,214215.00,A,3729.195220,N,12211.957634,W,055.6,098.6,210520,,,A*41
$GPGGA,214216.00,3729.192879,N,12211.938433,W,7,,0.38,-28.67,M,0.0,M,0.0,0000*7D
$GPRMC,214216.00,A,3729.192879,N,12211.938433,W,056.0,098.8,210520,,,A*44
$GPGGA,214217.00,3729.190414,N,12211.918573,W,7,,0.38,-28.67,M,0.0,M,0.0,0000*7E
$GPRMC,214217.00,A,3729.190414,N,12211.918573,W,056.1,099.0,210520,,,A*4F
$GPGGA,214218.00,3729.188061,N,12211.899692,W,7,,0.38,-28.71,M,0.0,M,0.0,0000*7D
$GPRMC,214218.00,A,3729.188061,N,12211.899692,W,056.3,098.9,210520,,,A*41
$GPGGA,214219.00,3729.185685,N,12211.880299,W,7,,0.38,-28.80,M,0.0,M,0.0,0000*74
$GPRMC,214219.00,A,3729.185685,N,12211.880299,W,056.4,098.6,210520,,,A*4E
$GPGGA,214220.00,3729.183309,N,12211.860140,W,7,,0.38,-28.73,M,0.0,M,0.0,0000*7C
$GPRMC,214220.00,A,3729.183309,N,12211.860140,W,056.8,098.3,210520,,,A*43
$GPGGA,214221.00,3729.181017,N,12211.840994,W,7,,0.38,-28.77,M,0.0,M,0.0,0000*74
$GPRMC,214221.00,A,3729.181017,N,12211.840994,W,057.1,098.7,210520,,,A*43
$GPGGA,214222.00,3729.178630,N,12211.821313,W,7,,0.38,-28.79,M,0.0,M,0.0,0000*7E
$GPRMC,214222.00,A,3729.178630,N,12211.821313,W,057.3,099.0,210520,,,A*43
$GPGGA,214223.00,3729.176163,N,12211.801537,W,7,,0.38,-28.87,M,0.0,M,0.0,0000*73
$GPRMC,214223.00,A,3729.176163,N,12211.801537,W,057.6,099.1,210520,,,A*4B
$GPGGA,214224.00,3729.173643,N,12211.781450,W,7,,0.38,-28.86,M,0.0,M,0.0,0000*72
$GPRMC,214224.00,A,3729.173643,N,12211.781450,W,057.9,099.0,210520,,,A*45
$GPGGA,214225.00,3729.171106,N,12211.760821,W,7,,0.38,-28.74,M,0.0,M,0.0,0000*7F
$GPRMC,214225.00,A,3729.171106,N,12211.760821,W,058.3,099.0,210520,,,A*40
$GPGGA,214226.00,3729.168693,N,12211.741327,W,7,,0.38,-28.72,M,0.0,M,0.0,0000*77
$GPRMC,214226.00,A,3729.168693,N,12211.741327,W,058.6,098.9,210520,,,A*43
$GPGGA,214227.00,3729.166179,N,12211.721107,W,7,,0.38,-28.70,M,0.0,M,0.0,0000*7F
$GPRMC,214227.00,A,3729.166179,N,12211.721107,W,058.9,099.0,210520,,,A*4E
$GPGGA,214228.00,3729.163509,N,12211.699951,W,7,,0.38,-28.69,M,0.0,M,0.0,0000*77
$GPRMC,214228.00,A,3729.163509,N,12211.699951,W,059.2,099.1,210520,,,A*45
$GPGGA,214229.00,3729.160989,N,12211.679582,W,7,,0.38,-28.72,M,0.0,M,0.0,0000*77
$GPRMC,214229.00,A,3729.160989,N,12211.679582,W,059.3,099.1,210520,,,A*4E
$GPGGA,214230.00,3729.158572,N,12211.659818,W,7,,0.38,-28.79,M,0.0,M,0.0,0000*7B
$GPRMC,214230.00,A,3729.158572,N,12211.659818,W,059.4,098.8,210520,,,A*46
$GPGGA,214231.00,3729.156063,N,12211.639141,W,7,,0.38,-28.74,M,0.0,M,0.0,0000*7F
$GPRMC,214231.00,A,3729.156063,N,12211.639141,W,059.5,098.7,210520,,,A*41
$GPGGA,214232.00,3729.153574,N,12211.618807,W,7,,0.38,-28.80,M,0.0,M,0.0,0000*79
$GPRMC,214232.00,A,3729.153574,N,12211.618807,W,058.8,098.9,210520,,,A*4E
$GPGGA,214233.00,3729.151023,N,12211.598083,W,7,,0.38,-28.80,M,0.0,M,0.0,0000*72
$GPRMC,214233.00,A,3729.151023,N,12211.598083,W,058.0,098.7,210520,,,A*43
$GPGGA,214234.00,3729.148623,N,12211.578830,W,7,,0.38,-28.71,M,0.0,M,0.0,0000*7B
$GPRMC,214234.00,A,3729.148623,N,12211.578830,W,057.7,098.9,210520,,,A*42
$GPGGA,214235.00,3729.146128,N,12211.558838,W,7,,0.38,-28.71,M,0.0,M,0.0,0000*72
$GPRMC,214235.00,A,3729.146128,N,12211.558838,W,057.4,098.9,210520,,,A*48
$GPGGA,214236.00,3729.143608,N,12211.538576,W,7,,0.38,-28.71,M,0.0,M,0.0,0000*70
$GPRMC,214236.00,A,3729.143608,N,12211.538576,W,057.1,098.8,210520,,,A*4E
$GPGGA,214237.00,3729.141166,N,12211.519058,W,7,,0.38,-28.75,M,0.0,M,0.0,0000*72
$GPRMC,214237.00,A,3729.141166,N,12211.519058,W,056.7,098.9,210520,,,A*4E
$GPGGA,214238.00,3729.138796,N,12211.500098,W,7,,0.38,-28.74,M,0.0,M,0.0,0000*7F
$GPRMC,214238.00,A,3729.138796,N,12211.500098,W,056.2,098.9,210520,,,A*47
$GPGGA,214239.00,3729.136329,N,12211.480808,W,7,,0.38,-28.73,M,0.0,M,0.0,0000*7F
$GPRMC,214239.00,A,3729.136329,N,12211.480808,W,056.0,099.3,210520,,,A*49
$GPGGA,214240.00,3729.133900,N,12211.461481,W,7,,0.38,-28.75,M,0.0,M,0.0,0000*71
$GPRMC,214240.00,A,3729.133900,N,12211.461481,W,056.2,099.2,210520,,,A*42
$GPGGA,214241.00,3729.131416,N,12211.441502,W,7,,0.38,-28.64,M,0.0,M,0.0,0000*70
$GPRMC,214241.00,A,3729.131416,N,12211.441502,W,056.5,098.9,210520,,,A*4E
$GPGGA,214242.00,3729.129052,N,12211.422421,W,7,,0.38,-28.70,M,0.0,M,0.0,0000*7E
$GPRMC,214242.00,A,3729.129052,N,12211.422421,W,056.9,098.8,210520,,,A*48
$GPGGA,214243.00,3729.126585,N,12211.402820,W,7,,0.38,-28.67,M,0.0,M,0.0,0000*76
$GPRMC,214243.00,A,3729.126585,N,12211.402820,W,057.1,098.9,210520,,,A*4E
$GPGGA,214244.00,3729.124029,N,12211.382449,W,7,,0.38,-28.79,M,0.0,M,0.0,0000*73
$GPRMC,214244.00,A,3729.124029,N,12211.382449,W,057.5,099.1,210520,,,A*49
$GPGGA,214245.00,3729.121468,N,12211.363063,W,7,,0.38,-28.79,M,0.0,M,0.0,0000*75
$GPRMC,214245.00,A,3729.121468,N,12211.363063,W,057.9,099.7,210520,,,A*45
$GPGGA,214246.00,3729.118701,N,12211.343185,W,7,,0.38,-28.72,M,0.0,M,0.0,0000*70
$GPRMC,214246.00,A,3729.118701,N,12211.343185,W,058.2,100.3,210520,,,A*4A
$GPGGA,214247.00,3729.115804,N,12211.323175,W,7,,0.38,-28.75,M,0.0,M,0.0,0000*78
$GPRMC,214247.00,A,3729.115804,N,12211.323175,W,058.5,100.6,210520,,,A*47
$GPGGA,214248.00,3729.112695,N,12211.302962,W,7,,0.38,-28.77,M,0.0,M,0.0,0000*79
$GPRMC,214248.00,A,3729.112695,N,12211.302962,W,058.8,101.1,210520,,,A*4F
$GPGGA,214249.00,3729.109318,N,12211.282147,W,7,,0.38,-28.73,M,0.0,M,0.0,0000*70
$GPRMC,214249.00,A,3729.109318,N,12211.282147,W,059.1,101.7,210520,,,A*4C
$GPGGA,214250.00,3729.105958,N,12211.262587,W,7,,0.38,-28.67,M,0.0,M,0.0,0000*79
$GPRMC,214250.00,A,3729.105958,N,12211.262587,W,059.6,102.4,210520,,,A*47
$GPGGA,214251.00,3729.102280,N,12211.242344,W,7,,0.38,-28.59,M,0.0,M,0.0,0000*77
$GPRMC,214251.00,A,3729.102280,N,12211.242344,W,059.8,103.1,210520,,,A*4E
$GPGGA,214252.00,3729.098211,N,12211.221158,W,7,,0.38,-28.59,M,0.0,M,0.0,0000*74
$GPRMC,214252.00,A,3729.098211,N,12211.221158,W,060.2,103.6,210520,,,A*4A
$GPGGA,214253.00,3729.094132,N,12211.200776,W,7,,0.38,-28.64,M,0.0,M,0.0,0000*7C
$GPRMC,214253.00,A,3729.094132,N,12211.200776,W,060.5,104.2,210520,,,A*48
$GPGGA,214254.00,3729.090033,N,12211.180963,W,7,,0.38,-28.59,M,0.0,M,0.0,0000*70
$GPRMC,214254.00,A,3729.090033,N,12211.180963,W,060.8,104.8,210520,,,A*4D
$GPGGA,214255.00,3729.085606,N,12211.160299,W,7,,0.38,-28.52,M,0.0,M,0.0,0000*7E
$GPRMC,214255.00,A,3729.085606,N,12211.160299,W,061.0,105.1,210520,,,A*49
$GPGGA,214256.00,3729.081082,N,12211.139810,W,7,,0.38,-28.48,M,0.0,M,0.0,0000*7F
$GPRMC,214256.00,A,3729.081082,N,12211.139810,W,061.2,105.6,210520,,,A*46
$GPGGA,214257.00,3729.076198,N,12211.118744,W,7,,0.38,-28.42,M,0.0,M,0.0,0000*7B
$GPRMC,214257.00,A,3729.076198,N,12211.118744,W,061.1,106.5,210520,,,A*4B
$GPGGA,214258.00,3729.071446,N,12211.099082,W,7,,0.38,-28.54,M,0.0,M,0.0,0000*77
$GPRMC,214258.00,A,3729.071446,N,12211.099082,W,061.0,107.2,210520,,,A*47
$GPGGA,214259.00,3729.066291,N,12211.078730,W,7,,0.38,-28.41,M,0.0,M,0.0,0000*79
$GPRMC,214259.00,A,3729.066291,N,12211.078730,W,060.7,107.8,210520,,,A*41
$GPGGA,214300.00,3729.060879,N,12211.058078,W,7,,0.38,-28.41,M,0.0,M,0.0,0000*77
$GPRMC,214300.00,A,3729.060879,N,12211.058078,W,060.4,108.4,210520,,,A*4F
$GPGGA,214301.00,3729.055455,N,12211.038331,W,7,,0.38,-28.21,M,0.0,M,0.0,0000*7C
$GPRMC,214301.00,A,3729.055455,N,12211.038331,W,060.0,109.5,210520,,,A*46
$GPGGA,214302.00,3729.049941,N,12211.019149,W,7,,0.38,-27.99,M,0.0,M,0.0,0000*78
$GPRMC,214302.00,A,3729.049941,N,12211.019149,W,059.8,110.0,210520,,,A*41
$GPGGA,214303.00,3729.044217,N,12210.999631,W,7,,0.38,-27.98,M,0.0,M,0.0,0000*75
$GPRMC,214303.00,A,3729.044217,N,12210.999631,W,059.7,110.1,210520,,,A*43
$GPGGA,214304.00,3729.038434,N,12210.980072,W,7,,0.38,-28.03,M,0.0,M,0.0,0000*7A
$GPRMC,214304.00,A,3729.038434,N,12210.980072,W,059.8,110.5,210520,,,A*4A
$GPGGA,214305.00,3729.032313,N,12210.960026,W,7,,0.38,-27.83,M,0.0,M,0.0,0000*7B
$GPRMC,214305.00,A,3729.032313,N,12210.960026,W,059.8,111.3,210520,,,A*4B
$GPGGA,214306.00,3729.026343,N,12210.941156,W,7,,0.38,-27.93,M,0.0,M,0.0,0000*7C
$GPRMC,214306.00,A,3729.026343,N,12210.941156,W,059.3,112.1,210520,,,A*47
$GPGGA,214307.00,3729.020188,N,12210.922154,W,7,,0.38,-27.95,M,0.0,M,0.0,0000*7F
$GPRMC,214307.00,A,3729.020188,N,12210.922154,W,058.6,112.5,210520,,,A*42
$GPGGA,214308.00,3729.013840,N,12210.902876,W,7,,0.38,-27.97,M,0.0,M,0.0,0000*74
$GPRMC,214308.00,A,3729.013840,N,12210.902876,W,057.6,112.5,210520,,,A*44
$GPGGA,214309.00,3729.007773,N,12210.885026,W,7,,0.38,-27.94,M,0.0,M,0.0,0000*7F
$GPRMC,214309.00,A,3729.007773,N,12210.885026,W,056.5,113.5,210520,,,A*4F
$GPGGA,214310.00,3729.001654,N,12210.867151,W,7,,0.38,-27.90,M,0.0,M,0.0,0000*7C
$GPRMC,214310.00,A,3729.001654,N,12210.867151,W,055.4,113.0,210520,,,A*4F
$GPGGA,214311.00,3728.995623,N,12210.849410,W,7,,0.38,-27.96,M,0.0,M,0.0,0000*72
$GPRMC,214311.00,A,3728.995623,N,12210.849410,W,055.1,113.3,210520,,,A*41
$GPGGA,214312.00,3728.989474,N,12210.831914,W,7,,0.38,-28.04,M,0.0,M,0.0,0000*7E
$GPRMC,214312.00,A,3728.989474,N,12210.831914,W,054.9,114.2,210520,,,A*46
$GPGGA,214313.00,3728.982891,N,12210.814166,W,7,,0.38,-28.12,M,0.0,M,0.0,0000*7E
$GPRMC,214313.00,A,3728.982891,N,12210.814166,W,054.4,115.4,210520,,,A*4B
$GPGGA,214314.00,3728.976376,N,12210.797534,W,7,,0.38,-28.00,M,0.0,M,0.0,0000*74
$GPRMC,214314.00,A,3728.976376,N,12210.797534,W,054.9,116.6,210520,,,A*4E
$GPGGA,214315.00,3728.969338,N,12210.780493,W,7,,0.38,-28.04,M,0.0,M,0.0,0000*7F
$GPRMC,214315.00,A,3728.969338,N,12210.780493,W,055.2,117.9,210520,,,A*45
$GPGGA,214316.00,3728.961657,N,12210.762890,W,7,,0.38,-28.13,M,0.0,M,0.0,0000*7D
$GPRMC,214316.00,A,3728.961657,N,12210.762890,W,055.4,119.1,210520,,,A*41
$GPGGA,214317.00,3728.954001,N,12210.746102,W,7,,0.38,-28.11,M,0.0,M,0.0,0000*79
$GPRMC,214317.00,A,3728.954001,N,12210.746102,W,055.7,120.0,210520,,,A*4F
$GPGGA,214318.00,3728.946327,N,12210.729986,W,7,,0.38,-28.15,M,0.0,M,0.0,0000*7B
$GPRMC,214318.00,A,3728.946327,N,12210.729986,W,055.7,121.4,210520,,,A*4C
$GPGGA,214319.00,3728.938006,N,12210.713233,W,7,,0.38,-28.03,M,0.0,M,0.0,0000*78
$GPRMC,214319.00,A,3728.938006,N,12210.713233,W,056.1,122.2,210520,,,A*48
$GPGGA,214320.00,3728.929606,N,12210.696698,W,7,,0.38,-28.15,M,0.0,M,0.0,0000*7A
$GPRMC,214320.00,A,3728.929606,N,12210.696698,W,056.4,122.6,210520,,,A*4C
$GPGGA,214321.00,3728.920750,N,12210.679681,W,7,,0.38,-28.29,M,0.0,M,0.0,0000*76
$GPRMC,214321.00,A,3728.920750,N,12210.679681,W,056.8,123.4,210520,,,A*40
$GPGGA,214322.00,3728.912259,N,12210.663685,W,7,,0.38,-28.40,M,0.0,M,0.0,0000*78
$GPRMC,214322.00,A,3728.912259,N,12210.663685,W,057.1,124.0,210520,,,A*4A
$GPGGA,214323.00,3728.903241,N,12210.647053,W,7,,0.38,-28.25,M,0.0,M,0.0,0000*78
$GPRMC,214323.00,A,3728.903241,N,12210.647053,W,057.2,124.5,210520,,,A*4F
$GPGGA,214324.00,3728.893852,N,12210.630158,W,7,,0.38,-28.37,M,0.0,M,0.0,0000*76
$GPRMC,214324.00,A,3728.893852,N,12210.630158,W,057.3,125.4,210520,,,A*43
$GPGGA,214325.00,3728.884599,N,12210.613891,W,7,,0.38,-28.39,M,0.0,M,0.0,0000*78
$GPRMC,214325.00,A,3728.884599,N,12210.613891,W,057.5,125.8,210520,,,A*49
$GPGGA,214326.00,3728.875419,N,12210.598088,W,7,,0.38,-28.39,M,0.0,M,0.0,0000*7C
$GPRMC,214326.00,A,3728.875419,N,12210.598088,W,057.6,126.1,210520,,,A*44
$GPGGA,214327.00,3728.865993,N,12210.581912,W,7,,0.38,-28.39,M,0.0,M,0.0,0000*71
$GPRMC,214327.00,A,3728.865993,N,12210.581912,W,057.5,126.2,210520,,,A*49
$GPGGA,214328.00,3728.856507,N,12210.565718,W,7,,0.38,-28.38,M,0.0,M,0.0,0000*70
$GPRMC,214328.00,A,3728.856507,N,12210.565718,W,057.9,126.0,210520,,,A*47
$GPGGA,214329.00,3728.846667,N,12210.548845,W,7,,0.38,-28.43,M,0.0,M,0.0,0000*71
$GPRMC,214329.00,A,3728.846667,N,12210.548845,W,058.4,126.1,210520,,,A*49
$GPGGA,214330.00,3728.837272,N,12210.532754,W,7,,0.38,-28.57,M,0.0,M,0.0,0000*78
$GPRMC,214330.00,A,3728.837272,N,12210.532754,W,058.8,126.2,210520,,,A*4A
$GPGGA,214331.00,3728.827600,N,12210.516206,W,7,,0.38,-28.64,M,0.0,M,0.0,0000*7D
$GPRMC,214331.00,A,3728.827600,N,12210.516206,W,059.1,126.3,210520,,,A*46
$GPGGA,214332.00,3728.817633,N,12210.499058,W,7,,0.38,-28.74,M,0.0,M,0.0,0000*73
$GPRMC,214332.00,A,3728.817633,N,12210.499058,W,059.2,126.0,210520,,,A*49
$GPGGA,214333.00,3728.808147,N,12210.482834,W,7,,0.38,-29.01,M,0.0,M,0.0,0000*73
$GPRMC,214333.00,A,3728.808147,N,12210.482834,W,059.2,125.9,210520,,,A*40
$GPGGA,214334.00,3728.798439,N,12210.466160,W,7,,0.38,-29.37,M,0.0,M,0.0,0000*79
$GPRMC,214334.00,A,3728.798439,N,12210.466160,W,059.4,126.4,210520,,,A*47
$GPGGA,214335.00,3728.788653,N,12210.449461,W,7,,0.38,-29.79,M,0.0,M,0.0,0000*74
$GPRMC,214335.00,A,3728.788653,N,12210.449461,W,059.6,126.2,210520,,,A*44
$GPGGA,214336.00,3728.778838,N,12210.432757,W,7,,0.38,-30.27,M,0.0,M,0.0,0000*72
$GPRMC,214336.00,A,3728.778838,N,12210.432757,W,059.6,126.1,210520,,,A*42
$GPGGA,214337.00,3728.769039,N,12210.415837,W,7,,0.38,-30.77,M,0.0,M,0.0,0000*73
$GPRMC,214337.00,A,3728.769039,N,12210.415837,W,059.6,125.8,210520,,,A*4C
$GPGGA,214338.00,3728.759373,N,12210.399056,W,7,,0.38,-31.51,M,0.0,M,0.0,0000*7B
$GPRMC,214338.00,A,3728.759373,N,12210.399056,W,059.4,126.0,210520,,,A*48
$GPGGA,214339.00,3728.749743,N,12210.382303,W,7,,0.38,-31.98,M,0.0,M,0.0,0000*70
$GPRMC,214339.00,A,3728.749743,N,12210.382303,W,059.1,126.0,210520,,,A*43
$GPGGA,214340.00,3728.739771,N,12210.365102,W,7,,0.38,-32.35,M,0.0,M,0.0,0000*76
$GPRMC,214340.00,A,3728.739771,N,12210.365102,W,058.5,126.0,210520,,,A*44
$GPGGA,214341.00,3728.730249,N,12210.348644,W,7,,0.38,-32.34,M,0.0,M,0.0,0000*7B
$GPRMC,214341.00,A,3728.730249,N,12210.348644,W,058.3,125.9,210520,,,A*44
$GPGGA,214342.00,3728.720974,N,12210.332857,W,7,,0.38,-32.38,M,0.0,M,0.0,0000*71
$GPRMC,214342.00,A,3728.720974,N,12210.332857,W,058.2,126.6,210520,,,A*4F
$GPGGA,214343.00,3728.711308,N,12210.316639,W,7,,0.38,-32.05,M,0.0,M,0.0,0000*7D
$GPRMC,214343.00,A,3728.711308,N,12210.316639,W,058.2,126.8,210520,,,A*43
$GPGGA,214344.00,3728.701575,N,12210.300188,W,7,,0.38,-31.39,M,0.0,M,0.0,0000*71
$GPRMC,214344.00,A,3728.701575,N,12210.300188,W,058.2,126.6,210520,,,A*4D
$GPGGA,214345.00,3728.691657,N,12210.283370,W,7,,0.38,-30.83,M,0.0,M,0.0,0000*74
$GPRMC,214345.00,A,3728.691657,N,12210.283370,W,058.4,126.7,210520,,,A*4F
$GPGGA,214346.00,3728.682357,N,12210.267512,W,7,,0.38,-30.28,M,0.0,M,0.0,0000*79
$GPRMC,214346.00,A,3728.682357,N,12210.267512,W,058.5,126.5,210520,,,A*40
$GPGGA,214347.00,3728.672649,N,12210.250886,W,7,,0.38,-29.67,M,0.0,M,0.0,0000*7A
$GPRMC,214347.00,A,3728.672649,N,12210.250886,W,058.6,126.2,210520,,,A*44
$GPGGA,214348.00,3728.662803,N,12210.233852,W,7,,0.38,-29.06,M,0.0,M,0.0,0000*7F
$GPRMC,214348.00,A,3728.662803,N,12210.233852,W,058.6,126.3,210520,,,A*47
$GPGGA,214349.00,3728.653114,N,12210.217351,W,7,,0.38,-28.35,M,0.0,M,0.0,0000*7C
$GPRMC,214349.00,A,3728.653114,N,12210.217351,W,058.9,126.2,210520,,,A*4B
$GPGGA,214350.00,3728.643478,N,12210.200791,W,7,,0.38,-27.90,M,0.0,M,0.0,0000*74
$GPRMC,214350.00,A,3728.643478,N,12210.200791,W,058.9,126.3,210520,,,A*42
$GPGGA,214351.00,3728.634040,N,12210.184507,W,7,,0.38,-27.49,M,0.0,M,0.0,0000*7C
$GPRMC,214351.00,A,3728.634040,N,12210.184507,W,059.2,126.0,210520,,,A*47
$GPGGA,214352.00,3728.624398,N,12210.167738,W,7,,0.38,-27.23,M,0.0,M,0.0,0000*77
$GPRMC,214352.00,A,3728.624398,N,12210.167738,W,059.5,125.7,210520,,,A*43
$GPGGA,214353.00,3728.614533,N,12210.150302,W,7,,0.38,-27.06,M,0.0,M,0.0,0000*7C
$GPRMC,214353.00,A,3728.614533,N,12210.150302,W,059.7,125.2,210520,,,A*48
$GPGGA,214354.00,3728.605102,N,12210.133681,W,7,,0.38,-26.98,M,0.0,M,0.0,0000*70
$GPRMC,214354.00,A,3728.605102,N,12210.133681,W,060.2,125.3,210520,,,A*4C
$GPGGA,214355.00,3728.595339,N,12210.116510,W,7,,0.38,-26.87,M,0.0,M,0.0,0000*73
$GPRMC,214355.00,A,3728.595339,N,12210.116510,W,060.6,125.6,210520,,,A*40
$GPGGA,214356.00,3728.585116,N,12210.098779,W,7,,0.38,-26.82,M,0.0,M,0.0,0000*71
$GPRMC,214356.00,A,3728.585116,N,12210.098779,W,061.2,125.9,210520,,,A*4D
$GPGGA,214357.00,3728.575438,N,12210.081979,W,7,,0.38,-26.86,M,0.0,M,0.0,0000*74
$GPRMC,214357.00,A,3728.575438,N,12210.081979,W,061.1,126.1,210520,,,A*44
$GPGGA,214358.00,3728.565376,N,12210.064796,W,7,,0.38,-26.76,M,0.0,M,0.0,0000*7C
$GPRMC,214358.00,A,3728.565376,N,12210.064796,W,061.3,126.1,210520,,,A*41
$GPGGA,214359.00,3728.555367,N,12210.047611,W,7,,0.38,-26.79,M,0.0,M,0.0,0000*7E
$GPRMC,214359.00,A,3728.555367,N,12210.047611,W,060.9,126.1,210520,,,A*47
$GPGGA,214400.00,3728.545426,N,12210.030517,W,7,,0.38,-26.62,M,0.0,M,0.0,0000*79
$GPRMC,214400.00,A,3728.545426,N,12210.030517,W,060.5,126.2,210520,,,A*45
$GPGGA,214401.00,3728.535471,N,12210.013346,W,7,,0.38,-26.63,M,0.0,M,0.0,0000*7F
$GPRMC,214401.00,A,3728.535471,N,12210.013346,W,060.4,126.1,210520,,,A*40
$GPGGA,214402.00,3728.525644,N,12209.996390,W,7,,0.38,-26.61,M,0.0,M,0.0,0000*7C
$GPRMC,214402.00,A,3728.525644,N,12209.996390,W,060.3,126.2,210520,,,A*45
$GPGGA,214403.00,3728.515660,N,12209.979403,W,7,,0.38,-26.67,M,0.0,M,0.0,0000*72
$GPRMC,214403.00,A,3728.515660,N,12209.979403,W,060.8,126.4,210520,,,A*40
$GPGGA,214404.00,3728.505286,N,12209.961691,W,7,,0.38,-26.61,M,0.0,M,0.0,0000*7E
$GPRMC,214404.00,A,3728.505286,N,12209.961691,W,060.6,126.3,210520,,,A*43
$GPGGA,214405.00,3728.495685,N,12209.945288,W,7,,0.38,-26.57,M,0.0,M,0.0,0000*7F
$GPRMC,214405.00,A,3728.495685,N,12209.945288,W,060.4,126.3,210520,,,A*45
$GPGGA,214406.00,3728.485738,N,12209.928289,W,7,,0.38,-26.49,M,0.0,M,0.0,0000*7F
$GPRMC,214406.00,A,3728.485738,N,12209.928289,W,060.8,126.4,210520,,,A*41
$GPGGA,214407.00,3728.475736,N,12209.911208,W,7,,0.38,-26.57,M,0.0,M,0.0,0000*73
$GPRMC,214407.00,A,3728.475736,N,12209.911208,W,061.3,126.5,210520,,,A*49
$GPGGA,214408.00,3728.465499,N,12209.893933,W,7,,0.38,-26.56,M,0.0,M,0.0,0000*72
$GPRMC,214408.00,A,3728.465499,N,12209.893933,W,061.3,126.4,210520,,,A*48
$GPGGA,214409.00,3728.455149,N,12209.876257,W,7,,0.38,-26.51,M,0.0,M,0.0,0000*7D
$GPRMC,214409.00,A,3728.455149,N,12209.876257,W,060.9,126.4,210520,,,A*4B
$GPGGA,214410.00,3728.445597,N,12209.859848,W,7,,0.38,-26.47,M,0.0,M,0.0,0000*7D
$GPRMC,214410.00,A,3728.445597,N,12209.859848,W,060.2,126.3,210520,,,A*40
$GPGGA,214411.00,3728.435625,N,12209.842898,W,7,,0.38,-26.37,M,0.0,M,0.0,0000*71
$GPRMC,214411.00,A,3728.435625,N,12209.842898,W,059.6,126.8,210520,,,A*4E
$GPGGA,214412.00,3728.425527,N,12209.825768,W,7,,0.38,-26.25,M,0.0,M,0.0,0000*70
$GPRMC,214412.00,A,3728.425527,N,12209.825768,W,059.2,126.6,210520,,,A*46
$GPGGA,214413.00,3728.415808,N,12209.809225,W,7,,0.38,-26.16,M,0.0,M,0.0,0000*70
$GPRMC,214413.00,A,3728.415808,N,12209.809225,W,058.8,126.4,210520,,,A*4F
$GPGGA,214414.00,3728.406399,N,12209.793283,W,7,,0.38,-26.11,M,0.0,M,0.0,0000*71
$GPRMC,214414.00,A,3728.406399,N,12209.793283,W,058.9,126.5,210520,,,A*49
$GPGGA,214415.00,3728.396553,N,12209.776627,W,7,,0.38,-26.00,M,0.0,M,0.0,0000*7F
$GPRMC,214415.00,A,3728.396553,N,12209.776627,W,059.0,126.5,210520,,,A*4F
$GPGGA,214416.00,3728.386870,N,12209.760181,W,7,,0.38,-26.04,M,0.0,M,0.0,0000*79
$GPRMC,214416.00,A,3728.386870,N,12209.760181,W,058.7,126.3,210520,,,A*4D
$GPGGA,214417.00,3728.376952,N,12209.743214,W,7,,0.38,-26.06,M,0.0,M,0.0,0000*7A
$GPRMC,214417.00,A,3728.376952,N,12209.743214,W,058.5,126.1,210520,,,A*4C
$GPGGA,214418.00,3728.367627,N,12209.727182,W,7,,0.38,-26.06,M,0.0,M,0.0,0000*76
$GPRMC,214418.00,A,3728.367627,N,12209.727182,W,058.2,126.2,210520,,,A*44
$GPGGA,214419.00,3728.358075,N,12209.710826,W,7,,0.38,-25.94,M,0.0,M,0.0,0000*71
$GPRMC,214419.00,A,3728.358075,N,12209.710826,W,058.1,126.1,210520,,,A*4B
$GPGGA,214420.00,3728.348242,N,12209.694097,W,7,,0.38,-25.90,M,0.0,M,0.0,0000*77
$GPRMC,214420.00,A,3728.348242,N,12209.694097,W,057.8,126.4,210520,,,A*4A
$GPGGA,214421.00,3728.338947,N,12209.678215,W,7,,0.38,-25.87,M,0.0,M,0.0,0000*73
$GPRMC,214421.00,A,3728.338947,N,12209.678215,W,058.0,126.3,210520,,,A*48
$GPGGA,214422.00,3728.329437,N,12209.662015,W,7,,0.38,-25.82,M,0.0,M,0.0,0000*76
$GPRMC,214422.00,A,3728.329437,N,12209.662015,W,058.0,126.4,210520,,,A*4F
$GPGGA,214423.00,3728.319886,N,12209.645792,W,7,,0.38,-25.81,M,0.0,M,0.0,0000*7C
$GPRMC,214423.00,A,3728.319886,N,12209.645792,W,057.9,126.3,210520,,,A*47
$GPGGA,214424.00,3728.310345,N,12209.629597,W,7,,0.38,-25.73,M,0.0,M,0.0,0000*76
$GPRMC,214424.00,A,3728.310345,N,12209.629597,W,057.8,126.4,210520,,,A*46
$GPGGA,214425.00,3728.300734,N,12209.613206,W,7,,0.38,-25.70,M,0.0,M,0.0,0000*71
$GPRMC,214425.00,A,3728.300734,N,12209.613206,W,057.8,126.2,210520,,,A*44
$GPGGA,214426.00,3728.291199,N,12209.597006,W,7,,0.38,-25.56,M,0.0,M,0.0,0000*73
$GPRMC,214426.00,A,3728.291199,N,12209.597006,W,057.8,126.5,210520,,,A*45
$GPGGA,214427.00,3728.281660,N,12209.580853,W,7,,0.38,-25.54,M,0.0,M,0.0,0000*7E
$GPRMC,214427.00,A,3728.281660,N,12209.580853,W,057.9,126.3,210520,,,A*4D
$GPGGA,214428.00,3728.271783,N,12209.563963,W,7,,0.38,-25.54,M,0.0,M,0.0,0000*7D
$GPRMC,214428.00,A,3728.271783,N,12209.563963,W,057.8,126.4,210520,,,A*48
$GPGGA,214429.00,3728.262597,N,12209.548244,W,7,,0.38,-25.44,M,0.0,M,0.0,0000*7F
$GPRMC,214429.00,A,3728.262597,N,12209.548244,W,057.8,126.2,210520,,,A*4D
$GPGGA,214430.00,3728.253136,N,12209.532037,W,7,,0.38,-25.27,M,0.0,M,0.0,0000*74
$GPRMC,214430.00,A,3728.253136,N,12209.532037,W,057.8,126.3,210520,,,A*42
$GPGGA,214431.00,3728.243619,N,12209.515790,W,7,,0.38,-25.19,M,0.0,M,0.0,0000*7C
$GPRMC,214431.00,A,3728.243619,N,12209.515790,W,057.9,126.2,210520,,,A*47
$GPGGA,214432.00,3728.233906,N,12209.499386,W,7,,0.38,-25.12,M,0.0,M,0.0,0000*74
$GPRMC,214432.00,A,3728.233906,N,12209.499386,W,058.1,126.8,210520,,,A*49
$GPGGA,214433.00,3728.223952,N,12209.482586,W,7,,0.38,-25.05,M,0.0,M,0.0,0000*7F
$GPRMC,214433.00,A,3728.223952,N,12209.482586,W,058.4,126.4,210520,,,A*4D
$GPGGA,214434.00,3728.214526,N,12209.466740,W,7,,0.38,-25.01,M,0.0,M,0.0,0000*75
$GPRMC,214434.00,A,3728.214526,N,12209.466740,W,058.8,127.1,210520,,,A*4B
$GPGGA,214435.00,3728.204595,N,12209.450096,W,7,,0.38,-24.98,M,0.0,M,0.0,0000*75
$GPRMC,214435.00,A,3728.204595,N,12209.450096,W,059.4,127.1,210520,,,A*47
$GPGGA,214436.00,3728.194341,N,12209.432953,W,7,,0.38,-24.93,M,0.0,M,0.0,0000*7C
$GPRMC,214436.00,A,3728.194341,N,12209.432953,W,060.0,126.6,210520,,,A*4D
$GPGGA,214437.00,3728.184322,N,12209.416195,W,7,,0.38,-24.93,M,0.0,M,0.0,0000*7D
$GPRMC,214437.00,A,3728.184322,N,12209.416195,W,060.4,127.0,210520,,,A*4F
$GPGGA,214438.00,3728.174529,N,12209.399846,W,7,,0.38,-24.91,M,0.0,M,0.0,0000*75
$GPRMC,214438.00,A,3728.174529,N,12209.399846,W,061.0,126.9,210520,,,A*48
$GPGGA,214439.00,3728.164203,N,12209.382650,W,7,,0.38,-24.94,M,0.0,M,0.0,0000*7C
$GPRMC,214439.00,A,3728.164203,N,12209.382650,W,061.2,126.9,210520,,,A*46
$GPGGA,214440.00,3728.154057,N,12209.365621,W,7,,0.38,-24.81,M,0.0,M,0.0,0000*79
$GPRMC,214440.00,A,3728.154057,N,12209.365621,W,061.1,126.7,210520,,,A*4A
$GPGGA,214441.00,3728.143641,N,12209.347994,W,7,,0.38,-24.84,M,0.0,M,0.0,0000*7B
$GPRMC,214441.00,A,3728.143641,N,12209.347994,W,061.1,126.7,210520,,,A*4D
$GPGGA,214442.00,3728.133825,N,12209.331290,W,7,,0.38,-24.75,M,0.0,M,0.0,0000*73
$GPRMC,214442.00,A,3728.133825,N,12209.331290,W,061.1,126.6,210520,,,A*4A
$GPGGA,214443.00,3728.123806,N,12209.314112,W,7,,0.38,-24.67,M,0.0,M,0.0,0000*7F
$GPRMC,214443.00,A,3728.123806,N,12209.314112,W,061.0,126.1,210520,,,A*43
$GPGGA,214444.00,3728.113552,N,12209.296627,W,7,,0.39,-24.62,M,0.0,M,0.0,0000*79
$GPRMC,214444.00,A,3728.113552,N,12209.296627,W,060.2,126.3,210520,,,A*40
$GPGGA,214445.00,3728.103586,N,12209.279695,W,7,,0.38,-24.75,M,0.0,M,0.0,0000*7F
$GPRMC,214445.00,A,3728.103586,N,12209.279695,W,059.7,126.6,210520,,,A*4B
$GPGGA,214446.00,3728.094064,N,12209.263411,W,7,,0.38,-24.72,M,0.0,M,0.0,0000*78
$GPRMC,214446.00,A,3728.094064,N,12209.263411,W,059.1,126.2,210520,,,A*49
$GPGGA,214447.00,3728.084379,N,12209.246918,W,7,,0.38,-24.78,M,0.0,M,0.0,0000*7E
$GPRMC,214447.00,A,3728.084379,N,12209.246918,W,058.7,126.5,210520,,,A*45
$GPGGA,214448.00,3728.074780,N,12209.230507,W,7,,0.38,-24.75,M,0.0,M,0.0,0000*72
$GPRMC,214448.00,A,3728.074780,N,12209.230507,W,058.2,126.4,210520,,,A*40
$GPGGA,214449.00,3728.065216,N,12209.214091,W,7,,0.38,-24.82,M,0.0,M,0.0,0000*7D
$GPRMC,214449.00,A,3728.065216,N,12209.214091,W,057.6,126.2,210520,,,A*4A
$GPGGA,214450.00,3728.055819,N,12209.197987,W,7,,0.38,-24.72,M,0.0,M,0.0,0000*7A
$GPRMC,214450.00,A,3728.055819,N,12209.197987,W,057.1,126.2,210520,,,A*45
$GPGGA,214451.00,3728.046549,N,12209.182003,W,7,,0.38,-24.77,M,0.0,M,0.0,0000*75
$GPRMC,214451.00,A,3728.046549,N,12209.182003,W,056.6,126.3,210520,,,A*48
$GPGGA,214452.00,3728.037033,N,12209.165647,W,7,,0.38,-24.66,M,0.0,M,0.0,0000*77
$GPRMC,214452.00,A,3728.037033,N,12209.165647,W,056.0,126.2,210520,,,A*4D
$GPGGA,214453.00,3728.028082,N,12209.150372,W,7,,0.38,-24.57,M,0.0,M,0.0,0000*75
$GPRMC,214453.00,A,3728.028082,N,12209.150372,W,055.5,126.3,210520,,,A*4A
$GPGGA,214454.00,3728.018973,N,12209.134927,W,7,,0.38,-24.43,M,0.0,M,0.0,0000*7B
$GPRMC,214454.00,A,3728.018973,N,12209.134927,W,054.9,126.1,210520,,,A*4E
$GPGGA,214455.00,3728.009950,N,12209.119585,W,7,,0.38,-24.35,M,0.0,M,0.0,0000*71
$GPRMC,214455.00,A,3728.009950,N,12209.119585,W,054.7,126.1,210520,,,A*4B
$GPGGA,214456.00,3728.000866,N,12209.104130,W,7,,0.38,-24.22,M,0.0,M,0.0,0000*7F
$GPRMC,214456.00,A,3728.000866,N,12209.104130,W,054.7,126.2,210520,,,A*40
$GPGGA,214457.00,3727.991571,N,12209.088289,W,7,,0.38,-24.15,M,0.0,M,0.0,0000*7B
$GPRMC,214457.00,A,3727.991571,N,12209.088289,W,054.8,126.3,210520,,,A*4E
$GPGGA,214458.00,3727.982836,N,12209.073511,W,7,,0.38,-24.00,M,0.0,M,0.0,0000*7E
$GPRMC,214458.00,A,3727.982836,N,12209.073511,W,054.5,126.7,210520,,,A*46
$GPGGA,214459.00,3727.973841,N,12209.058391,W,7,,0.38,-23.95,M,0.0,M,0.0,0000*7D
$GPRMC,214459.00,A,3727.973841,N,12209.058391,W,053.9,126.5,210520,,,A*47
$GPGGA,214500.00,3727.964596,N,12209.042846,W,7,,0.38,-23.86,M,0.0,M,0.0,0000*79
$GPRMC,214500.00,A,3727.964596,N,12209.042846,W,053.1,126.7,210520,,,A*4B
$GPGGA,214501.00,3727.955884,N,12209.028127,W,7,,0.38,-23.81,M,0.0,M,0.0,0000*71
$GPRMC,214501.00,A,3727.955884,N,12209.028127,W,052.4,126.5,210520,,,A*42
$GPGGA,214502.00,3727.947537,N,12209.013943,W,7,,0.38,-23.65,M,0.0,M,0.0,0000*7C
$GPRMC,214502.00,A,3727.947537,N,12209.013943,W,052.3,126.3,210520,,,A*44
$GPGGA,214503.00,3727.938867,N,12208.999177,W,7,,0.38,-23.53,M,0.0,M,0.0,0000*7D
$GPRMC,214503.00,A,3727.938867,N,12208.999177,W,052.2,126.2,210520,,,A*40
$GPGGA,214504.00,3727.930276,N,12208.984460,W,7,,0.38,-23.46,M,0.0,M,0.0,0000*73
$GPRMC,214504.00,A,3727.930276,N,12208.984460,W,052.5,126.3,210520,,,A*4C
$GPGGA,214505.00,3727.921372,N,12208.969250,W,7,,0.38,-23.37,M,0.0,M,0.0,0000*77
$GPRMC,214505.00,A,3727.921372,N,12208.969250,W,052.6,126.3,210520,,,A*4D
$GPGGA,214506.00,3727.912923,N,12208.954855,W,7,,0.38,-23.24,M,0.0,M,0.0,0000*79
$GPRMC,214506.00,A,3727.912923,N,12208.954855,W,052.4,126.4,210520,,,A*44
$GPGGA,214507.00,3727.904338,N,12208.940114,W,7,,0.38,-23.10,M,0.0,M,0.0,0000*71
$GPRMC,214507.00,A,3727.904338,N,12208.940114,W,052.5,126.4,210520,,,A*4A
$GPGGA,214508.00,3727.895487,N,12208.924795,W,7,,0.38,-23.11,M,0.0,M,0.0,0000*78
$GPRMC,214508.00,A,3727.895487,N,12208.924795,W,052.8,125.8,210520,,,A*40
$GPGGA,214509.00,3727.886913,N,12208.909778,W,7,,0.38,-23.08,M,0.0,M,0.0,0000*7F
$GPRMC,214509.00,A,3727.886913,N,12208.909778,W,053.2,125.8,210520,,,A*44
$GPGGA,214510.00,3727.878381,N,12208.895035,W,7,,0.38,-23.07,M,0.0,M,0.0,0000*72
$GPRMC,214510.00,A,3727.878381,N,12208.895035,W,053.7,125.9,210520,,,A*42
$GPGGA,214511.00,3727.869585,N,12208.879808,W,7,,0.38,-23.03,M,0.0,M,0.0,0000*71
$GPRMC,214511.00,A,3727.869585,N,12208.879808,W,054.2,126.1,210520,,,A*4C
$GPGGA,214512.00,3727.860681,N,12208.864508,W,7,,0.38,-23.08,M,0.0,M,0.0,0000*76
$GPRMC,214512.00,A,3727.860681,N,12208.864508,W,054.6,126.3,210520,,,A*46
$GPGGA,214513.00,3727.851550,N,12208.849010,W,7,,0.38,-23.18,M,0.0,M,0.0,0000*78
$GPRMC,214513.00,A,3727.851550,N,12208.849010,W,055.1,126.5,210520,,,A*49
$GPGGA,214514.00,3727.842358,N,12208.833481,W,7,,0.38,-23.40,M,0.0,M,0.0,0000*7F
$GPRMC,214514.00,A,3727.842358,N,12208.833481,W,055.8,126.7,210520,,,A*48
$GPGGA,214515.00,3727.833076,N,12208.817750,W,7,,0.38,-23.60,M,0.0,M,0.0,0000*7C
$GPRMC,214515.00,A,3727.833076,N,12208.817750,W,056.6,126.5,210520,,,A*46
$GPGGA,214516.00,3727.823380,N,12208.801316,W,7,,0.38,-23.96,M,0.0,M,0.0,0000*7C
$GPRMC,214516.00,A,3727.823380,N,12208.801316,W,057.2,126.4,210520,,,A*4B
$GPGGA,214517.00,3727.814146,N,12208.785530,W,7,,0.38,-24.14,M,0.0,M,0.0,0000*7D
$GPRMC,214517.00,A,3727.814146,N,12208.785530,W,057.7,126.4,210520,,,A*42
$GPGGA,214518.00,3727.804594,N,12208.769306,W,7,,0.38,-24.41,M,0.0,M,0.0,0000*79
$GPRMC,214518.00,A,3727.804594,N,12208.769306,W,058.2,126.4,210520,,,A*4C
$GPGGA,214519.00,3727.794934,N,12208.752895,W,7,,0.38,-24.58,M,0.0,M,0.0,0000*79
$GPRMC,214519.00,A,3727.794934,N,12208.752895,W,058.8,126.4,210520,,,A*4E
$GPGGA,214520.00,3727.785106,N,12208.736335,W,7,,0.38,-24.77,M,0.0,M,0.0,0000*74
$GPRMC,214520.00,A,3727.785106,N,12208.736335,W,059.0,126.8,210520,,,A*4B
$GPGGA,214521.00,3727.774966,N,12208.719319,W,7,,0.38,-24.98,M,0.0,M,0.0,0000*77
$GPRMC,214521.00,A,3727.774966,N,12208.719319,W,059.3,127.1,210520,,,A*42
$GPGGA,214522.00,3727.765395,N,12208.703359,W,7,,0.38,-25.04,M,0.0,M,0.0,0000*79
$GPRMC,214522.00,A,3727.765395,N,12208.703359,W,059.2,127.0,210520,,,A*48
$GPGGA,214523.00,3727.755549,N,12208.686908,W,7,,0.38,-25.05,M,0.0,M,0.0,0000*7F
$GPRMC,214523.00,A,3727.755549,N,12208.686908,W,059.1,126.7,210520,,,A*4A
$GPGGA,214524.00,3727.745428,N,12208.669658,W,7,,0.38,-24.90,M,0.0,M,0.0,0000*79
$GPRMC,214524.00,A,3727.745428,N,12208.669658,W,059.1,126.2,210520,,,A*44
$GPGGA,214525.00,3727.735750,N,12208.653049,W,7,,0.38,-24.81,M,0.0,M,0.0,0000*7C
$GPRMC,214525.00,A,3727.735750,N,12208.653049,W,059.2,126.2,210520,,,A*42
$GPGGA,214526.00,3727.726287,N,12208.636958,W,7,,0.38,-24.74,M,0.0,M,0.0,0000*72
$GPRMC,214526.00,A,3727.726287,N,12208.636958,W,059.5,126.5,210520,,,A*46
$GPGGA,214527.00,3727.716418,N,12208.620068,W,7,,0.38,-24.78,M,0.0,M,0.0,0000*71
$GPRMC,214527.00,A,3727.716418,N,12208.620068,W,059.7,126.4,210520,,,A*4A
$GPGGA,214528.00,3727.706589,N,12208.603327,W,7,,0.38,-24.75,M,0.0,M,0.0,0000*72
$GPRMC,214528.00,A,3727.706589,N,12208.603327,W,059.8,126.4,210520,,,A*4B
$GPGGA,214529.00,3727.696492,N,12208.586156,W,7,,0.38,-24.76,M,0.0,M,0.0,0000*79
$GPRMC,214529.00,A,3727.696492,N,12208.586156,W,059.3,126.2,210520,,,A*4E
$GPGGA,214530.00,3727.687006,N,12208.569979,W,7,,0.38,-24.85,M,0.0,M,0.0,0000*70
$GPRMC,214530.00,A,3727.687006,N,12208.569979,W,059.6,126.6,210520,,,A*4A
$GPGGA,214531.00,3727.677010,N,12208.553114,W,7,,0.38,-25.03,M,0.0,M,0.0,0000*7C
$GPRMC,214531.00,A,3727.677010,N,12208.553114,W,060.0,126.7,210520,,,A*44
$GPGGA,214532.00,3727.666677,N,12208.535744,W,7,,0.38,-25.11,M,0.0,M,0.0,0000*78
$GPRMC,214532.00,A,3727.666677,N,12208.535744,W,060.6,126.4,210520,,,A*46
$GPGGA,214533.00,3727.656694,N,12208.518656,W,7,,0.38,-25.12,M,0.0,M,0.0,0000*79
$GPRMC,214533.00,A,3727.656694,N,12208.518656,W,061.0,126.2,210520,,,A*45
$GPGGA,214534.00,3727.646890,N,12208.501957,W,7,,0.38,-25.06,M,0.0,M,0.0,0000*76
$GPRMC,214534.00,A,3727.646890,N,12208.501957,W,060.7,126.3,210520,,,A*48
$GPGGA,214535.00,3727.636875,N,12208.484918,W,7,,0.38,-24.96,M,0.0,M,0.0,0000*74
$GPRMC,214535.00,A,3727.636875,N,12208.484918,W,060.9,126.4,210520,,,A*4B
$GPGGA,214536.00,3727.626784,N,12208.467818,W,7,,0.38,-24.99,M,0.0,M,0.0,0000*74
$GPRMC,214536.00,A,3727.626784,N,12208.467818,W,061.4,126.4,210520,,,A*48
$GPGGA,214537.00,3727.616248,N,12208.450034,W,7,,0.38,-25.01,M,0.0,M,0.0,0000*71
$GPRMC,214537.00,A,3727.616248,N,12208.450034,W,061.9,126.6,210520,,,A*42
$GPGGA,214538.00,3727.606263,N,12208.433186,W,7,,0.38,-25.02,M,0.0,M,0.0,0000*78
$GPRMC,214538.00,A,3727.606263,N,12208.433186,W,061.5,126.3,210520,,,A*41
$GPGGA,214539.00,3727.596286,N,12208.416152,W,7,,0.38,-25.31,M,0.0,M,0.0,0000*76
$GPRMC,214539.00,A,3727.596286,N,12208.416152,W,060.8,126.3,210520,,,A*43
$GPGGA,214540.00,3727.585971,N,12208.398548,W,7,,0.38,-25.17,M,0.0,M,0.0,0000*73
$GPRMC,214540.00,A,3727.585971,N,12208.398548,W,060.8,126.1,210520,,,A*40
$GPGGA,214541.00,3727.576294,N,12208.381844,W,7,,0.38,-25.17,M,0.0,M,0.0,0000*77
$GPRMC,214541.00,A,3727.576294,N,12208.381844,W,060.7,125.7,210520,,,A*4E
$GPGGA,214542.00,3727.566508,N,12208.364792,W,7,,0.38,-25.07,M,0.0,M,0.0,0000*79
$GPRMC,214542.00,A,3727.566508,N,12208.364792,W,060.2,125.7,210520,,,A*44
$GPGGA,214543.00,3727.556770,N,12208.347967,W,7,,0.38,-25.06,M,0.0,M,0.0,0000*72
$GPRMC,214543.00,A,3727.556770,N,12208.347967,W,059.4,126.2,210520,,,A*44
$GPGGA,214544.00,3727.547079,N,12208.331300,W,7,,0.38,-25.03,M,0.0,M,0.0,0000*74
$GPRMC,214544.00,A,3727.547079,N,12208.331300,W,059.2,126.1,210520,,,A*42
$GPGGA,214545.00,3727.537216,N,12208.314488,W,7,,0.38,-24.93,M,0.0,M,0.0,0000*71
$GPRMC,214545.00,A,3727.537216,N,12208.314488,W,059.5,126.4,210520,,,A*4D
$GPGGA,214546.00,3727.527442,N,12208.297922,W,7,,0.38,-24.95,M,0.0,M,0.0,0000*75
$GPRMC,214546.00,A,3727.527442,N,12208.297922,W,059.4,126.6,210520,,,A*4C
$GPGGA,214547.00,3727.517710,N,12208.281373,W,7,,0.38,-25.01,M,0.0,M,0.0,0000*76
$GPRMC,214547.00,A,3727.517710,N,12208.281373,W,059.0,126.3,210520,,,A*42
$GPGGA,214548.00,3727.507659,N,12208.264207,W,7,,0.38,-25.05,M,0.0,M,0.0,0000*79
$GPRMC,214548.00,A,3727.507659,N,12208.264207,W,058.7,126.3,210520,,,A*4F
$GPGGA,214549.00,3727.498059,N,12208.247702,W,7,,0.38,-25.13,M,0.0,M,0.0,0000*7F
$GPRMC,214549.00,A,3727.498059,N,12208.247702,W,058.6,126.1,210520,,,A*4D
$GPGGA,214550.00,3727.488838,N,12208.231676,W,7,,0.38,-25.27,M,0.0,M,0.0,0000*7D
$GPRMC,214550.00,A,3727.488838,N,12208.231676,W,058.5,125.8,210520,,,A*41
$GPGGA,214551.00,3727.479375,N,12208.215146,W,7,,0.38,-25.37,M,0.0,M,0.0,0000*73
$GPRMC,214551.00,A,3727.479375,N,12208.215146,W,058.2,125.6,210520,,,A*47
$GPGGA,214552.00,3727.469914,N,12208.198561,W,7,,0.38,-25.37,M,0.0,M,0.0,0000*7B
$GPRMC,214552.00,A,3727.469914,N,12208.198561,W,058.1,126.0,210520,,,A*49
$GPGGA,214553.00,3727.460187,N,12208.181629,W,7,,0.38,-25.52,M,0.0,M,0.0,0000*75
$GPRMC,214553.00,A,3727.460187,N,12208.181629,W,058.1,125.9,210520,,,A*4E
$GPGGA,214554.00,3727.450995,N,12208.165861,W,7,,0.38,-25.64,M,0.0,M,0.0,0000*77
$GPRMC,214554.00,A,3727.450995,N,12208.165861,W,058.2,126.4,210520,,,A*44
$GPGGA,214555.00,3727.441323,N,12208.149422,W,7,,0.38,-25.76,M,0.0,M,0.0,0000*77
$GPRMC,214555.00,A,3727.441323,N,12208.149422,W,058.2,126.5,210520,,,A*46
$GPGGA,214556.00,3727.431363,N,12208.132567,W,7,,0.38,-25.85,M,0.0,M,0.0,0000*77
$GPRMC,214556.00,A,3727.431363,N,12208.132567,W,058.5,126.7,210520,,,A*4F
$GPGGA,214557.00,3727.421692,N,12208.116260,W,7,,0.38,-25.99,M,0.0,M,0.0,0000*77
$GPRMC,214557.00,A,3727.421692,N,12208.116260,W,058.5,126.5,210520,,,A*40
$GPGGA,214558.00,3727.412319,N,12208.100372,W,7,,0.38,-26.32,M,0.0,M,0.0,0000*79
$GPRMC,214558.00,A,3727.412319,N,12208.100372,W,058.7,126.5,210520,,,A*4E
$GPGGA,214559.00,3727.402551,N,12208.083770,W,7,,0.38,-26.58,M,0.0,M,0.0,0000*73
$GPRMC,214559.00,A,3727.402551,N,12208.083770,W,058.7,126.2,210520,,,A*4F
$GPGGA,214600.00,3727.392898,N,12208.067300,W,7,,0.38,-26.83,M,0.0,M,0.0,0000*75
$GPRMC,214600.00,A,3727.392898,N,12208.067300,W,058.9,126.2,210520,,,A*41
$GPGGA,214601.00,3727.382883,N,12208.050169,W,7,,0.38,-26.92,M,0.0,M,0.0,0000*76
$GPRMC,214601.00,A,3727.382883,N,12208.050169,W,059.3,126.6,210520,,,A*4D
$GPGGA,214602.00,3727.373295,N,12208.033904,W,7,,0.38,-27.07,M,0.0,M,0.0,0000*7D
$GPRMC,214602.00,A,3727.373295,N,12208.033904,W,059.8,126.7,210520,,,A*41
$GPGGA,214603.00,3727.363329,N,12208.017164,W,7,,0.38,-27.16,M,0.0,M,0.0,0000*73
$GPRMC,214603.00,A,3727.363329,N,12208.017164,W,060.2,126.9,210520,,,A*41
$GPGGA,214604.00,3727.353094,N,12207.999847,W,7,,0.38,-27.25,M,0.0,M,0.0,0000*7A
$GPRMC,214604.00,A,3727.353094,N,12207.999847,W,059.9,126.7,210520,,,A*47
$GPGGA,214605.00,3727.343218,N,12207.983059,W,7,,0.38,-27.18,M,0.0,M,0.0,0000*7E
$GPRMC,214605.00,A,3727.343218,N,12207.983059,W,059.9,126.6,210520,,,A*4C
$GPGGA,214606.00,3727.333510,N,12207.966667,W,7,,0.38,-27.26,M,0.0,M,0.0,0000*78
$GPRMC,214606.00,A,3727.333510,N,12207.966667,W,060.2,126.6,210520,,,A*46
$GPGGA,214607.00,3727.323537,N,12207.949700,W,7,,0.38,-27.31,M,0.0,M,0.0,0000*76
$GPRMC,214607.00,A,3727.323537,N,12207.949700,W,060.7,126.4,210520,,,A*49
$GPGGA,214608.00,3727.313649,N,12207.932744,W,7,,0.38,-27.33,M,0.0,M,0.0,0000*7E
$GPRMC,214608.00,A,3727.313649,N,12207.932744,W,060.3,126.2,210520,,,A*41
$GPGGA,214609.00,3727.303689,N,12207.915692,W,7,,0.38,-27.29,M,0.0,M,0.0,0000*76
$GPRMC,214609.00,A,3727.303689,N,12207.915692,W,059.9,126.2,210520,,,A*42
$GPGGA,214610.00,3727.293909,N,12207.898939,W,7,,0.38,-27.26,M,0.0,M,0.0,0000*74
$GPRMC,214610.00,A,3727.293909,N,12207.898939,W,059.7,126.4,210520,,,A*47
$GPGGA,214611.00,3727.284046,N,12207.882146,W,7,,0.38,-27.25,M,0.0,M,0.0,0000*79
$GPRMC,214611.00,A,3727.284046,N,12207.882146,W,060.1,126.5,210520,,,A*44
$GPGGA,214612.00,3727.273678,N,12207.864601,W,7,,0.38,-27.24,M,0.0,M,0.0,0000*74
$GPRMC,214612.00,A,3727.273678,N,12207.864601,W,060.5,126.4,210520,,,A*4D
$GPGGA,214613.00,3727.264029,N,12207.848197,W,7,,0.38,-27.26,M,0.0,M,0.0,0000*75
$GPRMC,214613.00,A,3727.264029,N,12207.848197,W,060.5,126.5,210520,,,A*4F
$GPGGA,214614.00,3727.254039,N,12207.831223,W,7,,0.38,-27.10,M,0.0,M,0.0,0000*77
$GPRMC,214614.00,A,3727.254039,N,12207.831223,W,060.6,126.5,210520,,,A*4B
$GPGGA,214615.00,3727.244062,N,12207.814219,W,7,,0.38,-27.06,M,0.0,M,0.0,0000*70
$GPRMC,214615.00,A,3727.244062,N,12207.814219,W,061.0,126.1,210520,,,A*48
$GPGGA,214616.00,3727.233952,N,12207.796939,W,7,,0.38,-27.07,M,0.0,M,0.0,0000*74
$GPRMC,214616.00,A,3727.233952,N,12207.796939,W,061.1,126.4,210520,,,A*49
$GPGGA,214617.00,3727.223590,N,12207.779347,W,7,,0.38,-27.08,M,0.0,M,0.0,0000*7B
$GPRMC,214617.00,A,3727.223590,N,12207.779347,W,060.8,126.7,210520,,,A*42
$GPGGA,214618.00,3727.213966,N,12207.762955,W,7,,0.38,-27.15,M,0.0,M,0.0,0000*7D
$GPRMC,214618.00,A,3727.213966,N,12207.762955,W,060.4,126.2,210520,,,A*41
$GPGGA,214619.00,3727.204036,N,12207.745885,W,7,,0.38,-27.05,M,0.0,M,0.0,0000*7E
$GPRMC,214619.00,A,3727.204036,N,12207.745885,W,060.0,126.2,210520,,,A*47
$GPGGA,214620.00,3727.193854,N,12207.728426,W,7,,0.38,-27.03,M,0.0,M,0.0,0000*7D
$GPRMC,214620.00,A,3727.193854,N,12207.728426,W,060.4,126.3,210520,,,A*47
$GPGGA,214621.00,3727.183930,N,12207.711487,W,7,,0.38,-26.87,M,0.0,M,0.0,0000*72
$GPRMC,214621.00,A,3727.183930,N,12207.711487,W,060.5,126.6,210520,,,A*41
$GPGGA,214622.00,3727.174323,N,12207.695143,W,7,,0.38,-26.80,M,0.0,M,0.0,0000*76
$GPRMC,214622.00,A,3727.174323,N,12207.695143,W,060.2,126.3,210520,,,A*40
$GPGGA,214623.00,3727.164310,N,12207.678218,W,7,,0.38,-26.96,M,0.0,M,0.0,0000*7F
$GPRMC,214623.00,A,3727.164310,N,12207.678218,W,060.0,126.5,210520,,,A*4A
$GPGGA,214624.00,3727.154386,N,12207.661447,W,7,,0.38,-27.07,M,0.0,M,0.0,0000*79
$GPRMC,214624.00,A,3727.154386,N,12207.661447,W,060.0,126.7,210520,,,A*47
$GPGGA,214625.00,3727.144060,N,12207.644234,W,7,,0.38,-27.20,M,0.0,M,0.0,0000*72
$GPRMC,214625.00,A,3727.144060,N,12207.644234,W,059.9,127.3,210520,,,A*4F
$GPGGA,214626.00,3727.134039,N,12207.628262,W,7,,0.38,-27.32,M,0.0,M,0.0,0000*70
$GPRMC,214626.00,A,3727.134039,N,12207.628262,W,059.7,129.0,210520,,,A*4D
$GPGGA,214627.00,3727.123450,N,12207.612308,W,7,,0.38,-27.38,M,0.0,M,0.0,0000*72
$GPRMC,214627.00,A,3727.123450,N,12207.612308,W,059.6,129.8,210520,,,A*4C
$GPGGA,214628.00,3727.112356,N,12207.596269,W,7,,0.38,-27.47,M,0.0,M,0.0,0000*7F
$GPRMC,214628.00,A,3727.112356,N,12207.596269,W,059.0,131.1,210520,,,A*4F
$GPGGA,214629.00,3727.101531,N,12207.581077,W,7,,0.38,-27.58,M,0.0,M,0.0,0000*7E
$GPRMC,214629.00,A,3727.101531,N,12207.581077,W,058.3,132.1,210520,,,A*41
$GPGGA,214630.00,3727.090828,N,12207.566720,W,7,,0.38,-27.72,M,0.0,M,0.0,0000*7E
$GPRMC,214630.00,A,3727.090828,N,12207.566720,W,057.6,133.4,210520,,,A*47
$GPGGA,214631.00,3727.079769,N,12207.552325,W,7,,0.38,-27.86,M,0.0,M,0.0,0000*7F
$GPRMC,214631.00,A,3727.079769,N,12207.552325,W,057.4,134.2,210520,,,A*4E
$GPGGA,214632.00,3727.068603,N,12207.538237,W,7,,0.38,-27.98,M,0.0,M,0.0,0000*70
$GPRMC,214632.00,A,3727.068603,N,12207.538237,W,057.0,135.4,210520,,,A*4D
$GPGGA,214633.00,3727.057054,N,12207.524503,W,7,,0.38,-28.13,M,0.0,M,0.0,0000*78
$GPRMC,214633.00,A,3727.057054,N,12207.524503,W,056.5,136.8,210520,,,A*42
$GPGGA,214634.00,3727.045456,N,12207.511405,W,7,,0.38,-28.29,M,0.0,M,0.0,0000*72
$GPRMC,214634.00,A,3727.045456,N,12207.511405,W,056.0,137.5,210520,,,A*48
$GPGGA,214635.00,3727.033791,N,12207.498662,W,7,,0.38,-28.44,M,0.0,M,0.0,0000*72
$GPRMC,214635.00,A,3727.033791,N,12207.498662,W,055.5,138.7,210520,,,A*48
$GPGGA,214636.00,3727.021774,N,12207.485792,W,7,,0.38,-28.47,M,0.0,M,0.0,0000*78
$GPRMC,214636.00,A,3727.021774,N,12207.485792,W,054.9,139.3,210520,,,A*49
$GPGGA,214637.00,3727.010523,N,12207.473953,W,7,,0.38,-28.61,M,0.0,M,0.0,0000*75
$GPRMC,214637.00,A,3727.010523,N,12207.473953,W,053.7,139.9,210520,,,A*43
$GPGGA,214638.00,3726.999148,N,12207.462217,W,7,,0.38,-28.70,M,0.0,M,0.0,0000*71
$GPRMC,214638.00,A,3726.999148,N,12207.462217,W,052.6,140.2,210520,,,A*42
$GPGGA,214639.00,3726.988024,N,12207.450685,W,7,,0.38,-28.83,M,0.0,M,0.0,0000*79
$GPRMC,214639.00,A,3726.988024,N,12207.450685,W,051.7,140.3,210520,,,A*45
$GPGGA,214640.00,3726.976803,N,12207.439130,W,7,,0.38,-28.98,M,0.0,M,0.0,0000*77
$GPRMC,214640.00,A,3726.976803,N,12207.439130,W,051.9,140.4,210520,,,A*48
$GPGGA,214641.00,3726.965349,N,12207.427184,W,7,,0.38,-29.12,M,0.0,M,0.0,0000*72
$GPRMC,214641.00,A,3726.965349,N,12207.427184,W,052.4,140.5,210520,,,A*41
$GPGGA,214642.00,3726.954453,N,12207.415771,W,7,,0.38,-29.18,M,0.0,M,0.0,0000*78
$GPRMC,214642.00,A,3726.954453,N,12207.415771,W,053.0,140.3,210520,,,A*42
$GPGGA,214643.00,3726.943173,N,12207.403831,W,7,,0.38,-29.39,M,0.0,M,0.0,0000*77
$GPRMC,214643.00,A,3726.943173,N,12207.403831,W,053.5,140.1,210520,,,A*49
$GPGGA,214644.00,3726.931372,N,12207.391351,W,7,,0.38,-29.37,M,0.0,M,0.0,0000*79
$GPRMC,214644.00,A,3726.931372,N,12207.391351,W,053.4,140.0,210520,,,A*49
$GPGGA,214645.00,3726.919857,N,12207.379393,W,7,,0.39,-29.54,M,0.0,M,0.0,0000*72
$GPRMC,214645.00,A,3726.919857,N,12207.379393,W,053.9,140.3,210520,,,A*48
$GPGGA,214646.00,3726.908811,N,12207.367652,W,7,,0.38,-29.72,M,0.0,M,0.0,0000*71
$GPRMC,214646.00,A,3726.908811,N,12207.367652,W,054.2,140.2,210520,,,A*43
$GPGGA,214647.00,3726.897190,N,12207.355382,W,7,,0.38,-29.83,M,0.0,M,0.0,0000*70
$GPRMC,214647.00,A,3726.897190,N,12207.355382,W,054.2,140.3,210520,,,A*4D
$GPGGA,214648.00,3726.885658,N,12207.343178,W,7,,0.38,-29.87,M,0.0,M,0.0,0000*7B
$GPRMC,214648.00,A,3726.885658,N,12207.343178,W,054.5,140.2,210520,,,A*44
$GPGGA,214649.00,3726.873741,N,12207.330668,W,7,,0.38,-30.00,M,0.0,M,0.0,0000*7F
$GPRMC,214649.00,A,3726.873741,N,12207.330668,W,054.2,140.5,210520,,,A*47
$GPGGA,214650.00,3726.862504,N,12207.318950,W,7,,0.38,-30.12,M,0.0,M,0.0,0000*79
$GPRMC,214650.00,A,3726.862504,N,12207.318950,W,053.7,140.7,210520,,,A*42
$GPGGA,214651.00,3726.851067,N,12207.307063,W,7,,0.38,-30.09,M,0.0,M,0.0,0000*75
$GPRMC,214651.00,A,3726.851067,N,12207.307063,W,053.5,140.5,210520,,,A*44
$GPGGA,214652.00,3726.839404,N,12207.294769,W,7,,0.38,-30.15,M,0.0,M,0.0,0000*72
$GPRMC,214652.00,A,3726.839404,N,12207.294769,W,053.4,140.2,210520,,,A*48
$GPGGA,214653.00,3726.828124,N,12207.282937,W,7,,0.38,-30.14,M,0.0,M,0.0,0000*77
$GPRMC,214653.00,A,3726.828124,N,12207.282937,W,053.1,140.3,210520,,,A*48
$GPGGA,214654.00,3726.817095,N,12207.271394,W,7,,0.38,-30.13,M,0.0,M,0.0,0000*7F
$GPRMC,214654.00,A,3726.817095,N,12207.271394,W,052.8,140.3,210520,,,A*4F
$GPGGA,214655.00,3726.805863,N,12207.259658,W,7,,0.38,-30.05,M,0.0,M,0.0,0000*74
$GPRMC,214655.00,A,3726.805863,N,12207.259658,W,052.3,140.5,210520,,,A*4E
$GPGGA,214656.00,3726.794824,N,12207.248270,W,7,,0.38,-29.96,M,0.0,M,0.0,0000*7F
$GPRMC,214656.00,A,3726.794824,N,12207.248270,W,051.4,140.6,210520,,,A*40
$GPGGA,214657.00,3726.783778,N,12207.236731,W,7,,0.38,-29.95,M,0.0,M,0.0,0000*74
$GPRMC,214657.00,A,3726.783778,N,12207.236731,W,051.1,140.1,210520,,,A*4A
$GPGGA,214658.00,3726.772989,N,12207.225380,W,7,,0.38,-29.92,M,0.0,M,0.0,0000*7E
$GPRMC,214658.00,A,3726.772989,N,12207.225380,W,050.6,140.2,210520,,,A*42
$GPGGA,214659.00,3726.762322,N,12207.214195,W,7,,0.38,-29.98,M,0.0,M,0.0,0000*7B
$GPRMC,214659.00,A,3726.762322,N,12207.214195,W,050.0,140.1,210520,,,A*48
$GPGGA,214700.00,3726.751480,N,12207.202790,W,7,,0.38,-29.93,M,0.0,M,0.0,0000*76
$GPRMC,214700.00,A,3726.751480,N,12207.202790,W,049.2,140.1,210520,,,A*44
$GPGGA,214701.00,3726.741334,N,12207.192097,W,7,,0.38,-30.18,M,0.0,M,0.0,0000*7F
$GPRMC,214701.00,A,3726.741334,N,12207.192097,W,048.7,140.2,210520,,,A*41
$GPGGA,214702.00,3726.731073,N,12207.181207,W,7,,0.38,-30.14,M,0.0,M,0.0,0000*7E
$GPRMC,214702.00,A,3726.731073,N,12207.181207,W,048.4,140.0,210520,,,A*4D
$GPGGA,214703.00,3726.720844,N,12207.170444,W,7,,0.38,-30.24,M,0.0,M,0.0,0000*7F
$GPRMC,214703.00,A,3726.720844,N,12207.170444,W,048.1,140.2,210520,,,A*48
$GPGGA,214704.00,3726.710476,N,12207.159493,W,7,,0.38,-30.26,M,0.0,M,0.0,0000*75
$GPRMC,214704.00,A,3726.710476,N,12207.159493,W,048.3,140.5,210520,,,A*45
$GPGGA,214705.00,3726.699718,N,12207.148358,W,7,,0.38,-30.15,M,0.0,M,0.0,0000*7F
$GPRMC,214705.00,A,3726.699718,N,12207.148358,W,048.7,140.3,210520,,,A*4D
$GPGGA,214706.00,3726.689661,N,12207.137798,W,7,,0.38,-30.22,M,0.0,M,0.0,0000*76
$GPRMC,214706.00,A,3726.689661,N,12207.137798,W,049.2,140.2,210520,,,A*45
$GPGGA,214707.00,3726.679180,N,12207.126872,W,7,,0.38,-30.21,M,0.0,M,0.0,0000*78
$GPRMC,214707.00,A,3726.679180,N,12207.126872,W,049.0,140.1,210520,,,A*49
$GPGGA,214708.00,3726.668361,N,12207.115478,W,7,,0.38,-30.18,M,0.0,M,0.0,0000*76
$GPRMC,214708.00,A,3726.668361,N,12207.115478,W,049.0,140.0,210520,,,A*4C
$GPGGA,214709.00,3726.657826,N,12207.104390,W,7,,0.38,-30.15,M,0.0,M,0.0,0000*7F
$GPRMC,214709.00,A,3726.657826,N,12207.104390,W,049.8,140.0,210520,,,A*40
$GPGGA,214710.00,3726.647607,N,12207.093685,W,7,,0.38,-30.13,M,0.0,M,0.0,0000*73
$GPRMC,214710.00,A,3726.647607,N,12207.093685,W,049.6,140.2,210520,,,A*46
$GPGGA,214711.00,3726.637006,N,12207.082532,W,7,,0.38,-30.12,M,0.0,M,0.0,0000*7C
$GPRMC,214711.00,A,3726.637006,N,12207.082532,W,049.3,140.0,210520,,,A*4F
$GPGGA,214712.00,3726.626572,N,12207.071569,W,7,,0.38,-30.07,M,0.0,M,0.0,0000*7F
$GPRMC,214712.00,A,3726.626572,N,12207.071569,W,049.1,140.0,210520,,,A*4A
$GPGGA,214713.00,3726.615723,N,12207.060181,W,7,,0.38,-30.04,M,0.0,M,0.0,0000*79
$GPRMC,214713.00,A,3726.615723,N,12207.060181,W,049.7,140.2,210520,,,A*4B
$GPGGA,214714.00,3726.605457,N,12207.049370,W,7,,0.38,-30.06,M,0.0,M,0.0,0000*7A
$GPRMC,214714.00,A,3726.605457,N,12207.049370,W,049.9,140.0,210520,,,A*46
$GPGGA,214715.00,3726.594705,N,12207.038005,W,7,,0.38,-30.07,M,0.0,M,0.0,0000*72
$GPRMC,214715.00,A,3726.594705,N,12207.038005,W,050.5,139.7,210520,,,A*42
$GPGGA,214716.00,3726.583708,N,12207.026378,W,7,,0.38,-30.11,M,0.0,M,0.0,0000*7B
$GPRMC,214716.00,A,3726.583708,N,12207.026378,W,050.5,140.0,210520,,,A*45
$GPGGA,214717.00,3726.572847,N,12207.015146,W,7,,0.38,-30.15,M,0.0,M,0.0,0000*7B
$GPRMC,214717.00,A,3726.572847,N,12207.015146,W,050.8,140.4,210520,,,A*48
$GPGGA,214718.00,3726.562263,N,12207.004207,W,7,,0.38,-30.24,M,0.0,M,0.0,0000*7D
$GPRMC,214718.00,A,3726.562263,N,12207.004207,W,050.7,140.6,210520,,,A*41
$GPGGA,214719.00,3726.551422,N,12206.992891,W,7,,0.38,-30.24,M,0.0,M,0.0,0000*7D
$GPRMC,214719.00,A,3726.551422,N,12206.992891,W,050.8,140.2,210520,,,A*4A
$GPGGA,214720.00,3726.540586,N,12206.981419,W,7,,0.38,-30.20,M,0.0,M,0.0,0000*72
$GPRMC,214720.00,A,3726.540586,N,12206.981419,W,051.3,140.0,210520,,,A*49
$GPGGA,214721.00,3726.529587,N,12206.969750,W,7,,0.38,-30.18,M,0.0,M,0.0,0000*7E
$GPRMC,214721.00,A,3726.529587,N,12206.969750,W,051.7,140.2,210520,,,A*48
$GPGGA,214722.00,3726.518554,N,12206.958091,W,7,,0.38,-30.12,M,0.0,M,0.0,0000*73
$GPRMC,214722.00,A,3726.518554,N,12206.958091,W,052.2,140.0,210520,,,A*4B
$GPGGA,214723.00,3726.507399,N,12206.946403,W,7,,0.38,-30.13,M,0.0,M,0.0,0000*7A
$GPRMC,214723.00,A,3726.507399,N,12206.946403,W,052.6,140.1,210520,,,A*46
$GPGGA,214724.00,3726.495856,N,12206.934355,W,7,,0.38,-30.13,M,0.0,M,0.0,0000*7E
$GPRMC,214724.00,A,3726.495856,N,12206.934355,W,052.3,140.4,210520,,,A*42
$GPGGA,214725.00,3726.485026,N,12206.923045,W,7,,0.38,-29.45,M,0.0,M,0.0,0000*7E
$GPRMC,214725.00,A,3726.485026,N,12206.923045,W,051.8,140.5,210520,,,A*40
$GPGGA,214726.00,3726.474063,N,12206.911640,W,7,,0.38,-29.72,M,0.0,M,0.0,0000*74
$GPRMC,214726.00,A,3726.474063,N,12206.911640,W,051.0,140.3,210520,,,A*40
$GPGGA,214727.00,3726.463299,N,12206.900269,W,7,,0.38,-29.81,M,0.0,M,0.0,0000*77
$GPRMC,214727.00,A,3726.463299,N,12206.900269,W,050.6,140.0,210520,,,A*4B
$GPGGA,214728.00,3726.452440,N,12206.888953,W,7,,0.38,-29.73,M,0.0,M,0.0,0000*76
$GPRMC,214728.00,A,3726.452440,N,12206.888953,W,050.5,140.4,210520,,,A*40
$GPGGA,214729.00,3726.441669,N,12206.877848,W,7,,0.38,-29.57,M,0.0,M,0.0,0000*71
$GPRMC,214729.00,A,3726.441669,N,12206.877848,W,050.0,141.1,210520,,,A*40
$GPGGA,214730.00,3726.430827,N,12206.866951,W,7,,0.38,-29.39,M,0.0,M,0.0,0000*7A
$GPRMC,214730.00,A,3726.430827,N,12206.866951,W,050.1,141.4,210520,,,A*47
$GPGGA,214731.00,3726.420027,N,12206.856026,W,7,,0.38,-29.18,M,0.0,M,0.0,0000*7B
$GPRMC,214731.00,A,3726.420027,N,12206.856026,W,050.0,141.1,210520,,,A*41
$GPGGA,214732.00,3726.408922,N,12206.844698,W,7,,0.38,-29.02,M,0.0,M,0.0,0000*75
$GPRMC,214732.00,A,3726.408922,N,12206.844698,W,049.5,140.7,210520,,,A*4E
$GPGGA,214733.00,3726.398422,N,12206.833682,W,7,,0.38,-28.90,M,0.0,M,0.0,0000*76
$GPRMC,214733.00,A,3726.398422,N,12206.833682,W,049.3,140.2,210520,,,A*44
$GPGGA,214734.00,3726.388299,N,12206.823073,W,7,,0.38,-29.06,M,0.0,M,0.0,0000*71
$GPRMC,214734.00,A,3726.388299,N,12206.823073,W,049.1,140.2,210520,,,A*4F
$GPGGA,214735.00,3726.377703,N,12206.811896,W,7,,0.38,-29.08,M,0.0,M,0.0,0000*7A
$GPRMC,214735.00,A,3726.377703,N,12206.811896,W,049.6,140.1,210520,,,A*4E
$GPGGA,214736.00,3726.367336,N,12206.800741,W,7,,0.38,-29.29,M,0.0,M,0.0,0000*7C
$GPRMC,214736.00,A,3726.367336,N,12206.800741,W,049.2,139.1,210520,,,A*41
$GPGGA,214737.00,3726.356644,N,12206.789084,W,7,,0.38,-29.65,M,0.0,M,0.0,0000*77
$GPRMC,214737.00,A,3726.356644,N,12206.789084,W,049.7,139.0,210520,,,A*46
$GPGGA,214738.00,3726.346491,N,12206.777995,W,7,,0.38,-29.84,M,0.0,M,0.0,0000*74
$GPRMC,214738.00,A,3726.346491,N,12206.777995,W,050.3,139.2,210520,,,A*44
$GPGGA,214739.00,3726.335782,N,12206.766470,W,7,,0.38,-30.07,M,0.0,M,0.0,0000*75
$GPRMC,214739.00,A,3726.335782,N,12206.766470,W,050.5,139.8,210520,,,A*4A
$GPGGA,214740.00,3726.324663,N,12206.754727,W,7,,0.38,-30.28,M,0.0,M,0.0,0000*78
$GPRMC,214740.00,A,3726.324663,N,12206.754727,W,051.1,140.2,210520,,,A*4B
$GPGGA,214741.00,3726.313774,N,12206.743177,W,7,,0.38,-30.24,M,0.0,M,0.0,0000*73
$GPRMC,214741.00,A,3726.313774,N,12206.743177,W,051.7,140.1,210520,,,A*49
$GPGGA,214742.00,3726.303027,N,12206.731843,W,7,,0.38,-30.23,M,0.0,M,0.0,0000*7C
$GPRMC,214742.00,A,3726.303027,N,12206.731843,W,052.2,140.3,210520,,,A*45
$GPGGA,214743.00,3726.291742,N,12206.720167,W,7,,0.38,-30.31,M,0.0,M,0.0,0000*7F
$GPRMC,214743.00,A,3726.291742,N,12206.720167,W,052.9,140.6,210520,,,A*4B
$GPGGA,214744.00,3726.280269,N,12206.708432,W,7,,0.38,-30.30,M,0.0,M,0.0,0000*7A
$GPRMC,214744.00,A,3726.280269,N,12206.708432,W,053.6,140.6,210520,,,A*41
$GPGGA,214745.00,3726.268498,N,12206.696173,W,7,,0.38,-30.26,M,0.0,M,0.0,0000*74
$GPRMC,214745.00,A,3726.268498,N,12206.696173,W,053.4,140.2,210520,,,A*4E
$GPGGA,214746.00,3726.257469,N,12206.684665,W,7,,0.38,-30.30,M,0.0,M,0.0,0000*71
$GPRMC,214746.00,A,3726.257469,N,12206.684665,W,052.8,140.3,210520,,,A*40
$GPGGA,214747.00,3726.246286,N,12206.672924,W,7,,0.38,-30.39,M,0.0,M,0.0,0000*7D
$GPRMC,214747.00,A,3726.246286,N,12206.672924,W,052.5,140.1,210520,,,A*4A
$GPGGA,214748.00,3726.234802,N,12206.660869,W,7,,0.38,-30.53,M,0.0,M,0.0,0000*76
$GPRMC,214748.00,A,3726.234802,N,12206.660869,W,052.4,140.0,210520,,,A*4D
$GPGGA,214749.00,3726.223863,N,12206.649404,W,7,,0.38,-30.41,M,0.0,M,0.0,0000*79
$GPRMC,214749.00,A,3726.223863,N,12206.649404,W,052.5,139.6,210520,,,A*48
$GPGGA,214750.00,3726.212787,N,12206.637691,W,7,,0.38,-30.43,M,0.0,M,0.0,0000*73
$GPRMC,214750.00,A,3726.212787,N,12206.637691,W,052.1,139.8,210520,,,A*4A
$GPGGA,214751.00,3726.201795,N,12206.626039,W,7,,0.38,-30.49,M,0.0,M,0.0,0000*7D
$GPRMC,214751.00,A,3726.201795,N,12206.626039,W,051.7,140.0,210520,,,A*4D
$GPGGA,214752.00,3726.190906,N,12206.614477,W,7,,0.38,-30.49,M,0.0,M,0.0,0000*7E
$GPRMC,214752.00,A,3726.190906,N,12206.614477,W,051.3,139.8,210520,,,A*4C
$GPGGA,214753.00,3726.179956,N,12206.602880,W,7,,0.38,-30.53,M,0.0,M,0.0,0000*75
$GPRMC,214753.00,A,3726.179956,N,12206.602880,W,051.2,140.0,210520,,,A*4B
$GPGGA,214754.00,3726.168927,N,12206.591408,W,7,,0.38,-30.44,M,0.0,M,0.0,0000*77
$GPRMC,214754.00,A,3726.168927,N,12206.591408,W,051.7,140.3,210520,,,A*49
$GPGGA,214755.00,3726.157989,N,12206.579762,W,7,,0.38,-30.27,M,0.0,M,0.0,0000*72
$GPRMC,214755.00,A,3726.157989,N,12206.579762,W,052.0,139.7,210520,,,A*47
$GPGGA,214756.00,3726.146440,N,12206.567629,W,7,,0.38,-30.23,M,0.0,M,0.0,0000*7C
$GPRMC,214756.00,A,3726.146440,N,12206.567629,W,052.2,140.0,210520,,,A*46
$GPGGA,214757.00,3726.135699,N,12206.556380,W,7,,0.38,-30.17,M,0.0,M,0.0,0000*7C
$GPRMC,214757.00,A,3726.135699,N,12206.556380,W,052.0,140.0,210520,,,A*43
$GPGGA,214758.00,3726.124683,N,12206.544763,W,7,,0.38,-30.18,M,0.0,M,0.0,0000*7D
$GPRMC,214758.00,A,3726.124683,N,12206.544763,W,051.8,140.2,210520,,,A*44
$GPGGA,214759.00,3726.113583,N,12206.533063,W,7,,0.38,-30.23,M,0.0,M,0.0,0000*74
$GPRMC,214759.00,A,3726.113583,N,12206.533063,W,051.8,140.2,210520,,,A*45
$GPGGA,214800.00,3726.102531,N,12206.521453,W,7,,0.38,-30.21,M,0.0,M,0.0,0000*78
$GPRMC,214800.00,A,3726.102531,N,12206.521453,W,051.9,139.9,210520,,,A*4F
$GPGGA,214801.00,3726.091090,N,12206.509549,W,7,,0.38,-30.33,M,0.0,M,0.0,0000*7F
$GPRMC,214801.00,A,3726.091090,N,12206.509549,W,052.1,140.1,210520,,,A*46
$GPGGA,214802.00,3726.080349,N,12206.498330,W,7,,0.38,-30.30,M,0.0,M,0.0,0000*79
$GPRMC,214802.00,A,3726.080349,N,12206.498330,W,052.4,140.0,210520,,,A*47
$GPGGA,214803.00,3726.069022,N,12206.486515,W,7,,0.38,-30.38,M,0.0,M,0.0,0000*77
$GPRMC,214803.00,A,3726.069022,N,12206.486515,W,052.7,140.2,210520,,,A*40
$GPGGA,214804.00,3726.057490,N,12206.474402,W,7,,0.38,-30.31,M,0.0,M,0.0,0000*73
$GPRMC,214804.00,A,3726.057490,N,12206.474402,W,052.5,140.0,210520,,,A*4D
$GPGGA,214805.00,3726.046288,N,12206.462726,W,7,,0.38,-30.32,M,0.0,M,0.0,0000*7C
$GPRMC,214805.00,A,3726.046288,N,12206.462726,W,052.5,140.3,210520,,,A*42
$GPGGA,214806.00,3726.035434,N,12206.451332,W,7,,0.38,-30.42,M,0.0,M,0.0,0000*7C
$GPRMC,214806.00,A,3726.035434,N,12206.451332,W,052.2,140.1,210520,,,A*40
$GPGGA,214807.00,3726.024501,N,12206.439818,W,7,,0.38,-30.32,M,0.0,M,0.0,0000*70
$GPRMC,214807.00,A,3726.024501,N,12206.439818,W,051.4,140.0,210520,,,A*4F
$GPGGA,214808.00,3726.013623,N,12206.428429,W,7,,0.38,-30.36,M,0.0,M,0.0,0000*72
$GPRMC,214808.00,A,3726.013623,N,12206.428429,W,050.8,140.2,210520,,,A*46
$GPGGA,214809.00,3726.002524,N,12206.416831,W,7,,0.38,-30.22,M,0.0,M,0.0,0000*7A
$GPRMC,214809.00,A,3726.002524,N,12206.416831,W,050.2,140.3,210520,,,A*40
$GPGGA,214810.00,3725.992126,N,12206.405996,W,7,,0.38,-30.03,M,0.0,M,0.0,0000*7A
$GPRMC,214810.00,A,3725.992126,N,12206.405996,W,049.6,140.4,210520,,,A*48
$GPGGA,214811.00,3725.981667,N,12206.395046,W,7,,0.38,-29.82,M,0.0,M,0.0,0000*70
$GPRMC,214811.00,A,3725.981667,N,12206.395046,W,049.0,140.2,210520,,,A*43
$GPGGA,214812.00,3725.970994,N,12206.383783,W,7,,0.38,-29.55,M,0.0,M,0.0,0000*7D
$GPRMC,214812.00,A,3725.970994,N,12206.383783,W,048.7,140.0,210520,,,A*40
$GPGGA,214813.00,3725.960835,N,12206.373079,W,7,,0.38,-29.29,M,0.0,M,0.0,0000*71
$GPRMC,214813.00,A,3725.960835,N,12206.373079,W,048.8,140.1,210520,,,A*49
$GPGGA,214814.00,3725.950498,N,12206.362195,W,7,,0.38,-28.91,M,0.0,M,0.0,0000*7F
$GPRMC,214814.00,A,3725.950498,N,12206.362195,W,048.4,140.1,210520,,,A*49
$GPGGA,214815.00,3725.940291,N,12206.351407,W,7,,0.38,-28.70,M,0.0,M,0.0,0000*71
$GPRMC,214815.00,A,3725.940291,N,12206.351407,W,048.1,140.1,210520,,,A*4D
$GPGGA,214816.00,3725.930085,N,12206.340632,W,7,,0.38,-28.70,M,0.0,M,0.0,0000*76
$GPRMC,214816.00,A,3725.930085,N,12206.340632,W,048.2,140.1,210520,,,A*49
$GPGGA,214817.00,3725.919676,N,12206.329688,W,7,,0.38,-28.60,M,0.0,M,0.0,0000*79
$GPRMC,214817.00,A,3725.919676,N,12206.329688,W,048.6,140.2,210520,,,A*40
$GPGGA,214818.00,3725.909259,N,12206.318828,W,7,,0.38,-28.67,M,0.0,M,0.0,0000*7F
$GPRMC,214818.00,A,3725.909259,N,12206.318828,W,049.0,140.0,210520,,,A*44
$GPGGA,214819.00,3725.898789,N,12206.307884,W,7,,0.38,-28.74,M,0.0,M,0.0,0000*75
$GPRMC,214819.00,A,3725.898789,N,12206.307884,W,049.2,140.2,210520,,,A*4C
$GPGGA,214820.00,3725.887941,N,12206.296459,W,7,,0.38,-28.96,M,0.0,M,0.0,0000*72
$GPRMC,214820.00,A,3725.887941,N,12206.296459,W,049.2,140.2,210520,,,A*47
$GPGGA,214821.00,3725.877760,N,12206.285743,W,7,,0.38,-29.21,M,0.0,M,0.0,0000*76
$GPRMC,214821.00,A,3725.877760,N,12206.285743,W,049.6,139.9,210520,,,A*4F
$GPGGA,214822.00,3725.867187,N,12206.274638,W,7,,0.38,-29.58,M,0.0,M,0.0,0000*76
$GPRMC,214822.00,A,3725.867187,N,12206.274638,W,050.0,140.1,210520,,,A*49
$GPGGA,214823.00,3725.856459,N,12206.263423,W,7,,0.38,-29.87,M,0.0,M,0.0,0000*7F
$GPRMC,214823.00,A,3725.856459,N,12206.263423,W,050.5,140.3,210520,,,A*45
$GPGGA,214824.00,3725.845593,N,12206.252095,W,7,,0.38,-30.14,M,0.0,M,0.0,0000*74
$GPRMC,214824.00,A,3725.845593,N,12206.252095,W,050.5,140.1,210520,,,A*4E
$GPGGA,214825.00,3725.834554,N,12206.240456,W,7,,0.38,-30.34,M,0.0,M,0.0,0000*72
$GPRMC,214825.00,A,3725.834554,N,12206.240456,W,050.4,139.9,210520,,,A*4D
$GPGGA,214826.00,3725.824209,N,12206.229661,W,7,,0.38,-30.39,M,0.0,M,0.0,0000*7B
$GPRMC,214826.00,A,3725.824209,N,12206.229661,W,050.1,140.1,210520,,,A*4A
$GPGGA,214827.00,3725.813428,N,12206.218382,W,7,,0.38,-30.36,M,0.0,M,0.0,0000*7E
$GPRMC,214827.00,A,3725.813428,N,12206.218382,W,050.2,140.3,210520,,,A*41
$GPGGA,214828.00,3725.802316,N,12206.206850,W,7,,0.38,-30.33,M,0.0,M,0.0,0000*75
$GPRMC,214828.00,A,3725.802316,N,12206.206850,W,050.5,140.3,210520,,,A*48
$GPGGA,214829.00,3725.791527,N,12206.195660,W,7,,0.38,-30.34,M,0.0,M,0.0,0000*76
$GPRMC,214829.00,A,3725.791527,N,12206.195660,W,050.4,140.3,210520,,,A*4D
$GPGGA,214830.00,3725.781093,N,12206.184848,W,7,,0.38,-30.37,M,0.0,M,0.0,0000*72
$GPRMC,214830.00,A,3725.781093,N,12206.184848,W,050.4,140.4,210520,,,A*4D
$GPGGA,214831.00,3725.770179,N,12206.173484,W,7,,0.38,-30.38,M,0.0,M,0.0,0000*73
$GPRMC,214831.00,A,3725.770179,N,12206.173484,W,050.7,140.2,210520,,,A*46
$GPGGA,214832.00,3725.759355,N,12206.162198,W,7,,0.38,-30.45,M,0.0,M,0.0,0000*75
$GPRMC,214832.00,A,3725.759355,N,12206.162198,W,050.7,140.2,210520,,,A*4A
$GPGGA,214833.00,3725.748225,N,12206.150546,W,7,,0.38,-30.54,M,0.0,M,0.0,0000*74
$GPRMC,214833.00,A,3725.748225,N,12206.150546,W,050.6,140.1,210520,,,A*49
$GPGGA,214834.00,3725.737702,N,12206.139523,W,7,,0.38,-30.45,M,0.0,M,0.0,0000*77
$GPRMC,214834.00,A,3725.737702,N,12206.139523,W,050.6,140.0,210520,,,A*4B
$GPGGA,214835.00,3725.727033,N,12206.128267,W,7,,0.38,-30.53,M,0.0,M,0.0,0000*72
$GPRMC,214835.00,A,3725.727033,N,12206.128267,W,050.2,140.1,210520,,,A*4C
$GPGGA,214836.00,3725.716030,N,12206.116724,W,7,,0.38,-30.50,M,0.0,M,0.0,0000*7C
$GPRMC,214836.00,A,3725.716030,N,12206.116724,W,050.1,140.5,210520,,,A*46
$GPGGA,214837.00,3725.705289,N,12206.105659,W,7,,0.38,-30.59,M,0.0,M,0.0,0000*7F
$GPRMC,214837.00,A,3725.705289,N,12206.105659,W,050.0,140.9,210520,,,A*41
$GPGGA,214838.00,3725.694688,N,12206.094745,W,7,,0.38,-30.41,M,0.0,M,0.0,0000*70
$GPRMC,214838.00,A,3725.694688,N,12206.094745,W,050.7,140.8,210520,,,A*41
$GPGGA,214839.00,3725.683695,N,12206.083538,W,7,,0.39,-30.22,M,0.0,M,0.0,0000*71
$GPRMC,214839.00,A,3725.683695,N,12206.083538,W,051.3,140.9,210520,,,A*40
$GPGGA,214840.00,3725.672536,N,12206.072276,W,7,,0.38,-30.11,M,0.0,M,0.0,0000*79
$GPRMC,214840.00,A,3725.672536,N,12206.072276,W,052.0,141.6,210520,,,A*47
$GPGGA,214841.00,3725.661118,N,12206.060905,W,7,,0.38,-30.06,M,0.0,M,0.0,0000*78
$GPRMC,214841.00,A,3725.661118,N,12206.060905,W,052.3,141.6,210520,,,A*43
$GPGGA,214842.00,3725.649736,N,12206.049517,W,7,,0.38,-30.02,M,0.0,M,0.0,0000*7B
$GPRMC,214842.00,A,3725.649736,N,12206.049517,W,052.7,141.3,210520,,,A*45
$GPGGA,214843.00,3725.638275,N,12206.037938,W,7,,0.38,-29.90,M,0.0,M,0.0,0000*75
$GPRMC,214843.00,A,3725.638275,N,12206.037938,W,053.2,141.2,210520,,,A*4D
$GPGGA,214844.00,3725.626402,N,12206.025932,W,7,,0.38,-29.87,M,0.0,M,0.0,0000*74
$GPRMC,214844.00,A,3725.626402,N,12206.025932,W,053.6,141.2,210520,,,A*4E
$GPGGA,214845.00,3725.614984,N,12206.014394,W,7,,0.38,-29.73,M,0.0,M,0.0,0000*78
$GPRMC,214845.00,A,3725.614984,N,12206.014394,W,054.2,141.1,210520,,,A*49
$GPGGA,214846.00,3725.603260,N,12206.002411,W,7,,0.38,-29.64,M,0.0,M,0.0,0000*77
$GPRMC,214846.00,A,3725.603260,N,12206.002411,W,054.7,140.5,210520,,,A*40
$GPGGA,214847.00,3725.591493,N,12205.990238,W,7,,0.38,-29.62,M,0.0,M,0.0,0000*7E
$GPRMC,214847.00,A,3725.591493,N,12205.990238,W,055.1,140.2,210520,,,A*4F
$GPGGA,214848.00,3725.579529,N,12205.977721,W,7,,0.38,-29.46,M,0.0,M,0.0,0000*75
$GPRMC,214848.00,A,3725.579529,N,12205.977721,W,055.7,140.1,210520,,,A*47
$GPGGA,214849.00,3725.567781,N,12205.965295,W,7,,0.38,-29.37,M,0.0,M,0.0,0000*74
$GPRMC,214849.00,A,3725.567781,N,12205.965295,W,055.4,140.0,210520,,,A*42
$GPGGA,214850.00,3725.555961,N,12205.952810,W,7,,0.38,-29.29,M,0.0,M,0.0,0000*71
$GPRMC,214850.00,A,3725.555961,N,12205.952810,W,055.7,140.0,210520,,,A*4B
$GPGGA,214851.00,3725.544177,N,12205.940263,W,7,,0.38,-29.07,M,0.0,M,0.0,0000*7E
$GPRMC,214851.00,A,3725.544177,N,12205.940263,W,055.9,139.7,210520,,,A*4F
$GPGGA,214852.00,3725.531980,N,12205.927016,W,7,,0.38,-29.03,M,0.0,M,0.0,0000*7A
$GPRMC,214852.00,A,3725.531980,N,12205.927016,W,055.9,139.0,210520,,,A*48
$GPGGA,214853.00,3725.520382,N,12205.914152,W,7,,0.38,-28.97,M,0.0,M,0.0,0000*7E
$GPRMC,214853.00,A,3725.520382,N,12205.914152,W,055.8,138.0,210520,,,A*40
$GPGGA,214854.00,3725.509347,N,12205.901564,W,7,,0.38,-28.85,M,0.0,M,0.0,0000*7D
$GPRMC,214854.00,A,3725.509347,N,12205.901564,W,055.4,137.2,210520,,,A*41
$GPGGA,214855.00,3725.498020,N,12205.888291,W,7,,0.38,-28.79,M,0.0,M,0.0,0000*79
$GPRMC,214855.00,A,3725.498020,N,12205.888291,W,055.4,136.6,210520,,,A*43
$GPGGA,214856.00,3725.486841,N,12205.875080,W,7,,0.38,-28.76,M,0.0,M,0.0,0000*75
$GPRMC,214856.00,A,3725.486841,N,12205.875080,W,055.3,136.5,210520,,,A*44
$GPGGA,214857.00,3725.475514,N,12205.861400,W,7,,0.38,-28.66,M,0.0,M,0.0,0000*7D
$GPRMC,214857.00,A,3725.475514,N,12205.861400,W,054.9,136.0,210520,,,A*43
$GPGGA,214858.00,3725.464966,N,12205.848266,W,7,,0.38,-28.54,M,0.0,M,0.0,0000*77
$GPRMC,214858.00,A,3725.464966,N,12205.848266,W,054.6,135.0,210520,,,A*44
$GPGGA,214859.00,3725.454411,N,12205.834700,W,7,,0.38,-28.48,M,0.0,M,0.0,0000*7B
$GPRMC,214859.00,A,3725.454411,N,12205.834700,W,054.5,134.1,210520,,,A*46
$GPGGA,214900.00,3725.443660,N,12205.820515,W,7,,0.38,-28.51,M,0.0,M,0.0,0000*7F
$GPRMC,214900.00,A,3725.443660,N,12205.820515,W,054.4,133.5,210520,,,A*48
$GPGGA,214901.00,3725.433268,N,12205.806650,W,7,,0.38,-28.56,M,0.0,M,0.0,0000*74
$GPRMC,214901.00,A,3725.433268,N,12205.806650,W,054.8,133.0,210520,,,A*4D
$GPGGA,214902.00,3725.423272,N,12205.792921,W,7,,0.38,-28.62,M,0.0,M,0.0,0000*71
$GPRMC,214902.00,A,3725.423272,N,12205.792921,W,054.9,132.3,210520,,,A*4C
$GPGGA,214903.00,3725.412993,N,12205.778672,W,7,,0.38,-28.55,M,0.0,M,0.0,0000*7F
$GPRMC,214903.00,A,3725.412993,N,12205.778672,W,055.3,131.6,210520,,,A*4B
$GPGGA,214904.00,3725.402686,N,12205.764206,W,7,,0.38,-28.58,M,0.0,M,0.0,0000*75
$GPRMC,214904.00,A,3725.402686,N,12205.764206,W,055.9,131.5,210520,,,A*45
$GPGGA,214905.00,3725.392233,N,12205.749530,W,7,,0.38,-28.73,M,0.0,M,0.0,0000*74
$GPRMC,214905.00,A,3725.392233,N,12205.749530,W,056.2,131.8,210520,,,A*48
$GPGGA,214906.00,3725.381716,N,12205.734968,W,7,,0.38,-28.66,M,0.0,M,0.0,0000*78
$GPRMC,214906.00,A,3725.381716,N,12205.734968,W,056.6,132.1,210520,,,A*4E
$GPGGA,214907.00,3725.371227,N,12205.720453,W,7,,0.38,-28.64,M,0.0,M,0.0,0000*73
$GPRMC,214907.00,A,3725.371227,N,12205.720453,W,056.2,132.3,210520,,,A*41
$GPGGA,214908.00,3725.360344,N,12205.705610,W,7,,0.38,-28.55,M,0.0,M,0.0,0000*78
$GPRMC,214908.00,A,3725.360344,N,12205.705610,W,056.0,132.3,210520,,,A*4A
$GPGGA,214909.00,3725.350107,N,12205.691522,W,7,,0.38,-28.55,M,0.0,M,0.0,0000*71
$GPRMC,214909.00,A,3725.350107,N,12205.691522,W,056.0,132.5,210520,,,A*45
$GPGGA,214910.00,3725.339686,N,12205.677109,W,7,,0.38,-28.56,M,0.0,M,0.0,0000*7E
$GPRMC,214910.00,A,3725.339686,N,12205.677109,W,055.9,132.2,210520,,,A*44
$GPGGA,214911.00,3725.329377,N,12205.662872,W,7,,0.38,-28.39,M,0.0,M,0.0,0000*7D
$GPRMC,214911.00,A,3725.329377,N,12205.662872,W,055.1,132.2,210520,,,A*46
$GPGGA,214912.00,3725.319087,N,12205.648717,W,7,,0.38,-28.39,M,0.0,M,0.0,0000*75
$GPRMC,214912.00,A,3725.319087,N,12205.648717,W,054.1,132.4,210520,,,A*49
$GPGGA,214913.00,3725.309158,N,12205.635085,W,7,,0.38,-28.37,M,0.0,M,0.0,0000*7E
$GPRMC,214913.00,A,3725.309158,N,12205.635085,W,052.4,132.3,210520,,,A*48
$GPGGA,214914.00,3725.299810,N,12205.622233,W,7,,0.38,-28.28,M,0.0,M,0.0,0000*73
$GPRMC,214914.00,A,3725.299810,N,12205.622233,W,048.6,132.0,210520,,,A*41
$GPGGA,214915.00,3725.291265,N,12205.610318,W,7,,0.38,-28.32,M,0.0,M,0.0,0000*70
$GPRMC,214915.00,A,3725.291265,N,12205.610318,W,044.4,132.2,210520,,,A*45
$GPGGA,214916.00,3725.282992,N,12205.599014,W,7,,0.38,-28.30,M,0.0,M,0.0,0000*7D
$GPRMC,214916.00,A,3725.282992,N,12205.599014,W,041.1,133.0,210520,,,A*49
$GPGGA,214917.00,3725.276049,N,12205.589803,W,7,,0.38,-28.34,M,0.0,M,0.0,0000*73
$GPRMC,214917.00,A,3725.276049,N,12205.589803,W,035.8,133.6,210520,,,A*4F
$GPGGA,214918.00,3725.269420,N,12205.581445,W,7,,0.38,-28.36,M,0.0,M,0.0,0000*7D
$GPRMC,214918.00,A,3725.269420,N,12205.581445,W,032.5,135.2,210520,,,A*4B
$GPGGA,214919.00,3725.262909,N,12205.573675,W,7,,0.38,-28.37,M,0.0,M,0.0,0000*7C
$GPRMC,214919.00,A,3725.262909,N,12205.573675,W,031.7,135.5,210520,,,A*4D
$GPGGA,214920.00,3725.256694,N,12205.566008,W,7,,0.38,-28.50,M,0.0,M,0.0,0000*73
$GPRMC,214920.00,A,3725.256694,N,12205.566008,W,031.4,134.5,210520,,,A*41
$GPGGA,214921.00,3725.250238,N,12205.557727,W,7,,0.39,-28.62,M,0.0,M,0.0,0000*7E
$GPRMC,214921.00,A,3725.250238,N,12205.557727,W,032.3,132.6,210520,,,A*4D
$GPGGA,214922.00,3725.244495,N,12205.549910,W,7,,0.38,-28.62,M,0.0,M,0.0,0000*7D
$GPRMC,214922.00,A,3725.244495,N,12205.549910,W,031.1,132.3,210520,,,A*4B
$GPGGA,214923.00,3725.238549,N,12205.542326,W,7,,0.38,-28.64,M,0.0,M,0.0,0000*75
$GPRMC,214923.00,A,3725.238549,N,12205.542326,W,029.4,136.0,210520,,,A*4E
$GPGGA,214924.00,3725.232051,N,12205.536001,W,7,,0.38,-28.56,M,0.0,M,0.0,0000*70
$GPRMC,214924.00,A,3725.232051,N,12205.536001,W,028.1,143.6,210520,,,A*4A
$GPGGA,214925.00,3725.225475,N,12205.531129,W,7,,0.38,-28.47,M,0.0,M,0.0,0000*79
$GPRMC,214925.00,A,3725.225475,N,12205.531129,W,027.3,152.4,210520,,,A*4C
$GPGGA,214926.00,3725.218725,N,12205.527829,W,7,,0.38,-28.45,M,0.0,M,0.0,0000*7E
$GPRMC,214926.00,A,3725.218725,N,12205.527829,W,026.5,162.0,210520,,,A*49
$GPGGA,214927.00,3725.211706,N,12205.526384,W,7,,0.38,-28.37,M,0.0,M,0.0,0000*7F
$GPRMC,214927.00,A,3725.211706,N,12205.526384,W,025.2,175.6,210520,,,A*49
$GPGGA,214928.00,3725.205009,N,12205.527446,W,7,,0.38,-28.26,M,0.0,M,0.0,0000*75
$GPRMC,214928.00,A,3725.205009,N,12205.527446,W,024.1,192.7,210520,,,A*49
$GPGGA,214929.00,3725.198817,N,12205.530866,W,7,,0.38,-28.35,M,0.0,M,0.0,0000*7E
$GPRMC,214929.00,A,3725.198817,N,12205.530866,W,023.6,209.2,210520,,,A*44
$GPGGA,214930.00,3725.193699,N,12205.535936,W,7,,0.38,-28.28,M,0.0,M,0.0,0000*78
$GPRMC,214930.00,A,3725.193699,N,12205.535936,W,024.7,223.5,210520,,,A*47
$GPGGA,214931.00,3725.189128,N,12205.542289,W,7,,0.38,-28.26,M,0.0,M,0.0,0000*7E
$GPRMC,214931.00,A,3725.189128,N,12205.542289,W,024.9,230.2,210520,,,A*44
$GPGGA,214932.00,3725.184832,N,12205.549124,W,7,,0.38,-28.37,M,0.0,M,0.0,0000*7D
$GPRMC,214932.00,A,3725.184832,N,12205.549124,W,023.9,232.9,210520,,,A*49
$GPGGA,214933.00,3725.181466,N,12205.555268,W,7,,0.38,-28.53,M,0.0,M,0.0,0000*70
$GPRMC,214933.00,A,3725.181466,N,12205.555268,W,020.8,236.3,210520,,,A*4A
$GPGGA,214934.00,3725.179198,N,12205.560896,W,7,,0.38,-28.55,M,0.0,M,0.0,0000*7F
$GPRMC,214934.00,A,3725.179198,N,12205.560896,W,016.4,248.4,210520,,,A*44
$GPGGA,214935.00,3725.178717,N,12205.565833,W,7,,0.38,-28.48,M,0.0,M,0.0,0000*78
$GPRMC,214935.00,A,3725.178717,N,12205.565833,W,013.2,268.8,210520,,,A*42
$GPGGA,214936.00,3725.179348,N,12205.569577,W,7,,0.38,-28.34,M,0.0,M,0.0,0000*7E
$GPRMC,214936.00,A,3725.179348,N,12205.569577,W,010.0,287.5,210520,,,A*42
$GPGGA,214937.00,3725.180427,N,12205.572007,W,7,,0.38,-28.15,M,0.0,M,0.0,0000*7C
$GPRMC,214937.00,A,3725.180427,N,12205.572007,W,006.8,301.6,210520,,,A*40
$GPGGA,214938.00,3725.181237,N,12205.573238,W,7,,0.38,-27.92,M,0.0,M,0.0,0000*7A
$GPRMC,214938.00,A,3725.181237,N,12205.573238,W,003.2,310.4,210520,,,A*4B
$GPGGA,214939.00,3725.181622,N,12205.573682,W,7,,0.38,-27.83,M,0.0,M,0.0,0000*7E
$GPRMC,214939.00,A,3725.181622,N,12205.573682,W,001.0,313.3,210520,,,A*4B
$GPGGA,214940.00,3725.181694,N,12205.573796,W,7,,0.38,-27.77,M,0.0,M,0.0,0000*72
$GPRMC,214940.00,A,3725.181694,N,12205.573796,W,000.0,000.0,210520,,,A*4F
$GPGGA,214941.00,3725.181724,N,12205.573850,W,7,,0.38,-27.75,M,0.0,M,0.0,0000*7E
$GPRMC,214941.00,A,3725.181724,N,12205.573850,W,000.0,000.0,210520,,,A*41
$GPGGA,214942.00,3725.181771,N,12205.573861,W,7,,0.38,-27.73,M,0.0,M,0.0,0000*79
$GPRMC,214942.00,A,3725.181771,N,12205.573861,W,000.0,000.0,210520,,,A*40
$GPGGA,214943.00,3725.182137,N,12205.574173,W,7,,0.38,-27.65,M,0.0,M,0.0,0000*75
$GPRMC,214943.00,A,3725.182137,N,12205.574173,W,003.1,316.0,210520,,,A*4D
$GPGGA,214944.00,3725.183326,N,12205.575056,W,7,,0.38,-27.59,M,0.0,M,0.0,0000*79
$GPRMC,214944.00,A,3725.183326,N,12205.575056,W,006.7,326.1,210520,,,A*4F
$GPGGA,214945.00,3725.185497,N,12205.575848,W,7,,0.38,-27.22,M,0.0,M,0.0,0000*78
$GPRMC,214945.00,A,3725.185497,N,12205.575848,W,009.4,343.2,210520,,,A*4E
$GPGGA,214946.00,3725.188720,N,12205.575776,W,7,,0.38,-26.83,M,0.0,M,0.0,0000*71
$GPRMC,214946.00,A,3725.188720,N,12205.575776,W,013.1,002.0,210520,,,A*47
$GPGGA,214947.00,3725.192895,N,12205.575019,W,7,,0.38,-26.50,M,0.0,M,0.0,0000*7A
$GPRMC,214947.00,A,3725.192895,N,12205.575019,W,016.6,009.6,210520,,,A*4D
$GPGGA,214948.00,3725.198187,N,12205.573339,W,7,,0.38,-26.08,M,0.0,M,0.0,0000*7F
$GPRMC,214948.00,A,3725.198187,N,12205.573339,W,020.5,014.6,210520,,,A*4F
$GPGGA,214949.00,3725.204205,N,12205.570994,W,7,,0.38,-25.67,M,0.0,M,0.0,0000*75
$GPRMC,214949.00,A,3725.204205,N,12205.570994,W,023.9,018.3,210520,,,A*49
$GPGGA,214950.00,3725.210734,N,12205.568155,W,7,,0.38,-24.89,M,0.0,M,0.0,0000*72
$GPRMC,214950.00,A,3725.210734,N,12205.568155,W,026.3,018.9,210520,,,A*4A
$GPGGA,214951.00,3725.217982,N,12205.565041,W,7,,0.38,-24.18,M,0.0,M,0.0,0000*76
$GPRMC,214951.00,A,3725.217982,N,12205.565041,W,028.2,018.5,210520,,,A*45
$GPGGA,214952.00,3725.225583,N,12205.561832,W,7,,0.38,-23.71,M,0.0,M,0.0,0000*79
$GPRMC,214952.00,A,3725.225583,N,12205.561832,W,029.1,018.6,210520,,,A*43
$GPGGA,214953.00,3725.233564,N,12205.558412,W,7,,0.38,-23.01,M,0.0,M,0.0,0000*75
$GPRMC,214953.00,A,3725.233564,N,12205.558412,W,029.4,019.6,210520,,,A*4C
$GPGGA,214954.00,3725.240824,N,12205.554896,W,7,,0.38,-22.53,M,0.0,M,0.0,0000*75
$GPRMC,214954.00,A,3725.240824,N,12205.554896,W,028.4,022.7,210520,,,A*42
$GPGGA,214955.00,3725.247885,N,12205.551109,W,7,,0.38,-22.30,M,0.0,M,0.0,0000*77
$GPRMC,214955.00,A,3725.247885,N,12205.551109,W,027.6,023.8,210520,,,A*46
$GPGGA,214956.00,3725.255217,N,12205.547131,W,7,,0.38,-22.15,M,0.0,M,0.0,0000*7D
$GPRMC,214956.00,A,3725.255217,N,12205.547131,W,028.0,023.2,210520,,,A*48
$GPGGA,214957.00,3725.262274,N,12205.543297,W,7,,0.38,-21.98,M,0.0,M,0.0,0000*70
$GPRMC,214957.00,A,3725.262274,N,12205.543297,W,028.6,023.4,210520,,,A*43
$GPGGA,214958.00,3725.269587,N,12205.539266,W,7,,0.38,-21.68,M,0.0,M,0.0,0000*73
$GPRMC,214958.00,A,3725.269587,N,12205.539266,W,028.9,023.6,210520,,,A*42
$GPGGA,214959.00,3725.277010,N,12205.535336,W,7,,0.38,-22.17,M,0.0,M,0.0,0000*75
$GPRMC,214959.00,A,3725.277010,N,12205.535336,W,029.2,023.2,210520,,,A*41
$GPGGA,215000.00,3725.284486,N,12205.531231,W,7,,0.38,-22.23,M,0.0,M,0.0,0000*73
$GPRMC,215000.00,A,3725.284486,N,12205.531231,W,029.4,023.4,210520,,,A*40
$GPGGA,215001.00,3725.292118,N,12205.527164,W,7,,0.38,-22.72,M,0.0,M,0.0,0000*77
$GPRMC,215001.00,A,3725.292118,N,12205.527164,W,029.7,023.4,210520,,,A*43
$GPGGA,215002.00,3725.299839,N,12205.522843,W,7,,0.38,-23.14,M,0.0,M,0.0,0000*7D
$GPRMC,215002.00,A,3725.299839,N,12205.522843,W,030.6,024.3,210520,,,A*41
$GPGGA,215003.00,3725.307796,N,12205.518295,W,7,,0.38,-23.81,M,0.0,M,0.0,0000*74
$GPRMC,215003.00,A,3725.307796,N,12205.518295,W,032.3,025.1,210520,,,A*40
$GPGGA,215004.00,3725.316490,N,12205.513309,W,7,,0.38,-25.06,M,0.0,M,0.0,0000*70
$GPRMC,215004.00,A,3725.316490,N,12205.513309,W,033.7,025.1,210520,,,A*48
$GPGGA,215005.00,3725.324776,N,12205.508330,W,7,,0.38,-26.10,M,0.0,M,0.0,0000*7F
$GPRMC,215005.00,A,3725.324776,N,12205.508330,W,034.6,025.4,210520,,,A*40
$GPGGA,215006.00,3725.333577,N,12205.503067,W,7,,0.38,-27.04,M,0.0,M,0.0,0000*77
$GPRMC,215006.00,A,3725.333577,N,12205.503067,W,035.3,025.4,210520,,,A*48
$GPGGA,215007.00,3725.342530,N,12205.497860,W,7,,0.38,-27.86,M,0.0,M,0.0,0000*7A
$GPRMC,215007.00,A,3725.342530,N,12205.497860,W,035.7,024.8,210520,,,A*46
$GPGGA,215008.00,3725.351614,N,12205.492694,W,7,,0.38,-28.73,M,0.0,M,0.0,0000*77
$GPRMC,215008.00,A,3725.351614,N,12205.492694,W,035.8,024.7,210520,,,A*4E
$GPGGA,215009.00,3725.360656,N,12205.487366,W,7,,0.38,-29.31,M,0.0,M,0.0,0000*79
$GPRMC,215009.00,A,3725.360656,N,12205.487366,W,035.9,026.2,210520,,,A*41
$GPGGA,215010.00,3725.369422,N,12205.481636,W,7,,0.38,-29.84,M,0.0,M,0.0,0000*71
$GPRMC,215010.00,A,3725.369422,N,12205.481636,W,035.5,028.8,210520,,,A*4F
$GPGGA,215011.00,3725.377810,N,12205.475407,W,7,,0.38,-30.08,M,0.0,M,0.0,0000*75
$GPRMC,215011.00,A,3725.377810,N,12205.475407,W,034.1,032.5,210520,,,A*44
$GPGGA,215012.00,3725.385334,N,12205.468676,W,7,,0.38,-30.22,M,0.0,M,0.0,0000*76
$GPRMC,215012.00,A,3725.385334,N,12205.468676,W,031.3,038.1,210520,,,A*46
$GPGGA,215013.00,3725.391646,N,12205.461770,W,7,,0.38,-30.05,M,0.0,M,0.0,0000*79
$GPRMC,215013.00,A,3725.391646,N,12205.461770,W,029.3,043.1,210520,,,A*49
$GPGGA,215014.00,3725.396943,N,12205.454737,W,7,,0.38,-30.07,M,0.0,M,0.0,0000*74
$GPRMC,215014.00,A,3725.396943,N,12205.454737,W,028.0,049.0,210520,,,A*4F
$GPGGA,215015.00,3725.401617,N,12205.447231,W,7,,0.38,-29.70,M,0.0,M,0.0,0000*7B
$GPRMC,215015.00,A,3725.401617,N,12205.447231,W,026.2,055.0,210520,,,A*49
$GPGGA,215016.00,3725.405337,N,12205.439731,W,7,,0.38,-29.67,M,0.0,M,0.0,0000*71
$GPRMC,215016.00,A,3725.405337,N,12205.439731,W,024.7,060.7,210520,,,A*43
$GPGGA,215017.00,3725.408422,N,12205.432165,W,7,,0.38,-29.60,M,0.0,M,0.0,0000*75
$GPRMC,215017.00,A,3725.408422,N,12205.432165,W,022.8,064.7,210520,,,A*4D
$GPGGA,215018.00,3725.410881,N,12205.425452,W,7,,0.38,-29.68,M,0.0,M,0.0,0000*79
$GPRMC,215018.00,A,3725.410881,N,12205.425452,W,021.1,066.5,210520,,,A*43
$GPGGA,215019.00,3725.412879,N,12205.419409,W,7,,0.38,-29.66,M,0.0,M,0.0,0000*72
$GPRMC,215019.00,A,3725.412879,N,12205.419409,W,017.7,068.3,210520,,,A*4D
$GPGGA,215020.00,3725.413960,N,12205.413937,W,7,,0.38,-29.59,M,0.0,M,0.0,0000*76
$GPRMC,215020.00,A,3725.413960,N,12205.413937,W,014.6,078.9,210520,,,A*4C
$GPGGA,215021.00,3725.413738,N,12205.409125,W,7,,0.38,-29.42,M,0.0,M,0.0,0000*7E
$GPRMC,215021.00,A,3725.413738,N,12205.409125,W,013.5,096.9,210520,,,A*4A
$GPGGA,215022.00,3725.412273,N,12205.405124,W,7,,0.38,-29.37,M,0.0,M,0.0,0000*79
$GPRMC,215022.00,A,3725.412273,N,12205.405124,W,013.2,118.7,210520,,,A*41
$GPGGA,215023.00,3725.409465,N,12205.401817,W,7,,0.38,-29.51,M,0.0,M,0.0,0000*7E
$GPRMC,215023.00,A,3725.409465,N,12205.401817,W,014.7,141.4,210520,,,A*4B
$GPGGA,215024.00,3725.405458,N,12205.399099,W,7,,0.38,-29.49,M,0.0,M,0.0,0000*7A
$GPRMC,215024.00,A,3725.405458,N,12205.399099,W,017.8,154.2,210520,,,A*48
$GPGGA,215025.00,3725.400309,N,12205.396334,W,7,,0.38,-29.50,M,0.0,M,0.0,0000*7E
$GPRMC,215025.00,A,3725.400309,N,12205.396334,W,021.4,157.7,210520,,,A*4B
$GPGGA,215026.00,3725.394376,N,12205.393382,W,7,,0.38,-29.40,M,0.0,M,0.0,0000*76
$GPRMC,215026.00,A,3725.394376,N,12205.393382,W,024.5,158.5,210520,,,A*4B
$GPGGA,215027.00,3725.387607,N,12205.390093,W,7,,0.38,-29.59,M,0.0,M,0.0,0000*7E
$GPRMC,215027.00,A,3725.387607,N,12205.390093,W,027.2,159.0,210520,,,A*4B
$GPGGA,215028.00,3725.380275,N,12205.386463,W,7,,0.38,-29.80,M,0.0,M,0.0,0000*7F
$GPRMC,215028.00,A,3725.380275,N,12205.386463,W,028.2,158.7,210520,,,A*47
$GPGGA,215029.00,3725.373117,N,12205.383187,W,7,,0.38,-30.00,M,0.0,M,0.0,0000*7F
$GPRMC,215029.00,A,3725.373117,N,12205.383187,W,028.4,160.4,210520,,,A*49
$GPGGA,215030.00,3725.365696,N,12205.379948,W,7,,0.38,-30.11,M,0.0,M,0.0,0000*70
$GPRMC,215030.00,A,3725.365696,N,12205.379948,W,028.6,161.4,210520,,,A*45
$GPGGA,215031.00,3725.358201,N,12205.376767,W,7,,0.38,-30.02,M,0.0,M,0.0,0000*7B
$GPRMC,215031.00,A,3725.358201,N,12205.376767,W,028.5,161.5,210520,,,A*4E
$GPGGA,215032.00,3725.350719,N,12205.373534,W,7,,0.38,-30.00,M,0.0,M,0.0,0000*7F
$GPRMC,215032.00,A,3725.350719,N,12205.373534,W,028.3,160.8,210520,,,A*42
$GPGGA,215033.00,3725.343393,N,12205.370131,W,7,,0.38,-29.82,M,0.0,M,0.0,0000*7A
$GPRMC,215033.00,A,3725.343393,N,12205.370131,W,028.2,159.4,210520,,,A*42
$GPGGA,215034.00,3725.336158,N,12205.366466,W,7,,0.38,-29.62,M,0.0,M,0.0,0000*74
$GPRMC,215034.00,A,3725.336158,N,12205.366466,W,028.0,156.9,210520,,,A*42
$GPGGA,215035.00,3725.329258,N,12205.362374,W,7,,0.38,-29.54,M,0.0,M,0.0,0000*7D
$GPRMC,215035.00,A,3725.329258,N,12205.362374,W,027.5,153.5,210520,,,A*4D
$GPGGA,215036.00,3725.322483,N,12205.357802,W,7,,0.38,-29.59,M,0.0,M,0.0,0000*74
$GPRMC,215036.00,A,3725.322483,N,12205.357802,W,026.4,150.4,210520,,,A*4B
$GPGGA,215037.00,3725.316640,N,12205.353313,W,7,,0.38,-29.64,M,0.0,M,0.0,0000*7E
$GPRMC,215037.00,A,3725.316640,N,12205.353313,W,024.9,147.4,210520,,,A*46
$GPGGA,215038.00,3725.311234,N,12205.348658,W,7,,0.38,-29.67,M,0.0,M,0.0,0000*72
$GPRMC,215038.00,A,3725.311234,N,12205.348658,W,022.8,144.7,210520,,,A*4E
$GPGGA,215039.00,3725.306410,N,12205.344086,W,7,,0.38,-29.69,M,0.0,M,0.0,0000*72
$GPRMC,215039.00,A,3725.306410,N,12205.344086,W,020.6,142.2,210520,,,A*4F
$GPGGA,215040.00,3725.302264,N,12205.339838,W,7,,0.38,-29.60,M,0.0,M,0.0,0000*73
$GPRMC,215040.00,A,3725.302264,N,12205.339838,W,018.3,139.9,210520,,,A*4E
$GPGGA,215041.00,3725.298610,N,12205.335776,W,7,,0.38,-29.65,M,0.0,M,0.0,0000*7B
$GPRMC,215041.00,A,3725.298610,N,12205.335776,W,016.0,137.8,210520,,,A*41
$GPGGA,215042.00,3725.295844,N,12205.332331,W,7,,0.38,-29.53,M,0.0,M,0.0,0000*7F
$GPRMC,215042.00,A,3725.295844,N,12205.332331,W,013.5,136.2,210520,,,A*4B
$GPGGA,215043.00,3725.293540,N,12205.329452,W,7,,0.38,-29.47,M,0.0,M,0.0,0000*7C
$GPRMC,215043.00,A,3725.293540,N,12205.329452,W,010.2,134.7,210520,,,A*4E
$GPGGA,215044.00,3725.291938,N,12205.327375,W,7,,0.38,-29.53,M,0.0,M,0.0,0000*73
$GPRMC,215044.00,A,3725.291938,N,12205.327375,W,006.9,133.8,210520,,,A*40
$GPGGA,215045.00,3725.290965,N,12205.326097,W,7,,0.38,-29.59,M,0.0,M,0.0,0000*7F
$GPRMC,215045.00,A,3725.290965,N,12205.326097,W,004.0,133.1,210520,,,A*44
$GPGGA,215046.00,3725.290504,N,12205.325479,W,7,,0.38,-29.52,M,0.0,M,0.0,0000*7B
$GPRMC,215046.00,A,3725.290504,N,12205.325479,W,001.4,132.6,210520,,,A*4C
$GPGGA,215047.00,3725.290402,N,12205.325323,W,7,,0.38,-29.54,M,0.0,M,0.0,0000*73
$GPRMC,215047.00,A,3725.290402,N,12205.325323,W,000.0,000.0,210520,,,A*41
$GPGGA,215048.00,3725.290347,N,12205.325300,W,7,,0.38,-29.58,M,0.0,M,0.0,0000*77
$GPRMC,215048.00,A,3725.290347,N,12205.325300,W,000.0,000.0,210520,,,A*49
$GPGGA,215049.00,3725.290330,N,12205.325293,W,7,,0.38,-29.59,M,0.0,M,0.0,0000*7C
$GPRMC,215049.00,A,3725.290330,N,12205.325293,W,000.0,000.0,210520,,,A*43
$GPGGA,215050.00,3725.290330,N,12205.325293,W,7,,0.38,-29.59,M,0.0,M,0.0,0000*74
$GPRMC,215050.00,A,3725.290330,N,12205.325293,W,000.0,000.0,210520,,,A*4B
$GPGGA,215051.00,3725.290336,N,12205.325293,W,7,,0.38,-29.59,M,0.0,M,0.0,0000*73
$GPRMC,215051.00,A,3725.290336,N,12205.325293,W,000.0,000.0,210520,,,A*4C
$GPGGA,215052.00,3725.290336,N,12205.325293,W,7,,0.38,-29.59,M,0.0,M,0.0,0000*70
$GPRMC,215052.00,A,3725.290336,N,12205.325293,W,000.0,000.0,210520,,,A*4F
$GPGGA,215053.00,3725.290336,N,12205.325293,W,7,,0.38,-29.58,M,0.0,M,0.0,0000*70
$GPRMC,215053.00,A,3725.290336,N,12205.325293,W,000.0,000.0,210520,,,A*4E
$GPGGA,215054.00,3725.290336,N,12205.325288,W,7,,0.38,-29.58,M,0.0,M,0.0,0000*7D
$GPRMC,215054.00,A,3725.290336,N,12205.325288,W,000.0,000.0,210520,,,A*43
$GPGGA,215055.00,3725.290336,N,12205.325293,W,7,,0.38,-29.58,M,0.0,M,0.0,0000*76
$GPRMC,215055.00,A,3725.290336,N,12205.325293,W,000.0,000.0,210520,,,A*48
$GPGGA,215056.00,3725.290330,N,12205.325293,W,7,,0.38,-29.58,M,0.0,M,0.0,0000*73
$GPRMC,215056.00,A,3725.290330,N,12205.325293,W,000.0,000.0,210520,,,A*4D
$GPGGA,215057.00,3725.290336,N,12205.325293,W,7,,0.38,-29.58,M,0.0,M,0.0,0000*74
$GPRMC,215057.00,A,3725.290336,N,12205.325293,W,000.0,000.0,210520,,,A*4A
$GPGGA,215058.00,3725.290330,N,12205.325293,W,7,,0.38,-29.58,M,0.0,M,0.0,0000*7D
$GPRMC,215058.00,A,3725.290330,N,12205.325293,W,000.0,000.0,210520,,,A*43
$GPGGA,215059.00,3725.290336,N,12205.325288,W,7,,0.38,-29.58,M,0.0,M,0.0,0000*70
$GPRMC,215059.00,A,3725.290336,N,12205.325288,W,000.0,000.0,210520,,,A*4E
$GPGGA,215100.00,3725.290336,N,12205.325288,W,7,,0.38,-29.58,M,0.0,M,0.0,0000*7D
$GPRMC,215100.00,A,3725.290336,N,12205.325288,W,000.0,000.0,210520,,,A*43
$GPGGA,215101.00,3725.290336,N,12205.325288,W,7,,0.38,-29.58,M,0.0,M,0.0,0000*7C
$GPRMC,215101.00,A,3725.290336,N,12205.325288,W,000.0,000.0,210520,,,A*42
$GPGGA,215102.00,3725.290336,N,12205.325293,W,7,,0.38,-29.58,M,0.0,M,0.0,0000*75
$GPRMC,215102.00,A,3725.290336,N,12205.325293,W,000.0,000.0,210520,,,A*4B
$GPGGA,215103.00,3725.290330,N,12205.325293,W,7,,0.38,-29.58,M,0.0,M,0.0,0000*72
$GPRMC,215103.00,A,3725.290330,N,12205.325293,W,000.0,000.0,210520,,,A*4C
$GPGGA,215104.00,3725.290336,N,12205.325288,W,7,,0.38,-29.58,M,0.0,M,0.0,0000*79
$GPRMC,215104.00,A,3725.290336,N,12205.325288,W,000.0,000.0,210520,,,A*47
$GPGGA,215105.00,3725.290336,N,12205.325288,W,7,,0.38,-29.58,M,0.0,M,0.0,0000*78
$GPRMC,215105.00,A,3725.290336,N,12205.325288,W,000.0,000.0,210520,,,A*46
$GPGGA,215106.00,3725.290330,N,12205.325288,W,7,,0.38,-29.58,M,0.0,M,0.0,0000*7D
$GPRMC,215106.00,A,3725.290330,N,12205.325288,W,000.0,000.0,210520,,,A*43
$GPGGA,215107.00,3725.290336,N,12205.325288,W,7,,0.38,-29.58,M,0.0,M,0.0,0000*7A
$GPRMC,215107.00,A,3725.290336,N,12205.325288,W,000.0,000.0,210520,,,A*44
$GPGGA,215108.00,3725.290336,N,12205.325288,W,7,,0.38,-29.58,M,0.0,M,0.0,0000*75
$GPRMC,215108.00,A,3725.290336,N,12205.325288,W,000.0,000.0,210520,,,A*4B
$GPGGA,215109.00,3725.290336,N,12205.325288,W,7,,0.38,-29.58,M,0.0,M,0.0,0000*74
$GPRMC,215109.00,A,3725.290336,N,12205.325288,W,000.0,000.0,210520,,,A*4A
$GPGGA,215110.00,3725.290336,N,12205.325293,W,7,,0.38,-29.58,M,0.0,M,0.0,0000*76
$GPRMC,215110.00,A,3725.290336,N,12205.325293,W,000.0,000.0,210520,,,A*48
$GPGGA,215111.00,3725.290330,N,12205.325293,W,7,,0.38,-29.58,M,0.0,M,0.0,0000*71
$GPRMC,215111.00,A,3725.290330,N,12205.325293,W,000.0,000.0,210520,,,A*4F
$GPGGA,215112.00,3725.290336,N,12205.325293,W,7,,0.38,-29.58,M,0.0,M,0.0,0000*74
$GPRMC,215112.00,A,3725.290336,N,12205.325293,W,000.0,000.0,210520,,,A*4A
$GPGGA,215113.00,3725.290330,N,12205.325293,W,7,,0.38,-29.58,M,0.0,M,0.0,0000*73
$GPRMC,215113.00,A,3725.290330,N,12205.325293,W,000.0,000.0,210520,,,A*4D
$GPGGA,215114.00,3725.290330,N,12205.325288,W,7,,0.38,-29.58,M,0.0,M,0.0,0000*7E
$GPRMC,215114.00,A,3725.290330,N,12205.325288,W,000.0,000.0,210520,,,A*40
$GPGGA,215115.00,3725.290491,N,12205.325323,W,7,,0.38,-29.33,M,0.0,M,0.0,0000*7E
$GPRMC,215115.00,A,3725.290491,N,12205.325323,W,000.4,132.1,210520,,,A*48
$GPGGA,215116.00,3725.290095,N,12205.324772,W,7,,0.38,-29.33,M,0.0,M,0.0,0000*7C
$GPRMC,215116.00,A,3725.290095,N,12205.324772,W,003.0,131.7,210520,,,A*48
$GPGGA,215117.00,3725.289243,N,12205.323541,W,7,,0.38,-29.41,M,0.0,M,0.0,0000*7C
$GPRMC,215117.00,A,3725.289243,N,12205.323541,W,006.0,131.0,210520,,,A*4F
$GPGGA,215118.00,3725.287833,N,12205.321526,W,7,,0.38,-29.40,M,0.0,M,0.0,0000*72
$GPRMC,215118.00,A,3725.287833,N,12205.321526,W,009.3,130.5,210520,,,A*48
$GPGGA,215119.00,3725.285673,N,12205.318382,W,7,,0.38,-29.48,M,0.0,M,0.0,0000*71
$GPRMC,215119.00,A,3725.285673,N,12205.318382,W,013.5,130.2,210520,,,A*49
$GPGGA,215120.00,3725.283057,N,12205.314151,W,7,,0.38,-29.49,M,0.0,M,0.0,0000*7C
$GPRMC,215120.00,A,3725.283057,N,12205.314151,W,016.9,127.0,210520,,,A*48
$GPGGA,215121.00,3725.279847,N,12205.308775,W,7,,0.38,-29.46,M,0.0,M,0.0,0000*73
$GPRMC,215121.00,A,3725.279847,N,12205.308775,W,020.4,124.5,210520,,,A*46
$GPGGA,215122.00,3725.276464,N,12205.302241,W,7,,0.38,-29.52,M,0.0,M,0.0,0000*7F
$GPRMC,215122.00,A,3725.276464,N,12205.302241,W,023.5,121.4,210520,,,A*49
$GPGGA,215123.00,3725.273013,N,12205.294807,W,7,,0.38,-29.49,M,0.0,M,0.0,0000*73
$GPRMC,215123.00,A,3725.273013,N,12205.294807,W,025.7,118.7,210520,,,A*42
$GPGGA,215124.00,3725.269437,N,12205.286240,W,7,,0.38,-29.34,M,0.0,M,0.0,0000*7D
$GPRMC,215124.00,A,3725.269437,N,12205.286240,W,027.6,115.9,210520,,,A*46
$GPGGA,215125.00,3725.266390,N,12205.277306,W,7,,0.38,-28.95,M,0.0,M,0.0,0000*7E
$GPRMC,215125.00,A,3725.266390,N,12205.277306,W,029.3,111.8,210520,,,A*41
$GPGGA,215126.00,3725.263719,N,12205.267880,W,7,,0.38,-28.48,M,0.0,M,0.0,0000*79
$GPRMC,215126.00,A,3725.263719,N,12205.267880,W,029.2,107.7,210520,,,A*4F
$GPGGA,215127.00,3725.261512,N,12205.258028,W,7,,0.38,-28.10,M,0.0,M,0.0,0000*78
$GPRMC,215127.00,A,3725.261512,N,12205.258028,W,029.5,104.1,210520,,,A*41
$GPGGA,215128.00,3725.259838,N,12205.247923,W,7,,0.38,-27.63,M,0.0,M,0.0,0000*7E
$GPRMC,215128.00,A,3725.259838,N,12205.247923,W,029.5,099.6,210520,,,A*4E
$GPGGA,215129.00,3725.258764,N,12205.237808,W,7,,0.38,-26.97,M,0.0,M,0.0,0000*7D
$GPRMC,215129.00,A,3725.258764,N,12205.237808,W,029.8,094.7,210520,,,A*46
$GPGGA,215130.00,3725.258349,N,12205.227338,W,7,,0.38,-26.46,M,0.0,M,0.0,0000*7B
$GPRMC,215130.00,A,3725.258349,N,12205.227338,W,030.1,091.2,210520,,,A*4D
$GPGGA,215131.00,3725.258163,N,12205.217047,W,7,,0.38,-26.20,M,0.0,M,0.0,0000*78
$GPRMC,215131.00,A,3725.258163,N,12205.217047,W,029.4,089.9,210520,,,A*41
$GPGGA,215132.00,3725.258080,N,12205.206416,W,7,,0.38,-26.02,M,0.0,M,0.0,0000*77
$GPRMC,215132.00,A,3725.258080,N,12205.206416,W,029.0,090.7,210520,,,A*4C
$GPGGA,215133.00,3725.257875,N,12205.196713,W,7,,0.38,-26.11,M,0.0,M,0.0,0000*75
$GPRMC,215133.00,A,3725.257875,N,12205.196713,W,028.5,091.5,210520,,,A*4B
$GPGGA,215134.00,3725.257587,N,12205.186796,W,7,,0.38,-26.05,M,0.0,M,0.0,0000*7B
$GPRMC,215134.00,A,3725.257587,N,12205.186796,W,028.4,092.7,210520,,,A*40
$GPGGA,215135.00,3725.257306,N,12205.176931,W,7,,0.38,-26.41,M,0.0,M,0.0,0000*79
$GPRMC,215135.00,A,3725.257306,N,12205.176931,W,027.8,092.7,210520,,,A*41
$GPGGA,215136.00,3725.256952,N,12205.167271,W,7,,0.38,-26.82,M,0.0,M,0.0,0000*70
$GPRMC,215136.00,A,3725.256952,N,12205.167271,W,027.6,092.9,210520,,,A*47
$GPGGA,215137.00,3725.256478,N,12205.157761,W,7,,0.38,-27.36,M,0.0,M,0.0,0000*7D
$GPRMC,215137.00,A,3725.256478,N,12205.157761,W,027.3,094.0,210520,,,A*4E
$GPGGA,215138.00,3725.255890,N,12205.148690,W,7,,0.38,-27.79,M,0.0,M,0.0,0000*71
$GPRMC,215138.00,A,3725.255890,N,12205.148690,W,025.1,095.7,210520,,,A*4F
$GPGGA,215139.00,3725.255194,N,12205.140739,W,7,,0.38,-28.18,M,0.0,M,0.0,0000*7F
$GPRMC,215139.00,A,3725.255194,N,12205.140739,W,021.0,097.3,210520,,,A*4A
$GPGGA,215140.00,3725.254293,N,12205.134128,W,7,,0.38,-28.40,M,0.0,M,0.0,0000*7C
$GPRMC,215140.00,A,3725.254293,N,12205.134128,W,016.9,103.0,210520,,,A*46
$GPGGA,215141.00,3725.252511,N,12205.129081,W,7,,0.38,-28.65,M,0.0,M,0.0,0000*7F
$GPRMC,215141.00,A,3725.252511,N,12205.129081,W,015.3,118.6,210520,,,A*47
$GPGGA,215142.00,3725.249608,N,12205.125410,W,7,,0.38,-28.60,M,0.0,M,0.0,0000*78
$GPRMC,215142.00,A,3725.249608,N,12205.125410,W,015.2,141.3,210520,,,A*4D
$GPGGA,215143.00,3725.245539,N,12205.123207,W,7,,0.38,-28.66,M,0.0,M,0.0,0000*74
$GPRMC,215143.00,A,3725.245539,N,12205.123207,W,016.9,163.5,210520,,,A*49
$GPGGA,215144.00,3725.240433,N,12205.122505,W,7,,0.38,-28.66,M,0.0,M,0.0,0000*79
$GPRMC,215144.00,A,3725.240433,N,12205.122505,W,019.8,177.5,210520,,,A*4F
$GPGGA,215145.00,3725.234229,N,12205.122410,W,7,,0.38,-28.85,M,0.0,M,0.0,0000*7E
$GPRMC,215145.00,A,3725.234229,N,12205.122410,W,022.8,180.2,210520,,,A*42
$GPGGA,215146.00,3725.227743,N,12205.122470,W,7,,0.38,-28.81,M,0.0,M,0.0,0000*74
$GPRMC,215146.00,A,3725.227743,N,12205.122470,W,025.2,181.1,210520,,,A*43
$GPGGA,215147.00,3725.220496,N,12205.122566,W,7,,0.38,-28.84,M,0.0,M,0.0,0000*7A
$GPRMC,215147.00,A,3725.220496,N,12205.122566,W,027.0,181.3,210520,,,A*4A
$GPGGA,215148.00,3725.212594,N,12205.122728,W,7,,0.38,-29.10,M,0.0,M,0.0,0000*73
$GPRMC,215148.00,A,3725.212594,N,12205.122728,W,028.1,181.1,210520,,,A*43
$GPGGA,215149.00,3725.205051,N,12205.122877,W,7,,0.38,-28.99,M,0.0,M,0.0,0000*7D
$GPRMC,215149.00,A,3725.205051,N,12205.122877,W,028.5,180.9,210520,,,A*40
$GPGGA,215150.00,3725.197101,N,12205.122901,W,7,,0.38,-29.12,M,0.0,M,0.0,0000*7B
$GPRMC,215150.00,A,3725.197101,N,12205.122901,W,028.9,180.5,210520,,,A*44
$GPGGA,215151.00,3725.189067,N,12205.123105,W,7,,0.38,-28.92,M,0.0,M,0.0,0000*70
$GPRMC,215151.00,A,3725.189067,N,12205.123105,W,029.1,180.7,210520,,,A*4D
$GPGGA,215152.00,3725.181022,N,12205.123172,W,7,,0.38,-28.99,M,0.0,M,0.0,0000*71
$GPRMC,215152.00,A,3725.181022,N,12205.123172,W,029.0,179.6,210520,,,A*41
$GPGGA,215153.00,3725.173000,N,12205.123268,W,7,,0.38,-29.17,M,0.0,M,0.0,0000*72
$GPRMC,215153.00,A,3725.173000,N,12205.123268,W,028.7,180.2,210520,,,A*41
$GPGGA,215154.00,3725.165001,N,12205.123309,W,7,,0.38,-29.72,M,0.0,M,0.0,0000*76
$GPRMC,215154.00,A,3725.165001,N,12205.123309,W,028.5,180.4,210520,,,A*42
$GPGGA,215155.00,3725.157225,N,12205.123405,W,7,,0.38,-29.56,M,0.0,M,0.0,0000*7F
$GPRMC,215155.00,A,3725.157225,N,12205.123405,W,028.0,180.7,210520,,,A*4B
$GPGGA,215156.00,3725.149114,N,12205.123567,W,7,,0.38,-29.42,M,0.0,M,0.0,0000*72
$GPRMC,215156.00,A,3725.149114,N,12205.123567,W,027.9,180.8,210520,,,A*4A
$GPGGA,215157.00,3725.141818,N,12205.123670,W,7,,0.38,-29.61,M,0.0,M,0.0,0000*7A
$GPRMC,215157.00,A,3725.141818,N,12205.123670,W,027.3,180.9,210520,,,A*48
$GPGGA,215158.00,3725.134359,N,12205.123676,W,7,,0.38,-29.97,M,0.0,M,0.0,0000*76
$GPRMC,215158.00,A,3725.134359,N,12205.123676,W,026.8,180.8,210520,,,A*46
$GPGGA,215159.00,3725.126949,N,12205.123795,W,7,,0.38,-29.94,M,0.0,M,0.0,0000*70
$GPRMC,215159.00,A,3725.126949,N,12205.123795,W,026.5,180.4,210520,,,A*42
$GPGGA,215200.00,3725.119509,N,12205.123802,W,7,,0.38,-29.94,M,0.0,M,0.0,0000*7A
$GPRMC,215200.00,A,3725.119509,N,12205.123802,W,026.3,179.8,210520,,,A*44
$GPGGA,215201.00,3725.112298,N,12205.123849,W,7,,0.38,-29.44,M,0.0,M,0.0,0000*7D
$GPRMC,215201.00,A,3725.112298,N,12205.123849,W,026.0,179.4,210520,,,A*41
$GPGGA,215202.00,3725.105091,N,12205.123814,W,7,,0.38,-29.40,M,0.0,M,0.0,0000*7F
$GPRMC,215202.00,A,3725.105091,N,12205.123814,W,026.1,179.5,210520,,,A*47
$GPGGA,215203.00,3725.097789,N,12205.123753,W,7,,0.38,-29.38,M,0.0,M,0.0,0000*79
$GPRMC,215203.00,A,3725.097789,N,12205.123753,W,025.9,179.8,210520,,,A*48
$GPGGA,215204.00,3725.090374,N,12205.123633,W,7,,0.38,-29.58,M,0.0,M,0.0,0000*7E
$GPRMC,215204.00,A,3725.090374,N,12205.123633,W,025.6,180.0,210520,,,A*48
$GPGGA,215205.00,3725.083491,N,12205.123633,W,7,,0.38,-29.74,M,0.0,M,0.0,0000*7F
$GPRMC,215205.00,A,3725.083491,N,12205.123633,W,025.2,180.5,210520,,,A*46
$GPGGA,215206.00,3725.076580,N,12205.123772,W,7,,0.38,-29.30,M,0.0,M,0.0,0000*73
$GPRMC,215206.00,A,3725.076580,N,12205.123772,W,024.9,180.5,210520,,,A*40
$GPGGA,215207.00,3725.069715,N,12205.123927,W,7,,0.38,-29.18,M,0.0,M,0.0,0000*76
$GPRMC,215207.00,A,3725.069715,N,12205.123927,W,024.3,181.4,210520,,,A*45
$GPGGA,215208.00,3725.063008,N,12205.124090,W,7,,0.38,-28.98,M,0.0,M,0.0,0000*73
$GPRMC,215208.00,A,3725.063008,N,12205.124090,W,023.9,181.1,210520,,,A*41
$GPGGA,215209.00,3725.056156,N,12205.124227,W,7,,0.38,-28.99,M,0.0,M,0.0,0000*71
$GPRMC,215209.00,A,3725.056156,N,12205.124227,W,023.7,180.4,210520,,,A*48
$GPGGA,215210.00,3725.049819,N,12205.124306,W,7,,0.38,-28.74,M,0.0,M,0.0,0000*74
$GPRMC,215210.00,A,3725.049819,N,12205.124306,W,023.1,180.1,210520,,,A*4D
$GPGGA,215211.00,3725.043471,N,12205.124251,W,7,,0.38,-28.61,M,0.0,M,0.0,0000*7A
$GPRMC,215211.00,A,3725.043471,N,12205.124251,W,022.7,179.7,210520,,,A*40
$GPGGA,215212.00,3725.037076,N,12205.124216,W,7,,0.38,-28.60,M,0.0,M,0.0,0000*7B
$GPRMC,215212.00,A,3725.037076,N,12205.124216,W,022.0,180.1,210520,,,A*47
$GPGGA,215213.00,3725.031526,N,12205.124281,W,7,,0.38,-28.27,M,0.0,M,0.0,0000*71
$GPRMC,215213.00,A,3725.031526,N,12205.124281,W,019.0,180.7,210520,,,A*40
$GPGGA,215214.00,3725.026888,N,12205.124216,W,7,,0.38,-28.46,M,0.0,M,0.0,0000*70
$GPRMC,215214.00,A,3725.026888,N,12205.124216,W,015.5,181.0,210520,,,A*49
$GPGGA,215215.00,3725.023077,N,12205.124216,W,7,,0.38,-28.43,M,0.0,M,0.0,0000*79
$GPRMC,215215.00,A,3725.023077,N,12205.124216,W,012.5,180.8,210520,,,A*4B
$GPGGA,215216.00,3725.020089,N,12205.124348,W,7,,0.38,-28.30,M,0.0,M,0.0,0000*76
$GPRMC,215216.00,A,3725.020089,N,12205.124348,W,009.8,180.2,210520,,,A*4D
$GPGGA,215217.00,3725.017918,N,12205.124378,W,7,,0.38,-28.40,M,0.0,M,0.0,0000*76
$GPRMC,215217.00,A,3725.017918,N,12205.124378,W,006.2,179.7,210520,,,A*4C
$GPGGA,215218.00,3725.016837,N,12205.124420,W,7,,0.38,-28.26,M,0.0,M,0.0,0000*7E
$GPRMC,215218.00,A,3725.016837,N,12205.124420,W,002.1,179.6,210520,,,A*42
$GPGGA,215219.00,3725.016291,N,12205.124443,W,7,,0.38,-27.90,M,0.0,M,0.0,0000*7E
$GPRMC,215219.00,A,3725.016291,N,12205.124443,W,001.4,179.6,210520,,,A*46
$GPGGA,215220.00,3725.015296,N,12205.124269,W,7,,0.38,-28.04,M,0.0,M,0.0,0000*7C
$GPRMC,215220.00,A,3725.015296,N,12205.124269,W,005.2,176.8,210520,,,A*45
$GPGGA,215221.00,3725.013316,N,12205.123400,W,7,,0.38,-27.89,M,0.0,M,0.0,0000*76
$GPRMC,215221.00,A,3725.013316,N,12205.123400,W,009.5,161.3,210520,,,A*43
$GPGGA,215222.00,3725.011024,N,12205.120963,W,7,,0.38,-28.02,M,0.0,M,0.0,0000*72
$GPRMC,215222.00,A,3725.011024,N,12205.120963,W,012.4,137.2,210520,,,A*42
$GPGGA,215223.00,3725.009098,N,12205.116752,W,7,,0.38,-27.65,M,0.0,M,0.0,0000*7A
$GPRMC,215223.00,A,3725.009098,N,12205.116752,W,014.8,115.3,210520,,,A*4F
$GPGGA,215224.00,3725.008108,N,12205.111225,W,7,,0.38,-27.69,M,0.0,M,0.0,0000*7A
$GPRMC,215224.00,A,3725.008108,N,12205.111225,W,017.1,096.7,210520,,,A*47
$GPGGA,215225.00,3725.007526,N,12205.104842,W,7,,0.38,-27.56,M,0.0,M,0.0,0000*7F
$GPRMC,215225.00,A,3725.007526,N,12205.104842,W,019.4,092.7,210520,,,A*41
$GPGGA,215226.00,3725.007052,N,12205.097527,W,7,,0.38,-27.50,M,0.0,M,0.0,0000*79
$GPRMC,215226.00,A,3725.007052,N,12205.097527,W,021.7,093.5,210520,,,A*4A
$GPGGA,215227.00,3725.006529,N,12205.089673,W,7,,0.38,-27.37,M,0.0,M,0.0,0000*7C
$GPRMC,215227.00,A,3725.006529,N,12205.089673,W,023.2,093.0,210520,,,A*4C
$GPGGA,215228.00,3725.006223,N,12205.081099,W,7,,0.39,-27.44,M,0.0,M,0.0,0000*71
$GPRMC,215228.00,A,3725.006223,N,12205.081099,W,024.0,092.0,210520,,,A*40
$GPGGA,215229.00,3725.006026,N,12205.072951,W,7,,0.38,-27.45,M,0.0,M,0.0,0000*76
$GPRMC,215229.00,A,3725.006026,N,12205.072951,W,024.2,092.3,210520,,,A*46
$GPGGA,215230.00,3725.005761,N,12205.064504,W,7,,0.38,-27.50,M,0.0,M,0.0,0000*76
$GPRMC,215230.00,A,3725.005761,N,12205.064504,W,024.3,092.6,210520,,,A*46
$GPGGA,215231.00,3725.005366,N,12205.056037,W,7,,0.38,-27.02,M,0.0,M,0.0,0000*77
$GPRMC,215231.00,A,3725.005366,N,12205.056037,W,024.7,093.0,210520,,,A*43
$GPGGA,215232.00,3725.004921,N,12205.047433,W,7,,0.38,-26.84,M,0.0,M,0.0,0000*73
$GPRMC,215232.00,A,3725.004921,N,12205.047433,W,025.0,093.6,210520,,,A*48
$GPGGA,215233.00,3725.004579,N,12205.038536,W,7,,0.38,-27.15,M,0.0,M,0.0,0000*76
$GPRMC,215233.00,A,3725.004579,N,12205.038536,W,025.2,093.9,210520,,,A*49
$GPGGA,215234.00,3725.004069,N,12205.029644,W,7,,0.39,-27.44,M,0.0,M,0.0,0000*76
$GPRMC,215234.00,A,3725.004069,N,12205.029644,W,025.4,094.2,210520,,,A*46
$GPGGA,215235.00,3725.003548,N,12205.020763,W,7,,0.39,-27.41,M,0.0,M,0.0,0000*7E
$GPRMC,215235.00,A,3725.003548,N,12205.020763,W,025.3,094.2,210520,,,A*4C
$GPGGA,215236.00,3725.002492,N,12205.011890,W,7,,0.38,-28.12,M,0.0,M,0.0,0000*73
$GPRMC,215236.00,A,3725.002492,N,12205.011890,W,024.7,095.0,210520,,,A*4F
$GPGGA,215237.00,3725.001921,N,12205.004150,W,7,,0.38,-27.21,M,0.0,M,0.0,0000*7A
$GPRMC,215237.00,A,3725.001921,N,12205.004150,W,023.4,094.9,210520,,,A*45
$GPGGA,215238.00,3725.001417,N,12204.996391,W,7,,0.38,-26.74,M,0.0,M,0.0,0000*70
$GPRMC,215238.00,A,3725.001417,N,12204.996391,W,021.7,094.5,210520,,,A*43
$GPGGA,215239.00,3725.001159,N,12204.988598,W,7,,0.38,-27.72,M,0.0,M,0.0,0000*79
$GPRMC,215239.00,A,3725.001159,N,12204.988598,W,021.1,094.7,210520,,,A*49
$GPGGA,215240.00,3725.000638,N,12204.981235,W,7,,0.38,-28.04,M,0.0,M,0.0,0000*71
$GPRMC,215240.00,A,3725.000638,N,12204.981235,W,020.7,095.3,210520,,,A*4D
$GPGGA,215241.00,3725.000061,N,12204.973753,W,7,,0.38,-28.19,M,0.0,M,0.0,0000*7E
$GPRMC,215241.00,A,3725.000061,N,12204.973753,W,020.6,095.7,210520,,,A*4B
$GPGGA,215242.00,3724.999606,N,12204.966817,W,7,,0.38,-28.45,M,0.0,M,0.0,0000*70
$GPRMC,215242.00,A,3724.999606,N,12204.966817,W,020.3,095.1,210520,,,A*4F
$GPGGA,215243.00,3724.999174,N,12204.959839,W,7,,0.38,-28.43,M,0.0,M,0.0,0000*75
$GPRMC,215243.00,A,3724.999174,N,12204.959839,W,019.8,094.7,210520,,,A*4A
$GPGGA,215244.00,3724.998772,N,12204.953377,W,7,,0.38,-28.51,M,0.0,M,0.0,0000*7B
$GPRMC,215244.00,A,3724.998772,N,12204.953377,W,017.2,095.1,210520,,,A*44
$GPGGA,215245.00,3724.998292,N,12204.948031,W,7,,0.38,-28.53,M,0.0,M,0.0,0000*78
$GPRMC,215245.00,A,3724.998292,N,12204.948031,W,014.6,097.0,210520,,,A*41
$GPGGA,215246.00,3724.997727,N,12204.943874,W,7,,0.38,-28.52,M,0.0,M,0.0,0000*7C
$GPRMC,215246.00,A,3724.997727,N,12204.943874,W,010.2,100.3,210520,,,A*48
$GPGGA,215247.00,3724.997062,N,12204.941204,W,7,,0.38,-28.74,M,0.0,M,0.0,0000*70
$GPRMC,215247.00,A,3724.997062,N,12204.941204,W,006.7,110.3,210520,,,A*43
$GPGGA,215248.00,3724.996108,N,12204.939541,W,7,,0.38,-28.42,M,0.0,M,0.0,0000*7F
$GPRMC,215248.00,A,3724.996108,N,12204.939541,W,005.8,131.9,210520,,,A*4C
$GPGGA,215249.00,3724.994608,N,12204.938827,W,7,,0.38,-27.74,M,0.0,M,0.0,0000*7D
$GPRMC,215249.00,A,3724.994608,N,12204.938827,W,006.6,156.0,210520,,,A*41
$GPGGA,215250.00,3724.992393,N,12204.938899,W,7,,0.38,-27.40,M,0.0,M,0.0,0000*76
$GPRMC,215250.00,A,3724.992393,N,12204.938899,W,009.3,178.4,210520,,,A*4F
$GPGGA,215251.00,3724.989604,N,12204.939206,W,7,,0.39,-27.22,M,0.0,M,0.0,0000*7E
$GPRMC,215251.00,A,3724.989604,N,12204.939206,W,011.0,184.1,210520,,,A*4E
$GPGGA,215252.00,3724.986544,N,12204.939631,W,7,,0.38,-27.10,M,0.0,M,0.0,0000*75
$GPRMC,215252.00,A,3724.986544,N,12204.939631,W,010.6,186.1,210520,,,A*40
$GPGGA,215253.00,3724.984330,N,12204.939775,W,7,,0.38,-27.22,M,0.0,M,0.0,0000*73
$GPRMC,215253.00,A,3724.984330,N,12204.939775,W,008.1,185.7,210520,,,A*4C
$GPGGA,215254.00,3724.982079,N,12204.939926,W,7,,0.38,-27.53,M,0.0,M,0.0,0000*72
$GPRMC,215254.00,A,3724.982079,N,12204.939926,W,007.9,184.2,210520,,,A*48
$GPGGA,215255.00,3724.979734,N,12204.940117,W,7,,0.38,-27.72,M,0.0,M,0.0,0000*7E
$GPRMC,215255.00,A,3724.979734,N,12204.940117,W,008.7,183.7,210520,,,A*44
$GPGGA,215256.00,3724.977034,N,12204.940273,W,7,,0.38,-28.66,M,0.0,M,0.0,0000*7F
$GPRMC,215256.00,A,3724.977034,N,12204.940273,W,010.0,183.2,210520,,,A*44
$GPGGA,215257.00,3724.973926,N,12204.940496,W,7,,0.38,-29.05,M,0.0,M,0.0,0000*79
$GPRMC,215257.00,A,3724.973926,N,12204.940496,W,012.0,182.9,210520,,,A*4E
$GPGGA,215258.00,3724.970566,N,12204.940609,W,7,,0.38,-29.22,M,0.0,M,0.0,0000*7C
$GPRMC,215258.00,A,3724.970566,N,12204.940609,W,012.8,181.9,210520,,,A*45
$GPGGA,215259.00,3724.966935,N,12204.940754,W,7,,0.38,-29.32,M,0.0,M,0.0,0000*78
$GPRMC,215259.00,A,3724.966935,N,12204.940754,W,012.8,181.7,210520,,,A*4E
$GPGGA,215300.00,3724.963486,N,12204.940898,W,7,,0.38,-29.51,M,0.0,M,0.0,0000*7F
$GPRMC,215300.00,A,3724.963486,N,12204.940898,W,010.8,181.6,210520,,,A*4F
$GPGGA,215301.00,3724.960942,N,12204.941018,W,7,,0.38,-29.44,M,0.0,M,0.0,0000*7D
$GPRMC,215301.00,A,3724.960942,N,12204.941018,W,008.4,181.3,210520,,,A*49
$GPGGA,215302.00,3724.958776,N,12204.941023,W,7,,0.38,-29.12,M,0.0,M,0.0,0000*77
$GPRMC,215302.00,A,3724.958776,N,12204.941023,W,007.8,180.7,210520,,,A*46
$GPGGA,215303.00,3724.956640,N,12204.941053,W,7,,0.38,-29.12,M,0.0,M,0.0,0000*7B
$GPRMC,215303.00,A,3724.956640,N,12204.941053,W,007.9,180.1,210520,,,A*4D
$GPGGA,215304.00,3724.954180,N,12204.941048,W,7,,0.38,-28.69,M,0.0,M,0.0,0000*72
$GPRMC,215304.00,A,3724.954180,N,12204.941048,W,010.2,179.1,210520,,,A*42
$GPGGA,215305.00,3724.951342,N,12204.941107,W,7,,0.38,-28.66,M,0.0,M,0.0,0000*7F
$GPRMC,215305.00,A,3724.951342,N,12204.941107,W,011.3,179.4,210520,,,A*45
$GPGGA,215306.00,3724.947916,N,12204.940976,W,7,,0.38,-28.30,M,0.0,M,0.0,0000*7C
$GPRMC,215306.00,A,3724.947916,N,12204.940976,W,012.7,179.5,210520,,,A*43
$GPGGA,215307.00,3724.944376,N,12204.940976,W,7,,0.38,-28.05,M,0.0,M,0.0,0000*74
$GPRMC,215307.00,A,3724.944376,N,12204.940976,W,012.8,179.7,210520,,,A*40
$GPGGA,215308.00,3724.940938,N,12204.940909,W,7,,0.38,-27.93,M,0.0,M,0.0,0000*77
$GPRMC,215308.00,A,3724.940938,N,12204.940909,W,011.4,179.9,210520,,,A*42
$GPGGA,215309.00,3724.938328,N,12204.940784,W,7,,0.38,-27.81,M,0.0,M,0.0,0000*7A
$GPRMC,215309.00,A,3724.938328,N,12204.940784,W,008.5,179.7,210520,,,A*4B
$GPGGA,215310.00,3724.936024,N,12204.940886,W,7,,0.38,-27.79,M,0.0,M,0.0,0000*79
$GPRMC,215310.00,A,3724.936024,N,12204.940886,W,008.1,179.1,210520,,,A*4D
$GPGGA,215311.00,3724.933821,N,12204.940802,W,7,,0.38,-27.68,M,0.0,M,0.0,0000*7C
$GPRMC,215311.00,A,3724.933821,N,12204.940802,W,008.1,179.2,210520,,,A*4B
$GPGGA,215312.00,3724.931403,N,12204.940795,W,7,,0.38,-27.69,M,0.0,M,0.0,0000*71
$GPRMC,215312.00,A,3724.931403,N,12204.940795,W,009.4,179.6,210520,,,A*47
$GPGGA,215313.00,3724.928637,N,12204.940795,W,7,,0.38,-27.41,M,0.0,M,0.0,0000*77
$GPRMC,215313.00,A,3724.928637,N,12204.940795,W,010.7,180.0,210520,,,A*40
$GPGGA,215314.00,3724.925554,N,12204.940879,W,7,,0.38,-27.02,M,0.0,M,0.0,0000*71
$GPRMC,215314.00,A,3724.925554,N,12204.940879,W,011.7,180.1,210520,,,A*41
$GPGGA,215315.00,3724.922152,N,12204.940916,W,7,,0.38,-26.85,M,0.0,M,0.0,0000*73
$GPRMC,215315.00,A,3724.922152,N,12204.940916,W,013.0,180.2,210520,,,A*4B
$GPGGA,215316.00,3724.918203,N,12204.941120,W,7,,0.39,-26.75,M,0.0,M,0.0,0000*7C
$GPRMC,215316.00,A,3724.918203,N,12204.941120,W,013.9,180.6,210520,,,A*47
$GPGGA,215317.00,3724.914411,N,12204.941383,W,7,,0.38,-26.63,M,0.0,M,0.0,0000*79
$GPRMC,215317.00,A,3724.914411,N,12204.941383,W,014.0,182.8,210520,,,A*46
$GPGGA,215318.00,3724.910710,N,12204.941852,W,7,,0.38,-26.62,M,0.0,M,0.0,0000*76
$GPRMC,215318.00,A,3724.910710,N,12204.941852,W,013.0,188.2,210520,,,A*4F
$GPGGA,215319.00,3724.907439,N,12204.943147,W,7,,0.38,-26.49,M,0.0,M,0.0,0000*7F
$GPRMC,215319.00,A,3724.907439,N,12204.943147,W,011.9,200.9,210520,,,A*4C
$GPGGA,215320.00,3724.904866,N,12204.945157,W,7,,0.38,-26.37,M,0.0,M,0.0,0000*7E
$GPRMC,215320.00,A,3724.904866,N,12204.945157,W,010.9,217.5,210520,,,A*4F
$GPGGA,215321.00,3724.902555,N,12204.947875,W,7,,0.38,-26.50,M,0.0,M,0.0,0000*7E
$GPRMC,215321.00,A,3724.902555,N,12204.947875,W,010.7,226.0,210520,,,A*47
$GPGGA,215322.00,3724.900365,N,12204.949934,W,7,,0.38,-26.53,M,0.0,M,0.0,0000*73
$GPRMC,215322.00,A,3724.900365,N,12204.949934,W,009.6,218.6,210520,,,A*4B
$GPGGA,215323.00,3724.898050,N,12204.950929,W,7,,0.38,-26.38,M,0.0,M,0.0,0000*7E
$GPRMC,215323.00,A,3724.898050,N,12204.950929,W,008.5,198.6,210520,,,A*42
$GPGGA,215324.00,3724.895920,N,12204.950431,W,7,,0.38,-26.24,M,0.0,M,0.0,0000*73
$GPRMC,215324.00,A,3724.895920,N,12204.950431,W,007.6,170.3,210520,,,A*4D
$GPGGA,215325.00,3724.894510,N,12204.948775,W,7,,0.38,-26.13,M,0.0,M,0.0,0000*72
$GPRMC,215325.00,A,3724.894510,N,12204.948775,W,007.1,138.6,210520,,,A*46
$GPGGA,215326.00,3724.894096,N,12204.946658,W,7,,0.38,-26.10,M,0.0,M,0.0,0000*79
$GPRMC,215326.00,A,3724.894096,N,12204.946658,W,006.2,107.5,210520,,,A*43
$GPGGA,215327.00,3724.894498,N,12204.944624,W,7,,0.38,-26.05,M,0.0,M,0.0,0000*7F
$GPRMC,215327.00,A,3724.894498,N,12204.944624,W,005.8,078.6,210520,,,A*42
$GPGGA,215328.00,3724.895367,N,12204.943340,W,7,,0.38,-26.09,M,0.0,M,0.0,0000*7A
$GPRMC,215328.00,A,3724.895367,N,12204.943340,W,004.6,053.4,210520,,,A*4F
$GPGGA,215329.00,3724.896364,N,12204.942817,W,7,,0.38,-26.27,M,0.0,M,0.0,0000*7F
$GPRMC,215329.00,A,3724.896364,N,12204.942817,W,003.2,033.5,210520,,,A*42
$GPGGA,215330.00,3724.896813,N,12204.942601,W,7,,0.38,-26.34,M,0.0,M,0.0,0000*77
$GPRMC,215330.00,A,3724.896813,N,12204.942601,W,001.0,024.4,210520,,,A*4F
$GPGGA,215331.00,3724.896897,N,12204.942566,W,7,,0.38,-26.26,M,0.0,M,0.0,0000*7B
$GPRMC,215331.00,A,3724.896897,N,12204.942566,W,000.0,000.0,210520,,,A*43
$GPGGA,215332.00,3724.896933,N,12204.942566,W,7,,0.38,-26.20,M,0.0,M,0.0,0000*71
$GPRMC,215332.00,A,3724.896933,N,12204.942566,W,000.0,000.0,210520,,,A*4F
$GPGGA,215333.00,3724.896933,N,12204.942566,W,7,,0.38,-26.21,M,0.0,M,0.0,0000*71
$GPRMC,215333.00,A,3724.896933,N,12204.942566,W,000.0,000.0,210520,,,A*4E
$GPGGA,215334.00,3724.896933,N,12204.942566,W,7,,0.38,-26.21,M,0.0,M,0.0,0000*76
$GPRMC,215334.00,A,3724.896933,N,12204.942566,W,000.0,000.0,210520,,,A*49
$GPGGA,215335.00,3724.896933,N,12204.942559,W,7,,0.38,-26.21,M,0.0,M,0.0,0000*7B
$GPRMC,215335.00,A,3724.896933,N,12204.942559,W,000.0,000.0,210520,,,A*44
$GPGGA,215336.00,3724.896933,N,12204.942559,W,7,,0.38,-26.21,M,0.0,M,0.0,0000*78
$GPRMC,215336.00,A,3724.896933,N,12204.942559,W,000.0,000.0,210520,,,A*47
$GPGGA,215337.00,3724.896933,N,12204.942559,W,7,,0.38,-26.20,M,0.0,M,0.0,0000*78
$GPRMC,215337.00,A,3724.896933,N,12204.942559,W,000.0,000.0,210520,,,A*46
$GPGGA,215338.00,3724.896933,N,12204.942559,W,7,,0.38,-26.20,M,0.0,M,0.0,0000*77
$GPRMC,215338.00,A,3724.896933,N,12204.942559,W,000.0,000.0,210520,,,A*49
$GPGGA,215339.00,3724.896927,N,12204.942559,W,7,,0.38,-26.21,M,0.0,M,0.0,0000*72
$GPRMC,215339.00,A,3724.896927,N,12204.942559,W,000.0,000.0,210520,,,A*4D
$GPGGA,215340.00,3724.896933,N,12204.942559,W,7,,0.38,-26.20,M,0.0,M,0.0,0000*78
$GPRMC,215340.00,A,3724.896933,N,12204.942559,W,000.0,000.0,210520,,,A*46
$GPGGA,215341.00,3724.896933,N,12204.942559,W,7,,0.38,-26.20,M,0.0,M,0.0,0000*79
$GPRMC,215341.00,A,3724.896933,N,12204.942559,W,000.0,000.0,210520,,,A*47
$GPGGA,215342.00,3724.896933,N,12204.942559,W,7,,0.38,-26.20,M,0.0,M,0.0,0000*7A
$GPRMC,215342.00,A,3724.896933,N,12204.942559,W,000.0,000.0,210520,,,A*44
$GPGGA,215343.00,3724.896933,N,12204.942559,W,7,,0.38,-26.20,M,0.0,M,0.0,0000*7B
$GPRMC,215343.00,A,3724.896933,N,12204.942559,W,000.0,000.0,210520,,,A*45
$GPGGA,215344.00,3724.896933,N,12204.942559,W,7,,0.38,-26.20,M,0.0,M,0.0,0000*7C
$GPRMC,215344.00,A,3724.896933,N,12204.942559,W,000.0,000.0,210520,,,A*42
$GPGGA,215345.00,3724.896927,N,12204.942559,W,7,,0.38,-26.20,M,0.0,M,0.0,0000*78
$GPRMC,215345.00,A,3724.896927,N,12204.942559,W,000.0,000.0,210520,,,A*46
$GPGGA,215346.00,3724.896927,N,12204.942566,W,7,,0.38,-26.20,M,0.0,M,0.0,0000*77
$GPRMC,215346.00,A,3724.896927,N,12204.942566,W,000.0,000.0,210520,,,A*49
$GPGGA,215347.00,3724.896933,N,12204.942559,W,7,,0.38,-26.20,M,0.0,M,0.0,0000*7F
$GPRMC,215347.00,A,3724.896933,N,12204.942559,W,000.0,000.0,210520,,,A*41
$GPGGA,215348.00,3724.896933,N,12204.942559,W,7,,0.38,-26.20,M,0.0,M,0.0,0000*70
$GPRMC,215348.00,A,3724.896933,N,12204.942559,W,000.0,000.0,210520,,,A*4E
$GPGGA,215349.00,3724.896933,N,12204.942559,W,7,,0.38,-26.21,M,0.0,M,0.0,0000*70
$GPRMC,215349.00,A,3724.896933,N,12204.942559,W,000.0,000.0,210520,,,A*4F
$GPGGA,215350.00,3724.896933,N,12204.942559,W,7,,0.38,-26.20,M,0.0,M,0.0,0000*79
$GPRMC,215350.00,A,3724.896933,N,12204.942559,W,000.0,000.0,210520,,,A*47
$GPGGA,215351.00,3724.896933,N,12204.942559,W,7,,0.38,-26.20,M,0.0,M,0.0,0000*78
$GPRMC,215351.00,A,3724.896933,N,12204.942559,W,000.0,000.0,210520,,,A*46
$GPGGA,215352.00,3724.896933,N,12204.942559,W,7,,0.38,-26.21,M,0.0,M,0.0,0000*7A
$GPRMC,215352.00,A,3724.896933,N,12204.942559,W,000.0,000.0,210520,,,A*45
$GPGGA,215353.00,3724.896933,N,12204.942559,W,7,,0.38,-26.20,M,0.0,M,0.0,0000*7A
$GPRMC,215353.00,A,3724.896933,N,12204.942559,W,000.0,000.0,210520,,,A*44
$GPGGA,215354.00,3724.896933,N,12204.942559,W,7,,0.38,-26.20,M,0.0,M,0.0,0000*7D
$GPRMC,215354.00,A,3724.896933,N,12204.942559,W,000.0,000.0,210520,,,A*43
$GPGGA,215355.00,3724.896933,N,12204.942559,W,7,,0.38,-26.20,M,0.0,M,0.0,0000*7C
$GPRMC,215355.00,A,3724.896933,N,12204.942559,W,000.0,000.0,210520,,,A*42
$GPGGA,215356.00,3724.896933,N,12204.942566,W,7,,0.38,-26.21,M,0.0,M,0.0,0000*72
$GPRMC,215356.00,A,3724.896933,N,12204.942566,W,000.0,000.0,210520,,,A*4D
$GPGGA,215357.00,3724.896933,N,12204.942566,W,7,,0.38,-26.21,M,0.0,M,0.0,0000*73
$GPRMC,215357.00,A,3724.896933,N,12204.942566,W,000.0,000.0,210520,,,A*4C
$GPGGA,215358.00,3724.896933,N,12204.942559,W,7,,0.38,-26.21,M,0.0,M,0.0,0000*70
$GPRMC,215358.00,A,3724.896933,N,12204.942559,W,000.0,000.0,210520,,,A*4F
$GPGGA,215359.00,3724.896933,N,12204.942566,W,7,,0.38,-26.21,M,0.0,M,0.0,0000*7D
$GPRMC,215359.00,A,3724.896933,N,12204.942566,W,000.0,000.0,210520,,,A*42
$GPGGA,215400.00,3724.896933,N,12204.942559,W,7,,0.38,-26.20,M,0.0,M,0.0,0000*7B
$GPRMC,215400.00,A,3724.896933,N,12204.942559,W,000.0,000.0,210520,,,A*45
$GPGGA,215401.00,3724.896927,N,12204.942559,W,7,,0.38,-26.21,M,0.0,M,0.0,0000*7E
$GPRMC,215401.00,A,3724.896927,N,12204.942559,W,000.0,000.0,210520,,,A*41
$GPGGA,215402.00,3724.896927,N,12204.942559,W,7,,0.38,-26.21,M,0.0,M,0.0,0000*7D
$GPRMC,215402.00,A,3724.896927,N,12204.942559,W,000.0,000.0,210520,,,A*42
$GPGGA,215403.00,3724.896933,N,12204.942559,W,7,,0.38,-26.20,M,0.0,M,0.0,0000*78
$GPRMC,215403.00,A,3724.896933,N,12204.942559,W,000.0,000.0,210520,,,A*46
$GPGGA,215404.00,3724.896933,N,12204.942559,W,7,,0.38,-26.20,M,0.0,M,0.0,0000*7F
$GPRMC,215404.00,A,3724.896933,N,12204.942559,W,000.0,000.0,210520,,,A*41
$GPGGA,215405.00,3724.896933,N,12204.942559,W,7,,0.38,-26.20,M,0.0,M,0.0,0000*7E
$GPRMC,215405.00,A,3724.896933,N,12204.942559,W,000.0,000.0,210520,,,A*40
$GPGGA,215406.00,3724.896933,N,12204.942559,W,7,,0.38,-26.20,M,0.0,M,0.0,0000*7D
$GPRMC,215406.00,A,3724.896933,N,12204.942559,W,000.0,000.0,210520,,,A*43
$GPGGA,215407.00,3724.896933,N,12204.942559,W,7,,0.38,-26.20,M,0.0,M,0.0,0000*7C
$GPRMC,215407.00,A,3724.896933,N,12204.942559,W,000.0,000.0,210520,,,A*42
$GPGGA,215408.00,3724.896933,N,12204.942559,W,7,,0.38,-26.21,M,0.0,M,0.0,0000*72
$GPRMC,215408.00,A,3724.896933,N,12204.942559,W,000.0,000.0,210520,,,A*4D
$GPGGA,215409.00,3724.896927,N,12204.942566,W,7,,0.38,-26.21,M,0.0,M,0.0,0000*7A
$GPRMC,215409.00,A,3724.896927,N,12204.942566,W,000.0,000.0,210520,,,A*45
$GPGGA,215410.00,3724.896933,N,12204.942559,W,7,,0.38,-26.21,M,0.0,M,0.0,0000*7B
$GPRMC,215410.00,A,3724.896933,N,12204.942559,W,000.0,000.0,210520,,,A*44
$GPGGA,215411.00,3724.896933,N,12204.942559,W,7,,0.38,-26.20,M,0.0,M,0.0,0000*7B
$GPRMC,215411.00,A,3724.896933,N,12204.942559,W,000.0,000.0,210520,,,A*45
$GPGGA,215412.00,3724.896933,N,12204.942559,W,7,,0.38,-26.21,M,0.0,M,0.0,0000*79
$GPRMC,215412.00,A,3724.896933,N,12204.942559,W,000.0,000.0,210520,,,A*46
$GPGGA,215413.00,3724.896933,N,12204.942559,W,7,,0.38,-26.20,M,0.0,M,0.0,0000*79
$GPRMC,215413.00,A,3724.896933,N,12204.942559,W,000.0,000.0,210520,,,A*47
$GPGGA,215414.00,3724.896927,N,12204.942566,W,7,,0.38,-26.21,M,0.0,M,0.0,0000*76
$GPRMC,215414.00,A,3724.896927,N,12204.942566,W,000.0,000.0,210520,,,A*49
$GPGGA,215415.00,3724.896933,N,12204.942559,W,7,,0.38,-26.21,M,0.0,M,0.0,0000*7E
$GPRMC,215415.00,A,3724.896933,N,12204.942559,W,000.0,000.0,210520,,,A*41
$GPGGA,215416.00,3724.896933,N,12204.942559,W,7,,0.38,-26.21,M,0.0,M,0.0,0000*7D
$GPRMC,215416.00,A,3724.896933,N,12204.942559,W,000.0,000.0,210520,,,A*42
$GPGGA,215417.00,3724.896933,N,12204.942559,W,7,,0.38,-26.21,M,0.0,M,0.0,0000*7C
$GPRMC,215417.00,A,3724.896933,N,12204.942559,W,000.0,000.0,210520,,,A*43
$GPGGA,215418.00,3724.896933,N,12204.942559,W,7,,0.38,-26.21,M,0.0,M,0.0,0000*73
$GPRMC,215418.00,A,3724.896933,N,12204.942559,W,000.0,000.0,210520,,,A*4C
$GPGGA,215419.00,3724.896933,N,12204.942566,W,7,,0.38,-26.21,M,0.0,M,0.0,0000*7E
$GPRMC,215419.00,A,3724.896933,N,12204.942566,W,000.0,000.0,210520,,,A*41
$GPGGA,215420.00,3724.896933,N,12204.942566,W,7,,0.38,-26.21,M,0.0,M,0.0,0000*74
$GPRMC,215420.00,A,3724.896933,N,12204.942566,W,000.0,000.0,210520,,,A*4B
$GPGGA,215421.00,3724.896933,N,12204.942559,W,7,,0.38,-26.21,M,0.0,M,0.0,0000*79
$GPRMC,215421.00,A,3724.896933,N,12204.942559,W,000.0,000.0,210520,,,A*46
$GPGGA,215422.00,3724.896933,N,12204.942559,W,7,,0.38,-26.20,M,0.0,M,0.0,0000*7B
$GPRMC,215422.00,A,3724.896933,N,12204.942559,W,000.0,000.0,210520,,,A*45
$GPGGA,215423.00,3724.896933,N,12204.942559,W,7,,0.38,-26.20,M,0.0,M,0.0,0000*7A
$GPRMC,215423.00,A,3724.896933,N,12204.942559,W,000.0,000.0,210520,,,A*44
$GPGGA,215424.00,3724.896933,N,12204.942559,W,7,,0.38,-26.20,M,0.0,M,0.0,0000*7D
$GPRMC,215424.00,A,3724.896933,N,12204.942559,W,000.0,000.0,210520,,,A*43
$GPGGA,215425.00,3724.896933,N,12204.942559,W,7,,0.38,-26.20,M,0.0,M,0.0,0000*7C
$GPRMC,215425.00,A,3724.896933,N,12204.942559,W,000.0,000.0,210520,,,A*42
$GPGGA,215426.00,3724.896933,N,12204.942559,W,7,,0.38,-26.21,M,0.0,M,0.0,0000*7E
$GPRMC,215426.00,A,3724.896933,N,12204.942559,W,000.0,000.0,210520,,,A*41
$GPGGA,215427.00,3724.896933,N,12204.942559,W,7,,0.38,-26.20,M,0.0,M,0.0,0000*7E
$GPRMC,215427.00,A,3724.896933,N,12204.942559,W,000.0,000.0,210520,,,A*40
$GPGGA,215428.00,3724.896927,N,12204.942566,W,7,,0.38,-26.21,M,0.0,M,0.0,0000*79
$GPRMC,215428.00,A,3724.896927,N,12204.942566,W,000.0,000.0,210520,,,A*46
$GPGGA,215429.00,3724.896933,N,12204.942566,W,7,,0.38,-26.21,M,0.0,M,0.0,0000*7D
$GPRMC,215429.00,A,3724.896933,N,12204.942566,W,000.0,000.0,210520,,,A*42
$GPGGA,215430.00,3724.896933,N,12204.942566,W,7,,0.38,-26.21,M,0.0,M,0.0,0000*75
$GPRMC,215430.00,A,3724.896933,N,12204.942566,W,000.0,000.0,210520,,,A*4A
$GPGGA,215431.00,3724.896933,N,12204.942559,W,7,,0.38,-26.20,M,0.0,M,0.0,0000*79
$GPRMC,215431.00,A,3724.896933,N,12204.942559,W,000.0,000.0,210520,,,A*47
$GPGGA,215432.00,3724.896933,N,12204.942559,W,7,,0.38,-26.20,M,0.0,M,0.0,0000*7A
$GPRMC,215432.00,A,3724.896933,N,12204.942559,W,000.0,000.0,210520,,,A*44
$GPGGA,215433.00,3724.896933,N,12204.942559,W,7,,0.38,-26.20,M,0.0,M,0.0,0000*7B
$GPRMC,215433.00,A,3724.896933,N,12204.942559,W,000.0,000.0,210520,,,A*45
$GPGGA,215434.00,3724.896933,N,12204.942566,W,7,,0.38,-26.21,M,0.0,M,0.0,0000*71
$GPRMC,215434.00,A,3724.896933,N,12204.942566,W,000.0,000.0,210520,,,A*4E
$GPGGA,215435.00,3724.896933,N,12204.942566,W,7,,0.38,-26.21,M,0.0,M,0.0,0000*70
$GPRMC,215435.00,A,3724.896933,N,12204.942566,W,000.0,000.0,210520,,,A*4F
$GPGGA,215436.00,3724.896933,N,12204.942559,W,7,,0.38,-26.20,M,0.0,M,0.0,0000*7E
$GPRMC,215436.00,A,3724.896933,N,12204.942559,W,000.0,000.0,210520,,,A*40
$GPGGA,215437.00,3724.896933,N,12204.942559,W,7,,0.38,-26.20,M,0.0,M,0.0,0000*7F
$GPRMC,215437.00,A,3724.896933,N,12204.942559,W,000.0,000.0,210520,,,A*41
$GPGGA,215438.00,3724.896933,N,12204.942559,W,7,,0.38,-26.20,M,0.0,M,0.0,0000*70
$GPRMC,215438.00,A,3724.896933,N,12204.942559,W,000.0,000.0,210520,,,A*4E
$GPGGA,215439.00,3724.896933,N,12204.942559,W,7,,0.38,-26.20,M,0.0,M,0.0,0000*71
$GPRMC,215439.00,A,3724.896933,N,12204.942559,W,000.0,000.0,210520,,,A*4F
$GPGGA,215440.00,3724.896933,N,12204.942566,W,7,,0.38,-26.21,M,0.0,M,0.0,0000*72
$GPRMC,215440.00,A,3724.896933,N,12204.942566,W,000.0,000.0,210520,,,A*4D
$GPGGA,215441.00,3724.896933,N,12204.942559,W,7,,0.38,-26.21,M,0.0,M,0.0,0000*7F
$GPRMC,215441.00,A,3724.896933,N,12204.942559,W,000.0,000.0,210520,,,A*40
$GPGGA,215442.00,3724.896933,N,12204.942559,W,7,,0.38,-26.21,M,0.0,M,0.0,0000*7C
$GPRMC,215442.00,A,3724.896933,N,12204.942559,W,000.0,000.0,210520,,,A*43
$GPGGA,215443.00,3724.896933,N,12204.942559,W,7,,0.38,-26.20,M,0.0,M,0.0,0000*7C
$GPRMC,215443.00,A,3724.896933,N,12204.942559,W,000.0,000.0,210520,,,A*42
$GPGGA,215444.00,3724.896933,N,12204.942559,W,7,,0.38,-26.20,M,0.0,M,0.0,0000*7B
$GPRMC,215444.00,A,3724.896933,N,12204.942559,W,000.0,000.0,210520,,,A*45
$GPGGA,215445.00,3724.896933,N,12204.942559,W,7,,0.38,-26.20,M,0.0,M,0.0,0000*7A
$GPRMC,215445.00,A,3724.896933,N,12204.942559,W,000.0,000.0,210520,,,A*44
$GPGGA,215446.00,3724.896933,N,12204.942566,W,7,,0.38,-26.20,M,0.0,M,0.0,0000*75
$GPRMC,215446.00,A,3724.896933,N,12204.942566,W,000.0,000.0,210520,,,A*4B
$GPGGA,215447.00,3724.896933,N,12204.942559,W,7,,0.38,-26.21,M,0.0,M,0.0,0000*79
$GPRMC,215447.00,A,3724.896933,N,12204.942559,W,000.0,000.0,210520,,,A*46
$GPGGA,215448.00,3724.896933,N,12204.942559,W,7,,0.38,-26.21,M,0.0,M,0.0,0000*76
$GPRMC,215448.00,A,3724.896933,N,12204.942559,W,000.0,000.0,210520,,,A*49
$GPGGA,215449.00,3724.896933,N,12204.942559,W,7,,0.38,-26.21,M,0.0,M,0.0,0000*77
$GPRMC,215449.00,A,3724.896933,N,12204.942559,W,000.0,000.0,210520,,,A*48
$GPGGA,215450.00,3724.896933,N,12204.942559,W,7,,0.38,-26.21,M,0.0,M,0.0,0000*7F
$GPRMC,215450.00,A,3724.896933,N,12204.942559,W,000.0,000.0,210520,,,A*40
$GPGGA,215451.00,3724.896927,N,12204.942559,W,7,,0.38,-26.21,M,0.0,M,0.0,0000*7B
$GPRMC,215451.00,A,3724.896927,N,12204.942559,W,000.0,000.0,210520,,,A*44
$GPGGA,215452.00,3724.896933,N,12204.942566,W,7,,0.38,-26.21,M,0.0,M,0.0,0000*71
$GPRMC,215452.00,A,3724.896933,N,12204.942566,W,000.0,000.0,210520,,,A*4E
$GPGGA,215453.00,3724.896927,N,12204.942566,W,7,,0.38,-26.21,M,0.0,M,0.0,0000*75
$GPRMC,215453.00,A,3724.896927,N,12204.942566,W,000.0,000.0,210520,,,A*4A
$GPGGA,215454.00,3724.896933,N,12204.942559,W,7,,0.38,-26.21,M,0.0,M,0.0,0000*7B
$GPRMC,215454.00,A,3724.896933,N,12204.942559,W,000.0,000.0,210520,,,A*44
$GPGGA,215455.00,3724.896927,N,12204.942566,W,7,,0.38,-26.21,M,0.0,M,0.0,0000*73
$GPRMC,215455.00,A,3724.896927,N,12204.942566,W,000.0,000.0,210520,,,A*4C
$GPGGA,215456.00,3724.896933,N,12204.942559,W,7,,0.38,-26.21,M,0.0,M,0.0,0000*79
$GPRMC,215456.00,A,3724.896933,N,12204.942559,W,000.0,000.0,210520,,,A*46
$GPGGA,215457.00,3724.896933,N,12204.942559,W,7,,0.38,-26.21,M,0.0,M,0.0,0000*78
$GPRMC,215457.00,A,3724.896933,N,12204.942559,W,000.0,000.0,210520,,,A*47
$GPGGA,215458.00,3724.896933,N,12204.942559,W,7,,0.38,-26.20,M,0.0,M,0.0,0000*76
$GPRMC,215458.00,A,3724.896933,N,12204.942559,W,000.0,000.0,210520,,,A*48
$GPGGA,215459.00,3724.896933,N,12204.942559,W,7,,0.38,-26.20,M,0.0,M,0.0,0000*77
$GPRMC,215459.00,A,3724.896933,N,12204.942559,W,000.0,000.0,210520,,,A*49
$GPGGA,215500.00,3724.896933,N,12204.942554,W,7,,0.38,-26.20,M,0.0,M,0.0,0000*77
$GPRMC,215500.00,A,3724.896933,N,12204.942554,W,000.0,000.0,210520,,,A*49
$GPGGA,215501.00,3724.896783,N,12204.942410,W,7,,0.38,-25.49,M,0.0,M,0.0,0000*7E
$GPRMC,215501.00,A,3724.896783,N,12204.942410,W,000.0,000.0,210520,,,A*4C
$GPGGA,215502.00,3724.896802,N,12204.942385,W,7,,0.38,-25.40,M,0.0,M,0.0,0000*79
$GPRMC,215502.00,A,3724.896802,N,12204.942385,W,000.0,000.0,210520,,,A*42
$GPGGA,215503.00,3724.896802,N,12204.942385,W,7,,0.38,-25.40,M,0.0,M,0.0,0000*78
$GPRMC,215503.00,A,3724.896802,N,12204.942385,W,000.0,000.0,210520,,,A*43
$GPGGA,215504.00,3724.896861,N,12204.942368,W,7,,0.38,-25.32,M,0.0,M,0.0,0000*7C
$GPRMC,215504.00,A,3724.896861,N,12204.942368,W,000.0,000.0,210520,,,A*42
$GPGGA,215505.00,3724.896819,N,12204.942475,W,7,,0.38,-25.51,M,0.0,M,0.0,0000*7C
$GPRMC,215505.00,A,3724.896819,N,12204.942475,W,000.0,000.0,210520,,,A*47
$GPGGA,215506.00,3724.896813,N,12204.942529,W,7,,0.38,-25.71,M,0.0,M,0.0,0000*7F
$GPRMC,215506.00,A,3724.896813,N,12204.942529,W,000.0,000.0,210520,,,A*46
$GPGGA,215507.00,3724.896832,N,12204.942475,W,7,,0.38,-25.67,M,0.0,M,0.0,0000*72
$GPRMC,215507.00,A,3724.896832,N,12204.942475,W,000.0,000.0,210520,,,A*4C
