$GPGGA,212224.00,3737.735422,N,12225.578761,W,7,,0.38,-1.99,M,0.0,M,0.0,0000*4D
$GPRMC,212224.00,A,3737.735422,N,12225.578761,W,000.0,000.0,210520,,,A*44
$GPGGA,212225.00,3737.735416,N,12225.578600,W,7,,0.38,-1.88,M,0.0,M,0.0,0000*4D
$GPRMC,212225.00,A,3737.735416,N,12225.578600,W,000.0,000.0,210520,,,A*44
$GPGGA,212226.00,3737.735356,N,12225.578594,W,7,,0.38,-1.95,M,0.0,M,0.0,0000*4F
$GPRMC,212226.00,A,3737.735356,N,12225.578594,W,000.0,000.0,210520,,,A*4A
$GPGGA,212227.00,3737.735380,N,12225.578587,W,7,,0.38,-1.82,M,0.0,M,0.0,0000*41
$GPRMC,212227.00,A,3737.735380,N,12225.578587,W,000.0,000.0,210520,,,A*42
$GPGGA,212228.00,3737.735422,N,12225.578522,W,7,,0.38,-1.77,M,0.0,M,0.0,0000*44
$GPRMC,212228.00,A,3737.735422,N,12225.578522,W,000.0,000.0,210520,,,A*4D
$GPGGA,212229.00,3737.735337,N,12225.578575,W,7,,0.38,-1.55,M,0.0,M,0.0,0000*44
$GPRMC,212229.00,A,3737.735337,N,12225.578575,W,000.0,000.0,210520,,,A*4D
$GPGGA,212230.00,3737.735295,N,12225.578528,W,7,,0.38,-1.43,M,0.0,M,0.0,0000*4A
$GPRMC,212230.00,A,3737.735295,N,12225.578528,W,000.0,000.0,210520,,,A*44
$GPGGA,212231.00,3737.735265,N,12225.578438,W,7,,0.38,-1.30,M,0.0,M,0.0,0000*40
$GPRMC,212231.00,A,3737.735265,N,12225.578438,W,000.0,000.0,210520,,,A*4A
$GPGGA,212232.00,3737.735314,N,12225.578317,W,7,,0.38,-1.27,M,0.0,M,0.0,0000*48
$GPRMC,212232.00,A,3737.735314,N,12225.578317,W,000.0,000.0,210520,,,A*44
$GPGGA,212233.00,3737.735325,N,12225.578324,W,7,,0.38,-1.19,M,0.0,M,0.0,0000*46
$GPRMC,212233.00,A,3737.735325,N,12225.578324,W,000.0,000.0,210520,,,A*47
$GPGGA,212234.00,3737.735344,N,12225.578317,W,7,,0.38,-1.21,M,0.0,M,0.0,0000*4D
$GPRMC,212234.00,A,3737.735344,N,12225.578317,W,000.0,000.0,210520,,,A*47
$GPGGA,212235.00,3737.735350,N,12225.578312,W,7,,0.38,-1.12,M,0.0,M,0.0,0000*4C
$GPRMC,212235.00,A,3737.735350,N,12225.578312,W,000.0,000.0,210520,,,A*46
$GPGGA,212236.00,3737.735344,N,12225.578305,W,7,,0.38,-1.06,M,0.0,M,0.0,0000*49
$GPRMC,212236.00,A,3737.735344,N,12225.578305,W,000.0,000.0,210520,,,A*46
$GPGGA,212237.00,3737.735320,N,12225.578299,W,7,,0.38,-0.74,M,0.0,M,0.0,0000*4A
$GPRMC,212237.00,A,3737.735320,N,12225.578299,W,000.0,000.0,210520,,,A*41
$GPGGA,212238.00,3737.735361,N,12225.578240,W,7,,0.38,-0.65,M,0.0,M,0.0,0000*44
$GPRMC,212238.00,A,3737.735361,N,12225.578240,W,000.0,000.0,210520,,,A*4F
$GPGGA,212239.00,3737.735433,N,12225.578180,W,7,,0.38,-0.64,M,0.0,M,0.0,0000*4B
$GPRMC,212239.00,A,3737.735433,N,12225.578180,W,000.0,000.0,210520,,,A*41
$GPGGA,212240.00,3737.735445,N,12225.578096,W,7,,0.38,-0.58,M,0.0,M,0.0,0000*4D
$GPRMC,212240.00,A,3737.735445,N,12225.578096,W,000.0,000.0,210520,,,A*48
$GPGGA,212241.00,3737.735481,N,12225.577945,W,7,,0.38,-0.51,M,0.0,M,0.0,0000*45
$GPRMC,212241.00,A,3737.735481,N,12225.577945,W,000.0,000.0,210520,,,A*49
$GPGGA,212242.00,3737.735572,N,12225.577778,W,7,,0.38,-0.59,M,0.0,M,0.0,0000*43
$GPRMC,212242.00,A,3737.735572,N,12225.577778,W,000.0,000.0,210520,,,A*47
$GPGGA,212243.00,3737.735631,N,12225.577759,W,7,,0.38,-0.64,M,0.0,M,0.0,0000*4B
$GPRMC,212243.00,A,3737.735631,N,12225.577759,W,000.0,000.0,210520,,,A*41
$GPGGA,212244.00,3737.735644,N,12225.577706,W,7,,0.38,-0.52,M,0.0,M,0.0,0000*41
$GPRMC,212244.00,A,3737.735644,N,12225.577706,W,000.0,000.0,210520,,,A*4E
$GPGGA,212245.00,3737.735667,N,12225.577615,W,7,,0.38,-0.39,M,0.0,M,0.0,0000*4F
$GPRMC,212245.00,A,3737.735667,N,12225.577615,W,000.0,000.0,210520,,,A*4D
$GPGGA,212246.00,3737.735661,N,12225.577495,W,7,,0.38,-0.33,M,0.0,M,0.0,0000*4A
$GPRMC,212246.00,A,3737.735661,N,12225.577495,W,000.0,000.0,210520,,,A*42
$GPGGA,212247.00,3737.735650,N,12225.577394,W,7,,0.38,-0.22,M,0.0,M,0.0,0000*4F
$GPRMC,212247.00,A,3737.735650,N,12225.577394,W,000.0,000.0,210520,,,A*47
$GPGGA,212248.00,3737.735638,N,12225.577297,W,7,,0.38,-0.25,M,0.0,M,0.0,0000*4B
$GPRMC,212248.00,A,3737.735638,N,12225.577297,W,000.0,000.0,210520,,,A*44
$GPGGA,212249.00,3737.735619,N,12225.577279,W,7,,0.38,-0.25,M,0.0,M,0.0,0000*49
$GPRMC,212249.00,A,3737.735619,N,12225.577279,W,000.0,000.0,210520,,,A*46
$GPGGA,212250.00,3737.735608,N,12225.577279,W,7,,0.38,-0.24,M,0.0,M,0.0,0000*40
$GPRMC,212250.00,A,3737.735608,N,12225.577279,W,000.0,000.0,210520,,,A*4E
$GPGGA,212251.00,3737.735602,N,12225.577285,W,7,,0.38,-0.22,M,0.0,M,0.0,0000*4E
$GPRMC,212251.00,A,3737.735602,N,12225.577285,W,000.0,000.0,210520,,,A*46
$GPGGA,212252.00,3737.735602,N,12225.577292,W,7,,0.38,-0.22,M,0.0,M,0.0,0000*4B
$GPRMC,212252.00,A,3737.735602,N,12225.577292,W,000.0,000.0,210520,,,A*43
$GPGGA,212253.00,3737.735602,N,12225.577292,W,7,,0.38,-0.22,M,0.0,M,0.0,0000*4A
$GPRMC,212253.00,A,3737.735602,N,12225.577292,W,000.0,000.0,210520,,,A*42
$GPGGA,212254.00,3737.735602,N,12225.577292,W,7,,0.38,-0.22,M,0.0,M,0.0,0000*4D
$GPRMC,212254.00,A,3737.735602,N,12225.577292,W,000.0,000.0,210520,,,A*45
$GPGGA,212255.00,3737.735602,N,12225.577292,W,7,,0.38,-0.22,M,0.0,M,0.0,0000*4C
$GPRMC,212255.00,A,3737.735602,N,12225.577292,W,000.0,000.0,210520,,,A*44
$GPGGA,212256.00,3737.735602,N,12225.577285,W,7,,0.38,-0.22,M,0.0,M,0.0,0000*49
$GPRMC,212256.00,A,3737.735602,N,12225.577285,W,000.0,000.0,210520,,,A*41
$GPGGA,212257.00,3737.735602,N,12225.577292,W,7,,0.38,-0.22,M,0.0,M,0.0,0000*4E
$GPRMC,212257.00,A,3737.735602,N,12225.577292,W,000.0,000.0,210520,,,A*46
$GPGGA,212258.00,3737.735602,N,12225.577292,W,7,,0.38,-0.22,M,0.0,M,0.0,0000*41
$GPRMC,212258.00,A,3737.735602,N,12225.577292,W,000.0,000.0,210520,,,A*49
$GPGGA,212259.00,3737.735602,N,12225.577292,W,7,,0.38,-0.22,M,0.0,M,0.0,0000*40
$GPRMC,212259.00,A,3737.735602,N,12225.577292,W,000.0,000.0,210520,,,A*48
$GPGGA,212300.00,3737.735602,N,12225.577285,W,7,,0.38,-0.22,M,0.0,M,0.0,0000*4B
$GPRMC,212300.00,A,3737.735602,N,12225.577285,W,000.0,000.0,210520,,,A*43
$GPGGA,212301.00,3737.735602,N,12225.577285,W,7,,0.38,-0.22,M,0.0,M,0.0,0000*4A
$GPRMC,212301.00,A,3737.735602,N,12225.577285,W,000.0,000.0,210520,,,A*42
$GPGGA,212302.00,3737.735602,N,12225.577285,W,7,,0.38,-0.22,M,0.0,M,0.0,0000*49
$GPRMC,212302.00,A,3737.735602,N,12225.577285,W,000.0,000.0,210520,,,A*41
$GPGGA,212303.00,3737.735602,N,12225.577285,W,7,,0.38,-0.21,M,0.0,M,0.0,0000*4B
$GPRMC,212303.00,A,3737.735602,N,12225.577285,W,000.0,000.0,210520,,,A*40
$GPGGA,212304.00,3737.735602,N,12225.577279,W,7,,0.38,-0.21,M,0.0,M,0.0,0000*4F
$GPRMC,212304.00,A,3737.735602,N,12225.577279,W,000.0,000.0,210520,,,A*44
$GPGGA,212305.00,3737.735602,N,12225.577279,W,7,,0.38,-0.21,M,0.0,M,0.0,0000*4E
$GPRMC,212305.00,A,3737.735602,N,12225.577279,W,000.0,000.0,210520,,,A*45
$GPGGA,212306.00,3737.735517,N,12225.577195,W,7,,0.38,-0.07,M,0.0,M,0.0,0000*4F
$GPRMC,212306.00,A,3737.735517,N,12225.577195,W,000.4,359.8,210520,,,A*43
$GPGGA,212307.00,3737.735043,N,12225.576877,W,7,,0.38,-0.16,M,0.0,M,0.0,0000*4E
$GPRMC,212307.00,A,3737.735043,N,12225.576877,W,001.7,157.1,210520,,,A*45
$GPGGA,212308.00,3737.733958,N,12225.576116,W,7,,0.38,-0.03,M,0.0,M,0.0,0000*4E
$GPRMC,212308.00,A,3737.733958,N,12225.576116,W,004.4,153.1,210520,,,A*43
$GPGGA,212309.00,3737.732110,N,12225.574723,W,7,,0.38,-0.46,M,0.0,M,0.0,0000*49
$GPRMC,212309.00,A,3737.732110,N,12225.574723,W,007.7,149.5,210520,,,A*4A
$GPGGA,212310.00,3737.729319,N,12225.572396,W,7,,0.38,-0.89,M,0.0,M,0.0,0000*4F
$GPRMC,212310.00,A,3737.729319,N,12225.572396,W,010.2,146.0,210520,,,A*46
$GPGGA,212311.00,3737.726446,N,12225.569797,W,7,,0.38,-1.05,M,0.0,M,0.0,0000*46
$GPRMC,212311.00,A,3737.726446,N,12225.569797,W,012.2,146.0,210520,,,A*48
$GPGGA,212312.00,3737.723356,N,12225.567326,W,7,,0.38,-1.17,M,0.0,M,0.0,0000*45
$GPRMC,212312.00,A,3737.723356,N,12225.567326,W,013.3,148.7,210520,,,A*41
$GPGGA,212313.00,3737.719924,N,12225.565298,W,7,,0.38,-1.33,M,0.0,M,0.0,0000*42
$GPRMC,212313.00,A,3737.719924,N,12225.565298,W,013.9,152.7,210520,,,A*41
$GPGGA,212314.00,3737.716101,N,12225.562928,W,7,,0.38,-1.20,M,0.0,M,0.0,0000*40
$GPRMC,212314.00,A,3737.716101,N,12225.562928,W,015.6,154.9,210520,,,A*40
$GPGGA,212315.00,3737.711896,N,12225.560281,W,7,,0.38,-1.08,M,0.0,M,0.0,0000*41
$GPRMC,212315.00,A,3737.711896,N,12225.560281,W,016.7,154.8,210520,,,A*48
$GPGGA,212316.00,3737.707821,N,12225.557647,W,7,,0.38,-1.25,M,0.0,M,0.0,0000*4C
$GPRMC,212316.00,A,3737.707821,N,12225.557647,W,016.6,154.8,210520,,,A*4B
$GPGGA,212317.00,3737.703604,N,12225.555067,W,7,,0.38,-1.14,M,0.0,M,0.0,0000*44
$GPRMC,212317.00,A,3737.703604,N,12225.555067,W,016.5,154.7,210520,,,A*4D
$GPGGA,212318.00,3737.699505,N,12225.552679,W,7,,0.38,-0.83,M,0.0,M,0.0,0000*4A
$GPRMC,212318.00,A,3737.699505,N,12225.552679,W,016.2,154.5,210520,,,A*49
$GPGGA,212319.00,3737.695522,N,12225.549986,W,7,,0.38,-0.97,M,0.0,M,0.0,0000*42
$GPRMC,212319.00,A,3737.695522,N,12225.549986,W,016.2,152.6,210520,,,A*41
$GPGGA,212320.00,3737.691436,N,12225.546877,W,7,,0.38,-1.01,M,0.0,M,0.0,0000*46
$GPRMC,212320.00,A,3737.691436,N,12225.546877,W,017.7,149.7,210520,,,A*44
$GPGGA,212321.00,3737.687152,N,12225.543740,W,7,,0.38,-1.07,M,0.0,M,0.0,0000*4F
$GPRMC,212321.00,A,3737.687152,N,12225.543740,W,017.6,148.1,210520,,,A*4D
$GPGGA,212322.00,3737.683053,N,12225.540529,W,7,,0.39,-1.18,M,0.0,M,0.0,0000*49
$GPRMC,212322.00,A,3737.683053,N,12225.540529,W,017.5,147.3,210520,,,A*4A
$GPGGA,212323.00,3737.679195,N,12225.537278,W,7,,0.39,-1.06,M,0.0,M,0.0,0000*4A
$GPRMC,212323.00,A,3737.679195,N,12225.537278,W,016.6,145.4,210520,,,A*41
$GPGGA,212324.00,3737.675308,N,12225.534074,W,7,,0.38,-1.03,M,0.0,M,0.0,0000*4E
$GPRMC,212324.00,A,3737.675308,N,12225.534074,W,016.4,146.0,210520,,,A*44
$GPGGA,212325.00,3737.671269,N,12225.531037,W,7,,0.38,-1.13,M,0.0,M,0.0,0000*4E
$GPRMC,212325.00,A,3737.671269,N,12225.531037,W,017.1,148.8,210520,,,A*47
$GPGGA,212326.00,3737.667820,N,12225.528614,W,7,,0.38,-0.88,M,0.0,M,0.0,0000*41
$GPRMC,212326.00,A,3737.667820,N,12225.528614,W,013.4,151.3,210520,,,A*49
$GPGGA,212327.00,3737.665437,N,12225.527024,W,7,,0.38,-0.81,M,0.0,M,0.0,0000*4B
$GPRMC,212327.00,A,3737.665437,N,12225.527024,W,008.7,152.5,210520,,,A*46
$GPGGA,212328.00,3737.664106,N,12225.526183,W,7,,0.38,-0.77,M,0.0,M,0.0,0000*46
$GPRMC,212328.00,A,3737.664106,N,12225.526183,W,004.2,153.7,210520,,,A*48
$GPGGA,212329.00,3737.663512,N,12225.525800,W,7,,0.38,-0.82,M,0.0,M,0.0,0000*4A
$GPRMC,212329.00,A,3737.663512,N,12225.525800,W,001.4,153.7,210520,,,A*4D
$GPGGA,212330.00,3737.663427,N,12225.525686,W,7,,0.38,-0.69,M,0.0,M,0.0,0000*40
$GPRMC,212330.00,A,3737.663427,N,12225.525686,W,000.0,000.0,210520,,,A*47
$GPGGA,212331.00,3737.663380,N,12225.525649,W,7,,0.38,-0.60,M,0.0,M,0.0,0000*41
$GPRMC,212331.00,A,3737.663380,N,12225.525649,W,000.0,000.0,210520,,,A*4F
$GPGGA,212332.00,3737.663391,N,12225.525607,W,7,,0.38,-0.61,M,0.0,M,0.0,0000*49
$GPRMC,212332.00,A,3737.663391,N,12225.525607,W,000.0,000.0,210520,,,A*46
$GPGGA,212333.00,3737.663391,N,12225.525607,W,7,,0.38,-0.60,M,0.0,M,0.0,0000*49
$GPRMC,212333.00,A,3737.663391,N,12225.525607,W,000.0,000.0,210520,,,A*47
$GPGGA,212334.00,3737.663391,N,12225.525607,W,7,,0.38,-0.60,M,0.0,M,0.0,0000*4E
$GPRMC,212334.00,A,3737.663391,N,12225.525607,W,000.0,000.0,210520,,,A*40
$GPGGA,212335.00,3737.663391,N,12225.525607,W,7,,0.38,-0.61,M,0.0,M,0.0,0000*4E
$GPRMC,212335.00,A,3737.663391,N,12225.525607,W,000.0,000.0,210520,,,A*41
$GPGGA,212336.00,3737.663374,N,12225.525572,W,7,,0.38,-0.29,M,0.0,M,0.0,0000*4B
$GPRMC,212336.00,A,3737.663374,N,12225.525572,W,000.0,000.0,210520,,,A*48
$GPGGA,212337.00,3737.663344,N,12225.525565,W,7,,0.38,-0.17,M,0.0,M,0.0,0000*42
$GPRMC,212337.00,A,3737.663344,N,12225.525565,W,000.0,000.0,210520,,,A*4C
$GPGGA,212338.00,3737.663344,N,12225.525572,W,7,,0.38,-0.17,M,0.0,M,0.0,0000*4B
$GPRMC,212338.00,A,3737.663344,N,12225.525572,W,000.0,000.0,210520,,,A*45
$GPGGA,212339.00,3737.663344,N,12225.525565,W,7,,0.38,-0.18,M,0.0,M,0.0,0000*43
$GPRMC,212339.00,A,3737.663344,N,12225.525565,W,000.0,000.0,210520,,,A*42
$GPGGA,212340.00,3737.663344,N,12225.525565,W,7,,0.38,-0.17,M,0.0,M,0.0,0000*42
$GPRMC,212340.00,A,3737.663344,N,12225.525565,W,000.0,000.0,210520,,,A*4C
$GPGGA,212341.00,3737.663344,N,12225.525572,W,7,,0.38,-0.17,M,0.0,M,0.0,0000*45
$GPRMC,212341.00,A,3737.663344,N,12225.525572,W,000.0,000.0,210520,,,A*4B
$GPGGA,212342.00,3737.663344,N,12225.525565,W,7,,0.38,-0.18,M,0.0,M,0.0,0000*4F
$GPRMC,212342.00,A,3737.663344,N,12225.525565,W,000.0,000.0,210520,,,A*4E
$GPGGA,212343.00,3737.663344,N,12225.525565,W,7,,0.38,-0.18,M,0.0,M,0.0,0000*4E
$GPRMC,212343.00,A,3737.663344,N,12225.525565,W,000.0,000.0,210520,,,A*4F
$GPGGA,212344.00,3737.663344,N,12225.525565,W,7,,0.38,-0.17,M,0.0,M,0.0,0000*46
$GPRMC,212344.00,A,3737.663344,N,12225.525565,W,000.0,000.0,210520,,,A*48
$GPGGA,212345.00,3737.663344,N,12225.525572,W,7,,0.38,-0.16,M,0.0,M,0.0,0000*40
$GPRMC,212345.00,A,3737.663344,N,12225.525572,W,000.0,000.0,210520,,,A*4F
$GPGGA,212346.00,3737.663344,N,12225.525565,W,7,,0.38,-0.17,M,0.0,M,0.0,0000*44
$GPRMC,212346.00,A,3737.663344,N,12225.525565,W,000.0,000.0,210520,,,A*4A
$GPGGA,212347.00,3737.663344,N,12225.525565,W,7,,0.38,-0.17,M,0.0,M,0.0,0000*45
$GPRMC,212347.00,A,3737.663344,N,12225.525565,W,000.0,000.0,210520,,,A*4B
$GPGGA,212348.00,3737.663344,N,12225.525565,W,7,,0.38,-0.18,M,0.0,M,0.0,0000*45
$GPRMC,212348.00,A,3737.663344,N,12225.525565,W,000.0,000.0,210520,,,A*44
$GPGGA,212349.00,3737.663344,N,12225.525565,W,7,,0.38,-0.18,M,0.0,M,0.0,0000*44
$GPRMC,212349.00,A,3737.663344,N,12225.525565,W,000.0,000.0,210520,,,A*45
$GPGGA,212350.00,3737.663344,N,12225.525565,W,7,,0.38,-0.17,M,0.0,M,0.0,0000*43
$GPRMC,212350.00,A,3737.663344,N,12225.525565,W,000.0,000.0,210520,,,A*4D
$GPGGA,212351.00,3737.663344,N,12225.525565,W,7,,0.38,-0.17,M,0.0,M,0.0,0000*42
$GPRMC,212351.00,A,3737.663344,N,12225.525565,W,000.0,000.0,210520,,,A*4C
$GPGGA,212352.00,3737.663482,N,12225.525475,W,7,,0.38,-0.05,M,0.0,M,0.0,0000*4F
$GPRMC,212352.00,A,3737.663482,N,12225.525475,W,000.0,000.0,210520,,,A*42
$GPGGA,212353.00,3737.663499,N,12225.525458,W,7,,0.38,-0.17,M,0.0,M,0.0,0000*48
$GPRMC,212353.00,A,3737.663499,N,12225.525458,W,000.0,000.0,210520,,,A*46
$GPGGA,212354.00,3737.663488,N,12225.525446,W,7,,0.38,-0.17,M,0.0,M,0.0,0000*40
$GPRMC,212354.00,A,3737.663488,N,12225.525446,W,000.0,000.0,210520,,,A*4E
$GPGGA,212355.00,3737.663008,N,12225.525128,W,7,,0.38,-0.15,M,0.0,M,0.0,0000*42
$GPRMC,212355.00,A,3737.663008,N,12225.525128,W,002.8,153.8,210520,,,A*4B
$GPGGA,212356.00,3737.661855,N,12225.524282,W,7,,0.38,-0.34,M,0.0,M,0.0,0000*42
$GPRMC,212356.00,A,3737.661855,N,12225.524282,W,005.5,151.8,210520,,,A*40
$GPGGA,212357.00,3737.660386,N,12225.522559,W,7,,0.38,-0.32,M,0.0,M,0.0,0000*46
$GPRMC,212357.00,A,3737.660386,N,12225.522559,W,008.1,130.8,210520,,,A*4C
$GPGGA,212358.00,3737.658850,N,12225.519721,W,7,,0.38,-0.57,M,0.0,M,0.0,0000*44
$GPRMC,212358.00,A,3737.658850,N,12225.519721,W,010.4,117.8,210520,,,A*44
$GPGGA,212359.00,3737.657800,N,12225.515936,W,7,,0.38,-0.55,M,0.0,M,0.0,0000*49
$GPRMC,212359.00,A,3737.657800,N,12225.515936,W,012.8,098.7,210520,,,A*4C
$GPGGA,212400.00,3737.657422,N,12225.511112,W,7,,0.38,-0.48,M,0.0,M,0.0,0000*48
$GPRMC,212400.00,A,3737.657422,N,12225.511112,W,014.2,085.9,210520,,,A*4F
$GPGGA,212401.00,3737.658514,N,12225.505838,W,7,,0.39,-0.61,M,0.0,M,0.0,0000*4C
$GPRMC,212401.00,A,3737.658514,N,12225.505838,W,016.0,067.3,210520,,,A*47
$GPGGA,212402.00,3737.660583,N,12225.500173,W,7,,0.39,-0.61,M,0.0,M,0.0,0000*49
$GPRMC,212402.00,A,3737.660583,N,12225.500173,W,018.3,058.1,210520,,,A*41
$GPGGA,212403.00,3737.663091,N,12225.493519,W,7,,0.38,-0.88,M,0.0,M,0.0,0000*48
$GPRMC,212403.00,A,3737.663091,N,12225.493519,W,021.1,059.5,210520,,,A*4B
$GPGGA,212404.00,3737.666002,N,12225.486283,W,7,,0.38,-1.04,M,0.0,M,0.0,0000*45
$GPRMC,212404.00,A,3737.666002,N,12225.486283,W,023.5,061.0,210520,,,A*4B
$GPGGA,212405.00,3737.669098,N,12225.478531,W,7,,0.38,-1.36,M,0.0,M,0.0,0000*46
$GPRMC,212405.00,A,3737.669098,N,12225.478531,W,024.9,061.8,210520,,,A*4A
$GPGGA,212406.00,3737.672272,N,12225.470719,W,7,,0.38,-1.83,M,0.0,M,0.0,0000*47
$GPRMC,212406.00,A,3737.672272,N,12225.470719,W,025.3,062.8,210520,,,A*4D
$GPGGA,212407.00,3737.675277,N,12225.462596,W,7,,0.38,-2.44,M,0.0,M,0.0,0000*4A
$GPRMC,212407.00,A,3737.675277,N,12225.462596,W,025.8,064.8,210520,,,A*45
$GPGGA,212408.00,3737.678176,N,12225.454441,W,7,,0.38,-3.48,M,0.0,M,0.0,0000*49
$GPRMC,212408.00,A,3737.678176,N,12225.454441,W,025.9,066.5,210520,,,A*45
$GPGGA,212409.00,3737.680408,N,12225.445028,W,7,,0.38,-4.65,M,0.0,M,0.0,0000*40
$GPRMC,212409.00,A,3737.680408,N,12225.445028,W,025.4,073.2,210520,,,A*4A
$GPGGA,212410.00,3737.681403,N,12225.436226,W,7,,0.39,-5.41,M,0.0,M,0.0,0000*4C
$GPRMC,212410.00,A,3737.681403,N,12225.436226,W,024.9,083.9,210520,,,A*48
$GPGGA,212411.00,3737.681032,N,12225.426781,W,7,,0.39,-6.05,M,0.0,M,0.0,0000*41
$GPRMC,212411.00,A,3737.681032,N,12225.426781,W,026.2,095.2,210520,,,A*43
$GPGGA,212412.00,3737.679471,N,12225.417721,W,7,,0.38,-7.11,M,0.0,M,0.0,0000*4B
$GPRMC,212412.00,A,3737.679471,N,12225.417721,W,026.8,104.8,210520,,,A*45
$GPGGA,212413.00,3737.677149,N,12225.408236,W,7,,0.38,-8.19,M,0.0,M,0.0,0000*40
$GPRMC,212413.00,A,3737.677149,N,12225.408236,W,028.3,108.4,210520,,,A*4C
$GPGGA,212414.00,3737.675338,N,12225.398696,W,7,,0.38,-9.26,M,0.0,M,0.0,0000*4C
$GPRMC,212414.00,A,3737.675338,N,12225.398696,W,028.7,102.5,210520,,,A*42
$GPGGA,212415.00,3737.674654,N,12225.388370,W,7,,0.38,-10.38,M,0.0,M,0.0,0000*78
$GPRMC,212415.00,A,3737.674654,N,12225.388370,W,030.0,093.0,210520,,,A*43
$GPGGA,212416.00,3737.675056,N,12225.378025,W,7,,0.39,-11.24,M,0.0,M,0.0,0000*7F
$GPRMC,212416.00,A,3737.675056,N,12225.378025,W,029.6,084.6,210520,,,A*47
$GPGGA,212417.00,3737.676724,N,12225.368594,W,7,,0.39,-11.72,M,0.0,M,0.0,0000*72
$GPRMC,212417.00,A,3737.676724,N,12225.368594,W,027.2,075.0,210520,,,A*4B
$GPGGA,212418.00,3737.679052,N,12225.360757,W,7,,0.38,-11.86,M,0.0,M,0.0,0000*7B
$GPRMC,212418.00,A,3737.679052,N,12225.360757,W,023.1,067.9,210520,,,A*45
$GPGGA,212419.00,3737.681068,N,12225.354955,W,7,,0.38,-11.90,M,0.0,M,0.0,0000*78
$GPRMC,212419.00,A,3737.681068,N,12225.354955,W,017.7,066.2,210520,,,A*4A
$GPGGA,212420.00,3737.680935,N,12225.356000,W,7,,0.38,-12.41,M,0.0,M,0.0,0000*76
$GPRMC,212420.00,A,3737.680935,N,12225.356000,W,007.3,069.0,210520,,,A*43
$GPGGA,212421.00,3737.681428,N,12225.355082,W,7,,0.38,-12.32,M,0.0,M,0.0,0000*7A
$GPRMC,212421.00,A,3737.681428,N,12225.355082,W,002.5,071.0,210520,,,A*41
$GPGGA,212422.00,3737.681644,N,12225.354553,W,7,,0.38,-12.33,M,0.0,M,0.0,0000*78
$GPRMC,212422.00,A,3737.681644,N,12225.354553,W,002.0,072.2,210520,,,A*46
$GPGGA,212423.00,3737.682238,N,12225.353305,W,7,,0.38,-12.56,M,0.0,M,0.0,0000*74
$GPRMC,212423.00,A,3737.682238,N,12225.353305,W,005.2,070.9,210520,,,A*45
$GPGGA,212424.00,3737.683485,N,12225.350851,W,7,,0.38,-12.83,M,0.0,M,0.0,0000*73
$GPRMC,212424.00,A,3737.683485,N,12225.350851,W,009.5,069.1,210520,,,A*41
$GPGGA,212425.00,3737.685099,N,12225.347108,W,7,,0.38,-12.89,M,0.0,M,0.0,0000*74
$GPRMC,212425.00,A,3737.685099,N,12225.347108,W,013.2,068.0,210520,,,A*40
$GPGGA,212426.00,3737.687188,N,12225.342115,W,7,,0.38,-13.18,M,0.0,M,0.0,0000*74
$GPRMC,212426.00,A,3737.687188,N,12225.342115,W,017.2,067.2,210520,,,A*40
$GPGGA,212427.00,3737.689587,N,12225.335857,W,7,,0.38,-13.36,M,0.0,M,0.0,0000*73
$GPRMC,212427.00,A,3737.689587,N,12225.335857,W,020.8,066.6,210520,,,A*40
$GPGGA,212428.00,3737.692852,N,12225.328670,W,7,,0.38,-13.69,M,0.0,M,0.0,0000*7E
$GPRMC,212428.00,A,3737.692852,N,12225.328670,W,023.6,062.4,210520,,,A*4C
$GPGGA,212429.00,3737.696667,N,12225.321709,W,7,,0.38,-14.11,M,0.0,M,0.0,0000*7D
$GPRMC,212429.00,A,3737.696667,N,12225.321709,W,024.6,055.6,210520,,,A*46
$GPGGA,212430.00,3737.701240,N,12225.315584,W,7,,0.38,-14.52,M,0.0,M,0.0,0000*7C
$GPRMC,212430.00,A,3737.701240,N,12225.315584,W,025.0,046.8,210520,,,A*4B
$GPGGA,212431.00,3737.706921,N,12225.310147,W,7,,0.38,-15.00,M,0.0,M,0.0,0000*7E
$GPRMC,212431.00,A,3737.706921,N,12225.310147,W,026.2,036.3,210520,,,A*42
$GPGGA,212432.00,3737.713498,N,12225.305732,W,7,,0.39,-15.51,M,0.0,M,0.0,0000*73
$GPRMC,212432.00,A,3737.713498,N,12225.305732,W,027.3,026.7,210520,,,A*4F
$GPGGA,212433.00,3737.720523,N,12225.302233,W,7,,0.38,-16.37,M,0.0,M,0.0,0000*72
$GPRMC,212433.00,A,3737.720523,N,12225.302233,W,027.3,020.2,210520,,,A*4F
$GPGGA,212434.00,3737.727400,N,12225.298664,W,7,,0.39,-17.01,M,0.0,M,0.0,0000*73
$GPRMC,212434.00,A,3737.727400,N,12225.298664,W,026.7,022.3,210520,,,A*4D
$GPGGA,212435.00,3737.734000,N,12225.294374,W,7,,0.38,-17.64,M,0.0,M,0.0,0000*7E
$GPRMC,212435.00,A,3737.734000,N,12225.294374,W,026.4,028.7,210520,,,A*4F
$GPGGA,212436.00,3737.740185,N,12225.288577,W,7,,0.39,-18.31,M,0.0,M,0.0,0000*74
$GPRMC,212436.00,A,3737.740185,N,12225.288577,W,026.3,038.4,210520,,,A*4E
$GPGGA,212437.00,3737.745153,N,12225.281258,W,7,,0.38,-18.31,M,0.0,M,0.0,0000*79
$GPRMC,212437.00,A,3737.745153,N,12225.281258,W,026.8,049.9,210520,,,A*42
$GPGGA,212438.00,3737.749167,N,12225.273044,W,7,,0.38,-18.48,M,0.0,M,0.0,0000*71
$GPRMC,212438.00,A,3737.749167,N,12225.273044,W,027.7,059.1,210520,,,A*43
$GPGGA,212439.00,3737.752809,N,12225.264326,W,7,,0.38,-18.89,M,0.0,M,0.0,0000*77
$GPRMC,212439.00,A,3737.752809,N,12225.264326,W,028.4,062.2,210520,,,A*4F
$GPGGA,212440.00,3737.756404,N,12225.255559,W,7,,0.38,-19.00,M,0.0,M,0.0,0000*70
$GPRMC,212440.00,A,3737.756404,N,12225.255559,W,028.2,062.0,210520,,,A*4C
$GPGGA,212441.00,3737.759896,N,12225.246967,W,7,,0.38,-19.16,M,0.0,M,0.0,0000*7D
$GPRMC,212441.00,A,3737.759896,N,12225.246967,W,027.6,061.8,210520,,,A*46
$GPGGA,212442.00,3737.763298,N,12225.238711,W,7,,0.38,-19.21,M,0.0,M,0.0,0000*71
$GPRMC,212442.00,A,3737.763298,N,12225.238711,W,026.4,062.6,210520,,,A*40
$GPGGA,212443.00,3737.766273,N,12225.231139,W,7,,0.38,-19.21,M,0.0,M,0.0,0000*75
$GPRMC,212443.00,A,3737.766273,N,12225.231139,W,023.7,063.2,210520,,,A*47
$GPGGA,212444.00,3737.768944,N,12225.224101,W,7,,0.38,-19.09,M,0.0,M,0.0,0000*76
$GPRMC,212444.00,A,3737.768944,N,12225.224101,W,020.9,063.6,210520,,,A*47
$GPGGA,212445.00,3737.771235,N,12225.218612,W,7,,0.38,-19.08,M,0.0,M,0.0,0000*79
$GPRMC,212445.00,A,3737.771235,N,12225.218612,W,017.9,063.8,210520,,,A*43
$GPGGA,212446.00,3737.773089,N,12225.214172,W,7,,0.38,-19.26,M,0.0,M,0.0,0000*7C
$GPRMC,212446.00,A,3737.773089,N,12225.214172,W,013.1,063.9,210520,,,A*47
$GPGGA,212447.00,3737.774151,N,12225.211549,W,7,,0.38,-19.44,M,0.0,M,0.0,0000*73
$GPRMC,212447.00,A,3737.774151,N,12225.211549,W,006.7,064.5,210520,,,A*45
$GPGGA,212448.00,3737.774583,N,12225.210368,W,7,,0.38,-19.45,M,0.0,M,0.0,0000*72
$GPRMC,212448.00,A,3737.774583,N,12225.210368,W,002.6,065.2,210520,,,A*46
$GPGGA,212449.00,3737.774938,N,12225.209485,W,7,,0.38,-19.50,M,0.0,M,0.0,0000*77
$GPRMC,212449.00,A,3737.774938,N,12225.209485,W,002.9,065.1,210520,,,A*4B
$GPGGA,212450.00,3737.775723,N,12225.207740,W,7,,0.38,-19.75,M,0.0,M,0.0,0000*79
$GPRMC,212450.00,A,3737.775723,N,12225.207740,W,006.7,064.4,210520,,,A*4C
$GPGGA,212451.00,3737.776989,N,12225.204740,W,7,,0.38,-19.96,M,0.0,M,0.0,0000*7B
$GPRMC,212451.00,A,3737.776989,N,12225.204740,W,010.7,063.9,210520,,,A*4E
$GPGGA,212452.00,3737.778675,N,12225.200486,W,7,,0.38,-20.16,M,0.0,M,0.0,0000*75
$GPRMC,212452.00,A,3737.778675,N,12225.200486,W,013.9,064.0,210520,,,A*41
$GPGGA,212453.00,3737.780704,N,12225.195307,W,7,,0.38,-20.16,M,0.0,M,0.0,0000*75
$GPRMC,212453.00,A,3737.780704,N,12225.195307,W,017.1,063.3,210520,,,A*49
$GPGGA,212454.00,3737.782954,N,12225.189451,W,7,,0.39,-20.18,M,0.0,M,0.0,0000*7D
$GPRMC,212454.00,A,3737.782954,N,12225.189451,W,019.6,063.6,210520,,,A*42
$GPGGA,212455.00,3737.785389,N,12225.183127,W,7,,0.39,-20.26,M,0.0,M,0.0,0000*72
$GPRMC,212455.00,A,3737.785389,N,12225.183127,W,020.6,063.9,210520,,,A*45
$GPGGA,212456.00,3737.788113,N,12225.176414,W,7,,0.38,-20.34,M,0.0,M,0.0,0000*70
$GPRMC,212456.00,A,3737.788113,N,12225.176414,W,022.1,061.8,210520,,,A*43
$GPGGA,212457.00,3737.791431,N,12225.169304,W,7,,0.39,-20.46,M,0.0,M,0.0,0000*70
$GPRMC,212457.00,A,3737.791431,N,12225.169304,W,024.1,058.2,210520,,,A*41
$GPGGA,212458.00,3737.795500,N,12225.161912,W,7,,0.38,-20.29,M,0.0,M,0.0,0000*75
$GPRMC,212458.00,A,3737.795500,N,12225.161912,W,026.4,054.4,210520,,,A*41
$GPGGA,212459.00,3737.800030,N,12225.154700,W,7,,0.38,-20.48,M,0.0,M,0.0,0000*7D
$GPRMC,212459.00,A,3737.800030,N,12225.154700,W,026.7,050.0,210520,,,A*4D
$GPGGA,212500.00,3737.805129,N,12225.147692,W,7,,0.38,-20.68,M,0.0,M,0.0,0000*76
$GPRMC,212500.00,A,3737.805129,N,12225.147692,W,027.1,045.9,210520,,,A*4E
$GPGGA,212501.00,3737.810284,N,12225.140815,W,7,,0.38,-20.82,M,0.0,M,0.0,0000*75
$GPRMC,212501.00,A,3737.810284,N,12225.140815,W,027.1,045.2,210520,,,A*42
$GPGGA,212502.00,3737.815401,N,12225.134125,W,7,,0.38,-20.99,M,0.0,M,0.0,0000*7B
$GPRMC,212502.00,A,3737.815401,N,12225.134125,W,026.5,045.4,210520,,,A*45
$GPGGA,212503.00,3737.820405,N,12225.127496,W,7,,0.38,-21.11,M,0.0,M,0.0,0000*76
$GPRMC,212503.00,A,3737.820405,N,12225.127496,W,025.8,045.8,210520,,,A*4B
$GPGGA,212504.00,3737.825043,N,12225.121280,W,7,,0.38,-21.29,M,0.0,M,0.0,0000*7E
$GPRMC,212504.00,A,3737.825043,N,12225.121280,W,024.3,046.8,210520,,,A*41
$GPGGA,212505.00,3737.829610,N,12225.114751,W,7,,0.38,-21.60,M,0.0,M,0.0,0000*71
$GPRMC,212505.00,A,3737.829610,N,12225.114751,W,023.5,048.3,210520,,,A*47
$GPGGA,212506.00,3737.833522,N,12225.108601,W,7,,0.38,-21.70,M,0.0,M,0.0,0000*73
$GPRMC,212506.00,A,3737.833522,N,12225.108601,W,022.3,052.0,210520,,,A*4B
$GPGGA,212507.00,3737.836918,N,12225.102290,W,7,,0.38,-21.84,M,0.0,M,0.0,0000*7F
$GPRMC,212507.00,A,3737.836918,N,12225.102290,W,021.1,056.2,210520,,,A*4B
$GPGGA,212508.00,3737.839587,N,12225.096548,W,7,,0.39,-21.92,M,0.0,M,0.0,0000*7D
$GPRMC,212508.00,A,3737.839587,N,12225.096548,W,017.5,060.1,210520,,,A*48
$GPGGA,212509.00,3737.841489,N,12225.092126,W,7,,0.39,-21.99,M,0.0,M,0.0,0000*7F
$GPRMC,212509.00,A,3737.841489,N,12225.092126,W,013.7,061.8,210520,,,A*4F
$GPGGA,212510.00,3737.842864,N,12225.089048,W,7,,0.39,-21.90,M,0.0,M,0.0,0000*71
$GPRMC,212510.00,A,3737.842864,N,12225.089048,W,008.7,061.8,210520,,,A*42
$GPGGA,212511.00,3737.843656,N,12225.087187,W,7,,0.39,-21.97,M,0.0,M,0.0,0000*75
$GPRMC,212511.00,A,3737.843656,N,12225.087187,W,004.4,061.9,210520,,,A*4F
$GPGGA,212512.00,3737.843901,N,12225.086204,W,7,,0.38,-21.78,M,0.0,M,0.0,0000*72
$GPRMC,212512.00,A,3737.843901,N,12225.086204,W,001.9,061.9,210520,,,A*40
$GPGGA,212513.00,3737.843931,N,12225.086011,W,7,,0.38,-21.63,M,0.0,M,0.0,0000*7C
$GPRMC,212513.00,A,3737.843931,N,12225.086011,W,000.3,062.0,210520,,,A*45
$GPGGA,212514.00,3737.843943,N,12225.085934,W,7,,0.38,-21.41,M,0.0,M,0.0,0000*73
$GPRMC,212514.00,A,3737.843943,N,12225.085934,W,000.4,061.9,210520,,,A*47
$GPGGA,212515.00,3737.843943,N,12225.085934,W,7,,0.38,-21.16,M,0.0,M,0.0,0000*70
$GPRMC,212515.00,A,3737.843943,N,12225.085934,W,000.3,061.8,210520,,,A*40
$GPGGA,212516.00,3737.843943,N,12225.085939,W,7,,0.38,-21.15,M,0.0,M,0.0,0000*7D
$GPRMC,212516.00,A,3737.843943,N,12225.085939,W,000.0,000.0,210520,,,A*42
$GPGGA,212517.00,3737.843943,N,12225.085939,W,7,,0.38,-21.16,M,0.0,M,0.0,0000*7F
$GPRMC,212517.00,A,3737.843943,N,12225.085939,W,000.0,000.0,210520,,,A*43
$GPGGA,212518.00,3737.843943,N,12225.085939,W,7,,0.38,-21.16,M,0.0,M,0.0,0000*70
$GPRMC,212518.00,A,3737.843943,N,12225.085939,W,000.0,000.0,210520,,,A*4C
$GPGGA,212519.00,3737.843943,N,12225.085946,W,7,,0.38,-21.17,M,0.0,M,0.0,0000*78
$GPRMC,212519.00,A,3737.843943,N,12225.085946,W,000.0,000.0,210520,,,A*45
$GPGGA,212520.00,3737.843979,N,12225.085922,W,7,,0.38,-20.82,M,0.0,M,0.0,0000*74
$GPRMC,212520.00,A,3737.843979,N,12225.085922,W,000.9,061.4,210520,,,A*4E
$GPGGA,212521.00,3737.844496,N,12225.084721,W,7,,0.38,-20.75,M,0.0,M,0.0,0000*7A
$GPRMC,212521.00,A,3737.844496,N,12225.084721,W,005.2,060.6,210520,,,A*45
$GPGGA,212522.00,3737.845539,N,12225.082718,W,7,,0.38,-20.73,M,0.0,M,0.0,0000*76
$GPRMC,212522.00,A,3737.845539,N,12225.082718,W,008.3,057.4,210520,,,A*45
$GPGGA,212523.00,3737.847261,N,12225.080162,W,7,,0.38,-20.55,M,0.0,M,0.0,0000*72
$GPRMC,212523.00,A,3737.847261,N,12225.080162,W,010.5,048.0,210520,,,A*40
$GPGGA,212524.00,3737.849974,N,12225.077755,W,7,,0.38,-20.14,M,0.0,M,0.0,0000*7B
$GPRMC,212524.00,A,3737.849974,N,12225.077755,W,012.2,033.2,210520,,,A*47
$GPGGA,212525.00,3737.853178,N,12225.076219,W,7,,0.38,-20.14,M,0.0,M,0.0,0000*79
$GPRMC,212525.00,A,3737.853178,N,12225.076219,W,012.9,018.6,210520,,,A*43
$GPGGA,212526.00,3737.856796,N,12225.075836,W,7,,0.38,-20.10,M,0.0,M,0.0,0000*79
$GPRMC,212526.00,A,3737.856796,N,12225.075836,W,013.3,001.8,210520,,,A*4A
$GPGGA,212527.00,3737.860527,N,12225.076352,W,7,,0.38,-20.05,M,0.0,M,0.0,0000*7B
$GPRMC,212527.00,A,3737.860527,N,12225.076352,W,014.0,351.1,210520,,,A*47
$GPGGA,212528.00,3737.864608,N,12225.077288,W,7,,0.38,-19.89,M,0.0,M,0.0,0000*77
$GPRMC,212528.00,A,3737.864608,N,12225.077288,W,016.2,347.0,210520,,,A*43
$GPGGA,212529.00,3737.869395,N,12225.078919,W,7,,0.38,-19.69,M,0.0,M,0.0,0000*78
$GPRMC,212529.00,A,3737.869395,N,12225.078919,W,018.0,343.1,210520,,,A*4B
$GPGGA,212530.00,3737.874249,N,12225.080924,W,7,,0.38,-19.38,M,0.0,M,0.0,0000*71
$GPRMC,212530.00,A,3737.874249,N,12225.080924,W,018.6,340.0,210520,,,A*42
$GPGGA,212531.00,3737.879206,N,12225.083204,W,7,,0.38,-19.27,M,0.0,M,0.0,0000*72
$GPRMC,212531.00,A,3737.879206,N,12225.083204,W,019.0,338.5,210520,,,A*42
$GPGGA,212532.00,3737.883927,N,12225.085495,W,7,,0.38,-19.17,M,0.0,M,0.0,0000*77
$GPRMC,212532.00,A,3737.883927,N,12225.085495,W,016.8,338.0,210520,,,A*46
$GPGGA,212533.00,3737.887671,N,12225.087289,W,7,,0.38,-19.29,M,0.0,M,0.0,0000*7A
$GPRMC,212533.00,A,3737.887671,N,12225.087289,W,014.1,337.8,210520,,,A*4A
$GPGGA,212534.00,3737.891115,N,12225.089048,W,7,,0.38,-19.12,M,0.0,M,0.0,0000*76
$GPRMC,212534.00,A,3737.891115,N,12225.089048,W,012.9,337.2,210520,,,A*4A
$GPGGA,212535.00,3737.894200,N,12225.090625,W,7,,0.38,-19.05,M,0.0,M,0.0,0000*76
$GPRMC,212535.00,A,3737.894200,N,12225.090625,W,011.3,336.8,210520,,,A*4E
$GPGGA,212536.00,3737.896803,N,12225.092012,W,7,,0.38,-19.05,M,0.0,M,0.0,0000*7E
$GPRMC,212536.00,A,3737.896803,N,12225.092012,W,009.5,336.7,210520,,,A*46
$GPGGA,212537.00,3737.898898,N,12225.093146,W,7,,0.38,-18.99,M,0.0,M,0.0,0000*76
$GPRMC,212537.00,A,3737.898898,N,12225.093146,W,007.5,336.8,210520,,,A*4B
$GPGGA,212538.00,3737.900494,N,12225.093962,W,7,,0.38,-18.89,M,0.0,M,0.0,0000*76
$GPRMC,212538.00,A,3737.900494,N,12225.093962,W,005.6,337.0,210520,,,A*42
$GPGGA,212539.00,3737.901676,N,12225.094568,W,7,,0.38,-18.81,M,0.0,M,0.0,0000*71
$GPRMC,212539.00,A,3737.901676,N,12225.094568,W,004.0,336.8,210520,,,A*43
$GPGGA,212540.00,3737.902677,N,12225.095047,W,7,,0.38,-18.83,M,0.0,M,0.0,0000*76
$GPRMC,212540.00,A,3737.902677,N,12225.095047,W,003.4,336.8,210520,,,A*45
$GPGGA,212541.00,3737.903500,N,12225.095419,W,7,,0.38,-18.88,M,0.0,M,0.0,0000*71
$GPRMC,212541.00,A,3737.903500,N,12225.095419,W,003.2,336.9,210520,,,A*4E
$GPGGA,212542.00,3737.904232,N,12225.095786,W,7,,0.38,-18.87,M,0.0,M,0.0,0000*79
$GPRMC,212542.00,A,3737.904232,N,12225.095786,W,002.5,336.9,210520,,,A*4F
$GPGGA,212543.00,3737.904759,N,12225.096049,W,7,,0.38,-18.89,M,0.0,M,0.0,0000*79
$GPRMC,212543.00,A,3737.904759,N,12225.096049,W,001.7,336.9,210520,,,A*40
$GPGGA,212544.00,3737.905090,N,12225.096230,W,7,,0.38,-18.81,M,0.0,M,0.0,0000*79
$GPRMC,212544.00,A,3737.905090,N,12225.096230,W,001.0,336.8,210520,,,A*4E
$GPGGA,212545.00,3737.905263,N,12225.096295,W,7,,0.38,-18.70,M,0.0,M,0.0,0000*77
$GPRMC,212545.00,A,3737.905263,N,12225.096295,W,000.3,336.7,210520,,,A*43
$GPGGA,212546.00,3737.905282,N,12225.096290,W,7,,0.38,-18.61,M,0.0,M,0.0,0000*7E
$GPRMC,212546.00,A,3737.905282,N,12225.096290,W,000.0,000.0,210520,,,A*48
$GPGGA,212547.00,3737.905282,N,12225.096283,W,7,,0.38,-18.61,M,0.0,M,0.0,0000*7D
$GPRMC,212547.00,A,3737.905282,N,12225.096283,W,000.0,000.0,210520,,,A*4B
$GPGGA,212548.00,3737.905282,N,12225.096290,W,7,,0.38,-18.62,M,0.0,M,0.0,0000*73
$GPRMC,212548.00,A,3737.905282,N,12225.096290,W,000.0,000.0,210520,,,A*46
$GPGGA,212549.00,3737.905282,N,12225.096290,W,7,,0.38,-18.61,M,0.0,M,0.0,0000*71
$GPRMC,212549.00,A,3737.905282,N,12225.096290,W,000.0,000.0,210520,,,A*47
$GPGGA,212550.00,3737.905276,N,12225.096283,W,7,,0.38,-18.61,M,0.0,M,0.0,0000*70
$GPRMC,212550.00,A,3737.905276,N,12225.096283,W,000.0,000.0,210520,,,A*46
$GPGGA,212551.00,3737.905276,N,12225.096290,W,7,,0.38,-18.61,M,0.0,M,0.0,0000*73
$GPRMC,212551.00,A,3737.905276,N,12225.096290,W,000.0,000.0,210520,,,A*45
$GPGGA,212552.00,3737.905276,N,12225.096290,W,7,,0.38,-18.61,M,0.0,M,0.0,0000*70
$GPRMC,212552.00,A,3737.905276,N,12225.096290,W,000.0,000.0,210520,,,A*46
$GPGGA,212553.00,3737.905282,N,12225.096290,W,7,,0.38,-18.62,M,0.0,M,0.0,0000*79
$GPRMC,212553.00,A,3737.905282,N,12225.096290,W,000.0,000.0,210520,,,A*4C
$GPGGA,212554.00,3737.905282,N,12225.096283,W,7,,0.38,-18.61,M,0.0,M,0.0,0000*7F
$GPRMC,212554.00,A,3737.905282,N,12225.096283,W,000.0,000.0,210520,,,A*49
$GPGGA,212555.00,3737.905282,N,12225.096290,W,7,,0.38,-18.62,M,0.0,M,0.0,0000*7F
$GPRMC,212555.00,A,3737.905282,N,12225.096290,W,000.0,000.0,210520,,,A*4A
$GPGGA,212556.00,3737.905282,N,12225.096290,W,7,,0.38,-18.61,M,0.0,M,0.0,0000*7F
$GPRMC,212556.00,A,3737.905282,N,12225.096290,W,000.0,000.0,210520,,,A*49
$GPGGA,212557.00,3737.905276,N,12225.096290,W,7,,0.38,-18.61,M,0.0,M,0.0,0000*75
$GPRMC,212557.00,A,3737.905276,N,12225.096290,W,000.0,000.0,210520,,,A*43
$GPGGA,212558.00,3737.905276,N,12225.096283,W,7,,0.38,-18.62,M,0.0,M,0.0,0000*7B
$GPRMC,212558.00,A,3737.905276,N,12225.096283,W,000.0,000.0,210520,,,A*4E
$GPGGA,212559.00,3737.905282,N,12225.096290,W,7,,0.38,-18.61,M,0.0,M,0.0,0000*70
$GPRMC,212559.00,A,3737.905282,N,12225.096290,W,000.0,000.0,210520,,,A*46
$GPGGA,212600.00,3737.905282,N,12225.096290,W,7,,0.38,-18.61,M,0.0,M,0.0,0000*7F
$GPRMC,212600.00,A,3737.905282,N,12225.096290,W,000.0,000.0,210520,,,A*49
$GPGGA,212601.00,3737.905282,N,12225.096290,W,7,,0.38,-18.60,M,0.0,M,0.0,0000*7F
$GPRMC,212601.00,A,3737.905282,N,12225.096290,W,000.0,000.0,210520,,,A*48
$GPGGA,212602.00,3737.905276,N,12225.096290,W,7,,0.38,-18.60,M,0.0,M,0.0,0000*77
$GPRMC,212602.00,A,3737.905276,N,12225.096290,W,000.0,000.0,210520,,,A*40
$GPGGA,212603.00,3737.905276,N,12225.096290,W,7,,0.38,-18.61,M,0.0,M,0.0,0000*77
$GPRMC,212603.00,A,3737.905276,N,12225.096290,W,000.0,000.0,210520,,,A*41
$GPGGA,212604.00,3737.905282,N,12225.096290,W,7,,0.38,-18.61,M,0.0,M,0.0,0000*7B
$GPRMC,212604.00,A,3737.905282,N,12225.096290,W,000.0,000.0,210520,,,A*4D
$GPGGA,212605.00,3737.905282,N,12225.096290,W,7,,0.38,-18.61,M,0.0,M,0.0,0000*7A
$GPRMC,212605.00,A,3737.905282,N,12225.096290,W,000.0,000.0,210520,,,A*4C
$GPGGA,212606.00,3737.905282,N,12225.096290,W,7,,0.38,-18.61,M,0.0,M,0.0,0000*79
$GPRMC,212606.00,A,3737.905282,N,12225.096290,W,000.0,000.0,210520,,,A*4F
$GPGGA,212607.00,3737.905413,N,12225.096074,W,7,,0.38,-18.08,M,0.0,M,0.0,0000*71
$GPRMC,212607.00,A,3737.905413,N,12225.096074,W,000.6,336.0,210520,,,A*48
$GPGGA,212608.00,3737.906349,N,12225.096595,W,7,,0.38,-18.20,M,0.0,M,0.0,0000*75
$GPRMC,212608.00,A,3737.906349,N,12225.096595,W,005.4,335.6,210520,,,A*44
$GPGGA,212609.00,3737.908395,N,12225.097675,W,7,,0.38,-18.13,M,0.0,M,0.0,0000*77
$GPRMC,212609.00,A,3737.908395,N,12225.097675,W,009.3,335.8,210520,,,A*43
$GPGGA,212610.00,3737.911522,N,12225.099313,W,7,,0.38,-18.06,M,0.0,M,0.0,0000*72
$GPRMC,212610.00,A,3737.911522,N,12225.099313,W,013.7,336.6,210520,,,A*40
$GPGGA,212611.00,3737.915500,N,12225.101455,W,7,,0.38,-18.05,M,0.0,M,0.0,0000*71
$GPRMC,212611.00,A,3737.915500,N,12225.101455,W,017.2,336.8,210520,,,A*4F
$GPGGA,212612.00,3737.920617,N,12225.104107,W,7,,0.38,-18.14,M,0.0,M,0.0,0000*76
$GPRMC,212612.00,A,3737.920617,N,12225.104107,W,020.3,337.3,210520,,,A*47
$GPGGA,212613.00,3737.926006,N,12225.106904,W,7,,0.38,-18.13,M,0.0,M,0.0,0000*79
$GPRMC,212613.00,A,3737.926006,N,12225.106904,W,021.9,337.1,210520,,,A*46
$GPGGA,212614.00,3737.931741,N,12225.109832,W,7,,0.38,-17.97,M,0.0,M,0.0,0000*74
$GPRMC,212614.00,A,3737.931741,N,12225.109832,W,022.4,337.6,210520,,,A*41
$GPGGA,212615.00,3737.937538,N,12225.112388,W,7,,0.38,-18.07,M,0.0,M,0.0,0000*79
$GPRMC,212615.00,A,3737.937538,N,12225.112388,W,022.0,340.8,210520,,,A*40
$GPGGA,212616.00,3737.942974,N,12225.114470,W,7,,0.38,-17.93,M,0.0,M,0.0,0000*78
$GPRMC,212616.00,A,3737.942974,N,12225.114470,W,020.7,344.6,210520,,,A*4C
$GPGGA,212617.00,3737.948656,N,12225.115820,W,7,,0.38,-17.89,M,0.0,M,0.0,0000*7F
$GPRMC,212617.00,A,3737.948656,N,12225.115820,W,019.9,350.5,210520,,,A*42
$GPGGA,212618.00,3737.954092,N,12225.115885,W,7,,0.38,-17.62,M,0.0,M,0.0,0000*79
$GPRMC,212618.00,A,3737.954092,N,12225.115885,W,019.5,002.4,210520,,,A*48
$GPGGA,212619.00,3737.959287,N,12225.114140,W,7,,0.38,-17.60,M,0.0,M,0.0,0000*70
$GPRMC,212619.00,A,3737.959287,N,12225.114140,W,019.3,019.3,210520,,,A*48
$GPGGA,212620.00,3737.963961,N,12225.110341,W,7,,0.38,-17.53,M,0.0,M,0.0,0000*77
$GPRMC,212620.00,A,3737.963961,N,12225.110341,W,020.2,036.6,210520,,,A*4C
$GPGGA,212621.00,3737.968197,N,12225.104852,W,7,,0.38,-17.74,M,0.0,M,0.0,0000*75
$GPRMC,212621.00,A,3737.968197,N,12225.104852,W,022.6,048.2,210520,,,A*40
$GPGGA,212622.00,3737.972271,N,12225.098221,W,7,,0.38,-17.39,M,0.0,M,0.0,0000*75
$GPRMC,212622.00,A,3737.972271,N,12225.098221,W,024.9,053.8,210520,,,A*40
$GPGGA,212623.00,3737.976424,N,12225.090548,W,7,,0.38,-16.80,M,0.0,M,0.0,0000*75
$GPRMC,212623.00,A,3737.976424,N,12225.090548,W,027.2,056.7,210520,,,A*41
$GPGGA,212624.00,3737.980570,N,12225.082514,W,7,,0.38,-16.13,M,0.0,M,0.0,0000*7B
$GPRMC,212624.00,A,3737.980570,N,12225.082514,W,029.2,057.4,210520,,,A*49
$GPGGA,212625.00,3737.985225,N,12225.073405,W,7,,0.38,-15.40,M,0.0,M,0.0,0000*72
$GPRMC,212625.00,A,3737.985225,N,12225.073405,W,030.7,057.6,210520,,,A*4A
$GPGGA,212626.00,3737.990007,N,12225.064093,W,7,,0.38,-14.70,M,0.0,M,0.0,0000*78
$GPRMC,212626.00,A,3737.990007,N,12225.064093,W,032.4,057.2,210520,,,A*47
$GPGGA,212627.00,3737.995132,N,12225.054122,W,7,,0.38,-14.14,M,0.0,M,0.0,0000*71
$GPRMC,212627.00,A,3737.995132,N,12225.054122,W,034.4,057.4,210520,,,A*4C
$GPGGA,212628.00,3738.000538,N,12225.043603,W,7,,0.38,-13.78,M,0.0,M,0.0,0000*75
$GPRMC,212628.00,A,3738.000538,N,12225.043603,W,036.5,057.6,210520,,,A*44
$GPGGA,212629.00,3738.006171,N,12225.032378,W,7,,0.38,-13.51,M,0.0,M,0.0,0000*7F
$GPRMC,212629.00,A,3738.006171,N,12225.032378,W,038.8,058.0,210520,,,A*4F
$GPGGA,212630.00,3738.011908,N,12225.020161,W,7,,0.38,-13.51,M,0.0,M,0.0,0000*7E
$GPRMC,212630.00,A,3738.011908,N,12225.020161,W,041.0,060.2,210520,,,A*41
$GPGGA,212631.00,3738.017542,N,12225.007286,W,7,,0.38,-13.41,M,0.0,M,0.0,0000*75
$GPRMC,212631.00,A,3738.017542,N,12225.007286,W,042.6,062.7,210520,,,A*49
$GPGGA,212632.00,3738.022551,N,12224.994278,W,7,,0.38,-13.53,M,0.0,M,0.0,0000*72
$GPRMC,212632.00,A,3738.022551,N,12224.994278,W,042.7,065.3,210520,,,A*4F
$GPGGA,212633.00,3738.027399,N,12224.980207,W,7,,0.38,-13.95,M,0.0,M,0.0,0000*73
$GPRMC,212633.00,A,3738.027399,N,12224.980207,W,042.4,067.8,210520,,,A*4E
$GPGGA,212634.00,3738.031552,N,12224.966317,W,7,,0.38,-14.23,M,0.0,M,0.0,0000*70
$GPRMC,212634.00,A,3738.031552,N,12224.966317,W,042.0,070.6,210520,,,A*4B
$GPGGA,212635.00,3738.035061,N,12224.952350,W,7,,0.38,-14.38,M,0.0,M,0.0,0000*7E
$GPRMC,212635.00,A,3738.035061,N,12224.952350,W,042.0,073.5,210520,,,A*4F
$GPGGA,212636.00,3738.038218,N,12224.937662,W,7,,0.38,-14.71,M,0.0,M,0.0,0000*76
$GPRMC,212636.00,A,3738.038218,N,12224.937662,W,042.3,075.6,210520,,,A*4C
$GPGGA,212637.00,3738.040804,N,12224.923574,W,7,,0.38,-14.87,M,0.0,M,0.0,0000*77
$GPRMC,212637.00,A,3738.040804,N,12224.923574,W,042.5,077.4,210520,,,A*42
$GPGGA,212638.00,3738.043017,N,12224.909036,W,7,,0.38,-15.21,M,0.0,M,0.0,0000*77
$GPRMC,212638.00,A,3738.043017,N,12224.909036,W,042.4,079.9,210520,,,A*4D
$GPGGA,212639.00,3738.044596,N,12224.894444,W,7,,0.38,-15.56,M,0.0,M,0.0,0000*79
$GPRMC,212639.00,A,3738.044596,N,12224.894444,W,042.1,083.1,210520,,,A*4B
$GPGGA,212640.00,3738.045675,N,12224.879666,W,7,,0.38,-15.71,M,0.0,M,0.0,0000*7C
$GPRMC,212640.00,A,3738.045675,N,12224.879666,W,042.8,085.5,210520,,,A*40
$GPGGA,212641.00,3738.046299,N,12224.864275,W,7,,0.38,-16.11,M,0.0,M,0.0,0000*77
$GPRMC,212641.00,A,3738.046299,N,12224.864275,W,044.3,087.6,210520,,,A*42
$GPGGA,212642.00,3738.046443,N,12224.848549,W,7,,0.38,-16.45,M,0.0,M,0.0,0000*72
$GPRMC,212642.00,A,3738.046443,N,12224.848549,W,045.7,089.7,210520,,,A*4C
$GPGGA,212643.00,3738.046233,N,12224.832307,W,7,,0.38,-16.90,M,0.0,M,0.0,0000*7B
$GPRMC,212643.00,A,3738.046233,N,12224.832307,W,047.1,091.4,210520,,,A*43
$GPGGA,212644.00,3738.045561,N,12224.815405,W,7,,0.38,-17.26,M,0.0,M,0.0,0000*73
$GPRMC,212644.00,A,3738.045561,N,12224.815405,W,048.5,093.5,210520,,,A*4F
$GPGGA,212645.00,3738.044361,N,12224.798306,W,7,,0.38,-17.34,M,0.0,M,0.0,0000*78
$GPRMC,212645.00,A,3738.044361,N,12224.798306,W,049.7,095.8,210520,,,A*4F
$GPGGA,212646.00,3738.042736,N,12224.780893,W,7,,0.38,-17.47,M,0.0,M,0.0,0000*71
$GPRMC,212646.00,A,3738.042736,N,12224.780893,W,050.6,097.2,210520,,,A*43
$GPGGA,212647.00,3738.040755,N,12224.763260,W,7,,0.38,-17.76,M,0.0,M,0.0,0000*7E
$GPRMC,212647.00,A,3738.040755,N,12224.763260,W,051.4,098.2,210520,,,A*42
$GPGGA,212648.00,3738.038673,N,12224.745794,W,7,,0.38,-18.04,M,0.0,M,0.0,0000*7B
$GPRMC,212648.00,A,3738.038673,N,12224.745794,W,052.2,098.8,210520,,,A*42
$GPGGA,212649.00,3738.036267,N,12224.727115,W,7,,0.38,-18.49,M,0.0,M,0.0,0000*77
$GPRMC,212649.00,A,3738.036267,N,12224.727115,W,052.9,099.4,210520,,,A*41
$GPGGA,212650.00,3738.033844,N,12224.708809,W,7,,0.38,-18.80,M,0.0,M,0.0,0000*7D
$GPRMC,212650.00,A,3738.033844,N,12224.708809,W,053.4,099.5,210520,,,A*43
$GPGGA,212651.00,3738.031299,N,12224.690144,W,7,,0.38,-19.18,M,0.0,M,0.0,0000*74
$GPRMC,212651.00,A,3738.031299,N,12224.690144,W,053.9,099.8,210520,,,A*4A
$GPGGA,212652.00,3738.028762,N,12224.671556,W,7,,0.38,-19.53,M,0.0,M,0.0,0000*79
$GPRMC,212652.00,A,3738.028762,N,12224.671556,W,054.0,099.7,210520,,,A*49
$GPGGA,212653.00,3738.026241,N,12224.653069,W,7,,0.38,-19.57,M,0.0,M,0.0,0000*7F
$GPRMC,212653.00,A,3738.026241,N,12224.653069,W,053.7,099.7,210520,,,A*4B
$GPGGA,212654.00,3738.023757,N,12224.634680,W,7,,0.38,-19.47,M,0.0,M,0.0,0000*7E
$GPRMC,212654.00,A,3738.023757,N,12224.634680,W,053.4,099.5,210520,,,A*4A
$GPGGA,212655.00,3738.021279,N,12224.616176,W,7,,0.38,-19.27,M,0.0,M,0.0,0000*7C
$GPRMC,212655.00,A,3738.021279,N,12224.616176,W,053.0,099.4,210520,,,A*4B
$GPGGA,212656.00,3738.019089,N,12224.598619,W,7,,0.38,-19.16,M,0.0,M,0.0,0000*70
$GPRMC,212656.00,A,3738.019089,N,12224.598619,W,052.7,098.8,210520,,,A*4E
$GPGGA,212657.00,3738.016990,N,12224.579947,W,7,,0.38,-19.07,M,0.0,M,0.0,0000*74
$GPRMC,212657.00,A,3738.016990,N,12224.579947,W,052.3,097.5,210520,,,A*4C
$GPGGA,212658.00,3738.015507,N,12224.561732,W,7,,0.38,-19.29,M,0.0,M,0.0,0000*73
$GPRMC,212658.00,A,3738.015507,N,12224.561732,W,051.8,095.0,210520,,,A*48
$GPGGA,212659.00,3738.014781,N,12224.543713,W,7,,0.38,-19.50,M,0.0,M,0.0,0000*72
$GPRMC,212659.00,A,3738.014781,N,12224.543713,W,051.6,091.6,210520,,,A*4B
$GPGGA,212700.00,3738.014883,N,12224.525120,W,7,,0.38,-20.24,M,0.0,M,0.0,0000*7D
$GPRMC,212700.00,A,3738.014883,N,12224.525120,W,051.7,088.5,210520,,,A*47
$GPGGA,212701.00,3738.015634,N,12224.507551,W,7,,0.38,-20.99,M,0.0,M,0.0,0000*7B
$GPRMC,212701.00,A,3738.015634,N,12224.507551,W,052.4,086.0,210520,,,A*4C
$GPGGA,212702.00,3738.017007,N,12224.489023,W,7,,0.38,-21.66,M,0.0,M,0.0,0000*7A
$GPRMC,212702.00,A,3738.017007,N,12224.489023,W,053.2,083.8,210520,,,A*46
$GPGGA,212703.00,3738.018933,N,12224.470550,W,7,,0.38,-22.22,M,0.0,M,0.0,0000*7E
$GPRMC,212703.00,A,3738.018933,N,12224.470550,W,053.5,081.7,210520,,,A*4B
$GPGGA,212704.00,3738.021171,N,12224.452196,W,7,,0.38,-22.84,M,0.0,M,0.0,0000*7F
$GPRMC,212704.00,A,3738.021171,N,12224.452196,W,053.1,081.0,210520,,,A*45
$GPGGA,212705.00,3738.023368,N,12224.433782,W,7,,0.38,-23.24,M,0.0,M,0.0,0000*79
$GPRMC,212705.00,A,3738.023368,N,12224.433782,W,052.6,081.5,210520,,,A*4B
$GPGGA,212706.00,3738.025372,N,12224.415835,W,7,,0.38,-23.34,M,0.0,M,0.0,0000*71
$GPRMC,212706.00,A,3738.025372,N,12224.415835,W,051.7,082.2,210520,,,A*44
$GPGGA,212707.00,3738.027196,N,12224.398123,W,7,,0.38,-23.50,M,0.0,M,0.0,0000*74
$GPRMC,212707.00,A,3738.027196,N,12224.398123,W,051.0,083.0,210520,,,A*47
$GPGGA,212708.00,3738.028599,N,12224.380027,W,7,,0.38,-23.73,M,0.0,M,0.0,0000*72
$GPRMC,212708.00,A,3738.028599,N,12224.380027,W,050.2,085.0,210520,,,A*45
$GPGGA,212709.00,3738.029170,N,12224.363041,W,7,,0.38,-23.82,M,0.0,M,0.0,0000*72
$GPRMC,212709.00,A,3738.029170,N,12224.363041,W,049.6,089.1,210520,,,A*4A
$GPGGA,212710.00,3738.028389,N,12224.345917,W,7,,0.38,-23.85,M,0.0,M,0.0,0000*76
$GPRMC,212710.00,A,3738.028389,N,12224.345917,W,049.1,095.4,210520,,,A*46
$GPGGA,212711.00,3738.026265,N,12224.329045,W,7,,0.38,-23.91,M,0.0,M,0.0,0000*7B
$GPRMC,212711.00,A,3738.026265,N,12224.329045,W,049.0,100.9,210520,,,A*4F
$GPGGA,212712.00,3738.022864,N,12224.312467,W,7,,0.38,-23.80,M,0.0,M,0.0,0000*7B
$GPRMC,212712.00,A,3738.022864,N,12224.312467,W,049.1,106.3,210520,,,A*42
$GPGGA,212713.00,3738.018112,N,12224.296129,W,7,,0.38,-23.82,M,0.0,M,0.0,0000*7B
$GPRMC,212713.00,A,3738.018112,N,12224.296129,W,049.5,112.0,210520,,,A*42
$GPGGA,212714.00,3738.012070,N,12224.280698,W,7,,0.38,-23.77,M,0.0,M,0.0,0000*73
$GPRMC,212714.00,A,3738.012070,N,12224.280698,W,049.4,118.1,210520,,,A*4A
$GPGGA,212715.00,3738.004798,N,12224.266207,W,7,,0.38,-23.65,M,0.0,M,0.0,0000*7D
$GPRMC,212715.00,A,3738.004798,N,12224.266207,W,049.1,124.3,210520,,,A*4F
$GPGGA,212716.00,3737.996266,N,12224.252660,W,7,,0.38,-23.64,M,0.0,M,0.0,0000*74
$GPRMC,212716.00,A,3737.996266,N,12224.252660,W,049.0,130.1,210520,,,A*41
$GPGGA,212717.00,3737.986839,N,12224.240336,W,7,,0.38,-23.62,M,0.0,M,0.0,0000*77
$GPRMC,212717.00,A,3737.986839,N,12224.240336,W,049.1,135.6,210520,,,A*47
$GPGGA,212718.00,3737.976519,N,12224.229176,W,7,,0.38,-23.79,M,0.0,M,0.0,0000*7B
$GPRMC,212718.00,A,3737.976519,N,12224.229176,W,049.1,141.1,210520,,,A*45
$GPGGA,212719.00,3737.965377,N,12224.219366,W,7,,0.38,-24.26,M,0.0,M,0.0,0000*7B
$GPRMC,212719.00,A,3737.965377,N,12224.219366,W,049.1,146.9,210520,,,A*47
$GPGGA,212720.00,3737.953743,N,12224.211182,W,7,,0.38,-24.63,M,0.0,M,0.0,0000*76
$GPRMC,212720.00,A,3737.953743,N,12224.211182,W,049.1,152.7,210520,,,A*40
$GPGGA,212721.00,3737.940880,N,12224.204216,W,7,,0.38,-25.49,M,0.0,M,0.0,0000*76
$GPRMC,212721.00,A,3737.940880,N,12224.204216,W,049.1,159.1,210520,,,A*44
$GPGGA,212722.00,3737.927836,N,12224.199049,W,7,,0.38,-26.50,M,0.0,M,0.0,0000*7D
$GPRMC,212722.00,A,3737.927836,N,12224.199049,W,049.3,164.4,210520,,,A*4D
$GPGGA,212723.00,3737.914264,N,12224.195203,W,7,,0.38,-27.58,M,0.0,M,0.0,0000*78
$GPRMC,212723.00,A,3737.914264,N,12224.195203,W,049.9,168.7,210520,,,A*44
$GPGGA,212724.00,3737.900434,N,12224.192396,W,7,,0.38,-28.58,M,0.0,M,0.0,0000*7C
$GPRMC,212724.00,A,3737.900434,N,12224.192396,W,050.7,172.0,210520,,,A*45
$GPGGA,212725.00,3737.886429,N,12224.190212,W,7,,0.38,-29.85,M,0.0,M,0.0,0000*70
$GPRMC,212725.00,A,3737.886429,N,12224.190212,W,051.0,173.4,210520,,,A*4B
$GPGGA,212726.00,3737.872359,N,12224.188237,W,7,,0.39,-30.77,M,0.0,M,0.0,0000*72
$GPRMC,212726.00,A,3737.872359,N,12224.188237,W,051.0,173.5,210520,,,A*4C
$GPGGA,212727.00,3737.858163,N,12224.186192,W,7,,0.38,-31.61,M,0.0,M,0.0,0000*75
$GPRMC,212727.00,A,3737.858163,N,12224.186192,W,051.0,173.5,210520,,,A*4C
$GPGGA,212728.00,3737.844633,N,12224.184212,W,7,,0.38,-31.98,M,0.0,M,0.0,0000*7A
$GPRMC,212728.00,A,3737.844633,N,12224.184212,W,051.2,173.4,210520,,,A*46
$GPGGA,212729.00,3737.830138,N,12224.182160,W,7,,0.38,-32.25,M,0.0,M,0.0,0000*71
$GPRMC,212729.00,A,3737.830138,N,12224.182160,W,051.0,173.7,210520,,,A*49
$GPGGA,212730.00,3737.816092,N,12224.180120,W,7,,0.38,-32.13,M,0.0,M,0.0,0000*7F
$GPRMC,212730.00,A,3737.816092,N,12224.180120,W,050.2,173.4,210520,,,A*42
$GPGGA,212731.00,3737.802292,N,12224.178146,W,7,,0.38,-31.91,M,0.0,M,0.0,0000*77
$GPRMC,212731.00,A,3737.802292,N,12224.178146,W,049.8,173.7,210520,,,A*42
$GPGGA,212732.00,3737.788005,N,12224.176328,W,7,,0.38,-31.80,M,0.0,M,0.0,0000*71
$GPRMC,212732.00,A,3737.788005,N,12224.176328,W,050.2,174.3,210520,,,A*45
$GPGGA,212733.00,3737.774500,N,12224.174588,W,7,,0.38,-31.73,M,0.0,M,0.0,0000*71
$GPRMC,212733.00,A,3737.774500,N,12224.174588,W,050.8,174.4,210520,,,A*44
$GPGGA,212734.00,3737.760285,N,12224.172848,W,7,,0.38,-31.73,M,0.0,M,0.0,0000*7E
$GPRMC,212734.00,A,3737.760285,N,12224.172848,W,051.2,174.3,210520,,,A*47
$GPGGA,212735.00,3737.746125,N,12224.170915,W,7,,0.38,-31.61,M,0.0,M,0.0,0000*7A
$GPRMC,212735.00,A,3737.746125,N,12224.170915,W,051.5,173.6,210520,,,A*45
$GPGGA,212736.00,3737.731882,N,12224.168786,W,7,,0.38,-31.59,M,0.0,M,0.0,0000*7B
$GPRMC,212736.00,A,3737.731882,N,12224.168786,W,052.0,172.9,210520,,,A*47
$GPGGA,212737.00,3737.717463,N,12224.166548,W,7,,0.38,-31.60,M,0.0,M,0.0,0000*79
$GPRMC,212737.00,A,3737.717463,N,12224.166548,W,052.5,172.8,210520,,,A*4B
$GPGGA,212738.00,3737.702812,N,12224.164141,W,7,,0.38,-31.45,M,0.0,M,0.0,0000*70
$GPRMC,212738.00,A,3737.702812,N,12224.164141,W,053.0,172.4,210520,,,A*4D
$GPGGA,212739.00,3737.688172,N,12224.161363,W,7,,0.38,-31.60,M,0.0,M,0.0,0000*7D
$GPRMC,212739.00,A,3737.688172,N,12224.161363,W,053.5,171.1,210520,,,A*44
$GPGGA,212740.00,3737.672962,N,12224.158147,W,7,,0.38,-31.45,M,0.0,M,0.0,0000*76
$GPRMC,212740.00,A,3737.672962,N,12224.158147,W,054.1,170.1,210520,,,A*4A
$GPGGA,212741.00,3737.658465,N,12224.154787,W,7,,0.38,-31.51,M,0.0,M,0.0,0000*76
$GPRMC,212741.00,A,3737.658465,N,12224.154787,W,054.6,169.3,210520,,,A*42
$GPGGA,212742.00,3737.643543,N,12224.150995,W,7,,0.38,-31.49,M,0.0,M,0.0,0000*7A
$GPRMC,212742.00,A,3737.643543,N,12224.150995,W,055.1,168.1,210520,,,A*42
$GPGGA,212743.00,3737.628574,N,12224.146789,W,7,,0.38,-31.58,M,0.0,M,0.0,0000*76
$GPRMC,212743.00,A,3737.628574,N,12224.146789,W,055.5,167.0,210520,,,A*44
$GPGGA,212744.00,3737.613585,N,12224.142188,W,7,,0.38,-31.58,M,0.0,M,0.0,0000*74
$GPRMC,212744.00,A,3737.613585,N,12224.142188,W,055.8,165.8,210520,,,A*41
$GPGGA,212745.00,3737.598423,N,12224.137195,W,7,,0.38,-31.52,M,0.0,M,0.0,0000*7C
$GPRMC,212745.00,A,3737.598423,N,12224.137195,W,056.2,164.9,210520,,,A*4A
$GPGGA,212746.00,3737.583429,N,12224.131753,W,7,,0.38,-31.50,M,0.0,M,0.0,0000*77
$GPRMC,212746.00,A,3737.583429,N,12224.131753,W,056.3,163.3,210520,,,A*4F
$GPGGA,212747.00,3737.568712,N,12224.125682,W,7,,0.38,-31.26,M,0.0,M,0.0,0000*71
$GPRMC,212747.00,A,3737.568712,N,12224.125682,W,055.7,161.0,210520,,,A*4E
$GPGGA,212748.00,3737.554102,N,12224.119310,W,7,,0.38,-31.50,M,0.0,M,0.0,0000*76
$GPRMC,212748.00,A,3737.554102,N,12224.119310,W,055.1,160.9,210520,,,A*46
$GPGGA,212749.00,3737.539713,N,12224.113009,W,7,,0.38,-31.43,M,0.0,M,0.0,0000*79
$GPRMC,212749.00,A,3737.539713,N,12224.113009,W,054.6,160.8,210520,,,A*4C
$GPGGA,212750.00,3737.525320,N,12224.107028,W,7,,0.38,-31.43,M,0.0,M,0.0,0000*7E
$GPRMC,212750.00,A,3737.525320,N,12224.107028,W,054.6,162.0,210520,,,A*41
$GPGGA,212751.00,3737.510950,N,12224.101291,W,7,,0.38,-31.27,M,0.0,M,0.0,0000*70
$GPRMC,212751.00,A,3737.510950,N,12224.101291,W,054.3,162.6,210520,,,A*4E
$GPGGA,212752.00,3737.496891,N,12224.095831,W,7,,0.38,-31.39,M,0.0,M,0.0,0000*73
$GPRMC,212752.00,A,3737.496891,N,12224.095831,W,054.1,163.2,210520,,,A*45
$GPGGA,212753.00,3737.482083,N,12224.090287,W,7,,0.38,-31.17,M,0.0,M,0.0,0000*72
$GPRMC,212753.00,A,3737.482083,N,12224.090287,W,053.8,163.4,210520,,,A*40
$GPGGA,212754.00,3737.467785,N,12224.084936,W,7,,0.38,-31.13,M,0.0,M,0.0,0000*7F
$GPRMC,212754.00,A,3737.467785,N,12224.084936,W,053.7,163.2,210520,,,A*40
$GPGGA,212755.00,3737.453361,N,12224.079559,W,7,,0.38,-31.21,M,0.0,M,0.0,0000*71
$GPRMC,212755.00,A,3737.453361,N,12224.079559,W,053.7,163.4,210520,,,A*49
$GPGGA,212756.00,3737.439177,N,12224.074136,W,7,,0.38,-31.15,M,0.0,M,0.0,0000*7C
$GPRMC,212756.00,A,3737.439177,N,12224.074136,W,053.3,162.9,210520,,,A*4B
$GPGGA,212757.00,3737.425137,N,12224.068789,W,7,,0.38,-31.05,M,0.0,M,0.0,0000*7A
$GPRMC,212757.00,A,3737.425137,N,12224.068789,W,052.7,163.1,210520,,,A*40
$GPGGA,212758.00,3737.411356,N,12224.063461,W,7,,0.38,-30.74,M,0.0,M,0.0,0000*7E
$GPRMC,212758.00,A,3737.411356,N,12224.063461,W,051.7,163.0,210520,,,A*41
$GPGGA,212759.00,3737.397663,N,12224.058182,W,7,,0.38,-30.73,M,0.0,M,0.0,0000*72
$GPRMC,212759.00,A,3737.397663,N,12224.058182,W,050.8,162.9,210520,,,A*4C
$GPGGA,212800.00,3737.384637,N,12224.053082,W,7,,0.38,-30.51,M,0.0,M,0.0,0000*78
$GPRMC,212800.00,A,3737.384637,N,12224.053082,W,050.7,162.5,210520,,,A*45
$GPGGA,212801.00,3737.370669,N,12224.047687,W,7,,0.38,-30.51,M,0.0,M,0.0,0000*7F
$GPRMC,212801.00,A,3737.370669,N,12224.047687,W,051.1,162.9,210520,,,A*49
$GPGGA,212802.00,3737.357008,N,12224.042528,W,7,,0.38,-30.64,M,0.0,M,0.0,0000*7D
$GPRMC,212802.00,A,3737.357008,N,12224.042528,W,051.7,163.5,210520,,,A*46
$GPGGA,212803.00,3737.343009,N,12224.037500,W,7,,0.38,-30.68,M,0.0,M,0.0,0000*7C
$GPRMC,212803.00,A,3737.343009,N,12224.037500,W,052.2,164.2,210520,,,A*4D
$GPGGA,212804.00,3737.328567,N,12224.032304,W,7,,0.38,-30.70,M,0.0,M,0.0,0000*75
$GPRMC,212804.00,A,3737.328567,N,12224.032304,W,052.6,163.7,210520,,,A*4B
$GPGGA,212805.00,3737.314798,N,12224.027197,W,7,,0.38,-30.69,M,0.0,M,0.0,0000*7D
$GPRMC,212805.00,A,3737.314798,N,12224.027197,W,053.8,163.3,210520,,,A*40
$GPGGA,212806.00,3737.300062,N,12224.021792,W,7,,0.38,-30.81,M,0.0,M,0.0,0000*7A
$GPRMC,212806.00,A,3737.300062,N,12224.021792,W,055.3,163.9,210520,,,A*46
$GPGGA,212807.00,3737.285140,N,12224.016421,W,7,,0.38,-30.99,M,0.0,M,0.0,0000*70
$GPRMC,212807.00,A,3737.285140,N,12224.016421,W,056.4,164.2,210520,,,A*4D
$GPGGA,212808.00,3737.269912,N,12224.011141,W,7,,0.38,-31.02,M,0.0,M,0.0,0000*75
$GPRMC,212808.00,A,3737.269912,N,12224.011141,W,057.2,164.8,210520,,,A*46
$GPGGA,212809.00,3737.254564,N,12224.005946,W,7,,0.38,-31.02,M,0.0,M,0.0,0000*7D
$GPRMC,212809.00,A,3737.254564,N,12224.005946,W,057.3,165.0,210520,,,A*46
$GPGGA,212810.00,3737.238988,N,12224.000708,W,7,,0.38,-31.06,M,0.0,M,0.0,0000*74
$GPRMC,212810.00,A,3737.238988,N,12224.000708,W,057.6,165.0,210520,,,A*4E
$GPGGA,212811.00,3737.223556,N,12223.995506,W,7,,0.38,-31.01,M,0.0,M,0.0,0000*79
$GPRMC,212811.00,A,3737.223556,N,12223.995506,W,057.8,165.0,210520,,,A*4A
$GPGGA,212812.00,3737.207566,N,12223.990136,W,7,,0.38,-31.03,M,0.0,M,0.0,0000*7F
$GPRMC,212812.00,A,3737.207566,N,12223.990136,W,057.9,165.0,210520,,,A*4F
$GPGGA,212813.00,3737.192337,N,12223.985029,W,7,,0.38,-30.99,M,0.0,M,0.0,0000*7A
$GPRMC,212813.00,A,3737.192337,N,12223.985029,W,058.3,165.0,210520,,,A*4D
$GPGGA,212814.00,3737.176653,N,12223.979773,W,7,,0.38,-30.85,M,0.0,M,0.0,0000*76
$GPRMC,212814.00,A,3737.176653,N,12223.979773,W,058.6,164.9,210520,,,A*41
$GPGGA,212815.00,3737.160903,N,12223.974452,W,7,,0.38,-30.62,M,0.0,M,0.0,0000*7E
$GPRMC,212815.00,A,3737.160903,N,12223.974452,W,058.7,165.0,210520,,,A*49
$GPGGA,212816.00,3737.145196,N,12223.969147,W,7,,0.38,-30.57,M,0.0,M,0.0,0000*75
$GPRMC,212816.00,A,3737.145196,N,12223.969147,W,058.7,164.9,210520,,,A*4C
$GPGGA,212817.00,3737.129337,N,12223.963838,W,7,,0.38,-30.38,M,0.0,M,0.0,0000*75
$GPRMC,212817.00,A,3737.129337,N,12223.963838,W,058.5,165.0,210520,,,A*4F
$GPGGA,212818.00,3737.113731,N,12223.958575,W,7,,0.38,-30.64,M,0.0,M,0.0,0000*74
$GPRMC,212818.00,A,3737.113731,N,12223.958575,W,058.1,165.0,210520,,,A*43
$GPGGA,212819.00,3737.098246,N,12223.953403,W,7,,0.38,-30.85,M,0.0,M,0.0,0000*76
$GPRMC,212819.00,A,3737.098246,N,12223.953403,W,057.6,165.1,210520,,,A*47
$GPGGA,212820.00,3737.082687,N,12223.948249,W,7,,0.38,-30.96,M,0.0,M,0.0,0000*7E
$GPRMC,212820.00,A,3737.082687,N,12223.948249,W,057.4,165.1,210520,,,A*4F
$GPGGA,212821.00,3737.067285,N,12223.943126,W,7,,0.38,-30.97,M,0.0,M,0.0,0000*72
$GPRMC,212821.00,A,3737.067285,N,12223.943126,W,057.6,165.2,210520,,,A*43
$GPGGA,212822.00,3737.051883,N,12223.937960,W,7,,0.38,-30.61,M,0.0,M,0.0,0000*78
$GPRMC,212822.00,A,3737.051883,N,12223.937960,W,057.6,165.0,210520,,,A*42
$GPGGA,212823.00,3737.036470,N,12223.932776,W,7,,0.38,-30.43,M,0.0,M,0.0,0000*74
$GPRMC,212823.00,A,3737.036470,N,12223.932776,W,057.5,165.1,210520,,,A*4C
$GPGGA,212824.00,3737.021469,N,12223.927681,W,7,,0.38,-30.46,M,0.0,M,0.0,0000*75
$GPRMC,212824.00,A,3737.021469,N,12223.927681,W,057.3,164.9,210520,,,A*47
$GPGGA,212825.00,3737.005642,N,12223.922246,W,7,,0.38,-30.49,M,0.0,M,0.0,0000*7C
$GPRMC,212825.00,A,3737.005642,N,12223.922246,W,057.2,164.5,210520,,,A*4C
$GPGGA,212826.00,3736.990455,N,12223.916762,W,7,,0.38,-30.44,M,0.0,M,0.0,0000*76
$GPRMC,212826.00,A,3736.990455,N,12223.916762,W,057.1,163.8,210520,,,A*42
$GPGGA,212827.00,3736.975288,N,12223.910870,W,7,,0.38,-30.34,M,0.0,M,0.0,0000*77
$GPRMC,212827.00,A,3736.975288,N,12223.910870,W,057.4,162.4,210520,,,A*4C
$GPGGA,212828.00,3736.960054,N,12223.904401,W,7,,0.38,-30.22,M,0.0,M,0.0,0000*77
$GPRMC,212828.00,A,3736.960054,N,12223.904401,W,057.7,160.8,210520,,,A*46
$GPGGA,212829.00,3736.944952,N,12223.897370,W,7,,0.38,-29.98,M,0.0,M,0.0,0000*7C
$GPRMC,212829.00,A,3736.944952,N,12223.897370,W,058.0,159.0,210520,,,A*4E
$GPGGA,212830.00,3736.930071,N,12223.889821,W,7,,0.38,-29.79,M,0.0,M,0.0,0000*70
$GPRMC,212830.00,A,3736.930071,N,12223.889821,W,058.0,157.5,210520,,,A*46
$GPGGA,212831.00,3736.915125,N,12223.881535,W,7,,0.38,-29.75,M,0.0,M,0.0,0000*7A
$GPRMC,212831.00,A,3736.915125,N,12223.881535,W,058.3,155.8,210520,,,A*4C
$GPGGA,212832.00,3736.900918,N,12223.873021,W,7,,0.38,-30.06,M,0.0,M,0.0,0000*7A
$GPRMC,212832.00,A,3736.900918,N,12223.873021,W,058.7,154.0,210520,,,A*4D
$GPGGA,212833.00,3736.885905,N,12223.863337,W,7,,0.38,-29.94,M,0.0,M,0.0,0000*7D
$GPRMC,212833.00,A,3736.885905,N,12223.863337,W,058.9,152.2,210520,,,A*43
$GPGGA,212834.00,3736.871493,N,12223.853480,W,7,,0.38,-30.22,M,0.0,M,0.0,0000*7E
$GPRMC,212834.00,A,3736.871493,N,12223.853480,W,059.2,151.0,210520,,,A*4E
$GPGGA,212835.00,3736.857022,N,12223.843057,W,7,,0.38,-30.62,M,0.0,M,0.0,0000*7E
$GPRMC,212835.00,A,3736.857022,N,12223.843057,W,059.4,149.8,210520,,,A*4D
$GPGGA,212836.00,3736.842874,N,12223.832336,W,7,,0.38,-30.63,M,0.0,M,0.0,0000*71
$GPRMC,212836.00,A,3736.842874,N,12223.832336,W,059.6,148.5,210520,,,A*4D
$GPGGA,212837.00,3736.828972,N,12223.821001,W,7,,0.38,-30.48,M,0.0,M,0.0,0000*77
$GPRMC,212837.00,A,3736.828972,N,12223.821001,W,059.9,146.3,210520,,,A*45
$GPGGA,212838.00,3736.815100,N,12223.808995,W,7,,0.38,-30.41,M,0.0,M,0.0,0000*7D
$GPRMC,212838.00,A,3736.815100,N,12223.808995,W,060.0,144.9,210520,,,A*4D
$GPGGA,212839.00,3736.801701,N,12223.796611,W,7,,0.39,-30.67,M,0.0,M,0.0,0000*70
$GPRMC,212839.00,A,3736.801701,N,12223.796611,W,059.9,143.3,210520,,,A*4B
$GPGGA,212840.00,3736.788933,N,12223.784119,W,7,,0.38,-30.72,M,0.0,M,0.0,0000*76
$GPRMC,212840.00,A,3736.788933,N,12223.784119,W,060.2,142.1,210520,,,A*4A
$GPGGA,212841.00,3736.775752,N,12223.770817,W,7,,0.38,-29.93,M,0.0,M,0.0,0000*77
$GPRMC,212841.00,A,3736.775752,N,12223.770817,W,059.8,140.7,210520,,,A*48
$GPGGA,212842.00,3736.762834,N,12223.757263,W,7,,0.38,-29.98,M,0.0,M,0.0,0000*7A
$GPRMC,212842.00,A,3736.762834,N,12223.757263,W,060.1,139.5,210520,,,A*41
$GPGGA,212843.00,3736.750335,N,12223.743296,W,7,,0.38,-30.09,M,0.0,M,0.0,0000*7F
$GPRMC,212843.00,A,3736.750335,N,12223.743296,W,060.5,137.8,210520,,,A*43
$GPGGA,212844.00,3736.737616,N,12223.728277,W,7,,0.38,-30.13,M,0.0,M,0.0,0000*74
$GPRMC,212844.00,A,3736.737616,N,12223.728277,W,061.0,136.4,210520,,,A*4A
$GPGGA,212845.00,3736.725916,N,12223.713799,W,7,,0.38,-30.05,M,0.0,M,0.0,0000*73
$GPRMC,212845.00,A,3736.725916,N,12223.713799,W,061.3,135.0,210520,,,A*4E
$GPGGA,212846.00,3736.713940,N,12223.698200,W,7,,0.38,-30.17,M,0.0,M,0.0,0000*72
$GPRMC,212846.00,A,3736.713940,N,12223.698200,W,061.7,133.4,210520,,,A*4A
$GPGGA,212847.00,3736.702348,N,12223.682245,W,7,,0.38,-30.65,M,0.0,M,0.0,0000*7E
$GPRMC,212847.00,A,3736.702348,N,12223.682245,W,062.0,131.9,210520,,,A*48
$GPGGA,212848.00,3736.690983,N,12223.665938,W,7,,0.38,-30.85,M,0.0,M,0.0,0000*70
$GPRMC,212848.00,A,3736.690983,N,12223.665938,W,062.1,130.7,210520,,,A*46
$GPGGA,212849.00,3736.679775,N,12223.649173,W,7,,0.38,-30.95,M,0.0,M,0.0,0000*79
$GPRMC,212849.00,A,3736.679775,N,12223.649173,W,062.1,129.7,210520,,,A*46
$GPGGA,212850.00,3736.668820,N,12223.632404,W,7,,0.38,-31.14,M,0.0,M,0.0,0000*7F
$GPRMC,212850.00,A,3736.668820,N,12223.632404,W,062.3,129.2,210520,,,A*4F
$GPGGA,212851.00,3736.657912,N,12223.615514,W,7,,0.38,-31.34,M,0.0,M,0.0,0000*75
$GPRMC,212851.00,A,3736.657912,N,12223.615514,W,062.3,128.9,210520,,,A*4D
$GPGGA,212852.00,3736.646685,N,12223.598036,W,7,,0.38,-31.46,M,0.0,M,0.0,0000*71
$GPRMC,212852.00,A,3736.646685,N,12223.598036,W,062.4,128.8,210520,,,A*4A
$GPGGA,212853.00,3736.636107,N,12223.581337,W,7,,0.38,-31.54,M,0.0,M,0.0,0000*73
$GPRMC,212853.00,A,3736.636107,N,12223.581337,W,062.4,128.5,210520,,,A*46
$GPGGA,212854.00,3736.625355,N,12223.564261,W,7,,0.38,-31.70,M,0.0,M,0.0,0000*7C
$GPRMC,212854.00,A,3736.625355,N,12223.564261,W,062.4,128.2,210520,,,A*48
$GPGGA,212855.00,3736.614778,N,12223.547329,W,7,,0.38,-31.69,M,0.0,M,0.0,0000*70
$GPRMC,212855.00,A,3736.614778,N,12223.547329,W,061.6,128.1,210520,,,A*4E
$GPGGA,212856.00,3736.604487,N,12223.530973,W,7,,0.38,-31.57,M,0.0,M,0.0,0000*79
$GPRMC,212856.00,A,3736.604487,N,12223.530973,W,060.9,128.5,210520,,,A*40
$GPGGA,212857.00,3736.593639,N,12223.513963,W,7,,0.38,-31.49,M,0.0,M,0.0,0000*7D
$GPRMC,212857.00,A,3736.593639,N,12223.513963,W,060.2,128.9,210520,,,A*4C
$GPGGA,212858.00,3736.583152,N,12223.497649,W,7,,0.38,-31.52,M,0.0,M,0.0,0000*79
$GPRMC,212858.00,A,3736.583152,N,12223.497649,W,059.9,129.0,210520,,,A*4B
$GPGGA,212859.00,3736.572699,N,12223.481449,W,7,,0.38,-31.62,M,0.0,M,0.0,0000*70
$GPRMC,212859.00,A,3736.572699,N,12223.481449,W,059.7,129.0,210520,,,A*4F
$GPGGA,212900.00,3736.562163,N,12223.465093,W,7,,0.38,-31.78,M,0.0,M,0.0,0000*7C
$GPRMC,212900.00,A,3736.562163,N,12223.465093,W,059.7,129.0,210520,,,A*48
$GPGGA,212901.00,3736.551742,N,12223.448995,W,7,,0.38,-31.62,M,0.0,M,0.0,0000*73
$GPRMC,212901.00,A,3736.551742,N,12223.448995,W,059.5,129.1,210520,,,A*4F
$GPGGA,212902.00,3736.541350,N,12223.432909,W,7,,0.38,-31.57,M,0.0,M,0.0,0000*78
$GPRMC,212902.00,A,3736.541350,N,12223.432909,W,059.3,129.0,210520,,,A*45
$GPGGA,212903.00,3736.531024,N,12223.416890,W,7,,0.38,-31.56,M,0.0,M,0.0,0000*78
$GPRMC,212903.00,A,3736.531024,N,12223.416890,W,059.1,129.1,210520,,,A*47
$GPGGA,212904.00,3736.520865,N,12223.401241,W,7,,0.38,-31.56,M,0.0,M,0.0,0000*72
$GPRMC,212904.00,A,3736.520865,N,12223.401241,W,059.1,129.2,210520,,,A*4E
$GPGGA,212905.00,3736.510101,N,12223.384765,W,7,,0.38,-31.62,M,0.0,M,0.0,0000*75
$GPRMC,212905.00,A,3736.510101,N,12223.384765,W,059.2,129.4,210520,,,A*4B
$GPGGA,212906.00,3736.499589,N,12223.368721,W,7,,0.38,-31.92,M,0.0,M,0.0,0000*7F
$GPRMC,212906.00,A,3736.499589,N,12223.368721,W,059.6,129.6,210520,,,A*48
$GPGGA,212907.00,3736.488945,N,12223.352504,W,7,,0.38,-31.96,M,0.0,M,0.0,0000*7A
$GPRMC,212907.00,A,3736.488945,N,12223.352504,W,059.7,129.4,210520,,,A*4A
$GPGGA,212908.00,3736.478452,N,12223.336363,W,7,,0.38,-31.88,M,0.0,M,0.0,0000*7B
$GPRMC,212908.00,A,3736.478452,N,12223.336363,W,059.8,129.3,210520,,,A*4C
$GPGGA,212909.00,3736.467861,N,12223.320218,W,7,,0.38,-32.00,M,0.0,M,0.0,0000*71
$GPRMC,212909.00,A,3736.467861,N,12223.320218,W,059.9,129.4,210520,,,A*43
$GPGGA,212910.00,3736.457235,N,12223.303981,W,7,,0.38,-31.93,M,0.0,M,0.0,0000*72
$GPRMC,212910.00,A,3736.457235,N,12223.303981,W,060.3,129.4,210520,,,A*49
$GPGGA,212911.00,3736.446477,N,12223.287572,W,7,,0.38,-31.87,M,0.0,M,0.0,0000*7B
$GPRMC,212911.00,A,3736.446477,N,12223.287572,W,060.5,129.5,210520,,,A*42
$GPGGA,212912.00,3736.436140,N,12223.271804,W,7,,0.38,-31.63,M,0.0,M,0.0,0000*71
$GPRMC,212912.00,A,3736.436140,N,12223.271804,W,060.6,129.4,210520,,,A*40
$GPGGA,212913.00,3736.425129,N,12223.254908,W,7,,0.38,-31.63,M,0.0,M,0.0,0000*77
$GPRMC,212913.00,A,3736.425129,N,12223.254908,W,060.6,129.2,210520,,,A*40
$GPGGA,212914.00,3736.414443,N,12223.238401,W,7,,0.38,-31.59,M,0.0,M,0.0,0000*7C
$GPRMC,212914.00,A,3736.414443,N,12223.238401,W,060.3,129.1,210520,,,A*44
$GPGGA,212915.00,3736.403926,N,12223.222141,W,7,,0.38,-31.52,M,0.0,M,0.0,0000*74
$GPRMC,212915.00,A,3736.403926,N,12223.222141,W,059.9,129.3,210520,,,A*45
$GPGGA,212916.00,3736.393084,N,12223.205594,W,7,,0.38,-31.50,M,0.0,M,0.0,0000*73
$GPRMC,212916.00,A,3736.393084,N,12223.205594,W,059.5,129.5,210520,,,A*4A
$GPGGA,212917.00,3736.382961,N,12223.190252,W,7,,0.38,-31.43,M,0.0,M,0.0,0000*70
$GPRMC,212917.00,A,3736.382961,N,12223.190252,W,059.0,129.7,210520,,,A*4C
$GPGGA,212918.00,3736.372461,N,12223.174345,W,7,,0.38,-31.67,M,0.0,M,0.0,0000*76
$GPRMC,212918.00,A,3736.372461,N,12223.174345,W,058.5,129.6,210520,,,A*49
$GPGGA,212919.00,3736.362220,N,12223.158703,W,7,,0.38,-31.59,M,0.0,M,0.0,0000*70
$GPRMC,212919.00,A,3736.362220,N,12223.158703,W,058.0,129.2,210520,,,A*43
$GPGGA,212920.00,3736.351983,N,12223.143097,W,7,,0.38,-31.59,M,0.0,M,0.0,0000*78
$GPRMC,212920.00,A,3736.351983,N,12223.143097,W,057.9,129.4,210520,,,A*4B
$GPGGA,212921.00,3736.341790,N,12223.127522,W,7,,0.38,-31.74,M,0.0,M,0.0,0000*72
$GPRMC,212921.00,A,3736.341790,N,12223.127522,W,057.8,129.4,210520,,,A*4F
$GPGGA,212922.00,3736.331554,N,12223.111783,W,7,,0.38,-31.85,M,0.0,M,0.0,0000*7E
$GPRMC,212922.00,A,3736.331554,N,12223.111783,W,057.6,129.2,210520,,,A*45
$GPGGA,212923.00,3736.321563,N,12223.096303,W,7,,0.38,-31.72,M,0.0,M,0.0,0000*70
$GPRMC,212923.00,A,3736.321563,N,12223.096303,W,057.0,128.9,210520,,,A*4F
$GPGGA,212924.00,3736.311309,N,12223.080547,W,7,,0.38,-31.60,M,0.0,M,0.0,0000*7C
$GPRMC,212924.00,A,3736.311309,N,12223.080547,W,056.3,129.3,210520,,,A*49
$GPGGA,212925.00,3736.301704,N,12223.065836,W,7,,0.38,-31.72,M,0.0,M,0.0,0000*76
$GPRMC,212925.00,A,3736.301704,N,12223.065836,W,055.6,129.4,210520,,,A*41
$GPGGA,212926.00,3736.292044,N,12223.050896,W,7,,0.38,-31.56,M,0.0,M,0.0,0000*77
$GPRMC,212926.00,A,3736.292044,N,12223.050896,W,054.9,129.0,210520,,,A*4C
$GPGGA,212927.00,3736.282510,N,12223.036183,W,7,,0.38,-31.79,M,0.0,M,0.0,0000*73
$GPRMC,212927.00,A,3736.282510,N,12223.036183,W,054.2,129.3,210520,,,A*4D
$GPGGA,212928.00,3736.273066,N,12223.021717,W,7,,0.38,-31.87,M,0.0,M,0.0,0000*7A
$GPRMC,212928.00,A,3736.273066,N,12223.021717,W,053.4,129.4,210520,,,A*43
$GPGGA,212929.00,3736.263699,N,12223.007359,W,7,,0.38,-31.74,M,0.0,M,0.0,0000*7A
$GPRMC,212929.00,A,3736.263699,N,12223.007359,W,052.4,129.4,210520,,,A*4E
$GPGGA,212930.00,3736.254579,N,12222.993422,W,7,,0.38,-31.53,M,0.0,M,0.0,0000*70
$GPRMC,212930.00,A,3736.254579,N,12222.993422,W,051.3,129.4,210520,,,A*45
$GPGGA,212931.00,3736.245645,N,12222.979664,W,7,,0.38,-31.57,M,0.0,M,0.0,0000*7D
$GPRMC,212931.00,A,3736.245645,N,12222.979664,W,050.5,129.1,210520,,,A*4E
$GPGGA,212932.00,3736.236796,N,12222.965918,W,7,,0.38,-31.55,M,0.0,M,0.0,0000*7E
$GPRMC,212932.00,A,3736.236796,N,12222.965918,W,050.0,128.9,210520,,,A*43
$GPGGA,212933.00,3736.228054,N,12222.952291,W,7,,0.38,-31.68,M,0.0,M,0.0,0000*79
$GPRMC,212933.00,A,3736.228054,N,12222.952291,W,050.3,128.9,210520,,,A*49
$GPGGA,212934.00,3736.219210,N,12222.938677,W,7,,0.38,-31.85,M,0.0,M,0.0,0000*7D
$GPRMC,212934.00,A,3736.219210,N,12222.938677,W,050.7,129.3,210520,,,A*41
$GPGGA,212935.00,3736.210371,N,12222.925063,W,7,,0.38,-31.94,M,0.0,M,0.0,0000*7C
$GPRMC,212935.00,A,3736.210371,N,12222.925063,W,050.5,129.3,210520,,,A*42
$GPGGA,212936.00,3736.201636,N,12222.911660,W,7,,0.38,-31.97,M,0.0,M,0.0,0000*78
$GPRMC,212936.00,A,3736.201636,N,12222.911660,W,051.0,129.4,210520,,,A*46
$GPGGA,212937.00,3736.192264,N,12222.897392,W,7,,0.38,-31.88,M,0.0,M,0.0,0000*7A
$GPRMC,212937.00,A,3736.192264,N,12222.897392,W,051.6,129.5,210520,,,A*4D
$GPGGA,212938.00,3736.183144,N,12222.883441,W,7,,0.38,-31.97,M,0.0,M,0.0,0000*76
$GPRMC,212938.00,A,3736.183144,N,12222.883441,W,051.9,129.4,210520,,,A*41
$GPGGA,212939.00,3736.174024,N,12222.869546,W,7,,0.38,-31.95,M,0.0,M,0.0,0000*78
$GPRMC,212939.00,A,3736.174024,N,12222.869546,W,051.6,129.5,210520,,,A*43
$GPGGA,212940.00,3736.164832,N,12222.855584,W,7,,0.38,-32.00,M,0.0,M,0.0,0000*76
$GPRMC,212940.00,A,3736.164832,N,12222.855584,W,051.5,129.9,210520,,,A*4D
$GPGGA,212941.00,3736.155693,N,12222.841784,W,7,,0.38,-32.13,M,0.0,M,0.0,0000*75
$GPRMC,212941.00,A,3736.155693,N,12222.841784,W,051.6,129.8,210520,,,A*4E
$GPGGA,212942.00,3736.146520,N,12222.827840,W,7,,0.39,-32.22,M,0.0,M,0.0,0000*7B
$GPRMC,212942.00,A,3736.146520,N,12222.827840,W,052.1,129.6,210520,,,A*49
$GPGGA,212943.00,3736.137231,N,12222.813548,W,7,,0.39,-32.33,M,0.0,M,0.0,0000*79
$GPRMC,212943.00,A,3736.137231,N,12222.813548,W,052.6,129.2,210520,,,A*48
$GPGGA,212944.00,3736.128202,N,12222.799639,W,7,,0.38,-32.21,M,0.0,M,0.0,0000*7A
$GPRMC,212944.00,A,3736.128202,N,12222.799639,W,053.2,129.2,210520,,,A*4C
$GPGGA,212945.00,3736.118517,N,12222.784687,W,7,,0.38,-32.24,M,0.0,M,0.0,0000*77
$GPRMC,212945.00,A,3736.118517,N,12222.784687,W,053.7,128.9,210520,,,A*4B
$GPGGA,212946.00,3736.109194,N,12222.770078,W,7,,0.38,-32.19,M,0.0,M,0.0,0000*78
$GPRMC,212946.00,A,3736.109194,N,12222.770078,W,053.6,128.7,210520,,,A*45
$GPGGA,212947.00,3736.099875,N,12222.755431,W,7,,0.38,-32.16,M,0.0,M,0.0,0000*76
$GPRMC,212947.00,A,3736.099875,N,12222.755431,W,053.2,128.6,210520,,,A*41
$GPGGA,212948.00,3736.090557,N,12222.741073,W,7,,0.38,-32.12,M,0.0,M,0.0,0000*7E
$GPRMC,212948.00,A,3736.090557,N,12222.741073,W,053.0,129.4,210520,,,A*4C
$GPGGA,212949.00,3736.081293,N,12222.726877,W,7,,0.38,-31.97,M,0.0,M,0.0,0000*73
$GPRMC,212949.00,A,3736.081293,N,12222.726877,W,052.5,129.4,210520,,,A*4B
$GPGGA,212950.00,3736.071946,N,12222.712610,W,7,,0.38,-31.82,M,0.0,M,0.0,0000*7B
$GPRMC,212950.00,A,3736.071946,N,12222.712610,W,052.4,129.4,210520,,,A*46
$GPGGA,212951.00,3736.062742,N,12222.698503,W,7,,0.38,-31.91,M,0.0,M,0.0,0000*72
$GPRMC,212951.00,A,3736.062742,N,12222.698503,W,052.1,129.6,210520,,,A*4A
$GPGGA,212952.00,3736.053586,N,12222.684559,W,7,,0.38,-31.91,M,0.0,M,0.0,0000*7B
$GPRMC,212952.00,A,3736.053586,N,12222.684559,W,051.8,129.7,210520,,,A*48
$GPGGA,212953.00,3736.044406,N,12222.670651,W,7,,0.38,-31.88,M,0.0,M,0.0,0000*7D
$GPRMC,212953.00,A,3736.044406,N,12222.670651,W,051.7,129.6,210520,,,A*48
$GPGGA,212954.00,3736.035142,N,12222.656551,W,7,,0.38,-31.89,M,0.0,M,0.0,0000*7F
$GPRMC,212954.00,A,3736.035142,N,12222.656551,W,052.1,129.6,210520,,,A*4E
$GPGGA,212955.00,3736.025872,N,12222.642554,W,7,,0.38,-32.01,M,0.0,M,0.0,0000*76
$GPRMC,212955.00,A,3736.025872,N,12222.642554,W,052.4,129.5,210520,,,A*42
$GPGGA,212956.00,3736.016338,N,12222.627920,W,7,,0.38,-31.79,M,0.0,M,0.0,0000*70
$GPRMC,212956.00,A,3736.016338,N,12222.627920,W,052.6,129.2,210520,,,A*4D
$GPGGA,212957.00,3736.007313,N,12222.614102,W,7,,0.38,-31.78,M,0.0,M,0.0,0000*71
$GPRMC,212957.00,A,3736.007313,N,12222.614102,W,052.9,129.6,210520,,,A*46
$GPGGA,212958.00,3735.997918,N,12222.599821,W,7,,0.38,-31.94,M,0.0,M,0.0,0000*70
$GPRMC,212958.00,A,3735.997918,N,12222.599821,W,052.7,129.6,210520,,,A*4B
$GPGGA,212959.00,3735.988624,N,12222.585740,W,7,,0.38,-31.79,M,0.0,M,0.0,0000*79
$GPRMC,212959.00,A,3735.988624,N,12222.585740,W,052.4,129.8,210520,,,A*4C
$GPGGA,213000.00,3735.979449,N,12222.571676,W,7,,0.38,-31.75,M,0.0,M,0.0,0000*79
$GPRMC,213000.00,A,3735.979449,N,12222.571676,W,052.2,129.1,210520,,,A*4F
$GPGGA,213001.00,3735.970215,N,12222.557444,W,7,,0.38,-31.63,M,0.0,M,0.0,0000*7E
$GPRMC,213001.00,A,3735.970215,N,12222.557444,W,052.3,129.1,210520,,,A*4E
$GPGGA,213002.00,3735.961072,N,12222.543194,W,7,,0.38,-31.40,M,0.0,M,0.0,0000*72
$GPRMC,213002.00,A,3735.961072,N,12222.543194,W,052.5,129.0,210520,,,A*44
$GPGGA,213003.00,3735.951922,N,12222.528920,W,7,,0.38,-31.21,M,0.0,M,0.0,0000*71
$GPRMC,213003.00,A,3735.951922,N,12222.528920,W,052.7,128.8,210520,,,A*4B
$GPGGA,213004.00,3735.942447,N,12222.514058,W,7,,0.38,-31.22,M,0.0,M,0.0,0000*70
$GPRMC,213004.00,A,3735.942447,N,12222.514058,W,053.0,128.8,210520,,,A*4F
$GPGGA,213005.00,3735.933405,N,12222.499952,W,7,,0.38,-31.13,M,0.0,M,0.0,0000*74
$GPRMC,213005.00,A,3735.933405,N,12222.499952,W,053.3,129.0,210520,,,A*43
$GPGGA,213006.00,3735.924063,N,12222.485450,W,7,,0.38,-31.17,M,0.0,M,0.0,0000*73
$GPRMC,213006.00,A,3735.924063,N,12222.485450,W,053.6,129.0,210520,,,A*45
$GPGGA,213007.00,3735.914721,N,12222.470959,W,7,,0.38,-31.25,M,0.0,M,0.0,0000*7F
$GPRMC,213007.00,A,3735.914721,N,12222.470959,W,053.6,129.0,210520,,,A*48
$GPGGA,213008.00,3735.905577,N,12222.456794,W,7,,0.38,-31.24,M,0.0,M,0.0,0000*7B
$GPRMC,213008.00,A,3735.905577,N,12222.456794,W,053.6,129.0,210520,,,A*4D
$GPGGA,213009.00,3735.895924,N,12222.441788,W,7,,0.38,-31.39,M,0.0,M,0.0,0000*7F
$GPRMC,213009.00,A,3735.895924,N,12222.441788,W,053.7,129.0,210520,,,A*44
$GPGGA,213010.00,3735.886504,N,12222.427189,W,7,,0.38,-31.54,M,0.0,M,0.0,0000*77
$GPRMC,213010.00,A,3735.886504,N,12222.427189,W,054.0,129.0,210520,,,A*47
$GPGGA,213011.00,3735.877030,N,12222.412430,W,7,,0.38,-31.79,M,0.0,M,0.0,0000*74
$GPRMC,213011.00,A,3735.877030,N,12222.412430,W,054.6,129.0,210520,,,A*4D
$GPGGA,213012.00,3735.867364,N,12222.397376,W,7,,0.38,-31.84,M,0.0,M,0.0,0000*79
$GPRMC,213012.00,A,3735.867364,N,12222.397376,W,055.1,129.0,210520,,,A*44
$GPGGA,213013.00,3735.857686,N,12222.382328,W,7,,0.38,-31.91,M,0.0,M,0.0,0000*79
$GPRMC,213013.00,A,3735.857686,N,12222.382328,W,055.6,129.0,210520,,,A*47
$GPGGA,213014.00,3735.847942,N,12222.367190,W,7,,0.38,-32.09,M,0.0,M,0.0,0000*70
$GPRMC,213014.00,A,3735.847942,N,12222.367190,W,055.9,129.0,210520,,,A*43
$GPGGA,213015.00,3735.838126,N,12222.352027,W,7,,0.38,-32.11,M,0.0,M,0.0,0000*71
$GPRMC,213015.00,A,3735.838126,N,12222.352027,W,056.1,129.0,210520,,,A*40
$GPGGA,213016.00,3735.828574,N,12222.337262,W,7,,0.38,-31.99,M,0.0,M,0.0,0000*73
$GPRMC,213016.00,A,3735.828574,N,12222.337262,W,055.8,129.2,210520,,,A*49
$GPGGA,213017.00,3735.818470,N,12222.321752,W,7,,0.38,-31.98,M,0.0,M,0.0,0000*74
$GPRMC,213017.00,A,3735.818470,N,12222.321752,W,055.7,129.4,210520,,,A*46
$GPGGA,213018.00,3735.808618,N,12222.306733,W,7,,0.38,-31.99,M,0.0,M,0.0,0000*75
$GPRMC,213018.00,A,3735.808618,N,12222.306733,W,055.9,129.5,210520,,,A*49
$GPGGA,213019.00,3735.798711,N,12222.291679,W,7,,0.38,-31.79,M,0.0,M,0.0,0000*74
$GPRMC,213019.00,A,3735.798711,N,12222.291679,W,056.1,129.7,210520,,,A*4F
$GPGGA,213020.00,3735.788691,N,12222.276445,W,7,,0.38,-31.81,M,0.0,M,0.0,0000*75
$GPRMC,213020.00,A,3735.788691,N,12222.276445,W,056.2,129.5,210520,,,A*48
$GPGGA,213021.00,3735.778755,N,12222.261319,W,7,,0.38,-31.81,M,0.0,M,0.0,0000*7A
$GPRMC,213021.00,A,3735.778755,N,12222.261319,W,056.4,129.5,210520,,,A*41
$GPGGA,213022.00,3735.768790,N,12222.246116,W,7,,0.38,-31.74,M,0.0,M,0.0,0000*73
$GPRMC,213022.00,A,3735.768790,N,12222.246116,W,056.6,129.4,210520,,,A*41
$GPGGA,213023.00,3735.758703,N,12222.230683,W,7,,0.38,-31.60,M,0.0,M,0.0,0000*74
$GPRMC,213023.00,A,3735.758703,N,12222.230683,W,056.8,129.3,210520,,,A*4A
$GPGGA,213024.00,3735.749008,N,12222.215833,W,7,,0.38,-31.53,M,0.0,M,0.0,0000*7D
$GPRMC,213024.00,A,3735.749008,N,12222.215833,W,057.0,129.3,210520,,,A*4A
$GPGGA,213025.00,3735.738682,N,12222.200018,W,7,,0.38,-31.40,M,0.0,M,0.0,0000*79
$GPRMC,213025.00,A,3735.738682,N,12222.200018,W,056.8,129.1,210520,,,A*47
$GPGGA,213026.00,3735.728781,N,12222.184634,W,7,,0.38,-31.46,M,0.0,M,0.0,0000*78
$GPRMC,213026.00,A,3735.728781,N,12222.184634,W,056.7,129.0,210520,,,A*4E
$GPGGA,213027.00,3735.718683,N,12222.169166,W,7,,0.38,-31.52,M,0.0,M,0.0,0000*7F
$GPRMC,213027.00,A,3735.718683,N,12222.169166,W,056.9,129.4,210520,,,A*46
$GPGGA,213028.00,3735.708664,N,12222.153914,W,7,,0.38,-31.45,M,0.0,M,0.0,0000*7A
$GPRMC,213028.00,A,3735.708664,N,12222.153914,W,056.8,129.4,210520,,,A*44
$GPGGA,213029.00,3735.698679,N,12222.138614,W,7,,0.38,-31.45,M,0.0,M,0.0,0000*7D
$GPRMC,213029.00,A,3735.698679,N,12222.138614,W,056.8,129.3,210520,,,A*44
$GPGGA,213030.00,3735.688575,N,12222.123181,W,7,,0.38,-31.36,M,0.0,M,0.0,0000*7E
$GPRMC,213030.00,A,3735.688575,N,12222.123181,W,056.8,129.4,210520,,,A*44
$GPGGA,213031.00,3735.678537,N,12222.107924,W,7,,0.38,-31.36,M,0.0,M,0.0,0000*77
$GPRMC,213031.00,A,3735.678537,N,12222.107924,W,056.6,129.5,210520,,,A*42
$GPGGA,213032.00,3735.668949,N,12222.093265,W,7,,0.38,-31.34,M,0.0,M,0.0,0000*70
$GPRMC,213032.00,A,3735.668949,N,12222.093265,W,056.0,129.4,210520,,,A*40
$GPGGA,213033.00,3735.658845,N,12222.077815,W,7,,0.38,-31.33,M,0.0,M,0.0,0000*7F
$GPRMC,213033.00,A,3735.658845,N,12222.077815,W,055.3,129.4,210520,,,A*48
$GPGGA,213034.00,3735.649071,N,12222.062888,W,7,,0.38,-31.34,M,0.0,M,0.0,0000*70
$GPRMC,213034.00,A,3735.649071,N,12222.062888,W,054.7,129.6,210520,,,A*47
$GPGGA,213035.00,3735.639405,N,12222.048289,W,7,,0.38,-31.28,M,0.0,M,0.0,0000*7F
$GPRMC,213035.00,A,3735.639405,N,12222.048289,W,054.3,129.8,210520,,,A*4F
$GPGGA,213036.00,3735.629524,N,12222.033295,W,7,,0.38,-31.28,M,0.0,M,0.0,0000*7E
$GPRMC,213036.00,A,3735.629524,N,12222.033295,W,054.1,129.6,210520,,,A*42
$GPGGA,213037.00,3735.620247,N,12222.019166,W,7,,0.38,-31.24,M,0.0,M,0.0,0000*7F
$GPRMC,213037.00,A,3735.620247,N,12222.019166,W,054.3,129.4,210520,,,A*4F
$GPGGA,213038.00,3735.610558,N,12222.004316,W,7,,0.38,-31.11,M,0.0,M,0.0,0000*75
$GPRMC,213038.00,A,3735.610558,N,12222.004316,W,054.6,129.3,210520,,,A*41
$GPGGA,213039.00,3735.600909,N,12221.989519,W,7,,0.38,-30.93,M,0.0,M,0.0,0000*70
$GPRMC,213039.00,A,3735.600909,N,12221.989519,W,055.0,129.2,210520,,,A*49
$GPGGA,213040.00,3735.591196,N,12221.974549,W,7,,0.38,-30.82,M,0.0,M,0.0,0000*7C
$GPRMC,213040.00,A,3735.591196,N,12221.974549,W,055.6,129.1,210520,,,A*40
$GPGGA,213041.00,3735.581253,N,12221.959273,W,7,,0.38,-30.72,M,0.0,M,0.0,0000*78
$GPRMC,213041.00,A,3735.581253,N,12221.959273,W,056.3,129.4,210520,,,A*48
$GPGGA,213042.00,3735.571323,N,12221.944040,W,7,,0.38,-30.69,M,0.0,M,0.0,0000*76
$GPRMC,213042.00,A,3735.571323,N,12221.944040,W,056.7,129.2,210520,,,A*4E
$GPGGA,213043.00,3735.561405,N,12221.928517,W,7,,0.38,-30.46,M,0.0,M,0.0,0000*75
$GPRMC,213043.00,A,3735.561405,N,12221.928517,W,057.2,128.7,210520,,,A*40
$GPGGA,213044.00,3735.551026,N,12221.912389,W,7,,0.38,-30.61,M,0.0,M,0.0,0000*79
$GPRMC,213044.00,A,3735.551026,N,12221.912389,W,057.9,129.0,210520,,,A*44
$GPGGA,213045.00,3735.541102,N,12221.897227,W,7,,0.38,-30.57,M,0.0,M,0.0,0000*72
$GPRMC,213045.00,A,3735.541102,N,12221.897227,W,057.6,129.5,210520,,,A*40
$GPGGA,213046.00,3735.530932,N,12221.881927,W,7,,0.38,-30.72,M,0.0,M,0.0,0000*77
$GPRMC,213046.00,A,3735.530932,N,12221.881927,W,057.0,130.0,210520,,,A*49
$GPGGA,213047.00,3735.520810,N,12221.866693,W,7,,0.38,-30.90,M,0.0,M,0.0,0000*73
$GPRMC,213047.00,A,3735.520810,N,12221.866693,W,056.8,130.0,210520,,,A*48
$GPGGA,213048.00,3735.510723,N,12221.851669,W,7,,0.38,-30.95,M,0.0,M,0.0,0000*74
$GPRMC,213048.00,A,3735.510723,N,12221.851669,W,056.4,130.1,210520,,,A*47
$GPGGA,213049.00,3735.500644,N,12221.836459,W,7,,0.38,-31.07,M,0.0,M,0.0,0000*7E
$GPRMC,213049.00,A,3735.500644,N,12221.836459,W,056.1,129.7,210520,,,A*4C
$GPGGA,213050.00,3735.490684,N,12221.821549,W,7,,0.38,-31.05,M,0.0,M,0.0,0000*76
$GPRMC,213050.00,A,3735.490684,N,12221.821549,W,055.7,130.0,210520,,,A*4C
$GPGGA,213051.00,3735.480819,N,12221.806687,W,7,,0.38,-31.18,M,0.0,M,0.0,0000*74
$GPRMC,213051.00,A,3735.480819,N,12221.806687,W,055.5,129.8,210520,,,A*40
$GPGGA,213052.00,3735.470889,N,12221.791663,W,7,,0.38,-31.22,M,0.0,M,0.0,0000*73
$GPRMC,213052.00,A,3735.470889,N,12221.791663,W,055.5,129.6,210520,,,A*40
$GPGGA,213053.00,3735.461062,N,12221.776753,W,7,,0.38,-31.19,M,0.0,M,0.0,0000*7C
$GPRMC,213053.00,A,3735.461062,N,12221.776753,W,055.6,129.7,210520,,,A*45
$GPGGA,213054.00,3735.451161,N,12221.761807,W,7,,0.38,-31.20,M,0.0,M,0.0,0000*78
$GPRMC,213054.00,A,3735.451161,N,12221.761807,W,055.8,129.7,210520,,,A*45
$GPGGA,213055.00,3735.441237,N,12221.746688,W,7,,0.38,-31.24,M,0.0,M,0.0,0000*70
$GPRMC,213055.00,A,3735.441237,N,12221.746688,W,056.4,129.6,210520,,,A*47
$GPGGA,213056.00,3735.431470,N,12221.731747,W,7,,0.38,-31.23,M,0.0,M,0.0,0000*74
$GPRMC,213056.00,A,3735.431470,N,12221.731747,W,056.9,129.3,210520,,,A*4C
$GPGGA,213057.00,3735.421150,N,12221.715824,W,7,,0.38,-31.20,M,0.0,M,0.0,0000*7C
$GPRMC,213057.00,A,3735.421150,N,12221.715824,W,057.4,129.2,210520,,,A*4A
$GPGGA,213058.00,3735.411076,N,12221.700170,W,7,,0.39,-31.05,M,0.0,M,0.0,0000*7F
$GPRMC,213058.00,A,3735.411076,N,12221.700170,W,057.7,128.9,210520,,,A*46
$GPGGA,213059.00,3735.401097,N,12221.684516,W,7,,0.39,-31.21,M,0.0,M,0.0,0000*7F
$GPRMC,213059.00,A,3735.401097,N,12221.684516,W,057.7,128.8,210520,,,A*41
$GPGGA,213100.00,3735.390921,N,12221.668676,W,7,,0.38,-31.10,M,0.0,M,0.0,0000*7D
$GPRMC,213100.00,A,3735.390921,N,12221.668676,W,057.7,129.0,210520,,,A*49
$GPGGA,213101.00,3735.381052,N,12221.652992,W,7,,0.38,-31.00,M,0.0,M,0.0,0000*7C
$GPRMC,213101.00,A,3735.381052,N,12221.652992,W,057.5,128.2,210520,,,A*48
$GPGGA,213102.00,3735.371128,N,12221.637283,W,7,,0.38,-30.99,M,0.0,M,0.0,0000*75
$GPRMC,213102.00,A,3735.371128,N,12221.637283,W,057.5,128.4,210520,,,A*46
$GPGGA,213103.00,3735.361125,N,12221.621264,W,7,,0.38,-31.01,M,0.0,M,0.0,0000*76
$GPRMC,213103.00,A,3735.361125,N,12221.621264,W,057.9,128.1,210520,,,A*4C
$GPGGA,213104.00,3735.351699,N,12221.605729,W,7,,0.38,-30.86,M,0.0,M,0.0,0000*76
$GPRMC,213104.00,A,3735.351699,N,12221.605729,W,057.9,126.9,210520,,,A*44
$GPGGA,213105.00,3735.342045,N,12221.588840,W,7,,0.38,-30.83,M,0.0,M,0.0,0000*71
$GPRMC,213105.00,A,3735.342045,N,12221.588840,W,057.7,124.9,210520,,,A*4A
$GPGGA,213106.00,3735.333105,N,12221.572171,W,7,,0.38,-30.91,M,0.0,M,0.0,0000*7C
$GPRMC,213106.00,A,3735.333105,N,12221.572171,W,057.8,123.4,210520,,,A*41
$GPGGA,213107.00,3735.324520,N,12221.555012,W,7,,0.38,-30.90,M,0.0,M,0.0,0000*78
$GPRMC,213107.00,A,3735.324520,N,12221.555012,W,057.4,121.5,210520,,,A*4B
$GPGGA,213108.00,3735.316588,N,12221.537864,W,7,,0.38,-30.93,M,0.0,M,0.0,0000*7A
$GPRMC,213108.00,A,3735.316588,N,12221.537864,W,056.6,119.6,210520,,,A*41
$GPGGA,213109.00,3735.308943,N,12221.520800,W,7,,0.38,-30.91,M,0.0,M,0.0,0000*79
$GPRMC,213109.00,A,3735.308943,N,12221.520800,W,056.0,119.2,210520,,,A*42
$GPGGA,213110.00,3735.301522,N,12221.503645,W,7,,0.38,-31.06,M,0.0,M,0.0,0000*72
$GPRMC,213110.00,A,3735.301522,N,12221.503645,W,055.3,118.3,210520,,,A*46
$GPGGA,213111.00,3735.294490,N,12221.486683,W,7,,0.38,-31.30,M,0.0,M,0.0,0000*75
$GPRMC,213111.00,A,3735.294490,N,12221.486683,W,054.6,117.2,210520,,,A*4E
$GPGGA,213112.00,3735.288064,N,12221.470315,W,7,,0.38,-31.29,M,0.0,M,0.0,0000*7F
$GPRMC,213112.00,A,3735.288064,N,12221.470315,W,053.9,115.7,210520,,,A*43
$GPGGA,213113.00,3735.281638,N,12221.452861,W,7,,0.38,-31.33,M,0.0,M,0.0,0000*7B
$GPRMC,213113.00,A,3735.281638,N,12221.452861,W,053.1,114.2,210520,,,A*40
$GPGGA,213114.00,3735.275823,N,12221.435768,W,7,,0.38,-31.22,M,0.0,M,0.0,0000*74
$GPRMC,213114.00,A,3735.275823,N,12221.435768,W,052.6,112.6,210520,,,A*4B
$GPGGA,213115.00,3735.270376,N,12221.418818,W,7,,0.38,-31.07,M,0.0,M,0.0,0000*7B
$GPRMC,213115.00,A,3735.270376,N,12221.418818,W,052.4,111.7,210520,,,A*43
$GPGGA,213116.00,3735.265084,N,12221.401208,W,7,,0.38,-31.10,M,0.0,M,0.0,0000*77
$GPRMC,213116.00,A,3735.265084,N,12221.401208,W,052.3,110.3,210520,,,A*4B
$GPGGA,213117.00,3735.260458,N,12221.384455,W,7,,0.38,-31.25,M,0.0,M,0.0,0000*74
$GPRMC,213117.00,A,3735.260458,N,12221.384455,W,052.7,108.8,210520,,,A*48
$GPGGA,213118.00,3735.255856,N,12221.366744,W,7,,0.38,-31.25,M,0.0,M,0.0,0000*70
$GPRMC,213118.00,A,3735.255856,N,12221.366744,W,053.1,107.7,210520,,,A*4B
$GPGGA,213119.00,3735.251578,N,12221.349007,W,7,,0.38,-31.25,M,0.0,M,0.0,0000*79
$GPRMC,213119.00,A,3735.251578,N,12221.349007,W,053.5,106.5,210520,,,A*45
$GPGGA,213120.00,3735.247581,N,12221.330966,W,7,,0.38,-31.13,M,0.0,M,0.0,0000*77
$GPRMC,213120.00,A,3735.247581,N,12221.330966,W,053.9,105.2,210520,,,A*46
$GPGGA,213121.00,3735.243825,N,12221.312450,W,7,,0.38,-31.07,M,0.0,M,0.0,0000*7C
$GPRMC,213121.00,A,3735.243825,N,12221.312450,W,054.5,104.0,210520,,,A*40
$GPGGA,213122.00,3735.240441,N,12221.293922,W,7,,0.38,-31.10,M,0.0,M,0.0,0000*74
$GPRMC,213122.00,A,3735.240441,N,12221.293922,W,054.6,102.3,210520,,,A*48
$GPGGA,213123.00,3735.237538,N,12221.275387,W,7,,0.38,-31.12,M,0.0,M,0.0,0000*75
$GPRMC,213123.00,A,3735.237538,N,12221.275387,W,054.1,100.7,210520,,,A*4A
$GPGGA,213124.00,3735.234927,N,12221.256415,W,7,,0.38,-31.16,M,0.0,M,0.0,0000*7A
$GPRMC,213124.00,A,3735.234927,N,12221.256415,W,053.4,099.7,210520,,,A*42
$GPGGA,213125.00,3735.232654,N,12221.238337,W,7,,0.38,-31.08,M,0.0,M,0.0,0000*76
$GPRMC,213125.00,A,3735.232654,N,12221.238337,W,053.8,098.8,210520,,,A*43
$GPGGA,213126.00,3735.230625,N,12221.219707,W,7,,0.38,-30.90,M,0.0,M,0.0,0000*75
$GPRMC,213126.00,A,3735.230625,N,12221.219707,W,054.1,097.5,210520,,,A*4C
$GPGGA,213127.00,3735.229059,N,12221.201006,W,7,,0.38,-30.93,M,0.0,M,0.0,0000*7D
$GPRMC,213127.00,A,3735.229059,N,12221.201006,W,054.1,095.3,210520,,,A*43
$GPGGA,213128.00,3735.227919,N,12221.182135,W,7,,0.38,-30.95,M,0.0,M,0.0,0000*7E
$GPRMC,213128.00,A,3735.227919,N,12221.182135,W,054.4,093.8,210520,,,A*4E
$GPGGA,213129.00,3735.227134,N,12221.163091,W,7,,0.38,-30.88,M,0.0,M,0.0,0000*74
$GPRMC,213129.00,A,3735.227134,N,12221.163091,W,054.1,092.7,210520,,,A*43
$GPGGA,213130.00,3735.226617,N,12221.144209,W,7,,0.38,-30.84,M,0.0,M,0.0,0000*71
$GPRMC,213130.00,A,3735.226617,N,12221.144209,W,054.2,091.8,210520,,,A*45
$GPGGA,213131.00,3735.226251,N,12221.125328,W,7,,0.38,-30.96,M,0.0,M,0.0,0000*70
$GPRMC,213131.00,A,3735.226251,N,12221.125328,W,054.4,091.3,210520,,,A*4A
$GPGGA,213132.00,3735.225879,N,12221.106056,W,7,,0.38,-31.00,M,0.0,M,0.0,0000*75
$GPRMC,213132.00,A,3735.225879,N,12221.106056,W,054.9,091.5,210520,,,A*4A
$GPGGA,213133.00,3735.225453,N,12221.086789,W,7,,0.38,-31.05,M,0.0,M,0.0,0000*79
$GPRMC,213133.00,A,3735.225453,N,12221.086789,W,055.5,091.8,210520,,,A*43
$GPGGA,213134.00,3735.224950,N,12221.067301,W,7,,0.38,-31.13,M,0.0,M,0.0,0000*7D
$GPRMC,213134.00,A,3735.224950,N,12221.067301,W,056.1,092.0,210520,,,A*4C
$GPGGA,213135.00,3735.224374,N,12221.047621,W,7,,0.38,-31.09,M,0.0,M,0.0,0000*7E
$GPRMC,213135.00,A,3735.224374,N,12221.047621,W,056.7,092.1,210520,,,A*43
$GPGGA,213136.00,3735.223845,N,12221.028182,W,7,,0.38,-30.95,M,0.0,M,0.0,0000*70
$GPRMC,213136.00,A,3735.223845,N,12221.028182,W,057.2,092.0,210520,,,A*4C
$GPGGA,213137.00,3735.223342,N,12221.007505,W,7,,0.38,-31.01,M,0.0,M,0.0,0000*77
$GPRMC,213137.00,A,3735.223342,N,12221.007505,W,057.7,091.7,210520,,,A*46
$GPGGA,213138.00,3735.222832,N,12220.987315,W,7,,0.38,-30.96,M,0.0,M,0.0,0000*7D
$GPRMC,213138.00,A,3735.222832,N,12220.987315,W,058.1,091.8,210520,,,A*45
$GPGGA,213139.00,3735.222303,N,12220.966958,W,7,,0.38,-30.86,M,0.0,M,0.0,0000*78
$GPRMC,213139.00,A,3735.222303,N,12220.966958,W,058.5,091.8,210520,,,A*45
$GPGGA,213140.00,3735.221788,N,12220.946269,W,7,,0.38,-30.69,M,0.0,M,0.0,0000*78
$GPRMC,213140.00,A,3735.221788,N,12220.946269,W,059.0,091.8,210520,,,A*40
$GPGGA,213141.00,3735.221278,N,12220.925659,W,7,,0.38,-30.65,M,0.0,M,0.0,0000*7D
$GPRMC,213141.00,A,3735.221278,N,12220.925659,W,059.3,091.8,210520,,,A*4A
$GPGGA,213142.00,3735.220762,N,12220.904984,W,7,,0.38,-30.60,M,0.0,M,0.0,0000*78
$GPRMC,213142.00,A,3735.220762,N,12220.904984,W,059.4,091.8,210520,,,A*4D
$GPGGA,213143.00,3735.220216,N,12220.884211,W,7,,0.38,-30.38,M,0.0,M,0.0,0000*7C
$GPRMC,213143.00,A,3735.220216,N,12220.884211,W,058.8,091.8,210520,,,A*49
$GPGGA,213144.00,3735.219711,N,12220.864507,W,7,,0.38,-30.33,M,0.0,M,0.0,0000*76
$GPRMC,213144.00,A,3735.219711,N,12220.864507,W,058.1,091.9,210520,,,A*40
$GPGGA,213145.00,3735.219118,N,12220.843783,W,7,,0.38,-30.17,M,0.0,M,0.0,0000*75
$GPRMC,213145.00,A,3735.219118,N,12220.843783,W,057.5,092.1,210520,,,A*45
$GPGGA,213146.00,3735.218608,N,12220.823701,W,7,,0.38,-30.16,M,0.0,M,0.0,0000*7C
$GPRMC,213146.00,A,3735.218608,N,12220.823701,W,057.7,091.9,210520,,,A*44
$GPGGA,213147.00,3735.218050,N,12220.803391,W,7,,0.38,-30.00,M,0.0,M,0.0,0000*7E
$GPRMC,213147.00,A,3735.218050,N,12220.803391,W,057.9,092.1,210520,,,A*44
$GPGGA,213148.00,3735.217468,N,12220.783147,W,7,,0.38,-29.87,M,0.0,M,0.0,0000*78
$GPRMC,213148.00,A,3735.217468,N,12220.783147,W,058.2,092.1,210520,,,A*41
$GPGGA,213149.00,3735.216790,N,12220.762856,W,7,,0.38,-29.76,M,0.0,M,0.0,0000*74
$GPRMC,213149.00,A,3735.216790,N,12220.762856,W,058.2,092.4,210520,,,A*46
$GPGGA,213150.00,3735.216141,N,12220.742659,W,7,,0.38,-29.60,M,0.0,M,0.0,0000*72
$GPRMC,213150.00,A,3735.216141,N,12220.742659,W,057.8,092.4,210520,,,A*42
$GPGGA,213151.00,3735.215572,N,12220.722428,W,7,,0.38,-29.51,M,0.0,M,0.0,0000*74
$GPRMC,213151.00,A,3735.215572,N,12220.722428,W,057.4,092.0,210520,,,A*4E
$GPGGA,213152.00,3735.215074,N,12220.703131,W,7,,0.38,-29.48,M,0.0,M,0.0,0000*72
$GPRMC,213152.00,A,3735.215074,N,12220.703131,W,057.1,091.9,210520,,,A*4F
$GPGGA,213153.00,3735.214552,N,12220.682744,W,7,,0.38,-29.44,M,0.0,M,0.0,0000*73
$GPRMC,213153.00,A,3735.214552,N,12220.682744,W,056.6,091.8,210520,,,A*45
$GPGGA,213154.00,3735.214095,N,12220.662991,W,7,,0.38,-29.58,M,0.0,M,0.0,0000*7F
$GPRMC,213154.00,A,3735.214095,N,12220.662991,W,055.9,091.8,210520,,,A*48
$GPGGA,213155.00,3735.213597,N,12220.643420,W,7,,0.38,-29.63,M,0.0,M,0.0,0000*72
$GPRMC,213155.00,A,3735.213597,N,12220.643420,W,056.2,091.8,210520,,,A*45
$GPGGA,213156.00,3735.213153,N,12220.623170,W,7,,0.38,-29.83,M,0.0,M,0.0,0000*75
$GPRMC,213156.00,A,3735.213153,N,12220.623170,W,056.4,091.7,210520,,,A*45
$GPGGA,213157.00,3735.212626,N,12220.603940,W,7,,0.38,-30.09,M,0.0,M,0.0,0000*73
$GPRMC,213157.00,A,3735.212626,N,12220.603940,W,057.0,092.1,210520,,,A*49
$GPGGA,213158.00,3735.212061,N,12220.583815,W,7,,0.38,-30.19,M,0.0,M,0.0,0000*72
$GPRMC,213158.00,A,3735.212061,N,12220.583815,W,057.4,092.0,210520,,,A*4C
$GPGGA,213159.00,3735.211509,N,12220.563716,W,7,,0.38,-30.26,M,0.0,M,0.0,0000*75
$GPRMC,213159.00,A,3735.211509,N,12220.563716,W,057.8,091.9,210520,,,A*41
$GPGGA,213200.00,3735.211005,N,12220.544083,W,7,,0.38,-30.22,M,0.0,M,0.0,0000*79
$GPRMC,213200.00,A,3735.211005,N,12220.544083,W,058.3,091.8,210520,,,A*4C
$GPGGA,213201.00,3735.210538,N,12220.523005,W,7,,0.38,-30.39,M,0.0,M,0.0,0000*77
$GPRMC,213201.00,A,3735.210538,N,12220.523005,W,058.8,091.6,210520,,,A*4D
$GPGGA,213202.00,3735.210148,N,12220.502191,W,7,,0.38,-30.69,M,0.0,M,0.0,0000*7D
$GPRMC,213202.00,A,3735.210148,N,12220.502191,W,059.2,091.5,210520,,,A*4A
$GPGGA,213203.00,3735.209626,N,12220.481450,W,7,,0.38,-30.68,M,0.0,M,0.0,0000*78
$GPRMC,213203.00,A,3735.209626,N,12220.481450,W,059.7,091.8,210520,,,A*46
$GPGGA,213204.00,3735.209086,N,12220.459825,W,7,,0.38,-30.80,M,0.0,M,0.0,0000*7E
$GPRMC,213204.00,A,3735.209086,N,12220.459825,W,060.3,091.9,210520,,,A*49
$GPGGA,213205.00,3735.208576,N,12220.439210,W,7,,0.38,-30.88,M,0.0,M,0.0,0000*76
$GPRMC,213205.00,A,3735.208576,N,12220.439210,W,060.6,091.7,210520,,,A*42
$GPGGA,213206.00,3735.208005,N,12220.418084,W,7,,0.38,-30.87,M,0.0,M,0.0,0000*77
$GPRMC,213206.00,A,3735.208005,N,12220.418084,W,060.6,092.0,210520,,,A*48
$GPGGA,213207.00,3735.207412,N,12220.396903,W,7,,0.38,-30.97,M,0.0,M,0.0,0000*7D
$GPRMC,213207.00,A,3735.207412,N,12220.396903,W,060.7,092.0,210520,,,A*42
$GPGGA,213208.00,3735.206860,N,12220.375675,W,7,,0.38,-31.12,M,0.0,M,0.0,0000*75
$GPRMC,213208.00,A,3735.206860,N,12220.375675,W,060.9,091.9,210520,,,A*42
$GPGGA,213209.00,3735.206337,N,12220.354226,W,7,,0.38,-31.15,M,0.0,M,0.0,0000*7B
$GPRMC,213209.00,A,3735.206337,N,12220.354226,W,061.0,091.8,210520,,,A*42
$GPGGA,213210.00,3735.205773,N,12220.333009,W,7,,0.38,-31.08,M,0.0,M,0.0,0000*76
$GPRMC,213210.00,A,3735.205773,N,12220.333009,W,061.0,091.9,210520,,,A*42
$GPGGA,213211.00,3735.205174,N,12220.311716,W,7,,0.38,-30.97,M,0.0,M,0.0,0000*78
$GPRMC,213211.00,A,3735.205174,N,12220.311716,W,061.0,092.1,210520,,,A*40
$GPGGA,213212.00,3735.204568,N,12220.289774,W,7,,0.38,-30.98,M,0.0,M,0.0,0000*78
$GPRMC,213212.00,A,3735.204568,N,12220.289774,W,061.1,092.1,210520,,,A*4E
$GPGGA,213213.00,3735.203974,N,12220.268948,W,7,,0.38,-31.06,M,0.0,M,0.0,0000*77
$GPRMC,213213.00,A,3735.203974,N,12220.268948,W,060.9,091.9,210520,,,A*45
$GPGGA,213214.00,3735.203422,N,12220.247792,W,7,,0.38,-31.33,M,0.0,M,0.0,0000*7C
$GPRMC,213214.00,A,3735.203422,N,12220.247792,W,060.5,092.0,210520,,,A*4E
$GPGGA,213215.00,3735.202852,N,12220.226917,W,7,,0.38,-31.48,M,0.0,M,0.0,0000*7F
$GPRMC,213215.00,A,3735.202852,N,12220.226917,W,059.7,092.2,210520,,,A*4B
$GPGGA,213216.00,3735.202239,N,12220.206158,W,7,,0.38,-31.67,M,0.0,M,0.0,0000*77
$GPRMC,213216.00,A,3735.202239,N,12220.206158,W,059.4,092.1,210520,,,A*4E
$GPGGA,213217.00,3735.201621,N,12220.185253,W,7,,0.38,-31.89,M,0.0,M,0.0,0000*78
$GPRMC,213217.00,A,3735.201621,N,12220.185253,W,059.3,092.0,210520,,,A*47
$GPGGA,213218.00,3735.201136,N,12220.164643,W,7,,0.38,-32.26,M,0.0,M,0.0,0000*7A
$GPRMC,213218.00,A,3735.201136,N,12220.164643,W,059.0,091.7,210520,,,A*44
$GPGGA,213219.00,3735.200643,N,12220.144154,W,7,,0.38,-32.34,M,0.0,M,0.0,0000*7F
$GPRMC,213219.00,A,3735.200643,N,12220.144154,W,058.9,091.8,210520,,,A*45
$GPGGA,213220.00,3735.200205,N,12220.123502,W,7,,0.38,-32.38,M,0.0,M,0.0,0000*79
$GPRMC,213220.00,A,3735.200205,N,12220.123502,W,058.6,091.5,210520,,,A*4D
$GPGGA,213221.00,3735.199827,N,12220.103162,W,7,,0.38,-32.44,M,0.0,M,0.0,0000*7A
$GPRMC,213221.00,A,3735.199827,N,12220.103162,W,058.2,091.4,210520,,,A*40
$GPGGA,213222.00,3735.199323,N,12220.083007,W,7,,0.38,-32.35,M,0.0,M,0.0,0000*7B
$GPRMC,213222.00,A,3735.199323,N,12220.083007,W,057.6,092.1,210520,,,A*4A
$GPGGA,213223.00,3735.198699,N,12220.063064,W,7,,0.38,-32.43,M,0.0,M,0.0,0000*75
$GPRMC,213223.00,A,3735.198699,N,12220.063064,W,057.0,092.3,210520,,,A*41
$GPGGA,213224.00,3735.197998,N,12220.043857,W,7,,0.38,-32.40,M,0.0,M,0.0,0000*7A
$GPRMC,213224.00,A,3735.197998,N,12220.043857,W,056.2,093.0,210520,,,A*4C
$GPGGA,213225.00,3735.196653,N,12220.023877,W,7,,0.38,-32.34,M,0.0,M,0.0,0000*75
$GPRMC,213225.00,A,3735.196653,N,12220.023877,W,055.4,095.7,210520,,,A*44
$GPGGA,213226.00,3735.194661,N,12220.004845,W,7,,0.38,-32.29,M,0.0,M,0.0,0000*7D
$GPRMC,213226.00,A,3735.194661,N,12220.004845,W,054.8,098.3,210520,,,A*44
$GPGGA,213227.00,3735.192129,N,12219.986089,W,7,,0.38,-32.46,M,0.0,M,0.0,0000*79
$GPRMC,213227.00,A,3735.192129,N,12219.986089,W,054.5,100.5,210520,,,A*42
$GPGGA,213228.00,3735.188955,N,12219.967226,W,7,,0.38,-32.51,M,0.0,M,0.0,0000*70
$GPRMC,213228.00,A,3735.188955,N,12219.967226,W,054.7,102.6,210520,,,A*4E
$GPGGA,213229.00,3735.185241,N,12219.948853,W,7,,0.38,-32.45,M,0.0,M,0.0,0000*72
$GPRMC,213229.00,A,3735.185241,N,12219.948853,W,054.4,105.2,210520,,,A*49
$GPGGA,213230.00,3735.180825,N,12219.930799,W,7,,0.38,-32.43,M,0.0,M,0.0,0000*77
$GPRMC,213230.00,A,3735.180825,N,12219.930799,W,054.1,108.3,210520,,,A*43
$GPGGA,213231.00,3735.175552,N,12219.912817,W,7,,0.38,-32.29,M,0.0,M,0.0,0000*74
$GPRMC,213231.00,A,3735.175552,N,12219.912817,W,054.4,111.2,210520,,,A*40
$GPGGA,213232.00,3735.169803,N,12219.895778,W,7,,0.38,-32.32,M,0.0,M,0.0,0000*71
$GPRMC,213232.00,A,3735.169803,N,12219.895778,W,054.9,113.9,210520,,,A*4B
$GPGGA,213233.00,3735.162879,N,12219.877994,W,7,,0.38,-32.27,M,0.0,M,0.0,0000*72
$GPRMC,213233.00,A,3735.162879,N,12219.877994,W,055.1,117.1,210520,,,A*49
$GPGGA,213234.00,3735.155458,N,12219.860983,W,7,,0.38,-32.20,M,0.0,M,0.0,0000*79
$GPRMC,213234.00,A,3735.155458,N,12219.860983,W,055.7,119.4,210520,,,A*48
$GPGGA,213235.00,3735.147316,N,12219.844244,W,7,,0.38,-32.14,M,0.0,M,0.0,0000*77
$GPRMC,213235.00,A,3735.147316,N,12219.844244,W,055.8,122.2,210520,,,A*40
$GPGGA,213236.00,3735.138651,N,12219.828218,W,7,,0.38,-32.04,M,0.0,M,0.0,0000*78
$GPRMC,213236.00,A,3735.138651,N,12219.828218,W,055.6,125.1,210520,,,A*44
$GPGGA,213237.00,3735.129321,N,12219.812743,W,7,,0.38,-32.01,M,0.0,M,0.0,0000*7C
$GPRMC,213237.00,A,3735.129321,N,12219.812743,W,055.6,128.1,210520,,,A*48
$GPGGA,213238.00,3735.119452,N,12219.797882,W,7,,0.38,-31.85,M,0.0,M,0.0,0000*7C
$GPRMC,213238.00,A,3735.119452,N,12219.797882,W,055.4,130.7,210520,,,A*4A
$GPGGA,213239.00,3735.109065,N,12219.783697,W,7,,0.38,-31.82,M,0.0,M,0.0,0000*74
$GPRMC,213239.00,A,3735.109065,N,12219.783697,W,054.7,133.5,210520,,,A*46
$GPGGA,213240.00,3735.098734,N,12219.770731,W,7,,0.38,-31.79,M,0.0,M,0.0,0000*75
$GPRMC,213240.00,A,3735.098734,N,12219.770731,W,054.3,135.8,210520,,,A*4C
$GPGGA,213241.00,3735.087268,N,12219.757573,W,7,,0.38,-31.78,M,0.0,M,0.0,0000*76
$GPRMC,213241.00,A,3735.087268,N,12219.757573,W,054.2,138.4,210520,,,A*4E
$GPGGA,213242.00,3735.075814,N,12219.744997,W,7,,0.38,-31.79,M,0.0,M,0.0,0000*7C
$GPRMC,213242.00,A,3735.075814,N,12219.744997,W,054.4,139.2,210520,,,A*44
$GPGGA,213243.00,3735.064330,N,12219.732536,W,7,,0.38,-31.80,M,0.0,M,0.0,0000*70
$GPRMC,213243.00,A,3735.064330,N,12219.732536,W,054.9,139.0,210520,,,A*41
$GPGGA,213244.00,3735.052773,N,12219.719852,W,7,,0.38,-31.83,M,0.0,M,0.0,0000*74
$GPRMC,213244.00,A,3735.052773,N,12219.719852,W,055.5,138.7,210520,,,A*4D
$GPGGA,213245.00,3735.041211,N,12219.707060,W,7,,0.39,-31.92,M,0.0,M,0.0,0000*71
$GPRMC,213245.00,A,3735.041211,N,12219.707060,W,055.7,138.5,210520,,,A*49
$GPGGA,213246.00,3735.029499,N,12219.694076,W,7,,0.38,-31.92,M,0.0,M,0.0,0000*77
$GPRMC,213246.00,A,3735.029499,N,12219.694076,W,055.6,138.6,210520,,,A*4C
$GPGGA,213247.00,3735.017931,N,12219.681332,W,7,,0.38,-32.01,M,0.0,M,0.0,0000*7A
$GPRMC,213247.00,A,3735.017931,N,12219.681332,W,055.4,138.7,210520,,,A*4B
$GPGGA,213248.00,3735.006807,N,12219.669038,W,7,,0.38,-32.11,M,0.0,M,0.0,0000*7F
$GPRMC,213248.00,A,3735.006807,N,12219.669038,W,055.0,138.7,210520,,,A*4B
$GPGGA,213249.00,3734.994987,N,12219.656060,W,7,,0.38,-32.32,M,0.0,M,0.0,0000*74
$GPRMC,213249.00,A,3734.994987,N,12219.656060,W,054.7,139.1,210520,,,A*40
$GPGGA,213250.00,3734.983353,N,12219.643495,W,7,,0.38,-32.34,M,0.0,M,0.0,0000*75
$GPRMC,213250.00,A,3734.983353,N,12219.643495,W,054.8,139.2,210520,,,A*4B
$GPGGA,213251.00,3734.971827,N,12219.630931,W,7,,0.38,-32.38,M,0.0,M,0.0,0000*7A
$GPRMC,213251.00,A,3734.971827,N,12219.630931,W,055.1,139.2,210520,,,A*40
$GPGGA,213252.00,3734.959846,N,12219.618019,W,7,,0.38,-32.41,M,0.0,M,0.0,0000*73
$GPRMC,213252.00,A,3734.959846,N,12219.618019,W,055.3,139.5,210520,,,A*42
$GPGGA,213253.00,3734.948602,N,12219.605827,W,7,,0.38,-32.56,M,0.0,M,0.0,0000*73
$GPRMC,213253.00,A,3734.948602,N,12219.605827,W,055.3,139.3,210520,,,A*42
$GPGGA,213254.00,3734.936811,N,12219.592964,W,7,,0.38,-32.63,M,0.0,M,0.0,0000*7C
$GPRMC,213254.00,A,3734.936811,N,12219.592964,W,055.7,139.1,210520,,,A*4D
$GPGGA,213255.00,3734.925099,N,12219.580166,W,7,,0.38,-32.54,M,0.0,M,0.0,0000*7A
$GPRMC,213255.00,A,3734.925099,N,12219.580166,W,056.2,138.9,210520,,,A*40
$GPGGA,213256.00,3734.913298,N,12219.567332,W,7,,0.38,-32.56,M,0.0,M,0.0,0000*77
$GPRMC,213256.00,A,3734.913298,N,12219.567332,W,056.4,139.2,210520,,,A*43
$GPGGA,213257.00,3734.901315,N,12219.554402,W,7,,0.38,-32.51,M,0.0,M,0.0,0000*72
$GPRMC,213257.00,A,3734.901315,N,12219.554402,W,056.4,139.4,210520,,,A*47
$GPGGA,213258.00,3734.889459,N,12219.541471,W,7,,0.38,-32.64,M,0.0,M,0.0,0000*75
$GPRMC,213258.00,A,3734.889459,N,12219.541471,W,056.6,139.1,210520,,,A*41
$GPGGA,213259.00,3734.877477,N,12219.528517,W,7,,0.38,-32.63,M,0.0,M,0.0,0000*70
$GPRMC,213259.00,A,3734.877477,N,12219.528517,W,057.1,139.2,210520,,,A*46
$GPGGA,213300.00,3734.865123,N,12219.515108,W,7,,0.38,-32.71,M,0.0,M,0.0,0000*7D
$GPRMC,213300.00,A,3734.865123,N,12219.515108,W,057.0,139.2,210520,,,A*49
$GPGGA,213301.00,3734.853472,N,12219.502531,W,7,,0.38,-32.69,M,0.0,M,0.0,0000*79
$GPRMC,213301.00,A,3734.853472,N,12219.502531,W,056.5,139.3,210520,,,A*41
$GPGGA,213302.00,3734.841657,N,12219.489770,W,7,,0.38,-32.61,M,0.0,M,0.0,0000*71
$GPRMC,213302.00,A,3734.841657,N,12219.489770,W,055.9,139.3,210520,,,A*4E
$GPGGA,213303.00,3734.830036,N,12219.477176,W,7,,0.38,-32.67,M,0.0,M,0.0,0000*70
$GPRMC,213303.00,A,3734.830036,N,12219.477176,W,055.1,139.2,210520,,,A*40
$GPGGA,213304.00,3734.818588,N,12219.464707,W,7,,0.38,-32.65,M,0.0,M,0.0,0000*7D
$GPRMC,213304.00,A,3734.818588,N,12219.464707,W,054.3,139.1,210520,,,A*4F
$GPGGA,213305.00,3734.807181,N,12219.452378,W,7,,0.38,-32.62,M,0.0,M,0.0,0000*71
$GPRMC,213305.00,A,3734.807181,N,12219.452378,W,053.5,139.4,210520,,,A*40
$GPGGA,213306.00,3734.796010,N,12219.440198,W,7,,0.38,-32.56,M,0.0,M,0.0,0000*74
$GPRMC,213306.00,A,3734.796010,N,12219.440198,W,053.1,139.1,210520,,,A*43
$GPGGA,213307.00,3734.784867,N,12219.428048,W,7,,0.38,-32.49,M,0.0,M,0.0,0000*72
$GPRMC,213307.00,A,3734.784867,N,12219.428048,W,053.2,139.0,210520,,,A*49
$GPGGA,213308.00,3734.773306,N,12219.415501,W,7,,0.38,-32.56,M,0.0,M,0.0,0000*71
$GPRMC,213308.00,A,3734.773306,N,12219.415501,W,053.6,139.2,210520,,,A*42
$GPGGA,213309.00,3734.762290,N,12219.403495,W,7,,0.38,-32.59,M,0.0,M,0.0,0000*7A
$GPRMC,213309.00,A,3734.762290,N,12219.403495,W,053.9,139.1,210520,,,A*4A
$GPGGA,213310.00,3734.750895,N,12219.391118,W,7,,0.38,-32.61,M,0.0,M,0.0,0000*7B
$GPRMC,213310.00,A,3734.750895,N,12219.391118,W,054.3,139.1,210520,,,A*4D
$GPGGA,213311.00,3734.739562,N,12219.378763,W,7,,0.38,-32.68,M,0.0,M,0.0,0000*74
$GPRMC,213311.00,A,3734.739562,N,12219.378763,W,054.1,139.1,210520,,,A*49
$GPGGA,213312.00,3734.728396,N,12219.366620,W,7,,0.38,-32.61,M,0.0,M,0.0,0000*7A
$GPRMC,213312.00,A,3734.728396,N,12219.366620,W,054.4,139.2,210520,,,A*48
$GPGGA,213313.00,3734.716504,N,12219.353780,W,7,,0.38,-32.69,M,0.0,M,0.0,0000*7E
$GPRMC,213313.00,A,3734.716504,N,12219.353780,W,054.8,139.4,210520,,,A*4E
$GPGGA,213314.00,3734.704846,N,12219.341233,W,7,,0.38,-32.64,M,0.0,M,0.0,0000*72
$GPRMC,213314.00,A,3734.704846,N,12219.341233,W,055.4,139.4,210520,,,A*42
$GPGGA,213315.00,3734.693103,N,12219.328628,W,7,,0.38,-32.60,M,0.0,M,0.0,0000*71
$GPRMC,213315.00,A,3734.693103,N,12219.328628,W,055.8,139.3,210520,,,A*4E
$GPGGA,213316.00,3734.681187,N,12219.315697,W,7,,0.38,-32.62,M,0.0,M,0.0,0000*75
$GPRMC,213316.00,A,3734.681187,N,12219.315697,W,056.3,139.3,210520,,,A*40
$GPGGA,213317.00,3734.669283,N,12219.302803,W,7,,0.38,-32.60,M,0.0,M,0.0,0000*72
$GPRMC,213317.00,A,3734.669283,N,12219.302803,W,056.8,139.3,210520,,,A*4E
$GPGGA,213318.00,3734.657277,N,12219.289861,W,7,,0.38,-32.52,M,0.0,M,0.0,0000*7C
$GPRMC,213318.00,A,3734.657277,N,12219.289861,W,057.2,139.5,210520,,,A*4C
$GPGGA,213319.00,3734.645163,N,12219.276787,W,7,,0.38,-32.40,M,0.0,M,0.0,0000*7C
$GPRMC,213319.00,A,3734.645163,N,12219.276787,W,057.6,139.2,210520,,,A*4C
$GPGGA,213320.00,3734.633302,N,12219.263947,W,7,,0.38,-32.29,M,0.0,M,0.0,0000*7B
$GPRMC,213320.00,A,3734.633302,N,12219.263947,W,057.8,139.2,210520,,,A*4A
$GPGGA,213321.00,3734.620845,N,12219.250381,W,7,,0.38,-32.20,M,0.0,M,0.0,0000*79
$GPRMC,213321.00,A,3734.620845,N,12219.250381,W,057.6,139.1,210520,,,A*4C
$GPGGA,213322.00,3734.608803,N,12219.237272,W,7,,0.38,-32.21,M,0.0,M,0.0,0000*7F
$GPRMC,213322.00,A,3734.608803,N,12219.237272,W,057.4,139.1,210520,,,A*49
$GPGGA,213323.00,3734.596611,N,12219.224120,W,7,,0.38,-32.00,M,0.0,M,0.0,0000*72
$GPRMC,213323.00,A,3734.596611,N,12219.224120,W,057.3,139.4,210520,,,A*45
$GPGGA,213324.00,3734.584522,N,12219.211076,W,7,,0.38,-31.93,M,0.0,M,0.0,0000*78
$GPRMC,213324.00,A,3734.584522,N,12219.211076,W,057.6,139.4,210520,,,A*43
$GPGGA,213325.00,3734.572395,N,12219.197894,W,7,,0.38,-31.81,M,0.0,M,0.0,0000*70
$GPRMC,213325.00,A,3734.572395,N,12219.197894,W,058.0,139.0,210520,,,A*45
$GPGGA,213326.00,3734.560186,N,12219.184592,W,7,,0.38,-31.61,M,0.0,M,0.0,0000*77
$GPRMC,213326.00,A,3734.560186,N,12219.184592,W,058.3,139.1,210520,,,A*4E
$GPGGA,213327.00,3734.547831,N,12219.171127,W,7,,0.38,-31.62,M,0.0,M,0.0,0000*75
$GPRMC,213327.00,A,3734.547831,N,12219.171127,W,058.5,139.1,210520,,,A*49
$GPGGA,213328.00,3734.535939,N,12219.158203,W,7,,0.38,-31.47,M,0.0,M,0.0,0000*7F
$GPRMC,213328.00,A,3734.535939,N,12219.158203,W,058.8,139.1,210520,,,A*49
$GPGGA,213329.00,3734.523154,N,12219.144308,W,7,,0.38,-31.41,M,0.0,M,0.0,0000*7B
$GPRMC,213329.00,A,3734.523154,N,12219.144308,W,059.0,139.2,210520,,,A*41
$GPGGA,213330.00,3734.510794,N,12219.130922,W,7,,0.38,-31.21,M,0.0,M,0.0,0000*7E
$GPRMC,213330.00,A,3734.510794,N,12219.130922,W,058.7,139.1,210520,,,A*47
$GPGGA,213331.00,3734.498445,N,12219.117494,W,7,,0.38,-31.01,M,0.0,M,0.0,0000*76
$GPRMC,213331.00,A,3734.498445,N,12219.117494,W,058.0,139.1,210520,,,A*4A
$GPGGA,213332.00,3734.486403,N,12219.104378,W,7,,0.38,-30.92,M,0.0,M,0.0,0000*74
$GPRMC,213332.00,A,3734.486403,N,12219.104378,W,057.2,139.0,210520,,,A*4F
$GPGGA,213333.00,3734.474524,N,12219.091424,W,7,,0.38,-30.70,M,0.0,M,0.0,0000*73
$GPRMC,213333.00,A,3734.474524,N,12219.091424,W,056.4,139.1,210520,,,A*42
$GPGGA,213334.00,3734.462824,N,12219.078686,W,7,,0.38,-30.77,M,0.0,M,0.0,0000*74
$GPRMC,213334.00,A,3734.462824,N,12219.078686,W,055.6,139.3,210520,,,A*41
$GPGGA,213335.00,3734.451178,N,12219.066104,W,7,,0.38,-30.73,M,0.0,M,0.0,0000*73
$GPRMC,213335.00,A,3734.451178,N,12219.066104,W,054.6,139.2,210520,,,A*42
$GPGGA,213336.00,3734.440090,N,12219.054044,W,7,,0.38,-30.61,M,0.0,M,0.0,0000*70
$GPRMC,213336.00,A,3734.440090,N,12219.054044,W,054.5,139.1,210520,,,A*42
$GPGGA,213337.00,3734.428281,N,12219.041174,W,7,,0.38,-30.64,M,0.0,M,0.0,0000*7E
$GPRMC,213337.00,A,3734.428281,N,12219.041174,W,054.6,139.1,210520,,,A*4A
$GPGGA,213338.00,3734.416803,N,12219.028639,W,7,,0.38,-30.62,M,0.0,M,0.0,0000*7B
$GPRMC,213338.00,A,3734.416803,N,12219.028639,W,054.3,139.0,210520,,,A*4D
$GPGGA,213339.00,3734.405553,N,12219.016268,W,7,,0.38,-30.51,M,0.0,M,0.0,0000*7D
$GPRMC,213339.00,A,3734.405553,N,12219.016268,W,053.7,138.9,210520,,,A*40
$GPGGA,213340.00,3734.394424,N,12219.004027,W,7,,0.38,-30.52,M,0.0,M,0.0,0000*74
$GPRMC,213340.00,A,3734.394424,N,12219.004027,W,053.2,138.8,210520,,,A*4E
$GPGGA,213341.00,3734.383360,N,12218.991986,W,7,,0.38,-30.48,M,0.0,M,0.0,0000*79
$GPRMC,213341.00,A,3734.383360,N,12218.991986,W,052.7,139.2,210520,,,A*47
$GPGGA,213342.00,3734.372253,N,12218.979806,W,7,,0.38,-30.66,M,0.0,M,0.0,0000*76
$GPRMC,213342.00,A,3734.372253,N,12218.979806,W,052.7,139.1,210520,,,A*47
$GPGGA,213343.00,3734.361165,N,12218.967872,W,7,,0.38,-30.80,M,0.0,M,0.0,0000*77
$GPRMC,213343.00,A,3734.361165,N,12218.967872,W,052.8,139.5,210520,,,A*45
$GPGGA,213344.00,3734.350018,N,12218.955806,W,7,,0.38,-30.79,M,0.0,M,0.0,0000*7D
$GPRMC,213344.00,A,3734.350018,N,12218.955806,W,053.3,139.3,210520,,,A*45
$GPGGA,213345.00,3734.338719,N,12218.943649,W,7,,0.38,-30.75,M,0.0,M,0.0,0000*7A
$GPRMC,213345.00,A,3734.338719,N,12218.943649,W,053.8,139.1,210520,,,A*47
$GPGGA,213346.00,3734.327277,N,12218.931181,W,7,,0.38,-30.81,M,0.0,M,0.0,0000*77
$GPRMC,213346.00,A,3734.327277,N,12218.931181,W,054.2,139.2,210520,,,A*4F
$GPGGA,213347.00,3734.315842,N,12218.918762,W,7,,0.38,-30.76,M,0.0,M,0.0,0000*73
$GPRMC,213347.00,A,3734.315842,N,12218.918762,W,054.7,139.2,210520,,,A*46
$GPGGA,213348.00,3734.303967,N,12218.905784,W,7,,0.38,-30.66,M,0.0,M,0.0,0000*78
$GPRMC,213348.00,A,3734.303967,N,12218.905784,W,055.2,139.0,210520,,,A*4A
$GPGGA,213349.00,3734.292723,N,12218.893483,W,7,,0.38,-30.65,M,0.0,M,0.0,0000*77
$GPRMC,213349.00,A,3734.292723,N,12218.893483,W,055.8,139.0,210520,,,A*4C
$GPGGA,213350.00,3734.280820,N,12218.880613,W,7,,0.38,-30.37,M,0.0,M,0.0,0000*7E
$GPRMC,213350.00,A,3734.280820,N,12218.880613,W,056.4,139.3,210520,,,A*4E
$GPGGA,213351.00,3734.268825,N,12218.867713,W,7,,0.38,-30.36,M,0.0,M,0.0,0000*75
$GPRMC,213351.00,A,3734.268825,N,12218.867713,W,057.0,139.5,210520,,,A*47
$GPGGA,213352.00,3734.256808,N,12218.854712,W,7,,0.38,-30.27,M,0.0,M,0.0,0000*75
$GPRMC,213352.00,A,3734.256808,N,12218.854712,W,057.2,139.1,210520,,,A*41
$GPGGA,213353.00,3734.244766,N,12218.841529,W,7,,0.39,-30.26,M,0.0,M,0.0,0000*7E
$GPRMC,213353.00,A,3734.244766,N,12218.841529,W,057.0,138.8,210520,,,A*40
$GPGGA,213354.00,3734.232855,N,12218.828516,W,7,,0.39,-30.25,M,0.0,M,0.0,0000*77
$GPRMC,213354.00,A,3734.232855,N,12218.828516,W,056.7,139.0,210520,,,A*45
$GPGGA,213355.00,3734.220999,N,12218.815693,W,7,,0.38,-30.20,M,0.0,M,0.0,0000*70
$GPRMC,213355.00,A,3734.220999,N,12218.815693,W,056.2,139.3,210520,,,A*40
$GPGGA,213356.00,3734.208940,N,12218.802583,W,7,,0.38,-30.23,M,0.0,M,0.0,0000*7A
$GPRMC,213356.00,A,3734.208940,N,12218.802583,W,055.5,139.1,210520,,,A*4F
$GPGGA,213357.00,3734.197653,N,12218.790289,W,7,,0.38,-30.12,M,0.0,M,0.0,0000*78
$GPRMC,213357.00,A,3734.197653,N,12218.790289,W,054.8,138.9,210520,,,A*4A
$GPGGA,213358.00,3734.186241,N,12218.777767,W,7,,0.38,-30.09,M,0.0,M,0.0,0000*76
$GPRMC,213358.00,A,3734.186241,N,12218.777767,W,054.4,138.8,210520,,,A*43
$GPGGA,213359.00,3734.174931,N,12218.765401,W,7,,0.38,-30.02,M,0.0,M,0.0,0000*7D
$GPRMC,213359.00,A,3734.174931,N,12218.765401,W,054.0,139.1,210520,,,A*4F
$GPGGA,213400.00,3734.163621,N,12218.753251,W,7,,0.38,-29.93,M,0.0,M,0.0,0000*78
$GPRMC,213400.00,A,3734.163621,N,12218.753251,W,053.5,139.6,210520,,,A*4F
$GPGGA,213401.00,3734.152299,N,12218.741090,W,7,,0.38,-29.84,M,0.0,M,0.0,0000*76
$GPRMC,213401.00,A,3734.152299,N,12218.741090,W,052.9,139.4,210520,,,A*48
$GPGGA,213402.00,3734.141266,N,12218.729065,W,7,,0.38,-29.66,M,0.0,M,0.0,0000*7F
$GPRMC,213402.00,A,3734.141266,N,12218.729065,W,052.4,138.8,210520,,,A*4D
$GPGGA,213403.00,3734.130292,N,12218.717180,W,7,,0.38,-29.66,M,0.0,M,0.0,0000*74
$GPRMC,213403.00,A,3734.130292,N,12218.717180,W,052.1,139.3,210520,,,A*49
$GPGGA,213404.00,3734.119204,N,12218.705246,W,7,,0.38,-29.78,M,0.0,M,0.0,0000*72
$GPRMC,213404.00,A,3734.119204,N,12218.705246,W,052.2,139.6,210520,,,A*46
$GPGGA,213405.00,3734.108055,N,12218.693413,W,7,,0.38,-29.94,M,0.0,M,0.0,0000*7F
$GPRMC,213405.00,A,3734.108055,N,12218.693413,W,052.9,139.7,210520,,,A*43
$GPGGA,213406.00,3734.096811,N,12218.681372,W,7,,0.38,-30.07,M,0.0,M,0.0,0000*73
$GPRMC,213406.00,A,3734.096811,N,12218.681372,W,053.5,139.5,210520,,,A*42
$GPGGA,213407.00,3734.085526,N,12218.669180,W,7,,0.38,-30.17,M,0.0,M,0.0,0000*71
$GPRMC,213407.00,A,3734.085526,N,12218.669180,W,053.8,139.1,210520,,,A*48
$GPGGA,213408.00,3734.074533,N,12218.657162,W,7,,0.38,-30.22,M,0.0,M,0.0,0000*73
$GPRMC,213408.00,A,3734.074533,N,12218.657162,W,053.8,138.9,210520,,,A*45
$GPGGA,213409.00,3734.062912,N,12218.644466,W,7,,0.38,-30.32,M,0.0,M,0.0,0000*78
$GPRMC,213409.00,A,3734.062912,N,12218.644466,W,053.9,139.0,210520,,,A*46
$GPGGA,213410.00,3734.051583,N,12218.632052,W,7,,0.38,-30.34,M,0.0,M,0.0,0000*70
$GPRMC,213410.00,A,3734.051583,N,12218.632052,W,054.2,139.0,210520,,,A*44
$GPGGA,213411.00,3734.040135,N,12218.619583,W,7,,0.38,-30.48,M,0.0,M,0.0,0000*73
$GPRMC,213411.00,A,3734.040135,N,12218.619583,W,054.8,139.2,210520,,,A*44
$GPGGA,213412.00,3734.028442,N,12218.606936,W,7,,0.38,-30.54,M,0.0,M,0.0,0000*7A
$GPRMC,213412.00,A,3734.028442,N,12218.606936,W,055.3,139.3,210520,,,A*4B
$GPGGA,213413.00,3734.016741,N,12218.594300,W,7,,0.38,-30.52,M,0.0,M,0.0,0000*77
$GPRMC,213413.00,A,3734.016741,N,12218.594300,W,055.8,139.3,210520,,,A*4B
$GPGGA,213414.00,3734.004976,N,12218.581574,W,7,,0.38,-30.59,M,0.0,M,0.0,0000*73
$GPRMC,213414.00,A,3734.004976,N,12218.581574,W,056.1,139.3,210520,,,A*4E
$GPGGA,213415.00,3733.993137,N,12218.568764,W,7,,0.38,-30.55,M,0.0,M,0.0,0000*77
$GPRMC,213415.00,A,3733.993137,N,12218.568764,W,056.5,139.2,210520,,,A*43
$GPGGA,213416.00,3733.981480,N,12218.556122,W,7,,0.38,-30.59,M,0.0,M,0.0,0000*7B
$GPRMC,213416.00,A,3733.981480,N,12218.556122,W,056.9,139.1,210520,,,A*4C
$GPGGA,213417.00,3733.969222,N,12218.542717,W,7,,0.38,-30.46,M,0.0,M,0.0,0000*79
$GPRMC,213417.00,A,3733.969222,N,12218.542717,W,056.8,138.8,210520,,,A*49
$GPGGA,213418.00,3733.957311,N,12218.529884,W,7,,0.38,-30.49,M,0.0,M,0.0,0000*7D
$GPRMC,213418.00,A,3733.957311,N,12218.529884,W,056.5,139.7,210520,,,A*41
$GPGGA,213419.00,3733.945216,N,12218.516882,W,7,,0.38,-30.63,M,0.0,M,0.0,0000*7B
$GPRMC,213419.00,A,3733.945216,N,12218.516882,W,057.0,139.7,210520,,,A*4B
$GPGGA,213420.00,3733.933138,N,12218.503874,W,7,,0.38,-30.54,M,0.0,M,0.0,0000*76
$GPRMC,213420.00,A,3733.933138,N,12218.503874,W,057.5,139.3,210520,,,A*43
$GPGGA,213421.00,3733.920958,N,12218.490697,W,7,,0.38,-30.59,M,0.0,M,0.0,0000*7E
$GPRMC,213421.00,A,3733.920958,N,12218.490697,W,058.2,139.3,210520,,,A*4E
$GPGGA,213422.00,3733.908676,N,12218.477402,W,7,,0.38,-30.62,M,0.0,M,0.0,0000*7B
$GPRMC,213422.00,A,3733.908676,N,12218.477402,W,058.7,139.1,210520,,,A*44
$GPGGA,213423.00,3733.896082,N,12218.463811,W,7,,0.38,-30.63,M,0.0,M,0.0,0000*7B
$GPRMC,213423.00,A,3733.896082,N,12218.463811,W,059.4,139.3,210520,,,A*45
$GPGGA,213424.00,3733.883943,N,12218.450606,W,7,,0.38,-30.76,M,0.0,M,0.0,0000*70
$GPRMC,213424.00,A,3733.883943,N,12218.450606,W,060.1,139.2,210520,,,A*44
$GPGGA,213425.00,3733.870809,N,12218.436331,W,7,,0.38,-30.76,M,0.0,M,0.0,0000*73
$GPRMC,213425.00,A,3733.870809,N,12218.436331,W,060.7,139.1,210520,,,A*42
$GPGGA,213426.00,3733.858017,N,12218.422429,W,7,,0.38,-30.71,M,0.0,M,0.0,0000*71
$GPRMC,213426.00,A,3733.858017,N,12218.422429,W,061.3,139.2,210520,,,A*41
$GPGGA,213427.00,3733.845076,N,12218.408371,W,7,,0.38,-30.61,M,0.0,M,0.0,0000*78
$GPRMC,213427.00,A,3733.845076,N,12218.408371,W,061.1,139.1,210520,,,A*48
$GPGGA,213428.00,3733.832247,N,12218.394439,W,7,,0.38,-30.72,M,0.0,M,0.0,0000*7C
$GPRMC,213428.00,A,3733.832247,N,12218.394439,W,061.1,139.2,210520,,,A*4D
$GPGGA,213429.00,3733.819474,N,12218.380574,W,7,,0.38,-30.73,M,0.0,M,0.0,0000*7E
$GPRMC,213429.00,A,3733.819474,N,12218.380574,W,060.8,139.2,210520,,,A*46
$GPGGA,213430.00,3733.806795,N,12218.366821,W,7,,0.38,-30.69,M,0.0,M,0.0,0000*7A
$GPRMC,213430.00,A,3733.806795,N,12218.366821,W,060.2,139.0,210520,,,A*41
$GPGGA,213431.00,3733.794057,N,12218.353003,W,7,,0.38,-30.59,M,0.0,M,0.0,0000*7B
$GPRMC,213431.00,A,3733.794057,N,12218.353003,W,060.2,139.2,210520,,,A*41
$GPGGA,213432.00,3733.781818,N,12218.339707,W,7,,0.38,-30.51,M,0.0,M,0.0,0000*78
$GPRMC,213432.00,A,3733.781818,N,12218.339707,W,060.5,139.1,210520,,,A*4E
$GPGGA,213433.00,3733.768857,N,12218.325589,W,7,,0.38,-30.44,M,0.0,M,0.0,0000*78
$GPRMC,213433.00,A,3733.768857,N,12218.325589,W,059.8,139.1,210520,,,A*4D
$GPGGA,213434.00,3733.756276,N,12218.311885,W,7,,0.38,-30.38,M,0.0,M,0.0,0000*76
$GPRMC,213434.00,A,3733.756276,N,12218.311885,W,059.2,139.0,210520,,,A*43
$GPGGA,213435.00,3733.743897,N,12218.298427,W,7,,0.38,-30.39,M,0.0,M,0.0,0000*73
$GPRMC,213435.00,A,3733.743897,N,12218.298427,W,059.0,139.1,210520,,,A*44
$GPGGA,213436.00,3733.731592,N,12218.284940,W,7,,0.38,-30.38,M,0.0,M,0.0,0000*7D
$GPRMC,213436.00,A,3733.731592,N,12218.284940,W,059.0,138.9,210520,,,A*42
$GPGGA,213437.00,3733.719303,N,12218.271566,W,7,,0.38,-30.31,M,0.0,M,0.0,0000*73
$GPRMC,213437.00,A,3733.719303,N,12218.271566,W,058.5,139.1,210520,,,A*48
$GPGGA,213438.00,3733.706932,N,12218.258173,W,7,,0.38,-30.23,M,0.0,M,0.0,0000*72
$GPRMC,213438.00,A,3733.706932,N,12218.258173,W,058.2,139.3,210520,,,A*4F
$GPGGA,213439.00,3733.694793,N,12218.245063,W,7,,0.38,-30.25,M,0.0,M,0.0,0000*76
$GPRMC,213439.00,A,3733.694793,N,12218.245063,W,057.6,139.3,210520,,,A*46
$GPGGA,213440.00,3733.683195,N,12218.232476,W,7,,0.38,-30.27,M,0.0,M,0.0,0000*7C
$GPRMC,213440.00,A,3733.683195,N,12218.232476,W,056.8,139.3,210520,,,A*41
$GPGGA,213441.00,3733.670998,N,12218.219246,W,7,,0.38,-30.15,M,0.0,M,0.0,0000*79
$GPRMC,213441.00,A,3733.670998,N,12218.219246,W,056.0,139.2,210520,,,A*4C
$GPGGA,213442.00,3733.659286,N,12218.206555,W,7,,0.38,-30.05,M,0.0,M,0.0,0000*7F
$GPRMC,213442.00,A,3733.659286,N,12218.206555,W,055.0,139.5,210520,,,A*4F
$GPGGA,213443.00,3733.647574,N,12218.194070,W,7,,0.38,-30.15,M,0.0,M,0.0,0000*70
$GPRMC,213443.00,A,3733.647574,N,12218.194070,W,055.5,139.7,210520,,,A*46
$GPGGA,213444.00,3733.635327,N,12218.181277,W,7,,0.38,-30.08,M,0.0,M,0.0,0000*7F
$GPRMC,213444.00,A,3733.635327,N,12218.181277,W,056.0,140.4,210520,,,A*4E
$GPGGA,213445.00,3733.623507,N,12218.169169,W,7,,0.38,-30.06,M,0.0,M,0.0,0000*79
$GPRMC,213445.00,A,3733.623507,N,12218.169169,W,056.5,141.0,210520,,,A*46
$GPGGA,213446.00,3733.611202,N,12218.156768,W,7,,0.38,-30.16,M,0.0,M,0.0,0000*73
$GPRMC,213446.00,A,3733.611202,N,12218.156768,W,057.1,141.5,210520,,,A*4D
$GPGGA,213447.00,3733.598739,N,12218.144390,W,7,,0.38,-30.15,M,0.0,M,0.0,0000*7E
$GPRMC,213447.00,A,3733.598739,N,12218.144390,W,057.4,141.6,210520,,,A*45
$GPGGA,213448.00,3733.586589,N,12218.132540,W,7,,0.38,-30.22,M,0.0,M,0.0,0000*79
$GPRMC,213448.00,A,3733.586589,N,12218.132540,W,057.3,142.4,210520,,,A*40
$GPGGA,213449.00,3733.573468,N,12218.120000,W,7,,0.38,-30.16,M,0.0,M,0.0,0000*79
$GPRMC,213449.00,A,3733.573468,N,12218.120000,W,057.1,142.9,210520,,,A*48
$GPGGA,213450.00,3733.560723,N,12218.108096,W,7,,0.38,-30.11,M,0.0,M,0.0,0000*7D
$GPRMC,213450.00,A,3733.560723,N,12218.108096,W,057.2,143.6,210520,,,A*46
$GPGGA,213451.00,3733.547925,N,12218.096318,W,7,,0.38,-30.40,M,0.0,M,0.0,0000*76
$GPRMC,213451.00,A,3733.547925,N,12218.096318,W,057.3,143.9,210520,,,A*47
$GPGGA,213452.00,3733.534660,N,12218.084263,W,7,,0.38,-30.54,M,0.0,M,0.0,0000*74
$GPRMC,213452.00,A,3733.534660,N,12218.084263,W,057.1,144.4,210520,,,A*48
$GPGGA,213453.00,3733.522125,N,12218.072936,W,7,,0.38,-30.40,M,0.0,M,0.0,0000*73
$GPRMC,213453.00,A,3733.522125,N,12218.072936,W,056.7,144.4,210520,,,A*4D
$GPGGA,213454.00,3733.509327,N,12218.061487,W,7,,0.38,-30.51,M,0.0,M,0.0,0000*78
$GPRMC,213454.00,A,3733.509327,N,12218.061487,W,056.5,144.5,210520,,,A*45
$GPGGA,213455.00,3733.496583,N,12218.050190,W,7,,0.38,-30.07,M,0.0,M,0.0,0000*74
$GPRMC,213455.00,A,3733.496583,N,12218.050190,W,056.1,144.8,210520,,,A*43
$GPGGA,213456.00,3733.483743,N,12218.038861,W,7,,0.38,-30.18,M,0.0,M,0.0,0000*7A
$GPRMC,213456.00,A,3733.483743,N,12218.038861,W,056.5,145.1,210520,,,A*4F
$GPGGA,213457.00,3733.470651,N,12218.027503,W,7,,0.38,-30.18,M,0.0,M,0.0,0000*72
$GPRMC,213457.00,A,3733.470651,N,12218.027503,W,057.0,145.4,210520,,,A*46
$GPGGA,213458.00,3733.457589,N,12218.016073,W,7,,0.38,-30.28,M,0.0,M,0.0,0000*7D
$GPRMC,213458.00,A,3733.457589,N,12218.016073,W,057.6,145.0,210520,,,A*48
$GPGGA,213459.00,3733.444444,N,12218.004421,W,7,,0.38,-30.45,M,0.0,M,0.0,0000*75
$GPRMC,213459.00,A,3733.444444,N,12218.004421,W,058.2,144.9,210520,,,A*48
$GPGGA,213500.00,3733.430889,N,12217.992410,W,7,,0.38,-30.50,M,0.0,M,0.0,0000*79
$GPRMC,213500.00,A,3733.430889,N,12217.992410,W,057.9,144.7,210520,,,A*4A
$GPGGA,213501.00,3733.418157,N,12217.980895,W,7,,0.38,-30.62,M,0.0,M,0.0,0000*7B
$GPRMC,213501.00,A,3733.418157,N,12217.980895,W,057.9,144.4,210520,,,A*4A
$GPGGA,213502.00,3733.405192,N,12217.968991,W,7,,0.38,-30.67,M,0.0,M,0.0,0000*7B
$GPRMC,213502.00,A,3733.405192,N,12217.968991,W,057.8,143.6,210520,,,A*4B
$GPGGA,213503.00,3733.392291,N,12217.957082,W,7,,0.38,-30.60,M,0.0,M,0.0,0000*73
$GPRMC,213503.00,A,3733.392291,N,12217.957082,W,057.6,143.6,210520,,,A*4A
$GPGGA,213504.00,3733.379800,N,12217.945418,W,7,,0.38,-30.57,M,0.0,M,0.0,0000*73
$GPRMC,213504.00,A,3733.379800,N,12217.945418,W,057.1,143.5,210520,,,A*4A
$GPGGA,213505.00,3733.366696,N,12217.933280,W,7,,0.38,-30.52,M,0.0,M,0.0,0000*7E
$GPRMC,213505.00,A,3733.366696,N,12217.933280,W,056.5,143.7,210520,,,A*45
$GPGGA,213506.00,3733.354078,N,12217.921555,W,7,,0.38,-30.58,M,0.0,M,0.0,0000*7C
$GPRMC,213506.00,A,3733.354078,N,12217.921555,W,056.5,143.7,210520,,,A*4D
$GPGGA,213507.00,3733.341471,N,12217.909856,W,7,,0.38,-30.74,M,0.0,M,0.0,0000*7E
$GPRMC,213507.00,A,3733.341471,N,12217.909856,W,056.5,143.7,210520,,,A*41
$GPGGA,213508.00,3733.328841,N,12217.898173,W,7,,0.38,-30.81,M,0.0,M,0.0,0000*7C
$GPRMC,213508.00,A,3733.328841,N,12217.898173,W,055.8,143.7,210520,,,A*47
$GPGGA,213509.00,3733.316511,N,12217.886737,W,7,,0.38,-30.89,M,0.0,M,0.0,0000*79
$GPRMC,213509.00,A,3733.316511,N,12217.886737,W,055.1,143.4,210520,,,A*40
$GPGGA,213510.00,3733.304373,N,12217.875409,W,7,,0.38,-30.80,M,0.0,M,0.0,0000*7B
$GPRMC,213510.00,A,3733.304373,N,12217.875409,W,054.2,143.4,210520,,,A*49
$GPGGA,213511.00,3733.292409,N,12217.864267,W,7,,0.38,-30.85,M,0.0,M,0.0,0000*75
$GPRMC,213511.00,A,3733.292409,N,12217.864267,W,053.4,143.5,210520,,,A*42
$GPGGA,213512.00,3733.280919,N,12217.853540,W,7,,0.38,-30.87,M,0.0,M,0.0,0000*7D
$GPRMC,213512.00,A,3733.280919,N,12217.853540,W,052.5,143.3,210520,,,A*4E
$GPGGA,213513.00,3733.269034,N,12217.842254,W,7,,0.38,-30.94,M,0.0,M,0.0,0000*7D
$GPRMC,213513.00,A,3733.269034,N,12217.842254,W,051.8,142.4,210520,,,A*44
$GPGGA,213514.00,3733.257802,N,12217.831298,W,7,,0.38,-31.01,M,0.0,M,0.0,0000*73
$GPRMC,213514.00,A,3733.257802,N,12217.831298,W,051.0,141.9,210520,,,A*41
$GPGGA,213515.00,3733.246695,N,12217.820503,W,7,,0.38,-31.01,M,0.0,M,0.0,0000*77
$GPRMC,213515.00,A,3733.246695,N,12217.820503,W,050.5,142.0,210520,,,A*4B
$GPGGA,213516.00,3733.235434,N,12217.809469,W,7,,0.38,-31.23,M,0.0,M,0.0,0000*7F
$GPRMC,213516.00,A,3733.235434,N,12217.809469,W,051.2,142.1,210520,,,A*44
$GPGGA,213517.00,3733.224219,N,12217.798603,W,7,,0.39,-31.11,M,0.0,M,0.0,0000*7E
$GPRMC,213517.00,A,3733.224219,N,12217.798603,W,051.0,142.2,210520,,,A*44
$GPGGA,213518.00,3733.213245,N,12217.787887,W,7,,0.38,-31.08,M,0.0,M,0.0,0000*79
$GPRMC,213518.00,A,3733.213245,N,12217.787887,W,050.3,142.3,210520,,,A*49
$GPGGA,213519.00,3733.202062,N,12217.777148,W,7,,0.38,-30.92,M,0.0,M,0.0,0000*78
$GPRMC,213519.00,A,3733.202062,N,12217.777148,W,050.2,142.8,210520,,,A*40
$GPGGA,213520.00,3733.191321,N,12217.766959,W,7,,0.39,-30.82,M,0.0,M,0.0,0000*77
$GPRMC,213520.00,A,3733.191321,N,12217.766959,W,050.0,143.2,210520,,,A*46
$GPGGA,213521.00,3733.179844,N,12217.756352,W,7,,0.39,-30.75,M,0.0,M,0.0,0000*72
$GPRMC,213521.00,A,3733.179844,N,12217.756352,W,049.5,143.9,210520,,,A*4D
$GPGGA,213522.00,3733.168822,N,12217.746284,W,7,,0.39,-30.75,M,0.0,M,0.0,0000*7A
$GPRMC,213522.00,A,3733.168822,N,12217.746284,W,048.9,144.2,210520,,,A*44
$GPGGA,213523.00,3733.157679,N,12217.736108,W,7,,0.38,-30.83,M,0.0,M,0.0,0000*7F
$GPRMC,213523.00,A,3733.157679,N,12217.736108,W,048.7,144.2,210520,,,A*47
$GPGGA,213524.00,3733.147311,N,12217.726489,W,7,,0.38,-30.59,M,0.0,M,0.0,0000*78
$GPRMC,213524.00,A,3733.147311,N,12217.726489,W,047.4,143.5,210520,,,A*4B
$GPGGA,213525.00,3733.136805,N,12217.716728,W,7,,0.38,-30.42,M,0.0,M,0.0,0000*70
$GPRMC,213525.00,A,3733.136805,N,12217.716728,W,046.8,143.3,210520,,,A*42
$GPGGA,213526.00,3733.126443,N,12217.707001,W,7,,0.38,-30.53,M,0.0,M,0.0,0000*70
$GPRMC,213526.00,A,3733.126443,N,12217.707001,W,046.5,143.2,210520,,,A*4E
$GPGGA,213527.00,3733.116093,N,12217.697293,W,7,,0.38,-30.57,M,0.0,M,0.0,0000*7E
$GPRMC,213527.00,A,3733.116093,N,12217.697293,W,046.1,143.4,210520,,,A*46
$GPGGA,213528.00,3733.106218,N,12217.688162,W,7,,0.38,-30.65,M,0.0,M,0.0,0000*73
$GPRMC,213528.00,A,3733.106218,N,12217.688162,W,045.5,143.5,210520,,,A*4C
$GPGGA,213529.00,3733.095837,N,12217.678424,W,7,,0.38,-30.71,M,0.0,M,0.0,0000*73
$GPRMC,213529.00,A,3733.095837,N,12217.678424,W,044.9,143.3,210520,,,A*42
$GPGGA,213530.00,3733.085775,N,12217.669069,W,7,,0.38,-30.84,M,0.0,M,0.0,0000*74
$GPRMC,213530.00,A,3733.085775,N,12217.669069,W,044.6,143.6,210520,,,A*45
$GPGGA,213531.00,3733.075815,N,12217.659931,W,7,,0.38,-30.78,M,0.0,M,0.0,0000*77
$GPRMC,213531.00,A,3733.075815,N,12217.659931,W,044.5,143.9,210520,,,A*49
$GPGGA,213532.00,3733.065927,N,12217.650764,W,7,,0.38,-30.79,M,0.0,M,0.0,0000*73
$GPRMC,213532.00,A,3733.065927,N,12217.650764,W,044.2,143.8,210520,,,A*4A
$GPGGA,213533.00,3733.056081,N,12217.641577,W,7,,0.38,-30.85,M,0.0,M,0.0,0000*74
$GPRMC,213533.00,A,3733.056081,N,12217.641577,W,044.2,143.5,210520,,,A*43
$GPGGA,213534.00,3733.046170,N,12217.632343,W,7,,0.38,-30.82,M,0.0,M,0.0,0000*7F
$GPRMC,213534.00,A,3733.046170,N,12217.632343,W,044.0,143.5,210520,,,A*4D
$GPGGA,213535.00,3733.036426,N,12217.623193,W,7,,0.38,-30.76,M,0.0,M,0.0,0000*7B
$GPRMC,213535.00,A,3733.036426,N,12217.623193,W,043.7,143.1,210520,,,A*46
$GPGGA,213536.00,3733.027096,N,12217.614368,W,7,,0.38,-30.89,M,0.0,M,0.0,0000*75
$GPRMC,213536.00,A,3733.027096,N,12217.614368,W,043.5,143.1,210520,,,A*4A
$GPGGA,213537.00,3733.017136,N,12217.605013,W,7,,0.38,-30.89,M,0.0,M,0.0,0000*73
$GPRMC,213537.00,A,3733.017136,N,12217.605013,W,043.3,143.1,210520,,,A*4A
$GPGGA,213538.00,3733.007458,N,12217.595900,W,7,,0.38,-30.96,M,0.0,M,0.0,0000*7F
$GPRMC,213538.00,A,3733.007458,N,12217.595900,W,043.2,143.3,210520,,,A*4B
$GPGGA,213539.00,3732.997773,N,12217.586845,W,7,,0.38,-30.99,M,0.0,M,0.0,0000*78
$GPRMC,213539.00,A,3732.997773,N,12217.586845,W,043.6,143.5,210520,,,A*41
$GPGGA,213540.00,3732.987664,N,12217.577467,W,7,,0.38,-31.03,M,0.0,M,0.0,0000*70
$GPRMC,213540.00,A,3732.987664,N,12217.577467,W,044.2,143.6,210520,,,A*4B
$GPGGA,213541.00,3732.978039,N,12217.568486,W,7,,0.38,-31.11,M,0.0,M,0.0,0000*7D
$GPRMC,213541.00,A,3732.978039,N,12217.568486,W,044.9,143.5,210520,,,A*4D
$GPGGA,213542.00,3732.967869,N,12217.558939,W,7,,0.38,-31.15,M,0.0,M,0.0,0000*73
$GPRMC,213542.00,A,3732.967869,N,12217.558939,W,045.6,143.3,210520,,,A*4F
$GPGGA,213543.00,3732.957706,N,12217.549333,W,7,,0.38,-31.27,M,0.0,M,0.0,0000*76
$GPRMC,213543.00,A,3732.957706,N,12217.549333,W,046.1,143.0,210520,,,A*4C
$GPGGA,213544.00,3732.947733,N,12217.539835,W,7,,0.38,-31.21,M,0.0,M,0.0,0000*7A
$GPRMC,213544.00,A,3732.947733,N,12217.539835,W,046.8,142.7,210520,,,A*49
$GPGGA,213545.00,3732.936988,N,12217.529552,W,7,,0.38,-31.27,M,0.0,M,0.0,0000*78
$GPRMC,213545.00,A,3732.936988,N,12217.529552,W,047.5,142.8,210520,,,A*4E
$GPGGA,213546.00,3732.926211,N,12217.519406,W,7,,0.38,-31.19,M,0.0,M,0.0,0000*7F
$GPRMC,213546.00,A,3732.926211,N,12217.519406,W,048.3,143.2,210520,,,A*46
$GPGGA,213547.00,3732.915358,N,12217.509277,W,7,,0.38,-31.27,M,0.0,M,0.0,0000*7E
$GPRMC,213547.00,A,3732.915358,N,12217.509277,W,049.0,143.6,210520,,,A*4C
$GPGGA,213548.00,3732.903970,N,12217.498765,W,7,,0.38,-31.44,M,0.0,M,0.0,0000*7C
$GPRMC,213548.00,A,3732.903970,N,12217.498765,W,049.6,143.7,210520,,,A*4C
$GPGGA,213549.00,3732.893085,N,12217.488679,W,7,,0.38,-31.41,M,0.0,M,0.0,0000*7E
$GPRMC,213549.00,A,3732.893085,N,12217.488679,W,050.1,143.6,210520,,,A*45
$GPGGA,213550.00,3732.881752,N,12217.478216,W,7,,0.38,-31.55,M,0.0,M,0.0,0000*7F
$GPRMC,213550.00,A,3732.881752,N,12217.478216,W,050.9,143.8,210520,,,A*47
$GPGGA,213551.00,3732.870370,N,12217.467667,W,7,,0.38,-31.61,M,0.0,M,0.0,0000*7F
$GPRMC,213551.00,A,3732.870370,N,12217.467667,W,051.3,143.5,210520,,,A*46
$GPGGA,213552.00,3732.858880,N,12217.457023,W,7,,0.38,-31.50,M,0.0,M,0.0,0000*75
$GPRMC,213552.00,A,3732.858880,N,12217.457023,W,051.6,143.6,210520,,,A*48
$GPGGA,213553.00,3732.847204,N,12217.446157,W,7,,0.38,-31.46,M,0.0,M,0.0,0000*79
$GPRMC,213553.00,A,3732.847204,N,12217.446157,W,052.0,143.5,210520,,,A*45
$GPGGA,213554.00,3732.835522,N,12217.435339,W,7,,0.38,-31.37,M,0.0,M,0.0,0000*70
$GPRMC,213554.00,A,3732.835522,N,12217.435339,W,052.6,143.6,210520,,,A*4F
$GPGGA,213555.00,3732.823761,N,12217.424348,W,7,,0.38,-31.37,M,0.0,M,0.0,0000*75
$GPRMC,213555.00,A,3732.823761,N,12217.424348,W,053.1,143.5,210520,,,A*4F
$GPGGA,213556.00,3732.811431,N,12217.412942,W,7,,0.38,-31.21,M,0.0,M,0.0,0000*73
$GPRMC,213556.00,A,3732.811431,N,12217.412942,W,053.6,143.5,210520,,,A*49
$GPGGA,213557.00,3732.799647,N,12217.402010,W,7,,0.38,-31.28,M,0.0,M,0.0,0000*78
$GPRMC,213557.00,A,3732.799647,N,12217.402010,W,054.2,143.6,210520,,,A*4B
$GPGGA,213558.00,3732.787503,N,12217.390759,W,7,,0.38,-31.34,M,0.0,M,0.0,0000*70
$GPRMC,213558.00,A,3732.787503,N,12217.390759,W,054.6,143.7,210520,,,A*4B
$GPGGA,213559.00,3732.775372,N,12217.379515,W,7,,0.38,-31.21,M,0.0,M,0.0,0000*75
$GPRMC,213559.00,A,3732.775372,N,12217.379515,W,054.4,143.3,210520,,,A*4C
$GPGGA,213600.00,3732.763455,N,12217.368469,W,7,,0.38,-31.13,M,0.0,M,0.0,0000*74
$GPRMC,213600.00,A,3732.763455,N,12217.368469,W,054.6,143.7,210520,,,A*4A
$GPGGA,213601.00,3732.750958,N,12217.356872,W,7,,0.38,-31.01,M,0.0,M,0.0,0000*7D
$GPRMC,213601.00,A,3732.750958,N,12217.356872,W,054.2,143.5,210520,,,A*46
$GPGGA,213602.00,3732.738886,N,12217.345693,W,7,,0.38,-31.00,M,0.0,M,0.0,0000*70
$GPRMC,213602.00,A,3732.738886,N,12217.345693,W,054.0,143.6,210520,,,A*4B
$GPGGA,213603.00,3732.726795,N,12217.334449,W,7,,0.38,-30.97,M,0.0,M,0.0,0000*7F
$GPRMC,213603.00,A,3732.726795,N,12217.334449,W,054.3,143.6,210520,,,A*48
$GPGGA,213604.00,3732.714556,N,12217.323145,W,7,,0.38,-31.00,M,0.0,M,0.0,0000*74
$GPRMC,213604.00,A,3732.714556,N,12217.323145,W,054.4,143.8,210520,,,A*45
$GPGGA,213605.00,3732.702351,N,12217.311878,W,7,,0.38,-30.90,M,0.0,M,0.0,0000*7D
$GPRMC,213605.00,A,3732.702351,N,12217.311878,W,054.7,143.7,210520,,,A*48
$GPGGA,213606.00,3732.690106,N,12217.300639,W,7,,0.38,-30.89,M,0.0,M,0.0,0000*77
$GPRMC,213606.00,A,3732.690106,N,12217.300639,W,054.8,143.7,210520,,,A*45
$GPGGA,213607.00,3732.677824,N,12217.289402,W,7,,0.38,-30.69,M,0.0,M,0.0,0000*72
$GPRMC,213607.00,A,3732.677824,N,12217.289402,W,054.7,143.7,210520,,,A*41
$GPGGA,213608.00,3732.665805,N,12217.278361,W,7,,0.39,-30.61,M,0.0,M,0.0,0000*78
$GPRMC,213608.00,A,3732.665805,N,12217.278361,W,054.7,143.6,210520,,,A*43
$GPGGA,213609.00,3732.653302,N,12217.266829,W,7,,0.39,-30.32,M,0.0,M,0.0,0000*7E
$GPRMC,213609.00,A,3732.653302,N,12217.266829,W,054.2,143.5,210520,,,A*45
$GPGGA,213610.00,3732.641308,N,12217.255748,W,7,,0.38,-30.17,M,0.0,M,0.0,0000*71
$GPRMC,213610.00,A,3732.641308,N,12217.255748,W,053.5,143.6,210520,,,A*4F
$GPGGA,213611.00,3732.629463,N,12217.244636,W,7,,0.38,-30.33,M,0.0,M,0.0,0000*7A
$GPRMC,213611.00,A,3732.629463,N,12217.244636,W,053.1,143.3,210520,,,A*43
$GPGGA,213612.00,3732.617571,N,12217.233506,W,7,,0.38,-30.37,M,0.0,M,0.0,0000*72
$GPRMC,213612.00,A,3732.617571,N,12217.233506,W,053.0,143.3,210520,,,A*4E
$GPGGA,213613.00,3732.605776,N,12217.222358,W,7,,0.38,-30.40,M,0.0,M,0.0,0000*78
$GPRMC,213613.00,A,3732.605776,N,12217.222358,W,053.3,143.2,210520,,,A*46
$GPGGA,213614.00,3732.593842,N,12217.211293,W,7,,0.38,-30.29,M,0.0,M,0.0,0000*72
$GPRMC,213614.00,A,3732.593842,N,12217.211293,W,053.7,143.7,210520,,,A*42
$GPGGA,213615.00,3732.581794,N,12217.200091,W,7,,0.38,-30.20,M,0.0,M,0.0,0000*7D
$GPRMC,213615.00,A,3732.581794,N,12217.200091,W,054.2,143.6,210520,,,A*47
$GPGGA,213616.00,3732.569914,N,12217.189057,W,7,,0.38,-30.12,M,0.0,M,0.0,0000*77
$GPRMC,213616.00,A,3732.569914,N,12217.189057,W,054.6,143.6,210520,,,A*48
$GPGGA,213617.00,3732.557218,N,12217.177364,W,7,,0.38,-30.47,M,0.0,M,0.0,0000*7E
$GPRMC,213617.00,A,3732.557218,N,12217.177364,W,055.1,143.7,210520,,,A*46
$GPGGA,213618.00,3732.544791,N,12217.165958,W,7,,0.38,-30.34,M,0.0,M,0.0,0000*75
$GPRMC,213618.00,A,3732.544791,N,12217.165958,W,055.7,143.8,210520,,,A*40
$GPGGA,213619.00,3732.532150,N,12217.154305,W,7,,0.38,-30.52,M,0.0,M,0.0,0000*7E
$GPRMC,213619.00,A,3732.532150,N,12217.154305,W,056.3,143.7,210520,,,A*43
$GPGGA,213620.00,3732.519435,N,12217.142611,W,7,,0.38,-30.44,M,0.0,M,0.0,0000*7B
$GPRMC,213620.00,A,3732.519435,N,12217.142611,W,057.0,143.6,210520,,,A*42
$GPGGA,213621.00,3732.506589,N,12217.130863,W,7,,0.38,-30.41,M,0.0,M,0.0,0000*79
$GPRMC,213621.00,A,3732.506589,N,12217.130863,W,057.4,144.0,210520,,,A*40
$GPGGA,213622.00,3732.493785,N,12217.119133,W,7,,0.38,-30.39,M,0.0,M,0.0,0000*71
$GPRMC,213622.00,A,3732.493785,N,12217.119133,W,056.9,143.9,210520,,,A*45
$GPGGA,213623.00,3732.480981,N,12217.107523,W,7,,0.38,-30.43,M,0.0,M,0.0,0000*7F
$GPRMC,213623.00,A,3732.480981,N,12217.107523,W,056.3,144.3,210520,,,A*41
$GPGGA,213624.00,3732.468820,N,12217.096477,W,7,,0.38,-30.40,M,0.0,M,0.0,0000*7E
$GPRMC,213624.00,A,3732.468820,N,12217.096477,W,055.7,144.0,210520,,,A*47
$GPGGA,213625.00,3732.455902,N,12217.084712,W,7,,0.38,-30.44,M,0.0,M,0.0,0000*77
$GPRMC,213625.00,A,3732.455902,N,12217.084712,W,055.8,144.0,210520,,,A*45
$GPGGA,213626.00,3732.443362,N,12217.073234,W,7,,0.38,-30.35,M,0.0,M,0.0,0000*70
$GPRMC,213626.00,A,3732.443362,N,12217.073234,W,056.0,144.0,210520,,,A*4F
$GPGGA,213627.00,3732.430702,N,12217.061630,W,7,,0.38,-30.44,M,0.0,M,0.0,0000*72
$GPRMC,213627.00,A,3732.430702,N,12217.061630,W,055.9,144.1,210520,,,A*40
$GPGGA,213628.00,3732.418191,N,12217.050140,W,7,,0.38,-30.61,M,0.0,M,0.0,0000*7E
$GPRMC,213628.00,A,3732.418191,N,12217.050140,W,055.7,143.6,210520,,,A*45
$GPGGA,213629.00,3732.405772,N,12217.038536,W,7,,0.38,-30.77,M,0.0,M,0.0,0000*74
$GPRMC,213629.00,A,3732.405772,N,12217.038536,W,055.8,143.2,210520,,,A*43
$GPGGA,213630.00,3732.393442,N,12217.026955,W,7,,0.38,-30.78,M,0.0,M,0.0,0000*7D
$GPRMC,213630.00,A,3732.393442,N,12217.026955,W,055.5,143.3,210520,,,A*49
$GPGGA,213631.00,3732.380985,N,12217.015321,W,7,,0.38,-30.80,M,0.0,M,0.0,0000*76
$GPRMC,213631.00,A,3732.380985,N,12217.015321,W,055.4,143.5,210520,,,A*42
$GPGGA,213632.00,3732.369010,N,12217.004168,W,7,,0.38,-30.99,M,0.0,M,0.0,0000*70
$GPRMC,213632.00,A,3732.369010,N,12217.004168,W,055.7,143.6,210520,,,A*4C
$GPGGA,213633.00,3732.356139,N,12216.992264,W,7,,0.38,-30.98,M,0.0,M,0.0,0000*7E
$GPRMC,213633.00,A,3732.356139,N,12216.992264,W,055.9,143.7,210520,,,A*4C
$GPGGA,213634.00,3732.343606,N,12216.980756,W,7,,0.38,-30.92,M,0.0,M,0.0,0000*7B
$GPRMC,213634.00,A,3732.343606,N,12216.980756,W,055.3,143.8,210520,,,A*46
$GPGGA,213635.00,3732.331305,N,12216.969440,W,7,,0.38,-30.82,M,0.0,M,0.0,0000*7B
$GPRMC,213635.00,A,3732.331305,N,12216.969440,W,055.0,143.8,210520,,,A*44
$GPGGA,213636.00,3732.318969,N,12216.958099,W,7,,0.38,-30.82,M,0.0,M,0.0,0000*71
$GPRMC,213636.00,A,3732.318969,N,12216.958099,W,055.2,143.7,210520,,,A*43
$GPGGA,213637.00,3732.306586,N,12216.946652,W,7,,0.38,-30.89,M,0.0,M,0.0,0000*77
$GPRMC,213637.00,A,3732.306586,N,12216.946652,W,055.5,143.7,210520,,,A*49
$GPGGA,213638.00,3732.294028,N,12216.935072,W,7,,0.38,-30.93,M,0.0,M,0.0,0000*78
$GPRMC,213638.00,A,3732.294028,N,12216.935072,W,055.8,143.8,210520,,,A*4F
$GPGGA,213639.00,3732.281475,N,12216.923533,W,7,,0.38,-30.94,M,0.0,M,0.0,0000*71
$GPRMC,213639.00,A,3732.281475,N,12216.923533,W,056.2,143.8,210520,,,A*48
$GPGGA,213640.00,3732.269302,N,12216.912247,W,7,,0.38,-30.87,M,0.0,M,0.0,0000*7A
$GPRMC,213640.00,A,3732.269302,N,12216.912247,W,056.4,143.4,210520,,,A*4B
$GPGGA,213641.00,3732.256293,N,12216.900181,W,7,,0.38,-31.10,M,0.0,M,0.0,0000*7B
$GPRMC,213641.00,A,3732.256293,N,12216.900181,W,056.5,143.5,210520,,,A*45
$GPGGA,213642.00,3732.243694,N,12216.888422,W,7,,0.38,-31.05,M,0.0,M,0.0,0000*76
$GPRMC,213642.00,A,3732.243694,N,12216.888422,W,056.0,143.3,210520,,,A*4F
$GPGGA,213643.00,3732.231153,N,12216.876739,W,7,,0.38,-31.02,M,0.0,M,0.0,0000*71
$GPRMC,213643.00,A,3732.231153,N,12216.876739,W,056.3,143.5,210520,,,A*4A
$GPGGA,213644.00,3732.218110,N,12216.864710,W,7,,0.38,-31.18,M,0.0,M,0.0,0000*79
$GPRMC,213644.00,A,3732.218110,N,12216.864710,W,056.8,143.8,210520,,,A*4F
$GPGGA,213645.00,3732.205725,N,12216.853327,W,7,,0.38,-31.21,M,0.0,M,0.0,0000*7A
$GPRMC,213645.00,A,3732.205725,N,12216.853327,W,057.2,143.8,210520,,,A*4D
$GPGGA,213646.00,3732.192825,N,12216.841441,W,7,,0.38,-31.34,M,0.0,M,0.0,0000*7B
$GPRMC,213646.00,A,3732.192825,N,12216.841441,W,057.2,143.7,210520,,,A*47
$GPGGA,213647.00,3732.180100,N,12216.829658,W,7,,0.38,-31.40,M,0.0,M,0.0,0000*70
$GPRMC,213647.00,A,3732.180100,N,12216.829658,W,057.2,143.5,210520,,,A*4D
$GPGGA,213648.00,3732.167787,N,12216.818240,W,7,,0.38,-31.36,M,0.0,M,0.0,0000*71
$GPRMC,213648.00,A,3732.167787,N,12216.818240,W,056.9,143.5,210520,,,A*47
$GPGGA,213649.00,3732.154623,N,12216.806060,W,7,,0.38,-31.45,M,0.0,M,0.0,0000*74
$GPRMC,213649.00,A,3732.154623,N,12216.806060,W,057.2,143.7,210520,,,A*4E
$GPGGA,213650.00,3732.141669,N,12216.794096,W,7,,0.38,-31.45,M,0.0,M,0.0,0000*7B
$GPRMC,213650.00,A,3732.141669,N,12216.794096,W,057.7,143.7,210520,,,A*44
$GPGGA,213651.00,3732.128710,N,12216.782083,W,7,,0.38,-31.52,M,0.0,M,0.0,0000*7F
$GPRMC,213651.00,A,3732.128710,N,12216.782083,W,058.2,143.7,210520,,,A*4C
$GPGGA,213652.00,3732.115251,N,12216.769669,W,7,,0.38,-31.54,M,0.0,M,0.0,0000*73
$GPRMC,213652.00,A,3732.115251,N,12216.769669,W,058.6,143.7,210520,,,A*42
$GPGGA,213653.00,3732.102417,N,12216.757795,W,7,,0.38,-31.52,M,0.0,M,0.0,0000*79
$GPRMC,213653.00,A,3732.102417,N,12216.757795,W,059.0,143.7,210520,,,A*49
$GPGGA,213654.00,3732.089224,N,12216.745531,W,7,,0.38,-31.45,M,0.0,M,0.0,0000*73
$GPRMC,213654.00,A,3732.089224,N,12216.745531,W,059.3,143.4,210520,,,A*45
$GPGGA,213655.00,3732.075910,N,12216.733142,W,7,,0.38,-31.48,M,0.0,M,0.0,0000*71
$GPRMC,213655.00,A,3732.075910,N,12216.733142,W,059.9,143.6,210520,,,A*42
$GPGGA,213656.00,3732.062890,N,12216.721087,W,7,,0.38,-31.35,M,0.0,M,0.0,0000*7C
$GPRMC,213656.00,A,3732.062890,N,12216.721087,W,060.4,143.7,210520,,,A*43
$GPGGA,213657.00,3732.048795,N,12216.708038,W,7,,0.38,-31.19,M,0.0,M,0.0,0000*7E
$GPRMC,213657.00,A,3732.048795,N,12216.708038,W,060.6,143.7,210520,,,A*4D
$GPGGA,213658.00,3732.035272,N,12216.695545,W,7,,0.38,-31.19,M,0.0,M,0.0,0000*7D
$GPRMC,213658.00,A,3732.035272,N,12216.695545,W,060.6,143.6,210520,,,A*4F
$GPGGA,213659.00,3732.021856,N,12216.683048,W,7,,0.38,-30.99,M,0.0,M,0.0,0000*73
$GPRMC,213659.00,A,3732.021856,N,12216.683048,W,060.2,143.5,210520,,,A*4F
$GPGGA,213700.00,3732.008067,N,12216.670231,W,7,,0.38,-30.96,M,0.0,M,0.0,0000*70
$GPRMC,213700.00,A,3732.008067,N,12216.670231,W,059.7,143.6,210520,,,A*4F
$GPGGA,213701.00,3731.995108,N,12216.658261,W,7,,0.38,-31.16,M,0.0,M,0.0,0000*71
$GPRMC,213701.00,A,3731.995108,N,12216.658261,W,059.2,143.6,210520,,,A*42
$GPGGA,213702.00,3731.981932,N,12216.646022,W,7,,0.38,-31.26,M,0.0,M,0.0,0000*7F
$GPRMC,213702.00,A,3731.981932,N,12216.646022,W,058.9,143.5,210520,,,A*46
$GPGGA,213703.00,3731.968942,N,12216.633967,W,7,,0.38,-31.26,M,0.0,M,0.0,0000*74
$GPRMC,213703.00,A,3731.968942,N,12216.633967,W,058.1,143.5,210520,,,A*45
$GPGGA,213704.00,3731.956047,N,12216.621992,W,7,,0.38,-31.38,M,0.0,M,0.0,0000*74
$GPRMC,213704.00,A,3731.956047,N,12216.621992,W,057.7,143.5,210520,,,A*43
$GPGGA,213705.00,3731.943099,N,12216.610033,W,7,,0.38,-31.33,M,0.0,M,0.0,0000*79
$GPRMC,213705.00,A,3731.943099,N,12216.610033,W,057.3,143.6,210520,,,A*42
$GPGGA,213706.00,3731.930320,N,12216.598166,W,7,,0.38,-31.38,M,0.0,M,0.0,0000*76
$GPRMC,213706.00,A,3731.930320,N,12216.598166,W,057.3,143.6,210520,,,A*46
$GPGGA,213707.00,3731.917516,N,12216.586274,W,7,,0.38,-31.25,M,0.0,M,0.0,0000*72
$GPRMC,213707.00,A,3731.917516,N,12216.586274,W,057.5,143.4,210520,,,A*4A
$GPGGA,213708.00,3731.904484,N,12216.574082,W,7,,0.38,-31.26,M,0.0,M,0.0,0000*70
$GPRMC,213708.00,A,3731.904484,N,12216.574082,W,057.9,143.3,210520,,,A*40
$GPGGA,213709.00,3731.891602,N,12216.561937,W,7,,0.38,-31.09,M,0.0,M,0.0,0000*7E
$GPRMC,213709.00,A,3731.891602,N,12216.561937,W,058.1,143.1,210520,,,A*46
$GPGGA,213710.00,3731.878719,N,12216.549680,W,7,,0.38,-30.92,M,0.0,M,0.0,0000*70
$GPRMC,213710.00,A,3731.878719,N,12216.549680,W,058.5,142.6,210520,,,A*49
$GPGGA,213711.00,3731.865784,N,12216.537133,W,7,,0.38,-30.90,M,0.0,M,0.0,0000*7D
$GPRMC,213711.00,A,3731.865784,N,12216.537133,W,058.9,142.1,210520,,,A*4D
$GPGGA,213712.00,3731.853285,N,12216.524708,W,7,,0.38,-30.94,M,0.0,M,0.0,0000*77
$GPRMC,213712.00,A,3731.853285,N,12216.524708,W,058.8,141.5,210520,,,A*45
$GPGGA,213713.00,3731.840223,N,12216.511495,W,7,,0.38,-30.80,M,0.0,M,0.0,0000*7C
$GPRMC,213713.00,A,3731.840223,N,12216.511495,W,058.4,141.0,210520,,,A*42
$GPGGA,213714.00,3731.827749,N,12216.498668,W,7,,0.38,-30.86,M,0.0,M,0.0,0000*75
$GPRMC,213714.00,A,3731.827749,N,12216.498668,W,057.9,140.3,210520,,,A*4D
$GPGGA,213715.00,3731.815521,N,12216.485833,W,7,,0.38,-30.77,M,0.0,M,0.0,0000*7B
$GPRMC,213715.00,A,3731.815521,N,12216.485833,W,057.2,139.9,210520,,,A*42
$GPGGA,213716.00,3731.803413,N,12216.472904,W,7,,0.38,-30.60,M,0.0,M,0.0,0000*74
$GPRMC,213716.00,A,3731.803413,N,12216.472904,W,056.5,139.4,210520,,,A*40
$GPGGA,213717.00,3731.791642,N,12216.460088,W,7,,0.38,-30.54,M,0.0,M,0.0,0000*7E
$GPRMC,213717.00,A,3731.791642,N,12216.460088,W,055.8,138.7,210520,,,A*41
$GPGGA,213718.00,3731.780122,N,12216.447229,W,7,,0.38,-30.43,M,0.0,M,0.0,0000*7A
$GPRMC,213718.00,A,3731.780122,N,12216.447229,W,055.4,138.0,210520,,,A*48
$GPGGA,213719.00,3731.768727,N,12216.434312,W,7,,0.38,-30.33,M,0.0,M,0.0,0000*74
$GPRMC,213719.00,A,3731.768727,N,12216.434312,W,055.4,137.8,210520,,,A*46
$GPGGA,213720.00,3731.757669,N,12216.421675,W,7,,0.38,-30.19,M,0.0,M,0.0,0000*71
$GPRMC,213720.00,A,3731.757669,N,12216.421675,W,055.1,137.6,210520,,,A*40
$GPGGA,213721.00,3731.746090,N,12216.408493,W,7,,0.38,-30.24,M,0.0,M,0.0,0000*7F
$GPRMC,213721.00,A,3731.746090,N,12216.408493,W,054.5,137.8,210520,,,A*4B
$GPGGA,213722.00,3731.734990,N,12216.395839,W,7,,0.38,-30.16,M,0.0,M,0.0,0000*7E
$GPRMC,213722.00,A,3731.734990,N,12216.395839,W,053.7,137.8,210520,,,A*4E
$GPGGA,213723.00,3731.724021,N,12216.383426,W,7,,0.38,-30.15,M,0.0,M,0.0,0000*7B
$GPRMC,213723.00,A,3731.724021,N,12216.383426,W,053.1,138.0,210520,,,A*49
$GPGGA,213724.00,3731.713083,N,12216.371048,W,7,,0.38,-30.15,M,0.0,M,0.0,0000*71
$GPRMC,213724.00,A,3731.713083,N,12216.371048,W,052.4,137.8,210520,,,A*40
$GPGGA,213725.00,3731.702361,N,12216.358873,W,7,,0.38,-30.10,M,0.0,M,0.0,0000*71
$GPRMC,213725.00,A,3731.702361,N,12216.358873,W,051.8,137.8,210520,,,A*4A
$GPGGA,213726.00,3731.691813,N,12216.346807,W,7,,0.38,-29.97,M,0.0,M,0.0,0000*7C
$GPRMC,213726.00,A,3731.691813,N,12216.346807,W,051.4,137.6,210520,,,A*42
$GPGGA,213727.00,3731.681254,N,12216.334736,W,7,,0.38,-30.01,M,0.0,M,0.0,0000*7A
$GPRMC,213727.00,A,3731.681254,N,12216.334736,W,050.9,137.6,210520,,,A*4F
$GPGGA,213728.00,3731.671180,N,12216.323269,W,7,,0.38,-30.06,M,0.0,M,0.0,0000*7E
$GPRMC,213728.00,A,3731.671180,N,12216.323269,W,050.5,137.8,210520,,,A*4E
$GPGGA,213729.00,3731.660506,N,12216.310975,W,7,,0.38,-30.08,M,0.0,M,0.0,0000*7D
$GPRMC,213729.00,A,3731.660506,N,12216.310975,W,050.5,137.7,210520,,,A*4C
$GPGGA,213730.00,3731.650155,N,12216.299095,W,7,,0.38,-30.01,M,0.0,M,0.0,0000*7A
$GPRMC,213730.00,A,3731.650155,N,12216.299095,W,050.6,137.5,210520,,,A*43
$GPGGA,213731.00,3731.639662,N,12216.287131,W,7,,0.38,-30.30,M,0.0,M,0.0,0000*75
$GPRMC,213731.00,A,3731.639662,N,12216.287131,W,050.8,137.7,210520,,,A*42
$GPGGA,213732.00,3731.629234,N,12216.275132,W,7,,0.38,-30.27,M,0.0,M,0.0,0000*78
$GPRMC,213732.00,A,3731.629234,N,12216.275132,W,051.1,137.7,210520,,,A*41
$GPGGA,213733.00,3731.618715,N,12216.263102,W,7,,0.38,-30.24,M,0.0,M,0.0,0000*7A
$GPRMC,213733.00,A,3731.618715,N,12216.263102,W,051.5,137.7,210520,,,A*44
$GPGGA,213734.00,3731.608083,N,12216.250976,W,7,,0.38,-30.20,M,0.0,M,0.0,0000*7B
$GPRMC,213734.00,A,3731.608083,N,12216.250976,W,052.0,137.8,210520,,,A*48
$GPGGA,213735.00,3731.597158,N,12216.238628,W,7,,0.38,-30.07,M,0.0,M,0.0,0000*77
$GPRMC,213735.00,A,3731.597158,N,12216.238628,W,052.7,138.1,210520,,,A*40
$GPGGA,213736.00,3731.586550,N,12216.226609,W,7,,0.38,-30.15,M,0.0,M,0.0,0000*77
$GPRMC,213736.00,A,3731.586550,N,12216.226609,W,053.5,137.8,210520,,,A*46
$GPGGA,213737.00,3731.575113,N,12216.213625,W,7,,0.39,-30.21,M,0.0,M,0.0,0000*77
$GPRMC,213737.00,A,3731.575113,N,12216.213625,W,054.1,137.9,210520,,,A*42
$GPGGA,213738.00,3731.563833,N,12216.200917,W,7,,0.39,-30.21,M,0.0,M,0.0,0000*78
$GPRMC,213738.00,A,3731.563833,N,12216.200917,W,054.8,138.1,210520,,,A*43
$GPGGA,213739.00,3731.552302,N,12216.187916,W,7,,0.38,-30.18,M,0.0,M,0.0,0000*74
$GPRMC,213739.00,A,3731.552302,N,12216.187916,W,055.6,138.2,210520,,,A*48
$GPGGA,213740.00,3731.540811,N,12216.175039,W,7,,0.38,-30.05,M,0.0,M,0.0,0000*75
$GPRMC,213740.00,A,3731.540811,N,12216.175039,W,055.7,138.3,210520,,,A*45
$GPGGA,213741.00,3731.529291,N,12216.162157,W,7,,0.38,-30.14,M,0.0,M,0.0,0000*76
$GPRMC,213741.00,A,3731.529291,N,12216.162157,W,055.7,138.3,210520,,,A*46
$GPGGA,213742.00,3731.517712,N,12216.149227,W,7,,0.38,-30.17,M,0.0,M,0.0,0000*78
$GPRMC,213742.00,A,3731.517712,N,12216.149227,W,056.1,138.3,210520,,,A*4E
$GPGGA,213743.00,3731.505951,N,12216.136015,W,7,,0.38,-30.20,M,0.0,M,0.0,0000*7C
$GPRMC,213743.00,A,3731.505951,N,12216.136015,W,056.5,138.2,210520,,,A*4B
$GPGGA,213744.00,3731.494624,N,12216.123230,W,7,,0.38,-30.20,M,0.0,M,0.0,0000*7E
$GPRMC,213744.00,A,3731.494624,N,12216.123230,W,056.8,138.0,210520,,,A*46
$GPGGA,213745.00,3731.482593,N,12216.109640,W,7,,0.38,-30.08,M,0.0,M,0.0,0000*76
$GPRMC,213745.00,A,3731.482593,N,12216.109640,W,056.5,137.9,210520,,,A*4F
$GPGGA,213746.00,3731.470834,N,12216.096266,W,7,,0.38,-30.23,M,0.0,M,0.0,0000*76
$GPRMC,213746.00,A,3731.470834,N,12216.096266,W,056.6,137.9,210520,,,A*45
$GPGGA,213747.00,3731.459122,N,12216.083012,W,7,,0.38,-30.21,M,0.0,M,0.0,0000*75
$GPRMC,213747.00,A,3731.459122,N,12216.083012,W,057.0,138.0,210520,,,A*45
$GPGGA,213748.00,3731.447325,N,12216.069698,W,7,,0.38,-30.18,M,0.0,M,0.0,0000*7A
$GPRMC,213748.00,A,3731.447325,N,12216.069698,W,057.4,137.9,210520,,,A*42
$GPGGA,213749.00,3731.435433,N,12216.056275,W,7,,0.38,-30.18,M,0.0,M,0.0,0000*75
$GPRMC,213749.00,A,3731.435433,N,12216.056275,W,057.9,138.1,210520,,,A*47
$GPGGA,213750.00,3731.423326,N,12216.042601,W,7,,0.38,-30.07,M,0.0,M,0.0,0000*75
$GPRMC,213750.00,A,3731.423326,N,12216.042601,W,058.2,138.0,210520,,,A*4C
$GPGGA,213751.00,3731.411302,N,12216.028987,W,7,,0.38,-30.04,M,0.0,M,0.0,0000*7D
$GPRMC,213751.00,A,3731.411302,N,12216.028987,W,058.5,138.0,210520,,,A*40
$GPGGA,213752.00,3731.399584,N,12216.015758,W,7,,0.38,-30.01,M,0.0,M,0.0,0000*76
$GPRMC,213752.00,A,3731.399584,N,12216.015758,W,058.7,138.0,210520,,,A*4C
$GPGGA,213753.00,3731.387157,N,12216.001682,W,7,,0.38,-29.96,M,0.0,M,0.0,0000*77
$GPRMC,213753.00,A,3731.387157,N,12216.001682,W,058.3,137.9,210520,,,A*49
$GPGGA,213754.00,3731.375104,N,12215.988008,W,7,,0.38,-30.01,M,0.0,M,0.0,0000*72
$GPRMC,213754.00,A,3731.375104,N,12215.988008,W,057.8,138.0,210520,,,A*48
$GPGGA,213755.00,3731.363218,N,12215.974627,W,7,,0.38,-29.98,M,0.0,M,0.0,0000*7A
$GPRMC,213755.00,A,3731.363218,N,12215.974627,W,057.5,138.2,210520,,,A*47
$GPGGA,213756.00,3731.351379,N,12215.961217,W,7,,0.38,-29.94,M,0.0,M,0.0,0000*71
$GPRMC,213756.00,A,3731.351379,N,12215.961217,W,057.5,138.1,210520,,,A*43
$GPGGA,213757.00,3731.339475,N,12215.947843,W,7,,0.38,-29.92,M,0.0,M,0.0,0000*7C
$GPRMC,213757.00,A,3731.339475,N,12215.947843,W,057.8,138.2,210520,,,A*46
$GPGGA,213758.00,3731.327445,N,12215.934320,W,7,,0.38,-29.93,M,0.0,M,0.0,0000*74
$GPRMC,213758.00,A,3731.327445,N,12215.934320,W,057.5,138.1,210520,,,A*41
$GPGGA,213759.00,3731.315674,N,12215.920952,W,7,,0.38,-29.98,M,0.0,M,0.0,0000*75
$GPRMC,213759.00,A,3731.315674,N,12215.920952,W,057.3,137.9,210520,,,A*4A
$GPGGA,213800.00,3731.304339,N,12215.908040,W,7,,0.38,-30.00,M,0.0,M,0.0,0000*73
$GPRMC,213800.00,A,3731.304339,N,12215.908040,W,057.0,137.7,210520,,,A*48
$GPGGA,213801.00,3731.292231,N,12215.894215,W,7,,0.38,-30.09,M,0.0,M,0.0,0000*7A
$GPRMC,213801.00,A,3731.292231,N,12215.894215,W,056.5,137.7,210520,,,A*4C
$GPGGA,213802.00,3731.280694,N,12215.881136,W,7,,0.38,-29.99,M,0.0,M,0.0,0000*76
$GPRMC,213802.00,A,3731.280694,N,12215.881136,W,055.9,137.9,210520,,,A*40
$GPGGA,213803.00,3731.269306,N,12215.868175,W,7,,0.38,-29.94,M,0.0,M,0.0,0000*73
$GPRMC,213803.00,A,3731.269306,N,12215.868175,W,055.2,137.9,210520,,,A*43
$GPGGA,213804.00,3731.257623,N,12215.854963,W,7,,0.38,-30.00,M,0.0,M,0.0,0000*7E
$GPRMC,213804.00,A,3731.257623,N,12215.854963,W,054.8,138.1,210520,,,A*47
$GPGGA,213805.00,3731.246559,N,12215.842448,W,7,,0.38,-30.00,M,0.0,M,0.0,0000*72
$GPRMC,213805.00,A,3731.246559,N,12215.842448,W,055.0,138.0,210520,,,A*43
$GPGGA,213806.00,3731.235177,N,12215.829626,W,7,,0.38,-30.04,M,0.0,M,0.0,0000*7E
$GPRMC,213806.00,A,3731.235177,N,12215.829626,W,055.3,138.2,210520,,,A*4A
$GPGGA,213807.00,3731.223801,N,12215.816828,W,7,,0.38,-30.07,M,0.0,M,0.0,0000*7F
$GPRMC,213807.00,A,3731.223801,N,12215.816828,W,055.0,138.1,210520,,,A*48
$GPGGA,213808.00,3731.212462,N,12215.803993,W,7,,0.38,-30.07,M,0.0,M,0.0,0000*7E
$GPRMC,213808.00,A,3731.212462,N,12215.803993,W,055.1,138.0,210520,,,A*49
$GPGGA,213809.00,3731.201037,N,12215.791064,W,7,,0.38,-30.00,M,0.0,M,0.0,0000*7B
$GPRMC,213809.00,A,3731.201037,N,12215.791064,W,055.0,137.8,210520,,,A*4D
$GPGGA,213810.00,3731.189799,N,12215.778241,W,7,,0.38,-29.96,M,0.0,M,0.0,0000*76
$GPRMC,213810.00,A,3731.189799,N,12215.778241,W,054.4,137.8,210520,,,A*42
$GPGGA,213811.00,3731.178633,N,12215.765659,W,7,,0.38,-29.91,M,0.0,M,0.0,0000*7E
$GPRMC,213811.00,A,3731.178633,N,12215.765659,W,054.0,138.1,210520,,,A*4F
$GPGGA,213812.00,3731.167179,N,12215.752549,W,7,,0.38,-30.21,M,0.0,M,0.0,0000*7F
$GPRMC,213812.00,A,3731.167179,N,12215.752549,W,054.3,137.8,210520,,,A*48
$GPGGA,213813.00,3731.156277,N,12215.740171,W,7,,0.38,-30.12,M,0.0,M,0.0,0000*7D
$GPRMC,213813.00,A,3731.156277,N,12215.740171,W,054.2,137.6,210520,,,A*45
$GPGGA,213814.00,3731.145105,N,12215.727373,W,7,,0.38,-30.01,M,0.0,M,0.0,0000*7D
$GPRMC,213814.00,A,3731.145105,N,12215.727373,W,054.4,137.8,210520,,,A*4F
$GPGGA,213815.00,3731.133897,N,12215.714635,W,7,,0.38,-30.03,M,0.0,M,0.0,0000*7A
$GPRMC,213815.00,A,3731.133897,N,12215.714635,W,054.6,137.9,210520,,,A*49
$GPGGA,213816.00,3731.122629,N,12215.701874,W,7,,0.38,-30.10,M,0.0,M,0.0,0000*7F
$GPRMC,213816.00,A,3731.122629,N,12215.701874,W,054.8,138.1,210520,,,A*47
$GPGGA,213817.00,3731.111128,N,12215.688937,W,7,,0.38,-30.12,M,0.0,M,0.0,0000*7C
$GPRMC,213817.00,A,3731.111128,N,12215.688937,W,055.3,138.2,210520,,,A*4F
$GPGGA,213818.00,3731.099626,N,12215.676038,W,7,,0.38,-30.02,M,0.0,M,0.0,0000*7D
$GPRMC,213818.00,A,3731.099626,N,12215.676038,W,055.6,138.2,210520,,,A*4A
$GPGGA,213819.00,3731.088051,N,12215.663089,W,7,,0.38,-29.96,M,0.0,M,0.0,0000*71
$GPRMC,213819.00,A,3731.088051,N,12215.663089,W,056.0,138.2,210520,,,A*46
$GPGGA,213820.00,3731.076328,N,12215.649859,W,7,,0.38,-29.97,M,0.0,M,0.0,0000*7B
$GPRMC,213820.00,A,3731.076328,N,12215.649859,W,056.4,137.9,210520,,,A*4D
$GPGGA,213821.00,3731.064771,N,12215.636731,W,7,,0.38,-29.99,M,0.0,M,0.0,0000*76
$GPRMC,213821.00,A,3731.064771,N,12215.636731,W,056.1,137.8,210520,,,A*4A
$GPGGA,213822.00,3731.053186,N,12215.623591,W,7,,0.38,-29.94,M,0.0,M,0.0,0000*7E
$GPRMC,213822.00,A,3731.053186,N,12215.623591,W,056.4,138.0,210520,,,A*4D
$GPGGA,213823.00,3731.041527,N,12215.610446,W,7,,0.38,-29.94,M,0.0,M,0.0,0000*78
$GPRMC,213823.00,A,3731.041527,N,12215.610446,W,056.6,138.2,210520,,,A*4B
$GPGGA,213824.00,3731.030068,N,12215.597576,W,7,,0.38,-30.03,M,0.0,M,0.0,0000*7F
$GPRMC,213824.00,A,3731.030068,N,12215.597576,W,056.8,138.1,210520,,,A*47
$GPGGA,213825.00,3731.018056,N,12215.583991,W,7,,0.38,-29.92,M,0.0,M,0.0,0000*79
$GPRMC,213825.00,A,3731.018056,N,12215.583991,W,056.3,138.1,210520,,,A*4A
$GPGGA,213826.00,3731.006416,N,12215.570911,W,7,,0.38,-29.75,M,0.0,M,0.0,0000*78
$GPRMC,213826.00,A,3731.006416,N,12215.570911,W,056.3,138.1,210520,,,A*42
$GPGGA,213827.00,3730.994835,N,12215.557855,W,7,,0.38,-29.67,M,0.0,M,0.0,0000*70
$GPRMC,213827.00,A,3730.994835,N,12215.557855,W,056.0,138.1,210520,,,A*4A
$GPGGA,213828.00,3730.983279,N,12215.544811,W,7,,0.38,-29.64,M,0.0,M,0.0,0000*7A
$GPRMC,213828.00,A,3730.983279,N,12215.544811,W,055.3,137.9,210520,,,A*44
$GPGGA,213829.00,3730.971957,N,12215.531894,W,7,,0.38,-29.62,M,0.0,M,0.0,0000*78
$GPRMC,213829.00,A,3730.971957,N,12215.531894,W,054.9,137.8,210520,,,A*4A
$GPGGA,213830.00,3730.960672,N,12215.519065,W,7,,0.38,-29.55,M,0.0,M,0.0,0000*70
$GPRMC,213830.00,A,3730.960672,N,12215.519065,W,054.8,137.9,210520,,,A*46
$GPGGA,213831.00,3730.949482,N,12215.506327,W,7,,0.38,-29.56,M,0.0,M,0.0,0000*7F
$GPRMC,213831.00,A,3730.949482,N,12215.506327,W,054.3,137.8,210520,,,A*40
$GPGGA,213832.00,3730.938651,N,12215.493950,W,7,,0.38,-29.60,M,0.0,M,0.0,0000*74
$GPRMC,213832.00,A,3730.938651,N,12215.493950,W,053.7,137.7,210520,,,A*42
$GPGGA,213833.00,3730.927341,N,12215.481056,W,7,,0.38,-29.59,M,0.0,M,0.0,0000*79
$GPRMC,213833.00,A,3730.927341,N,12215.481056,W,053.2,137.8,210520,,,A*4F
$GPGGA,213834.00,3730.916392,N,12215.468611,W,7,,0.38,-29.58,M,0.0,M,0.0,0000*71
$GPRMC,213834.00,A,3730.916392,N,12215.468611,W,053.2,138.0,210520,,,A*41
$GPGGA,213835.00,3730.905417,N,12215.456215,W,7,,0.38,-29.55,M,0.0,M,0.0,0000*78
$GPRMC,213835.00,A,3730.905417,N,12215.456215,W,053.2,138.0,210520,,,A*45
$GPGGA,213836.00,3730.894306,N,12215.443663,W,7,,0.38,-29.53,M,0.0,M,0.0,0000*72
$GPRMC,213836.00,A,3730.894306,N,12215.443663,W,053.4,137.9,210520,,,A*49
$GPGGA,213837.00,3730.883313,N,12215.431111,W,7,,0.38,-29.53,M,0.0,M,0.0,0000*76
$GPRMC,213837.00,A,3730.883313,N,12215.431111,W,053.6,137.8,210520,,,A*4E
$GPGGA,213838.00,3730.872322,N,12215.418589,W,7,,0.38,-29.45,M,0.0,M,0.0,0000*7C
$GPRMC,213838.00,A,3730.872322,N,12215.418589,W,053.6,137.7,210520,,,A*4C
$GPGGA,213839.00,3730.861198,N,12215.405912,W,7,,0.38,-29.58,M,0.0,M,0.0,0000*72
$GPRMC,213839.00,A,3730.861198,N,12215.405912,W,053.7,137.9,210520,,,A*41
$GPGGA,213840.00,3730.850415,N,12215.393804,W,7,,0.38,-29.55,M,0.0,M,0.0,0000*7D
$GPRMC,213840.00,A,3730.850415,N,12215.393804,W,054.0,138.4,210520,,,A*41
$GPGGA,213841.00,3730.838794,N,12215.380903,W,7,,0.38,-29.48,M,0.0,M,0.0,0000*70
$GPRMC,213841.00,A,3730.838794,N,12215.380903,W,054.2,138.5,210520,,,A*43
$GPGGA,213842.00,3730.827615,N,12215.368393,W,7,,0.39,-29.48,M,0.0,M,0.0,0000*71
$GPRMC,213842.00,A,3730.827615,N,12215.368393,W,053.8,138.4,210520,,,A*4F
$GPGGA,213843.00,3730.816335,N,12215.355818,W,7,,0.39,-29.40,M,0.0,M,0.0,0000*7B
$GPRMC,213843.00,A,3730.816335,N,12215.355818,W,053.7,138.4,210520,,,A*42
$GPGGA,213844.00,3730.805188,N,12215.343475,W,7,,0.38,-29.46,M,0.0,M,0.0,0000*7D
$GPRMC,213844.00,A,3730.805188,N,12215.343475,W,053.8,138.4,210520,,,A*4C
$GPGGA,213845.00,3730.794022,N,12215.330960,W,7,,0.38,-29.43,M,0.0,M,0.0,0000*72
$GPRMC,213845.00,A,3730.794022,N,12215.330960,W,053.8,138.0,210520,,,A*42
$GPGGA,213846.00,3730.783006,N,12215.318534,W,7,,0.38,-29.29,M,0.0,M,0.0,0000*7A
$GPRMC,213846.00,A,3730.783006,N,12215.318534,W,053.3,138.0,210520,,,A*4D
$GPGGA,213847.00,3730.771924,N,12215.305982,W,7,,0.38,-29.33,M,0.0,M,0.0,0000*79
$GPRMC,213847.00,A,3730.771924,N,12215.305982,W,053.1,138.0,210520,,,A*47
$GPGGA,213848.00,3730.761334,N,12215.293963,W,7,,0.38,-29.36,M,0.0,M,0.0,0000*78
$GPRMC,213848.00,A,3730.761334,N,12215.293963,W,053.2,138.0,210520,,,A*40
$GPGGA,213849.00,3730.750060,N,12215.281178,W,7,,0.38,-29.32,M,0.0,M,0.0,0000*7C
$GPRMC,213849.00,A,3730.750060,N,12215.281178,W,053.0,137.9,210520,,,A*44
$GPGGA,213850.00,3730.739080,N,12215.268728,W,7,,0.38,-29.34,M,0.0,M,0.0,0000*77
$GPRMC,213850.00,A,3730.739080,N,12215.268728,W,053.3,137.9,210520,,,A*4A
$GPGGA,213851.00,3730.727979,N,12215.256128,W,7,,0.38,-29.41,M,0.0,M,0.0,0000*7F
$GPRMC,213851.00,A,3730.727979,N,12215.256128,W,053.7,138.0,210520,,,A*42
$GPGGA,213852.00,3730.716855,N,12215.243576,W,7,,0.38,-29.47,M,0.0,M,0.0,0000*7C
$GPRMC,213852.00,A,3730.716855,N,12215.243576,W,054.2,138.1,210520,,,A*44
$GPGGA,213853.00,3730.705569,N,12215.230898,W,7,,0.38,-29.41,M,0.0,M,0.0,0000*72
$GPRMC,213853.00,A,3730.705569,N,12215.230898,W,054.8,138.2,210520,,,A*45
$GPGGA,213854.00,3730.694134,N,12215.218088,W,7,,0.38,-29.35,M,0.0,M,0.0,0000*70
$GPRMC,213854.00,A,3730.694134,N,12215.218088,W,055.4,138.3,210520,,,A*48
$GPGGA,213855.00,3730.682451,N,12215.205067,W,7,,0.38,-29.31,M,0.0,M,0.0,0000*79
$GPRMC,213855.00,A,3730.682451,N,12215.205067,W,056.0,138.4,210520,,,A*45
$GPGGA,213856.00,3730.671088,N,12215.192455,W,7,,0.38,-29.20,M,0.0,M,0.0,0000*7E
$GPRMC,213856.00,A,3730.671088,N,12215.192455,W,056.6,138.5,210520,,,A*45
$GPGGA,213857.00,3730.658932,N,12215.178830,W,7,,0.38,-29.17,M,0.0,M,0.0,0000*73
$GPRMC,213857.00,A,3730.658932,N,12215.178830,W,057.1,137.9,210520,,,A*49
$GPGGA,213858.00,3730.647010,N,12215.165276,W,7,,0.38,-29.20,M,0.0,M,0.0,0000*7B
$GPRMC,213858.00,A,3730.647010,N,12215.165276,W,057.6,137.9,210520,,,A*42
$GPGGA,213859.00,3730.635070,N,12215.151686,W,7,,0.38,-29.13,M,0.0,M,0.0,0000*75
$GPRMC,213859.00,A,3730.635070,N,12215.151686,W,058.3,137.8,210520,,,A*47
$GPGGA,213900.00,3730.623087,N,12215.138090,W,7,,0.38,-29.04,M,0.0,M,0.0,0000*7F
$GPRMC,213900.00,A,3730.623087,N,12215.138090,W,058.4,137.8,210520,,,A*4C
$GPGGA,213901.00,3730.611070,N,12215.124523,W,7,,0.38,-28.91,M,0.0,M,0.0,0000*7A
$GPRMC,213901.00,A,3730.611070,N,12215.124523,W,057.9,138.0,210520,,,A*41
$GPGGA,213902.00,3730.599045,N,12215.110933,W,7,,0.38,-28.91,M,0.0,M,0.0,0000*76
$GPRMC,213902.00,A,3730.599045,N,12215.110933,W,057.8,138.0,210520,,,A*4C
$GPGGA,213903.00,3730.587106,N,12215.097337,W,7,,0.38,-29.00,M,0.0,M,0.0,0000*77
$GPRMC,213903.00,A,3730.587106,N,12215.097337,W,058.3,137.7,210520,,,A*48
$GPGGA,213904.00,3730.575483,N,12215.084107,W,7,,0.38,-28.96,M,0.0,M,0.0,0000*78
$GPRMC,213904.00,A,3730.575483,N,12215.084107,W,058.4,137.8,210520,,,A*41
$GPGGA,213905.00,3730.563136,N,12215.070056,W,7,,0.38,-29.03,M,0.0,M,0.0,0000*76
$GPRMC,213905.00,A,3730.563136,N,12215.070056,W,058.2,137.9,210520,,,A*45
$GPGGA,213906.00,3730.551070,N,12215.056328,W,7,,0.38,-28.91,M,0.0,M,0.0,0000*73
$GPRMC,213906.00,A,3730.551070,N,12215.056328,W,058.0,137.7,210520,,,A*46
$GPGGA,213907.00,3730.539160,N,12215.042755,W,7,,0.38,-28.98,M,0.0,M,0.0,0000*7E
$GPRMC,213907.00,A,3730.539160,N,12215.042755,W,058.0,137.8,210520,,,A*4D
$GPGGA,213908.00,3730.527177,N,12215.029189,W,7,,0.38,-29.11,M,0.0,M,0.0,0000*72
$GPRMC,213908.00,A,3730.527177,N,12215.029189,W,058.3,138.0,210520,,,A*45
$GPGGA,213909.00,3730.515219,N,12215.015666,W,7,,0.38,-29.13,M,0.0,M,0.0,0000*72
$GPRMC,213909.00,A,3730.515219,N,12215.015666,W,058.0,137.9,210520,,,A*42
$GPGGA,213910.00,3730.503279,N,12215.002064,W,7,,0.38,-29.06,M,0.0,M,0.0,0000*7D
$GPRMC,213910.00,A,3730.503279,N,12215.002064,W,057.4,137.8,210520,,,A*43
$GPGGA,213911.00,3730.491604,N,12214.988822,W,7,,0.38,-29.06,M,0.0,M,0.0,0000*78
$GPRMC,213911.00,A,3730.491604,N,12214.988822,W,056.2,138.0,210520,,,A*46
$GPGGA,213912.00,3730.480534,N,12214.976354,W,7,,0.38,-29.05,M,0.0,M,0.0,0000*73
$GPRMC,213912.00,A,3730.480534,N,12214.976354,W,055.0,138.2,210520,,,A*4D
$GPGGA,213913.00,3730.468936,N,12214.963346,W,7,,0.38,-28.95,M,0.0,M,0.0,0000*75
$GPRMC,213913.00,A,3730.468936,N,12214.963346,W,053.9,138.3,210520,,,A*4D
$GPGGA,213914.00,3730.457757,N,12214.950824,W,7,,0.38,-28.96,M,0.0,M,0.0,0000*7B
$GPRMC,213914.00,A,3730.457757,N,12214.950824,W,053.5,138.3,210520,,,A*4C
$GPGGA,213915.00,3730.446699,N,12214.938403,W,7,,0.38,-28.81,M,0.0,M,0.0,0000*78
$GPRMC,213915.00,A,3730.446699,N,12214.938403,W,053.7,138.0,210520,,,A*48
$GPGGA,213916.00,3730.435137,N,12214.925407,W,7,,0.38,-28.83,M,0.0,M,0.0,0000*76
$GPRMC,213916.00,A,3730.435137,N,12214.925407,W,054.4,138.0,210520,,,A*40
$GPGGA,213917.00,3730.424032,N,12214.912909,W,7,,0.38,-28.80,M,0.0,M,0.0,0000*77
$GPRMC,213917.00,A,3730.424032,N,12214.912909,W,055.2,138.1,210520,,,A*44
$GPGGA,213918.00,3730.412512,N,12214.900010,W,7,,0.38,-28.82,M,0.0,M,0.0,0000*7A
$GPRMC,213918.00,A,3730.412512,N,12214.900010,W,055.9,138.3,210520,,,A*42
$GPGGA,213919.00,3730.400841,N,12214.886936,W,7,,0.38,-28.83,M,0.0,M,0.0,0000*70
$GPRMC,213919.00,A,3730.400841,N,12214.886936,W,056.5,138.4,210520,,,A*41
$GPGGA,213920.00,3730.389478,N,12214.874114,W,7,,0.38,-29.04,M,0.0,M,0.0,0000*71
$GPRMC,213920.00,A,3730.389478,N,12214.874114,W,057.2,138.2,210520,,,A*4E
$GPGGA,213921.00,3730.377063,N,12214.860182,W,7,,0.38,-29.01,M,0.0,M,0.0,0000*70
$GPRMC,213921.00,A,3730.377063,N,12214.860182,W,057.8,138.1,210520,,,A*43
$GPGGA,213922.00,3730.365076,N,12214.846622,W,7,,0.38,-29.04,M,0.0,M,0.0,0000*78
$GPRMC,213922.00,A,3730.365076,N,12214.846622,W,058.3,137.9,210520,,,A*4D
$GPGGA,213923.00,3730.353010,N,12214.833001,W,7,,0.38,-29.09,M,0.0,M,0.0,0000*74
$GPRMC,213923.00,A,3730.353010,N,12214.833001,W,058.6,138.2,210520,,,A*4D
$GPGGA,213924.00,3730.340835,N,12214.819322,W,7,,0.38,-28.95,M,0.0,M,0.0,0000*70
$GPRMC,213924.00,A,3730.340835,N,12214.819322,W,058.9,138.2,210520,,,A*42
$GPGGA,213925.00,3730.328541,N,12214.805606,W,7,,0.38,-28.84,M,0.0,M,0.0,0000*7F
$GPRMC,213925.00,A,3730.328541,N,12214.805606,W,058.6,138.4,210520,,,A*44
$GPGGA,213926.00,3730.316361,N,12214.792034,W,7,,0.38,-28.67,M,0.0,M,0.0,0000*7E
$GPRMC,213926.00,A,3730.316361,N,12214.792034,W,058.7,138.4,210520,,,A*49
$GPGGA,213927.00,3730.304200,N,12214.778407,W,7,,0.38,-28.63,M,0.0,M,0.0,0000*7E
$GPRMC,213927.00,A,3730.304200,N,12214.778407,W,058.7,138.1,210520,,,A*48
$GPGGA,213928.00,3730.292110,N,12214.764637,W,7,,0.38,-28.62,M,0.0,M,0.0,0000*70
$GPRMC,213928.00,A,3730.292110,N,12214.764637,W,058.9,137.5,210520,,,A*42
$GPGGA,213929.00,3730.279869,N,12214.750616,W,7,,0.38,-28.60,M,0.0,M,0.0,0000*75
$GPRMC,213929.00,A,3730.279869,N,12214.750616,W,059.3,137.5,210520,,,A*4E
$GPGGA,213930.00,3730.267689,N,12214.736612,W,7,,0.38,-28.58,M,0.0,M,0.0,0000*7D
$GPRMC,213930.00,A,3730.267689,N,12214.736612,W,059.7,137.5,210520,,,A*49
$GPGGA,213931.00,3730.255420,N,12214.722499,W,7,,0.38,-28.49,M,0.0,M,0.0,0000*78
$GPRMC,213931.00,A,3730.255420,N,12214.722499,W,060.1,137.5,210520,,,A*40
$GPGGA,213932.00,3730.242657,N,12214.707793,W,7,,0.38,-28.49,M,0.0,M,0.0,0000*71
$GPRMC,213932.00,A,3730.242657,N,12214.707793,W,060.6,137.5,210520,,,A*4E
$GPGGA,213933.00,3730.230519,N,12214.693928,W,7,,0.38,-28.41,M,0.0,M,0.0,0000*76
$GPRMC,213933.00,A,3730.230519,N,12214.693928,W,060.6,137.7,210520,,,A*43
$GPGGA,213934.00,3730.218105,N,12214.679773,W,7,,0.38,-28.31,M,0.0,M,0.0,0000*71
$GPRMC,213934.00,A,3730.218105,N,12214.679773,W,060.2,137.8,210520,,,A*48
$GPGGA,213935.00,3730.205770,N,12214.665685,W,7,,0.38,-28.28,M,0.0,M,0.0,0000*75
$GPRMC,213935.00,A,3730.205770,N,12214.665685,W,060.0,137.8,210520,,,A*46
$GPGGA,213936.00,3730.193445,N,12214.651663,W,7,,0.38,-28.33,M,0.0,M,0.0,0000*7A
$GPRMC,213936.00,A,3730.193445,N,12214.651663,W,060.0,137.8,210520,,,A*43
$GPGGA,213937.00,3730.180966,N,12214.637486,W,7,,0.38,-28.35,M,0.0,M,0.0,0000*7A
$GPRMC,213937.00,A,3730.180966,N,12214.637486,W,060.3,137.7,210520,,,A*49
$GPGGA,213938.00,3730.168510,N,12214.623206,W,7,,0.38,-28.37,M,0.0,M,0.0,0000*77
$GPRMC,213938.00,A,3730.168510,N,12214.623206,W,060.8,137.7,210520,,,A*4D
$GPGGA,213939.00,3730.155970,N,12214.608944,W,7,,0.38,-28.41,M,0.0,M,0.0,0000*77
$GPRMC,213939.00,A,3730.155970,N,12214.608944,W,061.1,137.9,210520,,,A*4A
$GPGGA,213940.00,3730.143268,N,12214.594580,W,7,,0.38,-28.36,M,0.0,M,0.0,0000*7E
$GPRMC,213940.00,A,3730.143268,N,12214.594580,W,061.1,138.0,210520,,,A*45
$GPGGA,213941.00,3730.130692,N,12214.580294,W,7,,0.38,-28.33,M,0.0,M,0.0,0000*78
$GPRMC,213941.00,A,3730.130692,N,12214.580294,W,061.1,137.9,210520,,,A*40
$GPGGA,213942.00,3730.118187,N,12214.566025,W,7,,0.38,-28.31,M,0.0,M,0.0,0000*70
$GPRMC,213942.00,A,3730.118187,N,12214.566025,W,060.9,137.7,210520,,,A*4D
$GPGGA,213943.00,3730.105618,N,12214.551770,W,7,,0.38,-28.34,M,0.0,M,0.0,0000*7A
$GPRMC,213943.00,A,3730.105618,N,12214.551770,W,061.1,138.0,210520,,,A*43
$GPGGA,213944.00,3730.093311,N,12214.537789,W,7,,0.38,-28.27,M,0.0,M,0.0,0000*7B
$GPRMC,213944.00,A,3730.093311,N,12214.537789,W,061.1,137.8,210520,,,A*47
$GPGGA,213945.00,3730.080363,N,12214.523162,W,7,,0.38,-28.35,M,0.0,M,0.0,0000*78
$GPRMC,213945.00,A,3730.080363,N,12214.523162,W,060.8,137.9,210520,,,A*4E
$GPGGA,213946.00,3730.067877,N,12214.508996,W,7,,0.38,-28.34,M,0.0,M,0.0,0000*77
$GPRMC,213946.00,A,3730.067877,N,12214.508996,W,060.4,137.9,210520,,,A*4C
$GPGGA,213947.00,3730.055517,N,12214.494973,W,7,,0.38,-28.26,M,0.0,M,0.0,0000*70
$GPRMC,213947.00,A,3730.055517,N,12214.494973,W,059.8,138.0,210520,,,A*48
$GPGGA,213948.00,3730.043092,N,12214.480952,W,7,,0.38,-28.25,M,0.0,M,0.0,0000*75
$GPRMC,213948.00,A,3730.043092,N,12214.480952,W,059.6,138.2,210520,,,A*42
$GPGGA,213949.00,3730.030762,N,12214.467067,W,7,,0.38,-28.14,M,0.0,M,0.0,0000*7C
$GPRMC,213949.00,A,3730.030762,N,12214.467067,W,059.7,137.9,210520,,,A*4C
$GPGGA,213950.00,3730.018606,N,12214.453153,W,7,,0.38,-28.35,M,0.0,M,0.0,0000*7F
$GPRMC,213950.00,A,3730.018606,N,12214.453153,W,059.2,137.5,210520,,,A*45
$GPGGA,213951.00,3730.006540,N,12214.439330,W,7,,0.38,-28.36,M,0.0,M,0.0,0000*78
$GPRMC,213951.00,A,3730.006540,N,12214.439330,W,058.6,137.7,210520,,,A*46
$GPGGA,213952.00,3729.994792,N,12214.425889,W,7,,0.38,-28.27,M,0.0,M,0.0,0000*78
$GPRMC,213952.00,A,3729.994792,N,12214.425889,W,058.4,137.8,210520,,,A*4B
$GPGGA,213953.00,3729.982360,N,12214.411694,W,7,,0.38,-28.31,M,0.0,M,0.0,0000*75
$GPRMC,213953.00,A,3729.982360,N,12214.411694,W,058.8,137.7,210520,,,A*42
$GPGGA,213954.00,3729.970384,N,12214.398026,W,7,,0.38,-28.25,M,0.0,M,0.0,0000*79
$GPRMC,213954.00,A,3729.970384,N,12214.398026,W,058.2,137.7,210520,,,A*41
$GPGGA,213955.00,3729.958564,N,12214.384303,W,7,,0.38,-28.22,M,0.0,M,0.0,0000*74
$GPRMC,213955.00,A,3729.958564,N,12214.384303,W,057.7,137.1,210520,,,A*47
$GPGGA,213956.00,3729.946924,N,12214.370383,W,7,,0.38,-28.21,M,0.0,M,0.0,0000*70
$GPRMC,213956.00,A,3729.946924,N,12214.370383,W,057.0,136.2,210520,,,A*45
$GPGGA,213957.00,3729.935650,N,12214.356404,W,7,,0.38,-28.04,M,0.0,M,0.0,0000*72
$GPRMC,213957.00,A,3729.935650,N,12214.356404,W,057.0,134.8,210520,,,A*48
$GPGGA,213958.00,3729.924831,N,12214.342124,W,7,,0.38,-28.00,M,0.0,M,0.0,0000*72
$GPRMC,213958.00,A,3729.924831,N,12214.342124,W,056.5,133.0,210520,,,A*47
$GPGGA,213959.00,3729.914284,N,12214.327478,W,7,,0.38,-28.01,M,0.0,M,0.0,0000*7A
$GPRMC,213959.00,A,3729.914284,N,12214.327478,W,056.0,131.7,210520,,,A*4E
$GPGGA,214000.00,3729.904432,N,12214.313348,W,7,,0.38,-28.04,M,0.0,M,0.0,0000*74
$GPRMC,214000.00,A,3729.904432,N,12214.313348,W,055.4,131.1,210520,,,A*44
$GPGGA,214001.00,3729.894225,N,12214.298192,W,7,,0.38,-27.94,M,0.0,M,0.0,0000*7C
$GPRMC,214001.00,A,3729.894225,N,12214.298192,W,054.9,129.8,210520,,,A*46
$GPGGA,214002.00,3729.884722,N,12214.283389,W,7,,0.38,-27.89,M,0.0,M,0.0,0000*72
$GPRMC,214002.00,A,3729.884722,N,12214.283389,W,054.4,128.3,210520,,,A*43
$GPGGA,214003.00,3729.875883,N,12214.268743,W,7,,0.38,-27.90,M,0.0,M,0.0,0000*76
$GPRMC,214003.00,A,3729.875883,N,12214.268743,W,053.7,126.5,210520,,,A*43
$GPGGA,214004.00,3729.867004,N,12214.253101,W,7,,0.38,-27.80,M,0.0,M,0.0,0000*7C
$GPRMC,214004.00,A,3729.867004,N,12214.253101,W,053.3,124.8,210520,,,A*43
$GPGGA,214005.00,3729.858777,N,12214.237658,W,7,,0.38,-27.74,M,0.0,M,0.0,0000*70
$GPRMC,214005.00,A,3729.858777,N,12214.237658,W,053.2,123.1,210520,,,A*4B
$GPGGA,214006.00,3729.850959,N,12214.221781,W,7,,0.38,-27.82,M,0.0,M,0.0,0000*72
$GPRMC,214006.00,A,3729.850959,N,12214.221781,W,053.7,121.2,210520,,,A*44
$GPGGA,214007.00,3729.843519,N,12214.205437,W,7,,0.38,-28.13,M,0.0,M,0.0,0000*76
$GPRMC,214007.00,A,3729.843519,N,12214.205437,W,053.5,119.2,210520,,,A*4E
$GPGGA,214008.00,3729.836781,N,12214.189544,W,7,,0.38,-28.07,M,0.0,M,0.0,0000*7F
$GPRMC,214008.00,A,3729.836781,N,12214.189544,W,053.2,117.3,210520,,,A*4A
$GPGGA,214009.00,3729.830044,N,12214.172527,W,7,,0.38,-28.13,M,0.0,M,0.0,0000*72
$GPRMC,214009.00,A,3729.830044,N,12214.172527,W,052.6,115.9,210520,,,A*4F
$GPGGA,214010.00,3729.823834,N,12214.156112,W,7,,0.38,-28.12,M,0.0,M,0.0,0000*72
$GPRMC,214010.00,A,3729.823834,N,12214.156112,W,051.9,115.1,210520,,,A*4A
$GPGGA,214011.00,3729.817822,N,12214.139497,W,7,,0.38,-28.20,M,0.0,M,0.0,0000*73
$GPRMC,214011.00,A,3729.817822,N,12214.139497,W,051.5,114.1,210520,,,A*47
$GPGGA,214012.00,3729.812200,N,12214.123208,W,7,,0.38,-28.21,M,0.0,M,0.0,0000*75
$GPRMC,214012.00,A,3729.812200,N,12214.123208,W,050.7,113.1,210520,,,A*44
$GPGGA,214013.00,3729.806836,N,12214.106995,W,7,,0.38,-28.23,M,0.0,M,0.0,0000*74
$GPRMC,214013.00,A,3729.806836,N,12214.106995,W,050.1,112.2,210520,,,A*43
$GPGGA,214014.00,3729.801814,N,12214.090867,W,7,,0.38,-28.35,M,0.0,M,0.0,0000*71
$GPRMC,214014.00,A,3729.801814,N,12214.090867,W,049.5,110.8,210520,,,A*45
$GPGGA,214015.00,3729.797056,N,12214.074602,W,7,,0.38,-28.20,M,0.0,M,0.0,0000*7D
$GPRMC,214015.00,A,3729.797056,N,12214.074602,W,049.0,109.8,210520,,,A*40
$GPGGA,214016.00,3729.792532,N,12214.058888,W,7,,0.38,-28.25,M,0.0,M,0.0,0000*7B
$GPRMC,214016.00,A,3729.792532,N,12214.058888,W,049.6,109.8,210520,,,A*45
$GPGGA,214017.00,3729.787659,N,12214.041956,W,7,,0.38,-28.39,M,0.0,M,0.0,0000*77
$GPRMC,214017.00,A,3729.787659,N,12214.041956,W,050.2,109.8,210520,,,A*48
$GPGGA,214018.00,3729.782955,N,12214.025396,W,7,,0.38,-28.48,M,0.0,M,0.0,0000*7C
$GPRMC,214018.00,A,3729.782955,N,12214.025396,W,050.6,109.6,210520,,,A*4F
$GPGGA,214019.00,3729.778221,N,12214.008541,W,7,,0.38,-28.56,M,0.0,M,0.0,0000*7C
$GPRMC,214019.00,A,3729.778221,N,12214.008541,W,051.0,109.4,210520,,,A*45
$GPGGA,214020.00,3729.773553,N,12213.991639,W,7,,0.38,-28.55,M,0.0,M,0.0,0000*7E
$GPRMC,214020.00,A,3729.773553,N,12213.991639,W,051.4,109.2,210520,,,A*46
$GPGGA,214021.00,3729.768807,N,12213.974767,W,7,,0.39,-28.63,M,0.0,M,0.0,0000*7C
$GPRMC,214021.00,A,3729.768807,N,12213.974767,W,051.3,109.6,210520,,,A*43
$GPGGA,214022.00,3729.763959,N,12213.957835,W,7,,0.38,-28.75,M,0.0,M,0.0,0000*71
$GPRMC,214022.00,A,3729.763959,N,12213.957835,W,051.0,109.8,210520,,,A*45
$GPGGA,214023.00,3729.759105,N,12213.941125,W,7,,0.38,-28.67,M,0.0,M,0.0,0000*74
$GPRMC,214023.00,A,3729.759105,N,12213.941125,W,051.0,110.0,210520,,,A*43
$GPGGA,214024.00,3729.754401,N,12213.924968,W,7,,0.38,-28.67,M,0.0,M,0.0,0000*7D
$GPRMC,214024.00,A,3729.754401,N,12213.924968,W,051.1,110.1,210520,,,A*4A
$GPGGA,214025.00,3729.749439,N,12213.907567,W,7,,0.38,-28.64,M,0.0,M,0.0,0000*7A
$GPRMC,214025.00,A,3729.749439,N,12213.907567,W,051.5,109.8,210520,,,A*4B
$GPGGA,214026.00,3729.744502,N,12213.890389,W,7,,0.38,-28.65,M,0.0,M,0.0,0000*75
$GPRMC,214026.00,A,3729.744502,N,12213.890389,W,052.0,109.6,210520,,,A*4D
$GPGGA,214027.00,3729.739551,N,12213.873181,W,7,,0.38,-28.71,M,0.0,M,0.0,0000*7A
$GPRMC,214027.00,A,3729.739551,N,12213.873181,W,052.6,109.9,210520,,,A*4E
$GPGGA,214028.00,3729.734619,N,12213.855859,W,7,,0.38,-28.76,M,0.0,M,0.0,0000*78
$GPRMC,214028.00,A,3729.734619,N,12213.855859,W,053.1,109.8,210520,,,A*4C
$GPGGA,214029.00,3729.729604,N,12213.838297,W,7,,0.38,-28.92,M,0.0,M,0.0,0000*70
$GPRMC,214029.00,A,3729.729604,N,12213.838297,W,053.7,109.7,210520,,,A*47
$GPGGA,214030.00,3729.724515,N,12213.820543,W,7,,0.38,-28.80,M,0.0,M,0.0,0000*72
$GPRMC,214030.00,A,3729.724515,N,12213.820543,W,053.6,109.7,210520,,,A*47
$GPGGA,214031.00,3729.719392,N,12213.802946,W,7,,0.38,-28.75,M,0.0,M,0.0,0000*77
$GPRMC,214031.00,A,3729.719392,N,12213.802946,W,053.9,110.2,210520,,,A*4A
$GPGGA,214032.00,3729.714303,N,12213.785768,W,7,,0.38,-28.75,M,0.0,M,0.0,0000*73
$GPRMC,214032.00,A,3729.714303,N,12213.785768,W,054.5,110.5,210520,,,A*42
$GPGGA,214033.00,3729.708856,N,12213.767233,W,7,,0.38,-28.75,M,0.0,M,0.0,0000*73
$GPRMC,214033.00,A,3729.708856,N,12213.767233,W,055.2,110.2,210520,,,A*43
$GPGGA,214034.00,3729.703558,N,12213.748868,W,7,,0.38,-28.85,M,0.0,M,0.0,0000*7A
$GPRMC,214034.00,A,3729.703558,N,12213.748868,W,055.7,109.8,210520,,,A*42
$GPGGA,214035.00,3729.698319,N,12213.730490,W,7,,0.38,-28.78,M,0.0,M,0.0,0000*7D
$GPRMC,214035.00,A,3729.698319,N,12213.730490,W,056.0,109.6,210520,,,A*4D
$GPGGA,214036.00,3729.693147,N,12213.712225,W,7,,0.38,-28.62,M,0.0,M,0.0,0000*7F
$GPRMC,214036.00,A,3729.693147,N,12213.712225,W,055.6,109.5,210520,,,A*42
$GPGGA,214037.00,3729.688035,N,12213.694057,W,7,,0.38,-28.31,M,0.0,M,0.0,0000*7E
$GPRMC,214037.00,A,3729.688035,N,12213.694057,W,055.0,109.5,210520,,,A*43
$GPGGA,214038.00,3729.682929,N,12213.675931,W,7,,0.38,-27.84,M,0.0,M,0.0,0000*78
$GPRMC,214038.00,A,3729.682929,N,12213.675931,W,054.5,109.4,210520,,,A*41
$GPGGA,214039.00,3729.677944,N,12213.658172,W,7,,0.38,-27.66,M,0.0,M,0.0,0000*74
$GPRMC,214039.00,A,3729.677944,N,12213.658172,W,054.0,109.4,210520,,,A*44
$GPGGA,214040.00,3729.672982,N,12213.640987,W,7,,0.38,-27.33,M,0.0,M,0.0,0000*7E
$GPRMC,214040.00,A,3729.672982,N,12213.640987,W,054.3,110.2,210520,,,A*43
$GPGGA,214041.00,3729.667486,N,12213.622675,W,7,,0.38,-27.23,M,0.0,M,0.0,0000*75
$GPRMC,214041.00,A,3729.667486,N,12213.622675,W,054.5,110.9,210520,,,A*44
$GPGGA,214042.00,3729.661989,N,12213.604820,W,7,,0.38,-27.31,M,0.0,M,0.0,0000*7B
$GPRMC,214042.00,A,3729.661989,N,12213.604820,W,054.3,111.3,210520,,,A*44
$GPGGA,214043.00,3729.656434,N,12213.587024,W,7,,0.38,-27.23,M,0.0,M,0.0,0000*72
$GPRMC,214043.00,A,3729.656434,N,12213.587024,W,054.9,111.4,210520,,,A*43
$GPGGA,214044.00,3729.650560,N,12213.568640,W,7,,0.38,-27.25,M,0.0,M,0.0,0000*70
$GPRMC,214044.00,A,3729.650560,N,12213.568640,W,055.3,112.0,210520,,,A*4B
$GPGGA,214045.00,3729.644739,N,12213.551155,W,7,,0.38,-27.10,M,0.0,M,0.0,0000*75
$GPRMC,214045.00,A,3729.644739,N,12213.551155,W,055.5,112.9,210520,,,A*47
$GPGGA,214046.00,3729.638613,N,12213.533438,W,7,,0.38,-27.06,M,0.0,M,0.0,0000*79
$GPRMC,214046.00,A,3729.638613,N,12213.533438,W,055.4,113.7,210520,,,A*42
$GPGGA,214047.00,3729.632289,N,12213.515762,W,7,,0.38,-27.40,M,0.0,M,0.0,0000*7F
$GPRMC,214047.00,A,3729.632289,N,12213.515762,W,055.4,114.3,210520,,,A*45
$GPGGA,214048.00,3729.626044,N,12213.498758,W,7,,0.38,-27.80,M,0.0,M,0.0,0000*77
$GPRMC,214048.00,A,3729.626044,N,12213.498758,W,055.7,115.0,210520,,,A*40
$GPGGA,214049.00,3729.619138,N,12213.480542,W,7,,0.38,-28.05,M,0.0,M,0.0,0000*72
$GPRMC,214049.00,A,3729.619138,N,12213.480542,W,055.6,115.7,210520,,,A*41
$GPGGA,214050.00,3729.612436,N,12213.463112,W,7,,0.38,-28.35,M,0.0,M,0.0,0000*75
$GPRMC,214050.00,A,3729.612436,N,12213.463112,W,055.6,115.8,210520,,,A*4A
$GPGGA,214051.00,3729.605655,N,12213.445693,W,7,,0.38,-28.54,M,0.0,M,0.0,0000*78
$GPRMC,214051.00,A,3729.605655,N,12213.445693,W,055.6,116.1,210520,,,A*4A
$GPGGA,214052.00,3729.598816,N,12213.428431,W,7,,0.38,-28.54,M,0.0,M,0.0,0000*74
$GPRMC,214052.00,A,3729.598816,N,12213.428431,W,055.3,116.8,210520,,,A*4A
$GPGGA,214053.00,3729.591664,N,12213.411055,W,7,,0.38,-28.57,M,0.0,M,0.0,0000*78
$GPRMC,214053.00,A,3729.591664,N,12213.411055,W,055.7,117.6,210520,,,A*4E
$GPGGA,214054.00,3729.584325,N,12213.393907,W,7,,0.38,-28.48,M,0.0,M,0.0,0000*76
$GPRMC,214054.00,A,3729.584325,N,12213.393907,W,056.2,118.4,210520,,,A*45
$GPGGA,214055.00,3729.576777,N,12213.376664,W,7,,0.38,-28.46,M,0.0,M,0.0,0000*76
$GPRMC,214055.00,A,3729.576777,N,12213.376664,W,056.7,119.0,210520,,,A*4B
$GPGGA,214056.00,3729.569314,N,12213.359858,W,7,,0.38,-28.28,M,0.0,M,0.0,0000*7E
$GPRMC,214056.00,A,3729.569314,N,12213.359858,W,057.2,119.2,210520,,,A*4D
$GPGGA,214057.00,3729.561195,N,12213.341641,W,7,,0.38,-28.09,M,0.0,M,0.0,0000*70
$GPRMC,214057.00,A,3729.561195,N,12213.341641,W,057.6,119.2,210520,,,A*44
$GPGGA,214058.00,3729.553330,N,12213.323989,W,7,,0.38,-28.20,M,0.0,M,0.0,0000*77
$GPRMC,214058.00,A,3729.553330,N,12213.323989,W,058.2,119.1,210520,,,A*40
$GPGGA,214059.00,3729.545374,N,12213.306235,W,7,,0.38,-28.27,M,0.0,M,0.0,0000*7D
$GPRMC,214059.00,A,3729.545374,N,12213.306235,W,058.7,119.4,210520,,,A*4D
$GPGGA,214100.00,3729.537141,N,12213.287918,W,7,,0.38,-28.21,M,0.0,M,0.0,0000*7B
$GPRMC,214100.00,A,3729.537141,N,12213.287918,W,058.3,119.4,210520,,,A*49
$GPGGA,214101.00,3729.529413,N,12213.270626,W,7,,0.38,-28.18,M,0.0,M,0.0,0000*77
$GPRMC,214101.00,A,3729.529413,N,12213.270626,W,058.1,119.1,210520,,,A*48
$GPGGA,214102.00,3729.521620,N,12213.252937,W,7,,0.38,-28.33,M,0.0,M,0.0,0000*78
$GPRMC,214102.00,A,3729.521620,N,12213.252937,W,058.0,118.7,210520,,,A*48
$GPGGA,214103.00,3729.513922,N,12213.235345,W,7,,0.39,-28.25,M,0.0,M,0.0,0000*7D
$GPRMC,214103.00,A,3729.513922,N,12213.235345,W,057.5,118.8,210520,,,A*4E
$GPGGA,214104.00,3729.506511,N,12213.218462,W,7,,0.38,-28.27,M,0.0,M,0.0,0000*7C
$GPRMC,214104.00,A,3729.506511,N,12213.218462,W,056.9,118.9,210520,,,A*40
$GPGGA,214105.00,3729.498633,N,12213.200558,W,7,,0.38,-28.22,M,0.0,M,0.0,0000*7C
$GPRMC,214105.00,A,3729.498633,N,12213.200558,W,056.1,119.1,210520,,,A*44
$GPGGA,214106.00,3729.491145,N,12213.183601,W,7,,0.38,-28.21,M,0.0,M,0.0,0000*74
$GPRMC,214106.00,A,3729.491145,N,12213.183601,W,055.5,119.1,210520,,,A*48
$GPGGA,214107.00,3729.483682,N,12213.166802,W,7,,0.38,-28.07,M,0.0,M,0.0,0000*78
$GPRMC,214107.00,A,3729.483682,N,12213.166802,W,055.0,119.2,210520,,,A*46
$GPGGA,214108.00,3729.476049,N,12213.149593,W,7,,0.38,-28.06,M,0.0,M,0.0,0000*75
$GPRMC,214108.00,A,3729.476049,N,12213.149593,W,054.7,119.2,210520,,,A*4C
$GPGGA,214109.00,3729.468813,N,12213.133261,W,7,,0.38,-28.14,M,0.0,M,0.0,0000*78
$GPRMC,214109.00,A,3729.468813,N,12213.133261,W,054.8,119.3,210520,,,A*4C
$GPGGA,214110.00,3729.461313,N,12213.116522,W,7,,0.38,-28.11,M,0.0,M,0.0,0000*70
$GPRMC,214110.00,A,3729.461313,N,12213.116522,W,055.2,119.5,210520,,,A*4C
$GPGGA,214111.00,3729.453766,N,12213.099692,W,7,,0.38,-28.04,M,0.0,M,0.0,0000*7C
$GPRMC,214111.00,A,3729.453766,N,12213.099692,W,055.6,119.4,210520,,,A*41
$GPGGA,214112.00,3729.446182,N,12213.082832,W,7,,0.38,-27.85,M,0.0,M,0.0,0000*7F
$GPRMC,214112.00,A,3729.446182,N,12213.082832,W,055.7,119.5,210520,,,A*44
$GPGGA,214113.00,3729.438520,N,12213.065761,W,7,,0.38,-27.80,M,0.0,M,0.0,0000*7E
$GPRMC,214113.00,A,3729.438520,N,12213.065761,W,055.6,119.4,210520,,,A*40
$GPGGA,214114.00,3729.430995,N,12213.048943,W,7,,0.38,-27.51,M,0.0,M,0.0,0000*7E
$GPRMC,214114.00,A,3729.430995,N,12213.048943,W,055.2,119.4,210520,,,A*48
$GPGGA,214115.00,3729.423598,N,12213.032335,W,7,,0.38,-26.94,M,0.0,M,0.0,0000*72
$GPRMC,214115.00,A,3729.423598,N,12213.032335,W,054.3,119.2,210520,,,A*4A
$GPGGA,214116.00,3729.416278,N,12213.015739,W,7,,0.38,-26.19,M,0.0,M,0.0,0000*76
$GPRMC,214116.00,A,3729.416278,N,12213.015739,W,053.7,119.0,210520,,,A*4A
$GPGGA,214117.00,3729.409126,N,12212.999300,W,7,,0.38,-25.45,M,0.0,M,0.0,0000*79
$GPRMC,214117.00,A,3729.409126,N,12212.999300,W,053.7,118.5,210520,,,A*4B
$GPGGA,214118.00,3729.402154,N,12212.982817,W,7,,0.38,-24.63,M,0.0,M,0.0,0000*7A
$GPRMC,214118.00,A,3729.402154,N,12212.982817,W,053.8,117.9,210520,,,A*41
$GPGGA,214119.00,3729.395265,N,12212.966150,W,7,,0.38,-23.71,M,0.0,M,0.0,0000*77
$GPRMC,214119.00,A,3729.395265,N,12212.966150,W,054.0,117.3,210520,,,A*4D
$GPGGA,214120.00,3729.388654,N,12212.949704,W,7,,0.38,-22.85,M,0.0,M,0.0,0000*77
$GPRMC,214120.00,A,3729.388654,N,12212.949704,W,054.1,116.6,210520,,,A*42
$GPGGA,214121.00,3729.381838,N,12212.932172,W,7,,0.38,-22.03,M,0.0,M,0.0,0000*7E
$GPRMC,214121.00,A,3729.381838,N,12212.932172,W,054.3,115.8,210520,,,A*4A
$GPGGA,214122.00,3729.375370,N,12212.915054,W,7,,0.38,-21.46,M,0.0,M,0.0,0000*73
$GPRMC,214122.00,A,3729.375370,N,12212.915054,W,054.3,115.1,210520,,,A*4C
$GPGGA,214123.00,3729.369039,N,12212.897834,W,7,,0.38,-21.07,M,0.0,M,0.0,0000*71
$GPRMC,214123.00,A,3729.369039,N,12212.897834,W,054.5,114.8,210520,,,A*45
$GPGGA,214124.00,3729.362691,N,12212.880350,W,7,,0.38,-20.98,M,0.0,M,0.0,0000*71
$GPRMC,214124.00,A,3729.362691,N,12212.880350,W,054.5,114.4,210520,,,A*4E
$GPGGA,214125.00,3729.356554,N,12212.862920,W,7,,0.38,-20.93,M,0.0,M,0.0,0000*77
$GPRMC,214125.00,A,3729.356554,N,12212.862920,W,054.7,113.7,210520,,,A*45
$GPGGA,214126.00,3729.350494,N,12212.845352,W,7,,0.38,-20.98,M,0.0,M,0.0,0000*7E
$GPRMC,214126.00,A,3729.350494,N,12212.845352,W,055.0,113.4,210520,,,A*42
$GPGGA,214127.00,3729.344656,N,12212.827795,W,7,,0.38,-21.00,M,0.0,M,0.0,0000*7D
$GPRMC,214127.00,A,3729.344656,N,12212.827795,W,054.5,112.5,210520,,,A*45
$GPGGA,214128.00,3729.339159,N,12212.810689,W,7,,0.38,-21.19,M,0.0,M,0.0,0000*70
$GPRMC,214128.00,A,3729.339159,N,12212.810689,W,054.0,111.7,210520,,,A*44
$GPGGA,214129.00,3729.333568,N,12212.792689,W,7,,0.38,-21.56,M,0.0,M,0.0,0000*73
$GPRMC,214129.00,A,3729.333568,N,12212.792689,W,053.5,111.2,210520,,,A*4B
$GPGGA,214130.00,3729.328342,N,12212.775338,W,7,,0.38,-22.11,M,0.0,M,0.0,0000*79
$GPRMC,214130.00,A,3729.328342,N,12212.775338,W,053.1,110.5,210520,,,A*43
$GPGGA,214131.00,3729.323242,N,12212.757991,W,7,,0.38,-22.87,M,0.0,M,0.0,0000*74
$GPRMC,214131.00,A,3729.323242,N,12212.757991,W,053.2,110.2,210520,,,A*45
$GPGGA,214132.00,3729.318172,N,12212.740340,W,7,,0.38,-23.58,M,0.0,M,0.0,0000*7C
$GPRMC,214132.00,A,3729.318172,N,12212.740340,W,053.5,109.6,210520,,,A*45
$GPGGA,214133.00,3729.313257,N,12212.722742,W,7,,0.38,-24.38,M,0.0,M,0.0,0000*71
$GPRMC,214133.00,A,3729.313257,N,12212.722742,W,053.6,109.2,210520,,,A*4E
$GPGGA,214134.00,3729.308434,N,12212.705071,W,7,,0.38,-25.10,M,0.0,M,0.0,0000*76
$GPRMC,214134.00,A,3729.308434,N,12212.705071,W,053.4,108.6,210520,,,A*45
$GPGGA,214135.00,3729.303790,N,12212.687486,W,7,,0.38,-25.88,M,0.0,M,0.0,0000*77
$GPRMC,214135.00,A,3729.303790,N,12212.687486,W,053.2,108.0,210520,,,A*45
$GPGGA,214136.00,3729.299433,N,12212.670206,W,7,,0.38,-26.58,M,0.0,M,0.0,0000*74
$GPRMC,214136.00,A,3729.299433,N,12212.670206,W,053.1,107.3,210520,,,A*47
$GPGGA,214137.00,3729.294987,N,12212.651929,W,7,,0.38,-27.36,M,0.0,M,0.0,0000*76
$GPRMC,214137.00,A,3729.294987,N,12212.651929,W,053.2,106.6,210520,,,A*4B
$GPGGA,214138.00,3729.290859,N,12212.634128,W,7,,0.38,-27.65,M,0.0,M,0.0,0000*73
$GPRMC,214138.00,A,3729.290859,N,12212.634128,W,053.3,106.1,210520,,,A*4E
$GPGGA,214139.00,3729.286845,N,12212.616320,W,7,,0.38,-27.78,M,0.0,M,0.0,0000*7E
$GPRMC,214139.00,A,3729.286845,N,12212.616320,W,053.1,105.6,210520,,,A*49
$GPGGA,214140.00,3729.282915,N,12212.598398,W,7,,0.38,-28.00,M,0.0,M,0.0,0000*76
$GPRMC,214140.00,A,3729.282915,N,12212.598398,W,052.7,105.1,210520,,,A*41
$GPGGA,214141.00,3729.279195,N,12212.580800,W,7,,0.38,-28.16,M,0.0,M,0.0,0000*77
$GPRMC,214141.00,A,3729.279195,N,12212.580800,W,052.2,104.5,210520,,,A*47
$GPGGA,214142.00,3729.275655,N,12212.563345,W,7,,0.38,-28.22,M,0.0,M,0.0,0000*73
$GPRMC,214142.00,A,3729.275655,N,12212.563345,W,051.7,104.1,210520,,,A*46
$GPGGA,214143.00,3729.272325,N,12212.546371,W,7,,0.38,-28.20,M,0.0,M,0.0,0000*75
$GPRMC,214143.00,A,3729.272325,N,12212.546371,W,051.1,103.5,210520,,,A*47
$GPGGA,214144.00,3729.269146,N,12212.529145,W,7,,0.38,-28.23,M,0.0,M,0.0,0000*70
$GPRMC,214144.00,A,3729.269146,N,12212.529145,W,050.6,102.6,210520,,,A*45
$GPGGA,214145.00,3729.266116,N,12212.511446,W,7,,0.38,-28.25,M,0.0,M,0.0,0000*70
$GPRMC,214145.00,A,3729.266116,N,12212.511446,W,050.3,101.9,210520,,,A*4A
$GPGGA,214146.00,3729.263313,N,12212.494346,W,7,,0.38,-28.27,M,0.0,M,0.0,0000*78
$GPRMC,214146.00,A,3729.263313,N,12212.494346,W,050.0,101.5,210520,,,A*4F
$GPGGA,214147.00,3729.260704,N,12212.477815,W,7,,0.38,-28.38,M,0.0,M,0.0,0000*76
$GPRMC,214147.00,A,3729.260704,N,12212.477815,W,049.5,101.2,210520,,,A*45
$GPGGA,214148.00,3729.258022,N,12212.460446,W,7,,0.38,-28.36,M,0.0,M,0.0,0000*73
$GPRMC,214148.00,A,3729.258022,N,12212.460446,W,049.1,100.6,210520,,,A*4F
$GPGGA,214149.00,3729.255538,N,12212.443537,W,7,,0.38,-28.64,M,0.0,M,0.0,0000*70
$GPRMC,214149.00,A,3729.255538,N,12212.443537,W,049.6,100.4,210520,,,A*4E
$GPGGA,214150.00,3729.253101,N,12212.426401,W,7,,0.38,-28.60,M,0.0,M,0.0,0000*73
$GPRMC,214150.00,A,3729.253101,N,12212.426401,W,050.3,100.1,210520,,,A*41
$GPGGA,214151.00,3729.250792,N,12212.409337,W,7,,0.38,-28.64,M,0.0,M,0.0,0000*76
$GPRMC,214151.00,A,3729.250792,N,12212.409337,W,051.1,099.3,210520,,,A*40
$GPGGA,214152.00,3729.248625,N,12212.391650,W,7,,0.38,-28.71,M,0.0,M,0.0,0000*77
$GPRMC,214152.00,A,3729.248625,N,12212.391650,W,051.7,098.5,210520,,,A*44
$GPGGA,214153.00,3729.246429,N,12212.373115,W,7,,0.38,-28.73,M,0.0,M,0.0,0000*7E
$GPRMC,214153.00,A,3729.246429,N,12212.373115,W,052.3,098.5,210520,,,A*48
$GPGGA,214154.00,3729.244264,N,12212.354960,W,7,,0.38,-28.84,M,0.0,M,0.0,0000*73
$GPRMC,214154.00,A,3729.244264,N,12212.354960,W,053.1,098.7,210520,,,A*4C
$GPGGA,214155.00,3729.242097,N,12212.337020,W,7,,0.38,-28.93,M,0.0,M,0.0,0000*74
$GPRMC,214155.00,A,3729.242097,N,12212.337020,W,053.6,098.9,210520,,,A*44
$GPGGA,214156.00,3729.239698,N,12212.317844,W,7,,0.38,-28.93,M,0.0,M,0.0,0000*7A
$GPRMC,214156.00,A,3729.239698,N,12212.317844,W,054.3,098.7,210520,,,A*46
$GPGGA,214157.00,3729.237417,N,12212.299027,W,7,,0.38,-28.99,M,0.0,M,0.0,0000*70
$GPRMC,214157.00,A,3729.237417,N,12212.299027,W,054.9,098.7,210520,,,A*4C
$GPGGA,214158.00,3729.235041,N,12212.280025,W,7,,0.38,-29.02,M,0.0,M,0.0,0000*73
$GPRMC,214158.00,A,3729.235041,N,12212.280025,W,055.6,099.1,210520,,,A*45
$GPGGA,214159.00,3729.232575,N,12212.260628,W,7,,0.38,-29.08,M,0.0,M,0.0,0000*78
$GPRMC,214159.00,A,3729.232575,N,12212.260628,W,056.1,099.2,210520,,,A*43
$GPGGA,214200.00,3729.230212,N,12212.242016,W,7,,0.38,-29.12,M,0.0,M,0.0,0000*73
$GPRMC,214200.00,A,3729.230212,N,12212.242016,W,056.0,098.9,210520,,,A*48
$GPGGA,214201.00,3729.227764,N,12212.222233,W,7,,0.38,-29.26,M,0.0,M,0.0,0000*74
$GPRMC,214201.00,A,3729.227764,N,12212.222233,W,055.6,098.7,210520,,,A*43
$GPGGA,214202.00,3729.225495,N,12212.203255,W,7,,0.38,-29.07,M,0.0,M,0.0,0000*78
$GPRMC,214202.00,A,3729.225495,N,12212.203255,W,054.6,098.6,210520,,,A*4C
$GPGGA,214203.00,3729.223257,N,12212.184919,W,7,,0.38,-29.13,M,0.0,M,0.0,0000*7D
$GPRMC,214203.00,A,3729.223257,N,12212.184919,W,054.4,098.8,210520,,,A*40
$GPGGA,214204.00,3729.220821,N,12212.165606,W,7,,0.38,-29.09,M,0.0,M,0.0,0000*77
$GPRMC,214204.00,A,3729.220821,N,12212.165606,W,054.4,098.9,210520,,,A*40
$GPGGA,214205.00,3729.218470,N,12212.146885,W,7,,0.38,-29.00,M,0.0,M,0.0,0000*78
$GPRMC,214205.00,A,3729.218470,N,12212.146885,W,054.5,098.9,210520,,,A*47
$GPGGA,214206.00,3729.216100,N,12212.128064,W,7,,0.38,-28.96,M,0.0,M,0.0,0000*76
$GPRMC,214206.00,A,3729.216100,N,12212.128064,W,054.8,099.1,210520,,,A*43
$GPGGA,214207.00,3729.213688,N,12212.109020,W,7,,0.38,-28.98,M,0.0,M,0.0,0000*78
$GPRMC,214207.00,A,3729.213688,N,12212.109020,W,054.8,099.1,210520,,,A*43
$GPGGA,214208.00,3729.211360,N,12212.090875,W,7,,0.38,-29.05,M,0.0,M,0.0,0000*7A
$GPRMC,214208.00,A,3729.211360,N,12212.090875,W,054.5,099.2,210520,,,A*4A
$GPGGA,214209.00,3729.208918,N,12212.071496,W,7,,0.38,-29.16,M,0.0,M,0.0,0000*7A
$GPRMC,214209.00,A,3729.208918,N,12212.071496,W,054.7,099.1,210520,,,A*49
$GPGGA,214210.00,3729.206506,N,12212.052734,W,7,,0.38,-29.19,M,0.0,M,0.0,0000*7A
$GPRMC,214210.00,A,3729.206506,N,12212.052734,W,054.7,099.3,210520,,,A*44
$GPGGA,214211.00,3729.204052,N,12212.033671,W,7,,0.38,-29.20,M,0.0,M,0.0,0000*70
$GPRMC,214211.00,A,3729.204052,N,12212.033671,W,055.0,099.3,210520,,,A*42
$GPGGA,214212.00,3729.201813,N,12212.014664,W,7,,0.38,-29.13,M,0.0,M,0.0,0000*7A
$GPRMC,214212.00,A,3729.201813,N,12212.014664,W,055.2,098.3,210520,,,A*4B
$GPGGA,214213.00,3729.199606,N,12211.995608,W,7,,0.38,-29.24,M,0.0,M,0.0,0000*7E
$GPRMC,214213.00,A,3729.199606,N,12211.995608,W,055.3,098.3,210520,,,A*4A
$GPGGA,214214.00,3729.197344,N,12211.976527,W,7,,0.38,-29.22,M,0.0,M,0.0,0000*71
$GPRMC,214214.00,A,3729.197344,N,12211.976527,W,055.4,098.6,210520,,,A*41
$GPGGA,214215.00,3729.195027,N,12211.957274,W,7,,0.38,-29.25,M,0.0,M,0.0,0000*71
$GPRMC,214215.00,A,3729.195027,N,12211.957274,W,055.5,098.6,210520,,,A*47
$GPGGA,214216.00,3729.192771,N,12211.938751,W,7,,0.38,-29.35,M,0.0,M,0.0,0000*7B
$GPRMC,214216.00,A,3729.192771,N,12211.938751,W,055.7,098.9,210520,,,A*41
$GPGGA,214217.00,3729.190300,N,12211.918838,W,7,,0.38,-29.11,M,0.0,M,0.0,0000*7E
$GPRMC,214217.00,A,3729.190300,N,12211.918838,W,056.1,098.9,210520,,,A*47
$GPGGA,214218.00,3729.187894,N,12211.899301,W,7,,0.38,-29.13,M,0.0,M,0.0,0000*7A
$GPRMC,214218.00,A,3729.187894,N,12211.899301,W,056.3,098.8,210520,,,A*42
$GPGGA,214219.00,3729.185535,N,12211.879862,W,7,,0.38,-29.14,M,0.0,M,0.0,0000*78
$GPRMC,214219.00,A,3729.185535,N,12211.879862,W,056.5,098.7,210520,,,A*4E
$GPGGA,214220.00,3729.183249,N,12211.860398,W,7,,0.38,-29.06,M,0.0,M,0.0,0000*7D
$GPRMC,214220.00,A,3729.183249,N,12211.860398,W,056.6,098.4,210520,,,A*48
$GPGGA,214221.00,3729.180922,N,12211.840759,W,7,,0.38,-29.08,M,0.0,M,0.0,0000*7C
$GPRMC,214221.00,A,3729.180922,N,12211.840759,W,057.0,098.5,210520,,,A*41
$GPGGA,214222.00,3729.178522,N,12211.820881,W,7,,0.38,-29.12,M,0.0,M,0.0,0000*73
$GPRMC,214222.00,A,3729.178522,N,12211.820881,W,057.3,098.7,210520,,,A*44
$GPGGA,214223.00,3729.176049,N,12211.801117,W,7,,0.38,-29.13,M,0.0,M,0.0,0000*70
$GPRMC,214223.00,A,3729.176049,N,12211.801117,W,057.6,098.9,210520,,,A*4D
$GPGGA,214224.00,3729.173643,N,12211.781887,W,7,,0.38,-29.01,M,0.0,M,0.0,0000*7A
$GPRMC,214224.00,A,3729.173643,N,12211.781887,W,057.9,099.0,210520,,,A*43
$GPGGA,214225.00,3729.171076,N,12211.761175,W,7,,0.38,-29.04,M,0.0,M,0.0,0000*76
$GPRMC,214225.00,A,3729.171076,N,12211.761175,W,058.4,098.7,210520,,,A*4E
$GPGGA,214226.00,3729.168628,N,12211.740836,W,7,,0.38,-29.05,M,0.0,M,0.0,0000*7C
$GPRMC,214226.00,A,3729.168628,N,12211.740836,W,058.6,098.7,210520,,,A*47
$GPGGA,214227.00,3729.166120,N,12211.720621,W,7,,0.38,-29.06,M,0.0,M,0.0,0000*71
$GPRMC,214227.00,A,3729.166120,N,12211.720621,W,058.8,099.0,210520,,,A*41
$GPGGA,214228.00,3729.163570,N,12211.700288,W,7,,0.38,-29.02,M,0.0,M,0.0,0000*7B
$GPRMC,214228.00,A,3729.163570,N,12211.700288,W,059.2,099.0,210520,,,A*44
$GPGGA,214229.00,3729.161031,N,12211.679894,W,7,,0.38,-29.01,M,0.0,M,0.0,0000*73
$GPRMC,214229.00,A,3729.161031,N,12211.679894,W,059.4,098.9,210520,,,A*41
$GPGGA,214230.00,3729.158517,N,12211.659205,W,7,,0.38,-29.13,M,0.0,M,0.0,0000*73
$GPRMC,214230.00,A,3729.158517,N,12211.659205,W,059.6,098.7,210520,,,A*4E
$GPGGA,214231.00,3729.156040,N,12211.638746,W,7,,0.38,-29.14,M,0.0,M,0.0,0000*79
$GPRMC,214231.00,A,3729.156040,N,12211.638746,W,059.5,098.7,210520,,,A*40
$GPGGA,214232.00,3729.153640,N,12211.619048,W,7,,0.38,-29.24,M,0.0,M,0.0,0000*70
$GPRMC,214232.00,A,3729.153640,N,12211.619048,W,058.9,098.7,210520,,,A*47
$GPGGA,214233.00,3729.151114,N,12211.598341,W,7,,0.38,-29.25,M,0.0,M,0.0,0000*74
$GPRMC,214233.00,A,3729.151114,N,12211.598341,W,058.1,098.7,210520,,,A*4A
$GPGGA,214234.00,3729.148606,N,12211.578230,W,7,,0.38,-29.11,M,0.0,M,0.0,0000*71
$GPRMC,214234.00,A,3729.148606,N,12211.578230,W,057.6,098.9,210520,,,A*4E
$GPGGA,214235.00,3729.146133,N,12211.558429,W,7,,0.38,-29.09,M,0.0,M,0.0,0000*7A
$GPRMC,214235.00,A,3729.146133,N,12211.558429,W,057.4,098.9,210520,,,A*4E
$GPGGA,214236.00,3729.143667,N,12211.538737,W,7,,0.38,-29.15,M,0.0,M,0.0,0000*7D
$GPRMC,214236.00,A,3729.143667,N,12211.538737,W,057.1,098.9,210520,,,A*41
$GPGGA,214237.00,3729.141202,N,12211.519226,W,7,,0.38,-29.16,M,0.0,M,0.0,0000*7C
$GPRMC,214237.00,A,3729.141202,N,12211.519226,W,056.7,099.0,210520,,,A*4C
$GPGGA,214238.00,3729.138754,N,12211.499624,W,7,,0.38,-28.93,M,0.0,M,0.0,0000*78
$GPRMC,214238.00,A,3729.138754,N,12211.499624,W,056.3,098.9,210520,,,A*48
$GPGGA,214239.00,3729.136335,N,12211.480334,W,7,,0.38,-28.91,M,0.0,M,0.0,0000*7A
$GPRMC,214239.00,A,3729.136335,N,12211.480334,W,056.0,099.1,210520,,,A*42
$GPGGA,214240.00,3729.133984,N,12211.461625,W,7,,0.38,-28.86,M,0.0,M,0.0,0000*7D
$GPRMC,214240.00,A,3729.133984,N,12211.461625,W,056.3,099.1,210520,,,A*40
$GPGGA,214241.00,3729.131494,N,12211.441628,W,7,,0.38,-28.80,M,0.0,M,0.0,0000*7B
$GPRMC,214241.00,A,3729.131494,N,12211.441628,W,056.4,099.0,210520,,,A*46
$GPGGA,214242.00,3729.129033,N,12211.421917,W,7,,0.38,-28.91,M,0.0,M,0.0,0000*7D
$GPRMC,214242.00,A,3729.129033,N,12211.421917,W,056.8,098.9,210520,,,A*44
$GPGGA,214243.00,3729.126598,N,12211.402280,W,7,,0.38,-28.71,M,0.0,M,0.0,0000*7D
$GPRMC,214243.00,A,3729.126598,N,12211.402280,W,057.1,099.0,210520,,,A*4A
$GPGGA,214244.00,3729.124054,N,12211.382558,W,7,,0.38,-28.67,M,0.0,M,0.0,0000*77
$GPRMC,214244.00,A,3729.124054,N,12211.382558,W,057.5,099.2,210520,,,A*41
$GPGGA,214245.00,3729.121437,N,12211.362764,W,7,,0.38,-28.79,M,0.0,M,0.0,0000*7E
$GPRMC,214245.00,A,3729.121437,N,12211.362764,W,057.8,099.6,210520,,,A*4E
$GPGGA,214246.00,3729.118641,N,12211.342646,W,7,,0.38,-28.68,M,0.0,M,0.0,0000*77
$GPRMC,214246.00,A,3729.118641,N,12211.342646,W,058.2,100.1,210520,,,A*44
$GPGGA,214247.00,3729.115719,N,12211.322696,W,7,,0.38,-28.73,M,0.0,M,0.0,0000*76
$GPRMC,214247.00,A,3729.115719,N,12211.322696,W,058.5,100.7,210520,,,A*4E
$GPGGA,214248.00,3729.112708,N,12211.303255,W,7,,0.38,-28.54,M,0.0,M,0.0,0000*73
$GPRMC,214248.00,A,3729.112708,N,12211.303255,W,058.8,101.1,210520,,,A*44
$GPGGA,214249.00,3729.109335,N,12211.282472,W,7,,0.38,-28.57,M,0.0,M,0.0,0000*7A
$GPRMC,214249.00,A,3729.109335,N,12211.282472,W,059.2,101.8,210520,,,A*4C
$GPGGA,214250.00,3729.105850,N,12211.262065,W,7,,0.38,-28.56,M,0.0,M,0.0,0000*7B
$GPRMC,214250.00,A,3729.105850,N,12211.262065,W,059.5,102.4,210520,,,A*44
$GPGGA,214251.00,3729.102177,N,12211.241780,W,7,,0.38,-28.51,M,0.0,M,0.0,0000*7B
$GPRMC,214251.00,A,3729.102177,N,12211.241780,W,059.8,103.1,210520,,,A*4A
$GPGGA,214252.00,3729.098283,N,12211.221416,W,7,,0.38,-28.61,M,0.0,M,0.0,0000*7B
$GPRMC,214252.00,A,3729.098283,N,12211.221416,W,060.2,103.7,210520,,,A*4F
$GPGGA,214253.00,3729.094227,N,12211.201039,W,7,,0.38,-28.59,M,0.0,M,0.0,0000*78
$GPRMC,214253.00,A,3729.094227,N,12211.201039,W,060.5,104.2,210520,,,A*42
$GPGGA,214254.00,3729.089950,N,12211.180430,W,7,,0.38,-28.74,M,0.0,M,0.0,0000*70
$GPRMC,214254.00,A,3729.089950,N,12211.180430,W,060.8,104.8,210520,,,A*42
$GPGGA,214255.00,3729.085570,N,12211.159969,W,7,,0.38,-28.67,M,0.0,M,0.0,0000*74
$GPRMC,214255.00,A,3729.085570,N,12211.159969,W,060.9,105.3,210520,,,A*4F
$GPGGA,214256.00,3729.081165,N,12211.140205,W,7,,0.38,-28.73,M,0.0,M,0.0,0000*7F
$GPRMC,214256.00,A,3729.081165,N,12211.140205,W,061.1,105.8,210520,,,A*43
$GPGGA,214257.00,3729.076287,N,12211.119133,W,7,,0.38,-28.79,M,0.0,M,0.0,0000*79
$GPRMC,214257.00,A,3729.076287,N,12211.119133,W,061.0,106.4,210520,,,A*41
$GPGGA,214258.00,3729.071313,N,12211.098613,W,7,,0.38,-28.77,M,0.0,M,0.0,0000*7E
$GPRMC,214258.00,A,3729.071313,N,12211.098613,W,061.0,107.2,210520,,,A*4F
$GPGGA,214259.00,3729.066190,N,12211.078412,W,7,,0.38,-28.82,M,0.0,M,0.0,0000*77
$GPRMC,214259.00,A,3729.066190,N,12211.078412,W,060.7,107.9,210520,,,A*41
$GPGGA,214300.00,3729.060940,N,12211.058425,W,7,,0.38,-28.75,M,0.0,M,0.0,0000*77
$GPRMC,214300.00,A,3729.060940,N,12211.058425,W,060.4,108.4,210520,,,A*48
$GPGGA,214301.00,3729.055413,N,12211.038391,W,7,,0.38,-28.72,M,0.0,M,0.0,0000*72
$GPRMC,214301.00,A,3729.055413,N,12211.038391,W,060.1,109.3,210520,,,A*49
$GPGGA,214302.00,3729.049761,N,12211.018736,W,7,,0.38,-28.52,M,0.0,M,0.0,0000*73
$GPRMC,214302.00,A,3729.049761,N,12211.018736,W,059.9,110.1,210520,,,A*42
$GPGGA,214303.00,3729.044031,N,12210.999181,W,7,,0.38,-28.55,M,0.0,M,0.0,0000*71
$GPRMC,214303.00,A,3729.044031,N,12210.999181,W,059.8,110.3,210520,,,A*44
$GPGGA,214304.00,3729.038428,N,12210.980306,W,7,,0.38,-28.48,M,0.0,M,0.0,0000*78
$GPRMC,214304.00,A,3729.038428,N,12210.980306,W,059.8,110.6,210520,,,A*44
$GPGGA,214305.00,3729.032283,N,12210.960043,W,7,,0.38,-28.34,M,0.0,M,0.0,0000*73
$GPRMC,214305.00,A,3729.032283,N,12210.960043,W,059.7,111.1,210520,,,A*4D
$GPGGA,214306.00,3729.026151,N,12210.940717,W,7,,0.38,-28.28,M,0.0,M,0.0,0000*70
$GPRMC,214306.00,A,3729.026151,N,12210.940717,W,059.4,111.9,210520,,,A*48
$GPGGA,214307.00,3729.019959,N,12210.921692,W,7,,0.38,-28.21,M,0.0,M,0.0,0000*7F
$GPRMC,214307.00,A,3729.019959,N,12210.921692,W,058.7,112.4,210520,,,A*42
$GPGGA,214308.00,3729.013798,N,12210.902971,W,7,,0.38,-28.39,M,0.0,M,0.0,0000*73
$GPRMC,214308.00,A,3729.013798,N,12210.902971,W,057.8,112.5,210520,,,A*46
$GPGGA,214309.00,3729.007528,N,12210.884503,W,7,,0.38,-28.34,M,0.0,M,0.0,0000*75
$GPRMC,214309.00,A,3729.007528,N,12210.884503,W,056.6,113.3,210520,,,A*45
$GPGGA,214310.00,3729.001425,N,12210.866653,W,7,,0.38,-28.29,M,0.0,M,0.0,0000*71
$GPRMC,214310.00,A,3729.001425,N,12210.866653,W,055.5,113.3,210520,,,A*4D
$GPGGA,214311.00,3728.995395,N,12210.849050,W,7,,0.39,-28.28,M,0.0,M,0.0,0000*71
$GPRMC,214311.00,A,3728.995395,N,12210.849050,W,054.8,113.4,210520,,,A*46
$GPGGA,214312.00,3728.989455,N,12210.832225,W,7,,0.39,-28.25,M,0.0,M,0.0,0000*75
$GPRMC,214312.00,A,3728.989455,N,12210.832225,W,054.4,114.3,210520,,,A*43
$GPGGA,214313.00,3728.982819,N,12210.814315,W,7,,0.38,-28.51,M,0.0,M,0.0,0000*7F
$GPRMC,214313.00,A,3728.982819,N,12210.814315,W,054.5,115.4,210520,,,A*4C
$GPGGA,214314.00,3728.976118,N,12210.797251,W,7,,0.38,-28.45,M,0.0,M,0.0,0000*7B
$GPRMC,214314.00,A,3728.976118,N,12210.797251,W,054.9,116.5,210520,,,A*43
$GPGGA,214315.00,3728.969061,N,12210.780235,W,7,,0.38,-28.37,M,0.0,M,0.0,0000*7A
$GPRMC,214315.00,A,3728.969061,N,12210.780235,W,055.1,117.9,210520,,,A*43
$GPGGA,214316.00,3728.961454,N,12210.762799,W,7,,0.38,-28.29,M,0.0,M,0.0,0000*73
$GPRMC,214316.00,A,3728.961454,N,12210.762799,W,055.4,119.0,210520,,,A*47
$GPGGA,214317.00,3728.953972,N,12210.746353,W,7,,0.38,-28.41,M,0.0,M,0.0,0000*70
$GPRMC,214317.00,A,3728.953972,N,12210.746353,W,055.7,120.1,210520,,,A*42
$GPGGA,214318.00,3728.946069,N,12210.729698,W,7,,0.38,-28.42,M,0.0,M,0.0,0000*70
$GPRMC,214318.00,A,3728.946069,N,12210.729698,W,055.8,121.2,210520,,,A*4C
$GPGGA,214319.00,3728.937873,N,12210.713138,W,7,,0.38,-28.57,M,0.0,M,0.0,0000*74
$GPRMC,214319.00,A,3728.937873,N,12210.713138,W,056.1,122.2,210520,,,A*45
$GPGGA,214320.00,3728.929756,N,12210.697196,W,7,,0.38,-28.62,M,0.0,M,0.0,0000*76
$GPRMC,214320.00,A,3728.929756,N,12210.697196,W,056.3,122.7,210520,,,A*46
$GPGGA,214321.00,3728.920791,N,12210.679987,W,7,,0.38,-28.64,M,0.0,M,0.0,0000*7B
$GPRMC,214321.00,A,3728.920791,N,12210.679987,W,056.8,123.4,210520,,,A*44
$GPGGA,214322.00,3728.912020,N,12210.663452,W,7,,0.38,-28.74,M,0.0,M,0.0,0000*7B
$GPRMC,214322.00,A,3728.912020,N,12210.663452,W,057.2,123.9,210520,,,A*43
$GPGGA,214323.00,3728.903073,N,12210.647030,W,7,,0.38,-28.50,M,0.0,M,0.0,0000*7C
$GPRMC,214323.00,A,3728.903073,N,12210.647030,W,057.2,124.3,210520,,,A*4F
$GPGGA,214324.00,3728.893983,N,12210.630697,W,7,,0.38,-28.68,M,0.0,M,0.0,0000*75
$GPRMC,214324.00,A,3728.893983,N,12210.630697,W,057.3,125.3,210520,,,A*4D
$GPGGA,214325.00,3728.884666,N,12210.614323,W,7,,0.38,-28.66,M,0.0,M,0.0,0000*74
$GPRMC,214325.00,A,3728.884666,N,12210.614323,W,057.5,125.8,210520,,,A*4F
$GPGGA,214326.00,3728.875239,N,12210.598142,W,7,,0.38,-28.64,M,0.0,M,0.0,0000*77
$GPRMC,214326.00,A,3728.875239,N,12210.598142,W,057.5,126.2,210520,,,A*47
$GPGGA,214327.00,3728.865838,N,12210.582007,W,7,,0.38,-28.55,M,0.0,M,0.0,0000*75
$GPRMC,214327.00,A,3728.865838,N,12210.582007,W,057.5,126.2,210520,,,A*47
$GPGGA,214328.00,3728.856657,N,12210.566288,W,7,,0.38,-28.53,M,0.0,M,0.0,0000*74
$GPRMC,214328.00,A,3728.856657,N,12210.566288,W,057.9,126.3,210520,,,A*4D
$GPGGA,214329.00,3728.846739,N,12210.549265,W,7,,0.38,-28.87,M,0.0,M,0.0,0000*7A
$GPRMC,214329.00,A,3728.846739,N,12210.549265,W,058.4,126.2,210520,,,A*49
$GPGGA,214330.00,3728.837175,N,12210.532759,W,7,,0.38,-28.79,M,0.0,M,0.0,0000*7D
$GPRMC,214330.00,A,3728.837175,N,12210.532759,W,058.8,126.1,210520,,,A*40
$GPGGA,214331.00,3728.827498,N,12210.516194,W,7,,0.38,-28.72,M,0.0,M,0.0,0000*71
$GPRMC,214331.00,A,3728.827498,N,12210.516194,W,059.1,126.3,210520,,,A*4D
$GPGGA,214332.00,3728.817790,N,12210.499555,W,7,,0.38,-28.88,M,0.0,M,0.0,0000*70
$GPRMC,214332.00,A,3728.817790,N,12210.499555,W,059.2,126.1,210520,,,A*48
$GPGGA,214333.00,3728.808033,N,12210.482749,W,7,,0.38,-29.07,M,0.0,M,0.0,0000*72
$GPRMC,214333.00,A,3728.808033,N,12210.482749,W,059.2,126.1,210520,,,A*4C
$GPGGA,214334.00,3728.798302,N,12210.466045,W,7,,0.38,-29.44,M,0.0,M,0.0,0000*74
$GPRMC,214334.00,A,3728.798302,N,12210.466045,W,059.5,126.3,210520,,,A*48
$GPGGA,214335.00,3728.788504,N,12210.449336,W,7,,0.38,-29.82,M,0.0,M,0.0,0000*74
$GPRMC,214335.00,A,3728.788504,N,12210.449336,W,059.6,126.4,210520,,,A*46
$GPGGA,214336.00,3728.779054,N,12210.433178,W,7,,0.38,-30.36,M,0.0,M,0.0,0000*7B
$GPRMC,214336.00,A,3728.779054,N,12210.433178,W,059.5,126.1,210520,,,A*48
$GPGGA,214337.00,3728.768872,N,12210.415693,W,7,,0.38,-30.78,M,0.0,M,0.0,0000*7A
$GPRMC,214337.00,A,3728.768872,N,12210.415693,W,059.6,126.0,210520,,,A*41
$GPGGA,214338.00,3728.759211,N,12210.398905,W,7,,0.38,-31.31,M,0.0,M,0.0,0000*76
$GPRMC,214338.00,A,3728.759211,N,12210.398905,W,059.5,125.8,210520,,,A*49
$GPGGA,214339.00,3728.749593,N,12210.382159,W,7,,0.38,-31.87,M,0.0,M,0.0,0000*7C
$GPRMC,214339.00,A,3728.749593,N,12210.382159,W,059.2,125.8,210520,,,A*49
$GPGGA,214340.00,3728.739616,N,12210.365083,W,7,,0.39,-32.21,M,0.0,M,0.0,0000*7A
$GPRMC,214340.00,A,3728.739616,N,12210.365083,W,058.9,126.1,210520,,,A*41
$GPGGA,214341.00,3728.730225,N,12210.348967,W,7,,0.39,-32.22,M,0.0,M,0.0,0000*79
$GPRMC,214341.00,A,3728.730225,N,12210.348967,W,058.5,126.2,210520,,,A*4E
$GPGGA,214342.00,3728.720697,N,12210.332660,W,7,,0.38,-32.06,M,0.0,M,0.0,0000*74
$GPRMC,214342.00,A,3728.720697,N,12210.332660,W,058.2,126.5,210520,,,A*44
$GPGGA,214343.00,3728.711097,N,12210.316358,W,7,,0.38,-31.64,M,0.0,M,0.0,0000*7E
$GPRMC,214343.00,A,3728.711097,N,12210.316358,W,058.2,126.7,210520,,,A*4B
$GPGGA,214344.00,3728.701786,N,12210.300632,W,7,,0.38,-31.07,M,0.0,M,0.0,0000*74
$GPRMC,214344.00,A,3728.701786,N,12210.300632,W,058.2,126.6,210520,,,A*45
$GPGGA,214345.00,3728.691742,N,12210.283646,W,7,,0.38,-30.45,M,0.0,M,0.0,0000*7B
$GPRMC,214345.00,A,3728.691742,N,12210.283646,W,058.4,126.6,210520,,,A*4B
$GPGGA,214346.00,3728.682148,N,12210.267277,W,7,,0.38,-29.83,M,0.0,M,0.0,0000*78
$GPRMC,214346.00,A,3728.682148,N,12210.267277,W,058.5,126.3,210520,,,A*4E
$GPGGA,214347.00,3728.672547,N,12210.250801,W,7,,0.38,-29.10,M,0.0,M,0.0,0000*78
$GPRMC,214347.00,A,3728.672547,N,12210.250801,W,058.6,126.2,210520,,,A*46
$GPGGA,214348.00,3728.662666,N,12210.233750,W,7,,0.38,-28.51,M,0.0,M,0.0,0000*7C
$GPRMC,214348.00,A,3728.662666,N,12210.233750,W,058.7,126.1,210520,,,A*44
$GPGGA,214349.00,3728.653252,N,12210.217615,W,7,,0.38,-28.13,M,0.0,M,0.0,0000*7C
$GPRMC,214349.00,A,3728.653252,N,12210.217615,W,058.8,126.2,210520,,,A*4E
$GPGGA,214350.00,3728.643598,N,12210.201032,W,7,,0.38,-27.57,M,0.0,M,0.0,0000*7F
$GPRMC,214350.00,A,3728.643598,N,12210.201032,W,059.0,126.1,210520,,,A*48
$GPGGA,214351.00,3728.633932,N,12210.184370,W,7,,0.38,-27.01,M,0.0,M,0.0,0000*7D
$GPRMC,214351.00,A,3728.633932,N,12210.184370,W,059.2,125.9,210520,,,A*40
$GPGGA,214352.00,3728.624601,N,12210.168181,W,7,,0.38,-26.88,M,0.0,M,0.0,0000*79
$GPRMC,214352.00,A,3728.624601,N,12210.168181,W,059.4,125.8,210520,,,A*43
$GPGGA,214353.00,3728.614588,N,12210.150601,W,7,,0.38,-26.80,M,0.0,M,0.0,0000*75
$GPRMC,214353.00,A,3728.614588,N,12210.150601,W,059.8,125.3,210520,,,A*40
$GPGGA,214354.00,3728.604952,N,12210.133532,W,7,,0.38,-26.72,M,0.0,M,0.0,0000*73
$GPRMC,214354.00,A,3728.604952,N,12210.133532,W,060.2,125.4,210520,,,A*4C
$GPGGA,214355.00,3728.595231,N,12210.116401,W,7,,0.38,-26.72,M,0.0,M,0.0,0000*71
$GPRMC,214355.00,A,3728.595231,N,12210.116401,W,060.6,125.5,210520,,,A*4B
$GPGGA,214356.00,3728.585277,N,12210.099037,W,7,,0.38,-26.70,M,0.0,M,0.0,0000*74
$GPRMC,214356.00,A,3728.585277,N,12210.099037,W,060.9,125.9,210520,,,A*4F
$GPGGA,214357.00,3728.575317,N,12210.081800,W,7,,0.38,-26.73,M,0.0,M,0.0,0000*7B
$GPRMC,214357.00,A,3728.575317,N,12210.081800,W,061.1,126.1,210520,,,A*41
$GPGGA,214358.00,3728.565274,N,12210.064604,W,7,,0.38,-26.58,M,0.0,M,0.0,0000*79
$GPRMC,214358.00,A,3728.565274,N,12210.064604,W,061.3,126.2,210520,,,A*4B
$GPGGA,214359.00,3728.555266,N,12210.047437,W,7,,0.38,-26.66,M,0.0,M,0.0,0000*76
$GPRMC,214359.00,A,3728.555266,N,12210.047437,W,061.0,126.2,210520,,,A*4A
$GPGGA,214400.00,3728.545570,N,12210.030740,W,7,,0.38,-26.46,M,0.0,M,0.0,0000*7D
$GPRMC,214400.00,A,3728.545570,N,12210.030740,W,060.6,126.1,210520,,,A*47
$GPGGA,214402.00,3728.525494,N,12209.996293,W,7,,0.38,-26.42,M,0.0,M,0.0,0000*70
$GPRMC,214402.00,A,3728.525494,N,12209.996293,W,060.3,126.2,210520,,,A*48
$GPGGA,214403.00,3728.515504,N,12209.979308,W,7,,0.38,-26.32,M,0.0,M,0.0,0000*7F
$GPRMC,214403.00,A,3728.515504,N,12209.979308,W,060.7,126.4,210520,,,A*42
$GPGGA,214404.00,3728.505514,N,12209.962123,W,7,,0.38,-26.12,M,0.0,M,0.0,0000*7B
$GPRMC,214404.00,A,3728.505514,N,12209.962123,W,060.5,126.2,210520,,,A*40
$GPGGA,214405.00,3728.495548,N,12209.945161,W,7,,0.38,-25.96,M,0.0,M,0.0,0000*77
$GPRMC,214405.00,A,3728.495548,N,12209.945161,W,060.4,126.3,210520,,,A*43
$GPGGA,214406.00,3728.485600,N,12209.928145,W,7,,0.38,-25.99,M,0.0,M,0.0,0000*78
$GPRMC,214406.00,A,3728.485600,N,12209.928145,W,060.8,126.3,210520,,,A*4F
$GPGGA,214407.00,3728.475537,N,12209.911004,W,7,,0.38,-25.86,M,0.0,M,0.0,0000*71
$GPRMC,214407.00,A,3728.475537,N,12209.911004,W,061.3,126.5,210520,,,A*44
$GPGGA,214408.00,3728.465680,N,12209.894240,W,7,,0.38,-25.91,M,0.0,M,0.0,0000*78
$GPRMC,214408.00,A,3728.465680,N,12209.894240,W,061.3,126.3,210520,,,A*4D
$GPGGA,214409.00,3728.455384,N,12209.876557,W,7,,0.38,-26.03,M,0.0,M,0.0,0000*7E
$GPRMC,214409.00,A,3728.455384,N,12209.876557,W,060.8,126.2,210520,,,A*48
$GPGGA,214410.00,3728.445496,N,12209.859583,W,7,,0.38,-25.86,M,0.0,M,0.0,0000*79
$GPRMC,214410.00,A,3728.445496,N,12209.859583,W,060.2,126.1,210520,,,A*48
$GPGGA,214411.00,3728.435589,N,12209.842772,W,7,,0.38,-25.67,M,0.0,M,0.0,0000*79
$GPRMC,214411.00,A,3728.435589,N,12209.842772,W,059.7,126.5,210520,,,A*4C
$GPGGA,214412.00,3728.425743,N,12209.826013,W,7,,0.38,-25.58,M,0.0,M,0.0,0000*71
$GPRMC,214412.00,A,3728.425743,N,12209.826013,W,059.2,126.5,210520,,,A*4D
$GPGGA,214413.00,3728.416005,N,12209.809496,W,7,,0.38,-25.64,M,0.0,M,0.0,0000*7E
$GPRMC,214413.00,A,3728.416005,N,12209.809496,W,058.9,126.4,210520,,,A*46
$GPGGA,214414.00,3728.406333,N,12209.793025,W,7,,0.38,-25.59,M,0.0,M,0.0,0000*70
$GPRMC,214414.00,A,3728.406333,N,12209.793025,W,058.8,126.5,210520,,,A*46
$GPGGA,214415.00,3728.396608,N,12209.776532,W,7,,0.38,-25.63,M,0.0,M,0.0,0000*73
$GPRMC,214415.00,A,3728.396608,N,12209.776532,W,059.0,126.5,210520,,,A*45
$GPGGA,214416.00,3728.387134,N,12209.760421,W,7,,0.38,-25.47,M,0.0,M,0.0,0000*7A
$GPRMC,214416.00,A,3728.387134,N,12209.760421,W,058.7,126.3,210520,,,A*4A
$GPGGA,214417.00,3728.377251,N,12209.743447,W,7,,0.38,-25.53,M,0.0,M,0.0,0000*70
$GPRMC,214417.00,A,3728.377251,N,12209.743447,W,058.5,126.0,210520,,,A*44
$GPGGA,214418.00,3728.367682,N,12209.727019,W,7,,0.38,-25.43,M,0.0,M,0.0,0000*78
$GPRMC,214418.00,A,3728.367682,N,12209.727019,W,058.3,126.1,210520,,,A*4A
$GPGGA,214419.00,3728.358160,N,12209.710682,W,7,,0.38,-25.21,M,0.0,M,0.0,0000*7A
$GPRMC,214419.00,A,3728.358160,N,12209.710682,W,058.1,126.1,210520,,,A*4E
$GPGGA,214420.00,3728.348536,N,12209.694254,W,7,,0.38,-25.02,M,0.0,M,0.0,0000*75
$GPRMC,214420.00,A,3728.348536,N,12209.694254,W,057.8,126.4,210520,,,A*43
$GPGGA,214421.00,3728.339014,N,12209.678029,W,7,,0.38,-24.82,M,0.0,M,0.0,0000*74
$GPRMC,214421.00,A,3728.339014,N,12209.678029,W,057.9,126.3,210520,,,A*4D
$GPGGA,214422.00,3728.329492,N,12209.661806,W,7,,0.38,-24.71,M,0.0,M,0.0,0000*7D
$GPRMC,214422.00,A,3728.329492,N,12209.661806,W,057.9,126.5,210520,,,A*4E
$GPGGA,214423.00,3728.319958,N,12209.645611,W,7,,0.38,-24.62,M,0.0,M,0.0,0000*78
$GPRMC,214423.00,A,3728.319958,N,12209.645611,W,057.9,126.4,210520,,,A*48
$GPGGA,214424.00,3728.310658,N,12209.629771,W,7,,0.38,-24.64,M,0.0,M,0.0,0000*72
$GPRMC,214424.00,A,3728.310658,N,12209.629771,W,057.8,126.3,210520,,,A*42
$GPGGA,214425.00,3728.300842,N,12209.613008,W,7,,0.38,-24.53,M,0.0,M,0.0,0000*73
$GPRMC,214425.00,A,3728.300842,N,12209.613008,W,057.8,126.2,210520,,,A*46
$GPGGA,214426.00,3728.291307,N,12209.596825,W,7,,0.38,-24.53,M,0.0,M,0.0,0000*7A
$GPRMC,214426.00,A,3728.291307,N,12209.596825,W,057.8,126.5,210520,,,A*48
$GPGGA,214427.00,3728.281726,N,12209.580667,W,7,,0.38,-24.50,M,0.0,M,0.0,0000*71
$GPRMC,214427.00,A,3728.281726,N,12209.580667,W,057.9,126.6,210520,,,A*42
$GPGGA,214428.00,3728.272132,N,12209.564269,W,7,,0.38,-24.47,M,0.0,M,0.0,0000*77
$GPRMC,214428.00,A,3728.272132,N,12209.564269,W,057.9,126.3,210520,,,A*47
$GPGGA,214429.00,3728.262616,N,12209.548051,W,7,,0.38,-24.32,M,0.0,M,0.0,0000*73
$GPRMC,214429.00,A,3728.262616,N,12209.548051,W,057.8,126.4,210520,,,A*47
$GPGGA,214430.00,3728.253100,N,12209.531858,W,7,,0.38,-24.19,M,0.0,M,0.0,0000*7F
$GPRMC,214430.00,A,3728.253100,N,12209.531858,W,057.8,126.3,210520,,,A*45
$GPGGA,214431.00,3728.243566,N,12209.515628,W,7,,0.38,-24.42,M,0.0,M,0.0,0000*7A
$GPRMC,214431.00,A,3728.243566,N,12209.515628,W,058.0,126.5,210520,,,A*4F
$GPGGA,214432.00,3728.234230,N,12209.499769,W,7,,0.38,-24.32,M,0.0,M,0.0,0000*7B
$GPRMC,214432.00,A,3728.234230,N,12209.499769,W,058.0,126.6,210520,,,A*4A
$GPGGA,214433.00,3728.224282,N,12209.482940,W,7,,0.38,-24.29,M,0.0,M,0.0,0000*77
$GPRMC,214433.00,A,3728.224282,N,12209.482940,W,058.3,126.6,210520,,,A*4F
$GPGGA,214434.00,3728.214555,N,12209.466601,W,7,,0.38,-24.21,M,0.0,M,0.0,0000*76
$GPRMC,214434.00,A,3728.214555,N,12209.466601,W,058.7,126.8,210520,,,A*4C
$GPGGA,214435.00,3728.204716,N,12209.450113,W,7,,0.38,-24.06,M,0.0,M,0.0,0000*77
$GPRMC,214435.00,A,3728.204716,N,12209.450113,W,059.3,126.8,210520,,,A*4D
$GPGGA,214436.00,3728.194690,N,12209.433313,W,7,,0.38,-24.06,M,0.0,M,0.0,0000*76
$GPRMC,214436.00,A,3728.194690,N,12209.433313,W,059.9,126.9,210520,,,A*47
$GPGGA,214437.00,3728.184681,N,12209.416549,W,7,,0.38,-23.90,M,0.0,M,0.0,0000*70
$GPRMC,214437.00,A,3728.184681,N,12209.416549,W,060.4,126.9,210520,,,A*4E
$GPGGA,214438.00,3728.174535,N,12209.399647,W,7,,0.38,-23.92,M,0.0,M,0.0,0000*73
$GPRMC,214438.00,A,3728.174535,N,12209.399647,W,060.9,127.0,210520,,,A*4A
$GPGGA,214439.00,3728.164342,N,12209.382601,W,7,,0.38,-23.90,M,0.0,M,0.0,0000*7F
$GPRMC,214439.00,A,3728.164342,N,12209.382601,W,061.3,126.9,210520,,,A*47
$GPGGA,214440.00,3728.154454,N,12209.365969,W,7,,0.38,-23.84,M,0.0,M,0.0,0000*7F
$GPRMC,214440.00,A,3728.154454,N,12209.365969,W,061.0,126.6,210520,,,A*4E
$GPGGA,214441.00,3728.144044,N,12209.348317,W,7,,0.38,-23.76,M,0.0,M,0.0,0000*7B
$GPRMC,214441.00,A,3728.144044,N,12209.348317,W,061.2,126.5,210520,,,A*46
$GPGGA,214442.00,3728.133933,N,12209.331187,W,7,,0.38,-23.75,M,0.0,M,0.0,0000*77
$GPRMC,214442.00,A,3728.133933,N,12209.331187,W,061.3,126.4,210520,,,A*49
$GPGGA,214443.00,3728.123872,N,12209.313956,W,7,,0.39,-23.64,M,0.0,M,0.0,0000*76
$GPRMC,214443.00,A,3728.123872,N,12209.313956,W,061.3,126.1,210520,,,A*4C
$GPGGA,214444.00,3728.113755,N,12209.296724,W,7,,0.39,-23.56,M,0.0,M,0.0,0000*7E
$GPRMC,214444.00,A,3728.113755,N,12209.296724,W,060.6,126.3,210520,,,A*43
$GPGGA,214445.00,3728.103765,N,12209.279839,W,7,,0.38,-23.59,M,0.0,M,0.0,0000*71
$GPRMC,214445.00,A,3728.103765,N,12209.279839,W,059.9,126.8,210520,,,A*4C
$GPGGA,214446.00,3728.094015,N,12209.263160,W,7,,0.38,-23.50,M,0.0,M,0.0,0000*7A
$GPRMC,214446.00,A,3728.094015,N,12209.263160,W,059.2,126.1,210520,,,A*4C
$GPGGA,214447.00,3728.084379,N,12209.246689,W,7,,0.38,-23.55,M,0.0,M,0.0,0000*71
$GPRMC,214447.00,A,3728.084379,N,12209.246689,W,058.6,126.3,210520,,,A*45
$GPGGA,214448.00,3728.075019,N,12209.230646,W,7,,0.38,-23.51,M,0.0,M,0.0,0000*73
$GPRMC,214448.00,A,3728.075019,N,12209.230646,W,058.2,126.2,210520,,,A*46
$GPGGA,214449.00,3728.065246,N,12209.213840,W,7,,0.38,-23.68,M,0.0,M,0.0,0000*78
$GPRMC,214449.00,A,3728.065246,N,12209.213840,W,057.7,126.0,210520,,,A*4F
$GPGGA,214450.00,3728.055868,N,12209.197687,W,7,,0.38,-23.51,M,0.0,M,0.0,0000*75
$GPRMC,214450.00,A,3728.055868,N,12209.197687,W,057.1,126.1,210520,,,A*4F
$GPGGA,214451.00,3728.046585,N,12209.181733,W,7,,0.38,-23.46,M,0.0,M,0.0,0000*77
$GPRMC,214451.00,A,3728.046585,N,12209.181733,W,056.7,126.2,210520,,,A*4F
$GPGGA,214452.00,3728.037280,N,12209.165731,W,7,,0.38,-23.32,M,0.0,M,0.0,0000*7B
$GPRMC,214452.00,A,3728.037280,N,12209.165731,W,056.1,126.1,210520,,,A*45
$GPGGA,214453.00,3728.028123,N,12209.150119,W,7,,0.38,-23.24,M,0.0,M,0.0,0000*73
$GPRMC,214453.00,A,3728.028123,N,12209.150119,W,055.5,126.5,210520,,,A*49
$GPGGA,214454.00,3728.019051,N,12209.134693,W,7,,0.38,-23.26,M,0.0,M,0.0,0000*77
$GPRMC,214454.00,A,3728.019051,N,12209.134693,W,055.0,126.4,210520,,,A*4B
$GPGGA,214455.00,3728.010064,N,12209.119334,W,7,,0.38,-23.07,M,0.0,M,0.0,0000*7D
$GPRMC,214455.00,A,3728.010064,N,12209.119334,W,054.6,126.3,210520,,,A*42
$GPGGA,214456.00,3728.001298,N,12209.104363,W,7,,0.38,-23.04,M,0.0,M,0.0,0000*72
$GPRMC,214456.00,A,3728.001298,N,12209.104363,W,054.7,126.3,210520,,,A*4F
$GPGGA,214457.00,3727.992004,N,12209.088505,W,7,,0.38,-23.02,M,0.0,M,0.0,0000*7D
$GPRMC,214457.00,A,3727.992004,N,12209.088505,W,054.8,126.4,210520,,,A*4E
$GPGGA,214458.00,3727.982967,N,12209.073218,W,7,,0.38,-22.86,M,0.0,M,0.0,0000*7D
$GPRMC,214458.00,A,3727.982967,N,12209.073218,W,054.6,126.7,210520,,,A*4E
$GPGGA,214459.00,3727.974202,N,12209.058463,W,7,,0.38,-22.87,M,0.0,M,0.0,0000*7F
$GPRMC,214459.00,A,3727.974202,N,12209.058463,W,053.9,126.6,210520,,,A*44
$GPGGA,214500.00,3727.965057,N,12209.043067,W,7,,0.38,-22.59,M,0.0,M,0.0,0000*79
$GPRMC,214500.00,A,3727.965057,N,12209.043067,W,053.2,126.7,210520,,,A*4B
$GPGGA,214501.00,3727.956333,N,12209.028326,W,7,,0.38,-22.49,M,0.0,M,0.0,0000*73
$GPRMC,214501.00,A,3727.956333,N,12209.028326,W,052.5,126.6,210520,,,A*47
$GPGGA,214502.00,3727.947706,N,12209.013716,W,7,,0.38,-22.46,M,0.0,M,0.0,0000*72
$GPRMC,214502.00,A,3727.947706,N,12209.013716,W,052.2,126.5,210520,,,A*4D
$GPGGA,214503.00,3727.939312,N,12208.999412,W,7,,0.38,-22.31,M,0.0,M,0.0,0000*76
$GPRMC,214503.00,A,3727.939312,N,12208.999412,W,052.2,126.3,210520,,,A*4F
$GPGGA,214504.00,3727.930689,N,12208.984706,W,7,,0.38,-22.32,M,0.0,M,0.0,0000*76
$GPRMC,214504.00,A,3727.930689,N,12208.984706,W,052.5,126.3,210520,,,A*4B
$GPGGA,214505.00,3727.921768,N,12208.969489,W,7,,0.38,-22.25,M,0.0,M,0.0,0000*78
$GPRMC,214505.00,A,3727.921768,N,12208.969489,W,052.7,126.4,210520,,,A*46
$GPGGA,214506.00,3727.913181,N,12208.954771,W,7,,0.38,-22.13,M,0.0,M,0.0,0000*74
$GPRMC,214506.00,A,3727.913181,N,12208.954771,W,052.4,126.2,210520,,,A*4A
$GPGGA,214507.00,3727.904781,N,12208.940384,W,7,,0.38,-21.96,M,0.0,M,0.0,0000*70
$GPRMC,214507.00,A,3727.904781,N,12208.940384,W,052.5,126.1,210520,,,A*42
$GPGGA,214508.00,3727.895902,N,12208.925060,W,7,,0.38,-21.84,M,0.0,M,0.0,0000*7A
$GPRMC,214508.00,A,3727.895902,N,12208.925060,W,052.8,125.8,210520,,,A*4C
$GPGGA,214509.00,3727.887298,N,12208.910078,W,7,,0.38,-21.74,M,0.0,M,0.0,0000*70
$GPRMC,214509.00,A,3727.887298,N,12208.910078,W,053.2,125.7,210520,,,A*4D
$GPGGA,214510.00,3727.878574,N,12208.894988,W,7,,0.38,-21.87,M,0.0,M,0.0,0000*7A
$GPRMC,214510.00,A,3727.878574,N,12208.894988,W,053.7,126.0,210520,,,A*4A
$GPGGA,214511.00,3727.869934,N,12208.880090,W,7,,0.38,-21.88,M,0.0,M,0.0,0000*79
$GPRMC,214511.00,A,3727.869934,N,12208.880090,W,054.2,126.1,210520,,,A*45
$GPGGA,214512.00,3727.861041,N,12208.864784,W,7,,0.38,-21.85,M,0.0,M,0.0,0000*7C
$GPRMC,214512.00,A,3727.861041,N,12208.864784,W,054.6,126.3,210520,,,A*4B
$GPGGA,214513.00,3727.851718,N,12208.848961,W,7,,0.38,-22.13,M,0.0,M,0.0,0000*72
$GPRMC,214513.00,A,3727.851718,N,12208.848961,W,055.1,126.6,210520,,,A*4A
$GPGGA,214514.00,3727.842526,N,12208.833416,W,7,,0.38,-22.16,M,0.0,M,0.0,0000*7C
$GPRMC,214514.00,A,3727.842526,N,12208.833416,W,055.8,126.6,210520,,,A*48
$GPGGA,214515.00,3727.833478,N,12208.818032,W,7,,0.38,-22.36,M,0.0,M,0.0,0000*78
$GPRMC,214515.00,A,3727.833478,N,12208.818032,W,056.5,126.5,210520,,,A*43
$GPGGA,214516.00,3727.823763,N,12208.801567,W,7,,0.38,-22.61,M,0.0,M,0.0,0000*7C
$GPRMC,214516.00,A,3727.823763,N,12208.801567,W,057.3,126.4,210520,,,A*43
$GPGGA,214517.00,3727.814313,N,12208.785451,W,7,,0.38,-22.79,M,0.0,M,0.0,0000*74
$GPRMC,214517.00,A,3727.814313,N,12208.785451,W,057.7,126.3,210520,,,A*41
$GPGGA,214518.00,3727.804725,N,12208.769227,W,7,,0.38,-23.00,M,0.0,M,0.0,0000*71
$GPRMC,214518.00,A,3727.804725,N,12208.769227,W,058.2,126.6,210520,,,A*44
$GPGGA,214519.00,3727.795324,N,12208.753190,W,7,,0.38,-23.02,M,0.0,M,0.0,0000*76
$GPRMC,214519.00,A,3727.795324,N,12208.753190,W,058.6,126.4,210520,,,A*47
$GPGGA,214520.00,3727.785603,N,12208.736779,W,7,,0.38,-23.24,M,0.0,M,0.0,0000*7B
$GPRMC,214520.00,A,3727.785603,N,12208.736779,W,059.0,126.6,210520,,,A*4B
$GPGGA,214521.00,3727.775433,N,12208.719703,W,7,,0.38,-23.38,M,0.0,M,0.0,0000*79
$GPRMC,214521.00,A,3727.775433,N,12208.719703,W,059.4,126.9,210520,,,A*4F
$GPGGA,214522.00,3727.765569,N,12208.703252,W,7,,0.38,-23.56,M,0.0,M,0.0,0000*77
$GPRMC,214522.00,A,3727.765569,N,12208.703252,W,059.2,127.0,210520,,,A*47
$GPGGA,214523.00,3727.755892,N,12208.687117,W,7,,0.38,-23.54,M,0.0,M,0.0,0000*71
$GPRMC,214523.00,A,3727.755892,N,12208.687117,W,059.2,126.8,210520,,,A*4A
$GPGGA,214524.00,3727.745877,N,12208.670041,W,7,,0.38,-23.41,M,0.0,M,0.0,0000*72
$GPRMC,214524.00,A,3727.745877,N,12208.670041,W,059.0,126.2,210520,,,A*45
$GPGGA,214525.00,3727.736230,N,12208.653451,W,7,,0.38,-23.32,M,0.0,M,0.0,0000*7E
$GPRMC,214525.00,A,3727.736230,N,12208.653451,W,059.1,126.3,210520,,,A*4D
$GPGGA,214526.00,3727.726444,N,12208.636826,W,7,,0.38,-23.31,M,0.0,M,0.0,0000*75
$GPRMC,214526.00,A,3727.726444,N,12208.636826,W,059.4,126.5,210520,,,A*46
$GPGGA,214527.00,3727.716892,N,12208.620500,W,7,,0.38,-23.20,M,0.0,M,0.0,0000*7E
$GPRMC,214527.00,A,3727.716892,N,12208.620500,W,059.6,126.3,210520,,,A*49
$GPGGA,214528.00,3727.707082,N,12208.603778,W,7,,0.38,-23.09,M,0.0,M,0.0,0000*7F
$GPRMC,214528.00,A,3727.707082,N,12208.603778,W,059.7,126.3,210520,,,A*42
$GPGGA,214529.00,3727.697044,N,12208.586534,W,7,,0.38,-23.11,M,0.0,M,0.0,0000*71
$GPRMC,214529.00,A,3727.697044,N,12208.586534,W,059.4,126.1,210520,,,A*44
$GPGGA,214530.00,3727.687240,N,12208.569842,W,7,,0.38,-23.30,M,0.0,M,0.0,0000*70
$GPRMC,214530.00,A,3727.687240,N,12208.569842,W,059.6,126.5,210520,,,A*40
$GPGGA,214531.00,3727.677543,N,12208.553503,W,7,,0.38,-23.06,M,0.0,M,0.0,0000*7E
$GPRMC,214531.00,A,3727.677543,N,12208.553503,W,060.1,126.7,210520,,,A*44
$GPGGA,214532.00,3727.667236,N,12208.536050,W,7,,0.38,-23.19,M,0.0,M,0.0,0000*77
$GPRMC,214532.00,A,3727.667236,N,12208.536050,W,060.6,126.5,210520,,,A*46
$GPGGA,214533.00,3727.657269,N,12208.519009,W,7,,0.38,-23.23,M,0.0,M,0.0,0000*77
$GPRMC,214533.00,A,3727.657269,N,12208.519009,W,061.0,126.2,210520,,,A*4F
$GPGGA,214534.00,3727.647256,N,12208.501940,W,7,,0.38,-23.42,M,0.0,M,0.0,0000*77
$GPRMC,214534.00,A,3727.647256,N,12208.501940,W,060.8,126.2,210520,,,A*41
$GPGGA,214535.00,3727.637476,N,12208.485283,W,7,,0.38,-23.69,M,0.0,M,0.0,0000*75
$GPRMC,214535.00,A,3727.637476,N,12208.485283,W,060.9,126.3,210520,,,A*4A
$GPGGA,214536.00,3727.627377,N,12208.468177,W,7,,0.38,-23.77,M,0.0,M,0.0,0000*75
$GPRMC,214536.00,A,3727.627377,N,12208.468177,W,061.4,126.4,210520,,,A*4E
$GPGGA,214537.00,3727.616841,N,12208.450369,W,7,,0.39,-23.89,M,0.0,M,0.0,0000*7E
$GPRMC,214537.00,A,3727.616841,N,12208.450369,W,061.9,126.6,210520,,,A*4A
$GPGGA,214538.00,3727.606581,N,12208.433077,W,7,,0.38,-24.01,M,0.0,M,0.0,0000*7E
$GPRMC,214538.00,A,3727.606581,N,12208.433077,W,061.7,126.5,210520,,,A*41
$GPGGA,214539.00,3727.596802,N,12208.416373,W,7,,0.38,-24.05,M,0.0,M,0.0,0000*77
$GPRMC,214539.00,A,3727.596802,N,12208.416373,W,060.9,126.4,210520,,,A*42
$GPGGA,214540.00,3727.586481,N,12208.398776,W,7,,0.38,-23.98,M,0.0,M,0.0,0000*7C
$GPRMC,214540.00,A,3727.586481,N,12208.398776,W,060.8,126.2,210520,,,A*4D
$GPGGA,214541.00,3727.576569,N,12208.381658,W,7,,0.38,-23.96,M,0.0,M,0.0,0000*7E
$GPRMC,214541.00,A,3727.576569,N,12208.381658,W,060.8,125.9,210520,,,A*49
$GPGGA,214542.00,3727.566747,N,12208.364606,W,7,,0.38,-23.80,M,0.0,M,0.0,0000*75
$GPRMC,214542.00,A,3727.566747,N,12208.364606,W,060.2,125.7,210520,,,A*41
$GPGGA,214543.00,3727.557237,N,12208.348171,W,7,,0.38,-23.76,M,0.0,M,0.0,0000*74
$GPRMC,214543.00,A,3727.557237,N,12208.348171,W,059.4,126.2,210520,,,A*43
$GPGGA,214544.00,3727.547572,N,12208.331539,W,7,,0.38,-23.64,M,0.0,M,0.0,0000*71
$GPRMC,214544.00,A,3727.547572,N,12208.331539,W,059.2,126.3,210520,,,A*42
$GPGGA,214545.00,3727.537497,N,12208.314356,W,7,,0.38,-23.74,M,0.0,M,0.0,0000*74
$GPRMC,214545.00,A,3727.537497,N,12208.314356,W,059.4,126.4,210520,,,A*47
$GPGGA,214546.00,3727.527706,N,12208.297766,W,7,,0.38,-23.70,M,0.0,M,0.0,0000*74
$GPRMC,214546.00,A,3727.527706,N,12208.297766,W,059.4,126.5,210520,,,A*42
$GPGGA,214547.00,3727.518214,N,12208.281619,W,7,,0.38,-23.64,M,0.0,M,0.0,0000*74
$GPRMC,214547.00,A,3727.518214,N,12208.281619,W,059.0,126.3,210520,,,A*45
$GPGGA,214548.00,3727.508241,N,12208.264585,W,7,,0.38,-23.68,M,0.0,M,0.0,0000*7B
$GPRMC,214548.00,A,3727.508241,N,12208.264585,W,058.8,126.2,210520,,,A*4E
$GPGGA,214549.00,3727.498624,N,12208.248079,W,7,,0.38,-23.60,M,0.0,M,0.0,0000*75
$GPRMC,214549.00,A,3727.498624,N,12208.248079,W,058.6,126.1,210520,,,A*45
$GPGGA,214550.00,3727.489125,N,12208.231586,W,7,,0.38,-23.70,M,0.0,M,0.0,0000*71
$GPRMC,214550.00,A,3727.489125,N,12208.231586,W,058.6,125.7,210520,,,A*45
$GPGGA,214551.00,3727.479868,N,12208.215451,W,7,,0.38,-23.86,M,0.0,M,0.0,0000*7B
$GPRMC,214551.00,A,3727.479868,N,12208.215451,W,058.2,125.6,210520,,,A*43
$GPGGA,214552.00,3727.470496,N,12208.199005,W,7,,0.38,-23.87,M,0.0,M,0.0,0000*7F
$GPRMC,214552.00,A,3727.470496,N,12208.199005,W,058.0,125.6,210520,,,A*44
$GPGGA,214553.00,3727.460769,N,12208.182103,W,7,,0.38,-23.88,M,0.0,M,0.0,0000*7E
$GPRMC,214553.00,A,3727.460769,N,12208.182103,W,058.0,125.9,210520,,,A*45
$GPGGA,214554.00,3727.451242,N,12208.165741,W,7,,0.38,-24.15,M,0.0,M,0.0,0000*7D
$GPRMC,214554.00,A,3727.451242,N,12208.165741,W,058.2,126.3,210520,,,A*4E
$GPGGA,214555.00,3727.441845,N,12208.149787,W,7,,0.38,-24.22,M,0.0,M,0.0,0000*70
$GPRMC,214555.00,A,3727.441845,N,12208.149787,W,058.2,126.5,210520,,,A*41
$GPGGA,214556.00,3727.431898,N,12208.132946,W,7,,0.38,-24.37,M,0.0,M,0.0,0000*7F
$GPRMC,214556.00,A,3727.431898,N,12208.132946,W,058.4,126.6,210520,,,A*4F
$GPGGA,214557.00,3727.422196,N,12208.116607,W,7,,0.38,-24.55,M,0.0,M,0.0,0000*73
$GPRMC,214557.00,A,3727.422196,N,12208.116607,W,058.6,126.6,210520,,,A*45
$GPGGA,214558.00,3727.412518,N,12208.100191,W,7,,0.38,-24.74,M,0.0,M,0.0,0000*71
$GPRMC,214558.00,A,3727.412518,N,12208.100191,W,058.7,126.5,210520,,,A*46
$GPGGA,214559.00,3727.402780,N,12208.083656,W,7,,0.38,-25.03,M,0.0,M,0.0,0000*75
$GPRMC,214559.00,A,3727.402780,N,12208.083656,W,058.6,126.4,210520,,,A*43
$GPGGA,214600.00,3727.393444,N,12208.067749,W,7,,0.38,-25.25,M,0.0,M,0.0,0000*7F
$GPRMC,214600.00,A,3727.393444,N,12208.067749,W,058.8,126.3,210520,,,A*44
$GPGGA,214601.00,3727.383387,N,12208.050661,W,7,,0.38,-25.03,M,0.0,M,0.0,0000*7C
$GPRMC,214601.00,A,3727.383387,N,12208.050661,W,059.3,126.5,210520,,,A*4F
$GPGGA,214602.00,3727.373517,N,12208.033987,W,7,,0.38,-25.21,M,0.0,M,0.0,0000*7D
$GPRMC,214602.00,A,3727.373517,N,12208.033987,W,059.7,126.6,210520,,,A*49
$GPGGA,214603.00,3727.363773,N,12208.017590,W,7,,0.38,-25.23,M,0.0,M,0.0,0000*73
$GPRMC,214603.00,A,3727.363773,N,12208.017590,W,060.2,126.8,210520,,,A*44
$GPGGA,214604.00,3727.353532,N,12208.000249,W,7,,0.38,-25.49,M,0.0,M,0.0,0000*79
$GPRMC,214604.00,A,3727.353532,N,12208.000249,W,060.0,126.5,210520,,,A*4D
$GPGGA,214605.00,3727.343637,N,12207.983510,W,7,,0.38,-25.42,M,0.0,M,0.0,0000*72
$GPRMC,214605.00,A,3727.343637,N,12207.983510,W,059.9,126.5,210520,,,A*4E
$GPGGA,214606.00,3727.333696,N,12207.966697,W,7,,0.38,-25.45,M,0.0,M,0.0,0000*7D
$GPRMC,214606.00,A,3727.333696,N,12207.966697,W,060.2,126.6,210520,,,A*44
$GPGGA,214607.00,3727.323669,N,12207.949579,W,7,,0.38,-25.34,M,0.0,M,0.0,0000*75
$GPRMC,214607.00,A,3727.323669,N,12207.949579,W,060.7,126.3,210520,,,A*4A
$GPGGA,214608.00,3727.314075,N,12207.933140,W,7,,0.38,-25.27,M,0.0,M,0.0,0000*74
$GPRMC,214608.00,A,3727.314075,N,12207.933140,W,060.3,126.2,210520,,,A*4C
$GPGGA,214609.00,3727.303954,N,12207.915734,W,7,,0.38,-25.28,M,0.0,M,0.0,0000*77
$GPRMC,214609.00,A,3727.303954,N,12207.915734,W,059.9,126.2,210520,,,A*40
$GPGGA,214610.00,3727.294036,N,12207.898820,W,7,,0.38,-25.30,M,0.0,M,0.0,0000*7A
$GPRMC,214610.00,A,3727.294036,N,12207.898820,W,059.7,126.4,210520,,,A*4C
$GPGGA,214611.00,3727.284465,N,12207.882548,W,7,,0.38,-25.30,M,0.0,M,0.0,0000*70
$GPRMC,214611.00,A,3727.284465,N,12207.882548,W,060.0,126.5,210520,,,A*4A
$GPGGA,214612.00,3727.274163,N,12207.865106,W,7,,0.38,-25.28,M,0.0,M,0.0,0000*71
$GPRMC,214612.00,A,3727.274163,N,12207.865106,W,060.5,126.5,210520,,,A*47
$GPGGA,214613.00,3727.264222,N,12207.848192,W,7,,0.38,-25.21,M,0.0,M,0.0,0000*7C
$GPRMC,214613.00,A,3727.264222,N,12207.848192,W,060.5,126.4,210520,,,A*42
$GPGGA,214614.00,3727.254171,N,12207.831098,W,7,,0.38,-25.17,M,0.0,M,0.0,0000*7D
$GPRMC,214614.00,A,3727.254171,N,12207.831098,W,060.5,126.4,210520,,,A*46
$GPGGA,214615.00,3727.244181,N,12207.814052,W,7,,0.38,-25.15,M,0.0,M,0.0,0000*71
$GPRMC,214615.00,A,3727.244181,N,12207.814052,W,060.9,126.3,210520,,,A*43
$GPGGA,214616.00,3727.234498,N,12207.797545,W,7,,0.38,-25.29,M,0.0,M,0.0,0000*70
$GPRMC,214616.00,A,3727.234498,N,12207.797545,W,061.1,126.4,210520,,,A*43
$GPGGA,214617.00,3727.224123,N,12207.779954,W,7,,0.38,-25.19,M,0.0,M,0.0,0000*7A
$GPRMC,214617.00,A,3727.224123,N,12207.779954,W,060.8,126.5,210520,,,A*43
$GPGGA,214618.00,3727.214068,N,12207.762854,W,7,,0.38,-25.04,M,0.0,M,0.0,0000*7F
$GPRMC,214618.00,A,3727.214068,N,12207.762854,W,060.4,126.4,210520,,,A*47
$GPGGA,214619.00,3727.204546,N,12207.746455,W,7,,0.38,-25.11,M,0.0,M,0.0,0000*79
$GPRMC,214619.00,A,3727.204546,N,12207.746455,W,060.1,126.2,210520,,,A*46
$GPGGA,214620.00,3727.194345,N,12207.729002,W,7,,0.38,-25.16,M,0.0,M,0.0,0000*74
$GPRMC,214620.00,A,3727.194345,N,12207.729002,W,060.4,126.3,210520,,,A*48
$GPGGA,214621.00,3727.184410,N,12207.712040,W,7,,0.38,-24.88,M,0.0,M,0.0,0000*7B
$GPRMC,214621.00,A,3727.184410,N,12207.712040,W,060.6,126.4,210520,,,A*44
$GPGGA,214622.00,3727.174401,N,12207.694988,W,7,,0.38,-24.68,M,0.0,M,0.0,0000*7B
$GPRMC,214622.00,A,3727.174401,N,12207.694988,W,060.2,126.4,210520,,,A*4E
$GPGGA,214623.00,3727.164460,N,12207.678128,W,7,,0.38,-24.74,M,0.0,M,0.0,0000*71
$GPRMC,214623.00,A,3727.164460,N,12207.678128,W,060.1,126.5,210520,,,A*4B
$GPGGA,214624.00,3727.154854,N,12207.661933,W,7,,0.38,-24.85,M,0.0,M,0.0,0000*7A
$GPRMC,214624.00,A,3727.154854,N,12207.661933,W,060.0,126.8,210520,,,A*42
$GPGGA,214625.00,3727.144534,N,12207.644726,W,7,,0.38,-24.98,M,0.0,M,0.0,0000*70
$GPRMC,214625.00,A,3727.144534,N,12207.644726,W,059.9,127.2,210520,,,A*4C
$GPGGA,214626.00,3727.134189,N,12207.628243,W,7,,0.38,-25.02,M,0.0,M,0.0,0000*78
$GPRMC,214626.00,A,3727.134189,N,12207.628243,W,059.7,128.7,210520,,,A*42
$GPGGA,214627.00,3727.123630,N,12207.612308,W,7,,0.38,-25.09,M,0.0,M,0.0,0000*76
$GPRMC,214627.00,A,3727.123630,N,12207.612308,W,059.5,129.7,210520,,,A*44
$GPGGA,214628.00,3727.112877,N,12207.596726,W,7,,0.38,-25.29,M,0.0,M,0.0,0000*73
$GPRMC,214628.00,A,3727.112877,N,12207.596726,W,059.0,131.0,210520,,,A*48
$GPGGA,214629.00,3727.102047,N,12207.581546,W,7,,0.38,-25.60,M,0.0,M,0.0,0000*77
$GPRMC,214629.00,A,3727.102047,N,12207.581546,W,058.3,131.9,210520,,,A*4A
$GPGGA,214630.00,3727.090995,N,12207.566648,W,7,,0.38,-25.74,M,0.0,M,0.0,0000*72
$GPRMC,214630.00,A,3727.090995,N,12207.566648,W,057.6,133.2,210520,,,A*49
$GPGGA,214631.00,3727.079968,N,12207.552206,W,7,,0.38,-25.82,M,0.0,M,0.0,0000*76
$GPRMC,214631.00,A,3727.079968,N,12207.552206,W,057.4,134.0,210520,,,A*43
$GPGGA,214632.00,3727.069132,N,12207.538514,W,7,,0.38,-25.95,M,0.0,M,0.0,0000*7D
$GPRMC,214632.00,A,3727.069132,N,12207.538514,W,057.1,135.2,210520,,,A*48
$GPGGA,214633.00,3727.057323,N,12207.524431,W,7,,0.38,-26.15,M,0.0,M,0.0,0000*73
$GPRMC,214633.00,A,3727.057323,N,12207.524431,W,056.7,136.6,210520,,,A*4D
$GPGGA,214634.00,3727.045605,N,12207.511184,W,7,,0.38,-26.16,M,0.0,M,0.0,0000*78
$GPRMC,214634.00,A,3727.045605,N,12207.511184,W,056.1,137.6,210520,,,A*42
$GPGGA,214635.00,3727.033954,N,12207.498404,W,7,,0.38,-26.25,M,0.0,M,0.0,0000*7E
$GPRMC,214635.00,A,3727.033954,N,12207.498404,W,055.5,138.7,210520,,,A*4D
$GPGGA,214636.00,3727.022314,N,12207.485911,W,7,,0.38,-26.21,M,0.0,M,0.0,0000*72
$GPRMC,214636.00,A,3727.022314,N,12207.485911,W,054.9,139.4,210520,,,A*4A
$GPGGA,214637.00,3727.010830,N,12207.473798,W,7,,0.38,-26.37,M,0.0,M,0.0,0000*7E
$GPRMC,214637.00,A,3727.010830,N,12207.473798,W,053.8,140.1,210520,,,A*4C
$GPGGA,214638.00,3726.999370,N,12207.461899,W,7,,0.38,-26.50,M,0.0,M,0.0,0000*7B
$GPRMC,214638.00,A,3726.999370,N,12207.461899,W,052.7,140.4,210520,,,A*43
$GPGGA,214639.00,3726.988257,N,12207.450362,W,7,,0.38,-26.79,M,0.0,M,0.0,0000*78
$GPRMC,214639.00,A,3726.988257,N,12207.450362,W,051.7,140.5,210520,,,A*49
$GPGGA,214640.00,3726.977566,N,12207.439274,W,7,,0.38,-27.03,M,0.0,M,0.0,0000*76
$GPRMC,214640.00,A,3726.977566,N,12207.439274,W,051.7,140.5,210520,,,A*4B
$GPGGA,214641.00,3726.966075,N,12207.427357,W,7,,0.38,-27.03,M,0.0,M,0.0,0000*7F
$GPRMC,214641.00,A,3726.966075,N,12207.427357,W,052.3,140.5,210520,,,A*45
$GPGGA,214642.00,3726.954771,N,12207.415435,W,7,,0.38,-27.21,M,0.0,M,0.0,0000*7C
$GPRMC,214642.00,A,3726.954771,N,12207.415435,W,052.9,140.1,210520,,,A*48
$GPGGA,214643.00,3726.943492,N,12207.403466,W,7,,0.38,-27.35,M,0.0,M,0.0,0000*71
$GPRMC,214643.00,A,3726.943492,N,12207.403466,W,053.5,139.9,210520,,,A*4B
$GPGGA,214644.00,3726.932151,N,12207.391483,W,7,,0.38,-27.46,M,0.0,M,0.0,0000*79
$GPRMC,214644.00,A,3726.932151,N,12207.391483,W,053.4,140.0,210520,,,A*41
$GPGGA,214645.00,3726.920794,N,12207.379502,W,7,,0.38,-27.63,M,0.0,M,0.0,0000*7D
$GPRMC,214645.00,A,3726.920794,N,12207.379502,W,053.7,140.2,210520,,,A*43
$GPGGA,214646.00,3726.909196,N,12207.367195,W,7,,0.38,-27.69,M,0.0,M,0.0,0000*7E
$GPRMC,214646.00,A,3726.909196,N,12207.367195,W,054.3,140.1,210520,,,A*4A
$GPGGA,214647.00,3726.897723,N,12207.354973,W,7,,0.38,-27.94,M,0.0,M,0.0,0000*73
$GPRMC,214647.00,A,3726.897723,N,12207.354973,W,054.2,140.1,210520,,,A*44
$GPGGA,214648.00,3726.886515,N,12207.343160,W,7,,0.38,-27.94,M,0.0,M,0.0,0000*77
$GPRMC,214648.00,A,3726.886515,N,12207.343160,W,054.5,140.2,210520,,,A*44
$GPGGA,214649.00,3726.874600,N,12207.330601,W,7,,0.38,-28.14,M,0.0,M,0.0,0000*7F
$GPRMC,214649.00,A,3726.874600,N,12207.330601,W,054.2,140.3,210520,,,A*4D
$GPGGA,214650.00,3726.863002,N,12207.318500,W,7,,0.38,-28.20,M,0.0,M,0.0,0000*7A
$GPRMC,214650.00,A,3726.863002,N,12207.318500,W,053.7,140.4,210520,,,A*4A
$GPGGA,214651.00,3726.851577,N,12207.306571,W,7,,0.38,-28.27,M,0.0,M,0.0,0000*73
$GPRMC,214651.00,A,3726.851577,N,12207.306571,W,053.4,140.3,210520,,,A*40
$GPGGA,214652.00,3726.840231,N,12207.294625,W,7,,0.38,-28.33,M,0.0,M,0.0,0000*78
$GPRMC,214652.00,A,3726.840231,N,12207.294625,W,053.4,140.1,210520,,,A*4C
$GPGGA,214653.00,3726.828970,N,12207.282770,W,7,,0.38,-28.32,M,0.0,M,0.0,0000*7E
$GPRMC,214653.00,A,3726.828970,N,12207.282770,W,053.0,140.3,210520,,,A*4D
$GPGGA,214654.00,3726.817677,N,12207.270901,W,7,,0.38,-28.53,M,0.0,M,0.0,0000*7F
$GPRMC,214654.00,A,3726.817677,N,12207.270901,W,052.5,140.3,210520,,,A*4F
$GPGGA,214655.00,3726.806572,N,12207.259297,W,7,,0.39,-28.63,M,0.0,M,0.0,0000*75
$GPRMC,214655.00,A,3726.806572,N,12207.259297,W,051.8,140.4,210520,,,A*4E
$GPGGA,214656.00,3726.795819,N,12207.248198,W,7,,0.38,-28.37,M,0.0,M,0.0,0000*7F
$GPRMC,214656.00,A,3726.795819,N,12207.248198,W,051.4,140.6,210520,,,A*4A
$GPGGA,214657.00,3726.784521,N,12207.236354,W,7,,0.38,-28.41,M,0.0,M,0.0,0000*72
$GPRMC,214657.00,A,3726.784521,N,12207.236354,W,051.1,140.3,210520,,,A*46
$GPGGA,214658.00,3726.773601,N,12207.224869,W,7,,0.38,-28.42,M,0.0,M,0.0,0000*71
$GPRMC,214658.00,A,3726.773601,N,12207.224869,W,050.6,140.2,210520,,,A*41
$GPGGA,214659.00,3726.762957,N,12207.213590,W,7,,0.38,-28.29,M,0.0,M,0.0,0000*7E
$GPRMC,214659.00,A,3726.762957,N,12207.213590,W,050.0,140.1,210520,,,A*46
$GPGGA,214700.00,3726.752457,N,12207.202526,W,7,,0.38,-28.27,M,0.0,M,0.0,0000*7E
$GPRMC,214700.00,A,3726.752457,N,12207.202526,W,049.2,140.0,210520,,,A*43
$GPGGA,214701.00,3726.742066,N,12207.191582,W,7,,0.38,-28.41,M,0.0,M,0.0,0000*7F
$GPRMC,214701.00,A,3726.742066,N,12207.191582,W,048.8,139.9,210520,,,A*4E
$GPGGA,214702.00,3726.731661,N,12207.180607,W,7,,0.38,-28.41,M,0.0,M,0.0,0000*77
$GPRMC,214702.00,A,3726.731661,N,12207.180607,W,048.4,140.0,210520,,,A*4D
$GPGGA,214703.00,3726.721390,N,12207.169789,W,7,,0.38,-28.35,M,0.0,M,0.0,0000*7F
$GPRMC,214703.00,A,3726.721390,N,12207.169789,W,048.3,140.3,210520,,,A*42
$GPGGA,214704.00,3726.711382,N,12207.159307,W,7,,0.38,-28.41,M,0.0,M,0.0,0000*7A
$GPRMC,214704.00,A,3726.711382,N,12207.159307,W,048.5,140.4,210520,,,A*45
$GPGGA,214705.00,3726.700683,N,12207.148231,W,7,,0.38,-28.36,M,0.0,M,0.0,0000*7B
$GPRMC,214705.00,A,3726.700683,N,12207.148231,W,048.5,140.4,210520,,,A*44
$GPGGA,214706.00,3726.690111,N,12207.137215,W,7,,0.38,-28.39,M,0.0,M,0.0,0000*7D
$GPRMC,214706.00,A,3726.690111,N,12207.137215,W,049.2,140.4,210520,,,A*4B
$GPGGA,214707.00,3726.679671,N,12207.126236,W,7,,0.38,-28.54,M,0.0,M,0.0,0000*70
$GPRMC,214707.00,A,3726.679671,N,12207.126236,W,049.1,140.1,210520,,,A*4B
$GPGGA,214708.00,3726.669292,N,12207.115268,W,7,,0.38,-28.49,M,0.0,M,0.0,0000*70
$GPRMC,214708.00,A,3726.669292,N,12207.115268,W,048.9,140.0,210520,,,A*4F
$GPGGA,214709.00,3726.658767,N,12207.104113,W,7,,0.38,-28.57,M,0.0,M,0.0,0000*7C
$GPRMC,214709.00,A,3726.658767,N,12207.104113,W,049.9,140.1,210520,,,A*4C
$GPGGA,214710.00,3726.648094,N,12207.092953,W,7,,0.38,-28.48,M,0.0,M,0.0,0000*72
$GPRMC,214710.00,A,3726.648094,N,12207.092953,W,049.7,140.2,210520,,,A*41
$GPGGA,214711.00,3726.637533,N,12207.081884,W,7,,0.38,-28.44,M,0.0,M,0.0,0000*76
$GPRMC,214711.00,A,3726.637533,N,12207.081884,W,049.3,140.1,210520,,,A*4E
$GPGGA,214712.00,3726.627418,N,12207.071251,W,7,,0.38,-28.38,M,0.0,M,0.0,0000*7A
$GPRMC,214712.00,A,3726.627418,N,12207.071251,W,049.2,140.2,210520,,,A*4B
$GPGGA,214713.00,3726.616563,N,12207.059863,W,7,,0.38,-28.36,M,0.0,M,0.0,0000*7B
$GPRMC,214713.00,A,3726.616563,N,12207.059863,W,049.7,140.1,210520,,,A*42
$GPGGA,214714.00,3726.605829,N,12207.048578,W,7,,0.38,-28.46,M,0.0,M,0.0,0000*7D
$GPRMC,214714.00,A,3726.605829,N,12207.048578,W,050.0,140.0,210520,,,A*4D
$GPGGA,214715.00,3726.595173,N,12207.037339,W,7,,0.38,-28.41,M,0.0,M,0.0,0000*7C
$GPRMC,214715.00,A,3726.595173,N,12207.037339,W,050.3,139.9,210520,,,A*4F
$GPGGA,214716.00,3726.584464,N,12207.026102,W,7,,0.38,-28.42,M,0.0,M,0.0,0000*75
$GPRMC,214716.00,A,3726.584464,N,12207.026102,W,050.4,140.2,210520,,,A*47
$GPGGA,214717.00,3726.573640,N,12207.014881,W,7,,0.38,-28.52,M,0.0,M,0.0,0000*7A
$GPRMC,214717.00,A,3726.573640,N,12207.014881,W,050.6,140.5,210520,,,A*4C
$GPGGA,214718.00,3726.562726,N,12207.003500,W,7,,0.38,-28.67,M,0.0,M,0.0,0000*70
$GPRMC,214718.00,A,3726.562726,N,12207.003500,W,050.6,140.3,210520,,,A*46
$GPGGA,214719.00,3726.551943,N,12206.992159,W,7,,0.38,-28.77,M,0.0,M,0.0,0000*75
$GPRMC,214719.00,A,3726.551943,N,12206.992159,W,050.8,140.1,210520,,,A*4E
$GPGGA,214720.00,3726.541449,N,12206.981078,W,7,,0.38,-28.73,M,0.0,M,0.0,0000*7D
$GPRMC,214720.00,A,3726.541449,N,12206.981078,W,051.2,140.0,210520,,,A*48
$GPGGA,214721.00,3726.530049,N,12206.969072,W,7,,0.38,-28.62,M,0.0,M,0.0,0000*72
$GPRMC,214721.00,A,3726.530049,N,12206.969072,W,051.7,140.0,210520,,,A*42
$GPGGA,214722.00,3726.518997,N,12206.957414,W,7,,0.38,-28.57,M,0.0,M,0.0,0000*7E
$GPRMC,214722.00,A,3726.518997,N,12206.957414,W,052.1,140.1,210520,,,A*4C
$GPGGA,214723.00,3726.507879,N,12206.945641,W,7,,0.38,-28.49,M,0.0,M,0.0,0000*7E
$GPRMC,214723.00,A,3726.507879,N,12206.945641,W,052.5,140.0,210520,,,A*46
$GPGGA,214724.00,3726.496719,N,12206.933935,W,7,,0.38,-28.63,M,0.0,M,0.0,0000*7C
$GPRMC,214724.00,A,3726.496719,N,12206.933935,W,052.4,140.2,210520,,,A*4F
$GPGGA,214725.00,3726.485488,N,12206.922229,W,7,,0.38,-28.49,M,0.0,M,0.0,0000*7A
$GPRMC,214725.00,A,3726.485488,N,12206.922229,W,051.8,140.2,210520,,,A*4E
$GPGGA,214726.00,3726.474525,N,12206.910848,W,7,,0.38,-28.49,M,0.0,M,0.0,0000*7D
$GPRMC,214726.00,A,3726.474525,N,12206.910848,W,051.0,140.3,210520,,,A*40
$GPGGA,214727.00,3726.463726,N,12206.899477,W,7,,0.38,-28.30,M,0.0,M,0.0,0000*75
$GPRMC,214727.00,A,3726.463726,N,12206.899477,W,050.6,140.1,210520,,,A*43
$GPGGA,214728.00,3726.453303,N,12206.888558,W,7,,0.38,-28.15,M,0.0,M,0.0,0000*71
$GPRMC,214728.00,A,3726.453303,N,12206.888558,W,050.5,140.2,210520,,,A*40
$GPGGA,214729.00,3726.442120,N,12206.876875,W,7,,0.38,-27.78,M,0.0,M,0.0,0000*74
$GPRMC,214729.00,A,3726.442120,N,12206.876875,W,050.1,140.6,210520,,,A*41
$GPGGA,214730.00,3726.431265,N,12206.865931,W,7,,0.38,-27.45,M,0.0,M,0.0,0000*77
$GPRMC,214730.00,A,3726.431265,N,12206.865931,W,050.2,141.3,210520,,,A*4B
$GPGGA,214731.00,3726.420471,N,12206.855012,W,7,,0.38,-27.25,M,0.0,M,0.0,0000*78
$GPRMC,214731.00,A,3726.420471,N,12206.855012,W,049.9,141.0,210520,,,A*42
$GPGGA,214732.00,3726.409798,N,12206.844110,W,7,,0.38,-27.09,M,0.0,M,0.0,0000*79
$GPRMC,214732.00,A,3726.409798,N,12206.844110,W,049.5,140.6,210520,,,A*46
$GPGGA,214733.00,3726.399243,N,12206.833064,W,7,,0.38,-26.96,M,0.0,M,0.0,0000*70
$GPRMC,214733.00,A,3726.399243,N,12206.833064,W,049.4,139.9,210520,,,A*48
$GPGGA,214734.00,3726.388678,N,12206.821927,W,7,,0.38,-27.12,M,0.0,M,0.0,0000*7B
$GPRMC,214734.00,A,3726.388678,N,12206.821927,W,049.2,139.9,210520,,,A*48
$GPGGA,214735.00,3726.378183,N,12206.810816,W,7,,0.38,-27.20,M,0.0,M,0.0,0000*76
$GPRMC,214735.00,A,3726.378183,N,12206.810816,W,049.6,139.9,210520,,,A*40
$GPGGA,214736.00,3726.368134,N,12206.800088,W,7,,0.38,-27.34,M,0.0,M,0.0,0000*73
$GPRMC,214736.00,A,3726.368134,N,12206.800088,W,049.1,139.3,210520,,,A*4D
$GPGGA,214737.00,3726.357346,N,12206.788310,W,7,,0.38,-27.72,M,0.0,M,0.0,0000*76
$GPRMC,214737.00,A,3726.357346,N,12206.788310,W,049.7,138.9,210520,,,A*47
$GPGGA,214738.00,3726.346881,N,12206.776843,W,7,,0.38,-27.96,M,0.0,M,0.0,0000*7F
$GPRMC,214738.00,A,3726.346881,N,12206.776843,W,050.2,138.9,210520,,,A*49
$GPGGA,214739.00,3726.336280,N,12206.765420,W,7,,0.38,-28.18,M,0.0,M,0.0,0000*70
$GPRMC,214739.00,A,3726.336280,N,12206.765420,W,050.5,139.5,210520,,,A*45
$GPGGA,214740.00,3726.325509,N,12206.754007,W,7,,0.38,-28.31,M,0.0,M,0.0,0000*72
$GPRMC,214740.00,A,3726.325509,N,12206.754007,W,051.0,140.1,210520,,,A*42
$GPGGA,214741.00,3726.314481,N,12206.742356,W,7,,0.38,-28.31,M,0.0,M,0.0,0000*70
$GPRMC,214741.00,A,3726.314481,N,12206.742356,W,051.6,140.0,210520,,,A*47
$GPGGA,214742.00,3726.303369,N,12206.730715,W,7,,0.38,-28.35,M,0.0,M,0.0,0000*76
$GPRMC,214742.00,A,3726.303369,N,12206.730715,W,052.3,140.3,210520,,,A*40
$GPGGA,214743.00,3726.292119,N,12206.719051,W,7,,0.38,-28.42,M,0.0,M,0.0,0000*77
$GPRMC,214743.00,A,3726.292119,N,12206.719051,W,052.9,140.6,210520,,,A*4E
$GPGGA,214744.00,3726.281062,N,12206.707657,W,7,,0.38,-28.52,M,0.0,M,0.0,0000*71
$GPRMC,214744.00,A,3726.281062,N,12206.707657,W,053.5,140.6,210520,,,A*44
$GPGGA,214745.00,3726.269181,N,12206.695328,W,7,,0.38,-28.37,M,0.0,M,0.0,0000*7E
$GPRMC,214745.00,A,3726.269181,N,12206.695328,W,053.3,140.2,210520,,,A*4A
$GPGGA,214746.00,3726.257871,N,12206.683549,W,7,,0.38,-28.46,M,0.0,M,0.0,0000*76
$GPRMC,214746.00,A,3726.257871,N,12206.683549,W,052.9,140.3,210520,,,A*4E
$GPGGA,214747.00,3726.246669,N,12206.671813,W,7,,0.38,-28.51,M,0.0,M,0.0,0000*79
$GPRMC,214747.00,A,3726.246669,N,12206.671813,W,052.5,140.1,210520,,,A*49
$GPGGA,214748.00,3726.235479,N,12206.660125,W,7,,0.38,-28.44,M,0.0,M,0.0,0000*79
$GPRMC,214748.00,A,3726.235479,N,12206.660125,W,052.5,140.1,210520,,,A*4D
$GPGGA,214749.00,3726.224218,N,12206.648264,W,7,,0.38,-28.56,M,0.0,M,0.0,0000*76
$GPRMC,214749.00,A,3726.224218,N,12206.648264,W,052.5,139.8,210520,,,A*46
$GPGGA,214750.00,3726.213130,N,12206.636522,W,7,,0.38,-28.56,M,0.0,M,0.0,0000*7F
$GPRMC,214750.00,A,3726.213130,N,12206.636522,W,052.2,139.9,210520,,,A*49
$GPGGA,214751.00,3726.202102,N,12206.624935,W,7,,0.38,-28.56,M,0.0,M,0.0,0000*76
$GPRMC,214751.00,A,3726.202102,N,12206.624935,W,051.7,140.0,210520,,,A*41
$GPGGA,214752.00,3726.191524,N,12206.613758,W,7,,0.38,-28.46,M,0.0,M,0.0,0000*7C
$GPRMC,214752.00,A,3726.191524,N,12206.613758,W,051.2,139.9,210520,,,A*48
$GPGGA,214753.00,3726.180165,N,12206.601811,W,7,,0.38,-28.56,M,0.0,M,0.0,0000*7C
$GPRMC,214753.00,A,3726.180165,N,12206.601811,W,051.3,140.0,210520,,,A*4F
$GPGGA,214754.00,3726.169204,N,12206.590274,W,7,,0.38,-28.42,M,0.0,M,0.0,0000*7F
$GPRMC,214754.00,A,3726.169204,N,12206.590274,W,051.7,140.3,210520,,,A*4E
$GPGGA,214755.00,3726.158188,N,12206.578675,W,7,,0.38,-28.43,M,0.0,M,0.0,0000*79
$GPRMC,214755.00,A,3726.158188,N,12206.578675,W,052.0,139.9,210520,,,A*49
$GPGGA,214756.00,3726.147088,N,12206.567024,W,7,,0.38,-28.49,M,0.0,M,0.0,0000*73
$GPRMC,214756.00,A,3726.147088,N,12206.567024,W,052.2,140.1,210520,,,A*4D
$GPGGA,214757.00,3726.135879,N,12206.555305,W,7,,0.38,-28.40,M,0.0,M,0.0,0000*79
$GPRMC,214757.00,A,3726.135879,N,12206.555305,W,052.0,140.1,210520,,,A*4C
$GPGGA,214758.00,3726.124840,N,12206.543719,W,7,,0.38,-28.32,M,0.0,M,0.0,0000*77
$GPRMC,214758.00,A,3726.124840,N,12206.543719,W,051.8,140.1,210520,,,A*4C
$GPGGA,214759.00,3726.113782,N,12206.532146,W,7,,0.38,-28.50,M,0.0,M,0.0,0000*7D
$GPRMC,214759.00,A,3726.113782,N,12206.532146,W,051.9,140.1,210520,,,A*43
$GPGGA,214800.00,3726.103126,N,12206.520950,W,7,,0.38,-28.55,M,0.0,M,0.0,0000*7E
$GPRMC,214800.00,A,3726.103126,N,12206.520950,W,051.8,140.1,210520,,,A*44
$GPGGA,214801.00,3726.091593,N,12206.508919,W,7,,0.38,-28.63,M,0.0,M,0.0,0000*7D
$GPRMC,214801.00,A,3726.091593,N,12206.508919,W,051.9,140.3,210520,,,A*41
$GPGGA,214802.00,3726.080446,N,12206.497345,W,7,,0.38,-28.80,M,0.0,M,0.0,0000*7E
$GPRMC,214802.00,A,3726.080446,N,12206.497345,W,052.3,140.2,210520,,,A*47
$GPGGA,214803.00,3726.069261,N,12206.485658,W,7,,0.38,-28.91,M,0.0,M,0.0,0000*71
$GPRMC,214803.00,A,3726.069261,N,12206.485658,W,052.7,140.1,210520,,,A*4F
$GPGGA,214804.00,3726.058089,N,12206.473885,W,7,,0.38,-28.81,M,0.0,M,0.0,0000*76
$GPRMC,214804.00,A,3726.058089,N,12206.473885,W,052.6,140.1,210520,,,A*48
$GPGGA,214805.00,3726.046755,N,12206.462095,W,7,,0.38,-28.89,M,0.0,M,0.0,0000*7F
$GPRMC,214805.00,A,3726.046755,N,12206.462095,W,052.5,140.3,210520,,,A*48
$GPGGA,214806.00,3726.035608,N,12206.450449,W,7,,0.38,-28.87,M,0.0,M,0.0,0000*7B
$GPRMC,214806.00,A,3726.035608,N,12206.450449,W,052.1,140.1,210520,,,A*44
$GPGGA,214807.00,3726.024603,N,12206.438894,W,7,,0.38,-28.92,M,0.0,M,0.0,0000*77
$GPRMC,214807.00,A,3726.024603,N,12206.438894,W,051.6,140.1,210520,,,A*48
$GPGGA,214808.00,3726.014056,N,12206.427829,W,7,,0.38,-28.83,M,0.0,M,0.0,0000*75
$GPRMC,214808.00,A,3726.014056,N,12206.427829,W,050.9,140.1,210520,,,A*44
$GPGGA,214809.00,3726.002835,N,12206.416093,W,7,,0.38,-28.78,M,0.0,M,0.0,0000*71
$GPRMC,214809.00,A,3726.002835,N,12206.416093,W,050.2,140.2,210520,,,A*4C
$GPGGA,214810.00,3725.992209,N,12206.405011,W,7,,0.38,-28.65,M,0.0,M,0.0,0000*7B
$GPRMC,214810.00,A,3725.992209,N,12206.405011,W,049.5,140.2,210520,,,A*45
$GPGGA,214811.00,3725.981728,N,12206.394037,W,7,,0.38,-28.41,M,0.0,M,0.0,0000*73
$GPRMC,214811.00,A,3725.981728,N,12206.394037,W,048.9,140.1,210520,,,A*45
$GPGGA,214812.00,3725.971353,N,12206.383130,W,7,,0.38,-28.11,M,0.0,M,0.0,0000*72
$GPRMC,214812.00,A,3725.971353,N,12206.383130,W,048.7,140.1,210520,,,A*4F
$GPGGA,214813.00,3725.960824,N,12206.372096,W,7,,0.38,-27.77,M,0.0,M,0.0,0000*74
$GPRMC,214813.00,A,3725.960824,N,12206.372096,W,048.9,140.1,210520,,,A*48
$GPGGA,214814.00,3725.950462,N,12206.361205,W,7,,0.38,-27.49,M,0.0,M,0.0,0000*79
$GPRMC,214814.00,A,3725.950462,N,12206.361205,W,048.4,140.0,210520,,,A*44
$GPGGA,214815.00,3725.940208,N,12206.350412,W,7,,0.38,-27.32,M,0.0,M,0.0,0000*7D
$GPRMC,214815.00,A,3725.940208,N,12206.350412,W,048.1,140.0,210520,,,A*49
$GPGGA,214816.00,3725.930278,N,12206.340002,W,7,,0.38,-27.24,M,0.0,M,0.0,0000*7D
$GPRMC,214816.00,A,3725.930278,N,12206.340002,W,048.3,140.1,210520,,,A*4D
$GPGGA,214817.00,3725.919520,N,12206.328733,W,7,,0.38,-27.06,M,0.0,M,0.0,0000*76
$GPRMC,214817.00,A,3725.919520,N,12206.328733,W,048.6,140.2,210520,,,A*40
$GPGGA,214818.00,3725.909067,N,12206.317856,W,7,,0.38,-27.21,M,0.0,M,0.0,0000*7B
$GPRMC,214818.00,A,3725.909067,N,12206.317856,W,048.9,140.2,210520,,,A*47
$GPGGA,214819.00,3725.898675,N,12206.306929,W,7,,0.38,-27.40,M,0.0,M,0.0,0000*78
$GPRMC,214819.00,A,3725.898675,N,12206.306929,W,049.0,140.1,210520,,,A*48
$GPGGA,214820.00,3725.888224,N,12206.295955,W,7,,0.38,-27.53,M,0.0,M,0.0,0000*71
$GPRMC,214820.00,A,3725.888224,N,12206.295955,W,049.1,140.0,210520,,,A*43
$GPGGA,214821.00,3725.877657,N,12206.284760,W,7,,0.38,-27.79,M,0.0,M,0.0,0000*70
$GPRMC,214821.00,A,3725.877657,N,12206.284760,W,049.5,139.9,210520,,,A*49
$GPGGA,214822.00,3725.867026,N,12206.273641,W,7,,0.38,-27.98,M,0.0,M,0.0,0000*77
$GPRMC,214822.00,A,3725.867026,N,12206.273641,W,050.0,140.1,210520,,,A*4A
$GPGGA,214823.00,3725.856310,N,12206.262398,W,7,,0.38,-28.32,M,0.0,M,0.0,0000*7C
$GPRMC,214823.00,A,3725.856310,N,12206.262398,W,050.5,140.2,210520,,,A*48
$GPGGA,214824.00,3725.845881,N,12206.251502,W,7,,0.38,-28.57,M,0.0,M,0.0,0000*7C
$GPRMC,214824.00,A,3725.845881,N,12206.251502,W,050.6,140.2,210520,,,A*48
$GPGGA,214825.00,3725.834715,N,12206.239796,W,7,,0.38,-28.75,M,0.0,M,0.0,0000*78
$GPRMC,214825.00,A,3725.834715,N,12206.239796,W,050.2,140.0,210520,,,A*4A
$GPGGA,214826.00,3725.824065,N,12206.228636,W,7,,0.38,-28.87,M,0.0,M,0.0,0000*7C
$GPRMC,214826.00,A,3725.824065,N,12206.228636,W,049.9,140.1,210520,,,A*41
$GPGGA,214827.00,3725.813356,N,12206.217481,W,7,,0.38,-28.81,M,0.0,M,0.0,0000*7E
$GPRMC,214827.00,A,3725.813356,N,12206.217481,W,050.2,140.3,210520,,,A*44
$GPGGA,214828.00,3725.802598,N,12206.206262,W,7,,0.38,-28.85,M,0.0,M,0.0,0000*7A
$GPRMC,214828.00,A,3725.802598,N,12206.206262,W,050.4,140.5,210520,,,A*44
$GPGGA,214829.00,3725.791707,N,12206.194963,W,7,,0.38,-28.89,M,0.0,M,0.0,0000*74
$GPRMC,214829.00,A,3725.791707,N,12206.194963,W,050.5,140.3,210520,,,A*41
$GPGGA,214830.00,3725.780962,N,12206.183731,W,7,,0.38,-28.94,M,0.0,M,0.0,0000*72
$GPRMC,214830.00,A,3725.780962,N,12206.183731,W,050.4,140.2,210520,,,A*4B
$GPGGA,214831.00,3725.770090,N,12206.172541,W,7,,0.38,-29.01,M,0.0,M,0.0,0000*7E
$GPRMC,214831.00,A,3725.770090,N,12206.172541,W,050.8,140.3,210520,,,A*47
$GPGGA,214832.00,3725.759649,N,12206.161627,W,7,,0.38,-29.00,M,0.0,M,0.0,0000*74
$GPRMC,214832.00,A,3725.759649,N,12206.161627,W,050.7,140.2,210520,,,A*42
$GPGGA,214833.00,3725.748424,N,12206.149844,W,7,,0.38,-28.98,M,0.0,M,0.0,0000*7D
$GPRMC,214833.00,A,3725.748424,N,12206.149844,W,050.5,140.0,210520,,,A*4B
$GPGGA,214834.00,3725.737689,N,12206.138533,W,7,,0.38,-29.11,M,0.0,M,0.0,0000*7C
$GPRMC,214834.00,A,3725.737689,N,12206.138533,W,050.5,140.0,210520,,,A*4A
$GPGGA,214835.00,3725.726968,N,12206.127266,W,7,,0.38,-28.99,M,0.0,M,0.0,0000*75
$GPRMC,214835.00,A,3725.726968,N,12206.127266,W,050.2,140.1,210520,,,A*44
$GPGGA,214836.00,3725.716263,N,12206.116082,W,7,,0.38,-28.85,M,0.0,M,0.0,0000*72
$GPRMC,214836.00,A,3725.716263,N,12206.116082,W,050.0,140.3,210520,,,A*4E
$GPGGA,214837.00,3725.705422,N,12206.104909,W,7,,0.38,-28.87,M,0.0,M,0.0,0000*79
$GPRMC,214837.00,A,3725.705422,N,12206.104909,W,050.1,140.8,210520,,,A*4D
$GPGGA,214838.00,3725.694567,N,12206.093804,W,7,,0.38,-29.07,M,0.0,M,0.0,0000*75
$GPRMC,214838.00,A,3725.694567,N,12206.093804,W,050.6,140.7,210520,,,A*40
$GPGGA,214839.00,3725.683606,N,12206.082637,W,7,,0.39,-29.18,M,0.0,M,0.0,0000*77
$GPRMC,214839.00,A,3725.683606,N,12206.082637,W,051.2,141.0,210520,,,A*4E
$GPGGA,214840.00,3725.672806,N,12206.071765,W,7,,0.38,-28.96,M,0.0,M,0.0,0000*75
$GPRMC,214840.00,A,3725.672806,N,12206.071765,W,051.8,141.6,210520,,,A*46
$GPGGA,214841.00,3725.661016,N,12206.060005,W,7,,0.38,-28.96,M,0.0,M,0.0,0000*7E
$GPRMC,214841.00,A,3725.661016,N,12206.060005,W,052.2,141.5,210520,,,A*47
$GPGGA,214842.00,3725.649634,N,12206.048576,W,7,,0.38,-28.98,M,0.0,M,0.0,0000*74
$GPRMC,214842.00,A,3725.649634,N,12206.048576,W,052.7,141.2,210520,,,A*41
$GPGGA,214843.00,3725.638167,N,12206.036995,W,7,,0.38,-29.00,M,0.0,M,0.0,0000*7A
$GPRMC,214843.00,A,3725.638167,N,12206.036995,W,053.2,141.1,210520,,,A*48
$GPGGA,214844.00,3725.626563,N,12206.025380,W,7,,0.38,-29.03,M,0.0,M,0.0,0000*7D
$GPRMC,214844.00,A,3725.626563,N,12206.025380,W,053.7,141.4,210520,,,A*4C
$GPGGA,214845.00,3725.614762,N,12206.013506,W,7,,0.38,-28.84,M,0.0,M,0.0,0000*7D
$GPRMC,214845.00,A,3725.614762,N,12206.013506,W,054.2,141.2,210520,,,A*46
$GPGGA,214846.00,3725.603014,N,12206.001530,W,7,,0.38,-28.80,M,0.0,M,0.0,0000*7C
$GPRMC,214846.00,A,3725.603014,N,12206.001530,W,054.7,140.7,210520,,,A*42
$GPGGA,214847.00,3725.591224,N,12205.989295,W,7,,0.38,-28.83,M,0.0,M,0.0,0000*75
$GPRMC,214847.00,A,3725.591224,N,12205.989295,W,055.3,140.3,210520,,,A*49
$GPGGA,214848.00,3725.579800,N,12205.977265,W,7,,0.38,-28.67,M,0.0,M,0.0,0000*74
$GPRMC,214848.00,A,3725.579800,N,12205.977265,W,055.7,140.1,210520,,,A*44
$GPGGA,214849.00,3725.567512,N,12205.964288,W,7,,0.38,-28.56,M,0.0,M,0.0,0000*77
$GPRMC,214849.00,A,3725.567512,N,12205.964288,W,055.5,139.9,210520,,,A*41
$GPGGA,214850.00,3725.555739,N,12205.951850,W,7,,0.38,-28.46,M,0.0,M,0.0,0000*7D
$GPRMC,214850.00,A,3725.555739,N,12205.951850,W,055.6,139.9,210520,,,A*49
$GPGGA,214851.00,3725.543872,N,12205.939280,W,7,,0.38,-28.34,M,0.0,M,0.0,0000*77
$GPRMC,214851.00,A,3725.543872,N,12205.939280,W,055.9,139.8,210520,,,A*48
$GPGGA,214852.00,3725.532136,N,12205.926619,W,7,,0.38,-28.36,M,0.0,M,0.0,0000*73
$GPRMC,214852.00,A,3725.532136,N,12205.926619,W,055.9,139.1,210520,,,A*47
$GPGGA,214853.00,3725.520412,N,12205.913635,W,7,,0.38,-28.20,M,0.0,M,0.0,0000*7D
$GPRMC,214853.00,A,3725.520412,N,12205.913635,W,055.8,138.0,210520,,,A*4F
$GPGGA,214854.00,3725.509083,N,12205.900562,W,7,,0.38,-28.19,M,0.0,M,0.0,0000*74
$GPRMC,214854.00,A,3725.509083,N,12205.900562,W,055.3,136.9,210520,,,A*40
$GPGGA,214855.00,3725.497912,N,12205.887415,W,7,,0.38,-28.24,M,0.0,M,0.0,0000*73
$GPRMC,214855.00,A,3725.497912,N,12205.887415,W,055.1,136.6,210520,,,A*44
$GPGGA,214856.00,3725.487201,N,12205.874540,W,7,,0.38,-28.26,M,0.0,M,0.0,0000*77
$GPRMC,214856.00,A,3725.487201,N,12205.874540,W,055.2,136.1,210520,,,A*46
$GPGGA,214857.00,3725.475772,N,12205.860715,W,7,,0.38,-28.24,M,0.0,M,0.0,0000*7F
$GPRMC,214857.00,A,3725.475772,N,12205.860715,W,054.9,135.8,210520,,,A*4C
$GPGGA,214858.00,3725.465049,N,12205.847287,W,7,,0.38,-28.14,M,0.0,M,0.0,0000*76
$GPRMC,214858.00,A,3725.465049,N,12205.847287,W,054.5,135.0,210520,,,A*42
$GPGGA,214859.00,3725.454526,N,12205.833704,W,7,,0.38,-28.13,M,0.0,M,0.0,0000*73
$GPRMC,214859.00,A,3725.454526,N,12205.833704,W,054.4,134.0,210520,,,A*40
$GPGGA,214900.00,3725.444026,N,12205.819994,W,7,,0.38,-28.10,M,0.0,M,0.0,0000*76
$GPRMC,214900.00,A,3725.444026,N,12205.819994,W,054.5,133.4,210520,,,A*44
$GPGGA,214901.00,3725.433615,N,12205.805881,W,7,,0.38,-28.35,M,0.0,M,0.0,0000*7E
$GPRMC,214901.00,A,3725.433615,N,12205.805881,W,054.7,133.0,210520,,,A*4D
$GPGGA,214902.00,3725.423319,N,12205.791805,W,7,,0.38,-28.39,M,0.0,M,0.0,0000*77
$GPRMC,214902.00,A,3725.423319,N,12205.791805,W,055.0,132.4,210520,,,A*4B
$GPGGA,214903.00,3725.413084,N,12205.777501,W,7,,0.38,-28.46,M,0.0,M,0.0,0000*7B
$GPRMC,214903.00,A,3725.413084,N,12205.777501,W,055.4,131.6,210520,,,A*4A
$GPGGA,214904.00,3725.403130,N,12205.763539,W,7,,0.38,-28.48,M,0.0,M,0.0,0000*73
$GPRMC,214904.00,A,3725.403130,N,12205.763539,W,055.8,131.6,210520,,,A*40
$GPGGA,214905.00,3725.392300,N,12205.748480,W,7,,0.38,-28.33,M,0.0,M,0.0,0000*7A
$GPRMC,214905.00,A,3725.392300,N,12205.748480,W,056.2,131.9,210520,,,A*43
$GPGGA,214906.00,3725.381739,N,12205.733918,W,7,,0.38,-28.00,M,0.0,M,0.0,0000*75
$GPRMC,214906.00,A,3725.381739,N,12205.733918,W,056.6,132.4,210520,,,A*46
$GPGGA,214907.00,3725.371185,N,12205.719488,W,7,,0.38,-28.00,M,0.0,M,0.0,0000*76
$GPRMC,214907.00,A,3725.371185,N,12205.719488,W,056.3,132.6,210520,,,A*42
$GPGGA,214908.00,3725.360535,N,12205.704997,W,7,,0.38,-28.16,M,0.0,M,0.0,0000*7E
$GPRMC,214908.00,A,3725.360535,N,12205.704997,W,056.1,132.5,210520,,,A*4C
$GPGGA,214909.00,3725.350042,N,12205.690591,W,7,,0.38,-28.11,M,0.0,M,0.0,0000*78
$GPRMC,214909.00,A,3725.350042,N,12205.690591,W,056.2,132.6,210520,,,A*4D
$GPGGA,214910.00,3725.339565,N,12205.676156,W,7,,0.38,-28.25,M,0.0,M,0.0,0000*7F
$GPRMC,214910.00,A,3725.339565,N,12205.676156,W,056.1,132.3,210520,,,A*4B
$GPGGA,214911.00,3725.329222,N,12205.661990,W,7,,0.38,-27.96,M,0.0,M,0.0,0000*78
$GPRMC,214911.00,A,3725.329222,N,12205.661990,W,055.2,132.3,210520,,,A*4B
$GPGGA,214912.00,3725.319243,N,12205.648280,W,7,,0.38,-27.90,M,0.0,M,0.0,0000*78
$GPRMC,214912.00,A,3725.319243,N,12205.648280,W,054.2,132.4,210520,,,A*4B
$GPGGA,214913.00,3725.309019,N,12205.634216,W,7,,0.38,-27.74,M,0.0,M,0.0,0000*7B
$GPRMC,214913.00,A,3725.309019,N,12205.634216,W,052.4,132.4,210520,,,A*42
$GPGGA,214914.00,3725.299725,N,12205.621327,W,7,,0.38,-27.66,M,0.0,M,0.0,0000*78
$GPRMC,214914.00,A,3725.299725,N,12205.621327,W,048.7,132.0,210520,,,A*4E
$GPGGA,214915.00,3725.291176,N,12205.609430,W,7,,0.38,-27.59,M,0.0,M,0.0,0000*76
$GPRMC,214915.00,A,3725.291176,N,12205.609430,W,044.6,132.1,210520,,,A*40
$GPGGA,214916.00,3725.283100,N,12205.598551,W,7,,0.38,-27.54,M,0.0,M,0.0,0000*77
$GPRMC,214916.00,A,3725.283100,N,12205.598551,W,041.1,133.0,210520,,,A*4E
$GPGGA,214917.00,3725.275899,N,12205.589023,W,7,,0.38,-27.68,M,0.0,M,0.0,0000*79
$GPRMC,214917.00,A,3725.275899,N,12205.589023,W,036.1,133.5,210520,,,A*4A
$GPGGA,214918.00,3725.269276,N,12205.580635,W,7,,0.38,-27.67,M,0.0,M,0.0,0000*77
$GPRMC,214918.00,A,3725.269276,N,12205.580635,W,032.6,135.1,210520,,,A*4A
$GPGGA,214919.00,3725.262856,N,12205.572908,W,7,,0.38,-27.75,M,0.0,M,0.0,0000*7A
$GPRMC,214919.00,A,3725.262856,N,12205.572908,W,031.7,135.8,210520,,,A*4F
$GPGGA,214920.00,3725.256747,N,12205.565396,W,7,,0.38,-27.73,M,0.0,M,0.0,0000*75
$GPRMC,214920.00,A,3725.256747,N,12205.565396,W,031.4,135.0,210520,,,A*4D
$GPGGA,214921.00,3725.250274,N,12205.557139,W,7,,0.39,-27.73,M,0.0,M,0.0,0000*70
$GPRMC,214921.00,A,3725.250274,N,12205.557139,W,032.2,133.2,210520,,,A*48
$GPGGA,214922.00,3725.244297,N,12205.549087,W,7,,0.39,-27.79,M,0.0,M,0.0,0000*7A
$GPRMC,214922.00,A,3725.244297,N,12205.549087,W,031.2,132.4,210520,,,A*4C
$GPGGA,214923.00,3725.238465,N,12205.541594,W,7,,0.39,-28.07,M,0.0,M,0.0,0000*72
$GPRMC,214923.00,A,3725.238465,N,12205.541594,W,029.4,135.6,210520,,,A*48
$GPGGA,214924.00,3725.232153,N,12205.535288,W,7,,0.38,-28.04,M,0.0,M,0.0,0000*74
$GPRMC,214924.00,A,3725.232153,N,12205.535288,W,028.1,142.8,210520,,,A*46
$GPGGA,214925.00,3725.225506,N,12205.530271,W,7,,0.38,-27.70,M,0.0,M,0.0,0000*78
$GPRMC,214925.00,A,3725.225506,N,12205.530271,W,027.4,151.4,210520,,,A*42
$GPGGA,214926.00,3725.218534,N,12205.526881,W,7,,0.38,-27.66,M,0.0,M,0.0,0000*71
$GPRMC,214926.00,A,3725.218534,N,12205.526881,W,026.8,160.7,210520,,,A*40
$GPGGA,214927.00,3725.211513,N,12205.525501,W,7,,0.38,-27.63,M,0.0,M,0.0,0000*7F
$GPRMC,214927.00,A,3725.211513,N,12205.525501,W,025.3,174.0,210520,,,A*41
$GPGGA,214928.00,3725.204943,N,12205.526533,W,7,,0.38,-27.57,M,0.0,M,0.0,0000*78
$GPRMC,214928.00,A,3725.204943,N,12205.526533,W,024.3,191.0,210520,,,A*4B
$GPGGA,214929.00,3725.198680,N,12205.529960,W,7,,0.38,-27.60,M,0.0,M,0.0,0000*7E
$GPRMC,214929.00,A,3725.198680,N,12205.529960,W,023.9,207.6,210520,,,A*4E
$GPGGA,214930.00,3725.193531,N,12205.535251,W,7,,0.38,-27.58,M,0.0,M,0.0,0000*7B
$GPRMC,214930.00,A,3725.193531,N,12205.535251,W,024.6,222.3,210520,,,A*4A
$GPGGA,214931.00,3725.188887,N,12205.541666,W,7,,0.38,-27.66,M,0.0,M,0.0,0000*7E
$GPRMC,214931.00,A,3725.188887,N,12205.541666,W,025.1,229.5,210520,,,A*49
$GPGGA,214932.00,3725.184699,N,12205.548439,W,7,,0.38,-27.78,M,0.0,M,0.0,0000*7E
$GPRMC,214932.00,A,3725.184699,N,12205.548439,W,024.1,232.3,210520,,,A*4B
$GPGGA,214933.00,3725.181225,N,12205.554722,W,7,,0.38,-27.91,M,0.0,M,0.0,0000*7A
$GPRMC,214933.00,A,3725.181225,N,12205.554722,W,021.1,235.4,210520,,,A*4D
$GPGGA,214934.00,3725.179005,N,12205.560403,W,7,,0.38,-27.93,M,0.0,M,0.0,0000*7F
$GPRMC,214934.00,A,3725.179005,N,12205.560403,W,016.9,245.8,210520,,,A*4D
$GPGGA,214935.00,3725.178465,N,12205.565443,W,7,,0.38,-27.81,M,0.0,M,0.0,0000*7F
$GPRMC,214935.00,A,3725.178465,N,12205.565443,W,013.7,266.1,210520,,,A*4D
$GPGGA,214936.00,3725.179143,N,12205.569110,W,7,,0.38,-27.62,M,0.0,M,0.0,0000*7E
$GPRMC,214936.00,A,3725.179143,N,12205.569110,W,010.2,285.9,210520,,,A*42
$GPGGA,214937.00,3725.180277,N,12205.571726,W,7,,0.38,-27.62,M,0.0,M,0.0,0000*77
$GPRMC,214937.00,A,3725.180277,N,12205.571726,W,007.2,299.9,210520,,,A*40
$GPGGA,214938.00,3725.181159,N,12205.573057,W,7,,0.38,-27.56,M,0.0,M,0.0,0000*72
$GPRMC,214938.00,A,3725.181159,N,12205.573057,W,003.7,309.0,210520,,,A*42
$GPGGA,214939.00,3725.181555,N,12205.573520,W,7,,0.38,-27.64,M,0.0,M,0.0,0000*7F
$GPRMC,214939.00,A,3725.181555,N,12205.573520,W,001.1,312.3,210520,,,A*43
$GPGGA,214940.00,3725.181658,N,12205.573640,W,7,,0.38,-27.62,M,0.0,M,0.0,0000*7C
$GPRMC,214940.00,A,3725.181658,N,12205.573640,W,000.0,000.0,210520,,,A*45
$GPGGA,214941.00,3725.181675,N,12205.573669,W,7,,0.38,-27.70,M,0.0,M,0.0,0000*7A
$GPRMC,214941.00,A,3725.181675,N,12205.573669,W,000.0,000.0,210520,,,A*40
$GPGGA,214942.00,3725.181699,N,12205.573699,W,7,,0.38,-27.50,M,0.0,M,0.0,0000*76
$GPRMC,214942.00,A,3725.181699,N,12205.573699,W,000.0,000.0,210520,,,A*4E
$GPGGA,214943.00,3725.182065,N,12205.574084,W,7,,0.38,-27.41,M,0.0,M,0.0,0000*7C
$GPRMC,214943.00,A,3725.182065,N,12205.574084,W,003.3,315.3,210520,,,A*40
$GPGGA,214944.00,3725.183320,N,12205.574948,W,7,,0.38,-27.41,M,0.0,M,0.0,0000*71
$GPRMC,214944.00,A,3725.183320,N,12205.574948,W,006.7,324.5,210520,,,A*48
$GPGGA,214945.00,3725.185708,N,12205.575776,W,7,,0.38,-27.16,M,0.0,M,0.0,0000*78
$GPRMC,214945.00,A,3725.185708,N,12205.575776,W,009.8,341.3,210520,,,A*46
$GPGGA,214946.00,3725.188959,N,12205.575727,W,7,,0.38,-26.83,M,0.0,M,0.0,0000*75
$GPRMC,214946.00,A,3725.188959,N,12205.575727,W,013.5,001.3,210520,,,A*47
$GPGGA,214947.00,3725.193280,N,12205.574965,W,7,,0.38,-26.57,M,0.0,M,0.0,0000*71
$GPRMC,214947.00,A,3725.193280,N,12205.574965,W,016.6,008.6,210520,,,A*40
$GPGGA,214948.00,3725.198523,N,12205.573406,W,7,,0.38,-26.34,M,0.0,M,0.0,0000*71
$GPRMC,214948.00,A,3725.198523,N,12205.573406,W,020.4,013.8,210520,,,A*46
$GPGGA,214949.00,3725.204560,N,12205.570987,W,7,,0.38,-25.89,M,0.0,M,0.0,0000*73
$GPRMC,214949.00,A,3725.204560,N,12205.570987,W,024.0,017.8,210520,,,A*45
$GPGGA,214950.00,3725.211219,N,12205.568131,W,7,,0.38,-25.20,M,0.0,M,0.0,0000*79
$GPRMC,214950.00,A,3725.211219,N,12205.568131,W,026.1,019.0,210520,,,A*49
$GPGGA,214951.00,3725.218432,N,12205.565048,W,7,,0.38,-24.49,M,0.0,M,0.0,0000*72
$GPRMC,214951.00,A,3725.218432,N,12205.565048,W,028.0,018.5,210520,,,A*47
$GPGGA,214952.00,3725.225847,N,12205.561988,W,7,,0.38,-23.84,M,0.0,M,0.0,0000*76
$GPRMC,214952.00,A,3725.225847,N,12205.561988,W,029.0,018.4,210520,,,A*45
$GPGGA,214953.00,3725.233738,N,12205.558567,W,7,,0.38,-23.33,M,0.0,M,0.0,0000*7C
$GPRMC,214953.00,A,3725.233738,N,12205.558567,W,029.0,019.4,210520,,,A*42
$GPGGA,214954.00,3725.241070,N,12205.554943,W,7,,0.38,-22.82,M,0.0,M,0.0,0000*78
$GPRMC,214954.00,A,3725.241070,N,12205.554943,W,028.1,022.3,210520,,,A*42
$GPGGA,214955.00,3725.248222,N,12205.551127,W,7,,0.38,-22.46,M,0.0,M,0.0,0000*72
$GPRMC,214955.00,A,3725.248222,N,12205.551127,W,027.6,023.8,210520,,,A*42
$GPGGA,214956.00,3725.255386,N,12205.547300,W,7,,0.38,-22.07,M,0.0,M,0.0,0000*77
$GPRMC,214956.00,A,3725.255386,N,12205.547300,W,027.9,023.4,210520,,,A*41
$GPGGA,214957.00,3725.262627,N,12205.543453,W,7,,0.38,-22.10,M,0.0,M,0.0,0000*7F
$GPRMC,214957.00,A,3725.262627,N,12205.543453,W,028.5,023.3,210520,,,A*4B
$GPGGA,214958.00,3725.269953,N,12205.539505,W,7,,0.38,-21.99,M,0.0,M,0.0,0000*7A
$GPRMC,214958.00,A,3725.269953,N,12205.539505,W,028.8,023.4,210520,,,A*46
$GPGGA,214959.00,3725.277357,N,12205.535504,W,7,,0.38,-22.09,M,0.0,M,0.0,0000*7D
$GPRMC,214959.00,A,3725.277357,N,12205.535504,W,029.2,023.5,210520,,,A*41
$GPGGA,215000.00,3725.284666,N,12205.531616,W,7,,0.38,-22.15,M,0.0,M,0.0,0000*7B
$GPRMC,215000.00,A,3725.284666,N,12205.531616,W,029.4,023.3,210520,,,A*4A
$GPGGA,215001.00,3725.292514,N,12205.527439,W,7,,0.38,-22.44,M,0.0,M,0.0,0000*77
$GPRMC,215001.00,A,3725.292514,N,12205.527439,W,029.8,023.4,210520,,,A*49
$GPGGA,215002.00,3725.300157,N,12205.523047,W,7,,0.38,-22.76,M,0.0,M,0.0,0000*75
$GPRMC,215002.00,A,3725.300157,N,12205.523047,W,030.4,024.5,210520,,,A*48
$GPGGA,215003.00,3725.308227,N,12205.518644,W,7,,0.38,-23.66,M,0.0,M,0.0,0000*75
$GPRMC,215003.00,A,3725.308227,N,12205.518644,W,032.3,024.7,210520,,,A*4F
$GPGGA,215004.00,3725.316640,N,12205.513627,W,7,,0.38,-24.55,M,0.0,M,0.0,0000*71
$GPRMC,215004.00,A,3725.316640,N,12205.513627,W,033.7,025.5,210520,,,A*4A
$GPGGA,215005.00,3725.325225,N,12205.508539,W,7,,0.38,-25.43,M,0.0,M,0.0,0000*77
$GPRMC,215005.00,A,3725.325225,N,12205.508539,W,034.5,025.7,210520,,,A*4D
$GPGGA,215006.00,3725.333979,N,12205.503332,W,7,,0.38,-26.28,M,0.0,M,0.0,0000*79
$GPRMC,215006.00,A,3725.333979,N,12205.503332,W,035.1,025.3,210520,,,A*4C
$GPGGA,215007.00,3725.342890,N,12205.498148,W,7,,0.38,-27.10,M,0.0,M,0.0,0000*7E
$GPRMC,215007.00,A,3725.342890,N,12205.498148,W,035.6,025.0,210520,,,A*45
$GPGGA,215008.00,3725.351692,N,12205.493054,W,7,,0.38,-27.79,M,0.0,M,0.0,0000*77
$GPRMC,215008.00,A,3725.351692,N,12205.493054,W,035.8,024.7,210520,,,A*4B
$GPGGA,215009.00,3725.360992,N,12205.487557,W,7,,0.38,-28.29,M,0.0,M,0.0,0000*72
$GPRMC,215009.00,A,3725.360992,N,12205.487557,W,035.9,026.0,210520,,,A*40
$GPGGA,215010.00,3725.369721,N,12205.481750,W,7,,0.38,-28.71,M,0.0,M,0.0,0000*7B
$GPRMC,215010.00,A,3725.369721,N,12205.481750,W,035.5,028.7,210520,,,A*41
$GPGGA,215011.00,3725.377990,N,12205.475581,W,7,,0.38,-28.88,M,0.0,M,0.0,0000*72
$GPRMC,215011.00,A,3725.377990,N,12205.475581,W,034.2,032.1,210520,,,A*45
$GPGGA,215012.00,3725.385489,N,12205.468826,W,7,,0.38,-29.02,M,0.0,M,0.0,0000*76
$GPRMC,215012.00,A,3725.385489,N,12205.468826,W,031.8,037.4,210520,,,A*4D
$GPGGA,215013.00,3725.391873,N,12205.461902,W,7,,0.38,-28.84,M,0.0,M,0.0,0000*7A
$GPRMC,215013.00,A,3725.391873,N,12205.461902,W,029.6,042.7,210520,,,A*48
$GPGGA,215014.00,3725.397411,N,12205.454630,W,7,,0.38,-28.73,M,0.0,M,0.0,0000*73
$GPRMC,215014.00,A,3725.397411,N,12205.454630,W,028.3,048.3,210520,,,A*43
$GPGGA,215015.00,3725.401833,N,12205.447417,W,7,,0.39,-28.55,M,0.0,M,0.0,0000*76
$GPRMC,215015.00,A,3725.401833,N,12205.447417,W,026.1,054.3,210520,,,A*42
$GPGGA,215016.00,3725.405542,N,12205.439840,W,7,,0.38,-28.47,M,0.0,M,0.0,0000*7F
$GPRMC,215016.00,A,3725.405542,N,12205.439840,W,024.8,060.4,210520,,,A*42
$GPGGA,215017.00,3725.408589,N,12205.432202,W,7,,0.38,-28.45,M,0.0,M,0.0,0000*71
$GPRMC,215017.00,A,3725.408589,N,12205.432202,W,023.0,064.3,210520,,,A*42
$GPGGA,215018.00,3725.411086,N,12205.425332,W,7,,0.39,-28.79,M,0.0,M,0.0,0000*76
$GPRMC,215018.00,A,3725.411086,N,12205.425332,W,021.2,066.4,210520,,,A*4E
$GPGGA,215019.00,3725.413149,N,12205.419265,W,7,,0.38,-28.95,M,0.0,M,0.0,0000*78
$GPRMC,215019.00,A,3725.413149,N,12205.419265,W,018.0,068.1,210520,,,A*40
$GPGGA,215020.00,3725.414241,N,12205.413932,W,7,,0.38,-28.73,M,0.0,M,0.0,0000*75
$GPRMC,215020.00,A,3725.414241,N,12205.413932,W,014.7,077.8,210520,,,A*49
$GPGGA,215021.00,3725.414044,N,12205.409090,W,7,,0.38,-28.56,M,0.0,M,0.0,0000*7E
$GPRMC,215021.00,A,3725.414044,N,12205.409090,W,013.6,095.4,210520,,,A*43
$GPGGA,215022.00,3725.412525,N,12205.404944,W,7,,0.38,-28.70,M,0.0,M,0.0,0000*70
$GPRMC,215022.00,A,3725.412525,N,12205.404944,W,013.4,116.7,210520,,,A*42
$GPGGA,215023.00,3725.409669,N,12205.401710,W,7,,0.38,-28.82,M,0.0,M,0.0,0000*77
$GPRMC,215023.00,A,3725.409669,N,12205.401710,W,015.0,139.9,210520,,,A*49
$GPGGA,215024.00,3725.405589,N,12205.398931,W,7,,0.38,-28.89,M,0.0,M,0.0,0000*70
$GPRMC,215024.00,A,3725.405589,N,12205.398931,W,018.0,153.7,210520,,,A*4A
$GPGGA,215025.00,3725.400352,N,12205.396057,W,7,,0.38,-28.90,M,0.0,M,0.0,0000*7B
$GPRMC,215025.00,A,3725.400352,N,12205.396057,W,021.2,157.3,210520,,,A*41
$GPGGA,215026.00,3725.394478,N,12205.392967,W,7,,0.38,-28.81,M,0.0,M,0.0,0000*73
$GPRMC,215026.00,A,3725.394478,N,12205.392967,W,024.3,158.1,210520,,,A*40
$GPGGA,215027.00,3725.387764,N,12205.389697,W,7,,0.38,-28.89,M,0.0,M,0.0,0000*7C
$GPRMC,215027.00,A,3725.387764,N,12205.389697,W,026.9,158.7,210520,,,A*49
$GPGGA,215028.00,3725.380582,N,12205.386091,W,7,,0.38,-28.89,M,0.0,M,0.0,0000*71
$GPRMC,215028.00,A,3725.380582,N,12205.386091,W,028.0,158.5,210520,,,A*41
$GPGGA,215029.00,3725.373292,N,12205.382617,W,7,,0.38,-29.01,M,0.0,M,0.0,0000*77
$GPRMC,215029.00,A,3725.373292,N,12205.382617,W,028.3,159.8,210520,,,A*49
$GPGGA,215030.00,3725.365852,N,12205.379420,W,7,,0.38,-29.10,M,0.0,M,0.0,0000*7C
$GPRMC,215030.00,A,3725.365852,N,12205.379420,W,028.6,161.2,210520,,,A*46
$GPGGA,215031.00,3725.358489,N,12205.376311,W,7,,0.38,-28.99,M,0.0,M,0.0,0000*73
$GPRMC,215031.00,A,3725.358489,N,12205.376311,W,028.5,161.4,210520,,,A*4C
$GPGGA,215032.00,3725.351068,N,12205.373114,W,7,,0.38,-28.95,M,0.0,M,0.0,0000*7C
$GPRMC,215032.00,A,3725.351068,N,12205.373114,W,028.4,160.9,210520,,,A*42
$GPGGA,215033.00,3725.343435,N,12205.369585,W,7,,0.38,-28.84,M,0.0,M,0.0,0000*75
$GPRMC,215033.00,A,3725.343435,N,12205.369585,W,028.3,159.4,210520,,,A*4B
$GPGGA,215034.00,3725.336283,N,12205.365883,W,7,,0.38,-28.73,M,0.0,M,0.0,0000*74
$GPRMC,215034.00,A,3725.336283,N,12205.365883,W,027.9,157.1,210520,,,A*4C
$GPGGA,215035.00,3725.329461,N,12205.361840,W,7,,0.38,-28.64,M,0.0,M,0.0,0000*7C
$GPRMC,215035.00,A,3725.329461,N,12205.361840,W,027.6,153.7,210520,,,A*4F
$GPGGA,215036.00,3725.322747,N,12205.357214,W,7,,0.38,-28.46,M,0.0,M,0.0,0000*7D
$GPRMC,215036.00,A,3725.322747,N,12205.357214,W,026.6,150.4,210520,,,A*4F
$GPGGA,215037.00,3725.316850,N,12205.352360,W,7,,0.38,-28.37,M,0.0,M,0.0,0000*73
$GPRMC,215037.00,A,3725.316850,N,12205.352360,W,024.9,147.2,210520,,,A*4A
$GPGGA,215038.00,3725.311414,N,12205.347650,W,7,,0.38,-28.28,M,0.0,M,0.0,0000*7B
$GPRMC,215038.00,A,3725.311414,N,12205.347650,W,023.0,144.4,210520,,,A*47
$GPGGA,215039.00,3725.306740,N,12205.343180,W,7,,0.38,-28.28,M,0.0,M,0.0,0000*70
$GPRMC,215039.00,A,3725.306740,N,12205.343180,W,020.8,141.9,210520,,,A*4F
$GPGGA,215040.00,3725.302527,N,12205.338920,W,7,,0.38,-28.39,M,0.0,M,0.0,0000*77
$GPRMC,215040.00,A,3725.302527,N,12205.338920,W,018.5,139.6,210520,,,A*4E
$GPGGA,215041.00,3725.298856,N,12205.334863,W,7,,0.38,-28.26,M,0.0,M,0.0,0000*7B
$GPRMC,215041.00,A,3725.298856,N,12205.334863,W,016.1,137.6,210520,,,A*48
$GPGGA,215042.00,3725.295910,N,12205.331420,W,7,,0.38,-28.51,M,0.0,M,0.0,0000*78
$GPRMC,215042.00,A,3725.295910,N,12205.331420,W,013.6,136.0,210520,,,A*4E
$GPGGA,215043.00,3725.293671,N,12205.328641,W,7,,0.38,-28.52,M,0.0,M,0.0,0000*79
$GPRMC,215043.00,A,3725.293671,N,12205.328641,W,010.4,134.7,210520,,,A*48
$GPGGA,215044.00,3725.292027,N,12205.326475,W,7,,0.38,-28.47,M,0.0,M,0.0,0000*75
$GPRMC,215044.00,A,3725.292027,N,12205.326475,W,007.0,133.7,210520,,,A*45
$GPGGA,215045.00,3725.291031,N,12205.325191,W,7,,0.38,-28.50,M,0.0,M,0.0,0000*7A
$GPRMC,215045.00,A,3725.291031,N,12205.325191,W,004.2,133.1,210520,,,A*4B
$GPGGA,215046.00,3725.290563,N,12205.324514,W,7,,0.38,-28.42,M,0.0,M,0.0,0000*71
$GPRMC,215046.00,A,3725.290563,N,12205.324514,W,001.4,132.7,210520,,,A*47
$GPGGA,215047.00,3725.290455,N,12205.324382,W,7,,0.38,-28.35,M,0.0,M,0.0,0000*7D
$GPRMC,215047.00,A,3725.290455,N,12205.324382,W,000.0,000.0,210520,,,A*49
$GPGGA,215048.00,3725.290419,N,12205.324375,W,7,,0.38,-28.27,M,0.0,M,0.0,0000*71
$GPRMC,215048.00,A,3725.290419,N,12205.324375,W,000.0,000.0,210520,,,A*46
$GPGGA,215049.00,3725.290402,N,12205.324424,W,7,,0.38,-28.12,M,0.0,M,0.0,0000*7F
$GPRMC,215049.00,A,3725.290402,N,12205.324424,W,000.0,000.0,210520,,,A*4E
$GPGGA,215050.00,3725.290402,N,12205.324430,W,7,,0.38,-28.12,M,0.0,M,0.0,0000*72
$GPRMC,215050.00,A,3725.290402,N,12205.324430,W,000.0,000.0,210520,,,A*43
$GPGGA,215051.00,3725.290402,N,12205.324417,W,7,,0.38,-28.11,M,0.0,M,0.0,0000*75
$GPRMC,215051.00,A,3725.290402,N,12205.324417,W,000.0,000.0,210520,,,A*47
$GPGGA,215052.00,3725.290402,N,12205.324417,W,7,,0.38,-28.12,M,0.0,M,0.0,0000*75
$GPRMC,215052.00,A,3725.290402,N,12205.324417,W,000.0,000.0,210520,,,A*44
$GPGGA,215053.00,3725.290402,N,12205.324412,W,7,,0.38,-28.13,M,0.0,M,0.0,0000*70
$GPRMC,215053.00,A,3725.290402,N,12205.324412,W,000.0,000.0,210520,,,A*40
$GPGGA,215054.00,3725.290402,N,12205.324417,W,7,,0.38,-28.13,M,0.0,M,0.0,0000*72
$GPRMC,215054.00,A,3725.290402,N,12205.324417,W,000.0,000.0,210520,,,A*42
$GPGGA,215055.00,3725.290402,N,12205.324417,W,7,,0.38,-28.12,M,0.0,M,0.0,0000*72
$GPRMC,215055.00,A,3725.290402,N,12205.324417,W,000.0,000.0,210520,,,A*43
$GPGGA,215056.00,3725.290402,N,12205.324417,W,7,,0.38,-28.12,M,0.0,M,0.0,0000*71
$GPRMC,215056.00,A,3725.290402,N,12205.324417,W,000.0,000.0,210520,,,A*40
$GPGGA,215057.00,3725.290402,N,12205.324417,W,7,,0.38,-28.12,M,0.0,M,0.0,0000*70
$GPRMC,215057.00,A,3725.290402,N,12205.324417,W,000.0,000.0,210520,,,A*41
$GPGGA,215058.00,3725.290402,N,12205.324417,W,7,,0.38,-28.12,M,0.0,M,0.0,0000*7F
$GPRMC,215058.00,A,3725.290402,N,12205.324417,W,000.0,000.0,210520,,,A*4E
$GPGGA,215059.00,3725.290402,N,12205.324417,W,7,,0.38,-28.12,M,0.0,M,0.0,0000*7E
$GPRMC,215059.00,A,3725.290402,N,12205.324417,W,000.0,000.0,210520,,,A*4F
$GPGGA,215100.00,3725.290408,N,12205.324424,W,7,,0.38,-28.11,M,0.0,M,0.0,0000*7A
$GPRMC,215100.00,A,3725.290408,N,12205.324424,W,000.0,000.0,210520,,,A*48
$GPGGA,215101.00,3725.290402,N,12205.324417,W,7,,0.38,-28.11,M,0.0,M,0.0,0000*71
$GPRMC,215101.00,A,3725.290402,N,12205.324417,W,000.0,000.0,210520,,,A*43
$GPGGA,215102.00,3725.290402,N,12205.324417,W,7,,0.38,-28.11,M,0.0,M,0.0,0000*72
$GPRMC,215102.00,A,3725.290402,N,12205.324417,W,000.0,000.0,210520,,,A*40
$GPGGA,215103.00,3725.290402,N,12205.324417,W,7,,0.38,-28.12,M,0.0,M,0.0,0000*70
$GPRMC,215103.00,A,3725.290402,N,12205.324417,W,000.0,000.0,210520,,,A*41
$GPGGA,215104.00,3725.290402,N,12205.324417,W,7,,0.38,-28.12,M,0.0,M,0.0,0000*77
$GPRMC,215104.00,A,3725.290402,N,12205.324417,W,000.0,000.0,210520,,,A*46
$GPGGA,215105.00,3725.290402,N,12205.324417,W,7,,0.38,-28.12,M,0.0,M,0.0,0000*76
$GPRMC,215105.00,A,3725.290402,N,12205.324417,W,000.0,000.0,210520,,,A*47
$GPGGA,215106.00,3725.290402,N,12205.324417,W,7,,0.38,-28.12,M,0.0,M,0.0,0000*75
$GPRMC,215106.00,A,3725.290402,N,12205.324417,W,000.0,000.0,210520,,,A*44
$GPGGA,215107.00,3725.290402,N,12205.324417,W,7,,0.38,-28.12,M,0.0,M,0.0,0000*74
$GPRMC,215107.00,A,3725.290402,N,12205.324417,W,000.0,000.0,210520,,,A*45
$GPGGA,215108.00,3725.290402,N,12205.324412,W,7,,0.38,-28.13,M,0.0,M,0.0,0000*7F
$GPRMC,215108.00,A,3725.290402,N,12205.324412,W,000.0,000.0,210520,,,A*4F
$GPGGA,215109.00,3725.290402,N,12205.324417,W,7,,0.38,-28.13,M,0.0,M,0.0,0000*7B
$GPRMC,215109.00,A,3725.290402,N,12205.324417,W,000.0,000.0,210520,,,A*4B
$GPGGA,215110.00,3725.290402,N,12205.324417,W,7,,0.38,-28.13,M,0.0,M,0.0,0000*73
$GPRMC,215110.00,A,3725.290402,N,12205.324417,W,000.0,000.0,210520,,,A*43
$GPGGA,215111.00,3725.290402,N,12205.324417,W,7,,0.38,-28.12,M,0.0,M,0.0,0000*73
$GPRMC,215111.00,A,3725.290402,N,12205.324417,W,000.0,000.0,210520,,,A*42
$GPGGA,215112.00,3725.290408,N,12205.324417,W,7,,0.38,-28.12,M,0.0,M,0.0,0000*7A
$GPRMC,215112.00,A,3725.290408,N,12205.324417,W,000.0,000.0,210520,,,A*4B
$GPGGA,215113.00,3725.290408,N,12205.324417,W,7,,0.38,-28.12,M,0.0,M,0.0,0000*7B
$GPRMC,215113.00,A,3725.290408,N,12205.324417,W,000.0,000.0,210520,,,A*4A
$GPGGA,215114.00,3725.290408,N,12205.324417,W,7,,0.38,-28.11,M,0.0,M,0.0,0000*7F
$GPRMC,215114.00,A,3725.290408,N,12205.324417,W,000.0,000.0,210520,,,A*4D
$GPGGA,215115.00,3725.290402,N,12205.324405,W,7,,0.38,-28.11,M,0.0,M,0.0,0000*77
$GPRMC,215115.00,A,3725.290402,N,12205.324405,W,000.0,000.0,210520,,,A*45
$GPGGA,215116.00,3725.289736,N,12205.324208,W,7,,0.38,-28.96,M,0.0,M,0.0,0000*7C
$GPRMC,215116.00,A,3725.289736,N,12205.324208,W,002.9,132.4,210520,,,A*4E
$GPGGA,215117.00,3725.288847,N,12205.322971,W,7,,0.38,-28.93,M,0.0,M,0.0,0000*73
$GPRMC,215117.00,A,3725.288847,N,12205.322971,W,005.8,131.7,210520,,,A*42
$GPGGA,215118.00,3725.287414,N,12205.320950,W,7,,0.38,-28.94,M,0.0,M,0.0,0000*7F
$GPRMC,215118.00,A,3725.287414,N,12205.320950,W,009.1,131.0,210520,,,A*4B
$GPGGA,215119.00,3725.285343,N,12205.317848,W,7,,0.38,-29.29,M,0.0,M,0.0,0000*72
$GPRMC,215119.00,A,3725.285343,N,12205.317848,W,013.5,130.6,210520,,,A*49
$GPGGA,215120.00,3725.282770,N,12205.313761,W,7,,0.38,-29.18,M,0.0,M,0.0,0000*79
$GPRMC,215120.00,A,3725.282770,N,12205.313761,W,016.7,127.5,210520,,,A*42
$GPGGA,215121.00,3725.279577,N,12205.308200,W,7,,0.38,-29.18,M,0.0,M,0.0,0000*71
$GPRMC,215121.00,A,3725.279577,N,12205.308200,W,020.3,124.8,210520,,,A*45
$GPGGA,215122.00,3725.276259,N,12205.301708,W,7,,0.38,-29.18,M,0.0,M,0.0,0000*72
$GPRMC,215122.00,A,3725.276259,N,12205.301708,W,023.3,121.6,210520,,,A*4E
$GPGGA,215123.00,3725.272863,N,12205.294345,W,7,,0.38,-29.53,M,0.0,M,0.0,0000*7B
$GPRMC,215123.00,A,3725.272863,N,12205.294345,W,025.7,119.0,210520,,,A*47
$GPGGA,215124.00,3725.269324,N,12205.285796,W,7,,0.38,-29.40,M,0.0,M,0.0,0000*76
$GPRMC,215124.00,A,3725.269324,N,12205.285796,W,027.5,116.2,210520,,,A*45
$GPGGA,215125.00,3725.266150,N,12205.276777,W,7,,0.38,-29.17,M,0.0,M,0.0,0000*78
$GPRMC,215125.00,A,3725.266150,N,12205.276777,W,029.0,112.0,210520,,,A*44
$GPGGA,215126.00,3725.263497,N,12205.267315,W,7,,0.39,-28.66,M,0.0,M,0.0,0000*76
$GPRMC,215126.00,A,3725.263497,N,12205.267315,W,029.1,108.0,210520,,,A*46
$GPGGA,215127.00,3725.261398,N,12205.257709,W,7,,0.38,-28.18,M,0.0,M,0.0,0000*7F
$GPRMC,215127.00,A,3725.261398,N,12205.257709,W,029.5,104.4,210520,,,A*4B
$GPGGA,215128.00,3725.259796,N,12205.247857,W,7,,0.38,-27.55,M,0.0,M,0.0,0000*72
$GPRMC,215128.00,A,3725.259796,N,12205.247857,W,029.0,100.3,210520,,,A*46
$GPGGA,215129.00,3725.258704,N,12205.237297,W,7,,0.38,-27.13,M,0.0,M,0.0,0000*7A
$GPRMC,215129.00,A,3725.258704,N,12205.237297,W,029.9,095.4,210520,,,A*4F
$GPGGA,215130.00,3725.258235,N,12205.226899,W,7,,0.38,-26.81,M,0.0,M,0.0,0000*7B
$GPRMC,215130.00,A,3725.258235,N,12205.226899,W,030.0,091.9,210520,,,A*4C
$GPGGA,215131.00,3725.258019,N,12205.216808,W,7,,0.38,-26.50,M,0.0,M,0.0,0000*71
$GPRMC,215131.00,A,3725.258019,N,12205.216808,W,029.5,090.5,210520,,,A*4A
$GPGGA,215132.00,3725.257959,N,12205.206301,W,7,,0.38,-26.31,M,0.0,M,0.0,0000*74
$GPRMC,215132.00,A,3725.257959,N,12205.206301,W,029.1,090.5,210520,,,A*4C
$GPGGA,215133.00,3725.257756,N,12205.196228,W,7,,0.38,-26.44,M,0.0,M,0.0,0000*76
$GPRMC,215133.00,A,3725.257756,N,12205.196228,W,028.7,091.4,210520,,,A*4B
$GPGGA,215134.00,3725.257486,N,12205.186304,W,7,,0.38,-26.39,M,0.0,M,0.0,0000*7B
$GPRMC,215134.00,A,3725.257486,N,12205.186304,W,028.3,092.3,210520,,,A*4C
$GPGGA,215135.00,3725.257204,N,12205.176775,W,7,,0.38,-26.72,M,0.0,M,0.0,0000*74
$GPRMC,215135.00,A,3725.257204,N,12205.176775,W,027.8,092.3,210520,,,A*48
$GPGGA,215136.00,3725.256933,N,12205.167157,W,7,,0.38,-27.00,M,0.0,M,0.0,0000*7B
$GPRMC,215136.00,A,3725.256933,N,12205.167157,W,027.5,092.2,210520,,,A*4F
$GPGGA,215137.00,3725.256489,N,12205.157299,W,7,,0.38,-27.57,M,0.0,M,0.0,0000*76
$GPRMC,215137.00,A,3725.256489,N,12205.157299,W,027.3,093.5,210520,,,A*40
$GPGGA,215138.00,3725.255901,N,12205.148251,W,7,,0.38,-27.87,M,0.0,M,0.0,0000*70
$GPRMC,215138.00,A,3725.255901,N,12205.148251,W,025.2,095.0,210520,,,A*4B
$GPGGA,215139.00,3725.255295,N,12205.140499,W,7,,0.38,-28.47,M,0.0,M,0.0,0000*7E
$GPRMC,215139.00,A,3725.255295,N,12205.140499,W,021.3,096.3,210520,,,A*43
$GPGGA,215140.00,3725.254299,N,12205.133810,W,7,,0.38,-28.84,M,0.0,M,0.0,0000*7B
$GPRMC,215140.00,A,3725.254299,N,12205.133810,W,017.3,101.3,210520,,,A*43
$GPGGA,215141.00,3725.252511,N,12205.128709,W,7,,0.38,-29.00,M,0.0,M,0.0,0000*7B
$GPRMC,215141.00,A,3725.252511,N,12205.128709,W,015.6,116.0,210520,,,A*4C
$GPGGA,215142.00,3725.249553,N,12205.124857,W,7,,0.38,-28.81,M,0.0,M,0.0,0000*74
$GPRMC,215142.00,A,3725.249553,N,12205.124857,W,015.3,138.4,210520,,,A*46
$GPGGA,215143.00,3725.245443,N,12205.122722,W,7,,0.38,-28.65,M,0.0,M,0.0,0000*78
$GPRMC,215143.00,A,3725.245443,N,12205.122722,W,017.1,161.3,210520,,,A*4B
$GPGGA,215144.00,3725.240361,N,12205.121948,W,7,,0.38,-28.55,M,0.0,M,0.0,0000*7F
$GPRMC,215144.00,A,3725.240361,N,12205.121948,W,019.8,176.0,210520,,,A*4D
$GPGGA,215145.00,3725.234235,N,12205.121797,W,7,,0.38,-28.67,M,0.0,M,0.0,0000*70
$GPRMC,215145.00,A,3725.234235,N,12205.121797,W,022.5,179.4,210520,,,A*4D
$GPGGA,215146.00,3725.227552,N,12205.121809,W,7,,0.38,-28.60,M,0.0,M,0.0,0000*78
$GPRMC,215146.00,A,3725.227552,N,12205.121809,W,025.0,180.2,210520,,,A*40
$GPGGA,215147.00,3725.220525,N,12205.121911,W,7,,0.38,-28.72,M,0.0,M,0.0,0000*75
$GPRMC,215147.00,A,3725.220525,N,12205.121911,W,026.8,180.7,210520,,,A*40
$GPGGA,215148.00,3725.212611,N,12205.122127,W,7,,0.38,-28.65,M,0.0,M,0.0,0000*77
$GPRMC,215148.00,A,3725.212611,N,12205.122127,W,027.9,180.8,210520,,,A*4B
$GPGGA,215149.00,3725.204835,N,12205.122301,W,7,,0.38,-28.65,M,0.0,M,0.0,0000*7F
$GPRMC,215149.00,A,3725.204835,N,12205.122301,W,028.4,180.7,210520,,,A*4E
$GPGGA,215150.00,3725.196862,N,12205.122415,W,7,,0.38,-28.72,M,0.0,M,0.0,0000*79
$GPRMC,215150.00,A,3725.196862,N,12205.122415,W,029.0,180.4,210520,,,A*48
$GPGGA,215151.00,3725.188935,N,12205.122464,W,7,,0.38,-28.89,M,0.0,M,0.0,0000*76
$GPRMC,215151.00,A,3725.188935,N,12205.122464,W,029.3,180.0,210520,,,A*44
$GPGGA,215152.00,3725.180835,N,12205.122464,W,7,,0.38,-28.97,M,0.0,M,0.0,0000*73
$GPRMC,215152.00,A,3725.180835,N,12205.122464,W,029.3,179.7,210520,,,A*4F
$GPGGA,215153.00,3725.172657,N,12205.122433,W,7,,0.38,-29.08,M,0.0,M,0.0,0000*70
$GPRMC,215153.00,A,3725.172657,N,12205.122433,W,028.8,180.0,210520,,,A*40
$GPGGA,215154.00,3725.164785,N,12205.122613,W,7,,0.38,-29.02,M,0.0,M,0.0,0000*74
$GPRMC,215154.00,A,3725.164785,N,12205.122613,W,028.4,180.5,210520,,,A*47
$GPGGA,215155.00,3725.157153,N,12205.122650,W,7,,0.38,-28.84,M,0.0,M,0.0,0000*70
$GPRMC,215155.00,A,3725.157153,N,12205.122650,W,028.0,180.6,210520,,,A*4B
$GPGGA,215156.00,3725.149197,N,12205.122800,W,7,,0.38,-28.83,M,0.0,M,0.0,0000*78
$GPRMC,215156.00,A,3725.149197,N,12205.122800,W,027.7,180.8,210520,,,A*42
$GPGGA,215157.00,3725.141632,N,12205.122889,W,7,,0.38,-28.97,M,0.0,M,0.0,0000*7D
$GPRMC,215157.00,A,3725.141632,N,12205.122889,W,027.3,180.9,210520,,,A*47
$GPGGA,215158.00,3725.134120,N,12205.123021,W,7,,0.38,-28.87,M,0.0,M,0.0,0000*7E
$GPRMC,215158.00,A,3725.134120,N,12205.123021,W,026.9,180.9,210520,,,A*4E
$GPGGA,215159.00,3725.126860,N,12205.123093,W,7,,0.38,-28.64,M,0.0,M,0.0,0000*75
$GPRMC,215159.00,A,3725.126860,N,12205.123093,W,026.6,180.5,210520,,,A*4B
$GPGGA,215200.00,3725.119569,N,12205.123117,W,7,,0.38,-28.50,M,0.0,M,0.0,0000*78
$GPRMC,215200.00,A,3725.119569,N,12205.123117,W,026.2,180.0,210520,,,A*40
$GPGGA,215201.00,3725.112052,N,12205.123082,W,7,,0.38,-28.33,M,0.0,M,0.0,0000*77
$GPRMC,215201.00,A,3725.112052,N,12205.123082,W,026.0,179.6,210520,,,A*48
$GPGGA,215202.00,3725.104839,N,12205.122889,W,7,,0.38,-28.28,M,0.0,M,0.0,0000*7E
$GPRMC,215202.00,A,3725.104839,N,12205.122889,W,026.1,179.4,210520,,,A*48
$GPGGA,215203.00,3725.097772,N,12205.122805,W,7,,0.38,-28.17,M,0.0,M,0.0,0000*7C
$GPRMC,215203.00,A,3725.097772,N,12205.122805,W,026.0,179.5,210520,,,A*46
$GPGGA,215204.00,3725.090325,N,12205.122812,W,7,,0.38,-27.71,M,0.0,M,0.0,0000*73
$GPRMC,215204.00,A,3725.090325,N,12205.122812,W,025.7,180.0,210520,,,A*41
$GPGGA,215205.00,3725.083228,N,12205.122854,W,7,,0.38,-27.70,M,0.0,M,0.0,0000*7F
$GPRMC,215205.00,A,3725.083228,N,12205.122854,W,025.4,180.4,210520,,,A*4B
$GPGGA,215206.00,3725.076309,N,12205.123003,W,7,,0.38,-27.80,M,0.0,M,0.0,0000*70
$GPRMC,215206.00,A,3725.076309,N,12205.123003,W,025.0,181.0,210520,,,A*4A
$GPGGA,215207.00,3725.069620,N,12205.123165,W,7,,0.38,-27.75,M,0.0,M,0.0,0000*7A
$GPRMC,215207.00,A,3725.069620,N,12205.123165,W,024.5,181.4,210520,,,A*4A
$GPGGA,215208.00,3725.062923,N,12205.123363,W,7,,0.39,-27.66,M,0.0,M,0.0,0000*75
$GPRMC,215208.00,A,3725.062923,N,12205.123363,W,024.1,181.2,210520,,,A*44
$GPGGA,215209.00,3725.056173,N,12205.123412,W,7,,0.38,-27.31,M,0.0,M,0.0,0000*7C
$GPRMC,215209.00,A,3725.056173,N,12205.123412,W,023.5,180.5,210520,,,A*4B
$GPGGA,215210.00,3725.049736,N,12205.123435,W,7,,0.38,-27.18,M,0.0,M,0.0,0000*73
$GPRMC,215210.00,A,3725.049736,N,12205.123435,W,023.0,180.0,210520,,,A*4F
$GPGGA,215211.00,3725.043460,N,12205.123346,W,7,,0.38,-26.84,M,0.0,M,0.0,0000*7F
$GPRMC,215211.00,A,3725.043460,N,12205.123346,W,022.7,179.7,210520,,,A*40
