$GPGGA,225211.00,3731.511741,N,12221.198948,W,7,,0.38,140.14,M,0.0,M,0.0,0000*6C
$GPRMC,225211.00,A,3731.511741,N,12221.198948,W,000.0,000.0,060820,,,A*41
$GPGGA,225212.00,3731.511622,N,12221.198936,W,7,,0.38,140.60,M,0.0,M,0.0,0000*61
$GPRMC,225212.00,A,3731.511622,N,12221.198936,W,000.3,145.2,060820,,,A*4E
$GPGGA,225213.00,3731.511411,N,12221.199139,W,7,,0.38,140.74,M,0.0,M,0.0,0000*61
$GPRMC,225213.00,A,3731.511411,N,12221.199139,W,000.0,000.0,060820,,,A*4A
$GPGGA,225214.00,3731.511381,N,12221.199373,W,7,,0.38,140.53,M,0.0,M,0.0,0000*61
$GPRMC,225214.00,A,3731.511381,N,12221.199373,W,000.0,000.0,060820,,,A*4F
$GPGGA,225215.00,3731.511430,N,12221.199457,W,7,,0.38,140.53,M,0.0,M,0.0,0000*6C
$GPRMC,225215.00,A,3731.511430,N,12221.199457,W,000.0,000.0,060820,,,A*42
$GPGGA,225216.00,3731.511442,N,12221.199601,W,7,,0.38,140.19,M,0.0,M,0.0,0000*65
$GPRMC,225216.00,A,3731.511442,N,12221.199601,W,000.0,000.0,060820,,,A*45
$GPGGA,225217.00,3731.511423,N,12221.199685,W,7,,0.38,140.10,M,0.0,M,0.0,0000*66
$GPRMC,225217.00,A,3731.511423,N,12221.199685,W,000.0,000.0,060820,,,A*4F
$GPGGA,225218.00,3731.511472,N,12221.199727,W,7,,0.38,140.07,M,0.0,M,0.0,0000*62
$GPRMC,225218.00,A,3731.511472,N,12221.199727,W,000.0,000.0,060820,,,A*4D
$GPGGA,225219.00,3731.511508,N,12221.199752,W,7,,0.38,139.95,M,0.0,M,0.0,0000*68
$GPRMC,225219.00,A,3731.511508,N,12221.199752,W,000.0,000.0,060820,,,A*42
$GPGGA,225220.00,3731.511567,N,12221.199775,W,7,,0.38,139.65,M,0.0,M,0.0,0000*61
$GPRMC,225220.00,A,3731.511567,N,12221.199775,W,000.0,000.0,060820,,,A*44
$GPGGA,225221.00,3731.511580,N,12221.199799,W,7,,0.38,139.69,M,0.0,M,0.0,0000*67
$GPRMC,225221.00,A,3731.511580,N,12221.199799,W,000.0,000.0,060820,,,A*4E
$GPGGA,225222.00,3731.511544,N,12221.199866,W,7,,0.38,139.05,M,0.0,M,0.0,0000*69
$GPRMC,225222.00,A,3731.511544,N,12221.199866,W,000.0,000.0,060820,,,A*4A
$GPGGA,225223.00,3731.511586,N,12221.199956,W,7,,0.38,138.80,M,0.0,M,0.0,0000*68
$GPRMC,225223.00,A,3731.511586,N,12221.199956,W,000.0,000.0,060820,,,A*47
$GPGGA,225224.00,3731.511711,N,12221.199901,W,7,,0.38,138.74,M,0.0,M,0.0,0000*6A
$GPRMC,225224.00,A,3731.511711,N,12221.199901,W,000.0,000.0,060820,,,A*4E
$GPGGA,225225.00,3731.511760,N,12221.199871,W,7,,0.38,138.56,M,0.0,M,0.0,0000*6B
$GPRMC,225225.00,A,3731.511760,N,12221.199871,W,000.0,000.0,060820,,,A*4F
$GPGGA,225226.00,3731.511730,N,12221.200003,W,7,,0.38,138.08,M,0.0,M,0.0,0000*68
$GPRMC,225226.00,A,3731.511730,N,12221.200003,W,000.0,000.0,060820,,,A*47
$GPGGA,225227.00,3731.511783,N,12221.200117,W,7,,0.38,137.69,M,0.0,M,0.0,0000*6D
$GPRMC,225227.00,A,3731.511783,N,12221.200117,W,000.0,000.0,060820,,,A*4A
$GPGGA,225228.00,3731.511885,N,12221.200172,W,7,,0.38,137.78,M,0.0,M,0.0,0000*68
$GPRMC,225228.00,A,3731.511885,N,12221.200172,W,000.0,000.0,060820,,,A*4F
$GPGGA,225229.00,3731.512005,N,12221.200201,W,7,,0.38,137.47,M,0.0,M,0.0,0000*61
$GPRMC,225229.00,A,3731.512005,N,12221.200201,W,000.0,000.0,060820,,,A*4A
$GPGGA,225230.00,3731.512084,N,12221.200147,W,7,,0.38,137.42,M,0.0,M,0.0,0000*64
$GPRMC,225230.00,A,3731.512084,N,12221.200147,W,000.0,000.0,060820,,,A*4A
$GPGGA,225231.00,3731.512132,N,12221.200135,W,7,,0.38,137.21,M,0.0,M,0.0,0000*69
$GPRMC,225231.00,A,3731.512132,N,12221.200135,W,000.0,000.0,060820,,,A*42
$GPGGA,225232.00,3731.512120,N,12221.200093,W,7,,0.38,137.18,M,0.0,M,0.0,0000*6E
$GPRMC,225232.00,A,3731.512120,N,12221.200093,W,000.0,000.0,060820,,,A*4F
$GPGGA,225233.00,3731.512168,N,12221.200058,W,7,,0.38,137.03,M,0.0,M,0.0,0000*6E
$GPRMC,225233.00,A,3731.512168,N,12221.200058,W,000.0,000.0,060820,,,A*45
$GPGGA,225234.00,3731.512191,N,12221.200045,W,7,,0.38,137.02,M,0.0,M,0.0,0000*62
$GPRMC,225234.00,A,3731.512191,N,12221.200045,W,000.0,000.0,060820,,,A*48
$GPGGA,225235.00,3731.512210,N,12221.200040,W,7,,0.38,137.01,M,0.0,M,0.0,0000*6F
$GPRMC,225235.00,A,3731.512210,N,12221.200040,W,000.0,000.0,060820,,,A*46
$GPGGA,225236.00,3731.512215,N,12221.200040,W,7,,0.38,137.01,M,0.0,M,0.0,0000*69
$GPRMC,225236.00,A,3731.512215,N,12221.200040,W,000.0,000.0,060820,,,A*40
$GPGGA,225237.00,3731.512221,N,12221.200040,W,7,,0.38,137.02,M,0.0,M,0.0,0000*6C
$GPRMC,225237.00,A,3731.512221,N,12221.200040,W,000.0,000.0,060820,,,A*46
$GPGGA,225238.00,3731.512221,N,12221.200040,W,7,,0.38,137.02,M,0.0,M,0.0,0000*63
$GPRMC,225238.00,A,3731.512221,N,12221.200040,W,000.0,000.0,060820,,,A*49
$GPGGA,225239.00,3731.512221,N,12221.200040,W,7,,0.38,137.02,M,0.0,M,0.0,0000*62
$GPRMC,225239.00,A,3731.512221,N,12221.200040,W,000.0,000.0,060820,,,A*48
$GPGGA,225240.00,3731.512227,N,12221.200058,W,7,,0.38,136.78,M,0.0,M,0.0,0000*6F
$GPRMC,225240.00,A,3731.512227,N,12221.200058,W,000.4,144.9,060820,,,A*45
$GPGGA,225241.00,3731.512342,N,12221.200021,W,7,,0.38,136.72,M,0.0,M,0.0,0000*68
$GPRMC,225241.00,A,3731.512342,N,12221.200021,W,000.0,000.0,060820,,,A*44
$GPGGA,225242.00,3731.512431,N,12221.199956,W,7,,0.38,136.57,M,0.0,M,0.0,0000*65
$GPRMC,225242.00,A,3731.512431,N,12221.199956,W,000.0,000.0,060820,,,A*4E
$GPGGA,225243.00,3731.512473,N,12221.199889,W,7,,0.38,136.62,M,0.0,M,0.0,0000*67
$GPRMC,225243.00,A,3731.512473,N,12221.199889,W,000.0,000.0,060820,,,A*4A
$GPGGA,225244.00,3731.512467,N,12221.199764,W,7,,0.38,136.91,M,0.0,M,0.0,0000*65
$GPRMC,225244.00,A,3731.512467,N,12221.199764,W,000.0,000.0,060820,,,A*44
$GPGGA,225245.00,3731.512450,N,12221.199656,W,7,,0.38,136.86,M,0.0,M,0.0,0000*66
$GPRMC,225245.00,A,3731.512450,N,12221.199656,W,000.0,000.0,060820,,,A*41
$GPGGA,225246.00,3731.512473,N,12221.199584,W,7,,0.38,136.71,M,0.0,M,0.0,0000*60
$GPRMC,225246.00,A,3731.512473,N,12221.199584,W,000.0,000.0,060820,,,A*4F
$GPGGA,225247.00,3731.512473,N,12221.199601,W,7,,0.38,136.76,M,0.0,M,0.0,0000*68
$GPRMC,225247.00,A,3731.512473,N,12221.199601,W,000.0,000.0,060820,,,A*40
$GPGGA,225248.00,3731.512486,N,12221.199559,W,7,,0.38,136.67,M,0.0,M,0.0,0000*63
$GPRMC,225248.00,A,3731.512486,N,12221.199559,W,000.0,000.0,060820,,,A*4B
$GPGGA,225249.00,3731.512443,N,12221.199584,W,7,,0.38,136.74,M,0.0,M,0.0,0000*69
$GPRMC,225249.00,A,3731.512443,N,12221.199584,W,000.0,000.0,060820,,,A*43
$GPGGA,225250.00,3731.512395,N,12221.199589,W,7,,0.38,136.81,M,0.0,M,0.0,0000*6A
$GPRMC,225250.00,A,3731.512395,N,12221.199589,W,000.0,000.0,060820,,,A*4A
$GPGGA,225251.00,3731.512371,N,12221.199596,W,7,,0.38,136.91,M,0.0,M,0.0,0000*6E
$GPRMC,225251.00,A,3731.512371,N,12221.199596,W,000.0,000.0,060820,,,A*4F
$GPGGA,225252.00,3731.512354,N,12221.199596,W,7,,0.38,136.93,M,0.0,M,0.0,0000*68
$GPRMC,225252.00,A,3731.512354,N,12221.199596,W,000.0,000.0,060820,,,A*4B
$GPGGA,225253.00,3731.512354,N,12221.199608,W,7,,0.38,136.94,M,0.0,M,0.0,0000*6A
$GPRMC,225253.00,A,3731.512354,N,12221.199608,W,000.0,000.0,060820,,,A*4E
$GPGGA,225254.00,3731.512348,N,12221.199613,W,7,,0.38,136.94,M,0.0,M,0.0,0000*6A
$GPRMC,225254.00,A,3731.512348,N,12221.199613,W,000.0,000.0,060820,,,A*4E
$GPGGA,225255.00,3731.512348,N,12221.199619,W,7,,0.38,136.93,M,0.0,M,0.0,0000*66
$GPRMC,225255.00,A,3731.512348,N,12221.199619,W,000.0,000.0,060820,,,A*45
$GPGGA,225256.00,3731.512348,N,12221.199619,W,7,,0.38,136.94,M,0.0,M,0.0,0000*62
$GPRMC,225256.00,A,3731.512348,N,12221.199619,W,000.0,000.0,060820,,,A*46
$GPGGA,225257.00,3731.512348,N,12221.199626,W,7,,0.38,136.93,M,0.0,M,0.0,0000*68
$GPRMC,225257.00,A,3731.512348,N,12221.199626,W,000.0,000.0,060820,,,A*4B
$GPGGA,225258.00,3731.512348,N,12221.199626,W,7,,0.38,136.93,M,0.0,M,0.0,0000*67
$GPRMC,225258.00,A,3731.512348,N,12221.199626,W,000.0,000.0,060820,,,A*44
$GPGGA,225259.00,3731.512348,N,12221.199626,W,7,,0.38,136.94,M,0.0,M,0.0,0000*61
$GPRMC,225259.00,A,3731.512348,N,12221.199626,W,000.0,000.0,060820,,,A*45
$GPGGA,225300.00,3731.512348,N,12221.199626,W,7,,0.38,136.93,M,0.0,M,0.0,0000*6B
$GPRMC,225300.00,A,3731.512348,N,12221.199626,W,000.0,000.0,060820,,,A*48
$GPGGA,225301.00,3731.512348,N,12221.199626,W,7,,0.38,136.93,M,0.0,M,0.0,0000*6A
$GPRMC,225301.00,A,3731.512348,N,12221.199626,W,000.0,000.0,060820,,,A*49
$GPGGA,225302.00,3731.512348,N,12221.199631,W,7,,0.38,136.93,M,0.0,M,0.0,0000*6F
$GPRMC,225302.00,A,3731.512348,N,12221.199631,W,000.0,000.0,060820,,,A*4C
$GPGGA,225303.00,3731.512348,N,12221.199631,W,7,,0.38,136.93,M,0.0,M,0.0,0000*6E
$GPRMC,225303.00,A,3731.512348,N,12221.199631,W,000.0,000.0,060820,,,A*4D
$GPGGA,225304.00,3731.512348,N,12221.199631,W,7,,0.38,136.93,M,0.0,M,0.0,0000*69
$GPRMC,225304.00,A,3731.512348,N,12221.199631,W,000.0,000.0,060820,,,A*4A
$GPGGA,225305.00,3731.512348,N,12221.199631,W,7,,0.38,136.93,M,0.0,M,0.0,0000*68
$GPRMC,225305.00,A,3731.512348,N,12221.199631,W,000.0,000.0,060820,,,A*4B
$GPGGA,225306.00,3731.512348,N,12221.199631,W,7,,0.38,136.93,M,0.0,M,0.0,0000*6B
$GPRMC,225306.00,A,3731.512348,N,12221.199631,W,000.0,000.0,060820,,,A*48
$GPGGA,225307.00,3731.512348,N,12221.199631,W,7,,0.38,136.93,M,0.0,M,0.0,0000*6A
$GPRMC,225307.00,A,3731.512348,N,12221.199631,W,000.0,000.0,060820,,,A*49
$GPGGA,225308.00,3731.512354,N,12221.199631,W,7,,0.38,136.93,M,0.0,M,0.0,0000*68
$GPRMC,225308.00,A,3731.512354,N,12221.199631,W,000.0,000.0,060820,,,A*4B
$GPGGA,225309.00,3731.512354,N,12221.199631,W,7,,0.38,136.93,M,0.0,M,0.0,0000*69
$GPRMC,225309.00,A,3731.512354,N,12221.199631,W,000.0,000.0,060820,,,A*4A
$GPGGA,225310.00,3731.512354,N,12221.199631,W,7,,0.38,136.93,M,0.0,M,0.0,0000*61
$GPRMC,225310.00,A,3731.512354,N,12221.199631,W,000.0,000.0,060820,,,A*42
$GPGGA,225311.00,3731.512354,N,12221.199631,W,7,,0.38,136.93,M,0.0,M,0.0,0000*60
$GPRMC,225311.00,A,3731.512354,N,12221.199631,W,000.0,000.0,060820,,,A*43
$GPGGA,225312.00,3731.512354,N,12221.199631,W,7,,0.38,136.94,M,0.0,M,0.0,0000*64
$GPRMC,225312.00,A,3731.512354,N,12221.199631,W,000.0,000.0,060820,,,A*40
$GPGGA,225313.00,3731.512257,N,12221.199566,W,7,,0.38,136.88,M,0.0,M,0.0,0000*6B
$GPRMC,225313.00,A,3731.512257,N,12221.199566,W,000.3,144.7,060820,,,A*47
$GPGGA,225314.00,3731.511861,N,12221.199080,W,7,,0.38,137.16,M,0.0,M,0.0,0000*6B
$GPRMC,225314.00,A,3731.511861,N,12221.199080,W,002.0,131.9,060820,,,A*4C
$GPGGA,225315.00,3731.511057,N,12221.197963,W,7,,0.38,137.74,M,0.0,M,0.0,0000*69
$GPRMC,225315.00,A,3731.511057,N,12221.197963,W,004.4,129.5,060820,,,A*4D
$GPGGA,225316.00,3731.509665,N,12221.196097,W,7,,0.38,138.07,M,0.0,M,0.0,0000*6C
$GPRMC,225316.00,A,3731.509665,N,12221.196097,W,007.4,129.9,060820,,,A*4C
$GPGGA,225317.00,3731.507356,N,12221.193662,W,7,,0.38,138.45,M,0.0,M,0.0,0000*69
$GPRMC,225317.00,A,3731.507356,N,12221.193662,W,009.9,130.2,060820,,,A*4F
$GPGGA,225318.00,3731.504950,N,12221.190464,W,7,,0.38,138.51,M,0.0,M,0.0,0000*6B
$GPRMC,225318.00,A,3731.504950,N,12221.190464,W,012.2,131.5,060820,,,A*4F
$GPGGA,225319.00,3731.502195,N,12221.186840,W,7,,0.38,138.80,M,0.0,M,0.0,0000*6C
$GPRMC,225319.00,A,3731.502195,N,12221.186840,W,014.1,132.6,060820,,,A*41
$GPGGA,225320.00,3731.499261,N,12221.182922,W,7,,0.38,138.82,M,0.0,M,0.0,0000*6E
$GPRMC,225320.00,A,3731.499261,N,12221.182922,W,014.8,133.8,060820,,,A*47
$GPGGA,225321.00,3731.496436,N,12221.179256,W,7,,0.38,139.13,M,0.0,M,0.0,0000*61
$GPRMC,225321.00,A,3731.496436,N,12221.179256,W,014.9,136.5,060820,,,A*48
$GPGGA,225322.00,3731.493729,N,12221.176381,W,7,,0.38,139.28,M,0.0,M,0.0,0000*66
$GPRMC,225322.00,A,3731.493729,N,12221.176381,W,013.8,140.2,060820,,,A*47
$GPGGA,225323.00,3731.491065,N,12221.173891,W,7,,0.38,138.99,M,0.0,M,0.0,0000*6E
$GPRMC,225323.00,A,3731.491065,N,12221.173891,W,012.1,142.1,060820,,,A*4D
$GPGGA,225324.00,3731.488545,N,12221.171839,W,7,,0.38,139.28,M,0.0,M,0.0,0000*6D
$GPRMC,225324.00,A,3731.488545,N,12221.171839,W,010.7,143.5,060820,,,A*44
$GPGGA,225325.00,3731.486355,N,12221.170243,W,7,,0.38,139.26,M,0.0,M,0.0,0000*6D
$GPRMC,225325.00,A,3731.486355,N,12221.170243,W,008.3,147.2,060820,,,A*44
$GPGGA,225326.00,3731.484849,N,12221.169188,W,7,,0.38,139.36,M,0.0,M,0.0,0000*67
$GPRMC,225326.00,A,3731.484849,N,12221.169188,W,005.6,150.9,060820,,,A*4A
$GPGGA,225327.00,3731.483386,N,12221.168360,W,7,,0.38,139.64,M,0.0,M,0.0,0000*6B
$GPRMC,225327.00,A,3731.483386,N,12221.168360,W,005.4,159.6,060820,,,A*45
$GPGGA,225328.00,3731.481742,N,12221.168233,W,7,,0.38,139.65,M,0.0,M,0.0,0000*6C
$GPRMC,225328.00,A,3731.481742,N,12221.168233,W,006.3,177.7,060820,,,A*4A
$GPGGA,225329.00,3731.480032,N,12221.169050,W,7,,0.38,139.45,M,0.0,M,0.0,0000*68
$GPRMC,225329.00,A,3731.480032,N,12221.169050,W,007.3,202.6,060820,,,A*4D
$GPGGA,225330.00,3731.478196,N,12221.170526,W,7,,0.38,139.24,M,0.0,M,0.0,0000*63
$GPRMC,225330.00,A,3731.478196,N,12221.170526,W,008.3,222.1,060820,,,A*4B
$GPGGA,225331.00,3731.476167,N,12221.172727,W,7,,0.38,138.68,M,0.0,M,0.0,0000*6A
$GPRMC,225331.00,A,3731.476167,N,12221.172727,W,010.3,230.0,060820,,,A*40
$GPGGA,225332.00,3731.473725,N,12221.175566,W,7,,0.38,138.91,M,0.0,M,0.0,0000*6A
$GPRMC,225332.00,A,3731.473725,N,12221.175566,W,012.5,228.1,060820,,,A*4A
$GPGGA,225333.00,3731.471355,N,12221.178847,W,7,,0.38,138.70,M,0.0,M,0.0,0000*66
$GPRMC,225333.00,A,3731.471355,N,12221.178847,W,013.4,231.0,060820,,,A*40
$GPGGA,225334.00,3731.468758,N,12221.182483,W,7,,0.38,138.34,M,0.0,M,0.0,0000*61
$GPRMC,225334.00,A,3731.468758,N,12221.182483,W,014.4,229.7,060820,,,A*4E
$GPGGA,225335.00,3731.465830,N,12221.186570,W,7,,0.38,137.88,M,0.0,M,0.0,0000*6D
$GPRMC,225335.00,A,3731.465830,N,12221.186570,W,016.6,228.9,060820,,,A*45
$GPGGA,225336.00,3731.462482,N,12221.190841,W,7,,0.38,137.33,M,0.0,M,0.0,0000*64
$GPRMC,225336.00,A,3731.462482,N,12221.190841,W,017.3,226.2,060820,,,A*4D
$GPGGA,225337.00,3731.458834,N,12221.195377,W,7,,0.38,136.86,M,0.0,M,0.0,0000*69
$GPRMC,225337.00,A,3731.458834,N,12221.195377,W,017.9,225.6,060820,,,A*42
$GPGGA,225338.00,3731.455335,N,12221.199596,W,7,,0.38,136.31,M,0.0,M,0.0,0000*68
$GPRMC,225338.00,A,3731.455335,N,12221.199596,W,018.0,224.0,060820,,,A*4E
$GPGGA,225339.00,3731.451585,N,12221.203825,W,7,,0.38,135.76,M,0.0,M,0.0,0000*65
$GPRMC,225339.00,A,3731.451585,N,12221.203825,W,017.9,218.6,060820,,,A*4C
$GPGGA,225340.00,3731.447799,N,12221.208133,W,7,,0.38,135.16,M,0.0,M,0.0,0000*60
$GPRMC,225340.00,A,3731.447799,N,12221.208133,W,017.5,214.6,060820,,,A*4F
$GPGGA,225341.00,3731.444050,N,12221.212123,W,7,,0.38,134.47,M,0.0,M,0.0,0000*6F
$GPRMC,225341.00,A,3731.444050,N,12221.212123,W,017.7,220.8,060820,,,A*4E
$GPGGA,225342.00,3731.440150,N,12221.215868,W,7,,0.38,133.84,M,0.0,M,0.0,0000*60
$GPRMC,225342.00,A,3731.440150,N,12221.215868,W,018.6,207.6,060820,,,A*4C
$GPGGA,225343.00,3731.435518,N,12221.219312,W,7,,0.38,133.04,M,0.0,M,0.0,0000*69
$GPRMC,225343.00,A,3731.435518,N,12221.219312,W,019.7,204.3,060820,,,A*4B
$GPGGA,225344.00,3731.430598,N,12221.222648,W,7,,0.38,132.22,M,0.0,M,0.0,0000*64
$GPRMC,225344.00,A,3731.430598,N,12221.222648,W,020.3,200.7,060820,,,A*4D
$GPGGA,225345.00,3731.425059,N,12221.225594,W,7,,0.38,131.03,M,0.0,M,0.0,0000*6C
$GPRMC,225345.00,A,3731.425059,N,12221.225594,W,021.4,198.2,060820,,,A*44
$GPGGA,225346.00,3731.419773,N,12221.228072,W,7,,0.38,129.80,M,0.0,M,0.0,0000*6D
$GPRMC,225346.00,A,3731.419773,N,12221.228072,W,021.1,199.4,060820,,,A*45
$GPGGA,225347.00,3731.414379,N,12221.230651,W,7,,0.38,128.68,M,0.0,M,0.0,0000*66
$GPRMC,225347.00,A,3731.414379,N,12221.230651,W,020.4,199.4,060820,,,A*4D
$GPGGA,225348.00,3731.408937,N,12221.233525,W,7,,0.38,127.70,M,0.0,M,0.0,0000*61
$GPRMC,225348.00,A,3731.408937,N,12221.233525,W,020.4,202.2,060820,,,A*4B
$GPGGA,225349.00,3731.403886,N,12221.236910,W,7,,0.38,126.63,M,0.0,M,0.0,0000*6C
$GPRMC,225349.00,A,3731.403886,N,12221.236910,W,020.3,209.4,060820,,,A*4F
$GPGGA,225350.00,3731.399584,N,12221.240990,W,7,,0.38,125.59,M,0.0,M,0.0,0000*6C
$GPRMC,225350.00,A,3731.399584,N,12221.240990,W,019.4,221.1,060820,,,A*47
$GPGGA,225351.00,3731.395870,N,12221.245951,W,7,,0.38,124.63,M,0.0,M,0.0,0000*67
$GPRMC,225351.00,A,3731.395870,N,12221.245951,W,018.9,231.1,060820,,,A*49
$GPGGA,225352.00,3731.392540,N,12221.252485,W,7,,0.38,123.77,M,0.0,M,0.0,0000*6D
$GPRMC,225352.00,A,3731.392540,N,12221.252485,W,019.6,242.8,060820,,,A*42
$GPGGA,225353.00,3731.390415,N,12221.259158,W,7,,0.38,123.05,M,0.0,M,0.0,0000*64
$GPRMC,225353.00,A,3731.390415,N,12221.259158,W,019.6,254.9,060820,,,A*48
$GPGGA,225354.00,3731.389575,N,12221.265920,W,7,,0.38,122.06,M,0.0,M,0.0,0000*66
$GPRMC,225354.00,A,3731.389575,N,12221.265920,W,020.2,267.7,060820,,,A*48
$GPGGA,225355.00,3731.389239,N,12221.273174,W,7,,0.38,121.37,M,0.0,M,0.0,0000*67
$GPRMC,225355.00,A,3731.389239,N,12221.273174,W,021.1,271.7,060820,,,A*4D
$GPGGA,225356.00,3731.389084,N,12221.280728,W,7,,0.38,120.45,M,0.0,M,0.0,0000*67
$GPRMC,225356.00,A,3731.389084,N,12221.280728,W,021.5,272.4,060820,,,A*4D
$GPGGA,225357.00,3731.388987,N,12221.288048,W,7,,0.38,119.59,M,0.0,M,0.0,0000*63
$GPRMC,225357.00,A,3731.388987,N,12221.288048,W,021.2,271.4,060820,,,A*4A
$GPGGA,225358.00,3731.388873,N,12221.295037,W,7,,0.38,118.94,M,0.0,M,0.0,0000*62
$GPRMC,225358.00,A,3731.388873,N,12221.295037,W,020.5,271.2,060820,,,A*4B
$GPGGA,225359.00,3731.388754,N,12221.302147,W,7,,0.38,118.28,M,0.0,M,0.0,0000*67
$GPRMC,225359.00,A,3731.388754,N,12221.302147,W,020.6,270.0,060820,,,A*49
$GPGGA,225400.00,3731.388562,N,12221.309348,W,7,,0.38,117.56,M,0.0,M,0.0,0000*6B
$GPRMC,225400.00,A,3731.388562,N,12221.309348,W,021.1,268.4,060820,,,A*48
$GPGGA,225401.00,3731.388357,N,12221.317088,W,7,,0.38,116.96,M,0.0,M,0.0,0000*67
$GPRMC,225401.00,A,3731.388357,N,12221.317088,W,021.6,268.9,060820,,,A*43
$GPGGA,225402.00,3731.388124,N,12221.324372,W,7,,0.38,116.37,M,0.0,M,0.0,0000*6F
$GPRMC,225402.00,A,3731.388124,N,12221.324372,W,021.8,269.1,060820,,,A*47
$GPGGA,225403.00,3731.387853,N,12221.332070,W,7,,0.38,118.47,M,0.0,M,0.0,0000*67
$GPRMC,225403.00,A,3731.387853,N,12221.332070,W,022.3,267.6,060820,,,A*47
$GPGGA,225404.00,3731.387626,N,12221.340044,W,7,,0.38,116.83,M,0.0,M,0.0,0000*68
$GPRMC,225404.00,A,3731.387626,N,12221.340044,W,022.5,268.1,060820,,,A*40
$GPGGA,225405.00,3731.387512,N,12221.348203,W,7,,0.38,115.38,M,0.0,M,0.0,0000*67
$GPRMC,225405.00,A,3731.387512,N,12221.348203,W,023.4,268.9,060820,,,A*44
$GPGGA,225406.00,3731.387356,N,12221.356202,W,7,,0.38,114.05,M,0.0,M,0.0,0000*63
$GPRMC,225406.00,A,3731.387356,N,12221.356202,W,023.9,268.3,060820,,,A*48
$GPGGA,225407.00,3731.387115,N,12221.364637,W,7,,0.38,112.70,M,0.0,M,0.0,0000*60
$GPRMC,225407.00,A,3731.387115,N,12221.364637,W,024.2,268.6,060820,,,A*46
$GPGGA,225408.00,3731.386888,N,12221.372846,W,7,,0.38,111.45,M,0.0,M,0.0,0000*69
$GPRMC,225408.00,A,3731.386888,N,12221.372846,W,022.9,268.1,060820,,,A*40
$GPGGA,225409.00,3731.386516,N,12221.380658,W,7,,0.38,110.28,M,0.0,M,0.0,0000*64
$GPRMC,225409.00,A,3731.386516,N,12221.380658,W,021.0,269.8,060820,,,A*45
$GPGGA,225410.00,3731.386293,N,12221.387324,W,7,,0.38,109.35,M,0.0,M,0.0,0000*6B
$GPRMC,225410.00,A,3731.386293,N,12221.387324,W,019.0,270.0,060820,,,A*45
$GPGGA,225411.00,3731.386084,N,12221.393335,W,7,,0.38,108.50,M,0.0,M,0.0,0000*69
$GPRMC,225411.00,A,3731.386084,N,12221.393335,W,016.3,270.6,060820,,,A*4F
$GPGGA,225412.00,3731.386425,N,12221.398526,W,7,,0.38,107.76,M,0.0,M,0.0,0000*61
$GPRMC,225412.00,A,3731.386425,N,12221.398526,W,013.3,273.2,060820,,,A*4E
$GPGGA,225413.00,3731.386317,N,12221.402377,W,7,,0.38,107.25,M,0.0,M,0.0,0000*66
$GPRMC,225413.00,A,3731.386317,N,12221.402377,W,009.9,273.6,060820,,,A*4A
$GPGGA,225414.00,3731.386234,N,12221.404909,W,7,,0.38,106.73,M,0.0,M,0.0,0000*66
$GPRMC,225414.00,A,3731.386234,N,12221.404909,W,006.6,274.6,060820,,,A*4F
$GPGGA,225415.00,3731.386222,N,12221.406745,W,7,,0.38,106.55,M,0.0,M,0.0,0000*60
$GPRMC,225415.00,A,3731.386222,N,12221.406745,W,004.2,275.2,060820,,,A*4E
$GPGGA,225416.00,3731.386179,N,12221.407862,W,7,,0.38,106.48,M,0.0,M,0.0,0000*69
$GPRMC,225416.00,A,3731.386179,N,12221.407862,W,002.2,275.6,060820,,,A*49
$GPGGA,225417.00,3731.386245,N,12221.408497,W,7,,0.38,106.36,M,0.0,M,0.0,0000*64
$GPRMC,225417.00,A,3731.386245,N,12221.408497,W,001.5,276.0,060820,,,A*4C
$GPGGA,225418.00,3731.386588,N,12221.409331,W,7,,0.38,106.27,M,0.0,M,0.0,0000*67
$GPRMC,225418.00,A,3731.386588,N,12221.409331,W,003.7,274.6,060820,,,A*4B
$GPGGA,225419.00,3731.386852,N,12221.411306,W,7,,0.38,106.25,M,0.0,M,0.0,0000*63
$GPRMC,225419.00,A,3731.386852,N,12221.411306,W,007.0,261.0,060820,,,A*4C
$GPGGA,225420.00,3731.386431,N,12221.414059,W,7,,0.38,106.31,M,0.0,M,0.0,0000*69
$GPRMC,225420.00,A,3731.386431,N,12221.414059,W,008.4,236.0,060820,,,A*4A
$GPGGA,225421.00,3731.384979,N,12221.416339,W,7,,0.38,106.33,M,0.0,M,0.0,0000*6E
$GPRMC,225421.00,A,3731.384979,N,12221.416339,W,009.1,210.0,060820,,,A*4F
$GPGGA,225422.00,3731.382315,N,12221.417654,W,7,,0.38,106.49,M,0.0,M,0.0,0000*69
$GPRMC,225422.00,A,3731.382315,N,12221.417654,W,010.7,193.5,060820,,,A*46
$GPGGA,225423.00,3731.375115,N,12221.413934,W,7,,0.38,105.62,M,0.0,M,0.0,0000*65
$GPRMC,225423.00,A,3731.375115,N,12221.413934,W,018.1,175.8,060820,,,A*4B
$GPGGA,225424.00,3731.369823,N,12221.412013,W,7,,0.38,105.18,M,0.0,M,0.0,0000*63
$GPRMC,225424.00,A,3731.369823,N,12221.412013,W,020.4,166.7,060820,,,A*43
$GPGGA,225425.00,3731.364340,N,12221.409656,W,7,,0.38,104.59,M,0.0,M,0.0,0000*68
$GPRMC,225425.00,A,3731.364340,N,12221.409656,W,019.9,164.1,060820,,,A*4F
$GPGGA,225426.00,3731.359060,N,12221.407237,W,7,,0.38,104.13,M,0.0,M,0.0,0000*67
$GPRMC,225426.00,A,3731.359060,N,12221.407237,W,019.9,162.5,060820,,,A*4C
$GPGGA,225427.00,3731.353857,N,12221.404951,W,7,,0.38,103.55,M,0.0,M,0.0,0000*6D
$GPRMC,225427.00,A,3731.353857,N,12221.404951,W,018.9,164.6,060820,,,A*47
$GPGGA,225428.00,3731.348787,N,12221.402779,W,7,,0.38,103.02,M,0.0,M,0.0,0000*6A
$GPRMC,225428.00,A,3731.348787,N,12221.402779,W,017.6,165.5,060820,,,A*40
$GPGGA,225429.00,3731.344443,N,12221.401154,W,7,,0.38,102.73,M,0.0,M,0.0,0000*61
$GPRMC,225429.00,A,3731.344443,N,12221.401154,W,015.5,164.9,060820,,,A*40
$GPGGA,225430.00,3731.340243,N,12221.399300,W,7,,0.38,102.20,M,0.0,M,0.0,0000*68
$GPRMC,225430.00,A,3731.340243,N,12221.399300,W,015.7,152.9,060820,,,A*48
$GPGGA,225431.00,3731.336703,N,12221.395327,W,7,,0.38,101.70,M,0.0,M,0.0,0000*66
$GPRMC,225431.00,A,3731.336703,N,12221.395327,W,017.8,131.6,060820,,,A*47
$GPGGA,225432.00,3731.333872,N,12221.389862,W,7,,0.38,101.31,M,0.0,M,0.0,0000*6B
$GPRMC,225432.00,A,3731.333872,N,12221.389862,W,019.6,112.7,060820,,,A*4F
$GPGGA,225433.00,3731.331622,N,12221.383063,W,7,,0.38,101.47,M,0.0,M,0.0,0000*61
$GPRMC,225433.00,A,3731.331622,N,12221.383063,W,021.2,103.9,060820,,,A*45
$GPGGA,225434.00,3731.332492,N,12221.378095,W,7,,0.38,101.60,M,0.0,M,0.0,0000*64
$GPRMC,225434.00,A,3731.332492,N,12221.378095,W,018.4,103.6,060820,,,A*46
$GPGGA,225435.00,3731.330788,N,12221.371580,W,7,,0.38,101.73,M,0.0,M,0.0,0000*65
$GPRMC,225435.00,A,3731.330788,N,12221.371580,W,019.1,111.3,060820,,,A*47
$GPGGA,225436.00,3731.328135,N,12221.365903,W,7,,0.38,101.99,M,0.0,M,0.0,0000*69
$GPRMC,225436.00,A,3731.328135,N,12221.365903,W,017.8,124.0,060820,,,A*4D
$GPGGA,225437.00,3731.324608,N,12221.361805,W,7,,0.38,102.19,M,0.0,M,0.0,0000*65
$GPRMC,225437.00,A,3731.324608,N,12221.361805,W,017.4,137.5,060820,,,A*41
$GPGGA,225438.00,3731.320437,N,12221.358919,W,7,,0.38,102.93,M,0.0,M,0.0,0000*64
$GPRMC,225438.00,A,3731.320437,N,12221.358919,W,018.1,149.7,060820,,,A*43
$GPGGA,225439.00,3731.315320,N,12221.356688,W,7,,0.38,103.88,M,0.0,M,0.0,0000*60
$GPRMC,225439.00,A,3731.315320,N,12221.356688,W,019.9,155.0,060820,,,A*4F
$GPGGA,225440.00,3731.305629,N,12221.350094,W,7,,2.16,104.10,M,0.0,M,0.0,0000*66
$GPRMC,225440.00,A,3731.305629,N,12221.350094,W,029.4,153.7,060820,,,A*4E
$GPGGA,225441.00,3731.302551,N,12221.351072,W,7,,0.38,106.33,M,0.0,M,0.0,0000*68
$GPRMC,225441.00,A,3731.302551,N,12221.351072,W,024.4,159.5,060820,,,A*48
$GPGGA,225442.00,3731.295868,N,12221.346859,W,7,,0.38,110.12,M,0.0,M,0.0,0000*60
$GPRMC,225442.00,A,3731.295868,N,12221.346859,W,026.2,159.5,060820,,,A*40
$GPGGA,225443.00,3731.288109,N,12221.343133,W,7,,0.38,109.47,M,0.0,M,0.0,0000*6B
$GPRMC,225443.00,A,3731.288109,N,12221.343133,W,028.3,161.7,060820,,,A*45
$GPGGA,225444.00,3731.279715,N,12221.339828,W,7,,0.38,109.60,M,0.0,M,0.0,0000*62
$GPRMC,225444.00,A,3731.279715,N,12221.339828,W,030.1,163.1,060820,,,A*46
$GPGGA,225445.00,3731.271261,N,12221.336492,W,7,,0.38,109.84,M,0.0,M,0.0,0000*65
$GPRMC,225445.00,A,3731.271261,N,12221.336492,W,031.1,163.8,060820,,,A*43
$GPGGA,225446.00,3731.263233,N,12221.333318,W,7,,0.38,109.96,M,0.0,M,0.0,0000*61
$GPRMC,225446.00,A,3731.263233,N,12221.333318,W,031.2,165.0,060820,,,A*49
$GPGGA,225447.00,3731.254851,N,12221.330234,W,7,,0.38,110.19,M,0.0,M,0.0,0000*69
$GPRMC,225447.00,A,3731.254851,N,12221.330234,W,031.2,166.1,060820,,,A*4C
$GPGGA,225448.00,3731.247573,N,12221.327894,W,7,,0.38,110.45,M,0.0,M,0.0,0000*66
$GPRMC,225448.00,A,3731.247573,N,12221.327894,W,031.0,166.7,060820,,,A*4E
$GPGGA,225449.00,3731.241963,N,12221.325884,W,7,,0.38,111.38,M,0.0,M,0.0,0000*64
$GPRMC,225449.00,A,3731.241963,N,12221.325884,W,029.6,167.2,060820,,,A*4C
$GPGGA,225450.00,3731.236330,N,12221.323663,W,7,,0.38,112.34,M,0.0,M,0.0,0000*6E
$GPRMC,225450.00,A,3731.236330,N,12221.323663,W,028.5,165.7,060820,,,A*4C
$GPGGA,225451.00,3731.230251,N,12221.321342,W,7,,0.38,113.43,M,0.0,M,0.0,0000*6A
$GPRMC,225451.00,A,3731.230251,N,12221.321342,W,027.1,165.6,060820,,,A*43
$GPGGA,225452.00,3731.224047,N,12221.319037,W,7,,0.38,114.04,M,0.0,M,0.0,0000*67
$GPRMC,225452.00,A,3731.224047,N,12221.319037,W,025.6,165.2,060820,,,A*4B
$GPGGA,225500.00,3731.051950,N,12221.157721,W,7,,0.38,106.88,M,0.0,M,0.0,0000*61
$GPRMC,225500.00,A,3731.051950,N,12221.157721,W,062.4,141.2,060820,,,A*4D
$GPGGA,225501.00,3731.038401,N,12221.143526,W,7,,0.38,106.41,M,0.0,M,0.0,0000*63
$GPRMC,225501.00,A,3731.038401,N,12221.143526,W,063.5,140.5,060820,,,A*4C
$GPGGA,225502.00,3731.024704,N,12221.129095,W,7,,0.38,105.96,M,0.0,M,0.0,0000*63
$GPRMC,225502.00,A,3731.024704,N,12221.129095,W,064.3,139.8,060820,,,A*47
$GPGGA,225503.00,3731.011029,N,12221.114623,W,7,,0.38,104.85,M,0.0,M,0.0,0000*6A
$GPRMC,225503.00,A,3731.011029,N,12221.114623,W,064.9,139.4,060820,,,A*4B
$GPGGA,225504.00,3730.997325,N,12221.099762,W,7,,0.38,104.09,M,0.0,M,0.0,0000*60
$GPRMC,225504.00,A,3730.997325,N,12221.099762,W,065.4,139.1,060820,,,A*4C
$GPGGA,225505.00,3730.983472,N,12221.084654,W,7,,0.38,106.00,M,0.0,M,0.0,0000*62
$GPRMC,225505.00,A,3730.983472,N,12221.084654,W,065.8,139.2,060820,,,A*4A
$GPGGA,225506.00,3730.969773,N,12221.069462,W,7,,0.38,104.18,M,0.0,M,0.0,0000*68
$GPRMC,225506.00,A,3730.969773,N,12221.069462,W,065.5,139.2,060820,,,A*46
$GPGGA,225507.00,3730.955938,N,12221.054450,W,7,,0.38,102.68,M,0.0,M,0.0,0000*69
$GPRMC,225507.00,A,3730.955938,N,12221.054450,W,065.5,139.5,060820,,,A*41
$GPGGA,225508.00,3730.941442,N,12221.039240,W,7,,0.38,107.88,M,0.0,M,0.0,0000*64
$GPRMC,225508.00,A,3730.941442,N,12221.039240,W,066.4,139.7,060820,,,A*47
$GPGGA,225509.00,3730.927294,N,12221.024167,W,7,,0.38,104.02,M,0.0,M,0.0,0000*63
$GPRMC,225509.00,A,3730.927294,N,12221.024167,W,067.0,140.0,060820,,,A*4D
$GPGGA,225510.00,3730.913517,N,12221.009407,W,7,,0.38,101.53,M,0.0,M,0.0,0000*6D
$GPRMC,225510.00,A,3730.913517,N,12221.009407,W,067.5,139.8,060820,,,A*41
$GPGGA,225511.00,3730.899213,N,12220.994179,W,7,,0.38,99.39,M,0.0,M,0.0,0000*50
$GPRMC,225511.00,A,3730.899213,N,12220.994179,W,067.8,139.8,060820,,,A*4D
$GPGGA,225512.00,3730.884777,N,12220.978904,W,7,,0.38,97.45,M,0.0,M,0.0,0000*5D
$GPRMC,225512.00,A,3730.884777,N,12220.978904,W,067.5,139.9,060820,,,A*49
$GPGGA,225513.00,3730.870024,N,12220.963129,W,7,,0.38,96.08,M,0.0,M,0.0,0000*53
$GPRMC,225513.00,A,3730.870024,N,12220.963129,W,067.3,140.0,060820,,,A*4E
$GPGGA,225514.00,3730.856260,N,12220.948574,W,7,,0.38,94.88,M,0.0,M,0.0,0000*5D
$GPRMC,225514.00,A,3730.856260,N,12220.948574,W,067.2,139.2,060820,,,A*47
$GPGGA,225515.00,3730.841937,N,12220.933081,W,7,,0.38,93.50,M,0.0,M,0.0,0000*52
$GPRMC,225515.00,A,3730.841937,N,12220.933081,W,067.5,139.2,060820,,,A*4D
$GPGGA,225516.00,3730.827309,N,12220.917085,W,7,,0.38,92.32,M,0.0,M,0.0,0000*51
$GPRMC,225516.00,A,3730.827309,N,12220.917085,W,067.8,139.1,060820,,,A*45
$GPGGA,225517.00,3730.813131,N,12220.901515,W,7,,0.38,91.57,M,0.0,M,0.0,0000*55
$GPRMC,225517.00,A,3730.813131,N,12220.901515,W,067.8,139.3,060820,,,A*43
$GPGGA,225518.00,3730.799314,N,12220.886504,W,7,,0.38,90.61,M,0.0,M,0.0,0000*58
$GPRMC,225518.00,A,3730.799314,N,12220.886504,W,067.9,138.7,060820,,,A*4E
$GPGGA,225519.00,3730.785027,N,12220.870574,W,7,,0.38,89.55,M,0.0,M,0.0,0000*56
$GPRMC,225519.00,A,3730.785027,N,12220.870574,W,068.4,137.4,060820,,,A*41
$GPGGA,225520.00,3730.770898,N,12220.854848,W,7,,0.38,88.72,M,0.0,M,0.0,0000*5A
$GPRMC,225520.00,A,3730.770898,N,12220.854848,W,068.3,137.5,060820,,,A*4F
$GPGGA,225521.00,3730.756348,N,12220.838179,W,7,,0.38,87.96,M,0.0,M,0.0,0000*5D
$GPRMC,225521.00,A,3730.756348,N,12220.838179,W,068.8,137.0,060820,,,A*43
$GPGGA,225522.00,3730.742787,N,12220.822274,W,7,,0.38,87.50,M,0.0,M,0.0,0000*53
$GPRMC,225522.00,A,3730.742787,N,12220.822274,W,069.2,136.4,060820,,,A*49
$GPGGA,225523.00,3730.728622,N,12220.805312,W,7,,0.38,87.04,M,0.0,M,0.0,0000*55
$GPRMC,225523.00,A,3730.728622,N,12220.805312,W,069.9,136.4,060820,,,A*45
$GPGGA,225524.00,3730.714251,N,12220.787539,W,7,,0.38,86.88,M,0.0,M,0.0,0000*52
$GPRMC,225524.00,A,3730.714251,N,12220.787539,W,070.6,135.6,060820,,,A*41
$GPGGA,225525.00,3730.700391,N,12220.770061,W,7,,0.38,86.88,M,0.0,M,0.0,0000*5B
$GPRMC,225525.00,A,3730.700391,N,12220.770061,W,071.0,134.8,060820,,,A*40
$GPGGA,225526.00,3730.686867,N,12220.752667,W,7,,0.38,87.20,M,0.0,M,0.0,0000*56
$GPRMC,225526.00,A,3730.686867,N,12220.752667,W,071.4,134.4,060820,,,A*46
$GPGGA,225527.00,3730.673170,N,12220.734494,W,7,,0.38,87.71,M,0.0,M,0.0,0000*58
$GPRMC,225527.00,A,3730.673170,N,12220.734494,W,071.9,133.6,060820,,,A*44
$GPGGA,225528.00,3730.659592,N,12220.716098,W,7,,0.38,88.26,M,0.0,M,0.0,0000*52
$GPRMC,225528.00,A,3730.659592,N,12220.716098,W,072.0,133.1,060820,,,A*4E
$GPGGA,225529.00,3730.645683,N,12220.696867,W,7,,0.38,88.90,M,0.0,M,0.0,0000*51
$GPRMC,225529.00,A,3730.645683,N,12220.696867,W,072.1,132.3,060820,,,A*42
$GPGGA,225530.00,3730.632742,N,12220.678441,W,7,,0.38,89.39,M,0.0,M,0.0,0000*5F
$GPRMC,225530.00,A,3730.632742,N,12220.678441,W,072.1,131.5,060820,,,A*4B
$GPGGA,225531.00,3730.619680,N,12220.659403,W,7,,0.38,89.97,M,0.0,M,0.0,0000*59
$GPRMC,225531.00,A,3730.619680,N,12220.659403,W,072.1,131.0,060820,,,A*4C
$GPGGA,225532.00,3730.606347,N,12220.639676,W,7,,0.38,90.47,M,0.0,M,0.0,0000*59
$GPRMC,225532.00,A,3730.606347,N,12220.639676,W,071.8,130.4,060820,,,A*46
$GPGGA,225533.00,3730.593945,N,12220.620949,W,7,,0.38,90.99,M,0.0,M,0.0,0000*57
$GPRMC,225533.00,A,3730.593945,N,12220.620949,W,071.4,129.6,060820,,,A*4D
$GPGGA,225534.00,3730.581657,N,12220.601684,W,7,,0.38,91.40,M,0.0,M,0.0,0000*57
$GPRMC,225534.00,A,3730.581657,N,12220.601684,W,071.1,128.6,060820,,,A*4C
$GPGGA,225535.00,3730.569537,N,12220.582244,W,7,,0.38,91.88,M,0.0,M,0.0,0000*51
$GPRMC,225535.00,A,3730.569537,N,12220.582244,W,070.8,128.2,060820,,,A*42
$GPGGA,225536.00,3730.557495,N,12220.562683,W,7,,0.38,92.36,M,0.0,M,0.0,0000*51
$GPRMC,225536.00,A,3730.557495,N,12220.562683,W,070.8,127.9,060820,,,A*40
$GPGGA,225537.00,3730.545417,N,12220.542932,W,7,,0.38,92.50,M,0.0,M,0.0,0000*5E
$GPRMC,225537.00,A,3730.545417,N,12220.542932,W,070.9,127.5,060820,,,A*42
$GPGGA,225538.00,3730.533400,N,12220.523258,W,7,,0.38,92.65,M,0.0,M,0.0,0000*50
$GPRMC,225538.00,A,3730.533400,N,12220.523258,W,071.1,127.7,060820,,,A*41
$GPGGA,225539.00,3730.521339,N,12220.503457,W,7,,0.38,92.88,M,0.0,M,0.0,0000*57
$GPRMC,225539.00,A,3730.521339,N,12220.503457,W,071.4,127.6,060820,,,A*41
$GPGGA,225540.00,3730.508848,N,12220.482829,W,7,,0.38,92.85,M,0.0,M,0.0,0000*5F
$GPRMC,225540.00,A,3730.508848,N,12220.482829,W,071.5,127.4,060820,,,A*47
$GPGGA,225541.00,3730.496878,N,12220.462999,W,7,,0.38,92.71,M,0.0,M,0.0,0000*54
$GPRMC,225541.00,A,3730.496878,N,12220.462999,W,071.5,127.1,060820,,,A*42
$GPGGA,225542.00,3730.485309,N,12220.443709,W,7,,0.38,92.51,M,0.0,M,0.0,0000*5E
$GPRMC,225542.00,A,3730.485309,N,12220.443709,W,071.4,127.2,060820,,,A*48
$GPGGA,225543.00,3730.473375,N,12220.423838,W,7,,0.38,92.12,M,0.0,M,0.0,0000*51
$GPRMC,225543.00,A,3730.473375,N,12220.423838,W,071.3,126.8,060820,,,A*4C
$GPGGA,225544.00,3730.461280,N,12220.403971,W,7,,0.38,91.61,M,0.0,M,0.0,0000*57
$GPRMC,225544.00,A,3730.461280,N,12220.403971,W,071.2,126.8,060820,,,A*4C
$GPGGA,225545.00,3730.448842,N,12220.383470,W,7,,0.38,91.06,M,0.0,M,0.0,0000*5B
$GPRMC,225545.00,A,3730.448842,N,12220.383470,W,071.6,126.5,060820,,,A*48
$GPGGA,225546.00,3730.436734,N,12220.364227,W,7,,0.38,90.49,M,0.0,M,0.0,0000*58
$GPRMC,225546.00,A,3730.436734,N,12220.364227,W,072.5,127.2,060820,,,A*47
$GPGGA,225547.00,3730.424440,N,12220.344193,W,7,,0.38,89.73,M,0.0,M,0.0,0000*55
$GPRMC,225547.00,A,3730.424440,N,12220.344193,W,072.6,126.9,060820,,,A*42
$GPGGA,225548.00,3730.411552,N,12220.323320,W,7,,0.38,88.80,M,0.0,M,0.0,0000*58
$GPRMC,225548.00,A,3730.411552,N,12220.323320,W,072.8,127.8,060820,,,A*4C
$GPGGA,225549.00,3730.399258,N,12220.303214,W,7,,0.38,88.26,M,0.0,M,0.0,0000*5B
$GPRMC,225549.00,A,3730.399258,N,12220.303214,W,072.8,126.9,060820,,,A*43
$GPGGA,225550.00,3730.387491,N,12220.283803,W,7,,0.38,87.56,M,0.0,M,0.0,0000*52
$GPRMC,225550.00,A,3730.387491,N,12220.283803,W,072.4,127.3,060820,,,A*45
$GPGGA,225551.00,3730.375216,N,12220.263860,W,7,,0.38,86.90,M,0.0,M,0.0,0000*57
$GPRMC,225551.00,A,3730.375216,N,12220.263860,W,071.7,127.1,060820,,,A*49
$GPGGA,225552.00,3730.363059,N,12220.243993,W,7,,0.38,86.89,M,0.0,M,0.0,0000*5D
$GPRMC,225552.00,A,3730.363059,N,12220.243993,W,071.5,127.0,060820,,,A*48
$GPGGA,225553.00,3730.350664,N,12220.223516,W,7,,0.38,86.73,M,0.0,M,0.0,0000*56
$GPRMC,225553.00,A,3730.350664,N,12220.223516,W,071.4,127.0,060820,,,A*47
$GPGGA,225554.00,3730.339072,N,12220.204525,W,7,,0.38,86.61,M,0.0,M,0.0,0000*59
$GPRMC,225554.00,A,3730.339072,N,12220.204525,W,070.9,128.2,060820,,,A*4A
$GPGGA,225555.00,3730.326855,N,12220.184905,W,7,,0.38,86.55,M,0.0,M,0.0,0000*59
$GPRMC,225555.00,A,3730.326855,N,12220.184905,W,070.5,128.0,060820,,,A*43
$GPGGA,225556.00,3730.314256,N,12220.165022,W,7,,0.38,86.51,M,0.0,M,0.0,0000*55
$GPRMC,225556.00,A,3730.314256,N,12220.165022,W,070.5,127.9,060820,,,A*4D
$GPGGA,225557.00,3730.302118,N,12220.146134,W,7,,0.38,86.48,M,0.0,M,0.0,0000*55
$GPRMC,225557.00,A,3730.302118,N,12220.146134,W,069.6,128.7,060820,,,A*4F
$GPGGA,225558.00,3730.290142,N,12220.127917,W,7,,0.38,86.70,M,0.0,M,0.0,0000*5A
$GPRMC,225558.00,A,3730.290142,N,12220.127917,W,069.0,128.5,060820,,,A*4F
$GPGGA,225559.00,3730.278015,N,12220.109731,W,7,,0.38,86.72,M,0.0,M,0.0,0000*5A
$GPRMC,225559.00,A,3730.278015,N,12220.109731,W,067.7,129.5,060820,,,A*45
$GPGGA,225600.00,3730.266021,N,12220.091864,W,7,,0.38,86.87,M,0.0,M,0.0,0000*58
$GPRMC,225600.00,A,3730.266021,N,12220.091864,W,066.8,130.0,060820,,,A*4E
$GPGGA,225601.00,3730.253529,N,12220.073845,W,7,,0.38,87.48,M,0.0,M,0.0,0000*5F
$GPRMC,225601.00,A,3730.253529,N,12220.073845,W,066.4,131.2,060820,,,A*44
$GPGGA,225602.00,3730.241254,N,12220.056595,W,7,,0.38,87.91,M,0.0,M,0.0,0000*51
$GPRMC,225602.00,A,3730.241254,N,12220.056595,W,065.5,131.7,060820,,,A*49
$GPGGA,225603.00,3730.229110,N,12220.039196,W,7,,0.38,87.95,M,0.0,M,0.0,0000*57
$GPRMC,225603.00,A,3730.229110,N,12220.039196,W,065.9,131.2,060820,,,A*42
$GPGGA,225604.00,3730.217008,N,12220.021700,W,7,,0.38,88.21,M,0.0,M,0.0,0000*55
$GPRMC,225604.00,A,3730.217008,N,12220.021700,W,066.2,130.9,060820,,,A*42
$GPGGA,225605.00,3730.205013,N,12220.004203,W,7,,0.38,88.12,M,0.0,M,0.0,0000*5C
$GPRMC,225605.00,A,3730.205013,N,12220.004203,W,066.1,131.4,060820,,,A*44
$GPGGA,225606.00,3730.192827,N,12219.986749,W,7,,0.38,88.36,M,0.0,M,0.0,0000*59
$GPRMC,225606.00,A,3730.192827,N,12219.986749,W,066.3,131.6,060820,,,A*47
$GPGGA,225607.00,3730.180636,N,12219.969398,W,7,,0.38,88.41,M,0.0,M,0.0,0000*5C
$GPRMC,225607.00,A,3730.180636,N,12219.969398,W,066.3,131.6,060820,,,A*42
$GPGGA,225608.00,3730.168389,N,12219.951781,W,7,,0.38,88.83,M,0.0,M,0.0,0000*5D
$GPRMC,225608.00,A,3730.168389,N,12219.951781,W,066.5,131.3,060820,,,A*4E
$GPGGA,225609.00,3730.156324,N,12219.934580,W,7,,0.38,89.30,M,0.0,M,0.0,0000*5F
$GPRMC,225609.00,A,3730.156324,N,12219.934580,W,066.2,131.3,060820,,,A*42
$GPGGA,225610.00,3730.144366,N,12219.917072,W,7,,0.38,89.90,M,0.0,M,0.0,0000*51
$GPRMC,225610.00,A,3730.144366,N,12219.917072,W,066.2,130.9,060820,,,A*4D
$GPGGA,225611.00,3730.132438,N,12219.899401,W,7,,0.38,90.46,M,0.0,M,0.0,0000*59
$GPRMC,225611.00,A,3730.132438,N,12219.899401,W,066.5,129.7,060820,,,A*47
$GPGGA,225612.00,3730.120737,N,12219.880754,W,7,,0.38,91.25,M,0.0,M,0.0,0000*5A
$GPRMC,225612.00,A,3730.120737,N,12219.880754,W,066.2,127.7,060820,,,A*49
$GPGGA,225613.00,3730.109968,N,12219.862742,W,7,,0.38,91.87,M,0.0,M,0.0,0000*57
$GPRMC,225613.00,A,3730.109968,N,12219.862742,W,066.2,126.1,060820,,,A*4B
$GPGGA,225614.00,3730.099678,N,12219.844063,W,7,,0.38,92.49,M,0.0,M,0.0,0000*57
$GPRMC,225614.00,A,3730.099678,N,12219.844063,W,065.4,124.1,060820,,,A*4D
$GPGGA,225615.00,3730.089964,N,12219.824965,W,7,,0.38,93.32,M,0.0,M,0.0,0000*51
$GPRMC,225615.00,A,3730.089964,N,12219.824965,W,065.1,121.9,060820,,,A*4E
$GPGGA,225616.00,3730.080717,N,12219.805166,W,7,,0.38,94.30,M,0.0,M,0.0,0000*5C
$GPRMC,225616.00,A,3730.080717,N,12219.805166,W,065.1,119.8,060820,,,A*4C
$GPGGA,225617.00,3730.071952,N,12219.784501,W,7,,0.38,103.34,M,0.0,M,0.0,0000*64
$GPRMC,225617.00,A,3730.071952,N,12219.784501,W,065.3,117.5,060820,,,A*4E
$GPGGA,225618.00,3730.064343,N,12219.764780,W,7,,0.38,101.02,M,0.0,M,0.0,0000*67
$GPRMC,225618.00,A,3730.064343,N,12219.764780,W,065.1,115.2,060820,,,A*4D
$GPGGA,225619.00,3730.057017,N,12219.744080,W,7,,0.38,100.28,M,0.0,M,0.0,0000*68
$GPRMC,225619.00,A,3730.057017,N,12219.744080,W,064.9,113.9,060820,,,A*4F
$GPGGA,225620.00,3730.049986,N,12219.722210,W,7,,0.38,100.12,M,0.0,M,0.0,0000*6E
$GPRMC,225620.00,A,3730.049986,N,12219.722210,W,065.0,111.6,060820,,,A*45
$GPGGA,225621.00,3730.043805,N,12219.700940,W,7,,0.38,100.42,M,0.0,M,0.0,0000*64
$GPRMC,225621.00,A,3730.043805,N,12219.700940,W,064.9,109.9,060820,,,A*44
$GPGGA,225622.00,3730.038399,N,12219.680042,W,7,,0.38,100.84,M,0.0,M,0.0,0000*6D
$GPRMC,225622.00,A,3730.038399,N,12219.680042,W,065.2,107.5,060820,,,A*4F
$GPGGA,225623.00,3730.033504,N,12219.658201,W,7,,0.38,101.44,M,0.0,M,0.0,0000*68
$GPRMC,225623.00,A,3730.033504,N,12219.658201,W,065.4,104.7,060820,,,A*40
$GPGGA,225624.00,3730.029327,N,12219.636001,W,7,,0.38,102.12,M,0.0,M,0.0,0000*69
$GPRMC,225624.00,A,3730.029327,N,12219.636001,W,065.0,103.1,060820,,,A*44
$GPGGA,225625.00,3730.025667,N,12219.612998,W,7,,0.38,102.73,M,0.0,M,0.0,0000*6D
$GPRMC,225625.00,A,3730.025667,N,12219.612998,W,065.2,100.7,060820,,,A*40
$GPGGA,225626.00,3730.022823,N,12219.591235,W,7,,0.38,103.40,M,0.0,M,0.0,0000*62
$GPRMC,225626.00,A,3730.022823,N,12219.591235,W,065.5,098.9,060820,,,A*47
$GPGGA,225627.00,3730.020472,N,12219.568237,W,7,,0.38,104.11,M,0.0,M,0.0,0000*6E
$GPRMC,225627.00,A,3730.020472,N,12219.568237,W,066.1,096.9,060820,,,A*41
$GPGGA,225628.00,3730.018696,N,12219.544453,W,7,,0.38,104.96,M,0.0,M,0.0,0000*67
$GPRMC,225628.00,A,3730.018696,N,12219.544453,W,066.9,094.8,060820,,,A*4C
$GPGGA,225629.00,3730.017681,N,12219.521000,W,7,,0.38,105.83,M,0.0,M,0.0,0000*6B
$GPRMC,225629.00,A,3730.017681,N,12219.521000,W,067.7,092.6,060820,,,A*42
$GPGGA,225630.00,3730.017406,N,12219.498104,W,7,,0.38,106.70,M,0.0,M,0.0,0000*67
$GPRMC,225630.00,A,3730.017406,N,12219.498104,W,068.2,090.7,060820,,,A*48
$GPGGA,225631.00,3730.017412,N,12219.473881,W,7,,0.38,107.48,M,0.0,M,0.0,0000*68
$GPRMC,225631.00,A,3730.017412,N,12219.473881,W,068.8,090.4,060820,,,A*44
$GPGGA,225632.00,3730.017393,N,12219.449774,W,7,,0.38,108.20,M,0.0,M,0.0,0000*68
$GPRMC,225632.00,A,3730.017393,N,12219.449774,W,069.1,089.7,060820,,,A*46
$GPGGA,225633.00,3730.017279,N,12219.424598,W,7,,0.38,108.80,M,0.0,M,0.0,0000*6D
$GPRMC,225633.00,A,3730.017279,N,12219.424598,W,069.6,090.0,060820,,,A*41
$GPGGA,225634.00,3730.017082,N,12219.400693,W,7,,0.38,109.54,M,0.0,M,0.0,0000*6A
$GPRMC,225634.00,A,3730.017082,N,12219.400693,W,069.8,089.8,060820,,,A*40
$GPGGA,225635.00,3730.016686,N,12219.376382,W,7,,0.38,110.73,M,0.0,M,0.0,0000*66
$GPRMC,225635.00,A,3730.016686,N,12219.376382,W,069.4,090.5,060820,,,A*48
$GPGGA,225636.00,3730.016049,N,12219.351494,W,7,,0.38,111.94,M,0.0,M,0.0,0000*6D
$GPRMC,225636.00,A,3730.016049,N,12219.351494,W,068.8,091.8,060820,,,A*4A
$GPGGA,225637.00,3730.014460,N,12219.327062,W,7,,0.38,112.83,M,0.0,M,0.0,0000*68
$GPRMC,225637.00,A,3730.014460,N,12219.327062,W,069.3,095.0,060820,,,A*4C
$GPGGA,225638.00,3730.012114,N,12219.303824,W,7,,0.38,113.68,M,0.0,M,0.0,0000*6F
$GPRMC,225638.00,A,3730.012114,N,12219.303824,W,068.6,097.8,060820,,,A*41
$GPGGA,225639.00,3730.009113,N,12219.279584,W,7,,0.38,114.56,M,0.0,M,0.0,0000*62
$GPRMC,225639.00,A,3730.009113,N,12219.279584,W,069.7,098.8,060820,,,A*49
$GPGGA,225640.00,3730.005298,N,12219.255547,W,7,,0.38,115.62,M,0.0,M,0.0,0000*67
$GPRMC,225640.00,A,3730.005298,N,12219.255547,W,070.2,101.0,060820,,,A*4E
$GPGGA,225641.00,3730.000966,N,12219.231470,W,7,,0.38,116.87,M,0.0,M,0.0,0000*66
$GPRMC,225641.00,A,3730.000966,N,12219.231470,W,070.3,103.1,060820,,,A*45
$GPGGA,225642.00,3729.996267,N,12219.207883,W,7,,0.38,118.05,M,0.0,M,0.0,0000*60
$GPRMC,225642.00,A,3729.996267,N,12219.207883,W,069.7,104.7,060820,,,A*4A
$GPGGA,225643.00,3729.990975,N,12219.184664,W,7,,0.38,118.97,M,0.0,M,0.0,0000*6B
$GPRMC,225643.00,A,3729.990975,N,12219.184664,W,069.3,106.9,060820,,,A*42
$GPGGA,225644.00,3729.984843,N,12219.161066,W,7,,0.38,120.05,M,0.0,M,0.0,0000*62
$GPRMC,225644.00,A,3729.984843,N,12219.161066,W,069.1,109.5,060820,,,A*4A
$GPGGA,225645.00,3729.978238,N,12219.139112,W,7,,0.38,120.96,M,0.0,M,0.0,0000*63
$GPRMC,225645.00,A,3729.978238,N,12219.139112,W,068.8,112.1,060820,,,A*47
$GPGGA,225646.00,3729.970869,N,12219.116906,W,7,,0.38,121.85,M,0.0,M,0.0,0000*65
$GPRMC,225646.00,A,3729.970869,N,12219.116906,W,069.1,113.8,060820,,,A*42
$GPGGA,225647.00,3729.962902,N,12219.095239,W,7,,0.38,122.89,M,0.0,M,0.0,0000*69
$GPRMC,225647.00,A,3729.962902,N,12219.095239,W,068.3,116.1,060820,,,A*4E
$GPGGA,225648.00,3729.954459,N,12219.074209,W,7,,0.38,124.04,M,0.0,M,0.0,0000*6F
$GPRMC,225648.00,A,3729.954459,N,12219.074209,W,067.6,117.6,060820,,,A*47
$GPGGA,225649.00,3729.945580,N,12219.053413,W,7,,0.38,124.97,M,0.0,M,0.0,0000*69
$GPRMC,225649.00,A,3729.945580,N,12219.053413,W,067.5,119.1,060820,,,A*41
$GPGGA,225650.00,3729.936177,N,12219.032995,W,7,,0.38,138.40,M,0.0,M,0.0,0000*6A
$GPRMC,225650.00,A,3729.936177,N,12219.032995,W,068.1,120.8,060820,,,A*4D
$GPGGA,225651.00,3729.926200,N,12219.012889,W,7,,0.38,134.75,M,0.0,M,0.0,0000*6D
$GPRMC,225651.00,A,3729.926200,N,12219.012889,W,068.5,122.9,060820,,,A*47
$GPGGA,225652.00,3729.915880,N,12218.992075,W,7,,0.38,129.08,M,0.0,M,0.0,0000*61
$GPRMC,225652.00,A,3729.915880,N,12218.992075,W,068.5,123.9,060820,,,A*4C
$GPGGA,225653.00,3729.905554,N,12218.973049,W,7,,0.38,129.13,M,0.0,M,0.0,0000*6F
$GPRMC,225653.00,A,3729.905554,N,12218.973049,W,068.9,125.2,060820,,,A*49
$GPGGA,225654.00,3729.894496,N,12218.953262,W,7,,0.38,130.10,M,0.0,M,0.0,0000*6C
$GPRMC,225654.00,A,3729.894496,N,12218.953262,W,069.9,125.3,060820,,,A*41
$GPGGA,225655.00,3729.883293,N,12218.933293,W,7,,0.38,131.11,M,0.0,M,0.0,0000*60
$GPRMC,225655.00,A,3729.883293,N,12218.933293,W,070.9,125.2,060820,,,A*44
$GPGGA,225656.00,3729.871624,N,12218.912737,W,7,,0.38,134.60,M,0.0,M,0.0,0000*6D
$GPRMC,225656.00,A,3729.871624,N,12218.912737,W,072.4,125.2,060820,,,A*45
$GPGGA,225657.00,3729.860199,N,12218.891840,W,7,,0.38,134.54,M,0.0,M,0.0,0000*6F
$GPRMC,225657.00,A,3729.860199,N,12218.891840,W,071.7,124.7,060820,,,A*44
$GPGGA,225658.00,3729.849412,N,12218.871704,W,7,,0.38,134.99,M,0.0,M,0.0,0000*6D
$GPRMC,225658.00,A,3729.849412,N,12218.871704,W,072.6,123.6,060820,,,A*43
$GPGGA,225659.00,3729.838498,N,12218.850709,W,7,,0.38,135.91,M,0.0,M,0.0,0000*6F
$GPRMC,225659.00,A,3729.838498,N,12218.850709,W,072.0,123.7,060820,,,A*4F
$GPGGA,225700.00,3729.827181,N,12218.829169,W,7,,0.38,136.70,M,0.0,M,0.0,0000*63
$GPRMC,225700.00,A,3729.827181,N,12218.829169,W,071.9,124.1,060820,,,A*44
$GPGGA,225701.00,3729.816339,N,12218.808139,W,7,,0.38,137.54,M,0.0,M,0.0,0000*60
$GPRMC,225701.00,A,3729.816339,N,12218.808139,W,072.3,122.2,060820,,,A*4C
$GPGGA,225702.00,3729.806290,N,12218.787571,W,7,,0.38,138.46,M,0.0,M,0.0,0000*6C
$GPRMC,225702.00,A,3729.806290,N,12218.787571,W,072.2,121.1,060820,,,A*4D
$GPGGA,225703.00,3729.796209,N,12218.765713,W,7,,0.38,139.42,M,0.0,M,0.0,0000*64
$GPRMC,225703.00,A,3729.796209,N,12218.765713,W,072.0,119.8,060820,,,A*40
$GPGGA,225704.00,3729.786526,N,12218.743825,W,7,,0.38,140.53,M,0.0,M,0.0,0000*68
$GPRMC,225704.00,A,3729.786526,N,12218.743825,W,071.9,118.8,060820,,,A*49
$GPGGA,225705.00,3729.776926,N,12218.720996,W,7,,0.38,141.64,M,0.0,M,0.0,0000*63
$GPRMC,225705.00,A,3729.776926,N,12218.720996,W,072.0,117.9,060820,,,A*43
$GPGGA,225706.00,3729.768225,N,12218.699228,W,7,,0.38,142.82,M,0.0,M,0.0,0000*61
$GPRMC,225706.00,A,3729.768225,N,12218.699228,W,072.3,116.3,060820,,,A*42
$GPGGA,225707.00,3729.759615,N,12218.676188,W,7,,0.38,144.07,M,0.0,M,0.0,0000*66
$GPRMC,225707.00,A,3729.759615,N,12218.676188,W,072.7,114.6,060820,,,A*4D
$GPGGA,225708.00,3729.751407,N,12218.652313,W,7,,0.38,145.34,M,0.0,M,0.0,0000*67
$GPRMC,225708.00,A,3729.751407,N,12218.652313,W,072.6,112.9,060820,,,A*45
$GPGGA,225709.00,3729.744003,N,12218.628896,W,7,,0.38,146.35,M,0.0,M,0.0,0000*6B
$GPRMC,225709.00,A,3729.744003,N,12218.628896,W,072.4,111.8,060820,,,A*4B
$GPGGA,225710.00,3729.737181,N,12218.605921,W,7,,0.38,147.51,M,0.0,M,0.0,0000*6D
$GPRMC,225710.00,A,3729.737181,N,12218.605921,W,072.1,110.2,060820,,,A*40
$GPGGA,225711.00,3729.730564,N,12218.582239,W,7,,0.38,148.82,M,0.0,M,0.0,0000*6B
$GPRMC,225711.00,A,3729.730564,N,12218.582239,W,071.8,109.1,060820,,,A*46
$GPGGA,225712.00,3729.724204,N,12218.558234,W,7,,0.38,150.16,M,0.0,M,0.0,0000*62
$GPRMC,225712.00,A,3729.724204,N,12218.558234,W,071.6,108.5,060820,,,A*40
$GPGGA,225713.00,3729.717904,N,12218.533544,W,7,,0.38,151.39,M,0.0,M,0.0,0000*69
$GPRMC,225713.00,A,3729.717904,N,12218.533544,W,071.7,107.7,060820,,,A*4B
$GPGGA,225714.00,3729.712132,N,12218.510276,W,7,,0.38,152.57,M,0.0,M,0.0,0000*6A
$GPRMC,225714.00,A,3729.712132,N,12218.510276,W,071.9,107.4,060820,,,A*4E
$GPGGA,225715.00,3729.706269,N,12218.486024,W,7,,0.38,153.70,M,0.0,M,0.0,0000*6C
$GPRMC,225715.00,A,3729.706269,N,12218.486024,W,071.8,107.0,060820,,,A*49
$GPGGA,225716.00,3729.700282,N,12218.461292,W,7,,0.38,155.09,M,0.0,M,0.0,0000*62
$GPRMC,225716.00,A,3729.700282,N,12218.461292,W,071.9,107.1,060820,,,A*4F
$GPGGA,225717.00,3729.694605,N,12218.437825,W,7,,0.38,156.68,M,0.0,M,0.0,0000*65
$GPRMC,225717.00,A,3729.694605,N,12218.437825,W,071.7,107.1,060820,,,A*42
$GPGGA,225718.00,3729.688792,N,12218.413975,W,7,,0.38,158.34,M,0.0,M,0.0,0000*6D
$GPRMC,225718.00,A,3729.688792,N,12218.413975,W,071.4,107.1,060820,,,A*4E
$GPGGA,225719.00,3729.683079,N,12218.390138,W,7,,0.38,159.87,M,0.0,M,0.0,0000*61
$GPRMC,225719.00,A,3729.683079,N,12218.390138,W,071.2,106.6,060820,,,A*4B
$GPGGA,225720.00,3729.677434,N,12218.366419,W,7,,0.38,161.27,M,0.0,M,0.0,0000*63
$GPRMC,225720.00,A,3729.677434,N,12218.366419,W,070.7,107.2,060820,,,A*49
$GPGGA,225721.00,3729.671547,N,12218.342690,W,7,,0.38,162.73,M,0.0,M,0.0,0000*66
$GPRMC,225721.00,A,3729.671547,N,12218.342690,W,070.4,107.7,060820,,,A*48
$GPGGA,225722.00,3729.665356,N,12218.319385,W,7,,0.38,164.38,M,0.0,M,0.0,0000*60
$GPRMC,225722.00,A,3729.665356,N,12218.319385,W,070.0,109.5,060820,,,A*4F
$GPGGA,225723.00,3729.658540,N,12218.296435,W,7,,0.38,165.86,M,0.0,M,0.0,0000*60
$GPRMC,225723.00,A,3729.658540,N,12218.296435,W,069.7,111.6,060820,,,A*4E
$GPGGA,225724.00,3729.650715,N,12218.273293,W,7,,0.38,167.26,M,0.0,M,0.0,0000*64
$GPRMC,225724.00,A,3729.650715,N,12218.273293,W,069.5,113.9,060820,,,A*4D
$GPGGA,225725.00,3729.642568,N,12218.251676,W,7,,0.38,168.44,M,0.0,M,0.0,0000*6A
$GPRMC,225725.00,A,3729.642568,N,12218.251676,W,069.9,116.1,060820,,,A*49
$GPGGA,225726.00,3729.633615,N,12218.229979,W,7,,0.38,169.73,M,0.0,M,0.0,0000*6C
$GPRMC,225726.00,A,3729.633615,N,12218.229979,W,070.0,118.1,060820,,,A*45
$GPGGA,225727.00,3729.623956,N,12218.208667,W,7,,0.38,171.16,M,0.0,M,0.0,0000*6D
$GPRMC,225727.00,A,3729.623956,N,12218.208667,W,070.1,120.6,060820,,,A*43
$GPGGA,225728.00,3729.613623,N,12218.187662,W,7,,0.38,172.21,M,0.0,M,0.0,0000*6A
$GPRMC,225728.00,A,3729.613623,N,12218.187662,W,070.2,122.4,060820,,,A*40
$GPGGA,225729.00,3729.602254,N,12218.166913,W,7,,0.38,173.21,M,0.0,M,0.0,0000*68
$GPRMC,225729.00,A,3729.602254,N,12218.166913,W,069.8,126.1,060820,,,A*40
$GPGGA,225730.00,3729.590830,N,12218.148103,W,7,,0.38,173.93,M,0.0,M,0.0,0000*6C
$GPRMC,225730.00,A,3729.590830,N,12218.148103,W,070.2,128.0,060820,,,A*40
$GPGGA,225731.00,3729.578511,N,12218.129066,W,7,,0.38,174.71,M,0.0,M,0.0,0000*6B
$GPRMC,225731.00,A,3729.578511,N,12218.129066,W,070.8,129.8,060820,,,A*4F
$GPGGA,225732.00,3729.565095,N,12218.109806,W,7,,0.38,175.33,M,0.0,M,0.0,0000*66
$GPRMC,225732.00,A,3729.565095,N,12218.109806,W,071.0,132.2,060820,,,A*4C
$GPGGA,225733.00,3729.551506,N,12218.091871,W,7,,0.38,175.91,M,0.0,M,0.0,0000*67
$GPRMC,225733.00,A,3729.551506,N,12218.091871,W,071.2,134.3,060820,,,A*40
$GPGGA,225734.00,3729.537820,N,12218.075090,W,7,,0.38,176.35,M,0.0,M,0.0,0000*69
$GPRMC,225734.00,A,3729.537820,N,12218.075090,W,071.5,136.8,060820,,,A*4D
$GPGGA,225735.00,3729.522987,N,12218.058169,W,7,,0.38,176.60,M,0.0,M,0.0,0000*68
$GPRMC,225735.00,A,3729.522987,N,12218.058169,W,072.0,138.6,060820,,,A*4A
$GPGGA,225736.00,3729.507658,N,12218.042239,W,7,,0.38,176.69,M,0.0,M,0.0,0000*65
$GPRMC,225736.00,A,3729.507658,N,12218.042239,W,072.1,141.7,060820,,,A*40
$GPGGA,225737.00,3729.490990,N,12218.026597,W,7,,0.38,176.55,M,0.0,M,0.0,0000*6E
$GPRMC,225737.00,A,3729.490990,N,12218.026597,W,073.0,144.0,060820,,,A*46
$GPGGA,225738.00,3729.474687,N,12218.012690,W,7,,0.38,176.33,M,0.0,M,0.0,0000*61
$GPRMC,225738.00,A,3729.474687,N,12218.012690,W,073.7,146.6,060820,,,A*4A
$GPGGA,225739.00,3729.457077,N,12217.998932,W,7,,0.38,176.00,M,0.0,M,0.0,0000*6B
$GPRMC,225739.00,A,3729.457077,N,12217.998932,W,074.3,148.8,060820,,,A*43
$GPGGA,225740.00,3729.438507,N,12217.985683,W,7,,0.38,175.65,M,0.0,M,0.0,0000*67
$GPRMC,225740.00,A,3729.438507,N,12217.985683,W,075.0,151.2,060820,,,A*4F
$GPGGA,225741.00,3729.420075,N,12217.973773,W,7,,0.38,175.30,M,0.0,M,0.0,0000*68
$GPRMC,225741.00,A,3729.420075,N,12217.973773,W,074.7,154.1,060820,,,A*40
$GPGGA,225742.00,3729.401907,N,12217.963135,W,7,,0.38,174.86,M,0.0,M,0.0,0000*6D
$GPRMC,225742.00,A,3729.401907,N,12217.963135,W,074.7,155.6,060820,,,A*4F
$GPGGA,225743.00,3729.382731,N,12217.952977,W,7,,0.38,174.43,M,0.0,M,0.0,0000*6E
$GPRMC,225743.00,A,3729.382731,N,12217.952977,W,074.5,158.0,060820,,,A*4C
$GPGGA,225744.00,3729.363357,N,12217.943912,W,7,,0.38,175.20,M,0.0,M,0.0,0000*65
$GPRMC,225744.00,A,3729.363357,N,12217.943912,W,074.7,160.5,060820,,,A*4F
$GPGGA,225745.00,3729.343060,N,12217.935578,W,7,,0.38,174.50,M,0.0,M,0.0,0000*66
$GPRMC,225745.00,A,3729.343060,N,12217.935578,W,074.6,163.2,060820,,,A*4F
$GPGGA,225746.00,3729.323583,N,12217.928839,W,7,,0.38,174.10,M,0.0,M,0.0,0000*6B
$GPRMC,225746.00,A,3729.323583,N,12217.928839,W,074.3,165.6,060820,,,A*41
$GPGGA,225747.00,3729.303567,N,12217.923031,W,7,,0.38,173.71,M,0.0,M,0.0,0000*69
$GPRMC,225747.00,A,3729.303567,N,12217.923031,W,074.1,168.0,060820,,,A*4A
$GPGGA,225748.00,3729.282778,N,12217.917949,W,7,,0.38,173.22,M,0.0,M,0.0,0000*65
$GPRMC,225748.00,A,3729.282778,N,12217.917949,W,074.2,169.6,060820,,,A*44
$GPGGA,225749.00,3729.262473,N,12217.914175,W,7,,0.38,172.90,M,0.0,M,0.0,0000*6E
$GPRMC,225749.00,A,3729.262473,N,12217.914175,W,074.0,172.9,060820,,,A*40
$GPGGA,225750.00,3729.242493,N,12217.911668,W,7,,0.38,172.49,M,0.0,M,0.0,0000*60
$GPRMC,225750.00,A,3729.242493,N,12217.911668,W,073.8,175.4,060820,,,A*4F
$GPGGA,225751.00,3729.222082,N,12217.910167,W,7,,0.38,172.17,M,0.0,M,0.0,0000*61
$GPRMC,225751.00,A,3729.222082,N,12217.910167,W,073.6,177.6,060820,,,A*4B
$GPGGA,225752.00,3729.201874,N,12217.909735,W,7,,0.38,171.80,M,0.0,M,0.0,0000*66
$GPRMC,225752.00,A,3729.201874,N,12217.909735,W,072.7,180.2,060820,,,A*4D
$GPGGA,225753.00,3729.181588,N,12217.910330,W,7,,0.38,171.34,M,0.0,M,0.0,0000*64
$GPRMC,225753.00,A,3729.181588,N,12217.910330,W,072.4,182.2,060820,,,A*41
$GPGGA,225754.00,3729.161626,N,12217.911859,W,7,,0.38,170.94,M,0.0,M,0.0,0000*64
$GPRMC,225754.00,A,3729.161626,N,12217.911859,W,072.2,184.6,060820,,,A*4E
$GPGGA,225755.00,3729.141790,N,12217.914361,W,7,,0.38,170.78,M,0.0,M,0.0,0000*6C
$GPRMC,225755.00,A,3729.141790,N,12217.914361,W,072.0,186.4,060820,,,A*46
$GPGGA,225756.00,3729.121384,N,12217.917542,W,7,,0.38,170.49,M,0.0,M,0.0,0000*6E
$GPRMC,225756.00,A,3729.121384,N,12217.917542,W,072.1,187.4,060820,,,A*46
$GPGGA,225757.00,3729.101889,N,12217.920919,W,7,,0.38,170.15,M,0.0,M,0.0,0000*64
$GPRMC,225757.00,A,3729.101889,N,12217.920919,W,073.0,187.5,060820,,,A*44
$GPGGA,225758.00,3729.081831,N,12217.924334,W,7,,0.38,169.73,M,0.0,M,0.0,0000*68
$GPRMC,225758.00,A,3729.081831,N,12217.924334,W,073.9,187.6,060820,,,A*4A
$GPGGA,225759.00,3729.061450,N,12217.927903,W,7,,0.38,169.34,M,0.0,M,0.0,0000*62
$GPRMC,225759.00,A,3729.061450,N,12217.927903,W,074.8,187.7,060820,,,A*44
$GPGGA,225800.00,3729.040815,N,12217.931521,W,7,,0.38,168.90,M,0.0,M,0.0,0000*6B
$GPRMC,225800.00,A,3729.040815,N,12217.931521,W,075.8,187.7,060820,,,A*43
$GPGGA,225801.00,3729.019822,N,12217.935115,W,7,,0.38,168.54,M,0.0,M,0.0,0000*6D
$GPRMC,225801.00,A,3729.019822,N,12217.935115,W,076.7,187.8,060820,,,A*4E
$GPGGA,225802.00,3729.003573,N,12217.936784,W,7,,0.38,168.36,M,0.0,M,0.0,0000*65
$GPRMC,225802.00,A,3729.003573,N,12217.936784,W,071.3,187.1,060820,,,A*48
$GPGGA,225803.00,3728.984019,N,12217.940125,W,7,,0.38,168.03,M,0.0,M,0.0,0000*60
$GPRMC,225803.00,A,3728.984019,N,12217.940125,W,071.1,187.7,060820,,,A*4F
$GPGGA,225804.00,3728.963638,N,12217.943648,W,7,,0.38,167.81,M,0.0,M,0.0,0000*61
$GPRMC,225804.00,A,3728.963638,N,12217.943648,W,071.1,187.5,060820,,,A*49
$GPGGA,225805.00,3728.944750,N,12217.946810,W,7,,0.38,167.63,M,0.0,M,0.0,0000*60
$GPRMC,225805.00,A,3728.944750,N,12217.946810,W,071.0,187.5,060820,,,A*45
$GPGGA,225806.00,3728.925177,N,12217.950044,W,7,,0.38,167.31,M,0.0,M,0.0,0000*6E
$GPRMC,225806.00,A,3728.925177,N,12217.950044,W,071.3,187.1,060820,,,A*4B
$GPGGA,225807.00,3728.905492,N,12217.953044,W,7,,0.38,167.18,M,0.0,M,0.0,0000*6B
$GPRMC,225807.00,A,3728.905492,N,12217.953044,W,071.6,186.9,060820,,,A*49
$GPGGA,225808.00,3728.885614,N,12217.956151,W,7,,0.38,166.79,M,0.0,M,0.0,0000*67
$GPRMC,225808.00,A,3728.885614,N,12217.956151,W,071.5,187.3,060820,,,A*4B
$GPGGA,225809.00,3728.865262,N,12217.959404,W,7,,0.38,166.55,M,0.0,M,0.0,0000*69
$GPRMC,225809.00,A,3728.865262,N,12217.959404,W,071.5,187.4,060820,,,A*4C
$GPGGA,225810.00,3728.846290,N,12217.962517,W,7,,0.38,166.35,M,0.0,M,0.0,0000*60
$GPRMC,225810.00,A,3728.846290,N,12217.962517,W,070.9,187.6,060820,,,A*4C
$GPGGA,225811.00,3728.826669,N,12217.965859,W,7,,0.38,166.16,M,0.0,M,0.0,0000*64
$GPRMC,225811.00,A,3728.826669,N,12217.965859,W,070.3,187.7,060820,,,A*42
$GPGGA,225812.00,3728.806797,N,12217.969219,W,7,,0.38,166.02,M,0.0,M,0.0,0000*62
$GPRMC,225812.00,A,3728.806797,N,12217.969219,W,069.9,187.5,060820,,,A*41
$GPGGA,225813.00,3728.787603,N,12217.972255,W,7,,0.38,165.85,M,0.0,M,0.0,0000*67
$GPRMC,225813.00,A,3728.787603,N,12217.972255,W,069.8,187.1,060820,,,A*4D
$GPGGA,225814.00,3728.769058,N,12217.974949,W,7,,0.38,165.40,M,0.0,M,0.0,0000*61
$GPRMC,225814.00,A,3728.769058,N,12217.974949,W,069.7,186.0,060820,,,A*4D
$GPGGA,225815.00,3728.749557,N,12217.977002,W,7,,0.38,165.10,M,0.0,M,0.0,0000*68
$GPRMC,225815.00,A,3728.749557,N,12217.977002,W,070.0,184.2,060820,,,A*4E
$GPGGA,225816.00,3728.730208,N,12217.978334,W,7,,0.38,164.89,M,0.0,M,0.0,0000*60
$GPRMC,225816.00,A,3728.730208,N,12217.978334,W,070.3,181.9,060820,,,A*4A
$GPGGA,225817.00,3728.710240,N,12217.978592,W,7,,0.38,164.91,M,0.0,M,0.0,0000*6C
$GPRMC,225817.00,A,3728.710240,N,12217.978592,W,070.5,179.8,060820,,,A*4F
$GPGGA,225818.00,3728.692516,N,12217.977674,W,7,,0.38,164.76,M,0.0,M,0.0,0000*61
$GPRMC,225818.00,A,3728.692516,N,12217.977674,W,068.8,177.2,060820,,,A*4B
$GPGGA,225819.00,3728.673411,N,12217.975915,W,7,,0.38,164.45,M,0.0,M,0.0,0000*63
$GPRMC,225819.00,A,3728.673411,N,12217.975915,W,068.6,174.7,060820,,,A*41
$GPGGA,225820.00,3728.654037,N,12217.973240,W,7,,0.38,164.21,M,0.0,M,0.0,0000*63
$GPRMC,225820.00,A,3728.654037,N,12217.973240,W,067.7,173.1,060820,,,A*4C
$GPGGA,225821.00,3728.635509,N,12217.969825,W,7,,0.38,164.06,M,0.0,M,0.0,0000*6A
$GPRMC,225821.00,A,3728.635509,N,12217.969825,W,067.2,170.9,060820,,,A*4E
$GPGGA,225822.00,3728.617677,N,12217.965668,W,7,,0.38,163.67,M,0.0,M,0.0,0000*68
$GPRMC,225822.00,A,3728.617677,N,12217.965668,W,066.7,168.1,060820,,,A*49
$GPGGA,225823.00,3728.599617,N,12217.960370,W,7,,0.38,163.16,M,0.0,M,0.0,0000*65
$GPRMC,225823.00,A,3728.599617,N,12217.960370,W,067.0,165.6,060820,,,A*4E
$GPGGA,225824.00,3728.581671,N,12217.953950,W,7,,0.38,162.89,M,0.0,M,0.0,0000*64
$GPRMC,225824.00,A,3728.581671,N,12217.953950,W,067.5,162.9,060820,,,A*45
$GPGGA,225825.00,3728.563228,N,12217.946227,W,7,,0.38,162.25,M,0.0,M,0.0,0000*68
$GPRMC,225825.00,A,3728.563228,N,12217.946227,W,068.2,160.6,060820,,,A*4A
$GPGGA,225826.00,3728.545803,N,12217.938001,W,7,,0.38,161.75,M,0.0,M,0.0,0000*65
$GPRMC,225826.00,A,3728.545803,N,12217.938001,W,068.6,158.7,060820,,,A*4F
$GPGGA,225827.00,3728.528242,N,12217.928935,W,7,,0.39,161.06,M,0.0,M,0.0,0000*6A
$GPRMC,225827.00,A,3728.528242,N,12217.928935,W,068.5,156.9,060820,,,A*46
$GPGGA,225828.00,3728.509839,N,12217.918435,W,7,,0.38,160.56,M,0.0,M,0.0,0000*6B
$GPRMC,225828.00,A,3728.509839,N,12217.918435,W,069.9,154.7,060820,,,A*43
$GPGGA,225829.00,3728.492626,N,12217.907971,W,7,,0.38,159.78,M,0.0,M,0.0,0000*6C
$GPRMC,225829.00,A,3728.492626,N,12217.907971,W,070.5,153.1,060820,,,A*47
$GPGGA,225830.00,3728.475171,N,12217.896409,W,7,,0.38,158.80,M,0.0,M,0.0,0000*65
$GPRMC,225830.00,A,3728.475171,N,12217.896409,W,071.3,150.8,060820,,,A*45
$GPGGA,225831.00,3728.458071,N,12217.883881,W,7,,0.38,158.01,M,0.0,M,0.0,0000*6B
$GPRMC,225831.00,A,3728.458071,N,12217.883881,W,071.5,149.2,060820,,,A*46
$GPGGA,225832.00,3728.441188,N,12217.870657,W,7,,0.38,157.21,M,0.0,M,0.0,0000*63
$GPRMC,225832.00,A,3728.441188,N,12217.870657,W,072.0,146.6,060820,,,A*4E
$GPGGA,225833.00,3728.424609,N,12217.856191,W,7,,0.38,156.23,M,0.0,M,0.0,0000*65
$GPRMC,225833.00,A,3728.424609,N,12217.856191,W,072.4,143.9,060820,,,A*45
$GPGGA,225834.00,3728.408745,N,12217.840862,W,7,,0.38,155.41,M,0.0,M,0.0,0000*60
$GPRMC,225834.00,A,3728.408745,N,12217.840862,W,072.6,141.0,060820,,,A*4E
$GPGGA,225835.00,3728.393302,N,12217.824920,W,7,,0.38,154.58,M,0.0,M,0.0,0000*6F
$GPRMC,225835.00,A,3728.393302,N,12217.824920,W,072.2,140.1,060820,,,A*4C
$GPGGA,225836.00,3728.377401,N,12217.807946,W,7,,0.38,153.69,M,0.0,M,0.0,0000*66
$GPRMC,225836.00,A,3728.377401,N,12217.807946,W,072.6,139.3,060820,,,A*48
$GPGGA,225837.00,3728.362282,N,12217.791661,W,7,,0.38,152.77,M,0.0,M,0.0,0000*6A
$GPRMC,225837.00,A,3728.362282,N,12217.791661,W,073.0,139.6,060820,,,A*48
$GPGGA,225838.00,3728.347000,N,12217.775042,W,7,,0.38,151.96,M,0.0,M,0.0,0000*6B
$GPRMC,225838.00,A,3728.347000,N,12217.775042,W,072.4,139.3,060820,,,A*45
$GPGGA,225839.00,3728.331790,N,12217.758380,W,7,,0.38,151.03,M,0.0,M,0.0,0000*6B
$GPRMC,225839.00,A,3728.331790,N,12217.758380,W,072.0,139.3,060820,,,A*4D
$GPGGA,225840.00,3728.316346,N,12217.741502,W,7,,0.38,150.21,M,0.0,M,0.0,0000*6A
$GPRMC,225840.00,A,3728.316346,N,12217.741502,W,072.0,139.2,060820,,,A*4C
$GPGGA,225841.00,3728.299083,N,12217.723856,W,7,,0.38,149.55,M,0.0,M,0.0,0000*64
$GPRMC,225841.00,A,3728.299083,N,12217.723856,W,074.5,139.5,060820,,,A*4D
$GPGGA,225842.00,3728.283867,N,12217.707350,W,7,,0.38,148.64,M,0.0,M,0.0,0000*66
$GPRMC,225842.00,A,3728.283867,N,12217.707350,W,074.9,139.3,060820,,,A*46
$GPGGA,225843.00,3728.268099,N,12217.690148,W,7,,0.38,147.85,M,0.0,M,0.0,0000*6F
$GPRMC,225843.00,A,3728.268099,N,12217.690148,W,075.6,139.0,060820,,,A*42
$GPGGA,225844.00,3728.251653,N,12217.672027,W,7,,0.38,147.15,M,0.0,M,0.0,0000*6F
$GPRMC,225844.00,A,3728.251653,N,12217.672027,W,075.9,139.0,060820,,,A*44
$GPGGA,225845.00,3728.235688,N,12217.654795,W,7,,0.38,146.40,M,0.0,M,0.0,0000*61
$GPRMC,225845.00,A,3728.235688,N,12217.654795,W,076.0,139.7,060820,,,A*46
$GPGGA,225846.00,3728.219932,N,12217.638302,W,7,,0.38,145.74,M,0.0,M,0.0,0000*66
$GPRMC,225846.00,A,3728.219932,N,12217.638302,W,076.1,140.9,060820,,,A*44
$GPGGA,225847.00,3728.203306,N,12217.621610,W,7,,0.38,145.28,M,0.0,M,0.0,0000*66
$GPRMC,225847.00,A,3728.203306,N,12217.621610,W,076.7,142.0,060820,,,A*40
$GPGGA,225848.00,3728.186103,N,12217.605206,W,7,,0.38,144.81,M,0.0,M,0.0,0000*67
$GPRMC,225848.00,A,3728.186103,N,12217.605206,W,076.8,143.9,060820,,,A*44
$GPGGA,225849.00,3728.168181,N,12217.589647,W,7,,0.38,144.37,M,0.0,M,0.0,0000*67
$GPRMC,225849.00,A,3728.168181,N,12217.589647,W,075.6,146.6,060820,,,A*4E
$GPGGA,225850.00,3728.150385,N,12217.575583,W,7,,0.38,143.99,M,0.0,M,0.0,0000*69
$GPRMC,225850.00,A,3728.150385,N,12217.575583,W,076.9,148.3,060820,,,A*44
$GPGGA,225851.00,3728.131731,N,12217.561825,W,7,,0.38,143.87,M,0.0,M,0.0,0000*6F
$GPRMC,225851.00,A,3728.131731,N,12217.561825,W,077.2,150.3,060820,,,A*4E
$GPGGA,225852.00,3728.112310,N,12217.548452,W,7,,0.38,143.43,M,0.0,M,0.0,0000*65
$GPRMC,225852.00,A,3728.112310,N,12217.548452,W,077.6,151.5,060820,,,A*4F
$GPGGA,225853.00,3728.093139,N,12217.536230,W,7,,0.38,141.35,M,0.0,M,0.0,0000*6D
$GPRMC,225853.00,A,3728.093139,N,12217.536230,W,077.6,153.6,060820,,,A*45
$GPGGA,225854.00,3728.074245,N,12217.524841,W,7,,0.38,142.22,M,0.0,M,0.0,0000*61
$GPRMC,225854.00,A,3728.074245,N,12217.524841,W,078.3,155.0,060820,,,A*46
$GPGGA,225855.00,3728.054170,N,12217.513940,W,7,,0.38,142.03,M,0.0,M,0.0,0000*60
$GPRMC,225855.00,A,3728.054170,N,12217.513940,W,078.1,157.7,060820,,,A*43
$GPGGA,225856.00,3728.033817,N,12217.504088,W,7,,0.38,141.81,M,0.0,M,0.0,0000*68
$GPRMC,225856.00,A,3728.033817,N,12217.504088,W,078.7,159.4,060820,,,A*49
$GPGGA,225857.00,3728.012619,N,12217.494896,W,7,,0.38,141.42,M,0.0,M,0.0,0000*6A
$GPRMC,225857.00,A,3728.012619,N,12217.494896,W,078.6,161.5,060820,,,A*4F
$GPGGA,225858.00,3727.992574,N,12217.487048,W,7,,0.38,141.06,M,0.0,M,0.0,0000*6A
$GPRMC,225858.00,A,3727.992574,N,12217.487048,W,078.4,163.2,060820,,,A*48
$GPGGA,225859.00,3727.971543,N,12217.479793,W,7,,0.38,140.65,M,0.0,M,0.0,0000*66
$GPRMC,225859.00,A,3727.971543,N,12217.479793,W,077.8,165.5,060820,,,A*42
$GPGGA,225900.00,3727.949943,N,12217.473524,W,7,,0.38,140.08,M,0.0,M,0.0,0000*63
$GPRMC,225900.00,A,3727.949943,N,12217.473524,W,077.2,167.7,060820,,,A*46
$GPGGA,225901.00,3727.928973,N,12217.468322,W,7,,0.38,139.66,M,0.0,M,0.0,0000*6A
$GPRMC,225901.00,A,3727.928973,N,12217.468322,W,077.3,169.2,060820,,,A*43
$GPGGA,225902.00,3727.908357,N,12217.463984,W,7,,0.38,135.43,M,0.0,M,0.0,0000*61
$GPRMC,225902.00,A,3727.908357,N,12217.463984,W,077.3,171.0,060820,,,A*48
$GPGGA,225903.00,3727.886998,N,12217.460329,W,7,,0.38,136.48,M,0.0,M,0.0,0000*68
$GPRMC,225903.00,A,3727.886998,N,12217.460329,W,078.0,172.8,060820,,,A*4E
$GPGGA,225904.00,3727.865469,N,12217.457408,W,7,,0.38,136.88,M,0.0,M,0.0,0000*6D
$GPRMC,225904.00,A,3727.865469,N,12217.457408,W,078.3,174.7,060820,,,A*4D
$GPGGA,225905.00,3727.843108,N,12217.455428,W,7,,0.38,136.83,M,0.0,M,0.0,0000*61
$GPRMC,225905.00,A,3727.843108,N,12217.455428,W,078.3,176.7,060820,,,A*48
$GPGGA,225906.00,3727.821831,N,12217.454401,W,7,,0.38,136.56,M,0.0,M,0.0,0000*67
$GPRMC,225906.00,A,3727.821831,N,12217.454401,W,078.7,178.0,060820,,,A*4B
$GPGGA,225907.00,3727.800064,N,12217.453688,W,7,,0.38,136.14,M,0.0,M,0.0,0000*6F
$GPRMC,225907.00,A,3727.800064,N,12217.453688,W,079.1,178.4,060820,,,A*46
$GPGGA,225908.00,3727.777264,N,12217.453028,W,7,,0.38,135.52,M,0.0,M,0.0,0000*60
$GPRMC,225908.00,A,3727.777264,N,12217.453028,W,080.3,178.3,060820,,,A*4B
$GPGGA,225909.00,3727.755405,N,12217.452440,W,7,,0.38,134.73,M,0.0,M,0.0,0000*69
$GPRMC,225909.00,A,3727.755405,N,12217.452440,W,081.2,178.7,060820,,,A*44
$GPGGA,225910.00,3727.733025,N,12217.451966,W,7,,0.38,134.08,M,0.0,M,0.0,0000*61
$GPRMC,225910.00,A,3727.733025,N,12217.451966,W,081.8,178.7,060820,,,A*4A
$GPGGA,225911.00,3727.710178,N,12217.451281,W,7,,0.38,133.53,M,0.0,M,0.0,0000*63
$GPRMC,225911.00,A,3727.710178,N,12217.451281,W,083.3,178.0,060820,,,A*4F
$GPGGA,225912.00,3727.686987,N,12217.449866,W,7,,0.38,132.79,M,0.0,M,0.0,0000*65
$GPRMC,225912.00,A,3727.686987,N,12217.449866,W,085.4,176.0,060820,,,A*4F
$GPGGA,225913.00,3727.662598,N,12217.447208,W,7,,0.38,131.89,M,0.0,M,0.0,0000*6C
$GPRMC,225913.00,A,3727.662598,N,12217.447208,W,087.1,174.4,060820,,,A*4B
$GPGGA,225914.00,3727.639857,N,12217.443332,W,7,,0.38,131.04,M,0.0,M,0.0,0000*62
$GPRMC,225914.00,A,3727.639857,N,12217.443332,W,088.9,171.7,060820,,,A*41
$GPGGA,225915.00,3727.615899,N,12217.438357,W,7,,0.38,130.29,M,0.0,M,0.0,0000*6E
$GPRMC,225915.00,A,3727.615899,N,12217.438357,W,090.5,169.6,060820,,,A*4E
$GPGGA,225916.00,3727.591900,N,12217.431577,W,7,,0.38,129.57,M,0.0,M,0.0,0000*6F
$GPRMC,225916.00,A,3727.591900,N,12217.431577,W,091.8,166.0,060820,,,A*4B
$GPGGA,225917.00,3727.582701,N,12217.423345,W,7,,0.38,129.25,M,0.0,M,0.0,0000*62
$GPRMC,225917.00,A,3727.582701,N,12217.423345,W,081.7,162.0,060820,,,A*49
$GPGGA,225918.00,3727.561804,N,12217.414501,W,7,,0.38,128.70,M,0.0,M,0.0,0000*69
$GPRMC,225918.00,A,3727.561804,N,12217.414501,W,081.6,160.7,060820,,,A*47
$GPGGA,225919.00,3727.540293,N,12217.404524,W,7,,0.38,127.65,M,0.0,M,0.0,0000*62
$GPRMC,225919.00,A,3727.540293,N,12217.404524,W,082.5,158.4,060820,,,A*4F
$GPGGA,225920.00,3727.518946,N,12217.393333,W,7,,0.38,127.00,M,0.0,M,0.0,0000*6C
$GPRMC,225920.00,A,3727.518946,N,12217.393333,W,083.2,156.2,060820,,,A*4C
$GPGGA,225921.00,3727.497136,N,12217.380344,W,7,,0.38,125.92,M,0.0,M,0.0,0000*6F
$GPRMC,225921.00,A,3727.497136,N,12217.380344,W,084.2,152.5,060820,,,A*42
$GPGGA,225922.00,3727.476982,N,12217.366154,W,7,,0.38,125.16,M,0.0,M,0.0,0000*63
$GPRMC,225922.00,A,3727.476982,N,12217.366154,W,085.6,149.2,060820,,,A*4A
$GPGGA,225923.00,3727.457043,N,12217.350566,W,7,,0.38,124.25,M,0.0,M,0.0,0000*64
$GPRMC,225923.00,A,3727.457043,N,12217.350566,W,084.9,147.2,060820,,,A*4C
$GPGGA,225924.00,3727.436841,N,12217.333136,W,7,,0.38,123.48,M,0.0,M,0.0,0000*66
$GPRMC,225924.00,A,3727.436841,N,12217.333136,W,085.7,144.5,060820,,,A*49
$GPGGA,225925.00,3727.417822,N,12217.315106,W,7,,0.38,123.01,M,0.0,M,0.0,0000*6B
$GPRMC,225925.00,A,3727.417822,N,12217.315106,W,086.2,142.0,060820,,,A*4C
$GPGGA,225926.00,3727.399840,N,12217.296259,W,7,,0.38,123.02,M,0.0,M,0.0,0000*6D
$GPRMC,225926.00,A,3727.399840,N,12217.296259,W,086.4,139.2,060820,,,A*41
$GPGGA,225927.00,3727.382110,N,12217.275872,W,7,,0.38,123.12,M,0.0,M,0.0,0000*65
$GPRMC,225927.00,A,3727.382110,N,12217.275872,W,086.7,136.4,060820,,,A*42
$GPGGA,225928.00,3727.365208,N,12217.254319,W,7,,0.38,123.61,M,0.0,M,0.0,0000*68
$GPRMC,225928.00,A,3727.365208,N,12217.254319,W,086.9,133.7,060820,,,A*43
$GPGGA,225929.00,3727.348858,N,12217.231717,W,7,,0.38,124.27,M,0.0,M,0.0,0000*65
$GPRMC,225929.00,A,3727.348858,N,12217.231717,W,086.5,131.7,060820,,,A*45
$GPGGA,225930.00,3727.333191,N,12217.208761,W,7,,0.38,124.90,M,0.0,M,0.0,0000*6A
$GPRMC,225930.00,A,3727.333191,N,12217.208761,W,086.2,130.4,060820,,,A*43
$GPGGA,225931.00,3727.318101,N,12217.185776,W,7,,0.38,125.46,M,0.0,M,0.0,0000*61
$GPRMC,225931.00,A,3727.318101,N,12217.185776,W,085.0,129.4,060820,,,A*4B
$GPGGA,225932.00,3727.302993,N,12217.162328,W,7,,0.38,126.26,M,0.0,M,0.0,0000*69
$GPRMC,225932.00,A,3727.302993,N,12217.162328,W,083.2,129.1,060820,,,A*47
$GPGGA,225933.00,3727.288960,N,12217.140524,W,7,,0.38,126.91,M,0.0,M,0.0,0000*61
$GPRMC,225933.00,A,3727.288960,N,12217.140524,W,081.4,129.0,060820,,,A*46
$GPGGA,225934.00,3727.274914,N,12217.118515,W,7,,0.38,127.70,M,0.0,M,0.0,0000*67
$GPRMC,225934.00,A,3727.274914,N,12217.118515,W,079.9,128.9,060820,,,A*4C
$GPGGA,225935.00,3727.260963,N,12217.096946,W,7,,0.38,128.47,M,0.0,M,0.0,0000*65
$GPRMC,225935.00,A,3727.260963,N,12217.096946,W,078.3,128.9,060820,,,A*4E
$GPGGA,225936.00,3727.247349,N,12217.075567,W,7,,0.38,129.10,M,0.0,M,0.0,0000*60
$GPRMC,225936.00,A,3727.247349,N,12217.075567,W,076.9,128.9,060820,,,A*4C
$GPGGA,225937.00,3727.233645,N,12217.054267,W,7,,0.38,129.83,M,0.0,M,0.0,0000*65
$GPRMC,225937.00,A,3727.233645,N,12217.054267,W,075.4,128.9,060820,,,A*4D
$GPGGA,225938.00,3727.220205,N,12217.033514,W,7,,0.38,130.37,M,0.0,M,0.0,0000*6D
$GPRMC,225938.00,A,3727.220205,N,12217.033514,W,073.8,129.1,060820,,,A*41
$GPGGA,225939.00,3727.206694,N,12217.011847,W,7,,0.38,130.98,M,0.0,M,0.0,0000*6A
$GPRMC,225939.00,A,3727.206694,N,12217.011847,W,073.0,128.8,060820,,,A*43
$GPGGA,225940.00,3727.193325,N,12216.990949,W,7,,0.38,131.22,M,0.0,M,0.0,0000*6A
$GPRMC,225940.00,A,3727.193325,N,12216.990949,W,070.7,128.4,060820,,,A*4B
$GPGGA,225941.00,3727.180773,N,12216.971294,W,7,,0.38,131.59,M,0.0,M,0.0,0000*66
$GPRMC,225941.00,A,3727.180773,N,12216.971294,W,069.0,128.2,060820,,,A*42
$GPGGA,225942.00,3727.151824,N,12216.933961,W,7,,0.38,133.59,M,0.0,M,0.0,0000*61
$GPRMC,225942.00,A,3727.151824,N,12216.933961,W,082.4,130.4,060820,,,A*49
$GPGGA,225943.00,3727.137321,N,12216.911504,W,7,,0.38,133.94,M,0.0,M,0.0,0000*60
$GPRMC,225943.00,A,3727.137321,N,12216.911504,W,081.5,130.1,060820,,,A*4E
$GPGGA,225944.00,3727.122682,N,12216.889207,W,7,,0.38,134.50,M,0.0,M,0.0,0000*64
$GPRMC,225944.00,A,3727.122682,N,12216.889207,W,080.4,129.9,060820,,,A*45
$GPGGA,225945.00,3727.107760,N,12216.866882,W,7,,0.38,134.76,M,0.0,M,0.0,0000*6D
$GPRMC,225945.00,A,3727.107760,N,12216.866882,W,080.1,129.9,060820,,,A*4D
$GPGGA,225946.00,3727.093767,N,12216.845900,W,7,,0.38,134.99,M,0.0,M,0.0,0000*6E
$GPRMC,225946.00,A,3727.093767,N,12216.845900,W,080.2,129.5,060820,,,A*40
$GPGGA,225947.00,3727.079380,N,12216.824270,W,7,,0.38,135.30,M,0.0,M,0.0,0000*6F
$GPRMC,225947.00,A,3727.079380,N,12216.824270,W,080.1,129.5,060820,,,A*40
$GPGGA,225948.00,3727.064475,N,12216.801871,W,7,,0.38,135.31,M,0.0,M,0.0,0000*6C
$GPRMC,225948.00,A,3727.064475,N,12216.801871,W,080.0,130.1,060820,,,A*4F
$GPGGA,225949.00,3727.050105,N,12216.780655,W,7,,0.38,134.95,M,0.0,M,0.0,0000*69
$GPRMC,225949.00,A,3727.050105,N,12216.780655,W,080.0,130.6,060820,,,A*42
$GPGGA,225950.00,3727.035970,N,12216.760088,W,7,,0.38,134.67,M,0.0,M,0.0,0000*6D
$GPRMC,225950.00,A,3727.035970,N,12216.760088,W,080.2,130.7,060820,,,A*48
$GPGGA,225951.00,3727.021215,N,12216.738500,W,7,,0.38,134.38,M,0.0,M,0.0,0000*63
$GPRMC,225951.00,A,3727.021215,N,12216.738500,W,080.7,130.4,060820,,,A*4A
$GPGGA,225952.00,3727.006702,N,12216.717014,W,7,,0.38,133.94,M,0.0,M,0.0,0000*6A
$GPRMC,225952.00,A,3727.006702,N,12216.717014,W,080.7,129.9,060820,,,A*47
$GPGGA,225953.00,3726.991852,N,12216.694873,W,7,,0.38,133.61,M,0.0,M,0.0,0000*6E
$GPRMC,225953.00,A,3726.991852,N,12216.694873,W,080.1,130.0,060820,,,A*4E
$GPGGA,225954.00,3726.978070,N,12216.674107,W,7,,0.38,133.06,M,0.0,M,0.0,0000*63
$GPRMC,225954.00,A,3726.978070,N,12216.674107,W,080.1,129.7,060820,,,A*4D
$GPGGA,225955.00,3726.963688,N,12216.652345,W,7,,0.38,132.09,M,0.0,M,0.0,0000*67
$GPRMC,225955.00,A,3726.963688,N,12216.652345,W,080.6,129.2,060820,,,A*45
$GPGGA,225956.00,3726.948700,N,12216.630103,W,7,,0.38,130.93,M,0.0,M,0.0,0000*69
$GPRMC,225956.00,A,3726.948700,N,12216.630103,W,081.3,130.4,060820,,,A*40
$GPGGA,225957.00,3726.933814,N,12216.608438,W,7,,0.38,129.74,M,0.0,M,0.0,0000*69
$GPRMC,225957.00,A,3726.933814,N,12216.608438,W,081.6,130.8,060820,,,A*48
$GPGGA,225958.00,3726.919042,N,12216.586676,W,7,,0.38,128.56,M,0.0,M,0.0,0000*69
$GPRMC,225958.00,A,3726.919042,N,12216.586676,W,082.8,130.9,060820,,,A*45
$GPGGA,225959.00,3726.903826,N,12216.564704,W,7,,0.38,127.51,M,0.0,M,0.0,0000*69
$GPRMC,225959.00,A,3726.903826,N,12216.564704,W,083.6,130.9,060820,,,A*42
$GPGGA,230000.00,3726.888525,N,12216.542605,W,7,,0.38,125.09,M,0.0,M,0.0,0000*6F
$GPRMC,230000.00,A,3726.888525,N,12216.542605,W,084.5,130.7,060820,,,A*41
$GPGGA,230001.00,3726.872625,N,12216.519590,W,7,,0.38,124.40,M,0.0,M,0.0,0000*65
$GPRMC,230001.00,A,3726.872625,N,12216.519590,W,084.8,131.0,060820,,,A*4C
$GPGGA,230002.00,3726.857553,N,12216.497804,W,7,,0.38,123.41,M,0.0,M,0.0,0000*62
$GPRMC,230002.00,A,3726.857553,N,12216.497804,W,084.8,131.1,060820,,,A*4C
$GPGGA,230003.00,3726.841983,N,12216.475477,W,7,,0.38,122.18,M,0.0,M,0.0,0000*6C
$GPRMC,230003.00,A,3726.841983,N,12216.475477,W,085.2,131.2,060820,,,A*47
$GPGGA,230004.00,3726.825694,N,12216.452323,W,7,,0.38,120.80,M,0.0,M,0.0,0000*60
$GPRMC,230004.00,A,3726.825694,N,12216.452323,W,086.1,131.3,060820,,,A*49
$GPGGA,230005.00,3726.809812,N,12216.429758,W,7,,0.38,119.87,M,0.0,M,0.0,0000*66
$GPRMC,230005.00,A,3726.809812,N,12216.429758,W,086.5,131.5,060820,,,A*40
$GPGGA,230006.00,3726.794194,N,12216.407528,W,7,,0.38,119.01,M,0.0,M,0.0,0000*6E
$GPRMC,230006.00,A,3726.794194,N,12216.407528,W,087.0,131.3,060820,,,A*44
$GPGGA,230007.00,3726.778323,N,12216.384848,W,7,,0.38,118.41,M,0.0,M,0.0,0000*61
$GPRMC,230007.00,A,3726.778323,N,12216.384848,W,086.9,131.1,060820,,,A*44
$GPGGA,230008.00,3726.762580,N,12216.361856,W,7,,0.38,117.96,M,0.0,M,0.0,0000*6B
$GPRMC,230008.00,A,3726.762580,N,12216.361856,W,086.7,130.5,060820,,,A*40
$GPGGA,230009.00,3726.747106,N,12216.338702,W,7,,0.38,117.65,M,0.0,M,0.0,0000*69
$GPRMC,230009.00,A,3726.747106,N,12216.338702,W,086.1,129.3,060820,,,A*46
$GPGGA,230010.00,3726.732237,N,12216.315122,W,7,,0.38,117.61,M,0.0,M,0.0,0000*6D
$GPRMC,230010.00,A,3726.732237,N,12216.315122,W,086.5,127.8,060820,,,A*47
$GPGGA,230011.00,3726.718269,N,12216.291548,W,7,,0.38,117.82,M,0.0,M,0.0,0000*67
$GPRMC,230011.00,A,3726.718269,N,12216.291548,W,085.5,125.6,060820,,,A*4F
$GPGGA,230012.00,3726.704632,N,12216.266509,W,7,,0.38,104.30,M,0.0,M,0.0,0000*65
$GPRMC,230012.00,A,3726.704632,N,12216.266509,W,084.8,123.0,060820,,,A*4A
$GPGGA,230013.00,3726.692812,N,12216.242216,W,7,,0.38,109.99,M,0.0,M,0.0,0000*67
$GPRMC,230013.00,A,3726.692812,N,12216.242216,W,084.1,120.3,060820,,,A*4F
$GPGGA,230014.00,3726.681694,N,12216.216859,W,7,,0.38,119.90,M,0.0,M,0.0,0000*6A
$GPRMC,230014.00,A,3726.681694,N,12216.216859,W,083.2,118.0,060820,,,A*46
$GPGGA,230015.00,3726.671469,N,12216.191750,W,7,,0.38,120.10,M,0.0,M,0.0,0000*6C
$GPRMC,230015.00,A,3726.671469,N,12216.191750,W,081.3,116.2,060820,,,A*4D
$GPGGA,230016.00,3726.662055,N,12216.166045,W,7,,0.38,120.80,M,0.0,M,0.0,0000*64
$GPRMC,230016.00,A,3726.662055,N,12216.166045,W,080.8,114.2,060820,,,A*44
$GPGGA,230017.00,3726.653373,N,12216.139861,W,7,,0.38,121.20,M,0.0,M,0.0,0000*6F
$GPRMC,230017.00,A,3726.653373,N,12216.139861,W,080.3,111.7,060820,,,A*4F
$GPGGA,230018.00,3726.645597,N,12216.113504,W,7,,0.38,121.96,M,0.0,M,0.0,0000*60
$GPRMC,230018.00,A,3726.645597,N,12216.113504,W,080.5,109.3,060820,,,A*46
$GPGGA,230019.00,3726.638764,N,12216.086785,W,7,,0.38,108.07,M,0.0,M,0.0,0000*60
$GPRMC,230019.00,A,3726.638764,N,12216.086785,W,080.4,106.9,060820,,,A*41
$GPGGA,230020.00,3726.632607,N,12216.058652,W,7,,0.38,114.08,M,0.0,M,0.0,0000*6E
$GPRMC,230020.00,A,3726.632607,N,12216.058652,W,080.2,104.7,060820,,,A*47
$GPGGA,230021.00,3726.627622,N,12216.032305,W,7,,0.38,117.45,M,0.0,M,0.0,0000*6D
$GPRMC,230021.00,A,3726.627622,N,12216.032305,W,079.9,102.9,060820,,,A*4B
$GPGGA,230022.00,3726.623265,N,12216.004915,W,7,,0.38,123.76,M,0.0,M,0.0,0000*64
$GPRMC,230022.00,A,3726.623265,N,12216.004915,W,080.1,100.6,060820,,,A*46
$GPGGA,230023.00,3726.619756,N,12215.977436,W,7,,0.38,124.28,M,0.0,M,0.0,0000*67
$GPRMC,230023.00,A,3726.619756,N,12215.977436,W,079.8,098.3,060820,,,A*43
$GPGGA,230024.00,3726.617067,N,12215.949535,W,7,,0.38,124.87,M,0.0,M,0.0,0000*61
$GPRMC,230024.00,A,3726.617067,N,12215.949535,W,079.9,096.2,060820,,,A*4E
$GPGGA,230025.00,3726.615154,N,12215.920873,W,7,,0.38,125.27,M,0.0,M,0.0,0000*68
$GPRMC,230025.00,A,3726.615154,N,12215.920873,W,079.8,094.1,060820,,,A*4C
$GPGGA,230026.00,3726.614164,N,12215.894083,W,7,,0.38,125.56,M,0.0,M,0.0,0000*66
$GPRMC,230026.00,A,3726.614164,N,12215.894083,W,079.5,091.7,060820,,,A*4A
$GPGGA,230027.00,3726.613971,N,12215.866232,W,7,,0.38,125.63,M,0.0,M,0.0,0000*6F
$GPRMC,230027.00,A,3726.613971,N,12215.866232,W,079.0,089.8,060820,,,A*46
$GPGGA,230028.00,3726.614691,N,12215.837894,W,7,,0.38,125.65,M,0.0,M,0.0,0000*62
$GPRMC,230028.00,A,3726.614691,N,12215.837894,W,078.8,087.2,060820,,,A*40
$GPGGA,230029.00,3726.616246,N,12215.810527,W,7,,0.38,125.45,M,0.0,M,0.0,0000*6D
$GPRMC,230029.00,A,3726.616246,N,12215.810527,W,078.8,084.9,060820,,,A*45
$GPGGA,230030.00,3726.618430,N,12215.784289,W,7,,0.38,125.41,M,0.0,M,0.0,0000*69
$GPRMC,230030.00,A,3726.618430,N,12215.784289,W,078.4,083.2,060820,,,A*45
$GPGGA,230031.00,3726.621267,N,12215.756971,W,7,,0.38,125.13,M,0.0,M,0.0,0000*62
$GPRMC,230031.00,A,3726.621267,N,12215.756971,W,077.9,082.2,060820,,,A*4A
$GPGGA,230032.00,3726.624225,N,12215.730055,W,7,,0.38,124.88,M,0.0,M,0.0,0000*6E
$GPRMC,230032.00,A,3726.624225,N,12215.730055,W,076.9,082.3,060820,,,A*45
$GPGGA,230033.00,3726.627171,N,12215.702509,W,7,,0.38,124.68,M,0.0,M,0.0,0000*6D
$GPRMC,230033.00,A,3726.627171,N,12215.702509,W,076.3,082.4,060820,,,A*45
$GPGGA,230034.00,3726.629860,N,12215.677075,W,7,,0.38,124.41,M,0.0,M,0.0,0000*6B
$GPRMC,230034.00,A,3726.629860,N,12215.677075,W,075.6,082.2,060820,,,A*48
$GPGGA,230035.00,3726.632770,N,12215.650789,W,7,,0.38,124.29,M,0.0,M,0.0,0000*61
$GPRMC,230035.00,A,3726.632770,N,12215.650789,W,074.9,082.1,060820,,,A*41
$GPGGA,230036.00,3726.635631,N,12215.624191,W,7,,0.38,124.15,M,0.0,M,0.0,0000*62
$GPRMC,230036.00,A,3726.635631,N,12215.624191,W,073.9,082.5,060820,,,A*4E
$GPGGA,230037.00,3726.638223,N,12215.598806,W,7,,0.38,123.79,M,0.0,M,0.0,0000*67
$GPRMC,230037.00,A,3726.638223,N,12215.598806,W,073.1,082.7,060820,,,A*4C
$GPGGA,230038.00,3726.640540,N,12215.574224,W,7,,0.38,123.30,M,0.0,M,0.0,0000*60
$GPRMC,230038.00,A,3726.640540,N,12215.574224,W,072.2,083.8,060820,,,A*4A
$GPGGA,230039.00,3726.642381,N,12215.549228,W,7,,0.38,122.78,M,0.0,M,0.0,0000*67
$GPRMC,230039.00,A,3726.642381,N,12215.549228,W,071.2,085.8,060820,,,A*45
$GPGGA,230040.00,3726.643413,N,12215.524340,W,7,,0.38,119.57,M,0.0,M,0.0,0000*65
$GPRMC,230040.00,A,3726.643413,N,12215.524340,W,070.5,088.3,060820,,,A*42
$GPGGA,230041.00,3726.643564,N,12215.498839,W,7,,0.38,120.01,M,0.0,M,0.0,0000*6F
$GPRMC,230041.00,A,3726.643564,N,12215.498839,W,070.3,090.5,060820,,,A*48
$GPGGA,230042.00,3726.642933,N,12215.474899,W,7,,0.38,119.82,M,0.0,M,0.0,0000*6A
$GPRMC,230042.00,A,3726.642933,N,12215.474899,W,069.9,093.0,060820,,,A*48
$GPGGA,230043.00,3726.641458,N,12215.450587,W,7,,0.38,119.24,M,0.0,M,0.0,0000*60
$GPRMC,230043.00,A,3726.641458,N,12215.450587,W,069.7,095.5,060820,,,A*43
$GPGGA,230044.00,3726.639082,N,12215.425748,W,7,,0.38,118.44,M,0.0,M,0.0,0000*6F
$GPRMC,230044.00,A,3726.639082,N,12215.425748,W,069.5,097.5,060820,,,A*4B
$GPGGA,230045.00,3726.636111,N,12215.402234,W,7,,0.38,117.30,M,0.0,M,0.0,0000*6D
$GPRMC,230045.00,A,3726.636111,N,12215.402234,W,068.5,100.0,060820,,,A*4E
$GPGGA,230046.00,3726.632476,N,12215.379530,W,7,,0.38,116.20,M,0.0,M,0.0,0000*66
$GPRMC,230046.00,A,3726.632476,N,12215.379530,W,067.7,102.7,060820,,,A*4D
$GPGGA,230047.00,3726.628066,N,12215.356724,W,7,,0.38,114.94,M,0.0,M,0.0,0000*6E
$GPRMC,230047.00,A,3726.628066,N,12215.356724,W,067.3,104.4,060820,,,A*49
$GPGGA,230048.00,3726.623098,N,12215.334362,W,7,,0.38,113.78,M,0.0,M,0.0,0000*6C
$GPRMC,230048.00,A,3726.623098,N,12215.334362,W,066.9,106.1,060820,,,A*42
$GPGGA,230049.00,3726.617566,N,12215.312077,W,7,,0.38,112.64,M,0.0,M,0.0,0000*61
$GPRMC,230049.00,A,3726.617566,N,12215.312077,W,066.8,108.2,060820,,,A*4F
$GPGGA,230050.00,3726.611506,N,12215.290310,W,7,,0.38,111.32,M,0.0,M,0.0,0000*60
$GPRMC,230050.00,A,3726.611506,N,12215.290310,W,066.6,110.2,060820,,,A*49
$GPGGA,230051.00,3726.605050,N,12215.268703,W,7,,0.38,109.82,M,0.0,M,0.0,0000*61
$GPRMC,230051.00,A,3726.605050,N,12215.268703,W,066.9,111.0,060820,,,A*46
$GPGGA,230052.00,3726.597754,N,12215.246396,W,7,,0.38,108.61,M,0.0,M,0.0,0000*61
$GPRMC,230052.00,A,3726.597754,N,12215.246396,W,067.6,113.3,060820,,,A*45
$GPGGA,230053.00,3726.589864,N,12215.225450,W,7,,0.38,106.94,M,0.0,M,0.0,0000*6F
$GPRMC,230053.00,A,3726.589864,N,12215.225450,W,068.6,116.6,060820,,,A*40
$GPGGA,230054.00,3726.580852,N,12215.203933,W,7,,0.38,105.73,M,0.0,M,0.0,0000*62
$GPRMC,230054.00,A,3726.580852,N,12215.203933,W,070.2,118.9,060820,,,A*4B
$GPGGA,230055.00,3726.570807,N,12215.182789,W,7,,0.38,104.35,M,0.0,M,0.0,0000*6A
$GPRMC,230055.00,A,3726.570807,N,12215.182789,W,071.1,121.8,060820,,,A*49
$GPGGA,230056.00,3726.559857,N,12215.161958,W,7,,0.38,103.02,M,0.0,M,0.0,0000*6B
$GPRMC,230056.00,A,3726.559857,N,12215.161958,W,072.0,124.3,060820,,,A*47
$GPGGA,230057.00,3726.547954,N,12215.141276,W,7,,0.38,101.44,M,0.0,M,0.0,0000*62
$GPRMC,230057.00,A,3726.547954,N,12215.141276,W,073.0,126.7,060820,,,A*49
$GPGGA,230058.00,3726.535468,N,12215.120959,W,7,,0.38,100.04,M,0.0,M,0.0,0000*6E
$GPRMC,230058.00,A,3726.535468,N,12215.120959,W,074.1,128.6,060820,,,A*49
$GPGGA,230059.00,3726.522190,N,12215.101208,W,7,,0.38,98.50,M,0.0,M,0.0,0000*56
$GPRMC,230059.00,A,3726.522190,N,12215.101208,W,074.4,131.2,060820,,,A*49
$GPGGA,230100.00,3726.507610,N,12215.081161,W,7,,0.38,96.77,M,0.0,M,0.0,0000*5D
$GPRMC,230100.00,A,3726.507610,N,12215.081161,W,075.3,133.1,060820,,,A*4E
$GPGGA,230101.00,3726.493600,N,12215.062807,W,7,,0.38,95.38,M,0.0,M,0.0,0000*5D
$GPRMC,230101.00,A,3726.493600,N,12215.062807,W,076.3,133.7,060820,,,A*43
$GPGGA,230102.00,3726.478678,N,12215.043565,W,7,,0.38,93.75,M,0.0,M,0.0,0000*51
$GPRMC,230102.00,A,3726.478678,N,12215.043565,W,078.0,133.9,060820,,,A*43
$GPGGA,230103.00,3726.463329,N,12215.023736,W,7,,0.38,92.12,M,0.0,M,0.0,0000*59
$GPRMC,230103.00,A,3726.463329,N,12215.023736,W,080.1,134.0,060820,,,A*43
$GPGGA,230104.00,3726.447634,N,12215.003330,W,7,,0.38,90.38,M,0.0,M,0.0,0000*5B
$GPRMC,230104.00,A,3726.447634,N,12215.003330,W,081.7,133.8,060820,,,A*43
$GPGGA,230105.00,3726.431367,N,12214.982209,W,7,,0.38,88.64,M,0.0,M,0.0,0000*52
$GPRMC,230105.00,A,3726.431367,N,12214.982209,W,082.7,134.3,060820,,,A*45
$GPGGA,230106.00,3726.418725,N,12214.966507,W,7,,0.38,87.39,M,0.0,M,0.0,0000*5C
$GPRMC,230106.00,A,3726.418725,N,12214.966507,W,077.4,135.4,060820,,,A*43
$GPGGA,230107.00,3726.403414,N,12214.947374,W,7,,0.38,85.93,M,0.0,M,0.0,0000*55
$GPRMC,230107.00,A,3726.403414,N,12214.947374,W,078.2,135.5,060820,,,A*40
$GPGGA,230108.00,3726.387225,N,12214.927405,W,7,,0.38,78.18,M,0.0,M,0.0,0000*53
$GPRMC,230108.00,A,3726.387225,N,12214.927405,W,078.8,135.3,060820,,,A*4B
$GPGGA,230109.00,3726.371638,N,12214.908182,W,7,,0.38,78.91,M,0.0,M,0.0,0000*55
$GPRMC,230109.00,A,3726.371638,N,12214.908182,W,079.1,135.5,060820,,,A*42
$GPGGA,230110.00,3726.356428,N,12214.889473,W,7,,0.38,78.51,M,0.0,M,0.0,0000*54
$GPRMC,230110.00,A,3726.356428,N,12214.889473,W,079.5,135.7,060820,,,A*49
$GPGGA,230111.00,3726.340275,N,12214.870022,W,7,,0.38,77.38,M,0.0,M,0.0,0000*5A
$GPRMC,230111.00,A,3726.340275,N,12214.870022,W,080.3,136.6,060820,,,A*45
$GPGGA,230112.00,3726.323931,N,12214.850539,W,7,,0.38,76.04,M,0.0,M,0.0,0000*54
$GPRMC,230112.00,A,3726.323931,N,12214.850539,W,081.4,136.6,060820,,,A*43
$GPGGA,230113.00,3726.306909,N,12214.830289,W,7,,0.38,74.77,M,0.0,M,0.0,0000*55
$GPRMC,230113.00,A,3726.306909,N,12214.830289,W,082.3,136.5,060820,,,A*43
$GPGGA,230114.00,3726.290883,N,12214.811138,W,7,,0.38,73.07,M,0.0,M,0.0,0000*55
$GPRMC,230114.00,A,3726.290883,N,12214.811138,W,082.8,136.2,060820,,,A*4F
$GPGGA,230115.00,3726.274059,N,12214.791044,W,7,,0.38,71.36,M,0.0,M,0.0,0000*5C
$GPRMC,230115.00,A,3726.274059,N,12214.791044,W,083.2,136.5,060820,,,A*4A
$GPGGA,230116.00,3726.256798,N,12214.770421,W,7,,0.38,69.49,M,0.0,M,0.0,0000*5C
$GPRMC,230116.00,A,3726.256798,N,12214.770421,W,083.4,136.5,060820,,,A*4D
$GPGGA,230117.00,3726.239980,N,12214.750358,W,7,,0.38,67.85,M,0.0,M,0.0,0000*56
$GPRMC,230117.00,A,3726.239980,N,12214.750358,W,083.8,136.4,060820,,,A*44
$GPGGA,230118.00,3726.223630,N,12214.730810,W,7,,0.38,66.23,M,0.0,M,0.0,0000*5A
$GPRMC,230118.00,A,3726.223630,N,12214.730810,W,084.2,136.3,060820,,,A*4F
$GPGGA,230119.00,3726.206547,N,12214.710326,W,7,,0.38,64.67,M,0.0,M,0.0,0000*51
$GPRMC,230119.00,A,3726.206547,N,12214.710326,W,084.6,136.3,060820,,,A*42
$GPGGA,230120.00,3726.189549,N,12214.689937,W,7,,0.38,63.33,M,0.0,M,0.0,0000*5C
$GPRMC,230120.00,A,3726.189549,N,12214.689937,W,084.8,136.4,060820,,,A*40
$GPGGA,230121.00,3726.171951,N,12214.668962,W,7,,0.38,62.29,M,0.0,M,0.0,0000*5A
$GPRMC,230121.00,A,3726.171951,N,12214.668962,W,084.7,136.4,060820,,,A*43
$GPGGA,230122.00,3726.155355,N,12214.649167,W,7,,0.38,61.70,M,0.0,M,0.0,0000*50
$GPRMC,230122.00,A,3726.155355,N,12214.649167,W,084.2,136.7,060820,,,A*40
$GPGGA,230123.00,3726.138448,N,12214.629098,W,7,,0.38,61.49,M,0.0,M,0.0,0000*5C
$GPRMC,230123.00,A,3726.138448,N,12214.629098,W,083.4,136.8,060820,,,A*48
$GPGGA,230124.00,3726.121209,N,12214.608644,W,7,,0.38,61.32,M,0.0,M,0.0,0000*58
$GPRMC,230124.00,A,3726.121209,N,12214.608644,W,082.6,136.7,060820,,,A*4C
$GPGGA,230125.00,3726.104571,N,12214.589084,W,7,,0.38,62.13,M,0.0,M,0.0,0000*56
$GPRMC,230125.00,A,3726.104571,N,12214.589084,W,082.1,136.9,060820,,,A*4B
$GPGGA,230126.00,3726.088432,N,12214.569926,W,7,,0.38,63.16,M,0.0,M,0.0,0000*5D
$GPRMC,230126.00,A,3726.088432,N,12214.569926,W,082.0,136.4,060820,,,A*48
$GPGGA,230127.00,3726.071883,N,12214.550257,W,7,,0.38,63.70,M,0.0,M,0.0,0000*5B
$GPRMC,230127.00,A,3726.071883,N,12214.550257,W,082.1,136.4,060820,,,A*4F
$GPGGA,230128.00,3726.055407,N,12214.530667,W,7,,0.38,64.17,M,0.0,M,0.0,0000*55
$GPRMC,230128.00,A,3726.055407,N,12214.530667,W,082.0,136.5,060820,,,A*47
$GPGGA,230129.00,3726.038829,N,12214.510903,W,7,,0.38,64.92,M,0.0,M,0.0,0000*5D
$GPRMC,230129.00,A,3726.038829,N,12214.510903,W,081.6,136.5,060820,,,A*47
$GPGGA,230130.00,3726.022396,N,12214.491469,W,7,,0.38,65.61,M,0.0,M,0.0,0000*55
$GPRMC,230130.00,A,3726.022396,N,12214.491469,W,081.2,136.9,060820,,,A*4A
$GPGGA,230131.00,3726.006153,N,12214.472174,W,7,,0.38,66.38,M,0.0,M,0.0,0000*52
$GPRMC,230131.00,A,3726.006153,N,12214.472174,W,080.4,136.3,060820,,,A*4F
$GPGGA,230132.00,3725.989557,N,12214.452386,W,7,,0.38,66.61,M,0.0,M,0.0,0000*5D
$GPRMC,230132.00,A,3725.989557,N,12214.452386,W,079.7,136.5,060820,,,A*4F
$GPGGA,230133.00,3725.974066,N,12214.433875,W,7,,0.38,67.42,M,0.0,M,0.0,0000*59
$GPRMC,230133.00,A,3725.974066,N,12214.433875,W,078.7,136.5,060820,,,A*4A
$GPGGA,230134.00,3725.958363,N,12214.415167,W,7,,0.38,68.12,M,0.0,M,0.0,0000*52
$GPRMC,230134.00,A,3725.958363,N,12214.415167,W,077.6,136.4,060820,,,A*44
$GPGGA,230135.00,3725.942997,N,12214.396502,W,7,,0.38,66.93,M,0.0,M,0.0,0000*55
$GPRMC,230135.00,A,3725.942997,N,12214.396502,W,076.8,135.8,060820,,,A*44
$GPGGA,230136.00,3725.927967,N,12214.377733,W,7,,0.38,68.02,M,0.0,M,0.0,0000*53
$GPRMC,230136.00,A,3725.927967,N,12214.377733,W,075.7,134.8,060820,,,A*49
$GPGGA,230137.00,3725.913417,N,12214.359278,W,7,,0.38,68.66,M,0.0,M,0.0,0000*5B
$GPRMC,230137.00,A,3725.913417,N,12214.359278,W,074.4,134.8,060820,,,A*41
$GPGGA,230138.00,3725.899060,N,12214.340929,W,7,,0.38,68.94,M,0.0,M,0.0,0000*59
$GPRMC,230138.00,A,3725.899060,N,12214.340929,W,073.3,134.7,060820,,,A*41
$GPGGA,230139.00,3725.884786,N,12214.322678,W,7,,0.38,68.96,M,0.0,M,0.0,0000*56
$GPRMC,230139.00,A,3725.884786,N,12214.322678,W,073.3,133.9,060820,,,A*45
$GPGGA,230140.00,3725.870098,N,12214.303615,W,7,,0.38,68.79,M,0.0,M,0.0,0000*52
$GPRMC,230140.00,A,3725.870098,N,12214.303615,W,073.0,134.1,060820,,,A*4C
$GPGGA,230141.00,3725.856628,N,12214.285916,W,7,,0.38,68.92,M,0.0,M,0.0,0000*5C
$GPRMC,230141.00,A,3725.856628,N,12214.285916,W,072.4,133.1,060820,,,A*45
$GPGGA,230142.00,3725.843067,N,12214.267663,W,7,,0.38,68.76,M,0.0,M,0.0,0000*5D
$GPRMC,230142.00,A,3725.843067,N,12214.267663,W,071.4,132.9,060820,,,A*44
$GPGGA,230143.00,3725.829789,N,12214.249520,W,7,,0.38,68.45,M,0.0,M,0.0,0000*5F
$GPRMC,230143.00,A,3725.829789,N,12214.249520,W,070.3,132.1,060820,,,A*48
$GPGGA,230144.00,3725.816769,N,12214.231436,W,7,,0.38,68.04,M,0.0,M,0.0,0000*56
$GPRMC,230144.00,A,3725.816769,N,12214.231436,W,068.7,131.8,060820,,,A*43
$GPGGA,230145.00,3725.803599,N,12214.213261,W,7,,0.38,67.67,M,0.0,M,0.0,0000*50
$GPRMC,230145.00,A,3725.803599,N,12214.213261,W,067.9,132.2,060820,,,A*47
$GPGGA,230146.00,3725.791330,N,12214.196443,W,7,,0.38,67.25,M,0.0,M,0.0,0000*5C
$GPRMC,230146.00,A,3725.791330,N,12214.196443,W,067.1,133.0,060820,,,A*46
$GPGGA,230147.00,3725.778526,N,12214.179379,W,7,,0.38,66.76,M,0.0,M,0.0,0000*53
$GPRMC,230147.00,A,3725.778526,N,12214.179379,W,066.9,133.4,060820,,,A*43
$GPGGA,230148.00,3725.764954,N,12214.161668,W,7,,0.38,65.96,M,0.0,M,0.0,0000*59
$GPRMC,230148.00,A,3725.764954,N,12214.161668,W,067.9,134.0,060820,,,A*46
$GPGGA,230149.00,3725.751537,N,12214.144495,W,7,,0.38,65.17,M,0.0,M,0.0,0000*59
$GPRMC,230149.00,A,3725.751537,N,12214.144495,W,069.8,134.1,060820,,,A*41
$GPGGA,230150.00,3725.738254,N,12214.127270,W,7,,0.38,64.31,M,0.0,M,0.0,0000*51
$GPRMC,230150.00,A,3725.738254,N,12214.127270,W,071.9,133.4,060820,,,A*46
$GPGGA,230151.00,3725.724244,N,12214.108675,W,7,,0.38,63.26,M,0.0,M,0.0,0000*51
$GPRMC,230151.00,A,3725.724244,N,12214.108675,W,073.3,133.0,060820,,,A*4B
$GPGGA,230152.00,3725.710738,N,12214.089338,W,7,,0.38,61.90,M,0.0,M,0.0,0000*50
$GPRMC,230152.00,A,3725.710738,N,12214.089338,W,074.4,132.5,060820,,,A*41
$GPGGA,230153.00,3725.696374,N,12214.069520,W,7,,0.38,60.36,M,0.0,M,0.0,0000*5E
$GPRMC,230153.00,A,3725.696374,N,12214.069520,W,075.0,132.3,060820,,,A*41
$GPGGA,230154.00,3725.682669,N,12214.050608,W,7,,0.38,59.05,M,0.0,M,0.0,0000*5C
$GPRMC,230154.00,A,3725.682669,N,12214.050608,W,075.9,132.2,060820,,,A*41
$GPGGA,230155.00,3725.668371,N,12214.030898,W,7,,0.38,57.53,M,0.0,M,0.0,0000*59
$GPRMC,230155.00,A,3725.668371,N,12214.030898,W,075.9,132.5,060820,,,A*4E
$GPGGA,230156.00,3725.653720,N,12214.010827,W,7,,0.38,55.94,M,0.0,M,0.0,0000*5D
$GPRMC,230156.00,A,3725.653720,N,12214.010827,W,075.7,132.4,060820,,,A*4C
$GPGGA,230157.00,3725.639511,N,12213.991351,W,7,,0.38,54.44,M,0.0,M,0.0,0000*51
$GPRMC,230157.00,A,3725.639511,N,12213.991351,W,075.7,132.4,060820,,,A*4C
$GPGGA,230158.00,3725.625861,N,12213.972488,W,7,,0.38,53.00,M,0.0,M,0.0,0000*50
$GPRMC,230158.00,A,3725.625861,N,12213.972488,W,075.6,132.1,060820,,,A*4E
$GPGGA,230159.00,3725.611641,N,12213.952742,W,7,,0.38,51.43,M,0.0,M,0.0,0000*58
$GPRMC,230159.00,A,3725.611641,N,12213.952742,W,075.9,132.2,060820,,,A*4F
$GPGGA,230200.00,3725.597439,N,12213.933140,W,7,,0.38,49.90,M,0.0,M,0.0,0000*53
$GPRMC,230200.00,A,3725.597439,N,12213.933140,W,076.3,132.7,060820,,,A*4F
$GPGGA,230201.00,3725.582470,N,12213.912902,W,7,,0.38,48.31,M,0.0,M,0.0,0000*5C
$GPRMC,230201.00,A,3725.582470,N,12213.912902,W,076.8,133.0,060820,,,A*47
$GPGGA,230202.00,3725.567973,N,12213.893749,W,7,,0.38,46.83,M,0.0,M,0.0,0000*54
$GPRMC,230202.00,A,3725.567973,N,12213.893749,W,077.8,133.8,060820,,,A*41
$GPGGA,230203.00,3725.552901,N,12213.874003,W,7,,0.38,45.41,M,0.0,M,0.0,0000*5B
$GPRMC,230203.00,A,3725.552901,N,12213.874003,W,078.7,133.7,060820,,,A*4C
$GPGGA,230204.00,3725.537253,N,12213.853417,W,7,,0.38,44.51,M,0.0,M,0.0,0000*57
$GPRMC,230204.00,A,3725.537253,N,12213.853417,W,079.5,133.6,060820,,,A*42
$GPGGA,230205.00,3725.522170,N,12213.833552,W,7,,0.38,43.73,M,0.0,M,0.0,0000*51
$GPRMC,230205.00,A,3725.522170,N,12213.833552,W,079.3,133.5,060820,,,A*46
$GPGGA,230206.00,3725.507362,N,12213.813877,W,7,,0.38,44.77,M,0.0,M,0.0,0000*5F
$GPRMC,230206.00,A,3725.507362,N,12213.813877,W,079.9,133.2,060820,,,A*46
$GPGGA,230207.00,3725.492332,N,12213.793508,W,7,,0.38,43.97,M,0.0,M,0.0,0000*5D
$GPRMC,230207.00,A,3725.492332,N,12213.793508,W,080.2,132.2,060820,,,A*41
$GPGGA,230208.00,3725.477565,N,12213.772879,W,7,,0.38,43.77,M,0.0,M,0.0,0000*57
$GPRMC,230208.00,A,3725.477565,N,12213.772879,W,080.1,131.6,060820,,,A*41
$GPGGA,230209.00,3725.462793,N,12213.751718,W,7,,0.38,43.85,M,0.0,M,0.0,0000*5D
$GPRMC,230209.00,A,3725.462793,N,12213.751718,W,080.1,131.1,060820,,,A*41
$GPGGA,230210.00,3725.448226,N,12213.730730,W,7,,0.38,44.21,M,0.0,M,0.0,0000*52
$GPRMC,230210.00,A,3725.448226,N,12213.730730,W,079.9,131.0,060820,,,A*48
$GPGGA,230211.00,3725.433753,N,12213.709855,W,7,,0.38,44.88,M,0.0,M,0.0,0000*5D
$GPRMC,230211.00,A,3725.433753,N,12213.709855,W,079.4,131.1,060820,,,A*48
$GPGGA,230212.00,3725.418892,N,12213.688327,W,7,,0.38,46.06,M,0.0,M,0.0,0000*57
$GPRMC,230212.00,A,3725.418892,N,12213.688327,W,079.0,130.9,060820,,,A*4B
$GPGGA,230213.00,3725.405001,N,12213.668179,W,7,,0.38,47.15,M,0.0,M,0.0,0000*5C
$GPRMC,230213.00,A,3725.405001,N,12213.668179,W,077.9,131.0,060820,,,A*4C
$GPGGA,230214.00,3725.390955,N,12213.647869,W,7,,0.38,48.38,M,0.0,M,0.0,0000*5D
$GPRMC,230214.00,A,3725.390955,N,12213.647869,W,076.5,131.1,060820,,,A*41
$GPGGA,230215.00,3725.377071,N,12213.627931,W,7,,0.38,49.45,M,0.0,M,0.0,0000*5B
$GPRMC,230215.00,A,3725.377071,N,12213.627931,W,075.8,130.9,060820,,,A*4B
$GPGGA,230216.00,3725.363343,N,12213.608011,W,7,,0.38,50.47,M,0.0,M,0.0,0000*53
$GPRMC,230216.00,A,3725.363343,N,12213.608011,W,075.7,130.7,060820,,,A*48
$GPGGA,230217.00,3725.349489,N,12213.587905,W,7,,0.38,51.48,M,0.0,M,0.0,0000*5D
$GPRMC,230217.00,A,3725.349489,N,12213.587905,W,075.6,130.9,060820,,,A*47
$GPGGA,230218.00,3725.335701,N,12213.567998,W,7,,0.38,52.37,M,0.0,M,0.0,0000*5B
$GPRMC,230218.00,A,3725.335701,N,12213.567998,W,075.7,130.9,060820,,,A*4B
$GPGGA,230219.00,3725.321937,N,12213.548035,W,7,,0.38,53.13,M,0.0,M,0.0,0000*50
$GPRMC,230219.00,A,3725.321937,N,12213.548035,W,075.8,130.8,060820,,,A*49
$GPGGA,230220.00,3725.307472,N,12213.527354,W,7,,0.38,53.72,M,0.0,M,0.0,0000*58
$GPRMC,230220.00,A,3725.307472,N,12213.527354,W,075.8,131.4,060820,,,A*4B
$GPGGA,230221.00,3725.294001,N,12213.508123,W,7,,0.38,54.35,M,0.0,M,0.0,0000*59
$GPRMC,230221.00,A,3725.294001,N,12213.508123,W,076.0,131.1,060820,,,A*40
$GPGGA,230222.00,3725.280118,N,12213.488186,W,7,,0.38,54.88,M,0.0,M,0.0,0000*56
$GPRMC,230222.00,A,3725.280118,N,12213.488186,W,076.1,131.3,060820,,,A*4A
$GPGGA,230223.00,3725.266366,N,12213.468392,W,7,,0.38,55.19,M,0.0,M,0.0,0000*54
$GPRMC,230223.00,A,3725.266366,N,12213.468392,W,075.4,131.1,060820,,,A*45
$GPGGA,230224.00,3725.252572,N,12213.448490,W,7,,0.38,55.56,M,0.0,M,0.0,0000*5B
$GPRMC,230224.00,A,3725.252572,N,12213.448490,W,074.9,130.9,060820,,,A*44
$GPGGA,230225.00,3725.239017,N,12213.428768,W,7,,0.38,55.94,M,0.0,M,0.0,0000*5D
$GPRMC,230225.00,A,3725.239017,N,12213.428768,W,074.7,130.7,060820,,,A*4C
$GPGGA,230226.00,3725.225775,N,12213.409111,W,7,,0.38,56.36,M,0.0,M,0.0,0000*50
$GPRMC,230226.00,A,3725.225775,N,12213.409111,W,073.7,129.9,060820,,,A*4B
$GPGGA,230227.00,3725.213200,N,12213.389462,W,7,,0.38,56.72,M,0.0,M,0.0,0000*5D
$GPRMC,230227.00,A,3725.213200,N,12213.389462,W,072.5,127.4,060820,,,A*46
$GPGGA,230228.00,3725.200906,N,12213.368216,W,7,,0.38,56.98,M,0.0,M,0.0,0000*53
$GPRMC,230228.00,A,3725.200906,N,12213.368216,W,072.4,124.9,060820,,,A*43
$GPGGA,230229.00,3725.190802,N,12213.348979,W,7,,0.38,57.35,M,0.0,M,0.0,0000*5B
$GPRMC,230229.00,A,3725.190802,N,12213.348979,W,070.1,121.9,060820,,,A*4F
$GPGGA,230230.00,3725.181081,N,12213.328555,W,7,,0.38,57.78,M,0.0,M,0.0,0000*5D
$GPRMC,230230.00,A,3725.181081,N,12213.328555,W,068.6,119.4,060820,,,A*48
$GPGGA,230231.00,3725.172166,N,12213.307675,W,7,,0.38,58.00,M,0.0,M,0.0,0000*54
$GPRMC,230231.00,A,3725.172166,N,12213.307675,W,067.2,117.1,060820,,,A*41
$GPGGA,230232.00,3725.164449,N,12213.287179,W,7,,0.38,58.39,M,0.0,M,0.0,0000*50
$GPRMC,230232.00,A,3725.164449,N,12213.287179,W,064.4,113.9,060820,,,A*46
$GPGGA,230233.00,3725.157561,N,12213.266408,W,7,,0.38,58.52,M,0.0,M,0.0,0000*5B
$GPRMC,230233.00,A,3725.157561,N,12213.266408,W,062.1,111.5,060820,,,A*4D
$GPGGA,230234.00,3725.151952,N,12213.246835,W,7,,0.38,58.84,M,0.0,M,0.0,0000*5D
$GPRMC,230234.00,A,3725.151952,N,12213.246835,W,061.4,108.3,060820,,,A*48
$GPGGA,230235.00,3725.146960,N,12213.226220,W,7,,0.38,58.94,M,0.0,M,0.0,0000*52
$GPRMC,230235.00,A,3725.146960,N,12213.226220,W,061.5,105.7,060820,,,A*4E
$GPGGA,230236.00,3725.142286,N,12213.204787,W,7,,0.38,59.10,M,0.0,M,0.0,0000*53
$GPRMC,230236.00,A,3725.142286,N,12213.204787,W,062.3,103.8,060820,,,A*4E
$GPGGA,230237.00,3725.138223,N,12213.183343,W,7,,0.39,59.50,M,0.0,M,0.0,0000*55
$GPRMC,230237.00,A,3725.138223,N,12213.183343,W,063.6,102.6,060820,,,A*46
$GPGGA,230238.00,3725.134713,N,12213.162380,W,7,,0.38,59.93,M,0.0,M,0.0,0000*5E
$GPRMC,230238.00,A,3725.134713,N,12213.162380,W,063.3,101.3,060820,,,A*40
$GPGGA,230239.00,3725.131251,N,12213.140594,W,7,,0.38,60.43,M,0.0,M,0.0,0000*5D
$GPRMC,230239.00,A,3725.131251,N,12213.140594,W,062.4,101.4,060820,,,A*45
$GPGGA,230240.00,3725.127825,N,12213.119210,W,7,,0.38,60.74,M,0.0,M,0.0,0000*5E
$GPRMC,230240.00,A,3725.127825,N,12213.119210,W,061.3,101.9,060820,,,A*4B
$GPGGA,230241.00,3725.123830,N,12213.088274,W,7,,0.38,60.09,M,0.0,M,0.0,0000*5E
$GPRMC,230241.00,A,3725.123830,N,12213.088274,W,069.0,100.7,060820,,,A*45
$GPGGA,230242.00,3725.120512,N,12213.065041,W,7,,0.38,60.68,M,0.0,M,0.0,0000*53
$GPRMC,230242.00,A,3725.120512,N,12213.065041,W,069.0,100.5,060820,,,A*4D
$GPGGA,230243.00,3725.116881,N,12213.041155,W,7,,0.38,61.23,M,0.0,M,0.0,0000*5C
$GPRMC,230243.00,A,3725.116881,N,12213.041155,W,068.9,100.6,060820,,,A*47
$GPGGA,230244.00,3725.113227,N,12213.016994,W,7,,0.38,61.09,M,0.0,M,0.0,0000*57
$GPRMC,230244.00,A,3725.113227,N,12213.016994,W,068.6,100.8,060820,,,A*45
$GPGGA,230245.00,3725.109928,N,12212.993510,W,7,,0.38,61.43,M,0.0,M,0.0,0000*52
$GPRMC,230245.00,A,3725.109928,N,12212.993510,W,068.4,100.4,060820,,,A*40
$GPGGA,230246.00,3725.106477,N,12212.970704,W,7,,0.38,61.90,M,0.0,M,0.0,0000*5D
$GPRMC,230246.00,A,3725.106477,N,12212.970704,W,067.5,101.4,060820,,,A*4E
$GPGGA,230247.00,3725.102710,N,12212.947861,W,7,,0.38,62.18,M,0.0,M,0.0,0000*51
$GPRMC,230247.00,A,3725.102710,N,12212.947861,W,066.4,102.7,060820,,,A*41
$GPGGA,230248.00,3725.098347,N,12212.925847,W,7,,0.38,62.42,M,0.0,M,0.0,0000*55
$GPRMC,230248.00,A,3725.098347,N,12212.925847,W,064.9,105.8,060820,,,A*4D
$GPGGA,230249.00,3725.092714,N,12212.902640,W,7,,0.38,62.71,M,0.0,M,0.0,0000*50
$GPRMC,230249.00,A,3725.092714,N,12212.902640,W,066.6,107.8,060820,,,A*47
$GPGGA,230250.00,3725.086582,N,12212.881051,W,7,,0.38,63.00,M,0.0,M,0.0,0000*5B
$GPRMC,230250.00,A,3725.086582,N,12212.881051,W,067.2,110.6,060820,,,A*46
$GPGGA,230251.00,3725.079436,N,12212.859361,W,7,,0.38,63.18,M,0.0,M,0.0,0000*58
$GPRMC,230251.00,A,3725.079436,N,12212.859361,W,067.5,114.0,060820,,,A*49
$GPGGA,230252.00,3725.071203,N,12212.837359,W,7,,0.38,63.33,M,0.0,M,0.0,0000*59
$GPRMC,230252.00,A,3725.071203,N,12212.837359,W,067.7,115.8,060820,,,A*4A
$GPGGA,230253.00,3725.062684,N,12212.816851,W,7,,0.38,63.61,M,0.0,M,0.0,0000*56
$GPRMC,230253.00,A,3725.062684,N,12212.816851,W,068.2,118.3,060820,,,A*4E
$GPGGA,230254.00,3725.053137,N,12212.796439,W,7,,0.38,63.94,M,0.0,M,0.0,0000*53
$GPRMC,230254.00,A,3725.053137,N,12212.796439,W,068.2,122.0,060820,,,A*4B
$GPGGA,230255.00,3725.042781,N,12212.776495,W,7,,0.38,64.23,M,0.0,M,0.0,0000*5A
$GPRMC,230255.00,A,3725.042781,N,12212.776495,W,068.6,124.0,060820,,,A*4B
$GPGGA,230256.00,3725.031604,N,12212.757038,W,7,,0.38,64.47,M,0.0,M,0.0,0000*53
$GPRMC,230256.00,A,3725.031604,N,12212.757038,W,069.3,126.9,060820,,,A*4F
$GPGGA,230257.00,3725.019609,N,12212.737964,W,7,,0.38,64.83,M,0.0,M,0.0,0000*5B
$GPRMC,230257.00,A,3725.019609,N,12212.737964,W,069.6,128.8,060820,,,A*45
$GPGGA,230258.00,3725.007082,N,12212.719675,W,7,,0.38,65.26,M,0.0,M,0.0,0000*53
$GPRMC,230258.00,A,3725.007082,N,12212.719675,W,069.8,131.9,060820,,,A*44
$GPGGA,230259.00,3724.993846,N,12212.702053,W,7,,0.38,65.72,M,0.0,M,0.0,0000*5E
$GPRMC,230259.00,A,3724.993846,N,12212.702053,W,069.7,134.2,060820,,,A*49
$GPGGA,230300.00,3724.979500,N,12212.684677,W,7,,0.38,65.93,M,0.0,M,0.0,0000*58
$GPRMC,230300.00,A,3724.979500,N,12212.684677,W,070.0,137.0,060820,,,A*4E
$GPGGA,230301.00,3724.965225,N,12212.669030,W,7,,0.38,66.39,M,0.0,M,0.0,0000*51
$GPRMC,230301.00,A,3724.965225,N,12212.669030,W,070.3,139.5,060820,,,A*4C
$GPGGA,230302.00,3724.950273,N,12212.653544,W,7,,0.38,66.52,M,0.0,M,0.0,0000*55
$GPRMC,230302.00,A,3724.950273,N,12212.653544,W,070.6,140.6,060820,,,A*4D
$GPGGA,230303.00,3724.934865,N,12212.637769,W,7,,0.38,66.49,M,0.0,M,0.0,0000*5E
$GPRMC,230303.00,A,3724.934865,N,12212.637769,W,072.4,140.7,060820,,,A*4D
$GPGGA,230304.00,3724.918942,N,12212.621492,W,7,,0.38,66.19,M,0.0,M,0.0,0000*56
$GPRMC,230304.00,A,3724.918942,N,12212.621492,W,074.2,140.2,060820,,,A*45
$GPGGA,230305.00,3724.903089,N,12212.604967,W,7,,0.38,65.83,M,0.0,M,0.0,0000*53
$GPRMC,230305.00,A,3724.903089,N,12212.604967,W,075.4,140.4,060820,,,A*41
$GPGGA,230306.00,3724.887100,N,12212.588084,W,7,,0.38,65.33,M,0.0,M,0.0,0000*55
$GPRMC,230306.00,A,3724.887100,N,12212.588084,W,076.6,139.7,060820,,,A*40
$GPGGA,230307.00,3724.871181,N,12212.570611,W,7,,0.38,64.51,M,0.0,M,0.0,0000*5C
$GPRMC,230307.00,A,3724.871181,N,12212.570611,W,078.3,138.3,060820,,,A*42
$GPGGA,230308.00,3724.854759,N,12212.551616,W,7,,0.38,63.03,M,0.0,M,0.0,0000*53
$GPRMC,230308.00,A,3724.854759,N,12212.551616,W,080.7,135.8,060820,,,A*48
$GPGGA,230309.00,3724.840186,N,12212.533153,W,7,,0.38,61.31,M,0.0,M,0.0,0000*52
$GPRMC,230309.00,A,3724.840186,N,12212.533153,W,082.8,134.0,060820,,,A*4E
$GPGGA,230310.00,3724.825372,N,12212.512670,W,7,,0.38,59.85,M,0.0,M,0.0,0000*51
$GPRMC,230310.00,A,3724.825372,N,12212.512670,W,085.0,130.7,060820,,,A*45
$GPGGA,230311.00,3724.811914,N,12212.491904,W,7,,0.38,59.50,M,0.0,M,0.0,0000*53
$GPRMC,230311.00,A,3724.811914,N,12212.491904,W,086.2,128.5,060820,,,A*45
$GPGGA,230312.00,3724.798702,N,12212.470075,W,7,,0.38,57.76,M,0.0,M,0.0,0000*5D
$GPRMC,230312.00,A,3724.798702,N,12212.470075,W,087.1,126.5,060820,,,A*4D
$GPGGA,230313.00,3724.785868,N,12212.446226,W,7,,0.38,56.24,M,0.0,M,0.0,0000*54
$GPRMC,230313.00,A,3724.785868,N,12212.446226,W,088.0,124.3,060820,,,A*48
$GPGGA,230314.00,3724.775182,N,12212.422915,W,7,,0.38,55.02,M,0.0,M,0.0,0000*5F
$GPRMC,230314.00,A,3724.775182,N,12212.422915,W,089.2,120.9,060820,,,A*49
$GPGGA,230315.00,3724.765624,N,12212.399155,W,7,,0.38,53.67,M,0.0,M,0.0,0000*5A
$GPRMC,230315.00,A,3724.765624,N,12212.399155,W,089.4,117.2,060820,,,A*40
$GPGGA,230316.00,3724.758070,N,12212.376116,W,7,,0.38,51.35,M,0.0,M,0.0,0000*53
$GPRMC,230316.00,A,3724.758070,N,12212.376116,W,087.3,116.0,060820,,,A*46
$GPGGA,230317.00,3724.749405,N,12212.351473,W,7,,0.38,50.52,M,0.0,M,0.0,0000*57
$GPRMC,230317.00,A,3724.749405,N,12212.351473,W,086.6,114.1,060820,,,A*45
$GPGGA,230318.00,3724.754949,N,12212.348210,W,7,,0.38,52.45,M,0.0,M,0.0,0000*5E
$GPRMC,230318.00,A,3724.754949,N,12212.348210,W,072.5,111.4,060820,,,A*40
$GPGGA,230319.00,3724.748656,N,12212.325518,W,7,,0.38,51.66,M,0.0,M,0.0,0000*55
$GPRMC,230319.00,A,3724.748656,N,12212.325518,W,072.1,112.2,060820,,,A*48
$GPGGA,230320.00,3724.742097,N,12212.302826,W,7,,0.38,50.20,M,0.0,M,0.0,0000*58
$GPRMC,230320.00,A,3724.742097,N,12212.302826,W,070.9,111.9,060820,,,A*44
$GPGGA,230321.00,3724.735209,N,12212.279732,W,7,,0.38,48.93,M,0.0,M,0.0,0000*5A
$GPRMC,230321.00,A,3724.735209,N,12212.279732,W,070.2,111.4,060820,,,A*41
$GPGGA,230322.00,3724.728795,N,12212.257586,W,7,,0.38,47.65,M,0.0,M,0.0,0000*52
$GPRMC,230322.00,A,3724.728795,N,12212.257586,W,074.4,111.8,060820,,,A*41
$GPGGA,230323.00,3724.721019,N,12212.233328,W,7,,0.38,46.11,M,0.0,M,0.0,0000*5B
$GPRMC,230323.00,A,3724.721019,N,12212.233328,W,075.0,111.7,060820,,,A*40
$GPGGA,230324.00,3724.712949,N,12212.208278,W,7,,0.38,44.90,M,0.0,M,0.0,0000*57
$GPRMC,230324.00,A,3724.712949,N,12212.208278,W,075.5,112.1,060820,,,A*47
$GPGGA,230325.00,3724.704976,N,12212.183894,W,7,,0.38,43.44,M,0.0,M,0.0,0000*5B
$GPRMC,230325.00,A,3724.704976,N,12212.183894,W,075.8,112.3,060820,,,A*4A
$GPGGA,230326.00,3724.697199,N,12212.159899,W,7,,0.38,41.95,M,0.0,M,0.0,0000*5E
$GPRMC,230326.00,A,3724.697199,N,12212.159899,W,076.2,111.7,060820,,,A*4F
$GPGGA,230327.00,3724.689279,N,12212.135341,W,7,,0.38,40.46,M,0.0,M,0.0,0000*56
$GPRMC,230327.00,A,3724.689279,N,12212.135341,W,076.4,111.9,060820,,,A*40
$GPGGA,230328.00,3724.681443,N,12212.110597,W,7,,0.38,39.18,M,0.0,M,0.0,0000*51
$GPRMC,230328.00,A,3724.681443,N,12212.110597,W,076.2,111.8,060820,,,A*45
$GPGGA,230329.00,3724.673343,N,12212.085289,W,7,,0.38,37.96,M,0.0,M,0.0,0000*57
$GPRMC,230329.00,A,3724.673343,N,12212.085289,W,075.9,111.7,060820,,,A*4C
$GPGGA,230330.00,3724.665760,N,12212.061542,W,7,,0.38,37.10,M,0.0,M,0.0,0000*59
$GPRMC,230330.00,A,3724.665760,N,12212.061542,W,075.3,112.1,060820,,,A*43
$GPGGA,230331.00,3724.658091,N,12212.037319,W,7,,0.38,36.51,M,0.0,M,0.0,0000*50
$GPRMC,230331.00,A,3724.658091,N,12212.037319,W,074.8,111.7,060820,,,A*41
$GPGGA,230332.00,3724.650051,N,12212.012462,W,7,,0.38,36.02,M,0.0,M,0.0,0000*5D
$GPRMC,230332.00,A,3724.650051,N,12212.012462,W,074.5,111.7,060820,,,A*47
$GPGGA,230333.00,3724.642395,N,12211.988522,W,7,,0.38,35.54,M,0.0,M,0.0,0000*58
$GPRMC,230333.00,A,3724.642395,N,12211.988522,W,074.3,111.4,060820,,,A*47
$GPGGA,230334.00,3724.634913,N,12211.964912,W,7,,0.38,35.82,M,0.0,M,0.0,0000*5C
$GPRMC,230334.00,A,3724.634913,N,12211.964912,W,074.5,111.6,060820,,,A*4C
$GPGGA,230335.00,3724.627276,N,12211.940888,W,7,,0.38,35.65,M,0.0,M,0.0,0000*5A
$GPRMC,230335.00,A,3724.627276,N,12211.940888,W,074.3,111.3,060820,,,A*40
$GPGGA,230336.00,3724.619698,N,12211.916930,W,7,,0.38,36.12,M,0.0,M,0.0,0000*52
$GPRMC,230336.00,A,3724.619698,N,12211.916930,W,073.7,112.1,060820,,,A*49
$GPGGA,230337.00,3724.612005,N,12211.892876,W,7,,0.38,36.26,M,0.0,M,0.0,0000*53
$GPRMC,230337.00,A,3724.612005,N,12211.892876,W,073.7,111.8,060820,,,A*45
$GPGGA,230338.00,3724.604421,N,12211.869134,W,7,,0.38,36.26,M,0.0,M,0.0,0000*52
$GPRMC,230338.00,A,3724.604421,N,12211.869134,W,073.7,111.6,060820,,,A*4A
$GPGGA,230339.00,3724.596867,N,12211.845404,W,7,,0.38,36.33,M,0.0,M,0.0,0000*59
$GPRMC,230339.00,A,3724.596867,N,12211.845404,W,073.5,111.9,060820,,,A*48
$GPGGA,230340.00,3724.589152,N,12211.820888,W,7,,0.38,36.53,M,0.0,M,0.0,0000*5B
$GPRMC,230340.00,A,3724.589152,N,12211.820888,W,073.4,111.4,060820,,,A*40
$GPGGA,230341.00,3724.581543,N,12211.797146,W,7,,0.38,36.69,M,0.0,M,0.0,0000*57
$GPRMC,230341.00,A,3724.581543,N,12211.797146,W,073.4,111.9,060820,,,A*48
$GPGGA,230342.00,3724.574109,N,12211.773986,W,7,,0.38,36.70,M,0.0,M,0.0,0000*52
$GPRMC,230342.00,A,3724.574109,N,12211.773986,W,073.5,111.9,060820,,,A*44
$GPGGA,230343.00,3724.566544,N,12211.750172,W,7,,0.38,36.88,M,0.0,M,0.0,0000*58
$GPRMC,230343.00,A,3724.566544,N,12211.750172,W,073.7,111.5,060820,,,A*47
$GPGGA,230344.00,3724.558882,N,12211.726033,W,7,,0.38,37.16,M,0.0,M,0.0,0000*56
$GPRMC,230344.00,A,3724.558882,N,12211.726033,W,073.9,111.8,060820,,,A*4C
$GPGGA,230345.00,3724.551208,N,12211.702195,W,7,,0.38,37.25,M,0.0,M,0.0,0000*5D
$GPRMC,230345.00,A,3724.551208,N,12211.702195,W,073.9,112.3,060820,,,A*4F
$GPGGA,230346.00,3724.543455,N,12211.678255,W,7,,0.38,37.51,M,0.0,M,0.0,0000*53
$GPRMC,230346.00,A,3724.543455,N,12211.678255,W,074.5,112.0,060820,,,A*4A
$GPGGA,230347.00,3724.535704,N,12211.654207,W,7,,0.38,37.51,M,0.0,M,0.0,0000*5D
$GPRMC,230347.00,A,3724.535704,N,12211.654207,W,075.0,112.0,060820,,,A*40
$GPGGA,230348.00,3724.527766,N,12211.628828,W,7,,0.38,37.97,M,0.0,M,0.0,0000*53
$GPRMC,230348.00,A,3724.527766,N,12211.628828,W,075.3,111.6,060820,,,A*42
$GPGGA,230349.00,3724.520308,N,12211.605367,W,7,,0.38,38.23,M,0.0,M,0.0,0000*56
$GPRMC,230349.00,A,3724.520308,N,12211.605367,W,075.0,112.1,060820,,,A*40
$GPGGA,230350.00,3724.512514,N,12211.581284,W,7,,0.38,47.01,M,0.0,M,0.0,0000*5F
$GPRMC,230350.00,A,3724.512514,N,12211.581284,W,074.4,112.1,060820,,,A*44
$GPGGA,230351.00,3724.504689,N,12211.557644,W,7,,0.38,44.74,M,0.0,M,0.0,0000*5C
$GPRMC,230351.00,A,3724.504689,N,12211.557644,W,073.3,113.1,060820,,,A*47
$GPGGA,230352.00,3724.496266,N,12211.534225,W,7,,0.38,43.95,M,0.0,M,0.0,0000*5E
$GPRMC,230352.00,A,3724.496266,N,12211.534225,W,072.3,114.9,060820,,,A*43
$GPGGA,230353.00,3724.487175,N,12211.510916,W,7,,0.38,44.14,M,0.0,M,0.0,0000*5D
$GPRMC,230353.00,A,3724.487175,N,12211.510916,W,071.3,117.0,060820,,,A*47
$GPGGA,230354.00,3724.477882,N,12211.489621,W,7,,0.38,44.72,M,0.0,M,0.0,0000*5E
$GPRMC,230354.00,A,3724.477882,N,12211.489621,W,071.0,119.9,060820,,,A*40
$GPGGA,230355.00,3724.467465,N,12211.468040,W,7,,0.38,45.10,M,0.0,M,0.0,0000*50
$GPRMC,230355.00,A,3724.467465,N,12211.468040,W,071.3,121.8,060820,,,A*42
$GPGGA,230356.00,3724.456216,N,12211.446619,W,7,,0.38,45.79,M,0.0,M,0.0,0000*5A
$GPRMC,230356.00,A,3724.456216,N,12211.446619,W,071.3,124.1,060820,,,A*4B
$GPGGA,230357.00,3724.444720,N,12211.426280,W,7,,0.38,46.64,M,0.0,M,0.0,0000*55
$GPRMC,230357.00,A,3724.444720,N,12211.426280,W,071.5,125.8,060820,,,A*45
$GPGGA,230358.00,3724.433031,N,12211.407193,W,7,,0.38,47.50,M,0.0,M,0.0,0000*59
$GPRMC,230358.00,A,3724.433031,N,12211.407193,W,071.4,128.6,060820,,,A*4D
$GPGGA,230359.00,3724.419994,N,12211.387844,W,7,,0.38,48.76,M,0.0,M,0.0,0000*51
$GPRMC,230359.00,A,3724.419994,N,12211.387844,W,071.7,131.1,060820,,,A*42
$GPGGA,230400.00,3724.406469,N,12211.369430,W,7,,0.38,49.87,M,0.0,M,0.0,0000*5B
$GPRMC,230400.00,A,3724.406469,N,12211.369430,W,072.0,134.0,060820,,,A*47
$GPGGA,230401.00,3724.391799,N,12211.350955,W,7,,0.38,50.99,M,0.0,M,0.0,0000*5C
$GPRMC,230401.00,A,3724.391799,N,12211.350955,W,072.8,135.7,060820,,,A*49
$GPGGA,230402.00,3724.377471,N,12211.334288,W,7,,0.38,52.03,M,0.0,M,0.0,0000*5A
$GPRMC,230402.00,A,3724.377471,N,12211.334288,W,073.1,138.0,060820,,,A*4C
$GPGGA,230403.00,3724.361853,N,12211.317686,W,7,,0.38,52.96,M,0.0,M,0.0,0000*57
$GPRMC,230403.00,A,3724.361853,N,12211.317686,W,073.2,140.7,060820,,,A*46
$GPGGA,230404.00,3724.345318,N,12211.301389,W,7,,0.38,54.17,M,0.0,M,0.0,0000*50
$GPRMC,230404.00,A,3724.345318,N,12211.301389,W,073.7,142.4,060820,,,A*4A
$GPGGA,230405.00,3724.329027,N,12211.285988,W,7,,0.38,55.00,M,0.0,M,0.0,0000*55
$GPRMC,230405.00,A,3724.329027,N,12211.285988,W,074.2,142.8,060820,,,A*46
$GPGGA,230406.00,3724.312863,N,12211.270741,W,7,,0.38,56.14,M,0.0,M,0.0,0000*51
$GPRMC,230406.00,A,3724.312863,N,12211.270741,W,075.0,143.1,060820,,,A*4F
$GPGGA,230407.00,3724.296159,N,12211.255027,W,7,,0.38,56.92,M,0.0,M,0.0,0000*53
$GPRMC,230407.00,A,3724.296159,N,12211.255027,W,075.6,143.4,060820,,,A*40
$GPGGA,230408.00,3724.279288,N,12211.239212,W,7,,0.38,57.68,M,0.0,M,0.0,0000*58
$GPRMC,230408.00,A,3724.279288,N,12211.239212,W,076.7,143.3,060820,,,A*4A
$GPGGA,230409.00,3724.261768,N,12211.222820,W,7,,0.38,58.52,M,0.0,M,0.0,0000*5C
$GPRMC,230409.00,A,3724.261768,N,12211.222820,W,077.1,143.3,060820,,,A*4F
$GPGGA,230410.00,3724.245267,N,12211.207382,W,7,,0.38,59.03,M,0.0,M,0.0,0000*59
$GPRMC,230410.00,A,3724.245267,N,12211.207382,W,077.0,143.3,060820,,,A*4E
$GPGGA,230411.00,3724.233585,N,12211.197086,W,7,,0.38,59.39,M,0.0,M,0.0,0000*56
$GPRMC,230411.00,A,3724.233585,N,12211.197086,W,069.1,143.8,060820,,,A*4D
$GPGGA,230412.00,3724.217937,N,12211.182410,W,7,,0.38,59.95,M,0.0,M,0.0,0000*5F
$GPRMC,230412.00,A,3724.217937,N,12211.182410,W,068.1,143.4,060820,,,A*4F
$GPGGA,230413.00,3724.202962,N,12211.168274,W,7,,0.38,60.16,M,0.0,M,0.0,0000*5B
$GPRMC,230413.00,A,3724.202962,N,12211.168274,W,067.3,142.8,060820,,,A*4A
$GPGGA,230414.00,3724.188664,N,12211.154551,W,7,,0.38,60.50,M,0.0,M,0.0,0000*59
$GPRMC,230414.00,A,3724.188664,N,12211.154551,W,066.2,142.5,060820,,,A*47
$GPGGA,230415.00,3724.174258,N,12211.140547,W,7,,0.38,61.01,M,0.0,M,0.0,0000*57
$GPRMC,230415.00,A,3724.174258,N,12211.140547,W,065.2,142.1,060820,,,A*4B
$GPGGA,230416.00,3724.160187,N,12211.126519,W,7,,0.38,61.43,M,0.0,M,0.0,0000*5D
$GPRMC,230416.00,A,3724.160187,N,12211.126519,W,064.4,141.1,060820,,,A*43
$GPGGA,230417.00,3724.146207,N,12211.112383,W,7,,0.38,61.82,M,0.0,M,0.0,0000*5C
$GPRMC,230417.00,A,3724.146207,N,12211.112383,W,063.8,141.1,060820,,,A*44
$GPGGA,230418.00,3724.132347,N,12211.098385,W,7,,0.38,62.08,M,0.0,M,0.0,0000*51
$GPRMC,230418.00,A,3724.132347,N,12211.098385,W,064.0,141.0,060820,,,A*46
$GPGGA,230419.00,3724.118470,N,12211.084376,W,7,,0.38,62.26,M,0.0,M,0.0,0000*56
$GPRMC,230419.00,A,3724.118470,N,12211.084376,W,064.1,140.9,060820,,,A*44
$GPGGA,230420.00,3724.104070,N,12211.069813,W,7,,0.38,62.73,M,0.0,M,0.0,0000*5E
$GPRMC,230420.00,A,3724.104070,N,12211.069813,W,064.4,141.2,060820,,,A*43
$GPGGA,230421.00,3724.090426,N,12211.055953,W,7,,0.38,63.22,M,0.0,M,0.0,0000*5B
$GPRMC,230421.00,A,3724.090426,N,12211.055953,W,064.7,141.0,060820,,,A*42
$GPGGA,230422.00,3724.076463,N,12211.041692,W,7,,0.38,63.55,M,0.0,M,0.0,0000*56
$GPRMC,230422.00,A,3724.076463,N,12211.041692,W,064.8,140.8,060820,,,A*49
$GPGGA,230423.00,3724.062436,N,12211.027526,W,7,,0.38,63.87,M,0.0,M,0.0,0000*51
$GPRMC,230423.00,A,3724.062436,N,12211.027526,W,064.9,141.1,060820,,,A*48
$GPGGA,230424.00,3724.048371,N,12211.013234,W,7,,0.38,64.23,M,0.0,M,0.0,0000*50
$GPRMC,230424.00,A,3724.048371,N,12211.013234,W,065.2,140.8,060820,,,A*42
$GPGGA,230425.00,3724.034092,N,12210.998714,W,7,,0.38,64.70,M,0.0,M,0.0,0000*5E
$GPRMC,230425.00,A,3724.034092,N,12210.998714,W,065.9,141.0,060820,,,A*48
$GPGGA,230426.00,3724.019835,N,12210.984187,W,7,,0.38,65.29,M,0.0,M,0.0,0000*5B
$GPRMC,230426.00,A,3724.019835,N,12210.984187,W,066.3,140.8,060820,,,A*40
$GPGGA,230427.00,3724.005490,N,12210.969565,W,7,,0.38,65.85,M,0.0,M,0.0,0000*59
$GPRMC,230427.00,A,3724.005490,N,12210.969565,W,066.5,141.1,060820,,,A*4A
$GPGGA,230428.00,3723.990568,N,12210.954577,W,7,,0.38,66.60,M,0.0,M,0.0,0000*57
$GPRMC,230428.00,A,3723.990568,N,12210.954577,W,065.7,141.5,060820,,,A*49
$GPGGA,230429.00,3723.976858,N,12210.940898,W,7,,0.38,67.49,M,0.0,M,0.0,0000*53
$GPRMC,230429.00,A,3723.976858,N,12210.940898,W,064.9,141.6,060820,,,A*4B
$GPGGA,230430.00,3723.962859,N,12210.926839,W,7,,0.38,68.49,M,0.0,M,0.0,0000*5B
$GPRMC,230430.00,A,3723.962859,N,12210.926839,W,064.8,141.0,060820,,,A*4B
$GPGGA,230431.00,3723.948874,N,12210.912583,W,7,,0.38,69.59,M,0.0,M,0.0,0000*56
$GPRMC,230431.00,A,3723.948874,N,12210.912583,W,065.1,141.0,060820,,,A*4E
$GPGGA,230432.00,3723.934816,N,12210.898082,W,7,,0.38,70.51,M,0.0,M,0.0,0000*5D
$GPRMC,230432.00,A,3723.934816,N,12210.898082,W,065.1,140.8,060820,,,A*4C
$GPGGA,230433.00,3723.920877,N,12210.883838,W,7,,0.38,71.53,M,0.0,M,0.0,0000*5E
$GPRMC,230433.00,A,3723.920877,N,12210.883838,W,064.7,141.1,060820,,,A*43
$GPGGA,230434.00,3723.906825,N,12210.869600,W,7,,0.38,72.59,M,0.0,M,0.0,0000*52
$GPRMC,230434.00,A,3723.906825,N,12210.869600,W,065.0,141.3,060820,,,A*42
$GPGGA,230435.00,3723.892587,N,12210.855163,W,7,,0.38,73.53,M,0.0,M,0.0,0000*5C
$GPRMC,230435.00,A,3723.892587,N,12210.855163,W,065.4,141.0,060820,,,A*40
$GPGGA,230436.00,3723.878056,N,12210.840439,W,7,,0.38,74.33,M,0.0,M,0.0,0000*5D
$GPRMC,230436.00,A,3723.878056,N,12210.840439,W,065.2,141.1,060820,,,A*47
$GPGGA,230437.00,3723.864130,N,12210.826370,W,7,,0.38,75.27,M,0.0,M,0.0,0000*5E
$GPRMC,230437.00,A,3723.864130,N,12210.826370,W,064.2,141.1,060820,,,A*41
$GPGGA,230438.00,3723.850635,N,12210.812749,W,7,,0.38,76.18,M,0.0,M,0.0,0000*52
$GPRMC,230438.00,A,3723.850635,N,12210.812749,W,064.7,141.0,060820,,,A*46
$GPGGA,230439.00,3723.836589,N,12210.798392,W,7,,0.38,77.11,M,0.0,M,0.0,0000*50
$GPRMC,230439.00,A,3723.836589,N,12210.798392,W,064.7,140.9,060820,,,A*44
$GPGGA,230440.00,3723.822646,N,12210.784099,W,7,,0.38,77.91,M,0.0,M,0.0,0000*56
$GPRMC,230440.00,A,3723.822646,N,12210.784099,W,064.9,140.8,060820,,,A*45
$GPGGA,230441.00,3723.808204,N,12210.769315,W,7,,0.38,78.52,M,0.0,M,0.0,0000*59
$GPRMC,230441.00,A,3723.808204,N,12210.769315,W,065.3,140.6,060820,,,A*4F
$GPGGA,230442.00,3723.794656,N,12210.755359,W,7,,0.38,78.83,M,0.0,M,0.0,0000*58
$GPRMC,230442.00,A,3723.794656,N,12210.755359,W,065.4,140.9,060820,,,A*4A
$GPGGA,230443.00,3723.780417,N,12210.740900,W,7,,0.38,79.15,M,0.0,M,0.0,0000*57
$GPRMC,230443.00,A,3723.780417,N,12210.740900,W,065.3,141.0,060820,,,A*44
$GPGGA,230444.00,3723.765825,N,12210.726043,W,7,,0.38,79.50,M,0.0,M,0.0,0000*59
$GPRMC,230444.00,A,3723.765825,N,12210.726043,W,065.5,141.0,060820,,,A*4D
$GPGGA,230445.00,3723.751804,N,12210.711853,W,7,,0.38,79.49,M,0.0,M,0.0,0000*59
$GPRMC,230445.00,A,3723.751804,N,12210.711853,W,064.9,141.1,060820,,,A*49
$GPGGA,230446.00,3723.738099,N,12210.698011,W,7,,0.38,79.38,M,0.0,M,0.0,0000*51
$GPRMC,230446.00,A,3723.738099,N,12210.698011,W,064.7,141.1,060820,,,A*49
$GPGGA,230447.00,3723.724095,N,12210.683840,W,7,,0.38,79.24,M,0.0,M,0.0,0000*5A
$GPRMC,230447.00,A,3723.724095,N,12210.683840,W,064.9,140.9,060820,,,A*48
$GPGGA,230448.00,3723.710176,N,12210.669668,W,7,,0.38,78.88,M,0.0,M,0.0,0000*59
$GPRMC,230448.00,A,3723.710176,N,12210.669668,W,064.7,140.7,060820,,,A*4C
$GPGGA,230449.00,3723.695770,N,12210.655016,W,7,,0.38,78.40,M,0.0,M,0.0,0000*50
$GPRMC,230449.00,A,3723.695770,N,12210.655016,W,064.9,140.9,060820,,,A*41
$GPGGA,230450.00,3723.682107,N,12210.640988,W,7,,0.38,76.69,M,0.0,M,0.0,0000*57
$GPRMC,230450.00,A,3723.682107,N,12210.640988,W,065.4,140.3,060820,,,A*45
$GPGGA,230451.00,3723.668116,N,12210.626120,W,7,,0.38,76.59,M,0.0,M,0.0,0000*5B
$GPRMC,230451.00,A,3723.668116,N,12210.626120,W,066.6,139.1,060820,,,A*47
$GPGGA,230452.00,3723.653620,N,12210.609997,W,7,,0.38,75.75,M,0.0,M,0.0,0000*56
$GPRMC,230452.00,A,3723.653620,N,12210.609997,W,068.3,137.1,060820,,,A*42
$GPGGA,230453.00,3723.639819,N,12210.593371,W,7,,0.38,74.63,M,0.0,M,0.0,0000*5B
$GPRMC,230453.00,A,3723.639819,N,12210.593371,W,069.9,134.3,060820,,,A*43
$GPGGA,230454.00,3723.628264,N,12210.577267,W,7,,0.38,73.62,M,0.0,M,0.0,0000*56
$GPRMC,230454.00,A,3723.628264,N,12210.577267,W,067.9,131.3,060820,,,A*43
$GPGGA,230455.00,3723.616240,N,12210.559280,W,7,,0.38,71.11,M,0.0,M,0.0,0000*5F
$GPRMC,230455.00,A,3723.616240,N,12210.559280,W,067.7,128.7,060820,,,A*4E
$GPGGA,230456.00,3723.604911,N,12210.540596,W,7,,0.38,70.65,M,0.0,M,0.0,0000*5A
$GPRMC,230456.00,A,3723.604911,N,12210.540596,W,067.7,125.9,060820,,,A*4A
$GPGGA,230457.00,3723.594160,N,12210.521108,W,7,,0.38,69.66,M,0.0,M,0.0,0000*50
$GPRMC,230457.00,A,3723.594160,N,12210.521108,W,067.6,123.5,060820,,,A*40
$GPGGA,230458.00,3723.584272,N,12210.501223,W,7,,0.38,68.47,M,0.0,M,0.0,0000*54
$GPRMC,230458.00,A,3723.584272,N,12210.501223,W,067.6,120.5,060820,,,A*45
$GPGGA,230459.00,3723.575152,N,12210.480788,W,7,,0.38,67.36,M,0.0,M,0.0,0000*5F
$GPRMC,230459.00,A,3723.575152,N,12210.480788,W,067.4,118.1,060820,,,A*4A
$GPGGA,230500.00,3723.566506,N,12210.459176,W,7,,0.38,66.11,M,0.0,M,0.0,0000*52
$GPRMC,230500.00,A,3723.566506,N,12210.459176,W,067.4,115.6,060820,,,A*49
$GPGGA,230501.00,3723.559011,N,12210.438217,W,7,,0.38,64.98,M,0.0,M,0.0,0000*5C
$GPRMC,230501.00,A,3723.559011,N,12210.438217,W,067.6,112.9,060820,,,A*4E
$GPGGA,230502.00,3723.552225,N,12210.416264,W,7,,0.38,63.59,M,0.0,M,0.0,0000*53
$GPRMC,230502.00,A,3723.552225,N,12210.416264,W,068.0,109.8,060820,,,A*49
$GPGGA,230503.00,3723.546273,N,12210.393679,W,7,,0.38,62.35,M,0.0,M,0.0,0000*5D
$GPRMC,230503.00,A,3723.546273,N,12210.393679,W,068.6,107.0,060820,,,A*4C
$GPGGA,230504.00,3723.541048,N,12210.370639,W,7,,0.38,60.98,M,0.0,M,0.0,0000*5B
$GPRMC,230504.00,A,3723.541048,N,12210.370639,W,068.6,105.2,060820,,,A*4F
$GPGGA,230505.00,3723.536524,N,12210.347192,W,7,,0.38,59.58,M,0.0,M,0.0,0000*51
$GPRMC,230505.00,A,3723.536524,N,12210.347192,W,068.7,102.5,060820,,,A*42
$GPGGA,230506.00,3723.532912,N,12210.323665,W,7,,0.38,58.33,M,0.0,M,0.0,0000*5E
$GPRMC,230506.00,A,3723.532912,N,12210.323665,W,068.7,099.4,060820,,,A*43
$GPGGA,230507.00,3723.530181,N,12210.300056,W,7,,0.38,56.98,M,0.0,M,0.0,0000*57
$GPRMC,230507.00,A,3723.530181,N,12210.300056,W,068.5,097.0,060820,,,A*4D
$GPGGA,230508.00,3723.527986,N,12210.275660,W,7,,0.38,55.52,M,0.0,M,0.0,0000*54
$GPRMC,230508.00,A,3723.527986,N,12210.275660,W,068.2,095.7,060820,,,A*49
$GPGGA,230509.00,3723.526414,N,12210.252529,W,7,,0.38,54.25,M,0.0,M,0.0,0000*58
$GPRMC,230509.00,A,3723.526414,N,12210.252529,W,067.6,094.0,060820,,,A*49
$GPGGA,230510.00,3723.525028,N,12210.229201,W,7,,0.38,52.73,M,0.0,M,0.0,0000*5C
$GPRMC,230510.00,A,3723.525028,N,12210.229201,W,066.4,094.2,060820,,,A*49
$GPGGA,230511.00,3723.523606,N,12210.205891,W,7,,0.38,51.56,M,0.0,M,0.0,0000*58
$GPRMC,230511.00,A,3723.523606,N,12210.205891,W,066.3,094.5,060820,,,A*49
$GPGGA,230512.00,3723.522220,N,12210.182522,W,7,,0.38,50.13,M,0.0,M,0.0,0000*53
$GPRMC,230512.00,A,3723.522220,N,12210.182522,W,066.3,094.4,060820,,,A*43
$GPGGA,230513.00,3723.520737,N,12210.159428,W,7,,0.38,48.77,M,0.0,M,0.0,0000*55
$GPRMC,230513.00,A,3723.520737,N,12210.159428,W,066.1,094.8,060820,,,A*40
$GPGGA,230514.00,3723.518686,N,12210.136765,W,7,,0.38,47.29,M,0.0,M,0.0,0000*55
$GPRMC,230514.00,A,3723.518686,N,12210.136765,W,065.3,097.8,060820,,,A*46
$GPGGA,230515.00,3723.515631,N,12210.114577,W,7,,0.38,45.77,M,0.0,M,0.0,0000*5D
$GPRMC,230515.00,A,3723.515631,N,12210.114577,W,064.5,101.1,060820,,,A*47
$GPGGA,230516.00,3723.511323,N,12210.091975,W,7,,0.38,44.24,M,0.0,M,0.0,0000*59
$GPRMC,230516.00,A,3723.511323,N,12210.091975,W,063.4,104.8,060820,,,A*4E
$GPGGA,230517.00,3723.506416,N,12210.071612,W,7,,0.38,42.70,M,0.0,M,0.0,0000*58
$GPRMC,230517.00,A,3723.506416,N,12210.071612,W,061.9,108.6,060820,,,A*45
$GPGGA,230518.00,3723.500548,N,12210.051169,W,7,,0.38,41.31,M,0.0,M,0.0,0000*54
$GPRMC,230518.00,A,3723.500548,N,12210.051169,W,060.7,111.2,060820,,,A*4C
$GPGGA,230519.00,3723.493773,N,12210.031046,W,7,,0.38,40.04,M,0.0,M,0.0,0000*59
$GPRMC,230519.00,A,3723.493773,N,12210.031046,W,059.3,114.6,060820,,,A*49
$GPGGA,230520.00,3723.486447,N,12210.011354,W,7,,0.38,38.85,M,0.0,M,0.0,0000*57
$GPRMC,230520.00,A,3723.486447,N,12210.011354,W,058.4,117.9,060820,,,A*4B
$GPGGA,230521.00,3723.477850,N,12209.991716,W,7,,0.38,38.08,M,0.0,M,0.0,0000*5C
$GPRMC,230521.00,A,3723.477850,N,12209.991716,W,057.9,121.5,060820,,,A*4E
$GPGGA,230522.00,3723.468838,N,12209.973541,W,7,,0.38,37.33,M,0.0,M,0.0,0000*54
$GPRMC,230522.00,A,3723.468838,N,12209.973541,W,057.7,124.5,060820,,,A*4A
$GPGGA,230523.00,3723.458871,N,12209.954731,W,7,,0.38,36.83,M,0.0,M,0.0,0000*51
$GPRMC,230523.00,A,3723.458871,N,12209.954731,W,058.2,126.7,060820,,,A*4F
$GPGGA,230524.00,3723.440092,N,12209.922908,W,7,,0.38,37.54,M,0.0,M,0.0,0000*54
$GPRMC,230524.00,A,3723.440092,N,12209.922908,W,070.0,127.6,060820,,,A*49
$GPGGA,230525.00,3723.428739,N,12209.903894,W,7,,0.38,37.29,M,0.0,M,0.0,0000*50
$GPRMC,230525.00,A,3723.428739,N,12209.903894,W,069.8,127.2,060820,,,A*43
$GPGGA,230526.00,3723.417082,N,12209.884736,W,7,,0.38,37.78,M,0.0,M,0.0,0000*55
$GPRMC,230526.00,A,3723.417082,N,12209.884736,W,071.2,127.6,060820,,,A*45
$GPGGA,230527.00,3723.404680,N,12209.864161,W,7,,0.38,38.37,M,0.0,M,0.0,0000*5C
$GPRMC,230527.00,A,3723.404680,N,12209.864161,W,073.6,126.2,060820,,,A*4B
$GPGGA,230528.00,3723.392536,N,12209.842394,W,7,,0.38,38.95,M,0.0,M,0.0,0000*51
$GPRMC,230528.00,A,3723.392536,N,12209.842394,W,077.2,123.5,060820,,,A*4C
$GPGGA,230529.00,3723.380475,N,12209.818459,W,7,,0.38,41.08,M,0.0,M,0.0,0000*56
$GPRMC,230529.00,A,3723.380475,N,12209.818459,W,080.5,121.4,060820,,,A*4D
$GPGGA,230530.00,3723.369711,N,12209.794807,W,7,,0.38,40.88,M,0.0,M,0.0,0000*5D
$GPRMC,230530.00,A,3723.369711,N,12209.794807,W,083.4,118.9,060820,,,A*4A
$GPGGA,230531.00,3723.359290,N,12209.769392,W,7,,0.38,41.07,M,0.0,M,0.0,0000*50
$GPRMC,230531.00,A,3723.359290,N,12209.769392,W,085.3,116.8,060820,,,A*4F
$GPGGA,230532.00,3723.349006,N,12209.742331,W,7,,0.38,41.38,M,0.0,M,0.0,0000*53
$GPRMC,230532.00,A,3723.349006,N,12209.742331,W,087.6,114.6,060820,,,A*4B
$GPGGA,230533.00,3723.340161,N,12209.715608,W,7,,0.38,41.58,M,0.0,M,0.0,0000*50
$GPRMC,230533.00,A,3723.340161,N,12209.715608,W,089.8,111.9,060820,,,A*44
$GPGGA,230534.00,3723.332836,N,12209.689310,W,7,,0.38,41.06,M,0.0,M,0.0,0000*5A
$GPRMC,230534.00,A,3723.332836,N,12209.689310,W,090.8,109.4,060820,,,A*49
$GPGGA,230535.00,3723.326373,N,12209.661787,W,7,,0.38,40.75,M,0.0,M,0.0,0000*5D
$GPRMC,230535.00,A,3723.326373,N,12209.661787,W,092.0,107.1,060820,,,A*4A
$GPGGA,230536.00,3723.320404,N,12209.633528,W,7,,0.38,41.13,M,0.0,M,0.0,0000*5E
$GPRMC,230536.00,A,3723.320404,N,12209.633528,W,092.4,105.2,060820,,,A*4D
$GPGGA,230537.00,3723.315190,N,12209.603863,W,7,,0.38,41.71,M,0.0,M,0.0,0000*54
$GPRMC,230537.00,A,3723.315190,N,12209.603863,W,091.9,103.1,060820,,,A*48
$GPGGA,230538.00,3723.310017,N,12209.575418,W,7,,0.38,41.61,M,0.0,M,0.0,0000*53
$GPRMC,230538.00,A,3723.310017,N,12209.575418,W,092.2,102.3,060820,,,A*45
$GPGGA,230539.00,3723.304786,N,12209.545544,W,7,,0.38,41.71,M,0.0,M,0.0,0000*52
$GPRMC,230539.00,A,3723.304786,N,12209.545544,W,092.4,102.3,060820,,,A*43
$GPGGA,230540.00,3723.301282,N,12209.520733,W,7,,0.38,41.45,M,0.0,M,0.0,0000*5E
$GPRMC,230540.00,A,3723.301282,N,12209.520733,W,088.8,101.8,060820,,,A*47
$GPGGA,230541.00,3723.297898,N,12209.496170,W,7,,0.38,41.31,M,0.0,M,0.0,0000*5E
$GPRMC,230541.00,A,3723.297898,N,12209.496170,W,086.4,102.0,060820,,,A*4D
$GPGGA,230542.00,3723.294915,N,12209.471852,W,7,,0.38,41.23,M,0.0,M,0.0,0000*59
$GPRMC,230542.00,A,3723.294915,N,12209.471852,W,084.6,102.1,060820,,,A*48
$GPGGA,230543.00,3723.291298,N,12209.447491,W,7,,0.38,42.21,M,0.0,M,0.0,0000*54
$GPRMC,230543.00,A,3723.291298,N,12209.447491,W,082.2,102.2,060820,,,A*45
$GPGGA,230544.00,3723.289455,N,12209.432456,W,7,,0.38,46.17,M,0.0,M,0.0,0000*55
$GPRMC,230544.00,A,3723.289455,N,12209.432456,W,076.0,101.9,060820,,,A*44
$GPGGA,230545.00,3723.291267,N,12209.431082,W,7,,0.38,55.88,M,0.0,M,0.0,0000*50
$GPRMC,230545.00,A,3723.291267,N,12209.431082,W,064.3,102.4,060820,,,A*4B
$GPGGA,230546.00,3723.287272,N,12209.410718,W,7,,0.38,55.59,M,0.0,M,0.0,0000*5B
$GPRMC,230546.00,A,3723.287272,N,12209.410718,W,061.9,104.7,060820,,,A*46
$GPGGA,230547.00,3723.283131,N,12209.391217,W,7,,0.38,55.94,M,0.0,M,0.0,0000*5F
$GPRMC,230547.00,A,3723.283131,N,12209.391217,W,059.3,108.1,060820,,,A*48
$GPGGA,230548.00,3723.278001,N,12209.372503,W,7,,0.38,56.24,M,0.0,M,0.0,0000*51
$GPRMC,230548.00,A,3723.278001,N,12209.372503,W,056.6,111.1,060820,,,A*4C
$GPGGA,230549.00,3723.272745,N,12209.357179,W,7,,0.38,56.36,M,0.0,M,0.0,0000*50
$GPRMC,230549.00,A,3723.272745,N,12209.357179,W,053.3,115.0,060820,,,A*4B
$GPGGA,230550.00,3723.267021,N,12209.343038,W,7,,0.38,55.94,M,0.0,M,0.0,0000*53
$GPRMC,230550.00,A,3723.267021,N,12209.343038,W,050.6,117.5,060820,,,A*42
$GPGGA,230551.00,3723.261340,N,12209.329724,W,7,,0.38,55.52,M,0.0,M,0.0,0000*5C
$GPRMC,230551.00,A,3723.261340,N,12209.329724,W,049.0,120.8,060820,,,A*40
$GPGGA,230552.00,3723.254626,N,12209.316056,W,7,,0.38,55.87,M,0.0,M,0.0,0000*5A
$GPRMC,230552.00,A,3723.254626,N,12209.316056,W,047.4,124.2,060820,,,A*4A
$GPGGA,230553.00,3723.247006,N,12209.301980,W,7,,0.38,54.15,M,0.0,M,0.0,0000*53
$GPRMC,230553.00,A,3723.247006,N,12209.301980,W,046.4,126.7,060820,,,A*4F
$GPGGA,230554.00,3723.238803,N,12209.287388,W,7,,0.38,51.10,M,0.0,M,0.0,0000*5C
$GPRMC,230554.00,A,3723.238803,N,12209.287388,W,046.1,130.5,060820,,,A*40
$GPGGA,230555.00,3723.229071,N,12209.274235,W,7,,0.38,50.53,M,0.0,M,0.0,0000*5D
$GPRMC,230555.00,A,3723.229071,N,12209.274235,W,045.6,133.7,060820,,,A*42
$GPGGA,230556.00,3723.217630,N,12209.260363,W,7,,0.38,51.42,M,0.0,M,0.0,0000*56
$GPRMC,230556.00,A,3723.217630,N,12209.260363,W,045.8,137.9,060820,,,A*4C
$GPGGA,230557.00,3723.205791,N,12209.246143,W,7,,0.38,48.99,M,0.0,M,0.0,0000*54
$GPRMC,230557.00,A,3723.205791,N,12209.246143,W,047.4,140.5,060820,,,A*42
$GPGGA,230558.00,3723.193810,N,12209.232973,W,7,,0.38,48.26,M,0.0,M,0.0,0000*5D
$GPRMC,230558.00,A,3723.193810,N,12209.232973,W,048.7,143.2,060820,,,A*47
$GPGGA,230559.00,3723.181222,N,12209.220799,W,7,,0.38,47.79,M,0.0,M,0.0,0000*58
$GPRMC,230559.00,A,3723.181222,N,12209.220799,W,049.1,145.7,060820,,,A*43
$GPGGA,230600.00,3723.167908,N,12209.208944,W,7,,0.38,47.79,M,0.0,M,0.0,0000*58
$GPRMC,230600.00,A,3723.167908,N,12209.208944,W,049.6,148.5,060820,,,A*4B
$GPGGA,230601.00,3723.153051,N,12209.196697,W,7,,0.38,48.64,M,0.0,M,0.0,0000*5D
$GPRMC,230601.00,A,3723.153051,N,12209.196697,W,050.7,152.4,060820,,,A*4E
$GPGGA,230602.00,3723.138489,N,12209.187307,W,7,,0.38,48.99,M,0.0,M,0.0,0000*5C
$GPRMC,230602.00,A,3723.138489,N,12209.187307,W,051.0,156.2,060820,,,A*49
$GPGGA,230603.00,3723.121258,N,12209.178073,W,7,,0.38,48.83,M,0.0,M,0.0,0000*54
$GPRMC,230603.00,A,3723.121258,N,12209.178073,W,053.3,159.2,060820,,,A*44
$GPGGA,230604.00,3723.101044,N,12209.168228,W,7,,0.38,48.25,M,0.0,M,0.0,0000*5F
$GPRMC,230604.00,A,3723.101044,N,12209.168228,W,056.8,162.8,060820,,,A*4F
$GPGGA,230605.00,3723.082269,N,12209.160781,W,7,,0.38,48.12,M,0.0,M,0.0,0000*53
$GPRMC,230605.00,A,3723.082269,N,12209.160781,W,058.5,165.8,060820,,,A*43
$GPGGA,230606.00,3723.056109,N,12209.150216,W,7,,0.38,46.72,M,0.0,M,0.0,0000*5C
$GPRMC,230606.00,A,3723.056109,N,12209.150216,W,065.2,168.2,060820,,,A*4A
$GPGGA,230607.00,3723.036358,N,12209.143538,W,7,,0.38,47.26,M,0.0,M,0.0,0000*54
$GPRMC,230607.00,A,3723.036358,N,12209.143538,W,065.1,170.0,060820,,,A*4A
$GPGGA,230608.00,3723.017380,N,12209.138738,W,7,,0.38,48.21,M,0.0,M,0.0,0000*5B
$GPRMC,230608.00,A,3723.017380,N,12209.138738,W,067.2,170.2,060820,,,A*4E
$GPGGA,230609.00,3722.997544,N,12209.134033,W,7,,0.38,49.15,M,0.0,M,0.0,0000*52
$GPRMC,230609.00,A,3722.997544,N,12209.134033,W,069.2,170.0,060820,,,A*4D
$GPGGA,230610.00,3722.978631,N,12209.129480,W,7,,0.38,49.36,M,0.0,M,0.0,0000*5B
$GPRMC,230610.00,A,3722.978631,N,12209.129480,W,070.7,170.2,060820,,,A*4A
$GPGGA,230611.00,3722.958603,N,12209.124740,W,7,,0.38,50.08,M,0.0,M,0.0,0000*5E
$GPRMC,230611.00,A,3722.958603,N,12209.124740,W,072.4,170.3,060820,,,A*4A
$GPGGA,230612.00,3722.937934,N,12209.119849,W,7,,0.38,51.03,M,0.0,M,0.0,0000*5D
$GPRMC,230612.00,A,3722.937934,N,12209.119849,W,074.2,170.1,060820,,,A*41
$GPGGA,230613.00,3722.917635,N,12209.114989,W,7,,0.38,51.36,M,0.0,M,0.0,0000*56
$GPRMC,230613.00,A,3722.917635,N,12209.114989,W,076.5,170.1,060820,,,A*49
$GPGGA,230614.00,3722.897554,N,12209.110321,W,7,,0.38,51.17,M,0.0,M,0.0,0000*53
$GPRMC,230614.00,A,3722.897554,N,12209.110321,W,078.4,169.8,060820,,,A*41
$GPGGA,230615.00,3722.876608,N,12209.105216,W,7,,0.38,51.15,M,0.0,M,0.0,0000*54
$GPRMC,230615.00,A,3722.876608,N,12209.105216,W,080.2,170.3,060820,,,A*46
$GPGGA,230616.00,3722.855482,N,12209.100368,W,7,,0.38,51.36,M,0.0,M,0.0,0000*5A
$GPRMC,230616.00,A,3722.855482,N,12209.100368,W,081.1,169.8,060820,,,A*48
$GPGGA,230617.00,3722.834698,N,12209.095340,W,7,,0.38,52.24,M,0.0,M,0.0,0000*52
$GPRMC,230617.00,A,3722.834698,N,12209.095340,W,081.5,169.2,060820,,,A*4E
$GPGGA,230618.00,3722.815113,N,12209.089543,W,7,,0.38,52.51,M,0.0,M,0.0,0000*50
$GPRMC,230618.00,A,3722.815113,N,12209.089543,W,082.3,168.1,060820,,,A*49
$GPGGA,230619.00,3722.796166,N,12209.083279,W,7,,0.38,53.91,M,0.0,M,0.0,0000*5E
$GPRMC,230619.00,A,3722.796166,N,12209.083279,W,082.7,166.1,060820,,,A*40
$GPGGA,230620.00,3722.777014,N,12209.075263,W,7,,0.38,54.09,M,0.0,M,0.0,0000*5B
$GPRMC,230620.00,A,3722.777014,N,12209.075263,W,082.7,163.9,060820,,,A*4E
$GPGGA,230621.00,3722.781987,N,12209.072072,W,7,,0.38,61.83,M,0.0,M,0.0,0000*51
$GPRMC,230621.00,A,3722.781987,N,12209.072072,W,066.7,160.7,060820,,,A*47
$GPGGA,230622.00,3722.765452,N,12209.064290,W,7,,0.38,62.71,M,0.0,M,0.0,0000*5A
$GPRMC,230622.00,A,3722.765452,N,12209.064290,W,066.9,157.6,060820,,,A*49
$GPGGA,230623.00,3722.748124,N,12209.054864,W,7,,0.38,63.80,M,0.0,M,0.0,0000*5D
$GPRMC,230623.00,A,3722.748124,N,12209.054864,W,066.9,155.3,060820,,,A*46
$GPGGA,230624.00,3722.731660,N,12209.044508,W,7,,0.38,64.78,M,0.0,M,0.0,0000*55
$GPRMC,230624.00,A,3722.731660,N,12209.044508,W,066.9,152.5,060820,,,A*4F
$GPGGA,230625.00,3722.715381,N,12209.033108,W,7,,0.38,65.79,M,0.0,M,0.0,0000*5C
$GPRMC,230625.00,A,3722.715381,N,12209.033108,W,066.8,150.4,060820,,,A*44
$GPGGA,230626.00,3722.699488,N,12209.021060,W,7,,0.38,66.30,M,0.0,M,0.0,0000*56
$GPRMC,230626.00,A,3722.699488,N,12209.021060,W,066.7,147.7,060820,,,A*4A
$GPGGA,230627.00,3722.684200,N,12209.008058,W,7,,0.38,66.67,M,0.0,M,0.0,0000*5F
$GPRMC,230627.00,A,3722.684200,N,12209.008058,W,066.2,145.8,060820,,,A*49
$GPGGA,230628.00,3722.668996,N,12208.993844,W,7,,0.38,67.15,M,0.0,M,0.0,0000*5D
$GPRMC,230628.00,A,3722.668996,N,12208.993844,W,065.9,142.8,060820,,,A*40
$GPGGA,230629.00,3722.655052,N,12208.979810,W,7,,0.38,68.34,M,0.0,M,0.0,0000*5A
$GPRMC,230629.00,A,3722.655052,N,12208.979810,W,065.4,140.8,060820,,,A*44
$GPGGA,230630.00,3722.641461,N,12208.965086,W,7,,0.38,69.02,M,0.0,M,0.0,0000*5D
$GPRMC,230630.00,A,3722.641461,N,12208.965086,W,064.4,139.2,060820,,,A*42
$GPGGA,230632.00,3722.615127,N,12208.935230,W,7,,0.38,70.80,M,0.0,M,0.0,0000*51
$GPRMC,230632.00,A,3722.615127,N,12208.935230,W,062.6,137.7,060820,,,A*43
$GPGGA,230633.00,3722.601489,N,12208.919720,W,7,,0.38,72.29,M,0.0,M,0.0,0000*5F
$GPRMC,230633.00,A,3722.601489,N,12208.919720,W,064.0,138.3,060820,,,A*47
$GPGGA,230634.00,3722.588211,N,12208.904822,W,7,,0.38,72.95,M,0.0,M,0.0,0000*5B
$GPRMC,230634.00,A,3722.588211,N,12208.904822,W,064.1,137.8,060820,,,A*41
$GPGGA,230635.00,3722.574483,N,12208.889024,W,7,,0.38,74.11,M,0.0,M,0.0,0000*54
$GPRMC,230635.00,A,3722.574483,N,12208.889024,W,065.9,137.9,060820,,,A*4C
$GPGGA,230636.00,3722.560365,N,12208.872889,W,7,,0.38,75.00,M,0.0,M,0.0,0000*57
$GPRMC,230636.00,A,3722.560365,N,12208.872889,W,065.7,137.9,060820,,,A*40
$GPGGA,230637.00,3722.547298,N,12208.857950,W,7,,0.38,76.00,M,0.0,M,0.0,0000*51
$GPRMC,230637.00,A,3722.547298,N,12208.857950,W,065.6,137.9,060820,,,A*44
$GPGGA,230638.00,3722.533834,N,12208.842631,W,7,,0.38,76.79,M,0.0,M,0.0,0000*53
$GPRMC,230638.00,A,3722.533834,N,12208.842631,W,065.2,137.9,060820,,,A*4C
$GPGGA,230639.00,3722.520345,N,12208.827163,W,7,,0.38,77.85,M,0.0,M,0.0,0000*5C
$GPRMC,230639.00,A,3722.520345,N,12208.827163,W,065.7,137.9,060820,,,A*44
$GPGGA,230640.00,3722.506743,N,12208.811660,W,7,,0.38,78.95,M,0.0,M,0.0,0000*5B
$GPRMC,230640.00,A,3722.506743,N,12208.811660,W,065.1,138.0,060820,,,A*4D
$GPGGA,230641.00,3722.493010,N,12208.796137,W,7,,0.38,80.01,M,0.0,M,0.0,0000*59
$GPRMC,230641.00,A,3722.493010,N,12208.796137,W,064.2,138.2,060820,,,A*45
$GPGGA,230642.00,3722.480230,N,12208.781768,W,7,,0.38,80.80,M,0.0,M,0.0,0000*5B
$GPRMC,230642.00,A,3722.480230,N,12208.781768,W,063.3,138.4,060820,,,A*4E
$GPGGA,230643.00,3722.467060,N,12208.767097,W,7,,0.38,82.26,M,0.0,M,0.0,0000*55
$GPRMC,230643.00,A,3722.467060,N,12208.767097,W,062.9,138.1,060820,,,A*40
$GPGGA,230644.00,3722.453439,N,12208.752091,W,7,,0.38,83.35,M,0.0,M,0.0,0000*5E
$GPRMC,230644.00,A,3722.453439,N,12208.752091,W,062.5,139.0,060820,,,A*44
$GPGGA,230645.00,3722.440648,N,12208.738370,W,7,,0.38,84.45,M,0.0,M,0.0,0000*59
$GPRMC,230645.00,A,3722.440648,N,12208.738370,W,062.3,139.7,060820,,,A*42
$GPGGA,230646.00,3722.427184,N,12208.724359,W,7,,0.38,85.93,M,0.0,M,0.0,0000*50
$GPRMC,230646.00,A,3722.427184,N,12208.724359,W,063.0,140.7,060820,,,A*4D
$GPGGA,230647.00,3722.413402,N,12208.710590,W,7,,0.38,87.16,M,0.0,M,0.0,0000*56
$GPRMC,230647.00,A,3722.413402,N,12208.710590,W,062.6,142.3,060820,,,A*45
$GPGGA,230648.00,3722.399548,N,12208.697120,W,7,,0.38,88.19,M,0.0,M,0.0,0000*52
$GPRMC,230648.00,A,3722.399548,N,12208.697120,W,063.1,142.4,060820,,,A*40
$GPGGA,230649.00,3722.385153,N,12208.683439,W,7,,0.38,89.20,M,0.0,M,0.0,0000*53
$GPRMC,230649.00,A,3722.385153,N,12208.683439,W,063.2,142.9,060820,,,A*44
$GPGGA,230650.00,3722.371611,N,12208.670762,W,7,,0.38,89.84,M,0.0,M,0.0,0000*5E
$GPRMC,230650.00,A,3722.371611,N,12208.670762,W,063.1,143.8,060820,,,A*44
$GPGGA,230651.00,3722.357296,N,12208.657801,W,7,,0.38,90.78,M,0.0,M,0.0,0000*54
$GPRMC,230651.00,A,3722.357296,N,12208.657801,W,063.1,144.4,060820,,,A*4E
$GPGGA,230652.00,3722.342607,N,12208.644668,W,7,,0.38,91.44,M,0.0,M,0.0,0000*52
$GPRMC,230652.00,A,3722.342607,N,12208.644668,W,063.1,144.3,060820,,,A*41
$GPGGA,230653.00,3722.328561,N,12208.631911,W,7,,0.38,92.27,M,0.0,M,0.0,0000*59
$GPRMC,230653.00,A,3722.328561,N,12208.631911,W,063.0,144.6,060820,,,A*48
$GPGGA,230654.00,3722.314900,N,12208.619539,W,7,,0.38,92.72,M,0.0,M,0.0,0000*56
$GPRMC,230654.00,A,3722.314900,N,12208.619539,W,062.9,144.4,060820,,,A*4D
$GPGGA,230655.00,3722.300596,N,12208.606628,W,7,,0.38,93.33,M,0.0,M,0.0,0000*58
$GPRMC,230655.00,A,3722.300596,N,12208.606628,W,063.0,144.1,060820,,,A*4A
$GPGGA,230656.00,3722.286418,N,12208.593949,W,7,,0.38,92.62,M,0.0,M,0.0,0000*51
$GPRMC,230656.00,A,3722.286418,N,12208.593949,W,062.9,144.4,060820,,,A*4B
$GPGGA,230657.00,3722.271778,N,12208.580821,W,7,,0.38,93.46,M,0.0,M,0.0,0000*57
$GPRMC,230657.00,A,3722.271778,N,12208.580821,W,062.9,144.3,060820,,,A*4D
$GPGGA,230658.00,3722.258049,N,12208.568569,W,7,,0.38,94.42,M,0.0,M,0.0,0000*52
$GPRMC,230658.00,A,3722.258049,N,12208.568569,W,062.6,144.5,060820,,,A*42
$GPGGA,230659.00,3722.243914,N,12208.555826,W,7,,0.38,95.33,M,0.0,M,0.0,0000*57
$GPRMC,230659.00,A,3722.243914,N,12208.555826,W,062.9,144.5,060820,,,A*4F
$GPGGA,230700.00,3722.229100,N,12208.542512,W,7,,0.38,95.93,M,0.0,M,0.0,0000*5D
$GPRMC,230700.00,A,3722.229100,N,12208.542512,W,063.9,144.8,060820,,,A*43
$GPGGA,230701.00,3722.214555,N,12208.529258,W,7,,0.38,96.51,M,0.0,M,0.0,0000*5F
$GPRMC,230701.00,A,3722.214555,N,12208.529258,W,065.1,143.9,060820,,,A*44
$GPGGA,230702.00,3722.200359,N,12208.516207,W,7,,0.38,97.28,M,0.0,M,0.0,0000*5A
$GPRMC,230702.00,A,3722.200359,N,12208.516207,W,064.6,144.2,060820,,,A*44
$GPGGA,230703.00,3722.185936,N,12208.502858,W,7,,0.38,97.64,M,0.0,M,0.0,0000*5B
$GPRMC,230703.00,A,3722.185936,N,12208.502858,W,064.7,143.7,060820,,,A*4E
$GPGGA,230704.00,3722.171589,N,12208.489453,W,7,,0.38,98.15,M,0.0,M,0.0,0000*53
$GPRMC,230704.00,A,3722.171589,N,12208.489453,W,065.1,142.7,060820,,,A*49
$GPGGA,230705.00,3722.156932,N,12208.475143,W,7,,0.38,98.14,M,0.0,M,0.0,0000*5D
$GPRMC,230705.00,A,3722.156932,N,12208.475143,W,065.6,141.6,060820,,,A*43
$GPGGA,230706.00,3722.143125,N,12208.461176,W,7,,0.38,98.06,M,0.0,M,0.0,0000*54
$GPRMC,230706.00,A,3722.143125,N,12208.461176,W,065.9,140.6,060820,,,A*47
$GPGGA,230707.00,3722.129439,N,12208.446254,W,7,,0.38,97.91,M,0.0,M,0.0,0000*56
$GPRMC,230707.00,A,3722.129439,N,12208.446254,W,066.2,137.9,060820,,,A*43
$GPGGA,230708.00,3722.115532,N,12208.429898,W,7,,0.38,97.65,M,0.0,M,0.0,0000*54
$GPRMC,230708.00,A,3722.115532,N,12208.429898,W,067.1,135.6,060820,,,A*45
$GPGGA,230709.00,3722.103244,N,12208.414112,W,7,,0.38,96.94,M,0.0,M,0.0,0000*5E
$GPRMC,230709.00,A,3722.103244,N,12208.414112,W,066.4,133.3,060820,,,A*47
$GPGGA,230710.00,3722.090950,N,12208.397029,W,7,,0.38,92.09,M,0.0,M,0.0,0000*56
$GPRMC,230710.00,A,3722.090950,N,12208.397029,W,066.5,131.5,060820,,,A*4A
$GPGGA,230711.00,3722.078968,N,12208.379198,W,7,,0.38,93.69,M,0.0,M,0.0,0000*56
$GPRMC,230711.00,A,3722.078968,N,12208.379198,W,067.3,129.2,060820,,,A*44
$GPGGA,230712.00,3722.067370,N,12208.360753,W,7,,0.38,94.32,M,0.0,M,0.0,0000*58
$GPRMC,230712.00,A,3722.067370,N,12208.360753,W,068.0,127.5,060820,,,A*46
$GPGGA,230713.00,3722.056191,N,12208.341356,W,7,,0.38,94.46,M,0.0,M,0.0,0000*57
$GPRMC,230713.00,A,3722.056191,N,12208.341356,W,068.4,124.7,060820,,,A*4F
$GPGGA,230714.00,3722.045704,N,12208.321550,W,7,,0.38,94.41,M,0.0,M,0.0,0000*59
$GPRMC,230714.00,A,3722.045704,N,12208.321550,W,068.2,122.5,060820,,,A*44
$GPGGA,230715.00,3722.035809,N,12208.301342,W,7,,0.38,94.21,M,0.0,M,0.0,0000*5C
$GPRMC,230715.00,A,3722.035809,N,12208.301342,W,068.2,120.9,060820,,,A*49
$GPGGA,230716.00,3722.026180,N,12208.279933,W,7,,0.38,93.98,M,0.0,M,0.0,0000*52
$GPRMC,230716.00,A,3722.026180,N,12208.279933,W,068.6,118.4,060820,,,A*40
$GPGGA,230717.00,3722.017696,N,12208.259113,W,7,,0.38,93.37,M,0.0,M,0.0,0000*5C
$GPRMC,230717.00,A,3722.017696,N,12208.259113,W,069.0,115.9,060820,,,A*4C
$GPGGA,230718.00,3722.009584,N,12208.237172,W,7,,0.38,92.98,M,0.0,M,0.0,0000*57
$GPRMC,230718.00,A,3722.009584,N,12208.237172,W,069.8,113.8,060820,,,A*4C
$GPGGA,230719.00,3722.002114,N,12208.214810,W,7,,0.38,92.53,M,0.0,M,0.0,0000*5B
$GPRMC,230719.00,A,3722.002114,N,12208.214810,W,069.7,111.8,060820,,,A*4A
$GPGGA,230720.00,3721.995004,N,12208.192129,W,7,,0.38,91.47,M,0.0,M,0.0,0000*5D
$GPRMC,230720.00,A,3721.995004,N,12208.192129,W,068.9,111.3,060820,,,A*4E
$GPGGA,230721.00,3721.987935,N,12208.169581,W,7,,0.38,90.39,M,0.0,M,0.0,0000*5E
$GPRMC,230721.00,A,3721.987935,N,12208.169581,W,069.0,111.4,060820,,,A*4A
$GPGGA,230722.00,3721.980694,N,12208.146961,W,7,,0.38,89.01,M,0.0,M,0.0,0000*52
$GPRMC,230722.00,A,3721.980694,N,12208.146961,W,069.7,111.5,060820,,,A*43
$GPGGA,230723.00,3721.973500,N,12208.123940,W,7,,0.38,87.93,M,0.0,M,0.0,0000*54
$GPRMC,230723.00,A,3721.973500,N,12208.123940,W,071.0,111.2,060820,,,A*49
$GPGGA,230724.00,3721.965964,N,12208.099795,W,7,,0.38,86.63,M,0.0,M,0.0,0000*52
$GPRMC,230724.00,A,3721.965964,N,12208.099795,W,071.9,111.2,060820,,,A*48
$GPGGA,230725.00,3721.958950,N,12208.076569,W,7,,0.38,85.62,M,0.0,M,0.0,0000*58
$GPRMC,230725.00,A,3721.958950,N,12208.076569,W,073.5,110.6,060820,,,A*4B
$GPGGA,230726.00,3721.951755,N,12208.052432,W,7,,0.38,84.31,M,0.0,M,0.0,0000*57
$GPRMC,230726.00,A,3721.951755,N,12208.052432,W,074.4,110.5,060820,,,A*46
$GPGGA,230727.00,3721.944352,N,12208.028053,W,7,,0.38,80.52,M,0.0,M,0.0,0000*5E
$GPRMC,230727.00,A,3721.944352,N,12208.028053,W,075.2,110.7,060820,,,A*4B
$GPGGA,230728.00,3721.936810,N,12208.003172,W,7,,0.38,80.47,M,0.0,M,0.0,0000*56
$GPRMC,230728.00,A,3721.936810,N,12208.003172,W,075.8,110.7,060820,,,A*4D
$GPGGA,230729.00,3721.929076,N,12207.977750,W,7,,0.38,79.46,M,0.0,M,0.0,0000*55
$GPRMC,230729.00,A,3721.929076,N,12207.977750,W,075.8,110.7,060820,,,A*49
$GPGGA,230730.00,3721.921761,N,12207.953917,W,7,,0.38,78.35,M,0.0,M,0.0,0000*5A
$GPRMC,230730.00,A,3721.921761,N,12207.953917,W,075.9,111.1,060820,,,A*45
$GPGGA,230731.00,3721.914249,N,12207.929150,W,7,,0.38,77.07,M,0.0,M,0.0,0000*5A
$GPRMC,230731.00,A,3721.914249,N,12207.929150,W,075.8,110.4,060820,,,A*4E
$GPGGA,230732.00,3721.906822,N,12207.903649,W,7,,0.38,75.61,M,0.0,M,0.0,0000*58
$GPRMC,230732.00,A,3721.906822,N,12207.903649,W,076.1,109.6,060820,,,A*4E
$GPGGA,230733.00,3721.900282,N,12207.879542,W,7,,0.38,74.21,M,0.0,M,0.0,0000*5E
$GPRMC,230733.00,A,3721.900282,N,12207.879542,W,076.4,107.5,060820,,,A*45
$GPGGA,230734.00,3721.894395,N,12207.854245,W,7,,0.38,72.53,M,0.0,M,0.0,0000*5E
$GPRMC,230734.00,A,3721.894395,N,12207.854245,W,076.9,104.5,060820,,,A*48
$GPGGA,230735.00,3721.889314,N,12207.827605,W,7,,0.38,71.14,M,0.0,M,0.0,0000*5E
$GPRMC,230735.00,A,3721.889314,N,12207.827605,W,078.9,101.3,060820,,,A*45
$GPGGA,230736.00,3721.885444,N,12207.800095,W,7,,0.38,69.73,M,0.0,M,0.0,0000*51
$GPRMC,230736.00,A,3721.885444,N,12207.800095,W,081.2,098.5,060820,,,A*48
$GPGGA,230737.00,3721.883584,N,12207.773924,W,7,,0.38,68.24,M,0.0,M,0.0,0000*50
$GPRMC,230737.00,A,3721.883584,N,12207.773924,W,078.3,094.9,060820,,,A*4D
$GPGGA,230738.00,3721.881705,N,12207.747860,W,7,,0.38,66.58,M,0.0,M,0.0,0000*55
$GPRMC,230738.00,A,3721.881705,N,12207.747860,W,077.8,094.7,060820,,,A*47
$GPGGA,230739.00,3721.879959,N,12207.720649,W,7,,0.38,65.29,M,0.0,M,0.0,0000*55
$GPRMC,230739.00,A,3721.879959,N,12207.720649,W,077.2,095.4,060820,,,A*4A
$GPGGA,230740.00,3721.878046,N,12207.693164,W,7,,0.38,63.97,M,0.0,M,0.0,0000*5F
$GPRMC,230740.00,A,3721.878046,N,12207.693164,W,076.3,095.0,060820,,,A*47
$GPGGA,230741.00,3721.875837,N,12207.663601,W,7,,0.38,63.29,M,0.0,M,0.0,0000*53
$GPRMC,230741.00,A,3721.875837,N,12207.663601,W,080.3,095.1,060820,,,A*46
$GPGGA,230742.00,3721.873870,N,12207.636259,W,7,,0.38,62.00,M,0.0,M,0.0,0000*56
$GPRMC,230742.00,A,3721.873870,N,12207.636259,W,080.4,095.3,060820,,,A*4C
$GPGGA,230743.00,3721.871823,N,12207.608335,W,7,,0.38,60.84,M,0.0,M,0.0,0000*5B
$GPRMC,230743.00,A,3721.871823,N,12207.608335,W,080.2,095.5,060820,,,A*4F
$GPGGA,230744.00,3721.869424,N,12207.580663,W,7,,0.38,59.77,M,0.0,M,0.0,0000*5D
$GPRMC,230744.00,A,3721.869424,N,12207.580663,W,079.5,096.9,060820,,,A*41
$GPGGA,230745.00,3721.866117,N,12207.552613,W,7,,0.38,59.06,M,0.0,M,0.0,0000*58
$GPRMC,230745.00,A,3721.866117,N,12207.552613,W,078.2,099.5,060820,,,A*47
$GPGGA,230746.00,3721.862344,N,12207.527042,W,7,,0.38,58.72,M,0.0,M,0.0,0000*59
$GPRMC,230746.00,A,3721.862344,N,12207.527042,W,075.5,102.7,060820,,,A*4F
$GPGGA,230747.00,3721.857339,N,12207.502064,W,7,,0.38,58.61,M,0.0,M,0.0,0000*55
$GPRMC,230747.00,A,3721.857339,N,12207.502064,W,072.7,105.6,060820,,,A*42
$GPGGA,230748.00,3721.851256,N,12207.477620,W,7,,0.38,58.28,M,0.0,M,0.0,0000*5C
$GPRMC,230748.00,A,3721.851256,N,12207.477620,W,070.2,108.9,060820,,,A*43
$GPGGA,230749.00,3721.844476,N,12207.454933,W,7,,0.38,57.85,M,0.0,M,0.0,0000*59
$GPRMC,230749.00,A,3721.844476,N,12207.454933,W,068.3,111.5,060820,,,A*42
$GPGGA,230750.00,3721.834605,N,12207.427838,W,7,,0.38,58.94,M,0.0,M,0.0,0000*51
$GPRMC,230750.00,A,3721.834605,N,12207.427838,W,073.7,114.8,060820,,,A*43
$GPGGA,230751.00,3721.825419,N,12207.404839,W,7,,0.38,59.24,M,0.0,M,0.0,0000*55
$GPRMC,230751.00,A,3721.825419,N,12207.404839,W,073.9,117.5,060820,,,A*4D
$GPGGA,230752.00,3721.815345,N,12207.382345,W,7,,0.38,59.77,M,0.0,M,0.0,0000*54
$GPRMC,230752.00,A,3721.815345,N,12207.382345,W,073.9,120.6,060820,,,A*4D
$GPGGA,230753.00,3721.803969,N,12207.359864,W,7,,0.38,60.01,M,0.0,M,0.0,0000*53
$GPRMC,230753.00,A,3721.803969,N,12207.359864,W,074.1,123.7,060820,,,A*4C
$GPGGA,230754.00,3721.792143,N,12207.339451,W,7,,0.38,60.01,M,0.0,M,0.0,0000*5F
$GPRMC,230754.00,A,3721.792143,N,12207.339451,W,074.3,127.2,060820,,,A*43
$GPGGA,230755.00,3721.779087,N,12207.319543,W,7,,0.38,60.46,M,0.0,M,0.0,0000*51
$GPRMC,230755.00,A,3721.779087,N,12207.319543,W,074.2,131.0,060820,,,A*4A
$GPGGA,230756.00,3721.764580,N,12207.300134,W,7,,0.38,61.05,M,0.0,M,0.0,0000*56
$GPRMC,230756.00,A,3721.764580,N,12207.300134,W,074.4,134.2,060820,,,A*4A
$GPGGA,230757.00,3721.750119,N,12207.282745,W,7,,0.38,61.91,M,0.0,M,0.0,0000*52
$GPRMC,230757.00,A,3721.750119,N,12207.282745,W,074.5,137.5,060820,,,A*46
$GPGGA,230758.00,3721.734376,N,12207.265706,W,7,,0.38,62.95,M,0.0,M,0.0,0000*5D
$GPRMC,230758.00,A,3721.734376,N,12207.265706,W,075.0,140.6,060820,,,A*49
$GPGGA,230759.00,3721.718068,N,12207.250070,W,7,,0.38,64.20,M,0.0,M,0.0,0000*56
$GPRMC,230759.00,A,3721.718068,N,12207.250070,W,074.5,143.8,060820,,,A*43
$GPGGA,230800.00,3721.701015,N,12207.235460,W,7,,0.38,65.78,M,0.0,M,0.0,0000*5D
$GPRMC,230800.00,A,3721.701015,N,12207.235460,W,074.6,146.6,060820,,,A*4C
$GPGGA,230801.00,3721.683279,N,12207.221906,W,7,,0.38,66.74,M,0.0,M,0.0,0000*58
$GPRMC,230801.00,A,3721.683279,N,12207.221906,W,074.4,150.3,060820,,,A*46
$GPGGA,230802.00,3721.665058,N,12207.209468,W,7,,0.38,68.14,M,0.0,M,0.0,0000*55
$GPRMC,230802.00,A,3721.665058,N,12207.209468,W,075.1,152.5,060820,,,A*43
$GPGGA,230803.00,3721.646619,N,12207.198074,W,7,,0.38,69.52,M,0.0,M,0.0,0000*57
$GPRMC,230803.00,A,3721.646619,N,12207.198074,W,075.3,153.7,060820,,,A*43
$GPGGA,230804.00,3721.626699,N,12207.186116,W,7,,0.38,70.56,M,0.0,M,0.0,0000*58
$GPRMC,230804.00,A,3721.626699,N,12207.186116,W,077.9,154.3,060820,,,A*4B
$GPGGA,230805.00,3721.607266,N,12207.174566,W,7,,0.38,71.31,M,0.0,M,0.0,0000*50
$GPRMC,230805.00,A,3721.607266,N,12207.174566,W,080.3,154.1,060820,,,A*43
$GPGGA,230806.00,3721.586901,N,12207.162379,W,7,,0.38,71.83,M,0.0,M,0.0,0000*55
$GPRMC,230806.00,A,3721.586901,N,12207.162379,W,082.5,154.5,060820,,,A*4F
$GPGGA,230807.00,3721.566202,N,12207.149990,W,7,,0.38,71.95,M,0.0,M,0.0,0000*51
$GPRMC,230807.00,A,3721.566202,N,12207.149990,W,084.1,154.5,060820,,,A*4E
$GPGGA,230808.00,3721.544901,N,12207.137371,W,7,,0.38,72.03,M,0.0,M,0.0,0000*56
$GPRMC,230808.00,A,3721.544901,N,12207.137371,W,085.5,154.8,060820,,,A*4D
$GPGGA,230809.00,3721.523764,N,12207.124753,W,7,,0.38,71.61,M,0.0,M,0.0,0000*5A
$GPRMC,230809.00,A,3721.523764,N,12207.124753,W,086.3,154.5,060820,,,A*4E
$GPGGA,230810.00,3721.502805,N,12207.111530,W,7,,0.38,71.21,M,0.0,M,0.0,0000*5C
$GPRMC,230810.00,A,3721.502805,N,12207.111530,W,087.7,152.7,060820,,,A*4D
$GPGGA,230811.00,3721.482333,N,12207.097561,W,7,,0.38,70.50,M,0.0,M,0.0,0000*56
$GPRMC,230811.00,A,3721.482333,N,12207.097561,W,088.8,151.0,060820,,,A*44
$GPGGA,230812.00,3721.461496,N,12207.081847,W,7,,0.38,69.48,M,0.0,M,0.0,0000*5F
$GPRMC,230812.00,A,3721.461496,N,12207.081847,W,090.0,148.5,060820,,,A*40
$GPGGA,230813.00,3721.442452,N,12207.066241,W,7,,0.38,68.68,M,0.0,M,0.0,0000*51
$GPRMC,230813.00,A,3721.442452,N,12207.066241,W,091.2,146.7,060820,,,A*42
$GPGGA,230814.00,3721.423582,N,12207.049237,W,7,,0.38,67.96,M,0.0,M,0.0,0000*5F
$GPRMC,230814.00,A,3721.423582,N,12207.049237,W,092.6,144.0,060820,,,A*40
$GPGGA,230815.00,3721.405185,N,12207.030758,W,7,,0.38,67.07,M,0.0,M,0.0,0000*53
$GPRMC,230815.00,A,3721.405185,N,12207.030758,W,093.7,141.6,060820,,,A*47
$GPGGA,230816.00,3721.388122,N,12207.011173,W,7,,0.38,66.07,M,0.0,M,0.0,0000*52
$GPRMC,230816.00,A,3721.388122,N,12207.011173,W,094.1,138.1,060820,,,A*4F
$GPGGA,230817.00,3721.371574,N,12206.990677,W,7,,0.38,64.65,M,0.0,M,0.0,0000*56
$GPRMC,230817.00,A,3721.371574,N,12206.990677,W,094.7,135.4,060820,,,A*43
$GPGGA,230818.00,3721.357450,N,12206.970380,W,7,,0.38,63.67,M,0.0,M,0.0,0000*5C
$GPRMC,230818.00,A,3721.357450,N,12206.970380,W,094.8,132.4,060820,,,A*44
$GPGGA,230819.00,3721.344987,N,12206.950532,W,7,,0.38,63.18,M,0.0,M,0.0,0000*5D
$GPRMC,230819.00,A,3721.344987,N,12206.950532,W,093.3,129.6,060820,,,A*49
$GPGGA,230820.00,3721.333269,N,12206.929550,W,7,,0.38,62.80,M,0.0,M,0.0,0000*56
$GPRMC,230820.00,A,3721.333269,N,12206.929550,W,091.3,126.8,060820,,,A*41
$GPGGA,230821.00,3721.320712,N,12206.906875,W,7,,0.38,63.17,M,0.0,M,0.0,0000*54
$GPRMC,230821.00,A,3721.320712,N,12206.906875,W,090.3,124.4,060820,,,A*43
$GPGGA,230822.00,3721.310890,N,12206.884159,W,7,,0.38,63.97,M,0.0,M,0.0,0000*55
$GPRMC,230822.00,A,3721.310890,N,12206.884159,W,089.2,121.6,060820,,,A*44
$GPGGA,230823.00,3721.309216,N,12206.868973,W,7,,0.38,62.51,M,0.0,M,0.0,0000*51
$GPRMC,230823.00,A,3721.309216,N,12206.868973,W,083.2,119.1,060820,,,A*4D
$GPGGA,230824.00,3721.314904,N,12206.853763,W,7,,0.38,64.58,M,0.0,M,0.0,0000*5A
$GPRMC,230824.00,A,3721.314904,N,12206.853763,W,074.4,113.3,060820,,,A*4F
$GPGGA,230825.00,3721.308645,N,12206.829950,W,7,,0.38,63.15,M,0.0,M,0.0,0000*51
$GPRMC,230825.00,A,3721.308645,N,12206.829950,W,073.9,109.7,060820,,,A*4F
$GPGGA,230826.00,3721.304470,N,12206.807786,W,7,,0.38,62.71,M,0.0,M,0.0,0000*50
$GPRMC,230826.00,A,3721.304470,N,12206.807786,W,072.8,108.4,060820,,,A*4F
$GPGGA,230827.00,3721.299321,N,12206.783858,W,7,,0.38,62.17,M,0.0,M,0.0,0000*58
$GPRMC,230827.00,A,3721.299321,N,12206.783858,W,071.1,107.3,060820,,,A*45
$GPGGA,230828.00,3721.293868,N,12206.760109,W,7,,0.38,61.11,M,0.0,M,0.0,0000*5E
$GPRMC,230828.00,A,3721.293868,N,12206.760109,W,068.7,107.7,060820,,,A*4C
$GPGGA,230829.00,3721.288653,N,12206.737454,W,7,,0.38,60.61,M,0.0,M,0.0,0000*5A
$GPRMC,230829.00,A,3721.288653,N,12206.737454,W,067.1,106.8,060820,,,A*49
$GPGGA,230830.00,3721.283703,N,12206.715350,W,7,,0.38,60.67,M,0.0,M,0.0,0000*58
$GPRMC,230830.00,A,3721.283703,N,12206.715350,W,065.6,107.0,060820,,,A*41
$GPGGA,230831.00,3721.278430,N,12206.693420,W,7,,0.38,60.32,M,0.0,M,0.0,0000*51
$GPRMC,230831.00,A,3721.278430,N,12206.693420,W,063.1,107.4,060820,,,A*4D
$GPGGA,230832.00,3721.273282,N,12206.671969,W,7,,0.38,60.20,M,0.0,M,0.0,0000*59
$GPRMC,230832.00,A,3721.273282,N,12206.671969,W,061.0,107.7,060820,,,A*46
$GPGGA,230833.00,3721.267624,N,12206.650255,W,7,,0.38,59.62,M,0.0,M,0.0,0000*5E
$GPRMC,230833.00,A,3721.267624,N,12206.650255,W,059.0,108.8,060820,,,A*46
$GPGGA,230834.00,3721.261665,N,12206.630149,W,7,,0.38,58.59,M,0.0,M,0.0,0000*5B
$GPRMC,230834.00,A,3721.261665,N,12206.630149,W,056.9,111.6,060820,,,A*4A
$GPGGA,230835.00,3721.255539,N,12206.609804,W,7,,0.38,57.91,M,0.0,M,0.0,0000*56
$GPRMC,230835.00,A,3721.255539,N,12206.609804,W,055.3,114.0,060820,,,A*46
$GPGGA,230836.00,3721.247913,N,12206.588137,W,7,,0.38,56.13,M,0.0,M,0.0,0000*5A
$GPRMC,230836.00,A,3721.247913,N,12206.588137,W,055.0,116.0,060820,,,A*40
$GPGGA,230837.00,3721.238391,N,12206.566939,W,7,,0.38,55.23,M,0.0,M,0.0,0000*55
$GPRMC,230837.00,A,3721.238391,N,12206.566939,W,054.8,119.8,060820,,,A*41
$GPGGA,230838.00,3721.227915,N,12206.544992,W,7,,0.38,53.95,M,0.0,M,0.0,0000*58
$GPRMC,230838.00,A,3721.227915,N,12206.544992,W,056.9,122.3,060820,,,A*47
$GPGGA,230839.00,3721.216359,N,12206.522510,W,7,,0.38,53.25,M,0.0,M,0.0,0000*54
$GPRMC,230839.00,A,3721.216359,N,12206.522510,W,059.9,124.6,060820,,,A*4C
$GPGGA,230840.00,3721.203957,N,12206.500550,W,7,,0.38,52.43,M,0.0,M,0.0,0000*5F
$GPRMC,230840.00,A,3721.203957,N,12206.500550,W,061.0,128.7,060820,,,A*49
$GPGGA,230841.00,3721.190595,N,12206.479772,W,7,,0.38,53.68,M,0.0,M,0.0,0000*50
$GPRMC,230841.00,A,3721.190595,N,12206.479772,W,061.8,131.4,060820,,,A*4D
$GPGGA,230842.00,3721.175326,N,12206.457691,W,7,,0.38,53.51,M,0.0,M,0.0,0000*5C
$GPRMC,230842.00,A,3721.175326,N,12206.457691,W,064.6,134.6,060820,,,A*47
$GPGGA,230843.00,3721.159174,N,12206.435954,W,7,,0.38,52.02,M,0.0,M,0.0,0000*53
$GPRMC,230843.00,A,3721.159174,N,12206.435954,W,067.4,138.3,060820,,,A*47
$GPGGA,230844.00,3721.133116,N,12206.397223,W,7,,0.38,54.49,M,0.0,M,0.0,0000*51
$GPRMC,230844.00,A,3721.133116,N,12206.397223,W,081.0,138.8,060820,,,A*4B
$GPGGA,230845.00,3721.115343,N,12206.379745,W,7,,0.38,53.95,M,0.0,M,0.0,0000*55
$GPRMC,230845.00,A,3721.115343,N,12206.379745,W,080.9,142.2,060820,,,A*46
$GPGGA,230846.00,3721.096797,N,12206.362411,W,7,,0.38,53.01,M,0.0,M,0.0,0000*54
$GPRMC,230846.00,A,3721.096797,N,12206.362411,W,080.1,145.2,060820,,,A*45
$GPGGA,230847.00,3721.077693,N,12206.345972,W,7,,0.38,53.10,M,0.0,M,0.0,0000*52
$GPRMC,230847.00,A,3721.077693,N,12206.345972,W,079.5,147.3,060820,,,A*42
$GPGGA,230848.00,3721.058848,N,12206.330882,W,7,,0.38,53.03,M,0.0,M,0.0,0000*56
$GPRMC,230848.00,A,3721.058848,N,12206.330882,W,078.6,148.6,060820,,,A*4C
$GPGGA,230849.00,3721.039743,N,12206.316458,W,7,,0.38,53.39,M,0.0,M,0.0,0000*52
$GPRMC,230849.00,A,3721.039743,N,12206.316458,W,079.3,149.1,060820,,,A*43
$GPGGA,230850.00,3721.020699,N,12206.302286,W,7,,0.38,53.91,M,0.0,M,0.0,0000*56
$GPRMC,230850.00,A,3721.020699,N,12206.302286,W,079.7,149.5,060820,,,A*45
$GPGGA,230851.00,3721.003354,N,12206.289326,W,7,,0.38,55.61,M,0.0,M,0.0,0000*52
$GPRMC,230851.00,A,3721.003354,N,12206.289326,W,075.3,149.8,060820,,,A*4D
$GPGGA,230852.00,3720.984322,N,12206.275465,W,7,,0.38,56.98,M,0.0,M,0.0,0000*51
$GPRMC,230852.00,A,3720.984322,N,12206.275465,W,076.8,148.8,060820,,,A*42
$GPGGA,230853.00,3720.966411,N,12206.261624,W,7,,0.38,57.97,M,0.0,M,0.0,0000*57
$GPRMC,230853.00,A,3720.966411,N,12206.261624,W,079.3,147.1,060820,,,A*48
$GPGGA,230854.00,3720.947986,N,12206.245789,W,7,,0.38,58.96,M,0.0,M,0.0,0000*5E
$GPRMC,230854.00,A,3720.947986,N,12206.245789,W,082.0,143.5,060820,,,A*48
$GPGGA,230855.00,3720.929770,N,12206.228192,W,7,,0.38,59.85,M,0.0,M,0.0,0000*54
$GPRMC,230855.00,A,3720.929770,N,12206.228192,W,085.1,140.2,060820,,,A*43
$GPGGA,230856.00,3720.911716,N,12206.208758,W,7,,0.38,60.55,M,0.0,M,0.0,0000*59
$GPRMC,230856.00,A,3720.911716,N,12206.208758,W,087.7,137.2,060820,,,A*4D
$GPGGA,230857.00,3720.894466,N,12206.188153,W,7,,0.38,61.09,M,0.0,M,0.0,0000*5E
$GPRMC,230857.00,A,3720.894466,N,12206.188153,W,089.1,135.0,060820,,,A*4A
$GPGGA,230858.00,3720.878158,N,12206.166613,W,7,,0.38,62.21,M,0.0,M,0.0,0000*51
$GPRMC,230858.00,A,3720.878158,N,12206.166613,W,090.0,132.6,060820,,,A*44
$GPGGA,230859.00,3720.862551,N,12206.143670,W,7,,0.38,62.87,M,0.0,M,0.0,0000*58
$GPRMC,230859.00,A,3720.862551,N,12206.143670,W,090.8,130.2,060820,,,A*4F
$GPGGA,230900.00,3720.847618,N,12206.119310,W,7,,0.38,62.97,M,0.0,M,0.0,0000*51
$GPRMC,230900.00,A,3720.847618,N,12206.119310,W,091.4,127.0,060820,,,A*4E
$GPGGA,230901.00,3720.834651,N,12206.095465,W,7,,0.38,63.67,M,0.0,M,0.0,0000*57
$GPRMC,230901.00,A,3720.834651,N,12206.095465,W,091.9,124.6,060820,,,A*4E
$GPGGA,230902.00,3720.823311,N,12206.072120,W,7,,0.38,62.49,M,0.0,M,0.0,0000*53
$GPRMC,230902.00,A,3720.823311,N,12206.072120,W,091.0,122.7,060820,,,A*49
$GPGGA,230903.00,3720.827097,N,12206.058902,W,7,,1.01,65.33,M,0.0,M,0.0,0000*5A
$GPRMC,230903.00,A,3720.827097,N,12206.058902,W,078.1,118.8,060820,,,A*41
$GPGGA,230904.00,3720.816987,N,12206.035046,W,7,,0.38,63.47,M,0.0,M,0.0,0000*5B
$GPRMC,230904.00,A,3720.816987,N,12206.035046,W,077.9,118.5,060820,,,A*44
$GPGGA,230905.00,3720.807393,N,12206.010895,W,7,,0.38,63.64,M,0.0,M,0.0,0000*55
$GPRMC,230905.00,A,3720.807393,N,12206.010895,W,076.3,118.2,060820,,,A*47
$GPGGA,230906.00,3720.798586,N,12205.988690,W,7,,0.38,63.41,M,0.0,M,0.0,0000*5A
$GPRMC,230906.00,A,3720.798586,N,12205.988690,W,074.1,118.0,060820,,,A*4D
$GPGGA,230907.00,3720.789273,N,12205.965734,W,7,,0.38,63.27,M,0.0,M,0.0,0000*5A
$GPRMC,230907.00,A,3720.789273,N,12205.965734,W,071.8,118.1,060820,,,A*40
$GPGGA,230908.00,3720.779878,N,12205.943360,W,7,,0.38,63.02,M,0.0,M,0.0,0000*5D
$GPRMC,230908.00,A,3720.779878,N,12205.943360,W,068.6,118.2,060820,,,A*45
$GPGGA,230909.00,3720.771165,N,12205.922720,W,7,,0.38,62.49,M,0.0,M,0.0,0000*58
$GPRMC,230909.00,A,3720.771165,N,12205.922720,W,066.6,117.8,060820,,,A*45
$GPGGA,230910.00,3720.762489,N,12205.901480,W,7,,0.38,62.26,M,0.0,M,0.0,0000*54
$GPRMC,230910.00,A,3720.762489,N,12205.901480,W,065.4,117.7,060820,,,A*4E
$GPGGA,230911.00,3720.753879,N,12205.879910,W,7,,0.38,62.10,M,0.0,M,0.0,0000*5B
$GPRMC,230911.00,A,3720.753879,N,12205.879910,W,064.7,117.4,060820,,,A*45
$GPGGA,230912.00,3720.745191,N,12205.858489,W,7,,0.38,62.14,M,0.0,M,0.0,0000*5A
$GPRMC,230912.00,A,3720.745191,N,12205.858489,W,063.4,117.4,060820,,,A*44
$GPGGA,230913.00,3720.736234,N,12205.836266,W,7,,0.38,61.85,M,0.0,M,0.0,0000*57
$GPRMC,230913.00,A,3720.736234,N,12205.836266,W,062.2,117.7,060820,,,A*46
$GPGGA,230914.00,3720.727143,N,12205.814702,W,7,,0.38,61.15,M,0.0,M,0.0,0000*5D
$GPRMC,230914.00,A,3720.727143,N,12205.814702,W,061.4,118.7,060820,,,A*4F
$GPGGA,230915.00,3720.717196,N,12205.792730,W,7,,0.38,60.76,M,0.0,M,0.0,0000*53
$GPRMC,230915.00,A,3720.717196,N,12205.792730,W,060.8,120.7,060820,,,A*43
$GPGGA,230916.00,3720.705928,N,12205.770649,W,7,,0.38,61.31,M,0.0,M,0.0,0000*5F
$GPRMC,230916.00,A,3720.705928,N,12205.770649,W,060.2,123.8,060820,,,A*4B
$GPGGA,230917.00,3720.694150,N,12205.748689,W,7,,0.38,60.26,M,0.0,M,0.0,0000*50
$GPRMC,230917.00,A,3720.694150,N,12205.748689,W,060.1,127.1,060820,,,A*4D
$GPGGA,230918.00,3720.680517,N,12205.727749,W,7,,0.38,61.14,M,0.0,M,0.0,0000*59
$GPRMC,230918.00,A,3720.680517,N,12205.727749,W,061.0,130.2,060820,,,A*41
$GPGGA,230919.00,3720.666351,N,12205.707380,W,7,,0.38,61.63,M,0.0,M,0.0,0000*57
$GPRMC,230919.00,A,3720.666351,N,12205.707380,W,062.1,132.9,060820,,,A*44
$GPGGA,230920.00,3720.651657,N,12205.686722,W,7,,0.38,60.81,M,0.0,M,0.0,0000*53
$GPRMC,230920.00,A,3720.651657,N,12205.686722,W,063.7,135.4,060820,,,A*40
$GPGGA,230921.00,3720.636339,N,12205.667738,W,7,,0.38,60.74,M,0.0,M,0.0,0000*50
$GPRMC,230921.00,A,3720.636339,N,12205.667738,W,064.9,136.8,060820,,,A*4F
$GPGGA,230922.00,3720.619509,N,12205.648411,W,7,,0.39,62.91,M,0.0,M,0.0,0000*56
$GPRMC,230922.00,A,3720.619509,N,12205.648411,W,068.3,137.5,060820,,,A*4B
$GPGGA,230923.00,3720.602386,N,12205.627915,W,7,,0.38,61.40,M,0.0,M,0.0,0000*52
$GPRMC,230923.00,A,3720.602386,N,12205.627915,W,071.7,137.3,060820,,,A*4B
$GPGGA,230924.00,3720.577821,N,12205.597645,W,7,,0.38,66.68,M,0.0,M,0.0,0000*5D
$GPRMC,230924.00,A,3720.577821,N,12205.597645,W,080.9,136.6,060820,,,A*4D
$GPGGA,230925.00,3720.560463,N,12205.577576,W,7,,0.38,65.32,M,0.0,M,0.0,0000*51
$GPRMC,230925.00,A,3720.560463,N,12205.577576,W,082.9,136.2,060820,,,A*4B
$GPGGA,230926.00,3720.543309,N,12205.557145,W,7,,0.38,64.44,M,0.0,M,0.0,0000*5E
$GPRMC,230926.00,A,3720.543309,N,12205.557145,W,084.8,135.3,060820,,,A*41
$GPGGA,230927.00,3720.526167,N,12205.533601,W,7,,0.38,64.75,M,0.0,M,0.0,0000*51
$GPRMC,230927.00,A,3720.526167,N,12205.533601,W,081.1,133.2,060820,,,A*47
$GPGGA,230928.00,3720.510399,N,12205.512289,W,7,,0.38,64.44,M,0.0,M,0.0,0000*5D
$GPRMC,230928.00,A,3720.510399,N,12205.512289,W,083.0,130.6,060820,,,A*4D
$GPGGA,230929.00,3720.495238,N,12205.489202,W,7,,0.38,64.82,M,0.0,M,0.0,0000*50
$GPRMC,230929.00,A,3720.495238,N,12205.489202,W,084.9,127.5,060820,,,A*41
$GPGGA,230930.00,3720.481300,N,12205.465160,W,7,,0.38,64.63,M,0.0,M,0.0,0000*5D
$GPRMC,230930.00,A,3720.481300,N,12205.465160,W,086.9,124.2,060820,,,A*45
$GPGGA,230931.00,3720.468201,N,12205.439803,W,7,,0.38,65.64,M,0.0,M,0.0,0000*58
$GPRMC,230931.00,A,3720.468201,N,12205.439803,W,087.9,121.9,060820,,,A*49
$GPGGA,230932.00,3720.455343,N,12205.413716,W,7,,0.38,66.27,M,0.0,M,0.0,0000*55
$GPRMC,230932.00,A,3720.455343,N,12205.413716,W,087.2,121.6,060820,,,A*44
$GPGGA,230933.00,3720.443590,N,12205.389758,W,7,,0.38,65.93,M,0.0,M,0.0,0000*59
$GPRMC,230933.00,A,3720.443590,N,12205.389758,W,086.1,121.6,060820,,,A*46
$GPGGA,230934.00,3720.431590,N,12205.365433,W,7,,0.38,66.67,M,0.0,M,0.0,0000*5F
$GPRMC,230934.00,A,3720.431590,N,12205.365433,W,085.1,121.9,060820,,,A*44
$GPGGA,230935.00,3720.419518,N,12205.341362,W,7,,0.38,67.09,M,0.0,M,0.0,0000*58
$GPRMC,230935.00,A,3720.419518,N,12205.341362,W,084.3,122.3,060820,,,A*40
$GPGGA,230936.00,3720.407434,N,12205.317973,W,7,,0.38,68.05,M,0.0,M,0.0,0000*51
$GPRMC,230936.00,A,3720.407434,N,12205.317973,W,082.8,123.7,060820,,,A*42
$GPGGA,230937.00,3720.399429,N,12205.298534,W,7,,0.38,73.90,M,0.0,M,0.0,0000*53
$GPRMC,230937.00,A,3720.399429,N,12205.298534,W,077.4,123.2,060820,,,A*45
$GPGGA,230938.00,3720.387537,N,12205.276681,W,7,,0.38,75.20,M,0.0,M,0.0,0000*5D
$GPRMC,230938.00,A,3720.387537,N,12205.276681,W,077.8,124.4,060820,,,A*4B
$GPGGA,230939.00,3720.375459,N,12205.255016,W,7,,0.38,76.01,M,0.0,M,0.0,0000*51
$GPRMC,230939.00,A,3720.375459,N,12205.255016,W,077.3,124.9,060820,,,A*41
$GPGGA,230940.00,3720.362560,N,12205.232150,W,7,,0.38,77.28,M,0.0,M,0.0,0000*5A
$GPRMC,230940.00,A,3720.362560,N,12205.232150,W,079.3,125.2,060820,,,A*44
$GPGGA,230941.00,3720.350458,N,12205.210627,W,7,,0.38,78.62,M,0.0,M,0.0,0000*56
$GPRMC,230941.00,A,3720.350458,N,12205.210627,W,079.5,125.0,060820,,,A*4D
$GPGGA,230942.00,3720.338139,N,12205.188541,W,7,,0.38,79.90,M,0.0,M,0.0,0000*54
$GPRMC,230942.00,A,3720.338139,N,12205.188541,W,078.5,125.4,060820,,,A*46
$GPGGA,230943.00,3720.325809,N,12205.166600,W,7,,0.38,81.00,M,0.0,M,0.0,0000*5B
$GPRMC,230943.00,A,3720.325809,N,12205.166600,W,077.9,125.2,060820,,,A*42
$GPGGA,230944.00,3720.313365,N,12205.144586,W,7,,0.38,81.72,M,0.0,M,0.0,0000*50
$GPRMC,230944.00,A,3720.313365,N,12205.144586,W,077.6,125.4,060820,,,A*45
$GPGGA,230945.00,3720.301065,N,12205.122866,W,7,,0.38,82.29,M,0.0,M,0.0,0000*5F
$GPRMC,230945.00,A,3720.301065,N,12205.122866,W,077.6,125.2,060820,,,A*41
$GPGGA,230946.00,3720.288688,N,12205.101103,W,7,,0.38,83.16,M,0.0,M,0.0,0000*5F
$GPRMC,230946.00,A,3720.288688,N,12205.101103,W,077.3,126.2,060820,,,A*4A
$GPGGA,230947.00,3720.275848,N,12205.079587,W,7,,0.38,83.66,M,0.0,M,0.0,0000*5F
$GPRMC,230947.00,A,3720.275848,N,12205.079587,W,077.5,127.5,060820,,,A*4D
$GPGGA,230948.00,3720.262005,N,12205.057496,W,7,,0.38,83.63,M,0.0,M,0.0,0000*5F
$GPRMC,230948.00,A,3720.262005,N,12205.057496,W,078.2,128.5,060820,,,A*4F
$GPGGA,230949.00,3720.248871,N,12205.036952,W,7,,0.38,83.29,M,0.0,M,0.0,0000*51
$GPRMC,230949.00,A,3720.248871,N,12205.036952,W,078.9,129.1,060820,,,A*41
$GPGGA,230950.00,3720.234904,N,12205.016174,W,7,,0.38,82.80,M,0.0,M,0.0,0000*5D
$GPRMC,230950.00,A,3720.234904,N,12205.016174,W,078.7,130.2,060820,,,A*4A
$GPGGA,230951.00,3720.220540,N,12204.995174,W,7,,0.38,82.08,M,0.0,M,0.0,0000*56
$GPRMC,230951.00,A,3720.220540,N,12204.995174,W,079.4,130.6,060820,,,A*47
$GPGGA,230952.00,3720.206200,N,12204.974413,W,7,,0.38,81.28,M,0.0,M,0.0,0000*58
$GPRMC,230952.00,A,3720.206200,N,12204.974413,W,079.7,131.0,060820,,,A*4C
$GPGGA,230953.00,3720.191151,N,12204.953054,W,7,,0.38,80.29,M,0.0,M,0.0,0000*51
$GPRMC,230953.00,A,3720.191151,N,12204.953054,W,079.8,130.9,060820,,,A*42
$GPGGA,230954.00,3720.177147,N,12204.932876,W,7,,0.38,79.30,M,0.0,M,0.0,0000*58
$GPRMC,230954.00,A,3720.177147,N,12204.932876,W,080.1,130.7,060820,,,A*44
$GPGGA,230955.00,3720.162555,N,12204.911839,W,7,,0.38,77.96,M,0.0,M,0.0,0000*52
$GPRMC,230955.00,A,3720.162555,N,12204.911839,W,079.9,130.7,060820,,,A*42
$GPGGA,230956.00,3720.147519,N,12204.890264,W,7,,0.38,76.93,M,0.0,M,0.0,0000*50
$GPRMC,230956.00,A,3720.147519,N,12204.890264,W,080.1,131.1,060820,,,A*4D
$GPGGA,230957.00,3720.133090,N,12204.869510,W,7,,0.38,76.12,M,0.0,M,0.0,0000*5D
$GPRMC,230957.00,A,3720.133090,N,12204.869510,W,079.6,131.1,060820,,,A*48
$GPGGA,230958.00,3720.119073,N,12204.849547,W,7,,0.38,75.78,M,0.0,M,0.0,0000*58
$GPRMC,230958.00,A,3720.119073,N,12204.849547,W,079.1,131.3,060820,,,A*47
$GPGGA,230959.00,3720.104583,N,12204.828781,W,7,,0.38,75.76,M,0.0,M,0.0,0000*5E
$GPRMC,230959.00,A,3720.104583,N,12204.828781,W,078.5,131.0,060820,,,A*49
$GPGGA,231000.00,3720.090808,N,12204.807943,W,7,,0.38,76.36,M,0.0,M,0.0,0000*52
$GPRMC,231000.00,A,3720.090808,N,12204.807943,W,078.2,128.6,060820,,,A*4B
$GPGGA,231001.00,3720.077223,N,12204.785906,W,7,,0.38,77.11,M,0.0,M,0.0,0000*59
$GPRMC,231001.00,A,3720.077223,N,12204.785906,W,078.4,126.2,060820,,,A*48
$GPGGA,231002.00,3720.065170,N,12204.763963,W,7,,0.38,77.76,M,0.0,M,0.0,0000*56
$GPRMC,231002.00,A,3720.065170,N,12204.763963,W,079.2,122.8,060820,,,A*4F
$GPGGA,231003.00,3720.055215,N,12204.743276,W,7,,0.38,78.48,M,0.0,M,0.0,0000*5B
$GPRMC,231003.00,A,3720.055215,N,12204.743276,W,074.9,120.1,060820,,,A*4D
$GPGGA,231004.00,3720.045153,N,12204.719852,W,7,,0.38,79.20,M,0.0,M,0.0,0000*50
$GPRMC,231004.00,A,3720.045153,N,12204.719852,W,074.8,117.4,060820,,,A*49
$GPGGA,231005.00,3720.036225,N,12204.696602,W,7,,0.38,80.06,M,0.0,M,0.0,0000*58
$GPRMC,231005.00,A,3720.036225,N,12204.696602,W,074.4,114.5,060820,,,A*4D
$GPGGA,231006.00,3720.028635,N,12204.673441,W,7,,0.38,80.89,M,0.0,M,0.0,0000*58
$GPRMC,231006.00,A,3720.028635,N,12204.673441,W,073.9,110.8,060820,,,A*49
$GPGGA,231007.00,3720.021909,N,12204.649382,W,7,,0.38,81.19,M,0.0,M,0.0,0000*59
$GPRMC,231007.00,A,3720.021909,N,12204.649382,W,073.5,108.0,060820,,,A*4D
$GPGGA,231008.00,3720.016221,N,12204.624943,W,7,,0.38,81.29,M,0.0,M,0.0,0000*5C
$GPRMC,231008.00,A,3720.016221,N,12204.624943,W,073.3,105.3,060820,,,A*43
$GPGGA,231009.00,3720.011235,N,12204.599426,W,7,,0.38,81.11,M,0.0,M,0.0,0000*5F
$GPRMC,231009.00,A,3720.011235,N,12204.599426,W,073.3,102.5,060820,,,A*4A
$GPGGA,231010.00,3720.007533,N,12204.574910,W,7,,0.38,81.20,M,0.0,M,0.0,0000*58
$GPRMC,231010.00,A,3720.007533,N,12204.574910,W,073.6,099.9,060820,,,A*45
$GPGGA,231011.00,3720.004689,N,12204.549476,W,7,,0.38,81.02,M,0.0,M,0.0,0000*5B
$GPRMC,231011.00,A,3720.004689,N,12204.549476,W,073.8,096.9,060820,,,A*47
$GPGGA,231012.00,3720.002979,N,12204.522955,W,7,,0.38,80.15,M,0.0,M,0.0,0000*58
$GPRMC,231012.00,A,3720.002979,N,12204.522955,W,074.3,093.1,060820,,,A*42
$GPGGA,231013.00,3720.002518,N,12204.497774,W,7,,0.38,79.40,M,0.0,M,0.0,0000*56
$GPRMC,231013.00,A,3720.002518,N,12204.497774,W,074.5,090.6,060820,,,A*48
$GPGGA,231014.00,3720.003076,N,12204.472045,W,7,,0.38,78.40,M,0.0,M,0.0,0000*52
$GPRMC,231014.00,A,3720.003076,N,12204.472045,W,074.4,086.9,060820,,,A*44
$GPGGA,231015.00,3720.004695,N,12204.446426,W,7,,0.38,77.91,M,0.0,M,0.0,0000*5A
$GPRMC,231015.00,A,3720.004695,N,12204.446426,W,073.7,084.1,060820,,,A*41
$GPGGA,231016.00,3720.007245,N,12204.420901,W,7,,0.38,76.44,M,0.0,M,0.0,0000*52
$GPRMC,231016.00,A,3720.007245,N,12204.420901,W,074.2,081.5,060820,,,A*43
$GPGGA,231017.00,3720.010876,N,12204.395221,W,7,,0.38,75.20,M,0.0,M,0.0,0000*5E
$GPRMC,231017.00,A,3720.010876,N,12204.395221,W,074.4,079.0,060820,,,A*4A
$GPGGA,231018.00,3720.014943,N,12204.369848,W,7,,0.38,73.96,M,0.0,M,0.0,0000*5F
$GPRMC,231018.00,A,3720.014943,N,12204.369848,W,074.0,077.7,060820,,,A*4D
$GPGGA,231019.00,3720.019389,N,12204.344948,W,7,,0.38,73.23,M,0.0,M,0.0,0000*5F
$GPRMC,231019.00,A,3720.019389,N,12204.344948,W,072.6,077.4,060820,,,A*40
$GPGGA,231020.00,3720.024166,N,12204.318392,W,7,,0.38,73.18,M,0.0,M,0.0,0000*54
$GPRMC,231020.00,A,3720.024166,N,12204.318392,W,073.3,077.3,060820,,,A*40
$GPGGA,231021.00,3720.028678,N,12204.294139,W,7,,0.38,72.68,M,0.0,M,0.0,0000*51
$GPRMC,231021.00,A,3720.028678,N,12204.294139,W,072.6,077.1,060820,,,A*45
$GPGGA,231022.00,3720.033261,N,12204.269474,W,7,,0.38,72.33,M,0.0,M,0.0,0000*54
$GPRMC,231022.00,A,3720.033261,N,12204.269474,W,072.7,076.9,060820,,,A*46
$GPGGA,231023.00,3720.037857,N,12204.244724,W,7,,0.38,72.18,M,0.0,M,0.0,0000*5E
$GPRMC,231023.00,A,3720.037857,N,12204.244724,W,072.9,077.0,060820,,,A*43
$GPGGA,231024.00,3720.042538,N,12204.219722,W,7,,0.38,73.80,M,0.0,M,0.0,0000*51
$GPRMC,231024.00,A,3720.042538,N,12204.219722,W,072.9,077.5,060820,,,A*49
$GPGGA,231025.00,3720.046882,N,12204.194888,W,7,,0.38,72.61,M,0.0,M,0.0,0000*5F
$GPRMC,231025.00,A,3720.046882,N,12204.194888,W,072.8,078.1,060820,,,A*43
$GPGGA,231026.00,3720.050788,N,12204.169951,W,7,,0.38,71.65,M,0.0,M,0.0,0000*5E
$GPRMC,231026.00,A,3720.050788,N,12204.169951,W,072.8,079.8,060820,,,A*4D
$GPGGA,231027.00,3720.053949,N,12204.144956,W,7,,0.38,70.87,M,0.0,M,0.0,0000*5A
$GPRMC,231027.00,A,3720.053949,N,12204.144956,W,072.0,082.3,060820,,,A*43
$GPGGA,231028.00,3720.056277,N,12204.119390,W,7,,0.38,69.70,M,0.0,M,0.0,0000*5E
$GPRMC,231028.00,A,3720.056277,N,12204.119390,W,070.4,084.7,060820,,,A*43
$GPGGA,231029.00,3720.057489,N,12204.094909,W,7,,0.38,68.78,M,0.0,M,0.0,0000*5E
$GPRMC,231029.00,A,3720.057489,N,12204.094909,W,071.4,087.3,060820,,,A*4C
$GPGGA,231030.00,3720.057807,N,12204.070033,W,7,,0.38,67.34,M,0.0,M,0.0,0000*51
$GPRMC,231030.00,A,3720.057807,N,12204.070033,W,071.6,090.1,060820,,,A*42
$GPGGA,231031.00,3720.057316,N,12204.044708,W,7,,0.38,66.12,M,0.0,M,0.0,0000*56
$GPRMC,231031.00,A,3720.057316,N,12204.044708,W,072.7,092.8,060820,,,A*49
$GPGGA,231032.00,3720.055714,N,12204.019093,W,7,,0.38,64.95,M,0.0,M,0.0,0000*51
$GPRMC,231032.00,A,3720.055714,N,12204.019093,W,073.3,095.7,060820,,,A*4E
$GPGGA,231033.00,3720.052995,N,12203.992969,W,7,,0.38,63.62,M,0.0,M,0.0,0000*5E
$GPRMC,231033.00,A,3720.052995,N,12203.992969,W,073.7,098.5,060820,,,A*45
$GPGGA,231034.00,3720.049516,N,12203.968435,W,7,,0.38,62.41,M,0.0,M,0.0,0000*55
$GPRMC,231034.00,A,3720.049516,N,12203.968435,W,074.4,100.8,060820,,,A*47
$GPGGA,231035.00,3720.045106,N,12203.942755,W,7,,0.38,61.43,M,0.0,M,0.0,0000*51
$GPRMC,231035.00,A,3720.045106,N,12203.942755,W,075.2,102.8,060820,,,A*47
$GPGGA,231036.00,3720.039723,N,12203.916854,W,7,,0.38,60.45,M,0.0,M,0.0,0000*50
$GPRMC,231036.00,A,3720.039723,N,12203.916854,W,074.8,105.7,060820,,,A*42
$GPGGA,231037.00,3720.033801,N,12203.892968,W,7,,0.38,59.40,M,0.0,M,0.0,0000*58
$GPRMC,231037.00,A,3720.033801,N,12203.892968,W,074.2,108.2,060820,,,A*47
$GPGGA,231038.00,3720.026913,N,12203.868974,W,7,,0.38,58.28,M,0.0,M,0.0,0000*56
$GPRMC,231038.00,A,3720.026913,N,12203.868974,W,073.5,110.9,060820,,,A*44
$GPGGA,231039.00,3720.019215,N,12203.845286,W,7,,0.38,57.48,M,0.0,M,0.0,0000*56
$GPRMC,231039.00,A,3720.019215,N,12203.845286,W,072.8,113.0,060820,,,A*4B
$GPGGA,231040.00,3720.011193,N,12203.822287,W,7,,0.38,57.02,M,0.0,M,0.0,0000*53
$GPRMC,231040.00,A,3720.011193,N,12203.822287,W,072.6,113.8,060820,,,A*46
$GPGGA,231041.00,3720.002674,N,12203.798012,W,7,,0.38,56.27,M,0.0,M,0.0,0000*58
$GPRMC,231041.00,A,3720.002674,N,12203.798012,W,074.8,113.2,060820,,,A*49
$GPGGA,231042.00,3719.994441,N,12203.774749,W,7,,0.38,55.70,M,0.0,M,0.0,0000*59
$GPRMC,231042.00,A,3719.994441,N,12203.774749,W,076.8,113.4,060820,,,A*4D
$GPGGA,231043.00,3719.985513,N,12203.749850,W,7,,0.38,55.23,M,0.0,M,0.0,0000*51
$GPRMC,231043.00,A,3719.985513,N,12203.749850,W,079.0,113.9,060820,,,A*49
$GPGGA,231044.00,3719.978949,N,12203.728112,W,7,,0.38,55.89,M,0.0,M,0.0,0000*5F
$GPRMC,231044.00,A,3719.978949,N,12203.728112,W,074.6,113.1,060820,,,A*44
$GPGGA,231045.00,3719.970909,N,12203.704531,W,7,,0.38,55.42,M,0.0,M,0.0,0000*5E
$GPRMC,231045.00,A,3719.970909,N,12203.704531,W,074.9,112.9,060820,,,A*44
$GPGGA,231046.00,3719.963134,N,12203.681030,W,7,,0.38,55.41,M,0.0,M,0.0,0000*52
$GPRMC,231046.00,A,3719.963134,N,12203.681030,W,075.6,111.9,060820,,,A*46
$GPGGA,231047.00,3719.955640,N,12203.656814,W,7,,0.38,54.99,M,0.0,M,0.0,0000*52
$GPRMC,231047.00,A,3719.955640,N,12203.656814,W,075.3,110.6,060820,,,A*49
$GPGGA,231048.00,3719.948655,N,12203.632472,W,7,,0.38,54.87,M,0.0,M,0.0,0000*54
$GPRMC,231048.00,A,3719.948655,N,12203.632472,W,074.6,109.2,060820,,,A*48
$GPGGA,231049.00,3719.941977,N,12203.607313,W,7,,0.38,54.80,M,0.0,M,0.0,0000*52
$GPRMC,231049.00,A,3719.941977,N,12203.607313,W,074.3,107.5,060820,,,A*45
$GPGGA,231050.00,3719.936553,N,12203.584135,W,7,,0.38,54.59,M,0.0,M,0.0,0000*5A
$GPRMC,231050.00,A,3719.936553,N,12203.584135,W,071.5,105.0,060820,,,A*4D
$GPGGA,231051.00,3719.931976,N,12203.560981,W,7,,0.38,54.34,M,0.0,M,0.0,0000*51
$GPRMC,231051.00,A,3719.931976,N,12203.560981,W,068.1,102.2,060820,,,A*44
$GPGGA,231052.00,3719.928933,N,12203.537582,W,7,,0.38,54.20,M,0.0,M,0.0,0000*53
$GPRMC,231052.00,A,3719.928933,N,12203.537582,W,064.7,098.8,060820,,,A*41
$GPGGA,231053.00,3719.927253,N,12203.516047,W,7,,0.38,54.08,M,0.0,M,0.0,0000*55
$GPRMC,231053.00,A,3719.927253,N,12203.516047,W,061.5,095.6,060820,,,A*49
$GPGGA,231054.00,3719.925537,N,12203.496973,W,7,,0.38,54.31,M,0.0,M,0.0,0000*58
$GPRMC,231054.00,A,3719.925537,N,12203.496973,W,059.0,092.9,060820,,,A*48
$GPGGA,231055.00,3719.924704,N,12203.476358,W,7,,0.38,54.38,M,0.0,M,0.0,0000*5E
$GPRMC,231055.00,A,3719.924704,N,12203.476358,W,059.6,090.7,060820,,,A*4D
$GPGGA,231056.00,3719.924295,N,12203.455958,W,7,,0.38,54.54,M,0.0,M,0.0,0000*51
$GPRMC,231056.00,A,3719.924295,N,12203.455958,W,058.1,090.9,060820,,,A*40
$GPGGA,231057.00,3719.923707,N,12203.436326,W,7,,0.38,59.31,M,0.0,M,0.0,0000*51
$GPRMC,231057.00,A,3719.923707,N,12203.436326,W,054.2,091.7,060820,,,A*4E
$GPGGA,231058.00,3719.923521,N,12203.418092,W,7,,0.38,57.42,M,0.0,M,0.0,0000*52
$GPRMC,231058.00,A,3719.923521,N,12203.418092,W,049.9,090.7,060820,,,A*41
$GPGGA,231059.00,3719.924223,N,12203.395310,W,7,,0.38,56.51,M,0.0,M,0.0,0000*59
$GPRMC,231059.00,A,3719.924223,N,12203.395310,W,052.5,088.4,060820,,,A*45
$GPGGA,231100.00,3719.925207,N,12203.377184,W,7,,0.38,56.05,M,0.0,M,0.0,0000*51
$GPRMC,231100.00,A,3719.925207,N,12203.377184,W,050.1,085.4,060820,,,A*47
$GPGGA,231101.00,3719.926678,N,12203.360629,W,7,,0.38,55.69,M,0.0,M,0.0,0000*50
$GPRMC,231101.00,A,3719.926678,N,12203.360629,W,048.5,083.4,060820,,,A*44
$GPGGA,231102.00,3719.928519,N,12203.344496,W,7,,0.38,55.23,M,0.0,M,0.0,0000*57
$GPRMC,231102.00,A,3719.928519,N,12203.344496,W,046.0,082.1,060820,,,A*42
$GPGGA,231103.00,3719.930565,N,12203.329237,W,7,,0.39,54.61,M,0.0,M,0.0,0000*54
$GPRMC,231103.00,A,3719.930565,N,12203.329237,W,043.4,080.6,060820,,,A*43
$GPGGA,231104.00,3719.932708,N,12203.314891,W,7,,0.39,54.73,M,0.0,M,0.0,0000*53
$GPRMC,231104.00,A,3719.932708,N,12203.314891,W,041.1,079.0,060820,,,A*40
$GPGGA,231105.00,3719.935011,N,12203.300306,W,7,,0.38,53.80,M,0.0,M,0.0,0000*50
$GPRMC,231105.00,A,3719.935011,N,12203.300306,W,039.8,078.0,060820,,,A*4E
$GPGGA,231106.00,3719.937537,N,12203.286980,W,7,,0.38,54.23,M,0.0,M,0.0,0000*55
$GPRMC,231106.00,A,3719.937537,N,12203.286980,W,036.4,077.1,060820,,,A*48
$GPGGA,231107.00,3719.939818,N,12203.275951,W,7,,0.38,54.02,M,0.0,M,0.0,0000*59
$GPRMC,231107.00,A,3719.939818,N,12203.275951,W,030.1,078.3,060820,,,A*49
$GPGGA,231108.00,3719.941035,N,12203.266591,W,7,,0.38,53.94,M,0.0,M,0.0,0000*54
$GPRMC,231108.00,A,3719.941035,N,12203.266591,W,023.3,087.6,060820,,,A*49
$GPGGA,231109.00,3719.940406,N,12203.260034,W,7,,0.38,53.78,M,0.0,M,0.0,0000*5E
$GPRMC,231109.00,A,3719.940406,N,12203.260034,W,017.2,104.2,060820,,,A*49
$GPGGA,231110.00,3719.938263,N,12203.255492,W,7,,0.38,53.59,M,0.0,M,0.0,0000*51
$GPRMC,231110.00,A,3719.938263,N,12203.255492,W,014.1,123.7,060820,,,A*45
$GPGGA,231111.00,3719.933919,N,12203.250649,W,7,,1.59,54.14,M,0.0,M,0.0,0000*54
$GPRMC,231111.00,A,3719.933919,N,12203.250649,W,023.2,136.8,060820,,,A*44
$GPGGA,231112.00,3719.927776,N,12203.246804,W,7,,2.34,54.88,M,0.0,M,0.0,0000*58
$GPRMC,231112.00,A,3719.927776,N,12203.246804,W,025.2,156.8,060820,,,A*45
$GPGGA,231113.00,3719.920000,N,12203.243593,W,7,,3.09,56.40,M,0.0,M,0.0,0000*57
$GPRMC,231113.00,A,3719.920000,N,12203.243593,W,025.6,175.0,060820,,,A*4E
$GPGGA,231114.00,3719.911912,N,12203.242472,W,7,,3.68,57.88,M,0.0,M,0.0,0000*55
$GPRMC,231114.00,A,3719.911912,N,12203.242472,W,025.3,192.6,060820,,,A*44
$GPGGA,231115.00,3719.905791,N,12203.246372,W,7,,0.39,58.66,M,0.0,M,0.0,0000*5F
$GPRMC,231115.00,A,3719.905791,N,12203.246372,W,025.0,210.2,060820,,,A*48
$GPGGA,231116.00,3719.901315,N,12203.252905,W,7,,0.38,59.47,M,0.0,M,0.0,0000*5C
$GPRMC,231116.00,A,3719.901315,N,12203.252905,W,024.3,232.8,060820,,,A*40
$GPGGA,231117.00,3719.898687,N,12203.260885,W,7,,0.38,59.86,M,0.0,M,0.0,0000*57
$GPRMC,231117.00,A,3719.898687,N,12203.260885,W,024.3,249.2,060820,,,A*40
$GPGGA,231118.00,3719.898124,N,12203.269663,W,7,,0.38,60.43,M,0.0,M,0.0,0000*5A
$GPRMC,231118.00,A,3719.898124,N,12203.269663,W,025.1,268.4,060820,,,A*48
$GPGGA,231119.00,3719.900350,N,12203.278562,W,7,,0.38,60.69,M,0.0,M,0.0,0000*50
$GPRMC,231119.00,A,3719.900350,N,12203.278562,W,026.2,287.3,060820,,,A*4C
$GPGGA,231120.00,3719.904898,N,12203.286662,W,7,,0.38,61.02,M,0.0,M,0.0,0000*5F
$GPRMC,231120.00,A,3719.904898,N,12203.286662,W,028.1,304.3,060820,,,A*48
$GPGGA,231121.00,3719.910939,N,12203.294402,W,7,,0.38,61.25,M,0.0,M,0.0,0000*53
$GPRMC,231121.00,A,3719.910939,N,12203.294402,W,030.8,312.6,060820,,,A*43
$GPGGA,231122.00,3719.917941,N,12203.302832,W,7,,0.38,61.67,M,0.0,M,0.0,0000*5F
$GPRMC,231122.00,A,3719.917941,N,12203.302832,W,034.9,314.9,060820,,,A*45
$GPGGA,231123.00,3719.926155,N,12203.312198,W,7,,0.38,61.23,M,0.0,M,0.0,0000*59
$GPRMC,231123.00,A,3719.926155,N,12203.312198,W,039.3,317.4,060820,,,A*4A
$GPGGA,231124.00,3719.935239,N,12203.322008,W,7,,0.38,61.23,M,0.0,M,0.0,0000*5E
$GPRMC,231124.00,A,3719.935239,N,12203.322008,W,043.0,318.1,060820,,,A*49
$GPGGA,231125.00,3719.945110,N,12203.332867,W,7,,0.38,61.19,M,0.0,M,0.0,0000*59
$GPRMC,231125.00,A,3719.945110,N,12203.332867,W,046.2,318.6,060820,,,A*47
$GPGGA,231126.00,3719.955807,N,12203.343968,W,7,,0.38,60.66,M,0.0,M,0.0,0000*55
$GPRMC,231126.00,A,3719.955807,N,12203.343968,W,049.6,319.2,060820,,,A*4C
$GPGGA,231127.00,3719.967136,N,12203.355961,W,7,,0.38,60.62,M,0.0,M,0.0,0000*54
$GPRMC,231127.00,A,3719.967136,N,12203.355961,W,052.7,319.4,060820,,,A*44
$GPGGA,231128.00,3719.978812,N,12203.368724,W,7,,0.38,60.18,M,0.0,M,0.0,0000*56
$GPRMC,231128.00,A,3719.978812,N,12203.368724,W,054.9,320.5,060820,,,A*48
$GPGGA,231129.00,3719.991028,N,12203.381545,W,7,,0.38,59.79,M,0.0,M,0.0,0000*5E
$GPRMC,231129.00,A,3719.991028,N,12203.381545,W,056.6,321.7,060820,,,A*43
$GPGGA,231130.00,3720.003267,N,12203.394104,W,7,,0.38,59.46,M,0.0,M,0.0,0000*5E
$GPRMC,231130.00,A,3720.003267,N,12203.394104,W,056.9,322.6,060820,,,A*42
$GPGGA,231131.00,3720.015442,N,12203.406740,W,7,,0.38,59.06,M,0.0,M,0.0,0000*57
$GPRMC,231131.00,A,3720.015442,N,12203.406740,W,056.8,321.8,060820,,,A*43
$GPGGA,231132.00,3720.027759,N,12203.419243,W,7,,0.38,58.48,M,0.0,M,0.0,0000*5F
$GPRMC,231132.00,A,3720.027759,N,12203.419243,W,056.9,321.7,060820,,,A*4E
$GPGGA,231133.00,3720.040474,N,12203.432257,W,7,,0.38,57.84,M,0.0,M,0.0,0000*50
$GPRMC,231133.00,A,3720.040474,N,12203.432257,W,058.3,323.0,060820,,,A*4F
$GPGGA,231134.00,3720.053446,N,12203.445422,W,7,,0.38,57.00,M,0.0,M,0.0,0000*5C
$GPRMC,231134.00,A,3720.053446,N,12203.445422,W,059.6,323.0,060820,,,A*4B
$GPGGA,231135.00,3720.066489,N,12203.458214,W,7,,0.38,55.84,M,0.0,M,0.0,0000*59
$GPRMC,231135.00,A,3720.066489,N,12203.458214,W,060.0,324.3,060820,,,A*48
$GPGGA,231136.00,3720.079995,N,12203.470513,W,7,,0.38,55.20,M,0.0,M,0.0,0000*50
$GPRMC,231136.00,A,3720.079995,N,12203.470513,W,059.9,325.5,060820,,,A*4B
$GPGGA,231137.00,3720.093982,N,12203.482135,W,7,,0.38,54.25,M,0.0,M,0.0,0000*5A
$GPRMC,231137.00,A,3720.093982,N,12203.482135,W,059.9,327.1,060820,,,A*43
$GPGGA,231138.00,3720.107973,N,12203.493314,W,7,,0.38,53.17,M,0.0,M,0.0,0000*50
$GPRMC,231138.00,A,3720.107973,N,12203.493314,W,059.7,328.4,060820,,,A*4B
$GPGGA,231139.00,3720.122158,N,12203.504000,W,7,,0.38,52.68,M,0.0,M,0.0,0000*57
$GPRMC,231139.00,A,3720.122158,N,12203.504000,W,059.5,330.7,060820,,,A*4D
$GPGGA,231140.00,3720.136803,N,12203.513870,W,7,,0.38,51.82,M,0.0,M,0.0,0000*55
$GPRMC,231140.00,A,3720.136803,N,12203.513870,W,059.2,332.6,060820,,,A*4C
$GPGGA,231141.00,3720.151761,N,12203.523188,W,7,,0.38,50.66,M,0.0,M,0.0,0000*58
$GPRMC,231141.00,A,3720.151761,N,12203.523188,W,059.0,334.8,060820,,,A*40
$GPGGA,231142.00,3720.166863,N,12203.531869,W,7,,0.38,49.55,M,0.0,M,0.0,0000*5F
$GPRMC,231142.00,A,3720.166863,N,12203.531869,W,059.3,336.5,060820,,,A*43
$GPGGA,231143.00,3720.182037,N,12203.540029,W,7,,0.38,48.40,M,0.0,M,0.0,0000*52
$GPRMC,231143.00,A,3720.182037,N,12203.540029,W,059.5,338.3,060820,,,A*45
$GPGGA,231144.00,3720.197211,N,12203.547692,W,7,,0.38,47.46,M,0.0,M,0.0,0000*5F
$GPRMC,231144.00,A,3720.197211,N,12203.547692,W,059.6,339.5,060820,,,A*45
$GPGGA,231145.00,3720.212632,N,12203.554916,W,7,,0.38,48.17,M,0.0,M,0.0,0000*5F
$GPRMC,231145.00,A,3720.212632,N,12203.554916,W,059.4,340.6,060820,,,A*41
$GPGGA,231146.00,3720.228280,N,12203.561450,W,7,,0.38,46.97,M,0.0,M,0.0,0000*57
$GPRMC,231146.00,A,3720.228280,N,12203.561450,W,059.4,342.5,060820,,,A*4E
$GPGGA,231147.00,3720.244017,N,12203.566903,W,7,,0.38,45.98,M,0.0,M,0.0,0000*50
$GPRMC,231147.00,A,3720.244017,N,12203.566903,W,059.2,345.9,060820,,,A*48
$GPGGA,231148.00,3720.260097,N,12203.571878,W,7,,0.38,45.93,M,0.0,M,0.0,0000*51
$GPRMC,231148.00,A,3720.260097,N,12203.571878,W,059.3,348.1,060820,,,A*46
$GPGGA,231149.00,3720.276286,N,12203.575921,W,7,,0.38,45.01,M,0.0,M,0.0,0000*57
$GPRMC,231149.00,A,3720.276286,N,12203.575921,W,059.4,350.2,060820,,,A*46
$GPGGA,231150.00,3720.292203,N,12203.579576,W,7,,0.38,44.70,M,0.0,M,0.0,0000*5D
$GPRMC,231150.00,A,3720.292203,N,12203.579576,W,058.3,351.7,060820,,,A*49
$GPGGA,231151.00,3720.308217,N,12203.582383,W,7,,0.38,44.56,M,0.0,M,0.0,0000*57
$GPRMC,231151.00,A,3720.308217,N,12203.582383,W,057.9,353.5,060820,,,A*42
$GPGGA,231152.00,3720.323968,N,12203.584460,W,7,,0.38,44.44,M,0.0,M,0.0,0000*51
$GPRMC,231152.00,A,3720.323968,N,12203.584460,W,057.6,355.4,060820,,,A*4F
$GPGGA,231153.00,3720.339993,N,12203.585947,W,7,,0.38,44.07,M,0.0,M,0.0,0000*51
$GPRMC,231153.00,A,3720.339993,N,12203.585947,W,058.1,356.7,060820,,,A*40
$GPGGA,231154.00,3720.356290,N,12203.586626,W,7,,0.38,43.88,M,0.0,M,0.0,0000*5C
$GPRMC,231154.00,A,3720.356290,N,12203.586626,W,058.5,358.7,060820,,,A*47
$GPGGA,231155.00,3720.372556,N,12203.586847,W,7,,0.38,43.63,M,0.0,M,0.0,0000*5A
$GPRMC,231155.00,A,3720.372556,N,12203.586847,W,058.6,359.9,060820,,,A*48
$GPGGA,231156.00,3720.388900,N,12203.586584,W,7,,0.38,43.12,M,0.0,M,0.0,0000*57
$GPRMC,231156.00,A,3720.388900,N,12203.586584,W,058.7,000.5,060820,,,A*41
$GPGGA,231157.00,3720.405267,N,12203.586433,W,7,,0.38,42.96,M,0.0,M,0.0,0000*5E
$GPRMC,231157.00,A,3720.405267,N,12203.586433,W,059.1,000.6,060820,,,A*41
$GPGGA,231158.00,3720.421935,N,12203.586314,W,7,,0.38,42.90,M,0.0,M,0.0,0000*5F
$GPRMC,231158.00,A,3720.421935,N,12203.586314,W,059.8,001.3,060820,,,A*4B
$GPGGA,231159.00,3720.438592,N,12203.585875,W,7,,0.38,42.69,M,0.0,M,0.0,0000*5E
$GPRMC,231159.00,A,3720.438592,N,12203.585875,W,060.4,001.2,060820,,,A*4B
$GPGGA,231200.00,3720.455529,N,12203.585480,W,7,,0.38,42.43,M,0.0,M,0.0,0000*54
$GPRMC,231200.00,A,3720.455529,N,12203.585480,W,061.0,000.9,060820,,,A*46
$GPGGA,231201.00,3720.472575,N,12203.585336,W,7,,0.38,42.37,M,0.0,M,0.0,0000*50
$GPRMC,231201.00,A,3720.472575,N,12203.585336,W,061.7,000.3,060820,,,A*4C
$GPGGA,231202.00,3720.489886,N,12203.585611,W,7,,0.38,42.01,M,0.0,M,0.0,0000*53
$GPRMC,231202.00,A,3720.489886,N,12203.585611,W,062.6,359.3,060820,,,A*47
$GPGGA,231203.00,3720.507640,N,12203.586133,W,7,,0.38,41.82,M,0.0,M,0.0,0000*5D
$GPRMC,231203.00,A,3720.507640,N,12203.586133,W,063.6,358.4,060820,,,A*46
$GPGGA,231204.00,3720.525657,N,12203.586421,W,7,,0.38,41.30,M,0.0,M,0.0,0000*53
$GPRMC,231204.00,A,3720.525657,N,12203.586421,W,064.9,358.0,060820,,,A*4D
$GPGGA,231205.00,3720.544018,N,12203.587177,W,7,,0.38,40.88,M,0.0,M,0.0,0000*5D
$GPRMC,231205.00,A,3720.544018,N,12203.587177,W,066.1,358.3,060820,,,A*48
$GPGGA,231206.00,3720.562527,N,12203.587507,W,7,,0.38,40.46,M,0.0,M,0.0,0000*52
$GPRMC,231206.00,A,3720.562527,N,12203.587507,W,067.0,359.6,060820,,,A*41
$GPGGA,231207.00,3720.581391,N,12203.587813,W,7,,0.38,39.59,M,0.0,M,0.0,0000*5D
$GPRMC,231207.00,A,3720.581391,N,12203.587813,W,068.1,359.7,060820,,,A*41
$GPGGA,231208.00,3720.600405,N,12203.587867,W,7,,0.38,39.28,M,0.0,M,0.0,0000*57
$GPRMC,231208.00,A,3720.600405,N,12203.587867,W,068.6,359.7,060820,,,A*4A
$GPGGA,231209.00,3720.619509,N,12203.588011,W,7,,0.38,38.75,M,0.0,M,0.0,0000*5C
$GPRMC,231209.00,A,3720.619509,N,12203.588011,W,069.0,359.8,060820,,,A*40
$GPGGA,231210.00,3720.638925,N,12203.588053,W,7,,0.38,38.56,M,0.0,M,0.0,0000*52
$GPRMC,231210.00,A,3720.638925,N,12203.588053,W,069.4,000.1,060820,,,A*4D
$GPGGA,231211.00,3720.658335,N,12203.587862,W,7,,0.38,38.10,M,0.0,M,0.0,0000*59
$GPRMC,231211.00,A,3720.658335,N,12203.587862,W,069.8,000.2,060820,,,A*4B
$GPGGA,231212.00,3720.680098,N,12203.591863,W,7,,0.77,34.51,M,0.0,M,0.0,0000*5F
$GPRMC,231212.00,A,3720.680098,N,12203.591863,W,069.7,000.3,060820,,,A*41
$GPGGA,231213.00,3720.698715,N,12203.591684,W,7,,0.38,34.04,M,0.0,M,0.0,0000*59
$GPRMC,231213.00,A,3720.698715,N,12203.591684,W,069.3,000.4,060820,,,A*4F
$GPGGA,231214.00,3720.718030,N,12203.591396,W,7,,0.38,33.70,M,0.0,M,0.0,0000*55
$GPRMC,231214.00,A,3720.718030,N,12203.591396,W,069.4,000.3,060820,,,A*47
$GPGGA,231215.00,3720.737368,N,12203.591324,W,7,,0.38,33.32,M,0.0,M,0.0,0000*58
$GPRMC,231215.00,A,3720.737368,N,12203.591324,W,068.9,000.1,060820,,,A*42
$GPGGA,231216.00,3720.756334,N,12203.591168,W,7,,0.38,32.89,M,0.0,M,0.0,0000*5E
$GPRMC,231216.00,A,3720.756334,N,12203.591168,W,068.4,000.2,060820,,,A*4B
$GPGGA,231217.00,3720.776008,N,12203.590957,W,7,,0.38,32.52,M,0.0,M,0.0,0000*52
$GPRMC,231217.00,A,3720.776008,N,12203.590957,W,069.0,000.4,060820,,,A*42
$GPGGA,231218.00,3720.794656,N,12203.590441,W,7,,0.38,32.11,M,0.0,M,0.0,0000*51
$GPRMC,231218.00,A,3720.794656,N,12203.590441,W,069.8,001.1,060820,,,A*4A
$GPGGA,231219.00,3720.814299,N,12203.589763,W,7,,0.38,31.69,M,0.0,M,0.0,0000*57
$GPRMC,231219.00,A,3720.814299,N,12203.589763,W,070.4,001.6,060820,,,A*43
$GPGGA,231220.00,3720.834520,N,12203.589277,W,7,,0.38,31.32,M,0.0,M,0.0,0000*54
$GPRMC,231220.00,A,3720.834520,N,12203.589277,W,071.0,001.1,060820,,,A*4C
$GPGGA,231221.00,3720.854260,N,12203.589014,W,7,,0.38,30.90,M,0.0,M,0.0,0000*5E
$GPRMC,231221.00,A,3720.854260,N,12203.589014,W,071.1,000.5,060820,,,A*4B
$GPGGA,231222.00,3720.873579,N,12203.588935,W,7,,0.38,30.64,M,0.0,M,0.0,0000*57
$GPRMC,231222.00,A,3720.873579,N,12203.588935,W,071.3,000.1,060820,,,A*4F
$GPGGA,231223.00,3720.893374,N,12203.589007,W,7,,0.38,30.34,M,0.0,M,0.0,0000*5F
$GPRMC,231223.00,A,3720.893374,N,12203.589007,W,071.3,359.7,060820,,,A*4B
$GPGGA,231224.00,3720.913233,N,12203.589379,W,7,,0.38,30.02,M,0.0,M,0.0,0000*5C
$GPRMC,231224.00,A,3720.913233,N,12203.589379,W,071.6,359.2,060820,,,A*4D
$GPGGA,231225.00,3720.933856,N,12203.590220,W,7,,0.38,29.74,M,0.0,M,0.0,0000*5A
$GPRMC,231225.00,A,3720.933856,N,12203.590220,W,072.4,358.0,060820,,,A*40
$GPGGA,231226.00,3720.953530,N,12203.591456,W,7,,0.38,29.30,M,0.0,M,0.0,0000*54
$GPRMC,231226.00,A,3720.953530,N,12203.591456,W,073.0,357.1,060820,,,A*45
$GPGGA,231227.00,3720.973732,N,12203.593262,W,7,,0.38,28.97,M,0.0,M,0.0,0000*58
$GPRMC,231227.00,A,3720.973732,N,12203.593262,W,073.2,355.8,060820,,,A*4C
$GPGGA,231228.00,3720.994623,N,12203.595853,W,7,,0.38,28.79,M,0.0,M,0.0,0000*51
$GPRMC,231228.00,A,3720.994623,N,12203.595853,W,073.4,354.4,060820,,,A*4E
$GPGGA,231229.00,3721.014795,N,12203.598992,W,7,,0.38,28.87,M,0.0,M,0.0,0000*5C
$GPRMC,231229.00,A,3721.014795,N,12203.598992,W,073.5,353.0,060820,,,A*40
$GPGGA,231230.00,3721.034565,N,12203.602640,W,7,,0.38,29.13,M,0.0,M,0.0,0000*57
$GPRMC,231230.00,A,3721.034565,N,12203.602640,W,073.7,351.5,060820,,,A*42
$GPGGA,231231.00,3721.054684,N,12203.607217,W,7,,0.38,29.83,M,0.0,M,0.0,0000*56
$GPRMC,231231.00,A,3721.054684,N,12203.607217,W,073.9,349.8,060820,,,A*40
$GPGGA,231232.00,3721.074741,N,12203.612455,W,7,,0.38,30.52,M,0.0,M,0.0,0000*5F
$GPRMC,231232.00,A,3721.074741,N,12203.612455,W,073.8,348.1,060820,,,A*44
$GPGGA,231233.00,3721.094554,N,12203.618305,W,7,,0.38,31.04,M,0.0,M,0.0,0000*5C
$GPRMC,231233.00,A,3721.094554,N,12203.618305,W,069.9,346.9,060820,,,A*49
$GPGGA,231234.00,3721.112349,N,12203.624096,W,7,,0.38,31.48,M,0.0,M,0.0,0000*50
$GPRMC,231234.00,A,3721.112349,N,12203.624096,W,066.4,345.1,060820,,,A*44
$GPGGA,231235.00,3721.129510,N,12203.630000,W,7,,0.38,31.83,M,0.0,M,0.0,0000*5E
$GPRMC,231235.00,A,3721.129510,N,12203.630000,W,063.3,344.3,060820,,,A*4C
$GPGGA,231236.00,3721.146700,N,12203.636432,W,7,,0.38,31.70,M,0.0,M,0.0,0000*58
$GPRMC,231236.00,A,3721.146700,N,12203.636432,W,062.4,343.6,060820,,,A*42
$GPGGA,231237.00,3721.162719,N,12203.642942,W,7,,0.38,34.54,M,0.0,M,0.0,0000*5D
$GPRMC,231237.00,A,3721.162719,N,12203.642942,W,061.6,341.9,060820,,,A*48
$GPGGA,231238.00,3721.178493,N,12203.649829,W,7,,0.38,33.39,M,0.0,M,0.0,0000*53
$GPRMC,231238.00,A,3721.178493,N,12203.649829,W,059.8,340.6,060820,,,A*41
$GPGGA,231239.00,3721.193919,N,12203.657072,W,7,,0.38,32.61,M,0.0,M,0.0,0000*5D
$GPRMC,231239.00,A,3721.193919,N,12203.657072,W,059.2,339.4,060820,,,A*45
$GPGGA,231240.00,3721.209226,N,12203.664686,W,7,,0.38,31.86,M,0.0,M,0.0,0000*53
$GPRMC,231240.00,A,3721.209226,N,12203.664686,W,059.1,338.2,060820,,,A*45
$GPGGA,231241.00,3721.224489,N,12203.672498,W,7,,0.38,31.00,M,0.0,M,0.0,0000*5A
$GPRMC,231241.00,A,3721.224489,N,12203.672498,W,058.9,337.6,060820,,,A*40
$GPGGA,231242.00,3721.239610,N,12203.680363,W,7,,0.38,30.31,M,0.0,M,0.0,0000*5A
$GPRMC,231242.00,A,3721.239610,N,12203.680363,W,059.2,337.3,060820,,,A*4C
$GPGGA,231243.00,3721.254807,N,12203.688542,W,7,,0.38,29.50,M,0.0,M,0.0,0000*5A
$GPRMC,231243.00,A,3721.254807,N,12203.688542,W,060.0,336.6,060820,,,A*4F
$GPGGA,231244.00,3721.270569,N,12203.697061,W,7,,0.38,29.26,M,0.0,M,0.0,0000*55
$GPRMC,231244.00,A,3721.270569,N,12203.697061,W,060.2,336.2,060820,,,A*47
$GPGGA,231245.00,3721.285773,N,12203.704993,W,7,,0.38,27.98,M,0.0,M,0.0,0000*53
$GPRMC,231245.00,A,3721.285773,N,12203.704993,W,061.1,337.3,060820,,,A*48
$GPGGA,231246.00,3721.301632,N,12203.712847,W,7,,0.38,27.07,M,0.0,M,0.0,0000*50
$GPRMC,231246.00,A,3721.301632,N,12203.712847,W,062.1,338.2,060820,,,A*40
$GPGGA,231247.00,3721.318054,N,12203.720342,W,7,,0.38,25.97,M,0.0,M,0.0,0000*5B
$GPRMC,231247.00,A,3721.318054,N,12203.720342,W,063.5,339.6,060820,,,A*40
$GPGGA,231248.00,3721.335243,N,12203.727344,W,7,,0.38,24.96,M,0.0,M,0.0,0000*5E
$GPRMC,231248.00,A,3721.335243,N,12203.727344,W,065.1,341.8,060820,,,A*46
$GPGGA,231249.00,3721.352458,N,12203.733896,W,7,,0.38,24.35,M,0.0,M,0.0,0000*5A
$GPRMC,231249.00,A,3721.352458,N,12203.733896,W,065.0,343.2,060820,,,A*42
$GPGGA,231250.00,3721.369846,N,12203.739902,W,7,,0.38,24.70,M,0.0,M,0.0,0000*5E
$GPRMC,231250.00,A,3721.369846,N,12203.739902,W,064.6,344.3,060820,,,A*46
$GPGGA,231251.00,3721.386916,N,12203.745356,W,7,,0.38,23.79,M,0.0,M,0.0,0000*54
$GPRMC,231251.00,A,3721.386916,N,12203.745356,W,063.2,345.6,060820,,,A*45
$GPGGA,231252.00,3721.404531,N,12203.750456,W,7,,0.38,23.24,M,0.0,M,0.0,0000*58
$GPRMC,231252.00,A,3721.404531,N,12203.750456,W,061.9,346.9,060820,,,A*44
$GPGGA,231253.00,3721.420509,N,12203.754692,W,7,,0.38,22.81,M,0.0,M,0.0,0000*54
$GPRMC,231253.00,A,3721.420509,N,12203.754692,W,060.4,348.0,060820,,,A*4D
$GPGGA,231254.00,3721.436764,N,12203.758531,W,7,,0.38,22.61,M,0.0,M,0.0,0000*55
$GPRMC,231254.00,A,3721.436764,N,12203.758531,W,059.2,349.4,060820,,,A*4B
$GPGGA,231255.00,3721.452783,N,12203.761939,W,7,,0.38,22.30,M,0.0,M,0.0,0000*55
$GPRMC,231255.00,A,3721.452783,N,12203.761939,W,058.2,350.4,060820,,,A*46
$GPGGA,231256.00,3721.468695,N,12203.764964,W,7,,0.38,21.75,M,0.0,M,0.0,0000*56
$GPRMC,231256.00,A,3721.468695,N,12203.764964,W,057.1,351.3,060820,,,A*4D
$GPGGA,231257.00,3721.484338,N,12203.767550,W,7,,0.38,21.88,M,0.0,M,0.0,0000*5D
$GPRMC,231257.00,A,3721.484338,N,12203.767550,W,056.9,352.5,060820,,,A*48
$GPGGA,231258.00,3721.500052,N,12203.769758,W,7,,0.38,21.36,M,0.0,M,0.0,0000*51
$GPRMC,231258.00,A,3721.500052,N,12203.769758,W,057.4,353.6,060820,,,A*4F
$GPGGA,231259.00,3721.516258,N,12203.771600,W,7,,0.38,20.99,M,0.0,M,0.0,0000*5E
$GPRMC,231259.00,A,3721.516258,N,12203.771600,W,058.7,354.7,060820,,,A*4E
$GPGGA,231300.00,3721.533093,N,12203.773046,W,7,,0.38,20.69,M,0.0,M,0.0,0000*58
$GPRMC,231300.00,A,3721.533093,N,12203.773046,W,059.1,355.9,060820,,,A*4F
$GPGGA,231301.00,3721.549114,N,12203.773964,W,7,,0.38,20.50,M,0.0,M,0.0,0000*59
$GPRMC,231301.00,A,3721.549114,N,12203.773964,W,060.0,357.2,060820,,,A*46
$GPGGA,231302.00,3721.565817,N,12203.774468,W,7,,0.38,20.16,M,0.0,M,0.0,0000*5A
$GPRMC,231302.00,A,3721.565817,N,12203.774468,W,060.8,358.4,060820,,,A*46
$GPGGA,231303.00,3721.582803,N,12203.774624,W,7,,0.38,19.85,M,0.0,M,0.0,0000*5D
$GPRMC,231303.00,A,3721.582803,N,12203.774624,W,061.3,359.1,060820,,,A*4F
$GPGGA,231304.00,3721.599807,N,12203.774491,W,7,,0.38,19.74,M,0.0,M,0.0,0000*56
$GPRMC,231304.00,A,3721.599807,N,12203.774491,W,061.4,000.3,060820,,,A*40
$GPGGA,231305.00,3721.617370,N,12203.774228,W,7,,0.38,19.80,M,0.0,M,0.0,0000*56
$GPRMC,231305.00,A,3721.617370,N,12203.774228,W,061.4,000.7,060820,,,A*4F
$GPGGA,231306.00,3721.633965,N,12203.773922,W,7,,0.38,19.58,M,0.0,M,0.0,0000*5E
$GPRMC,231306.00,A,3721.633965,N,12203.773922,W,062.0,001.0,060820,,,A*43
$GPGGA,231307.00,3721.651342,N,12203.773483,W,7,,0.38,19.20,M,0.0,M,0.0,0000*5D
$GPRMC,231307.00,A,3721.651342,N,12203.773483,W,062.3,001.1,060820,,,A*4D
$GPGGA,231308.00,3721.669125,N,12203.773088,W,7,,0.38,18.84,M,0.0,M,0.0,0000*5A
$GPRMC,231308.00,A,3721.669125,N,12203.773088,W,062.2,000.8,060820,,,A*4C
$GPGGA,231309.00,3721.685752,N,12203.772739,W,7,,0.38,18.77,M,0.0,M,0.0,0000*5F
$GPRMC,231309.00,A,3721.685752,N,12203.772739,W,061.8,001.0,060820,,,A*45
$GPGGA,231310.00,3721.702888,N,12203.772218,W,7,,0.38,18.37,M,0.0,M,0.0,0000*53
$GPRMC,231310.00,A,3721.702888,N,12203.772218,W,062.0,001.4,060820,,,A*42
$GPGGA,231311.00,3721.720317,N,12203.771791,W,7,,0.38,18.14,M,0.0,M,0.0,0000*59
$GPRMC,231311.00,A,3721.720317,N,12203.771791,W,062.5,001.1,060820,,,A*49
$GPGGA,231312.00,3721.737567,N,12203.771408,W,7,,0.38,17.82,M,0.0,M,0.0,0000*5E
$GPRMC,231312.00,A,3721.737567,N,12203.771408,W,062.1,000.9,060820,,,A*43
$GPGGA,231313.00,3721.755249,N,12203.770976,W,7,,0.38,17.45,M,0.0,M,0.0,0000*5E
$GPRMC,231313.00,A,3721.755249,N,12203.770976,W,061.7,001.0,060820,,,A*45
$GPGGA,231314.00,3721.771984,N,12203.770657,W,7,,0.38,17.16,M,0.0,M,0.0,0000*5F
$GPRMC,231314.00,A,3721.771984,N,12203.770657,W,061.9,000.8,060820,,,A*45
$GPGGA,231315.00,3721.789132,N,12203.770346,W,7,,0.38,17.09,M,0.0,M,0.0,0000*57
$GPRMC,231315.00,A,3721.789132,N,12203.770346,W,062.2,000.9,060820,,,A*4A
$GPGGA,231316.00,3721.807150,N,12203.770100,W,7,,0.38,16.98,M,0.0,M,0.0,0000*50
$GPRMC,231316.00,A,3721.807150,N,12203.770100,W,063.0,000.5,060820,,,A*4B
$GPGGA,231317.00,3721.824628,N,12203.770051,W,7,,0.38,16.97,M,0.0,M,0.0,0000*52
$GPRMC,231317.00,A,3721.824628,N,12203.770051,W,063.2,359.7,060820,,,A*49
$GPGGA,231318.00,3721.841727,N,12203.770483,W,7,,0.38,16.73,M,0.0,M,0.0,0000*51
$GPRMC,231318.00,A,3721.841727,N,12203.770483,W,062.7,358.9,060820,,,A*4B
$GPGGA,231319.00,3721.859085,N,12203.771642,W,7,,0.38,16.38,M,0.0,M,0.0,0000*57
$GPRMC,231319.00,A,3721.859085,N,12203.771642,W,062.2,357.0,060820,,,A*41
$GPGGA,231320.00,3721.876191,N,12203.773603,W,7,,0.39,16.23,M,0.0,M,0.0,0000*58
$GPRMC,231320.00,A,3721.876191,N,12203.773603,W,061.9,354.5,060820,,,A*4B
$GPGGA,231321.00,3721.893747,N,12203.776598,W,7,,0.38,16.00,M,0.0,M,0.0,0000*5B
$GPRMC,231321.00,A,3721.893747,N,12203.776598,W,061.8,352.1,060820,,,A*4B
$GPGGA,231322.00,3721.910235,N,12203.780335,W,7,,0.38,15.83,M,0.0,M,0.0,0000*52
$GPRMC,231322.00,A,3721.910235,N,12203.780335,W,061.4,349.9,060820,,,A*44
$GPGGA,231323.00,3721.926712,N,12203.784980,W,7,,0.38,15.58,M,0.0,M,0.0,0000*50
$GPRMC,231323.00,A,3721.926712,N,12203.784980,W,060.7,347.1,060820,,,A*44
$GPGGA,231324.00,3721.943404,N,12203.790751,W,7,,0.38,15.33,M,0.0,M,0.0,0000*5A
$GPRMC,231324.00,A,3721.943404,N,12203.790751,W,060.1,344.9,060820,,,A*4E
$GPGGA,231325.00,3721.959327,N,12203.797111,W,7,,0.38,15.12,M,0.0,M,0.0,0000*50
$GPRMC,231325.00,A,3721.959327,N,12203.797111,W,060.1,342.2,060820,,,A*4A
$GPGGA,231326.00,3721.974909,N,12203.803952,W,7,,0.38,14.79,M,0.0,M,0.0,0000*5B
$GPRMC,231326.00,A,3721.974909,N,12203.803952,W,060.8,340.3,060820,,,A*47
$GPGGA,231327.00,3721.990701,N,12203.811866,W,7,,0.38,14.59,M,0.0,M,0.0,0000*51
$GPRMC,231327.00,A,3721.990701,N,12203.811866,W,061.2,338.2,060820,,,A*4A
$GPGGA,231328.00,3722.006266,N,12203.820421,W,7,,0.38,14.34,M,0.0,M,0.0,0000*59
$GPRMC,231328.00,A,3722.006266,N,12203.820421,W,061.3,336.2,060820,,,A*46
$GPGGA,231329.00,3722.022022,N,12203.829565,W,7,,0.38,13.99,M,0.0,M,0.0,0000*54
$GPRMC,231329.00,A,3722.022022,N,12203.829565,W,062.2,335.0,060820,,,A*48
$GPGGA,231330.00,3722.037669,N,12203.838986,W,7,,0.38,13.60,M,0.0,M,0.0,0000*56
$GPRMC,231330.00,A,3722.037669,N,12203.838986,W,062.7,334.1,060820,,,A*49
$GPGGA,231331.00,3722.053324,N,12203.848532,W,7,,0.38,13.33,M,0.0,M,0.0,0000*5B
$GPRMC,231331.00,A,3722.053324,N,12203.848532,W,062.7,333.7,060820,,,A*43
$GPGGA,231332.00,3722.069308,N,12203.858323,W,7,,0.38,13.15,M,0.0,M,0.0,0000*5C
$GPRMC,231332.00,A,3722.069308,N,12203.858323,W,062.1,333.8,060820,,,A*49
$GPGGA,231333.00,3722.084385,N,12203.867527,W,7,,0.38,12.87,M,0.0,M,0.0,0000*5F
$GPRMC,231333.00,A,3722.084385,N,12203.867527,W,061.5,334.0,060820,,,A*48
$GPGGA,231334.00,3722.099668,N,12203.876809,W,7,,0.38,12.72,M,0.0,M,0.0,0000*59
$GPRMC,231334.00,A,3722.099668,N,12203.876809,W,060.8,334.0,060820,,,A*48
$GPGGA,231335.00,3722.114817,N,12203.885965,W,7,,0.38,12.58,M,0.0,M,0.0,0000*55
$GPRMC,231335.00,A,3722.114817,N,12203.885965,W,060.5,334.3,060820,,,A*42
$GPGGA,231336.00,3722.129860,N,12203.895061,W,7,,0.38,12.43,M,0.0,M,0.0,0000*5E
$GPRMC,231336.00,A,3722.129860,N,12203.895061,W,060.3,334.2,060820,,,A*44
$GPGGA,231337.00,3722.145033,N,12203.904223,W,7,,0.38,12.16,M,0.0,M,0.0,0000*56
$GPRMC,231337.00,A,3722.145033,N,12203.904223,W,060.0,334.1,060820,,,A*4C
$GPGGA,231338.00,3722.159919,N,12203.913253,W,7,,0.38,12.16,M,0.0,M,0.0,0000*54
$GPRMC,231338.00,A,3722.159919,N,12203.913253,W,059.3,334.1,060820,,,A*47
$GPGGA,231339.00,3722.174655,N,12203.922152,W,7,,0.38,12.25,M,0.0,M,0.0,0000*5D
$GPRMC,231339.00,A,3722.174655,N,12203.922152,W,058.7,333.8,060820,,,A*45
$GPGGA,231340.00,3722.189692,N,12203.931079,W,7,,0.38,12.12,M,0.0,M,0.0,0000*54
$GPRMC,231340.00,A,3722.189692,N,12203.931079,W,057.9,334.5,060820,,,A*43
$GPGGA,231341.00,3722.203816,N,12203.939383,W,7,,0.39,11.97,M,0.0,M,0.0,0000*57
$GPRMC,231341.00,A,3722.203816,N,12203.939383,W,057.2,334.4,060820,,,A*45
$GPGGA,231342.00,3722.218072,N,12203.947987,W,7,,0.38,11.92,M,0.0,M,0.0,0000*57
$GPRMC,231342.00,A,3722.218072,N,12203.947987,W,056.9,334.4,060820,,,A*4B
$GPGGA,231343.00,3722.232340,N,12203.956724,W,7,,0.38,12.07,M,0.0,M,0.0,0000*54
$GPRMC,231343.00,A,3722.232340,N,12203.956724,W,057.3,334.0,060820,,,A*48
$GPGGA,231344.00,3722.246944,N,12203.965718,W,7,,0.38,14.34,M,0.0,M,0.0,0000*57
$GPRMC,231344.00,A,3722.246944,N,12203.965718,W,058.5,333.7,060820,,,A*44
$GPGGA,231345.00,3722.261649,N,12203.974790,W,7,,0.38,13.43,M,0.0,M,0.0,0000*56
$GPRMC,231345.00,A,3722.261649,N,12203.974790,W,059.5,333.9,060820,,,A*4D
$GPGGA,231346.00,3722.276679,N,12203.983777,W,7,,0.38,12.86,M,0.0,M,0.0,0000*59
$GPRMC,231346.00,A,3722.276679,N,12203.983777,W,060.3,334.2,060820,,,A*4A
$GPGGA,231347.00,3722.291926,N,12203.992886,W,7,,0.38,12.49,M,0.0,M,0.0,0000*56
$GPRMC,231347.00,A,3722.291926,N,12203.992886,W,061.1,334.4,060820,,,A*43
$GPGGA,231348.00,3722.307873,N,12204.002443,W,7,,0.38,12.21,M,0.0,M,0.0,0000*5A
$GPRMC,231348.00,A,3722.307873,N,12204.002443,W,060.9,334.2,060820,,,A*4E
$GPGGA,231349.00,3722.322592,N,12204.011228,W,7,,0.38,12.06,M,0.0,M,0.0,0000*52
$GPRMC,231349.00,A,3722.322592,N,12204.011228,W,060.5,334.5,060820,,,A*48
$GPGGA,231350.00,3722.337772,N,12204.020281,W,7,,0.38,11.90,M,0.0,M,0.0,0000*5F
$GPRMC,231350.00,A,3722.337772,N,12204.020281,W,060.5,334.6,060820,,,A*4A
$GPGGA,231351.00,3722.352922,N,12204.029233,W,7,,0.38,11.50,M,0.0,M,0.0,0000*5A
$GPRMC,231351.00,A,3722.352922,N,12204.029233,W,060.2,334.6,060820,,,A*44
$GPGGA,231352.00,3722.368420,N,12204.037765,W,7,,0.38,11.27,M,0.0,M,0.0,0000*56
$GPRMC,231352.00,A,3722.368420,N,12204.037765,W,060.6,335.9,060820,,,A*42
$GPGGA,231353.00,3722.384038,N,12204.045373,W,7,,0.38,10.85,M,0.0,M,0.0,0000*57
$GPRMC,231353.00,A,3722.384038,N,12204.045373,W,060.6,338.5,060820,,,A*4B
$GPGGA,231354.00,3722.399997,N,12204.052183,W,7,,0.38,10.85,M,0.0,M,0.0,0000*5B
$GPRMC,231354.00,A,3722.399997,N,12204.052183,W,060.9,341.0,060820,,,A*43
$GPGGA,231355.00,3722.416419,N,12204.057962,W,7,,0.38,10.66,M,0.0,M,0.0,0000*5E
$GPRMC,231355.00,A,3722.416419,N,12204.057962,W,061.0,344.3,060820,,,A*45
$GPGGA,231356.00,3722.433364,N,12204.062839,W,7,,0.38,10.53,M,0.0,M,0.0,0000*58
$GPRMC,231356.00,A,3722.433364,N,12204.062839,W,060.8,346.9,060820,,,A*44
$GPGGA,231357.00,3722.449347,N,12204.066385,W,7,,0.38,11.05,M,0.0,M,0.0,0000*5F
$GPRMC,231357.00,A,3722.449347,N,12204.066385,W,060.3,349.9,060820,,,A*45
$GPGGA,231358.00,3722.465739,N,12204.068822,W,7,,0.38,10.44,M,0.0,M,0.0,0000*5F
$GPRMC,231358.00,A,3722.465739,N,12204.068822,W,059.9,353.1,060820,,,A*42
$GPGGA,231359.00,3722.482504,N,12204.070070,W,7,,0.38,10.26,M,0.0,M,0.0,0000*59
$GPRMC,231359.00,A,3722.482504,N,12204.070070,W,060.1,356.5,060820,,,A*43
$GPGGA,231400.00,3722.499244,N,12204.070154,W,7,,0.38,9.80,M,0.0,M,0.0,0000*68
$GPRMC,231400.00,A,3722.499244,N,12204.070154,W,060.5,359.6,060820,,,A*4E
$GPGGA,231401.00,3722.516595,N,12204.069248,W,7,,0.38,9.33,M,0.0,M,0.0,0000*6A
$GPRMC,231401.00,A,3722.516595,N,12204.069248,W,060.9,002.1,060820,,,A*42
$GPGGA,231402.00,3722.532975,N,12204.067484,W,7,,0.38,9.22,M,0.0,M,0.0,0000*65
$GPRMC,231402.00,A,3722.532975,N,12204.067484,W,061.3,004.8,060820,,,A*49
$GPGGA,231403.00,3722.550106,N,12204.065395,W,7,,0.38,8.33,M,0.0,M,0.0,0000*68
$GPRMC,231403.00,A,3722.550106,N,12204.065395,W,061.7,006.1,060820,,,A*4A
$GPGGA,231404.00,3722.567655,N,12204.063085,W,7,,0.38,7.67,M,0.0,M,0.0,0000*60
$GPRMC,231404.00,A,3722.567655,N,12204.063085,W,061.8,006.0,060820,,,A*42
$GPGGA,231405.00,3722.584119,N,12204.060913,W,7,,0.38,7.77,M,0.0,M,0.0,0000*67
$GPRMC,231405.00,A,3722.584119,N,12204.060913,W,061.4,006.1,060820,,,A*49
$GPGGA,231406.00,3722.600920,N,12204.058771,W,7,,0.38,7.06,M,0.0,M,0.0,0000*6E
$GPRMC,231406.00,A,3722.600920,N,12204.058771,W,060.7,005.9,060820,,,A*4F
$GPGGA,231407.00,3722.617761,N,12204.056833,W,7,,0.38,6.50,M,0.0,M,0.0,0000*67
$GPRMC,231407.00,A,3722.617761,N,12204.056833,W,060.3,005.2,060820,,,A*4B
$GPGGA,231408.00,3722.634364,N,12204.055304,W,7,,0.38,5.91,M,0.0,M,0.0,0000*6A
$GPRMC,231408.00,A,3722.634364,N,12204.055304,W,060.1,004.3,060820,,,A*4A
$GPGGA,231409.00,3722.651662,N,12204.054433,W,7,,0.38,5.32,M,0.0,M,0.0,0000*60
$GPRMC,231409.00,A,3722.651662,N,12204.054433,W,060.9,002.4,060820,,,A*40
$GPGGA,231410.00,3722.668414,N,12204.054188,W,7,,0.38,4.68,M,0.0,M,0.0,0000*6A
$GPRMC,231410.00,A,3722.668414,N,12204.054188,W,062.3,000.7,060820,,,A*4D
$GPGGA,231411.00,3722.685886,N,12204.054709,W,7,,0.38,4.17,M,0.0,M,0.0,0000*68
$GPRMC,231411.00,A,3722.685886,N,12204.054709,W,063.4,358.6,060820,,,A*4E
$GPGGA,231412.00,3722.704168,N,12204.056017,W,7,,0.39,3.81,M,0.0,M,0.0,0000*69
$GPRMC,231412.00,A,3722.704168,N,12204.056017,W,064.3,357.0,060820,,,A*4F
$GPGGA,231413.00,3722.721861,N,12204.057781,W,7,,0.39,3.70,M,0.0,M,0.0,0000*68
$GPRMC,231413.00,A,3722.721861,N,12204.057781,W,064.3,355.4,060820,,,A*46
$GPGGA,231414.00,3722.739009,N,12204.059737,W,7,,0.38,3.63,M,0.0,M,0.0,0000*60
$GPRMC,231414.00,A,3722.739009,N,12204.059737,W,063.5,354.3,060820,,,A*4A
$GPGGA,231415.00,3722.756487,N,12204.061663,W,7,,0.38,3.79,M,0.0,M,0.0,0000*6A
$GPRMC,231415.00,A,3722.756487,N,12204.061663,W,062.8,355.1,060820,,,A*44
$GPGGA,231416.00,3722.773629,N,12204.063511,W,7,,0.38,3.81,M,0.0,M,0.0,0000*6B
$GPRMC,231416.00,A,3722.773629,N,12204.063511,W,061.8,355.1,060820,,,A*41
$GPGGA,231417.00,3722.791047,N,12204.065449,W,7,,0.38,3.89,M,0.0,M,0.0,0000*6A
$GPRMC,231417.00,A,3722.791047,N,12204.065449,W,061.0,355.0,060820,,,A*41
$GPGGA,231418.00,3722.807362,N,12204.067273,W,7,,0.38,4.74,M,0.0,M,0.0,0000*69
$GPRMC,231418.00,A,3722.807362,N,12204.067273,W,060.5,355.0,060820,,,A*43
$GPGGA,231419.00,3722.824083,N,12204.069361,W,7,,0.38,4.61,M,0.0,M,0.0,0000*6D
$GPRMC,231419.00,A,3722.824083,N,12204.069361,W,061.1,354.3,060820,,,A*44
$GPGGA,231420.00,3722.841580,N,12204.071443,W,7,,0.38,4.61,M,0.0,M,0.0,0000*6C
$GPRMC,231420.00,A,3722.841580,N,12204.071443,W,061.6,354.3,060820,,,A*42
$GPGGA,231421.00,3722.858607,N,12204.073465,W,7,,0.38,5.88,M,0.0,M,0.0,0000*69
$GPRMC,231421.00,A,3722.858607,N,12204.073465,W,062.0,354.6,060820,,,A*41
$GPGGA,231422.00,3722.875413,N,12204.075356,W,7,,0.38,5.19,M,0.0,M,0.0,0000*6B
$GPRMC,231422.00,A,3722.875413,N,12204.075356,W,062.5,354.8,060820,,,A*40
$GPGGA,231423.00,3722.892717,N,12204.077215,W,7,,0.38,4.97,M,0.0,M,0.0,0000*67
$GPRMC,231423.00,A,3722.892717,N,12204.077215,W,062.6,355.0,060820,,,A*41
$GPGGA,231424.00,3722.909997,N,12204.079093,W,7,,0.38,4.66,M,0.0,M,0.0,0000*69
$GPRMC,231424.00,A,3722.909997,N,12204.079093,W,062.8,355.1,060820,,,A*4E
$GPGGA,231425.00,3722.927361,N,12204.081007,W,7,,0.38,4.55,M,0.0,M,0.0,0000*6D
$GPRMC,231425.00,A,3722.927361,N,12204.081007,W,062.2,354.9,060820,,,A*49
$GPGGA,231426.00,3722.944581,N,12204.082915,W,7,,0.38,4.60,M,0.0,M,0.0,0000*6C
$GPRMC,231426.00,A,3722.944581,N,12204.082915,W,062.4,354.9,060820,,,A*48
$GPGGA,231427.00,3722.961868,N,12204.084908,W,7,,0.38,4.66,M,0.0,M,0.0,0000*6C
$GPRMC,231427.00,A,3722.961868,N,12204.084908,W,063.0,354.6,060820,,,A*44
$GPGGA,231428.00,3722.979814,N,12204.086953,W,7,,0.38,4.69,M,0.0,M,0.0,0000*62
$GPRMC,231428.00,A,3722.979814,N,12204.086953,W,063.3,354.7,060820,,,A*47
$GPGGA,231429.00,3722.996835,N,12204.088700,W,7,,0.38,4.66,M,0.0,M,0.0,0000*68
$GPRMC,231429.00,A,3722.996835,N,12204.088700,W,062.8,355.3,060820,,,A*4D
$GPGGA,231430.00,3723.014140,N,12204.090625,W,7,,0.38,4.78,M,0.0,M,0.0,0000*69
$GPRMC,231430.00,A,3723.014140,N,12204.090625,W,062.5,355.1,060820,,,A*4C
$GPGGA,231431.00,3723.031258,N,12204.092558,W,7,,0.38,4.65,M,0.0,M,0.0,0000*62
$GPRMC,231431.00,A,3723.031258,N,12204.092558,W,062.0,354.9,060820,,,A*47
$GPGGA,231432.00,3723.048244,N,12204.094495,W,7,,0.38,4.35,M,0.0,M,0.0,0000*61
$GPRMC,231432.00,A,3723.048244,N,12204.094495,W,061.3,354.8,060820,,,A*40
$GPGGA,231433.00,3723.065115,N,12204.096415,W,7,,0.38,4.21,M,0.0,M,0.0,0000*67
$GPRMC,231433.00,A,3723.065115,N,12204.096415,W,060.4,354.8,060820,,,A*45
$GPGGA,231434.00,3723.081753,N,12204.098257,W,7,,0.38,3.63,M,0.0,M,0.0,0000*61
$GPRMC,231434.00,A,3723.081753,N,12204.098257,W,060.1,354.8,060820,,,A*47
$GPGGA,231435.00,3723.098296,N,12204.100063,W,7,,0.38,3.12,M,0.0,M,0.0,0000*67
$GPRMC,231435.00,A,3723.098296,N,12204.100063,W,059.6,355.1,060820,,,A*42
$GPGGA,231436.00,3723.115323,N,12204.101828,W,7,,0.38,2.55,M,0.0,M,0.0,0000*6B
$GPRMC,231436.00,A,3723.115323,N,12204.101828,W,059.8,355.1,060820,,,A*42
$GPGGA,231437.00,3723.131703,N,12204.103543,W,7,,0.38,2.58,M,0.0,M,0.0,0000*65
$GPRMC,231437.00,A,3723.131703,N,12204.103543,W,061.3,355.2,060820,,,A*42
$GPGGA,231438.00,3723.148978,N,12204.105439,W,7,,0.38,1.62,M,0.0,M,0.0,0000*66
$GPRMC,231438.00,A,3723.148978,N,12204.105439,W,063.4,355.1,060820,,,A*4D
$GPGGA,231439.00,3723.166695,N,12204.107408,W,7,,0.38,0.77,M,0.0,M,0.0,0000*62
$GPRMC,231439.00,A,3723.166695,N,12204.107408,W,064.5,354.9,060820,,,A*43
$GPGGA,231440.00,3723.184648,N,12204.109448,W,7,,0.38,0.04,M,0.0,M,0.0,0000*6E
$GPRMC,231440.00,A,3723.184648,N,12204.109448,W,064.5,354.9,060820,,,A*4B
$GPGGA,231441.00,3723.202395,N,12204.111392,W,7,,0.38,-0.85,M,0.0,M,0.0,0000*4A
$GPRMC,231441.00,A,3723.202395,N,12204.111392,W,064.2,355.1,060820,,,A*45
$GPGGA,231442.00,3723.220270,N,12204.112945,W,7,,0.38,-1.70,M,0.0,M,0.0,0000*4B
$GPRMC,231442.00,A,3723.220270,N,12204.112945,W,064.8,355.9,060820,,,A*4D
$GPGGA,231443.00,3723.238383,N,12204.114283,W,7,,0.38,-2.49,M,0.0,M,0.0,0000*40
$GPRMC,231443.00,A,3723.238383,N,12204.114283,W,066.0,356.8,060820,,,A*47
$GPGGA,231444.00,3723.257493,N,12204.115556,W,7,,0.38,-3.03,M,0.0,M,0.0,0000*49
$GPRMC,231444.00,A,3723.257493,N,12204.115556,W,066.2,357.0,060820,,,A*4A
$GPGGA,231445.00,3723.275181,N,12204.116732,W,7,,0.38,-3.46,M,0.0,M,0.0,0000*4C
$GPRMC,231445.00,A,3723.275181,N,12204.116732,W,065.7,356.6,060820,,,A*4F
$GPGGA,231446.00,3723.293326,N,12204.117715,W,7,,0.39,-3.45,M,0.0,M,0.0,0000*4E
$GPRMC,231446.00,A,3723.293326,N,12204.117715,W,065.4,357.3,060820,,,A*48
$GPGGA,231447.00,3723.311536,N,12204.118249,W,7,,0.38,-3.17,M,0.0,M,0.0,0000*46
$GPRMC,231447.00,A,3723.311536,N,12204.118249,W,065.5,358.6,060820,,,A*4D
$GPGGA,231448.00,3723.330076,N,12204.118052,W,7,,0.38,-2.67,M,0.0,M,0.0,0000*45
$GPRMC,231448.00,A,3723.330076,N,12204.118052,W,065.6,000.5,060820,,,A*46
$GPGGA,231449.00,3723.348094,N,12204.116965,W,7,,0.38,-1.63,M,0.0,M,0.0,0000*43
$GPRMC,231449.00,A,3723.348094,N,12204.116965,W,064.8,002.7,060820,,,A*48
$GPGGA,231450.00,3723.365919,N,12204.115489,W,7,,0.38,-0.89,M,0.0,M,0.0,0000*41
$GPRMC,231450.00,A,3723.365919,N,12204.115489,W,064.0,003.8,060820,,,A*49
$GPGGA,231451.00,3723.383541,N,12204.113906,W,7,,0.38,-0.23,M,0.0,M,0.0,0000*45
$GPRMC,231451.00,A,3723.383541,N,12204.113906,W,063.4,004.2,060820,,,A*43
$GPGGA,231452.00,3723.401841,N,12204.112261,W,7,,0.38,0.46,M,0.0,M,0.0,0000*63
$GPRMC,231452.00,A,3723.401841,N,12204.112261,W,063.7,004.1,060820,,,A*4B
$GPGGA,231453.00,3723.419037,N,12204.110570,W,7,,0.38,0.79,M,0.0,M,0.0,0000*6B
$GPRMC,231453.00,A,3723.419037,N,12204.110570,W,064.2,004.5,060820,,,A*49
$GPGGA,231454.00,3723.436702,N,12204.108997,W,7,,0.38,1.31,M,0.0,M,0.0,0000*61
$GPRMC,231454.00,A,3723.436702,N,12204.108997,W,063.6,004.2,060820,,,A*4A
$GPGGA,231455.00,3723.454377,N,12204.107401,W,7,,0.38,1.84,M,0.0,M,0.0,0000*61
$GPRMC,231455.00,A,3723.454377,N,12204.107401,W,063.1,004.0,060820,,,A*41
$GPGGA,231456.00,3723.471808,N,12204.105751,W,7,,0.38,1.95,M,0.0,M,0.0,0000*62
$GPRMC,231456.00,A,3723.471808,N,12204.105751,W,063.0,004.4,060820,,,A*47
$GPGGA,231457.00,3723.489189,N,12204.103964,W,7,,0.38,1.89,M,0.0,M,0.0,0000*67
$GPRMC,231457.00,A,3723.489189,N,12204.103964,W,062.8,004.6,060820,,,A*44
$GPGGA,231458.00,3723.506566,N,12204.102319,W,7,,0.38,1.71,M,0.0,M,0.0,0000*6D
$GPRMC,231458.00,A,3723.506566,N,12204.102319,W,062.8,004.4,060820,,,A*4B
$GPGGA,231459.00,3723.524133,N,12204.100574,W,7,,0.38,1.28,M,0.0,M,0.0,0000*6B
$GPRMC,231459.00,A,3723.524133,N,12204.100574,W,062.8,004.4,060820,,,A*41
$GPGGA,231500.00,3723.541960,N,12204.098827,W,7,,0.38,0.69,M,0.0,M,0.0,0000*64
$GPRMC,231500.00,A,3723.541960,N,12204.098827,W,062.4,004.4,060820,,,A*46
$GPGGA,231501.00,3723.558723,N,12204.097375,W,7,,0.38,0.19,M,0.0,M,0.0,0000*60
$GPRMC,231501.00,A,3723.558723,N,12204.097375,W,062.7,004.0,060820,,,A*42
$GPGGA,231502.00,3723.576237,N,12204.096008,W,7,,0.38,-0.46,M,0.0,M,0.0,0000*40
$GPRMC,231502.00,A,3723.576237,N,12204.096008,W,063.6,003.7,060820,,,A*45
$GPGGA,231503.00,3723.594213,N,12204.095011,W,7,,0.38,-1.42,M,0.0,M,0.0,0000*45
$GPRMC,231503.00,A,3723.594213,N,12204.095011,W,064.6,002.6,060820,,,A*42
$GPGGA,231504.00,3723.612165,N,12204.094844,W,7,,0.38,-2.52,M,0.0,M,0.0,0000*46
$GPRMC,231504.00,A,3723.612165,N,12204.094844,W,064.8,000.5,060820,,,A*4C
$GPGGA,231505.00,3723.630754,N,12204.095383,W,7,,0.38,-3.61,M,0.0,M,0.0,0000*43
$GPRMC,231505.00,A,3723.630754,N,12204.095383,W,065.0,358.7,060820,,,A*4D
$GPGGA,231506.00,3723.648340,N,12204.096403,W,7,,0.38,-4.85,M,0.0,M,0.0,0000*4F
$GPRMC,231506.00,A,3723.648340,N,12204.096403,W,065.8,357.3,060820,,,A*4F
$GPGGA,231507.00,3723.666741,N,12204.097976,W,7,,0.38,-6.14,M,0.0,M,0.0,0000*43
$GPRMC,231507.00,A,3723.666741,N,12204.097976,W,065.8,356.0,060820,,,A*4B
$GPGGA,231508.00,3723.685504,N,12204.100256,W,7,,0.38,-7.42,M,0.0,M,0.0,0000*46
$GPRMC,231508.00,A,3723.685504,N,12204.100256,W,065.8,354.7,060820,,,A*49
$GPGGA,231509.00,3723.702844,N,12204.103028,W,7,,0.38,-8.52,M,0.0,M,0.0,0000*46
$GPRMC,231509.00,A,3723.702844,N,12204.103028,W,065.2,352.8,060820,,,A*44
$GPGGA,231510.00,3723.720693,N,12204.106436,W,7,,0.38,-9.27,M,0.0,M,0.0,0000*47
$GPRMC,231510.00,A,3723.720693,N,12204.106436,W,064.8,351.3,060820,,,A*45
$GPGGA,231511.00,3723.738465,N,12204.110540,W,7,,0.38,-9.89,M,0.0,M,0.0,0000*47
$GPRMC,231511.00,A,3723.738465,N,12204.110540,W,064.3,349.7,060820,,,A*47
$GPGGA,231512.00,3723.755734,N,12204.115099,W,7,,0.38,-10.36,M,0.0,M,0.0,0000*70
$GPRMC,231512.00,A,3723.755734,N,12204.115099,W,063.4,348.3,060820,,,A*49
$GPGGA,231513.00,3723.773373,N,12204.120031,W,7,,0.38,-10.90,M,0.0,M,0.0,0000*7A
$GPRMC,231513.00,A,3723.773373,N,12204.120031,W,062.7,347.4,060820,,,A*45
$GPGGA,231514.00,3723.789795,N,12204.124555,W,7,,0.38,-11.26,M,0.0,M,0.0,0000*7B
$GPRMC,231514.00,A,3723.789795,N,12204.124555,W,061.6,347.8,060820,,,A*46
$GPGGA,231515.00,3723.806266,N,12204.128972,W,7,,0.38,-11.69,M,0.0,M,0.0,0000*75
$GPRMC,231515.00,A,3723.806266,N,12204.128972,W,060.3,348.0,060820,,,A*40
$GPGGA,231516.00,3723.822873,N,12204.133459,W,7,,0.38,-12.04,M,0.0,M,0.0,0000*78
$GPRMC,231516.00,A,3723.822873,N,12204.133459,W,058.7,347.8,060820,,,A*4D
$GPGGA,231517.00,3723.838533,N,12204.137593,W,7,,0.38,-12.52,M,0.0,M,0.0,0000*7B
$GPRMC,231517.00,A,3723.838533,N,12204.137593,W,057.0,348.2,060820,,,A*40
$GPGGA,231518.00,3723.853443,N,12204.141740,W,7,,0.38,-12.83,M,0.0,M,0.0,0000*7E
$GPRMC,231518.00,A,3723.853443,N,12204.141740,W,055.5,347.5,060820,,,A*46
$GPGGA,231519.00,3723.868252,N,12204.145916,W,7,,0.39,-13.14,M,0.0,M,0.0,0000*76
$GPRMC,231519.00,A,3723.868252,N,12204.145916,W,054.2,347.5,060820,,,A*46
$GPGGA,231520.00,3723.882664,N,12204.149840,W,7,,0.38,-13.51,M,0.0,M,0.0,0000*77
$GPRMC,231520.00,A,3723.882664,N,12204.149840,W,052.7,347.6,060820,,,A*47
$GPGGA,231521.00,3723.897208,N,12204.153835,W,7,,0.38,-10.03,M,0.0,M,0.0,0000*71
$GPRMC,231521.00,A,3723.897208,N,12204.153835,W,051.4,347.7,060820,,,A*44
$GPGGA,231522.00,3723.910611,N,12204.157585,W,7,,0.38,-11.62,M,0.0,M,0.0,0000*74
$GPRMC,231522.00,A,3723.910611,N,12204.157585,W,050.0,347.3,060820,,,A*46
$GPGGA,231523.00,3723.923998,N,12204.161419,W,7,,0.38,-12.38,M,0.0,M,0.0,0000*76
$GPRMC,231523.00,A,3723.923998,N,12204.161419,W,049.2,347.4,060820,,,A*45
$GPGGA,231524.00,3723.937600,N,12204.165020,W,7,,0.38,-13.10,M,0.0,M,0.0,0000*7B
$GPRMC,231524.00,A,3723.937600,N,12204.165020,W,048.7,349.1,060820,,,A*4C
$GPGGA,231525.00,3723.950800,N,12204.168452,W,7,,0.39,-13.27,M,0.0,M,0.0,0000*7C
$GPRMC,231525.00,A,3723.950800,N,12204.168452,W,048.3,348.5,060820,,,A*4F
$GPGGA,231526.00,3723.963724,N,12204.171770,W,7,,0.38,-13.40,M,0.0,M,0.0,0000*7D
$GPRMC,231526.00,A,3723.963724,N,12204.171770,W,048.3,348.5,060820,,,A*4E
$GPGGA,231527.00,3723.976960,N,12204.175165,W,7,,0.38,-13.66,M,0.0,M,0.0,0000*74
$GPRMC,231527.00,A,3723.976960,N,12204.175165,W,048.9,348.6,060820,,,A*4A
$GPGGA,231528.00,3723.990532,N,12204.178423,W,7,,0.38,-13.83,M,0.0,M,0.0,0000*79
$GPRMC,231528.00,A,3723.990532,N,12204.178423,W,050.2,348.9,060820,,,A*41
$GPGGA,231529.00,3724.004578,N,12204.181183,W,7,,0.38,-14.06,M,0.0,M,0.0,0000*76
$GPRMC,231529.00,A,3724.004578,N,12204.181183,W,051.5,350.8,060820,,,A*4A
$GPGGA,231530.00,3724.018857,N,12204.183433,W,7,,0.38,-13.92,M,0.0,M,0.0,0000*75
$GPRMC,231530.00,A,3724.018857,N,12204.183433,W,052.0,352.6,060820,,,A*49
$GPGGA,231531.00,3724.033077,N,12204.185096,W,7,,0.38,-13.47,M,0.0,M,0.0,0000*72
$GPRMC,231531.00,A,3724.033077,N,12204.185096,W,051.0,354.5,060820,,,A*40
$GPGGA,231532.00,3724.047376,N,12204.186146,W,7,,0.38,-13.15,M,0.0,M,0.0,0000*78
$GPRMC,231532.00,A,3724.047376,N,12204.186146,W,049.5,356.3,060820,,,A*45
$GPGGA,231533.00,3724.060587,N,12204.186602,W,7,,0.38,-12.55,M,0.0,M,0.0,0000*76
$GPRMC,231533.00,A,3724.060587,N,12204.186602,W,048.4,358.4,060820,,,A*47
$GPGGA,231534.00,3724.073865,N,12204.186709,W,7,,0.38,-12.04,M,0.0,M,0.0,0000*7C
$GPRMC,231534.00,A,3724.073865,N,12204.186709,W,047.8,359.5,060820,,,A*4A
$GPGGA,231535.00,3724.087293,N,12204.186632,W,7,,0.38,-11.69,M,0.0,M,0.0,0000*74
$GPRMC,231535.00,A,3724.087293,N,12204.186632,W,049.1,000.5,060820,,,A*42
$GPGGA,231536.00,3724.100937,N,12204.186553,W,7,,0.38,-11.48,M,0.0,M,0.0,0000*7B
$GPRMC,231536.00,A,3724.100937,N,12204.186553,W,049.5,000.4,060820,,,A*4B
$GPGGA,231537.00,3724.114744,N,12204.186458,W,7,,0.38,-11.30,M,0.0,M,0.0,0000*70
$GPRMC,231537.00,A,3724.114744,N,12204.186458,W,049.0,000.3,060820,,,A*4D
$GPGGA,231538.00,3724.128297,N,12204.186392,W,7,,0.38,-10.94,M,0.0,M,0.0,0000*75
$GPRMC,231538.00,A,3724.128297,N,12204.186392,W,048.5,000.4,060820,,,A*44
$GPGGA,231539.00,3724.141587,N,12204.186337,W,7,,0.38,-10.93,M,0.0,M,0.0,0000*75
$GPRMC,231539.00,A,3724.141587,N,12204.186337,W,047.6,000.3,060820,,,A*48
$GPGGA,231540.00,3724.155297,N,12204.186235,W,7,,0.38,-10.95,M,0.0,M,0.0,0000*7D
$GPRMC,231540.00,A,3724.155297,N,12204.186235,W,048.0,000.5,060820,,,A*49
$GPGGA,231541.00,3724.168522,N,12204.186146,W,7,,0.38,-11.07,M,0.0,M,0.0,0000*76
$GPRMC,231541.00,A,3724.168522,N,12204.186146,W,049.1,000.4,060820,,,A*49
$GPGGA,231542.00,3724.182477,N,12204.186002,W,7,,0.38,-11.21,M,0.0,M,0.0,0000*75
$GPRMC,231542.00,A,3724.182477,N,12204.186002,W,050.8,000.4,060820,,,A*4F
$GPGGA,231543.00,3724.196794,N,12204.185905,W,7,,0.38,-11.23,M,0.0,M,0.0,0000*70
$GPRMC,231543.00,A,3724.196794,N,12204.185905,W,052.0,000.4,060820,,,A*42
$GPGGA,231544.00,3724.211398,N,12204.185696,W,7,,0.38,-11.44,M,0.0,M,0.0,0000*77
$GPRMC,231544.00,A,3724.211398,N,12204.185696,W,053.1,000.6,060820,,,A*46
$GPGGA,231545.00,3724.226572,N,12204.185257,W,7,,0.38,-11.55,M,0.0,M,0.0,0000*79
$GPRMC,231545.00,A,3724.226572,N,12204.185257,W,054.6,001.4,060820,,,A*4B
$GPGGA,231546.00,3724.241812,N,12204.184778,W,7,,0.38,-11.73,M,0.0,M,0.0,0000*7D
$GPRMC,231546.00,A,3724.241812,N,12204.184778,W,055.1,001.6,060820,,,A*4F
$GPGGA,231547.00,3724.256973,N,12204.184166,W,7,,0.38,-12.08,M,0.0,M,0.0,0000*7A
$GPRMC,231547.00,A,3724.256973,N,12204.184166,W,054.5,001.7,060820,,,A*43
$GPGGA,231548.00,3724.272712,N,12204.183548,W,7,,0.38,-12.23,M,0.0,M,0.0,0000*7C
$GPRMC,231548.00,A,3724.272712,N,12204.183548,W,054.0,001.7,060820,,,A*49
$GPGGA,231549.00,3724.287118,N,12204.183044,W,7,,0.38,-12.31,M,0.0,M,0.0,0000*71
$GPRMC,231549.00,A,3724.287118,N,12204.183044,W,053.3,001.6,060820,,,A*42
$GPGGA,231550.00,3724.301949,N,12204.182768,W,7,,0.38,-12.04,M,0.0,M,0.0,0000*74
$GPRMC,231550.00,A,3724.301949,N,12204.182768,W,053.4,001.0,060820,,,A*40
$GPGGA,231551.00,3724.316883,N,12204.182522,W,7,,0.38,-11.97,M,0.0,M,0.0,0000*71
$GPRMC,231551.00,A,3724.316883,N,12204.182522,W,054.1,000.7,060820,,,A*48
$GPGGA,231552.00,3724.332189,N,12204.181964,W,7,,0.38,-11.52,M,0.0,M,0.0,0000*73
$GPRMC,231552.00,A,3724.332189,N,12204.181964,W,054.9,001.5,060820,,,A*48
$GPGGA,231553.00,3724.347496,N,12204.180883,W,7,,0.38,-11.14,M,0.0,M,0.0,0000*70
$GPRMC,231553.00,A,3724.347496,N,12204.180883,W,055.5,003.4,060820,,,A*47
$GPGGA,231554.00,3724.362915,N,12204.179245,W,7,,0.38,-10.90,M,0.0,M,0.0,0000*7D
$GPRMC,231554.00,A,3724.362915,N,12204.179245,W,055.9,004.5,060820,,,A*4D
$GPGGA,231555.00,3724.378474,N,12204.177145,W,7,,0.38,-10.37,M,0.0,M,0.0,0000*7D
$GPRMC,231555.00,A,3724.378474,N,12204.177145,W,056.1,006.0,060820,,,A*4C
$GPGGA,231556.00,3724.394716,N,12204.174847,W,7,,0.38,-10.01,M,0.0,M,0.0,0000*76
$GPRMC,231556.00,A,3724.394716,N,12204.174847,W,056.6,006.8,060820,,,A*4D
$GPGGA,231557.00,3724.409812,N,12204.172748,W,7,,0.38,-9.60,M,0.0,M,0.0,0000*46
$GPRMC,231557.00,A,3724.409812,N,12204.172748,W,056.3,006.2,060820,,,A*4D
$GPGGA,231558.00,3724.425244,N,12204.170918,W,7,,0.38,-9.20,M,0.0,M,0.0,0000*43
$GPRMC,231558.00,A,3724.425244,N,12204.170918,W,055.3,005.5,060820,,,A*4B
$GPGGA,231559.00,3724.440640,N,12204.169465,W,7,,0.38,-8.98,M,0.0,M,0.0,0000*4C
$GPRMC,231559.00,A,3724.440640,N,12204.169465,W,055.0,004.5,060820,,,A*44
$GPGGA,231600.00,3724.455880,N,12204.168884,W,7,,0.38,-8.81,M,0.0,M,0.0,0000*4F
$GPRMC,231600.00,A,3724.455880,N,12204.168884,W,054.9,001.9,060820,,,A*4E
$GPGGA,231601.00,3724.470891,N,12204.169832,W,7,,0.38,-8.92,M,0.0,M,0.0,0000*47
$GPRMC,231601.00,A,3724.470891,N,12204.169832,W,053.8,357.7,060820,,,A*4C
$GPGGA,231602.00,3724.485550,N,12204.172537,W,7,,0.38,-8.89,M,0.0,M,0.0,0000*46
$GPRMC,231602.00,A,3724.485550,N,12204.172537,W,053.2,352.0,060820,,,A*4F
$GPGGA,231603.00,3724.499884,N,12204.177115,W,7,,0.38,-8.82,M,0.0,M,0.0,0000*44
$GPRMC,231603.00,A,3724.499884,N,12204.177115,W,052.7,346.3,060820,,,A*44
$GPGGA,231604.00,3724.513966,N,12204.183230,W,7,,0.38,-9.41,M,0.0,M,0.0,0000*4C
$GPRMC,231604.00,A,3724.513966,N,12204.183230,W,051.8,341.0,060820,,,A*4A
$GPGGA,231605.00,3724.526524,N,12204.190382,W,7,,0.38,-10.36,M,0.0,M,0.0,0000*73
$GPRMC,231605.00,A,3724.526524,N,12204.190382,W,051.2,335.9,060820,,,A*4D
$GPGGA,231606.00,3724.538823,N,12204.199033,W,7,,0.38,-11.40,M,0.0,M,0.0,0000*75
$GPRMC,231606.00,A,3724.538823,N,12204.199033,W,050.7,331.0,060820,,,A*42
$GPGGA,231607.00,3724.550505,N,12204.208885,W,7,,0.38,-12.12,M,0.0,M,0.0,0000*79
$GPRMC,231607.00,A,3724.550505,N,12204.208885,W,050.2,326.3,060820,,,A*4A
$GPGGA,231608.00,3724.561227,N,12204.219764,W,7,,0.38,-13.21,M,0.0,M,0.0,0000*72
$GPRMC,231608.00,A,3724.561227,N,12204.219764,W,049.8,321.5,060820,,,A*43
$GPGGA,231609.00,3724.571181,N,12204.231667,W,7,,0.38,-14.42,M,0.0,M,0.0,0000*77
$GPRMC,231609.00,A,3724.571181,N,12204.231667,W,049.7,316.6,060820,,,A*4C
$GPGGA,231610.00,3724.580296,N,12204.244628,W,7,,0.38,-15.78,M,0.0,M,0.0,0000*75
$GPRMC,231610.00,A,3724.580296,N,12204.244628,W,049.7,311.5,060820,,,A*42
$GPGGA,231611.00,3724.588587,N,12204.258637,W,7,,0.38,-17.07,M,0.0,M,0.0,0000*72
$GPRMC,231611.00,A,3724.588587,N,12204.258637,W,049.8,307.0,060820,,,A*42
$GPGGA,231612.00,3724.596075,N,12204.273866,W,7,,0.38,-18.30,M,0.0,M,0.0,0000*7E
$GPRMC,231612.00,A,3724.596075,N,12204.273866,W,049.8,302.0,060820,,,A*40
$GPGGA,231613.00,3724.602034,N,12204.288890,W,7,,0.38,-19.37,M,0.0,M,0.0,0000*7F
$GPRMC,231613.00,A,3724.602034,N,12204.288890,W,049.9,297.0,060820,,,A*4B
$GPGGA,231614.00,3724.607193,N,12204.305060,W,7,,0.38,-20.59,M,0.0,M,0.0,0000*70
$GPRMC,231614.00,A,3724.607193,N,12204.305060,W,050.1,291.7,060820,,,A*47
$GPGGA,231615.00,3724.611850,N,12204.321643,W,7,,0.38,-21.66,M,0.0,M,0.0,0000*7C
$GPRMC,231615.00,A,3724.611850,N,12204.321643,W,050.1,289.0,060820,,,A*48
$GPGGA,231616.00,3724.616404,N,12204.338108,W,7,,0.38,-22.36,M,0.0,M,0.0,0000*73
$GPRMC,231616.00,A,3724.616404,N,12204.338108,W,050.0,289.1,060820,,,A*41
$GPGGA,231617.00,3724.621131,N,12204.354896,W,7,,0.38,-22.89,M,0.0,M,0.0,0000*75
$GPRMC,231617.00,A,3724.621131,N,12204.354896,W,049.5,289.4,060820,,,A*4B
$GPGGA,231618.00,3724.625685,N,12204.370489,W,7,,0.38,-23.10,M,0.0,M,0.0,0000*73
$GPRMC,231618.00,A,3724.625685,N,12204.370489,W,048.5,290.2,060820,,,A*43
$GPGGA,231619.00,3724.630461,N,12204.386101,W,7,,0.38,-23.40,M,0.0,M,0.0,0000*77
$GPRMC,231619.00,A,3724.630461,N,12204.386101,W,047.6,290.9,060820,,,A*45
$GPGGA,231620.00,3724.635321,N,12204.401852,W,7,,0.38,-23.47,M,0.0,M,0.0,0000*7B
$GPRMC,231620.00,A,3724.635321,N,12204.401852,W,046.6,291.3,060820,,,A*44
$GPGGA,231621.00,3724.639995,N,12204.416786,W,7,,0.38,-23.45,M,0.0,M,0.0,0000*71
$GPRMC,231621.00,A,3724.639995,N,12204.416786,W,045.8,291.8,060820,,,A*4A
$GPGGA,231622.00,3724.644777,N,12204.430976,W,7,,0.38,-23.35,M,0.0,M,0.0,0000*78
$GPRMC,231622.00,A,3724.644777,N,12204.430976,W,045.0,292.7,060820,,,A*40
$GPGGA,231623.00,3724.649566,N,12204.445136,W,7,,0.38,-23.21,M,0.0,M,0.0,0000*7D
$GPRMC,231623.00,A,3724.649566,N,12204.445136,W,043.9,292.9,060820,,,A*41
$GPGGA,231624.00,3724.654384,N,12204.459019,W,7,,0.38,-23.21,M,0.0,M,0.0,0000*7D
$GPRMC,231624.00,A,3724.654384,N,12204.459019,W,043.1,293.5,060820,,,A*44
$GPGGA,231625.00,3724.659454,N,12204.472982,W,7,,0.38,-23.16,M,0.0,M,0.0,0000*7D
$GPRMC,231625.00,A,3724.659454,N,12204.472982,W,042.4,294.3,060820,,,A*45
$GPGGA,231626.00,3724.664259,N,12204.485857,W,7,,0.38,-23.06,M,0.0,M,0.0,0000*7B
$GPRMC,231626.00,A,3724.664259,N,12204.485857,W,041.6,295.2,060820,,,A*43
$GPGGA,231627.00,3724.669156,N,12204.498782,W,7,,0.38,-22.99,M,0.0,M,0.0,0000*77
$GPRMC,231627.00,A,3724.669156,N,12204.498782,W,040.8,295.7,060820,,,A*42
$GPGGA,231628.00,3724.674004,N,12204.511952,W,7,,0.38,-22.96,M,0.0,M,0.0,0000*7E
$GPRMC,231628.00,A,3724.674004,N,12204.511952,W,040.0,294.7,060820,,,A*4D
$GPGGA,231629.00,3724.678456,N,12204.524414,W,7,,0.38,-22.89,M,0.0,M,0.0,0000*77
$GPRMC,231629.00,A,3724.678456,N,12204.524414,W,038.5,294.0,060820,,,A*47
$GPGGA,231630.00,3724.682548,N,12204.535825,W,7,,0.38,-22.77,M,0.0,M,0.0,0000*7B
$GPRMC,231630.00,A,3724.682548,N,12204.535825,W,036.1,294.1,060820,,,A*41
$GPGGA,231631.00,3724.686808,N,12204.546985,W,7,,0.38,-22.74,M,0.0,M,0.0,0000*7B
$GPRMC,231631.00,A,3724.686808,N,12204.546985,W,035.0,295.5,060820,,,A*45
$GPGGA,231632.00,3724.691133,N,12204.557492,W,7,,0.38,-22.80,M,0.0,M,0.0,0000*7F
$GPRMC,231632.00,A,3724.691133,N,12204.557492,W,033.3,297.1,060820,,,A*49
$GPGGA,231633.00,3724.695394,N,12204.567644,W,7,,0.38,-23.06,M,0.0,M,0.0,0000*70
$GPRMC,231633.00,A,3724.695394,N,12204.567644,W,031.1,298.0,060820,,,A*47
$GPGGA,231634.00,3724.699521,N,12204.576380,W,7,,0.38,-23.39,M,0.0,M,0.0,0000*72
$GPRMC,231634.00,A,3724.699521,N,12204.576380,W,029.1,299.4,060820,,,A*45
$GPGGA,231635.00,3724.704322,N,12204.584204,W,7,,0.38,-23.41,M,0.0,M,0.0,0000*7C
$GPRMC,231635.00,A,3724.704322,N,12204.584204,W,028.1,306.2,060820,,,A*44
$GPGGA,231636.00,3724.710465,N,12204.590336,W,7,,0.38,-23.29,M,0.0,M,0.0,0000*75
$GPRMC,231636.00,A,3724.710465,N,12204.590336,W,027.4,319.1,060820,,,A*44
$GPGGA,231637.00,3724.716772,N,12204.594230,W,7,,0.38,-23.14,M,0.0,M,0.0,0000*7A
$GPRMC,231637.00,A,3724.716772,N,12204.594230,W,026.1,333.1,060820,,,A*49
$GPGGA,231638.00,3724.723611,N,12204.596605,W,7,,0.38,-22.88,M,0.0,M,0.0,0000*73
$GPRMC,231638.00,A,3724.723611,N,12204.596605,W,025.5,345.4,060820,,,A*47
$GPGGA,231639.00,3724.730704,N,12204.598513,W,7,,0.38,-22.75,M,0.0,M,0.0,0000*7D
$GPRMC,231639.00,A,3724.730704,N,12204.598513,W,026.8,348.1,060820,,,A*4D
$GPGGA,231640.00,3724.738383,N,12204.600451,W,7,,0.38,-22.61,M,0.0,M,0.0,0000*70
$GPRMC,231640.00,A,3724.738383,N,12204.600451,W,029.2,348.7,060820,,,A*46
$GPGGA,231641.00,3724.746724,N,12204.602384,W,7,,0.38,-22.60,M,0.0,M,0.0,0000*7D
$GPRMC,231641.00,A,3724.746724,N,12204.602384,W,031.2,349.2,060820,,,A*47
$GPGGA,231642.00,3724.755411,N,12204.604796,W,7,,0.38,-22.53,M,0.0,M,0.0,0000*78
$GPRMC,231642.00,A,3724.755411,N,12204.604796,W,032.7,348.6,060820,,,A*41
$GPGGA,231643.00,3724.764124,N,12204.608288,W,7,,0.38,-22.60,M,0.0,M,0.0,0000*7E
$GPRMC,231643.00,A,3724.764124,N,12204.608288,W,033.1,342.9,060820,,,A*45
$GPGGA,231644.00,3724.772709,N,12204.613339,W,7,,0.38,-22.69,M,0.0,M,0.0,0000*7F
$GPRMC,231644.00,A,3724.772709,N,12204.613339,W,032.8,335.3,060820,,,A*4F
$GPGGA,231645.00,3724.780018,N,12204.619495,W,7,,0.38,-23.01,M,0.0,M,0.0,0000*70
$GPRMC,231645.00,A,3724.780018,N,12204.619495,W,032.3,326.6,060820,,,A*43
$GPGGA,231646.00,3724.786774,N,12204.626774,W,7,,0.38,-23.44,M,0.0,M,0.0,0000*79
$GPRMC,231646.00,A,3724.786774,N,12204.626774,W,032.1,319.3,060820,,,A*40
$GPGGA,231647.00,3724.792792,N,12204.634772,W,7,,0.38,-23.89,M,0.0,M,0.0,0000*71
$GPRMC,231647.00,A,3724.792792,N,12204.634772,W,031.5,313.6,060820,,,A*41
$GPGGA,231648.00,3724.797915,N,12204.643418,W,7,,0.38,-24.25,M,0.0,M,0.0,0000*74
$GPRMC,231648.00,A,3724.797915,N,12204.643418,W,030.8,306.6,060820,,,A*4D
$GPGGA,231649.00,3724.802428,N,12204.652106,W,7,,0.38,-24.39,M,0.0,M,0.0,0000*72
$GPRMC,231649.00,A,3724.802428,N,12204.652106,W,028.8,302.9,060820,,,A*44
$GPGGA,231650.00,3724.806040,N,12204.660296,W,7,,0.38,-24.53,M,0.0,M,0.0,0000*73
$GPRMC,231650.00,A,3724.806040,N,12204.660296,W,025.5,299.4,060820,,,A*47
$GPGGA,231651.00,3724.808770,N,12204.667358,W,7,,0.38,-24.78,M,0.0,M,0.0,0000*75
$GPRMC,231651.00,A,3724.808770,N,12204.667358,W,021.0,294.9,060820,,,A*49
$GPGGA,231652.00,3724.811392,N,12204.673741,W,7,,0.38,-21.72,M,0.0,M,0.0,0000*70
$GPRMC,231652.00,A,3724.811392,N,12204.673741,W,018.9,295.1,060820,,,A*49
$GPGGA,231653.00,3724.814530,N,12204.678308,W,7,,0.38,-22.86,M,0.0,M,0.0,0000*70
$GPRMC,231653.00,A,3724.814530,N,12204.678308,W,017.7,308.0,060820,,,A*44
$GPGGA,231654.00,3724.818628,N,12204.681194,W,7,,0.38,-23.57,M,0.0,M,0.0,0000*7D
$GPRMC,231654.00,A,3724.818628,N,12204.681194,W,017.0,328.9,060820,,,A*48
$GPGGA,231655.00,3724.823313,N,12204.681950,W,7,,0.38,-24.20,M,0.0,M,0.0,0000*7E
$GPRMC,231655.00,A,3724.823313,N,12204.681950,W,017.2,352.0,060820,,,A*4A
$GPGGA,231656.00,3724.828102,N,12204.682033,W,7,,0.38,-24.68,M,0.0,M,0.0,0000*77
$GPRMC,231656.00,A,3724.828102,N,12204.682033,W,018.7,000.7,060820,,,A*46
$GPGGA,231657.00,3724.833946,N,12204.681956,W,7,,0.38,-25.00,M,0.0,M,0.0,0000*72
$GPRMC,231657.00,A,3724.833946,N,12204.681956,W,021.8,000.6,060820,,,A*48
$GPGGA,231658.00,3724.840360,N,12204.681961,W,7,,0.38,-25.14,M,0.0,M,0.0,0000*76
$GPRMC,231658.00,A,3724.840360,N,12204.681961,W,024.2,000.1,060820,,,A*41
$GPGGA,231659.00,3724.847463,N,12204.681943,W,7,,0.38,-25.38,M,0.0,M,0.0,0000*7A
$GPRMC,231659.00,A,3724.847463,N,12204.681943,W,026.4,000.3,060820,,,A*45
$GPGGA,231700.00,3724.855462,N,12204.681884,W,7,,0.38,-25.70,M,0.0,M,0.0,0000*73
$GPRMC,231700.00,A,3724.855462,N,12204.681884,W,028.3,000.1,060820,,,A*4B
$GPGGA,231701.00,3724.863166,N,12204.681829,W,7,,0.38,-26.11,M,0.0,M,0.0,0000*75
$GPRMC,231701.00,A,3724.863166,N,12204.681829,W,028.9,000.3,060820,,,A*41
$GPGGA,231702.00,3724.871116,N,12204.681841,W,7,,0.38,-26.43,M,0.0,M,0.0,0000*7B
$GPRMC,231702.00,A,3724.871116,N,12204.681841,W,028.6,000.1,060820,,,A*45
$GPGGA,231703.00,3724.878987,N,12204.681817,W,7,,0.38,-26.59,M,0.0,M,0.0,0000*7B
$GPRMC,231703.00,A,3724.878987,N,12204.681817,W,028.3,000.2,060820,,,A*48
$GPGGA,231704.00,3724.886806,N,12204.681727,W,7,,0.38,-26.80,M,0.0,M,0.0,0000*7D
$GPRMC,231704.00,A,3724.886806,N,12204.681727,W,027.7,000.4,060820,,,A*47
$GPGGA,231705.00,3724.894335,N,12204.681673,W,7,,0.38,-26.93,M,0.0,M,0.0,0000*76
$GPRMC,231705.00,A,3724.894335,N,12204.681673,W,026.9,000.5,060820,,,A*40
$GPGGA,231706.00,3724.901523,N,12204.681608,W,7,,0.38,-27.03,M,0.0,M,0.0,0000*7D
$GPRMC,231706.00,A,3724.901523,N,12204.681608,W,025.5,000.4,060820,,,A*4D
$GPGGA,231707.00,3724.907985,N,12204.681685,W,7,,0.38,-27.22,M,0.0,M,0.0,0000*7C
$GPRMC,231707.00,A,3724.907985,N,12204.681685,W,021.8,359.9,060820,,,A*44
$GPGGA,231708.00,3724.913493,N,12204.681775,W,7,,0.38,-27.45,M,0.0,M,0.0,0000*73
$GPRMC,231708.00,A,3724.913493,N,12204.681775,W,017.2,359.3,060820,,,A*4F
$GPGGA,231709.00,3724.917363,N,12204.681908,W,7,,0.38,-27.58,M,0.0,M,0.0,0000*76
$GPRMC,231709.00,A,3724.917363,N,12204.681908,W,012.9,358.7,060820,,,A*4D
$GPGGA,231710.00,3724.920598,N,12204.681943,W,7,,0.38,-27.68,M,0.0,M,0.0,0000*74
$GPRMC,231710.00,A,3724.920598,N,12204.681943,W,010.4,358.7,060820,,,A*43
$GPGGA,231711.00,3724.923040,N,12204.682022,W,7,,0.38,-27.76,M,0.0,M,0.0,0000*74
$GPRMC,231711.00,A,3724.923040,N,12204.682022,W,007.8,359.3,060820,,,A*43
$GPGGA,231712.00,3724.924684,N,12204.681998,W,7,,0.38,-27.95,M,0.0,M,0.0,0000*78
$GPRMC,231712.00,A,3724.924684,N,12204.681998,W,004.5,358.9,060820,,,A*47
$GPGGA,231713.00,3724.925715,N,12204.682040,W,7,,0.38,-27.94,M,0.0,M,0.0,0000*7F
$GPRMC,231713.00,A,3724.925715,N,12204.682040,W,003.3,359.2,060820,,,A*4A
$GPGGA,231714.00,3724.926801,N,12204.682015,W,7,,0.38,-27.92,M,0.0,M,0.0,0000*77
$GPRMC,231714.00,A,3724.926801,N,12204.682015,W,004.6,001.1,060820,,,A*4B
$GPGGA,231715.00,3724.929046,N,12204.681913,W,7,,0.38,-27.88,M,0.0,M,0.0,0000*75
$GPRMC,231715.00,A,3724.929046,N,12204.681913,W,010.3,002.2,060820,,,A*42
$GPGGA,231716.00,3724.932855,N,12204.681775,W,7,,0.38,-27.84,M,0.0,M,0.0,0000*74
$GPRMC,231716.00,A,3724.932855,N,12204.681775,W,016.2,001.7,060820,,,A*4E
$GPGGA,231717.00,3724.938058,N,12204.681590,W,7,,0.38,-27.84,M,0.0,M,0.0,0000*73
$GPRMC,231717.00,A,3724.938058,N,12204.681590,W,020.9,001.5,060820,,,A*45
$GPGGA,231718.00,3724.944484,N,12204.681439,W,7,,0.38,-27.73,M,0.0,M,0.0,0000*78
$GPRMC,231718.00,A,3724.944484,N,12204.681439,W,024.9,001.1,060820,,,A*46
$GPGGA,231719.00,3724.951875,N,12204.681392,W,7,,0.38,-27.76,M,0.0,M,0.0,0000*7C
$GPRMC,231719.00,A,3724.951875,N,12204.681392,W,027.7,000.0,060820,,,A*4A
$GPGGA,231720.00,3724.959952,N,12204.681194,W,7,,0.38,-27.94,M,0.0,M,0.0,0000*72
$GPRMC,231720.00,A,3724.959952,N,12204.681194,W,029.8,000.9,060820,,,A*40
$GPGGA,231721.00,3724.968435,N,12204.681115,W,7,,0.38,-28.01,M,0.0,M,0.0,0000*77
$GPRMC,231721.00,A,3724.968435,N,12204.681115,W,031.1,000.4,060820,,,A*4B
$GPGGA,231722.00,3724.977208,N,12204.681062,W,7,,0.38,-28.04,M,0.0,M,0.0,0000*76
$GPRMC,231722.00,A,3724.977208,N,12204.681062,W,031.8,000.9,060820,,,A*4B
$GPGGA,231723.00,3724.986165,N,12204.680965,W,7,,0.38,-28.04,M,0.0,M,0.0,0000*7E
$GPRMC,231723.00,A,3724.986165,N,12204.680965,W,032.4,000.2,060820,,,A*47
$GPGGA,231724.00,3724.995615,N,12204.681032,W,7,,0.38,-28.14,M,0.0,M,0.0,0000*70
$GPRMC,231724.00,A,3724.995615,N,12204.681032,W,033.2,359.9,060820,,,A*4B
$GPGGA,231725.00,3725.004748,N,12204.681067,W,7,,0.38,-28.31,M,0.0,M,0.0,0000*7F
$GPRMC,231725.00,A,3725.004748,N,12204.681067,W,034.2,359.7,060820,,,A*4A
$GPGGA,231726.00,3725.014467,N,12204.681097,W,7,,0.38,-28.26,M,0.0,M,0.0,0000*7A
$GPRMC,231726.00,A,3725.014467,N,12204.681097,W,035.0,359.8,060820,,,A*45
$GPGGA,231727.00,3725.024266,N,12204.681122,W,7,,0.38,-28.12,M,0.0,M,0.0,0000*77
$GPRMC,231727.00,A,3725.024266,N,12204.681122,W,035.5,359.7,060820,,,A*45
$GPGGA,231728.00,3725.034220,N,12204.681062,W,7,,0.38,-28.33,M,0.0,M,0.0,0000*7D
$GPRMC,231728.00,A,3725.034220,N,12204.681062,W,035.9,000.2,060820,,,A*4A
$GPGGA,231729.00,3725.044287,N,12204.680941,W,7,,0.38,-28.11,M,0.0,M,0.0,0000*7F
$GPRMC,231729.00,A,3725.044287,N,12204.680941,W,036.3,000.6,060820,,,A*45
$GPGGA,231730.00,3725.054457,N,12204.680653,W,7,,0.38,-28.33,M,0.0,M,0.0,0000*71
$GPRMC,231730.00,A,3725.054457,N,12204.680653,W,036.4,001.0,060820,,,A*4B
$GPGGA,231731.00,3725.064567,N,12204.680102,W,7,,0.38,-28.33,M,0.0,M,0.0,0000*72
$GPRMC,231731.00,A,3725.064567,N,12204.680102,W,036.5,002.4,060820,,,A*4E
$GPGGA,231732.00,3725.075025,N,12204.679052,W,7,,0.38,-28.41,M,0.0,M,0.0,0000*75
$GPRMC,231732.00,A,3725.075025,N,12204.679052,W,036.5,004.4,060820,,,A*4A
$GPGGA,231733.00,3725.084703,N,12204.678049,W,7,,0.38,-28.45,M,0.0,M,0.0,0000*76
$GPRMC,231733.00,A,3725.084703,N,12204.678049,W,035.9,004.0,060820,,,A*46
$GPGGA,231734.00,3725.094706,N,12204.677191,W,7,,0.38,-28.39,M,0.0,M,0.0,0000*75
$GPRMC,231734.00,A,3725.094706,N,12204.677191,W,035.6,004.4,060820,,,A*45
$GPGGA,231735.00,3725.104659,N,12204.676796,W,7,,0.38,-25.92,M,0.0,M,0.0,0000*7B
$GPRMC,231735.00,A,3725.104659,N,12204.676796,W,036.2,001.7,060820,,,A*46
$GPGGA,231736.00,3725.114763,N,12204.676568,W,7,,0.38,-26.62,M,0.0,M,0.0,0000*7E
$GPRMC,231736.00,A,3725.114763,N,12204.676568,W,037.0,001.2,060820,,,A*49
$GPGGA,231737.00,3725.125576,N,12204.676471,W,7,,0.38,-27.13,M,0.0,M,0.0,0000*75
$GPRMC,231737.00,A,3725.125576,N,12204.676471,W,038.1,000.9,060820,,,A*41
$GPGGA,231738.00,3725.135991,N,12204.676441,W,7,,0.38,-27.44,M,0.0,M,0.0,0000*7F
$GPRMC,231738.00,A,3725.135991,N,12204.676441,W,038.5,000.5,060820,,,A*41
$GPGGA,231739.00,3725.146611,N,12204.676369,W,7,,0.38,-27.63,M,0.0,M,0.0,0000*75
$GPRMC,231739.00,A,3725.146611,N,12204.676369,W,038.2,000.0,060820,,,A*4C
$GPGGA,231740.00,3725.157447,N,12204.676471,W,7,,0.38,-27.80,M,0.0,M,0.0,0000*79
$GPRMC,231740.00,A,3725.157447,N,12204.676471,W,037.2,359.7,060820,,,A*4A
$GPGGA,231741.00,3725.167179,N,12204.676327,W,7,,0.38,-27.72,M,0.0,M,0.0,0000*7A
$GPRMC,231741.00,A,3725.167179,N,12204.676327,W,036.1,000.3,060820,,,A*4D
$GPGGA,231742.00,3725.176893,N,12204.676268,W,7,,0.38,-28.03,M,0.0,M,0.0,0000*77
$GPRMC,231742.00,A,3725.176893,N,12204.676268,W,033.8,000.2,060820,,,A*44
$GPGGA,231743.00,3725.185797,N,12204.676111,W,7,,0.38,-28.21,M,0.0,M,0.0,0000*7C
$GPRMC,231743.00,A,3725.185797,N,12204.676111,W,031.0,000.3,060820,,,A*44
$GPGGA,231744.00,3725.193544,N,12204.676106,W,7,,0.38,-28.28,M,0.0,M,0.0,0000*7F
$GPRMC,231744.00,A,3725.193544,N,12204.676106,W,026.8,000.3,060820,,,A*40
$GPGGA,231745.00,3725.200563,N,12204.676064,W,7,,0.38,-28.19,M,0.0,M,0.0,0000*75
$GPRMC,231745.00,A,3725.200563,N,12204.676064,W,023.3,000.2,060820,,,A*47
$GPGGA,231746.00,3725.206323,N,12204.676117,W,7,,0.38,-28.21,M,0.0,M,0.0,0000*7C
$GPRMC,231746.00,A,3725.206323,N,12204.676117,W,019.8,359.2,060820,,,A*48
$GPGGA,231747.00,3725.211160,N,12204.676141,W,7,,0.38,-28.27,M,0.0,M,0.0,0000*7B
$GPRMC,231747.00,A,3725.211160,N,12204.676141,W,015.6,359.5,060820,,,A*4C
$GPGGA,231748.00,3725.214825,N,12204.676094,W,7,,0.38,-28.24,M,0.0,M,0.0,0000*73
$GPRMC,231748.00,A,3725.214825,N,12204.676094,W,011.3,000.2,060820,,,A*4E
$GPGGA,231749.00,3725.217466,N,12204.676039,W,7,,0.38,-28.45,M,0.0,M,0.0,0000*7A
$GPRMC,231749.00,A,3725.217466,N,12204.676039,W,008.3,000.7,060820,,,A*4D
$GPGGA,231750.00,3725.219325,N,12204.676010,W,7,,0.38,-28.70,M,0.0,M,0.0,0000*71
$GPRMC,231750.00,A,3725.219325,N,12204.676010,W,005.2,000.9,060820,,,A*42
$GPGGA,231751.00,3725.220405,N,12204.676010,W,7,,0.38,-28.80,M,0.0,M,0.0,0000*70
$GPRMC,231751.00,A,3725.220405,N,12204.676010,W,002.9,001.1,060820,,,A*49
$GPGGA,231752.00,3725.220796,N,12204.676034,W,7,,0.38,-28.85,M,0.0,M,0.0,0000*79
$GPRMC,231752.00,A,3725.220796,N,12204.676034,W,000.5,001.0,060820,,,A*4A
$GPGGA,231753.00,3725.220843,N,12204.675992,W,7,,0.38,-28.66,M,0.0,M,0.0,0000*74
$GPRMC,231753.00,A,3725.220843,N,12204.675992,W,000.0,000.0,060820,,,A*4E
$GPGGA,231754.00,3725.220904,N,12204.676027,W,7,,0.38,-28.71,M,0.0,M,0.0,0000*73
$GPRMC,231754.00,A,3725.220904,N,12204.676027,W,000.0,000.0,060820,,,A*4F
$GPGGA,231755.00,3725.220921,N,12204.676034,W,7,,0.38,-28.74,M,0.0,M,0.0,0000*72
$GPRMC,231755.00,A,3725.220921,N,12204.676034,W,000.0,000.0,060820,,,A*4B
$GPGGA,231756.00,3725.220921,N,12204.676027,W,7,,0.38,-28.74,M,0.0,M,0.0,0000*73
$GPRMC,231756.00,A,3725.220921,N,12204.676027,W,000.0,000.0,060820,,,A*4A
$GPGGA,231757.00,3725.220921,N,12204.676027,W,7,,0.38,-28.74,M,0.0,M,0.0,0000*72
$GPRMC,231757.00,A,3725.220921,N,12204.676027,W,000.0,000.0,060820,,,A*4B
$GPGGA,231758.00,3725.220921,N,12204.676027,W,7,,0.38,-28.74,M,0.0,M,0.0,0000*7D
$GPRMC,231758.00,A,3725.220921,N,12204.676027,W,000.0,000.0,060820,,,A*44
$GPGGA,231759.00,3725.220921,N,12204.676027,W,7,,0.38,-28.74,M,0.0,M,0.0,0000*7C
$GPRMC,231759.00,A,3725.220921,N,12204.676027,W,000.0,000.0,060820,,,A*45
$GPGGA,231800.00,3725.220921,N,12204.676034,W,7,,0.38,-28.74,M,0.0,M,0.0,0000*7D
$GPRMC,231800.00,A,3725.220921,N,12204.676034,W,000.0,000.0,060820,,,A*44
$GPGGA,231801.00,3725.220921,N,12204.676027,W,7,,0.38,-28.74,M,0.0,M,0.0,0000*7E
$GPRMC,231801.00,A,3725.220921,N,12204.676027,W,000.0,000.0,060820,,,A*47
$GPGGA,231802.00,3725.220921,N,12204.676034,W,7,,0.38,-28.74,M,0.0,M,0.0,0000*7F
$GPRMC,231802.00,A,3725.220921,N,12204.676034,W,000.0,000.0,060820,,,A*46
$GPGGA,231803.00,3725.220921,N,12204.676034,W,7,,0.38,-28.74,M,0.0,M,0.0,0000*7E
$GPRMC,231803.00,A,3725.220921,N,12204.676034,W,000.0,000.0,060820,,,A*47
$GPGGA,231804.00,3725.220921,N,12204.676034,W,7,,0.38,-28.74,M,0.0,M,0.0,0000*79
$GPRMC,231804.00,A,3725.220921,N,12204.676034,W,000.0,000.0,060820,,,A*40
$GPGGA,231805.00,3725.220921,N,12204.676034,W,7,,0.38,-28.74,M,0.0,M,0.0,0000*78
$GPRMC,231805.00,A,3725.220921,N,12204.676034,W,000.0,000.0,060820,,,A*41
$GPGGA,231806.00,3725.220921,N,12204.676034,W,7,,0.38,-28.74,M,0.0,M,0.0,0000*7B
$GPRMC,231806.00,A,3725.220921,N,12204.676034,W,000.0,000.0,060820,,,A*42
$GPGGA,231807.00,3725.220921,N,12204.676034,W,7,,0.38,-28.74,M,0.0,M,0.0,0000*7A
$GPRMC,231807.00,A,3725.220921,N,12204.676034,W,000.0,000.0,060820,,,A*43
$GPGGA,231808.00,3725.220921,N,12204.676034,W,7,,0.38,-28.74,M,0.0,M,0.0,0000*75
$GPRMC,231808.00,A,3725.220921,N,12204.676034,W,000.0,000.0,060820,,,A*4C
$GPGGA,231809.00,3725.220921,N,12204.676034,W,7,,0.41,-28.74,M,0.0,M,0.0,0000*7A
$GPRMC,231809.00,A,3725.220921,N,12204.676034,W,000.0,000.0,060820,,,A*4D
$GPGGA,231810.00,3725.220921,N,12204.676034,W,7,,0.44,-28.73,M,0.0,M,0.0,0000*70
$GPRMC,231810.00,A,3725.220921,N,12204.676034,W,000.0,000.0,060820,,,A*45
$GPGGA,231811.00,3725.220921,N,12204.676034,W,7,,0.47,-28.74,M,0.0,M,0.0,0000*75
$GPRMC,231811.00,A,3725.220921,N,12204.676034,W,000.0,000.0,060820,,,A*44
$GPGGA,231812.00,3725.220921,N,12204.676034,W,7,,0.52,-28.73,M,0.0,M,0.0,0000*75
$GPRMC,231812.00,A,3725.220921,N,12204.676034,W,000.0,000.0,060820,,,A*47
$GPGGA,231813.00,3725.220921,N,12204.676034,W,7,,0.55,-28.73,M,0.0,M,0.0,0000*73
$GPRMC,231813.00,A,3725.220921,N,12204.676034,W,000.0,000.0,060820,,,A*46
$GPGGA,231814.00,3725.220921,N,12204.676034,W,7,,0.58,-28.73,M,0.0,M,0.0,0000*79
$GPRMC,231814.00,A,3725.220921,N,12204.676034,W,000.0,000.0,060820,,,A*41
$GPGGA,231815.00,3725.220921,N,12204.676034,W,7,,0.58,-28.74,M,0.0,M,0.0,0000*7F
$GPRMC,231815.00,A,3725.220921,N,12204.676034,W,000.0,000.0,060820,,,A*40
$GPGGA,231816.00,3725.220921,N,12204.676034,W,7,,0.58,-28.74,M,0.0,M,0.0,0000*7C
$GPRMC,231816.00,A,3725.220921,N,12204.676034,W,000.0,000.0,060820,,,A*43
$GPGGA,231817.00,3725.220921,N,12204.676034,W,7,,0.54,-28.74,M,0.0,M,0.0,0000*71
$GPRMC,231817.00,A,3725.220921,N,12204.676034,W,000.0,000.0,060820,,,A*42
$GPGGA,231818.00,3725.220921,N,12204.676034,W,7,,0.49,-28.74,M,0.0,M,0.0,0000*72
$GPRMC,231818.00,A,3725.220921,N,12204.676034,W,000.0,000.0,060820,,,A*4D
$GPGGA,231819.00,3725.220921,N,12204.676034,W,7,,0.46,-28.74,M,0.0,M,0.0,0000*7C
$GPRMC,231819.00,A,3725.220921,N,12204.676034,W,000.0,000.0,060820,,,A*4C
$GPGGA,231820.00,3725.220921,N,12204.676034,W,7,,0.41,-28.74,M,0.0,M,0.0,0000*71
$GPRMC,231820.00,A,3725.220921,N,12204.676034,W,000.0,000.0,060820,,,A*46
$GPGGA,231821.00,3725.220921,N,12204.676034,W,7,,0.41,-28.74,M,0.0,M,0.0,0000*70
$GPRMC,231821.00,A,3725.220921,N,12204.676034,W,000.0,000.0,060820,,,A*47
$GPGGA,231822.00,3725.220921,N,12204.676034,W,7,,0.40,-28.74,M,0.0,M,0.0,0000*72
$GPRMC,231822.00,A,3725.220921,N,12204.676034,W,000.0,000.0,060820,,,A*44
$GPGGA,231823.00,3725.220921,N,12204.676027,W,7,,0.38,-28.73,M,0.0,M,0.0,0000*79
$GPRMC,231823.00,A,3725.220921,N,12204.676027,W,000.0,000.0,060820,,,A*47
$GPGGA,231824.00,3725.220921,N,12204.676027,W,7,,0.39,-28.73,M,0.0,M,0.0,0000*7F
$GPRMC,231824.00,A,3725.220921,N,12204.676027,W,000.0,000.0,060820,,,A*40
$GPGGA,231825.00,3725.220921,N,12204.676027,W,7,,0.39,-28.73,M,0.0,M,0.0,0000*7E
$GPRMC,231825.00,A,3725.220921,N,12204.676027,W,000.0,000.0,060820,,,A*41
$GPGGA,231826.00,3725.220921,N,12204.676034,W,7,,0.39,-28.74,M,0.0,M,0.0,0000*78
$GPRMC,231826.00,A,3725.220921,N,12204.676034,W,000.0,000.0,060820,,,A*40
$GPGGA,231827.00,3725.220921,N,12204.676027,W,7,,0.39,-28.74,M,0.0,M,0.0,0000*7B
$GPRMC,231827.00,A,3725.220921,N,12204.676027,W,000.0,000.0,060820,,,A*43
$GPGGA,231828.00,3725.220921,N,12204.676034,W,7,,0.40,-28.74,M,0.0,M,0.0,0000*78
$GPRMC,231828.00,A,3725.220921,N,12204.676034,W,000.0,000.0,060820,,,A*4E
$GPGGA,231829.00,3725.220921,N,12204.676034,W,7,,0.40,-28.74,M,0.0,M,0.0,0000*79
$GPRMC,231829.00,A,3725.220921,N,12204.676034,W,000.0,000.0,060820,,,A*4F
$GPGGA,231830.00,3725.220921,N,12204.676027,W,7,,0.40,-28.73,M,0.0,M,0.0,0000*74
$GPRMC,231830.00,A,3725.220921,N,12204.676027,W,000.0,000.0,060820,,,A*45
$GPGGA,231831.00,3725.220921,N,12204.676027,W,7,,0.38,-28.73,M,0.0,M,0.0,0000*7A
$GPRMC,231831.00,A,3725.220921,N,12204.676027,W,000.0,000.0,060820,,,A*44
$GPGGA,231832.00,3725.220921,N,12204.676034,W,7,,0.38,-28.73,M,0.0,M,0.0,0000*7B
$GPRMC,231832.00,A,3725.220921,N,12204.676034,W,000.0,000.0,060820,,,A*45
$GPGGA,231833.00,3725.220927,N,12204.676034,W,7,,0.38,-28.73,M,0.0,M,0.0,0000*7C
$GPRMC,231833.00,A,3725.220927,N,12204.676034,W,000.0,000.0,060820,,,A*42
$GPGGA,231834.00,3725.220921,N,12204.676034,W,7,,0.38,-28.74,M,0.0,M,0.0,0000*7A
$GPRMC,231834.00,A,3725.220921,N,12204.676034,W,000.0,000.0,060820,,,A*43
$GPGGA,231835.00,3725.220921,N,12204.676034,W,7,,0.38,-28.74,M,0.0,M,0.0,0000*7B
$GPRMC,231835.00,A,3725.220921,N,12204.676034,W,000.0,000.0,060820,,,A*42
$GPGGA,231836.00,3725.220927,N,12204.676034,W,7,,0.38,-28.74,M,0.0,M,0.0,0000*7E
$GPRMC,231836.00,A,3725.220927,N,12204.676034,W,000.0,000.0,060820,,,A*47
$GPGGA,231837.00,3725.220669,N,12204.675734,W,7,,0.38,-27.56,M,0.0,M,0.0,0000*71
$GPRMC,231837.00,A,3725.220669,N,12204.675734,W,000.0,000.0,060820,,,A*47
$GPGGA,231838.00,3725.220694,N,12204.675685,W,7,,0.38,-27.72,M,0.0,M,0.0,0000*71
$GPRMC,231838.00,A,3725.220694,N,12204.675685,W,000.0,000.0,060820,,,A*41
$GPGGA,231839.00,3725.220688,N,12204.675685,W,7,,0.38,-27.71,M,0.0,M,0.0,0000*7E
$GPRMC,231839.00,A,3725.220688,N,12204.675685,W,000.0,000.0,060820,,,A*4D
$GPGGA,231840.00,3725.220735,N,12204.675667,W,7,,0.38,-27.80,M,0.0,M,0.0,0000*75
$GPRMC,231840.00,A,3725.220735,N,12204.675667,W,000.0,000.0,060820,,,A*48
$GPGGA,231841.00,3725.220760,N,12204.675704,W,7,,0.38,-27.74,M,0.0,M,0.0,0000*7B
$GPRMC,231841.00,A,3725.220760,N,12204.675704,W,000.0,000.0,060820,,,A*4D
$GPGGA,231842.00,3725.220760,N,12204.675704,W,7,,0.39,-27.74,M,0.0,M,0.0,0000*79
$GPRMC,231842.00,A,3725.220760,N,12204.675704,W,000.0,000.0,060820,,,A*4E
$GPGGA,231843.00,3725.220754,N,12204.675704,W,7,,0.39,-27.73,M,0.0,M,0.0,0000*78
$GPRMC,231843.00,A,3725.220754,N,12204.675704,W,000.0,000.0,060820,,,A*48
$GPGGA,231844.00,3725.220760,N,12204.675709,W,7,,0.38,-27.74,M,0.0,M,0.0,0000*73
$GPRMC,231844.00,A,3725.220760,N,12204.675709,W,000.0,000.0,060820,,,A*45
$GPGGA,231845.00,3725.220760,N,12204.675704,W,7,,0.38,-27.74,M,0.0,M,0.0,0000*7F
$GPRMC,231845.00,A,3725.220760,N,12204.675704,W,000.0,000.0,060820,,,A*49
$GPGGA,231846.00,3725.220760,N,12204.675704,W,7,,0.38,-27.74,M,0.0,M,0.0,0000*7C
$GPRMC,231846.00,A,3725.220760,N,12204.675704,W,000.0,000.0,060820,,,A*4A
$GPGGA,231847.00,3725.220754,N,12204.675704,W,7,,0.38,-27.74,M,0.0,M,0.0,0000*7A
$GPRMC,231847.00,A,3725.220754,N,12204.675704,W,000.0,000.0,060820,,,A*4C
$GPGGA,231848.00,3725.220754,N,12204.675697,W,7,,0.38,-27.74,M,0.0,M,0.0,0000*7E
$GPRMC,231848.00,A,3725.220754,N,12204.675697,W,000.0,000.0,060820,,,A*48
$GPGGA,231849.00,3725.220760,N,12204.675704,W,7,,0.38,-27.74,M,0.0,M,0.0,0000*73
$GPRMC,231849.00,A,3725.220760,N,12204.675704,W,000.0,000.0,060820,,,A*45
$GPGGA,231850.00,3725.220766,N,12204.675697,W,7,,0.38,-27.74,M,0.0,M,0.0,0000*76
$GPRMC,231850.00,A,3725.220766,N,12204.675697,W,000.3,001.2,060820,,,A*40
$GPGGA,231851.00,3725.221300,N,12204.675776,W,7,,0.38,-27.80,M,0.0,M,0.0,0000*77
$GPRMC,231851.00,A,3725.221300,N,12204.675776,W,003.2,002.5,060820,,,A*4C
$GPGGA,231852.00,3725.222859,N,12204.675722,W,7,,0.38,-27.71,M,0.0,M,0.0,0000*7F
$GPRMC,231852.00,A,3725.222859,N,12204.675722,W,007.1,001.8,060820,,,A*43
$GPGGA,231853.00,3725.225439,N,12204.675643,W,7,,0.38,-27.71,M,0.0,M,0.0,0000*75
$GPRMC,231853.00,A,3725.225439,N,12204.675643,W,011.1,001.7,060820,,,A*41
$GPGGA,231854.00,3725.229370,N,12204.675553,W,7,,0.38,-27.60,M,0.0,M,0.0,0000*76
$GPRMC,231854.00,A,3725.229370,N,12204.675553,W,015.9,359.9,060820,,,A*4E
$GPGGA,231855.00,3725.234265,N,12204.675548,W,7,,0.38,-27.61,M,0.0,M,0.0,0000*75
$GPRMC,231855.00,A,3725.234265,N,12204.675548,W,019.0,000.3,060820,,,A*4C
$GPGGA,231856.00,3725.239834,N,12204.675541,W,7,,0.38,-27.77,M,0.0,M,0.0,0000*7B
$GPRMC,231856.00,A,3725.239834,N,12204.675541,W,022.0,359.8,060820,,,A*49
$GPGGA,231857.00,3725.246493,N,12204.675493,W,7,,0.38,-27.95,M,0.0,M,0.0,0000*71
$GPRMC,231857.00,A,3725.246493,N,12204.675493,W,024.1,000.3,060820,,,A*4C
$GPGGA,231858.00,3725.253454,N,12204.675608,W,7,,0.38,-28.11,M,0.0,M,0.0,0000*72
$GPRMC,231858.00,A,3725.253454,N,12204.675608,W,025.7,359.0,060820,,,A*47
$GPGGA,231859.00,3725.260846,N,12204.675781,W,7,,0.38,-28.11,M,0.0,M,0.0,0000*7C
$GPRMC,231859.00,A,3725.260846,N,12204.675781,W,027.4,359.3,060820,,,A*4B
$GPGGA,231900.00,3725.268952,N,12204.676399,W,7,,0.38,-28.12,M,0.0,M,0.0,0000*70
$GPRMC,231900.00,A,3725.268952,N,12204.676399,W,029.0,356.5,060820,,,A*47
$GPGGA,231901.00,3725.276908,N,12204.677198,W,7,,0.38,-28.17,M,0.0,M,0.0,0000*76
$GPRMC,231901.00,A,3725.276908,N,12204.677198,W,030.1,355.4,060820,,,A*4F
$GPGGA,231902.00,3725.285499,N,12204.678181,W,7,,0.38,-28.38,M,0.0,M,0.0,0000*76
$GPRMC,231902.00,A,3725.285499,N,12204.678181,W,031.3,354.5,060820,,,A*41
$GPGGA,231903.00,3725.294289,N,12204.679112,W,7,,0.38,-28.40,M,0.0,M,0.0,0000*74
$GPRMC,231903.00,A,3725.294289,N,12204.679112,W,032.3,354.8,060820,,,A*42
$GPGGA,231904.00,3725.303079,N,12204.679819,W,7,,0.38,-28.43,M,0.0,M,0.0,0000*70
$GPRMC,231904.00,A,3725.303079,N,12204.679819,W,033.3,356.1,060820,,,A*4F
$GPGGA,231905.00,3725.312859,N,12204.680216,W,7,,0.38,-28.53,M,0.0,M,0.0,0000*79
$GPRMC,231905.00,A,3725.312859,N,12204.680216,W,034.8,358.1,060820,,,A*45
$GPGGA,231906.00,3725.322730,N,12204.680281,W,7,,0.38,-28.52,M,0.0,M,0.0,0000*76
$GPRMC,231906.00,A,3725.322730,N,12204.680281,W,035.7,359.7,060820,,,A*42
$GPGGA,231907.00,3725.332786,N,12204.680030,W,7,,0.38,-28.45,M,0.0,M,0.0,0000*75
$GPRMC,231907.00,A,3725.332786,N,12204.680030,W,036.6,001.0,060820,,,A*4C
$GPGGA,231908.00,3725.343298,N,12204.679519,W,7,,0.38,-28.45,M,0.0,M,0.0,0000*7E
$GPRMC,231908.00,A,3725.343298,N,12204.679519,W,036.9,002.4,060820,,,A*4F
$GPGGA,231909.00,3725.353156,N,12204.678836,W,7,,0.38,-28.61,M,0.0,M,0.0,0000*78
$GPRMC,231909.00,A,3725.353156,N,12204.678836,W,036.5,003.7,060820,,,A*41
$GPGGA,231910.00,3725.363392,N,12204.678104,W,7,,0.38,-28.69,M,0.0,M,0.0,0000*79
$GPRMC,231910.00,A,3725.363392,N,12204.678104,W,036.5,004.1,060820,,,A*49
$GPGGA,231911.00,3725.373531,N,12204.677251,W,7,,0.38,-28.91,M,0.0,M,0.0,0000*7D
$GPRMC,231911.00,A,3725.373531,N,12204.677251,W,036.6,003.9,060820,,,A*46
$GPGGA,231912.00,3725.383618,N,12204.676856,W,7,,0.38,-28.85,M,0.0,M,0.0,0000*70
$GPRMC,231912.00,A,3725.383618,N,12204.676856,W,036.3,002.3,060820,,,A*40
$GPGGA,231913.00,3725.393716,N,12204.676454,W,7,,0.38,-28.99,M,0.0,M,0.0,0000*7C
$GPRMC,231913.00,A,3725.393716,N,12204.676454,W,036.5,001.7,060820,,,A*40
$GPGGA,231914.00,3725.403987,N,12204.676231,W,7,,0.38,-28.95,M,0.0,M,0.0,0000*7A
$GPRMC,231914.00,A,3725.403987,N,12204.676231,W,036.8,000.9,060820,,,A*48
$GPGGA,231915.00,3725.414097,N,12204.676064,W,7,,0.38,-29.18,M,0.0,M,0.0,0000*73
$GPRMC,231915.00,A,3725.414097,N,12204.676064,W,036.4,000.7,060820,,,A*47
$GPGGA,231916.00,3725.424375,N,12204.675878,W,7,,0.38,-29.24,M,0.0,M,0.0,0000*75
$GPRMC,231916.00,A,3725.424375,N,12204.675878,W,035.7,000.5,060820,,,A*4C
$GPGGA,231917.00,3725.433945,N,12204.675637,W,7,,0.38,-29.37,M,0.0,M,0.0,0000*7C
$GPRMC,231917.00,A,3725.433945,N,12204.675637,W,034.8,001.0,060820,,,A*4D
$GPGGA,231918.00,3725.443173,N,12204.675476,W,7,,0.38,-29.42,M,0.0,M,0.0,0000*7C
$GPRMC,231918.00,A,3725.443173,N,12204.675476,W,032.5,001.0,060820,,,A*44
$GPGGA,231919.00,3725.451771,N,12204.675392,W,7,,0.38,-29.67,M,0.0,M,0.0,0000*70
$GPRMC,231919.00,A,3725.451771,N,12204.675392,W,029.9,000.9,060820,,,A*41
$GPGGA,231920.00,3725.459602,N,12204.675464,W,7,,0.38,-29.72,M,0.0,M,0.0,0000*7D
$GPRMC,231920.00,A,3725.459602,N,12204.675464,W,026.7,359.3,060820,,,A*4C
$GPGGA,231921.00,3725.466562,N,12204.675943,W,7,,0.39,-29.82,M,0.0,M,0.0,0000*73
$GPRMC,231921.00,A,3725.466562,N,12204.675943,W,023.5,357.4,060820,,,A*42
$GPGGA,231922.00,3725.472453,N,12204.676796,W,7,,0.38,-29.93,M,0.0,M,0.0,0000*72
$GPRMC,231922.00,A,3725.472453,N,12204.676796,W,019.9,353.1,060820,,,A*46
$GPGGA,231923.00,3725.477601,N,12204.677101,W,7,,0.38,-29.97,M,0.0,M,0.0,0000*7E
$GPRMC,231923.00,A,3725.477601,N,12204.677101,W,017.3,355.6,060820,,,A*4B
$GPGGA,231924.00,3725.482066,N,12204.676592,W,7,,0.38,-29.85,M,0.0,M,0.0,0000*78
$GPRMC,231924.00,A,3725.482066,N,12204.676592,W,014.4,005.2,060820,,,A*48
$GPGGA,231925.00,3725.485612,N,12204.674767,W,7,,0.38,-29.93,M,0.0,M,0.0,0000*76
$GPRMC,231925.00,A,3725.485612,N,12204.674767,W,013.5,024.9,060820,,,A*4F
$GPGGA,231926.00,3725.488174,N,12204.671486,W,7,,0.38,-29.57,M,0.0,M,0.0,0000*7E
$GPRMC,231926.00,A,3725.488174,N,12204.671486,W,013.2,048.5,060820,,,A*4E
$GPGGA,231927.00,3725.489518,N,12204.666781,W,7,,0.38,-29.44,M,0.0,M,0.0,0000*70
$GPRMC,231927.00,A,3725.489518,N,12204.666781,W,015.3,072.0,060820,,,A*49
$GPGGA,231928.00,3725.489740,N,12204.660805,W,7,,0.38,-29.13,M,0.0,M,0.0,0000*77
$GPRMC,231928.00,A,3725.489740,N,12204.660805,W,018.7,087.5,060820,,,A*4A
$GPGGA,231929.00,3725.489728,N,12204.653474,W,7,,0.38,-28.84,M,0.0,M,0.0,0000*7D
$GPRMC,231929.00,A,3725.489728,N,12204.653474,W,022.3,090.2,060820,,,A*43
$GPGGA,231930.00,3725.489584,N,12204.645056,W,7,,0.38,-28.70,M,0.0,M,0.0,0000*79
$GPRMC,231930.00,A,3725.489584,N,12204.645056,W,025.6,090.5,060820,,,A*49
$GPGGA,231931.00,3725.489493,N,12204.635882,W,7,,0.38,-28.47,M,0.0,M,0.0,0000*7D
$GPRMC,231931.00,A,3725.489493,N,12204.635882,W,027.4,089.5,060820,,,A*41
$GPGGA,231932.00,3725.489433,N,12204.626005,W,7,,0.38,-28.58,M,0.0,M,0.0,0000*7F
$GPRMC,231932.00,A,3725.489433,N,12204.626005,W,028.0,089.6,060820,,,A*45
$GPGGA,231933.00,3725.489391,N,12204.616550,W,7,,0.38,-28.71,M,0.0,M,0.0,0000*7C
$GPRMC,231933.00,A,3725.489391,N,12204.616550,W,027.9,089.5,060820,,,A*48
$GPGGA,231934.00,3725.489361,N,12204.606685,W,7,,0.38,-28.83,M,0.0,M,0.0,0000*73
$GPRMC,231934.00,A,3725.489361,N,12204.606685,W,028.6,089.7,060820,,,A*48
$GPGGA,231935.00,3725.489349,N,12204.596714,W,7,,0.38,-28.88,M,0.0,M,0.0,0000*70
$GPRMC,231935.00,A,3725.489349,N,12204.596714,W,028.9,090.0,060820,,,A*40
$GPGGA,231936.00,3725.489374,N,12204.586999,W,7,,0.38,-28.91,M,0.0,M,0.0,0000*7F
$GPRMC,231936.00,A,3725.489374,N,12204.586999,W,028.6,090.6,060820,,,A*4E
$GPGGA,231937.00,3725.489283,N,12204.576787,W,7,,0.38,-28.78,M,0.0,M,0.0,0000*7E
$GPRMC,231937.00,A,3725.489283,N,12204.576787,W,028.4,090.8,060820,,,A*44
$GPGGA,231938.00,3725.489205,N,12204.566870,W,7,,0.38,-28.79,M,0.0,M,0.0,0000*78
$GPRMC,231938.00,A,3725.489205,N,12204.566870,W,028.7,090.5,060820,,,A*4D
$GPGGA,231939.00,3725.489152,N,12204.556856,W,7,,0.38,-28.75,M,0.0,M,0.0,0000*73
$GPRMC,231939.00,A,3725.489152,N,12204.556856,W,028.9,091.1,060820,,,A*41
$GPGGA,231940.00,3725.489152,N,12204.546799,W,7,,0.38,-28.75,M,0.0,M,0.0,0000*70
$GPRMC,231940.00,A,3725.489152,N,12204.546799,W,028.8,090.7,060820,,,A*44
$GPGGA,231941.00,3725.489146,N,12204.536659,W,7,,0.38,-28.71,M,0.0,M,0.0,0000*7A
$GPRMC,231941.00,A,3725.489146,N,12204.536659,W,029.1,090.9,060820,,,A*4C
$GPGGA,231942.00,3725.489152,N,12204.526405,W,7,,0.38,-28.46,M,0.0,M,0.0,0000*72
$GPRMC,231942.00,A,3725.489152,N,12204.526405,W,029.6,089.5,060820,,,A*43
$GPGGA,231943.00,3725.489224,N,12204.516079,W,7,,0.38,-28.66,M,0.0,M,0.0,0000*7F
$GPRMC,231943.00,A,3725.489224,N,12204.516079,W,030.0,090.2,060820,,,A*4D
$GPGGA,231944.00,3725.489224,N,12204.505735,W,7,,0.38,-28.84,M,0.0,M,0.0,0000*79
$GPRMC,231944.00,A,3725.489224,N,12204.505735,W,031.0,090.1,060820,,,A*45
$GPGGA,231945.00,3725.489211,N,12204.494263,W,7,,0.38,-28.84,M,0.0,M,0.0,0000*71
$GPRMC,231945.00,A,3725.489211,N,12204.494263,W,032.6,090.5,060820,,,A*4C
$GPGGA,231946.00,3725.489283,N,12204.482701,W,7,,0.38,-28.75,M,0.0,M,0.0,0000*71
$GPRMC,231946.00,A,3725.489283,N,12204.482701,W,033.7,089.1,060820,,,A*4E
$GPGGA,231947.00,3725.489296,N,12204.470786,W,7,,0.38,-28.80,M,0.0,M,0.0,0000*7C
$GPRMC,231947.00,A,3725.489296,N,12204.470786,W,034.4,089.4,060820,,,A*48
$GPGGA,231948.00,3725.489296,N,12204.458539,W,7,,0.38,-28.80,M,0.0,M,0.0,0000*7F
$GPRMC,231948.00,A,3725.489296,N,12204.458539,W,034.9,090.2,060820,,,A*48
$GPGGA,231949.00,3725.489277,N,12204.446389,W,7,,0.38,-28.79,M,0.0,M,0.0,0000*75
$GPRMC,231949.00,A,3725.489277,N,12204.446389,W,034.8,090.2,060820,,,A*45
$GPGGA,231950.00,3725.489410,N,12204.434252,W,7,,0.38,-28.69,M,0.0,M,0.0,0000*79
$GPRMC,231950.00,A,3725.489410,N,12204.434252,W,034.3,089.0,060820,,,A*49
$GPGGA,231951.00,3725.489349,N,12204.422312,W,7,,0.38,-28.65,M,0.0,M,0.0,0000*7D
$GPRMC,231951.00,A,3725.489349,N,12204.422312,W,034.1,091.0,060820,,,A*4A
$GPGGA,231952.00,3725.489427,N,12204.410629,W,7,,0.38,-28.65,M,0.0,M,0.0,0000*7D
$GPRMC,231952.00,A,3725.489427,N,12204.410629,W,034.3,091.2,060820,,,A*4A
$GPGGA,231953.00,3725.489715,N,12204.397861,W,7,,0.38,-28.09,M,0.0,M,0.0,0000*7E
$GPRMC,231953.00,A,3725.489715,N,12204.397861,W,034.2,090.8,060820,,,A*49
$GPGGA,231954.00,3725.489728,N,12204.385706,W,7,,0.38,-28.31,M,0.0,M,0.0,0000*71
$GPRMC,231954.00,A,3725.489728,N,12204.385706,W,034.8,091.2,060820,,,A*4C
$GPGGA,231955.00,3725.489679,N,12204.373747,W,7,,0.38,-28.61,M,0.0,M,0.0,0000*7C
$GPRMC,231955.00,A,3725.489679,N,12204.373747,W,034.5,089.5,060820,,,A*47
$GPGGA,231956.00,3725.489806,N,12204.361664,W,7,,0.38,-27.24,M,0.0,M,0.0,0000*74
$GPRMC,231956.00,A,3725.489806,N,12204.361664,W,034.7,090.3,060820,,,A*4D
$GPGGA,231957.00,3725.489745,N,12204.349856,W,7,,0.38,-27.74,M,0.0,M,0.0,0000*7D
$GPRMC,231957.00,A,3725.489745,N,12204.349856,W,034.6,090.3,060820,,,A*40
$GPGGA,231958.00,3725.489709,N,12204.337615,W,7,,0.38,-27.92,M,0.0,M,0.0,0000*72
$GPRMC,231958.00,A,3725.489709,N,12204.337615,W,034.6,089.6,060820,,,A*4A
$GPGGA,231959.00,3725.489829,N,12204.325405,W,7,,0.38,-27.80,M,0.0,M,0.0,0000*7D
$GPRMC,231959.00,A,3725.489829,N,12204.325405,W,034.9,089.5,060820,,,A*4A
$GPGGA,232000.00,3725.489812,N,12204.313118,W,7,,0.38,-26.96,M,0.0,M,0.0,0000*79
$GPRMC,232000.00,A,3725.489812,N,12204.313118,W,034.9,090.1,060820,,,A*44
$GPGGA,232001.00,3725.489865,N,12204.301003,W,7,,0.38,-27.50,M,0.0,M,0.0,0000*7B
$GPRMC,232001.00,A,3725.489865,N,12204.301003,W,035.0,089.3,060820,,,A*4F
$GPGGA,232002.00,3725.489937,N,12204.289076,W,7,,0.38,-27.80,M,0.0,M,0.0,0000*70
$GPRMC,232002.00,A,3725.489937,N,12204.289076,W,034.0,090.5,060820,,,A*46
$GPGGA,232003.00,3725.489721,N,12204.277304,W,7,,0.38,-28.02,M,0.0,M,0.0,0000*7A
$GPRMC,232003.00,A,3725.489721,N,12204.277304,W,033.1,091.1,060820,,,A*4A
$GPGGA,232004.00,3725.489571,N,12204.266119,W,7,,0.38,-27.95,M,0.0,M,0.0,0000*75
$GPRMC,232004.00,A,3725.489571,N,12204.266119,W,031.6,091.2,060820,,,A*42
$GPGGA,232005.00,3725.489584,N,12204.255637,W,7,,0.38,-28.23,M,0.0,M,0.0,0000*77
$GPRMC,232005.00,A,3725.489584,N,12204.255637,W,029.3,091.2,060820,,,A*4E
$GPGGA,232006.00,3725.489476,N,12204.246062,W,7,,0.38,-28.36,M,0.0,M,0.0,0000*78
$GPRMC,232006.00,A,3725.489476,N,12204.246062,W,026.7,091.7,060820,,,A*4B
$GPGGA,232007.00,3725.489416,N,12204.237139,W,7,,0.38,-28.30,M,0.0,M,0.0,0000*70
$GPRMC,232007.00,A,3725.489416,N,12204.237139,W,024.6,091.2,060820,,,A*43
$GPGGA,232008.00,3725.489524,N,12204.229046,W,7,,0.38,-28.24,M,0.0,M,0.0,0000*7C
$GPRMC,232008.00,A,3725.489524,N,12204.229046,W,023.1,089.8,060820,,,A*49
$GPGGA,232009.00,3725.489554,N,12204.221216,W,7,,0.38,-28.23,M,0.0,M,0.0,0000*72
$GPRMC,232009.00,A,3725.489554,N,12204.221216,W,020.8,089.8,060820,,,A*4A
$GPGGA,232010.00,3725.489835,N,12204.214327,W,7,,0.38,-28.02,M,0.0,M,0.0,0000*76
$GPRMC,232010.00,A,3725.489835,N,12204.214327,W,018.7,086.0,060820,,,A*4E
$GPGGA,232011.00,3725.490970,N,12204.208081,W,7,,0.38,-28.08,M,0.0,M,0.0,0000*77
$GPRMC,232011.00,A,3725.490970,N,12204.208081,W,017.9,073.8,060820,,,A*46
$GPGGA,232012.00,3725.493130,N,12204.202976,W,7,,0.38,-27.86,M,0.0,M,0.0,0000*79
$GPRMC,232012.00,A,3725.493130,N,12204.202976,W,016.4,059.0,060820,,,A*4D
$GPGGA,232013.00,3725.496063,N,12204.199100,W,7,,0.38,-27.93,M,0.0,M,0.0,0000*76
$GPRMC,232013.00,A,3725.496063,N,12204.199100,W,015.1,041.0,060820,,,A*49
$GPGGA,232014.00,3725.499645,N,12204.196856,W,7,,0.38,-27.93,M,0.0,M,0.0,0000*79
$GPRMC,232014.00,A,3725.499645,N,12204.196856,W,014.1,023.0,060820,,,A*43
$GPGGA,232015.00,3725.503515,N,12204.195692,W,7,,0.38,-28.41,M,0.0,M,0.0,0000*79
$GPRMC,232015.00,A,3725.503515,N,12204.195692,W,014.5,008.9,060820,,,A*47
$GPGGA,232016.00,3725.507398,N,12204.195499,W,7,,0.38,-28.49,M,0.0,M,0.0,0000*7C
$GPRMC,232016.00,A,3725.507398,N,12204.195499,W,015.0,001.5,060820,,,A*4B
$GPGGA,232017.00,3725.512269,N,12204.195320,W,7,,0.38,-28.38,M,0.0,M,0.0,0000*75
$GPRMC,232017.00,A,3725.512269,N,12204.195320,W,018.1,359.7,060820,,,A*44
$GPGGA,232018.00,3725.517526,N,12204.195278,W,7,,0.38,-28.48,M,0.0,M,0.0,0000*78
$GPRMC,232018.00,A,3725.517526,N,12204.195278,W,019.7,359.5,060820,,,A*4B
$GPGGA,232019.00,3725.523387,N,12204.195278,W,7,,0.38,-28.56,M,0.0,M,0.0,0000*7C
$GPRMC,232019.00,A,3725.523387,N,12204.195278,W,021.4,359.6,060820,,,A*4B
$GPGGA,232020.00,3725.529322,N,12204.195271,W,7,,0.38,-28.25,M,0.0,M,0.0,0000*7E
$GPRMC,232020.00,A,3725.529322,N,12204.195271,W,021.5,359.6,060820,,,A*4C
$GPGGA,232021.00,3725.535279,N,12204.195296,W,7,,0.38,-28.09,M,0.0,M,0.0,0000*7A
$GPRMC,232021.00,A,3725.535279,N,12204.195296,W,021.7,359.1,060820,,,A*43
$GPGGA,232022.00,3725.541477,N,12204.195194,W,7,,0.38,-28.53,M,0.0,M,0.0,0000*7C
$GPRMC,232022.00,A,3725.541477,N,12204.195194,W,022.4,000.0,060820,,,A*44
$GPGGA,232023.00,3725.547706,N,12204.195134,W,7,,0.38,-28.44,M,0.0,M,0.0,0000*72
$GPRMC,232023.00,A,3725.547706,N,12204.195134,W,022.5,000.0,060820,,,A*4D
$GPGGA,232024.00,3725.553627,N,12204.195127,W,7,,0.38,-28.74,M,0.0,M,0.0,0000*73
$GPRMC,232024.00,A,3725.553627,N,12204.195127,W,021.8,000.1,060820,,,A*40
$GPGGA,232025.00,3725.559808,N,12204.195122,W,7,,0.38,-28.69,M,0.0,M,0.0,0000*72
$GPRMC,232025.00,A,3725.559808,N,12204.195122,W,021.2,359.7,060820,,,A*4E
$GPGGA,232026.00,3725.565466,N,12204.195199,W,7,,0.38,-28.97,M,0.0,M,0.0,0000*7B
$GPRMC,232026.00,A,3725.565466,N,12204.195199,W,019.6,358.7,060820,,,A*48
$GPGGA,232027.00,3725.570548,N,12204.195325,W,7,,0.38,-29.20,M,0.0,M,0.0,0000*7B
$GPRMC,232027.00,A,3725.570548,N,12204.195325,W,017.3,358.5,060820,,,A*4C
$GPGGA,232028.00,3725.574909,N,12204.195578,W,7,,0.38,-29.28,M,0.0,M,0.0,0000*7F
$GPRMC,232028.00,A,3725.574909,N,12204.195578,W,014.5,356.2,060820,,,A*4C
$GPGGA,232029.00,3725.578426,N,12204.196586,W,7,,0.38,-29.25,M,0.0,M,0.0,0000*7D
$GPRMC,232029.00,A,3725.578426,N,12204.196586,W,012.0,343.8,060820,,,A*4E
$GPGGA,232030.00,3725.580777,N,12204.198745,W,7,,0.38,-29.16,M,0.0,M,0.0,0000*76
$GPRMC,232030.00,A,3725.580777,N,12204.198745,W,010.1,318.0,060820,,,A*40
$GPGGA,232031.00,3725.581822,N,12204.201758,W,7,,0.38,-29.24,M,0.0,M,0.0,0000*77
$GPRMC,232031.00,A,3725.581822,N,12204.201758,W,009.6,290.3,060820,,,A*4D
$GPGGA,232032.00,3725.582692,N,12204.204763,W,7,,0.38,-29.34,M,0.0,M,0.0,0000*7E
$GPRMC,232032.00,A,3725.582692,N,12204.204763,W,009.3,285.9,060820,,,A*4E
$GPGGA,232033.00,3725.584360,N,12204.207133,W,7,,0.38,-29.43,M,0.0,M,0.0,0000*71
$GPRMC,232033.00,A,3725.584360,N,12204.207133,W,008.7,311.6,060820,,,A*47
$GPGGA,232034.00,3725.586789,N,12204.207883,W,7,,0.38,-29.38,M,0.0,M,0.0,0000*79
$GPRMC,232034.00,A,3725.586789,N,12204.207883,W,009.5,342.9,060820,,,A*49
$GPGGA,232035.00,3725.589958,N,12204.207979,W,7,,0.38,-29.45,M,0.0,M,0.0,0000*7B
$GPRMC,232035.00,A,3725.589958,N,12204.207979,W,013.0,000.1,060820,,,A*42
$GPGGA,232036.00,3725.593996,N,12204.207788,W,7,,0.38,-29.59,M,0.0,M,0.0,0000*7C
$GPRMC,232036.00,A,3725.593996,N,12204.207788,W,015.2,359.1,060820,,,A*43
$GPGGA,232037.00,3725.598058,N,12204.207806,W,7,,0.38,-29.65,M,0.0,M,0.0,0000*7B
$GPRMC,232037.00,A,3725.598058,N,12204.207806,W,015.2,357.3,060820,,,A*47
$GPGGA,232038.00,3725.602125,N,12204.207865,W,7,,0.38,-29.52,M,0.0,M,0.0,0000*7E
$GPRMC,232038.00,A,3725.602125,N,12204.207865,W,014.1,356.9,060820,,,A*4F
$GPGGA,232039.00,3725.605534,N,12204.207895,W,7,,0.38,-29.48,M,0.0,M,0.0,0000*78
$GPRMC,232039.00,A,3725.605534,N,12204.207895,W,011.4,356.8,060820,,,A*43
$GPGGA,232040.00,3725.608372,N,12204.207361,W,7,,0.38,-29.26,M,0.0,M,0.0,0000*77
$GPRMC,232040.00,A,3725.608372,N,12204.207361,W,009.7,006.8,060820,,,A*48
$GPGGA,232041.00,3725.610399,N,12204.205237,W,7,,0.38,-29.12,M,0.0,M,0.0,0000*7D
$GPRMC,232041.00,A,3725.610399,N,12204.205237,W,009.5,038.7,060820,,,A*45
$GPGGA,232042.00,3725.611186,N,12204.202309,W,7,,0.38,-29.15,M,0.0,M,0.0,0000*7F
$GPRMC,232042.00,A,3725.611186,N,12204.202309,W,009.7,072.5,060820,,,A*4E
$GPGGA,232043.00,3725.612079,N,12204.199070,W,7,,0.38,-29.03,M,0.0,M,0.0,0000*77
$GPRMC,232043.00,A,3725.612079,N,12204.199070,W,009.9,069.7,060820,,,A*47
$GPGGA,232044.00,3725.614096,N,12204.196819,W,7,,0.38,-28.96,M,0.0,M,0.0,0000*72
$GPRMC,232044.00,A,3725.614096,N,12204.196819,W,010.1,037.7,060820,,,A*44
$GPGGA,232045.00,3725.616885,N,12204.196022,W,7,,0.38,-29.01,M,0.0,M,0.0,0000*74
$GPRMC,232045.00,A,3725.616885,N,12204.196022,W,010.9,008.2,060820,,,A*4C
$GPGGA,232046.00,3725.620186,N,12204.195680,W,7,,0.38,-29.19,M,0.0,M,0.0,0000*7C
$GPRMC,232046.00,A,3725.620186,N,12204.195680,W,012.5,001.6,060820,,,A*4E
$GPGGA,232047.00,3725.624007,N,12204.195290,W,7,,0.38,-29.25,M,0.0,M,0.0,0000*7B
$GPRMC,232047.00,A,3725.624007,N,12204.195290,W,014.7,004.2,060820,,,A*43
$GPGGA,232048.00,3725.628214,N,12204.194809,W,7,,0.38,-29.30,M,0.0,M,0.0,0000*77
$GPRMC,232048.00,A,3725.628214,N,12204.194809,W,015.6,004.6,060820,,,A*4F
$GPGGA,232049.00,3725.632420,N,12204.194593,W,7,,0.38,-29.12,M,0.0,M,0.0,0000*72
$GPRMC,232049.00,A,3725.632420,N,12204.194593,W,014.6,000.3,060820,,,A*4A
$GPGGA,232050.00,3725.635893,N,12204.194588,W,7,,0.38,-29.11,M,0.0,M,0.0,0000*70
$GPRMC,232050.00,A,3725.635893,N,12204.194588,W,011.3,359.0,060820,,,A*47
$GPGGA,232051.00,3725.638426,N,12204.194593,W,7,,0.38,-29.25,M,0.0,M,0.0,0000*73
$GPRMC,232051.00,A,3725.638426,N,12204.194593,W,007.7,359.0,060820,,,A*40
$GPGGA,232052.00,3725.640063,N,12204.194636,W,7,,0.38,-29.22,M,0.0,M,0.0,0000*71
$GPRMC,232052.00,A,3725.640063,N,12204.194636,W,004.4,358.0,060820,,,A*44
$GPGGA,232053.00,3725.640694,N,12204.194630,W,7,,0.38,-29.32,M,0.0,M,0.0,0000*79
$GPRMC,232053.00,A,3725.640694,N,12204.194630,W,000.6,357.3,060820,,,A*47
$GPGGA,232054.00,3725.640808,N,12204.194653,W,7,,0.38,-29.54,M,0.0,M,0.0,0000*70
$GPRMC,232054.00,A,3725.640808,N,12204.194653,W,000.0,000.0,060820,,,A*4A
$GPGGA,232055.00,3725.640795,N,12204.194678,W,7,,0.38,-29.61,M,0.0,M,0.0,0000*75
$GPRMC,232055.00,A,3725.640795,N,12204.194678,W,000.0,000.0,060820,,,A*49
$GPGGA,232056.00,3725.640802,N,12204.194672,W,7,,0.38,-29.67,M,0.0,M,0.0,0000*7B
$GPRMC,232056.00,A,3725.640802,N,12204.194672,W,000.0,000.0,060820,,,A*41
$GPGGA,232057.00,3725.640802,N,12204.194672,W,7,,0.38,-29.67,M,0.0,M,0.0,0000*7A
$GPRMC,232057.00,A,3725.640802,N,12204.194672,W,000.0,000.0,060820,,,A*40
$GPGGA,232058.00,3725.640795,N,12204.194672,W,7,,0.38,-29.66,M,0.0,M,0.0,0000*75
$GPRMC,232058.00,A,3725.640795,N,12204.194672,W,000.0,000.0,060820,,,A*4E
$GPGGA,232059.00,3725.640802,N,12204.194672,W,7,,0.38,-29.66,M,0.0,M,0.0,0000*75
$GPRMC,232059.00,A,3725.640802,N,12204.194672,W,000.0,000.0,060820,,,A*4E
$GPGGA,232100.00,3725.640802,N,12204.194672,W,7,,0.38,-29.66,M,0.0,M,0.0,0000*78
$GPRMC,232100.00,A,3725.640802,N,12204.194672,W,000.0,000.0,060820,,,A*43
$GPGGA,232101.00,3725.640802,N,12204.194672,W,7,,0.38,-29.66,M,0.0,M,0.0,0000*79
$GPRMC,232101.00,A,3725.640802,N,12204.194672,W,000.0,000.0,060820,,,A*42
$GPGGA,232102.00,3725.640802,N,12204.194672,W,7,,0.38,-29.66,M,0.0,M,0.0,0000*7A
$GPRMC,232102.00,A,3725.640802,N,12204.194672,W,000.0,000.0,060820,,,A*41
$GPGGA,232103.00,3725.640802,N,12204.194672,W,7,,0.38,-29.66,M,0.0,M,0.0,0000*7B
$GPRMC,232103.00,A,3725.640802,N,12204.194672,W,000.0,000.0,060820,,,A*40
$GPGGA,232104.00,3725.640783,N,12204.194546,W,7,,0.38,-29.91,M,0.0,M,0.0,0000*76
$GPRMC,232104.00,A,3725.640783,N,12204.194546,W,000.0,000.0,060820,,,A*45
$GPGGA,232105.00,3725.640741,N,12204.194569,W,7,,0.38,-29.91,M,0.0,M,0.0,0000*74
$GPRMC,232105.00,A,3725.640741,N,12204.194569,W,000.0,000.0,060820,,,A*47
$GPGGA,232106.00,3725.640741,N,12204.194569,W,7,,0.38,-29.91,M,0.0,M,0.0,0000*77
$GPRMC,232106.00,A,3725.640741,N,12204.194569,W,000.0,000.0,060820,,,A*44
$GPGGA,232107.00,3725.640717,N,12204.194546,W,7,,0.38,-29.79,M,0.0,M,0.0,0000*7E
$GPRMC,232107.00,A,3725.640717,N,12204.194546,W,000.0,000.0,060820,,,A*4B
$GPGGA,232108.00,3725.640700,N,12204.194551,W,7,,0.38,-29.71,M,0.0,M,0.0,0000*79
$GPRMC,232108.00,A,3725.640700,N,12204.194551,W,000.0,000.0,060820,,,A*44
$GPGGA,232109.00,3725.640724,N,12204.194546,W,7,,0.38,-29.66,M,0.0,M,0.0,0000*7E
$GPRMC,232109.00,A,3725.640724,N,12204.194546,W,000.0,000.0,060820,,,A*45
$GPGGA,232110.00,3725.640633,N,12204.194593,W,7,,0.38,-29.78,M,0.0,M,0.0,0000*76
$GPRMC,232110.00,A,3725.640633,N,12204.194593,W,000.0,000.0,060820,,,A*42
$GPGGA,232111.00,3725.640597,N,12204.194606,W,7,,0.38,-29.78,M,0.0,M,0.0,0000*75
$GPRMC,232111.00,A,3725.640597,N,12204.194606,W,000.0,000.0,060820,,,A*41
$GPGGA,232112.00,3725.640567,N,12204.194618,W,7,,0.38,-29.71,M,0.0,M,0.0,0000*7F
$GPRMC,232112.00,A,3725.640567,N,12204.194618,W,000.0,000.0,060820,,,A*42
$GPGGA,232113.00,3725.640495,N,12204.194618,W,7,,0.39,-29.71,M,0.0,M,0.0,0000*73
$GPRMC,232113.00,A,3725.640495,N,12204.194618,W,000.0,000.0,060820,,,A*4F
$GPGGA,232114.00,3725.640406,N,12204.194623,W,7,,0.38,-29.68,M,0.0,M,0.0,0000*7F
$GPRMC,232114.00,A,3725.640406,N,12204.194623,W,000.0,000.0,060820,,,A*4A
