$GPGGA,171036.00,3724.996186,N,12204.918698,W,7,,0.38,-19.66,M,0.0,M,0.0,0000*73
$GPRMC,171036.00,A,3724.996186,N,12204.918698,W,000.0,000.0,040920,,,A*48
$GPGGA,171037.00,3724.996180,N,12204.918691,W,7,,0.38,-19.64,M,0.0,M,0.0,0000*7F
$GPRMC,171037.00,A,3724.996180,N,12204.918691,W,000.0,000.0,040920,,,A*46
$GPGGA,171038.00,3724.996180,N,12204.918698,W,7,,0.38,-19.64,M,0.0,M,0.0,0000*79
$GPRMC,171038.00,A,3724.996180,N,12204.918698,W,000.0,000.0,040920,,,A*40
$GPGGA,171039.00,3724.996174,N,12204.918698,W,7,,0.38,-19.63,M,0.0,M,0.0,0000*74
$GPRMC,171039.00,A,3724.996174,N,12204.918698,W,000.0,000.0,040920,,,A*4A
$GPGGA,171040.00,3724.996174,N,12204.918698,W,7,,0.38,-19.62,M,0.0,M,0.0,0000*7B
$GPRMC,171040.00,A,3724.996174,N,12204.918698,W,000.0,000.0,040920,,,A*44
$GPGGA,171041.00,3724.996167,N,12204.918698,W,7,,0.38,-19.61,M,0.0,M,0.0,0000*7B
$GPRMC,171041.00,A,3724.996167,N,12204.918698,W,000.0,000.0,040920,,,A*47
$GPGGA,171042.00,3724.996167,N,12204.918703,W,7,,0.38,-19.60,M,0.0,M,0.0,0000*7A
$GPRMC,171042.00,A,3724.996167,N,12204.918703,W,000.0,000.0,040920,,,A*47
$GPGGA,171043.00,3724.996167,N,12204.918715,W,7,,0.38,-19.60,M,0.0,M,0.0,0000*7C
$GPRMC,171043.00,A,3724.996167,N,12204.918715,W,000.0,000.0,040920,,,A*41
$GPGGA,171044.00,3724.996167,N,12204.918715,W,7,,0.38,-19.60,M,0.0,M,0.0,0000*7B
$GPRMC,171044.00,A,3724.996167,N,12204.918715,W,000.0,000.0,040920,,,A*46
$GPGGA,171045.00,3724.996167,N,12204.918721,W,7,,0.38,-19.61,M,0.0,M,0.0,0000*7C
$GPRMC,171045.00,A,3724.996167,N,12204.918721,W,000.0,000.0,040920,,,A*40
$GPGGA,171046.00,3724.996167,N,12204.918721,W,7,,0.38,-19.62,M,0.0,M,0.0,0000*7C
$GPRMC,171046.00,A,3724.996167,N,12204.918721,W,000.0,000.0,040920,,,A*43
$GPGGA,171047.00,3724.996167,N,12204.918728,W,7,,0.38,-19.62,M,0.0,M,0.0,0000*74
$GPRMC,171047.00,A,3724.996167,N,12204.918728,W,000.0,000.0,040920,,,A*4B
$GPGGA,171048.00,3724.996167,N,12204.918733,W,7,,0.38,-19.62,M,0.0,M,0.0,0000*71
$GPRMC,171048.00,A,3724.996167,N,12204.918733,W,000.0,000.0,040920,,,A*4E
$GPGGA,171049.00,3724.996167,N,12204.918740,W,7,,0.38,-19.62,M,0.0,M,0.0,0000*74
$GPRMC,171049.00,A,3724.996167,N,12204.918740,W,000.0,000.0,040920,,,A*4B
$GPGGA,171050.00,3724.996167,N,12204.918740,W,7,,0.38,-19.64,M,0.0,M,0.0,0000*7A
$GPRMC,171050.00,A,3724.996167,N,12204.918740,W,000.0,000.0,040920,,,A*43
$GPGGA,171051.00,3724.996167,N,12204.918745,W,7,,0.38,-19.65,M,0.0,M,0.0,0000*7F
$GPRMC,171051.00,A,3724.996167,N,12204.918745,W,000.0,000.0,040920,,,A*47
$GPGGA,171052.00,3724.996174,N,12204.918752,W,7,,0.38,-19.66,M,0.0,M,0.0,0000*7B
$GPRMC,171052.00,A,3724.996174,N,12204.918752,W,000.0,000.0,040920,,,A*40
$GPGGA,171053.00,3724.996174,N,12204.918758,W,7,,0.38,-19.68,M,0.0,M,0.0,0000*7E
$GPRMC,171053.00,A,3724.996174,N,12204.918758,W,000.0,000.0,040920,,,A*4B
$GPGGA,171054.00,3724.996167,N,12204.918758,W,7,,0.38,-19.68,M,0.0,M,0.0,0000*7B
$GPRMC,171054.00,A,3724.996167,N,12204.918758,W,000.0,000.0,040920,,,A*4E
$GPGGA,171055.00,3724.996167,N,12204.918763,W,7,,0.38,-19.68,M,0.0,M,0.0,0000*72
$GPRMC,171055.00,A,3724.996167,N,12204.918763,W,000.0,000.0,040920,,,A*47
$GPGGA,171056.00,3724.996161,N,12204.918770,W,7,,0.38,-19.68,M,0.0,M,0.0,0000*75
$GPRMC,171056.00,A,3724.996161,N,12204.918770,W,000.0,000.0,040920,,,A*40
$GPGGA,171057.00,3724.996161,N,12204.918775,W,7,,0.38,-19.67,M,0.0,M,0.0,0000*7E
$GPRMC,171057.00,A,3724.996161,N,12204.918775,W,000.0,000.0,040920,,,A*44
$GPGGA,171058.00,3724.996150,N,12204.918775,W,7,,0.38,-19.62,M,0.0,M,0.0,0000*76
$GPRMC,171058.00,A,3724.996150,N,12204.918775,W,000.0,000.0,040920,,,A*49
$GPGGA,171059.00,3724.996144,N,12204.918787,W,7,,0.38,-19.59,M,0.0,M,0.0,0000*77
$GPRMC,171059.00,A,3724.996144,N,12204.918787,W,000.0,000.0,040920,,,A*40
$GPGGA,171100.00,3724.996144,N,12204.918793,W,7,,0.38,-19.58,M,0.0,M,0.0,0000*7E
$GPRMC,171100.00,A,3724.996144,N,12204.918793,W,000.0,000.0,040920,,,A*48
$GPGGA,171101.00,3724.996138,N,12204.918800,W,7,,0.38,-19.57,M,0.0,M,0.0,0000*7E
$GPRMC,171101.00,A,3724.996138,N,12204.918800,W,000.0,000.0,040920,,,A*47
$GPGGA,171102.00,3724.996138,N,12204.918805,W,7,,0.38,-19.57,M,0.0,M,0.0,0000*78
$GPRMC,171102.00,A,3724.996138,N,12204.918805,W,000.0,000.0,040920,,,A*41
$GPGGA,171103.00,3724.996138,N,12204.918812,W,7,,0.38,-19.57,M,0.0,M,0.0,0000*7F
$GPRMC,171103.00,A,3724.996138,N,12204.918812,W,000.0,000.0,040920,,,A*46
$GPGGA,171104.00,3724.996131,N,12204.918817,W,7,,0.38,-19.57,M,0.0,M,0.0,0000*74
$GPRMC,171104.00,A,3724.996131,N,12204.918817,W,000.0,000.0,040920,,,A*4D
$GPGGA,171105.00,3724.996131,N,12204.918817,W,7,,0.38,-19.54,M,0.0,M,0.0,0000*76
$GPRMC,171105.00,A,3724.996131,N,12204.918817,W,000.0,000.0,040920,,,A*4C
$GPGGA,171106.00,3724.996125,N,12204.918824,W,7,,0.38,-19.53,M,0.0,M,0.0,0000*77
$GPRMC,171106.00,A,3724.996125,N,12204.918824,W,000.0,000.0,040920,,,A*4A
$GPGGA,171107.00,3724.996125,N,12204.918824,W,7,,0.38,-19.53,M,0.0,M,0.0,0000*76
$GPRMC,171107.00,A,3724.996125,N,12204.918824,W,000.0,000.0,040920,,,A*4B
$GPGGA,171108.00,3724.996119,N,12204.918830,W,7,,0.38,-19.51,M,0.0,M,0.0,0000*71
$GPRMC,171108.00,A,3724.996119,N,12204.918830,W,000.0,000.0,040920,,,A*4E
$GPGGA,171109.00,3724.996114,N,12204.918835,W,7,,0.38,-19.49,M,0.0,M,0.0,0000*71
$GPRMC,171109.00,A,3724.996114,N,12204.918835,W,000.0,000.0,040920,,,A*47
$GPGGA,171110.00,3724.996114,N,12204.918842,W,7,,0.38,-19.46,M,0.0,M,0.0,0000*76
$GPRMC,171110.00,A,3724.996114,N,12204.918842,W,000.0,000.0,040920,,,A*4F
$GPGGA,171111.00,3724.996108,N,12204.918847,W,7,,0.38,-19.44,M,0.0,M,0.0,0000*7D
$GPRMC,171111.00,A,3724.996108,N,12204.918847,W,000.0,000.0,040920,,,A*46
$GPGGA,171112.00,3724.996102,N,12204.918854,W,7,,0.38,-19.41,M,0.0,M,0.0,0000*73
$GPRMC,171112.00,A,3724.996102,N,12204.918854,W,000.0,000.0,040920,,,A*4D
$GPGGA,171113.00,3724.996102,N,12204.918859,W,7,,0.38,-19.39,M,0.0,M,0.0,0000*70
$GPRMC,171113.00,A,3724.996102,N,12204.918859,W,000.0,000.0,040920,,,A*41
$GPGGA,171114.00,3724.996102,N,12204.918865,W,7,,0.38,-19.37,M,0.0,M,0.0,0000*76
$GPRMC,171114.00,A,3724.996102,N,12204.918865,W,000.0,000.0,040920,,,A*49
$GPGGA,171115.00,3724.996095,N,12204.918872,W,7,,0.38,-19.35,M,0.0,M,0.0,0000*7C
$GPRMC,171115.00,A,3724.996095,N,12204.918872,W,000.0,000.0,040920,,,A*41
$GPGGA,171116.00,3724.996095,N,12204.918877,W,7,,0.38,-19.33,M,0.0,M,0.0,0000*7C
$GPRMC,171116.00,A,3724.996095,N,12204.918877,W,000.0,000.0,040920,,,A*47
$GPGGA,171117.00,3724.996089,N,12204.918884,W,7,,0.38,-19.32,M,0.0,M,0.0,0000*7D
$GPRMC,171117.00,A,3724.996089,N,12204.918884,W,000.0,000.0,040920,,,A*47
$GPGGA,171118.00,3724.996089,N,12204.918896,W,7,,0.38,-19.31,M,0.0,M,0.0,0000*72
$GPRMC,171118.00,A,3724.996089,N,12204.918896,W,000.0,000.0,040920,,,A*4B
$GPGGA,171119.00,3724.996089,N,12204.918902,W,7,,0.38,-19.30,M,0.0,M,0.0,0000*7E
$GPRMC,171119.00,A,3724.996089,N,12204.918902,W,000.0,000.0,040920,,,A*46
$GPGGA,171120.00,3724.996083,N,12204.918902,W,7,,0.38,-19.27,M,0.0,M,0.0,0000*78
$GPRMC,171120.00,A,3724.996083,N,12204.918902,W,000.0,000.0,040920,,,A*46
$GPGGA,171121.00,3724.996078,N,12204.918907,W,7,,0.38,-19.25,M,0.0,M,0.0,0000*7A
$GPRMC,171121.00,A,3724.996078,N,12204.918907,W,000.0,000.0,040920,,,A*46
$GPGGA,171122.00,3724.996078,N,12204.918914,W,7,,0.38,-19.23,M,0.0,M,0.0,0000*7D
$GPRMC,171122.00,A,3724.996078,N,12204.918914,W,000.0,000.0,040920,,,A*47
$GPGGA,171123.00,3724.996078,N,12204.918914,W,7,,0.38,-19.23,M,0.0,M,0.0,0000*7C
$GPRMC,171123.00,A,3724.996078,N,12204.918914,W,000.0,000.0,040920,,,A*46
$GPGGA,171124.00,3724.996083,N,12204.918919,W,7,,0.38,-19.22,M,0.0,M,0.0,0000*73
$GPRMC,171124.00,A,3724.996083,N,12204.918919,W,000.0,000.0,040920,,,A*48
$GPGGA,171125.00,3724.996083,N,12204.918926,W,7,,0.38,-19.20,M,0.0,M,0.0,0000*7C
$GPRMC,171125.00,A,3724.996083,N,12204.918926,W,000.0,000.0,040920,,,A*45
$GPGGA,171126.00,3724.996083,N,12204.918931,W,7,,0.38,-19.18,M,0.0,M,0.0,0000*72
$GPRMC,171126.00,A,3724.996083,N,12204.918931,W,000.0,000.0,040920,,,A*40
$GPGGA,171127.00,3724.996083,N,12204.918931,W,7,,0.38,-19.17,M,0.0,M,0.0,0000*7C
$GPRMC,171127.00,A,3724.996083,N,12204.918931,W,000.0,000.0,040920,,,A*41
$GPGGA,171128.00,3724.996089,N,12204.918938,W,7,,0.38,-19.16,M,0.0,M,0.0,0000*71
$GPRMC,171128.00,A,3724.996089,N,12204.918938,W,000.0,000.0,040920,,,A*4D
$GPGGA,171129.00,3724.996108,N,12204.919226,W,7,,0.38,-19.18,M,0.0,M,0.0,0000*73
$GPRMC,171129.00,A,3724.996108,N,12204.919226,W,000.0,000.0,040920,,,A*41
$GPGGA,171130.00,3724.996180,N,12204.919495,W,7,,0.38,-19.72,M,0.0,M,0.0,0000*79
$GPRMC,171130.00,A,3724.996180,N,12204.919495,W,000.0,000.0,040920,,,A*47
$GPGGA,171131.00,3724.996161,N,12204.919556,W,7,,0.38,-19.73,M,0.0,M,0.0,0000*78
$GPRMC,171131.00,A,3724.996161,N,12204.919556,W,000.0,000.0,040920,,,A*47
$GPGGA,171132.00,3724.996275,N,12204.919700,W,7,,0.38,-20.04,M,0.0,M,0.0,0000*76
$GPRMC,171132.00,A,3724.996275,N,12204.919700,W,000.0,000.0,040920,,,A*43
$GPGGA,171133.00,3724.996354,N,12204.919723,W,7,,0.38,-20.33,M,0.0,M,0.0,0000*70
$GPRMC,171133.00,A,3724.996354,N,12204.919723,W,000.0,000.0,040920,,,A*41
$GPGGA,171134.00,3724.996438,N,12204.919669,W,7,,0.38,-20.51,M,0.0,M,0.0,0000*71
$GPRMC,171134.00,A,3724.996438,N,12204.919669,W,000.0,000.0,040920,,,A*44
$GPGGA,171135.00,3724.996449,N,12204.919567,W,7,,0.38,-20.76,M,0.0,M,0.0,0000*7E
$GPRMC,171135.00,A,3724.996449,N,12204.919567,W,000.0,000.0,040920,,,A*4E
$GPGGA,171136.00,3724.996426,N,12204.919544,W,7,,0.38,-20.94,M,0.0,M,0.0,0000*79
$GPRMC,171136.00,A,3724.996426,N,12204.919544,W,000.0,000.0,040920,,,A*45
$GPGGA,171137.00,3724.996383,N,12204.919472,W,7,,0.38,-21.15,M,0.0,M,0.0,0000*7C
$GPRMC,171137.00,A,3724.996383,N,12204.919472,W,000.0,000.0,040920,,,A*48
$GPGGA,171138.00,3724.996396,N,12204.919400,W,7,,0.38,-21.41,M,0.0,M,0.0,0000*73
$GPRMC,171138.00,A,3724.996396,N,12204.919400,W,000.0,000.0,040920,,,A*46
$GPGGA,171139.00,3724.996407,N,12204.919370,W,7,,0.38,-21.44,M,0.0,M,0.0,0000*78
$GPRMC,171139.00,A,3724.996407,N,12204.919370,W,000.0,000.0,040920,,,A*48
$GPGGA,171140.00,3724.996396,N,12204.919381,W,7,,0.38,-21.43,M,0.0,M,0.0,0000*70
$GPRMC,171140.00,A,3724.996396,N,12204.919381,W,000.0,000.0,040920,,,A*47
$GPGGA,171141.00,3724.996390,N,12204.919418,W,7,,0.38,-21.49,M,0.0,M,0.0,0000*7A
$GPRMC,171141.00,A,3724.996390,N,12204.919418,W,000.0,000.0,040920,,,A*47
$GPGGA,171142.00,3724.996377,N,12204.919430,W,7,,0.38,-21.47,M,0.0,M,0.0,0000*74
$GPRMC,171142.00,A,3724.996377,N,12204.919430,W,000.0,000.0,040920,,,A*47
$GPGGA,171143.00,3724.996371,N,12204.919435,W,7,,0.38,-21.44,M,0.0,M,0.0,0000*75
$GPRMC,171143.00,A,3724.996371,N,12204.919435,W,000.0,000.0,040920,,,A*45
$GPGGA,171144.00,3724.996371,N,12204.919442,W,7,,0.38,-21.43,M,0.0,M,0.0,0000*75
$GPRMC,171144.00,A,3724.996371,N,12204.919442,W,000.0,000.0,040920,,,A*42
$GPGGA,171145.00,3724.996366,N,12204.919442,W,7,,0.38,-21.42,M,0.0,M,0.0,0000*73
$GPRMC,171145.00,A,3724.996366,N,12204.919442,W,000.0,000.0,040920,,,A*45
$GPGGA,171146.00,3724.996366,N,12204.919447,W,7,,0.38,-21.41,M,0.0,M,0.0,0000*76
$GPRMC,171146.00,A,3724.996366,N,12204.919447,W,000.0,000.0,040920,,,A*43
$GPGGA,171147.00,3724.996366,N,12204.919447,W,7,,0.38,-21.41,M,0.0,M,0.0,0000*77
$GPRMC,171147.00,A,3724.996366,N,12204.919447,W,000.0,000.0,040920,,,A*42
$GPGGA,171148.00,3724.996360,N,12204.919447,W,7,,0.38,-21.40,M,0.0,M,0.0,0000*7F
$GPRMC,171148.00,A,3724.996360,N,12204.919447,W,000.0,000.0,040920,,,A*4B
$GPGGA,171149.00,3724.996360,N,12204.919453,W,7,,0.38,-21.40,M,0.0,M,0.0,0000*7B
$GPRMC,171149.00,A,3724.996360,N,12204.919453,W,000.0,000.0,040920,,,A*4F
$GPGGA,171150.00,3724.996360,N,12204.919453,W,7,,0.38,-21.39,M,0.0,M,0.0,0000*7D
$GPRMC,171150.00,A,3724.996360,N,12204.919453,W,000.0,000.0,040920,,,A*47
$GPGGA,171151.00,3724.996354,N,12204.919453,W,7,,0.38,-21.38,M,0.0,M,0.0,0000*7A
$GPRMC,171151.00,A,3724.996354,N,12204.919453,W,000.0,000.0,040920,,,A*41
$GPGGA,171152.00,3724.996354,N,12204.919453,W,7,,0.38,-21.38,M,0.0,M,0.0,0000*79
$GPRMC,171152.00,A,3724.996354,N,12204.919453,W,000.0,000.0,040920,,,A*42
$GPGGA,171153.00,3724.996354,N,12204.919460,W,7,,0.38,-21.37,M,0.0,M,0.0,0000*77
$GPRMC,171153.00,A,3724.996354,N,12204.919460,W,000.0,000.0,040920,,,A*43
$GPGGA,171154.00,3724.996354,N,12204.919460,W,7,,0.38,-21.37,M,0.0,M,0.0,0000*70
$GPRMC,171154.00,A,3724.996354,N,12204.919460,W,000.0,000.0,040920,,,A*44
$GPGGA,171155.00,3724.996426,N,12204.919616,W,7,,0.38,-21.90,M,0.0,M,0.0,0000*7D
$GPRMC,171155.00,A,3724.996426,N,12204.919616,W,000.3,094.9,040920,,,A*43
$GPGGA,171156.00,3724.996521,N,12204.919112,W,7,,0.38,-22.38,M,0.0,M,0.0,0000*7A
$GPRMC,171156.00,A,3724.996521,N,12204.919112,W,002.2,085.3,040920,,,A*4C
$GPGGA,171157.00,3724.996701,N,12204.916519,W,7,,0.38,-22.23,M,0.0,M,0.0,0000*71
$GPRMC,171157.00,A,3724.996701,N,12204.916519,W,007.5,080.4,040920,,,A*4D
$GPGGA,171158.00,3724.996948,N,12204.912050,W,7,,0.38,-22.00,M,0.0,M,0.0,0000*70
$GPRMC,171158.00,A,3724.996948,N,12204.912050,W,013.2,085.4,040920,,,A*4A
$GPGGA,171159.00,3724.996995,N,12204.905582,W,7,,0.38,-21.94,M,0.0,M,0.0,0000*73
$GPRMC,171159.00,A,3724.996995,N,12204.905582,W,018.1,088.4,040920,,,A*42
$GPGGA,171200.00,3724.997098,N,12204.897962,W,7,,0.38,-22.23,M,0.0,M,0.0,0000*7E
$GPRMC,171200.00,A,3724.997098,N,12204.897962,W,021.1,091.3,040920,,,A*45
$GPGGA,171201.00,3724.996953,N,12204.889951,W,7,,0.38,-22.14,M,0.0,M,0.0,0000*7B
$GPRMC,171201.00,A,3724.996953,N,12204.889951,W,023.1,092.7,040920,,,A*41
$GPGGA,171202.00,3724.996618,N,12204.880982,W,7,,0.38,-22.40,M,0.0,M,0.0,0000*7E
$GPRMC,171202.00,A,3724.996618,N,12204.880982,W,025.7,093.5,040920,,,A*46
$GPGGA,171203.00,3724.996011,N,12204.871058,W,7,,0.38,-22.66,M,0.0,M,0.0,0000*74
$GPRMC,171203.00,A,3724.996011,N,12204.871058,W,028.3,093.9,040920,,,A*4D
$GPGGA,171204.00,3724.995435,N,12204.860521,W,7,,0.38,-23.22,M,0.0,M,0.0,0000*78
$GPRMC,171204.00,A,3724.995435,N,12204.860521,W,029.9,094.2,040920,,,A*47
$GPGGA,171205.00,3724.995016,N,12204.849877,W,7,,0.38,-23.45,M,0.0,M,0.0,0000*78
$GPRMC,171205.00,A,3724.995016,N,12204.849877,W,030.5,094.4,040920,,,A*44
$GPGGA,171206.00,3724.994320,N,12204.838874,W,7,,0.38,-23.59,M,0.0,M,0.0,0000*74
$GPRMC,171206.00,A,3724.994320,N,12204.838874,W,032.9,093.7,040920,,,A*4F
$GPGGA,171207.00,3724.993582,N,12204.827138,W,7,,0.38,-23.79,M,0.0,M,0.0,0000*71
$GPRMC,171207.00,A,3724.993582,N,12204.827138,W,034.9,093.5,040920,,,A*4C
$GPGGA,171208.00,3724.992892,N,12204.815174,W,7,,0.38,-24.37,M,0.0,M,0.0,0000*77
$GPRMC,171208.00,A,3724.992892,N,12204.815174,W,036.1,093.8,040920,,,A*40
$GPGGA,171209.00,3724.992136,N,12204.802081,W,7,,0.38,-24.74,M,0.0,M,0.0,0000*7B
$GPRMC,171209.00,A,3724.992136,N,12204.802081,W,036.9,093.8,040920,,,A*43
$GPGGA,171210.00,3724.991481,N,12204.789524,W,7,,0.38,-25.20,M,0.0,M,0.0,0000*7F
$GPRMC,171210.00,A,3724.991481,N,12204.789524,W,036.3,093.6,040920,,,A*43
$GPGGA,171211.00,3724.990780,N,12204.777446,W,7,,0.38,-25.48,M,0.0,M,0.0,0000*77
$GPRMC,171211.00,A,3724.990780,N,12204.777446,W,035.2,093.7,040920,,,A*46
$GPGGA,171212.00,3724.990095,N,12204.764924,W,7,,0.38,-26.04,M,0.0,M,0.0,0000*77
$GPRMC,171212.00,A,3724.990095,N,12204.764924,W,034.3,094.1,040920,,,A*4C
$GPGGA,171213.00,3724.989375,N,12204.753337,W,7,,0.38,-26.56,M,0.0,M,0.0,0000*78
$GPRMC,171213.00,A,3724.989375,N,12204.753337,W,032.4,094.2,040920,,,A*46
$GPGGA,171214.00,3724.988452,N,12204.742351,W,7,,0.38,-26.28,M,0.0,M,0.0,0000*75
$GPRMC,171214.00,A,3724.988452,N,12204.742351,W,030.3,093.8,040920,,,A*4A
$GPGGA,171215.00,3724.987894,N,12204.732548,W,7,,0.38,-27.11,M,0.0,M,0.0,0000*7F
$GPRMC,171215.00,A,3724.987894,N,12204.732548,W,028.0,093.2,040920,,,A*4B
$GPGGA,171216.00,3724.986844,N,12204.723044,W,7,,0.38,-25.71,M,0.0,M,0.0,0000*7D
$GPRMC,171216.00,A,3724.986844,N,12204.723044,W,025.1,093.2,040920,,,A*41
$GPGGA,171217.00,3724.986358,N,12204.714787,W,7,,0.38,-25.96,M,0.0,M,0.0,0000*7F
$GPRMC,171217.00,A,3724.986358,N,12204.714787,W,021.6,093.5,040920,,,A*4E
$GPGGA,171218.00,3724.985871,N,12204.708055,W,7,,0.38,-26.29,M,0.0,M,0.0,0000*71
$GPRMC,171218.00,A,3724.985871,N,12204.708055,W,017.2,093.1,040920,,,A*42
$GPGGA,171219.00,3724.985596,N,12204.702836,W,7,,0.38,-26.59,M,0.0,M,0.0,0000*74
$GPRMC,171219.00,A,3724.985596,N,12204.702836,W,014.5,092.9,040920,,,A*4D
$GPGGA,171220.00,3724.985080,N,12204.698263,W,7,,0.38,-26.57,M,0.0,M,0.0,0000*7A
$GPRMC,171220.00,A,3724.985080,N,12204.698263,W,011.6,094.1,040920,,,A*45
$GPGGA,171221.00,3724.984599,N,12204.694892,W,7,,0.38,-26.94,M,0.0,M,0.0,0000*70
$GPRMC,171221.00,A,3724.984599,N,12204.694892,W,008.6,096.8,040920,,,A*43
$GPGGA,171222.00,3724.983831,N,12204.692078,W,7,,0.38,-26.83,M,0.0,M,0.0,0000*77
$GPRMC,171222.00,A,3724.983831,N,12204.692078,W,007.8,107.8,040920,,,A*4A
$GPGGA,171223.00,3724.982523,N,12204.690284,W,7,,0.38,-27.11,M,0.0,M,0.0,0000*70
$GPRMC,171223.00,A,3724.982523,N,12204.690284,W,006.6,129.8,040920,,,A*44
$GPGGA,171224.00,3724.980424,N,12204.689174,W,7,,0.38,-27.01,M,0.0,M,0.0,0000*76
$GPRMC,171224.00,A,3724.980424,N,12204.689174,W,008.2,156.5,040920,,,A*4C
$GPGGA,171225.00,3724.977322,N,12204.689083,W,7,,0.38,-26.80,M,0.0,M,0.0,0000*7F
$GPRMC,171225.00,A,3724.977322,N,12204.689083,W,011.8,177.5,040920,,,A*4C
$GPGGA,171226.00,3724.973890,N,12204.689401,W,7,,0.38,-26.83,M,0.0,M,0.0,0000*77
$GPRMC,171226.00,A,3724.973890,N,12204.689401,W,012.9,180.7,040920,,,A*4F
$GPGGA,171227.00,3724.970392,N,12204.689624,W,7,,0.38,-26.91,M,0.0,M,0.0,0000*7A
$GPRMC,171227.00,A,3724.970392,N,12204.689624,W,012.3,180.5,040920,,,A*49
$GPGGA,171228.00,3724.967026,N,12204.689755,W,7,,0.38,-27.22,M,0.0,M,0.0,0000*71
$GPRMC,171228.00,A,3724.967026,N,12204.689755,W,011.7,180.6,040920,,,A*4F
$GPGGA,171229.00,3724.964049,N,12204.689864,W,7,,0.38,-27.04,M,0.0,M,0.0,0000*73
$GPRMC,171229.00,A,3724.964049,N,12204.689864,W,010.2,181.4,040920,,,A*4E
$GPGGA,171230.00,3724.961560,N,12204.690140,W,7,,0.38,-27.30,M,0.0,M,0.0,0000*70
$GPRMC,171230.00,A,3724.961560,N,12204.690140,W,008.3,183.1,040920,,,A*45
$GPGGA,171231.00,3724.959664,N,12204.690259,W,7,,0.38,-27.23,M,0.0,M,0.0,0000*74
$GPRMC,171231.00,A,3724.959664,N,12204.690259,W,005.7,183.8,040920,,,A*43
$GPGGA,171232.00,3724.958589,N,12204.690349,W,7,,0.38,-27.11,M,0.0,M,0.0,0000*77
$GPRMC,171232.00,A,3724.958589,N,12204.690349,W,002.4,184.1,040920,,,A*4B
$GPGGA,171233.00,3724.958331,N,12204.690445,W,7,,0.38,-27.16,M,0.0,M,0.0,0000*7F
$GPRMC,171233.00,A,3724.958331,N,12204.690445,W,000.0,000.0,040920,,,A*4E
$GPGGA,171234.00,3724.958302,N,12204.690452,W,7,,0.38,-27.34,M,0.0,M,0.0,0000*7E
$GPRMC,171234.00,A,3724.958302,N,12204.690452,W,000.0,000.0,040920,,,A*4F
$GPGGA,171235.00,3724.958302,N,12204.690470,W,7,,0.38,-27.35,M,0.0,M,0.0,0000*7E
$GPRMC,171235.00,A,3724.958302,N,12204.690470,W,000.0,000.0,040920,,,A*4E
$GPGGA,171236.00,3724.958302,N,12204.690470,W,7,,0.38,-27.35,M,0.0,M,0.0,0000*7D
$GPRMC,171236.00,A,3724.958302,N,12204.690470,W,000.0,000.0,040920,,,A*4D
$GPGGA,171237.00,3724.958302,N,12204.690470,W,7,,0.38,-27.35,M,0.0,M,0.0,0000*7C
$GPRMC,171237.00,A,3724.958302,N,12204.690470,W,000.0,000.0,040920,,,A*4C
$GPGGA,171238.00,3724.958302,N,12204.690475,W,7,,0.38,-27.35,M,0.0,M,0.0,0000*76
$GPRMC,171238.00,A,3724.958302,N,12204.690475,W,000.0,000.0,040920,,,A*46
$GPGGA,171239.00,3724.958325,N,12204.690854,W,7,,0.38,-27.19,M,0.0,M,0.0,0000*73
$GPRMC,171239.00,A,3724.958325,N,12204.690854,W,000.0,000.0,040920,,,A*4D
$GPGGA,171240.00,3724.958302,N,12204.690860,W,7,,0.38,-27.26,M,0.0,M,0.0,0000*73
$GPRMC,171240.00,A,3724.958302,N,12204.690860,W,000.0,000.0,040920,,,A*41
$GPGGA,171241.00,3724.958302,N,12204.690865,W,7,,0.38,-27.28,M,0.0,M,0.0,0000*79
$GPRMC,171241.00,A,3724.958302,N,12204.690865,W,000.0,000.0,040920,,,A*45
$GPGGA,171242.00,3724.958308,N,12204.690944,W,7,,0.38,-27.50,M,0.0,M,0.0,0000*7D
$GPRMC,171242.00,A,3724.958308,N,12204.690944,W,000.0,000.0,040920,,,A*4E
$GPGGA,171243.00,3724.958266,N,12204.690926,W,7,,0.38,-27.44,M,0.0,M,0.0,0000*74
$GPRMC,171243.00,A,3724.958266,N,12204.690926,W,000.0,000.0,040920,,,A*42
$GPGGA,171244.00,3724.958266,N,12204.690926,W,7,,0.38,-27.44,M,0.0,M,0.0,0000*73
$GPRMC,171244.00,A,3724.958266,N,12204.690926,W,000.0,000.0,040920,,,A*45
$GPGGA,171245.00,3724.958266,N,12204.690932,W,7,,0.38,-27.44,M,0.0,M,0.0,0000*77
$GPRMC,171245.00,A,3724.958266,N,12204.690932,W,000.0,000.0,040920,,,A*41
$GPGGA,171246.00,3724.958266,N,12204.690926,W,7,,0.38,-27.44,M,0.0,M,0.0,0000*71
$GPRMC,171246.00,A,3724.958266,N,12204.690926,W,000.0,000.0,040920,,,A*47
$GPGGA,171247.00,3724.958266,N,12204.690932,W,7,,0.38,-27.44,M,0.0,M,0.0,0000*75
$GPRMC,171247.00,A,3724.958266,N,12204.690932,W,000.0,000.0,040920,,,A*43
$GPGGA,171248.00,3724.957954,N,12204.690842,W,7,,0.38,-27.53,M,0.0,M,0.0,0000*7F
$GPRMC,171248.00,A,3724.957954,N,12204.690842,W,001.7,186.8,040920,,,A*4E
$GPGGA,171249.00,3724.956556,N,12204.691076,W,7,,0.38,-27.45,M,0.0,M,0.0,0000*78
$GPRMC,171249.00,A,3724.956556,N,12204.691076,W,007.1,186.9,040920,,,A*4F
$GPGGA,171250.00,3724.953885,N,12204.691190,W,7,,0.38,-27.46,M,0.0,M,0.0,0000*7C
$GPRMC,171250.00,A,3724.953885,N,12204.691190,W,012.1,185.3,040920,,,A*45
$GPGGA,171251.00,3724.949787,N,12204.691513,W,7,,0.38,-27.54,M,0.0,M,0.0,0000*77
$GPRMC,171251.00,A,3724.949787,N,12204.691513,W,016.7,184.3,040920,,,A*4E
$GPGGA,171252.00,3724.944490,N,12204.691760,W,7,,0.38,-27.39,M,0.0,M,0.0,0000*71
$GPRMC,171252.00,A,3724.944490,N,12204.691760,W,020.5,182.4,040920,,,A*45
$GPGGA,171253.00,3724.938075,N,12204.691837,W,7,,0.38,-27.35,M,0.0,M,0.0,0000*75
$GPRMC,171253.00,A,3724.938075,N,12204.691837,W,024.8,180.6,040920,,,A*44
$GPGGA,171254.00,3724.930768,N,12204.691850,W,7,,0.38,-27.59,M,0.0,M,0.0,0000*7A
$GPRMC,171254.00,A,3724.930768,N,12204.691850,W,027.6,179.9,040920,,,A*45
$GPGGA,171255.00,3724.923417,N,12204.691897,W,7,,0.38,-27.46,M,0.0,M,0.0,0000*77
$GPRMC,171255.00,A,3724.923417,N,12204.691897,W,027.5,180.4,040920,,,A*4E
$GPGGA,171256.00,3724.915780,N,12204.691987,W,7,,0.38,-27.35,M,0.0,M,0.0,0000*78
$GPRMC,171256.00,A,3724.915780,N,12204.691987,W,027.0,180.7,040920,,,A*43
$GPGGA,171257.00,3724.908184,N,12204.692048,W,7,,0.38,-27.08,M,0.0,M,0.0,0000*70
$GPRMC,171257.00,A,3724.908184,N,12204.692048,W,025.5,180.8,040920,,,A*4D
$GPGGA,171258.00,3724.901464,N,12204.692108,W,7,,0.38,-27.01,M,0.0,M,0.0,0000*71
$GPRMC,171258.00,A,3724.901464,N,12204.692108,W,022.8,180.4,040920,,,A*43
$GPGGA,171259.00,3724.895848,N,12204.692132,W,7,,0.38,-26.91,M,0.0,M,0.0,0000*7F
$GPRMC,171259.00,A,3724.895848,N,12204.692132,W,019.6,180.1,040920,,,A*46
$GPGGA,171300.00,3724.890219,N,12204.692215,W,7,,0.38,-26.80,M,0.0,M,0.0,0000*7F
$GPRMC,171300.00,A,3724.890219,N,12204.692215,W,019.1,180.7,040920,,,A*47
$GPGGA,171301.00,3724.884988,N,12204.692204,W,7,,0.38,-26.52,M,0.0,M,0.0,0000*77
$GPRMC,171301.00,A,3724.884988,N,12204.692204,W,018.6,180.5,040920,,,A*44
$GPGGA,171302.00,3724.879954,N,12204.692210,W,7,,0.38,-26.36,M,0.0,M,0.0,0000*70
$GPRMC,171302.00,A,3724.879954,N,12204.692210,W,017.9,179.9,040920,,,A*4B
$GPGGA,171303.00,3724.875225,N,12204.692155,W,7,,0.38,-26.38,M,0.0,M,0.0,0000*7C
$GPRMC,171303.00,A,3724.875225,N,12204.692155,W,016.8,179.5,040920,,,A*45
$GPGGA,171304.00,3724.870947,N,12204.692029,W,7,,0.38,-26.26,M,0.0,M,0.0,0000*74
$GPRMC,171304.00,A,3724.870947,N,12204.692029,W,014.2,179.3,040920,,,A*4C
$GPGGA,171305.00,3724.867294,N,12204.691994,W,7,,0.38,-26.10,M,0.0,M,0.0,0000*7F
$GPRMC,171305.00,A,3724.867294,N,12204.691994,W,011.3,179.7,040920,,,A*42
$GPGGA,171306.00,3724.864696,N,12204.692018,W,7,,0.38,-26.01,M,0.0,M,0.0,0000*77
$GPRMC,171306.00,A,3724.864696,N,12204.692018,W,008.1,180.4,040920,,,A*45
$GPGGA,171307.00,3724.862889,N,12204.692011,W,7,,0.38,-25.86,M,0.0,M,0.0,0000*75
$GPRMC,171307.00,A,3724.862889,N,12204.692011,W,005.5,180.9,040920,,,A*4F
$GPGGA,171308.00,3724.861342,N,12204.692078,W,7,,0.38,-25.47,M,0.0,M,0.0,0000*77
$GPRMC,171308.00,A,3724.861342,N,12204.692078,W,005.1,180.9,040920,,,A*44
$GPGGA,171309.00,3724.859967,N,12204.692101,W,7,,0.38,-25.53,M,0.0,M,0.0,0000*7A
$GPRMC,171309.00,A,3724.859967,N,12204.692101,W,005.3,180.9,040920,,,A*4E
$GPGGA,171310.00,3724.858257,N,12204.692180,W,7,,0.38,-25.52,M,0.0,M,0.0,0000*73
$GPRMC,171310.00,A,3724.858257,N,12204.692180,W,006.8,183.1,040920,,,A*45
$GPGGA,171311.00,3724.856086,N,12204.692534,W,7,,0.38,-25.36,M,0.0,M,0.0,0000*7B
$GPRMC,171311.00,A,3724.856086,N,12204.692534,W,008.6,187.3,040920,,,A*49
$GPGGA,171312.00,3724.853320,N,12204.692959,W,7,,0.38,-25.43,M,0.0,M,0.0,0000*77
$GPRMC,171312.00,A,3724.853320,N,12204.692959,W,011.2,189.5,040920,,,A*43
$GPGGA,171313.00,3724.849660,N,12204.693811,W,7,,0.38,-25.46,M,0.0,M,0.0,0000*75
$GPRMC,171313.00,A,3724.849660,N,12204.693811,W,014.3,191.7,040920,,,A*4B
$GPGGA,171314.00,3724.845394,N,12204.694939,W,7,,0.38,-25.39,M,0.0,M,0.0,0000*74
$GPRMC,171314.00,A,3724.845394,N,12204.694939,W,017.7,192.1,040920,,,A*40
$GPGGA,171315.00,3724.840269,N,12204.696260,W,7,,0.38,-25.39,M,0.0,M,0.0,0000*76
$GPRMC,171315.00,A,3724.840269,N,12204.696260,W,019.9,191.8,040920,,,A*48
$GPGGA,171316.00,3724.834581,N,12204.697580,W,7,,0.38,-25.18,M,0.0,M,0.0,0000*7C
$GPRMC,171316.00,A,3724.834581,N,12204.697580,W,020.8,190.9,040920,,,A*4A
$GPGGA,171317.00,3724.828516,N,12204.698744,W,7,,0.38,-25.08,M,0.0,M,0.0,0000*7A
$GPRMC,171317.00,A,3724.828516,N,12204.698744,W,022.7,188.5,040920,,,A*45
$GPGGA,171318.00,3724.821982,N,12204.699793,W,7,,0.38,-24.91,M,0.0,M,0.0,0000*77
$GPRMC,171318.00,A,3724.821982,N,12204.699793,W,024.6,187.5,040920,,,A*41
$GPGGA,171319.00,3724.815238,N,12204.700843,W,7,,0.38,-24.90,M,0.0,M,0.0,0000*79
$GPRMC,171319.00,A,3724.815238,N,12204.700843,W,025.9,187.8,040920,,,A*4D
$GPGGA,171320.00,3724.807870,N,12204.702151,W,7,,0.38,-24.72,M,0.0,M,0.0,0000*72
$GPRMC,171320.00,A,3724.807870,N,12204.702151,W,027.1,188.7,040920,,,A*40
$GPGGA,171321.00,3724.800172,N,12204.703970,W,7,,0.38,-24.59,M,0.0,M,0.0,0000*7C
$GPRMC,171321.00,A,3724.800172,N,12204.703970,W,027.8,191.8,040920,,,A*49
$GPGGA,171322.00,3724.792714,N,12204.706519,W,7,,0.38,-24.58,M,0.0,M,0.0,0000*7A
$GPRMC,171322.00,A,3724.792714,N,12204.706519,W,028.1,197.8,040920,,,A*4E
$GPGGA,171323.00,3724.785826,N,12204.710420,W,7,,0.38,-24.69,M,0.0,M,0.0,0000*7D
$GPRMC,171323.00,A,3724.785826,N,12204.710420,W,028.0,208.3,040920,,,A*44
$GPGGA,171324.00,3724.779459,N,12204.716353,W,7,,0.38,-24.94,M,0.0,M,0.0,0000*7A
$GPRMC,171324.00,A,3724.779459,N,12204.716353,W,028.0,221.5,040920,,,A*4C
$GPGGA,171325.00,3724.774347,N,12204.723686,W,7,,0.38,-25.04,M,0.0,M,0.0,0000*7D
$GPRMC,171325.00,A,3724.774347,N,12204.723686,W,027.9,234.5,040920,,,A*41
$GPGGA,171326.00,3724.771126,N,12204.732362,W,7,,0.38,-25.04,M,0.0,M,0.0,0000*71
$GPRMC,171326.00,A,3724.771126,N,12204.732362,W,027.6,250.7,040920,,,A*42
$GPGGA,171327.00,3724.769643,N,12204.741530,W,7,,0.38,-24.95,M,0.0,M,0.0,0000*71
$GPRMC,171327.00,A,3724.769643,N,12204.741530,W,027.8,264.3,040920,,,A*46
$GPGGA,171328.00,3724.769679,N,12204.751471,W,7,,0.38,-24.91,M,0.0,M,0.0,0000*76
$GPRMC,171328.00,A,3724.769679,N,12204.751471,W,029.3,275.6,040920,,,A*45
$GPGGA,171329.00,3724.771192,N,12204.761971,W,7,,0.38,-24.83,M,0.0,M,0.0,0000*71
$GPRMC,171329.00,A,3724.771192,N,12204.761971,W,030.5,284.3,040920,,,A*44
$GPGGA,171330.00,3724.773604,N,12204.772088,W,7,,0.38,-24.75,M,0.0,M,0.0,0000*77
$GPRMC,171330.00,A,3724.773604,N,12204.772088,W,031.9,289.5,040920,,,A*4D
$GPGGA,171331.00,3724.777078,N,12204.782762,W,7,,0.38,-24.85,M,0.0,M,0.0,0000*7C
$GPRMC,171331.00,A,3724.777078,N,12204.782762,W,034.3,294.6,040920,,,A*49
$GPGGA,171332.00,3724.781440,N,12204.794215,W,7,,0.38,-25.09,M,0.0,M,0.0,0000*7E
$GPRMC,171332.00,A,3724.781440,N,12204.794215,W,036.2,297.0,040920,,,A*48
$GPGGA,171333.00,3724.786198,N,12204.805843,W,7,,0.38,-24.95,M,0.0,M,0.0,0000*72
$GPRMC,171333.00,A,3724.786198,N,12204.805843,W,038.2,297.7,040920,,,A*49
$GPGGA,171334.00,3724.791298,N,12204.817370,W,7,,0.38,-24.96,M,0.0,M,0.0,0000*7B
$GPRMC,171334.00,A,3724.791298,N,12204.817370,W,040.0,300.3,040920,,,A*45
$GPGGA,171335.00,3724.796889,N,12204.829478,W,7,,0.38,-24.96,M,0.0,M,0.0,0000*75
$GPRMC,171335.00,A,3724.796889,N,12204.829478,W,040.4,301.4,040920,,,A*49
$GPGGA,171336.00,3724.802883,N,12204.841814,W,7,,0.38,-25.40,M,0.0,M,0.0,0000*7C
$GPRMC,171336.00,A,3724.802883,N,12204.841814,W,041.6,302.1,040920,,,A*4F
$GPGGA,171337.00,3724.809214,N,12204.854617,W,7,,0.38,-25.41,M,0.0,M,0.0,0000*7A
$GPRMC,171337.00,A,3724.809214,N,12204.854617,W,041.5,302.4,040920,,,A*4E
$GPGGA,171338.00,3724.815526,N,12204.866569,W,7,,0.38,-25.64,M,0.0,M,0.0,0000*72
$GPRMC,171338.00,A,3724.815526,N,12204.866569,W,040.9,304.3,040920,,,A*4D
$GPGGA,171339.00,3724.821849,N,12204.877766,W,7,,0.38,-25.80,M,0.0,M,0.0,0000*77
$GPRMC,171339.00,A,3724.821849,N,12204.877766,W,040.4,305.8,040920,,,A*45
$GPGGA,171340.00,3724.829187,N,12204.889244,W,7,,0.38,-25.91,M,0.0,M,0.0,0000*7E
$GPRMC,171340.00,A,3724.829187,N,12204.889244,W,041.1,309.7,040920,,,A*4B
$GPGGA,171341.00,3724.836705,N,12204.900026,W,7,,0.38,-25.45,M,0.0,M,0.0,0000*72
$GPRMC,171341.00,A,3724.836705,N,12204.900026,W,041.2,312.0,040920,,,A*40
$GPGGA,171342.00,3724.844541,N,12204.910508,W,7,,0.38,-24.63,M,0.0,M,0.0,0000*7B
$GPRMC,171342.00,A,3724.844541,N,12204.910508,W,041.2,313.6,040920,,,A*4B
$GPGGA,171343.00,3724.852275,N,12204.920755,W,7,,0.38,-23.58,M,0.0,M,0.0,0000*7B
$GPRMC,171343.00,A,3724.852275,N,12204.920755,W,041.5,312.9,040920,,,A*4D
$GPGGA,171344.00,3724.859829,N,12204.931501,W,7,,0.38,-22.83,M,0.0,M,0.0,0000*70
$GPRMC,171344.00,A,3724.859829,N,12204.931501,W,040.9,310.4,040920,,,A*43
$GPGGA,171345.00,3724.867017,N,12204.942866,W,7,,0.38,-22.60,M,0.0,M,0.0,0000*7C
$GPRMC,171345.00,A,3724.867017,N,12204.942866,W,040.2,306.9,040920,,,A*43
$GPGGA,171346.00,3724.873312,N,12204.954367,W,7,,0.38,-22.90,M,0.0,M,0.0,0000*7E
$GPRMC,171346.00,A,3724.873312,N,12204.954367,W,040.0,302.4,040920,,,A*45
$GPGGA,171347.00,3724.878903,N,12204.966097,W,7,,0.38,-23.57,M,0.0,M,0.0,0000*79
$GPRMC,171347.00,A,3724.878903,N,12204.966097,W,040.4,298.9,040920,,,A*43
$GPGGA,171348.00,3724.884483,N,12204.979051,W,7,,0.38,-24.56,M,0.0,M,0.0,0000*72
$GPRMC,171348.00,A,3724.884483,N,12204.979051,W,041.6,296.8,040920,,,A*42
$GPGGA,171349.00,3724.889811,N,12204.992330,W,7,,0.38,-25.54,M,0.0,M,0.0,0000*7B
$GPRMC,171349.00,A,3724.889811,N,12204.992330,W,043.5,296.3,040920,,,A*42
$GPGGA,171350.00,3724.895331,N,12205.005530,W,7,,0.38,-26.43,M,0.0,M,0.0,0000*72
$GPRMC,171350.00,A,3724.895331,N,12205.005530,W,044.2,297.9,040920,,,A*45
$GPGGA,171351.00,3724.901368,N,12205.018988,W,7,,0.38,-26.87,M,0.0,M,0.0,0000*78
$GPRMC,171351.00,A,3724.901368,N,12205.018988,W,044.4,300.4,040920,,,A*43
$GPGGA,171352.00,3724.907955,N,12205.032098,W,7,,0.38,-26.64,M,0.0,M,0.0,0000*74
$GPRMC,171352.00,A,3724.907955,N,12205.032098,W,044.8,303.8,040920,,,A*41
$GPGGA,171353.00,3724.915408,N,12205.045477,W,7,,0.38,-26.56,M,0.0,M,0.0,0000*77
$GPRMC,171353.00,A,3724.915408,N,12205.045477,W,045.9,306.0,040920,,,A*4E
$GPGGA,171354.00,3724.922937,N,12205.058024,W,7,,0.38,-26.52,M,0.0,M,0.0,0000*7F
$GPRMC,171354.00,A,3724.922937,N,12205.058024,W,046.6,307.8,040920,,,A*47
$GPGGA,171355.00,3724.931134,N,12205.070797,W,7,,0.38,-26.61,M,0.0,M,0.0,0000*72
$GPRMC,171355.00,A,3724.931134,N,12205.070797,W,047.2,309.8,040920,,,A*41
$GPGGA,171356.00,3724.939863,N,12205.083806,W,7,,0.38,-26.53,M,0.0,M,0.0,0000*78
$GPRMC,171356.00,A,3724.939863,N,12205.083806,W,047.5,310.8,040920,,,A*45
$GPGGA,171357.00,3724.948653,N,12205.096658,W,7,,0.38,-26.66,M,0.0,M,0.0,0000*75
$GPRMC,171357.00,A,3724.948653,N,12205.096658,W,048.6,310.7,040920,,,A*4D
$GPGGA,171358.00,3724.957468,N,12205.109684,W,7,,0.38,-26.61,M,0.0,M,0.0,0000*7F
$GPRMC,171358.00,A,3724.957468,N,12205.109684,W,049.5,310.5,040920,,,A*40
$GPGGA,171359.00,3724.966167,N,12205.122259,W,7,,0.38,-26.09,M,0.0,M,0.0,0000*75
$GPRMC,171359.00,A,3724.966167,N,12205.122259,W,049.8,311.2,040920,,,A*4F
$GPGGA,171400.00,3724.975503,N,12205.135508,W,7,,0.38,-26.22,M,0.0,M,0.0,0000*76
$GPRMC,171400.00,A,3724.975503,N,12205.135508,W,050.3,311.7,040920,,,A*43
$GPGGA,171401.00,3724.985128,N,12205.148936,W,7,,0.38,-26.25,M,0.0,M,0.0,0000*79
$GPRMC,171401.00,A,3724.985128,N,12205.148936,W,050.3,311.9,040920,,,A*45
$GPGGA,171402.00,3724.994511,N,12205.162015,W,7,,0.38,-26.41,M,0.0,M,0.0,0000*76
$GPRMC,171402.00,A,3724.994511,N,12205.162015,W,050.6,311.9,040920,,,A*4D
$GPGGA,171403.00,3725.003584,N,12205.174700,W,7,,0.38,-26.52,M,0.0,M,0.0,0000*7B
$GPRMC,171403.00,A,3725.003584,N,12205.174700,W,050.6,312.0,040920,,,A*48
$GPGGA,171404.00,3725.013316,N,12205.188344,W,7,,0.38,-26.52,M,0.0,M,0.0,0000*77
$GPRMC,171404.00,A,3725.013316,N,12205.188344,W,050.5,311.8,040920,,,A*4C
$GPGGA,171405.00,3725.022537,N,12205.201760,W,7,,0.38,-26.51,M,0.0,M,0.0,0000*72
$GPRMC,171405.00,A,3725.022537,N,12205.201760,W,051.1,310.4,040920,,,A*42
$GPGGA,171406.00,3725.031820,N,12205.215446,W,7,,0.38,-26.69,M,0.0,M,0.0,0000*71
$GPRMC,171406.00,A,3725.031820,N,12205.215446,W,051.8,310.3,040920,,,A*44
$GPGGA,171407.00,3725.041048,N,12205.228951,W,7,,0.38,-26.57,M,0.0,M,0.0,0000*79
$GPRMC,171407.00,A,3725.041048,N,12205.228951,W,052.2,311.3,040920,,,A*49
$GPGGA,171408.00,3725.050551,N,12205.242643,W,7,,0.38,-26.63,M,0.0,M,0.0,0000*7C
$GPRMC,171408.00,A,3725.050551,N,12205.242643,W,052.2,311.2,040920,,,A*4A
$GPGGA,171409.00,3725.060469,N,12205.256761,W,7,,0.38,-26.78,M,0.0,M,0.0,0000*7A
$GPRMC,171409.00,A,3725.060469,N,12205.256761,W,052.4,311.5,040920,,,A*47
$GPGGA,171410.00,3725.069950,N,12205.270099,W,7,,0.38,-26.94,M,0.0,M,0.0,0000*7A
$GPRMC,171410.00,A,3725.069950,N,12205.270099,W,052.8,311.6,040920,,,A*4A
$GPGGA,171411.00,3725.079826,N,12205.283840,W,7,,0.38,-27.19,M,0.0,M,0.0,0000*7E
$GPRMC,171411.00,A,3725.079826,N,12205.283840,W,053.3,312.3,040920,,,A*46
$GPGGA,171412.00,3725.090139,N,12205.298047,W,7,,0.38,-27.34,M,0.0,M,0.0,0000*77
$GPRMC,171412.00,A,3725.090139,N,12205.298047,W,053.7,312.6,040920,,,A*41
$GPGGA,171413.00,3725.100268,N,12205.311763,W,7,,0.38,-27.62,M,0.0,M,0.0,0000*7B
$GPRMC,171413.00,A,3725.100268,N,12205.311763,W,053.9,312.8,040920,,,A*4E
$GPGGA,171414.00,3725.110095,N,12205.325390,W,7,,0.38,-27.85,M,0.0,M,0.0,0000*7B
$GPRMC,171414.00,A,3725.110095,N,12205.325390,W,054.1,311.7,040920,,,A*44
$GPGGA,171415.00,3725.120038,N,12205.339585,W,7,,0.38,-28.05,M,0.0,M,0.0,0000*76
$GPRMC,171415.00,A,3725.120038,N,12205.339585,W,054.5,311.3,040920,,,A*4E
$GPGGA,171416.00,3725.130153,N,12205.353926,W,7,,0.38,-28.29,M,0.0,M,0.0,0000*7F
$GPRMC,171416.00,A,3725.130153,N,12205.353926,W,055.4,311.7,040920,,,A*4D
$GPGGA,171417.00,3725.140947,N,12205.369052,W,7,,0.38,-28.52,M,0.0,M,0.0,0000*7B
$GPRMC,171417.00,A,3725.140947,N,12205.369052,W,056.4,312.1,040920,,,A*43
$GPGGA,171418.00,3725.151220,N,12205.383277,W,7,,0.38,-28.74,M,0.0,M,0.0,0000*7B
$GPRMC,171418.00,A,3725.151220,N,12205.383277,W,057.2,312.3,040920,,,A*42
$GPGGA,171419.00,3725.161990,N,12205.398116,W,7,,0.38,-28.95,M,0.0,M,0.0,0000*78
$GPRMC,171419.00,A,3725.161990,N,12205.398116,W,058.1,312.3,040920,,,A*42
$GPGGA,171420.00,3725.173269,N,12205.413614,W,7,,0.38,-29.10,M,0.0,M,0.0,0000*71
$GPRMC,171420.00,A,3725.173269,N,12205.413614,W,058.8,312.5,040920,,,A*48
$GPGGA,171421.00,3725.184483,N,12205.428919,W,7,,0.38,-29.26,M,0.0,M,0.0,0000*75
$GPRMC,171421.00,A,3725.184483,N,12205.428919,W,059.4,312.6,040920,,,A*47
$GPGGA,171422.00,3725.195601,N,12205.444232,W,7,,0.38,-29.44,M,0.0,M,0.0,0000*72
$GPRMC,171422.00,A,3725.195601,N,12205.444232,W,059.8,312.3,040920,,,A*4D
$GPGGA,171423.00,3725.206437,N,12205.459160,W,7,,0.38,-29.44,M,0.0,M,0.0,0000*75
$GPRMC,171423.00,A,3725.206437,N,12205.459160,W,060.0,312.3,040920,,,A*48
$GPGGA,171424.00,3725.217741,N,12205.474801,W,7,,0.38,-29.53,M,0.0,M,0.0,0000*77
$GPRMC,171424.00,A,3725.217741,N,12205.474801,W,060.0,312.3,040920,,,A*4C
$GPGGA,171425.00,3725.229315,N,12205.490719,W,7,,0.38,-29.61,M,0.0,M,0.0,0000*73
$GPRMC,171425.00,A,3725.229315,N,12205.490719,W,059.9,312.3,040920,,,A*4A
$GPGGA,171426.00,3725.240505,N,12205.506067,W,7,,0.38,-29.90,M,0.0,M,0.0,0000*76
$GPRMC,171426.00,A,3725.240505,N,12205.506067,W,059.8,312.3,040920,,,A*40
$GPGGA,171427.00,3725.251438,N,12205.521079,W,7,,0.38,-30.16,M,0.0,M,0.0,0000*74
$GPRMC,171427.00,A,3725.251438,N,12205.521079,W,059.6,312.5,040920,,,A*4C
$GPGGA,171428.00,3725.262939,N,12205.536907,W,7,,0.38,-29.78,M,0.0,M,0.0,0000*71
$GPRMC,171428.00,A,3725.262939,N,12205.536907,W,059.4,312.5,040920,,,A*4B
$GPGGA,171429.00,3725.274028,N,12205.552094,W,7,,0.38,-29.72,M,0.0,M,0.0,0000*75
$GPRMC,171429.00,A,3725.274028,N,12205.552094,W,059.0,312.3,040920,,,A*47
$GPGGA,171430.00,3725.285002,N,12205.567237,W,7,,0.38,-29.64,M,0.0,M,0.0,0000*71
$GPRMC,171430.00,A,3725.285002,N,12205.567237,W,058.7,312.2,040920,,,A*43
$GPGGA,171431.00,3725.295658,N,12205.582117,W,7,,0.38,-29.79,M,0.0,M,0.0,0000*7E
$GPRMC,171431.00,A,3725.295658,N,12205.582117,W,058.7,312.2,040920,,,A*40
$GPGGA,171432.00,3725.306560,N,12205.597171,W,7,,0.38,-29.79,M,0.0,M,0.0,0000*7A
$GPRMC,171432.00,A,3725.306560,N,12205.597171,W,058.2,312.3,040920,,,A*40
$GPGGA,171433.00,3725.317809,N,12205.612621,W,7,,0.38,-29.85,M,0.0,M,0.0,0000*76
$GPRMC,171433.00,A,3725.317809,N,12205.612621,W,058.0,312.4,040920,,,A*4A
$GPGGA,171434.00,3725.328406,N,12205.627183,W,7,,0.38,-29.88,M,0.0,M,0.0,0000*7A
$GPRMC,171434.00,A,3725.328406,N,12205.627183,W,057.9,312.5,040920,,,A*4C
$GPGGA,171435.00,3725.339265,N,12205.641991,W,7,,0.38,-30.05,M,0.0,M,0.0,0000*7E
$GPRMC,171435.00,A,3725.339265,N,12205.641991,W,057.7,312.6,040920,,,A*48
$GPGGA,171436.00,3725.350431,N,12205.657243,W,7,,0.38,-30.16,M,0.0,M,0.0,0000*74
$GPRMC,171436.00,A,3725.350431,N,12205.657243,W,057.6,312.8,040920,,,A*4F
$GPGGA,171437.00,3725.361328,N,12205.672148,W,7,,0.38,-30.34,M,0.0,M,0.0,0000*77
$GPRMC,171437.00,A,3725.361328,N,12205.672148,W,057.6,312.2,040920,,,A*46
$GPGGA,171438.00,3725.371726,N,12205.686554,W,7,,0.38,-29.65,M,0.0,M,0.0,0000*7D
$GPRMC,171438.00,A,3725.371726,N,12205.686554,W,057.8,311.8,040920,,,A*47
$GPGGA,171439.00,3725.382501,N,12205.701560,W,7,,0.38,-30.04,M,0.0,M,0.0,0000*71
$GPRMC,171439.00,A,3725.382501,N,12205.701560,W,058.1,312.2,040920,,,A*4B
$GPGGA,171440.00,3725.393314,N,12205.716500,W,7,,0.38,-30.32,M,0.0,M,0.0,0000*78
$GPRMC,171440.00,A,3725.393314,N,12205.716500,W,058.1,312.5,040920,,,A*40
$GPGGA,171441.00,3725.404713,N,12205.732147,W,7,,0.38,-30.48,M,0.0,M,0.0,0000*7F
$GPRMC,171441.00,A,3725.404713,N,12205.732147,W,058.6,312.5,040920,,,A*4D
$GPGGA,171442.00,3725.415363,N,12205.746842,W,7,,0.38,-30.57,M,0.0,M,0.0,0000*7E
$GPRMC,171442.00,A,3725.415363,N,12205.746842,W,059.3,312.1,040920,,,A*42
$GPGGA,171443.00,3725.426404,N,12205.762244,W,7,,0.38,-30.76,M,0.0,M,0.0,0000*70
$GPRMC,171443.00,A,3725.426404,N,12205.762244,W,059.8,312.0,040920,,,A*45
$GPGGA,171444.00,3725.438055,N,12205.778396,W,7,,0.38,-30.98,M,0.0,M,0.0,0000*7D
$GPRMC,171444.00,A,3725.438055,N,12205.778396,W,060.5,312.4,040920,,,A*4B
$GPGGA,171445.00,3725.449449,N,12205.793845,W,7,,0.38,-31.03,M,0.0,M,0.0,0000*70
$GPRMC,171445.00,A,3725.449449,N,12205.793845,W,060.7,313.1,040920,,,A*43
$GPGGA,171446.00,3725.461024,N,12205.809253,W,7,,0.38,-31.18,M,0.0,M,0.0,0000*7D
$GPRMC,171446.00,A,3725.461024,N,12205.809253,W,060.8,313.6,040920,,,A*4C
$GPGGA,171447.00,3725.472370,N,12205.823984,W,7,,0.38,-31.29,M,0.0,M,0.0,0000*77
$GPRMC,171447.00,A,3725.472370,N,12205.823984,W,060.9,314.3,040920,,,A*47
$GPGGA,171448.00,3725.484376,N,12205.839218,W,7,,0.38,-31.32,M,0.0,M,0.0,0000*78
$GPRMC,171448.00,A,3725.484376,N,12205.839218,W,061.1,315.1,040920,,,A*48
$GPGGA,171449.00,3725.496867,N,12205.854662,W,7,,0.38,-31.41,M,0.0,M,0.0,0000*77
$GPRMC,171449.00,A,3725.496867,N,12205.854662,W,061.4,315.8,040920,,,A*4F
$GPGGA,171450.00,3725.509174,N,12205.869440,W,7,,0.38,-31.37,M,0.0,M,0.0,0000*7E
$GPRMC,171450.00,A,3725.509174,N,12205.869440,W,061.4,316.6,040920,,,A*4A
$GPGGA,171451.00,3725.521396,N,12205.883623,W,7,,0.38,-31.32,M,0.0,M,0.0,0000*7D
$GPRMC,171451.00,A,3725.521396,N,12205.883623,W,061.4,317.7,040920,,,A*4C
$GPGGA,171452.00,3725.534445,N,12205.898420,W,7,,0.38,-31.18,M,0.0,M,0.0,0000*70
$GPRMC,171452.00,A,3725.534445,N,12205.898420,W,061.5,318.4,040920,,,A*44
$GPGGA,171453.00,3725.547315,N,12205.912598,W,7,,0.38,-31.10,M,0.0,M,0.0,0000*7E
$GPRMC,171453.00,A,3725.547315,N,12205.912598,W,061.8,319.0,040920,,,A*4A
$GPGGA,171454.00,3725.560042,N,12205.926217,W,7,,0.38,-31.24,M,0.0,M,0.0,0000*7D
$GPRMC,171454.00,A,3725.560042,N,12205.926217,W,061.9,319.8,040920,,,A*47
$GPGGA,171455.00,3725.573217,N,12205.940084,W,7,,0.38,-31.02,M,0.0,M,0.0,0000*70
$GPRMC,171455.00,A,3725.573217,N,12205.940084,W,061.8,320.2,040920,,,A*4F
$GPGGA,171456.00,3725.586454,N,12205.953776,W,7,,0.38,-30.99,M,0.0,M,0.0,0000*73
$GPRMC,171456.00,A,3725.586454,N,12205.953776,W,061.9,320.6,040920,,,A*4A
$GPGGA,171457.00,3725.600145,N,12205.967834,W,7,,0.38,-31.08,M,0.0,M,0.0,0000*7D
$GPRMC,171457.00,A,3725.600145,N,12205.967834,W,061.8,320.4,040920,,,A*4E
$GPGGA,171458.00,3725.613004,N,12205.981297,W,7,,0.38,-31.01,M,0.0,M,0.0,0000*76
$GPRMC,171458.00,A,3725.613004,N,12205.981297,W,061.5,319.8,040920,,,A*47
$GPGGA,171459.00,3725.626030,N,12205.995085,W,7,,0.38,-31.10,M,0.0,M,0.0,0000*72
$GPRMC,171459.00,A,3725.626030,N,12205.995085,W,061.2,319.8,040920,,,A*44
$GPGGA,171500.00,3725.639464,N,12206.009342,W,7,,0.38,-31.22,M,0.0,M,0.0,0000*72
$GPRMC,171500.00,A,3725.639464,N,12206.009342,W,061.4,319.9,040920,,,A*42
$GPGGA,171501.00,3725.652573,N,12206.023202,W,7,,0.38,-31.29,M,0.0,M,0.0,0000*7F
$GPRMC,171501.00,A,3725.652573,N,12206.023202,W,061.1,319.7,040920,,,A*4F
$GPGGA,171502.00,3725.665041,N,12206.036528,W,7,,0.38,-31.33,M,0.0,M,0.0,0000*7C
$GPRMC,171502.00,A,3725.665041,N,12206.036528,W,061.0,319.6,040920,,,A*47
$GPGGA,171503.00,3725.677870,N,12206.050244,W,7,,0.38,-31.25,M,0.0,M,0.0,0000*7E
$GPRMC,171503.00,A,3725.677870,N,12206.050244,W,060.7,319.8,040920,,,A*4A
$GPGGA,171504.00,3725.690704,N,12206.063767,W,7,,0.38,-31.30,M,0.0,M,0.0,0000*7C
$GPRMC,171504.00,A,3725.690704,N,12206.063767,W,060.1,320.1,040920,,,A*49
$GPGGA,171505.00,3725.704053,N,12206.077778,W,7,,0.38,-31.27,M,0.0,M,0.0,0000*79
$GPRMC,171505.00,A,3725.704053,N,12206.077778,W,060.4,320.0,040920,,,A*4E
$GPGGA,171506.00,3725.716984,N,12206.091409,W,7,,0.38,-31.21,M,0.0,M,0.0,0000*71
$GPRMC,171506.00,A,3725.716984,N,12206.091409,W,061.2,320.1,040920,,,A*46
$GPGGA,171507.00,3725.729661,N,12206.104622,W,7,,0.38,-31.24,M,0.0,M,0.0,0000*7B
$GPRMC,171507.00,A,3725.729661,N,12206.104622,W,061.3,320.0,040920,,,A*49
$GPGGA,171508.00,3725.743282,N,12206.118955,W,7,,0.38,-31.18,M,0.0,M,0.0,0000*7C
$GPRMC,171508.00,A,3725.743282,N,12206.118955,W,061.3,320.0,040920,,,A*41
$GPGGA,171509.00,3725.756386,N,12206.132798,W,7,,0.38,-31.04,M,0.0,M,0.0,0000*76
$GPRMC,171509.00,A,3725.756386,N,12206.132798,W,062.0,319.9,040920,,,A*45
$GPGGA,171510.00,3725.769586,N,12206.146682,W,7,,0.38,-30.87,M,0.0,M,0.0,0000*77
$GPRMC,171510.00,A,3725.769586,N,12206.146682,W,062.4,320.1,040920,,,A*48
$GPGGA,171511.00,3725.782678,N,12206.160404,W,7,,0.38,-30.71,M,0.0,M,0.0,0000*70
$GPRMC,171511.00,A,3725.782678,N,12206.160404,W,063.2,320.1,040920,,,A*41
$GPGGA,171512.00,3725.796220,N,12206.174599,W,7,,0.38,-30.75,M,0.0,M,0.0,0000*7B
$GPRMC,171512.00,A,3725.796220,N,12206.174599,W,064.0,320.2,040920,,,A*48
$GPGGA,171513.00,3725.810421,N,12206.189449,W,7,,0.38,-30.56,M,0.0,M,0.0,0000*73
$GPRMC,171513.00,A,3725.810421,N,12206.189449,W,064.9,320.3,040920,,,A*49
$GPGGA,171514.00,3725.824323,N,12206.203993,W,7,,0.38,-30.43,M,0.0,M,0.0,0000*79
$GPRMC,171514.00,A,3725.824323,N,12206.203993,W,065.8,320.2,040920,,,A*46
$GPGGA,171515.00,3725.838250,N,12206.218454,W,7,,0.38,-30.50,M,0.0,M,0.0,0000*7E
$GPRMC,171515.00,A,3725.838250,N,12206.218454,W,066.8,320.2,040920,,,A*40
$GPGGA,171516.00,3725.852961,N,12206.233892,W,7,,0.38,-30.23,M,0.0,M,0.0,0000*73
$GPRMC,171516.00,A,3725.852961,N,12206.233892,W,067.2,320.1,040920,,,A*41
$GPGGA,171517.00,3725.867295,N,12206.248951,W,7,,0.38,-29.85,M,0.0,M,0.0,0000*72
$GPRMC,171517.00,A,3725.867295,N,12206.248951,W,067.3,320.0,040920,,,A*44
$GPGGA,171518.00,3725.881263,N,12206.263657,W,7,,0.38,-29.52,M,0.0,M,0.0,0000*76
$GPRMC,171518.00,A,3725.881263,N,12206.263657,W,067.1,319.9,040920,,,A*4B
$GPGGA,171519.00,3725.895478,N,12206.278802,W,7,,0.38,-28.89,M,0.0,M,0.0,0000*7D
$GPRMC,171519.00,A,3725.895478,N,12206.278802,W,067.3,319.8,040920,,,A*44
$GPGGA,171520.00,3725.909812,N,12206.293880,W,7,,0.38,-29.10,M,0.0,M,0.0,0000*7D
$GPRMC,171520.00,A,3725.909812,N,12206.293880,W,067.4,319.9,040920,,,A*43
$GPGGA,171521.00,3725.924554,N,12206.309420,W,7,,0.38,-28.45,M,0.0,M,0.0,0000*79
$GPRMC,171521.00,A,3725.924554,N,12206.309420,W,067.2,320.0,040920,,,A*43
$GPGGA,171522.00,3725.938576,N,12206.324102,W,7,,0.38,-28.43,M,0.0,M,0.0,0000*7B
$GPRMC,171522.00,A,3725.938576,N,12206.324102,W,067.0,320.1,040920,,,A*44
$GPGGA,171523.00,3725.952898,N,12206.339066,W,7,,0.38,-28.48,M,0.0,M,0.0,0000*7F
$GPRMC,171523.00,A,3725.952898,N,12206.339066,W,067.4,320.2,040920,,,A*4C
$GPGGA,171524.00,3725.967784,N,12206.354629,W,7,,0.38,-28.79,M,0.0,M,0.0,0000*78
$GPRMC,171524.00,A,3725.967784,N,12206.354629,W,068.0,320.2,040920,,,A*42
$GPGGA,171525.00,3725.982496,N,12206.370032,W,7,,0.38,-29.15,M,0.0,M,0.0,0000*73
$GPRMC,171525.00,A,3725.982496,N,12206.370032,W,068.5,320.1,040920,,,A*44
$GPGGA,171526.00,3725.997148,N,12206.385403,W,7,,0.38,-29.57,M,0.0,M,0.0,0000*78
$GPRMC,171526.00,A,3725.997148,N,12206.385403,W,068.9,320.0,040920,,,A*44
$GPGGA,171527.00,3726.011361,N,12206.400367,W,7,,0.38,-29.98,M,0.0,M,0.0,0000*78
$GPRMC,171527.00,A,3726.011361,N,12206.400367,W,069.2,320.1,040920,,,A*4C
$GPGGA,171528.00,3726.026266,N,12206.415967,W,7,,0.38,-30.07,M,0.0,M,0.0,0000*75
$GPRMC,171528.00,A,3726.026266,N,12206.415967,W,069.3,320.1,040920,,,A*4E
$GPGGA,171529.00,3726.041499,N,12206.431928,W,7,,0.38,-30.02,M,0.0,M,0.0,0000*7B
$GPRMC,171529.00,A,3726.041499,N,12206.431928,W,069.4,320.1,040920,,,A*42
$GPGGA,171530.00,3726.056290,N,12206.447456,W,7,,0.38,-29.97,M,0.0,M,0.0,0000*7B
$GPRMC,171530.00,A,3726.056290,N,12206.447456,W,069.5,320.1,040920,,,A*47
$GPGGA,171531.00,3726.070624,N,12206.462420,W,7,,0.38,-30.00,M,0.0,M,0.0,0000*75
$GPRMC,171531.00,A,3726.070624,N,12206.462420,W,069.5,320.4,040920,,,A*4A
$GPGGA,171532.00,3726.086098,N,12206.478541,W,7,,0.38,-29.98,M,0.0,M,0.0,0000*7A
$GPRMC,171532.00,A,3726.086098,N,12206.478541,W,069.7,320.2,040920,,,A*48
$GPGGA,171533.00,3726.100995,N,12206.494111,W,7,,0.38,-29.85,M,0.0,M,0.0,0000*7F
$GPRMC,171533.00,A,3726.100995,N,12206.494111,W,069.9,320.1,040920,,,A*4C
$GPGGA,171534.00,3726.115893,N,12206.509807,W,7,,0.38,-29.91,M,0.0,M,0.0,0000*75
$GPRMC,171534.00,A,3726.115893,N,12206.509807,W,070.2,320.0,040920,,,A*41
$GPGGA,171535.00,3726.130437,N,12206.525126,W,7,,0.38,-29.75,M,0.0,M,0.0,0000*7F
$GPRMC,171535.00,A,3726.130437,N,12206.525126,W,070.0,320.1,040920,,,A*42
$GPGGA,171536.00,3726.145420,N,12206.540810,W,7,,0.38,-29.80,M,0.0,M,0.0,0000*7D
$GPRMC,171536.00,A,3726.145420,N,12206.540810,W,070.3,320.2,040920,,,A*4A
$GPGGA,171537.00,3726.160905,N,12206.556998,W,7,,0.38,-29.74,M,0.0,M,0.0,0000*7C
$GPRMC,171537.00,A,3726.160905,N,12206.556998,W,070.5,320.2,040920,,,A*46
$GPGGA,171538.00,3726.175960,N,12206.572669,W,7,,0.38,-29.73,M,0.0,M,0.0,0000*74
$GPRMC,171538.00,A,3726.175960,N,12206.572669,W,070.6,320.3,040920,,,A*4B
$GPGGA,171539.00,3726.190660,N,12206.588000,W,7,,0.38,-29.72,M,0.0,M,0.0,0000*7C
$GPRMC,171539.00,A,3726.190660,N,12206.588000,W,070.4,320.3,040920,,,A*40
$GPGGA,171540.00,3726.206103,N,12206.604199,W,7,,0.38,-29.78,M,0.0,M,0.0,0000*70
$GPRMC,171540.00,A,3726.206103,N,12206.604199,W,070.3,320.0,040920,,,A*42
$GPGGA,171541.00,3726.220989,N,12206.619949,W,7,,0.38,-29.79,M,0.0,M,0.0,0000*77
$GPRMC,171541.00,A,3726.220989,N,12206.619949,W,070.0,319.8,040920,,,A*45
$GPGGA,171542.00,3726.235479,N,12206.635249,W,7,,0.38,-29.69,M,0.0,M,0.0,0000*76
$GPRMC,171542.00,A,3726.235479,N,12206.635249,W,069.8,320.2,040920,,,A*45
$GPGGA,171543.00,3726.250347,N,12206.650778,W,7,,0.38,-29.71,M,0.0,M,0.0,0000*73
$GPRMC,171543.00,A,3726.250347,N,12206.650778,W,069.7,320.4,040920,,,A*40
$GPGGA,171544.00,3726.265281,N,12206.666216,W,7,,0.38,-29.73,M,0.0,M,0.0,0000*73
$GPRMC,171544.00,A,3726.265281,N,12206.666216,W,069.6,320.6,040920,,,A*41
$GPGGA,171545.00,3726.280743,N,12206.682397,W,7,,0.38,-29.74,M,0.0,M,0.0,0000*77
$GPRMC,171545.00,A,3726.280743,N,12206.682397,W,069.6,319.9,040920,,,A*47
$GPGGA,171546.00,3726.295041,N,12206.697500,W,7,,0.38,-29.78,M,0.0,M,0.0,0000*75
$GPRMC,171546.00,A,3726.295041,N,12206.697500,W,069.5,319.9,040920,,,A*4A
$GPGGA,171547.00,3726.309772,N,12206.713057,W,7,,0.38,-29.61,M,0.0,M,0.0,0000*75
$GPRMC,171547.00,A,3726.309772,N,12206.713057,W,069.4,319.9,040920,,,A*43
$GPGGA,171548.00,3726.324921,N,12206.729149,W,7,,0.38,-29.61,M,0.0,M,0.0,0000*7A
$GPRMC,171548.00,A,3726.324921,N,12206.729149,W,069.2,319.6,040920,,,A*45
$GPGGA,171549.00,3726.339705,N,12206.744834,W,7,,0.38,-29.45,M,0.0,M,0.0,0000*71
$GPRMC,171549.00,A,3726.339705,N,12206.744834,W,069.0,319.8,040920,,,A*44
$GPGGA,171550.00,3726.354388,N,12206.760362,W,7,,0.38,-29.01,M,0.0,M,0.0,0000*7D
$GPRMC,171550.00,A,3726.354388,N,12206.760362,W,069.3,320.0,040920,,,A*49
$GPGGA,171551.00,3726.368709,N,12206.775331,W,7,,0.38,-28.78,M,0.0,M,0.0,0000*73
$GPRMC,171551.00,A,3726.368709,N,12206.775331,W,069.5,320.2,040920,,,A*4C
$GPGGA,171552.00,3726.383649,N,12206.790919,W,7,,0.38,-28.48,M,0.0,M,0.0,0000*78
$GPRMC,171552.00,A,3726.383649,N,12206.790919,W,069.4,320.3,040920,,,A*44
$GPGGA,171553.00,3726.398865,N,12206.806868,W,7,,0.38,-28.33,M,0.0,M,0.0,0000*78
$GPRMC,171553.00,A,3726.398865,N,12206.806868,W,069.1,320.0,040920,,,A*4E
$GPGGA,171554.00,3726.413577,N,12206.822281,W,7,,0.38,-28.34,M,0.0,M,0.0,0000*79
$GPRMC,171554.00,A,3726.413577,N,12206.822281,W,069.0,320.0,040920,,,A*49
$GPGGA,171555.00,3726.427761,N,12206.837174,W,7,,0.38,-28.34,M,0.0,M,0.0,0000*77
$GPRMC,171555.00,A,3726.427761,N,12206.837174,W,068.9,319.9,040920,,,A*4C
$GPGGA,171556.00,3726.443085,N,12206.853272,W,7,,0.38,-28.82,M,0.0,M,0.0,0000*71
$GPRMC,171556.00,A,3726.443085,N,12206.853272,W,069.2,320.1,040920,,,A*4F
$GPGGA,171557.00,3726.457857,N,12206.868775,W,7,,0.38,-29.15,M,0.0,M,0.0,0000*77
$GPRMC,171557.00,A,3726.457857,N,12206.868775,W,069.6,320.0,040920,,,A*43
$GPGGA,171558.00,3726.472641,N,12206.884334,W,7,,0.38,-29.43,M,0.0,M,0.0,0000*76
$GPRMC,171558.00,A,3726.472641,N,12206.884334,W,069.5,319.9,040920,,,A*41
$GPGGA,171559.00,3726.487047,N,12206.899477,W,7,,0.38,-29.52,M,0.0,M,0.0,0000*71
$GPRMC,171559.00,A,3726.487047,N,12206.899477,W,069.4,319.9,040920,,,A*47
$GPGGA,171600.00,3726.501832,N,12206.915060,W,7,,0.38,-29.33,M,0.0,M,0.0,0000*7B
$GPRMC,171600.00,A,3726.501832,N,12206.915060,W,069.7,319.9,040920,,,A*49
$GPGGA,171601.00,3726.517096,N,12206.931200,W,7,,0.38,-29.39,M,0.0,M,0.0,0000*73
$GPRMC,171601.00,A,3726.517096,N,12206.931200,W,070.0,319.9,040920,,,A*44
$GPGGA,171602.00,3726.531663,N,12206.946542,W,7,,0.38,-29.38,M,0.0,M,0.0,0000*78
$GPRMC,171602.00,A,3726.531663,N,12206.946542,W,070.3,320.0,040920,,,A*4E
$GPGGA,171603.00,3726.546640,N,12206.962292,W,7,,0.38,-29.37,M,0.0,M,0.0,0000*7B
$GPRMC,171603.00,A,3726.546640,N,12206.962292,W,070.4,320.0,040920,,,A*45
$GPGGA,171604.00,3726.562125,N,12206.978569,W,7,,0.38,-29.43,M,0.0,M,0.0,0000*75
$GPRMC,171604.00,A,3726.562125,N,12206.978569,W,070.6,320.1,040920,,,A*4B
$GPGGA,171605.00,3726.577216,N,12206.994368,W,7,,0.38,-29.36,M,0.0,M,0.0,0000*74
$GPRMC,171605.00,A,3726.577216,N,12206.994368,W,070.8,320.1,040920,,,A*46
$GPGGA,171606.00,3726.591922,N,12207.009758,W,7,,0.38,-29.36,M,0.0,M,0.0,0000*78
$GPRMC,171606.00,A,3726.591922,N,12207.009758,W,070.7,320.1,040920,,,A*45
$GPGGA,171607.00,3726.607029,N,12207.025579,W,7,,0.38,-29.41,M,0.0,M,0.0,0000*78
$GPRMC,171607.00,A,3726.607029,N,12207.025579,W,070.8,320.1,040920,,,A*4A
$GPGGA,171608.00,3726.622078,N,12207.041335,W,7,,0.38,-29.36,M,0.0,M,0.0,0000*78
$GPRMC,171608.00,A,3726.622078,N,12207.041335,W,070.6,320.2,040920,,,A*47
$GPGGA,171609.00,3726.637726,N,12207.057595,W,7,,0.38,-29.40,M,0.0,M,0.0,0000*7B
$GPRMC,171609.00,A,3726.637726,N,12207.057595,W,070.0,320.4,040920,,,A*45
$GPGGA,171610.00,3726.652155,N,12207.072601,W,7,,0.38,-29.49,M,0.0,M,0.0,0000*72
$GPRMC,171610.00,A,3726.652155,N,12207.072601,W,069.8,320.4,040920,,,A*45
$GPGGA,171611.00,3726.667036,N,12207.088111,W,7,,0.38,-29.51,M,0.0,M,0.0,0000*7B
$GPRMC,171611.00,A,3726.667036,N,12207.088111,W,069.5,320.2,040920,,,A*4E
$GPGGA,171612.00,3726.682221,N,12207.104036,W,7,,0.38,-29.59,M,0.0,M,0.0,0000*7E
$GPRMC,171612.00,A,3726.682221,N,12207.104036,W,068.9,320.0,040920,,,A*4C
$GPGGA,171613.00,3726.696982,N,12207.119491,W,7,,0.38,-29.38,M,0.0,M,0.0,0000*7A
$GPRMC,171613.00,A,3726.696982,N,12207.119491,W,068.4,320.1,040920,,,A*43
$GPGGA,171614.00,3726.711513,N,12207.134696,W,7,,0.38,-29.60,M,0.0,M,0.0,0000*70
$GPRMC,171614.00,A,3726.711513,N,12207.134696,W,067.8,320.2,040920,,,A*44
$GPGGA,171615.00,3726.725392,N,12207.149288,W,7,,0.38,-29.68,M,0.0,M,0.0,0000*70
$GPRMC,171615.00,A,3726.725392,N,12207.149288,W,067.2,320.1,040920,,,A*45
$GPGGA,171616.00,3726.739774,N,12207.164287,W,7,,0.38,-29.57,M,0.0,M,0.0,0000*7E
$GPRMC,171616.00,A,3726.739774,N,12207.164287,W,066.5,320.1,040920,,,A*41
$GPGGA,171617.00,3726.754324,N,12207.179485,W,7,,0.38,-29.55,M,0.0,M,0.0,0000*7F
$GPRMC,171617.00,A,3726.754324,N,12207.179485,W,065.8,320.1,040920,,,A*4C
$GPGGA,171618.00,3726.768190,N,12207.194047,W,7,,0.38,-29.56,M,0.0,M,0.0,0000*78
$GPRMC,171618.00,A,3726.768190,N,12207.194047,W,064.9,320.0,040920,,,A*49
$GPGGA,171619.00,3726.781563,N,12207.208100,W,7,,0.38,-29.63,M,0.0,M,0.0,0000*74
$GPRMC,171619.00,A,3726.781563,N,12207.208100,W,064.0,320.1,040920,,,A*4B
$GPGGA,171620.00,3726.795508,N,12207.222685,W,7,,0.38,-29.65,M,0.0,M,0.0,0000*72
$GPRMC,171620.00,A,3726.795508,N,12207.222685,W,063.1,320.2,040920,,,A*4E
$GPGGA,171621.00,3726.808834,N,12207.236587,W,7,,0.38,-29.74,M,0.0,M,0.0,0000*7E
$GPRMC,171621.00,A,3726.808834,N,12207.236587,W,061.8,320.2,040920,,,A*49
$GPGGA,171622.00,3726.821769,N,12207.250201,W,7,,0.38,-29.78,M,0.0,M,0.0,0000*74
$GPRMC,171622.00,A,3726.821769,N,12207.250201,W,060.3,319.8,040920,,,A*45
$GPGGA,171623.00,3726.834118,N,12207.263197,W,7,,0.38,-29.94,M,0.0,M,0.0,0000*7F
$GPRMC,171623.00,A,3726.834118,N,12207.263197,W,058.6,320.0,040920,,,A*40
$GPGGA,171624.00,3726.846442,N,12207.276206,W,7,,0.38,-30.02,M,0.0,M,0.0,0000*7F
$GPRMC,171624.00,A,3726.846442,N,12207.276206,W,057.2,319.7,040920,,,A*41
$GPGGA,171625.00,3726.858856,N,12207.289279,W,7,,0.38,-30.11,M,0.0,M,0.0,0000*72
$GPRMC,171625.00,A,3726.858856,N,12207.289279,W,056.2,320.0,040920,,,A*42
$GPGGA,171626.00,3726.870399,N,12207.301466,W,7,,0.38,-30.02,M,0.0,M,0.0,0000*78
$GPRMC,171626.00,A,3726.870399,N,12207.301466,W,055.4,320.2,040920,,,A*4D
$GPGGA,171627.00,3726.882135,N,12207.313748,W,7,,0.38,-30.05,M,0.0,M,0.0,0000*7B
$GPRMC,171627.00,A,3726.882135,N,12207.313748,W,054.8,320.1,040920,,,A*47
$GPGGA,171628.00,3726.894118,N,12207.326246,W,7,,0.38,-29.96,M,0.0,M,0.0,0000*73
$GPRMC,171628.00,A,3726.894118,N,12207.326246,W,054.3,320.1,040920,,,A*46
$GPGGA,171629.00,3726.905650,N,12207.338306,W,7,,0.38,-29.91,M,0.0,M,0.0,0000*7D
$GPRMC,171629.00,A,3726.905650,N,12207.338306,W,053.8,320.1,040920,,,A*43
$GPGGA,171630.00,3726.916761,N,12207.349945,W,7,,0.38,-29.71,M,0.0,M,0.0,0000*71
$GPRMC,171630.00,A,3726.916761,N,12207.349945,W,053.2,320.0,040920,,,A*4A
$GPGGA,171631.00,3726.928029,N,12207.361813,W,7,,0.38,-29.62,M,0.0,M,0.0,0000*7C
$GPRMC,171631.00,A,3726.928029,N,12207.361813,W,052.9,319.9,040920,,,A*4C
$GPGGA,171632.00,3726.939315,N,12207.373724,W,7,,0.38,-29.64,M,0.0,M,0.0,0000*7D
$GPRMC,171632.00,A,3726.939315,N,12207.373724,W,053.4,319.9,040920,,,A*47
$GPGGA,171633.00,3726.951303,N,12207.386287,W,7,,0.38,-29.61,M,0.0,M,0.0,0000*76
$GPRMC,171633.00,A,3726.951303,N,12207.386287,W,054.3,320.2,040920,,,A*48
$GPGGA,171634.00,3726.962589,N,12207.398024,W,7,,0.38,-29.41,M,0.0,M,0.0,0000*73
$GPRMC,171634.00,A,3726.962589,N,12207.398024,W,054.8,320.0,040920,,,A*46
$GPGGA,171635.00,3726.974194,N,12207.410276,W,7,,0.38,-29.32,M,0.0,M,0.0,0000*7B
$GPRMC,171635.00,A,3726.974194,N,12207.410276,W,054.8,320.0,040920,,,A*4A
$GPGGA,171636.00,3726.986337,N,12207.423002,W,7,,0.38,-29.23,M,0.0,M,0.0,0000*7F
$GPRMC,171636.00,A,3726.986337,N,12207.423002,W,054.7,320.3,040920,,,A*42
$GPGGA,171637.00,3726.998032,N,12207.435182,W,7,,0.38,-28.98,M,0.0,M,0.0,0000*78
$GPRMC,171637.00,A,3726.998032,N,12207.435182,W,054.9,320.4,040920,,,A*4D
$GPGGA,171638.00,3727.009768,N,12207.447446,W,7,,0.38,-28.87,M,0.0,M,0.0,0000*79
$GPRMC,171638.00,A,3727.009768,N,12207.447446,W,055.1,320.1,040920,,,A*4E
$GPGGA,171639.00,3727.021156,N,12207.459278,W,7,,0.38,-28.82,M,0.0,M,0.0,0000*78
$GPRMC,171639.00,A,3727.021156,N,12207.459278,W,054.8,320.3,040920,,,A*40
$GPGGA,171640.00,3727.032868,N,12207.471655,W,7,,0.38,-28.54,M,0.0,M,0.0,0000*7A
$GPRMC,171640.00,A,3727.032868,N,12207.471655,W,054.5,319.7,040920,,,A*4A
$GPGGA,171641.00,3727.044616,N,12207.484423,W,7,,0.38,-28.43,M,0.0,M,0.0,0000*72
$GPRMC,171641.00,A,3727.044616,N,12207.484423,W,054.1,318.6,040920,,,A*40
$GPGGA,171642.00,3727.055727,N,12207.497041,W,7,,0.38,-28.23,M,0.0,M,0.0,0000*76
$GPRMC,171642.00,A,3727.055727,N,12207.497041,W,054.3,317.3,040920,,,A*4A
$GPGGA,171643.00,3727.066563,N,12207.509846,W,7,,0.38,-28.05,M,0.0,M,0.0,0000*78
$GPRMC,171643.00,A,3727.066563,N,12207.509846,W,055.1,316.5,040920,,,A*44
$GPGGA,171644.00,3727.077975,N,12207.523592,W,7,,0.38,-27.85,M,0.0,M,0.0,0000*7F
$GPRMC,171644.00,A,3727.077975,N,12207.523592,W,055.6,315.9,040920,,,A*4C
$GPGGA,171645.00,3727.088830,N,12207.537097,W,7,,0.38,-27.76,M,0.0,M,0.0,0000*77
$GPRMC,171645.00,A,3727.088830,N,12207.537097,W,055.0,314.7,040920,,,A*41
$GPGGA,171646.00,3727.099389,N,12207.550766,W,7,,0.38,-27.56,M,0.0,M,0.0,0000*77
$GPRMC,171646.00,A,3727.099389,N,12207.550766,W,054.4,313.7,040920,,,A*41
$GPGGA,171647.00,3727.109410,N,12207.564224,W,7,,0.38,-27.53,M,0.0,M,0.0,0000*78
$GPRMC,171647.00,A,3727.109410,N,12207.564224,W,054.0,312.4,040920,,,A*4D
$GPGGA,171648.00,3727.119406,N,12207.578245,W,7,,0.38,-27.39,M,0.0,M,0.0,0000*77
$GPRMC,171648.00,A,3727.119406,N,12207.578245,W,054.1,311.3,040920,,,A*4B
$GPGGA,171649.00,3727.129510,N,12207.593029,W,7,,0.38,-27.33,M,0.0,M,0.0,0000*74
$GPRMC,171649.00,A,3727.129510,N,12207.593029,W,054.2,310.2,040920,,,A*41
$GPGGA,171650.00,3727.138821,N,12207.607243,W,7,,0.38,-27.03,M,0.0,M,0.0,0000*70
$GPRMC,171650.00,A,3727.138821,N,12207.607243,W,054.1,308.9,040920,,,A*47
$GPGGA,171651.00,3727.148176,N,12207.621890,W,7,,0.38,-26.69,M,0.0,M,0.0,0000*70
$GPRMC,171651.00,A,3727.148176,N,12207.621890,W,053.5,308.4,040920,,,A*44
$GPGGA,171652.00,3727.157535,N,12207.636956,W,7,,0.38,-26.52,M,0.0,M,0.0,0000*7B
$GPRMC,171652.00,A,3727.157535,N,12207.636956,W,052.7,307.5,040920,,,A*4A
$GPGGA,171653.00,3727.166361,N,12207.651637,W,7,,0.38,-26.17,M,0.0,M,0.0,0000*77
$GPRMC,171653.00,A,3727.166361,N,12207.651637,W,052.0,306.6,040920,,,A*42
$GPGGA,171654.00,3727.174575,N,12207.665780,W,7,,0.38,-26.06,M,0.0,M,0.0,0000*7A
$GPRMC,171654.00,A,3727.174575,N,12207.665780,W,051.7,306.0,040920,,,A*4D
$GPGGA,171655.00,3727.182969,N,12207.680263,W,7,,0.38,-26.20,M,0.0,M,0.0,0000*74
$GPRMC,171655.00,A,3727.182969,N,12207.680263,W,051.3,306.2,040920,,,A*41
$GPGGA,171656.00,3727.191406,N,12207.694604,W,7,,0.38,-26.23,M,0.0,M,0.0,0000*72
$GPRMC,171656.00,A,3727.191406,N,12207.694604,W,051.3,306.4,040920,,,A*42
$GPGGA,171657.00,3727.200177,N,12207.709543,W,7,,0.38,-26.64,M,0.0,M,0.0,0000*7D
$GPRMC,171657.00,A,3727.200177,N,12207.709543,W,051.2,306.3,040920,,,A*48
$GPGGA,171658.00,3727.208349,N,12207.723433,W,7,,0.38,-26.67,M,0.0,M,0.0,0000*78
$GPRMC,171658.00,A,3727.208349,N,12207.723433,W,051.3,306.3,040920,,,A*4F
$GPGGA,171659.00,3727.216791,N,12207.737767,W,7,,0.38,-26.69,M,0.0,M,0.0,0000*7E
$GPRMC,171659.00,A,3727.216791,N,12207.737767,W,051.1,306.4,040920,,,A*42
$GPGGA,171700.00,3727.225486,N,12207.752654,W,7,,0.38,-26.81,M,0.0,M,0.0,0000*72
$GPRMC,171700.00,A,3727.225486,N,12207.752654,W,050.8,306.3,040920,,,A*47
$GPGGA,171701.00,3727.233838,N,12207.766939,W,7,,0.38,-26.90,M,0.0,M,0.0,0000*7E
$GPRMC,171701.00,A,3727.233838,N,12207.766939,W,050.7,306.0,040920,,,A*47
$GPGGA,171702.00,3727.242202,N,12207.781280,W,7,,0.38,-26.87,M,0.0,M,0.0,0000*7E
$GPRMC,171702.00,A,3727.242202,N,12207.781280,W,051.3,306.2,040920,,,A*46
$GPGGA,171703.00,3727.250362,N,12207.795259,W,7,,0.38,-26.78,M,0.0,M,0.0,0000*7A
$GPRMC,171703.00,A,3727.250362,N,12207.795259,W,051.6,306.4,040920,,,A*41
$GPGGA,171704.00,3727.258959,N,12207.809888,W,7,,0.38,-27.52,M,0.0,M,0.0,0000*72
$GPRMC,171704.00,A,3727.258959,N,12207.809888,W,052.0,306.4,040920,,,A*45
$GPGGA,171705.00,3727.267846,N,12207.825128,W,7,,0.38,-27.28,M,0.0,M,0.0,0000*70
$GPRMC,171705.00,A,3727.267846,N,12207.825128,W,052.8,306.1,040920,,,A*47
$GPGGA,171706.00,3727.276594,N,12207.840109,W,7,,0.38,-27.29,M,0.0,M,0.0,0000*70
$GPRMC,171706.00,A,3727.276594,N,12207.840109,W,053.6,306.0,040920,,,A*48
$GPGGA,171707.00,3727.285191,N,12207.854870,W,7,,0.38,-27.43,M,0.0,M,0.0,0000*72
$GPRMC,171707.00,A,3727.285191,N,12207.854870,W,053.8,306.0,040920,,,A*48
$GPGGA,171708.00,3727.294288,N,12207.870415,W,7,,0.38,-27.46,M,0.0,M,0.0,0000*7A
$GPRMC,171708.00,A,3727.294288,N,12207.870415,W,053.6,306.3,040920,,,A*48
$GPGGA,171709.00,3727.303101,N,12207.885469,W,7,,0.38,-27.64,M,0.0,M,0.0,0000*77
$GPRMC,171709.00,A,3727.303101,N,12207.885469,W,053.7,306.3,040920,,,A*44
$GPGGA,171710.00,3727.311963,N,12207.900554,W,7,,0.38,-27.78,M,0.0,M,0.0,0000*7E
$GPRMC,171710.00,A,3727.311963,N,12207.900554,W,053.9,306.3,040920,,,A*4E
$GPGGA,171711.00,3727.320573,N,12207.915271,W,7,,0.38,-27.85,M,0.0,M,0.0,0000*76
$GPRMC,171711.00,A,3727.320573,N,12207.915271,W,053.6,306.3,040920,,,A*4B
$GPGGA,171712.00,3727.329321,N,12207.930265,W,7,,0.38,-27.78,M,0.0,M,0.0,0000*7D
$GPRMC,171712.00,A,3727.329321,N,12207.930265,W,053.2,306.4,040920,,,A*41
$GPGGA,171713.00,3727.338388,N,12207.945601,W,7,,0.38,-27.81,M,0.0,M,0.0,0000*7D
$GPRMC,171713.00,A,3727.338388,N,12207.945601,W,053.1,306.7,040920,,,A*47
$GPGGA,171714.00,3727.347015,N,12207.960116,W,7,,0.38,-27.94,M,0.0,M,0.0,0000*77
$GPRMC,171714.00,A,3727.347015,N,12207.960116,W,053.3,306.7,040920,,,A*4B
$GPGGA,171715.00,3727.355872,N,12207.974959,W,7,,0.38,-28.09,M,0.0,M,0.0,0000*71
$GPRMC,171715.00,A,3727.355872,N,12207.974959,W,053.3,306.8,040920,,,A*49
$GPGGA,171716.00,3727.365028,N,12207.990290,W,7,,0.38,-28.20,M,0.0,M,0.0,0000*79
$GPRMC,171716.00,A,3727.365028,N,12207.990290,W,053.2,306.7,040920,,,A*44
$GPGGA,171717.00,3727.373955,N,12208.005373,W,7,,0.38,-28.28,M,0.0,M,0.0,0000*72
$GPRMC,171717.00,A,3727.373955,N,12208.005373,W,053.5,306.4,040920,,,A*43
$GPGGA,171718.00,3727.382511,N,12208.019911,W,7,,0.38,-28.28,M,0.0,M,0.0,0000*7C
$GPRMC,171718.00,A,3727.382511,N,12208.019911,W,053.6,306.4,040920,,,A*4E
$GPGGA,171719.00,3727.391355,N,12208.034852,W,7,,0.38,-28.24,M,0.0,M,0.0,0000*7C
$GPRMC,171719.00,A,3727.391355,N,12208.034852,W,053.5,306.6,040920,,,A*43
$GPGGA,171720.00,3727.400188,N,12208.049780,W,7,,0.38,-28.15,M,0.0,M,0.0,0000*73
$GPRMC,171720.00,A,3727.400188,N,12208.049780,W,053.4,306.6,040920,,,A*4F
$GPGGA,171721.00,3727.409379,N,12208.065362,W,7,,0.38,-28.11,M,0.0,M,0.0,0000*75
$GPRMC,171721.00,A,3727.409379,N,12208.065362,W,053.4,306.5,040920,,,A*4E
$GPGGA,171722.00,3727.417894,N,12208.079773,W,7,,0.38,-28.01,M,0.0,M,0.0,0000*79
$GPRMC,171722.00,A,3727.417894,N,12208.079773,W,053.4,306.5,040920,,,A*43
$GPGGA,171723.00,3727.426743,N,12208.094660,W,7,,0.38,-27.80,M,0.0,M,0.0,0000*79
$GPRMC,171723.00,A,3727.426743,N,12208.094660,W,053.4,306.8,040920,,,A*48
$GPGGA,171724.00,3727.435893,N,12208.110152,W,7,,0.38,-28.32,M,0.0,M,0.0,0000*73
$GPRMC,171724.00,A,3727.435893,N,12208.110152,W,053.2,306.5,040920,,,A*4F
$GPGGA,171725.00,3727.444672,N,12208.125080,W,7,,0.38,-28.25,M,0.0,M,0.0,0000*7B
$GPRMC,171725.00,A,3727.444672,N,12208.125080,W,053.3,306.3,040920,,,A*46
$GPGGA,171726.00,3727.453426,N,12208.140056,W,7,,0.38,-28.07,M,0.0,M,0.0,0000*75
$GPRMC,171726.00,A,3727.453426,N,12208.140056,W,053.3,306.3,040920,,,A*48
$GPGGA,171727.00,3727.461909,N,12208.154455,W,7,,0.38,-27.99,M,0.0,M,0.0,0000*7F
$GPRMC,171727.00,A,3727.461909,N,12208.154455,W,053.1,306.7,040920,,,A*4C
$GPGGA,171728.00,3727.470801,N,12208.169359,W,7,,0.38,-27.97,M,0.0,M,0.0,0000*72
$GPRMC,171728.00,A,3727.470801,N,12208.169359,W,052.8,306.8,040920,,,A*48
$GPGGA,171729.00,3727.479832,N,12208.184557,W,7,,0.38,-27.95,M,0.0,M,0.0,0000*73
$GPRMC,171729.00,A,3727.479832,N,12208.184557,W,052.6,306.6,040920,,,A*4B
$GPGGA,171730.00,3727.488526,N,12208.199305,W,7,,0.38,-27.95,M,0.0,M,0.0,0000*70
$GPRMC,171730.00,A,3727.488526,N,12208.199305,W,052.7,306.4,040920,,,A*4B
$GPGGA,171731.00,3727.497039,N,12208.213736,W,7,,0.38,-27.94,M,0.0,M,0.0,0000*70
$GPRMC,171731.00,A,3727.497039,N,12208.213736,W,052.7,306.5,040920,,,A*4B
$GPGGA,171732.00,3727.506003,N,12208.228814,W,7,,0.38,-28.01,M,0.0,M,0.0,0000*77
$GPRMC,171732.00,A,3727.506003,N,12208.228814,W,052.3,306.6,040920,,,A*48
$GPGGA,171733.00,3727.514638,N,12208.243496,W,7,,0.38,-27.95,M,0.0,M,0.0,0000*72
$GPRMC,171733.00,A,3727.514638,N,12208.243496,W,052.5,306.3,040920,,,A*4C
$GPGGA,171734.00,3727.523235,N,12208.258219,W,7,,0.38,-27.86,M,0.0,M,0.0,0000*71
$GPRMC,171734.00,A,3727.523235,N,12208.258219,W,052.5,306.3,040920,,,A*4D
$GPGGA,171735.00,3727.531684,N,12208.272590,W,7,,0.38,-27.84,M,0.0,M,0.0,0000*71
$GPRMC,171735.00,A,3727.531684,N,12208.272590,W,052.5,306.4,040920,,,A*48
$GPGGA,171736.00,3727.540366,N,12208.287416,W,7,,0.38,-27.84,M,0.0,M,0.0,0000*78
$GPRMC,171736.00,A,3727.540366,N,12208.287416,W,053.0,306.3,040920,,,A*42
$GPGGA,171737.00,3727.549431,N,12208.302799,W,7,,0.38,-27.98,M,0.0,M,0.0,0000*70
$GPRMC,171737.00,A,3727.549431,N,12208.302799,W,053.4,306.3,040920,,,A*43
$GPGGA,171738.00,3727.558023,N,12208.317463,W,7,,0.38,-28.12,M,0.0,M,0.0,0000*77
$GPRMC,171738.00,A,3727.558023,N,12208.317463,W,053.5,306.4,040920,,,A*4F
$GPGGA,171739.00,3727.566855,N,12208.332464,W,7,,0.38,-28.26,M,0.0,M,0.0,0000*75
$GPRMC,171739.00,A,3727.566855,N,12208.332464,W,053.7,306.4,040920,,,A*48
$GPGGA,171740.00,3727.575958,N,12208.347992,W,7,,0.38,-28.36,M,0.0,M,0.0,0000*72
$GPRMC,171740.00,A,3727.575958,N,12208.347992,W,053.6,306.3,040920,,,A*48
$GPGGA,171741.00,3727.584849,N,12208.363100,W,7,,0.38,-28.47,M,0.0,M,0.0,0000*7F
$GPRMC,171741.00,A,3727.584849,N,12208.363100,W,053.2,306.5,040920,,,A*41
$GPGGA,171742.00,3727.593303,N,12208.377404,W,7,,0.38,-28.51,M,0.0,M,0.0,0000*7C
$GPRMC,171742.00,A,3727.593303,N,12208.377404,W,052.7,306.5,040920,,,A*41
$GPGGA,171743.00,3727.601955,N,12208.392110,W,7,,0.38,-28.59,M,0.0,M,0.0,0000*7F
$GPRMC,171743.00,A,3727.601955,N,12208.392110,W,052.2,306.4,040920,,,A*4E
$GPGGA,171744.00,3727.610487,N,12208.406683,W,7,,0.38,-28.54,M,0.0,M,0.0,0000*70
$GPRMC,171744.00,A,3727.610487,N,12208.406683,W,051.7,306.3,040920,,,A*4D
$GPGGA,171745.00,3727.619253,N,12208.421689,W,7,,0.38,-28.60,M,0.0,M,0.0,0000*7F
$GPRMC,171745.00,A,3727.619253,N,12208.421689,W,051.2,306.1,040920,,,A*42
$GPGGA,171746.00,3727.627233,N,12208.435519,W,7,,0.38,-28.54,M,0.0,M,0.0,0000*7F
$GPRMC,171746.00,A,3727.627233,N,12208.435519,W,050.4,306.0,040920,,,A*43
$GPGGA,171747.00,3727.635388,N,12208.449602,W,7,,0.38,-28.48,M,0.0,M,0.0,0000*73
$GPRMC,171747.00,A,3727.635388,N,12208.449602,W,049.5,306.2,040920,,,A*49
$GPGGA,171748.00,3727.643752,N,12208.463906,W,7,,0.38,-28.53,M,0.0,M,0.0,0000*77
$GPRMC,171748.00,A,3727.643752,N,12208.463906,W,048.5,306.4,040920,,,A*40
$GPGGA,171749.00,3727.651816,N,12208.477550,W,7,,0.38,-28.51,M,0.0,M,0.0,0000*72
$GPRMC,171749.00,A,3727.651816,N,12208.477550,W,048.1,306.5,040920,,,A*42
$GPGGA,171750.00,3727.659633,N,12208.490720,W,7,,0.38,-28.45,M,0.0,M,0.0,0000*72
$GPRMC,171750.00,A,3727.659633,N,12208.490720,W,047.1,306.6,040920,,,A*4B
$GPGGA,171751.00,3727.667086,N,12208.503427,W,7,,0.38,-28.21,M,0.0,M,0.0,0000*7B
$GPRMC,171751.00,A,3727.667086,N,12208.503427,W,046.4,306.6,040920,,,A*44
$GPGGA,171752.00,3727.674801,N,12208.516405,W,7,,0.38,-28.35,M,0.0,M,0.0,0000*7C
$GPRMC,171752.00,A,3727.674801,N,12208.516405,W,045.6,306.6,040920,,,A*47
$GPGGA,171753.00,3727.682566,N,12208.529486,W,7,,0.38,-28.47,M,0.0,M,0.0,0000*7A
$GPRMC,171753.00,A,3727.682566,N,12208.529486,W,045.0,306.4,040920,,,A*40
$GPGGA,171754.00,3727.689915,N,12208.542001,W,7,,0.38,-28.45,M,0.0,M,0.0,0000*7A
$GPRMC,171754.00,A,3727.689915,N,12208.542001,W,044.4,306.2,040920,,,A*41
$GPGGA,171755.00,3727.697025,N,12208.554139,W,7,,0.38,-28.41,M,0.0,M,0.0,0000*77
$GPRMC,171755.00,A,3727.697025,N,12208.554139,W,044.3,306.2,040920,,,A*4F
$GPGGA,171756.00,3727.704543,N,12208.567003,W,7,,0.38,-28.42,M,0.0,M,0.0,0000*71
$GPRMC,171756.00,A,3727.704543,N,12208.567003,W,044.5,306.3,040920,,,A*4D
$GPGGA,171757.00,3727.711828,N,12208.579399,W,7,,0.38,-28.41,M,0.0,M,0.0,0000*78
$GPRMC,171757.00,A,3727.711828,N,12208.579399,W,044.1,306.5,040920,,,A*45
$GPGGA,171758.00,3727.719016,N,12208.591688,W,7,,0.38,-28.44,M,0.0,M,0.0,0000*7C
$GPRMC,171758.00,A,3727.719016,N,12208.591688,W,043.7,306.1,040920,,,A*41
$GPGGA,171759.00,3727.725976,N,12208.603741,W,7,,0.38,-28.43,M,0.0,M,0.0,0000*76
$GPRMC,171759.00,A,3727.725976,N,12208.603741,W,043.7,306.0,040920,,,A*4D
$GPGGA,171800.00,3727.733151,N,12208.616083,W,7,,0.38,-28.48,M,0.0,M,0.0,0000*79
$GPRMC,171800.00,A,3727.733151,N,12208.616083,W,044.2,306.2,040920,,,A*49
$GPGGA,171801.00,3727.740670,N,12208.628989,W,7,,0.38,-28.60,M,0.0,M,0.0,0000*7C
$GPRMC,171801.00,A,3727.740670,N,12208.628989,W,044.8,306.0,040920,,,A*4E
$GPGGA,171802.00,3727.747875,N,12208.641536,W,7,,0.38,-28.71,M,0.0,M,0.0,0000*74
$GPRMC,171802.00,A,3727.747875,N,12208.641536,W,045.8,305.6,040920,,,A*42
$GPGGA,171803.00,3727.755334,N,12208.654501,W,7,,0.38,-28.78,M,0.0,M,0.0,0000*71
$GPRMC,171803.00,A,3727.755334,N,12208.654501,W,046.1,305.8,040920,,,A*4A
$GPGGA,171804.00,3727.763127,N,12208.667894,W,7,,0.38,-28.96,M,0.0,M,0.0,0000*72
$GPRMC,171804.00,A,3727.763127,N,12208.667894,W,046.1,306.3,040920,,,A*41
$GPGGA,171805.00,3727.770837,N,12208.680908,W,7,,0.38,-29.12,M,0.0,M,0.0,0000*79
$GPRMC,171805.00,A,3727.770837,N,12208.680908,W,046.0,306.7,040920,,,A*42
$GPGGA,171806.00,3727.778241,N,12208.693321,W,7,,0.38,-29.16,M,0.0,M,0.0,0000*7E
$GPRMC,171806.00,A,3727.778241,N,12208.693321,W,046.0,306.8,040920,,,A*4E
$GPGGA,171807.00,3727.785813,N,12208.706180,W,7,,0.38,-29.08,M,0.0,M,0.0,0000*7B
$GPRMC,171807.00,A,3727.785813,N,12208.706180,W,045.9,306.4,040920,,,A*42
$GPGGA,171808.00,3727.793331,N,12208.718983,W,7,,0.38,-29.11,M,0.0,M,0.0,0000*74
$GPRMC,171808.00,A,3727.793331,N,12208.718983,W,045.6,306.2,040920,,,A*4C
$GPGGA,171809.00,3727.801101,N,12208.732273,W,7,,0.38,-29.14,M,0.0,M,0.0,0000*79
$GPRMC,171809.00,A,3727.801101,N,12208.732273,W,045.3,306.3,040920,,,A*40
$GPGGA,171810.00,3727.808289,N,12208.744514,W,7,,0.38,-29.19,M,0.0,M,0.0,0000*71
$GPRMC,171810.00,A,3727.808289,N,12208.744514,W,045.0,306.5,040920,,,A*40
$GPGGA,171811.00,3727.815741,N,12208.757089,W,7,,0.38,-29.06,M,0.0,M,0.0,0000*70
$GPRMC,171811.00,A,3727.815741,N,12208.757089,W,045.0,306.5,040920,,,A*4F
$GPGGA,171812.00,3727.823511,N,12208.770320,W,7,,0.38,-28.94,M,0.0,M,0.0,0000*7E
$GPRMC,171812.00,A,3727.823511,N,12208.770320,W,045.4,306.3,040920,,,A*49
$GPGGA,171813.00,3727.830970,N,12208.783088,W,7,,0.38,-28.87,M,0.0,M,0.0,0000*79
$GPRMC,171813.00,A,3727.830970,N,12208.783088,W,045.6,306.2,040920,,,A*4F
$GPGGA,171814.00,3727.838416,N,12208.795849,W,7,,0.38,-28.78,M,0.0,M,0.0,0000*79
$GPRMC,171814.00,A,3727.838416,N,12208.795849,W,045.4,306.2,040920,,,A*4D
$GPGGA,171815.00,3727.845585,N,12208.808168,W,7,,0.38,-28.58,M,0.0,M,0.0,0000*7A
$GPRMC,171815.00,A,3727.845585,N,12208.808168,W,045.2,306.2,040920,,,A*4A
$GPGGA,171816.00,3727.853188,N,12208.821025,W,7,,0.38,-28.44,M,0.0,M,0.0,0000*79
$GPRMC,171816.00,A,3727.853188,N,12208.821025,W,045.7,306.6,040920,,,A*45
$GPGGA,171817.00,3727.861077,N,12208.834310,W,7,,0.38,-28.49,M,0.0,M,0.0,0000*74
$GPRMC,171817.00,A,3727.861077,N,12208.834310,W,046.4,306.8,040920,,,A*4B
$GPGGA,171818.00,3727.868859,N,12208.847437,W,7,,0.38,-28.51,M,0.0,M,0.0,0000*79
$GPRMC,171818.00,A,3727.868859,N,12208.847437,W,047.4,306.5,040920,,,A*43
$GPGGA,171819.00,3727.876498,N,12208.860493,W,7,,0.38,-28.44,M,0.0,M,0.0,0000*79
$GPRMC,171819.00,A,3727.876498,N,12208.860493,W,047.8,306.3,040920,,,A*4D
$GPGGA,171820.00,3727.884579,N,12208.874360,W,7,,0.38,-28.37,M,0.0,M,0.0,0000*7A
$GPRMC,171820.00,A,3727.884579,N,12208.874360,W,048.0,306.4,040920,,,A*4A
$GPGGA,171821.00,3727.892523,N,12208.887890,W,7,,0.38,-28.42,M,0.0,M,0.0,0000*79
$GPRMC,171821.00,A,3727.892523,N,12208.887890,W,048.3,306.4,040920,,,A*48
$GPGGA,171822.00,3727.900521,N,12208.901438,W,7,,0.38,-28.53,M,0.0,M,0.0,0000*73
$GPRMC,171822.00,A,3727.900521,N,12208.901438,W,048.4,306.5,040920,,,A*44
$GPGGA,171823.00,3727.908369,N,12208.914794,W,7,,0.38,-28.61,M,0.0,M,0.0,0000*70
$GPRMC,171823.00,A,3727.908369,N,12208.914794,W,048.9,306.5,040920,,,A*4B
$GPGGA,171824.00,3727.916457,N,12208.928582,W,7,,0.38,-28.63,M,0.0,M,0.0,0000*7A
$GPRMC,171824.00,A,3727.916457,N,12208.928582,W,049.4,306.5,040920,,,A*4F
$GPGGA,171825.00,3727.924857,N,12208.942910,W,7,,0.38,-28.82,M,0.0,M,0.0,0000*72
$GPRMC,171825.00,A,3727.924857,N,12208.942910,W,049.6,306.3,040920,,,A*4C
$GPGGA,171826.00,3727.932807,N,12208.956542,W,7,,0.38,-28.87,M,0.0,M,0.0,0000*78
$GPRMC,171826.00,A,3727.932807,N,12208.956542,W,049.7,306.3,040920,,,A*42
$GPGGA,171827.00,3727.941015,N,12208.970546,W,7,,0.38,-28.98,M,0.0,M,0.0,0000*78
$GPRMC,171827.00,A,3727.941015,N,12208.970546,W,050.0,306.3,040920,,,A*43
$GPGGA,171828.00,3727.949506,N,12208.984987,W,7,,0.38,-29.01,M,0.0,M,0.0,0000*73
$GPRMC,171828.00,A,3727.949506,N,12208.984987,W,050.1,306.4,040920,,,A*4F
$GPGGA,171829.00,3727.957839,N,12208.999154,W,7,,0.38,-29.16,M,0.0,M,0.0,0000*70
$GPRMC,171829.00,A,3727.957839,N,12208.999154,W,050.2,306.4,040920,,,A*49
$GPGGA,171830.00,3727.965825,N,12209.012738,W,7,,0.38,-29.31,M,0.0,M,0.0,0000*76
$GPRMC,171830.00,A,3727.965825,N,12209.012738,W,050.0,306.4,040920,,,A*48
$GPGGA,171831.00,3727.974040,N,12209.026688,W,7,,0.38,-29.50,M,0.0,M,0.0,0000*76
$GPRMC,171831.00,A,3727.974040,N,12209.026688,W,049.7,306.4,040920,,,A*40
$GPGGA,171832.00,3727.982218,N,12209.040613,W,7,,0.38,-29.63,M,0.0,M,0.0,0000*71
$GPRMC,171832.00,A,3727.982218,N,12209.040613,W,049.6,306.4,040920,,,A*46
$GPGGA,171833.00,3727.990737,N,12209.055110,W,7,,0.38,-29.81,M,0.0,M,0.0,0000*77
$GPRMC,171833.00,A,3727.990737,N,12209.055110,W,049.7,306.3,040920,,,A*4A
$GPGGA,171834.00,3727.998670,N,12209.068627,W,7,,0.38,-29.92,M,0.0,M,0.0,0000*75
$GPRMC,171834.00,A,3727.998670,N,12209.068627,W,050.0,306.3,040920,,,A*45
$GPGGA,171835.00,3728.006920,N,12209.082668,W,7,,0.38,-30.06,M,0.0,M,0.0,0000*75
$GPRMC,171835.00,A,3728.006920,N,12209.082668,W,050.4,306.4,040920,,,A*43
$GPGGA,171836.00,3728.015583,N,12209.097434,W,7,,0.38,-30.09,M,0.0,M,0.0,0000*71
$GPRMC,171836.00,A,3728.015583,N,12209.097434,W,050.6,306.4,040920,,,A*4A
$GPGGA,171837.00,3728.023899,N,12209.111587,W,7,,0.38,-30.17,M,0.0,M,0.0,0000*7A
$GPRMC,171837.00,A,3728.023899,N,12209.111587,W,050.5,306.5,040920,,,A*4C
$GPGGA,171838.00,3728.032282,N,12209.125844,W,7,,0.38,-30.20,M,0.0,M,0.0,0000*74
$GPRMC,171838.00,A,3728.032282,N,12209.125844,W,051.1,306.4,040920,,,A*42
$GPGGA,171839.00,3728.040448,N,12209.139823,W,7,,0.38,-30.23,M,0.0,M,0.0,0000*7F
$GPRMC,171839.00,A,3728.040448,N,12209.139823,W,051.6,306.2,040920,,,A*4B
$GPGGA,171840.00,3728.049039,N,12209.154541,W,7,,0.38,-29.96,M,0.0,M,0.0,0000*7E
$GPRMC,171840.00,A,3728.049039,N,12209.154541,W,052.0,306.2,040920,,,A*49
$GPGGA,171841.00,3728.057931,N,12209.169679,W,7,,0.38,-30.12,M,0.0,M,0.0,0000*73
$GPRMC,171841.00,A,3728.057931,N,12209.169679,W,052.5,306.4,040920,,,A*43
$GPGGA,171842.00,3728.066644,N,12209.184361,W,7,,0.38,-30.22,M,0.0,M,0.0,0000*73
$GPRMC,171842.00,A,3728.066644,N,12209.184361,W,052.6,307.0,040920,,,A*46
$GPGGA,171843.00,3728.075206,N,12209.198684,W,7,,0.38,-30.26,M,0.0,M,0.0,0000*75
$GPRMC,171843.00,A,3728.075206,N,12209.198684,W,052.5,306.7,040920,,,A*41
$GPGGA,171844.00,3728.084218,N,12209.213773,W,7,,0.38,-30.26,M,0.0,M,0.0,0000*7A
$GPRMC,171844.00,A,3728.084218,N,12209.213773,W,052.5,306.7,040920,,,A*4E
$GPGGA,171845.00,3728.092893,N,12209.228377,W,7,,0.38,-30.25,M,0.0,M,0.0,0000*7E
$GPRMC,171845.00,A,3728.092893,N,12209.228377,W,052.2,306.8,040920,,,A*41
$GPGGA,171846.00,3728.101516,N,12209.242892,W,7,,0.38,-30.29,M,0.0,M,0.0,0000*76
$GPRMC,171846.00,A,3728.101516,N,12209.242892,W,051.7,306.7,040920,,,A*4C
$GPGGA,171847.00,3728.109802,N,12209.256931,W,7,,0.38,-30.27,M,0.0,M,0.0,0000*74
$GPRMC,171847.00,A,3728.109802,N,12209.256931,W,051.1,306.5,040920,,,A*44
$GPGGA,171848.00,3728.118099,N,12209.271128,W,7,,0.38,-30.20,M,0.0,M,0.0,0000*73
$GPRMC,171848.00,A,3728.118099,N,12209.271128,W,050.4,306.3,040920,,,A*46
$GPGGA,171849.00,3728.126542,N,12209.285606,W,7,,0.38,-30.26,M,0.0,M,0.0,0000*7A
$GPRMC,171849.00,A,3728.126542,N,12209.285606,W,049.7,306.2,040920,,,A*43
$GPGGA,171850.00,3728.134437,N,12209.299106,W,7,,0.38,-30.33,M,0.0,M,0.0,0000*7C
$GPRMC,171850.00,A,3728.134437,N,12209.299106,W,049.0,306.4,040920,,,A*40
$GPGGA,171851.00,3728.142459,N,12209.312780,W,7,,0.38,-30.35,M,0.0,M,0.0,0000*78
$GPRMC,171851.00,A,3728.142459,N,12209.312780,W,048.7,306.5,040920,,,A*45
$GPGGA,171852.00,3728.150781,N,12209.326903,W,7,,0.38,-30.42,M,0.0,M,0.0,0000*7C
$GPRMC,171852.00,A,3728.150781,N,12209.326903,W,048.6,306.5,040920,,,A*40
$GPGGA,171853.00,3728.158900,N,12209.340565,W,7,,0.38,-30.40,M,0.0,M,0.0,0000*7C
$GPRMC,171853.00,A,3728.158900,N,12209.340565,W,048.7,306.5,040920,,,A*43
$GPGGA,171854.00,3728.166615,N,12209.353724,W,7,,0.38,-30.24,M,0.0,M,0.0,0000*7A
$GPRMC,171854.00,A,3728.166615,N,12209.353724,W,049.0,306.4,040920,,,A*40
$GPGGA,171855.00,3728.174679,N,12209.367589,W,7,,0.38,-30.24,M,0.0,M,0.0,0000*70
$GPRMC,171855.00,A,3728.174679,N,12209.367589,W,049.6,306.2,040920,,,A*4A
$GPGGA,171856.00,3728.182840,N,12209.381606,W,7,,0.38,-30.33,M,0.0,M,0.0,0000*74
$GPRMC,171856.00,A,3728.182840,N,12209.381606,W,050.0,305.9,040920,,,A*4E
$GPGGA,171857.00,3728.191366,N,12209.396371,W,7,,0.38,-30.39,M,0.0,M,0.0,0000*71
$GPRMC,171857.00,A,3728.191366,N,12209.396371,W,050.3,306.0,040920,,,A*48
$GPGGA,171858.00,3728.199328,N,12209.410094,W,7,,0.38,-30.52,M,0.0,M,0.0,0000*70
$GPRMC,171858.00,A,3728.199328,N,12209.410094,W,050.3,306.1,040920,,,A*45
$GPGGA,171859.00,3728.207560,N,12209.424253,W,7,,0.38,-30.55,M,0.0,M,0.0,0000*76
$GPRMC,171859.00,A,3728.207560,N,12209.424253,W,050.4,306.1,040920,,,A*43
$GPGGA,171900.00,3728.216199,N,12209.439085,W,7,,0.38,-30.57,M,0.0,M,0.0,0000*7E
$GPRMC,171900.00,A,3728.216199,N,12209.439085,W,051.0,306.3,040920,,,A*4E
$GPGGA,171901.00,3728.224731,N,12209.453359,W,7,,0.38,-30.60,M,0.0,M,0.0,0000*70
$GPRMC,171901.00,A,3728.224731,N,12209.453359,W,051.4,307.2,040920,,,A*40
$GPGGA,171902.00,3728.233299,N,12209.467634,W,7,,0.38,-30.63,M,0.0,M,0.0,0000*78
$GPRMC,171902.00,A,3728.233299,N,12209.467634,W,051.2,306.9,040920,,,A*47
$GPGGA,171903.00,3728.241507,N,12209.481451,W,7,,0.38,-30.55,M,0.0,M,0.0,0000*70
$GPRMC,171903.00,A,3728.241507,N,12209.481451,W,051.2,306.5,040920,,,A*46
$GPGGA,171904.00,3728.250117,N,12209.495977,W,7,,0.38,-30.70,M,0.0,M,0.0,0000*79
$GPRMC,171904.00,A,3728.250117,N,12209.495977,W,051.5,306.3,040920,,,A*49
$GPGGA,171905.00,3728.258877,N,12209.510953,W,7,,0.38,-30.84,M,0.0,M,0.0,0000*7E
$GPRMC,171905.00,A,3728.258877,N,12209.510953,W,051.7,306.2,040920,,,A*46
$GPGGA,171906.00,3728.267404,N,12209.525515,W,7,,0.38,-30.84,M,0.0,M,0.0,0000*71
$GPRMC,171906.00,A,3728.267404,N,12209.525515,W,052.0,306.3,040920,,,A*4C
$GPGGA,171907.00,3728.275744,N,12209.539795,W,7,,0.38,-30.98,M,0.0,M,0.0,0000*7E
$GPRMC,171907.00,A,3728.275744,N,12209.539795,W,052.0,306.1,040920,,,A*4C
$GPGGA,171908.00,3728.284474,N,12209.554891,W,7,,0.38,-30.94,M,0.0,M,0.0,0000*73
$GPRMC,171908.00,A,3728.284474,N,12209.554891,W,051.9,306.0,040920,,,A*46
$GPGGA,171909.00,3728.292970,N,12209.569574,W,7,,0.38,-31.02,M,0.0,M,0.0,0000*7A
$GPRMC,171909.00,A,3728.292970,N,12209.569574,W,052.0,306.0,040920,,,A*4B
$GPGGA,171910.00,3728.301442,N,12209.584238,W,7,,0.38,-31.05,M,0.0,M,0.0,0000*7E
$GPRMC,171910.00,A,3728.301442,N,12209.584238,W,052.1,306.0,040920,,,A*49
$GPGGA,171911.00,3728.309763,N,12209.598500,W,7,,0.38,-31.10,M,0.0,M,0.0,0000*72
$GPRMC,171911.00,A,3728.309763,N,12209.598500,W,051.9,306.3,040920,,,A*49
$GPGGA,171912.00,3728.318260,N,12209.613037,W,7,,0.38,-31.11,M,0.0,M,0.0,0000*77
$GPRMC,171912.00,A,3728.318260,N,12209.613037,W,051.6,306.3,040920,,,A*42
$GPGGA,171913.00,3728.326966,N,12209.627935,W,7,,0.38,-31.16,M,0.0,M,0.0,0000*7D
$GPRMC,171913.00,A,3728.326966,N,12209.627935,W,051.2,306.3,040920,,,A*4B
$GPGGA,171914.00,3728.335119,N,12209.641879,W,7,,0.38,-31.18,M,0.0,M,0.0,0000*7F
$GPRMC,171914.00,A,3728.335119,N,12209.641879,W,050.6,306.3,040920,,,A*42
$GPGGA,171915.00,3728.343447,N,12209.656069,W,7,,0.38,-31.25,M,0.0,M,0.0,0000*70
$GPRMC,171915.00,A,3728.343447,N,12209.656069,W,050.5,306.4,040920,,,A*47
$GPGGA,171916.00,3728.352021,N,12209.670686,W,7,,0.38,-31.22,M,0.0,M,0.0,0000*73
$GPRMC,171916.00,A,3728.352021,N,12209.670686,W,050.6,306.4,040920,,,A*40
$GPGGA,171917.00,3728.360422,N,12209.684995,W,7,,0.38,-31.20,M,0.0,M,0.0,0000*70
$GPRMC,171917.00,A,3728.360422,N,12209.684995,W,050.6,306.4,040920,,,A*41
$GPGGA,171918.00,3728.368467,N,12209.698693,W,7,,0.38,-31.31,M,0.0,M,0.0,0000*72
$GPRMC,171918.00,A,3728.368467,N,12209.698693,W,050.3,306.4,040920,,,A*46
$GPGGA,171919.00,3728.376760,N,12209.712871,W,7,,0.38,-31.41,M,0.0,M,0.0,0000*7E
$GPRMC,171919.00,A,3728.376760,N,12209.712871,W,050.5,306.2,040920,,,A*4D
$GPGGA,171920.00,3728.385063,N,12209.727091,W,7,,0.38,-31.47,M,0.0,M,0.0,0000*7A
$GPRMC,171920.00,A,3728.385063,N,12209.727091,W,050.7,306.3,040920,,,A*4C
$GPGGA,171921.00,3728.393793,N,12209.741930,W,7,,0.38,-31.54,M,0.0,M,0.0,0000*74
$GPRMC,171921.00,A,3728.393793,N,12209.741930,W,050.9,306.7,040920,,,A*4A
$GPGGA,171922.00,3728.401972,N,12209.755664,W,7,,0.38,-31.58,M,0.0,M,0.0,0000*7D
$GPRMC,171922.00,A,3728.401972,N,12209.755664,W,051.0,306.8,040920,,,A*48
$GPGGA,171923.00,3728.410455,N,12209.769919,W,7,,0.38,-31.32,M,0.0,M,0.0,0000*72
$GPRMC,171923.00,A,3728.410455,N,12209.769919,W,051.2,306.6,040920,,,A*47
$GPGGA,171924.00,3728.419245,N,12209.784836,W,7,,0.38,-31.53,M,0.0,M,0.0,0000*73
$GPRMC,171924.00,A,3728.419245,N,12209.784836,W,051.1,306.5,040920,,,A*41
$GPGGA,171925.00,3728.427633,N,12209.799145,W,7,,0.38,-31.71,M,0.0,M,0.0,0000*7B
$GPRMC,171925.00,A,3728.427633,N,12209.799145,W,051.2,306.2,040920,,,A*4D
$GPGGA,171926.00,3728.436033,N,12209.813767,W,7,,0.38,-31.79,M,0.0,M,0.0,0000*7D
$GPRMC,171926.00,A,3728.436033,N,12209.813767,W,052.2,305.7,040920,,,A*46
$GPGGA,171927.00,3728.444283,N,12209.828150,W,7,,0.38,-31.89,M,0.0,M,0.0,0000*75
$GPRMC,171927.00,A,3728.444283,N,12209.828150,W,052.9,305.9,040920,,,A*44
$GPGGA,171928.00,3728.453020,N,12209.843174,W,7,,0.38,-31.93,M,0.0,M,0.0,0000*77
$GPRMC,171928.00,A,3728.453020,N,12209.843174,W,052.9,306.3,040920,,,A*44
$GPGGA,171929.00,3728.461984,N,12209.858552,W,7,,0.38,-31.87,M,0.0,M,0.0,0000*7F
$GPRMC,171929.00,A,3728.461984,N,12209.858552,W,053.2,306.5,040920,,,A*45
$GPGGA,171930.00,3728.470810,N,12209.873450,W,7,,0.38,-31.95,M,0.0,M,0.0,0000*72
$GPRMC,171930.00,A,3728.470810,N,12209.873450,W,053.4,306.6,040920,,,A*4E
$GPGGA,171931.00,3728.479468,N,12209.888054,W,7,,0.38,-32.05,M,0.0,M,0.0,0000*77
$GPRMC,171931.00,A,3728.479468,N,12209.888054,W,053.6,306.5,040920,,,A*40
$GPGGA,171932.00,3728.488618,N,12209.903569,W,7,,0.38,-32.06,M,0.0,M,0.0,0000*75
$GPRMC,171932.00,A,3728.488618,N,12209.903569,W,053.9,306.5,040920,,,A*4E
$GPGGA,171933.00,3728.497552,N,12209.918695,W,7,,0.38,-32.16,M,0.0,M,0.0,0000*7C
$GPRMC,171933.00,A,3728.497552,N,12209.918695,W,054.2,306.4,040920,,,A*4B
$GPGGA,171934.00,3728.506504,N,12209.933966,W,7,,0.38,-32.25,M,0.0,M,0.0,0000*7B
$GPRMC,171934.00,A,3728.506504,N,12209.933966,W,054.7,306.4,040920,,,A*49
$GPGGA,171935.00,3728.515275,N,12209.949008,W,7,,0.38,-32.24,M,0.0,M,0.0,0000*74
$GPRMC,171935.00,A,3728.515275,N,12209.949008,W,054.9,306.3,040920,,,A*4E
$GPGGA,171936.00,3728.524300,N,12209.964391,W,7,,0.38,-32.23,M,0.0,M,0.0,0000*7D
$GPRMC,171936.00,A,3728.524300,N,12209.964391,W,054.8,306.3,040920,,,A*41
$GPGGA,171937.00,3728.533564,N,12209.980207,W,7,,0.38,-32.37,M,0.0,M,0.0,0000*7F
$GPRMC,171937.00,A,3728.533564,N,12209.980207,W,054.4,306.2,040920,,,A*4B
$GPGGA,171938.00,3728.542204,N,12209.995129,W,7,,0.38,-32.40,M,0.0,M,0.0,0000*7C
$GPRMC,171938.00,A,3728.542204,N,12209.995129,W,054.2,306.0,040920,,,A*4C
$GPGGA,171939.00,3728.551042,N,12210.010334,W,7,,0.38,-32.51,M,0.0,M,0.0,0000*7D
$GPRMC,171939.00,A,3728.551042,N,12210.010334,W,053.9,306.0,040920,,,A*41
$GPGGA,171940.00,3728.560090,N,12210.025939,W,7,,0.38,-32.46,M,0.0,M,0.0,0000*79
$GPRMC,171940.00,A,3728.560090,N,12210.025939,W,053.4,306.0,040920,,,A*4E
$GPGGA,171941.00,3728.568867,N,12210.041042,W,7,,0.38,-32.46,M,0.0,M,0.0,0000*77
$GPRMC,171941.00,A,3728.568867,N,12210.041042,W,053.0,306.3,040920,,,A*47
$GPGGA,171942.00,3728.577255,N,12210.055309,W,7,,0.38,-32.48,M,0.0,M,0.0,0000*76
$GPRMC,171942.00,A,3728.577255,N,12210.055309,W,052.5,306.5,040920,,,A*4A
$GPGGA,171943.00,3728.585908,N,12210.069913,W,7,,0.38,-32.47,M,0.0,M,0.0,0000*78
$GPRMC,171943.00,A,3728.585908,N,12210.069913,W,052.1,306.7,040920,,,A*4D
$GPGGA,171944.00,3728.594547,N,12210.084398,W,7,,0.38,-32.54,M,0.0,M,0.0,0000*70
$GPRMC,171944.00,A,3728.594547,N,12210.084398,W,051.7,307.0,040920,,,A*44
$GPGGA,171945.00,3728.603680,N,12210.099199,W,7,,0.38,-32.64,M,0.0,M,0.0,0000*78
$GPRMC,171945.00,A,3728.603680,N,12210.099199,W,051.5,308.1,040920,,,A*43
$GPGGA,171946.00,3728.612224,N,12210.112766,W,7,,0.38,-32.79,M,0.0,M,0.0,0000*79
$GPRMC,171946.00,A,3728.612224,N,12210.112766,W,051.3,308.3,040920,,,A*4A
$GPGGA,171947.00,3728.620953,N,12210.126889,W,7,,0.38,-32.52,M,0.0,M,0.0,0000*72
$GPRMC,171947.00,A,3728.620953,N,12210.126889,W,051.3,307.3,040920,,,A*47
$GPGGA,171948.00,3728.629779,N,12210.141632,W,7,,0.38,-32.67,M,0.0,M,0.0,0000*7B
$GPRMC,171948.00,A,3728.629779,N,12210.141632,W,051.3,306.5,040920,,,A*4F
$GPGGA,171949.00,3728.638251,N,12210.156145,W,7,,0.38,-32.81,M,0.0,M,0.0,0000*7C
$GPRMC,171949.00,A,3728.638251,N,12210.156145,W,051.0,306.1,040920,,,A*47
$GPGGA,171950.00,3728.646544,N,12210.170491,W,7,,0.38,-33.08,M,0.0,M,0.0,0000*76
$GPRMC,171950.00,A,3728.646544,N,12210.170491,W,050.6,305.9,040920,,,A*41
$GPGGA,171951.00,3728.654458,N,12210.184244,W,7,,0.38,-33.37,M,0.0,M,0.0,0000*71
$GPRMC,171951.00,A,3728.654458,N,12210.184244,W,050.2,305.7,040920,,,A*40
$GPGGA,171952.00,3728.662689,N,12210.198464,W,7,,0.38,-33.79,M,0.0,M,0.0,0000*7A
$GPRMC,171952.00,A,3728.662689,N,12210.198464,W,049.9,306.1,040920,,,A*47
$GPGGA,171953.00,3728.671083,N,12210.212870,W,7,,0.38,-34.29,M,0.0,M,0.0,0000*7F
$GPRMC,171953.00,A,3728.671083,N,12210.212870,W,049.5,306.1,040920,,,A*4C
$GPGGA,171954.00,3728.679232,N,12210.226819,W,7,,0.38,-34.78,M,0.0,M,0.0,0000*74
$GPRMC,171954.00,A,3728.679232,N,12210.226819,W,049.8,306.1,040920,,,A*4E
$GPGGA,171955.00,3728.687218,N,12210.240589,W,7,,0.38,-35.28,M,0.0,M,0.0,0000*7C
$GPRMC,171955.00,A,3728.687218,N,12210.240589,W,050.2,306.0,040920,,,A*41
$GPGGA,171956.00,3728.695707,N,12210.255199,W,7,,0.38,-35.78,M,0.0,M,0.0,0000*73
$GPRMC,171956.00,A,3728.695707,N,12210.255199,W,050.5,306.0,040920,,,A*4C
$GPGGA,171957.00,3728.703909,N,12210.269443,W,7,,0.38,-36.21,M,0.0,M,0.0,0000*7E
$GPRMC,171957.00,A,3728.703909,N,12210.269443,W,050.6,305.7,040920,,,A*49
$GPGGA,171958.00,3728.712148,N,12210.283784,W,7,,0.38,-36.81,M,0.0,M,0.0,0000*7A
$GPRMC,171958.00,A,3728.712148,N,12210.283784,W,050.9,305.6,040920,,,A*49
$GPGGA,171959.00,3728.720236,N,12210.297848,W,7,,0.38,-36.32,M,0.0,M,0.0,0000*72
$GPRMC,171959.00,A,3728.720236,N,12210.297848,W,051.1,305.8,040920,,,A*4E
$GPGGA,172000.00,3728.728569,N,12210.312289,W,7,,0.38,-37.00,M,0.0,M,0.0,0000*7A
$GPRMC,172000.00,A,3728.728569,N,12210.312289,W,051.2,306.1,040920,,,A*4F
$GPGGA,172001.00,3728.737240,N,12210.327176,W,7,,0.38,-37.38,M,0.0,M,0.0,0000*77
$GPRMC,172001.00,A,3728.737240,N,12210.327176,W,051.2,306.1,040920,,,A*49
$GPGGA,172002.00,3728.745471,N,12210.341204,W,7,,0.38,-37.50,M,0.0,M,0.0,0000*7D
$GPRMC,172002.00,A,3728.745471,N,12210.341204,W,051.3,306.2,040920,,,A*4F
$GPGGA,172003.00,3728.753848,N,12210.355561,W,7,,0.38,-37.49,M,0.0,M,0.0,0000*74
$GPRMC,172003.00,A,3728.753848,N,12210.355561,W,051.3,306.3,040920,,,A*4F
$GPGGA,172004.00,3728.762590,N,12210.370358,W,7,,0.38,-37.20,M,0.0,M,0.0,0000*7D
$GPRMC,172004.00,A,3728.762590,N,12210.370358,W,051.5,306.4,040920,,,A*48
$GPGGA,172005.00,3728.771157,N,12210.384806,W,7,,0.38,-36.89,M,0.0,M,0.0,0000*78
$GPRMC,172005.00,A,3728.771157,N,12210.384806,W,051.8,306.7,040920,,,A*41
$GPGGA,172006.00,3728.779467,N,12210.399007,W,7,,0.38,-36.21,M,0.0,M,0.0,0000*72
$GPRMC,172006.00,A,3728.779467,N,12210.399007,W,051.6,306.5,040920,,,A*45
$GPGGA,172007.00,3728.787952,N,12210.413437,W,7,,0.38,-35.79,M,0.0,M,0.0,0000*75
$GPRMC,172007.00,A,3728.787952,N,12210.413437,W,051.4,306.3,040920,,,A*48
$GPGGA,172008.00,3728.796327,N,12210.427850,W,7,,0.38,-35.30,M,0.0,M,0.0,0000*75
$GPRMC,172008.00,A,3728.796327,N,12210.427850,W,051.0,306.2,040920,,,A*40
$GPGGA,172009.00,3728.804956,N,12210.442741,W,7,,0.38,-34.96,M,0.0,M,0.0,0000*7D
$GPRMC,172009.00,A,3728.804956,N,12210.442741,W,050.4,306.0,040920,,,A*42
$GPGGA,172010.00,3728.812887,N,12210.456362,W,7,,0.38,-34.72,M,0.0,M,0.0,0000*75
$GPRMC,172010.00,A,3728.812887,N,12210.456362,W,049.8,306.1,040920,,,A*45
$GPGGA,172011.00,3728.820970,N,12210.470299,W,7,,0.38,-34.52,M,0.0,M,0.0,0000*7F
$GPRMC,172011.00,A,3728.820970,N,12210.470299,W,049.1,306.1,040920,,,A*44
$GPGGA,172012.00,3728.829297,N,12210.484561,W,7,,0.38,-34.42,M,0.0,M,0.0,0000*7D
$GPRMC,172012.00,A,3728.829297,N,12210.484561,W,048.5,306.3,040920,,,A*40
$GPGGA,172013.00,3728.837247,N,12210.498056,W,7,,0.38,-34.21,M,0.0,M,0.0,0000*77
$GPRMC,172013.00,A,3728.837247,N,12210.498056,W,047.9,306.6,040920,,,A*49
$GPGGA,172014.00,3728.845161,N,12210.511394,W,7,,0.38,-34.68,M,0.0,M,0.0,0000*72
$GPRMC,172014.00,A,3728.845161,N,12210.511394,W,047.6,306.9,040920,,,A*41
$GPGGA,172015.00,3728.852782,N,12210.524245,W,7,,0.38,-34.49,M,0.0,M,0.0,0000*76
$GPRMC,172015.00,A,3728.852782,N,12210.524245,W,047.5,306.4,040920,,,A*48
$GPGGA,172016.00,3728.860635,N,12210.537685,W,7,,0.38,-34.43,M,0.0,M,0.0,0000*79
$GPRMC,172016.00,A,3728.860635,N,12210.537685,W,047.2,306.1,040920,,,A*4F
$GPGGA,172017.00,3728.868580,N,12210.551582,W,7,,0.38,-34.20,M,0.0,M,0.0,0000*7C
$GPRMC,172017.00,A,3728.868580,N,12210.551582,W,047.7,305.8,040920,,,A*40
$GPGGA,172018.00,3728.876314,N,12210.565063,W,7,,0.38,-34.09,M,0.0,M,0.0,0000*71
$GPRMC,172018.00,A,3728.876314,N,12210.565063,W,047.8,305.8,040920,,,A*49
$GPGGA,172019.00,3728.883856,N,12210.578257,W,7,,0.38,-33.86,M,0.0,M,0.0,0000*7E
$GPRMC,172019.00,A,3728.883856,N,12210.578257,W,047.7,306.0,040920,,,A*42
$GPGGA,172020.00,3728.891895,N,12210.592142,W,7,,0.38,-33.76,M,0.0,M,0.0,0000*74
$GPRMC,172020.00,A,3728.891895,N,12210.592142,W,047.9,306.1,040920,,,A*48
$GPGGA,172021.00,3728.899684,N,12210.605714,W,7,,0.38,-33.62,M,0.0,M,0.0,0000*7E
$GPRMC,172021.00,A,3728.899684,N,12210.605714,W,048.3,305.8,040920,,,A*48
$GPGGA,172022.00,3728.907532,N,12210.619598,W,7,,0.38,-33.41,M,0.0,M,0.0,0000*7F
$GPRMC,172022.00,A,3728.907532,N,12210.619598,W,049.2,305.3,040920,,,A*43
$GPGGA,172023.00,3728.915308,N,12210.633409,W,7,,0.38,-33.35,M,0.0,M,0.0,0000*70
$GPRMC,172023.00,A,3728.915308,N,12210.633409,W,050.0,305.1,040920,,,A*47
$GPGGA,172024.00,3728.923360,N,12210.647797,W,7,,0.38,-33.29,M,0.0,M,0.0,0000*76
$GPRMC,172024.00,A,3728.923360,N,12210.647797,W,050.8,304.9,040920,,,A*4D
$GPGGA,172025.00,3728.931586,N,12210.662990,W,7,,0.38,-33.32,M,0.0,M,0.0,0000*7E
$GPRMC,172025.00,A,3728.931586,N,12210.662990,W,051.4,303.6,040920,,,A*4A
$GPGGA,172026.00,3728.939272,N,12210.677701,W,7,,0.38,-33.31,M,0.0,M,0.0,0000*78
$GPRMC,172026.00,A,3728.939272,N,12210.677701,W,051.9,302.7,040920,,,A*42
$GPGGA,172027.00,3728.947018,N,12210.693038,W,7,,0.38,-33.13,M,0.0,M,0.0,0000*79
$GPRMC,172027.00,A,3728.947018,N,12210.693038,W,052.2,302.0,040920,,,A*4C
$GPGGA,172028.00,3728.954871,N,12210.709099,W,7,,0.38,-32.99,M,0.0,M,0.0,0000*79
$GPRMC,172028.00,A,3728.954871,N,12210.709099,W,052.4,301.3,040920,,,A*49
$GPGGA,172029.00,3728.962300,N,12210.724723,W,7,,0.38,-32.82,M,0.0,M,0.0,0000*73
$GPRMC,172029.00,A,3728.962300,N,12210.724723,W,052.3,300.6,040920,,,A*4A
$GPGGA,172030.00,3728.969368,N,12210.740114,W,7,,0.38,-33.06,M,0.0,M,0.0,0000*73
$GPRMC,172030.00,A,3728.969368,N,12210.740114,W,052.2,299.6,040920,,,A*47
$GPGGA,172031.00,3728.976412,N,12210.755942,W,7,,0.38,-32.79,M,0.0,M,0.0,0000*70
$GPRMC,172031.00,A,3728.976412,N,12210.755942,W,052.0,298.6,040920,,,A*4E
$GPGGA,172032.00,3728.983137,N,12210.771799,W,7,,0.38,-32.52,M,0.0,M,0.0,0000*7C
$GPRMC,172032.00,A,3728.983137,N,12210.771799,W,051.4,297.7,040920,,,A*42
$GPGGA,172033.00,3728.989899,N,12210.788215,W,7,,0.38,-32.42,M,0.0,M,0.0,0000*7C
$GPRMC,172033.00,A,3728.989899,N,12210.788215,W,050.7,297.1,040920,,,A*47
$GPGGA,172034.00,3728.996019,N,12210.803336,W,7,,0.38,-32.28,M,0.0,M,0.0,0000*75
$GPRMC,172034.00,A,3728.996019,N,12210.803336,W,050.0,296.9,040920,,,A*4C
$GPGGA,172035.00,3729.002068,N,12210.818779,W,7,,0.38,-32.23,M,0.0,M,0.0,0000*79
$GPRMC,172035.00,A,3729.002068,N,12210.818779,W,049.2,295.8,040920,,,A*43
$GPGGA,172036.00,3729.008122,N,12210.834716,W,7,,0.38,-32.28,M,0.0,M,0.0,0000*73
$GPRMC,172036.00,A,3729.008122,N,12210.834716,W,049.1,295.3,040920,,,A*4A
$GPGGA,172037.00,3729.013846,N,12210.850214,W,7,,0.38,-32.14,M,0.0,M,0.0,0000*79
$GPRMC,172037.00,A,3729.013846,N,12210.850214,W,048.4,294.5,040920,,,A*4C
$GPGGA,172038.00,3729.019276,N,12210.865561,W,7,,0.38,-32.10,M,0.0,M,0.0,0000*72
$GPRMC,172038.00,A,3729.019276,N,12210.865561,W,047.8,293.8,040920,,,A*4A
$GPGGA,172039.00,3729.024369,N,12210.880346,W,7,,0.38,-31.95,M,0.0,M,0.0,0000*74
$GPRMC,172039.00,A,3729.024369,N,12210.880346,W,047.4,293.3,040920,,,A*45
$GPGGA,172040.00,3729.029536,N,12210.895580,W,7,,0.38,-31.86,M,0.0,M,0.0,0000*71
$GPRMC,172040.00,A,3729.029536,N,12210.895580,W,046.8,292.9,040920,,,A*44
$GPGGA,172041.00,3729.034647,N,12210.910952,W,7,,0.38,-31.88,M,0.0,M,0.0,0000*78
$GPRMC,172041.00,A,3729.034647,N,12210.910952,W,046.1,292.5,040920,,,A*46
$GPGGA,172042.00,3729.039441,N,12210.925700,W,7,,0.38,-31.89,M,0.0,M,0.0,0000*7C
$GPRMC,172042.00,A,3729.039441,N,12210.925700,W,045.6,292.0,040920,,,A*42
$GPGGA,172043.00,3729.044025,N,12210.940094,W,7,,0.38,-31.91,M,0.0,M,0.0,0000*71
$GPRMC,172043.00,A,3729.044025,N,12210.940094,W,045.6,291.6,040920,,,A*43
$GPGGA,172044.00,3729.048771,N,12210.955351,W,7,,0.38,-31.84,M,0.0,M,0.0,0000*76
$GPRMC,172044.00,A,3729.048771,N,12210.955351,W,045.7,291.0,040920,,,A*47
$GPGGA,172045.00,3729.053295,N,12210.970213,W,7,,0.38,-31.91,M,0.0,M,0.0,0000*76
$GPRMC,172045.00,A,3729.053295,N,12210.970213,W,045.9,290.7,040920,,,A*4B
$GPGGA,172046.00,3729.057783,N,12210.985244,W,7,,0.38,-31.99,M,0.0,M,0.0,0000*73
$GPRMC,172046.00,A,3729.057783,N,12210.985244,W,046.3,290.5,040920,,,A*4D
$GPGGA,172047.00,3729.062169,N,12211.000129,W,7,,0.38,-31.95,M,0.0,M,0.0,0000*77
$GPRMC,172047.00,A,3729.062169,N,12211.000129,W,046.8,290.2,040920,,,A*49
$GPGGA,172048.00,3729.066628,N,12211.015604,W,7,,0.38,-32.07,M,0.0,M,0.0,0000*7A
$GPRMC,172048.00,A,3729.066628,N,12211.015604,W,047.7,289.6,040920,,,A*4E
$GPGGA,172049.00,3729.071145,N,12211.031882,W,7,,0.38,-32.11,M,0.0,M,0.0,0000*70
$GPRMC,172049.00,A,3729.071145,N,12211.031882,W,048.3,288.9,040920,,,A*46
$GPGGA,172050.00,3729.075339,N,12211.047752,W,7,,0.38,-32.06,M,0.0,M,0.0,0000*70
$GPRMC,172050.00,A,3729.075339,N,12211.047752,W,049.7,288.0,040920,,,A*4C
$GPGGA,172051.00,3729.079624,N,12211.064341,W,7,,0.38,-32.15,M,0.0,M,0.0,0000*71
$GPRMC,172051.00,A,3729.079624,N,12211.064341,W,050.7,287.8,040920,,,A*40
$GPGGA,172052.00,3729.084087,N,12211.081921,W,7,,0.38,-32.10,M,0.0,M,0.0,0000*7D
$GPRMC,172052.00,A,3729.084087,N,12211.081921,W,051.9,287.4,040920,,,A*4A
$GPGGA,172053.00,3729.088353,N,12211.099340,W,7,,0.38,-31.97,M,0.0,M,0.0,0000*72
$GPRMC,172053.00,A,3729.088353,N,12211.099340,W,052.9,286.9,040920,,,A*46
$GPGGA,172054.00,3729.092494,N,12211.116776,W,7,,0.38,-31.92,M,0.0,M,0.0,0000*70
$GPRMC,172054.00,A,3729.092494,N,12211.116776,W,053.8,286.4,040920,,,A*4C
$GPGGA,172055.00,3729.096675,N,12211.134817,W,7,,0.38,-32.10,M,0.0,M,0.0,0000*79
$GPRMC,172055.00,A,3729.096675,N,12211.134817,W,054.2,285.9,040920,,,A*4F
$GPGGA,172056.00,3729.100714,N,12211.152980,W,7,,0.38,-32.27,M,0.0,M,0.0,0000*79
$GPRMC,172056.00,A,3729.100714,N,12211.152980,W,054.3,285.3,040920,,,A*40
$GPGGA,172057.00,3729.104758,N,12211.171987,W,7,,0.38,-32.13,M,0.0,M,0.0,0000*75
$GPRMC,172057.00,A,3729.104758,N,12211.171987,W,054.2,284.9,040920,,,A*41
$GPGGA,172058.00,3729.108375,N,12211.189688,W,7,,0.38,-32.09,M,0.0,M,0.0,0000*71
$GPRMC,172058.00,A,3729.108375,N,12211.189688,W,054.4,284.3,040920,,,A*42
$GPGGA,172059.00,3729.112096,N,12211.208155,W,7,,0.38,-32.21,M,0.0,M,0.0,0000*72
$GPRMC,172059.00,A,3729.112096,N,12211.208155,W,055.2,284.2,040920,,,A*4D
$GPGGA,172100.00,3729.115833,N,12211.227434,W,7,,0.38,-32.15,M,0.0,M,0.0,0000*77
$GPRMC,172100.00,A,3729.115833,N,12211.227434,W,055.6,283.3,040920,,,A*4D
$GPGGA,172101.00,3729.119325,N,12211.246538,W,7,,0.38,-32.07,M,0.0,M,0.0,0000*7F
$GPRMC,172101.00,A,3729.119325,N,12211.246538,W,055.8,282.5,040920,,,A*4F
$GPGGA,172102.00,3729.122655,N,12211.265515,W,7,,0.38,-32.02,M,0.0,M,0.0,0000*7D
$GPRMC,172102.00,A,3729.122655,N,12211.265515,W,055.6,282.2,040920,,,A*41
$GPGGA,172103.00,3729.125709,N,12211.283767,W,7,,0.38,-31.84,M,0.0,M,0.0,0000*71
$GPRMC,172103.00,A,3729.125709,N,12211.283767,W,055.0,281.8,040920,,,A*4F
$GPGGA,172104.00,3729.128716,N,12211.302560,W,7,,0.38,-31.78,M,0.0,M,0.0,0000*7B
$GPRMC,172104.00,A,3729.128716,N,12211.302560,W,054.3,281.0,040920,,,A*4C
$GPGGA,172105.00,3729.131536,N,12211.321669,W,7,,0.38,-31.75,M,0.0,M,0.0,0000*74
$GPRMC,172105.00,A,3729.131536,N,12211.321669,W,053.8,280.3,040920,,,A*40
$GPGGA,172106.00,3729.134122,N,12211.340197,W,7,,0.38,-31.73,M,0.0,M,0.0,0000*74
$GPRMC,172106.00,A,3729.134122,N,12211.340197,W,054.0,279.6,040920,,,A*4A
$GPGGA,172107.00,3729.136528,N,12211.358107,W,7,,0.38,-31.78,M,0.0,M,0.0,0000*72
$GPRMC,172107.00,A,3729.136528,N,12211.358107,W,054.0,279.4,040920,,,A*45
$GPGGA,172108.00,3729.139006,N,12211.377332,W,7,,0.38,-31.72,M,0.0,M,0.0,0000*78
$GPRMC,172108.00,A,3729.139006,N,12211.377332,W,053.5,279.2,040920,,,A*41
$GPGGA,172109.00,3729.141327,N,12211.395589,W,7,,0.38,-31.76,M,0.0,M,0.0,0000*78
$GPRMC,172109.00,A,3729.141327,N,12211.395589,W,052.9,278.8,040920,,,A*43
$GPGGA,172110.00,3729.143553,N,12211.413752,W,7,,0.38,-31.78,M,0.0,M,0.0,0000*74
$GPRMC,172110.00,A,3729.143553,N,12211.413752,W,052.5,278.7,040920,,,A*42
$GPGGA,172111.00,3729.145678,N,12211.431307,W,7,,0.38,-31.86,M,0.0,M,0.0,0000*7C
$GPRMC,172111.00,A,3729.145678,N,12211.431307,W,051.9,278.7,040920,,,A*44
$GPGGA,172112.00,3729.147844,N,12211.449091,W,7,,0.38,-31.86,M,0.0,M,0.0,0000*7F
$GPRMC,172112.00,A,3729.147844,N,12211.449091,W,051.5,278.7,040920,,,A*4B
$GPGGA,172113.00,3729.150070,N,12211.467338,W,7,,0.38,-31.83,M,0.0,M,0.0,0000*7E
$GPRMC,172113.00,A,3729.150070,N,12211.467338,W,051.1,278.7,040920,,,A*4B
$GPGGA,172114.00,3729.152157,N,12211.484486,W,7,,0.38,-31.91,M,0.0,M,0.0,0000*73
$GPRMC,172114.00,A,3729.152157,N,12211.484486,W,050.9,278.7,040920,,,A*4C
$GPGGA,172115.00,3729.154275,N,12211.501934,W,7,,0.38,-31.88,M,0.0,M,0.0,0000*77
$GPRMC,172115.00,A,3729.154275,N,12211.501934,W,050.6,278.6,040920,,,A*4E
$GPGGA,172116.00,3729.156471,N,12211.519909,W,7,,0.38,-31.89,M,0.0,M,0.0,0000*72
$GPRMC,172116.00,A,3729.156471,N,12211.519909,W,050.5,278.7,040920,,,A*48
$GPGGA,172117.00,3729.158608,N,12211.537268,W,7,,0.38,-31.85,M,0.0,M,0.0,0000*7D
$GPRMC,172117.00,A,3729.158608,N,12211.537268,W,050.5,278.9,040920,,,A*45
$GPGGA,172118.00,3729.160689,N,12211.554344,W,7,,0.38,-31.84,M,0.0,M,0.0,0000*7B
$GPRMC,172118.00,A,3729.160689,N,12211.554344,W,050.8,278.8,040920,,,A*4E
$GPGGA,172119.00,3729.162838,N,12211.571936,W,7,,0.38,-31.80,M,0.0,M,0.0,0000*70
$GPRMC,172119.00,A,3729.162838,N,12211.571936,W,051.4,278.7,040920,,,A*43
$GPGGA,172120.00,3729.165022,N,12211.589635,W,7,,0.38,-31.77,M,0.0,M,0.0,0000*7D
$GPRMC,172120.00,A,3729.165022,N,12211.589635,W,051.6,278.9,040920,,,A*4A
$GPGGA,172121.00,3729.167337,N,12211.608193,W,7,,0.38,-31.78,M,0.0,M,0.0,0000*77
$GPRMC,172121.00,A,3729.167337,N,12211.608193,W,051.8,278.9,040920,,,A*41
$GPGGA,172122.00,3729.169516,N,12211.625497,W,7,,0.38,-31.81,M,0.0,M,0.0,0000*77
$GPRMC,172122.00,A,3729.169516,N,12211.625497,W,052.1,278.9,040920,,,A*4D
$GPGGA,172123.00,3729.171736,N,12211.643425,W,7,,0.38,-31.77,M,0.0,M,0.0,0000*7F
$GPRMC,172123.00,A,3729.171736,N,12211.643425,W,052.1,278.9,040920,,,A*4C
$GPGGA,172124.00,3729.174057,N,12211.661923,W,7,,0.38,-31.84,M,0.0,M,0.0,0000*7A
$GPRMC,172124.00,A,3729.174057,N,12211.661923,W,052.3,278.9,040920,,,A*47
$GPGGA,172125.00,3729.176313,N,12211.680200,W,7,,0.38,-31.75,M,0.0,M,0.0,0000*71
$GPRMC,172125.00,A,3729.176313,N,12211.680200,W,052.6,278.8,040920,,,A*46
$GPGGA,172126.00,3729.178480,N,12211.697738,W,7,,0.38,-31.66,M,0.0,M,0.0,0000*7B
$GPRMC,172126.00,A,3729.178480,N,12211.697738,W,052.6,278.8,040920,,,A*4E
$GPGGA,172127.00,3729.180706,N,12211.715876,W,7,,0.38,-31.63,M,0.0,M,0.0,0000*7B
$GPRMC,172127.00,A,3729.180706,N,12211.715876,W,052.7,278.8,040920,,,A*4A
$GPGGA,172128.00,3729.182962,N,12211.734247,W,7,,0.38,-31.56,M,0.0,M,0.0,0000*77
$GPRMC,172128.00,A,3729.182962,N,12211.734247,W,053.0,278.7,040920,,,A*49
$GPGGA,172129.00,3729.185272,N,12211.753142,W,7,,0.38,-31.48,M,0.0,M,0.0,0000*73
$GPRMC,172129.00,A,3729.185272,N,12211.753142,W,053.2,278.7,040920,,,A*40
$GPGGA,172130.00,3729.187522,N,12211.771496,W,7,,0.38,-31.47,M,0.0,M,0.0,0000*78
$GPRMC,172130.00,A,3729.187522,N,12211.771496,W,053.4,278.8,040920,,,A*4D
$GPGGA,172131.00,3729.189718,N,12211.789273,W,7,,0.38,-31.41,M,0.0,M,0.0,0000*70
$GPRMC,172131.00,A,3729.189718,N,12211.789273,W,053.5,278.9,040920,,,A*43
$GPGGA,172132.00,3729.192124,N,12211.808401,W,7,,0.38,-31.33,M,0.0,M,0.0,0000*70
$GPRMC,172132.00,A,3729.192124,N,12211.808401,W,053.3,279.0,040920,,,A*48
$GPGGA,172133.00,3729.194398,N,12211.826660,W,7,,0.38,-31.34,M,0.0,M,0.0,0000*7C
$GPRMC,172133.00,A,3729.194398,N,12211.826660,W,053.0,278.8,040920,,,A*49
$GPGGA,172134.00,3729.196629,N,12211.844851,W,7,,0.38,-31.40,M,0.0,M,0.0,0000*7D
$GPRMC,172134.00,A,3729.196629,N,12211.844851,W,052.5,278.7,040920,,,A*40
$GPGGA,172135.00,3729.198772,N,12211.862336,W,7,,0.38,-31.62,M,0.0,M,0.0,0000*73
$GPRMC,172135.00,A,3729.198772,N,12211.862336,W,051.7,278.9,040920,,,A*41
$GPGGA,172136.00,3729.200962,N,12211.880023,W,7,,0.38,-31.51,M,0.0,M,0.0,0000*76
$GPRMC,172136.00,A,3729.200962,N,12211.880023,W,051.2,278.9,040920,,,A*41
$GPGGA,172137.00,3729.203229,N,12211.898174,W,7,,0.38,-31.39,M,0.0,M,0.0,0000*74
$GPRMC,172137.00,A,3729.203229,N,12211.898174,W,051.0,278.8,040920,,,A*4E
$GPGGA,172138.00,3729.205347,N,12211.915297,W,7,,0.38,-31.37,M,0.0,M,0.0,0000*70
$GPRMC,172138.00,A,3729.205347,N,12211.915297,W,051.0,278.9,040920,,,A*45
$GPGGA,172139.00,3729.207531,N,12211.932835,W,7,,0.38,-31.32,M,0.0,M,0.0,0000*76
$GPRMC,172139.00,A,3729.207531,N,12211.932835,W,051.0,278.9,040920,,,A*46
$GPGGA,172140.00,3729.209788,N,12211.950878,W,7,,0.38,-31.30,M,0.0,M,0.0,0000*79
$GPRMC,172140.00,A,3729.209788,N,12211.950878,W,050.7,278.9,040920,,,A*4D
$GPGGA,172141.00,3729.211923,N,12211.968248,W,7,,0.38,-31.35,M,0.0,M,0.0,0000*79
$GPRMC,172141.00,A,3729.211923,N,12211.968248,W,050.5,278.8,040920,,,A*4B
$GPGGA,172142.00,3729.213993,N,12211.985204,W,7,,0.38,-31.33,M,0.0,M,0.0,0000*7E
$GPRMC,172142.00,A,3729.213993,N,12211.985204,W,050.2,278.7,040920,,,A*42
$GPGGA,172143.00,3729.216111,N,12212.002466,W,7,,0.38,-31.20,M,0.0,M,0.0,0000*7D
$GPRMC,172143.00,A,3729.216111,N,12212.002466,W,050.1,278.8,040920,,,A*4F
$GPGGA,172144.00,3729.218223,N,12212.019679,W,7,,0.38,-31.08,M,0.0,M,0.0,0000*7A
$GPRMC,172144.00,A,3729.218223,N,12212.019679,W,049.8,278.8,040920,,,A*43
$GPGGA,172145.00,3729.220432,N,12212.037445,W,7,,0.38,-31.07,M,0.0,M,0.0,0000*78
$GPRMC,172145.00,A,3729.220432,N,12212.037445,W,049.5,278.9,040920,,,A*42
$GPGGA,172146.00,3729.222472,N,12212.053861,W,7,,0.38,-31.02,M,0.0,M,0.0,0000*70
$GPRMC,172146.00,A,3729.222472,N,12212.053861,W,049.3,279.1,040920,,,A*40
$GPGGA,172147.00,3729.224613,N,12212.070721,W,7,,0.38,-30.99,M,0.0,M,0.0,0000*7B
$GPRMC,172147.00,A,3729.224613,N,12212.070721,W,048.8,279.1,040920,,,A*42
$GPGGA,172148.00,3729.226792,N,12212.087887,W,7,,0.38,-30.88,M,0.0,M,0.0,0000*75
$GPRMC,172148.00,A,3729.226792,N,12212.087887,W,048.1,279.0,040920,,,A*44
$GPGGA,172149.00,3729.228885,N,12212.104633,W,7,,0.38,-30.86,M,0.0,M,0.0,0000*76
$GPRMC,172149.00,A,3729.228885,N,12212.104633,W,048.1,278.9,040920,,,A*41
$GPGGA,172150.00,3729.230830,N,12212.120630,W,7,,0.38,-30.83,M,0.0,M,0.0,0000*79
$GPRMC,172150.00,A,3729.230830,N,12212.120630,W,047.9,278.6,040920,,,A*43
$GPGGA,172151.00,3729.232791,N,12212.137105,W,7,,0.38,-30.82,M,0.0,M,0.0,0000*78
$GPRMC,172151.00,A,3729.232791,N,12212.137105,W,047.7,278.6,040920,,,A*4D
$GPGGA,172152.00,3729.234825,N,12212.153672,W,7,,0.38,-30.86,M,0.0,M,0.0,0000*7C
$GPRMC,172152.00,A,3729.234825,N,12212.153672,W,047.7,278.9,040920,,,A*42
$GPGGA,172153.00,3729.236901,N,12212.170610,W,7,,0.38,-30.81,M,0.0,M,0.0,0000*7A
$GPRMC,172153.00,A,3729.236901,N,12212.170610,W,047.5,278.8,040920,,,A*40
$GPGGA,172154.00,3729.238852,N,12212.186402,W,7,,0.38,-30.84,M,0.0,M,0.0,0000*79
$GPRMC,172154.00,A,3729.238852,N,12212.186402,W,047.4,278.7,040920,,,A*48
$GPGGA,172155.00,3729.240874,N,12212.202722,W,7,,0.38,-30.80,M,0.0,M,0.0,0000*79
$GPRMC,172155.00,A,3729.240874,N,12212.202722,W,047.4,278.9,040920,,,A*42
$GPGGA,172156.00,3729.242980,N,12212.219768,W,7,,0.38,-30.74,M,0.0,M,0.0,0000*7D
$GPRMC,172156.00,A,3729.242980,N,12212.219768,W,047.6,278.9,040920,,,A*4F
$GPGGA,172157.00,3729.244996,N,12212.236207,W,7,,0.38,-30.66,M,0.0,M,0.0,0000*7F
$GPRMC,172157.00,A,3729.244996,N,12212.236207,W,047.8,278.6,040920,,,A*4F
$GPGGA,172158.00,3729.246988,N,12212.252684,W,7,,0.38,-30.61,M,0.0,M,0.0,0000*77
$GPRMC,172158.00,A,3729.246988,N,12212.252684,W,047.8,278.6,040920,,,A*40
$GPGGA,172159.00,3729.248979,N,12212.268763,W,7,,0.38,-30.61,M,0.0,M,0.0,0000*77
$GPRMC,172159.00,A,3729.248979,N,12212.268763,W,047.9,278.9,040920,,,A*4E
$GPGGA,172200.00,3729.251038,N,12212.285276,W,7,,0.38,-30.50,M,0.0,M,0.0,0000*7C
$GPRMC,172200.00,A,3729.251038,N,12212.285276,W,048.0,278.9,040920,,,A*41
$GPGGA,172201.00,3729.253126,N,12212.302339,W,7,,0.38,-30.45,M,0.0,M,0.0,0000*71
$GPRMC,172201.00,A,3729.253126,N,12212.302339,W,048.1,278.8,040920,,,A*48
$GPGGA,172202.00,3729.255166,N,12212.318894,W,7,,0.38,-30.35,M,0.0,M,0.0,0000*70
$GPRMC,172202.00,A,3729.255166,N,12212.318894,W,048.0,278.9,040920,,,A*4E
$GPGGA,172203.00,3729.257206,N,12212.334955,W,7,,0.38,-30.28,M,0.0,M,0.0,0000*78
$GPRMC,172203.00,A,3729.257206,N,12212.334955,W,047.7,279.0,040920,,,A*4A
$GPGGA,172204.00,3729.259347,N,12212.351828,W,7,,0.38,-30.26,M,0.0,M,0.0,0000*73
$GPRMC,172204.00,A,3729.259347,N,12212.351828,W,047.4,279.1,040920,,,A*4D
$GPGGA,172205.00,3729.261393,N,12212.368021,W,7,,0.38,-30.19,M,0.0,M,0.0,0000*77
$GPRMC,172205.00,A,3729.261393,N,12212.368021,W,047.0,279.0,040920,,,A*40
$GPGGA,172206.00,3729.263374,N,12212.383831,W,7,,0.38,-30.24,M,0.0,M,0.0,0000*7D
$GPRMC,172206.00,A,3729.263374,N,12212.383831,W,047.0,278.9,040920,,,A*4C
$GPGGA,172207.00,3729.265401,N,12212.400038,W,7,,0.38,-30.08,M,0.0,M,0.0,0000*7C
$GPRMC,172207.00,A,3729.265401,N,12212.400038,W,047.1,278.9,040920,,,A*42
$GPGGA,172208.00,3729.267496,N,12212.416310,W,7,,0.38,-30.08,M,0.0,M,0.0,0000*71
$GPRMC,172208.00,A,3729.267496,N,12212.416310,W,047.6,279.5,040920,,,A*45
$GPGGA,172209.00,3729.269872,N,12212.433260,W,7,,0.38,-29.99,M,0.0,M,0.0,0000*79
$GPRMC,172209.00,A,3729.269872,N,12212.433260,W,048.2,280.4,040920,,,A*41
$GPGGA,172210.00,3729.272314,N,12212.449579,W,7,,0.38,-29.89,M,0.0,M,0.0,0000*73
$GPRMC,172210.00,A,3729.272314,N,12212.449579,W,048.9,281.1,040920,,,A*45
$GPGGA,172211.00,3729.274965,N,12212.466355,W,7,,0.38,-29.82,M,0.0,M,0.0,0000*76
$GPRMC,172211.00,A,3729.274965,N,12212.466355,W,049.2,281.5,040920,,,A*45
$GPGGA,172212.00,3729.277828,N,12212.483689,W,7,,0.38,-29.86,M,0.0,M,0.0,0000*75
$GPRMC,172212.00,A,3729.277828,N,12212.483689,W,049.2,281.9,040920,,,A*4E
$GPGGA,172213.00,3729.280744,N,12212.500532,W,7,,0.38,-29.83,M,0.0,M,0.0,0000*75
$GPRMC,172213.00,A,3729.280744,N,12212.500532,W,049.0,282.4,040920,,,A*47
$GPGGA,172214.00,3729.283611,N,12212.516707,W,7,,0.38,-29.88,M,0.0,M,0.0,0000*78
$GPRMC,172214.00,A,3729.283611,N,12212.516707,W,049.3,282.6,040920,,,A*40
$GPGGA,172215.00,3729.286642,N,12212.533525,W,7,,0.38,-29.84,M,0.0,M,0.0,0000*73
$GPRMC,172215.00,A,3729.286642,N,12212.533525,W,049.6,282.9,040920,,,A*4D
$GPGGA,172216.00,3729.289773,N,12212.550398,W,7,,0.38,-29.88,M,0.0,M,0.0,0000*75
$GPRMC,172216.00,A,3729.289773,N,12212.550398,W,049.9,283.3,040920,,,A*43
$GPGGA,172217.00,3729.293176,N,12212.568025,W,7,,0.38,-29.78,M,0.0,M,0.0,0000*7D
$GPRMC,172217.00,A,3729.293176,N,12212.568025,W,050.1,283.9,040920,,,A*4E
$GPGGA,172218.00,3729.296511,N,12212.584364,W,7,,0.38,-29.79,M,0.0,M,0.0,0000*77
$GPRMC,172218.00,A,3729.296511,N,12212.584364,W,050.3,284.6,040920,,,A*4F
$GPGGA,172219.00,3729.300118,N,12212.601386,W,7,,0.38,-29.72,M,0.0,M,0.0,0000*7C
$GPRMC,172219.00,A,3729.300118,N,12212.601386,W,050.9,285.1,040920,,,A*43
$GPGGA,172220.00,3729.304048,N,12212.619187,W,7,,0.38,-29.69,M,0.0,M,0.0,0000*76
$GPRMC,172220.00,A,3729.304048,N,12212.619187,W,051.2,285.7,040920,,,A*4F
$GPGGA,172221.00,3729.307990,N,12212.636366,W,7,,0.38,-29.47,M,0.0,M,0.0,0000*74
$GPRMC,172221.00,A,3729.307990,N,12212.636366,W,051.4,286.2,040920,,,A*41
$GPGGA,172222.00,3729.312057,N,12212.653400,W,7,,0.38,-29.55,M,0.0,M,0.0,0000*76
$GPRMC,172222.00,A,3729.312057,N,12212.653400,W,050.9,286.9,040920,,,A*47
$GPGGA,172223.00,3729.316137,N,12212.669744,W,7,,0.38,-28.82,M,0.0,M,0.0,0000*75
$GPRMC,172223.00,A,3729.316137,N,12212.669744,W,050.0,287.8,040920,,,A*46
$GPGGA,172224.00,3729.320362,N,12212.686178,W,7,,0.38,-27.98,M,0.0,M,0.0,0000*79
$GPRMC,172224.00,A,3729.320362,N,12212.686178,W,049.1,288.1,040920,,,A*41
$GPGGA,172225.00,3729.324730,N,12212.702648,W,7,,0.38,-27.33,M,0.0,M,0.0,0000*77
$GPRMC,172225.00,A,3729.324730,N,12212.702648,W,047.8,288.5,040920,,,A*4D
$GPGGA,172226.00,3729.328900,N,12212.718283,W,7,,0.38,-26.48,M,0.0,M,0.0,0000*70
$GPRMC,172226.00,A,3729.328900,N,12212.718283,W,046.9,288.6,040920,,,A*44
$GPGGA,172227.00,3729.332980,N,12212.733277,W,7,,0.38,-25.82,M,0.0,M,0.0,0000*75
$GPRMC,172227.00,A,3729.332980,N,12212.733277,W,046.2,289.1,040920,,,A*49
$GPGGA,172228.00,3729.337347,N,12212.748782,W,7,,0.38,-25.16,M,0.0,M,0.0,0000*70
$GPRMC,172228.00,A,3729.337347,N,12212.748782,W,045.4,289.6,040920,,,A*43
$GPGGA,172229.00,3729.341662,N,12212.763655,W,7,,0.38,-24.49,M,0.0,M,0.0,0000*7B
$GPRMC,172229.00,A,3729.341662,N,12212.763655,W,045.4,290.3,040920,,,A*4E
$GPGGA,172230.00,3729.346059,N,12212.778127,W,7,,0.38,-24.04,M,0.0,M,0.0,0000*7B
$GPRMC,172230.00,A,3729.346059,N,12212.778127,W,045.6,291.2,040920,,,A*45
$GPGGA,172231.00,3729.350763,N,12212.792893,W,7,,0.38,-23.69,M,0.0,M,0.0,0000*7D
$GPRMC,172231.00,A,3729.350763,N,12212.792893,W,046.0,292.1,040920,,,A*4A
$GPGGA,172232.00,3729.355594,N,12212.807827,W,7,,0.38,-23.43,M,0.0,M,0.0,0000*75
$GPRMC,172232.00,A,3729.355594,N,12212.807827,W,046.6,291.8,040920,,,A*46
$GPGGA,172233.00,3729.360562,N,12212.823308,W,7,,0.38,-23.37,M,0.0,M,0.0,0000*78
$GPRMC,172233.00,A,3729.360562,N,12212.823308,W,046.6,292.1,040920,,,A*42
$GPGGA,172234.00,3729.365416,N,12212.837912,W,7,,0.38,-23.28,M,0.0,M,0.0,0000*72
$GPRMC,172234.00,A,3729.365416,N,12212.837912,W,046.5,293.1,040920,,,A*44
$GPGGA,172235.00,3729.370503,N,12212.852755,W,7,,0.38,-23.19,M,0.0,M,0.0,0000*7E
$GPRMC,172235.00,A,3729.370503,N,12212.852755,W,046.4,293.4,040920,,,A*4E
$GPGGA,172236.00,3729.375831,N,12212.867930,W,7,,0.38,-23.38,M,0.0,M,0.0,0000*7C
$GPRMC,172236.00,A,3729.375831,N,12212.867930,W,046.2,293.7,040920,,,A*4A
$GPGGA,172237.00,3729.381081,N,12212.882792,W,7,,0.38,-23.42,M,0.0,M,0.0,0000*75
$GPRMC,172237.00,A,3729.381081,N,12212.882792,W,046.3,294.1,040920,,,A*4E
$GPGGA,172238.00,3729.386206,N,12212.897000,W,7,,0.38,-23.74,M,0.0,M,0.0,0000*7D
$GPRMC,172238.00,A,3729.386206,N,12212.897000,W,046.3,294.6,040920,,,A*44
$GPGGA,172239.00,3729.391636,N,12212.911574,W,7,,0.38,-24.09,M,0.0,M,0.0,0000*79
$GPRMC,172239.00,A,3729.391636,N,12212.911574,W,046.3,295.5,040920,,,A*4F
$GPGGA,172240.00,3729.397258,N,12212.926154,W,7,,0.38,-24.57,M,0.0,M,0.0,0000*74
$GPRMC,172240.00,A,3729.397258,N,12212.926154,W,046.8,296.0,040920,,,A*44
$GPGGA,172241.00,3729.403269,N,12212.941471,W,7,,0.38,-25.29,M,0.0,M,0.0,0000*76
$GPRMC,172241.00,A,3729.403269,N,12212.941471,W,047.1,296.3,040920,,,A*45
$GPGGA,172242.00,3729.408940,N,12212.955661,W,7,,0.38,-25.89,M,0.0,M,0.0,0000*72
$GPRMC,172242.00,A,3729.408940,N,12212.955661,W,047.0,296.8,040920,,,A*41
$GPGGA,172243.00,3729.414844,N,12212.970277,W,7,,0.38,-26.53,M,0.0,M,0.0,0000*7B
$GPRMC,172243.00,A,3729.414844,N,12212.970277,W,046.9,297.1,040920,,,A*4C
$GPGGA,172244.00,3729.421054,N,12212.985403,W,7,,0.38,-27.28,M,0.0,M,0.0,0000*71
$GPRMC,172244.00,A,3729.421054,N,12212.985403,W,046.8,297.5,040920,,,A*4E
$GPGGA,172245.00,3729.427132,N,12212.999846,W,7,,0.38,-27.97,M,0.0,M,0.0,0000*73
$GPRMC,172245.00,A,3729.427132,N,12212.999846,W,047.0,298.0,040920,,,A*4B
$GPGGA,172246.00,3729.433365,N,12213.014378,W,7,,0.38,-28.53,M,0.0,M,0.0,0000*79
$GPRMC,172246.00,A,3729.433365,N,12213.014378,W,047.6,298.5,040920,,,A*45
$GPGGA,172247.00,3729.439552,N,12213.028459,W,7,,0.38,-29.09,M,0.0,M,0.0,0000*75
$GPRMC,172247.00,A,3729.439552,N,12213.028459,W,047.8,299.1,040920,,,A*4C
$GPGGA,172248.00,3729.446152,N,12213.043123,W,7,,0.38,-29.46,M,0.0,M,0.0,0000*78
$GPRMC,172248.00,A,3729.446152,N,12213.043123,W,047.9,299.6,040920,,,A*4C
$GPGGA,172249.00,3729.452883,N,12213.058105,W,7,,0.38,-29.69,M,0.0,M,0.0,0000*7A
$GPRMC,172249.00,A,3729.452883,N,12213.058105,W,047.8,299.3,040920,,,A*47
$GPGGA,172250.00,3729.459363,N,12213.072607,W,7,,0.38,-29.75,M,0.0,M,0.0,0000*7C
$GPRMC,172250.00,A,3729.459363,N,12213.072607,W,047.6,299.3,040920,,,A*42
$GPGGA,172251.00,3729.465670,N,12213.086713,W,7,,0.38,-29.72,M,0.0,M,0.0,0000*7D
$GPRMC,172251.00,A,3729.465670,N,12213.086713,W,047.5,299.2,040920,,,A*46
$GPGGA,172252.00,3729.472300,N,12213.101570,W,7,,0.38,-29.78,M,0.0,M,0.0,0000*79
$GPRMC,172252.00,A,3729.472300,N,12213.101570,W,047.3,299.2,040920,,,A*4E
$GPGGA,172253.00,3729.478677,N,12213.115934,W,7,,0.38,-29.79,M,0.0,M,0.0,0000*7F
$GPRMC,172253.00,A,3729.478677,N,12213.115934,W,047.2,298.9,040920,,,A*42
$GPGGA,172254.00,3729.484972,N,12213.130226,W,7,,0.38,-29.86,M,0.0,M,0.0,0000*7E
$GPRMC,172254.00,A,3729.484972,N,12213.130226,W,046.8,298.9,040920,,,A*48
$GPGGA,172255.00,3729.491109,N,12213.144086,W,7,,0.38,-29.78,M,0.0,M,0.0,0000*75
$GPRMC,172255.00,A,3729.491109,N,12213.144086,W,046.4,299.2,040920,,,A*44
$GPGGA,172256.00,3729.497434,N,12213.158191,W,7,,0.38,-29.87,M,0.0,M,0.0,0000*71
$GPRMC,172256.00,A,3729.497434,N,12213.158191,W,046.4,299.3,040920,,,A*41
$GPGGA,172257.00,3729.503896,N,12213.172664,W,7,,0.38,-30.02,M,0.0,M,0.0,0000*78
$GPRMC,172257.00,A,3729.503896,N,12213.172664,W,046.0,299.1,040920,,,A*4B
$GPGGA,172258.00,3729.509931,N,12213.186266,W,7,,0.38,-30.04,M,0.0,M,0.0,0000*7A
$GPRMC,172258.00,A,3729.509931,N,12213.186266,W,045.6,299.0,040920,,,A*4B
$GPGGA,172259.00,3729.516052,N,12213.200084,W,7,,0.38,-30.06,M,0.0,M,0.0,0000*78
$GPRMC,172259.00,A,3729.516052,N,12213.200084,W,045.3,299.1,040920,,,A*4F
$GPGGA,172300.00,3729.522369,N,12213.214291,W,7,,0.38,-30.21,M,0.0,M,0.0,0000*7F
$GPRMC,172300.00,A,3729.522369,N,12213.214291,W,045.1,299.2,040920,,,A*4C
$GPGGA,172301.00,3729.528543,N,12213.228091,W,7,,0.38,-30.19,M,0.0,M,0.0,0000*7C
$GPRMC,172301.00,A,3729.528543,N,12213.228091,W,044.9,299.0,040920,,,A*4F
$GPGGA,172302.00,3729.534364,N,12213.241232,W,7,,0.38,-30.15,M,0.0,M,0.0,0000*79
$GPRMC,172302.00,A,3729.534364,N,12213.241232,W,044.5,298.9,040920,,,A*42
$GPGGA,172303.00,3729.540262,N,12213.254665,W,7,,0.38,-30.12,M,0.0,M,0.0,0000*79
$GPRMC,172303.00,A,3729.540262,N,12213.254665,W,044.1,299.2,040920,,,A*4B
$GPGGA,172304.00,3729.546303,N,12213.268105,W,7,,0.38,-29.99,M,0.0,M,0.0,0000*7B
$GPRMC,172304.00,A,3729.546303,N,12213.268105,W,044.2,299.4,040920,,,A*47
$GPGGA,172305.00,3729.552615,N,12213.282134,W,7,,0.38,-29.98,M,0.0,M,0.0,0000*7A
$GPRMC,172305.00,A,3729.552615,N,12213.282134,W,044.5,299.3,040920,,,A*47
$GPGGA,172306.00,3729.558447,N,12213.295267,W,7,,0.38,-29.91,M,0.0,M,0.0,0000*7C
$GPRMC,172306.00,A,3729.558447,N,12213.295267,W,044.7,299.2,040920,,,A*4B
$GPGGA,172307.00,3729.564477,N,12213.308828,W,7,,0.38,-29.81,M,0.0,M,0.0,0000*74
$GPRMC,172307.00,A,3729.564477,N,12213.308828,W,044.6,299.3,040920,,,A*42
$GPGGA,172308.00,3729.570747,N,12213.323041,W,7,,0.38,-29.71,M,0.0,M,0.0,0000*7F
$GPRMC,172308.00,A,3729.570747,N,12213.323041,W,044.9,298.8,040920,,,A*43
$GPGGA,172309.00,3729.576771,N,12213.336908,W,7,,0.38,-29.77,M,0.0,M,0.0,0000*7B
$GPRMC,172309.00,A,3729.576771,N,12213.336908,W,045.6,298.4,040920,,,A*43
$GPGGA,172310.00,3729.582886,N,12213.350905,W,7,,0.38,-29.65,M,0.0,M,0.0,0000*71
$GPRMC,172310.00,A,3729.582886,N,12213.350905,W,046.1,299.0,040920,,,A*4B
$GPGGA,172311.00,3729.588934,N,12213.364663,W,7,,0.38,-29.65,M,0.0,M,0.0,0000*7A
$GPRMC,172311.00,A,3729.588934,N,12213.364663,W,047.2,298.9,040920,,,A*4A
$GPGGA,172312.00,3729.595335,N,12213.379418,W,7,,0.38,-29.69,M,0.0,M,0.0,0000*70
$GPRMC,172312.00,A,3729.595335,N,12213.379418,W,048.3,298.6,040920,,,A*4D
$GPGGA,172313.00,3729.602019,N,12213.394927,W,7,,0.38,-29.75,M,0.0,M,0.0,0000*7E
$GPRMC,172313.00,A,3729.602019,N,12213.394927,W,049.7,298.3,040920,,,A*4E
$GPGGA,172314.00,3729.608602,N,12213.410432,W,7,,0.38,-29.83,M,0.0,M,0.0,0000*74
$GPRMC,172314.00,A,3729.608602,N,12213.410432,W,050.9,297.9,040920,,,A*4E
$GPGGA,172315.00,3729.615069,N,12213.425942,W,7,,0.38,-29.74,M,0.0,M,0.0,0000*76
$GPRMC,172315.00,A,3729.615069,N,12213.425942,W,051.8,297.1,040920,,,A*4C
$GPGGA,172316.00,3729.621711,N,12213.442519,W,7,,0.38,-29.61,M,0.0,M,0.0,0000*7D
$GPRMC,172316.00,A,3729.621711,N,12213.442519,W,051.7,296.4,040920,,,A*48
$GPGGA,172317.00,3729.627993,N,12213.458623,W,7,,0.38,-29.53,M,0.0,M,0.0,0000*7E
$GPRMC,172317.00,A,3729.627993,N,12213.458623,W,051.4,296.0,040920,,,A*4D
$GPGGA,172318.00,3729.634240,N,12213.474745,W,7,,0.38,-29.11,M,0.0,M,0.0,0000*7F
$GPRMC,172318.00,A,3729.634240,N,12213.474745,W,051.2,295.8,040920,,,A*47
$GPGGA,172319.00,3729.640120,N,12213.490394,W,7,,0.38,-28.80,M,0.0,M,0.0,0000*73
$GPRMC,172319.00,A,3729.640120,N,12213.490394,W,050.6,295.0,040920,,,A*4F
$GPGGA,172320.00,3729.645922,N,12213.506282,W,7,,0.38,-28.45,M,0.0,M,0.0,0000*77
$GPRMC,172320.00,A,3729.645922,N,12213.506282,W,049.9,294.3,040920,,,A*47
$GPGGA,172321.00,3729.651640,N,12213.522512,W,7,,0.38,-28.33,M,0.0,M,0.0,0000*71
$GPRMC,172321.00,A,3729.651640,N,12213.522512,W,049.2,293.7,040920,,,A*48
$GPGGA,172322.00,3729.656944,N,12213.537734,W,7,,0.38,-28.42,M,0.0,M,0.0,0000*7A
$GPRMC,172322.00,A,3729.656944,N,12213.537734,W,048.5,293.4,040920,,,A*40
$GPGGA,172323.00,3729.662230,N,12213.553118,W,7,,0.38,-28.36,M,0.0,M,0.0,0000*7D
$GPRMC,172323.00,A,3729.662230,N,12213.553118,W,048.0,293.2,040920,,,A*47
$GPGGA,172324.00,3729.667467,N,12213.568856,W,7,,0.38,-28.55,M,0.0,M,0.0,0000*75
$GPRMC,172324.00,A,3729.667467,N,12213.568856,W,047.3,292.4,040920,,,A*41
$GPGGA,172325.00,3729.672315,N,12213.584036,W,7,,0.38,-28.46,M,0.0,M,0.0,0000*7C
$GPRMC,172325.00,A,3729.672315,N,12213.584036,W,046.7,291.6,040920,,,A*4E
$GPGGA,172326.00,3729.676881,N,12213.598658,W,7,,0.38,-28.47,M,0.0,M,0.0,0000*7F
$GPRMC,172326.00,A,3729.676881,N,12213.598658,W,045.9,290.9,040920,,,A*4F
$GPGGA,172327.00,3729.681363,N,12213.613555,W,7,,0.38,-28.43,M,0.0,M,0.0,0000*7B
$GPRMC,172327.00,A,3729.681363,N,12213.613555,W,045.3,290.5,040920,,,A*49
$GPGGA,172328.00,3729.685767,N,12213.628291,W,7,,0.38,-28.52,M,0.0,M,0.0,0000*77
$GPRMC,172328.00,A,3729.685767,N,12213.628291,W,044.8,290.5,040920,,,A*4F
$GPGGA,172329.00,3729.690183,N,12213.643484,W,7,,0.38,-28.61,M,0.0,M,0.0,0000*71
$GPRMC,172329.00,A,3729.690183,N,12213.643484,W,044.3,289.7,040920,,,A*48
$GPGGA,172330.00,3729.694186,N,12213.657451,W,7,,0.38,-28.82,M,0.0,M,0.0,0000*78
$GPRMC,172330.00,A,3729.694186,N,12213.657451,W,043.9,289.8,040920,,,A*4E
$GPGGA,172331.00,3729.698278,N,12213.671725,W,7,,0.38,-29.15,M,0.0,M,0.0,0000*7C
$GPRMC,172331.00,A,3729.698278,N,12213.671725,W,043.5,289.7,040920,,,A*46
$GPGGA,172332.00,3729.702532,N,12213.686461,W,7,,0.38,-29.49,M,0.0,M,0.0,0000*76
$GPRMC,172332.00,A,3729.702532,N,12213.686461,W,043.7,289.9,040920,,,A*49
$GPGGA,172333.00,3729.706666,N,12213.700946,W,7,,0.38,-29.77,M,0.0,M,0.0,0000*7B
$GPRMC,172333.00,A,3729.706666,N,12213.700946,W,043.9,289.4,040920,,,A*4A
$GPGGA,172334.00,3729.710763,N,12213.715255,W,7,,0.38,-30.00,M,0.0,M,0.0,0000*7A
$GPRMC,172334.00,A,3729.710763,N,12213.715255,W,043.6,289.6,040920,,,A*4E
$GPGGA,172335.00,3729.714639,N,12213.729050,W,7,,0.38,-29.95,M,0.0,M,0.0,0000*7D
$GPRMC,172335.00,A,3729.714639,N,12213.729050,W,043.2,289.3,040920,,,A*4C
$GPGGA,172336.00,3729.718588,N,12213.743251,W,7,,0.38,-29.93,M,0.0,M,0.0,0000*72
$GPRMC,172336.00,A,3729.718588,N,12213.743251,W,042.5,289.0,040920,,,A*40
$GPGGA,172337.00,3729.722517,N,12213.757567,W,7,,0.38,-29.89,M,0.0,M,0.0,0000*70
$GPRMC,172337.00,A,3729.722517,N,12213.757567,W,041.8,289.1,040920,,,A*46
$GPGGA,172338.00,3729.726201,N,12213.770839,W,7,,0.38,-29.94,M,0.0,M,0.0,0000*74
$GPRMC,172338.00,A,3729.726201,N,12213.770839,W,041.7,289.3,040920,,,A*43
$GPGGA,172339.00,3729.729970,N,12213.784664,W,7,,0.38,-29.90,M,0.0,M,0.0,0000*7E
$GPRMC,172339.00,A,3729.729970,N,12213.784664,W,042.2,288.8,040920,,,A*41
$GPGGA,172340.00,3729.733971,N,12213.799208,W,7,,0.38,-29.89,M,0.0,M,0.0,0000*70
$GPRMC,172340.00,A,3729.733971,N,12213.799208,W,042.7,289.1,040920,,,A*4A
$GPGGA,172341.00,3729.737890,N,12213.813265,W,7,,0.38,-29.89,M,0.0,M,0.0,0000*7D
$GPRMC,172341.00,A,3729.737890,N,12213.813265,W,042.9,289.2,040920,,,A*4A
$GPGGA,172342.00,3729.741796,N,12213.827479,W,7,,0.38,-29.89,M,0.0,M,0.0,0000*7A
$GPRMC,172342.00,A,3729.741796,N,12213.827479,W,043.4,288.9,040920,,,A*4B
$GPGGA,172343.00,3729.745641,N,12213.841562,W,7,,0.38,-29.92,M,0.0,M,0.0,0000*75
$GPRMC,172343.00,A,3729.745641,N,12213.841562,W,044.0,288.8,040920,,,A*4C
$GPGGA,172344.00,3729.749649,N,12213.856063,W,7,,0.38,-29.88,M,0.0,M,0.0,0000*7F
$GPRMC,172344.00,A,3729.749649,N,12213.856063,W,043.9,289.3,040920,,,A*49
$GPGGA,172345.00,3729.753838,N,12213.870811,W,7,,0.38,-29.83,M,0.0,M,0.0,0000*7F
$GPRMC,172345.00,A,3729.753838,N,12213.870811,W,043.4,290.0,040920,,,A*44
$GPGGA,172346.00,3729.757977,N,12213.885038,W,7,,0.38,-29.73,M,0.0,M,0.0,0000*74
$GPRMC,172346.00,A,3729.757977,N,12213.885038,W,043.4,290.4,040920,,,A*44
$GPGGA,172347.00,3729.762057,N,12213.898891,W,7,,0.38,-29.86,M,0.0,M,0.0,0000*75
$GPRMC,172347.00,A,3729.762057,N,12213.898891,W,043.3,290.0,040920,,,A*4C
$GPGGA,172348.00,3729.766287,N,12213.913520,W,7,,0.38,-29.97,M,0.0,M,0.0,0000*74
$GPRMC,172348.00,A,3729.766287,N,12213.913520,W,043.1,289.8,040920,,,A*4F
$GPGGA,172349.00,3729.770278,N,12213.927590,W,7,,0.38,-29.96,M,0.0,M,0.0,0000*7F
$GPRMC,172349.00,A,3729.770278,N,12213.927590,W,042.8,289.5,040920,,,A*40
$GPGGA,172350.00,3729.774129,N,12213.941234,W,7,,0.38,-30.04,M,0.0,M,0.0,0000*7E
$GPRMC,172350.00,A,3729.774129,N,12213.941234,W,042.4,289.5,040920,,,A*4E
$GPGGA,172351.00,3729.778041,N,12213.955052,W,7,,0.38,-30.01,M,0.0,M,0.0,0000*7E
$GPRMC,172351.00,A,3729.778041,N,12213.955052,W,042.0,289.4,040920,,,A*4E
$GPGGA,172352.00,3729.781930,N,12213.968756,W,7,,0.38,-30.10,M,0.0,M,0.0,0000*79
$GPRMC,172352.00,A,3729.781930,N,12213.968756,W,041.6,289.8,040920,,,A*40
$GPGGA,172353.00,3729.786040,N,12213.982784,W,7,,0.38,-30.18,M,0.0,M,0.0,0000*72
$GPRMC,172353.00,A,3729.786040,N,12213.982784,W,041.0,290.3,040920,,,A*46
$GPGGA,172354.00,3729.789885,N,12213.995684,W,7,,0.38,-30.20,M,0.0,M,0.0,0000*77
$GPRMC,172354.00,A,3729.789885,N,12213.995684,W,040.7,290.0,040920,,,A*4D
$GPGGA,172355.00,3729.793666,N,12214.008938,W,7,,0.38,-29.97,M,0.0,M,0.0,0000*78
$GPRMC,172355.00,A,3729.793666,N,12214.008938,W,040.4,289.7,040920,,,A*4A
$GPGGA,172356.00,3729.797572,N,12214.022521,W,7,,0.38,-30.03,M,0.0,M,0.0,0000*70
$GPRMC,172356.00,A,3729.797572,N,12214.022521,W,039.9,290.0,040920,,,A*4B
$GPGGA,172357.00,3729.801351,N,12214.035649,W,7,,0.38,-30.06,M,0.0,M,0.0,0000*78
$GPRMC,172357.00,A,3729.801351,N,12214.035649,W,039.5,289.7,040920,,,A*45
$GPGGA,172358.00,3729.804915,N,12214.048171,W,7,,0.38,-30.10,M,0.0,M,0.0,0000*79
$GPRMC,172358.00,A,3729.804915,N,12214.048171,W,039.3,289.7,040920,,,A*45
$GPGGA,172359.00,3729.808617,N,12214.061035,W,7,,0.38,-30.22,M,0.0,M,0.0,0000*72
$GPRMC,172359.00,A,3729.808617,N,12214.061035,W,039.3,289.9,040920,,,A*41
$GPGGA,172400.00,3729.812422,N,12214.074176,W,7,,0.38,-30.18,M,0.0,M,0.0,0000*7D
$GPRMC,172400.00,A,3729.812422,N,12214.074176,W,040.0,290.5,040920,,,A*4E
$GPGGA,172401.00,3729.816646,N,12214.087460,W,7,,0.38,-30.33,M,0.0,M,0.0,0000*7F
$GPRMC,172401.00,A,3729.816646,N,12214.087460,W,039.9,292.4,040920,,,A*41
$GPGGA,172402.00,3729.820846,N,12214.100047,W,7,,0.38,-30.31,M,0.0,M,0.0,0000*7A
$GPRMC,172402.00,A,3729.820846,N,12214.100047,W,040.6,292.9,040920,,,A*4A
$GPGGA,172403.00,3729.825315,N,12214.113020,W,7,,0.38,-30.27,M,0.0,M,0.0,0000*77
$GPRMC,172403.00,A,3729.825315,N,12214.113020,W,040.8,293.6,040920,,,A*40
$GPGGA,172404.00,3729.830122,N,12214.126580,W,7,,0.38,-30.29,M,0.0,M,0.0,0000*75
$GPRMC,172404.00,A,3729.830122,N,12214.126580,W,041.0,294.3,040920,,,A*47
$GPGGA,172405.00,3729.834843,N,12214.139492,W,7,,0.38,-30.20,M,0.0,M,0.0,0000*7B
$GPRMC,172405.00,A,3729.834843,N,12214.139492,W,040.9,295.0,040920,,,A*4A
$GPGGA,172406.00,3729.839685,N,12214.152295,W,7,,0.38,-30.12,M,0.0,M,0.0,0000*7C
$GPRMC,172406.00,A,3729.839685,N,12214.152295,W,040.7,295.8,040920,,,A*4A
$GPGGA,172407.00,3729.844551,N,12214.164686,W,7,,0.38,-30.09,M,0.0,M,0.0,0000*74
$GPRMC,172407.00,A,3729.844551,N,12214.164686,W,040.4,296.6,040920,,,A*46
$GPGGA,172408.00,3729.849628,N,12214.177171,W,7,,0.38,-30.07,M,0.0,M,0.0,0000*78
$GPRMC,172408.00,A,3729.849628,N,12214.177171,W,040.0,297.4,040920,,,A*43
$GPGGA,172409.00,3729.855034,N,12214.189909,W,7,,0.38,-29.92,M,0.0,M,0.0,0000*7D
$GPRMC,172409.00,A,3729.855034,N,12214.189909,W,039.8,298.5,040920,,,A*4A
$GPGGA,172410.00,3729.860440,N,12214.201975,W,7,,0.38,-30.00,M,0.0,M,0.0,0000*7F
$GPRMC,172410.00,A,3729.860440,N,12214.201975,W,039.8,300.0,040920,,,A*4E
$GPGGA,172411.00,3729.865906,N,12214.213651,W,7,,0.38,-29.98,M,0.0,M,0.0,0000*77
$GPRMC,172411.00,A,3729.865906,N,12214.213651,W,039.7,300.8,040920,,,A*48
$GPGGA,172412.00,3729.871791,N,12214.225843,W,7,,0.38,-29.96,M,0.0,M,0.0,0000*77
$GPRMC,172412.00,A,3729.871791,N,12214.225843,W,039.7,301.7,040920,,,A*48
$GPGGA,172413.00,3729.877654,N,12214.237472,W,7,,0.38,-29.90,M,0.0,M,0.0,0000*73
$GPRMC,172413.00,A,3729.877654,N,12214.237472,W,039.5,302.7,040920,,,A*4B
$GPGGA,172414.00,3729.883558,N,12214.248667,W,7,,0.38,-29.94,M,0.0,M,0.0,0000*7A
$GPRMC,172414.00,A,3729.883558,N,12214.248667,W,039.4,304.0,040920,,,A*46
$GPGGA,172415.00,3729.889870,N,12214.260055,W,7,,0.38,-29.98,M,0.0,M,0.0,0000*77
$GPRMC,172415.00,A,3729.889870,N,12214.260055,W,040.1,305.1,040920,,,A*4C
$GPGGA,172416.00,3729.896421,N,12214.271485,W,7,,0.38,-30.06,M,0.0,M,0.0,0000*74
$GPRMC,172416.00,A,3729.896421,N,12214.271485,W,040.8,306.0,040920,,,A*4B
$GPGGA,172417.00,3729.903453,N,12214.283300,W,7,,0.38,-30.01,M,0.0,M,0.0,0000*7D
$GPRMC,172417.00,A,3729.903453,N,12214.283300,W,041.1,307.4,040920,,,A*48
$GPGGA,172418.00,3729.910336,N,12214.294244,W,7,,0.38,-30.09,M,0.0,M,0.0,0000*7B
$GPRMC,172418.00,A,3729.910336,N,12214.294244,W,040.9,308.7,040920,,,A*43
$GPGGA,172419.00,3729.917560,N,12214.305242,W,7,,0.38,-29.97,M,0.0,M,0.0,0000*78
$GPRMC,172419.00,A,3729.917560,N,12214.305242,W,040.9,310.2,040920,,,A*43
$GPGGA,172420.00,3729.925216,N,12214.316365,W,7,,0.38,-29.85,M,0.0,M,0.0,0000*70
$GPRMC,172420.00,A,3729.925216,N,12214.316365,W,041.0,311.3,040920,,,A*40
$GPGGA,172421.00,3729.932890,N,12214.327118,W,7,,0.38,-29.85,M,0.0,M,0.0,0000*79
$GPRMC,172421.00,A,3729.932890,N,12214.327118,W,041.3,312.5,040920,,,A*4F
$GPGGA,172422.00,3729.940588,N,12214.337432,W,7,,0.38,-29.89,M,0.0,M,0.0,0000*7B
$GPRMC,172422.00,A,3729.940588,N,12214.337432,W,042.3,313.6,040920,,,A*40
$GPGGA,172423.00,3729.948832,N,12214.348009,W,7,,0.38,-29.89,M,0.0,M,0.0,0000*7A
$GPRMC,172423.00,A,3729.948832,N,12214.348009,W,042.8,314.7,040920,,,A*4C
$GPGGA,172424.00,3729.957339,N,12214.358575,W,7,,0.38,-29.93,M,0.0,M,0.0,0000*77
$GPRMC,172424.00,A,3729.957339,N,12214.358575,W,043.6,315.8,040920,,,A*4B
$GPGGA,172425.00,3729.966507,N,12214.369549,W,7,,0.38,-29.86,M,0.0,M,0.0,0000*76
$GPRMC,172425.00,A,3729.966507,N,12214.369549,W,044.0,316.8,040920,,,A*4C
$GPGGA,172426.00,3729.975177,N,12214.379666,W,7,,0.38,-29.75,M,0.0,M,0.0,0000*77
$GPRMC,172426.00,A,3729.975177,N,12214.379666,W,044.1,317.5,040920,,,A*4C
$GPGGA,172427.00,3729.984231,N,12214.390070,W,7,,0.38,-29.71,M,0.0,M,0.0,0000*7B
$GPRMC,172427.00,A,3729.984231,N,12214.390070,W,044.2,317.8,040920,,,A*4A
$GPGGA,172428.00,3729.993736,N,12214.400924,W,7,,0.38,-29.68,M,0.0,M,0.0,0000*7E
$GPRMC,172428.00,A,3729.993736,N,12214.400924,W,044.6,317.6,040920,,,A*4D
$GPGGA,172429.00,3730.002975,N,12214.411561,W,7,,0.38,-29.69,M,0.0,M,0.0,0000*73
$GPRMC,172429.00,A,3730.002975,N,12214.411561,W,045.6,317.4,040920,,,A*42
$GPGGA,172430.00,3730.012378,N,12214.422403,W,7,,0.38,-29.78,M,0.0,M,0.0,0000*78
$GPRMC,172430.00,A,3730.012378,N,12214.422403,W,046.2,317.5,040920,,,A*4F
$GPGGA,172431.00,3730.021606,N,12214.432903,W,7,,0.38,-29.77,M,0.0,M,0.0,0000*76
$GPRMC,172431.00,A,3730.021606,N,12214.432903,W,046.6,317.8,040920,,,A*47
$GPGGA,172432.00,3730.031289,N,12214.443943,W,7,,0.38,-29.96,M,0.0,M,0.0,0000*7A
$GPRMC,172432.00,A,3730.031289,N,12214.443943,W,046.7,317.8,040920,,,A*45
$GPGGA,172433.00,3730.041202,N,12214.455230,W,7,,0.38,-29.93,M,0.0,M,0.0,0000*72
$GPRMC,172433.00,A,3730.041202,N,12214.455230,W,046.7,317.7,040920,,,A*47
$GPGGA,172434.00,3730.050813,N,12214.466149,W,7,,0.38,-29.95,M,0.0,M,0.0,0000*74
$GPRMC,172434.00,A,3730.050813,N,12214.466149,W,046.8,317.9,040920,,,A*46
$GPGGA,172435.00,3730.060282,N,12214.476842,W,7,,0.38,-30.07,M,0.0,M,0.0,0000*74
$GPRMC,172435.00,A,3730.060282,N,12214.476842,W,047.1,318.2,040920,,,A*49
$GPGGA,172436.00,3730.070331,N,12214.488163,W,7,,0.38,-30.18,M,0.0,M,0.0,0000*7A
$GPRMC,172436.00,A,3730.070331,N,12214.488163,W,047.4,318.1,040920,,,A*4F
$GPGGA,172437.00,3730.080202,N,12214.499234,W,7,,0.38,-30.27,M,0.0,M,0.0,0000*78
$GPRMC,172437.00,A,3730.080202,N,12214.499234,W,048.0,317.9,040920,,,A*4D
$GPGGA,172438.00,3730.090162,N,12214.510501,W,7,,0.38,-30.38,M,0.0,M,0.0,0000*7C
$GPRMC,172438.00,A,3730.090162,N,12214.510501,W,048.5,318.0,040920,,,A*44
$GPGGA,172439.00,3730.099960,N,12214.521596,W,7,,0.38,-30.41,M,0.0,M,0.0,0000*7C
$GPRMC,172439.00,A,3730.099960,N,12214.521596,W,048.7,318.0,040920,,,A*48
$GPGGA,172440.00,3730.110027,N,12214.532930,W,7,,0.38,-30.37,M,0.0,M,0.0,0000*7B
$GPRMC,172440.00,A,3730.110027,N,12214.532930,W,048.6,318.1,040920,,,A*4E
$GPGGA,172441.00,3730.120390,N,12214.544516,W,7,,0.38,-30.30,M,0.0,M,0.0,0000*78
$GPRMC,172441.00,A,3730.120390,N,12214.544516,W,048.5,318.2,040920,,,A*4A
$GPGGA,172442.00,3730.130193,N,12214.555513,W,7,,0.38,-30.41,M,0.0,M,0.0,0000*78
$GPRMC,172442.00,A,3730.130193,N,12214.555513,W,048.3,318.0,040920,,,A*48
$GPGGA,172443.00,3730.140172,N,12214.566806,W,7,,0.38,-30.43,M,0.0,M,0.0,0000*7A
$GPRMC,172443.00,A,3730.140172,N,12214.566806,W,048.3,317.9,040920,,,A*4E
$GPGGA,172444.00,3730.150467,N,12214.578458,W,7,,0.38,-30.41,M,0.0,M,0.0,0000*77
$GPRMC,172444.00,A,3730.150467,N,12214.578458,W,048.5,317.9,040920,,,A*47
$GPGGA,172445.00,3730.160500,N,12214.589839,W,7,,0.38,-30.42,M,0.0,M,0.0,0000*73
$GPRMC,172445.00,A,3730.160500,N,12214.589839,W,048.9,317.8,040920,,,A*4D
$GPGGA,172446.00,3730.170357,N,12214.600988,W,7,,0.38,-30.51,M,0.0,M,0.0,0000*7E
$GPRMC,172446.00,A,3730.170357,N,12214.600988,W,049.1,318.0,040920,,,A*4C
$GPGGA,172447.00,3730.180533,N,12214.612483,W,7,,0.38,-30.55,M,0.0,M,0.0,0000*75
$GPRMC,172447.00,A,3730.180533,N,12214.612483,W,049.5,318.0,040920,,,A*47
$GPGGA,172448.00,3730.190698,N,12214.623986,W,7,,0.38,-30.47,M,0.0,M,0.0,0000*70
$GPRMC,172448.00,A,3730.190698,N,12214.623986,W,049.1,317.7,040920,,,A*4D
$GPGGA,172449.00,3730.201191,N,12214.635962,W,7,,0.38,-30.56,M,0.0,M,0.0,0000*79
$GPRMC,172449.00,A,3730.201191,N,12214.635962,W,048.9,317.6,040920,,,A*4C
$GPGGA,172450.00,3730.210923,N,12214.647013,W,7,,0.38,-30.66,M,0.0,M,0.0,0000*79
$GPRMC,172450.00,A,3730.210923,N,12214.647013,W,048.8,318.0,040920,,,A*47
$GPGGA,172451.00,3730.220974,N,12214.658336,W,7,,0.38,-30.76,M,0.0,M,0.0,0000*72
$GPRMC,172451.00,A,3730.220974,N,12214.658336,W,048.6,318.3,040920,,,A*40
$GPGGA,172452.00,3730.231461,N,12214.670072,W,7,,0.38,-30.73,M,0.0,M,0.0,0000*74
$GPRMC,172452.00,A,3730.231461,N,12214.670072,W,048.5,318.1,040920,,,A*42
$GPGGA,172453.00,3730.241427,N,12214.681339,W,7,,0.38,-30.52,M,0.0,M,0.0,0000*71
$GPRMC,172453.00,A,3730.241427,N,12214.681339,W,048.3,317.9,040920,,,A*45
$GPGGA,172454.00,3730.251070,N,12214.692193,W,7,,0.38,-30.61,M,0.0,M,0.0,0000*71
$GPRMC,172454.00,A,3730.251070,N,12214.692193,W,048.1,318.1,040920,,,A*40
$GPGGA,172455.00,3730.261000,N,12214.703323,W,7,,0.38,-30.58,M,0.0,M,0.0,0000*7E
$GPRMC,172455.00,A,3730.261000,N,12214.703323,W,047.8,318.3,040920,,,A*41
$GPGGA,172456.00,3730.270977,N,12214.714501,W,7,,0.38,-30.58,M,0.0,M,0.0,0000*74
$GPRMC,172456.00,A,3730.270977,N,12214.714501,W,047.6,318.2,040920,,,A*44
$GPGGA,172457.00,3730.281051,N,12214.725812,W,7,,0.38,-30.55,M,0.0,M,0.0,0000*76
$GPRMC,172457.00,A,3730.281051,N,12214.725812,W,047.2,318.2,040920,,,A*4F
$GPGGA,172458.00,3730.290753,N,12214.736773,W,7,,0.38,-30.65,M,0.0,M,0.0,0000*75
$GPRMC,172458.00,A,3730.290753,N,12214.736773,W,046.8,317.7,040920,,,A*4E
$GPGGA,172459.00,3730.300180,N,12214.747370,W,7,,0.38,-30.68,M,0.0,M,0.0,0000*78
$GPRMC,172459.00,A,3730.300180,N,12214.747370,W,046.4,318.6,040920,,,A*4C
$GPGGA,172500.00,3730.309977,N,12214.758547,W,7,,0.38,-30.49,M,0.0,M,0.0,0000*73
$GPRMC,172500.00,A,3730.309977,N,12214.758547,W,046.0,317.7,040920,,,A*4E
$GPGGA,172501.00,3730.319362,N,12214.769180,W,7,,0.38,-30.59,M,0.0,M,0.0,0000*71
$GPRMC,172501.00,A,3730.319362,N,12214.769180,W,045.4,317.9,040920,,,A*44
$GPGGA,172502.00,3730.328662,N,12214.779728,W,7,,0.38,-30.55,M,0.0,M,0.0,0000*7C
$GPRMC,172502.00,A,3730.328662,N,12214.779728,W,044.9,317.8,040920,,,A*48
$GPGGA,172503.00,3730.337638,N,12214.789934,W,7,,0.38,-30.44,M,0.0,M,0.0,0000*70
$GPRMC,172503.00,A,3730.337638,N,12214.789934,W,044.4,318.1,040920,,,A*4F
$GPGGA,172504.00,3730.346728,N,12214.800211,W,7,,0.38,-30.42,M,0.0,M,0.0,0000*75
$GPRMC,172504.00,A,3730.346728,N,12214.800211,W,043.9,318.0,040920,,,A*47
$GPGGA,172505.00,3730.355956,N,12214.810736,W,7,,0.38,-30.44,M,0.0,M,0.0,0000*76
$GPRMC,172505.00,A,3730.355956,N,12214.810736,W,043.4,317.8,040920,,,A*48
$GPGGA,172506.00,3730.364722,N,12214.820702,W,7,,0.38,-30.43,M,0.0,M,0.0,0000*79
$GPRMC,172506.00,A,3730.364722,N,12214.820702,W,043.4,317.5,040920,,,A*4D
$GPGGA,172507.00,3730.373644,N,12214.830961,W,7,,0.38,-30.45,M,0.0,M,0.0,0000*73
$GPRMC,172507.00,A,3730.373644,N,12214.830961,W,043.6,317.7,040920,,,A*41
$GPGGA,172508.00,3730.382979,N,12214.841515,W,7,,0.38,-30.50,M,0.0,M,0.0,0000*7E
$GPRMC,172508.00,A,3730.382979,N,12214.841515,W,044.0,318.1,040920,,,A*40
$GPGGA,172509.00,3730.392087,N,12214.851811,W,7,,0.38,-30.48,M,0.0,M,0.0,0000*77
$GPRMC,172509.00,A,3730.392087,N,12214.851811,W,044.2,318.0,040920,,,A*43
$GPGGA,172510.00,3730.401046,N,12214.861927,W,7,,0.38,-30.48,M,0.0,M,0.0,0000*78
$GPRMC,172510.00,A,3730.401046,N,12214.861927,W,044.5,318.0,040920,,,A*4B
$GPGGA,172511.00,3730.410322,N,12214.872355,W,7,,0.38,-30.52,M,0.0,M,0.0,0000*7E
$GPRMC,172511.00,A,3730.410322,N,12214.872355,W,045.3,318.0,040920,,,A*41
$GPGGA,172512.00,3730.419736,N,12214.882993,W,7,,0.38,-30.55,M,0.0,M,0.0,0000*7D
$GPRMC,172512.00,A,3730.419736,N,12214.882993,W,046.1,318.0,040920,,,A*44
$GPGGA,172513.00,3730.429648,N,12214.894190,W,7,,0.38,-30.56,M,0.0,M,0.0,0000*78
$GPRMC,172513.00,A,3730.429648,N,12214.894190,W,046.2,318.1,040920,,,A*40
$GPGGA,172514.00,3730.438840,N,12214.904569,W,7,,0.38,-30.61,M,0.0,M,0.0,0000*77
$GPRMC,172514.00,A,3730.438840,N,12214.904569,W,045.9,318.0,040920,,,A*42
$GPGGA,172515.00,3730.448326,N,12214.915321,W,7,,0.38,-30.58,M,0.0,M,0.0,0000*7A
$GPRMC,172515.00,A,3730.448326,N,12214.915321,W,046.2,318.0,040920,,,A*4D
$GPGGA,172516.00,3730.458117,N,12214.926409,W,7,,0.38,-30.64,M,0.0,M,0.0,0000*7A
$GPRMC,172516.00,A,3730.458117,N,12214.926409,W,046.1,317.9,040920,,,A*47
$GPGGA,172517.00,3730.467772,N,12214.937306,W,7,,0.38,-30.75,M,0.0,M,0.0,0000*7A
$GPRMC,172517.00,A,3730.467772,N,12214.937306,W,046.2,318.0,040920,,,A*42
$GPGGA,172518.00,3730.476964,N,12214.947716,W,7,,0.38,-30.69,M,0.0,M,0.0,0000*73
$GPRMC,172518.00,A,3730.476964,N,12214.947716,W,046.0,318.1,040920,,,A*45
$GPGGA,172519.00,3730.486509,N,12214.958516,W,7,,0.38,-30.62,M,0.0,M,0.0,0000*7D
$GPRMC,172519.00,A,3730.486509,N,12214.958516,W,046.3,317.9,040920,,,A*44
$GPGGA,172520.00,3730.496158,N,12214.969460,W,7,,0.38,-30.72,M,0.0,M,0.0,0000*75
$GPRMC,172520.00,A,3730.496158,N,12214.969460,W,046.5,317.7,040920,,,A*45
$GPGGA,172521.00,3730.506004,N,12214.980673,W,7,,0.38,-30.73,M,0.0,M,0.0,0000*72
$GPRMC,172521.00,A,3730.506004,N,12214.980673,W,046.5,317.7,040920,,,A*43
$GPGGA,172522.00,3730.515346,N,12214.991257,W,7,,0.38,-30.69,M,0.0,M,0.0,0000*7F
$GPRMC,172522.00,A,3730.515346,N,12214.991257,W,046.9,317.9,040920,,,A*47
$GPGGA,172523.00,3730.525107,N,12215.002285,W,7,,0.38,-30.75,M,0.0,M,0.0,0000*7A
$GPRMC,172523.00,A,3730.525107,N,12215.002285,W,047.6,318.0,040920,,,A*47
$GPGGA,172524.00,3730.535355,N,12215.013842,W,7,,0.38,-30.79,M,0.0,M,0.0,0000*74
$GPRMC,172524.00,A,3730.535355,N,12215.013842,W,047.8,318.1,040920,,,A*4A
$GPGGA,172525.00,3730.545243,N,12215.024972,W,7,,0.38,-30.82,M,0.0,M,0.0,0000*76
$GPRMC,172525.00,A,3730.545243,N,12215.024972,W,047.9,318.1,040920,,,A*4D
$GPGGA,172526.00,3730.555078,N,12215.036090,W,7,,0.38,-30.79,M,0.0,M,0.0,0000*7C
$GPRMC,172526.00,A,3730.555078,N,12215.036090,W,047.6,317.8,040920,,,A*4A
$GPGGA,172527.00,3730.564636,N,12215.046914,W,7,,0.38,-30.85,M,0.0,M,0.0,0000*72
$GPRMC,172527.00,A,3730.564636,N,12215.046914,W,047.1,317.9,040920,,,A*41
$GPGGA,172528.00,3730.574260,N,12215.057858,W,7,,0.38,-30.79,M,0.0,M,0.0,0000*71
$GPRMC,172528.00,A,3730.574260,N,12215.057858,W,046.6,317.8,040920,,,A*46
$GPGGA,172529.00,3730.584082,N,12215.068994,W,7,,0.38,-30.80,M,0.0,M,0.0,0000*7A
$GPRMC,172529.00,A,3730.584082,N,12215.068994,W,045.9,317.8,040920,,,A*47
$GPGGA,172530.00,3730.593477,N,12215.079680,W,7,,0.38,-30.89,M,0.0,M,0.0,0000*79
$GPRMC,172530.00,A,3730.593477,N,12215.079680,W,045.3,317.9,040920,,,A*46
$GPGGA,172531.00,3730.602561,N,12215.089993,W,7,,0.38,-30.93,M,0.0,M,0.0,0000*7C
$GPRMC,172531.00,A,3730.602561,N,12215.089993,W,045.1,318.0,040920,,,A*4C
$GPGGA,172532.00,3730.612107,N,12215.100806,W,7,,0.38,-30.94,M,0.0,M,0.0,0000*70
$GPRMC,172532.00,A,3730.612107,N,12215.100806,W,044.8,317.8,040920,,,A*48
$GPGGA,172533.00,3730.621227,N,12215.111276,W,7,,0.38,-30.97,M,0.0,M,0.0,0000*7E
$GPRMC,172533.00,A,3730.621227,N,12215.111276,W,044.4,317.3,040920,,,A*42
$GPGGA,172534.00,3730.630072,N,12215.121505,W,7,,0.38,-31.05,M,0.0,M,0.0,0000*71
$GPRMC,172534.00,A,3730.630072,N,12215.121505,W,044.1,317.3,040920,,,A*42
$GPGGA,172535.00,3730.639005,N,12215.131831,W,7,,0.38,-31.10,M,0.0,M,0.0,0000*76
$GPRMC,172535.00,A,3730.639005,N,12215.131831,W,043.6,317.4,040920,,,A*46
$GPGGA,172536.00,3730.647880,N,12215.142061,W,7,,0.38,-31.08,M,0.0,M,0.0,0000*79
$GPRMC,172536.00,A,3730.647880,N,12215.142061,W,043.3,317.4,040920,,,A*45
$GPGGA,172537.00,3730.657023,N,12215.152754,W,7,,0.38,-31.14,M,0.0,M,0.0,0000*75
$GPRMC,172537.00,A,3730.657023,N,12215.152754,W,043.7,316.5,040920,,,A*40
$GPGGA,172538.00,3730.665682,N,12215.163194,W,7,,0.38,-30.91,M,0.0,M,0.0,0000*72
$GPRMC,172538.00,A,3730.665682,N,12215.163194,W,044.9,315.9,040920,,,A*4D
$GPGGA,172539.00,3730.674867,N,12215.174257,W,7,,0.38,-30.92,M,0.0,M,0.0,0000*7F
$GPRMC,172539.00,A,3730.674867,N,12215.174257,W,046.8,316.3,040920,,,A*49
$GPGGA,172540.00,3730.684827,N,12215.186119,W,7,,0.38,-30.92,M,0.0,M,0.0,0000*7E
$GPRMC,172540.00,A,3730.684827,N,12215.186119,W,049.0,317.0,040920,,,A*4D
$GPGGA,172541.00,3730.695130,N,12215.198173,W,7,,0.38,-30.92,M,0.0,M,0.0,0000*73
$GPRMC,172541.00,A,3730.695130,N,12215.198173,W,051.2,317.6,040920,,,A*4D
$GPGGA,172542.00,3730.705456,N,12215.210096,W,7,,0.38,-30.84,M,0.0,M,0.0,0000*73
$GPRMC,172542.00,A,3730.705456,N,12215.210096,W,053.0,317.9,040920,,,A*45
$GPGGA,172543.00,3730.716345,N,12215.222792,W,7,,0.38,-30.86,M,0.0,M,0.0,0000*75
$GPRMC,172543.00,A,3730.716345,N,12215.222792,W,054.0,317.4,040920,,,A*4B
$GPGGA,172544.00,3730.727482,N,12215.235769,W,7,,0.38,-31.03,M,0.0,M,0.0,0000*72
$GPRMC,172544.00,A,3730.727482,N,12215.235769,W,055.1,317.6,040920,,,A*42
$GPGGA,172545.00,3730.739314,N,12215.249239,W,7,,0.38,-30.87,M,0.0,M,0.0,0000*72
$GPRMC,172545.00,A,3730.739314,N,12215.249239,W,055.5,318.0,040920,,,A*42
$GPGGA,172546.00,3730.750371,N,12215.261792,W,7,,0.38,-30.81,M,0.0,M,0.0,0000*75
$GPRMC,172546.00,A,3730.750371,N,12215.261792,W,055.6,318.0,040920,,,A*40
$GPGGA,172547.00,3730.761916,N,12215.274572,W,7,,0.38,-30.79,M,0.0,M,0.0,0000*72
$GPRMC,172547.00,A,3730.761916,N,12215.274572,W,055.6,319.1,040920,,,A*40
$GPGGA,172548.00,3730.774155,N,12215.287759,W,7,,0.38,-30.85,M,0.0,M,0.0,0000*72
$GPRMC,172548.00,A,3730.774155,N,12215.287759,W,056.0,319.6,040920,,,A*41
$GPGGA,172549.00,3730.785934,N,12215.300383,W,7,,0.38,-30.86,M,0.0,M,0.0,0000*7C
$GPRMC,172549.00,A,3730.785934,N,12215.300383,W,055.8,319.3,040920,,,A*42
$GPGGA,172550.00,3730.797670,N,12215.313097,W,7,,0.38,-31.06,M,0.0,M,0.0,0000*75
$GPRMC,172550.00,A,3730.797670,N,12215.313097,W,056.1,318.8,040920,,,A*42
$GPGGA,172551.00,3730.809075,N,12215.325649,W,7,,0.38,-31.10,M,0.0,M,0.0,0000*78
$GPRMC,172551.00,A,3730.809075,N,12215.325649,W,056.8,318.5,040920,,,A*4C
$GPGGA,172552.00,3730.821117,N,12215.339023,W,7,,0.38,-31.09,M,0.0,M,0.0,0000*7B
$GPRMC,172552.00,A,3730.821117,N,12215.339023,W,057.7,318.3,040920,,,A*4F
$GPGGA,172553.00,3730.833466,N,12215.352788,W,7,,0.38,-31.37,M,0.0,M,0.0,0000*7C
$GPRMC,172553.00,A,3730.833466,N,12215.352788,W,057.6,318.2,040920,,,A*45
$GPGGA,172554.00,3730.845303,N,12215.366144,W,7,,0.38,-31.23,M,0.0,M,0.0,0000*7A
$GPRMC,172554.00,A,3730.845303,N,12215.366144,W,057.0,317.9,040920,,,A*44
$GPGGA,172555.00,3730.856691,N,12215.379031,W,7,,0.38,-31.37,M,0.0,M,0.0,0000*7F
$GPRMC,172555.00,A,3730.856691,N,12215.379031,W,056.1,317.8,040920,,,A*45
$GPGGA,172556.00,3730.868602,N,12215.392484,W,7,,0.38,-31.46,M,0.0,M,0.0,0000*72
$GPRMC,172556.00,A,3730.868602,N,12215.392484,W,055.6,317.9,040920,,,A*4B
$GPGGA,172557.00,3730.879953,N,12215.405336,W,7,,0.38,-31.46,M,0.0,M,0.0,0000*7F
$GPRMC,172557.00,A,3730.879953,N,12215.405336,W,054.8,318.0,040920,,,A*4F
$GPGGA,172558.00,3730.891096,N,12215.417948,W,7,,0.38,-31.43,M,0.0,M,0.0,0000*73
$GPRMC,172558.00,A,3730.891096,N,12215.417948,W,053.4,317.8,040920,,,A*4A
$GPGGA,172559.00,3730.901589,N,12215.429828,W,7,,0.38,-31.40,M,0.0,M,0.0,0000*78
$GPRMC,172559.00,A,3730.901589,N,12215.429828,W,051.0,317.8,040920,,,A*44
$GPGGA,172600.00,3730.911981,N,12215.441498,W,7,,0.38,-31.38,M,0.0,M,0.0,0000*74
$GPRMC,172600.00,A,3730.911981,N,12215.441498,W,049.5,318.0,040920,,,A*4C
$GPGGA,172601.00,3730.922391,N,12215.453185,W,7,,0.38,-31.23,M,0.0,M,0.0,0000*7E
$GPRMC,172601.00,A,3730.922391,N,12215.453185,W,048.3,318.0,040920,,,A*4B
$GPGGA,172602.00,3730.932021,N,12215.464039,W,7,,0.38,-31.32,M,0.0,M,0.0,0000*76
$GPRMC,172602.00,A,3730.932021,N,12215.464039,W,047.1,317.7,040920,,,A*46
$GPGGA,172603.00,3730.941495,N,12215.474906,W,7,,0.38,-31.23,M,0.0,M,0.0,0000*7C
$GPRMC,172603.00,A,3730.941495,N,12215.474906,W,045.4,317.1,040920,,,A*4D
$GPGGA,172604.00,3730.951012,N,12215.485826,W,7,,0.38,-31.24,M,0.0,M,0.0,0000*7B
$GPRMC,172604.00,A,3730.951012,N,12215.485826,W,044.6,317.6,040920,,,A*49
$GPGGA,172605.00,3730.960149,N,12215.496259,W,7,,0.38,-31.30,M,0.0,M,0.0,0000*72
$GPRMC,172605.00,A,3730.960149,N,12215.496259,W,044.5,317.6,040920,,,A*46
$GPGGA,172606.00,3730.969210,N,12215.506574,W,7,,0.38,-31.31,M,0.0,M,0.0,0000*76
$GPRMC,172606.00,A,3730.969210,N,12215.506574,W,045.5,317.6,040920,,,A*42
$GPGGA,172607.00,3730.978641,N,12215.517385,W,7,,0.38,-31.25,M,0.0,M,0.0,0000*7A
$GPRMC,172607.00,A,3730.978641,N,12215.517385,W,046.4,317.6,040920,,,A*49
$GPGGA,172608.00,3730.988224,N,12215.528281,W,7,,0.38,-31.29,M,0.0,M,0.0,0000*78
$GPRMC,172608.00,A,3730.988224,N,12215.528281,W,046.7,317.9,040920,,,A*4B
$GPGGA,172609.00,3730.998214,N,12215.539615,W,7,,0.38,-31.34,M,0.0,M,0.0,0000*7E
$GPRMC,172609.00,A,3730.998214,N,12215.539615,W,046.7,317.9,040920,,,A*41
$GPGGA,172610.00,3731.007501,N,12215.550097,W,7,,0.38,-31.23,M,0.0,M,0.0,0000*7E
$GPRMC,172610.00,A,3731.007501,N,12215.550097,W,046.3,318.0,040920,,,A*45
$GPGGA,172611.00,3731.017011,N,12215.560759,W,7,,0.38,-31.36,M,0.0,M,0.0,0000*78
$GPRMC,172611.00,A,3731.017011,N,12215.560759,W,045.6,318.3,040920,,,A*42
$GPGGA,172612.00,3731.026750,N,12215.571638,W,7,,0.38,-31.50,M,0.0,M,0.0,0000*7D
$GPRMC,172612.00,A,3731.026750,N,12215.571638,W,045.2,318.2,040920,,,A*42
$GPGGA,172613.00,3731.036091,N,12215.582078,W,7,,0.38,-31.49,M,0.0,M,0.0,0000*71
$GPRMC,172613.00,A,3731.036091,N,12215.582078,W,044.4,318.3,040920,,,A*40
$GPGGA,172614.00,3731.044978,N,12215.591911,W,7,,0.38,-31.55,M,0.0,M,0.0,0000*74
$GPRMC,172614.00,A,3731.044978,N,12215.591911,W,043.8,318.6,040920,,,A*46
$GPGGA,172615.00,3731.054043,N,12215.601944,W,7,,0.38,-31.61,M,0.0,M,0.0,0000*78
$GPRMC,172615.00,A,3731.054043,N,12215.601944,W,043.2,318.4,040920,,,A*45
$GPGGA,172616.00,3731.063008,N,12215.611940,W,7,,0.38,-31.56,M,0.0,M,0.0,0000*71
$GPRMC,172616.00,A,3731.063008,N,12215.611940,W,042.4,318.1,040920,,,A*4A
$GPGGA,172617.00,3731.071972,N,12215.622074,W,7,,0.38,-31.58,M,0.0,M,0.0,0000*77
$GPRMC,172617.00,A,3731.071972,N,12215.622074,W,041.8,317.8,040920,,,A*4B
$GPGGA,172618.00,3731.080233,N,12215.631403,W,7,,0.38,-31.54,M,0.0,M,0.0,0000*72
$GPRMC,172618.00,A,3731.080233,N,12215.631403,W,041.2,317.9,040920,,,A*49
$GPGGA,172619.00,3731.088610,N,12215.640992,W,7,,0.38,-31.61,M,0.0,M,0.0,0000*7B
$GPRMC,172619.00,A,3731.088610,N,12215.640992,W,040.7,317.5,040920,,,A*4E
$GPGGA,172620.00,3731.097351,N,12215.651035,W,7,,0.38,-31.67,M,0.0,M,0.0,0000*7D
$GPRMC,172620.00,A,3731.097351,N,12215.651035,W,041.1,317.6,040920,,,A*4A
$GPGGA,172621.00,3731.105853,N,12215.660659,W,7,,0.38,-31.74,M,0.0,M,0.0,0000*73
$GPRMC,172621.00,A,3731.105853,N,12215.660659,W,041.3,318.0,040920,,,A*4D
$GPGGA,172622.00,3731.114391,N,12215.670302,W,7,,0.38,-31.74,M,0.0,M,0.0,0000*7F
$GPRMC,172622.00,A,3731.114391,N,12215.670302,W,041.4,318.0,040920,,,A*46
$GPGGA,172623.00,3731.122665,N,12215.679763,W,7,,0.38,-31.75,M,0.0,M,0.0,0000*7E
$GPRMC,172623.00,A,3731.122665,N,12215.679763,W,041.2,317.5,040920,,,A*4A
$GPGGA,172624.00,3731.131053,N,12215.689411,W,7,,0.38,-31.75,M,0.0,M,0.0,0000*71
$GPRMC,172624.00,A,3731.131053,N,12215.689411,W,041.0,317.4,040920,,,A*46
$GPGGA,172625.00,3731.139790,N,12215.699402,W,7,,0.38,-31.75,M,0.0,M,0.0,0000*73
$GPRMC,172625.00,A,3731.139790,N,12215.699402,W,041.5,317.7,040920,,,A*42
$GPGGA,172626.00,3731.148190,N,12215.708984,W,7,,0.38,-31.69,M,0.0,M,0.0,0000*77
$GPRMC,172626.00,A,3731.148190,N,12215.708984,W,042.1,317.8,040920,,,A*43
$GPGGA,172627.00,3731.156872,N,12215.718908,W,7,,0.38,-31.60,M,0.0,M,0.0,0000*70
$GPRMC,172627.00,A,3731.156872,N,12215.718908,W,042.6,317.7,040920,,,A*45
$GPGGA,172628.00,3731.165950,N,12215.729264,W,7,,0.38,-31.58,M,0.0,M,0.0,0000*76
$GPRMC,172628.00,A,3731.165950,N,12215.729264,W,043.0,317.9,040920,,,A*41
$GPGGA,172629.00,3731.174841,N,12215.739235,W,7,,0.38,-31.49,M,0.0,M,0.0,0000*73
$GPRMC,172629.00,A,3731.174841,N,12215.739235,W,043.0,318.4,040920,,,A*46
$GPGGA,172630.00,3731.183572,N,12215.749040,W,7,,0.38,-31.47,M,0.0,M,0.0,0000*77
$GPRMC,172630.00,A,3731.183572,N,12215.749040,W,043.5,318.1,040920,,,A*4C
$GPGGA,172631.00,3731.192506,N,12215.759113,W,7,,0.38,-31.42,M,0.0,M,0.0,0000*76
$GPRMC,172631.00,A,3731.192506,N,12215.759113,W,043.4,318.0,040920,,,A*48
$GPGGA,172632.00,3731.201452,N,12215.769235,W,7,,0.38,-31.38,M,0.0,M,0.0,0000*75
$GPRMC,172632.00,A,3731.201452,N,12215.769235,W,043.3,317.9,040920,,,A*47
$GPGGA,172633.00,3731.210655,N,12215.779712,W,7,,0.38,-31.37,M,0.0,M,0.0,0000*7F
$GPRMC,172633.00,A,3731.210655,N,12215.779712,W,043.5,317.7,040920,,,A*4A
$GPGGA,172634.00,3731.219434,N,12215.789605,W,7,,0.38,-31.36,M,0.0,M,0.0,0000*7D
$GPRMC,172634.00,A,3731.219434,N,12215.789605,W,043.5,318.2,040920,,,A*43
$GPGGA,172635.00,3731.228482,N,12215.799776,W,7,,0.38,-31.36,M,0.0,M,0.0,0000*77
$GPRMC,172635.00,A,3731.228482,N,12215.799776,W,043.9,318.3,040920,,,A*44
$GPGGA,172636.00,3731.237926,N,12215.810294,W,7,,0.38,-31.33,M,0.0,M,0.0,0000*7B
$GPRMC,172636.00,A,3731.237926,N,12215.810294,W,044.2,318.5,040920,,,A*47
$GPGGA,172637.00,3731.247088,N,12215.820590,W,7,,0.38,-31.43,M,0.0,M,0.0,0000*77
$GPRMC,172637.00,A,3731.247088,N,12215.820590,W,043.8,318.0,040920,,,A*44
$GPGGA,172638.00,3731.255787,N,12215.830435,W,7,,0.38,-31.32,M,0.0,M,0.0,0000*7A
$GPRMC,172638.00,A,3731.255787,N,12215.830435,W,043.5,318.0,040920,,,A*42
$GPGGA,172639.00,3731.264746,N,12215.840599,W,7,,0.38,-31.29,M,0.0,M,0.0,0000*7E
$GPRMC,172639.00,A,3731.264746,N,12215.840599,W,043.5,317.8,040920,,,A*4B
$GPGGA,172640.00,3731.273680,N,12215.850734,W,7,,0.38,-31.31,M,0.0,M,0.0,0000*70
$GPRMC,172640.00,A,3731.273680,N,12215.850734,W,043.4,317.6,040920,,,A*43
$GPGGA,172641.00,3731.282925,N,12215.861336,W,7,,0.38,-31.24,M,0.0,M,0.0,0000*7F
$GPRMC,172641.00,A,3731.282925,N,12215.861336,W,043.3,317.6,040920,,,A*4F
$GPGGA,172642.00,3731.291566,N,12215.871133,W,7,,0.38,-31.39,M,0.0,M,0.0,0000*7F
$GPRMC,172642.00,A,3731.291566,N,12215.871133,W,043.4,318.1,040920,,,A*4C
$GPGGA,172643.00,3731.300506,N,12215.881136,W,7,,0.38,-31.45,M,0.0,M,0.0,0000*70
$GPRMC,172643.00,A,3731.300506,N,12215.881136,W,043.1,318.4,040920,,,A*48
$GPGGA,172644.00,3731.309794,N,12215.891624,W,7,,0.38,-31.49,M,0.0,M,0.0,0000*7E
$GPRMC,172644.00,A,3731.309794,N,12215.891624,W,043.2,317.7,040920,,,A*45
$GPGGA,172645.00,3731.318679,N,12215.901806,W,7,,0.38,-31.49,M,0.0,M,0.0,0000*7B
$GPRMC,172645.00,A,3731.318679,N,12215.901806,W,043.5,317.5,040920,,,A*45
$GPGGA,172646.00,3731.327667,N,12215.912023,W,7,,0.38,-31.55,M,0.0,M,0.0,0000*7B
$GPRMC,172646.00,A,3731.327667,N,12215.912023,W,043.8,318.0,040920,,,A*4F
$GPGGA,172647.00,3731.336512,N,12215.922037,W,7,,0.38,-31.56,M,0.0,M,0.0,0000*7E
$GPRMC,172647.00,A,3731.336512,N,12215.922037,W,044.1,317.9,040920,,,A*41
$GPGGA,172648.00,3731.345571,N,12215.932363,W,7,,0.38,-31.53,M,0.0,M,0.0,0000*76
$GPRMC,172648.00,A,3731.345571,N,12215.932363,W,044.1,317.7,040920,,,A*42
$GPGGA,172649.00,3731.354841,N,12215.943043,W,7,,0.38,-31.55,M,0.0,M,0.0,0000*78
$GPRMC,172649.00,A,3731.354841,N,12215.943043,W,044.0,317.5,040920,,,A*49
$GPGGA,172650.00,3731.363913,N,12215.953387,W,7,,0.38,-31.53,M,0.0,M,0.0,0000*7E
$GPRMC,172650.00,A,3731.363913,N,12215.953387,W,044.1,317.7,040920,,,A*4A
$GPGGA,172651.00,3731.372721,N,12215.963480,W,7,,0.38,-31.51,M,0.0,M,0.0,0000*71
$GPRMC,172651.00,A,3731.372721,N,12215.963480,W,043.9,317.4,040920,,,A*4B
$GPGGA,172652.00,3731.381943,N,12215.974255,W,7,,0.38,-31.48,M,0.0,M,0.0,0000*74
$GPRMC,172652.00,A,3731.381943,N,12215.974255,W,043.9,316.7,040920,,,A*44
$GPGGA,172653.00,3731.390841,N,12215.984911,W,7,,0.38,-31.48,M,0.0,M,0.0,0000*72
$GPRMC,172653.00,A,3731.390841,N,12215.984911,W,044.7,315.8,040920,,,A*47
$GPGGA,172654.00,3731.399944,N,12215.996036,W,7,,0.38,-31.46,M,0.0,M,0.0,0000*79
$GPRMC,172654.00,A,3731.399944,N,12215.996036,W,046.6,315.5,040920,,,A*4C
$GPGGA,172655.00,3731.409208,N,12216.007328,W,7,,0.38,-31.47,M,0.0,M,0.0,0000*7A
$GPRMC,172655.00,A,3731.409208,N,12216.007328,W,048.6,316.3,040920,,,A*45
$GPGGA,172656.00,3731.419210,N,12216.019111,W,7,,0.38,-31.43,M,0.0,M,0.0,0000*72
$GPRMC,172656.00,A,3731.419210,N,12216.019111,W,050.3,317.8,040920,,,A*4F
$GPGGA,172657.00,3731.429991,N,12216.031622,W,7,,0.38,-31.46,M,0.0,M,0.0,0000*7A
$GPRMC,172657.00,A,3731.429991,N,12216.031622,W,052.1,317.7,040920,,,A*4D
$GPGGA,172658.00,3731.440539,N,12216.043820,W,7,,0.38,-31.40,M,0.0,M,0.0,0000*7B
$GPRMC,172658.00,A,3731.440539,N,12216.043820,W,053.7,317.7,040920,,,A*4D
$GPGGA,172659.00,3731.451729,N,12216.056479,W,7,,0.38,-31.33,M,0.0,M,0.0,0000*79
$GPRMC,172659.00,A,3731.451729,N,12216.056479,W,054.9,318.4,040920,,,A*4E
$GPGGA,172700.00,3731.463585,N,12216.069703,W,7,,0.38,-31.38,M,0.0,M,0.0,0000*78
$GPRMC,172700.00,A,3731.463585,N,12216.069703,W,055.7,318.6,040920,,,A*49
$GPGGA,172701.00,3731.475166,N,12216.082657,W,7,,0.38,-31.41,M,0.0,M,0.0,0000*7C
$GPRMC,172701.00,A,3731.475166,N,12216.082657,W,056.2,318.1,040920,,,A*42
$GPGGA,172702.00,3731.486632,N,12216.095401,W,7,,0.38,-31.44,M,0.0,M,0.0,0000*77
$GPRMC,172702.00,A,3731.486632,N,12216.095401,W,056.5,318.5,040920,,,A*4F
$GPGGA,172703.00,3731.498368,N,12216.108583,W,7,,0.38,-31.38,M,0.0,M,0.0,0000*76
$GPRMC,172703.00,A,3731.498368,N,12216.108583,W,056.9,318.2,040920,,,A*4E
$GPGGA,172704.00,3731.510230,N,12216.121802,W,7,,0.38,-31.35,M,0.0,M,0.0,0000*7E
$GPRMC,172704.00,A,3731.510230,N,12216.121802,W,057.2,318.3,040920,,,A*40
$GPGGA,172705.00,3731.522524,N,12216.135536,W,7,,0.38,-31.39,M,0.0,M,0.0,0000*7F
$GPRMC,172705.00,A,3731.522524,N,12216.135536,W,056.9,318.3,040920,,,A*47
$GPGGA,172706.00,3731.533995,N,12216.148118,W,7,,0.38,-31.52,M,0.0,M,0.0,0000*75
$GPRMC,172706.00,A,3731.533995,N,12216.148118,W,056.6,319.1,040920,,,A*4C
$GPGGA,172707.00,3731.545935,N,12216.160910,W,7,,0.38,-31.45,M,0.0,M,0.0,0000*73
$GPRMC,172707.00,A,3731.545935,N,12216.160910,W,056.7,319.6,040920,,,A*4A
$GPGGA,172708.00,3731.558242,N,12216.174145,W,7,,0.38,-31.33,M,0.0,M,0.0,0000*77
$GPRMC,172708.00,A,3731.558242,N,12216.174145,W,056.7,319.2,040920,,,A*4B
$GPGGA,172709.00,3731.570212,N,12216.187040,W,7,,0.38,-31.36,M,0.0,M,0.0,0000*74
$GPRMC,172709.00,A,3731.570212,N,12216.187040,W,056.2,319.1,040920,,,A*4B
$GPGGA,172710.00,3731.581438,N,12216.199244,W,7,,0.38,-31.26,M,0.0,M,0.0,0000*74
$GPRMC,172710.00,A,3731.581438,N,12216.199244,W,054.3,319.0,040920,,,A*48
$GPGGA,172711.00,3731.592267,N,12216.211034,W,7,,0.38,-31.38,M,0.0,M,0.0,0000*72
$GPRMC,172711.00,A,3731.592267,N,12216.211034,W,049.6,318.9,040920,,,A*40
$GPGGA,172712.00,3731.602384,N,12216.222247,W,7,,0.38,-31.72,M,0.0,M,0.0,0000*7F
$GPRMC,172712.00,A,3731.602384,N,12216.222247,W,046.0,318.5,040920,,,A*46
$GPGGA,172713.00,3731.612116,N,12216.232963,W,7,,0.38,-31.66,M,0.0,M,0.0,0000*7F
$GPRMC,172713.00,A,3731.612116,N,12216.232963,W,044.5,318.3,040920,,,A*42
$GPGGA,172714.00,3731.620899,N,12216.242665,W,7,,0.38,-31.64,M,0.0,M,0.0,0000*7B
$GPRMC,172714.00,A,3731.620899,N,12216.242665,W,043.1,318.3,040920,,,A*47
$GPGGA,172715.00,3731.629822,N,12216.252500,W,7,,0.38,-31.66,M,0.0,M,0.0,0000*70
$GPRMC,172715.00,A,3731.629822,N,12216.252500,W,042.5,318.6,040920,,,A*4E
$GPGGA,172716.00,3731.638815,N,12216.262429,W,7,,0.38,-31.43,M,0.0,M,0.0,0000*79
$GPRMC,172716.00,A,3731.638815,N,12216.262429,W,040.5,318.3,040920,,,A*47
$GPGGA,172717.00,3731.646898,N,12216.271442,W,7,,0.38,-31.41,M,0.0,M,0.0,0000*79
$GPRMC,172717.00,A,3731.646898,N,12216.271442,W,037.9,318.0,040920,,,A*4A
$GPGGA,172718.00,3731.654626,N,12216.280171,W,7,,0.38,-31.41,M,0.0,M,0.0,0000*75
$GPRMC,172718.00,A,3731.654626,N,12216.280171,W,037.0,317.9,040920,,,A*49
$GPGGA,172719.00,3731.661964,N,12216.288452,W,7,,0.38,-31.34,M,0.0,M,0.0,0000*75
$GPRMC,172719.00,A,3731.661964,N,12216.288452,W,035.8,317.9,040920,,,A*41
$GPGGA,172720.00,3731.669199,N,12216.296636,W,7,,0.38,-31.30,M,0.0,M,0.0,0000*76
$GPRMC,172720.00,A,3731.669199,N,12216.296636,W,034.6,317.9,040920,,,A*49
$GPGGA,172721.00,3731.676448,N,12216.304771,W,7,,0.38,-31.26,M,0.0,M,0.0,0000*7F
$GPRMC,172721.00,A,3731.676448,N,12216.304771,W,033.6,318.1,040920,,,A*47
$GPGGA,172722.00,3731.683192,N,12216.312355,W,7,,0.38,-31.30,M,0.0,M,0.0,0000*76
$GPRMC,172722.00,A,3731.683192,N,12216.312355,W,032.0,318.1,040920,,,A*4E
$GPGGA,172723.00,3731.689587,N,12216.319544,W,7,,0.38,-31.28,M,0.0,M,0.0,0000*79
$GPRMC,172723.00,A,3731.689587,N,12216.319544,W,031.1,318.2,040920,,,A*49
$GPGGA,172724.00,3731.696176,N,12216.326929,W,7,,0.38,-31.27,M,0.0,M,0.0,0000*7E
$GPRMC,172724.00,A,3731.696176,N,12216.326929,W,030.6,317.9,040920,,,A*43
$GPGGA,172725.00,3731.702596,N,12216.334243,W,7,,0.38,-31.23,M,0.0,M,0.0,0000*79
$GPRMC,172725.00,A,3731.702596,N,12216.334243,W,031.8,317.7,040920,,,A*41
$GPGGA,172726.00,3731.709280,N,12216.341809,W,7,,0.38,-31.10,M,0.0,M,0.0,0000*77
$GPRMC,172726.00,A,3731.709280,N,12216.341809,W,034.5,317.6,040920,,,A*46
$GPGGA,172727.00,3731.716665,N,12216.350348,W,7,,0.38,-31.18,M,0.0,M,0.0,0000*71
$GPRMC,172727.00,A,3731.716665,N,12216.350348,W,037.7,317.1,040920,,,A*4E
$GPGGA,172728.00,3731.724556,N,12216.359528,W,7,,0.38,-31.19,M,0.0,M,0.0,0000*74
$GPRMC,172728.00,A,3731.724556,N,12216.359528,W,040.3,317.0,040920,,,A*4F
$GPGGA,172729.00,3731.733159,N,12216.369655,W,7,,0.38,-31.14,M,0.0,M,0.0,0000*7F
$GPRMC,172729.00,A,3731.733159,N,12216.369655,W,041.6,316.6,040920,,,A*4A
$GPGGA,172730.00,3731.741571,N,12216.379304,W,7,,0.38,-31.15,M,0.0,M,0.0,0000*7D
$GPRMC,172730.00,A,3731.741571,N,12216.379304,W,042.3,317.8,040920,,,A*40
$GPGGA,172731.00,3731.750566,N,12216.389263,W,7,,0.38,-31.16,M,0.0,M,0.0,0000*76
$GPRMC,172731.00,A,3731.750566,N,12216.389263,W,044.2,319.2,040920,,,A*4B
$GPGGA,172732.00,3731.760483,N,12216.399758,W,7,,0.38,-31.12,M,0.0,M,0.0,0000*74
$GPRMC,172732.00,A,3731.760483,N,12216.399758,W,046.3,320.5,040920,,,A*43
$GPGGA,172733.00,3731.770617,N,12216.410545,W,7,,0.38,-31.11,M,0.0,M,0.0,0000*70
$GPRMC,172733.00,A,3731.770617,N,12216.410545,W,048.7,320.0,040920,,,A*4B
$GPGGA,172734.00,3731.780727,N,12216.421435,W,7,,0.38,-31.12,M,0.0,M,0.0,0000*7D
$GPRMC,172734.00,A,3731.780727,N,12216.421435,W,050.4,319.2,040920,,,A*47
$GPGGA,172735.00,3731.791335,N,12216.432997,W,7,,0.38,-31.11,M,0.0,M,0.0,0000*7F
$GPRMC,172735.00,A,3731.791335,N,12216.432997,W,051.0,319.0,040920,,,A*41
$GPGGA,172736.00,3731.802069,N,12216.444715,W,7,,0.38,-31.19,M,0.0,M,0.0,0000*7E
$GPRMC,172736.00,A,3731.802069,N,12216.444715,W,051.5,319.1,040920,,,A*4C
$GPGGA,172737.00,3731.813295,N,12216.457039,W,7,,0.38,-31.19,M,0.0,M,0.0,0000*75
$GPRMC,172737.00,A,3731.813295,N,12216.457039,W,051.8,318.9,040920,,,A*43
$GPGGA,172738.00,3731.823921,N,12216.468446,W,7,,0.38,-31.19,M,0.0,M,0.0,0000*7D
$GPRMC,172738.00,A,3731.823921,N,12216.468446,W,052.4,319.8,040920,,,A*44
$GPGGA,172739.00,3731.835100,N,12216.480235,W,7,,0.38,-31.09,M,0.0,M,0.0,0000*75
$GPRMC,172739.00,A,3731.835100,N,12216.480235,W,052.9,320.3,040920,,,A*41
$GPGGA,172740.00,3731.846764,N,12216.492434,W,7,,0.38,-31.08,M,0.0,M,0.0,0000*7E
$GPRMC,172740.00,A,3731.846764,N,12216.492434,W,052.3,320.5,040920,,,A*47
$GPGGA,172741.00,3731.858044,N,12216.503912,W,7,,0.38,-31.14,M,0.0,M,0.0,0000*78
$GPRMC,172741.00,A,3731.858044,N,12216.503912,W,052.3,321.1,040920,,,A*49
$GPGGA,172742.00,3731.869305,N,12216.515456,W,7,,0.38,-31.23,M,0.0,M,0.0,0000*71
$GPRMC,172742.00,A,3731.869305,N,12216.515456,W,052.7,320.5,040920,,,A*45
$GPGGA,172743.00,3731.880345,N,12216.526969,W,7,,0.38,-31.29,M,0.0,M,0.0,0000*78
$GPRMC,172743.00,A,3731.880345,N,12216.526969,W,054.0,320.2,040920,,,A*40
$GPGGA,172744.00,3731.892057,N,12216.539024,W,7,,0.38,-31.30,M,0.0,M,0.0,0000*7A
$GPRMC,172744.00,A,3731.892057,N,12216.539024,W,054.4,320.9,040920,,,A*45
$GPGGA,172745.00,3731.904376,N,12216.551323,W,7,,0.38,-31.25,M,0.0,M,0.0,0000*7B
$GPRMC,172745.00,A,3731.904376,N,12216.551323,W,055.2,322.1,040920,,,A*4D
$GPGGA,172746.00,3731.916670,N,12216.563101,W,7,,0.38,-31.17,M,0.0,M,0.0,0000*7A
$GPRMC,172746.00,A,3731.916670,N,12216.563101,W,056.1,322.9,040920,,,A*45
$GPGGA,172747.00,3731.929011,N,12216.574663,W,7,,0.38,-31.16,M,0.0,M,0.0,0000*72
$GPRMC,172747.00,A,3731.929011,N,12216.574663,W,057.4,323.7,040920,,,A*47
$GPGGA,172748.00,3731.942356,N,12216.587041,W,7,,0.38,-31.27,M,0.0,M,0.0,0000*78
$GPRMC,172748.00,A,3731.942356,N,12216.587041,W,058.5,323.6,040920,,,A*40
$GPGGA,172749.00,3731.955543,N,12216.599311,W,7,,0.38,-31.17,M,0.0,M,0.0,0000*77
$GPRMC,172749.00,A,3731.955543,N,12216.599311,W,059.7,323.5,040920,,,A*4C
$GPGGA,172750.00,3731.968774,N,12216.611552,W,7,,0.38,-31.20,M,0.0,M,0.0,0000*71
$GPRMC,172750.00,A,3731.968774,N,12216.611552,W,059.2,323.8,040920,,,A*46
$GPGGA,172751.00,3731.981523,N,12216.623372,W,7,,0.38,-31.11,M,0.0,M,0.0,0000*70
$GPRMC,172751.00,A,3731.981523,N,12216.623372,W,057.7,323.5,040920,,,A*43
$GPGGA,172752.00,3731.994141,N,12216.635060,W,7,,0.38,-31.25,M,0.0,M,0.0,0000*77
$GPRMC,172752.00,A,3731.994141,N,12216.635060,W,055.7,323.6,040920,,,A*42
$GPGGA,172753.00,3732.006898,N,12216.646945,W,7,,0.38,-31.16,M,0.0,M,0.0,0000*70
$GPRMC,172753.00,A,3732.006898,N,12216.646945,W,055.0,323.4,040920,,,A*40
$GPGGA,172754.00,3732.018771,N,12216.657986,W,7,,0.38,-31.00,M,0.0,M,0.0,0000*78
$GPRMC,172754.00,A,3732.018771,N,12216.657986,W,054.2,323.7,040920,,,A*4F
$GPGGA,172755.00,3732.030879,N,12216.669188,W,7,,0.38,-30.77,M,0.0,M,0.0,0000*7E
$GPRMC,172755.00,A,3732.030879,N,12216.669188,W,054.1,323.7,040920,,,A*4B
$GPGGA,172756.00,3732.043546,N,12216.680990,W,7,,0.38,-30.65,M,0.0,M,0.0,0000*7D
$GPRMC,172756.00,A,3732.043546,N,12216.680990,W,055.6,323.3,040920,,,A*49
$GPGGA,172757.00,3732.056127,N,12216.692654,W,7,,0.38,-31.08,M,0.0,M,0.0,0000*75
$GPRMC,172757.00,A,3732.056127,N,12216.692654,W,057.1,323.4,040920,,,A*49
$GPGGA,172758.00,3732.068734,N,12216.704395,W,7,,0.38,-31.10,M,0.0,M,0.0,0000*7C
$GPRMC,172758.00,A,3732.068734,N,12216.704395,W,058.5,323.4,040920,,,A*42
$GPGGA,172759.00,3732.081873,N,12216.716617,W,7,,0.38,-31.36,M,0.0,M,0.0,0000*7E
$GPRMC,172759.00,A,3732.081873,N,12216.716617,W,059.4,323.5,040920,,,A*45
$GPGGA,172800.00,3732.095212,N,12216.729097,W,7,,0.38,-31.34,M,0.0,M,0.0,0000*75
$GPRMC,172800.00,A,3732.095212,N,12216.729097,W,060.3,323.4,040920,,,A*40
$GPGGA,172801.00,3732.109408,N,12216.742339,W,7,,0.38,-31.46,M,0.0,M,0.0,0000*72
$GPRMC,172801.00,A,3732.109408,N,12216.742339,W,061.7,323.4,040920,,,A*47
$GPGGA,172802.00,3732.122841,N,12216.754814,W,7,,0.38,-31.36,M,0.0,M,0.0,0000*7D
$GPRMC,172802.00,A,3732.122841,N,12216.754814,W,062.8,323.6,040920,,,A*41
$GPGGA,172803.00,3732.136995,N,12216.767875,W,7,,0.38,-31.41,M,0.0,M,0.0,0000*76
$GPRMC,172803.00,A,3732.136995,N,12216.767875,W,064.0,323.6,040920,,,A*44
$GPGGA,172804.00,3732.151828,N,12216.781561,W,7,,0.38,-31.61,M,0.0,M,0.0,0000*75
$GPRMC,172804.00,A,3732.151828,N,12216.781561,W,064.7,323.6,040920,,,A*42
$GPGGA,172805.00,3732.166498,N,12216.795151,W,7,,0.38,-31.84,M,0.0,M,0.0,0000*7E
$GPRMC,172805.00,A,3732.166498,N,12216.795151,W,065.3,323.6,040920,,,A*47
$GPGGA,172806.00,3732.180633,N,12216.808268,W,7,,0.38,-32.04,M,0.0,M,0.0,0000*7F
$GPRMC,172806.00,A,3732.180633,N,12216.808268,W,065.7,323.5,040920,,,A*4A
$GPGGA,172807.00,3732.195333,N,12216.821912,W,7,,0.38,-31.93,M,0.0,M,0.0,0000*7F
$GPRMC,172807.00,A,3732.195333,N,12216.821912,W,066.1,323.4,040920,,,A*43
$GPGGA,172808.00,3732.210232,N,12216.835711,W,7,,0.38,-31.84,M,0.0,M,0.0,0000*70
$GPRMC,172808.00,A,3732.210232,N,12216.835711,W,066.3,323.7,040920,,,A*4B
$GPGGA,172809.00,3732.225520,N,12216.849908,W,7,,0.38,-31.70,M,0.0,M,0.0,0000*75
$GPRMC,172809.00,A,3732.225520,N,12216.849908,W,066.8,323.5,040920,,,A*4C
$GPGGA,172810.00,3732.239962,N,12216.863318,W,7,,0.38,-31.61,M,0.0,M,0.0,0000*79
$GPRMC,172810.00,A,3732.239962,N,12216.863318,W,067.3,323.5,040920,,,A*4A
$GPGGA,172811.00,3732.255076,N,12216.877280,W,7,,0.38,-31.46,M,0.0,M,0.0,0000*7E
$GPRMC,172811.00,A,3732.255076,N,12216.877280,W,067.9,323.6,040920,,,A*41
$GPGGA,172812.00,3732.270904,N,12216.891979,W,7,,0.38,-31.47,M,0.0,M,0.0,0000*72
$GPRMC,172812.00,A,3732.270904,N,12216.891979,W,068.5,323.4,040920,,,A*4D
$GPGGA,172813.00,3732.286234,N,12216.906218,W,7,,0.38,-31.48,M,0.0,M,0.0,0000*7E
$GPRMC,172813.00,A,3732.286234,N,12216.906218,W,069.0,323.5,040920,,,A*4B
$GPGGA,172814.00,3732.301666,N,12216.920564,W,7,,0.38,-31.60,M,0.0,M,0.0,0000*76
$GPRMC,172814.00,A,3732.301666,N,12216.920564,W,069.3,323.4,040920,,,A*4B
$GPGGA,172815.00,3732.316815,N,12216.934663,W,7,,0.38,-31.57,M,0.0,M,0.0,0000*7E
$GPRMC,172815.00,A,3732.316815,N,12216.934663,W,069.5,323.5,040920,,,A*40
$GPGGA,172816.00,3732.332302,N,12216.949046,W,7,,0.38,-31.61,M,0.0,M,0.0,0000*78
$GPRMC,172816.00,A,3732.332302,N,12216.949046,W,069.5,323.6,040920,,,A*40
$GPGGA,172817.00,3732.348328,N,12216.963872,W,7,,0.38,-31.54,M,0.0,M,0.0,0000*7D
$GPRMC,172817.00,A,3732.348328,N,12216.963872,W,069.5,323.8,040920,,,A*4D
$GPGGA,172818.00,3732.363873,N,12216.978211,W,7,,0.38,-31.53,M,0.0,M,0.0,0000*7C
$GPRMC,172818.00,A,3732.363873,N,12216.978211,W,069.5,323.8,040920,,,A*4B
$GPGGA,172819.00,3732.379083,N,12216.992192,W,7,,0.38,-31.54,M,0.0,M,0.0,0000*7A
$GPRMC,172819.00,A,3732.379083,N,12216.992192,W,069.5,323.9,040920,,,A*4B
$GPGGA,172820.00,3732.395139,N,12217.006933,W,7,,0.38,-31.58,M,0.0,M,0.0,0000*78
$GPRMC,172820.00,A,3732.395139,N,12217.006933,W,069.4,323.8,040920,,,A*45
$GPGGA,172821.00,3732.410649,N,12217.021255,W,7,,0.38,-31.51,M,0.0,M,0.0,0000*74
$GPRMC,172821.00,A,3732.410649,N,12217.021255,W,069.2,323.6,040920,,,A*48
$GPGGA,172822.00,3732.425679,N,12217.035151,W,7,,0.38,-31.42,M,0.0,M,0.0,0000*72
$GPRMC,172822.00,A,3732.425679,N,12217.035151,W,068.6,323.7,040920,,,A*48
$GPGGA,172823.00,3732.440997,N,12217.049203,W,7,,0.38,-31.33,M,0.0,M,0.0,0000*76
$GPRMC,172823.00,A,3732.440997,N,12217.049203,W,068.1,323.9,040920,,,A*43
$GPGGA,172824.00,3732.456069,N,12217.063184,W,7,,0.38,-31.40,M,0.0,M,0.0,0000*7E
$GPRMC,172824.00,A,3732.456069,N,12217.063184,W,067.3,323.3,040920,,,A*48
$GPGGA,172825.00,3732.471376,N,12217.077637,W,7,,0.38,-31.50,M,0.0,M,0.0,0000*7C
$GPRMC,172825.00,A,3732.471376,N,12217.077637,W,066.6,322.9,040920,,,A*44
$GPGGA,172826.00,3732.485740,N,12217.091209,W,7,,0.38,-31.51,M,0.0,M,0.0,0000*75
$GPRMC,172826.00,A,3732.485740,N,12217.091209,W,065.9,323.2,040920,,,A*4A
$GPGGA,172827.00,3732.500272,N,12217.104836,W,7,,0.38,-31.53,M,0.0,M,0.0,0000*75
$GPRMC,172827.00,A,3732.500272,N,12217.104836,W,064.9,323.5,040920,,,A*4E
$GPGGA,172828.00,3732.515110,N,12217.118641,W,7,,0.38,-31.65,M,0.0,M,0.0,0000*7F
$GPRMC,172828.00,A,3732.515110,N,12217.118641,W,064.2,323.5,040920,,,A*4A
$GPGGA,172829.00,3732.529522,N,12217.132004,W,7,,0.38,-31.72,M,0.0,M,0.0,0000*7D
$GPRMC,172829.00,A,3732.529522,N,12217.132004,W,063.5,323.5,040920,,,A*4E
$GPGGA,172830.00,3732.543094,N,12217.144633,W,7,,0.38,-31.55,M,0.0,M,0.0,0000*77
$GPRMC,172830.00,A,3732.543094,N,12217.144633,W,062.6,323.7,040920,,,A*41
$GPGGA,172831.00,3732.556990,N,12217.157461,W,7,,0.38,-31.48,M,0.0,M,0.0,0000*74
$GPRMC,172831.00,A,3732.556990,N,12217.157461,W,061.9,323.7,040920,,,A*42
$GPGGA,172832.00,3732.570712,N,12217.170212,W,7,,0.38,-31.51,M,0.0,M,0.0,0000*78
$GPRMC,172832.00,A,3732.570712,N,12217.170212,W,061.2,323.5,040920,,,A*4F
$GPGGA,172833.00,3732.584817,N,12217.183352,W,7,,0.38,-31.41,M,0.0,M,0.0,0000*70
$GPRMC,172833.00,A,3732.584817,N,12217.183352,W,060.4,323.5,040920,,,A*41
$GPGGA,172834.00,3732.597820,N,12217.195381,W,7,,0.38,-31.31,M,0.0,M,0.0,0000*7F
$GPRMC,172834.00,A,3732.597820,N,12217.195381,W,059.9,323.7,040920,,,A*4C
$GPGGA,172835.00,3732.611212,N,12217.207712,W,7,,0.38,-31.41,M,0.0,M,0.0,0000*79
$GPRMC,172835.00,A,3732.611212,N,12217.207712,W,059.5,323.7,040920,,,A*41
$GPGGA,172836.00,3732.624933,N,12217.220390,W,7,,0.38,-31.27,M,0.0,M,0.0,0000*7F
$GPRMC,172836.00,A,3732.624933,N,12217.220390,W,058.6,323.6,040920,,,A*44
$GPGGA,172837.00,3732.637935,N,12217.232431,W,7,,0.38,-31.34,M,0.0,M,0.0,0000*77
$GPRMC,172837.00,A,3732.637935,N,12217.232431,W,058.0,323.6,040920,,,A*48
$GPGGA,172838.00,3732.650758,N,12217.244311,W,7,,0.38,-31.33,M,0.0,M,0.0,0000*7F
$GPRMC,172838.00,A,3732.650758,N,12217.244311,W,057.1,323.7,040920,,,A*48
$GPGGA,172839.00,3732.663016,N,12217.255609,W,7,,0.38,-31.37,M,0.0,M,0.0,0000*7B
$GPRMC,172839.00,A,3732.663016,N,12217.255609,W,056.3,323.7,040920,,,A*4B
$GPGGA,172840.00,3732.675579,N,12217.267166,W,7,,0.38,-31.40,M,0.0,M,0.0,0000*71
$GPRMC,172840.00,A,3732.675579,N,12217.267166,W,054.9,323.7,040920,,,A*49
$GPGGA,172841.00,3732.687994,N,12217.278686,W,7,,0.38,-31.38,M,0.0,M,0.0,0000*7A
$GPRMC,172841.00,A,3732.687994,N,12217.278686,W,052.7,322.8,040920,,,A*4B
$GPGGA,172842.00,3732.699003,N,12217.289551,W,7,,0.38,-30.97,M,0.0,M,0.0,0000*72
$GPRMC,172842.00,A,3732.699003,N,12217.289551,W,051.7,321.9,040920,,,A*46
$GPGGA,172843.00,3732.710290,N,12217.300832,W,7,,0.38,-31.02,M,0.0,M,0.0,0000*7E
$GPRMC,172843.00,A,3732.710290,N,12217.300832,W,051.7,322.0,040920,,,A*4D
$GPGGA,172844.00,3732.722193,N,12217.312555,W,7,,0.38,-31.07,M,0.0,M,0.0,0000*72
$GPRMC,172844.00,A,3732.722193,N,12217.312555,W,053.5,322.4,040920,,,A*40
$GPGGA,172845.00,3732.734248,N,12217.324160,W,7,,0.38,-31.05,M,0.0,M,0.0,0000*74
$GPRMC,172845.00,A,3732.734248,N,12217.324160,W,055.2,323.2,040920,,,A*42
$GPGGA,172846.00,3732.746637,N,12217.335841,W,7,,0.38,-30.99,M,0.0,M,0.0,0000*70
$GPRMC,172846.00,A,3732.746637,N,12217.335841,W,056.4,323.8,040920,,,A*4D
$GPGGA,172847.00,3732.758998,N,12217.347361,W,7,,0.38,-30.97,M,0.0,M,0.0,0000*76
$GPRMC,172847.00,A,3732.758998,N,12217.347361,W,057.1,323.7,040920,,,A*4E
$GPGGA,172848.00,3732.771754,N,12217.359295,W,7,,0.38,-30.82,M,0.0,M,0.0,0000*7D
$GPRMC,172848.00,A,3732.771754,N,12217.359295,W,057.5,323.3,040920,,,A*41
$GPGGA,172849.00,3732.785008,N,12217.371817,W,7,,0.38,-30.70,M,0.0,M,0.0,0000*7E
$GPRMC,172849.00,A,3732.785008,N,12217.371817,W,058.1,323.0,040920,,,A*47
$GPGGA,172850.00,3732.797596,N,12217.383584,W,7,,0.38,-30.65,M,0.0,M,0.0,0000*79
$GPRMC,172850.00,A,3732.797596,N,12217.383584,W,057.8,323.4,040920,,,A*46
$GPGGA,172851.00,3732.810394,N,12217.395596,W,7,,0.38,-30.50,M,0.0,M,0.0,0000*7E
$GPRMC,172851.00,A,3732.810394,N,12217.395596,W,057.8,323.0,040920,,,A*43
$GPGGA,172852.00,3732.823581,N,12217.407986,W,7,,0.38,-30.64,M,0.0,M,0.0,0000*79
$GPRMC,172852.00,A,3732.823581,N,12217.407986,W,057.6,323.0,040920,,,A*4D
$GPGGA,172853.00,3732.836379,N,12217.419998,W,7,,0.38,-30.68,M,0.0,M,0.0,0000*71
$GPRMC,172853.00,A,3732.836379,N,12217.419998,W,057.4,323.2,040920,,,A*49
$GPGGA,172854.00,3732.848937,N,12217.431649,W,7,,0.38,-30.51,M,0.0,M,0.0,0000*7C
$GPRMC,172854.00,A,3732.848937,N,12217.431649,W,057.7,323.6,040920,,,A*49
$GPGGA,172855.00,3732.861879,N,12217.443541,W,7,,0.38,-30.44,M,0.0,M,0.0,0000*77
$GPRMC,172855.00,A,3732.861879,N,12217.443541,W,057.9,323.8,040920,,,A*46
$GPGGA,172856.00,3732.874911,N,12217.455428,W,7,,0.38,-30.47,M,0.0,M,0.0,0000*75
$GPRMC,172856.00,A,3732.874911,N,12217.455428,W,058.2,324.0,040920,,,A*4C
$GPGGA,172857.00,3732.888591,N,12217.467824,W,7,,0.38,-30.57,M,0.0,M,0.0,0000*73
$GPRMC,172857.00,A,3732.888591,N,12217.467824,W,058.4,324.2,040920,,,A*4F
$GPGGA,172858.00,3732.901359,N,12217.479440,W,7,,0.38,-30.83,M,0.0,M,0.0,0000*76
$GPRMC,172858.00,A,3732.901359,N,12217.479440,W,058.9,324.0,040920,,,A*4C
$GPGGA,172859.00,3732.914650,N,12217.491416,W,7,,0.38,-30.84,M,0.0,M,0.0,0000*7D
$GPRMC,172859.00,A,3732.914650,N,12217.491416,W,059.0,324.4,040920,,,A*4C
$GPGGA,172900.00,3732.928503,N,12217.503668,W,7,,0.38,-30.88,M,0.0,M,0.0,0000*77
$GPRMC,172900.00,A,3732.928503,N,12217.503668,W,059.4,325.1,040920,,,A*4A
$GPGGA,172901.00,3732.942208,N,12217.515595,W,7,,0.38,-30.90,M,0.0,M,0.0,0000*79
$GPRMC,172901.00,A,3732.942208,N,12217.515595,W,059.9,325.2,040920,,,A*43
$GPGGA,172902.00,3732.955444,N,12217.527313,W,7,,0.38,-30.71,M,0.0,M,0.0,0000*74
$GPRMC,172902.00,A,3732.955444,N,12217.527313,W,060.6,324.5,040920,,,A*42
$GPGGA,172903.00,3732.969219,N,12217.539709,W,7,,0.38,-30.74,M,0.0,M,0.0,0000*71
$GPRMC,172903.00,A,3732.969219,N,12217.539709,W,061.4,324.0,040920,,,A*44
$GPGGA,172904.00,3732.983259,N,12217.552537,W,7,,0.38,-30.86,M,0.0,M,0.0,0000*79
$GPRMC,172904.00,A,3732.983259,N,12217.552537,W,062.3,323.7,040920,,,A*45
$GPGGA,172905.00,3732.997665,N,12217.565828,W,7,,0.38,-30.75,M,0.0,M,0.0,0000*7D
$GPRMC,172905.00,A,3732.997665,N,12217.565828,W,062.6,323.5,040920,,,A*4A
$GPGGA,172906.00,3733.011243,N,12217.578392,W,7,,0.38,-30.74,M,0.0,M,0.0,0000*7F
$GPRMC,172906.00,A,3733.011243,N,12217.578392,W,063.0,323.5,040920,,,A*4E
$GPGGA,172907.00,3733.025374,N,12217.591399,W,7,,0.38,-30.55,M,0.0,M,0.0,0000*73
$GPRMC,172907.00,A,3733.025374,N,12217.591399,W,063.3,323.7,040920,,,A*40
$GPGGA,172908.00,3733.040097,N,12217.605115,W,7,,0.38,-30.33,M,0.0,M,0.0,0000*79
$GPRMC,172908.00,A,3733.040097,N,12217.605115,W,063.3,323.3,040920,,,A*4E
$GPGGA,172909.00,3733.054270,N,12217.618345,W,7,,0.38,-30.69,M,0.0,M,0.0,0000*72
$GPRMC,172909.00,A,3733.054270,N,12217.618345,W,063.8,323.3,040920,,,A*41
$GPGGA,172910.00,3733.068555,N,12217.631581,W,7,,0.38,-30.83,M,0.0,M,0.0,0000*74
$GPRMC,172910.00,A,3733.068555,N,12217.631581,W,064.2,323.7,040920,,,A*4A
$GPGGA,172911.00,3733.082650,N,12217.644602,W,7,,0.38,-30.94,M,0.0,M,0.0,0000*7B
$GPRMC,172911.00,A,3733.082650,N,12217.644602,W,064.6,323.6,040920,,,A*46
$GPGGA,172912.00,3733.097068,N,12217.657976,W,7,,0.38,-31.05,M,0.0,M,0.0,0000*76
$GPRMC,172912.00,A,3733.097068,N,12217.657976,W,064.6,323.5,040920,,,A*41
$GPGGA,172913.00,3733.111948,N,12217.671799,W,7,,0.38,-31.05,M,0.0,M,0.0,0000*78
$GPRMC,172913.00,A,3733.111948,N,12217.671799,W,064.7,323.4,040920,,,A*4F
$GPGGA,172914.00,3733.126390,N,12217.685180,W,7,,0.38,-30.91,M,0.0,M,0.0,0000*7D
$GPRMC,172914.00,A,3733.126390,N,12217.685180,W,064.7,323.5,040920,,,A*47
$GPGGA,172915.00,3733.140525,N,12217.698241,W,7,,0.38,-31.03,M,0.0,M,0.0,0000*7C
$GPRMC,172915.00,A,3733.140525,N,12217.698241,W,064.7,323.8,040920,,,A*41
$GPGGA,172916.00,3733.155430,N,12217.712023,W,7,,0.38,-30.92,M,0.0,M,0.0,0000*72
$GPRMC,172916.00,A,3733.155430,N,12217.712023,W,064.6,323.3,040920,,,A*4C
$GPGGA,172917.00,3733.169829,N,12217.725523,W,7,,0.38,-31.23,M,0.0,M,0.0,0000*72
$GPRMC,172917.00,A,3733.169829,N,12217.725523,W,064.7,322.9,040920,,,A*4D
$GPGGA,172918.00,3733.183810,N,12217.738688,W,7,,0.38,-31.14,M,0.0,M,0.0,0000*79
$GPRMC,172918.00,A,3733.183810,N,12217.738688,W,064.2,323.2,040920,,,A*4D
$GPGGA,172919.00,3733.197964,N,12217.751918,W,7,,0.38,-31.15,M,0.0,M,0.0,0000*77
$GPRMC,172919.00,A,3733.197964,N,12217.751918,W,063.3,323.2,040920,,,A*44
$GPGGA,172920.00,3733.211830,N,12217.765088,W,7,,0.38,-31.37,M,0.0,M,0.0,0000*77
$GPRMC,172920.00,A,3733.211830,N,12217.765088,W,062.5,322.7,040920,,,A*47
$GPGGA,172921.00,3733.226007,N,12217.778600,W,7,,0.38,-31.09,M,0.0,M,0.0,0000*79
$GPRMC,172921.00,A,3733.226007,N,12217.778600,W,061.6,323.0,040920,,,A*42
$GPGGA,172922.00,3733.239052,N,12217.791080,W,7,,0.38,-31.31,M,0.0,M,0.0,0000*76
$GPRMC,172922.00,A,3733.239052,N,12217.791080,W,059.7,323.0,040920,,,A*4C
$GPGGA,172923.00,3733.251964,N,12217.803253,W,7,,0.38,-30.92,M,0.0,M,0.0,0000*75
$GPRMC,172923.00,A,3733.251964,N,12217.803253,W,057.2,323.0,040920,,,A*4C
$GPGGA,172924.00,3733.264971,N,12217.815589,W,7,,0.38,-30.77,M,0.0,M,0.0,0000*7C
$GPRMC,172924.00,A,3733.264971,N,12217.815589,W,056.2,322.8,040920,,,A*46
$GPGGA,172925.00,3733.277367,N,12217.827344,W,7,,0.38,-30.93,M,0.0,M,0.0,0000*7E
$GPRMC,172925.00,A,3733.277367,N,12217.827344,W,055.0,322.9,040920,,,A*4E
$GPGGA,172926.00,3733.289091,N,12217.838450,W,7,,0.38,-30.81,M,0.0,M,0.0,0000*79
$GPRMC,172926.00,A,3733.289091,N,12217.838450,W,054.3,323.0,040920,,,A*40
$GPGGA,172927.00,3733.301019,N,12217.849766,W,7,,0.38,-30.89,M,0.0,M,0.0,0000*71
$GPRMC,172927.00,A,3733.301019,N,12217.849766,W,053.5,322.9,040920,,,A*49
$GPGGA,172928.00,3733.312774,N,12217.860931,W,7,,0.38,-30.71,M,0.0,M,0.0,0000*70
$GPRMC,172928.00,A,3733.312774,N,12217.860931,W,052.9,323.1,040920,,,A*4B
$GPGGA,172929.00,3733.325038,N,12217.872398,W,7,,0.38,-30.67,M,0.0,M,0.0,0000*77
$GPRMC,172929.00,A,3733.325038,N,12217.872398,W,052.8,323.4,040920,,,A*4F
$GPGGA,172930.00,3733.336354,N,12217.882933,W,7,,0.38,-30.55,M,0.0,M,0.0,0000*71
$GPRMC,172930.00,A,3733.336354,N,12217.882933,W,052.3,323.5,040920,,,A*42
$GPGGA,172931.00,3733.347963,N,12217.893721,W,7,,0.38,-30.58,M,0.0,M,0.0,0000*78
$GPRMC,172931.00,A,3733.347963,N,12217.893721,W,051.9,323.4,040920,,,A*4E
$GPGGA,172932.00,3733.359963,N,12217.904965,W,7,,0.38,-30.60,M,0.0,M,0.0,0000*7E
$GPRMC,172932.00,A,3733.359963,N,12217.904965,W,051.7,323.2,040920,,,A*4B
$GPGGA,172933.00,3733.371417,N,12217.915639,W,7,,0.38,-30.64,M,0.0,M,0.0,0000*79
$GPRMC,172933.00,A,3733.371417,N,12217.915639,W,051.2,323.6,040920,,,A*49
$GPGGA,172934.00,3733.382488,N,12217.925744,W,7,,0.38,-30.69,M,0.0,M,0.0,0000*71
$GPRMC,172934.00,A,3733.382488,N,12217.925744,W,050.8,324.1,040920,,,A*47
$GPGGA,172935.00,3733.393821,N,12217.936135,W,7,,0.38,-30.79,M,0.0,M,0.0,0000*7C
$GPRMC,172935.00,A,3733.393821,N,12217.936135,W,050.5,323.8,040920,,,A*48
$GPGGA,172936.00,3733.405275,N,12217.946684,W,7,,0.38,-30.84,M,0.0,M,0.0,0000*74
$GPRMC,172936.00,A,3733.405275,N,12217.946684,W,050.6,323.6,040920,,,A*4F
$GPGGA,172937.00,3733.416813,N,12217.957424,W,7,,0.38,-30.77,M,0.0,M,0.0,0000*79
$GPRMC,172937.00,A,3733.416813,N,12217.957424,W,050.2,323.4,040920,,,A*48
$GPGGA,172938.00,3733.427584,N,12217.967462,W,7,,0.38,-30.56,M,0.0,M,0.0,0000*75
$GPRMC,172938.00,A,3733.427584,N,12217.967462,W,049.8,323.4,040920,,,A*45
$GPGGA,172939.00,3733.438672,N,12217.977865,W,7,,0.38,-30.53,M,0.0,M,0.0,0000*7F
$GPRMC,172939.00,A,3733.438672,N,12217.977865,W,050.1,323.2,040920,,,A*4D
$GPGGA,172940.00,3733.450413,N,12217.988683,W,7,,0.38,-30.59,M,0.0,M,0.0,0000*76
$GPRMC,172940.00,A,3733.450413,N,12217.988683,W,050.5,324.1,040920,,,A*4E
$GPGGA,172941.00,3733.461939,N,12217.999051,W,7,,0.38,-30.61,M,0.0,M,0.0,0000*72
$GPRMC,172941.00,A,3733.461939,N,12217.999051,W,051.6,324.7,040920,,,A*45
$GPGGA,172942.00,3733.473874,N,12218.009642,W,7,,0.38,-30.84,M,0.0,M,0.0,0000*7A
$GPRMC,172942.00,A,3733.473874,N,12218.009642,W,053.1,324.8,040920,,,A*4C
$GPGGA,172943.00,3733.485903,N,12218.020286,W,7,,0.38,-30.93,M,0.0,M,0.0,0000*72
$GPRMC,172943.00,A,3733.485903,N,12218.020286,W,055.0,324.7,040920,,,A*4A
$GPGGA,172944.00,3733.498612,N,12218.031571,W,7,,0.38,-30.90,M,0.0,M,0.0,0000*7A
$GPRMC,172944.00,A,3733.498612,N,12218.031571,W,056.7,324.8,040920,,,A*4A
$GPGGA,172945.00,3733.511871,N,12218.043319,W,7,,0.38,-30.94,M,0.0,M,0.0,0000*79
$GPRMC,172945.00,A,3733.511871,N,12218.043319,W,057.1,324.9,040920,,,A*4B
$GPGGA,172946.00,3733.524778,N,12218.054858,W,7,,0.38,-30.77,M,0.0,M,0.0,0000*7F
$GPRMC,172946.00,A,3733.524778,N,12218.054858,W,057.2,324.2,040920,,,A*48
$GPGGA,172947.00,3733.537402,N,12218.066330,W,7,,0.38,-30.79,M,0.0,M,0.0,0000*78
$GPRMC,172947.00,A,3733.537402,N,12218.066330,W,057.7,323.8,040920,,,A*49
$GPGGA,172948.00,3733.550763,N,12218.078582,W,7,,0.38,-30.73,M,0.0,M,0.0,0000*78
$GPRMC,172948.00,A,3733.550763,N,12218.078582,W,057.9,324.2,040920,,,A*40
$GPGGA,172949.00,3733.563802,N,12218.090497,W,7,,0.38,-30.54,M,0.0,M,0.0,0000*77
$GPRMC,172949.00,A,3733.563802,N,12218.090497,W,058.1,323.9,040920,,,A*41
$GPGGA,172950.00,3733.576426,N,12218.102264,W,7,,0.38,-30.55,M,0.0,M,0.0,0000*70
$GPRMC,172950.00,A,3733.576426,N,12218.102264,W,058.0,322.9,040920,,,A*47
$GPGGA,172951.00,3733.589194,N,12218.114593,W,7,,0.38,-30.57,M,0.0,M,0.0,0000*77
$GPRMC,172951.00,A,3733.589194,N,12218.114593,W,058.0,322.1,040920,,,A*4A
$GPGGA,172952.00,3733.601896,N,12218.127140,W,7,,0.38,-30.63,M,0.0,M,0.0,0000*71
$GPRMC,172952.00,A,3733.601896,N,12218.127140,W,058.3,321.6,040920,,,A*4C
$GPGGA,172953.00,3733.614927,N,12218.140249,W,7,,0.38,-30.62,M,0.0,M,0.0,0000*75
$GPRMC,172953.00,A,3733.614927,N,12218.140249,W,058.4,321.1,040920,,,A*49
$GPGGA,172954.00,3733.627354,N,12218.152741,W,7,,0.38,-30.62,M,0.0,M,0.0,0000*72
$GPRMC,172954.00,A,3733.627354,N,12218.152741,W,058.9,321.5,040920,,,A*47
$GPGGA,172955.00,3733.640109,N,12218.165551,W,7,,0.38,-30.65,M,0.0,M,0.0,0000*78
$GPRMC,172955.00,A,3733.640109,N,12218.165551,W,059.2,321.0,040920,,,A*45
$GPGGA,172956.00,3733.653232,N,12218.179046,W,7,,0.38,-30.62,M,0.0,M,0.0,0000*7B
$GPRMC,172956.00,A,3733.653232,N,12218.179046,W,059.3,320.3,040920,,,A*42
$GPGGA,172957.00,3733.665969,N,12218.192558,W,7,,0.38,-30.75,M,0.0,M,0.0,0000*73
$GPRMC,172957.00,A,3733.665969,N,12218.192558,W,059.5,319.4,040920,,,A*47
$GPGGA,172958.00,3733.677994,N,12218.205614,W,7,,0.38,-30.83,M,0.0,M,0.0,0000*72
$GPRMC,172958.00,A,3733.677994,N,12218.205614,W,059.0,318.8,040920,,,A*47
$GPGGA,172959.00,3733.690252,N,12218.219095,W,7,,0.38,-30.69,M,0.0,M,0.0,0000*7D
$GPRMC,172959.00,A,3733.690252,N,12218.219095,W,058.5,318.7,040920,,,A*47
$GPGGA,173000.00,3733.702383,N,12218.232416,W,7,,0.38,-30.70,M,0.0,M,0.0,0000*70
$GPRMC,173000.00,A,3733.702383,N,12218.232416,W,057.9,318.8,040920,,,A*4E
$GPGGA,173001.00,3733.714990,N,12218.246155,W,7,,0.38,-30.61,M,0.0,M,0.0,0000*7F
$GPRMC,173001.00,A,3733.714990,N,12218.246155,W,057.6,319.1,040920,,,A*46
$GPGGA,173002.00,3733.726762,N,12218.258977,W,7,,0.38,-30.64,M,0.0,M,0.0,0000*7C
$GPRMC,173002.00,A,3733.726762,N,12218.258977,W,058.4,319.0,040920,,,A*4C
$GPGGA,173003.00,3733.739091,N,12218.272423,W,7,,0.38,-30.64,M,0.0,M,0.0,0000*7C
$GPRMC,173003.00,A,3733.739091,N,12218.272423,W,059.3,318.8,040920,,,A*43
$GPGGA,173004.00,3733.752082,N,12218.286493,W,7,,0.38,-30.61,M,0.0,M,0.0,0000*71
$GPRMC,173004.00,A,3733.752082,N,12218.286493,W,059.3,319.5,040920,,,A*47
$GPGGA,173005.00,3733.764574,N,12218.299807,W,7,,0.38,-30.68,M,0.0,M,0.0,0000*7F
$GPRMC,173005.00,A,3733.764574,N,12218.299807,W,058.8,319.8,040920,,,A*47
$GPGGA,173006.00,3733.776496,N,12218.312593,W,7,,0.38,-30.65,M,0.0,M,0.0,0000*7D
$GPRMC,173006.00,A,3733.776496,N,12218.312593,W,058.2,319.3,040920,,,A*49
$GPGGA,173007.00,3733.788904,N,12218.325649,W,7,,0.38,-30.60,M,0.0,M,0.0,0000*7E
$GPRMC,173007.00,A,3733.788904,N,12218.325649,W,058.7,320.5,040920,,,A*46
$GPGGA,173008.00,3733.801624,N,12218.338778,W,7,,0.38,-30.60,M,0.0,M,0.0,0000*7D
$GPRMC,173008.00,A,3733.801624,N,12218.338778,W,058.9,321.5,040920,,,A*4A
$GPGGA,173009.00,3733.814626,N,12218.352031,W,7,,0.38,-30.69,M,0.0,M,0.0,0000*75
$GPRMC,173009.00,A,3733.814626,N,12218.352031,W,058.2,321.0,040920,,,A*45
$GPGGA,173010.00,3733.827058,N,12218.364895,W,7,,0.38,-30.73,M,0.0,M,0.0,0000*7A
$GPRMC,173010.00,A,3733.827058,N,12218.364895,W,057.7,320.4,040920,,,A*4E
$GPGGA,173011.00,3733.839022,N,12218.377532,W,7,,0.38,-30.57,M,0.0,M,0.0,0000*7D
$GPRMC,173011.00,A,3733.839022,N,12218.377532,W,057.2,320.0,040920,,,A*4E
$GPGGA,173012.00,3733.851453,N,12218.390804,W,7,,0.38,-30.80,M,0.0,M,0.0,0000*79
$GPRMC,173012.00,A,3733.851453,N,12218.390804,W,056.4,319.4,040920,,,A*49
$GPGGA,173013.00,3733.863051,N,12218.403350,W,7,,0.38,-30.87,M,0.0,M,0.0,0000*7F
$GPRMC,173013.00,A,3733.863051,N,12218.403350,W,054.3,319.1,040920,,,A*48
$GPGGA,173014.00,3733.874308,N,12218.415590,W,7,,0.38,-30.80,M,0.0,M,0.0,0000*7B
$GPRMC,173014.00,A,3733.874308,N,12218.415590,W,053.1,319.0,040920,,,A*4F
$GPGGA,173015.00,3733.885036,N,12218.427433,W,7,,0.38,-30.73,M,0.0,M,0.0,0000*7F
$GPRMC,173015.00,A,3733.885036,N,12218.427433,W,052.3,318.6,040920,,,A*43
$GPGGA,173016.00,3733.895835,N,12218.439391,W,7,,0.38,-30.63,M,0.0,M,0.0,0000*77
$GPRMC,173016.00,A,3733.895835,N,12218.439391,W,051.6,318.5,040920,,,A*4F
$GPGGA,173017.00,3733.906935,N,12218.451661,W,7,,0.38,-30.67,M,0.0,M,0.0,0000*7C
$GPRMC,173017.00,A,3733.906935,N,12218.451661,W,051.8,318.5,040920,,,A*4E
$GPGGA,173018.00,3733.917555,N,12218.463386,W,7,,0.38,-30.64,M,0.0,M,0.0,0000*77
$GPRMC,173018.00,A,3733.917555,N,12218.463386,W,052.7,318.8,040920,,,A*47
$GPGGA,173019.00,3733.928535,N,12218.475422,W,7,,0.38,-30.68,M,0.0,M,0.0,0000*7E
$GPRMC,173019.00,A,3733.928535,N,12218.475422,W,052.8,319.1,040920,,,A*45
$GPGGA,173020.00,3733.939977,N,12218.487805,W,7,,0.38,-30.81,M,0.0,M,0.0,0000*7D
$GPRMC,173020.00,A,3733.939977,N,12218.487805,W,052.6,319.2,040920,,,A*4C
$GPGGA,173021.00,3733.951041,N,12218.499806,W,7,,0.38,-30.78,M,0.0,M,0.0,0000*74
$GPRMC,173021.00,A,3733.951041,N,12218.499806,W,052.7,319.2,040920,,,A*42
$GPGGA,173022.00,3733.961835,N,12218.511542,W,7,,0.38,-30.76,M,0.0,M,0.0,0000*7D
$GPRMC,173022.00,A,3733.961835,N,12218.511542,W,052.6,318.9,040920,,,A*4E
$GPGGA,173023.00,3733.972863,N,12218.523524,W,7,,0.38,-30.67,M,0.0,M,0.0,0000*7C
$GPRMC,173023.00,A,3733.972863,N,12218.523524,W,052.5,319.3,040920,,,A*47
$GPGGA,173024.00,3733.983898,N,12218.535493,W,7,,0.38,-30.71,M,0.0,M,0.0,0000*7C
$GPRMC,173024.00,A,3733.983898,N,12218.535493,W,052.5,319.0,040920,,,A*43
$GPGGA,173025.00,3733.995388,N,12218.548069,W,7,,0.38,-30.73,M,0.0,M,0.0,0000*79
$GPRMC,173025.00,A,3733.995388,N,12218.548069,W,052.9,318.8,040920,,,A*41
$GPGGA,173026.00,3734.006290,N,12218.559902,W,7,,0.38,-30.75,M,0.0,M,0.0,0000*74
$GPRMC,173026.00,A,3734.006290,N,12218.559902,W,054.3,319.0,040920,,,A*4F
$GPGGA,173027.00,3734.017833,N,12218.572424,W,7,,0.38,-30.73,M,0.0,M,0.0,0000*70
$GPRMC,173027.00,A,3734.017833,N,12218.572424,W,055.4,319.1,040920,,,A*4A
$GPGGA,173028.00,3734.029930,N,12218.585545,W,7,,0.38,-30.73,M,0.0,M,0.0,0000*7E
$GPRMC,173028.00,A,3734.029930,N,12218.585545,W,056.2,319.1,040920,,,A*41
$GPGGA,173029.00,3734.041822,N,12218.598446,W,7,,0.38,-30.66,M,0.0,M,0.0,0000*79
$GPRMC,173029.00,A,3734.041822,N,12218.598446,W,056.1,319.1,040920,,,A*41
$GPGGA,173030.00,3734.053119,N,12218.610872,W,7,,0.38,-30.54,M,0.0,M,0.0,0000*7A
$GPRMC,173030.00,A,3734.053119,N,12218.610872,W,055.9,318.3,040920,,,A*4B
$GPGGA,173031.00,3734.064645,N,12218.623993,W,7,,0.38,-30.39,M,0.0,M,0.0,0000*74
$GPRMC,173031.00,A,3734.064645,N,12218.623993,W,056.3,317.2,040920,,,A*49
$GPGGA,173032.00,3734.076256,N,12218.637398,W,7,,0.38,-30.29,M,0.0,M,0.0,0000*77
$GPRMC,173032.00,A,3734.076256,N,12218.637398,W,056.3,317.5,040920,,,A*4C
$GPGGA,173033.00,3734.088141,N,12218.650928,W,7,,0.38,-30.13,M,0.0,M,0.0,0000*7B
$GPRMC,173033.00,A,3734.088141,N,12218.650928,W,055.8,317.9,040920,,,A*4D
$GPGGA,173034.00,3734.099223,N,12218.663431,W,7,,0.38,-30.03,M,0.0,M,0.0,0000*7F
$GPRMC,173034.00,A,3734.099223,N,12218.663431,W,055.1,318.2,040920,,,A*45
$GPGGA,173035.00,3734.110689,N,12218.676032,W,7,,0.38,-29.94,M,0.0,M,0.0,0000*7F
$GPRMC,173035.00,A,3734.110689,N,12218.676032,W,054.8,319.0,040920,,,A*48
$GPGGA,173036.00,3734.122600,N,12218.689063,W,7,,0.38,-29.90,M,0.0,M,0.0,0000*7C
$GPRMC,173036.00,A,3734.122600,N,12218.689063,W,054.5,318.9,040920,,,A*4A
$GPGGA,173037.00,3734.133963,N,12218.701417,W,7,,0.38,-29.73,M,0.0,M,0.0,0000*7C
$GPRMC,173037.00,A,3734.133963,N,12218.701417,W,054.1,319.1,040920,,,A*4A
$GPGGA,173038.00,3734.144926,N,12218.713304,W,7,,0.38,-29.52,M,0.0,M,0.0,0000*77
$GPRMC,173038.00,A,3734.144926,N,12218.713304,W,053.7,319.2,040920,,,A*40
$GPGGA,173039.00,3734.155731,N,12218.725039,W,7,,0.38,-29.45,M,0.0,M,0.0,0000*70
$GPRMC,173039.00,A,3734.155731,N,12218.725039,W,049.1,319.1,040920,,,A*4F
$GPGGA,173040.00,3734.165511,N,12218.735701,W,7,,0.38,-29.42,M,0.0,M,0.0,0000*77
$GPRMC,173040.00,A,3734.165511,N,12218.735701,W,044.4,319.0,040920,,,A*46
$GPGGA,173041.00,3734.174866,N,12218.745806,W,7,,0.38,-29.50,M,0.0,M,0.0,0000*77
$GPRMC,173041.00,A,3734.174866,N,12218.745806,W,041.8,319.1,040920,,,A*4D
$GPGGA,173042.00,3734.183457,N,12218.755064,W,7,,0.38,-29.46,M,0.0,M,0.0,0000*78
$GPRMC,173042.00,A,3734.183457,N,12218.755064,W,040.4,318.9,040920,,,A*41
$GPGGA,173043.00,3734.191635,N,12218.763937,W,7,,0.38,-29.47,M,0.0,M,0.0,0000*77
$GPRMC,173043.00,A,3734.191635,N,12218.763937,W,039.5,318.9,040920,,,A*40
$GPGGA,173044.00,3734.200089,N,12218.773123,W,7,,0.38,-29.37,M,0.0,M,0.0,0000*71
$GPRMC,173044.00,A,3734.200089,N,12218.773123,W,038.7,318.9,040920,,,A*42
$GPGGA,173045.00,3734.208172,N,12218.781943,W,7,,0.38,-29.42,M,0.0,M,0.0,0000*7C
$GPRMC,173045.00,A,3734.208172,N,12218.781943,W,038.3,318.8,040920,,,A*48
$GPGGA,173046.00,3734.216145,N,12218.790661,W,7,,0.38,-29.42,M,0.0,M,0.0,0000*7B
$GPRMC,173046.00,A,3734.216145,N,12218.790661,W,038.3,318.8,040920,,,A*4F
$GPGGA,173047.00,3734.224186,N,12218.799506,W,7,,0.38,-29.61,M,0.0,M,0.0,0000*7E
$GPRMC,173047.00,A,3734.224186,N,12218.799506,W,040.3,318.8,040920,,,A*44
$GPGGA,173048.00,3734.232861,N,12218.808859,W,7,,0.38,-29.51,M,0.0,M,0.0,0000*75
$GPRMC,173048.00,A,3734.232861,N,12218.808859,W,042.0,319.8,040920,,,A*4C
$GPGGA,173049.00,3734.242102,N,12218.818855,W,7,,0.38,-29.48,M,0.0,M,0.0,0000*7A
$GPRMC,173049.00,A,3734.242102,N,12218.818855,W,043.0,319.4,040920,,,A*46
$GPGGA,173050.00,3734.251078,N,12218.828486,W,7,,0.38,-29.43,M,0.0,M,0.0,0000*76
$GPRMC,173050.00,A,3734.251078,N,12218.828486,W,043.9,319.6,040920,,,A*4A
$GPGGA,173051.00,3734.260354,N,12218.838494,W,7,,0.38,-29.40,M,0.0,M,0.0,0000*79
$GPRMC,173051.00,A,3734.260354,N,12218.838494,W,044.1,319.1,040920,,,A*4E
$GPGGA,173052.00,3734.269906,N,12218.848627,W,7,,0.38,-29.54,M,0.0,M,0.0,0000*76
$GPRMC,173052.00,A,3734.269906,N,12218.848627,W,043.8,319.2,040920,,,A*49
$GPGGA,173053.00,3734.279242,N,12218.859074,W,7,,0.38,-29.40,M,0.0,M,0.0,0000*78
$GPRMC,173053.00,A,3734.279242,N,12218.859074,W,044.4,318.9,040920,,,A*43
$GPGGA,173054.00,3734.288290,N,12218.868986,W,7,,0.38,-29.31,M,0.0,M,0.0,0000*7E
$GPRMC,173054.00,A,3734.288290,N,12218.868986,W,044.2,319.0,040920,,,A*4D
$GPGGA,173055.00,3734.297547,N,12218.879138,W,7,,0.38,-29.23,M,0.0,M,0.0,0000*72
$GPRMC,173055.00,A,3734.297547,N,12218.879138,W,044.4,319.1,040920,,,A*45
$GPGGA,173056.00,3734.306847,N,12218.889355,W,7,,0.38,-29.21,M,0.0,M,0.0,0000*71
$GPRMC,173056.00,A,3734.306847,N,12218.889355,W,044.7,319.0,040920,,,A*46
$GPGGA,173057.00,3734.316699,N,12218.900113,W,7,,0.38,-29.25,M,0.0,M,0.0,0000*78
$GPRMC,173057.00,A,3734.316699,N,12218.900113,W,045.4,319.2,040920,,,A*4B
$GPGGA,173058.00,3734.325957,N,12218.910134,W,7,,0.38,-29.27,M,0.0,M,0.0,0000*7C
$GPRMC,173058.00,A,3734.325957,N,12218.910134,W,045.7,319.3,040920,,,A*4F
$GPGGA,173059.00,3734.335642,N,12218.920651,W,7,,0.38,-29.21,M,0.0,M,0.0,0000*76
$GPRMC,173059.00,A,3734.335642,N,12218.920651,W,046.6,319.0,040920,,,A*42
$GPGGA,173100.00,3734.345727,N,12218.931722,W,7,,0.38,-29.26,M,0.0,M,0.0,0000*7C
$GPRMC,173100.00,A,3734.345727,N,12218.931722,W,047.0,318.8,040920,,,A*41
$GPGGA,173101.00,3734.355748,N,12218.942659,W,7,,0.38,-29.18,M,0.0,M,0.0,0000*71
$GPRMC,173101.00,A,3734.355748,N,12218.942659,W,047.9,319.1,040920,,,A*40
$GPGGA,173102.00,3734.365461,N,12218.953225,W,7,,0.38,-29.04,M,0.0,M,0.0,0000*7B
$GPRMC,173102.00,A,3734.365461,N,12218.953225,W,048.2,319.1,040920,,,A*43
$GPGGA,173103.00,3734.375799,N,12218.964427,W,7,,0.38,-29.01,M,0.0,M,0.0,0000*7A
$GPRMC,173103.00,A,3734.375799,N,12218.964427,W,049.7,319.3,040920,,,A*41
$GPGGA,173104.00,3734.386509,N,12218.975972,W,7,,0.38,-28.94,M,0.0,M,0.0,0000*7A
$GPRMC,173104.00,A,3734.386509,N,12218.975972,W,051.0,319.4,040920,,,A*45
$GPGGA,173105.00,3734.397706,N,12218.988008,W,7,,0.38,-28.89,M,0.0,M,0.0,0000*7C
$GPRMC,173105.00,A,3734.397706,N,12218.988008,W,051.9,319.3,040920,,,A*41
$GPGGA,173106.00,3734.408278,N,12218.999480,W,7,,0.38,-28.98,M,0.0,M,0.0,0000*76
$GPRMC,173106.00,A,3734.408278,N,12218.999480,W,052.3,319.1,040920,,,A*40
$GPGGA,173107.00,3734.419425,N,12219.011486,W,7,,0.38,-28.99,M,0.0,M,0.0,0000*76
$GPRMC,173107.00,A,3734.419425,N,12219.011486,W,053.3,319.5,040920,,,A*44
$GPGGA,173108.00,3734.431234,N,12219.024229,W,7,,0.38,-29.21,M,0.0,M,0.0,0000*72
$GPRMC,173108.00,A,3734.431234,N,12219.024229,W,054.0,319.3,040920,,,A*40
$GPGGA,173109.00,3734.442502,N,12219.036464,W,7,,0.38,-29.11,M,0.0,M,0.0,0000*7A
$GPRMC,173109.00,A,3734.442502,N,12219.036464,W,053.7,319.1,040920,,,A*49
$GPGGA,173110.00,3734.453668,N,12219.048686,W,7,,0.38,-29.17,M,0.0,M,0.0,0000*7C
$GPRMC,173110.00,A,3734.453668,N,12219.048686,W,053.1,318.8,040920,,,A*47
$GPGGA,173111.00,3734.464276,N,12219.060344,W,7,,0.38,-29.21,M,0.0,M,0.0,0000*76
$GPRMC,173111.00,A,3734.464276,N,12219.060344,W,051.3,318.8,040920,,,A*48
$GPGGA,173112.00,3734.474866,N,12219.071815,W,7,,0.38,-29.24,M,0.0,M,0.0,0000*75
$GPRMC,173112.00,A,3734.474866,N,12219.071815,W,049.5,318.9,040920,,,A*40
$GPGGA,173113.00,3734.485402,N,12219.083414,W,7,,0.38,-29.18,M,0.0,M,0.0,0000*7B
$GPRMC,173113.00,A,3734.485402,N,12219.083414,W,048.4,319.0,040920,,,A*49
$GPGGA,173114.00,3734.495548,N,12219.094370,W,7,,0.38,-29.35,M,0.0,M,0.0,0000*7E
$GPRMC,173114.00,A,3734.495548,N,12219.094370,W,047.8,319.3,040920,,,A*43
$GPGGA,173115.00,3734.505352,N,12219.104917,W,7,,0.38,-29.50,M,0.0,M,0.0,0000*7A
$GPRMC,173115.00,A,3734.505352,N,12219.104917,W,047.3,319.3,040920,,,A*4F
$GPGGA,173116.00,3734.515629,N,12219.116012,W,7,,0.38,-29.61,M,0.0,M,0.0,0000*7C
$GPRMC,173116.00,A,3734.515629,N,12219.116012,W,047.4,319.1,040920,,,A*4E
$GPGGA,173117.00,3734.525572,N,12219.126895,W,7,,0.38,-29.67,M,0.0,M,0.0,0000*71
$GPRMC,173117.00,A,3734.525572,N,12219.126895,W,047.6,318.7,040920,,,A*40
$GPGGA,173118.00,3734.535327,N,12219.137486,W,7,,0.38,-29.82,M,0.0,M,0.0,0000*7C
$GPRMC,173118.00,A,3734.535327,N,12219.137486,W,047.4,319.2,040920,,,A*40
$GPGGA,173119.00,3734.545228,N,12219.148328,W,7,,0.38,-29.99,M,0.0,M,0.0,0000*75
$GPRMC,173119.00,A,3734.545228,N,12219.148328,W,047.0,318.9,040920,,,A*4D
$GPGGA,173120.00,3734.555044,N,12219.159074,W,7,,0.38,-30.14,M,0.0,M,0.0,0000*71
$GPRMC,173120.00,A,3734.555044,N,12219.159074,W,046.8,318.9,040920,,,A*4D
$GPGGA,173121.00,3734.565178,N,12219.170114,W,7,,0.38,-30.26,M,0.0,M,0.0,0000*70
$GPRMC,173121.00,A,3734.565178,N,12219.170114,W,046.7,319.2,040920,,,A*48
$GPGGA,173122.00,3734.574729,N,12219.180446,W,7,,0.38,-30.33,M,0.0,M,0.0,0000*78
$GPRMC,173122.00,A,3734.574729,N,12219.180446,W,046.4,319.4,040920,,,A*41
$GPGGA,173123.00,3734.584497,N,12219.191042,W,7,,0.38,-30.40,M,0.0,M,0.0,0000*74
$GPRMC,173123.00,A,3734.584497,N,12219.191042,W,046.7,319.2,040920,,,A*4C
$GPGGA,173124.00,3734.594590,N,12219.202033,W,7,,0.38,-30.44,M,0.0,M,0.0,0000*7F
$GPRMC,173124.00,A,3734.594590,N,12219.202033,W,047.0,319.0,040920,,,A*47
$GPGGA,173125.00,3734.604592,N,12219.212905,W,7,,0.38,-30.45,M,0.0,M,0.0,0000*7A
$GPRMC,173125.00,A,3734.604592,N,12219.212905,W,047.4,319.3,040920,,,A*44
$GPGGA,173126.00,3734.614246,N,12219.223400,W,7,,0.38,-30.44,M,0.0,M,0.0,0000*7D
$GPRMC,173126.00,A,3734.614246,N,12219.223400,W,047.4,319.1,040920,,,A*40
$GPGGA,173127.00,3734.624151,N,12219.234140,W,7,,0.38,-30.44,M,0.0,M,0.0,0000*7D
$GPRMC,173127.00,A,3734.624151,N,12219.234140,W,047.1,319.2,040920,,,A*46
$GPGGA,173128.00,3734.634070,N,12219.244886,W,7,,0.38,-30.48,M,0.0,M,0.0,0000*79
$GPRMC,173128.00,A,3734.634070,N,12219.244886,W,047.0,319.2,040920,,,A*4F
$GPGGA,173129.00,3734.644341,N,12219.256088,W,7,,0.38,-30.41,M,0.0,M,0.0,0000*72
$GPRMC,173129.00,A,3734.644341,N,12219.256088,W,047.2,318.9,040920,,,A*45
$GPGGA,173130.00,3734.653906,N,12219.266503,W,7,,0.38,-30.33,M,0.0,M,0.0,0000*75
$GPRMC,173130.00,A,3734.653906,N,12219.266503,W,047.2,319.1,040920,,,A*4E
$GPGGA,173131.00,3734.663895,N,12219.277304,W,7,,0.38,-30.41,M,0.0,M,0.0,0000*78
$GPRMC,173131.00,A,3734.663895,N,12219.277304,W,047.6,319.3,040920,,,A*40
$GPGGA,173132.00,3734.674173,N,12219.288446,W,7,,0.38,-30.43,M,0.0,M,0.0,0000*7F
$GPRMC,173132.00,A,3734.674173,N,12219.288446,W,047.3,319.1,040920,,,A*42
$GPGGA,173133.00,3734.684110,N,12219.299234,W,7,,0.38,-30.45,M,0.0,M,0.0,0000*71
$GPRMC,173133.00,A,3734.684110,N,12219.299234,W,046.7,319.1,040920,,,A*4F
$GPGGA,173134.00,3734.693536,N,12219.309458,W,7,,0.38,-30.42,M,0.0,M,0.0,0000*73
$GPRMC,173134.00,A,3734.693536,N,12219.309458,W,046.2,319.2,040920,,,A*4C
$GPGGA,173135.00,3734.703196,N,12219.319988,W,7,,0.38,-30.52,M,0.0,M,0.0,0000*74
$GPRMC,173135.00,A,3734.703196,N,12219.319988,W,045.8,319.0,040920,,,A*41
$GPGGA,173136.00,3734.712873,N,12219.330482,W,7,,0.38,-30.46,M,0.0,M,0.0,0000*7C
$GPRMC,173136.00,A,3734.712873,N,12219.330482,W,045.6,319.2,040920,,,A*40
$GPGGA,173137.00,3734.722695,N,12219.341149,W,7,,0.38,-30.43,M,0.0,M,0.0,0000*79
$GPRMC,173137.00,A,3734.722695,N,12219.341149,W,045.2,319.2,040920,,,A*44
$GPGGA,173138.00,3734.731870,N,12219.351025,W,7,,0.38,-30.42,M,0.0,M,0.0,0000*7A
$GPRMC,173138.00,A,3734.731870,N,12219.351025,W,044.8,319.5,040920,,,A*4A
$GPGGA,173139.00,3734.741350,N,12219.361141,W,7,,0.38,-30.41,M,0.0,M,0.0,0000*76
$GPRMC,173139.00,A,3734.741350,N,12219.361141,W,044.8,319.7,040920,,,A*47
$GPGGA,173140.00,3734.751225,N,12219.371677,W,7,,0.38,-30.30,M,0.0,M,0.0,0000*7F
$GPRMC,173140.00,A,3734.751225,N,12219.371677,W,044.6,319.5,040920,,,A*44
$GPGGA,173141.00,3734.760580,N,12219.381812,W,7,,0.38,-30.23,M,0.0,M,0.0,0000*74
$GPRMC,173141.00,A,3734.760580,N,12219.381812,W,044.6,319.0,040920,,,A*48
$GPGGA,173142.00,3734.769928,N,12219.392126,W,7,,0.38,-30.21,M,0.0,M,0.0,0000*7E
$GPRMC,173142.00,A,3734.769928,N,12219.392126,W,044.9,318.6,040920,,,A*48
$GPGGA,173143.00,3734.779059,N,12219.402211,W,7,,0.38,-30.26,M,0.0,M,0.0,0000*7F
$GPRMC,173143.00,A,3734.779059,N,12219.402211,W,044.8,318.9,040920,,,A*40
$GPGGA,173144.00,3734.788336,N,12219.412339,W,7,,0.38,-30.39,M,0.0,M,0.0,0000*78
$GPRMC,173144.00,A,3734.788336,N,12219.412339,W,044.4,319.4,040920,,,A*49
$GPGGA,173145.00,3734.798092,N,12219.422864,W,7,,0.38,-30.38,M,0.0,M,0.0,0000*74
$GPRMC,173145.00,A,3734.798092,N,12219.422864,W,044.7,319.2,040920,,,A*41
$GPGGA,173146.00,3734.807500,N,12219.433003,W,7,,0.38,-30.40,M,0.0,M,0.0,0000*76
$GPRMC,173146.00,A,3734.807500,N,12219.433003,W,044.4,319.3,040920,,,A*4E
$GPGGA,173147.00,3734.816643,N,12219.442861,W,7,,0.38,-30.59,M,0.0,M,0.0,0000*71
$GPRMC,173147.00,A,3734.816643,N,12219.442861,W,044.2,319.4,040920,,,A*40
$GPGGA,173148.00,3734.826153,N,12219.453187,W,7,,0.38,-30.25,M,0.0,M,0.0,0000*71
$GPRMC,173148.00,A,3734.826153,N,12219.453187,W,043.8,319.0,040920,,,A*42
$GPGGA,173149.00,3734.835304,N,12219.463202,W,7,,0.38,-30.40,M,0.0,M,0.0,0000*7C
$GPRMC,173149.00,A,3734.835304,N,12219.463202,W,043.7,319.0,040920,,,A*43
$GPGGA,173150.00,3734.844321,N,12219.472975,W,7,,0.38,-30.54,M,0.0,M,0.0,0000*7B
$GPRMC,173150.00,A,3734.844321,N,12219.472975,W,043.8,319.2,040920,,,A*4C
$GPGGA,173151.00,3734.853525,N,12219.482978,W,7,,0.38,-30.62,M,0.0,M,0.0,0000*79
$GPRMC,173151.00,A,3734.853525,N,12219.482978,W,044.0,319.1,040920,,,A*47
$GPGGA,173152.00,3734.862796,N,12219.493022,W,7,,0.38,-30.62,M,0.0,M,0.0,0000*74
$GPRMC,173152.00,A,3734.862796,N,12219.493022,W,044.0,319.1,040920,,,A*4A
$GPGGA,173153.00,3734.872282,N,12219.503383,W,7,,0.38,-30.69,M,0.0,M,0.0,0000*7F
$GPRMC,173153.00,A,3734.872282,N,12219.503383,W,043.6,319.1,040920,,,A*4B
$GPGGA,173154.00,3734.881222,N,12219.513103,W,7,,0.38,-30.64,M,0.0,M,0.0,0000*78
$GPRMC,173154.00,A,3734.881222,N,12219.513103,W,043.3,319.1,040920,,,A*44
$GPGGA,173155.00,3734.890299,N,12219.522932,W,7,,0.38,-30.66,M,0.0,M,0.0,0000*73
$GPRMC,173155.00,A,3734.890299,N,12219.522932,W,043.0,319.1,040920,,,A*4E
$GPGGA,173156.00,3734.899587,N,12219.533011,W,7,,0.38,-30.58,M,0.0,M,0.0,0000*74
$GPRMC,173156.00,A,3734.899587,N,12219.533011,W,042.7,319.1,040920,,,A*42
$GPGGA,173157.00,3734.908660,N,12219.542840,W,7,,0.38,-30.56,M,0.0,M,0.0,0000*72
$GPRMC,173157.00,A,3734.908660,N,12219.542840,W,042.5,319.2,040920,,,A*4B
$GPGGA,173158.00,3734.917251,N,12219.552164,W,7,,0.38,-30.48,M,0.0,M,0.0,0000*74
$GPRMC,173158.00,A,3734.917251,N,12219.552164,W,042.2,319.2,040920,,,A*45
$GPGGA,173159.00,3734.926113,N,12219.561775,W,7,,0.38,-30.49,M,0.0,M,0.0,0000*75
$GPRMC,173159.00,A,3734.926113,N,12219.561775,W,042.0,319.3,040920,,,A*46
$GPGGA,173200.00,3734.934934,N,12219.571292,W,7,,0.38,-30.43,M,0.0,M,0.0,0000*73
$GPRMC,173200.00,A,3734.934934,N,12219.571292,W,041.7,319.2,040920,,,A*4F
$GPGGA,173201.00,3734.944071,N,12219.581191,W,7,,0.38,-30.39,M,0.0,M,0.0,0000*7F
$GPRMC,173201.00,A,3734.944071,N,12219.581191,W,041.6,319.3,040920,,,A*4E
$GPGGA,173202.00,3734.952519,N,12219.590299,W,7,,0.38,-30.32,M,0.0,M,0.0,0000*70
$GPRMC,173202.00,A,3734.952519,N,12219.590299,W,041.4,319.2,040920,,,A*49
$GPGGA,173203.00,3734.961207,N,12219.599707,W,7,,0.38,-30.29,M,0.0,M,0.0,0000*78
$GPRMC,173203.00,A,3734.961207,N,12219.599707,W,041.2,319.2,040920,,,A*4D
$GPGGA,173204.00,3734.970219,N,12219.609361,W,7,,0.38,-30.31,M,0.0,M,0.0,0000*77
$GPRMC,173204.00,A,3734.970219,N,12219.609361,W,040.8,319.3,040920,,,A*41
$GPGGA,173205.00,3734.978776,N,12219.618674,W,7,,0.38,-30.22,M,0.0,M,0.0,0000*71
$GPRMC,173205.00,A,3734.978776,N,12219.618674,W,040.6,319.1,040920,,,A*49
$GPGGA,173206.00,3734.986971,N,12219.627662,W,7,,0.38,-30.12,M,0.0,M,0.0,0000*72
$GPRMC,173206.00,A,3734.986971,N,12219.627662,W,040.5,318.8,040920,,,A*42
$GPGGA,173207.00,3734.995372,N,12219.636919,W,7,,0.38,-30.00,M,0.0,M,0.0,0000*78
$GPRMC,173207.00,A,3734.995372,N,12219.636919,W,040.3,318.8,040920,,,A*4D
$GPGGA,173208.00,3735.003958,N,12219.646327,W,7,,0.38,-29.92,M,0.0,M,0.0,0000*71
$GPRMC,173208.00,A,3735.003958,N,12219.646327,W,040.8,319.0,040920,,,A*45
$GPGGA,173209.00,3735.012789,N,12219.656018,W,7,,0.38,-29.73,M,0.0,M,0.0,0000*73
$GPRMC,173209.00,A,3735.012789,N,12219.656018,W,041.1,319.0,040920,,,A*40
$GPGGA,173210.00,3735.021130,N,12219.665095,W,7,,0.38,-29.56,M,0.0,M,0.0,0000*7D
$GPRMC,173210.00,A,3735.021130,N,12219.665095,W,041.1,319.1,040920,,,A*48
$GPGGA,173211.00,3735.029823,N,12219.674498,W,7,,0.38,-29.47,M,0.0,M,0.0,0000*76
$GPRMC,173211.00,A,3735.029823,N,12219.674498,W,041.3,319.3,040920,,,A*43
$GPGGA,173212.00,3735.038890,N,12219.684271,W,7,,0.38,-29.35,M,0.0,M,0.0,0000*76
$GPRMC,173212.00,A,3735.038890,N,12219.684271,W,041.2,319.5,040920,,,A*41
$GPGGA,173213.00,3735.047553,N,12219.693667,W,7,,0.38,-29.18,M,0.0,M,0.0,0000*77
$GPRMC,173213.00,A,3735.047553,N,12219.693667,W,041.2,319.1,040920,,,A*4B
$GPGGA,173214.00,3735.056224,N,12219.703178,W,7,,0.38,-28.96,M,0.0,M,0.0,0000*71
$GPRMC,173214.00,A,3735.056224,N,12219.703178,W,041.9,318.8,040920,,,A*49
$GPGGA,173215.00,3735.064864,N,12219.712790,W,7,,0.38,-28.82,M,0.0,M,0.0,0000*7A
$GPRMC,173215.00,A,3735.064864,N,12219.712790,W,043.1,318.6,040920,,,A*43
$GPGGA,173216.00,3735.074032,N,12219.722947,W,7,,0.38,-28.60,M,0.0,M,0.0,0000*78
$GPRMC,173216.00,A,3735.074032,N,12219.722947,W,044.8,318.8,040920,,,A*4D
$GPGGA,173217.00,3735.083878,N,12219.733826,W,7,,0.38,-28.37,M,0.0,M,0.0,0000*73
$GPRMC,173217.00,A,3735.083878,N,12219.733826,W,046.7,318.9,040920,,,A*48
$GPGGA,173218.00,3735.093772,N,12219.744698,W,7,,0.38,-28.12,M,0.0,M,0.0,0000*74
$GPRMC,173218.00,A,3735.093772,N,12219.744698,W,047.6,318.9,040920,,,A*48
$GPGGA,173219.00,3735.103432,N,12219.755528,W,7,,0.38,-28.30,M,0.0,M,0.0,0000*72
$GPRMC,173219.00,A,3735.103432,N,12219.755528,W,047.8,318.2,040920,,,A*4B
$GPGGA,173220.00,3735.113343,N,12219.767209,W,7,,0.38,-28.30,M,0.0,M,0.0,0000*7D
$GPRMC,173220.00,A,3735.113343,N,12219.767209,W,047.2,315.9,040920,,,A*48
$GPGGA,173221.00,3735.122379,N,12219.778657,W,7,,0.38,-28.25,M,0.0,M,0.0,0000*72
$GPRMC,173221.00,A,3735.122379,N,12219.778657,W,045.3,313.7,040920,,,A*48
$GPGGA,173222.00,3735.130527,N,12219.789812,W,7,,0.38,-28.24,M,0.0,M,0.0,0000*7F
$GPRMC,173222.00,A,3735.130527,N,12219.789812,W,043.6,311.5,040920,,,A*47
$GPGGA,173223.00,3735.138196,N,12219.801109,W,7,,0.38,-28.34,M,0.0,M,0.0,0000*75
$GPRMC,173223.00,A,3735.138196,N,12219.801109,W,042.0,309.5,040920,,,A*42
$GPGGA,173224.00,3735.145312,N,12219.812539,W,7,,0.38,-28.46,M,0.0,M,0.0,0000*76
$GPRMC,173224.00,A,3735.145312,N,12219.812539,W,041.3,306.9,040920,,,A*47
$GPGGA,173225.00,3735.152193,N,12219.824522,W,7,,0.38,-28.47,M,0.0,M,0.0,0000*74
$GPRMC,173225.00,A,3735.152193,N,12219.824522,W,040.8,304.8,040920,,,A*4D
$GPGGA,173226.00,3735.158260,N,12219.836000,W,7,,0.38,-28.52,M,0.0,M,0.0,0000*70
$GPRMC,173226.00,A,3735.158260,N,12219.836000,W,040.2,302.9,040920,,,A*40
$GPGGA,173227.00,3735.164218,N,12219.848018,W,7,,0.38,-28.60,M,0.0,M,0.0,0000*70
$GPRMC,173227.00,A,3735.164218,N,12219.848018,W,040.8,301.2,040920,,,A*43
$GPGGA,173228.00,3735.170164,N,12219.861067,W,7,,0.38,-28.65,M,0.0,M,0.0,0000*74
$GPRMC,173228.00,A,3735.170164,N,12219.861067,W,042.3,298.8,040920,,,A*40
$GPGGA,173229.00,3735.175630,N,12219.874322,W,7,,0.38,-28.73,M,0.0,M,0.0,0000*77
$GPRMC,173229.00,A,3735.175630,N,12219.874322,W,042.4,296.3,040920,,,A*46
$GPGGA,173230.00,3735.180478,N,12219.887216,W,7,,0.38,-28.66,M,0.0,M,0.0,0000*75
$GPRMC,173230.00,A,3735.180478,N,12219.887216,W,042.1,294.5,040920,,,A*41
$GPGGA,173231.00,3735.185139,N,12219.900565,W,7,,0.38,-28.70,M,0.0,M,0.0,0000*7B
$GPRMC,173231.00,A,3735.185139,N,12219.900565,W,041.6,293.1,040920,,,A*4F
$GPGGA,173232.00,3735.189574,N,12219.914234,W,7,,0.38,-28.77,M,0.0,M,0.0,0000*78
$GPRMC,173232.00,A,3735.189574,N,12219.914234,W,042.7,291.3,040920,,,A*49
$GPGGA,173233.00,3735.193828,N,12219.928801,W,7,,0.38,-28.81,M,0.0,M,0.0,0000*7C
$GPRMC,173233.00,A,3735.193828,N,12219.928801,W,043.0,288.9,040920,,,A*40
$GPGGA,173234.00,3735.197302,N,12219.942691,W,7,,0.38,-28.73,M,0.0,M,0.0,0000*7A
$GPRMC,173234.00,A,3735.197302,N,12219.942691,W,043.3,286.3,040920,,,A*4C
$GPGGA,173235.00,3735.200415,N,12219.957277,W,7,,0.38,-28.72,M,0.0,M,0.0,0000*7E
$GPRMC,173235.00,A,3735.200415,N,12219.957277,W,043.5,284.0,040920,,,A*4E
$GPGGA,173236.00,3735.203212,N,12219.972607,W,7,,0.38,-28.74,M,0.0,M,0.0,0000*7D
$GPRMC,173236.00,A,3735.203212,N,12219.972607,W,043.1,282.0,040920,,,A*49
$GPGGA,173237.00,3735.205504,N,12219.987325,W,7,,0.38,-28.74,M,0.0,M,0.0,0000*75
$GPRMC,173237.00,A,3735.205504,N,12219.987325,W,042.9,280.4,040920,,,A*4E
$GPGGA,173238.00,3735.207429,N,12220.001564,W,7,,0.38,-28.68,M,0.0,M,0.0,0000*75
$GPRMC,173238.00,A,3735.207429,N,12220.001564,W,042.7,279.1,040920,,,A*4E
$GPGGA,173239.00,3735.209050,N,12220.016263,W,7,,0.38,-28.65,M,0.0,M,0.0,0000*7B
$GPRMC,173239.00,A,3735.209050,N,12220.016263,W,042.5,277.1,040920,,,A*41
$GPGGA,173240.00,3735.210297,N,12220.031084,W,7,,0.38,-28.66,M,0.0,M,0.0,0000*79
$GPRMC,173240.00,A,3735.210297,N,12220.031084,W,042.3,275.0,040920,,,A*45
$GPGGA,173241.00,3735.211173,N,12220.046360,W,7,,0.38,-28.65,M,0.0,M,0.0,0000*7A
$GPRMC,173241.00,A,3735.211173,N,12220.046360,W,042.7,273.3,040920,,,A*44
$GPGGA,173242.00,3735.211683,N,12220.060717,W,7,,0.38,-28.71,M,0.0,M,0.0,0000*74
$GPRMC,173242.00,A,3735.211683,N,12220.060717,W,042.5,272.0,040920,,,A*4F
$GPGGA,173243.00,3735.212104,N,12220.075562,W,7,,0.38,-28.81,M,0.0,M,0.0,0000*75
$GPRMC,173243.00,A,3735.212104,N,12220.075562,W,042.0,271.8,040920,,,A*4F
$GPGGA,173244.00,3735.212493,N,12220.090675,W,7,,0.38,-28.90,M,0.0,M,0.0,0000*77
$GPRMC,173244.00,A,3735.212493,N,12220.090675,W,041.9,271.7,040920,,,A*48
$GPGGA,173245.00,3735.212836,N,12220.105292,W,7,,0.38,-29.02,M,0.0,M,0.0,0000*7F
$GPRMC,173245.00,A,3735.212836,N,12220.105292,W,042.0,271.6,040920,,,A*41
$GPGGA,173246.00,3735.213363,N,12220.119847,W,7,,0.38,-29.09,M,0.0,M,0.0,0000*72
$GPRMC,173246.00,A,3735.213363,N,12220.119847,W,041.8,273.0,040920,,,A*48
$GPGGA,173247.00,3735.213951,N,12220.134002,W,7,,0.38,-29.16,M,0.0,M,0.0,0000*70
$GPRMC,173247.00,A,3735.213951,N,12220.134002,W,041.3,272.9,040920,,,A*47
$GPGGA,173248.00,3735.214516,N,12220.148378,W,7,,0.38,-29.05,M,0.0,M,0.0,0000*70
$GPRMC,173248.00,A,3735.214516,N,12220.148378,W,040.9,272.7,040920,,,A*40
$GPGGA,173249.00,3735.214990,N,12220.163143,W,7,,0.38,-28.94,M,0.0,M,0.0,0000*79
$GPRMC,173249.00,A,3735.214990,N,12220.163143,W,041.2,272.2,040920,,,A*4F
$GPGGA,173250.00,3735.215415,N,12220.177472,W,7,,0.38,-29.10,M,0.0,M,0.0,0000*7F
$GPRMC,173250.00,A,3735.215415,N,12220.177472,W,041.2,272.0,040920,,,A*46
$GPGGA,173251.00,3735.215758,N,12220.191464,W,7,,0.38,-28.95,M,0.0,M,0.0,0000*77
$GPRMC,173251.00,A,3735.215758,N,12220.191464,W,041.0,271.6,040920,,,A*45
$GPGGA,173252.00,3735.216111,N,12220.206128,W,7,,0.38,-28.98,M,0.0,M,0.0,0000*71
$GPRMC,173252.00,A,3735.216111,N,12220.206128,W,040.7,271.8,040920,,,A*46
$GPGGA,173253.00,3735.216526,N,12220.220437,W,7,,0.38,-28.93,M,0.0,M,0.0,0000*74
$GPRMC,173253.00,A,3735.216526,N,12220.220437,W,041.2,272.2,040920,,,A*45
$GPGGA,173254.00,3735.216970,N,12220.234808,W,7,,0.38,-28.92,M,0.0,M,0.0,0000*78
$GPRMC,173254.00,A,3735.216970,N,12220.234808,W,043.0,272.4,040920,,,A*4E
$GPGGA,173255.00,3735.217468,N,12220.249976,W,7,,0.38,-28.97,M,0.0,M,0.0,0000*7B
$GPRMC,173255.00,A,3735.217468,N,12220.249976,W,044.0,272.3,040920,,,A*48
$GPGGA,173256.00,3735.217912,N,12220.265354,W,7,,0.38,-28.96,M,0.0,M,0.0,0000*7D
$GPRMC,173256.00,A,3735.217912,N,12220.265354,W,044.2,271.9,040920,,,A*44
$GPGGA,173257.00,3735.218253,N,12220.281463,W,7,,0.38,-28.91,M,0.0,M,0.0,0000*73
$GPRMC,173257.00,A,3735.218253,N,12220.281463,W,045.0,271.4,040920,,,A*43
$GPGGA,173258.00,3735.218595,N,12220.296829,W,7,,0.38,-28.92,M,0.0,M,0.0,0000*76
$GPRMC,173258.00,A,3735.218595,N,12220.296829,W,045.2,271.8,040920,,,A*4B
$GPGGA,173259.00,3735.218991,N,12220.312645,W,7,,0.38,-28.89,M,0.0,M,0.0,0000*7C
$GPRMC,173259.00,A,3735.218991,N,12220.312645,W,045.3,272.0,040920,,,A*41
$GPGGA,173300.00,3735.219412,N,12220.328917,W,7,,0.38,-28.83,M,0.0,M,0.0,0000*7D
$GPRMC,173300.00,A,3735.219412,N,12220.328917,W,045.3,271.8,040920,,,A*41
$GPGGA,173301.00,3735.219795,N,12220.344920,W,7,,0.38,-28.87,M,0.0,M,0.0,0000*7A
$GPRMC,173301.00,A,3735.219795,N,12220.344920,W,045.8,271.5,040920,,,A*44
$GPGGA,173302.00,3735.220161,N,12220.360448,W,7,,0.38,-28.96,M,0.0,M,0.0,0000*7B
$GPRMC,173302.00,A,3735.220161,N,12220.360448,W,046.2,271.8,040920,,,A*41
$GPGGA,173303.00,3735.220587,N,12220.376636,W,7,,0.38,-28.98,M,0.0,M,0.0,0000*74
$GPRMC,173303.00,A,3735.220587,N,12220.376636,W,046.6,272.1,040920,,,A*4E
$GPGGA,173304.00,3735.221050,N,12220.392962,W,7,,0.38,-28.99,M,0.0,M,0.0,0000*78
$GPRMC,173304.00,A,3735.221050,N,12220.392962,W,046.8,272.1,040920,,,A*4D
$GPGGA,173305.00,3735.221505,N,12220.409852,W,7,,0.38,-29.05,M,0.0,M,0.0,0000*7F
$GPRMC,173305.00,A,3735.221505,N,12220.409852,W,046.4,271.9,040920,,,A*49
$GPGGA,173306.00,3735.221943,N,12220.425434,W,7,,0.38,-29.03,M,0.0,M,0.0,0000*76
$GPRMC,173306.00,A,3735.221943,N,12220.425434,W,045.9,272.1,040920,,,A*43
$GPGGA,173307.00,3735.222351,N,12220.441369,W,7,,0.38,-29.03,M,0.0,M,0.0,0000*70
$GPRMC,173307.00,A,3735.222351,N,12220.441369,W,045.7,271.8,040920,,,A*41
$GPGGA,173308.00,3735.222711,N,12220.458073,W,7,,0.38,-28.94,M,0.0,M,0.0,0000*70
$GPRMC,173308.00,A,3735.222711,N,12220.458073,W,046.4,271.5,040920,,,A*43
$GPGGA,173309.00,3735.223071,N,12220.474399,W,7,,0.38,-28.86,M,0.0,M,0.0,0000*7B
$GPRMC,173309.00,A,3735.223071,N,12220.474399,W,047.1,271.6,040920,,,A*4C
$GPGGA,173310.00,3735.223443,N,12220.490389,W,7,,0.38,-28.84,M,0.0,M,0.0,0000*7F
$GPRMC,173310.00,A,3735.223443,N,12220.490389,W,047.7,271.9,040920,,,A*43
$GPGGA,173311.00,3735.223875,N,12220.507087,W,7,,0.38,-28.75,M,0.0,M,0.0,0000*7B
$GPRMC,173311.00,A,3735.223875,N,12220.507087,W,048.1,271.9,040920,,,A*40
$GPGGA,173312.00,3735.224313,N,12220.524134,W,7,,0.38,-28.61,M,0.0,M,0.0,0000*79
$GPRMC,173312.00,A,3735.224313,N,12220.524134,W,048.5,271.9,040920,,,A*43
$GPGGA,173313.00,3735.224776,N,12220.541624,W,7,,0.38,-28.45,M,0.0,M,0.0,0000*7C
$GPRMC,173313.00,A,3735.224776,N,12220.541624,W,048.7,271.8,040920,,,A*43
$GPGGA,173314.00,3735.225178,N,12220.558261,W,7,,0.38,-28.31,M,0.0,M,0.0,0000*7C
$GPRMC,173314.00,A,3735.225178,N,12220.558261,W,049.6,271.7,040920,,,A*4F
$GPGGA,173315.00,3735.225616,N,12220.575769,W,7,,0.38,-28.17,M,0.0,M,0.0,0000*74
$GPRMC,173315.00,A,3735.225616,N,12220.575769,W,049.9,272.0,040920,,,A*48
$GPGGA,173316.00,3735.226114,N,12220.593746,W,7,,0.38,-28.01,M,0.0,M,0.0,0000*73
$GPRMC,173316.00,A,3735.226114,N,12220.593746,W,049.9,272.1,040920,,,A*49
$GPGGA,173317.00,3735.226581,N,12220.611008,W,7,,0.38,-27.87,M,0.0,M,0.0,0000*7F
$GPRMC,173317.00,A,3735.226581,N,12220.611008,W,049.4,271.9,040920,,,A*42
$GPGGA,173318.00,3735.226990,N,12220.628030,W,7,,0.38,-27.76,M,0.0,M,0.0,0000*73
$GPRMC,173318.00,A,3735.226990,N,12220.628030,W,048.6,271.7,040920,,,A*4D
$GPGGA,173319.00,3735.227362,N,12220.644481,W,7,,0.38,-27.60,M,0.0,M,0.0,0000*77
$GPRMC,173319.00,A,3735.227362,N,12220.644481,W,047.9,271.6,040920,,,A*4F
$GPGGA,173320.00,3735.227722,N,12220.661030,W,7,,0.38,-27.51,M,0.0,M,0.0,0000*76
$GPRMC,173320.00,A,3735.227722,N,12220.661030,W,047.1,271.6,040920,,,A*44
$GPGGA,173321.00,3735.228088,N,12220.677890,W,7,,0.38,-27.45,M,0.0,M,0.0,0000*7F
$GPRMC,173321.00,A,3735.228088,N,12220.677890,W,046.6,271.8,040920,,,A*40
$GPGGA,173322.00,3735.228513,N,12220.694180,W,7,,0.38,-27.42,M,0.0,M,0.0,0000*79
$GPRMC,173322.00,A,3735.228513,N,12220.694180,W,046.7,271.9,040920,,,A*41
$GPGGA,173323.00,3735.228898,N,12220.710104,W,7,,0.38,-27.44,M,0.0,M,0.0,0000*71
$GPRMC,173323.00,A,3735.228898,N,12220.710104,W,046.7,271.8,040920,,,A*4E
$GPGGA,173324.00,3735.229288,N,12220.726885,W,7,,0.38,-27.50,M,0.0,M,0.0,0000*7C
$GPRMC,173324.00,A,3735.229288,N,12220.726885,W,046.5,271.5,040920,,,A*49
$GPGGA,173325.00,3735.229630,N,12220.743068,W,7,,0.38,-27.63,M,0.0,M,0.0,0000*72
$GPRMC,173325.00,A,3735.229630,N,12220.743068,W,046.2,271.4,040920,,,A*41
$GPGGA,173326.00,3735.229971,N,12220.758806,W,7,,0.38,-27.73,M,0.0,M,0.0,0000*70
$GPRMC,173326.00,A,3735.229971,N,12220.758806,W,046.1,271.6,040920,,,A*43
$GPGGA,173327.00,3735.230314,N,12220.774903,W,7,,0.38,-27.81,M,0.0,M,0.0,0000*77
$GPRMC,173327.00,A,3735.230314,N,12220.774903,W,046.2,271.6,040920,,,A*4A
$GPGGA,173328.00,3735.230674,N,12220.791055,W,7,,0.38,-27.97,M,0.0,M,0.0,0000*7D
$GPRMC,173328.00,A,3735.230674,N,12220.791055,W,046.6,271.4,040920,,,A*41
$GPGGA,173329.00,3735.230997,N,12220.807910,W,7,,0.38,-28.07,M,0.0,M,0.0,0000*70
$GPRMC,173329.00,A,3735.230997,N,12220.807910,W,047.1,271.3,040920,,,A*4B
$GPGGA,173330.00,3735.231298,N,12220.823954,W,7,,0.38,-28.15,M,0.0,M,0.0,0000*78
$GPRMC,173330.00,A,3735.231298,N,12220.823954,W,047.0,271.4,040920,,,A*46
$GPGGA,173331.00,3735.231645,N,12220.840279,W,7,,0.38,-28.34,M,0.0,M,0.0,0000*7F
$GPRMC,173331.00,A,3735.231645,N,12220.840279,W,046.7,271.6,040920,,,A*46
$GPGGA,173332.00,3735.232053,N,12220.856990,W,7,,0.38,-28.61,M,0.0,M,0.0,0000*75
$GPRMC,173332.00,A,3735.232053,N,12220.856990,W,046.3,271.9,040920,,,A*47
$GPGGA,173333.00,3735.232479,N,12220.872686,W,7,,0.38,-28.62,M,0.0,M,0.0,0000*75
$GPRMC,173333.00,A,3735.232479,N,12220.872686,W,045.9,272.0,040920,,,A*47
$GPGGA,173334.00,3735.232906,N,12220.888568,W,7,,0.38,-28.65,M,0.0,M,0.0,0000*76
$GPRMC,173334.00,A,3735.232906,N,12220.888568,W,045.3,272.0,040920,,,A*49
$GPGGA,173335.00,3735.233331,N,12220.904264,W,7,,0.38,-28.71,M,0.0,M,0.0,0000*73
$GPRMC,173335.00,A,3735.233331,N,12220.904264,W,045.0,272.1,040920,,,A*4B
$GPGGA,173336.00,3735.233788,N,12220.919954,W,7,,0.38,-28.82,M,0.0,M,0.0,0000*7E
$GPRMC,173336.00,A,3735.233788,N,12220.919954,W,044.9,272.0,040920,,,A*43
$GPGGA,173337.00,3735.234201,N,12220.936178,W,7,,0.38,-28.89,M,0.0,M,0.0,0000*7C
$GPRMC,173337.00,A,3735.234201,N,12220.936178,W,044.5,271.6,040920,,,A*43
$GPGGA,173338.00,3735.234550,N,12220.951105,W,7,,0.38,-28.92,M,0.0,M,0.0,0000*71
$GPRMC,173338.00,A,3735.234550,N,12220.951105,W,044.0,271.6,040920,,,A*41
$GPGGA,173339.00,3735.234946,N,12220.966430,W,7,,0.38,-29.02,M,0.0,M,0.0,0000*74
$GPRMC,173339.00,A,3735.234946,N,12220.966430,W,043.9,272.0,040920,,,A*47
$GPGGA,173340.00,3735.235420,N,12220.982377,W,7,,0.38,-29.07,M,0.0,M,0.0,0000*7D
$GPRMC,173340.00,A,3735.235420,N,12220.982377,W,044.1,272.4,040920,,,A*40
$GPGGA,173341.00,3735.236055,N,12220.997911,W,7,,0.38,-29.14,M,0.0,M,0.0,0000*75
$GPRMC,173341.00,A,3735.236055,N,12220.997911,W,045.0,273.7,040920,,,A*48
$GPGGA,173342.00,3735.236931,N,12221.013469,W,7,,0.38,-29.21,M,0.0,M,0.0,0000*7D
$GPRMC,173342.00,A,3735.236931,N,12221.013469,W,047.3,274.6,040920,,,A*41
$GPGGA,173343.00,3735.237849,N,12221.030419,W,7,,0.38,-29.28,M,0.0,M,0.0,0000*7C
$GPRMC,173343.00,A,3735.237849,N,12221.030419,W,050.3,274.1,040920,,,A*48
$GPGGA,173344.00,3735.238695,N,12221.048413,W,7,,0.38,-29.36,M,0.0,M,0.0,0000*71
$GPRMC,173344.00,A,3735.238695,N,12221.048413,W,052.0,273.2,040920,,,A*4F
$GPGGA,173345.00,3735.239482,N,12221.067308,W,7,,0.38,-29.30,M,0.0,M,0.0,0000*73
$GPRMC,173345.00,A,3735.239482,N,12221.067308,W,052.9,272.7,040920,,,A*46
$GPGGA,173346.00,3735.240111,N,12221.085175,W,7,,0.38,-29.43,M,0.0,M,0.0,0000*71
$GPRMC,173346.00,A,3735.240111,N,12221.085175,W,053.2,272.4,040920,,,A*49
$GPGGA,173347.00,3735.240748,N,12221.104039,W,7,,0.38,-29.51,M,0.0,M,0.0,0000*78
$GPRMC,173347.00,A,3735.240748,N,12221.104039,W,053.9,272.2,040920,,,A*4E
$GPGGA,173348.00,3735.241330,N,12221.123455,W,7,,0.38,-29.46,M,0.0,M,0.0,0000*70
$GPRMC,173348.00,A,3735.241330,N,12221.123455,W,054.0,272.4,040920,,,A*48
$GPGGA,173349.00,3735.241977,N,12221.142206,W,7,,0.38,-29.47,M,0.0,M,0.0,0000*7E
$GPRMC,173349.00,A,3735.241977,N,12221.142206,W,053.9,272.5,040920,,,A*48
$GPGGA,173350.00,3735.242661,N,12221.160997,W,7,,0.38,-29.68,M,0.0,M,0.0,0000*73
$GPRMC,173350.00,A,3735.242661,N,12221.160997,W,054.2,272.7,040920,,,A*46
$GPGGA,173351.00,3735.243495,N,12221.179574,W,7,,0.38,-29.69,M,0.0,M,0.0,0000*72
$GPRMC,173351.00,A,3735.243495,N,12221.179574,W,054.9,273.6,040920,,,A*4D
$GPGGA,173352.00,3735.244671,N,12221.198713,W,7,,0.38,-29.72,M,0.0,M,0.0,0000*78
$GPRMC,173352.00,A,3735.244671,N,12221.198713,W,055.2,275.2,040920,,,A*45
$GPGGA,173353.00,3735.246231,N,12221.218478,W,7,,0.38,-29.70,M,0.0,M,0.0,0000*7C
$GPRMC,173353.00,A,3735.246231,N,12221.218478,W,055.3,276.1,040920,,,A*42
$GPGGA,173354.00,3735.248080,N,12221.237227,W,7,,0.38,-29.70,M,0.0,M,0.0,0000*7C
$GPRMC,173354.00,A,3735.248080,N,12221.237227,W,055.5,277.8,040920,,,A*4C
$GPGGA,173355.00,3735.250306,N,12221.256368,W,7,,0.38,-29.71,M,0.0,M,0.0,0000*75
$GPRMC,173355.00,A,3735.250306,N,12221.256368,W,055.5,278.7,040920,,,A*44
$GPGGA,173356.00,3735.252735,N,12221.276156,W,7,,0.38,-29.70,M,0.0,M,0.0,0000*7C
$GPRMC,173356.00,A,3735.252735,N,12221.276156,W,055.8,278.7,040920,,,A*41
$GPGGA,173357.00,3735.255196,N,12221.295464,W,7,,0.38,-29.71,M,0.0,M,0.0,0000*7D
$GPRMC,173357.00,A,3735.255196,N,12221.295464,W,056.4,279.2,040920,,,A*4A
$GPGGA,173358.00,3735.258087,N,12221.314538,W,7,,0.38,-29.67,M,0.0,M,0.0,0000*79
$GPRMC,173358.00,A,3735.258087,N,12221.314538,W,057.2,281.8,040920,,,A*43
$GPGGA,173359.00,3735.261658,N,12221.334050,W,7,,0.38,-29.50,M,0.0,M,0.0,0000*7B
$GPRMC,173359.00,A,3735.261658,N,12221.334050,W,057.6,284.1,040920,,,A*4D
$GPGGA,173400.00,3735.265875,N,12221.353417,W,7,,0.38,-29.57,M,0.0,M,0.0,0000*74
$GPRMC,173400.00,A,3735.265875,N,12221.353417,W,057.8,286.1,040920,,,A*49
$GPGGA,173401.00,3735.270783,N,12221.373337,W,7,,0.38,-29.59,M,0.0,M,0.0,0000*7E
$GPRMC,173401.00,A,3735.270783,N,12221.373337,W,058.0,288.3,040920,,,A*46
$GPGGA,173402.00,3735.275823,N,12221.392046,W,7,,0.38,-29.60,M,0.0,M,0.0,0000*7D
$GPRMC,173402.00,A,3735.275823,N,12221.392046,W,058.0,290.2,040920,,,A*47
$GPGGA,173403.00,3735.281373,N,12221.411006,W,7,,0.38,-29.56,M,0.0,M,0.0,0000*74
$GPRMC,173403.00,A,3735.281373,N,12221.411006,W,057.9,291.4,040920,,,A*4A
$GPGGA,173404.00,3735.287529,N,12221.430410,W,7,,0.38,-29.49,M,0.0,M,0.0,0000*72
$GPRMC,173404.00,A,3735.287529,N,12221.430410,W,057.9,292.6,040920,,,A*43
$GPGGA,173405.00,3735.293728,N,12221.448469,W,7,,0.38,-29.46,M,0.0,M,0.0,0000*7B
$GPRMC,173405.00,A,3735.293728,N,12221.448469,W,057.5,294.2,040920,,,A*4B
$GPGGA,173406.00,3735.300423,N,12221.466637,W,7,,0.38,-29.38,M,0.0,M,0.0,0000*77
$GPRMC,173406.00,A,3735.300423,N,12221.466637,W,057.5,295.3,040920,,,A*4E
$GPGGA,173407.00,3735.307546,N,12221.484715,W,7,,0.38,-29.43,M,0.0,M,0.0,0000*72
$GPRMC,173407.00,A,3735.307546,N,12221.484715,W,058.2,296.8,040920,,,A*47
$GPGGA,173408.00,3735.315231,N,12221.502764,W,7,,0.38,-29.49,M,0.0,M,0.0,0000*7A
$GPRMC,173408.00,A,3735.315231,N,12221.502764,W,059.0,299.2,040920,,,A*43
$GPGGA,173409.00,3735.323716,N,12221.521171,W,7,,0.38,-29.52,M,0.0,M,0.0,0000*77
$GPRMC,173409.00,A,3735.323716,N,12221.521171,W,058.3,300.9,040920,,,A*4C
$GPGGA,173410.00,3735.331846,N,12221.537917,W,7,,0.38,-29.48,M,0.0,M,0.0,0000*72
$GPRMC,173410.00,A,3735.331846,N,12221.537917,W,057.8,301.8,040920,,,A*46
$GPGGA,173411.00,3735.340486,N,12221.554921,W,7,,0.38,-29.57,M,0.0,M,0.0,0000*7B
$GPRMC,173411.00,A,3735.340486,N,12221.554921,W,057.6,303.0,040920,,,A*45
$GPGGA,173412.00,3735.349707,N,12221.572346,W,7,,0.38,-29.58,M,0.0,M,0.0,0000*7B
$GPRMC,173412.00,A,3735.349707,N,12221.572346,W,057.5,304.0,040920,,,A*4E
$GPGGA,173413.00,3735.358948,N,12221.588876,W,7,,0.38,-29.59,M,0.0,M,0.0,0000*73
$GPRMC,173413.00,A,3735.358948,N,12221.588876,W,058.3,305.6,040920,,,A*49
$GPGGA,173414.00,3735.368218,N,12221.604625,W,7,,0.38,-29.63,M,0.0,M,0.0,0000*7F
$GPRMC,173414.00,A,3735.368218,N,12221.604625,W,057.9,307.0,040920,,,A*4D
$GPGGA,173415.00,3735.378100,N,12221.620502,W,7,,0.38,-29.59,M,0.0,M,0.0,0000*7C
$GPRMC,173415.00,A,3735.378100,N,12221.620502,W,057.8,308.5,040920,,,A*4C
$GPGGA,173416.00,3735.388269,N,12221.636353,W,7,,0.38,-29.91,M,0.0,M,0.0,0000*7D
$GPRMC,173416.00,A,3735.388269,N,12221.636353,W,057.8,309.2,040920,,,A*4F
$GPGGA,173417.00,3735.398697,N,12221.652404,W,7,,0.38,-30.08,M,0.0,M,0.0,0000*77
$GPRMC,173417.00,A,3735.398697,N,12221.652404,W,057.4,309.2,040920,,,A*41
$GPGGA,173418.00,3735.408591,N,12221.667314,W,7,,0.38,-30.00,M,0.0,M,0.0,0000*7B
$GPRMC,173418.00,A,3735.408591,N,12221.667314,W,056.9,309.3,040920,,,A*48
$GPGGA,173419.00,3735.418630,N,12221.682752,W,7,,0.38,-29.83,M,0.0,M,0.0,0000*7D
$GPRMC,173419.00,A,3735.418630,N,12221.682752,W,056.2,309.1,040920,,,A*44
$GPGGA,173420.00,3735.428649,N,12221.698183,W,7,,0.38,-29.94,M,0.0,M,0.0,0000*7D
$GPRMC,173420.00,A,3735.428649,N,12221.698183,W,054.2,309.1,040920,,,A*40
$GPGGA,173421.00,3735.437752,N,12221.711966,W,7,,0.38,-29.75,M,0.0,M,0.0,0000*75
$GPRMC,173421.00,A,3735.437752,N,12221.711966,W,050.3,309.1,040920,,,A*42
$GPGGA,173422.00,3735.446631,N,12221.725711,W,7,,0.38,-29.67,M,0.0,M,0.0,0000*7E
$GPRMC,173422.00,A,3735.446631,N,12221.725711,W,049.6,309.0,040920,,,A*46
$GPGGA,173423.00,3735.454917,N,12221.738606,W,7,,0.38,-29.70,M,0.0,M,0.0,0000*7A
$GPRMC,173423.00,A,3735.454917,N,12221.738606,W,047.8,308.7,040920,,,A*42
$GPGGA,173424.00,3735.463108,N,12221.751277,W,7,,0.38,-29.69,M,0.0,M,0.0,0000*7A
$GPRMC,173424.00,A,3735.463108,N,12221.751277,W,046.0,309.2,040920,,,A*47
$GPGGA,173425.00,3735.471285,N,12221.763938,W,7,,0.38,-29.76,M,0.0,M,0.0,0000*71
$GPRMC,173425.00,A,3735.471285,N,12221.763938,W,044.9,308.8,040920,,,A*42
$GPGGA,173426.00,3735.478953,N,12221.775758,W,7,,0.38,-29.80,M,0.0,M,0.0,0000*7D
$GPRMC,173426.00,A,3735.478953,N,12221.775758,W,044.3,309.1,040920,,,A*45
$GPGGA,173427.00,3735.486736,N,12221.787662,W,7,,0.38,-29.85,M,0.0,M,0.0,0000*70
$GPRMC,173427.00,A,3735.486736,N,12221.787662,W,044.0,309.2,040920,,,A*4D
$GPGGA,173428.00,3735.494757,N,12221.799872,W,7,,0.38,-29.91,M,0.0,M,0.0,0000*7E
$GPRMC,173428.00,A,3735.494757,N,12221.799872,W,043.7,309.2,040920,,,A*46
$GPGGA,173429.00,3735.502341,N,12221.811673,W,7,,0.38,-29.92,M,0.0,M,0.0,0000*71
$GPRMC,173429.00,A,3735.502341,N,12221.811673,W,043.4,308.7,040920,,,A*4D
$GPGGA,173430.00,3735.509764,N,12221.823259,W,7,,0.38,-29.99,M,0.0,M,0.0,0000*77
$GPRMC,173430.00,A,3735.509764,N,12221.823259,W,043.7,308.7,040920,,,A*43
$GPGGA,173431.00,3735.517432,N,12221.835127,W,7,,0.38,-29.96,M,0.0,M,0.0,0000*7B
$GPRMC,173431.00,A,3735.517432,N,12221.835127,W,043.9,309.4,040920,,,A*4C
$GPGGA,173432.00,3735.525135,N,12221.847001,W,7,,0.38,-29.81,M,0.0,M,0.0,0000*7D
$GPRMC,173432.00,A,3735.525135,N,12221.847001,W,043.8,309.3,040920,,,A*4A
$GPGGA,173433.00,3735.533116,N,12221.859146,W,7,,0.38,-29.75,M,0.0,M,0.0,0000*7C
$GPRMC,173433.00,A,3735.533116,N,12221.859146,W,043.6,309.5,040920,,,A*48
$GPGGA,173434.00,3735.540628,N,12221.870594,W,7,,0.38,-29.65,M,0.0,M,0.0,0000*74
$GPRMC,173434.00,A,3735.540628,N,12221.870594,W,043.4,309.5,040920,,,A*43
$GPGGA,173435.00,3735.548254,N,12221.882270,W,7,,0.38,-29.66,M,0.0,M,0.0,0000*71
$GPRMC,173435.00,A,3735.548254,N,12221.882270,W,043.2,309.2,040920,,,A*44
$GPGGA,173436.00,3735.556102,N,12221.894318,W,7,,0.38,-29.67,M,0.0,M,0.0,0000*74
$GPRMC,173436.00,A,3735.556102,N,12221.894318,W,043.2,309.2,040920,,,A*40
$GPGGA,173437.00,3735.563583,N,12221.905790,W,7,,0.38,-29.69,M,0.0,M,0.0,0000*7D
$GPRMC,173437.00,A,3735.563583,N,12221.905790,W,043.7,309.3,040920,,,A*43
$GPGGA,173438.00,3735.571336,N,12221.917621,W,7,,0.38,-29.78,M,0.0,M,0.0,0000*71
$GPRMC,173438.00,A,3735.571336,N,12221.917621,W,044.0,309.4,040920,,,A*48
$GPGGA,173439.00,3735.579099,N,12221.929460,W,7,,0.38,-29.99,M,0.0,M,0.0,0000*7B
$GPRMC,173439.00,A,3735.579099,N,12221.929460,W,044.1,309.4,040920,,,A*4C
$GPGGA,173440.00,3735.586911,N,12221.941435,W,7,,0.38,-29.99,M,0.0,M,0.0,0000*72
$GPRMC,173440.00,A,3735.586911,N,12221.941435,W,044.6,309.4,040920,,,A*42
$GPGGA,173441.00,3735.595185,N,12221.954029,W,7,,0.38,-30.04,M,0.0,M,0.0,0000*75
$GPRMC,173441.00,A,3735.595185,N,12221.954029,W,045.2,309.5,040920,,,A*4D
$GPGGA,173442.00,3735.602944,N,12221.965801,W,7,,0.38,-30.13,M,0.0,M,0.0,0000*78
$GPRMC,173442.00,A,3735.602944,N,12221.965801,W,045.3,309.5,040920,,,A*47
$GPGGA,173443.00,3735.610953,N,12221.977981,W,7,,0.38,-30.28,M,0.0,M,0.0,0000*7E
$GPRMC,173443.00,A,3735.610953,N,12221.977981,W,045.2,309.6,040920,,,A*4B
$GPGGA,173444.00,3735.619246,N,12221.990653,W,7,,0.38,-30.41,M,0.0,M,0.0,0000*79
$GPRMC,173444.00,A,3735.619246,N,12221.990653,W,045.0,309.2,040920,,,A*45
$GPGGA,173445.00,3735.627130,N,12222.002845,W,7,,0.38,-30.44,M,0.0,M,0.0,0000*7A
$GPRMC,173445.00,A,3735.627130,N,12222.002845,W,045.1,308.9,040920,,,A*48
$GPGGA,173446.00,3735.634773,N,12222.014563,W,7,,0.38,-30.47,M,0.0,M,0.0,0000*77
$GPRMC,173446.00,A,3735.634773,N,12222.014563,W,044.8,309.4,040920,,,A*42
$GPGGA,173447.00,3735.642603,N,12222.026636,W,7,,0.38,-30.47,M,0.0,M,0.0,0000*73
$GPRMC,173447.00,A,3735.642603,N,12222.026636,W,044.5,309.0,040920,,,A*4F
$GPGGA,173448.00,3735.650434,N,12222.038707,W,7,,0.38,-30.48,M,0.0,M,0.0,0000*7A
$GPRMC,173448.00,A,3735.650434,N,12222.038707,W,044.0,309.1,040920,,,A*4D
$GPGGA,173449.00,3735.658324,N,12222.050966,W,7,,0.38,-30.50,M,0.0,M,0.0,0000*7B
$GPRMC,173449.00,A,3735.658324,N,12222.050966,W,043.6,308.9,040920,,,A*4D
$GPGGA,173450.00,3735.665625,N,12222.062372,W,7,,0.38,-30.51,M,0.0,M,0.0,0000*76
$GPRMC,173450.00,A,3735.665625,N,12222.062372,W,043.2,308.7,040920,,,A*4B
$GPGGA,173451.00,3735.673179,N,12222.074258,W,7,,0.38,-30.54,M,0.0,M,0.0,0000*75
$GPRMC,173451.00,A,3735.673179,N,12222.074258,W,043.3,308.6,040920,,,A*4D
$GPGGA,173452.00,3735.681027,N,12222.086438,W,7,,0.38,-30.56,M,0.0,M,0.0,0000*7E
$GPRMC,173452.00,A,3735.681027,N,12222.086438,W,043.8,309.3,040920,,,A*4B
$GPGGA,173453.00,3735.688839,N,12222.098462,W,7,,0.38,-30.59,M,0.0,M,0.0,0000*7E
$GPRMC,173453.00,A,3735.688839,N,12222.098462,W,045.1,309.4,040920,,,A*4C
$GPGGA,173454.00,3735.696903,N,12222.110701,W,7,,0.38,-30.61,M,0.0,M,0.0,0000*72
$GPRMC,173454.00,A,3735.696903,N,12222.110701,W,045.9,309.5,040920,,,A*42
$GPGGA,173455.00,3735.704811,N,12222.122774,W,7,,0.38,-30.63,M,0.0,M,0.0,0000*7A
$GPRMC,173455.00,A,3735.704811,N,12222.122774,W,045.8,309.6,040920,,,A*4A
$GPGGA,173456.00,3735.712894,N,12222.135140,W,7,,0.38,-30.66,M,0.0,M,0.0,0000*71
$GPRMC,173456.00,A,3735.712894,N,12222.135140,W,045.9,309.3,040920,,,A*40
$GPGGA,173457.00,3735.721155,N,12222.148057,W,7,,0.38,-30.64,M,0.0,M,0.0,0000*7B
$GPRMC,173457.00,A,3735.721155,N,12222.148057,W,046.2,308.2,040920,,,A*40
$GPGGA,173458.00,3735.729094,N,12222.161024,W,7,,0.38,-30.74,M,0.0,M,0.0,0000*7E
$GPRMC,173458.00,A,3735.729094,N,12222.161024,W,047.5,307.1,040920,,,A*4E
$GPGGA,173459.00,3735.737133,N,12222.174392,W,7,,0.38,-30.80,M,0.0,M,0.0,0000*7D
$GPRMC,173459.00,A,3735.737133,N,12222.174392,W,050.3,307.0,040920,,,A*47
$GPGGA,173500.00,3735.746073,N,12222.189109,W,7,,0.38,-30.83,M,0.0,M,0.0,0000*72
$GPRMC,173500.00,A,3735.746073,N,12222.189109,W,052.4,307.7,040920,,,A*49
$GPGGA,173501.00,3735.755301,N,12222.203827,W,7,,0.38,-30.89,M,0.0,M,0.0,0000*79
$GPRMC,173501.00,A,3735.755301,N,12222.203827,W,054.6,308.9,040920,,,A*4D
$GPGGA,173502.00,3735.764823,N,12222.218600,W,7,,0.38,-30.99,M,0.0,M,0.0,0000*73
$GPRMC,173502.00,A,3735.764823,N,12222.218600,W,056.8,309.9,040920,,,A*4B
$GPGGA,173503.00,3735.775018,N,12222.234110,W,7,,0.38,-31.06,M,0.0,M,0.0,0000*7D
$GPRMC,173503.00,A,3735.775018,N,12222.234110,W,058.5,310.0,040920,,,A*40
$GPGGA,173504.00,3735.785433,N,12222.250117,W,7,,0.38,-31.05,M,0.0,M,0.0,0000*7E
$GPRMC,173504.00,A,3735.785433,N,12222.250117,W,060.0,309.5,040920,,,A*43
$GPGGA,173505.00,3735.796432,N,12222.266947,W,7,,0.38,-31.07,M,0.0,M,0.0,0000*76
$GPRMC,173505.00,A,3735.796432,N,12222.266947,W,061.0,309.6,040920,,,A*4B
$GPGGA,173506.00,3735.807003,N,12222.283154,W,7,,0.38,-31.04,M,0.0,M,0.0,0000*76
$GPRMC,173506.00,A,3735.807003,N,12222.283154,W,062.0,309.5,040920,,,A*48
$GPGGA,173507.00,3735.818032,N,12222.299930,W,7,,0.38,-31.08,M,0.0,M,0.0,0000*76
$GPRMC,173507.00,A,3735.818032,N,12222.299930,W,062.8,309.6,040920,,,A*4F
$GPGGA,173508.00,3735.829528,N,12222.317486,W,7,,0.38,-31.16,M,0.0,M,0.0,0000*7D
$GPRMC,173508.00,A,3735.829528,N,12222.317486,W,063.5,309.4,040920,,,A*45
$GPGGA,173509.00,3735.840544,N,12222.334274,W,7,,0.38,-31.21,M,0.0,M,0.0,0000*77
$GPRMC,173509.00,A,3735.840544,N,12222.334274,W,064.0,309.6,040920,,,A*4B
$GPGGA,173510.00,3735.851920,N,12222.351571,W,7,,0.38,-31.26,M,0.0,M,0.0,0000*77
$GPRMC,173510.00,A,3735.851920,N,12222.351571,W,064.6,309.4,040920,,,A*48
$GPGGA,173511.00,3735.863374,N,12222.369079,W,7,,0.38,-31.23,M,0.0,M,0.0,0000*7F
$GPRMC,173511.00,A,3735.863374,N,12222.369079,W,065.3,309.4,040920,,,A*41
$GPGGA,173512.00,3735.874989,N,12222.386701,W,7,,0.38,-31.17,M,0.0,M,0.0,0000*7C
$GPRMC,173512.00,A,3735.874989,N,12222.386701,W,065.9,309.7,040920,,,A*4C
$GPGGA,173513.00,3735.887151,N,12222.405080,W,7,,0.38,-31.00,M,0.0,M,0.0,0000*78
$GPRMC,173513.00,A,3735.887151,N,12222.405080,W,065.8,309.7,040920,,,A*4F
$GPGGA,173514.00,3735.898432,N,12222.422173,W,7,,0.38,-30.72,M,0.0,M,0.0,0000*7D
$GPRMC,173514.00,A,3735.898432,N,12222.422173,W,065.7,309.6,040920,,,A*40
$GPGGA,173515.00,3735.910125,N,12222.439802,W,7,,0.38,-30.64,M,0.0,M,0.0,0000*7C
$GPRMC,173515.00,A,3735.910125,N,12222.439802,W,065.8,309.8,040920,,,A*47
$GPGGA,173516.00,3735.922294,N,12222.458144,W,7,,0.38,-30.60,M,0.0,M,0.0,0000*7F
$GPRMC,173516.00,A,3735.922294,N,12222.458144,W,065.6,309.7,040920,,,A*41
$GPGGA,173517.00,3735.933964,N,12222.475699,W,7,,0.38,-30.64,M,0.0,M,0.0,0000*76
$GPRMC,173517.00,A,3735.933964,N,12222.475699,W,065.4,309.6,040920,,,A*4F
$GPGGA,173518.00,3735.945117,N,12222.492667,W,7,,0.38,-30.71,M,0.0,M,0.0,0000*78
$GPRMC,173518.00,A,3735.945117,N,12222.492667,W,065.0,309.6,040920,,,A*41
$GPGGA,173519.00,3735.956596,N,12222.509978,W,7,,0.38,-30.74,M,0.0,M,0.0,0000*71
$GPRMC,173519.00,A,3735.956596,N,12222.509978,W,064.4,309.8,040920,,,A*46
$GPGGA,173520.00,3735.968110,N,12222.527389,W,7,,0.38,-30.80,M,0.0,M,0.0,0000*7F
$GPRMC,173520.00,A,3735.968110,N,12222.527389,W,064.0,309.7,040920,,,A*48
$GPGGA,173521.00,3735.979822,N,12222.545024,W,7,,0.38,-30.97,M,0.0,M,0.0,0000*70
$GPRMC,173521.00,A,3735.979822,N,12222.545024,W,063.8,310.0,040920,,,A*41
$GPGGA,173522.00,3735.990969,N,12222.561331,W,7,,0.38,-30.90,M,0.0,M,0.0,0000*7C
$GPRMC,173522.00,A,3735.990969,N,12222.561331,W,063.7,311.0,040920,,,A*44
$GPGGA,173523.00,3736.002766,N,12222.578245,W,7,,0.38,-31.05,M,0.0,M,0.0,0000*7A
$GPRMC,173523.00,A,3736.002766,N,12222.578245,W,063.9,311.2,040920,,,A*43
$GPGGA,173524.00,3736.014753,N,12222.595567,W,7,,0.38,-31.21,M,0.0,M,0.0,0000*7E
$GPRMC,173524.00,A,3736.014753,N,12222.595567,W,063.6,310.7,040920,,,A*4A
$GPGGA,173525.00,3736.026238,N,12222.612427,W,7,,0.38,-31.30,M,0.0,M,0.0,0000*7F
$GPRMC,173525.00,A,3736.026238,N,12222.612427,W,063.6,310.1,040920,,,A*4D
$GPGGA,173526.00,3736.037631,N,12222.629546,W,7,,0.38,-31.35,M,0.0,M,0.0,0000*7A
$GPRMC,173526.00,A,3736.037631,N,12222.629546,W,064.2,309.8,040920,,,A*4F
$GPGGA,173527.00,3736.048786,N,12222.646388,W,7,,0.38,-31.23,M,0.0,M,0.0,0000*74
$GPRMC,173527.00,A,3736.048786,N,12222.646388,W,064.3,309.5,040920,,,A*4A
$GPGGA,173528.00,3736.060143,N,12222.663638,W,7,,0.38,-31.30,M,0.0,M,0.0,0000*75
$GPRMC,173528.00,A,3736.060143,N,12222.663638,W,063.9,309.5,040920,,,A*44
$GPGGA,173529.00,3736.071777,N,12222.681379,W,7,,0.38,-31.35,M,0.0,M,0.0,0000*7C
$GPRMC,173529.00,A,3736.071777,N,12222.681379,W,064.0,309.5,040920,,,A*46
$GPGGA,173530.00,3736.083045,N,12222.698515,W,7,,0.38,-31.18,M,0.0,M,0.0,0000*74
$GPRMC,173530.00,A,3736.083045,N,12222.698515,W,063.5,309.5,040920,,,A*43
$GPGGA,173531.00,3736.093881,N,12222.715159,W,7,,0.38,-31.37,M,0.0,M,0.0,0000*71
$GPRMC,173531.00,A,3736.093881,N,12222.715159,W,062.8,309.4,040920,,,A*46
$GPGGA,173532.00,3736.105233,N,12222.732499,W,7,,0.38,-31.48,M,0.0,M,0.0,0000*7B
$GPRMC,173532.00,A,3736.105233,N,12222.732499,W,062.1,309.4,040920,,,A*4D
$GPGGA,173533.00,3736.116099,N,12222.749150,W,7,,0.38,-31.52,M,0.0,M,0.0,0000*7D
$GPRMC,173533.00,A,3736.116099,N,12222.749150,W,061.4,309.1,040920,,,A*43
$GPGGA,173534.00,3736.126539,N,12222.765241,W,7,,0.38,-31.49,M,0.0,M,0.0,0000*71
$GPRMC,173534.00,A,3736.126539,N,12222.765241,W,060.6,309.3,040920,,,A*44
$GPGGA,173535.00,3736.137136,N,12222.781585,W,7,,0.38,-31.53,M,0.0,M,0.0,0000*75
$GPRMC,173535.00,A,3736.137136,N,12222.781585,W,060.4,309.1,040920,,,A*4B
$GPGGA,173536.00,3736.147720,N,12222.797815,W,7,,0.38,-31.54,M,0.0,M,0.0,0000*74
$GPRMC,173536.00,A,3736.147720,N,12222.797815,W,060.1,309.4,040920,,,A*4D
$GPGGA,173537.00,3736.158592,N,12222.814394,W,7,,0.38,-31.48,M,0.0,M,0.0,0000*7B
$GPRMC,173537.00,A,3736.158592,N,12222.814394,W,059.3,309.5,040920,,,A*46
$GPGGA,173538.00,3736.168774,N,12222.829940,W,7,,0.38,-31.31,M,0.0,M,0.0,0000*7E
$GPRMC,173538.00,A,3736.168774,N,12222.829940,W,058.6,309.6,040920,,,A*4A
$GPGGA,173539.00,3736.178931,N,12222.845546,W,7,,0.38,-31.38,M,0.0,M,0.0,0000*78
$GPRMC,173539.00,A,3736.178931,N,12222.845546,W,057.6,309.5,040920,,,A*49
$GPGGA,173540.00,3736.189461,N,12222.861458,W,7,,0.38,-31.52,M,0.0,M,0.0,0000*74
$GPRMC,173540.00,A,3736.189461,N,12222.861458,W,057.1,309.5,040920,,,A*4E
$GPGGA,173541.00,3736.199272,N,12222.876445,W,7,,0.38,-31.62,M,0.0,M,0.0,0000*79
$GPRMC,173541.00,A,3736.199272,N,12222.876445,W,056.6,309.3,040920,,,A*40
$GPGGA,173542.00,3736.209220,N,12222.891655,W,7,,0.38,-31.66,M,0.0,M,0.0,0000*79
$GPRMC,173542.00,A,3736.209220,N,12222.891655,W,056.3,309.5,040920,,,A*47
$GPGGA,173543.00,3736.219144,N,12222.906709,W,7,,0.38,-31.70,M,0.0,M,0.0,0000*78
$GPRMC,173543.00,A,3736.219144,N,12222.906709,W,055.9,309.7,040920,,,A*4A
$GPGGA,173544.00,3736.229013,N,12222.921668,W,7,,0.38,-31.57,M,0.0,M,0.0,0000*79
$GPRMC,173544.00,A,3736.229013,N,12222.921668,W,055.3,309.6,040920,,,A*45
$GPGGA,173545.00,3736.239100,N,12222.937118,W,7,,0.38,-31.42,M,0.0,M,0.0,0000*79
$GPRMC,173545.00,A,3736.239100,N,12222.937118,W,054.8,309.3,040920,,,A*4E
$GPGGA,173546.00,3736.248495,N,12222.951487,W,7,,0.38,-31.52,M,0.0,M,0.0,0000*77
$GPRMC,173546.00,A,3736.248495,N,12222.951487,W,055.2,309.5,040920,,,A*4C
$GPGGA,173547.00,3736.258311,N,12222.966476,W,7,,0.38,-31.59,M,0.0,M,0.0,0000*7D
$GPRMC,173547.00,A,3736.258311,N,12222.966476,W,056.0,309.4,040920,,,A*4D
$GPGGA,173548.00,3736.268758,N,12222.982465,W,7,,0.38,-31.61,M,0.0,M,0.0,0000*7B
$GPRMC,173548.00,A,3736.268758,N,12222.982465,W,057.5,309.4,040920,,,A*44
$GPGGA,173549.00,3736.279054,N,12222.998114,W,7,,0.38,-31.53,M,0.0,M,0.0,0000*78
$GPRMC,173549.00,A,3736.279054,N,12222.998114,W,058.6,309.7,040920,,,A*49
$GPGGA,173550.00,3736.289139,N,12223.013384,W,7,,0.38,-31.58,M,0.0,M,0.0,0000*7E
$GPRMC,173550.00,A,3736.289139,N,12223.013384,W,058.9,309.6,040920,,,A*4A
$GPGGA,173551.00,3736.299478,N,12223.029133,W,7,,0.38,-31.58,M,0.0,M,0.0,0000*79
$GPRMC,173551.00,A,3736.299478,N,12223.029133,W,058.3,309.4,040920,,,A*45
$GPGGA,173552.00,3736.309815,N,12223.045027,W,7,,0.38,-31.56,M,0.0,M,0.0,0000*75
$GPRMC,173552.00,A,3736.309815,N,12223.045027,W,058.1,309.1,040920,,,A*40
$GPGGA,173553.00,3736.320285,N,12223.061138,W,7,,0.38,-31.46,M,0.0,M,0.0,0000*74
$GPRMC,173553.00,A,3736.320285,N,12223.061138,W,057.6,309.4,040920,,,A*4D
$GPGGA,173554.00,3736.330029,N,12223.076077,W,7,,0.38,-31.59,M,0.0,M,0.0,0000*74
$GPRMC,173554.00,A,3736.330029,N,12223.076077,W,057.0,309.4,040920,,,A*45
$GPGGA,173555.00,3736.340008,N,12223.091330,W,7,,0.38,-31.57,M,0.0,M,0.0,0000*76
$GPRMC,173555.00,A,3736.340008,N,12223.091330,W,056.4,309.3,040920,,,A*4B
$GPGGA,173556.00,3736.350292,N,12223.107133,W,7,,0.38,-31.32,M,0.0,M,0.0,0000*79
$GPRMC,173556.00,A,3736.350292,N,12223.107133,W,056.3,309.4,040920,,,A*47
$GPGGA,173557.00,3736.360264,N,12223.122464,W,7,,0.38,-31.21,M,0.0,M,0.0,0000*70
$GPRMC,173557.00,A,3736.360264,N,12223.122464,W,057.1,309.3,040920,,,A*48
$GPGGA,173558.00,3736.370140,N,12223.137625,W,7,,0.38,-31.21,M,0.0,M,0.0,0000*78
$GPRMC,173558.00,A,3736.370140,N,12223.137625,W,058.6,309.2,040920,,,A*49
$GPGGA,173559.00,3736.380688,N,12223.153772,W,7,,0.38,-31.17,M,0.0,M,0.0,0000*71
$GPRMC,173559.00,A,3736.380688,N,12223.153772,W,060.0,309.5,040920,,,A*4F
$GPGGA,173600.00,3736.391385,N,12223.170062,W,7,,0.38,-31.17,M,0.0,M,0.0,0000*71
$GPRMC,173600.00,A,3736.391385,N,12223.170062,W,060.9,309.7,040920,,,A*44
$GPGGA,173601.00,3736.402485,N,12223.186999,W,7,,0.38,-31.22,M,0.0,M,0.0,0000*78
$GPRMC,173601.00,A,3736.402485,N,12223.186999,W,060.9,309.3,040920,,,A*4F
$GPGGA,173602.00,3736.413160,N,12223.203296,W,7,,0.38,-31.24,M,0.0,M,0.0,0000*79
$GPRMC,173602.00,A,3736.413160,N,12223.203296,W,060.3,309.4,040920,,,A*45
$GPGGA,173603.00,3736.423486,N,12223.219171,W,7,,0.38,-31.23,M,0.0,M,0.0,0000*70
$GPRMC,173603.00,A,3736.423486,N,12223.219171,W,059.8,309.2,040920,,,A*4C
$GPGGA,173604.00,3736.434322,N,12223.235755,W,7,,0.38,-31.18,M,0.0,M,0.0,0000*7E
$GPRMC,173604.00,A,3736.434322,N,12223.235755,W,059.3,309.5,040920,,,A*46
$GPGGA,173605.00,3736.444738,N,12223.251643,W,7,,0.38,-31.20,M,0.0,M,0.0,0000*78
$GPRMC,173605.00,A,3736.444738,N,12223.251643,W,058.9,309.4,040920,,,A*41
$GPGGA,173606.00,3736.454871,N,12223.267099,W,7,,0.38,-31.30,M,0.0,M,0.0,0000*7D
$GPRMC,173606.00,A,3736.454871,N,12223.267099,W,058.6,309.5,040920,,,A*4B
$GPGGA,173607.00,3736.465161,N,12223.282765,W,7,,0.38,-31.44,M,0.0,M,0.0,0000*7A
$GPRMC,173607.00,A,3736.465161,N,12223.282765,W,058.2,309.4,040920,,,A*4A
$GPGGA,173608.00,3736.475295,N,12223.298384,W,7,,0.38,-31.52,M,0.0,M,0.0,0000*7B
$GPRMC,173608.00,A,3736.475295,N,12223.298384,W,057.5,309.2,040920,,,A*42
$GPGGA,173609.00,3736.485699,N,12223.314326,W,7,,0.38,-31.54,M,0.0,M,0.0,0000*76
$GPRMC,173609.00,A,3736.485699,N,12223.314326,W,057.1,309.4,040920,,,A*4B
$GPGGA,173610.00,3736.495473,N,12223.329343,W,7,,0.38,-31.53,M,0.0,M,0.0,0000*73
$GPRMC,173610.00,A,3736.495473,N,12223.329343,W,056.6,309.3,040920,,,A*48
$GPGGA,173611.00,3736.505386,N,12223.344481,W,7,,0.38,-31.44,M,0.0,M,0.0,0000*73
$GPRMC,173611.00,A,3736.505386,N,12223.344481,W,055.9,309.6,040920,,,A*47
$GPGGA,173612.00,3736.515495,N,12223.359829,W,7,,0.38,-31.35,M,0.0,M,0.0,0000*70
$GPRMC,173612.00,A,3736.515495,N,12223.359829,W,055.0,309.6,040920,,,A*4B
$GPGGA,173613.00,3736.524904,N,12223.374223,W,7,,0.38,-31.22,M,0.0,M,0.0,0000*7F
$GPRMC,173613.00,A,3736.524904,N,12223.374223,W,054.2,309.3,040920,,,A*44
$GPGGA,173614.00,3736.534390,N,12223.388803,W,7,,0.38,-31.12,M,0.0,M,0.0,0000*76
$GPRMC,173614.00,A,3736.534390,N,12223.388803,W,053.6,309.3,040920,,,A*4D
$GPGGA,173615.00,3736.543701,N,12223.403191,W,7,,0.38,-31.18,M,0.0,M,0.0,0000*77
$GPRMC,173615.00,A,3736.543701,N,12223.403191,W,052.9,309.0,040920,,,A*4B
$GPGGA,173616.00,3736.552912,N,12223.417399,W,7,,0.38,-31.26,M,0.0,M,0.0,0000*7A
$GPRMC,173616.00,A,3736.552912,N,12223.417399,W,052.4,309.1,040920,,,A*47
$GPGGA,173617.00,3736.562470,N,12223.432154,W,7,,0.38,-31.12,M,0.0,M,0.0,0000*72
$GPRMC,173617.00,A,3736.562470,N,12223.432154,W,052.3,309.3,040920,,,A*4D
$GPGGA,173618.00,3736.571416,N,12223.445900,W,7,,0.38,-31.09,M,0.0,M,0.0,0000*7C
$GPRMC,173618.00,A,3736.571416,N,12223.445900,W,052.8,309.3,040920,,,A*42
$GPGGA,173619.00,3736.580824,N,12223.460263,W,7,,0.38,-31.06,M,0.0,M,0.0,0000*78
$GPRMC,173619.00,A,3736.580824,N,12223.460263,W,053.7,309.5,040920,,,A*41
$GPGGA,173620.00,3736.590585,N,12223.475191,W,7,,0.38,-30.95,M,0.0,M,0.0,0000*74
$GPRMC,173620.00,A,3736.590585,N,12223.475191,W,054.0,309.1,040920,,,A*42
$GPGGA,173621.00,3736.600179,N,12223.490078,W,7,,0.38,-30.94,M,0.0,M,0.0,0000*74
$GPRMC,173621.00,A,3736.600179,N,12223.490078,W,054.8,308.8,040920,,,A*43
$GPGGA,173622.00,3736.609528,N,12223.504729,W,7,,0.38,-30.93,M,0.0,M,0.0,0000*76
$GPRMC,173622.00,A,3736.609528,N,12223.504729,W,055.9,308.6,040920,,,A*48
$GPGGA,173623.00,3736.619272,N,12223.519909,W,7,,0.38,-30.99,M,0.0,M,0.0,0000*74
$GPRMC,173623.00,A,3736.619272,N,12223.519909,W,055.8,309.0,040920,,,A*46
$GPGGA,173624.00,3736.629039,N,12223.535239,W,7,,0.38,-31.12,M,0.0,M,0.0,0000*79
$GPRMC,173624.00,A,3736.629039,N,12223.535239,W,055.8,308.7,040920,,,A*4F
$GPGGA,173625.00,3736.639071,N,12223.550917,W,7,,0.38,-31.10,M,0.0,M,0.0,0000*73
$GPRMC,173625.00,A,3736.639071,N,12223.550917,W,055.9,308.9,040920,,,A*48
$GPGGA,173626.00,3736.648617,N,12223.565599,W,7,,0.38,-31.17,M,0.0,M,0.0,0000*7B
$GPRMC,173626.00,A,3736.648617,N,12223.565599,W,056.6,309.6,040920,,,A*45
$GPGGA,173627.00,3736.658769,N,12223.581062,W,7,,0.38,-31.13,M,0.0,M,0.0,0000*7C
$GPRMC,173627.00,A,3736.658769,N,12223.581062,W,058.1,309.5,040920,,,A*4C
$GPGGA,173628.00,3736.669593,N,12223.597411,W,7,,0.38,-31.10,M,0.0,M,0.0,0000*72
$GPRMC,173628.00,A,3736.669593,N,12223.597411,W,059.0,309.9,040920,,,A*4D
$GPGGA,173629.00,3736.680135,N,12223.613258,W,7,,0.38,-31.13,M,0.0,M,0.0,0000*7B
$GPRMC,173629.00,A,3736.680135,N,12223.613258,W,059.3,310.0,040920,,,A*45
$GPGGA,173630.00,3736.690497,N,12223.628696,W,7,,0.38,-31.06,M,0.0,M,0.0,0000*75
$GPRMC,173630.00,A,3736.690497,N,12223.628696,W,060.2,310.3,040920,,,A*47
$GPGGA,173631.00,3736.701477,N,12223.644710,W,7,,0.38,-31.16,M,0.0,M,0.0,0000*77
$GPRMC,173631.00,A,3736.701477,N,12223.644710,W,060.2,311.0,040920,,,A*46
$GPGGA,173632.00,3736.712493,N,12223.660424,W,7,,0.38,-31.24,M,0.0,M,0.0,0000*7F
$GPRMC,173632.00,A,3736.712493,N,12223.660424,W,060.1,311.7,040920,,,A*4B
$GPGGA,173633.00,3736.724020,N,12223.676413,W,7,,0.38,-31.33,M,0.0,M,0.0,0000*72
$GPRMC,173633.00,A,3736.724020,N,12223.676413,W,059.8,312.6,040920,,,A*41
$GPGGA,173634.00,3736.734988,N,12223.691102,W,7,,0.38,-31.12,M,0.0,M,0.0,0000*70
$GPRMC,173634.00,A,3736.734988,N,12223.691102,W,059.7,313.9,040920,,,A*41
$GPGGA,173635.00,3736.746729,N,12223.706054,W,7,,0.38,-31.00,M,0.0,M,0.0,0000*7F
$GPRMC,173635.00,A,3736.746729,N,12223.706054,W,059.7,315.4,040920,,,A*46
$GPGGA,173636.00,3736.759174,N,12223.720958,W,7,,0.38,-30.85,M,0.0,M,0.0,0000*71
$GPRMC,173636.00,A,3736.759174,N,12223.720958,W,060.5,317.5,040920,,,A*4F
$GPGGA,173637.00,3736.771743,N,12223.735159,W,7,,0.38,-30.92,M,0.0,M,0.0,0000*73
$GPRMC,173637.00,A,3736.771743,N,12223.735159,W,061.4,319.2,040920,,,A*42
$GPGGA,173638.00,3736.784506,N,12223.748899,W,7,,0.38,-31.18,M,0.0,M,0.0,0000*79
$GPRMC,173638.00,A,3736.784506,N,12223.748899,W,062.4,320.4,040920,,,A*44
$GPGGA,173639.00,3736.797975,N,12223.762784,W,7,,0.38,-31.26,M,0.0,M,0.0,0000*74
$GPRMC,173639.00,A,3736.797975,N,12223.762784,W,063.2,321.4,040920,,,A*42
$GPGGA,173640.00,3736.811907,N,12223.776440,W,7,,0.38,-31.37,M,0.0,M,0.0,0000*70
$GPRMC,173640.00,A,3736.811907,N,12223.776440,W,063.9,322.9,040920,,,A*43
$GPGGA,173641.00,3736.826643,N,12223.789910,W,7,,0.38,-31.33,M,0.0,M,0.0,0000*76
$GPRMC,173641.00,A,3736.826643,N,12223.789910,W,064.0,325.0,040920,,,A*41
$GPGGA,173642.00,3736.841074,N,12223.802155,W,7,,0.38,-31.24,M,0.0,M,0.0,0000*75
$GPRMC,173642.00,A,3736.841074,N,12223.802155,W,064.6,326.9,040920,,,A*48
$GPGGA,173643.00,3736.856140,N,12223.814521,W,7,,0.38,-30.55,M,0.0,M,0.0,0000*73
$GPRMC,173643.00,A,3736.856140,N,12223.814521,W,065.0,328.6,040920,,,A*4F
$GPGGA,173644.00,3736.872213,N,12223.826552,W,7,,0.38,-30.33,M,0.0,M,0.0,0000*72
$GPRMC,173644.00,A,3736.872213,N,12223.826552,W,065.4,330.6,040920,,,A*43
$GPGGA,173645.00,3736.888222,N,12223.837856,W,7,,0.38,-30.46,M,0.0,M,0.0,0000*7F
$GPRMC,173645.00,A,3736.888222,N,12223.837856,W,065.9,331.6,040920,,,A*40
$GPGGA,173646.00,3736.903984,N,12223.848319,W,7,,0.38,-30.53,M,0.0,M,0.0,0000*75
$GPRMC,173646.00,A,3736.903984,N,12223.848319,W,065.7,333.0,040920,,,A*44
$GPGGA,173647.00,3736.920352,N,12223.858436,W,7,,0.38,-30.75,M,0.0,M,0.0,0000*7B
$GPRMC,173647.00,A,3736.920352,N,12223.858436,W,065.8,334.9,040920,,,A*4F
$GPGGA,173648.00,3736.936888,N,12223.867940,W,7,,0.38,-30.90,M,0.0,M,0.0,0000*74
$GPRMC,173648.00,A,3736.936888,N,12223.867940,W,065.5,336.7,040920,,,A*4A
$GPGGA,173649.00,3736.953874,N,12223.876820,W,7,,0.38,-31.07,M,0.0,M,0.0,0000*7D
$GPRMC,173649.00,A,3736.953874,N,12223.876820,W,065.6,338.8,040920,,,A*4E
$GPGGA,173650.00,3736.970901,N,12223.884871,W,7,,0.38,-31.20,M,0.0,M,0.0,0000*7B
$GPRMC,173650.00,A,3736.970901,N,12223.884871,W,065.5,340.6,040920,,,A*4F
$GPGGA,173651.00,3736.988049,N,12223.892198,W,7,,0.38,-31.38,M,0.0,M,0.0,0000*78
$GPRMC,173651.00,A,3736.988049,N,12223.892198,W,065.5,342.0,040920,,,A*41
$GPGGA,173652.00,3737.006020,N,12223.899164,W,7,,0.38,-31.55,M,0.0,M,0.0,0000*79
$GPRMC,173652.00,A,3737.006020,N,12223.899164,W,065.7,343.6,040920,,,A*4E
$GPGGA,173653.00,3737.023221,N,12223.905103,W,7,,0.38,-31.59,M,0.0,M,0.0,0000*75
$GPRMC,173653.00,A,3737.023221,N,12223.905103,W,065.8,345.5,040920,,,A*44
$GPGGA,173654.00,3737.041006,N,12223.910774,W,7,,0.38,-31.52,M,0.0,M,0.0,0000*78
$GPRMC,173654.00,A,3737.041006,N,12223.910774,W,066.2,346.1,040920,,,A*4C
$GPGGA,173655.00,3737.058933,N,12223.916270,W,7,,0.38,-31.42,M,0.0,M,0.0,0000*78
$GPRMC,173655.00,A,3737.058933,N,12223.916270,W,066.7,346.3,040920,,,A*4A
$GPGGA,173656.00,3737.077084,N,12223.921742,W,7,,0.38,-31.50,M,0.0,M,0.0,0000*70
$GPRMC,173656.00,A,3737.077084,N,12223.921742,W,066.3,346.1,040920,,,A*47
$GPGGA,173657.00,3737.095504,N,12223.927376,W,7,,0.38,-31.37,M,0.0,M,0.0,0000*74
$GPRMC,173657.00,A,3737.095504,N,12223.927376,W,065.8,345.8,040920,,,A*40
$GPGGA,173658.00,3737.112532,N,12223.932649,W,7,,0.38,-31.07,M,0.0,M,0.0,0000*7E
$GPRMC,173658.00,A,3737.112532,N,12223.932649,W,064.8,345.8,040920,,,A*48
$GPGGA,173659.00,3737.129811,N,12223.938260,W,7,,0.38,-30.90,M,0.0,M,0.0,0000*71
$GPRMC,173659.00,A,3737.129811,N,12223.938260,W,063.8,344.8,040920,,,A*4E
$GPGGA,173700.00,3737.147649,N,12223.944295,W,7,,0.38,-30.81,M,0.0,M,0.0,0000*76
$GPRMC,173700.00,A,3737.147649,N,12223.944295,W,063.5,344.5,040920,,,A*49
$GPGGA,173701.00,3737.164653,N,12223.950164,W,7,,0.38,-30.86,M,0.0,M,0.0,0000*72
$GPRMC,173701.00,A,3737.164653,N,12223.950164,W,063.3,344.2,040920,,,A*4B
$GPGGA,173702.00,3737.181082,N,12223.955840,W,7,,0.38,-30.77,M,0.0,M,0.0,0000*74
$GPRMC,173702.00,A,3737.181082,N,12223.955840,W,063.6,344.5,040920,,,A*41
$GPGGA,173703.00,3737.198344,N,12223.961714,W,7,,0.38,-30.83,M,0.0,M,0.0,0000*76
$GPRMC,173703.00,A,3737.198344,N,12223.961714,W,064.1,344.5,040920,,,A*48
$GPGGA,173704.00,3737.215545,N,12223.967546,W,7,,0.38,-30.81,M,0.0,M,0.0,0000*71
$GPRMC,173704.00,A,3737.215545,N,12223.967546,W,064.3,344.6,040920,,,A*4C
$GPGGA,173705.00,3737.233269,N,12223.973534,W,7,,0.38,-30.82,M,0.0,M,0.0,0000*7E
$GPRMC,173705.00,A,3737.233269,N,12223.973534,W,063.9,344.7,040920,,,A*4C
$GPGGA,173706.00,3737.249746,N,12223.979150,W,7,,0.38,-30.90,M,0.0,M,0.0,0000*77
$GPRMC,173706.00,A,3737.249746,N,12223.979150,W,063.5,344.6,040920,,,A*4B
$GPGGA,173707.00,3737.266852,N,12223.984976,W,7,,0.38,-30.89,M,0.0,M,0.0,0000*77
$GPRMC,173707.00,A,3737.266852,N,12223.984976,W,063.1,344.3,040920,,,A*42
$GPGGA,173708.00,3737.284300,N,12223.990880,W,7,,0.38,-30.78,M,0.0,M,0.0,0000*7B
$GPRMC,173708.00,A,3737.284300,N,12223.990880,W,062.8,344.7,040920,,,A*4C
$GPGGA,173709.00,3737.301076,N,12223.996591,W,7,,0.38,-30.73,M,0.0,M,0.0,0000*74
$GPRMC,173709.00,A,3737.301076,N,12223.996591,W,062.6,344.6,040920,,,A*47
$GPGGA,173710.00,3737.317833,N,12224.002237,W,7,,0.38,-30.71,M,0.0,M,0.0,0000*78
$GPRMC,173710.00,A,3737.317833,N,12224.002237,W,062.4,344.8,040920,,,A*45
$GPGGA,173711.00,3737.334058,N,12224.007728,W,7,,0.38,-30.72,M,0.0,M,0.0,0000*70
$GPRMC,173711.00,A,3737.334058,N,12224.007728,W,061.5,344.5,040920,,,A*41
$GPGGA,173712.00,3737.350455,N,12224.013260,W,7,,0.38,-30.67,M,0.0,M,0.0,0000*70
$GPRMC,173712.00,A,3737.350455,N,12224.013260,W,060.6,344.8,040920,,,A*4A
$GPGGA,173713.00,3737.367081,N,12224.018809,W,7,,0.38,-30.57,M,0.0,M,0.0,0000*75
$GPRMC,173713.00,A,3737.367081,N,12224.018809,W,059.6,345.1,040920,,,A*4E
$GPGGA,173714.00,3737.382538,N,12224.023904,W,7,,0.38,-30.53,M,0.0,M,0.0,0000*7E
$GPRMC,173714.00,A,3737.382538,N,12224.023904,W,058.4,345.2,040920,,,A*41
$GPGGA,173715.00,3737.398036,N,12224.029040,W,7,,0.38,-30.54,M,0.0,M,0.0,0000*7B
$GPRMC,173715.00,A,3737.398036,N,12224.029040,W,057.3,344.9,040920,,,A*41
$GPGGA,173716.00,3737.413743,N,12224.034326,W,7,,0.38,-30.54,M,0.0,M,0.0,0000*76
$GPRMC,173716.00,A,3737.413743,N,12224.034326,W,056.3,344.6,040920,,,A*42
$GPGGA,173717.00,3737.428684,N,12224.039431,W,7,,0.38,-30.37,M,0.0,M,0.0,0000*7C
$GPRMC,173717.00,A,3737.428684,N,12224.039431,W,055.0,344.6,040920,,,A*4D
$GPGGA,173718.00,3737.442855,N,12224.044213,W,7,,0.38,-30.35,M,0.0,M,0.0,0000*73
$GPRMC,173718.00,A,3737.442855,N,12224.044213,W,053.2,344.7,040920,,,A*45
$GPGGA,173719.00,3737.456913,N,12224.048918,W,7,,0.38,-30.24,M,0.0,M,0.0,0000*78
$GPRMC,173719.00,A,3737.456913,N,12224.048918,W,051.9,344.9,040920,,,A*49
$GPGGA,173720.00,3737.470750,N,12224.053472,W,7,,0.38,-30.29,M,0.0,M,0.0,0000*79
$GPRMC,173720.00,A,3737.470750,N,12224.053472,W,050.9,345.2,040920,,,A*4E
$GPGGA,173721.00,3737.484430,N,12224.057815,W,7,,0.38,-30.25,M,0.0,M,0.0,0000*73
$GPRMC,173721.00,A,3737.484430,N,12224.057815,W,050.1,345.9,040920,,,A*4B
$GPGGA,173722.00,3737.497822,N,12224.061823,W,7,,0.38,-30.06,M,0.0,M,0.0,0000*7C
$GPRMC,173722.00,A,3737.497822,N,12224.061823,W,050.0,346.8,040920,,,A*46
$GPGGA,173723.00,3737.511591,N,12224.065501,W,7,,0.38,-29.99,M,0.0,M,0.0,0000*70
$GPRMC,173723.00,A,3737.511591,N,12224.065501,W,051.5,348.5,040920,,,A*43
$GPGGA,173724.00,3737.525895,N,12224.068880,W,7,,0.38,-29.89,M,0.0,M,0.0,0000*71
$GPRMC,173724.00,A,3737.525895,N,12224.068880,W,050.9,349.7,040920,,,A*4D
$GPGGA,173725.00,3737.539389,N,12224.071747,W,7,,0.38,-30.12,M,0.0,M,0.0,0000*7D
$GPRMC,173725.00,A,3737.539389,N,12224.071747,W,049.8,350.4,040920,,,A*49
$GPGGA,173726.00,3737.552667,N,12224.074405,W,7,,0.38,-30.29,M,0.0,M,0.0,0000*7E
$GPRMC,173726.00,A,3737.552667,N,12224.074405,W,047.2,350.6,040920,,,A*44
$GPGGA,173727.00,3737.565483,N,12224.076914,W,7,,0.38,-30.36,M,0.0,M,0.0,0000*72
$GPRMC,173727.00,A,3737.565483,N,12224.076914,W,046.1,350.6,040920,,,A*44
$GPGGA,173728.00,3737.578101,N,12224.079373,W,7,,0.38,-30.46,M,0.0,M,0.0,0000*7D
$GPRMC,173728.00,A,3737.578101,N,12224.079373,W,045.2,350.8,040920,,,A*42
$GPGGA,173729.00,3737.590749,N,12224.081762,W,7,,0.38,-30.48,M,0.0,M,0.0,0000*7D
$GPRMC,173729.00,A,3737.590749,N,12224.081762,W,044.3,351.2,040920,,,A*47
$GPGGA,173730.00,3737.602378,N,12224.084090,W,7,,0.38,-30.39,M,0.0,M,0.0,0000*72
$GPRMC,173730.00,A,3737.602378,N,12224.084090,W,043.5,350.6,040920,,,A*4A
$GPGGA,173731.00,3737.614240,N,12224.086502,W,7,,0.38,-30.19,M,0.0,M,0.0,0000*70
$GPRMC,173731.00,A,3737.614240,N,12224.086502,W,042.8,350.7,040920,,,A*47
$GPGGA,173732.00,3737.626336,N,12224.088878,W,7,,0.38,-30.24,M,0.0,M,0.0,0000*72
$GPRMC,173732.00,A,3737.626336,N,12224.088878,W,041.9,350.9,040920,,,A*47
$GPGGA,173733.00,3737.637694,N,12224.091116,W,7,,0.38,-30.18,M,0.0,M,0.0,0000*78
$GPRMC,173733.00,A,3737.637694,N,12224.091116,W,040.9,350.8,040920,,,A*42
$GPGGA,173734.00,3737.648374,N,12224.093312,W,7,,0.38,-30.36,M,0.0,M,0.0,0000*74
$GPRMC,173734.00,A,3737.648374,N,12224.093312,W,040.3,350.9,040920,,,A*49
$GPGGA,173735.00,3737.659720,N,12224.095531,W,7,,0.38,-30.13,M,0.0,M,0.0,0000*76
$GPRMC,173735.00,A,3737.659720,N,12224.095531,W,041.9,350.8,040920,,,A*46
$GPGGA,173736.00,3737.671684,N,12224.097764,W,7,,0.38,-30.00,M,0.0,M,0.0,0000*72
$GPRMC,173736.00,A,3737.671684,N,12224.097764,W,044.2,351.5,040920,,,A*42
$GPGGA,173737.00,3737.684157,N,12224.100055,W,7,,0.38,-30.08,M,0.0,M,0.0,0000*72
$GPRMC,173737.00,A,3737.684157,N,12224.100055,W,044.0,351.4,040920,,,A*49
$GPGGA,173738.00,3737.695779,N,12224.102149,W,7,,0.38,-30.07,M,0.0,M,0.0,0000*76
$GPRMC,173738.00,A,3737.695779,N,12224.102149,W,043.3,352.2,040920,,,A*43
$GPGGA,173739.00,3737.707378,N,12224.104016,W,7,,0.38,-30.01,M,0.0,M,0.0,0000*73
$GPRMC,173739.00,A,3737.707378,N,12224.104016,W,040.3,352.8,040920,,,A*49
$GPGGA,173740.00,3737.718502,N,12224.105497,W,7,,0.38,-29.95,M,0.0,M,0.0,0000*71
$GPRMC,173740.00,A,3737.718502,N,12224.105497,W,038.4,354.0,040920,,,A*48
$GPGGA,173741.00,3737.728911,N,12224.106631,W,7,,0.38,-30.09,M,0.0,M,0.0,0000*7D
$GPRMC,173741.00,A,3737.728911,N,12224.106631,W,037.2,354.9,040920,,,A*49
$GPGGA,173742.00,3737.738632,N,12224.107706,W,7,,0.38,-30.23,M,0.0,M,0.0,0000*7D
$GPRMC,173742.00,A,3737.738632,N,12224.107706,W,035.4,354.0,040920,,,A*4C
$GPGGA,173743.00,3737.748243,N,12224.108852,W,7,,0.38,-30.15,M,0.0,M,0.0,0000*7D
$GPRMC,173743.00,A,3737.748243,N,12224.108852,W,033.8,354.7,040920,,,A*44
$GPGGA,173744.00,3737.757430,N,12224.109596,W,7,,0.38,-30.15,M,0.0,M,0.0,0000*72
$GPRMC,173744.00,A,3737.757430,N,12224.109596,W,032.8,357.0,040920,,,A*4E
$GPGGA,173745.00,3737.766711,N,12224.109691,W,7,,0.38,-30.03,M,0.0,M,0.0,0000*72
$GPRMC,173745.00,A,3737.766711,N,12224.109691,W,032.4,000.6,040920,,,A*42
$GPGGA,173746.00,3737.775562,N,12224.109001,W,7,,0.38,-30.15,M,0.0,M,0.0,0000*7D
$GPRMC,173746.00,A,3737.775562,N,12224.109001,W,033.0,005.6,040920,,,A*4A
$GPGGA,173747.00,3737.784598,N,12224.107298,W,7,,0.38,-30.21,M,0.0,M,0.0,0000*7C
$GPRMC,173747.00,A,3737.784598,N,12224.107298,W,033.2,010.2,040920,,,A*4E
$GPGGA,173748.00,3737.793874,N,12224.104430,W,7,,0.38,-30.25,M,0.0,M,0.0,0000*79
$GPRMC,173748.00,A,3737.793874,N,12224.104430,W,033.6,016.1,040920,,,A*4E
$GPGGA,173749.00,3737.802753,N,12224.100638,W,7,,0.38,-30.21,M,0.0,M,0.0,0000*7F
$GPRMC,173749.00,A,3737.802753,N,12224.100638,W,033.9,020.7,040920,,,A*40
$GPGGA,173750.00,3737.811196,N,12224.096144,W,7,,0.38,-30.20,M,0.0,M,0.0,0000*79
$GPRMC,173750.00,A,3737.811196,N,12224.096144,W,033.9,024.6,040920,,,A*42
$GPGGA,173751.00,3737.819595,N,12224.091067,W,7,,0.38,-30.11,M,0.0,M,0.0,0000*72
$GPRMC,173751.00,A,3737.819595,N,12224.091067,W,033.1,026.7,040920,,,A*40
$GPGGA,173752.00,3737.827720,N,12224.085788,W,7,,0.38,-30.19,M,0.0,M,0.0,0000*7B
$GPRMC,173752.00,A,3737.827720,N,12224.085788,W,032.5,027.9,040920,,,A*4B
$GPGGA,173753.00,3737.835676,N,12224.080472,W,7,,0.38,-30.14,M,0.0,M,0.0,0000*75
$GPRMC,173753.00,A,3737.835676,N,12224.080472,W,031.8,028.0,040920,,,A*40
$GPGGA,173754.00,3737.843457,N,12224.075300,W,7,,0.38,-30.18,M,0.0,M,0.0,0000*76
$GPRMC,173754.00,A,3737.843457,N,12224.075300,W,031.3,027.8,040920,,,A*43
$GPGGA,173755.00,3737.851078,N,12224.070290,W,7,,0.38,-30.27,M,0.0,M,0.0,0000*7C
$GPRMC,173755.00,A,3737.851078,N,12224.070290,W,030.6,027.5,040920,,,A*4C
$GPGGA,173756.00,3737.858812,N,12224.065208,W,7,,0.38,-30.26,M,0.0,M,0.0,0000*76
$GPRMC,173756.00,A,3737.858812,N,12224.065208,W,030.0,027.4,040920,,,A*40
$GPGGA,173757.00,3737.866005,N,12224.060527,W,7,,0.38,-30.31,M,0.0,M,0.0,0000*7D
$GPRMC,173757.00,A,3737.866005,N,12224.060527,W,029.4,027.3,040920,,,A*46
$GPGGA,173758.00,3737.873163,N,12224.055823,W,7,,0.38,-30.39,M,0.0,M,0.0,0000*70
$GPRMC,173758.00,A,3737.873163,N,12224.055823,W,028.8,027.6,040920,,,A*4B
$GPGGA,173759.00,3737.880154,N,12224.051197,W,7,,0.38,-30.37,M,0.0,M,0.0,0000*75
$GPRMC,173759.00,A,3737.880154,N,12224.051197,W,028.2,027.8,040920,,,A*44
$GPGGA,173800.00,3737.886987,N,12224.046673,W,7,,0.38,-30.32,M,0.0,M,0.0,0000*78
$GPRMC,173800.00,A,3737.886987,N,12224.046673,W,027.6,027.6,040920,,,A*49
$GPGGA,173801.00,3737.893959,N,12224.042203,W,7,,0.38,-30.19,M,0.0,M,0.0,0000*70
$GPRMC,173801.00,A,3737.893959,N,12224.042203,W,026.8,026.9,040920,,,A*49
$GPGGA,173802.00,3737.900337,N,12224.038136,W,7,,0.38,-30.24,M,0.0,M,0.0,0000*7C
$GPRMC,173802.00,A,3737.900337,N,12224.038136,W,026.4,026.9,040920,,,A*47
$GPGGA,173803.00,3737.906746,N,12224.033972,W,7,,0.38,-30.30,M,0.0,M,0.0,0000*7F
$GPRMC,173803.00,A,3737.906746,N,12224.033972,W,025.9,027.8,040920,,,A*4F
$GPGGA,173804.00,3737.913202,N,12224.029562,W,7,,0.38,-30.41,M,0.0,M,0.0,0000*79
$GPRMC,173804.00,A,3737.913202,N,12224.029562,W,025.4,028.9,040920,,,A*4C
$GPGGA,173805.00,3737.919250,N,12224.025050,W,7,,0.38,-30.40,M,0.0,M,0.0,0000*7C
$GPRMC,173805.00,A,3737.919250,N,12224.025050,W,025.8,031.6,040920,,,A*43
$GPGGA,173806.00,3737.925232,N,12224.019997,W,7,,0.38,-30.53,M,0.0,M,0.0,0000*7B
$GPRMC,173806.00,A,3737.925232,N,12224.019997,W,028.2,035.5,040920,,,A*46
$GPGGA,173807.00,3737.931453,N,12224.013793,W,7,,0.38,-30.57,M,0.0,M,0.0,0000*7A
$GPRMC,173807.00,A,3737.931453,N,12224.013793,W,029.7,040.3,040920,,,A*43
$GPGGA,173808.00,3737.937868,N,12224.006462,W,7,,0.38,-30.64,M,0.0,M,0.0,0000*7E
$GPRMC,173808.00,A,3737.937868,N,12224.006462,W,032.2,043.9,040920,,,A*41
$GPGGA,173809.00,3737.944126,N,12223.998073,W,7,,0.38,-30.69,M,0.0,M,0.0,0000*78
$GPRMC,173809.00,A,3737.944126,N,12223.998073,W,032.3,048.7,040920,,,A*4E
$GPGGA,173810.00,3737.949327,N,12223.989667,W,7,,0.38,-30.59,M,0.0,M,0.0,0000*7E
$GPRMC,173810.00,A,3737.949327,N,12223.989667,W,031.3,054.5,040920,,,A*47
$GPGGA,173811.00,3737.954026,N,12223.980679,W,7,,0.38,-30.61,M,0.0,M,0.0,0000*7C
$GPRMC,173811.00,A,3737.954026,N,12223.980679,W,030.3,059.6,040920,,,A*41
$GPGGA,173812.00,3737.958172,N,12223.971301,W,7,,0.38,-30.73,M,0.0,M,0.0,0000*74
$GPRMC,173812.00,A,3737.958172,N,12223.971301,W,029.6,062.4,040920,,,A*4D
$GPGGA,173813.00,3737.961885,N,12223.962019,W,7,,0.38,-30.70,M,0.0,M,0.0,0000*75
$GPRMC,173813.00,A,3737.961885,N,12223.962019,W,030.0,064.1,040920,,,A*42
$GPGGA,173814.00,3737.965402,N,12223.952743,W,7,,0.38,-30.64,M,0.0,M,0.0,0000*7B
$GPRMC,173814.00,A,3737.965402,N,12223.952743,W,030.4,064.9,040920,,,A*45
$GPGGA,173815.00,3737.969080,N,12223.942958,W,7,,0.38,-30.75,M,0.0,M,0.0,0000*7D
$GPRMC,173815.00,A,3737.969080,N,12223.942958,W,030.1,065.0,040920,,,A*4E
$GPGGA,173816.00,3737.972829,N,12223.933376,W,7,,0.38,-30.66,M,0.0,M,0.0,0000*7D
$GPRMC,173816.00,A,3737.972829,N,12223.933376,W,029.3,064.5,040920,,,A*42
$GPGGA,173817.00,3737.976333,N,12223.924219,W,7,,0.38,-30.73,M,0.0,M,0.0,0000*72
$GPRMC,173817.00,A,3737.976333,N,12223.924219,W,027.2,064.2,040920,,,A*41
$GPGGA,173818.00,3737.979351,N,12223.916089,W,7,,0.38,-30.71,M,0.0,M,0.0,0000*7E
$GPRMC,173818.00,A,3737.979351,N,12223.916089,W,024.3,065.0,040920,,,A*4E
$GPGGA,173819.00,3737.981746,N,12223.909130,W,7,,0.38,-30.67,M,0.0,M,0.0,0000*70
$GPRMC,173819.00,A,3737.981746,N,12223.909130,W,021.0,067.2,040920,,,A*41
$GPGGA,173820.00,3737.983779,N,12223.902577,W,7,,0.38,-30.48,M,0.0,M,0.0,0000*75
$GPRMC,173820.00,A,3737.983779,N,12223.902577,W,018.3,069.9,040920,,,A*45
$GPGGA,173821.00,3737.985081,N,12223.896794,W,7,,0.38,-30.35,M,0.0,M,0.0,0000*7B
$GPRMC,173821.00,A,3737.985081,N,12223.896794,W,016.3,076.3,040920,,,A*4B
$GPGGA,173822.00,3737.985544,N,12223.891652,W,7,,0.38,-30.35,M,0.0,M,0.0,0000*78
$GPRMC,173822.00,A,3737.985544,N,12223.891652,W,014.2,087.5,040920,,,A*43
$GPGGA,173823.00,3737.985256,N,12223.887211,W,7,,0.38,-30.28,M,0.0,M,0.0,0000*75
$GPRMC,173823.00,A,3737.985256,N,12223.887211,W,012.3,098.4,040920,,,A*4A
$GPGGA,173824.00,3737.984217,N,12223.883384,W,7,,0.38,-30.42,M,0.0,M,0.0,0000*73
$GPRMC,173824.00,A,3737.984217,N,12223.883384,W,011.2,111.1,040920,,,A*47
$GPGGA,173825.00,3737.982154,N,12223.879369,W,7,,0.38,-30.36,M,0.0,M,0.0,0000*75
$GPRMC,173825.00,A,3737.982154,N,12223.879369,W,014.6,126.5,040920,,,A*43
$GPGGA,173826.00,3737.978889,N,12223.875979,W,7,,0.38,-30.45,M,0.0,M,0.0,0000*79
$GPRMC,173826.00,A,3737.978889,N,12223.875979,W,016.9,144.7,040920,,,A*40
$GPGGA,173827.00,3737.974395,N,12223.873142,W,7,,0.38,-30.41,M,0.0,M,0.0,0000*70
$GPRMC,173827.00,A,3737.974395,N,12223.873142,W,019.2,158.5,040920,,,A*46
$GPGGA,173828.00,3737.969001,N,12223.871959,W,7,,0.38,-30.46,M,0.0,M,0.0,0000*7A
$GPRMC,173828.00,A,3737.969001,N,12223.871959,W,019.6,175.6,040920,,,A*43
$GPGGA,173829.00,3737.963817,N,12223.873058,W,7,,0.38,-30.65,M,0.0,M,0.0,0000*75
$GPRMC,173829.00,A,3737.963817,N,12223.873058,W,019.7,196.3,040920,,,A*44
$GPGGA,173830.00,3737.959227,N,12223.876190,W,7,,0.38,-30.84,M,0.0,M,0.0,0000*72
$GPRMC,173830.00,A,3737.959227,N,12223.876190,W,019.9,217.1,040920,,,A*4A
$GPGGA,173831.00,3737.955478,N,12223.880977,W,7,,0.38,-30.67,M,0.0,M,0.0,0000*76
$GPRMC,173831.00,A,3737.955478,N,12223.880977,W,021.0,234.0,040920,,,A*41
$GPGGA,173832.00,3737.952124,N,12223.887734,W,7,,0.38,-30.67,M,0.0,M,0.0,0000*70
$GPRMC,173832.00,A,3737.952124,N,12223.887734,W,024.6,244.1,040920,,,A*42
$GPGGA,173833.00,3737.948812,N,12223.896506,W,7,,0.38,-30.59,M,0.0,M,0.0,0000*78
$GPRMC,173833.00,A,3737.948812,N,12223.896506,W,028.4,248.3,040920,,,A*47
$GPGGA,173834.00,3737.945679,N,12223.905812,W,7,,0.38,-30.41,M,0.0,M,0.0,0000*7B
$GPRMC,173834.00,A,3737.945679,N,12223.905812,W,031.1,249.4,040920,,,A*46
$GPGGA,173835.00,3737.942445,N,12223.916419,W,7,,0.38,-30.34,M,0.0,M,0.0,0000*77
$GPRMC,173835.00,A,3737.942445,N,12223.916419,W,033.6,250.5,040920,,,A*44
$GPGGA,173836.00,3737.939092,N,12223.928071,W,7,,0.38,-30.23,M,0.0,M,0.0,0000*77
$GPRMC,173836.00,A,3737.939092,N,12223.928071,W,035.1,251.3,040920,,,A*44
$GPGGA,173837.00,3737.935816,N,12223.940017,W,7,,0.38,-30.05,M,0.0,M,0.0,0000*74
$GPRMC,173837.00,A,3737.935816,N,12223.940017,W,036.3,251.9,040920,,,A*48
$GPGGA,173838.00,3737.932564,N,12223.951825,W,7,,0.38,-29.92,M,0.0,M,0.0,0000*7B
$GPRMC,173838.00,A,3737.932564,N,12223.951825,W,037.2,251.4,040920,,,A*4C
$GPGGA,173839.00,3737.929047,N,12223.964119,W,7,,0.38,-30.03,M,0.0,M,0.0,0000*74
$GPRMC,173839.00,A,3737.929047,N,12223.964119,W,037.4,251.3,040920,,,A*42
$GPGGA,173840.00,3737.925598,N,12223.976420,W,7,,0.38,-30.00,M,0.0,M,0.0,0000*7E
$GPRMC,173840.00,A,3737.925598,N,12223.976420,W,036.6,250.0,040920,,,A*4A
$GPGGA,173841.00,3737.921535,N,12223.988630,W,7,,0.38,-29.84,M,0.0,M,0.0,0000*7A
$GPRMC,173841.00,A,3737.921535,N,12223.988630,W,036.0,246.1,040920,,,A*4A
$GPGGA,173842.00,3737.917066,N,12223.999340,W,7,,0.38,-29.94,M,0.0,M,0.0,0000*7C
$GPRMC,173842.00,A,3737.917066,N,12223.999340,W,034.9,239.7,040920,,,A*48
$GPGGA,173843.00,3737.911630,N,12224.008969,W,7,,0.38,-29.85,M,0.0,M,0.0,0000*79
$GPRMC,173843.00,A,3737.911630,N,12224.008969,W,033.1,231.1,040920,,,A*4C
$GPGGA,173844.00,3737.904736,N,12224.017747,W,7,,0.38,-29.55,M,0.0,M,0.0,0000*7C
$GPRMC,173844.00,A,3737.904736,N,12224.017747,W,032.6,221.1,040920,,,A*43
$GPGGA,173845.00,3737.897457,N,12224.024372,W,7,,0.38,-29.56,M,0.0,M,0.0,0000*73
$GPRMC,173845.00,A,3737.897457,N,12224.024372,W,031.8,212.9,040920,,,A*4A
$GPGGA,173846.00,3737.890233,N,12224.029718,W,7,,0.38,-29.50,M,0.0,M,0.0,0000*70
$GPRMC,173846.00,A,3737.890233,N,12224.029718,W,030.8,208.7,040920,,,A*4B
$GPGGA,173847.00,3737.882793,N,12224.034667,W,7,,0.38,-29.44,M,0.0,M,0.0,0000*7D
$GPRMC,173847.00,A,3737.882793,N,12224.034667,W,029.8,207.5,040920,,,A*46
$GPGGA,173848.00,3737.875624,N,12224.039252,W,7,,0.38,-29.39,M,0.0,M,0.0,0000*72
$GPRMC,173848.00,A,3737.875624,N,12224.039252,W,028.7,207.1,040920,,,A*49
$GPGGA,173849.00,3737.868466,N,12224.043193,W,7,,0.38,-29.42,M,0.0,M,0.0,0000*74
$GPRMC,173849.00,A,3737.868466,N,12224.043193,W,026.7,202.1,040920,,,A*48
$GPGGA,173850.00,3737.862039,N,12224.046164,W,7,,0.38,-29.39,M,0.0,M,0.0,0000*79
$GPRMC,173850.00,A,3737.862039,N,12224.046164,W,025.0,199.5,040920,,,A*48
$GPGGA,173851.00,3737.855715,N,12224.049085,W,7,,0.38,-29.38,M,0.0,M,0.0,0000*75
$GPRMC,173851.00,A,3737.855715,N,12224.049085,W,023.7,201.3,040920,,,A*40
$GPGGA,173852.00,3737.849481,N,12224.052217,W,7,,0.38,-29.29,M,0.0,M,0.0,0000*76
$GPRMC,173852.00,A,3737.849481,N,12224.052217,W,023.2,203.1,040920,,,A*46
$GPGGA,173853.00,3737.843967,N,12224.055428,W,7,,0.38,-29.40,M,0.0,M,0.0,0000*7A
$GPRMC,173853.00,A,3737.843967,N,12224.055428,W,022.1,205.2,040920,,,A*42
$GPGGA,173854.00,3737.838615,N,12224.058733,W,7,,0.38,-29.42,M,0.0,M,0.0,0000*7D
$GPRMC,173854.00,A,3737.838615,N,12224.058733,W,021.3,207.0,040920,,,A*46
$GPGGA,173855.00,3737.833630,N,12224.061932,W,7,,0.38,-29.43,M,0.0,M,0.0,0000*74
$GPRMC,173855.00,A,3737.833630,N,12224.061932,W,020.2,207.8,040920,,,A*46
$GPGGA,173856.00,3737.828968,N,12224.065081,W,7,,0.38,-29.47,M,0.0,M,0.0,0000*7E
$GPRMC,173856.00,A,3737.828968,N,12224.065081,W,017.9,208.2,040920,,,A*42
$GPGGA,173857.00,3737.824779,N,12224.067883,W,7,,0.38,-29.43,M,0.0,M,0.0,0000*71
$GPRMC,173857.00,A,3737.824779,N,12224.067883,W,015.4,207.8,040920,,,A*43
$GPGGA,173858.00,3737.821300,N,12224.070211,W,7,,0.38,-29.38,M,0.0,M,0.0,0000*7A
$GPRMC,173858.00,A,3737.821300,N,12224.070211,W,013.6,207.3,040920,,,A*4B
$GPGGA,173859.00,3737.818270,N,12224.072119,W,7,,0.38,-29.38,M,0.0,M,0.0,0000*7E
$GPRMC,173859.00,A,3737.818270,N,12224.072119,W,010.9,206.1,040920,,,A*40
$GPGGA,173900.00,3737.815942,N,12224.073536,W,7,,0.38,-29.39,M,0.0,M,0.0,0000*7D
$GPRMC,173900.00,A,3737.815942,N,12224.073536,W,007.6,205.5,040920,,,A*4C
$GPGGA,173901.00,3737.814273,N,12224.074531,W,7,,0.38,-29.38,M,0.0,M,0.0,0000*75
$GPRMC,173901.00,A,3737.814273,N,12224.074531,W,005.8,205.6,040920,,,A*4A
$GPGGA,173902.00,3737.813128,N,12224.075293,W,7,,0.38,-29.37,M,0.0,M,0.0,0000*7D
$GPRMC,173902.00,A,3737.813128,N,12224.075293,W,004.1,205.9,040920,,,A*4A
$GPGGA,173903.00,3737.812324,N,12224.075804,W,7,,0.38,-29.29,M,0.0,M,0.0,0000*78
$GPRMC,173903.00,A,3737.812324,N,12224.075804,W,002.4,206.2,040920,,,A*4B
$GPGGA,173904.00,3737.811922,N,12224.076062,W,7,,0.38,-29.31,M,0.0,M,0.0,0000*72
$GPRMC,173904.00,A,3737.811922,N,12224.076062,W,000.8,206.1,040920,,,A*45
$GPGGA,173905.00,3737.811814,N,12224.076134,W,7,,0.38,-29.32,M,0.0,M,0.0,0000*76
$GPRMC,173905.00,A,3737.811814,N,12224.076134,W,000.0,000.0,040920,,,A*4F
$GPGGA,173906.00,3737.811808,N,12224.076139,W,7,,0.38,-29.18,M,0.0,M,0.0,0000*7D
$GPRMC,173906.00,A,3737.811808,N,12224.076139,W,000.0,000.0,040920,,,A*4C
$GPGGA,173907.00,3737.811808,N,12224.076139,W,7,,0.38,-29.18,M,0.0,M,0.0,0000*7C
$GPRMC,173907.00,A,3737.811808,N,12224.076139,W,000.0,000.0,040920,,,A*4D
$GPGGA,173908.00,3737.811808,N,12224.076139,W,7,,0.38,-29.18,M,0.0,M,0.0,0000*73
$GPRMC,173908.00,A,3737.811808,N,12224.076139,W,000.0,000.0,040920,,,A*42
$GPGGA,173909.00,3737.811609,N,12224.076296,W,7,,0.38,-29.05,M,0.0,M,0.0,0000*77
$GPRMC,173909.00,A,3737.811609,N,12224.076296,W,001.1,206.5,040920,,,A*4B
$GPGGA,173910.00,3737.811069,N,12224.076680,W,7,,0.38,-29.07,M,0.0,M,0.0,0000*7E
$GPRMC,173910.00,A,3737.811069,N,12224.076680,W,003.4,207.1,040920,,,A*42
$GPGGA,173911.00,3737.809899,N,12224.077477,W,7,,0.38,-29.03,M,0.0,M,0.0,0000*7E
$GPRMC,173911.00,A,3737.809899,N,12224.077477,W,006.0,208.1,040920,,,A*48
$GPGGA,173912.00,3737.808147,N,12224.078690,W,7,,0.38,-28.95,M,0.0,M,0.0,0000*7C
$GPRMC,173912.00,A,3737.808147,N,12224.078690,W,007.8,207.8,040920,,,A*4B
$GPGGA,173913.00,3737.806077,N,12224.080003,W,7,,0.38,-29.05,M,0.0,M,0.0,0000*72
$GPRMC,173913.00,A,3737.806077,N,12224.080003,W,008.3,207.0,040920,,,A*41
$GPGGA,173914.00,3737.804067,N,12224.081222,W,7,,0.38,-29.08,M,0.0,M,0.0,0000*7B
$GPRMC,173914.00,A,3737.804067,N,12224.081222,W,008.1,206.2,040920,,,A*44
$GPGGA,173915.00,3737.802214,N,12224.082343,W,7,,0.38,-29.08,M,0.0,M,0.0,0000*7F
$GPRMC,173915.00,A,3737.802214,N,12224.082343,W,006.0,205.0,040920,,,A*4E
$GPGGA,173916.00,3737.801200,N,12224.082902,W,7,,0.38,-29.19,M,0.0,M,0.0,0000*75
$GPRMC,173916.00,A,3737.801200,N,12224.082902,W,002.2,204.9,040920,,,A*4A
$GPGGA,173917.00,3737.800995,N,12224.082998,W,7,,0.38,-29.19,M,0.0,M,0.0,0000*71
$GPRMC,173917.00,A,3737.800995,N,12224.082998,W,000.4,204.9,040920,,,A*4A
$GPGGA,173918.00,3737.800984,N,12224.082986,W,7,,0.38,-29.21,M,0.0,M,0.0,0000*7A
$GPRMC,173918.00,A,3737.800984,N,12224.082986,W,000.0,000.0,040920,,,A*41
$GPGGA,173919.00,3737.800959,N,12224.083004,W,7,,0.38,-29.15,M,0.0,M,0.0,0000*7E
$GPRMC,173919.00,A,3737.800959,N,12224.083004,W,000.0,000.0,040920,,,A*42
$GPGGA,173920.00,3737.800959,N,12224.083004,W,7,,0.38,-29.15,M,0.0,M,0.0,0000*74
$GPRMC,173920.00,A,3737.800959,N,12224.083004,W,000.0,000.0,040920,,,A*48
$GPGGA,173921.00,3737.800959,N,12224.083004,W,7,,0.38,-29.15,M,0.0,M,0.0,0000*75
$GPRMC,173921.00,A,3737.800959,N,12224.083004,W,000.0,000.0,040920,,,A*49
$GPGGA,173922.00,3737.800959,N,12224.083004,W,7,,0.38,-29.16,M,0.0,M,0.0,0000*75
$GPRMC,173922.00,A,3737.800959,N,12224.083004,W,000.0,000.0,040920,,,A*4A
$GPGGA,173923.00,3737.800959,N,12224.083004,W,7,,0.38,-29.16,M,0.0,M,0.0,0000*74
$GPRMC,173923.00,A,3737.800959,N,12224.083004,W,000.0,000.0,040920,,,A*4B
$GPGGA,173924.00,3737.800959,N,12224.083004,W,7,,0.38,-29.15,M,0.0,M,0.0,0000*70
$GPRMC,173924.00,A,3737.800959,N,12224.083004,W,000.0,000.0,040920,,,A*4C
$GPGGA,173925.00,3737.800906,N,12224.083021,W,7,,0.38,-28.97,M,0.0,M,0.0,0000*77
$GPRMC,173925.00,A,3737.800906,N,12224.083021,W,000.0,000.0,040920,,,A*40
$GPGGA,173926.00,3737.800881,N,12224.082961,W,7,,0.38,-28.99,M,0.0,M,0.0,0000*78
$GPRMC,173926.00,A,3737.800881,N,12224.082961,W,000.0,000.0,040920,,,A*41
$GPGGA,173927.00,3737.800864,N,12224.083021,W,7,,0.38,-29.04,M,0.0,M,0.0,0000*7B
$GPRMC,173927.00,A,3737.800864,N,12224.083021,W,000.0,000.0,040920,,,A*47
$GPGGA,173928.00,3737.800864,N,12224.083021,W,7,,0.38,-29.04,M,0.0,M,0.0,0000*74
$GPRMC,173928.00,A,3737.800864,N,12224.083021,W,000.0,000.0,040920,,,A*48
$GPGGA,173929.00,3737.800864,N,12224.083021,W,7,,0.38,-29.05,M,0.0,M,0.0,0000*74
$GPRMC,173929.00,A,3737.800864,N,12224.083021,W,000.0,000.0,040920,,,A*49
$GPGGA,173930.00,3737.800864,N,12224.083021,W,7,,0.38,-29.04,M,0.0,M,0.0,0000*7D
$GPRMC,173930.00,A,3737.800864,N,12224.083021,W,000.0,000.0,040920,,,A*41
